# Blender 5.2.2 LTS
# www.blender.org
mtllib bluerose.mtl
o Plane.043
v 3.377951 68.253525 -1.014668
v 3.468170 67.853378 -1.236486
v 3.468170 67.853378 -1.236486
v 3.497361 67.770264 -1.315779
v 3.497361 67.770264 -1.315779
v 3.101159 69.042183 -0.761350
v 3.101159 69.042183 -0.761350
v 3.838550 66.790886 -1.626764
v 3.794641 66.901802 -1.640348
v 3.775106 66.947838 -1.632294
v 4.000098 66.387917 -1.807106
v 4.000098 66.387917 -1.807106
v 4.082870 66.383667 -1.823049
v 3.574275 67.741203 -1.359884
v 3.939051 67.081894 -1.573711
v 3.939051 67.081894 -1.573711
v 3.271184 68.946503 -0.877820
v 3.269163 68.946350 -0.873192
v 3.422511 69.533127 -0.521714
v 3.835680 67.912933 -1.210513
v 3.835680 67.912933 -1.210513
v 2.951125 70.326401 -0.293666
v 2.951125 70.326401 -0.293666
v 2.983208 69.624367 -0.599870
v 3.096797 69.064072 -0.801537
v 3.096797 69.064072 -0.801537
v 2.651535 70.717583 -0.137136
v 2.651535 70.717583 -0.137136
v 2.358747 72.476479 0.553392
v 2.358747 72.476479 0.553392
v 2.243139 72.613747 0.612877
v 2.243139 72.613747 0.612877
v 2.108727 74.390366 1.309444
v 2.108727 74.390366 1.309444
v 2.640403 72.020393 0.436109
v 2.640403 72.020393 0.436109
v 2.434801 73.825836 1.229920
v 3.073284 71.262985 0.266845
v 3.601287 70.333687 0.072441
v 2.934860 72.901543 1.122612
v 3.547432 71.769905 1.003115
v 2.932622 74.494499 2.046441
v 3.038909 75.869255 2.977925
v 3.579429 73.223862 2.101445
v 2.409578 75.530724 2.010730
v 2.536307 76.922089 2.763704
v 2.069458 76.168365 2.001995
v 2.069458 76.168365 2.001995
v 1.929595 76.370445 2.017229
v 1.929595 76.370445 2.017229
v 1.929595 76.370445 2.017229
v 2.214770 77.595398 2.653954
v 2.082917 77.820442 2.637727
v 2.082917 77.820442 2.637727
v 2.493616 78.476028 3.310935
v 2.387050 78.722107 3.285029
v 2.387050 78.722107 3.285029
v 2.885740 78.642021 4.025977
v 2.755367 77.819527 3.471177
v 3.198930 76.892136 3.841408
v 3.791444 75.693626 4.350182
v 3.325630 77.618416 4.498935
v 3.883278 76.546844 5.218676
v 3.312641 78.387276 4.933911
v 3.305058 78.386238 4.934406
v 3.901301 77.276138 5.924915
v 3.890908 77.274948 5.925166
v 4.574687 75.873932 6.906109
v 4.557617 75.865433 6.914399
v 5.318172 74.514809 7.735492
v 4.553349 75.185524 5.986573
v 5.289458 73.860985 6.658351
v 4.480801 74.315193 4.900460
v 4.381591 73.189415 3.564041
v 5.212343 73.025459 5.386065
v 5.099909 71.956688 3.831950
v 5.948803 72.070396 5.720296
v 5.787000 71.065948 4.021282
v 6.724517 71.451424 5.908448
v 6.131658 73.225441 7.815040
v 6.995415 72.566345 8.125368
v 6.118875 73.465340 8.299376
v 6.118875 73.465340 8.299376
v 7.010796 72.757584 8.591911
v 7.010796 72.757584 8.591911
v 7.976241 72.161560 8.197596
v 8.017391 72.327286 8.653275
v 8.017391 72.327286 8.653275
v 8.017391 72.327286 8.653275
v 9.112072 72.019440 8.213478
v 8.810711 71.381920 6.786038
v 7.591722 71.108841 5.978817
v 7.260549 70.220917 4.216191
v 8.175318 70.145447 4.267677
v 9.767628 71.009552 5.876069
v 9.767628 71.009552 5.876069
v 9.257187 70.219063 4.314047
v 9.257187 70.219063 4.314047
v 10.666403 70.714867 4.972304
v 10.147516 71.621193 7.147120
v 10.147516 71.621193 7.147120
v 11.328803 71.663673 6.850156
v 11.328803 71.663673 6.850156
v 10.379719 71.976532 7.942099
v 10.455901 72.065544 8.223024
v 10.455901 72.065544 8.223024
v 11.598366 71.988640 7.537043
v 11.598366 71.988640 7.537043
v 11.699549 72.069618 7.778495
v 11.699549 72.069618 7.778495
v 12.556171 71.951927 7.009135
v 12.556171 71.951927 7.009135
v 12.693512 72.023926 7.192600
v 12.693512 72.023926 7.192600
v 13.106472 71.777382 6.345727
v 13.106562 71.776741 6.346044
v 11.217012 70.189857 3.733807
v 13.156460 71.388390 5.498122
v 13.156919 71.385437 5.500073
v 13.351788 71.402161 5.559441
v 13.347849 71.410393 5.556384
v 12.746967 70.781921 4.477771
v 12.746967 70.781921 4.477771
v 12.930748 70.788925 4.522146
v 12.930748 70.788925 4.522146
v 11.936279 70.013321 3.334879
v 11.936279 70.013321 3.334879
v 12.103970 70.015030 3.391135
v 12.103970 70.015030 3.391135
v 10.826017 69.162674 2.162946
v 11.445234 69.922310 3.220352
v 11.445234 69.922310 3.220352
v 10.394781 69.073067 2.002552
v 10.394781 69.073067 2.002552
v 9.678335 69.536301 2.871183
v 9.678335 69.536301 2.871183
v 9.699415 68.898537 1.763830
v 9.699415 68.898537 1.763830
v 8.839359 68.683609 1.483906
v 8.839359 68.683609 1.483906
v 8.623061 68.089195 0.640143
v 8.623061 68.089195 0.640143
v 7.918822 67.898247 0.348025
v 7.918822 67.898247 0.348025
v 7.885090 67.474098 -0.103029
v 9.655289 68.386070 1.140214
v 9.654598 68.316513 1.131495
v 9.654598 68.316513 1.131495
v 8.245436 67.551186 0.092012
v 8.245436 67.551186 0.092012
v 8.313320 67.538269 0.151030
v 8.313320 67.538269 0.151030
v 7.034837 66.885361 -0.717100
v 7.105076 66.887535 -0.646028
v 7.105076 66.887535 -0.646028
v 6.266124 66.490814 -1.179214
v 6.651349 66.815598 -0.912349
v 6.651349 66.815598 -0.912349
v 6.201052 66.668571 -1.132767
v 6.201052 66.668571 -1.132767
v 5.981586 66.414505 -1.332281
v 5.596416 66.172104 -1.549009
v 5.418822 66.197182 -1.606275
v 5.600254 66.174019 -1.550366
v 5.600254 66.174019 -1.550366
v 5.470837 66.077789 -1.598474
v 5.067573 65.899925 -1.799202
v 5.192943 66.005249 -1.745382
v 5.192943 66.005249 -1.745382
v 5.059529 65.903229 -1.789047
v 5.059529 65.903229 -1.789047
v 4.854234 65.893272 -1.851663
v 4.823028 65.831192 -1.859412
v 4.823028 65.831192 -1.859412
v 4.936456 66.119308 -1.739493
v 5.423204 66.487473 -1.438313
v 6.441262 67.071831 -0.759794
v 6.441262 67.071831 -0.759794
v 5.423165 66.487694 -1.438855
v 5.931596 66.968399 -0.947822
v 5.934276 66.973450 -0.951395
v 5.138380 66.477448 -1.514117
v 5.138380 66.477448 -1.514117
v 4.900513 66.541840 -1.540940
v 4.900513 66.541840 -1.540940
v 4.507348 66.284149 -1.753329
v 4.564291 65.831039 -1.869244
v 4.564291 65.831039 -1.869244
v 4.564291 65.831039 -1.869244
v 4.382633 66.027382 -1.864473
v 4.456875 65.862747 -1.869610
v 4.456875 65.862747 -1.869610
v 4.354297 65.916992 -1.870640
v 4.354297 65.916992 -1.870640
v 4.676842 66.702393 -1.522173
v 4.676842 66.702393 -1.522173
v 5.074941 67.099358 -1.119662
v 4.434647 66.980621 -1.460668
v 4.434647 66.980621 -1.460668
v 4.361941 67.934212 -0.949667
v 4.150190 67.390152 -1.357984
v 4.150190 67.390152 -1.357984
v 4.156366 66.705620 -1.675724
v 4.156366 66.705620 -1.675724
v 4.142830 66.122780 -1.866581
v 4.142830 66.122780 -1.866581
v 4.178951 66.154175 -1.773976
v 4.252417 65.996704 -1.872594
v 4.252417 65.996704 -1.872594
v 4.374223 66.238342 -1.617653
v 4.465930 65.924408 -1.772450
v 4.727748 66.478233 -1.357263
v 4.997853 66.966545 -0.919266
v 4.214967 67.019913 -1.257953
v 4.266694 67.815758 -0.751945
v 3.966913 66.820374 -1.495958
v 3.600157 68.910500 -0.488997
v 4.037468 69.264404 0.069711
v 3.470458 70.222260 0.243650
v 4.573826 68.444763 -0.075044
v 4.063891 70.487411 1.062375
v 4.702229 69.479149 0.980934
v 3.399723 71.657982 1.161767
v 4.131085 71.788918 2.324063
v 3.418707 73.112495 2.247007
v 4.227279 73.064896 3.706069
v 4.834956 70.637543 2.393095
v 4.964701 71.817146 3.980503
v 5.477201 69.820732 2.449439
v 6.105748 69.323143 2.505925
v 5.672971 70.912560 4.173470
v 5.260249 68.775566 0.936786
v 5.787057 68.360947 0.943413
v 5.030860 67.878586 -0.162721
v 5.452138 67.551987 -0.181411
v 5.904286 67.418800 -0.123200
v 5.904286 67.418800 -0.123200
v 5.467373 66.814117 -0.869063
v 6.453933 67.432846 0.019827
v 6.453933 67.432846 0.019827
v 6.357656 68.180038 1.012831
v 6.357656 68.180038 1.012831
v 7.047046 68.177628 1.157053
v 6.793793 69.085037 2.579754
v 6.793793 69.085037 2.579754
v 7.190459 70.042763 4.367888
v 7.190459 70.042763 4.367888
v 7.725545 69.223839 3.008768
v 8.795164 69.351196 3.194670
v 9.984898 69.632439 3.498369
v 7.897495 68.299820 1.378388
v 8.820316 68.498192 1.640305
v 7.140103 67.549232 0.246287
v 6.396570 66.921967 -0.570236
v 6.396570 66.921967 -0.570236
v 8.321455 67.852852 0.691446
v 6.973084 67.068039 -0.341840
v 6.973084 67.068039 -0.341840
v 7.540824 67.156433 -0.214171
v 10.633068 68.968109 2.088767
v 10.130489 69.048218 2.359167
v 11.775490 70.755646 5.150117
v 11.981949 70.242989 4.003604
v 11.943357 69.932838 3.382578
v 12.755503 70.701958 4.520978
v 10.971581 69.164513 2.234979
v 10.971581 69.164513 2.234979
v 9.538239 68.247559 1.114272
v 8.238760 67.489288 0.153238
v 8.238760 67.489288 0.153238
v 7.095563 66.872154 -0.607784
v 6.210417 66.426788 -1.112960
v 6.164332 66.543770 -0.965926
v 6.164332 66.543770 -0.965926
v 4.916051 65.883324 -1.742545
v 5.292373 65.998505 -1.626954
v 6.136019 66.395981 -1.231668
v 6.136019 66.395981 -1.231668
v 5.224829 66.079277 -1.509683
v 5.224829 66.079277 -1.509683
v 4.750651 65.862541 -1.772278
v 4.750651 65.862541 -1.772278
v 4.983801 66.044121 -1.570328
v 4.983801 66.044121 -1.570328
v 4.680689 65.818939 -1.869286
v 4.680689 65.818939 -1.869286
v 4.614473 65.872620 -1.780449
v 4.614473 65.872620 -1.780449
v 5.194045 66.351227 -1.304668
v 5.879902 66.829010 -0.754780
v 5.879902 66.829010 -0.754780
v 5.735944 66.428841 -1.134026
v 5.735944 66.428841 -1.134026
v 12.549881 71.487022 6.290463
v 13.283445 71.821266 6.458183
v 13.279678 71.828903 6.454403
v 12.559572 71.877884 7.047492
v 11.597715 71.908516 7.580047
v 11.241539 71.446365 6.818771
v 10.077194 71.431847 7.160006
v 9.054882 71.877541 8.162859
v 7.528269 70.942642 6.104939
v 7.528269 70.942642 6.104939
v 6.407979 70.454636 4.481782
v 7.925375 72.065048 8.252928
v 7.942925 72.115768 8.340609
v 6.944205 72.519920 8.250954
v 9.169392 72.118240 8.519655
v 9.169392 72.118240 8.519655
v 10.372066 71.895401 7.988165
v 6.068700 73.206848 7.971032
v 5.281449 74.189827 7.440873
v 5.310903 74.506783 7.739486
v 3.843561 77.051781 5.787079
v 4.436679 75.097694 6.074900
v 3.760938 76.471458 5.301225
v 4.335293 74.202606 5.019951
v 3.637568 75.596863 4.460958
v 5.084227 72.898270 5.510291
v 5.841196 71.929268 5.847044
v 3.509049 74.462494 3.391662
v 3.052167 76.813225 3.937438
v 2.880025 75.781921 3.090052
v 3.209298 77.556084 4.571822
v 2.636360 77.761993 3.544281
v 2.883934 78.552116 4.189179
v 2.407059 76.859406 2.847624
v 2.426737 78.445396 3.350700
v 2.142389 77.562576 2.698951
v 2.803902 78.932594 4.034170
v 2.803902 78.932594 4.034170
v 1.997242 76.134041 2.051566
v 2.281190 75.465263 2.103403
v 2.041397 74.354927 1.363642
v 2.315427 73.758614 1.331176
v 1.975044 74.566124 1.355208
v 1.975044 74.566124 1.355208
v 2.298867 72.439911 0.612821
v 2.686609 70.604187 -0.125989
v 2.686609 70.604187 -0.125989
v 2.534339 71.951546 0.546774
v 2.921072 70.041527 -0.259641
v 2.944894 71.169418 0.414292
v 2.790107 72.809013 1.258302
v 2.776112 74.403526 2.170773
v 4.158345 69.388557 -0.115619
v 4.200277 70.614182 0.889431
v 4.980341 68.139931 -0.359331
v 4.821160 69.617638 0.799560
v 5.531920 67.699509 -0.380800
v 5.362225 68.923912 0.750532
v 5.873148 68.518112 0.755493
v 5.587739 69.974625 2.278165
v 6.196910 69.488190 2.333192
v 4.965177 70.779228 2.226338
v 4.280297 71.916779 2.165190
v 6.485828 70.507553 4.141710
v 6.865432 69.260620 2.408751
v 7.666043 69.232597 2.522171
v 6.427993 68.345749 0.826614
v 7.100818 68.352310 0.976068
v 5.972089 67.572815 -0.321117
v 6.691199 67.602669 -0.130862
v 7.933522 68.483215 1.206684
v 8.636963 69.344597 2.683193
v 8.636963 69.344597 2.683193
v 7.007431 67.218468 -0.517718
v 7.007431 67.218468 -0.517718
v 3.673832 74.569977 3.260985
v 7.616140 66.239502 -0.516428
v 3.632557 67.352196 -4.454636
v 17.017181 69.798126 -2.706002
v 7.953544 74.299019 -13.270233
v 5.812106 65.974945 -2.183748
v 5.812106 65.974945 -2.183748
v 4.789654 66.381973 -3.340693
v 11.526483 70.956253 -11.472662
v 15.563362 68.495117 -8.050646
v 13.142967 68.628464 -0.758532
v 3.384022 72.366501 -10.255007
v 11.059229 67.911835 -4.423671
v 8.239082 69.277992 -7.565158
v 7.394188 66.324432 -0.718551
v 3.436897 68.044266 -5.094730
v 17.042038 69.951141 -2.566306
v 5.505112 66.127625 -2.340308
v 4.899172 66.394447 -3.057824
v 11.562972 71.102325 -11.385284
v 15.513117 68.611526 -8.021585
v 13.094265 68.796799 -0.763875
v 3.422467 72.545792 -10.259971
v 11.026728 68.162979 -4.372722
v 8.264565 69.501602 -7.432737
v 11.414804 67.882812 -0.768709
v 9.782707 67.179817 -0.640419
v 4.370957 66.638908 -3.680715
v 4.639685 73.238838 -11.418640
v 5.638412 74.049316 -12.422094
v 6.670228 74.491898 -13.072374
v 16.247709 68.684540 -6.610744
v 16.756479 69.080284 -5.119981
v 16.576014 69.393318 -3.487571
v 6.669334 65.904808 -0.829623
v 7.357945 66.351662 -1.699591
v 5.770729 65.702034 -1.327391
v 5.523861 66.024940 -2.533151
v 5.523861 66.024940 -2.533151
v 5.348024 66.128220 -2.840571
v 5.049510 66.216476 -3.070898
v 9.274904 73.249443 -12.809330
v 10.409769 72.125481 -12.200359
v 12.563227 69.934082 -10.703340
v 13.512003 69.141212 -9.857085
v 14.378277 68.632393 -8.870495
v 14.762304 68.671844 -9.275286
v 12.384136 68.201057 -5.294681
v 13.704590 68.373962 -6.312475
v 9.227512 69.888664 -8.758945
v 10.141062 70.357498 -9.851244
v 10.925470 70.706139 -10.777374
v 15.674831 69.532059 -1.575422
v 14.554867 69.171486 -1.093196
v 3.422005 68.844696 -6.252031
v 3.070480 70.992867 -8.677719
v 6.847469 66.398918 -2.544332
v 8.160130 66.926987 -3.038805
v 9.610559 67.463257 -3.665731
v 6.897027 68.264153 -5.935147
v 9.139208 68.693916 -6.836874
v 9.861978 68.267838 -6.097436
v 10.478336 68.005302 -5.306487
v 10.478336 68.005302 -5.306487
v 11.655224 67.981880 -3.433508
v 12.235386 68.165413 -2.420006
v 12.748405 68.401321 -1.492053
v 4.791215 71.518219 -9.636261
v 5.675742 70.534248 -8.666714
v 7.128658 69.999535 -8.305962
v 11.487234 68.115257 -0.569474
v 9.889032 67.406837 -0.504178
v 8.473404 66.794159 -0.603168
v 4.385026 66.760582 -3.558580
v 4.203819 73.737160 -11.615564
v 5.312484 74.620796 -12.676847
v 6.396310 75.022339 -13.285963
v 16.191797 68.800606 -6.597986
v 16.713358 69.193802 -5.126572
v 17.019760 69.622169 -3.755965
v 6.263325 66.094139 -1.503646
v 5.689509 66.493744 -2.976125
v 8.247229 74.242271 -13.113674
v 9.313517 73.379921 -12.708307
v 10.448992 72.265182 -12.102701
v 12.594063 70.086731 -10.629932
v 13.869589 69.312485 -10.210013
v 14.735855 68.785751 -9.224468
v 12.362179 68.452271 -5.250512
v 13.521683 68.598969 -6.156777
v 14.469292 68.644829 -6.992150
v 9.262920 70.109932 -8.627899
v 10.183157 70.569443 -9.725376
v 10.968700 70.895210 -10.664673
v 16.658594 70.025444 -1.741697
v 15.635752 69.694099 -1.591143
v 14.510284 69.339508 -1.105241
v 3.702145 69.092781 -6.297580
v 3.096785 71.299728 -8.841122
v 6.556913 66.631050 -2.793310
v 8.112865 67.163658 -2.974707
v 9.568919 67.711098 -3.607108
v 5.876068 67.580826 -4.551391
v 7.247252 68.748695 -6.205742
v 9.152824 68.925598 -6.722342
v 9.861040 68.507378 -6.003294
v 10.461559 68.251610 -5.233964
v 11.608786 68.234024 -3.402745
v 12.179573 68.408760 -2.406456
v 12.690823 68.619057 -1.491088
v 4.826360 71.694710 -9.495302
v 5.963801 70.979408 -8.865796
v 7.162072 70.214607 -8.160075
v 7.341645 66.152473 -0.485153
v 7.341645 66.152473 -0.485153
v 7.912261 66.448441 -0.422501
v 3.527479 67.453011 -4.483243
v 3.527479 67.453011 -4.483243
v 17.189304 69.993118 -2.468646
v 17.189304 69.993118 -2.468646
v 7.449900 74.948097 -13.605799
v 7.464457 75.145912 -13.699669
v 7.462204 75.137726 -13.706339
v 4.950053 65.672775 -1.876077
v 4.949721 65.676109 -1.875101
v 4.951989 65.685860 -1.867986
v 4.997619 65.838783 -2.087790
v 4.489111 65.950256 -2.704619
v 4.262582 65.932831 -2.624245
v 4.262582 65.932831 -2.624245
v 4.322069 66.139687 -2.826583
v 11.898458 71.124771 -11.883889
v 12.030230 71.209732 -12.003679
v 12.030230 71.209732 -12.003679
v 11.919250 71.204483 -11.836117
v 15.730818 68.549835 -8.210772
v 15.730818 68.549835 -8.210772
v 14.375118 69.223335 -0.450716
v 13.444456 68.883194 -0.162501
v 13.444456 68.883194 -0.162501
v 13.349110 68.886490 -0.314502
v 3.138297 72.673264 -10.445267
v 3.138297 72.673264 -10.445267
v 8.039755 70.753380 -9.543974
v 6.773748 71.672905 -10.288492
v 5.587181 72.536583 -10.932222
v 8.947250 71.348587 -10.636997
v 7.699807 72.373642 -11.363110
v 6.543455 73.303421 -11.968487
v 9.765834 71.799339 -11.537209
v 8.577291 72.883133 -12.205433
v 7.484719 73.797218 -12.712017
v 14.156897 68.872787 -1.935689
v 13.633671 68.556526 -3.002052
v 13.027351 68.304489 -4.164906
v 15.306053 69.180977 -2.489258
v 14.813747 68.803627 -3.659299
v 14.208551 68.491379 -4.946631
v 15.742062 68.941856 -4.305325
v 15.165833 68.588547 -5.682184
v 11.733120 68.314308 -6.290604
v 11.733120 68.314308 -6.290604
v 11.030973 68.644478 -7.169304
v 10.216253 69.174835 -7.976759
v 12.823456 68.490723 -7.278344
v 12.823456 68.490723 -7.278344
v 12.050678 68.889252 -8.214108
v 11.171173 69.521584 -9.054319
v 13.716217 68.581192 -8.171160
v 13.716217 68.581192 -8.171160
v 12.888536 69.041664 -9.140489
v 11.966116 69.764534 -9.989774
v 6.500093 66.455154 -3.005272
v 6.500093 66.455154 -3.005272
v 7.738750 66.992195 -3.637812
v 7.738750 66.992195 -3.637812
v 7.323076 67.142189 -4.169485
v 6.854919 67.382141 -4.666876
v 9.108581 67.540695 -4.411355
v 9.108581 67.540695 -4.411355
v 8.590834 67.742493 -5.081304
v 7.988488 68.070213 -5.711650
v 8.811069 66.945961 -2.043324
v 10.681416 67.623741 -1.974219
v 10.145463 67.502182 -2.829743
v 4.578255 68.083237 -5.511004
v 3.913844 68.575905 -6.023331
v 6.022253 68.789398 -6.547611
v 4.283311 70.320602 -8.156686
v 8.081985 70.965721 -9.398716
v 8.994884 71.551651 -10.496890
v 9.813211 71.980286 -11.411428
v 6.817971 71.871407 -10.138260
v 7.748204 72.563316 -11.217999
v 8.624505 73.052109 -12.075190
v 5.628139 72.710495 -10.791303
v 6.587411 73.469589 -11.832451
v 7.527092 73.945587 -12.590111
v 14.105406 69.090332 -1.943017
v 15.261990 69.390968 -2.501758
v 16.117195 69.529503 -3.098531
v 13.585762 68.799881 -2.997118
v 14.774654 69.038750 -3.660501
v 15.712570 69.152969 -4.309783
v 12.990351 68.556786 -4.142132
v 14.181360 68.735260 -4.930236
v 15.147907 68.807625 -5.670879
v 11.727444 68.560265 -6.223425
v 12.827772 68.728058 -7.217043
v 13.727381 68.794113 -8.118237
v 11.041171 68.883003 -7.079025
v 12.070049 69.118896 -8.129405
v 12.912857 69.247314 -9.065859
v 10.240587 69.404793 -7.864716
v 11.203513 69.742386 -8.947604
v 12.001402 69.961868 -9.894758
v 7.704664 67.225128 -3.556448
v 9.081646 67.784210 -4.333070
v 7.302698 67.370018 -4.071014
v 8.579027 67.980019 -4.983404
v 5.826491 66.928543 -3.660831
v 6.847721 67.604019 -4.552288
v 7.990937 68.300766 -5.595248
v 9.523556 67.337906 -0.999305
v 11.102734 68.002251 -1.180416
v 7.358967 66.590889 -1.687753
v 8.709127 67.167374 -1.994118
v 10.619108 67.863945 -1.950564
v 10.091120 67.750923 -2.789733
v 5.230782 67.900383 -4.947510
v 6.312284 69.312027 -6.837877
v 4.535229 68.268661 -5.361935
v 4.888619 70.069824 -7.582307
v 8.644329 66.670181 -0.324646
v 10.729170 67.603844 -0.172625
v 8.617073 66.684700 -0.245839
v 8.617073 66.684700 -0.245839
v 10.147707 67.374992 -0.101490
v 10.147707 67.374992 -0.101490
v 11.815792 68.144142 -0.066977
v 11.815792 68.144142 -0.066977
v 10.085445 67.411667 -0.201111
v 11.726767 68.162209 -0.192975
v 3.946425 66.544548 -3.487361
v 4.228213 66.165314 -3.020324
v 3.789414 66.734566 -3.640817
v 3.789414 66.734566 -3.640817
v 3.985712 66.298050 -3.115692
v 3.985712 66.298050 -3.115692
v 4.136010 66.059181 -2.809460
v 4.136010 66.059181 -2.809460
v 3.889111 66.744530 -3.591084
v 6.190662 75.174339 -13.433258
v 5.113360 74.540306 -12.700150
v 4.063457 73.691193 -11.701797
v 6.192646 75.179337 -13.423628
v 4.955396 74.735039 -12.777792
v 4.955396 74.735039 -12.777792
v 3.879034 73.868637 -11.774273
v 3.879034 73.868637 -11.774273
v 17.244522 69.645264 -3.716014
v 17.238590 69.653297 -3.718689
v 16.967184 69.185127 -5.186372
v 16.967184 69.185127 -5.186372
v 16.437630 68.753105 -6.745296
v 16.437630 68.753105 -6.745296
v 5.268661 65.652740 -1.539634
v 5.268661 65.652740 -1.539634
v 5.728379 65.680923 -1.166395
v 5.728379 65.680923 -1.166395
v 6.394410 65.829033 -0.802377
v 6.394410 65.829033 -0.802377
v 6.313210 65.893509 -0.950260
v 4.792901 65.810844 -2.377681
v 4.387711 65.846764 -2.473774
v 4.387711 65.846764 -2.473774
v 4.531086 65.781242 -2.317652
v 4.552085 65.771553 -2.295605
v 4.711748 65.729630 -2.126949
v 4.636994 65.947342 -2.486633
v 10.807894 72.342621 -12.590578
v 9.688490 73.512878 -13.172428
v 8.570059 74.429283 -13.532598
v 10.947769 72.443893 -12.701975
v 10.947769 72.443893 -12.701975
v 9.825878 73.637329 -13.278811
v 9.825878 73.637329 -13.278811
v 8.671507 74.587036 -13.638594
v 8.671507 74.587036 -13.638594
v 10.830040 72.418831 -12.537148
v 9.710163 73.584053 -13.117189
v 8.589565 74.493019 -13.480207
v 14.781734 68.681908 -9.294497
v 13.893587 69.219574 -10.288189
v 12.930552 70.054352 -11.129092
v 14.919561 68.731087 -9.428077
v 14.919561 68.731087 -9.428077
v 14.919561 68.731087 -9.428077
v 14.026037 69.277176 -10.420666
v 14.026037 69.277176 -10.420666
v 13.059755 70.124573 -11.256535
v 13.059755 70.124573 -11.256535
v 12.948404 70.137703 -11.089027
v 16.520674 69.950500 -1.435263
v 14.863815 69.487534 -0.412342
v 14.863815 69.487534 -0.412342
v 15.991045 69.899620 -0.851766
v 15.991045 69.899620 -0.851766
v 16.773136 70.077332 -1.520942
v 16.773136 70.077332 -1.520942
v 14.767401 69.475098 -0.587945
v 15.889694 69.870132 -1.037278
v 3.051591 69.726921 -7.191543
v 3.271804 68.483780 -5.749674
v 2.860530 71.264252 -8.860210
v 2.860530 71.264252 -8.860210
v 2.937371 69.816353 -7.210759
v 2.937371 69.816353 -7.210759
v 3.206750 68.505501 -5.703587
v 3.206750 68.505501 -5.703587
v 3.061859 69.798279 -7.132927
v 3.866249 69.784233 -3.944718
v 4.873319 69.744545 -1.418938
v 4.968321 78.901192 -4.022489
v 6.197719 78.081047 0.525159
v 3.675979 69.065521 -3.231574
v 4.092093 69.142761 -2.186147
v 3.692394 78.846916 -0.516846
v 3.192379 78.892746 -2.214963
v 3.908941 74.888031 -4.438200
v 5.715631 73.578346 -0.705481
v 3.128997 74.432289 -3.224059
v 3.638310 75.152733 -1.447187
v 4.023190 69.690300 -3.949568
v 4.870180 69.836075 -1.577304
v 5.346387 79.104851 -4.090314
v 6.230503 78.134239 0.443227
v 3.880113 68.920761 -3.225991
v 4.239566 69.067085 -2.316168
v 3.812765 78.875885 -0.560256
v 3.311133 78.881706 -2.209235
v 4.130792 74.946449 -4.401426
v 5.802639 73.707390 -0.787107
v 3.367814 74.440681 -3.192653
v 3.824608 75.274162 -1.584002
v 3.770613 73.348396 -4.365884
v 3.756598 71.869255 -4.234156
v 3.808100 70.616486 -4.078010
v 4.295557 69.326981 -1.923106
v 4.507939 69.532745 -1.694091
v 4.722634 69.297516 -1.561659
v 5.784153 75.172096 -0.342524
v 3.689326 79.070488 -2.713347
v 4.298000 79.239113 -3.224535
v 3.883580 68.588669 -3.608635
v 3.689373 69.321388 -3.492230
v 3.866704 67.995880 -2.968426
v 3.755472 68.663300 -2.971406
v 3.792250 68.886566 -2.733363
v 3.914919 68.984062 -2.468805
v 5.776277 78.529243 0.477108
v 5.042845 78.351089 0.121729
v 4.304687 78.395515 -0.242434
v 3.206126 78.806496 -0.914389
v 2.948511 78.805733 -1.305065
v 2.935600 78.444092 -1.417443
v 2.907140 78.251442 -1.931442
v 3.077411 75.806259 -3.048065
v 3.078442 76.964241 -2.810315
v 3.114750 77.887886 -2.560260
v 3.634847 77.579353 -0.860504
v 4.828089 78.371674 -4.189599
v 4.548270 77.487343 -4.339049
v 4.199809 76.296425 -4.426763
v 5.194730 72.088791 -1.080399
v 3.298255 72.244942 -3.322330
v 3.807724 72.055214 -1.910670
v 3.295087 75.186523 -1.827984
v 3.149413 74.480637 -2.353270
v 3.149413 74.480637 -2.353270
v 3.119427 73.940941 -2.845824
v 3.288354 74.516060 -3.631131
v 3.516939 74.660744 -3.991642
v 5.047347 73.454437 -0.946707
v 4.599909 74.093109 -1.029227
v 4.109433 74.980499 -1.136606
v 3.947284 73.298088 -4.287033
v 3.970709 71.929619 -4.294836
v 3.994819 70.683716 -4.126529
v 4.428342 69.297783 -2.063021
v 4.626302 69.547005 -1.834280
v 6.069034 74.985970 -0.430984
v 6.284082 76.260582 -0.043718
v 6.354729 77.348503 0.272193
v 3.959305 78.711311 -2.966688
v 3.923163 68.990631 -3.499068
v 3.969867 68.109055 -2.985680
v 3.976434 68.012535 -2.985069
v 3.954066 69.019852 -2.789313
v 4.074135 69.002045 -2.561933
v 4.544270 78.519562 -0.276705
v 3.310167 78.822830 -0.953650
v 3.039934 78.817581 -1.336011
v 3.080483 78.460648 -1.466423
v 3.072037 78.460732 -1.880023
v 3.313359 75.808510 -3.015590
v 3.307250 77.376518 -2.680327
v 3.802012 77.520309 -1.033247
v 4.977294 78.217018 -4.166790
v 4.718718 77.323151 -4.307975
v 4.455787 76.362602 -4.399923
v 4.893809 70.717377 -1.549773
v 5.180308 72.246712 -1.276094
v 3.513252 72.513916 -3.281435
v 4.003496 72.161491 -2.040020
v 3.498319 75.288452 -1.928389
v 3.374928 74.510750 -2.415087
v 3.374928 74.510750 -2.415087
v 3.314560 74.454330 -2.804585
v 3.314560 74.454330 -2.804585
v 3.521978 74.512451 -3.559872
v 3.734156 74.646797 -3.892202
v 3.953908 74.804535 -4.176952
v 4.815161 74.828636 -1.067477
v 4.282558 75.109810 -1.298835
v 3.950804 69.685265 -3.984282
v 3.950804 69.685265 -3.984282
v 4.003927 69.576271 -3.969447
v 4.003927 69.576271 -3.969447
v 4.003927 69.576271 -3.969447
v 4.017188 69.689362 -3.950872
v 4.914940 69.648270 -1.440211
v 4.914940 69.648270 -1.440211
v 4.926579 69.727600 -1.483476
v 4.926579 69.727600 -1.483476
v 5.430313 79.240700 -4.155205
v 5.433541 79.236732 -4.148482
v 6.339790 78.239052 0.574672
v 6.339790 78.239052 0.574672
v 3.851032 68.032639 -3.175292
v 3.924346 67.805122 -3.164102
v 3.924346 67.805122 -3.164102
v 3.941352 68.044403 -3.174711
v 4.109921 68.088165 -2.458691
v 4.262621 67.981781 -2.354040
v 4.262621 67.981781 -2.354040
v 4.081068 67.946709 -2.698104
v 3.770652 79.033203 -0.476742
v 3.770652 79.033203 -0.476742
v 3.275340 79.094757 -2.165085
v 3.275340 79.094757 -2.165085
v 4.148927 75.051758 -4.609354
v 4.227999 75.075348 -4.625618
v 4.227999 75.075348 -4.625618
v 4.223592 75.039505 -4.553787
v 5.850218 73.470665 -0.739319
v 5.850218 73.470665 -0.739319
v 4.755881 75.820473 -0.612893
v 5.326502 75.524025 -0.429749
v 3.655144 76.065697 -3.906686
v 3.321784 75.906075 -3.497504
v 3.661412 77.583488 -3.413209
v 3.418835 77.090408 -3.295552
v 4.074019 78.213806 -3.560123
v 2.938338 76.502655 -2.441480
v 3.039177 75.830040 -2.126394
v 3.039177 75.830040 -2.126394
v 2.971210 76.943314 -1.867517
v 2.971210 76.943314 -1.867517
v 3.191708 77.556343 -1.273666
v 2.938892 77.816116 -1.617561
v 2.938892 77.816116 -1.617561
v 3.589905 69.823212 -2.977969
v 3.589905 69.823212 -2.977969
v 3.405778 71.287994 -2.967231
v 3.405778 71.287994 -2.967231
v 3.483861 71.323891 -2.623458
v 3.483861 71.323891 -2.623458
v 3.528989 72.387482 -2.201547
v 3.303626 72.928596 -2.516739
v 3.303626 72.928596 -2.516739
v 3.677576 70.206108 -3.778550
v 3.490814 71.490593 -3.743146
v 3.494129 73.116028 -3.979577
v 3.341601 72.970909 -3.663620
v 4.741054 70.591751 -1.418559
v 4.125685 71.969460 -1.643394
v 4.474662 71.992950 -1.410537
v 4.396717 77.440750 -0.685940
v 5.057287 77.244156 -0.394296
v 4.192505 76.210869 -4.137177
v 3.777673 76.388306 -3.608037
v 3.881126 77.557281 -3.336952
v 3.552493 75.894325 -3.424494
v 3.168184 76.499031 -2.462060
v 3.260349 75.858353 -2.189779
v 3.260349 75.858353 -2.189779
v 3.182028 76.969154 -1.931683
v 3.182028 76.969154 -1.931683
v 3.126545 77.838234 -1.678123
v 3.126545 77.838234 -1.678123
v 3.380881 77.479446 -1.413977
v 3.799328 69.849571 -3.002111
v 3.799328 69.849571 -3.002111
v 3.636872 71.314514 -2.988927
v 3.636872 71.314514 -2.988927
v 3.464430 72.907082 -2.930727
v 3.464430 72.907082 -2.930727
v 3.635234 71.982277 -2.659792
v 3.773846 72.137383 -2.331146
v 3.837986 71.618759 -3.952709
v 3.599492 73.153664 -3.681678
v 3.687208 71.423401 -3.563785
v 4.306411 72.108269 -1.794271
v 4.644379 72.051765 -1.583471
v 3.915246 70.700035 -4.173026
v 3.915246 70.700035 -4.173026
v 3.890418 72.003693 -4.354634
v 3.890418 72.003693 -4.354634
v 3.944963 73.506142 -4.508835
v 3.944963 73.506142 -4.508835
v 3.969018 70.664963 -4.171123
v 3.969018 70.664963 -4.171123
v 3.948986 72.012497 -4.360072
v 3.948986 72.012497 -4.360072
v 4.011496 73.529388 -4.519405
v 4.011496 73.529388 -4.519405
v 4.011496 73.529388 -4.519405
v 4.011496 73.529388 -4.519405
v 3.984541 70.701675 -4.132051
v 3.964796 72.001923 -4.305789
v 4.020741 73.499390 -4.455360
v 4.020741 73.499390 -4.455360
v 4.020741 73.499390 -4.455360
v 4.472076 68.648003 -1.890560
v 4.737512 69.076782 -1.624278
v 4.737512 69.076782 -1.624278
v 4.737512 69.076782 -1.624278
v 4.569089 68.616768 -1.851571
v 4.569089 68.616768 -1.851571
v 4.409688 68.252411 -2.104013
v 4.409688 68.252411 -2.104013
v 4.762074 69.214340 -1.653318
v 4.762074 69.214340 -1.653318
v 4.549206 68.693787 -1.934470
v 6.390510 77.119614 0.335220
v 6.043289 74.859085 -0.344426
v 6.495148 77.347366 0.397883
v 6.495148 77.347366 0.397883
v 6.406958 76.172218 0.058265
v 6.406958 76.172218 0.058265
v 6.159256 74.825829 -0.356648
v 6.159256 74.825829 -0.356648
v 5.103182 79.482079 -3.750759
v 5.111938 79.476318 -3.740062
v 4.522802 79.456161 -3.248588
v 4.522802 79.456161 -3.248588
v 3.844693 79.286804 -2.701041
v 3.854515 79.287521 -2.697850
v 3.866726 68.199905 -3.386775
v 3.999281 68.815277 -3.780284
v 3.936897 67.977715 -3.362749
v 3.936897 67.977715 -3.362749
v 3.971656 68.288483 -3.565422
v 3.971656 68.288483 -3.565422
v 4.002013 68.798920 -3.767349
v 4.002013 68.798920 -3.767349
v 3.965779 68.283585 -3.443289
v 4.016747 68.982910 -3.765310
v 4.016747 68.982910 -3.765310
v 3.954501 67.954773 -2.761690
v 3.880872 67.953407 -2.968806
v 4.132720 67.805443 -2.578477
v 4.132720 67.805443 -2.578477
v 4.027544 67.720070 -2.781205
v 4.027544 67.720070 -2.781205
v 3.955338 67.721390 -2.972866
v 3.955338 67.721390 -2.972866
v 3.955338 67.721390 -2.972866
v 3.955338 67.721390 -2.972866
v 4.429130 78.927193 -0.077926
v 5.172196 78.866295 0.275640
v 4.473094 79.079712 -0.065286
v 4.473094 79.079712 -0.065286
v 5.230513 79.028557 0.295709
v 5.230513 79.028557 0.295709
v 5.892145 78.779495 0.529361
v 5.892145 78.779495 0.529361
v 4.934256 78.928497 0.076849
v 5.851759 78.643135 0.427807
v 2.977228 78.985947 -1.691709
v 2.954716 78.823509 -1.300783
v 2.997591 78.987564 -1.692921
v 2.985947 78.983459 -1.692592
v 2.989635 78.953140 -1.271990
v 2.989635 78.953140 -1.271990
v 2.989635 78.953140 -1.271990
v 2.989635 78.953140 -1.271990
v 3.260004 78.978249 -0.875849
v 3.260004 78.978249 -0.875849
v 3.029972 78.855804 -1.741311
v 3.033758 78.832390 -1.328167
v 4.531418 76.482597 -4.631979
v 4.955675 77.688210 -4.564601
v 5.253694 78.582329 -4.400379
v 4.628675 76.507851 -4.655634
v 4.628675 76.507851 -4.655634
v 5.074817 77.726295 -4.594701
v 5.074817 77.726295 -4.594701
v 5.392217 78.650085 -4.430044
v 5.392217 78.650085 -4.430044
v 4.604363 76.465805 -4.575843
v 5.221172 78.246925 -4.426464
v 5.441819 72.156616 -1.011442
v 5.096791 70.317650 -1.301682
v 5.564296 72.254158 -1.004447
v 5.564296 72.254158 -1.004447
v 5.316911 71.213417 -1.175695
v 5.316911 71.213417 -1.175695
v 5.104294 70.351837 -1.303966
v 5.104294 70.351837 -1.303966
v 5.495156 72.105339 -1.091374
v 5.097254 70.391220 -1.360408
v 5.097254 70.391220 -1.360408
v 5.157284 71.613571 -4.335087
v 5.157284 71.613571 -4.335087
v 9.142269 76.999611 -3.312196
v 5.833225 71.475594 -4.199667
v 10.205711 77.689018 -3.019946
v 6.286968 70.588562 -3.770371
v 10.108112 77.339081 -3.012136
v 7.052869 70.937668 -3.121197
v 9.846415 76.793167 -2.834630
v 7.228460 70.860970 -2.635094
v 10.047127 77.549866 -2.283665
v 10.047127 77.549866 -2.283665
v 7.147420 70.208168 -1.602310
v 7.393881 70.845818 -1.583151
v 10.254673 77.924767 -2.091000
v 7.157649 70.878052 -0.960598
v 10.148392 77.399277 -1.731474
v 10.148392 77.399277 -1.731474
v 10.148392 77.399277 -1.731474
v 6.669322 70.940933 -0.551704
v 9.587702 76.675743 -1.452834
v 9.587702 76.675743 -1.452834
v 6.066612 71.152443 -0.405067
v 6.066612 71.152443 -0.405067
v 9.148037 76.842987 -1.350041
v 9.148037 76.842987 -1.350041
v 5.150742 70.889038 -0.557901
v 9.299814 77.548965 -1.514075
v 9.691511 77.875641 -1.692397
v 4.457834 71.165092 -0.982564
v 9.005917 77.639290 -1.681176
v 9.005917 77.639290 -1.681176
v 4.116565 71.911964 -1.629532
v 8.265350 77.135651 -1.853565
v 8.265350 77.135651 -1.853565
v 3.921436 71.393951 -2.372372
v 3.993615 71.982872 -2.376252
v 7.997842 77.228226 -2.486547
v 7.997842 77.228226 -2.486547
v 4.075998 71.362144 -3.126881
v 8.692595 77.750427 -2.746547
v 4.300716 71.274345 -3.769423
v 9.413198 77.987862 -2.859724
v 4.578434 71.166122 -4.175132
v 8.635258 77.204086 -3.199537
v 6.470422 75.040581 -4.416304
v 6.470422 75.040581 -4.416304
v 7.744482 74.994934 -4.218424
v 7.744482 74.994934 -4.218424
v 8.437464 74.818695 -3.798076
v 8.552258 74.442436 -3.147441
v 8.813504 74.469307 -2.351601
v 8.813504 74.469307 -2.351601
v 9.056004 74.694786 -1.579918
v 9.056004 74.694786 -1.579918
v 8.726292 74.652611 -0.957145
v 8.047360 74.437782 -0.472954
v 7.564419 74.572823 -0.323228
v 6.962557 75.177216 -0.512362
v 6.156195 75.452965 -0.926676
v 5.163026 75.415672 -1.594348
v 4.703468 75.562111 -2.375761
v 5.299428 75.745834 -3.170265
v 5.299428 75.745834 -3.170265
v 5.637494 75.645012 -3.792456
v 5.713902 75.270836 -4.262433
v 5.713902 75.270836 -4.262433
v 5.145369 71.604225 -4.427051
v 5.145369 71.604225 -4.427051
v 9.004131 76.930168 -3.441021
v 9.004131 76.930168 -3.441021
v 5.853335 71.450531 -4.286770
v 9.877846 77.398796 -3.273421
v 9.877846 77.398796 -3.273421
v 6.633009 71.143883 -3.839273
v 10.173542 77.297546 -3.066405
v 7.125308 70.864777 -3.157991
v 9.857096 76.670815 -2.866493
v 9.857096 76.670815 -2.866493
v 7.472476 70.815300 -2.053016
v 10.195919 77.677643 -2.273711
v 7.470012 70.774818 -1.568344
v 7.470012 70.774818 -1.568344
v 10.308260 77.736725 -2.079061
v 7.215967 70.828735 -0.900585
v 10.212200 77.382568 -1.685666
v 10.212200 77.382568 -1.685666
v 10.212200 77.382568 -1.685666
v 6.704707 70.902206 -0.468903
v 9.610041 76.693672 -1.402766
v 6.071641 71.136803 -0.312566
v 6.071641 71.136803 -0.312566
v 9.265589 77.133423 -1.349490
v 5.327494 71.523232 -0.453004
v 9.307654 77.625671 -1.441402
v 9.307654 77.625671 -1.441402
v 4.578283 71.818214 -0.902415
v 8.983339 77.752579 -1.643778
v 8.983339 77.752579 -1.643778
v 4.038447 71.939026 -1.583814
v 8.234554 77.216026 -1.842442
v 3.903449 72.005989 -2.371997
v 3.903449 72.005989 -2.371997
v 8.311031 77.533997 -2.543825
v 4.085875 72.035919 -3.166147
v 8.662735 77.872169 -2.751740
v 4.303330 71.938782 -3.757885
v 8.822235 77.813667 -3.056358
v 8.822235 77.813667 -3.056358
v 4.649789 71.755257 -4.272026
v 8.400270 77.169640 -3.309201
v 8.400270 77.169640 -3.309201
v 6.461277 75.057510 -4.518025
v 6.461277 75.057510 -4.518025
v 7.778838 75.014404 -4.344793
v 7.778838 75.014404 -4.344793
v 8.525061 74.752670 -3.889206
v 8.635809 74.356995 -3.184803
v 8.635809 74.356995 -3.184803
v 8.903585 74.386765 -2.376577
v 9.172653 74.603897 -1.563524
v 9.172653 74.603897 -1.563524
v 8.810772 74.623779 -0.863214
v 8.087296 74.415543 -0.379319
v 7.582451 74.573090 -0.218897
v 6.947642 75.250252 -0.389708
v 6.090485 75.570137 -0.845294
v 5.081740 75.480049 -1.551514
v 4.611808 75.623756 -2.363704
v 4.611808 75.623756 -2.363704
v 5.205859 75.870728 -3.195479
v 5.205859 75.870728 -3.195479
v 5.569571 75.751381 -3.877312
v 5.673483 75.303566 -4.355774
v 5.673483 75.303566 -4.355774
v 5.471322 71.556236 -4.303533
v 9.475994 77.157074 -3.255396
v 8.019457 76.241371 -3.843615
v 8.019457 76.241371 -3.843615
v 6.625887 73.090446 -4.305636
v 5.912840 70.743439 -4.009068
v 10.054300 77.430214 -3.125968
v 10.054300 77.430214 -3.125968
v 7.385356 72.853088 -3.861424
v 6.855271 71.054565 -3.471205
v 7.688839 72.503014 -3.161779
v 7.880075 72.438484 -2.590888
v 7.353565 70.787231 -1.990246
v 10.192993 77.891861 -2.217608
v 10.192993 77.891861 -2.217608
v 8.140920 72.547676 -1.532454
v 8.140920 72.547676 -1.532454
v 7.318036 70.860603 -1.249249
v 10.260990 77.726395 -1.901255
v 10.260990 77.726395 -1.901255
v 7.835394 72.590057 -0.885361
v 6.933930 70.898926 -0.725742
v 10.111797 77.346428 -1.747189
v 7.240072 72.501083 -0.461703
v 6.381346 71.023071 -0.444183
v 6.668580 72.679840 -0.305935
v 6.668580 72.679840 -0.305935
v 5.522747 70.730804 -0.450360
v 9.300112 77.235229 -1.474712
v 5.967605 73.199570 -0.431626
v 4.788391 71.037056 -0.738122
v 9.633184 77.996841 -1.737793
v 5.152616 73.494003 -0.878382
v 4.333986 71.862251 -1.281305
v 8.728165 77.414764 -1.805499
v 8.728165 77.414764 -1.805499
v 4.428378 73.502495 -1.588380
v 4.006016 71.951180 -1.997004
v 4.133732 73.613876 -2.382426
v 4.133732 73.613876 -2.382426
v 3.984193 71.386864 -2.755331
v 8.470339 77.507332 -2.590216
v 4.430321 73.770447 -3.193497
v 4.182605 71.323074 -3.469770
v 8.799170 77.822639 -2.891749
v 8.799170 77.822639 -2.891749
v 4.744875 73.666481 -3.865695
v 4.427199 71.222183 -4.002928
v 9.273983 77.689812 -2.948580
v 5.009800 73.343025 -4.282807
v 4.900333 71.673492 -4.298248
v 5.644085 73.158272 -4.433359
v 5.644085 73.158272 -4.433359
v 8.929949 76.469536 -3.731879
v 8.929949 76.469536 -3.731879
v 9.412093 76.379677 -3.424140
v 9.320051 75.930382 -3.017562
v 9.613192 76.414627 -2.263942
v 9.613192 76.414627 -2.263942
v 9.791660 76.621880 -1.818409
v 9.791660 76.621880 -1.818409
v 9.554249 76.334869 -1.326484
v 9.554249 76.334869 -1.326484
v 9.008621 75.878922 -1.037717
v 9.008621 75.878922 -1.037717
v 8.508411 76.043968 -0.898808
v 8.508411 76.043968 -0.898808
v 8.231654 76.663216 -0.989188
v 8.231654 76.663216 -0.989188
v 7.661886 76.847794 -1.281452
v 7.011494 76.555176 -1.696745
v 7.011494 76.555176 -1.696745
v 6.584013 76.693016 -2.481916
v 6.584013 76.693016 -2.481916
v 7.023569 77.060844 -2.973130
v 7.023569 77.060844 -2.973130
v 7.277016 76.990921 -3.414962
v 7.250093 76.511597 -3.678853
v 7.250093 76.511597 -3.678853
v 5.629920 74.772537 -4.512154
v 5.629920 74.772537 -4.512154
v 5.629920 74.772537 -4.512154
v 5.722826 75.421806 -4.010580
v 5.491212 75.765633 -3.511837
v 5.061397 75.615379 -2.789911
v 5.061397 75.615379 -2.789911
v 4.379417 75.130684 -1.953500
v 4.379417 75.130684 -1.953500
v 5.726568 75.392303 -1.248477
v 6.573895 75.391731 -0.674516
v 7.290325 74.847527 -0.430078
v 7.544499 74.037323 -0.226438
v 7.544499 74.037323 -0.226438
v 8.402169 74.511116 -0.730908
v 8.965267 74.722565 -1.242141
v 8.970654 74.584175 -1.947317
v 8.449468 73.927513 -2.783505
v 8.519714 74.609833 -3.484352
v 8.178984 74.953522 -4.050557
v 7.169293 74.972694 -4.306680
v 7.169293 74.972694 -4.306680
v 5.475831 71.540451 -4.395631
v 9.489035 77.214226 -3.323224
v 9.489035 77.214226 -3.323224
v 8.017690 76.290367 -3.917214
v 6.655129 73.078712 -4.430228
v 6.259043 71.310188 -4.098578
v 10.107109 77.424126 -3.194847
v 10.107109 77.424126 -3.194847
v 7.464278 72.779480 -3.952143
v 6.920070 70.986374 -3.520561
v 10.068256 77.023994 -2.922121
v 10.068256 77.023994 -2.922121
v 7.790861 72.400421 -3.211608
v 7.269402 70.796631 -2.767525
v 7.851897 72.023544 -2.635509
v 8.250888 72.452904 -1.512280
v 8.250888 72.452904 -1.512280
v 7.386644 70.800156 -1.210655
v 10.338820 77.682571 -1.878026
v 10.338820 77.682571 -1.878026
v 7.916679 72.540230 -0.794712
v 6.981455 70.855339 -0.651656
v 9.935982 77.053551 -1.550886
v 7.290344 72.455315 -0.344753
v 6.402180 70.993904 -0.355110
v 6.681614 72.665497 -0.176736
v 6.681614 72.665497 -0.176736
v 5.709756 71.325188 -0.343828
v 5.709756 71.325188 -0.343828
v 5.938994 73.240417 -0.308547
v 4.941675 71.693016 -0.642011
v 9.179882 77.786674 -1.517093
v 5.078214 73.568047 -0.786870
v 4.266410 71.893906 -1.222006
v 8.696173 77.524460 -1.786650
v 8.696173 77.524460 -1.786650
v 4.320766 73.555275 -1.527745
v 3.919651 71.974594 -1.970999
v 3.919651 71.974594 -1.970999
v 4.010747 73.662453 -2.373062
v 4.010747 73.662453 -2.373062
v 3.970955 72.031418 -2.775526
v 4.320903 73.846817 -3.228898
v 8.776713 77.939926 -2.921387
v 8.776713 77.939926 -2.921387
v 4.655948 73.733498 -3.944939
v 4.483054 71.850700 -4.089901
v 8.734980 77.515160 -3.164311
v 8.734980 77.515160 -3.164311
v 4.947539 73.366692 -4.394359
v 4.869261 71.672813 -4.385045
v 5.628992 73.156387 -4.562312
v 5.628992 73.156387 -4.562312
v 8.971299 76.507477 -3.845707
v 8.971299 76.507477 -3.845707
v 9.501959 76.320267 -3.506272
v 9.390514 75.856590 -3.047462
v 9.390514 75.856590 -3.047462
v 9.691162 76.347534 -2.285439
v 9.906767 76.536987 -1.811264
v 9.906767 76.536987 -1.811264
v 9.640337 76.313568 -1.248263
v 9.640337 76.313568 -1.248263
v 9.037086 75.891960 -0.966351
v 9.037086 75.891960 -0.966351
v 8.530058 76.066582 -0.813533
v 8.530058 76.066582 -0.813533
v 8.232665 76.758682 -0.879103
v 8.232665 76.758682 -0.879103
v 7.616011 76.992401 -1.217957
v 6.960921 76.643158 -1.675004
v 6.960921 76.643158 -1.675004
v 6.529191 76.778389 -2.465657
v 6.529191 76.778389 -2.465657
v 6.960554 77.216202 -2.986907
v 6.960554 77.216202 -2.986907
v 7.238771 77.121346 -3.494256
v 7.233131 76.561165 -3.756139
v 7.233131 76.561165 -3.756139
v 7.233131 76.561165 -3.756139
v 5.603299 74.783020 -4.603600
v 5.665042 75.496506 -4.114966
v 5.411257 75.890053 -3.567036
v 4.957153 75.720245 -2.791951
v 4.957153 75.720245 -2.791951
v 4.293211 75.173569 -1.926778
v 4.293211 75.173569 -1.926778
v 5.641871 75.497879 -1.184027
v 6.533390 75.495125 -0.571644
v 7.296833 74.883652 -0.299900
v 7.571050 74.015259 -0.134815
v 7.571050 74.015259 -0.134815
v 8.466814 74.491623 -0.620334
v 9.068617 74.663513 -1.184837
v 9.088089 74.481659 -1.960868
v 8.528362 73.850189 -2.811971
v 8.619440 74.515236 -3.550656
v 8.241801 74.933716 -4.162856
v 7.178766 75.003479 -4.434906
v 7.178766 75.003479 -4.434906
v 4.985734 71.045433 -4.330169
v 4.985734 71.045433 -4.330169
v 4.985734 71.045433 -4.330169
v 4.985734 71.045433 -4.330169
v 9.129301 76.992157 -3.317346
v 9.129301 76.992157 -3.317346
v 5.564565 70.873657 -4.183261
v 5.564565 70.873657 -4.183261
v 10.184795 77.681511 -3.024983
v 6.314585 70.576813 -3.759732
v 10.379004 77.644196 -2.876576
v 10.379004 77.644196 -2.876576
v 6.855105 70.339478 -3.118412
v 6.855105 70.339478 -3.118412
v 9.898382 76.806213 -2.784721
v 9.898382 76.806213 -2.784721
v 7.097425 70.250626 -2.354391
v 7.097425 70.250626 -2.354391
v 10.141521 77.728600 -2.321351
v 10.141521 77.728600 -2.321351
v 7.155117 70.205269 -1.602186
v 7.155117 70.205269 -1.602186
v 7.155117 70.205269 -1.602186
v 10.461735 78.363556 -2.187126
v 10.461735 78.363556 -2.187126
v 6.941051 70.234070 -0.974593
v 6.941051 70.234070 -0.974593
v 10.383564 77.752228 -1.869268
v 10.383564 77.752228 -1.869268
v 10.383564 77.752228 -1.869268
v 10.383564 77.752228 -1.869268
v 6.481056 70.357254 -0.556597
v 6.481056 70.357254 -0.556597
v 9.660890 76.793953 -1.505263
v 9.660890 76.793953 -1.505263
v 9.660890 76.793953 -1.505263
v 5.856683 70.589821 -0.409960
v 5.856683 70.589821 -0.409960
v 5.856683 70.589821 -0.409960
v 9.291634 76.948395 -1.417230
v 9.291634 76.948395 -1.417230
v 9.291634 76.948395 -1.417230
v 5.135010 70.895241 -0.557248
v 9.692730 77.877151 -1.685366
v 9.692730 77.877151 -1.685366
v 9.692730 77.877151 -1.685366
v 4.445945 71.169189 -0.986175
v 9.493013 77.947327 -1.820333
v 9.493013 77.947327 -1.820333
v 9.493013 77.947327 -1.820333
v 9.493013 77.947327 -1.820333
v 3.987864 71.339973 -1.628237
v 3.987864 71.339973 -1.628237
v 8.465023 77.238113 -1.914888
v 8.465023 77.238113 -1.914888
v 8.465023 77.238113 -1.914888
v 3.924258 71.393585 -2.371913
v 3.924258 71.393585 -2.371913
v 8.248051 77.314697 -2.444933
v 8.248051 77.314697 -2.444933
v 8.248051 77.314697 -2.444933
v 4.073504 71.362717 -3.123171
v 9.306404 78.022499 -2.660814
v 9.306404 78.022499 -2.660814
v 4.298119 71.274940 -3.769189
v 9.413082 77.987228 -2.867774
v 9.413082 77.987228 -2.867774
v 4.580444 71.164803 -4.187406
v 8.634578 77.203712 -3.200101
v 6.541398 75.538010 -4.435837
v 6.541398 75.538010 -4.435837
v 8.822510 74.856888 -3.047189
v 8.822510 74.856888 -3.047189
v 8.822510 74.856888 -3.047189
v 9.036455 74.965149 -2.476904
v 9.036455 74.965149 -2.476904
v 9.036455 74.965149 -2.476904
v 8.197423 74.904610 -0.410947
v 8.197423 74.904610 -0.410947
v 7.890295 74.989662 -0.302925
v 7.890295 74.989662 -0.302925
v 5.246983 75.920151 -1.689845
v 5.246983 75.920151 -1.689845
v 4.843177 76.042038 -2.255190
v 4.843177 76.042038 -2.255190
v 5.967388 75.716003 -4.321212
v 5.967388 75.716003 -4.321212
v 5.967388 75.716003 -4.321212
v 8.456431 76.345879 -3.794313
v 9.261355 76.489410 -3.610438
v 9.261355 76.489410 -3.610438
v 9.389246 76.152992 -3.199072
v 9.740030 76.538071 -1.555015
v 9.740030 76.538071 -1.555015
v 9.266932 76.075439 -1.162314
v 9.266932 76.075439 -1.162314
v 8.405893 76.336159 -0.940601
v 8.405893 76.336159 -0.940601
v 7.973631 76.845322 -1.099822
v 7.320967 76.695404 -1.508790
v 7.320967 76.695404 -1.508790
v 6.809079 76.864655 -2.704186
v 6.809079 76.864655 -2.704186
v 7.181324 77.111282 -3.218676
v 7.181324 77.111282 -3.218676
v 7.291734 76.735077 -3.559712
v 5.241849 73.198769 -4.400469
v 5.241849 73.198769 -4.400469
v 4.870622 73.508842 -4.102433
v 4.597735 73.760185 -3.558102
v 4.257352 73.706001 -2.794218
v 4.173125 73.513702 -1.977963
v 4.173125 73.513702 -1.977963
v 4.772336 73.508621 -1.214369
v 5.560626 73.394608 -0.612665
v 6.343092 72.933647 -0.336936
v 6.938578 72.508293 -0.340481
v 6.938578 72.508293 -0.340481
v 7.551061 72.542595 -0.647935
v 8.049213 72.592735 -1.182417
v 7.575495 72.672592 -3.533636
v 7.060139 72.999290 -4.123961
v 6.133241 73.129692 -4.401359
v 8.470442 76.408737 -3.902404
v 9.330202 76.479774 -3.713349
v 9.485849 76.063400 -3.256104
v 9.845591 76.481415 -1.511014
v 9.845591 76.481415 -1.511014
v 9.324668 76.082451 -1.068402
v 9.324668 76.082451 -1.068402
v 8.425859 76.393227 -0.823637
v 8.425859 76.393227 -0.823637
v 7.950681 76.973030 -1.011100
v 7.259921 76.831360 -1.467808
v 7.259921 76.831360 -1.467808
v 6.738661 77.001526 -2.693435
v 7.130727 77.262962 -3.265630
v 7.130727 77.262962 -3.265630
v 7.263929 76.829880 -3.658057
v 5.202229 73.204720 -4.521969
v 4.792578 73.555786 -4.200489
v 4.498773 73.837784 -3.615718
v 4.137998 73.769691 -2.807961
v 4.055134 73.557899 -1.941965
v 4.055134 73.557899 -1.941965
v 4.678834 73.576225 -1.136759
v 5.508754 73.458176 -0.504615
v 6.336185 72.946701 -0.206277
v 6.970752 72.472748 -0.217302
v 6.970752 72.472748 -0.217302
v 7.617208 72.497345 -0.538627
v 8.146706 72.521530 -1.124971
v 8.196665 72.370140 -1.932285
v 7.670211 72.577698 -3.602422
v 7.115202 72.959007 -4.234262
v 6.139985 73.127312 -4.532508
v 5.247232 70.973938 -4.292939
v 5.247232 70.973938 -4.292939
v 9.838470 77.447990 -3.078140
v 9.838470 77.447990 -3.078140
v 9.838470 77.447990 -3.078140
v 7.908409 76.272667 -3.869217
v 7.908409 76.272667 -3.869217
v 7.908409 76.272667 -3.869217
v 5.940057 70.732346 -4.003243
v 10.356272 77.743233 -2.968809
v 10.356272 77.743233 -2.968809
v 10.356272 77.743233 -2.968809
v 10.356272 77.743233 -2.968809
v 6.625201 70.439903 -3.461266
v 6.625201 70.439903 -3.461266
v 10.237389 77.367271 -2.777030
v 10.237389 77.367271 -2.777030
v 10.237389 77.367271 -2.777030
v 7.004742 70.282913 -2.743559
v 7.004742 70.282913 -2.743559
v 7.153066 70.222763 -1.969043
v 7.153066 70.222763 -1.969043
v 10.386506 78.328644 -2.283943
v 10.386506 78.328644 -2.283943
v 10.386506 78.328644 -2.283943
v 7.083567 70.208420 -1.267052
v 7.083567 70.208420 -1.267052
v 10.473267 78.113640 -2.025694
v 10.473267 78.113640 -2.025694
v 6.736455 70.282639 -0.734862
v 6.736455 70.282639 -0.734862
v 10.126995 77.365959 -1.753608
v 6.185644 70.460464 -0.447186
v 6.185644 70.460464 -0.447186
v 5.501475 70.739517 -0.446721
v 5.501475 70.739517 -0.446721
v 9.630407 77.550743 -1.645342
v 9.630407 77.550743 -1.645342
v 4.775447 71.041832 -0.739495
v 9.630379 78.007401 -1.733137
v 4.172550 71.269592 -1.287412
v 4.172550 71.269592 -1.287412
v 9.227177 77.690735 -1.916801
v 9.227177 77.690735 -1.916801
v 3.913962 71.379738 -1.993437
v 3.913962 71.379738 -1.993437
v 3.913962 71.379738 -1.993437
v 3.983885 71.386940 -2.752942
v 9.072454 77.753159 -2.535534
v 9.072454 77.753159 -2.535534
v 4.179814 71.323746 -3.467844
v 9.395356 78.100029 -2.778329
v 9.395356 78.100029 -2.778329
v 9.395356 78.100029 -2.778329
v 9.395356 78.100029 -2.778329
v 4.428364 71.221138 -4.011132
v 9.275116 77.691978 -2.951973
v 4.764999 71.106979 -4.294503
v 4.764999 71.106979 -4.294503
v 9.350096 75.871933 -2.954604
v 9.350096 75.871933 -2.954604
v 9.635277 76.407845 -2.343327
v 9.635277 76.407845 -2.343327
v 8.956856 75.872910 -0.983415
v 8.956856 75.872910 -0.983415
v 8.956856 75.872910 -0.983415
v 8.587925 75.999588 -0.869544
v 8.587925 75.999588 -0.869544
v 8.587925 75.999588 -0.869544
v 6.939362 76.583656 -1.763876
v 6.939362 76.583656 -1.763876
v 6.939362 76.583656 -1.763876
v 6.547536 76.706566 -2.394198
v 6.547536 76.706566 -2.394198
v 6.547536 76.706566 -2.394198
v 7.284204 76.494141 -3.734634
v 7.284204 76.494141 -3.734634
v 7.284204 76.494141 -3.734634
v 7.284204 76.494141 -3.734634
v 5.766150 75.335838 -4.585414
v 5.766150 75.335838 -4.585414
v 5.766150 75.335838 -4.585414
v 4.430079 75.722687 -1.934356
v 4.430079 75.722687 -1.934356
v 4.430079 75.722687 -1.934356
v 4.430079 75.722687 -1.934356
v 7.778494 74.570480 -0.152392
v 7.778494 74.570480 -0.152392
v 7.778494 74.570480 -0.152392
v 7.778494 74.570480 -0.152392
v 8.718548 74.448601 -2.803342
v 8.718548 74.448601 -2.803342
v 4.359393 67.726273 -0.986705
v 4.359393 67.726273 -0.986705
v 4.360053 67.763901 -0.969636
v 4.608491 68.762428 -0.294184
v 4.606784 68.761131 -0.297419
v 4.362013 67.592308 -1.084525
v 4.362013 67.592308 -1.084525
v 4.328430 66.984131 -1.536589
v 4.330073 67.068436 -1.519234
v 4.353542 67.830574 -0.935023
v 4.353542 67.830574 -0.935023
v 4.353542 67.830574 -0.935023
v 4.341283 67.888885 -0.934510
v 4.341283 67.888885 -0.934510
v 4.597366 68.892799 -0.207296
v 4.597366 68.892799 -0.207296
v 4.332658 67.069954 -1.518026
v 4.589667 66.683800 -1.986867
v 4.323513 67.123810 -1.525496
v 4.323513 67.123810 -1.525496
v 4.589273 66.683716 -1.987208
v 4.308904 67.139488 -1.555314
v 4.308904 67.139488 -1.555314
v 4.570167 66.707207 -2.001002
v 4.570167 66.707207 -2.001002
v 4.570167 66.707207 -2.001002
v 4.329788 67.895477 -0.981960
v 4.330146 67.895439 -0.980537
v 4.296741 67.110756 -1.603792
v 4.296741 67.110756 -1.603792
v 4.296741 67.110756 -1.603792
v 4.296741 67.110756 -1.603792
v 4.542166 66.695396 -2.010490
v 4.542166 66.695396 -2.010490
v 4.542166 66.695396 -2.010490
v 4.327665 67.844482 -1.068471
v 4.327665 67.844482 -1.068471
v 4.302037 67.046440 -1.661189
v 4.302037 67.046440 -1.661189
v 4.302037 67.046440 -1.661189
v 4.302037 67.046440 -1.661189
v 4.522120 66.656708 -2.008970
v 4.522120 66.656708 -2.008970
v 4.522120 66.656708 -2.008970
v 4.522120 66.656708 -2.008970
v 4.368210 67.015617 -1.693540
v 4.346742 67.743858 -1.186649
v 4.346742 67.743858 -1.186649
v 4.421751 67.655891 -1.295277
v 4.421751 67.655891 -1.295277
v 4.576731 68.794708 -0.481952
v 5.053171 70.016273 0.306205
v 4.743874 68.434067 -0.895384
v 4.583961 68.972244 -0.189656
v 4.585056 68.958878 -0.197784
v 5.039729 70.216400 0.586084
v 5.042022 70.231606 0.664540
v 5.042022 70.231606 0.664540
v 5.715504 71.556610 1.530806
v 5.710546 71.584358 1.623169
v 5.710546 71.584358 1.623169
v 6.604285 72.853065 2.545814
v 5.752586 71.319595 1.214828
v 6.648595 72.660820 2.311272
v 5.896419 70.783226 0.656314
v 6.728987 72.322723 1.959997
v 6.939208 71.745613 1.409916
v 7.888895 73.347595 2.956722
v 8.976677 74.546799 4.234742
v 8.139477 72.707298 2.400010
v 7.756360 73.752159 3.332249
v 7.681270 73.987587 3.584299
v 7.654587 74.044098 3.694714
v 7.654587 74.044098 3.694714
v 8.825403 74.859894 4.524183
v 8.799969 74.935440 4.644326
v 8.799969 74.935440 4.644326
v 9.901266 75.386215 5.235209
v 9.906261 75.483047 5.372115
v 9.906261 75.483047 5.372115
v 10.893776 75.637955 5.781527
v 9.965319 75.095886 4.968988
v 10.666012 75.292404 5.354812
v 10.666012 75.292404 5.354812
v 10.331440 74.426697 4.475584
v 11.489363 74.780029 5.170655
v 11.716339 75.370270 5.827747
v 11.713474 75.363403 5.833427
v 12.836140 74.048256 4.987748
v 12.415249 74.783325 5.575479
v 12.415249 74.783325 5.575479
v 13.065956 74.034859 5.109284
v 13.065956 74.034859 5.109284
v 13.720625 73.307007 4.544325
v 13.496902 73.267944 4.389400
v 11.653430 73.592819 4.100304
v 12.827810 73.105919 3.969605
v 12.827810 73.105919 3.969605
v 9.603205 73.131653 3.087398
v 11.738039 72.802307 3.311319
v 11.738039 72.802307 3.311319
v 10.378234 72.347855 2.492093
v 10.378234 72.347855 2.492093
v 12.427851 72.275955 2.841129
v 11.063057 71.858238 2.078950
v 13.190681 71.887993 2.372050
v 14.112965 72.674461 3.778555
v 14.834272 72.273567 3.226572
v 14.403524 72.716156 3.994457
v 14.403524 72.716156 3.994457
v 15.114620 72.303474 3.413645
v 15.114620 72.303474 3.413645
v 15.558784 72.004143 2.593624
v 15.827179 72.028984 2.755234
v 15.827179 72.028984 2.755234
v 16.519007 71.869415 1.963524
v 16.317373 71.850571 1.863638
v 15.419462 71.643410 1.460907
v 15.726919 71.715469 1.598326
v 13.983694 71.619415 1.840024
v 12.684994 71.222427 1.232030
v 14.764059 71.451210 1.181006
v 13.512709 71.051788 0.659722
v 13.512709 71.051788 0.659722
v 16.093763 71.541092 0.557729
v 14.280899 70.959946 -0.072421
v 15.496368 71.115829 -0.731880
v 17.127888 71.592583 -0.364644
v 16.957453 71.763062 0.937128
v 17.150421 71.776260 1.020809
v 17.150421 71.776260 1.020809
v 17.689014 71.648941 -0.782188
v 17.629210 71.718246 0.019995
v 17.629210 71.718246 0.019995
v 17.850252 71.639389 -0.917327
v 17.850252 71.639389 -0.917327
v 17.726891 71.499092 -1.711075
v 17.277456 71.441620 -1.549078
v 17.277180 71.442635 -1.549264
v 15.877991 70.887665 -2.228061
v 16.797504 71.251465 -1.873663
v 15.875593 70.890434 -2.229292
v 17.193899 71.239075 -2.302859
v 17.200298 71.222229 -2.299021
v 16.148060 70.872086 -2.589884
v 16.257502 70.837875 -2.701203
v 16.257502 70.837875 -2.701203
v 14.836445 70.341286 -2.843012
v 14.938023 70.300995 -2.948765
v 14.938023 70.300995 -2.948765
v 13.206453 69.663757 -2.976166
v 13.206453 69.663757 -2.976166
v 14.703571 70.420883 -2.473985
v 12.945465 69.688362 -2.681129
v 12.945465 69.688362 -2.681129
v 13.555670 70.381927 -1.257479
v 12.526747 69.694084 -2.197816
v 12.526747 69.694084 -2.197816
v 11.971182 69.701340 -1.604714
v 11.971182 69.701340 -1.604714
v 11.132597 68.889915 -2.763609
v 10.023716 68.767502 -1.941383
v 6.951049 67.268738 -2.227586
v 11.129187 68.891319 -2.764669
v 9.272889 68.071808 -2.761258
v 9.272889 68.071808 -2.761258
v 10.867506 68.646370 -3.016380
v 11.443926 68.827309 -3.080348
v 11.443926 68.827309 -3.080348
v 9.526377 68.011337 -3.002429
v 9.526377 68.011337 -3.002429
v 7.680734 67.327393 -2.809029
v 7.732870 67.289520 -2.846469
v 7.732870 67.289520 -2.846469
v 6.203979 66.820618 -2.611588
v 6.209356 66.811234 -2.605796
v 6.209356 66.811234 -2.605796
v 6.209356 66.811234 -2.605796
v 7.546998 67.343750 -2.679601
v 6.121940 66.821098 -2.528407
v 6.000486 66.811188 -2.394495
v 6.000486 66.811188 -2.394495
v 5.905167 66.838379 -2.213861
v 5.905167 66.838379 -2.213861
v 5.068089 66.577621 -2.247550
v 5.068089 66.577621 -2.247550
v 5.061160 66.600616 -2.143683
v 5.128908 66.598740 -2.311163
v 5.130930 66.600128 -2.309228
v 5.128908 66.598740 -2.311163
v 5.181221 66.597992 -2.342772
v 5.181221 66.597992 -2.342772
v 5.181221 66.597992 -2.342772
v 5.207269 66.568123 -2.345263
v 5.207269 66.568123 -2.345263
v 5.155153 66.452057 -2.269838
v 6.246206 66.776566 -2.625279
v 6.246206 66.776566 -2.625279
v 6.246206 66.776566 -2.625279
v 6.246206 66.776566 -2.625279
v 6.226870 66.725006 -2.587578
v 6.226870 66.725006 -2.587578
v 6.226870 66.725006 -2.587578
v 6.145728 66.664474 -2.493417
v 6.145728 66.664474 -2.493417
v 7.698577 67.238350 -2.792184
v 7.698577 67.238350 -2.792184
v 9.583547 68.005104 -2.937004
v 7.573025 67.182053 -2.646440
v 7.573025 67.182053 -2.646440
v 9.772781 68.110168 -2.748241
v 7.398575 67.150574 -2.411828
v 7.093292 67.124649 -2.134687
v 6.011862 66.611923 -2.345238
v 6.011862 66.611923 -2.345238
v 5.893155 66.620384 -2.152370
v 5.893155 66.620384 -2.152370
v 5.077469 66.389145 -2.191228
v 5.077469 66.389145 -2.191228
v 5.077469 66.389145 -2.191228
v 5.077469 66.389145 -2.191228
v 5.041908 66.393845 -2.076991
v 5.041908 66.393845 -2.076991
v 4.532877 66.481514 -1.940292
v 4.532877 66.481514 -1.940292
v 4.532877 66.481514 -1.940292
v 4.532877 66.481514 -1.940292
v 4.570882 66.558151 -1.957084
v 4.543540 66.458763 -1.888446
v 4.542778 66.467537 -1.895657
v 4.542778 66.467537 -1.895657
v 4.315537 66.884407 -1.576647
v 4.315537 66.884407 -1.576647
v 4.315537 66.884407 -1.576647
v 4.315537 66.884407 -1.576647
v 4.350154 66.832542 -1.599805
v 4.349176 66.836197 -1.600760
v 4.407432 67.487320 -1.184800
v 4.407432 67.487320 -1.184800
v 4.540142 67.468307 -1.241064
v 4.540142 67.468307 -1.241064
v 4.742479 68.261269 -0.775920
v 5.228141 69.253204 -0.176668
v 5.066492 69.986267 0.518951
v 5.972909 70.375244 0.592002
v 5.756263 71.307266 1.452741
v 6.841780 71.796028 1.782931
v 8.199278 72.394875 2.462231
v 7.744800 73.635620 3.464858
v 9.429322 73.764259 3.942311
v 9.967731 72.941895 3.332346
v 10.898417 74.853386 5.261425
v 12.190668 74.587914 5.411725
v 12.797951 73.885963 4.966053
v 11.297850 75.402016 5.785741
v 13.716967 73.290077 4.556853
v 13.466120 73.184143 4.444026
v 12.817900 72.975426 4.083895
v 13.716873 73.295670 4.551478
v 13.716873 73.295670 4.551478
v 14.108738 72.617455 3.898492
v 14.822212 72.202133 3.333455
v 11.328968 71.749313 2.364591
v 12.241035 71.395142 1.984923
v 11.732058 72.637077 3.461490
v 11.732058 72.637077 3.461490
v 10.378820 72.167877 2.662046
v 10.378820 72.167877 2.662046
v 8.933584 71.550880 1.780184
v 8.933584 71.550880 1.780184
v 7.571741 70.769135 0.910522
v 7.571741 70.769135 0.910522
v 9.600909 71.096016 1.418052
v 10.393883 70.735802 1.082705
v 8.181777 70.364120 0.611294
v 8.181777 70.364120 0.611294
v 8.928019 70.032326 0.347874
v 8.928019 70.032326 0.347874
v 7.630280 69.234970 -0.275123
v 5.569176 68.809914 -0.543732
v 6.441741 69.834953 0.136968
v 5.018624 68.033363 -0.983538
v 4.722493 67.525581 -1.242211
v 4.722493 67.525581 -1.242211
v 4.780875 67.202408 -1.428421
v 4.780945 67.201645 -1.427025
v 5.015900 66.928535 -1.599535
v 5.015900 66.928535 -1.599535
v 5.445975 66.848442 -1.702715
v 5.446450 66.847992 -1.702201
v 5.133443 66.531677 -1.916018
v 5.857458 66.735977 -1.932608
v 5.857458 66.735977 -1.932608
v 5.898629 66.909996 -1.749671
v 5.898641 66.909966 -1.749630
v 7.683218 67.630821 -1.695046
v 7.658534 67.978256 -1.269794
v 7.068055 68.109718 -1.034218
v 6.480427 68.303787 -0.862715
v 8.315803 68.952034 -0.538759
v 9.039003 68.790527 -0.853660
v 9.744892 69.776924 0.050488
v 9.744892 69.776924 0.050488
v 10.566822 69.601089 -0.350637
v 10.566822 69.601089 -0.350637
v 10.566822 69.601089 -0.350637
v 11.249505 70.466850 0.703003
v 13.154898 71.146271 1.528237
v 12.104776 70.285767 0.207808
v 12.104776 70.285767 0.207808
v 13.546709 70.830826 0.769082
v 13.906111 70.955444 0.912769
v 12.901947 70.186440 -0.444448
v 14.121506 70.361336 -1.063346
v 14.323822 70.732796 0.019975
v 11.334379 69.504372 -0.897955
v 11.334379 69.504372 -0.897955
v 12.012712 69.471741 -1.524643
v 12.012712 69.471741 -1.524643
v 9.712139 68.700615 -1.295401
v 10.306650 68.670769 -1.807875
v 10.800170 68.685669 -2.311126
v 12.573120 69.484535 -2.136556
v 12.573120 69.484535 -2.136556
v 12.986893 69.524071 -2.639551
v 13.201326 69.557747 -2.910605
v 14.687555 70.368835 -1.799510
v 14.607393 70.201523 -2.461099
v 14.607393 70.201523 -2.461099
v 15.918070 70.732040 -2.188993
v 15.740137 70.609261 -2.693375
v 13.307512 69.611191 -3.068867
v 13.302711 69.622734 -3.067422
v 13.302711 69.622734 -3.067422
v 13.302711 69.622734 -3.067422
v 16.835073 71.107811 -1.837401
v 16.835073 71.107811 -1.837401
v 17.731941 71.483162 -1.708722
v 17.308941 71.316765 -1.517324
v 17.692142 71.548264 -0.907002
v 17.461300 71.618439 -0.010393
v 17.230120 71.363426 -0.970338
v 16.906713 71.402000 -0.153647
v 16.330549 71.436462 0.749236
v 15.568447 71.499130 1.594418
v 16.293861 71.750000 1.888378
v 15.010378 71.729248 2.409036
v 15.624662 71.931244 2.680438
v 16.328907 71.763802 1.901204
v 16.518213 71.864044 1.965402
v 16.518213 71.864044 1.965402
v 16.518213 71.864044 1.965402
v 16.973072 71.674477 0.968653
v 10.890013 75.627876 5.794173
v 9.592779 75.265587 5.153608
v 9.944336 74.993713 5.080617
v 9.944336 74.993713 5.080617
v 8.900668 74.474846 4.386396
v 8.900668 74.474846 4.386396
v 6.645938 72.546608 2.435933
v 6.645938 72.546608 2.435933
v 7.673796 73.924652 3.654267
v 6.602839 72.790451 2.614202
v 6.588994 72.894440 2.648810
v 6.588994 72.894440 2.648810
v 5.721432 71.494751 1.595554
v 5.053135 70.154861 0.645642
v 5.053135 70.154861 0.645642
v 5.180809 66.742226 -1.991517
v 4.564353 66.660545 -1.973305
v 4.564353 66.660545 -1.973305
v 4.590953 66.815170 -1.841528
v 5.087468 67.125160 -1.692333
v 5.087468 67.125160 -1.692333
v 4.848432 67.387962 -1.531985
v 4.848495 67.387245 -1.530612
v 5.509086 67.056816 -1.787707
v 5.509626 67.056320 -1.787114
v 5.072864 68.209213 -1.107728
v 6.527567 68.498993 -0.984024
v 7.106662 68.317963 -1.144366
v 5.948242 67.126938 -1.830673
v 5.948340 67.126762 -1.830439
v 7.682204 68.198738 -1.367614
v 7.902028 67.965813 -1.745963
v 5.892865 66.956749 -2.004970
v 5.892865 66.956749 -2.004970
v 9.697749 68.931122 -1.387678
v 9.039608 69.012451 -0.961960
v 11.303114 69.736267 -0.996051
v 11.303114 69.736267 -0.996051
v 10.546892 69.824989 -0.466059
v 10.546892 69.824989 -0.466059
v 10.546892 69.824989 -0.466059
v 12.861134 70.419456 -0.542899
v 12.073456 70.511589 0.091643
v 12.073456 70.511589 0.091643
v 11.226332 70.681702 0.569338
v 10.377489 70.938538 0.932540
v 9.733829 69.989067 -0.081518
v 9.733829 69.989067 -0.081518
v 8.923113 70.231728 0.200587
v 8.923113 70.231728 0.200587
v 8.327967 69.161682 -0.661849
v 7.648190 69.425995 -0.416509
v 5.612089 68.984650 -0.683403
v 6.193692 70.220100 0.141383
v 8.180893 70.551620 0.450721
v 8.180893 70.551620 0.450721
v 7.573327 70.947380 0.739350
v 7.573327 70.947380 0.739350
v 9.590665 71.287201 1.253398
v 8.929597 71.732796 1.604059
v 8.929597 71.732796 1.604059
v 5.343109 69.347115 -0.398527
v 5.169760 69.631859 -0.119425
v 4.779814 67.704063 -1.355502
v 4.779814 67.704063 -1.355502
v 4.581775 67.644096 -1.353938
v 4.581775 67.644096 -1.353938
v 11.850210 71.487167 1.682019
v 1.699459 69.935074 -5.892821
v 0.967948 71.103958 -6.555121
v 1.709859 70.018906 -6.362026
v 1.718896 70.022156 -6.356639
v 0.882427 71.298744 -7.209314
v 2.406546 68.819809 -5.152074
v 2.373005 68.959473 -5.436569
v 2.373005 68.959473 -5.436569
v 2.852866 68.107056 -4.502361
v 2.852866 68.107056 -4.502361
v 2.270082 69.207390 -5.524254
v 2.722291 68.438499 -4.661553
v 1.694991 70.129974 -6.329523
v 1.682521 70.433212 -5.429126
v 0.449941 72.441956 -7.001545
v 0.922218 71.359039 -7.098673
v 0.885458 71.312904 -7.210514
v 0.092249 72.764587 -7.812448
v -0.002841 72.803658 -7.967895
v -0.002841 72.803658 -7.967895
v -0.668482 74.387939 -8.416869
v -0.779474 74.442139 -8.597918
v -0.779474 74.442139 -8.597918
v -1.136825 76.070923 -8.851381
v -0.432791 74.196404 -7.862636
v -0.932454 75.889923 -8.261448
v -0.085182 73.872314 -6.957973
v 0.322582 73.473732 -5.830915
v -0.640526 75.591919 -7.301946
v -0.300031 75.227882 -6.104318
v -0.871889 77.220024 -7.462031
v -0.880821 78.631866 -7.442983
v -0.677714 76.876434 -6.224939
v -1.041396 77.502365 -8.449297
v -0.904524 78.886612 -8.412162
v -1.168153 77.678413 -9.056086
v -1.244210 77.734169 -9.256608
v -1.244210 77.734169 -9.256608
v -0.928769 79.070709 -9.005129
v -0.964976 79.140114 -9.200972
v -0.964976 79.140114 -9.200972
v -0.650258 80.121323 -8.684542
v -0.641459 80.222755 -8.854899
v -0.641459 80.222755 -8.854899
v -0.524614 80.742706 -8.046108
v -0.721946 79.911652 -8.168997
v -0.809720 79.729958 -7.288635
v -0.939090 79.506348 -6.117709
v -0.722248 80.504356 -7.146077
v -0.965247 80.377747 -6.019265
v -0.630401 81.164635 -7.204492
v -0.635643 81.163780 -7.208839
v -0.985221 80.912491 -5.984105
v -1.019895 81.090759 -5.982650
v -1.019895 81.090759 -5.982650
v -1.417243 80.648712 -4.645612
v -1.493097 80.824585 -4.626182
v -1.493097 80.824585 -4.626182
v -1.777121 80.346886 -3.324826
v -1.289866 80.105705 -4.700345
v -1.561740 79.808266 -3.386874
v -1.109905 79.205841 -4.787601
v -0.850769 77.994209 -4.868351
v -1.242734 78.910934 -3.479560
v -0.819766 77.699249 -3.573601
v -1.253935 78.707550 -2.342318
v -0.736381 77.499359 -2.460303
v -1.367532 79.139473 -1.275260
v -1.653678 79.599564 -2.236453
v -1.918892 80.133347 -2.165779
v -2.039975 80.301933 -2.136022
v -2.039975 80.301933 -2.136022
v -1.820982 80.016647 -1.140806
v -1.946078 80.182846 -1.104432
v -1.946078 80.182846 -1.104432
v -1.452352 79.921928 -0.180374
v -1.613480 80.141022 -0.134675
v -1.613480 80.141022 -0.134675
v -0.911997 79.945068 0.784845
v -0.547390 77.954803 -0.530216
v -0.119616 78.015076 0.367136
v 0.478639 78.070663 1.288700
v 1.156301 78.074348 2.160347
v 0.134637 79.439308 1.788668
v -0.205974 80.024544 1.798713
v -0.302516 80.191849 1.865324
v -0.302516 80.191849 1.865324
v 1.233796 79.869469 3.379727
v 0.532722 80.154480 2.820535
v 0.532722 80.154480 2.820535
v 1.328696 79.935852 3.572857
v 1.328696 79.935852 3.572857
v 1.953060 79.321579 3.850218
v 2.116722 76.492767 2.410303
v 2.400208 78.517570 3.912611
v 2.472641 78.569313 4.109225
v 2.477489 78.572121 4.101646
v 2.743506 77.341362 3.700121
v 2.803252 77.365707 3.849938
v 2.803252 77.365707 3.849938
v 3.047988 75.283394 2.978547
v 3.026902 75.865646 3.334949
v 3.026902 75.865646 3.334949
v 2.877975 73.837479 1.873890
v 1.957044 75.012848 1.318829
v 3.143455 72.096321 1.211411
v 2.590285 72.364510 0.537057
v 3.396667 70.061493 0.324771
v 3.433151 71.472122 1.348938
v 3.362277 72.396744 1.869924
v 3.362277 72.396744 1.869924
v 3.510997 70.701103 1.089773
v 3.510997 70.701103 1.089773
v 3.691336 68.581650 -0.065350
v 3.632817 69.232544 0.374160
v 3.632817 69.232544 0.374160
v 3.208564 69.757629 -0.224443
v 3.579398 67.680687 -1.026502
v 3.755824 67.367989 -0.782588
v 3.759584 67.310135 -0.713736
v 3.754282 67.328522 -0.690773
v 3.767791 66.846077 -1.081212
v 3.767791 66.846077 -1.081212
v 3.688095 66.695686 -1.634036
v 3.754656 66.603256 -1.366291
v 3.754656 66.603256 -1.366291
v 3.445666 67.532402 -1.556249
v 3.037364 69.563080 -0.697915
v 2.875405 69.480232 -1.134417
v 2.724813 69.530190 -1.536989
v 2.592098 69.617020 -1.984031
v 3.288364 67.675438 -2.120435
v 3.705468 66.453598 -1.791126
v 3.705468 66.453598 -1.791126
v 3.659753 66.494286 -2.024613
v 3.659753 66.494286 -2.024613
v 3.418182 67.109489 -2.717479
v 3.573568 66.650665 -2.364433
v 3.573568 66.650665 -2.364433
v 3.055742 68.103165 -2.719443
v 1.948159 70.844460 -2.896474
v 2.386938 69.476273 -3.621682
v 1.346248 71.465668 -4.774253
v 3.061154 67.814659 -3.819243
v 3.194202 67.440727 -3.619050
v 3.194202 67.440727 -3.619050
v 3.149604 67.431557 -3.286712
v 3.425760 66.956764 -2.881829
v 3.425760 66.956764 -2.881829
v 2.752187 68.196510 -3.409919
v 3.501882 66.751045 -2.103415
v 3.174479 67.483604 -2.098305
v 2.674500 68.702904 -2.076439
v 1.733038 70.704643 -2.853908
v 2.185243 69.373627 -3.590019
v 1.624169 70.167381 -5.040517
v 1.166258 71.286804 -4.655875
v 2.270603 69.006622 -4.721683
v 0.547881 73.092369 -4.057897
v 0.081781 73.402397 -5.805048
v -0.207617 74.786743 -4.797400
v 0.096942 74.465614 -3.588673
v -0.544895 75.166206 -6.081428
v -0.730836 76.461945 -4.868969
v -0.923614 76.824699 -6.205250
v -1.095299 77.939835 -4.844759
v -0.540163 76.152298 -3.598078
v -1.061208 77.633163 -3.540161
v -0.132820 75.327560 -2.711946
v -0.364469 76.274574 -1.569639
v -0.972175 77.422997 -2.413942
v 0.956590 73.080200 -1.834668
v 1.226427 72.862274 -1.138063
v 2.010423 71.304596 -0.742656
v 0.774586 74.915749 -0.084288
v -0.127659 76.333824 -0.658633
v -0.401971 78.123207 0.492618
v 1.195127 75.041481 0.725564
v 1.330320 76.643280 1.933833
v 0.229513 78.134125 1.426624
v 2.155125 73.230927 0.936594
v 2.307249 71.241539 -0.196965
v 3.036873 69.519066 -0.197560
v 2.915115 71.361153 0.831279
v 2.969043 73.029579 1.864020
v 2.254027 75.016891 2.129478
v 1.604731 78.059967 3.040468
v 2.467446 76.560745 3.191203
v 2.784304 76.741867 3.585511
v 3.186505 73.190178 2.172436
v 3.199862 74.169792 2.644816
v 3.199862 74.169792 2.644816
v 3.524699 69.694489 0.584508
v 3.398198 69.738243 0.475595
v 3.641167 68.211479 -0.191550
v 3.490770 68.379295 -0.270442
v 3.466194 67.786125 -0.757497
v 3.663360 66.923103 -1.139691
v 3.717584 68.085014 -0.235033
v 3.717584 68.085014 -0.235033
v 3.319492 67.844009 -1.001462
v 3.583408 66.701843 -1.660698
v 3.244271 67.715454 -1.326555
v 3.731865 66.494568 -1.592724
v 3.731865 66.494568 -1.592724
v 3.189934 67.633751 -1.628680
v 1.673598 79.000626 3.579510
v 1.991357 79.432266 4.028855
v 1.996395 79.434105 4.021790
v 1.293399 79.753441 3.505473
v 0.532215 79.953857 2.781377
v 0.632179 79.211655 2.551421
v -0.324791 79.924309 1.769477
v -1.039868 79.892433 0.778312
v -1.345222 79.279541 -0.258665
v -1.671332 79.361366 -1.183929
v -1.577004 79.942085 -0.148993
v -1.908270 79.986168 -1.117248
v -1.054855 80.155823 0.843744
v -1.054855 80.155823 0.843744
v -1.994414 80.041176 -2.112984
v -1.902629 80.508316 -3.251399
v -1.730892 79.767891 -3.365030
v -1.882489 80.518890 -3.299945
v -1.511150 80.632469 -4.638005
v -1.076624 80.900810 -5.979309
v -1.461306 80.074539 -4.685976
v -1.132201 80.355034 -6.010035
v -1.330210 79.162079 -4.767960
v -1.153816 79.473656 -6.104664
v -1.460137 78.855827 -3.450589
v -1.465927 78.642136 -2.301135
v -1.100809 78.284279 -6.196992
v -1.003690 79.706871 -7.279945
v -1.096286 78.601570 -7.431696
v -0.874050 80.488052 -7.139899
v -0.874048 79.896767 -8.163374
v -0.713813 80.969276 -7.243044
v -1.072383 78.867310 -8.404906
v -0.734344 80.113991 -8.681734
v -1.020755 79.061356 -9.001554
v -0.592925 80.757355 -8.079990
v -0.483129 80.907532 -8.192594
v -0.483129 80.907532 -8.192594
v -1.263160 77.665451 -9.051171
v -1.214692 77.476387 -8.439608
v -1.231300 76.053185 -8.844711
v -1.104811 75.855530 -8.248718
v -1.239206 76.125160 -9.045700
v -1.239206 76.125160 -9.045700
v -0.761043 74.365105 -8.408341
v 0.004483 72.738304 -7.802725
v -0.601762 74.153168 -7.846742
v 0.175833 72.511742 -7.171654
v -0.302274 73.813004 -6.936616
v -0.861693 75.542854 -7.284089
v -1.094169 77.181007 -7.447666
v 0.729689 73.071198 -4.635797
v 0.043905 74.859070 -4.826357
v 0.467301 74.260971 -3.535607
v 1.514027 72.350235 -1.955806
v 0.679902 74.380737 -1.907117
v -0.119517 76.025787 -2.562993
v -0.240976 76.635490 -1.602476
v -0.290810 76.226700 -3.634025
v -0.478610 76.525642 -4.895551
v 0.325314 75.862236 -0.833869
v 0.689964 75.850479 -0.039233
v 1.322050 73.338432 -1.148673
v 1.598386 73.299446 -0.492586
v 1.957853 73.319336 0.185277
v 1.187674 75.855362 0.777390
v -0.862338 78.326424 -6.213434
v 5.124752 67.894958 -4.563048
v 4.807437 67.541969 -4.377505
v 4.808488 67.540512 -4.379891
v 5.130355 67.657318 -4.351449
v 5.116645 67.541481 -4.220471
v 5.116645 67.541481 -4.220471
v 4.715386 66.866234 -3.797750
v 4.382604 66.679008 -3.743792
v 4.706626 66.865814 -3.788275
v 4.370388 66.508514 -3.554423
v 4.370388 66.508514 -3.554423
v 4.532381 66.850586 -3.750573
v 5.284103 68.078568 -4.530601
v 4.796103 67.646286 -4.272552
v 5.085239 67.955429 -4.457785
v 5.085239 67.955429 -4.457785
v 4.420000 67.376282 -4.121938
v 4.420000 67.376282 -4.121938
v 4.249985 68.163925 -4.750726
v 5.767666 69.984917 -5.869522
v 5.356267 68.724205 -4.973135
v 5.610409 68.595772 -4.906789
v 5.610409 68.595772 -4.906789
v 6.086723 69.959877 -5.806125
v 6.193488 69.931732 -5.812679
v 6.193488 69.931732 -5.812679
v 6.714226 71.404099 -6.860543
v 6.864593 71.399109 -6.872219
v 6.864593 71.399109 -6.872219
v 7.332601 72.781471 -7.975838
v 6.284762 71.367050 -6.915625
v 3.989108 70.874771 -7.106101
v 3.913154 72.193451 -8.400196
v 7.973504 73.869293 -9.012195
v 5.189643 74.379005 -10.621307
v 4.936799 73.435562 -9.477394
v 8.492054 74.740372 -10.023087
v 8.331568 73.926414 -9.052179
v 8.331568 73.926414 -9.052179
v 8.849588 74.768448 -10.031125
v 8.853508 74.758812 -10.035139
v 8.627762 75.300041 -10.881365
v 8.914052 75.325203 -10.896315
v 8.917267 75.318230 -10.900751
v 8.051044 75.618134 -11.682014
v 7.853207 75.172447 -10.913286
v 7.638983 75.453178 -11.480953
v 7.638983 75.453178 -11.480953
v 4.967640 74.941208 -11.515429
v 6.621621 75.444443 -11.825853
v 4.914186 75.588516 -12.626102
v 6.950218 75.709625 -12.295108
v 6.950715 75.703354 -12.301943
v 5.027382 75.664703 -12.812158
v 5.027382 75.664703 -12.812158
v 2.910092 75.528702 -13.000889
v 2.876918 75.586571 -13.171726
v 2.876918 75.586571 -13.171726
v 0.991652 75.516586 -13.156549
v 0.991652 75.516586 -13.156549
v 3.031804 75.097923 -12.236286
v 1.179004 75.238060 -12.679843
v 1.179004 75.238060 -12.679843
v 3.330535 74.127495 -10.792692
v 1.471765 74.741524 -11.911915
v 1.471765 74.741524 -11.911915
v 1.837698 74.032364 -10.908484
v 1.837698 74.032364 -10.908484
v -0.009327 75.184738 -12.342394
v 0.719173 74.078362 -10.873096
v -0.585957 75.089569 -11.601919
v -1.251353 75.974846 -12.720451
v -0.399001 75.665985 -13.077229
v -0.496542 75.740852 -13.243788
v -0.496542 75.740852 -13.243788
v -1.389339 76.087273 -12.909372
v -1.389339 76.087273 -12.909372
v -1.734156 76.494232 -12.161392
v -1.872742 76.626144 -12.327528
v -1.872742 76.626144 -12.327528
v -1.952538 77.246109 -11.375008
v -1.713842 76.842796 -11.013292
v -1.081957 75.528954 -11.126196
v -0.553021 74.660622 -10.252833
v -1.351453 76.155869 -10.421459
v -0.875523 75.215134 -9.630487
v -1.483087 76.946136 -9.505131
v -1.091902 75.933556 -8.801542
v -1.533859 77.746819 -8.509878
v -1.770654 77.687622 -10.029498
v -1.736809 78.503128 -8.972987
v -1.963299 78.128868 -10.345710
v -2.057471 78.262344 -10.452322
v -2.057471 78.262344 -10.452322
v -1.872915 78.973740 -9.228817
v -1.947196 79.127647 -9.305141
v -1.947196 79.127647 -9.305141
v -1.751696 79.555801 -8.169476
v -1.801585 79.731346 -8.192228
v -1.801585 79.731346 -8.192228
v -1.676205 79.887535 -7.204879
v -1.674603 79.085403 -8.013092
v -1.627721 79.340843 -7.362130
v -1.627721 79.340843 -7.362130
v -1.549013 78.403778 -7.593031
v -1.340769 77.410492 -7.003553
v -1.558692 78.905838 -6.895990
v -1.558692 78.905838 -6.895990
v -1.418382 77.976807 -6.301556
v -1.613290 79.456871 -6.397293
v -1.631371 79.457710 -6.397172
v -1.529211 78.471313 -5.733017
v -1.539652 78.473526 -5.737943
v -1.262395 76.922104 -5.295262
v -1.332482 77.023148 -5.161535
v -1.332482 77.023148 -5.161535
v -0.755135 75.056892 -4.789259
v -1.151175 76.591995 -5.695101
v -1.004689 76.053131 -6.341586
v -0.818430 75.385567 -7.134659
v -0.474913 74.413940 -5.630312
v -0.234260 73.840248 -6.303225
v 0.279028 72.622459 -4.888892
v 0.526109 72.154388 -5.418915
v 1.277911 70.621521 -4.423970
v -0.016696 73.149918 -4.213842
v 0.939942 71.186684 -3.877090
v -0.140824 73.276497 -4.093286
v -0.140824 73.276497 -4.093286
v 0.828053 71.326836 -3.676144
v 0.769738 71.343834 -3.605067
v 0.769738 71.343834 -3.605067
v 2.211987 68.732910 -3.048069
v 1.666888 69.641655 -3.202787
v 1.666888 69.641655 -3.202787
v 1.732151 69.671371 -3.410786
v 1.724682 69.678658 -3.413750
v 2.238615 68.733009 -3.140466
v 2.238615 68.733009 -3.140466
v 2.520071 68.245789 -3.137103
v 2.947682 67.417709 -2.833896
v 2.911486 67.404556 -2.767345
v 2.911486 67.404556 -2.767345
v 3.200618 66.875008 -2.731569
v 3.200618 66.875008 -2.731569
v 3.419407 66.625763 -3.086350
v 3.350205 66.603668 -2.779798
v 3.350205 66.603668 -2.779798
v 3.013199 67.425987 -3.442136
v 0.912485 71.464981 -5.851924
v 2.374129 68.752052 -4.506171
v 2.537619 68.690285 -4.835972
v 2.938926 68.195908 -4.653928
v 3.224296 67.244072 -3.725548
v 3.318514 67.215462 -3.802103
v 3.507812 66.408279 -3.008133
v 3.507812 66.408279 -3.008133
v 3.595024 66.374176 -3.123122
v 3.600168 66.366371 -3.141660
v 3.714094 66.352951 -3.249860
v 3.719333 66.338417 -3.273190
v 3.853435 66.575706 -3.506361
v 3.853435 66.575706 -3.506361
v 3.503523 67.190735 -3.916297
v 3.746420 67.197647 -3.996392
v 3.746420 67.197647 -3.996392
v 3.211568 68.163124 -4.762467
v 2.817551 69.378059 -5.867214
v 3.563014 68.181488 -4.824338
v 3.563014 68.181488 -4.824338
v 3.310762 69.406761 -5.909628
v 3.310762 69.406761 -5.909628
v 4.079528 69.499649 -5.875395
v 4.058138 67.241272 -4.046915
v 4.058138 67.241272 -4.046915
v 4.089151 66.605194 -3.574014
v 4.097933 66.369179 -3.440208
v 4.097933 66.369179 -3.440208
v 4.083945 66.538406 -3.639333
v 3.883547 66.344070 -3.365555
v 3.883547 66.344070 -3.365555
v 3.882045 66.337990 -3.370178
v 3.881710 66.335251 -3.372230
v 3.718055 67.073074 -4.107590
v 3.718055 67.073074 -4.107590
v 3.446964 66.542633 -3.281978
v 3.453720 67.067078 -4.016678
v 3.453720 67.067078 -4.016678
v 3.278334 67.086067 -3.913514
v 3.246420 67.094391 -3.889096
v 2.884909 68.735680 -5.562472
v 3.525989 68.018738 -4.964080
v 3.525989 68.018738 -4.964080
v 3.268263 69.222023 -6.059731
v 3.268263 69.222023 -6.059731
v 3.848533 68.950844 -5.754884
v 4.424089 67.260361 -4.237330
v 4.048616 67.117989 -4.164911
v 4.048616 67.117989 -4.164911
v 4.424614 67.258675 -4.239439
v 4.919818 69.498680 -5.980081
v 3.805570 70.651054 -7.274277
v 5.132238 70.906349 -7.155569
v 2.952377 70.534218 -7.302497
v 2.952377 70.534218 -7.302497
v 3.665034 71.933495 -8.542906
v 2.585829 71.806602 -8.600334
v 2.585829 71.806602 -8.600334
v 4.844943 72.133514 -8.424689
v 3.491209 73.031494 -9.782013
v 4.936806 73.234245 -9.618753
v 3.194660 74.135605 -11.212227
v 2.181843 72.915054 -9.865109
v 2.181843 72.915054 -9.865109
v 1.776534 73.833832 -11.024342
v 1.776534 73.833832 -11.024342
v 1.169489 72.931236 -9.825847
v 0.431965 73.096519 -9.638073
v 0.412777 74.214699 -11.368573
v 1.731174 71.793068 -8.564837
v 1.082431 71.908669 -8.411440
v 2.264174 70.508133 -7.259515
v 1.966281 70.063828 -6.625038
v 1.654066 70.052406 -6.230758
v 0.933645 71.096046 -6.511249
v 0.585341 72.163063 -8.116956
v 0.185646 72.565918 -7.658200
v -0.098645 73.419937 -9.279642
v -0.716677 74.504715 -10.314884
v -0.490263 73.910500 -8.728416
v -1.067069 75.078194 -9.673573
v -0.799728 74.558434 -7.986387
v -1.039579 75.278664 -7.152102
v -1.303059 75.816193 -8.827987
v -0.160059 73.110603 -7.033318
v -0.451764 73.725311 -6.325766
v 0.604638 71.532639 -6.010637
v 1.689820 69.433838 -4.643421
v 0.315136 72.032242 -5.446928
v 1.055964 70.540985 -4.388053
v 0.080898 72.523056 -4.903012
v -0.078993 72.927521 -4.460000
v -0.078993 72.927521 -4.460000
v -0.678603 74.321960 -5.640328
v -0.829711 74.812439 -5.081790
v -0.829711 74.812439 -5.081790
v -1.211106 75.968903 -6.347953
v -1.542117 77.334633 -7.007202
v -1.314934 76.533234 -5.695158
v -1.577619 77.924110 -6.300239
v -1.577619 77.924110 -6.300239
v -1.352916 76.891861 -5.293920
v -1.573420 78.320938 -5.875001
v -0.897478 75.123131 -4.737236
v -0.887303 75.238350 -4.622944
v -0.887303 75.238350 -4.622944
v -0.150215 73.181015 -4.185301
v 0.745682 71.287605 -3.678760
v 1.607696 69.658691 -3.269764
v 0.791303 71.112198 -3.884942
v 0.791303 71.112198 -3.884942
v 1.593361 69.606865 -3.424103
v 1.593361 69.606865 -3.424103
v 2.126870 68.667854 -3.152122
v 1.872260 69.042236 -3.683177
v 2.370934 68.207970 -3.155272
v 2.370934 68.207970 -3.155272
v 2.714260 67.579628 -3.264294
v 2.963215 67.215973 -2.838400
v 2.404552 68.301895 -2.912611
v 2.412541 68.302597 -2.917531
v 3.257547 66.697578 -2.990237
v 2.936192 67.277794 -3.559339
v 2.936192 67.277794 -3.559339
v 3.431914 66.479393 -2.881395
v 3.431914 66.479393 -2.881395
v 3.079472 67.162224 -3.733699
v 3.079472 67.162224 -3.733699
v 1.971768 69.077057 -4.946233
v -1.703092 78.859436 -6.894556
v -1.703092 78.859436 -6.894556
v -1.692205 79.887680 -7.203109
v -1.752807 79.300171 -7.361316
v -1.830543 79.528412 -8.170012
v -1.957082 78.939964 -9.231842
v -1.817198 79.035233 -8.014317
v -1.890194 78.440399 -8.979103
v -1.730920 78.338371 -7.595108
v -1.730242 77.663498 -8.519251
v -1.455113 76.608650 -7.892928
v -1.675458 76.844749 -9.525532
v -1.921507 77.611092 -10.043567
v -1.526942 76.036201 -10.455942
v -1.852050 76.751732 -11.037790
v -1.233131 75.391129 -11.176871
v -0.708275 74.934822 -11.669509
v -1.612381 76.052879 -11.819793
v -1.105149 75.548073 -12.363886
v -1.825801 76.467293 -12.205631
v -1.333241 75.934776 -12.779856
v -2.028714 77.196815 -11.387766
v -2.059851 77.362862 -11.500002
v -2.059851 77.362862 -11.500002
v -2.046255 78.087624 -10.352907
v -0.405910 75.550850 -13.074165
v 0.973560 75.412727 -13.164858
v 0.963557 75.439590 -13.194918
v 1.129309 75.097725 -12.751905
v 0.918753 75.581482 -13.329021
v 0.918753 75.581482 -13.329021
v 0.918753 75.581482 -13.329021
v 0.918753 75.581482 -13.329021
v 2.960986 75.412323 -12.996196
v 5.057300 75.499512 -12.648806
v 4.914237 74.282478 -10.961069
v 1.411743 74.561775 -12.009463
v 1.411743 74.561775 -12.009463
v 6.543286 75.261795 -11.842159
v 6.546851 74.319328 -10.452047
v 7.890514 75.502281 -11.690760
v 7.803323 74.523277 -10.225327
v 7.803323 74.523277 -10.225327
v 8.318982 75.624527 -11.649912
v 8.318982 75.624527 -11.649912
v 8.108912 73.845894 -9.113760
v 7.425592 73.688477 -9.240019
v 7.425592 73.688477 -9.240019
v 7.421364 72.715645 -8.039820
v 6.869003 72.567581 -8.141604
v 6.869003 72.567581 -8.141604
v 7.599405 72.791710 -7.984328
v 7.599405 72.791710 -7.984328
v 6.729363 71.333176 -6.922747
v 6.101039 69.893883 -5.868478
v 6.276607 71.145142 -6.945615
v 6.303672 71.207115 -7.003296
v 5.793729 69.811974 -5.941465
v 5.966088 72.360329 -8.279613
v 6.313988 73.470154 -9.421964
v -0.180420 74.111435 -10.742500
v 2.998970 70.729912 -7.154376
v 2.998970 70.729912 -7.154376
v 2.636940 72.007431 -8.460693
v 2.636940 72.007431 -8.460693
v 2.345017 70.698227 -7.127872
v 1.842907 70.768044 -7.014414
v 1.817513 71.986298 -8.441776
v 1.205412 72.090813 -8.308739
v 1.262009 73.125137 -9.713066
v 0.561086 73.277168 -9.545113
v 2.238768 73.118393 -9.735944
v 2.238768 73.118393 -9.735944
v 3.516435 73.238777 -9.642176
v -0.049595 74.284744 -10.660791
v 0.065108 73.584480 -9.207952
v -0.296820 74.057091 -8.677453
v 1.042370 71.754181 -7.497549
v 0.373887 72.718254 -7.599426
v 1.114695 71.252365 -6.444796
v 0.050059 73.245361 -6.994242
v -0.585132 74.685921 -7.953828
v 2.433901 69.424919 -5.760422
v -1.238531 76.705780 -7.879863
v 2.045495 69.661919 -3.295265
v 1.651040 70.530190 -3.535140
v 1.651040 70.530190 -3.535140
v 2.323651 69.188812 -3.025687
v 2.323651 69.188812 -3.025687
v 2.286487 69.130371 -3.197678
v 2.187852 69.348213 -3.347277
v 2.187852 69.348213 -3.347277
v 1.579210 70.567245 -3.769403
v 3.023817 67.824371 -2.463570
v 2.662471 68.436386 -2.957440
v 2.662471 68.436386 -2.957440
v 3.009668 67.809219 -2.606262
v 3.009668 67.809219 -2.606262
v 2.631860 68.628761 -3.002386
v 2.977305 68.036148 -2.658192
v 2.100648 69.612007 -3.429196
v 2.448172 69.209938 -3.108532
v 2.449007 69.210526 -3.109554
v 2.155811 69.679779 -3.365308
v 2.155393 69.679657 -3.364952
v 2.792679 68.708313 -2.760544
v 1.796155 71.434021 -3.379115
v 1.348300 71.561478 -3.903893
v 1.581882 70.585190 -3.772126
v 1.043379 72.063614 -4.153458
v 0.946590 72.095177 -4.205727
v 0.946590 72.095177 -4.205727
v 0.533512 73.732468 -4.535030
v 0.417891 73.788734 -4.611892
v 0.417891 73.788734 -4.611892
v 0.274676 75.455467 -4.839356
v 0.788762 73.550041 -4.260920
v 0.517744 75.257195 -4.508320
v 1.171543 73.246346 -3.799127
v 1.639172 72.876648 -3.214335
v 0.877493 74.936043 -3.957742
v 1.322408 74.546188 -3.262082
v 0.828449 76.519409 -3.994888
v 0.936836 77.875473 -3.907427
v 1.166856 76.113335 -3.194023
v 0.562238 76.853722 -4.627203
v 0.796513 78.195831 -4.588215
v 0.379193 77.063950 -5.009324
v 0.285954 77.134186 -5.125944
v 0.285954 77.134186 -5.125944
v 0.704110 78.420662 -4.999597
v 0.646528 78.505402 -5.127327
v 0.646528 78.505402 -5.127327
v 1.054034 79.410378 -4.772606
v 1.041270 79.523949 -4.893396
v 1.041270 79.523949 -4.893396
v 1.301780 80.123993 -4.379706
v 1.050205 79.164574 -4.387681
v 1.207784 79.679863 -4.134904
v 1.207784 79.679863 -4.134904
v 1.084115 78.915916 -3.722848
v 1.146561 78.603966 -2.822901
v 1.212672 79.645607 -3.561035
v 1.174658 79.427277 -2.638582
v 1.309500 80.283577 -3.560572
v 1.303838 80.283287 -3.563196
v 1.164829 80.104698 -2.498773
v 1.156891 80.104836 -2.507812
v 1.022344 79.728745 -1.294261
v 0.999265 79.692009 -1.190508
v 1.059433 79.322487 -0.099417
v 1.149992 79.053726 -1.531887
v 1.272832 78.657738 -0.401822
v 1.250666 78.206764 -1.777287
v 1.383953 77.069626 -2.060644
v 1.479007 77.819527 -0.724809
v 1.732046 76.694466 -1.106909
v 1.906701 77.539124 0.219122
v 2.203524 76.431175 -0.262433
v 2.515773 77.368713 1.077810
v 1.658515 78.363571 0.620255
v 2.180744 78.561668 1.814987
v 1.486365 78.856003 0.879833
v 1.401064 79.009193 0.982962
v 1.401064 79.009193 0.982962
v 2.036445 78.806725 1.976481
v 2.036445 78.806725 1.976481
v 3.044628 78.541740 2.910760
v 2.874190 78.687355 2.925092
v 2.874190 78.687355 2.925092
v 3.147156 78.077362 2.529929
v 3.412932 77.273880 2.066514
v 3.540393 76.208542 1.314471
v 7.060725 77.364723 5.788860
v 6.346259 77.979691 5.657919
v 6.276549 78.358986 5.997057
v 4.834006 78.592583 4.856034
v 4.834006 78.592583 4.856034
v 5.773018 78.524712 5.728140
v 5.773018 78.524712 5.728140
v 6.556459 78.355370 6.343312
v 6.556459 78.355370 6.343312
v 7.127867 78.024139 6.578949
v 6.925965 77.798409 6.075778
v 6.925965 77.798409 6.075778
v 6.333345 76.457657 4.293778
v 7.099362 76.580902 5.193356
v 7.099362 76.580902 5.193356
v 7.347272 77.427658 6.193283
v 7.429148 77.456688 6.370376
v 7.429148 77.456688 6.370376
v 7.411104 76.636269 5.606839
v 7.495064 76.645996 5.773312
v 7.495064 76.645996 5.773312
v 7.276311 75.570740 4.744093
v 7.352105 75.577850 4.901179
v 7.352105 75.577850 4.901179
v 6.948772 74.250336 3.695461
v 6.982215 75.505798 4.340993
v 6.301154 75.347336 3.498354
v 6.078809 73.985245 2.545480
v 5.790778 72.482018 1.693435
v 5.830991 71.164619 1.472210
v 6.527784 72.755592 2.708122
v 6.600086 72.782104 2.894229
v 6.600086 72.782104 2.894229
v 6.070683 71.271980 1.857176
v 6.097978 71.269051 1.962020
v 6.097978 71.269051 1.962020
v 5.598021 69.890900 1.134079
v 5.594375 69.907028 1.144201
v 5.031072 68.646667 0.247826
v 5.495710 69.967506 0.908020
v 5.205595 69.178413 0.478148
v 5.205595 69.178413 0.478148
v 5.080426 69.673538 0.315032
v 4.963375 68.818802 0.126505
v 4.963375 68.818802 0.126505
v 4.650494 68.467575 -0.309857
v 4.650494 68.467575 -0.309857
v 4.737372 68.070343 -0.105183
v 4.737372 68.070343 -0.105183
v 4.447289 67.778854 -0.569105
v 4.411892 67.612656 -0.554200
v 4.411892 67.612656 -0.554200
v 4.147285 67.353928 -0.914285
v 4.147285 67.353928 -0.914285
v 3.754698 67.288101 -1.543637
v 3.842797 67.839302 -1.399540
v 4.597862 70.645645 -0.136792
v 3.957369 68.971069 -1.152643
v 3.541893 68.915398 -1.669780
v 3.792796 67.102081 -1.426093
v 3.801576 67.107002 -1.408459
v 3.676443 67.045547 -1.619785
v 3.676443 67.045547 -1.619785
v 3.566484 67.060669 -1.810374
v 3.566484 67.060669 -1.810374
v 3.324599 67.515518 -2.223630
v 3.445707 67.984093 -1.953274
v 3.259330 70.296951 -1.730142
v 3.093470 68.330399 -2.405944
v 3.097273 68.331429 -2.409054
v 3.258946 67.405167 -2.293674
v 3.258946 67.405167 -2.293674
v 3.436142 67.171135 -2.027347
v 3.436142 67.171135 -2.027347
v 3.446546 67.299118 -1.866364
v 3.206419 68.059563 -1.978793
v 3.206419 68.059563 -1.978793
v 3.672357 67.267838 -1.495728
v 3.403566 67.933479 -1.709384
v 3.406949 67.933945 -1.711321
v 3.633404 67.896584 -1.391002
v 3.469952 70.139526 -1.133556
v 2.718870 70.552010 -1.930140
v 2.987987 69.158836 -1.966609
v 2.719641 70.570267 -1.932639
v 2.578391 69.574516 -2.429084
v 2.091464 69.974579 -3.025895
v 2.958299 68.304619 -2.304138
v 2.658491 68.683945 -2.665665
v 2.658491 68.683945 -2.665665
v 1.533565 71.478966 -3.337119
v 1.606845 72.768585 -2.823520
v 2.419861 72.153267 -1.840388
v 1.593452 74.109497 -2.382274
v 2.107129 73.767273 -1.653365
v 1.100808 74.513496 -3.148871
v 1.340566 75.654518 -2.204342
v 0.942089 76.082214 -3.090999
v 1.163677 77.026863 -1.953322
v 1.800350 75.285683 -1.352210
v 1.800350 75.285683 -1.352210
v 1.520128 76.637741 -0.986108
v 1.520128 76.637741 -0.986108
v 2.309197 75.031700 -0.608375
v 3.034206 74.839966 0.236006
v 2.002045 76.361534 -0.130121
v 2.608833 73.539238 -1.025377
v 3.233395 73.385651 -0.336697
v 3.113976 71.802818 -1.074459
v 4.196161 71.954979 0.139256
v 4.220737 73.474510 0.733604
v 3.296233 76.130219 1.403332
v 4.171944 74.889938 1.447620
v 4.171944 74.889938 1.447620
v 4.073472 76.140114 2.204030
v 4.073472 76.140114 2.204030
v 6.085121 75.228523 3.580758
v 5.978948 73.918221 2.774969
v 6.206649 72.635246 2.550147
v 5.251437 70.939926 1.070119
v 6.213632 72.634270 2.540390
v 6.597884 74.115677 3.484612
v 6.597884 74.115677 3.484612
v 6.031044 76.334404 4.284177
v 6.868392 75.429756 4.451212
v 6.992755 76.501183 5.298640
v 6.992755 76.501183 5.298640
v 7.214308 75.528542 4.804251
v 7.351657 77.047485 6.014458
v 6.911199 74.222672 3.810163
v 7.038908 74.272003 3.896690
v 7.038908 74.272003 3.896690
v 6.485858 72.737885 2.822866
v 6.004768 71.247871 1.916000
v 5.150454 68.981674 0.547174
v 5.783813 71.171700 1.694557
v 5.783813 71.171700 1.694557
v 5.384476 69.935295 1.005997
v 5.381597 69.935120 1.009178
v 5.108117 69.154037 0.563453
v 4.850371 68.793243 0.225377
v 4.850371 68.793243 0.225377
v 4.407193 68.313438 -0.356056
v 4.582236 67.995522 -0.234180
v 5.131103 68.816162 0.454690
v 5.131103 68.816162 0.454690
v 4.037348 67.480339 -0.964815
v 3.954849 68.058189 -0.948319
v 3.952576 68.057938 -0.946390
v 3.954849 68.058189 -0.948319
v 3.942322 67.206612 -1.199810
v 4.029004 69.108986 -0.688605
v 4.120845 70.453857 -0.330447
v 4.120845 70.453857 -0.330447
v 6.961592 77.286133 5.887854
v 6.961592 77.286133 5.887854
v 7.117789 78.014702 6.589101
v 6.880063 77.593803 6.075270
v 6.483751 78.182449 6.195757
v 5.652436 78.319054 5.520434
v 5.458763 77.229965 4.435576
v 3.960597 77.179230 2.907483
v 3.960597 77.179230 2.907483
v 3.868590 77.961472 3.462627
v 2.965905 78.008072 2.550490
v 2.345178 77.290504 1.201382
v 2.953196 78.005455 2.545960
v 2.148583 78.114250 1.645272
v 2.875767 78.505562 2.844894
v 2.044965 78.623734 1.907304
v 4.264444 78.437141 4.229529
v 3.834592 78.626564 3.879744
v 3.834592 78.626564 3.879744
v 1.409284 78.826225 0.926303
v 1.517696 78.310196 0.706519
v 1.517696 78.310196 0.706519
v 1.041402 79.313522 -0.085667
v 1.123481 78.615623 -0.324344
v 1.123481 78.615623 -0.324344
v 1.097073 79.923752 -2.510414
v 0.994232 79.023232 -1.464188
v 1.019654 79.407188 -2.581199
v 1.051190 78.167862 -1.686297
v 0.947815 78.578102 -2.745640
v 1.287496 77.766647 -0.621379
v 1.725503 77.472961 0.333478
v 0.910160 77.459282 -2.941198
v 0.901756 78.900520 -3.660573
v 0.734986 77.858124 -3.833876
v 1.069757 79.633217 -3.513904
v 0.905771 79.156593 -4.342676
v 1.202790 79.995377 -4.103765
v 0.637371 78.187279 -4.536068
v 0.973792 79.407066 -4.748794
v 0.616362 78.417389 -4.972491
v 1.297855 80.124229 -4.379483
v 0.289054 77.059586 -4.978337
v 0.398918 76.843231 -4.567761
v 0.398918 76.843231 -4.567761
v 0.185885 75.449196 -4.803986
v 0.356871 75.243629 -4.441020
v 0.161272 75.519638 -4.937339
v 0.161272 75.519638 -4.937339
v 0.447547 73.723976 -4.495070
v 0.962866 72.053543 -4.110849
v 0.632910 73.532967 -4.185539
v 0.632910 73.532967 -4.185539
v 1.118814 71.897652 -3.861112
v 1.118814 71.897652 -3.861112
v 0.973919 73.220589 -3.696361
v 0.673759 74.913475 -3.864629
v 0.621642 76.499756 -3.911506
v 2.599919 76.198196 0.645821
v 2.141822 72.507721 -2.584831
v 1.816345 74.152504 -2.511032
v 2.860795 72.052368 -1.726665
v 2.323158 73.819878 -1.794282
v 3.560378 71.877380 -0.960940
v 2.816901 73.600037 -1.176049
v 3.430513 73.455688 -0.498350
v 2.517438 75.098534 -0.751720
v 3.068825 74.967873 -0.088568
v 2.018060 75.341576 -1.484580
v 1.566157 75.698158 -2.323462
v 2.790912 76.279404 0.504020
v 3.688210 74.897598 0.553496
v 4.820736 73.635292 1.031062
v 4.673080 72.099205 0.305174
v 1.129777 77.488411 -3.032887
v 3.290929 69.619781 -0.581520
v 3.174213 70.536087 -0.398051
v 3.174213 70.536087 -0.398051
v 3.404891 68.908623 -0.777473
v 3.291140 69.619781 -0.581284
v 3.291140 69.619781 -0.581284
v 3.300059 69.534447 -0.617981
v 3.300059 69.534447 -0.617981
v 3.151380 70.587051 -0.384614
v 3.151380 70.587051 -0.384614
v 3.147743 70.595169 -0.382627
v 3.408466 68.897263 -0.801345
v 3.404840 68.907372 -0.778108
v 3.500074 68.415771 -0.964165
v 3.503704 68.382584 -0.978739
v 3.422050 68.754791 -0.837734
v 3.422050 68.754791 -0.837734
v 3.523046 68.198067 -1.059592
v 3.523046 68.198067 -1.059592
v 3.523046 68.198067 -1.059592
v 3.319057 69.537651 -0.749766
v 3.615040 67.821297 -1.255449
v 3.448173 69.001640 -0.970661
v 3.251073 70.316086 -0.645021
v 3.251073 70.316086 -0.645021
v 3.161901 71.511162 -0.385424
v 3.161901 71.511162 -0.385424
v 3.363760 69.980736 -0.774443
v 3.363760 69.980736 -0.774443
v 3.167518 70.601700 -0.503837
v 3.073797 71.725868 -0.301106
v 3.073797 71.725868 -0.301106
v 3.073797 71.725868 -0.301106
v 3.024042 71.825409 -0.232082
v 3.024042 71.825409 -0.232082
v 3.005397 71.841187 -0.182405
v 2.947437 73.235725 0.066103
v 2.947437 73.235725 0.066103
v 2.947437 73.235725 0.066103
v 2.914731 73.269539 0.109254
v 2.914731 73.269539 0.109254
v 2.979112 74.707726 0.472325
v 2.979112 74.707726 0.472325
v 2.979112 74.707726 0.472325
v 3.020402 73.111061 0.022140
v 3.020402 73.111061 0.022140
v 3.078251 74.562767 0.462900
v 3.135144 72.897232 -0.015185
v 3.304508 72.631653 -0.030120
v 3.228469 74.321770 0.481814
v 3.442138 74.024063 0.537577
v 3.306763 75.770020 0.996907
v 3.891036 76.399818 1.743725
v 3.881502 74.966629 1.251187
v 3.471287 77.271317 1.605874
v 3.157263 76.102394 1.001972
v 3.097110 76.155899 1.021091
v 3.097110 76.155899 1.021091
v 3.384278 77.352234 1.612031
v 3.384278 77.352234 1.612031
v 3.384278 77.352234 1.612031
v 3.827355 78.085434 2.193464
v 3.744446 78.208740 2.216743
v 3.753983 78.209198 2.213931
v 4.197441 78.466805 2.699542
v 4.663585 76.769867 2.672435
v 5.299629 77.313545 3.561908
v 4.664036 78.480423 3.248300
v 4.633455 78.604424 3.294970
v 4.633455 78.604424 3.294970
v 5.125605 78.213318 3.764617
v 5.129371 78.214417 3.757056
v 5.619221 77.531158 4.029903
v 5.673436 77.625595 4.187779
v 6.181733 76.884773 4.357912
v 4.856740 75.591240 2.407244
v 5.541883 76.183342 3.335143
v 6.136229 75.823013 3.672035
v 5.614124 75.187531 2.821209
v 6.805398 75.571594 3.989375
v 6.788741 76.448280 4.714453
v 7.455295 76.143974 5.032337
v 6.876449 76.564888 4.964680
v 6.876449 76.564888 4.964680
v 7.544067 76.241402 5.285614
v 7.544067 76.241402 5.285614
v 8.201586 75.927231 5.285917
v 8.281263 76.008316 5.527946
v 8.281263 76.008316 5.527946
v 9.052906 75.749695 5.443470
v 7.559926 75.391319 4.262379
v 7.040486 74.830093 3.418973
v 8.410347 75.244408 4.466268
v 7.900031 74.707596 3.662982
v 9.342651 75.099472 4.583354
v 8.843878 74.585411 3.845114
v 10.412910 74.867210 4.559885
v 9.721369 75.428543 5.163417
v 10.897265 75.164314 5.067568
v 10.280024 75.536659 5.515967
v 10.018261 75.636421 5.678586
v 10.018261 75.636421 5.678586
v 10.890824 75.439789 5.577017
v 10.890824 75.439789 5.577017
v 11.491970 75.200737 5.274366
v 11.586727 75.216690 5.375528
v 11.586727 75.216690 5.375528
v 11.860545 74.954407 5.002911
v 10.608812 74.343292 4.054965
v 11.893072 74.650040 4.651083
v 11.638001 74.221214 4.206864
v 12.056141 74.607826 4.703633
v 12.056141 74.607826 4.703633
v 11.785633 74.131844 4.234240
v 11.785633 74.131844 4.234240
v 11.149237 73.598030 3.668601
v 11.246814 73.453430 3.672052
v 11.246814 73.453430 3.672052
v 10.452314 72.687889 3.019454
v 10.050709 73.652229 3.383126
v 9.202256 73.749382 3.215533
v 9.363943 72.694023 2.639724
v 8.543581 72.776306 2.407917
v 7.782734 70.828148 1.313570
v 7.850874 71.544907 1.600903
v 7.006339 69.371193 0.529287
v 9.550425 71.332085 2.234462
v 9.676378 71.319679 2.326303
v 9.676378 71.319679 2.326303
v 8.173858 69.312149 1.113708
v 8.796314 70.028130 1.616042
v 8.796314 70.028130 1.616042
v 7.938854 68.846016 0.950270
v 7.938854 68.846016 0.950270
v 6.913700 67.841324 0.180230
v 7.068304 68.335571 0.327693
v 6.065987 68.006599 -0.271556
v 6.406644 67.368073 -0.142463
v 6.406644 67.368073 -0.142463
v 5.685867 67.305016 -0.607234
v 5.754016 67.113777 -0.558057
v 5.754016 67.113777 -0.558057
v 5.179872 67.063255 -0.898140
v 5.179872 67.063255 -0.898140
v 4.479890 67.368347 -1.265640
v 4.670518 67.974083 -1.018954
v 5.758971 69.089256 -0.151746
v 6.145088 70.305153 0.425221
v 4.097240 69.108109 -0.936180
v 4.018063 68.097710 -1.280617
v 4.336985 67.175308 -1.347687
v 4.336985 67.175308 -1.347687
v 3.959888 67.518051 -1.454948
v 4.068291 67.254318 -1.451895
v 4.068291 67.254318 -1.451895
v 3.874106 67.371178 -1.472589
v 3.874106 67.371178 -1.472589
v 3.736354 67.771400 -1.387596
v 3.736354 67.771400 -1.387596
v 3.730993 68.413589 -1.232759
v 3.730993 68.413589 -1.232759
v 4.183586 70.432991 -0.426742
v 3.723342 69.446419 -0.936805
v 3.753705 70.736336 -0.499372
v 3.517978 69.680939 -0.882628
v 3.517978 69.680939 -0.882628
v 3.490141 70.963799 -0.510186
v 3.573345 68.661232 -1.127558
v 3.573345 68.661232 -1.127558
v 3.725928 67.544853 -1.414642
v 3.620841 67.810722 -1.260282
v 3.620841 67.810722 -1.260282
v 3.602800 68.006210 -1.164159
v 3.602800 68.006210 -1.164159
v 3.732027 67.549034 -1.408288
v 3.732076 67.548111 -1.407440
v 3.719050 67.745651 -1.299855
v 3.719050 67.745651 -1.299855
v 3.698168 68.365944 -1.072401
v 3.698168 68.365944 -1.072401
v 4.198066 67.408218 -1.290651
v 3.928504 68.573982 -0.940975
v 4.285818 68.076973 -0.976372
v 3.742004 70.624435 -0.265952
v 3.677996 69.383530 -0.730457
v 3.487787 69.624763 -0.678841
v 3.487787 69.624763 -0.678841
v 3.346467 69.932274 -0.580958
v 3.346467 69.932274 -0.580958
v 3.444719 70.899132 -0.284248
v 3.555696 68.618469 -0.969212
v 3.555696 68.618469 -0.969212
v 3.187883 71.315704 -0.225684
v 3.577463 72.151108 0.231004
v 3.244866 72.571419 0.189315
v 3.483633 73.753609 0.783800
v 4.045124 73.360992 1.024673
v 4.224241 74.586334 1.732610
v 3.858380 75.433929 1.727523
v 4.938738 75.388618 2.714777
v 4.993466 74.227806 2.118065
v 5.642291 74.047958 2.405217
v 5.597479 75.274597 3.201952
v 4.827763 73.047722 1.353862
v 4.452039 71.751663 0.534653
v 4.768742 70.247353 0.063262
v 5.837425 71.595253 1.112352
v 5.845861 72.902374 1.775555
v 6.655995 72.812431 2.065345
v 6.392274 73.916283 2.694882
v 7.041931 74.827835 3.770196
v 7.244810 73.806061 2.967085
v 7.941535 74.691048 4.019950
v 8.184998 73.696907 3.204298
v 9.132778 73.593758 3.398783
v 8.774451 74.424858 4.023817
v 7.555388 72.721512 2.346232
v 8.467220 72.634651 2.600562
v 6.926520 71.494095 1.512121
v 5.999460 69.583420 0.389783
v 7.768633 71.420212 1.800730
v 6.718202 69.519569 0.694453
v 8.542053 71.360992 2.050759
v 7.400774 69.487747 0.977802
v 9.005997 71.120453 2.109481
v 9.299352 72.562454 2.810570
v 10.315939 72.550018 3.059984
v 9.992701 73.508080 3.545556
v 10.557947 74.194824 4.205252
v 10.672926 73.452271 3.640846
v 11.570523 74.152245 4.298376
v 11.097045 73.435555 3.682302
v 10.517082 72.518288 3.028642
v 10.517082 72.518288 3.028642
v 9.539811 71.307495 2.323697
v 7.947814 68.973015 1.022611
v 7.130642 68.071220 0.437459
v 6.511356 67.603714 0.020622
v 5.825994 67.857574 -0.237744
v 5.629726 67.248825 -0.542619
v 7.135704 67.925896 0.358251
v 7.135704 67.925896 0.358251
v 4.702546 67.111923 -1.162293
v 4.702546 67.111923 -1.162293
v 5.408422 69.799774 0.191283
v 11.919750 74.832726 4.991612
v 11.524389 74.579140 4.706283
v 11.360718 74.884125 5.042861
v 11.999453 74.948738 5.082771
v 11.999453 74.948738 5.082771
v 11.474950 75.138504 5.328992
v 10.794840 75.345596 5.509607
v 10.614862 75.043343 5.137871
v 9.719683 74.300629 4.140484
v 9.696394 75.215736 5.168374
v 8.963625 75.703995 5.549876
v 6.264021 75.014107 3.492671
v 8.152769 75.883743 5.404189
v 7.422439 76.103966 5.159609
v 9.108515 75.820007 5.665337
v 9.108515 75.820007 5.665337
v 9.926245 75.535004 5.595831
v 6.759843 76.406586 4.843237
v 6.147622 76.904121 4.493935
v 5.811353 76.448616 4.016161
v 6.257937 77.024391 4.591481
v 6.257937 77.024391 4.591481
v 5.281891 77.805382 3.890829
v 5.305682 76.969391 3.707892
v 4.788224 77.492996 3.320799
v 3.985136 77.221275 2.386787
v 4.545091 78.385986 3.225476
v 3.696918 77.538086 2.115448
v 4.154751 78.456139 2.786537
v 3.396102 77.256516 1.667617
v 3.396102 77.256516 1.667617
v 4.177052 78.639641 2.784216
v 4.177052 78.639641 2.784216
v 3.108600 76.082520 1.077158
v 3.108600 76.082520 1.077158
v 3.179580 75.517113 1.063779
v 2.941259 74.688614 0.550570
v 2.941259 74.688614 0.550570
v 3.044480 74.386108 0.612282
v 2.932017 74.749420 0.503561
v 2.932017 74.749420 0.503561
v 2.932017 74.749420 0.503561
v 2.923910 73.217598 0.145959
v 2.923910 73.217598 0.145959
v 3.011960 71.823746 -0.149354
v 3.013491 71.808540 -0.153917
v 3.015400 73.080482 0.207531
v 3.241047 70.276466 -0.474177
v 3.241047 70.276466 -0.474177
v 3.297298 71.234718 -0.463674
v 3.544278 72.359795 -0.004842
v 3.884665 73.518608 0.668780
v 3.959205 72.038704 0.094146
v 5.239752 71.755577 0.607718
v 4.903297 73.151825 1.127211
v 5.078983 74.335495 1.901895
v 5.726018 74.168953 2.193911
v 4.534855 74.576935 1.634863
v 6.279963 74.979240 3.130606
v 6.475320 74.050003 2.489635
v 7.326250 73.951309 2.767787
v 5.929781 73.023605 1.560098
v 6.741464 72.944077 1.856065
v 6.192503 71.689034 0.996896
v 7.014618 71.617592 1.301692
v 7.638576 72.861443 2.142882
v 8.262144 73.851044 3.010746
v 9.781084 74.461853 3.971110
v 7.513613 67.908913 0.496742
v 7.961336 68.750168 1.057057
v 7.185773 67.277557 -0.004820
v 7.427794 67.837608 0.446768
v 7.427794 67.837608 0.446768
v 6.729119 66.577217 -0.646896
v 6.886176 66.749176 -0.535476
v 7.015182 67.075478 -0.159089
v 7.015182 67.075478 -0.159089
v 6.721733 66.590492 -0.659245
v 6.712609 66.592896 -0.660046
v 7.187649 67.406006 0.028347
v 7.457508 67.815544 0.133486
v 7.967324 68.773224 0.837347
v 7.283272 67.422562 -0.312998
v 8.051874 68.721497 0.613233
v 8.859749 69.888786 1.268818
v 8.006416 68.384995 0.173887
v 8.779796 70.130867 1.643350
v 8.025117 68.977158 1.112847
v 7.997173 68.921173 1.163259
v 7.997173 68.921173 1.163259
v 8.718212 70.230782 1.871141
v 8.699678 70.226997 1.960711
v 8.699678 70.226997 1.960711
v 9.520151 71.583504 2.684287
v 9.490242 71.606606 2.793530
v 9.490242 71.606606 2.793530
v 10.350742 72.820793 3.468977
v 9.628230 71.431953 2.418754
v 10.518045 72.629822 3.180877
v 9.806734 71.150558 2.009081
v 10.026517 70.784416 1.510076
v 10.793301 72.290573 2.738084
v 11.134075 71.854546 2.195181
v 11.850311 72.976746 3.204089
v 12.206627 74.034523 4.280936
v 11.361892 73.522423 3.835970
v 11.138988 73.750679 4.139513
v 11.067266 73.800461 4.263186
v 11.067266 73.800461 4.263186
v 11.878208 74.329765 4.632352
v 11.798410 74.392517 4.760164
v 11.798410 74.392517 4.760164
v 12.580090 74.559509 4.895713
v 12.517014 74.630180 5.025921
v 12.517281 74.631233 5.024149
v 13.252069 74.455673 4.870828
v 12.844152 74.294060 4.601070
v 14.460619 72.814796 3.095609
v 15.047812 72.955894 3.416735
v 14.016502 74.089241 4.619582
v 14.073053 74.118874 4.722971
v 14.074253 74.120941 4.721719
v 14.914516 73.499435 4.183385
v 14.914516 73.499435 4.183385
v 15.612068 72.814178 3.389502
v 15.741037 72.793961 3.464283
v 15.741037 72.793961 3.464283
v 16.286594 72.181763 2.556050
v 13.550886 72.605087 2.743942
v 15.184013 72.118958 2.234214
v 14.231764 71.942276 1.933647
v 15.666708 71.697014 1.522714
v 14.649551 71.531609 1.293746
v 16.018373 71.461510 0.790461
v 16.839079 71.759056 1.770422
v 16.814425 71.529495 0.886047
v 17.045040 71.723297 1.833826
v 17.045040 71.723297 1.833826
v 17.298561 71.540489 0.946404
v 17.462608 71.511620 0.973928
v 17.462608 71.511620 0.973928
v 17.462608 71.511620 0.973928
v 17.524042 71.541016 0.016965
v 17.753016 71.513039 0.031027
v 17.753016 71.513039 0.031027
v 17.705481 71.740700 -1.042850
v 16.259243 71.414749 -0.023668
v 15.157652 71.205772 -0.085350
v 16.409546 71.559044 -0.980805
v 15.280693 71.309563 -0.963467
v 16.483534 71.876686 -2.101685
v 15.336878 71.586113 -2.022441
v 16.471579 72.269844 -3.245498
v 17.329300 72.094147 -2.358918
v 17.863283 72.107834 -2.227289
v 18.043129 72.098396 -2.250436
v 18.043129 72.098396 -2.250436
v 17.688963 72.853859 -4.267521
v 18.003382 72.543533 -3.459393
v 18.003382 72.543533 -3.459393
v 17.758205 72.929581 -4.503312
v 17.758205 72.929581 -4.503312
v 17.112822 73.102745 -5.097785
v 16.383657 73.076721 -5.398784
v 15.321575 72.615425 -4.914025
v 16.416643 73.133530 -5.656800
v 16.416643 73.133530 -5.656800
v 15.267897 72.808533 -5.531796
v 15.290125 72.840050 -5.718208
v 15.290125 72.840050 -5.718208
v 13.898207 72.241409 -5.328948
v 13.908043 72.263031 -5.509459
v 13.908043 72.263031 -5.509459
v 12.407322 71.421097 -4.874517
v 13.957901 72.073006 -4.729211
v 13.950563 71.451752 -3.007402
v 12.381838 70.720428 -2.850498
v 10.805876 70.360031 -4.384359
v 10.681360 69.564941 -2.114692
v 9.240860 69.113495 -3.574861
v 10.739963 70.308861 -4.573126
v 10.739963 70.308861 -4.573126
v 9.195694 69.143539 -3.898345
v 9.198625 69.122818 -3.998308
v 9.198625 69.122818 -3.998308
v 7.476921 67.730644 -3.186967
v 7.873697 68.025780 -3.452653
v 7.867665 68.020226 -3.450342
v 6.576253 66.940018 -2.785977
v 8.002015 68.136269 -3.172947
v 6.470059 66.765793 -2.232890
v 6.140682 66.525230 -2.608308
v 6.140682 66.525230 -2.608308
v 5.800134 66.234695 -2.205143
v 5.748106 66.175560 -2.333971
v 5.748106 66.175560 -2.333971
v 5.585891 66.006210 -2.132351
v 5.585891 66.006210 -2.132351
v 5.798783 66.145500 -1.949173
v 6.629634 66.705345 -1.657315
v 7.571232 67.430641 -1.713639
v 9.037878 68.538918 -2.117615
v 9.080209 68.414810 -1.441775
v 7.677464 67.446777 -1.376799
v 7.764743 67.512932 -1.146724
v 9.104654 68.407295 -1.040243
v 6.703532 66.691635 -1.486367
v 5.585524 65.946899 -1.981040
v 5.692811 65.933342 -1.864105
v 5.692206 65.934769 -1.862918
v 5.855817 65.960136 -1.745825
v 5.854343 65.960571 -1.749362
v 6.048752 66.019142 -1.610321
v 6.069445 66.024239 -1.597748
v 6.275321 66.131744 -1.386715
v 6.861198 66.787552 -1.302949
v 7.013863 66.933548 -1.058730
v 7.857097 67.645683 -0.915756
v 9.140806 68.674301 -0.426224
v 7.931241 67.837799 -0.631919
v 9.115410 68.922966 -0.087668
v 7.973225 68.083771 -0.259288
v 9.044504 69.228333 0.336030
v 7.145209 67.134445 -0.723371
v 6.482988 66.301369 -1.071899
v 6.535367 66.337616 -1.001574
v 6.284384 66.124084 -1.388109
v 6.497605 66.283081 -1.259540
v 7.076891 66.800415 -0.968037
v 7.076891 66.800415 -0.968037
v 6.927080 66.649826 -1.226853
v 6.773833 66.549011 -1.429056
v 7.936167 67.465500 -0.817392
v 7.936167 67.465500 -0.817392
v 7.849545 67.326424 -1.072149
v 7.849545 67.326424 -1.072149
v 9.219934 68.469383 -0.316643
v 8.006241 67.663551 -0.514960
v 8.006241 67.663551 -0.514960
v 9.189410 68.724701 0.042443
v 8.046091 67.915001 -0.131402
v 8.094555 68.360680 0.474855
v 9.115084 69.036247 0.478633
v 7.207125 67.005539 -0.624311
v 7.207125 67.005539 -0.624311
v 7.342700 67.300598 -0.213419
v 7.342700 67.300598 -0.213419
v 9.017063 69.381584 0.952457
v 10.312140 70.185051 1.134212
v 10.081083 70.591492 1.660029
v 10.562622 69.486671 0.249339
v 11.729527 70.824448 1.344017
v 11.172821 71.656090 2.345447
v 13.035521 71.445198 1.802032
v 11.968923 72.669044 3.221072
v 13.527891 72.464310 2.961426
v 14.461887 71.783287 2.118091
v 13.471081 70.957550 1.090596
v 13.720123 70.696220 0.505232
v 13.720123 70.696220 0.505232
v 14.968452 71.370323 1.442575
v 12.107157 70.364220 0.696560
v 12.280849 70.111916 0.205193
v 12.280849 70.111916 0.205193
v 10.739092 69.267998 -0.192573
v 10.739092 69.267998 -0.192573
v 9.216644 68.286125 -0.639171
v 9.216644 68.286125 -0.639171
v 10.785851 69.151703 -0.641058
v 9.197056 68.189117 -0.985679
v 10.806241 69.161819 -1.205713
v 12.391640 69.989998 -0.350429
v 12.451365 70.018280 -1.045455
v 13.886543 70.587341 -0.155882
v 15.526772 71.052078 -0.035657
v 13.983154 70.647583 -0.966391
v 15.633217 71.157967 -0.966022
v 14.023064 70.878090 -1.963702
v 14.020533 71.217857 -3.040330
v 15.394129 71.348145 -2.038370
v 12.471714 70.202126 -1.920633
v 12.463749 70.488998 -2.879126
v 10.812340 69.304771 -1.926435
v 9.121464 68.327034 -2.211350
v 10.809801 69.538368 -2.722323
v 10.843567 69.988869 -3.884549
v 9.298810 68.898842 -3.510940
v 12.438372 70.811905 -3.789706
v 12.423464 71.298424 -4.924049
v 13.991083 71.590942 -4.053412
v 15.348101 72.126839 -4.227788
v 13.988573 72.141624 -5.303769
v 15.376158 72.709869 -5.497317
v 12.356256 71.406876 -5.102714
v 12.356256 71.406876 -5.102714
v 10.762741 70.222992 -4.460485
v 7.033959 67.244492 -3.023038
v 6.535180 66.787071 -2.738816
v 6.796571 66.885307 -2.553252
v 5.948972 66.257393 -2.310826
v 6.832074 67.126648 -2.976723
v 6.832074 67.126648 -2.976723
v 6.487386 66.416260 -1.704067
v 5.587500 65.945351 -1.983118
v 7.768535 67.254692 -1.328680
v 7.531633 67.156067 -1.761053
v 9.178684 68.192543 -1.416713
v 16.430906 72.983299 -5.433746
v 17.111479 73.014381 -5.129348
v 17.244785 73.154015 -5.262560
v 17.244785 73.154015 -5.262560
v 17.615574 72.826363 -4.439831
v 17.842989 72.451859 -3.431584
v 17.023453 72.664177 -4.438357
v 17.209244 72.287231 -3.433443
v 15.394203 71.728668 -3.180946
v 17.208872 71.849739 -2.230122
v 17.738054 71.618927 -0.996035
v 16.046213 71.252876 0.847083
v 16.046213 71.252876 0.847083
v 17.548136 71.429031 0.058607
v 17.274542 71.436432 0.967972
v 16.831888 71.366348 0.926704
v 17.306932 71.450905 0.967674
v 17.942814 71.718376 -1.040764
v 17.942814 71.718376 -1.040764
v 17.879293 72.015816 -2.238245
v 16.847443 71.664642 1.838092
v 16.286846 72.103668 2.650180
v 16.473757 72.157234 2.656606
v 16.473757 72.157234 2.656606
v 15.573002 72.727158 3.438960
v 14.795767 73.393364 4.123550
v 14.576393 72.512939 3.079270
v 13.903250 73.154617 3.762603
v 12.952459 73.994865 4.543724
v 12.281124 73.771706 4.284485
v 14.016890 73.980644 4.640330
v 13.292150 74.378593 4.929089
v 12.578690 74.493126 4.947779
v 13.265141 74.529076 5.017736
v 13.265141 74.529076 5.017736
v 11.141007 73.624428 4.163368
v 10.363098 72.747353 3.529405
v 10.655945 72.397430 3.186272
v 10.299322 72.857971 3.587009
v 10.299322 72.857971 3.587009
v 9.464306 71.400246 2.677031
v 9.767919 71.239441 2.438039
v 8.898798 69.963974 1.667470
v 14.992102 71.053024 0.712894
v 14.992102 71.053024 0.712894
v 8.950579 69.563217 0.808239
v 10.252504 70.389183 0.986764
v 11.655792 71.047020 1.218951
v 10.488342 69.696014 0.125225
v 10.661710 69.492950 -0.278594
v 12.049585 70.588318 0.586143
v 12.216053 70.343292 0.121515
v 13.426884 71.185310 0.985500
v 13.668335 70.931107 0.427278
v 13.017450 71.634605 1.630309
v 14.952726 71.282944 0.643899
v 13.827597 70.828224 -0.204130
v 13.918051 70.892189 -0.984407
v 12.319881 70.227638 -0.404476
v 12.373571 70.259933 -1.069041
v 10.701555 69.383034 -0.697419
v 10.715864 69.397308 -1.231626
v 12.389784 70.443474 -1.915365
v 13.953644 71.122154 -1.953374
v 9.131038 68.498100 -0.722738
v 15.335880 71.956558 -3.144382
v 5.399062 70.799332 -7.627897
v 5.639999 71.257195 -7.976226
v 5.667587 71.309731 -8.013163
v 4.984430 70.335060 -7.150733
v 5.392904 70.494621 -7.460931
v 5.406711 70.517784 -7.472255
v 5.941189 71.282516 -8.106546
v 4.934307 69.863464 -6.835234
v 4.556203 69.361908 -6.229402
v 4.935960 69.854767 -6.812200
v 4.527839 69.326698 -6.168582
v 4.556385 69.510750 -6.226568
v 5.609362 70.897881 -7.700135
v 5.050611 70.414650 -7.039645
v 5.390539 70.751030 -7.444683
v 5.390539 70.751030 -7.444683
v 4.603041 70.018929 -6.484640
v 5.250542 71.131516 -7.470218
v 5.531848 72.083443 -8.071462
v 4.674827 70.839745 -6.954169
v 5.699270 71.337463 -7.861686
v 6.147563 72.228188 -8.460732
v 5.973828 71.334625 -8.135841
v 6.754865 72.690559 -8.969667
v 6.631543 72.303047 -8.828009
v 6.613950 72.274689 -8.806438
v 7.301916 73.285278 -9.478420
v 7.792063 74.297493 -10.025185
v 6.660498 73.252769 -9.127888
v 7.182044 74.286377 -9.803082
v 5.856923 73.162483 -8.760256
v 4.868277 73.038597 -8.307888
v 6.187685 74.245857 -9.472088
v 4.969589 74.185600 -9.064356
v 6.477049 75.222511 -10.148966
v 5.916192 75.975876 -10.549210
v 5.055617 75.218430 -9.796072
v 7.639658 75.219452 -10.432781
v 7.901786 75.998543 -10.969735
v 8.355919 75.205193 -10.626384
v 8.586630 75.180489 -10.717991
v 8.586630 75.180489 -10.717991
v 8.683331 75.972298 -11.134596
v 8.939934 75.948738 -11.218856
v 8.939934 75.948738 -11.218856
v 8.610397 76.574333 -11.513445
v 8.866561 76.568130 -11.596225
v 8.866561 76.568130 -11.596225
v 8.209484 77.048515 -11.827389
v 7.860304 76.586029 -11.371195
v 7.615275 76.930672 -11.595824
v 7.615275 76.930672 -11.595824
v 5.683571 76.683975 -11.054228
v 5.312667 77.327805 -11.538050
v 6.891313 77.391624 -11.909817
v 6.892942 77.384026 -11.914644
v 5.132369 77.639641 -11.843092
v 5.130634 77.631210 -11.848536
v 3.204261 77.707504 -11.453717
v 3.232655 77.824799 -11.642193
v 3.232655 77.824799 -11.642193
v 1.647077 77.909836 -11.185373
v 1.810588 77.355881 -10.667761
v 3.395986 76.893295 -10.734538
v 3.493405 76.146072 -10.117002
v 2.270252 75.580391 -9.251877
v 0.794507 77.540871 -10.269535
v 1.160472 76.276604 -9.305184
v 0.379362 77.285484 -9.417264
v 0.079441 78.305901 -10.150022
v 0.595945 78.096642 -10.739365
v 0.529582 78.199898 -10.856577
v 0.529582 78.199898 -10.856577
v -0.003220 78.445320 -10.268204
v -0.003220 78.445320 -10.268204
v -0.070781 78.609543 -9.424837
v -0.147955 78.765869 -9.520263
v -0.147955 78.765869 -9.520263
v 0.017565 79.046333 -8.514426
v 0.017565 79.046333 -8.514426
v 0.111976 78.564919 -8.282726
v 0.119211 78.570305 -8.286326
v 0.193098 77.515572 -8.761322
v 0.413925 76.561684 -8.211852
v 0.417456 76.822418 -7.460545
v 0.417456 76.822418 -7.460545
v 0.293924 78.888435 -7.356986
v 0.549467 77.177101 -6.547047
v 0.735887 77.728386 -5.579700
v 0.652348 79.696358 -5.734897
v 0.356010 79.777634 -6.877697
v 0.175116 79.704880 -7.481496
v 0.175116 79.704880 -7.481496
v 0.444936 80.164993 -6.321850
v 0.444936 80.164993 -6.321850
v 0.718332 80.391724 -5.256544
v 0.709775 80.389885 -5.254199
v 0.935964 80.227562 -4.380206
v 0.920453 79.755409 -4.624804
v 0.920453 79.755409 -4.624804
v 1.004856 79.206001 -4.303653
v 1.117141 78.143379 -3.939797
v 1.004405 79.206009 -4.303554
v 1.079175 79.452538 -3.899130
v 1.078655 79.568222 -3.760792
v 1.074346 79.568077 -3.760849
v 1.183041 78.476830 -3.360046
v 1.183041 78.476830 -3.360046
v 1.321141 76.907547 -3.324025
v 1.301925 77.067429 -3.112368
v 1.301925 77.067429 -3.112368
v 1.498463 75.459869 -3.084754
v 1.446414 75.184715 -3.553970
v 0.928804 76.234016 -5.179111
v 1.214720 74.762215 -4.744349
v 1.766582 73.616989 -3.344886
v 1.621529 73.247414 -4.283823
v 2.142217 72.170998 -3.139709
v 1.775606 73.913116 -2.945014
v 1.748734 73.952385 -2.839023
v 1.748734 73.952385 -2.839023
v 2.102965 72.487267 -2.837877
v 2.072788 72.509995 -2.756051
v 2.072788 72.509995 -2.756051
v 2.605979 70.625778 -2.757065
v 2.401980 71.252518 -2.711147
v 2.401980 71.252518 -2.711147
v 2.479266 71.056862 -2.908245
v 2.652008 70.475105 -2.853155
v 2.652008 70.475105 -2.853155
v 2.850789 69.716064 -3.072398
v 2.764849 70.054298 -2.946094
v 2.764849 70.054298 -2.946094
v 2.982322 69.318451 -2.833781
v 2.933210 69.397491 -2.755585
v 2.918873 69.422195 -2.746243
v 3.116752 68.793182 -2.857657
v 3.116752 68.793182 -2.857657
v 3.339983 68.318542 -3.336673
v 3.264389 68.374306 -3.022936
v 3.264389 68.374306 -3.022936
v 3.316214 68.422554 -3.380361
v 2.921531 69.412994 -3.384556
v 2.992497 69.235001 -3.769127
v 2.089864 71.516502 -4.311029
v 2.318061 70.843155 -4.558414
v 2.128531 71.306969 -4.787791
v 3.198236 68.912155 -3.992531
v 2.866770 70.162811 -5.056080
v 1.744516 72.416443 -5.892426
v 3.336607 68.963211 -4.377831
v 3.336607 68.963211 -4.377831
v 3.443291 68.277664 -3.666291
v 3.497581 68.048828 -3.568150
v 3.497581 68.048828 -3.568150
v 3.563377 68.336411 -4.048907
v 3.613861 68.109489 -3.952921
v 3.613861 68.109489 -3.952921
v 3.717256 68.509232 -4.500658
v 3.756871 68.286972 -4.410798
v 3.756871 68.286972 -4.410798
v 3.926700 68.771454 -5.022148
v 3.529817 69.120621 -4.821448
v 3.803119 69.360672 -5.328249
v 3.199564 70.095436 -5.365514
v 2.773026 71.323479 -6.077703
v 3.578608 70.299179 -5.852027
v 3.283712 71.479774 -6.541780
v 4.089723 70.552887 -6.395432
v 3.977903 71.673553 -7.056474
v 4.170467 69.662521 -5.895816
v 4.208106 69.104080 -5.607708
v 4.202549 68.900009 -5.534695
v 4.231375 68.936836 -5.609682
v 3.947255 68.556480 -4.940194
v 3.947255 68.556480 -4.940194
v 3.724307 68.576874 -4.784248
v 3.699358 69.266968 -5.429358
v 3.493813 68.287132 -4.086358
v 3.414097 69.028275 -4.907003
v 3.414097 69.028275 -4.907003
v 3.208982 68.874023 -4.445701
v 3.208982 68.874023 -4.445701
v 2.906911 70.419281 -5.758170
v 2.486138 70.515892 -5.398107
v 3.445528 70.178474 -5.981887
v 3.136273 71.345261 -6.685768
v 3.972516 70.432190 -6.541088
v 4.574223 70.724045 -7.105900
v 3.849635 71.537544 -7.218451
v 4.078245 69.569603 -6.008972
v 4.078245 69.569603 -6.008972
v 4.523054 69.930359 -6.602234
v 4.523054 69.930359 -6.602234
v 4.657756 71.752014 -7.753019
v 3.719666 72.759888 -7.984694
v 4.759974 72.899063 -8.482900
v 2.804143 72.635086 -7.482729
v 3.592407 73.972412 -8.784003
v 2.481688 73.915733 -8.314501
v 4.865068 74.041954 -9.239269
v 3.476242 75.065964 -9.562553
v 4.955098 75.072556 -9.968729
v 3.374155 76.002930 -10.273946
v 2.158206 75.279129 -9.278754
v 1.098139 75.743652 -9.112238
v 0.759267 75.170280 -8.183807
v 1.948903 73.061981 -7.330922
v 1.270229 73.628914 -7.226828
v 1.443947 72.528473 -6.075031
v 2.235532 70.610207 -5.024069
v 1.335543 72.654129 -5.532323
v 1.335543 72.654129 -5.532323
v 0.914382 73.968391 -6.867075
v 0.826401 74.130516 -6.245306
v 0.826401 74.130516 -6.245306
v 0.500176 75.301178 -7.607688
v 0.200908 76.470779 -8.262682
v 0.446056 75.516678 -6.904633
v 0.446056 75.516678 -6.904633
v 0.188740 76.748611 -7.482171
v 0.188740 76.748611 -7.482171
v 0.525754 75.825539 -6.058392
v 0.688133 76.182526 -5.157452
v 0.312081 77.119514 -6.543507
v 0.860996 74.388657 -5.506731
v 0.975355 74.701805 -4.724648
v 1.327148 72.884354 -4.910895
v 1.863903 71.427528 -4.319533
v 1.386535 73.178185 -4.266719
v 1.864960 71.730003 -3.819546
v 1.484287 73.481255 -3.674065
v 1.897048 72.056229 -3.373954
v 1.591968 73.735970 -3.206606
v 1.591968 73.735970 -3.206606
v 1.129842 75.016426 -3.995452
v 1.284820 75.278984 -3.415534
v 0.887224 76.530365 -4.315964
v 0.596227 77.653404 -5.176745
v 1.077724 76.817467 -3.645993
v 0.947120 78.177002 -3.926427
v 0.947120 78.177002 -3.926427
v 1.220688 77.001015 -3.239780
v 1.099734 78.390991 -3.495208
v 1.405918 75.444855 -3.064598
v 1.479817 75.505142 -2.955586
v 1.479817 75.505142 -2.955586
v 1.684432 73.894623 -2.925072
v 2.016121 72.466278 -2.819389
v 2.345550 71.250168 -2.756472
v 1.950770 72.323662 -3.028200
v 1.950770 72.323662 -3.028200
v 2.293427 71.166786 -2.898473
v 2.293427 71.166786 -2.898473
v 2.530089 70.436073 -2.834926
v 2.338816 70.569092 -3.273250
v 2.625398 70.005455 -2.930660
v 2.625398 70.005455 -2.930660
v 2.734861 69.527260 -3.114766
v 2.999438 68.965004 -2.922317
v 2.689675 70.218658 -2.702391
v 2.697748 70.210930 -2.709181
v 3.135599 68.557648 -3.111423
v 2.839307 69.152199 -3.369833
v 2.839307 69.152199 -3.369833
v 3.381087 68.124756 -3.258953
v 3.254840 68.314178 -3.368477
v 2.944088 68.915398 -3.681589
v 2.944088 68.915398 -3.681589
v 3.387385 68.129768 -3.258071
v 3.387385 68.129768 -3.258071
v 3.387385 68.129768 -3.258071
v 3.367851 68.230827 -3.693389
v 3.060237 68.828346 -4.039284
v 3.060237 68.828346 -4.039284
v 2.473772 69.915314 -4.184963
v 2.473772 69.915314 -4.184963
v 1.911129 71.205307 -4.823708
v 1.911129 71.205307 -4.823708
v 2.393663 70.142517 -3.787705
v 0.997100 79.445152 -3.882950
v 0.855670 79.190971 -4.276547
v 0.852679 80.003304 -4.458207
v 0.927740 80.226082 -4.379184
v 0.660486 80.203270 -5.262734
v 0.404694 79.981346 -6.284968
v 0.498220 79.601646 -5.695241
v 0.514211 78.740440 -5.488597
v 0.193473 78.206169 -6.945399
v 0.109951 79.414917 -7.511718
v 0.031655 77.775772 -7.957267
v 0.031655 77.775772 -7.957267
v -0.047997 78.547615 -8.309265
v -0.047997 78.547615 -8.309265
v 0.000955 77.437103 -8.804853
v 0.205785 77.190750 -9.488438
v -0.115303 78.160065 -9.206995
v 0.059968 77.870041 -9.930380
v -0.162081 78.605858 -9.446638
v -0.007534 78.290871 -10.191628
v -0.070501 79.021774 -8.521002
v -0.070501 79.021774 -8.521002
v -0.046077 79.188522 -8.589288
v -0.046077 79.188522 -8.589288
v -0.046077 79.188522 -8.589288
v -0.046077 79.188522 -8.589288
v 0.531236 78.050392 -10.780128
v 0.641609 77.520439 -10.417744
v 1.598608 77.796158 -11.202269
v 1.591900 78.002602 -11.308855
v 1.591900 78.002602 -11.308855
v 3.110353 77.626854 -11.520532
v 5.078146 77.503181 -11.792650
v 4.901176 77.088364 -11.476789
v 5.675679 75.902756 -10.734494
v 6.514688 76.908058 -11.602320
v 7.817041 76.493225 -11.482344
v 7.817041 76.493225 -11.482344
v 7.353651 77.184326 -11.877599
v 7.854601 75.896835 -11.094299
v 7.854601 75.896835 -11.094299
v 8.698168 76.407730 -11.512678
v 8.208442 77.038986 -11.840656
v 8.172799 74.881660 -10.521634
v 7.588842 75.115768 -10.563387
v 7.127236 74.185089 -9.935326
v 7.127236 74.185089 -9.935326
v 7.985976 74.281105 -10.126125
v 7.985976 74.281105 -10.126125
v 6.591354 72.402908 -8.892360
v 6.318508 72.597572 -8.899188
v 6.601304 73.155518 -9.260155
v 5.771973 73.036957 -8.925550
v 5.445104 71.965988 -8.230963
v 6.107426 74.115730 -9.637357
v 6.401283 75.089714 -10.312189
v 0.436630 76.280174 -8.894584
v 4.766278 71.883430 -7.583888
v 3.849954 72.902885 -7.817356
v 3.720559 74.118195 -8.617006
v 2.956090 72.774704 -7.334496
v 2.633400 74.056221 -8.167162
v 2.307115 72.673416 -6.890994
v 1.449506 73.802025 -7.164227
v 1.685691 74.511238 -8.054414
v 0.957939 75.285080 -8.096301
v 3.601522 75.212921 -9.398004
v 0.629280 76.387909 -8.813032
v 0.719457 75.400238 -7.551825
v 0.681365 75.599403 -6.879199
v 0.681365 75.599403 -6.879199
v 1.132351 74.073799 -6.807144
v 1.060078 74.221146 -6.215979
v 1.060078 74.221146 -6.215979
v 1.564590 72.752274 -5.498979
v 1.564590 72.752274 -5.498979
v 1.565151 72.968491 -4.905518
v 1.103726 74.464218 -5.504904
v 0.770082 75.892288 -6.059676
v 2.088293 71.804756 -3.833454
v 7.421596 67.644562 -2.454921
v 8.091696 68.247978 -2.492195
v 8.091696 68.247978 -2.492195
v 7.033061 67.350822 -2.590312
v 7.030725 67.351669 -2.590194
v 7.186600 67.427765 -2.298394
v 7.169964 67.423767 -2.301235
v 8.619137 68.702126 -2.330590
v 6.457742 66.844475 -2.405742
v 6.091496 66.634918 -2.633307
v 6.441384 66.843346 -2.408557
v 5.913250 66.512093 -2.558560
v 5.913250 66.512093 -2.558560
v 7.012108 67.369980 -2.354563
v 5.846044 66.609238 -2.685232
v 6.954688 67.469818 -2.541987
v 6.954688 67.469818 -2.541987
v 7.353244 67.747055 -2.417564
v 7.353244 67.747055 -2.417564
v 6.502516 67.212227 -2.751501
v 7.349038 68.005081 -2.885215
v 8.341185 68.972687 -3.224594
v 8.011209 68.369102 -2.452316
v 9.044024 69.326988 -2.580437
v 8.115156 68.350136 -2.300189
v 8.135345 68.287872 -2.253539
v 8.135345 68.287872 -2.253539
v 9.231006 69.373375 -2.362649
v 9.300995 69.351303 -2.295802
v 9.300995 69.351303 -2.295802
v 10.526186 70.523613 -2.579086
v 10.601170 70.488907 -2.462047
v 10.601170 70.488907 -2.462047
v 11.815632 71.537018 -2.922989
v 9.483294 70.045189 -3.789810
v 10.724436 71.065918 -4.421104
v 11.915334 71.883865 -5.092393
v 12.938477 72.478615 -5.810338
v 13.014339 72.322586 -3.442954
v 14.004484 72.861023 -4.093928
v 13.156603 72.331238 -3.295294
v 13.156603 72.331238 -3.295294
v 14.178677 72.878426 -3.954774
v 14.178677 72.878426 -3.954774
v 14.887062 73.208496 -4.726913
v 14.893219 73.191216 -4.726283
v 15.126474 73.325874 -5.727668
v 14.444296 73.092461 -5.124648
v 14.783327 73.229568 -5.659498
v 14.783327 73.229568 -5.659498
v 13.575132 72.823318 -6.591028
v 14.603935 73.179749 -6.266114
v 14.490330 73.200394 -7.440076
v 15.128263 73.315132 -6.549988
v 15.128263 73.315132 -6.549988
v 14.697065 73.228226 -7.538617
v 14.697065 73.228226 -7.538617
v 13.848602 73.119537 -8.355946
v 14.029448 73.146942 -8.507845
v 14.029448 73.146942 -8.507845
v 13.134470 73.136147 -9.234720
v 12.532522 72.866615 -8.654345
v 12.920713 72.696777 -7.481565
v 12.120714 72.258583 -6.775055
v 11.420755 72.207466 -7.572862
v 11.790079 73.017761 -9.308403
v 10.721714 72.325546 -8.213575
v 11.024116 73.345436 -9.823216
v 12.375757 73.307678 -9.904193
v 12.493536 73.335037 -10.040802
v 12.493536 73.335037 -10.040802
v 11.592757 73.649712 -10.420645
v 11.704275 73.682426 -10.561212
v 11.704275 73.682426 -10.561212
v 10.724060 74.151001 -10.839710
v 10.829849 74.189392 -10.984102
v 10.829849 74.189392 -10.984102
v 9.708265 74.800293 -11.217024
v 9.810814 74.852325 -11.361950
v 10.167952 73.840019 -10.248999
v 9.393732 74.586540 -10.841974
v 9.392353 74.587929 -10.836131
v 9.170559 73.055443 -9.114956
v 8.868187 74.194695 -10.238510
v 8.872154 74.201675 -10.235968
v 8.207499 73.630234 -9.466152
v 8.210707 73.637535 -9.461293
v 4.615835 76.666321 -11.186829
v 6.135412 76.495239 -11.600892
v 7.481916 76.181175 -11.837120
v 8.610853 75.612419 -11.736588
v 8.610853 75.612419 -11.736588
v 7.334738 76.356010 -12.021002
v 7.334738 76.356010 -12.021002
v 6.078965 76.835945 -11.966656
v 6.099321 76.922066 -12.121151
v 6.099321 76.922066 -12.121151
v 4.981704 77.195595 -11.949051
v 5.154953 76.852791 -11.592525
v 5.154953 76.852791 -11.592525
v 3.983042 76.173950 -10.480303
v 4.615460 76.665451 -11.187571
v 4.173280 76.966331 -11.360725
v 4.032746 77.065300 -11.465235
v 4.032746 77.065300 -11.465235
v 3.466262 76.478409 -10.629589
v 3.291433 76.564011 -10.711698
v 3.291433 76.564011 -10.711698
v 2.963122 75.651558 -9.711849
v 2.786279 75.727043 -9.783918
v 2.786279 75.727043 -9.783918
v 2.726337 74.554314 -8.735845
v 3.473223 75.359802 -9.575983
v 3.473574 75.360893 -9.574460
v 3.184441 74.280754 -8.600391
v 6.243954 73.652115 -8.916234
v 5.650906 72.644760 -7.920693
v 3.165564 73.025826 -7.676528
v 5.138979 71.446449 -6.905849
v 4.273098 70.361305 -6.036937
v 3.165450 73.025276 -7.677366
v 3.384474 71.343330 -6.615442
v 2.788527 73.278038 -7.820995
v 2.657490 73.339478 -7.895143
v 2.657490 73.339478 -7.895143
v 3.054957 71.962555 -7.009369
v 2.961271 72.002586 -7.079079
v 2.961271 72.002586 -7.079079
v 3.689386 69.933678 -5.844253
v 3.356746 70.739212 -6.364722
v 3.356746 70.739212 -6.364722
v 3.770572 69.865997 -5.777317
v 3.770572 69.865997 -5.777317
v 3.894490 70.210884 -5.938179
v 4.191599 68.934326 -5.176792
v 4.040946 68.889862 -5.220667
v 4.048706 68.724327 -5.175624
v 4.048706 68.724327 -5.175624
v 4.362324 67.981209 -4.578615
v 4.274778 68.005081 -4.673718
v 4.274778 68.005081 -4.673718
v 4.446393 67.439209 -4.228164
v 4.446393 67.439209 -4.228164
v 4.647488 67.215683 -3.942129
v 4.647488 67.215683 -3.942129
v 4.575135 68.215233 -4.650338
v 4.835169 67.766830 -4.292912
v 4.835169 67.766830 -4.292912
v 4.846654 69.669724 -5.610176
v 5.150600 68.636253 -4.896908
v 5.150600 68.636253 -4.896908
v 5.585068 69.713165 -5.696375
v 5.585068 69.713165 -5.696375
v 5.818261 68.827606 -5.010220
v 6.229324 68.572823 -4.728245
v 5.069913 67.432961 -3.994363
v 5.069913 67.432961 -3.994363
v 5.295308 67.207603 -3.739058
v 5.295308 67.207603 -3.739058
v 4.898514 66.743210 -3.481202
v 4.722715 66.700417 -3.551444
v 4.722715 66.700417 -3.551444
v 4.868033 66.497002 -3.312749
v 4.868033 66.497002 -3.312749
v 5.274930 66.532227 -3.077172
v 5.040016 66.382233 -3.111709
v 5.040016 66.382233 -3.111709
v 5.531550 67.078949 -3.503110
v 5.531550 67.078949 -3.503110
v 5.798832 67.035187 -3.262636
v 6.160164 67.867661 -4.033114
v 6.979723 68.840233 -4.739175
v 6.497157 67.821114 -3.722067
v 7.403663 68.788254 -4.341360
v 6.870584 67.869843 -3.370337
v 7.848941 68.851219 -3.875222
v 6.116753 67.071655 -3.003618
v 6.116753 67.071655 -3.003618
v 5.532825 66.365700 -2.736757
v 5.532825 66.365700 -2.736757
v 5.709018 66.488693 -2.834028
v 5.254731 66.339485 -2.925107
v 5.254731 66.339485 -2.925107
v 5.280848 66.469582 -3.159215
v 5.897669 66.898827 -3.315260
v 4.916382 66.693253 -3.561072
v 5.582292 66.948967 -3.602654
v 5.582270 66.948280 -3.603685
v 5.332432 67.081177 -3.850738
v 5.331965 67.081963 -3.850457
v 7.042630 68.646202 -4.877334
v 7.486413 68.588654 -4.460848
v 6.253084 66.959045 -3.037758
v 7.948736 68.649300 -3.975069
v 6.583898 67.081337 -2.813286
v 6.583898 67.081337 -2.813286
v 8.548615 68.843697 -3.265633
v 9.051617 69.674850 -4.594584
v 9.570402 69.845612 -3.953274
v 8.509844 69.602417 -5.198498
v 10.178743 70.635872 -5.305136
v 9.562803 70.559738 -6.010370
v 10.762262 70.822456 -4.549839
v 11.243383 71.424225 -6.079371
v 11.880905 71.609337 -5.243320
v 12.381775 72.161057 -7.047224
v 10.568033 71.357330 -6.855361
v 11.473873 71.988358 -7.670712
v 9.889826 71.460007 -7.487907
v 9.177855 71.729469 -7.989178
v 10.754160 72.113686 -8.332026
v 8.945549 70.642273 -6.592128
v 8.299725 70.881882 -7.060590
v 7.974114 69.670059 -5.704601
v 7.421680 69.878944 -6.122878
v 6.598235 68.825600 -5.235457
v 6.816845 70.220070 -6.480909
v 5.932778 68.757416 -5.259930
v 6.123916 70.684464 -6.806275
v 6.123916 70.684464 -6.806275
v 7.583488 71.264488 -7.446837
v 6.754994 71.776016 -7.781951
v 6.754994 71.776016 -7.781951
v 8.624084 72.395744 -8.673733
v 7.463139 72.703651 -8.742109
v 7.463139 72.703651 -8.742109
v 8.184660 73.452881 -9.628176
v 8.184660 73.452881 -9.628176
v 6.588984 73.631721 -9.340349
v 4.790704 74.368774 -9.443995
v 5.798511 72.392059 -8.089228
v 4.387341 73.308655 -8.457218
v 5.328737 71.252609 -7.118474
v 4.872178 69.373047 -5.699195
v 4.168069 72.047928 -7.468693
v 4.353855 69.994942 -6.082057
v 3.834801 70.681190 -6.467141
v 3.138529 72.915787 -7.813026
v 3.138529 72.915787 -7.813026
v 3.152551 74.167427 -8.734467
v 5.343900 75.203209 -10.361494
v 3.437705 75.244896 -9.705695
v 3.946183 76.061165 -10.603049
v 3.946183 76.061165 -10.603049
v 2.736086 74.998207 -9.209797
v 3.445661 76.417168 -10.696732
v 2.566919 74.623505 -8.807250
v 2.566919 74.623505 -8.807250
v 2.869205 72.544235 -7.451766
v 3.733263 69.705231 -5.818069
v 3.311255 71.645378 -6.995305
v 3.311255 71.645378 -6.995305
v 3.679169 69.970490 -5.987207
v 3.987754 69.272659 -5.578223
v 3.987754 69.272659 -5.578223
v 4.285192 68.657188 -5.182210
v 4.285192 68.657188 -5.182210
v 4.036299 68.839165 -5.287976
v 4.036299 68.839165 -5.287976
v 4.278271 68.149757 -4.818287
v 3.744110 69.629448 -5.736411
v 3.744110 69.629448 -5.736411
v 4.479953 67.588577 -4.387137
v 4.576868 68.103752 -4.784790
v 4.673628 67.192368 -4.062899
v 4.587345 67.004326 -3.855272
v 4.847045 67.650185 -4.422202
v 4.587995 67.009094 -3.851006
v 4.587995 67.009094 -3.851006
v 4.587995 67.009094 -3.851006
v 5.093840 67.311356 -4.115720
v 5.093840 67.311356 -4.115720
v 5.161127 68.484436 -5.062107
v 5.161127 68.484436 -5.062107
v 5.589688 69.541565 -5.878228
v 5.589688 69.541565 -5.878228
v 4.153934 76.909698 -11.421093
v 4.581004 76.562386 -11.296709
v 4.581004 76.562386 -11.296709
v 4.977346 77.184105 -11.960632
v 5.239850 76.803886 -11.770636
v 6.059944 76.777748 -12.025560
v 7.105284 76.216675 -11.891859
v 8.411285 75.459465 -11.610063
v 8.844894 74.033768 -10.382719
v 8.844894 74.033768 -10.382719
v 9.684931 74.717697 -11.272169
v 9.665297 74.698784 -11.256118
v 10.697001 74.020241 -10.849836
v 11.572978 73.527893 -10.429491
v 9.808604 74.844788 -11.365870
v 9.808604 74.844788 -11.365870
v 9.808604 74.844788 -11.365870
v 12.383663 73.224640 -9.946358
v 12.041994 72.979874 -9.604412
v 13.150106 73.050323 -9.268989
v 12.786098 72.806099 -8.907591
v 13.259285 73.158401 -9.366472
v 13.259285 73.158401 -9.366472
v 13.913126 73.017494 -8.352066
v 14.570946 73.106758 -7.392500
v 13.040789 72.311592 -6.152358
v 13.603086 72.523308 -5.312254
v 14.978321 73.199829 -6.466375
v 14.507759 72.962082 -5.154465
v 14.507759 72.962082 -5.154465
v 14.831850 73.109512 -5.677996
v 13.832272 72.629715 -4.476552
v 13.832272 72.629715 -4.476552
v 13.284540 72.364067 -3.500849
v 15.221109 73.322426 -5.598638
v 15.216406 73.328804 -5.599066
v 12.845779 72.077896 -3.820075
v 12.845779 72.077896 -3.820075
v 11.869828 71.447006 -2.910897
v 11.649254 71.284233 -3.266321
v 11.649254 71.284233 -3.266321
v 11.926151 71.531113 -2.787684
v 11.926151 71.531113 -2.787684
v 10.556572 70.412750 -2.568236
v 10.364525 70.266945 -2.869323
v 10.364525 70.266945 -2.869323
v 9.131371 69.190224 -2.619861
v 9.131371 69.190224 -2.619861
v 10.023399 70.061852 -3.352429
v 11.267664 71.058807 -3.838796
v 12.430296 71.848206 -4.454469
v 10.000793 72.410362 -8.850824
v 8.954782 69.890045 -4.497000
v 10.089321 70.858162 -5.213672
v 8.430968 69.814781 -5.079974
v 9.491692 70.778839 -5.897367
v 7.916294 69.876015 -5.566001
v 7.385794 70.076828 -5.965860
v 8.895947 70.854370 -6.458303
v 8.272535 71.085243 -6.907599
v 9.848867 71.675827 -7.360216
v 9.159201 71.936157 -7.841974
v 10.505562 71.580498 -6.748815
v 11.162476 71.650742 -5.994573
v 9.989604 72.613159 -8.713327
v 8.387321 72.346542 -8.231164
v 7.483989 72.892036 -8.564865
v 7.483989 72.892036 -8.564865
v 7.577775 71.458626 -7.277299
v 6.767979 71.961700 -7.599439
v 6.767979 71.961700 -7.599439
v 6.802086 70.409332 -6.307969
v 6.127789 70.865623 -6.620742
v 6.127789 70.865623 -6.620742
v 5.965918 69.205437 -1.102039
v 6.299706 69.927345 -0.716285
v 6.299706 69.927345 -0.716285
v 5.912813 68.757385 -1.376553
v 5.912813 68.757385 -1.376553
v 5.725968 69.028198 -1.227476
v 5.723474 69.015862 -1.242651
v 6.427537 70.659454 -0.328417
v 5.492901 68.225906 -1.695841
v 5.518679 67.786697 -1.983078
v 5.490335 68.213249 -1.712830
v 5.376590 67.654335 -2.087252
v 5.376590 67.654335 -2.087252
v 5.727349 68.930359 -1.345052
v 5.452337 67.554611 -2.251762
v 5.872187 68.854332 -1.473503
v 5.872187 68.854332 -1.473503
v 5.934556 69.288605 -1.196952
v 5.934556 69.288605 -1.196952
v 5.856185 68.372429 -1.811451
v 6.262190 70.006775 -0.830459
v 7.132227 70.205475 -0.916451
v 6.568282 68.881058 -1.688564
v 7.188956 71.714310 0.026123
v 6.159722 70.111412 -0.707675
v 6.112535 70.089699 -0.662749
v 6.112535 70.089699 -0.662749
v 6.715381 71.311119 -0.094888
v 6.669930 71.346420 -0.014415
v 6.669930 71.346420 -0.014415
v 7.452432 72.590584 0.542174
v 7.397550 72.655998 0.640907
v 7.397550 72.655998 0.640907
v 8.369134 73.729332 1.076429
v 8.355116 73.746971 1.096922
v 8.178655 71.370522 -0.369665
v 9.229185 72.504562 0.184742
v 9.210896 72.531219 0.203139
v 10.392657 73.301613 0.527878
v 11.436007 74.590424 1.245389
v 9.374166 74.625275 1.500946
v 11.004864 75.119804 1.628870
v 9.281917 74.728638 1.633932
v 9.281917 74.728638 1.633932
v 10.377192 75.205048 1.765837
v 10.320325 75.293907 1.874977
v 10.320325 75.293907 1.874977
v 11.305447 75.539719 1.931125
v 11.306308 75.530266 1.946679
v 12.135538 75.382622 1.740003
v 12.047091 75.203514 1.610222
v 12.047091 75.203514 1.610222
v 11.897272 73.986847 0.775466
v 12.468283 74.898842 1.375081
v 13.359812 74.503448 1.009701
v 12.184687 75.460938 1.821038
v 12.923679 75.097321 1.550510
v 12.921858 75.099701 1.541662
v 13.522198 74.561310 1.093708
v 13.522198 74.561310 1.093708
v 13.811852 73.929085 0.426195
v 13.996048 73.965668 0.490663
v 13.996048 73.965668 0.490663
v 14.195633 73.443893 -0.277268
v 14.161373 73.437950 -0.284821
v 13.789219 73.301476 -0.345067
v 12.348866 73.361305 0.185071
v 13.130987 73.028526 -0.443065
v 13.130987 73.028526 -0.443065
v 12.262705 72.612083 -0.583260
v 12.262705 72.612083 -0.583260
v 13.803930 72.931389 -1.181098
v 12.506380 72.316925 -1.334198
v 13.489162 72.649605 -2.068107
v 14.484594 73.060478 -2.004949
v 14.413631 73.158890 -1.095069
v 14.556866 73.177933 -1.068645
v 14.556866 73.177933 -1.068645
v 14.679865 73.089081 -1.973884
v 14.679865 73.089081 -1.973884
v 14.533741 73.117798 -2.970918
v 14.751850 73.142685 -2.936567
v 14.751850 73.142685 -2.936567
v 14.804806 73.268372 -3.781705
v 14.233570 73.150620 -3.900158
v 13.534706 72.720955 -2.956476
v 12.654999 72.312325 -2.978992
v 13.537720 72.904480 -3.871234
v 12.619247 72.522629 -3.837812
v 13.520901 73.153381 -4.781921
v 12.545237 72.818626 -4.689909
v 13.458216 73.418671 -5.608774
v 14.265545 73.360588 -4.856947
v 14.232622 73.574631 -5.714677
v 14.724998 73.460716 -4.912305
v 14.886868 73.463264 -4.942482
v 14.886868 73.463264 -4.942482
v 14.880678 73.655739 -5.855968
v 14.879848 73.645027 -5.857048
v 14.242184 73.886314 -6.847769
v 14.683794 73.800278 -6.579858
v 14.683794 73.800278 -6.579858
v 14.076200 73.750839 -6.368653
v 13.860289 73.851517 -6.737056
v 13.860289 73.851517 -6.737056
v 13.334698 73.653999 -6.273147
v 12.317308 73.455490 -6.148928
v 13.243563 73.828224 -6.757353
v 12.223625 73.694267 -6.663437
v 13.293789 73.924652 -7.075783
v 13.350702 73.934113 -7.206148
v 13.350702 73.934113 -7.206148
v 12.198509 73.825249 -6.995971
v 12.208740 73.842468 -7.127150
v 12.208740 73.842468 -7.127150
v 10.891412 73.555412 -6.761519
v 10.877989 73.582771 -6.886718
v 10.877989 73.582771 -6.886718
v 9.534805 73.070793 -6.461897
v 10.961603 73.391563 -6.445080
v 9.625172 72.878906 -6.169164
v 11.089216 73.097054 -5.950709
v 11.247499 72.723312 -5.315627
v 9.780889 72.540314 -5.714210
v 9.972830 72.114822 -5.133544
v 8.527439 71.779366 -5.484309
v 8.714072 71.318436 -4.954241
v 7.286550 71.262543 -5.632844
v 8.376125 72.147461 -5.903065
v 8.286760 72.356255 -6.174236
v 8.266830 72.400162 -6.285984
v 8.266830 72.400162 -6.285984
v 7.229922 71.507286 -5.901280
v 7.206182 71.543938 -6.002942
v 7.206182 71.543938 -6.002942
v 6.368592 70.649200 -5.703590
v 6.376643 70.644791 -5.707936
v 5.787907 69.783859 -5.368888
v 6.495245 70.477997 -5.420494
v 6.047190 69.916275 -5.250179
v 6.047190 69.916275 -5.250179
v 6.628499 69.166527 -4.274083
v 5.923908 69.467125 -4.968719
v 5.923908 69.467125 -4.968719
v 5.856883 68.898376 -4.555612
v 5.856883 68.898376 -4.555612
v 5.511300 68.996429 -4.887860
v 5.448963 68.992912 -4.972222
v 5.450968 68.991737 -4.982243
v 5.293534 68.310448 -4.531021
v 5.293534 68.310448 -4.531021
v 5.425726 67.516159 -3.708403
v 5.261590 67.738190 -4.082438
v 5.261590 67.738190 -4.082438
v 5.880993 68.009171 -3.783259
v 7.679742 70.069435 -4.397550
v 6.759232 68.650696 -3.677113
v 7.838380 69.522438 -3.699970
v 6.819979 68.378311 -3.243172
v 6.838102 68.263329 -2.853672
v 7.919125 69.249794 -3.180086
v 5.548999 67.293053 -3.308579
v 5.987925 67.551659 -2.985347
v 5.312410 67.033661 -3.354284
v 5.315993 67.028549 -3.364370
v 5.480020 67.094353 -3.067826
v 5.329030 66.914780 -3.096658
v 5.329030 66.914780 -3.096658
v 5.484985 67.110245 -2.832670
v 5.337345 66.928177 -2.871611
v 5.337345 66.928177 -2.871611
v 5.478487 67.241684 -2.598763
v 5.330106 67.061691 -2.650252
v 5.980433 67.575241 -2.703760
v 5.980433 67.575241 -2.703760
v 5.946767 67.725182 -2.426519
v 5.946767 67.725182 -2.426519
v 7.358994 68.765671 -2.355096
v 6.730649 68.479645 -2.137774
v 6.730649 68.479645 -2.137774
v 7.748909 69.404900 -1.776695
v 7.748909 69.404900 -1.776695
v 8.082069 70.329048 -1.093633
v 5.893281 67.990593 -2.131498
v 5.893281 67.990593 -2.131498
v 5.339841 67.284210 -2.392046
v 5.339841 67.284210 -2.392046
v 5.505096 67.410522 -2.297065
v 5.338360 67.054169 -2.646734
v 5.338360 67.054169 -2.646734
v 5.338360 67.054169 -2.646734
v 5.521761 67.168839 -2.571764
v 5.521761 67.168839 -2.571764
v 6.024070 67.591927 -2.375180
v 6.024070 67.591927 -2.375180
v 5.532465 67.035332 -2.820719
v 5.529715 67.019150 -3.070895
v 6.065148 67.438652 -2.677256
v 6.065302 67.438034 -2.680133
v 6.076830 67.413681 -2.989592
v 6.076328 67.413971 -2.986321
v 8.895819 69.697662 -1.967008
v 6.825876 68.307724 -2.066868
v 6.825876 68.307724 -2.066868
v 7.848613 69.212837 -1.690938
v 7.848613 69.212837 -1.690938
v 8.302595 70.240227 -0.930665
v 6.997007 69.626572 -1.014012
v 5.959517 67.865036 -2.054805
v 5.959517 67.865036 -2.054805
v 5.909515 68.258987 -1.717798
v 5.909515 68.258987 -1.717798
v 9.384233 72.201897 0.231114
v 8.998924 70.181946 -1.300057
v 8.998924 70.181946 -1.300057
v 9.819498 71.585373 -0.316646
v 9.819498 71.585373 -0.316646
v 10.183455 71.089737 -0.946893
v 10.183455 71.089737 -0.946893
v 10.183455 71.089737 -0.946893
v 9.383142 72.201935 0.237089
v 11.269778 72.569778 0.091698
v 10.795063 73.221603 0.690662
v 11.315731 71.835274 -0.673272
v 11.315731 71.835274 -0.673272
v 12.336826 72.415237 -0.477669
v 12.336826 72.415237 -0.477669
v 11.959036 71.768555 -1.360155
v 11.684999 71.443619 -2.217399
v 10.417048 70.801910 -1.629700
v 10.523226 70.720078 -2.348662
v 9.279633 69.852959 -2.512076
v 8.051695 68.935890 -2.688902
v 9.267994 69.960915 -3.151643
v 8.035991 69.049202 -3.218815
v 9.172134 70.231964 -3.805695
v 10.520165 70.820259 -3.089262
v 10.426043 71.078445 -3.836987
v 11.695863 71.533531 -3.039511
v 12.739555 72.095703 -3.002192
v 11.622911 71.769943 -3.868804
v 12.700989 72.305122 -3.898447
v 11.490570 72.115639 -4.680444
v 11.324883 72.516479 -5.428803
v 12.621323 72.603348 -4.778360
v 10.261774 71.463356 -4.571993
v 10.059235 71.914497 -5.253140
v 9.008589 70.642128 -4.461392
v 7.815825 69.749237 -4.354578
v 8.808720 71.127068 -5.078183
v 7.601657 70.453804 -5.112006
v 8.606850 71.611931 -5.608696
v 8.434299 72.020134 -6.005993
v 8.434299 72.020134 -6.005993
v 9.853037 72.364090 -5.833963
v 9.677792 72.744347 -6.267995
v 11.153408 72.914276 -6.063777
v 12.373095 73.273621 -6.252225
v 11.008165 73.251518 -6.538142
v 11.008165 73.251518 -6.538142
v 12.264046 73.554710 -6.748249
v 12.264046 73.554710 -6.748249
v 10.915922 73.479355 -6.813853
v 12.219780 73.749397 -7.043600
v 9.562593 72.997841 -6.517558
v 9.514439 73.108551 -6.580110
v 9.514439 73.108551 -6.580110
v 8.317559 72.287376 -6.232289
v 7.262254 71.443817 -5.958658
v 5.943491 69.909172 -5.428702
v 7.372766 71.187988 -5.757367
v 7.372766 71.187988 -5.757367
v 6.567402 70.390778 -5.517924
v 6.567402 70.390778 -5.517924
v 6.100690 69.827354 -5.329121
v 5.986472 69.365486 -5.051142
v 5.931248 68.782135 -4.639720
v 5.988501 69.363663 -5.055860
v 5.932638 68.781136 -4.643139
v 5.441540 68.095352 -4.338235
v 5.792554 69.776009 -5.371338
v 5.957283 68.237427 -4.172573
v 5.957726 68.238823 -4.175865
v 5.482592 67.410736 -3.696188
v 6.016745 67.806808 -3.720442
v 6.017572 67.799088 -3.709740
v 5.286479 67.304504 -3.676895
v 5.286479 67.304504 -3.676895
v 6.060193 67.529221 -3.320494
v 6.060147 67.532173 -3.328160
v 7.953033 69.325554 -3.775672
v 13.312109 73.853737 -7.116980
v 13.277802 73.699081 -6.830267
v 13.277802 73.699081 -6.830267
v 14.197458 73.899971 -7.046186
v 13.889299 73.737892 -6.797868
v 14.196583 73.905457 -7.042075
v 14.504465 73.731796 -6.563847
v 14.759302 73.571831 -5.809880
v 13.697828 73.042290 -5.007382
v 13.381033 73.487015 -6.361506
v 13.513924 73.230499 -5.697463
v 12.508047 72.942253 -5.583111
v 13.606052 72.706055 -3.922726
v 13.703682 72.575989 -3.014883
v 14.502037 72.937698 -2.000702
v 14.594051 73.016869 -3.009942
v 14.746664 73.320938 -4.671887
v 14.815304 73.284264 -3.937511
v 14.382849 73.040054 -1.052558
v 14.203047 73.349861 -0.233552
v 14.344259 73.458916 -0.236455
v 13.837284 73.162750 -0.271060
v 14.340368 73.463753 -0.240031
v 14.340368 73.463753 -0.240031
v 14.340368 73.463753 -0.240031
v 13.873011 73.873146 0.497609
v 13.402901 74.467262 1.098305
v 13.408979 73.661667 0.474102
v 12.926573 74.263161 1.072181
v 13.194693 72.850708 -0.347721
v 13.194693 72.850708 -0.347721
v 12.399042 74.799164 1.497843
v 11.485081 75.067093 1.734108
v 11.485081 75.067093 1.734108
v 12.067621 75.122444 1.708913
v 10.609696 74.793289 1.654413
v 10.609696 74.793289 1.654413
v 10.389219 75.152481 1.839281
v 12.185741 75.454872 1.832672
v 9.364803 74.589012 1.600632
v 9.604263 74.228432 1.415834
v 9.604263 74.228432 1.415834
v 8.278662 73.835419 1.223832
v 8.359313 73.704117 1.186616
v 8.585995 73.361534 1.011666
v 8.480641 73.517197 1.101999
v 8.279348 73.837448 1.216422
v 8.279348 73.837448 1.216422
v 8.279348 73.837448 1.216422
v 7.467101 72.536301 0.617547
v 6.882727 71.014778 -0.149583
v 6.882727 71.014778 -0.149583
v 8.949797 72.827515 0.685282
v 8.861425 72.956711 0.769035
v 12.711626 72.017174 -2.118792
v 9.743702 71.774063 -0.456582
v 9.743702 71.774063 -0.456582
v 8.903152 70.381981 -1.396552
v 8.903152 70.381981 -1.396552
v 10.094986 71.291916 -1.050611
v 10.094986 71.291916 -1.050611
v 10.094986 71.291916 -1.050611
v 9.088730 70.129913 -1.946316
v 9.168610 70.064636 -2.520138
v 10.319660 71.012909 -1.689768
v 10.420778 70.935997 -2.362237
v 11.476733 71.745491 -1.486239
v 11.591122 71.661797 -2.235121
v 11.234122 72.037956 -0.780746
v 11.234122 72.037956 -0.780746
v 10.856138 72.546349 -0.134322
v 12.627260 72.230385 -2.138614
v 11.601139 71.754395 -3.012094
v 11.530636 71.990807 -3.801859
v 10.416346 71.037758 -3.057575
v 10.324373 71.294762 -3.765340
v 9.155382 70.172897 -3.115631
v 9.061640 70.441414 -3.730410
v 8.903861 70.845955 -4.355332
v 10.165741 71.675331 -4.469733
v 11.403969 72.333328 -4.583748
v 7.936357 69.137367 -2.691276
v 12.440544 73.147545 -5.479511
v 2.419637 71.275482 -2.426311
v 2.386273 72.076225 -2.190840
v 2.386259 72.076469 -2.190741
v 2.607725 70.743980 -2.448933
v 2.607144 70.743950 -2.448278
v 2.312651 71.070465 -2.632967
v 2.322226 71.069138 -2.646619
v 2.172408 72.250450 -2.367064
v 2.550012 70.258591 -2.677452
v 2.900625 69.371407 -2.707670
v 2.538143 70.115875 -2.781324
v 2.538143 70.115875 -2.781324
v 2.801160 69.382889 -2.830307
v 2.801160 69.382889 -2.830307
v 2.686956 69.989250 -2.775794
v 2.692145 70.786621 -2.570345
v 2.692145 70.786621 -2.570345
v 2.494060 71.312065 -2.530940
v 2.494060 71.312065 -2.530940
v 2.998719 70.165344 -2.565955
v 2.998719 70.165344 -2.565955
v 2.473491 72.206894 -2.291258
v 2.588054 73.306915 -1.870548
v 2.268387 72.255447 -2.364261
v 2.181016 72.255737 -2.370274
v 2.258892 73.551399 -1.966390
v 2.149850 73.607697 -1.966149
v 2.149850 73.607697 -1.966149
v 2.389501 74.923790 -1.418168
v 2.263796 75.005104 -1.422226
v 2.263796 75.005104 -1.422226
v 2.696846 76.190483 -0.735249
v 2.779992 74.646713 -1.279335
v 3.132347 75.869781 -0.557082
v 5.095027 72.376945 -0.432425
v 4.756924 74.238663 0.081054
v 3.638166 76.819160 0.250403
v 4.963029 76.653305 1.427290
v 5.315573 75.171707 1.011418
v 4.137458 77.546165 1.017227
v 3.196975 77.184883 0.052177
v 3.060316 77.278030 0.031220
v 3.060316 77.278030 0.031220
v 3.820814 77.856575 0.874413
v 3.699020 77.953354 0.856732
v 3.699020 77.953354 0.856732
v 4.484324 78.191643 1.657607
v 4.400620 78.291000 1.664178
v 4.400620 78.291000 1.664178
v 5.118602 78.297661 2.412969
v 4.724716 77.901962 1.762064
v 5.153848 78.003281 2.273752
v 5.153848 78.003281 2.273752
v 5.573151 77.067482 2.282199
v 6.208661 77.333008 3.155939
v 5.813864 77.986450 3.084909
v 5.806985 77.982231 3.088407
v 6.466849 77.380615 3.517885
v 6.514496 77.434685 3.667866
v 6.514496 77.434685 3.667866
v 7.226447 76.652214 3.918538
v 7.279741 76.749680 4.143775
v 7.279741 76.749680 4.143775
v 8.051309 76.003242 4.275959
v 8.136439 76.062019 4.482773
v 7.842526 75.840019 3.901130
v 6.612988 76.203079 2.894631
v 6.106242 75.711761 2.056391
v 7.450851 75.521736 3.234559
v 7.450851 75.521736 3.234559
v 6.933815 75.038269 2.390341
v 6.933815 75.038269 2.390341
v 8.598348 75.130569 3.829113
v 7.777339 74.471191 2.623199
v 9.580070 74.661491 3.905385
v 9.007795 75.418427 4.513710
v 9.076183 75.452591 4.672781
v 9.076183 75.452591 4.672781
v 10.025537 74.922981 4.531374
v 10.108372 74.952034 4.682798
v 10.108372 74.952034 4.682798
v 11.105355 74.506424 4.365460
v 11.204744 74.530235 4.507219
v 11.204744 74.530235 4.507219
v 12.229347 74.147163 4.003767
v 10.609840 74.261009 3.787779
v 11.677359 73.908997 3.457162
v 9.537374 73.632332 2.670227
v 10.481457 73.318443 2.434948
v 12.758917 73.590378 2.921806
v 11.467239 73.049965 2.015287
v 13.276331 73.182671 2.079312
v 14.170631 73.411858 2.498896
v 13.353350 73.826035 3.452463
v 13.482698 73.839615 3.571627
v 13.482698 73.839615 3.571627
v 14.900064 73.323982 2.272817
v 14.473475 73.540672 2.889489
v 14.473475 73.540672 2.889489
v 15.156223 73.258339 2.171014
v 15.156223 73.258339 2.171014
v 15.409109 72.982140 1.469223
v 14.894924 73.002083 1.485477
v 14.894924 73.002083 1.485477
v 14.573277 72.803497 1.087438
v 13.858389 72.485504 0.547341
v 14.573132 72.805199 1.086622
v 14.979496 72.717209 0.876843
v 15.145411 72.667931 0.831882
v 15.145411 72.667931 0.831882
v 14.262409 72.380424 0.298723
v 14.411417 72.318359 0.235788
v 14.411417 72.318359 0.235788
v 13.152905 71.968796 -0.275913
v 13.288557 71.906822 -0.337355
v 13.288557 71.906822 -0.337355
v 11.772755 71.477882 -0.844604
v 12.714649 72.058273 -0.039565
v 11.287380 71.543335 -0.612454
v 11.336538 72.333015 0.811002
v 10.107415 71.714813 0.073366
v 9.440414 70.961769 -0.988893
v 8.800692 70.980179 -0.681487
v 8.093102 70.277016 -1.604530
v 9.948714 70.946701 -1.244787
v 8.534672 70.329849 -1.779716
v 10.262213 70.916023 -1.396044
v 10.371048 70.874756 -1.431897
v 10.371048 70.874756 -1.431897
v 8.780275 70.330544 -1.890126
v 8.856013 70.296989 -1.916238
v 8.856013 70.296989 -1.916238
v 7.475762 69.775406 -2.283702
v 7.475762 69.775406 -2.283702
v 7.488736 69.735924 -2.310630
v 7.488736 69.735924 -2.310630
v 6.427873 69.287811 -2.552065
v 6.427873 69.287811 -2.552065
v 7.343432 69.770622 -2.198798
v 6.579214 69.388626 -2.442624
v 6.579214 69.388626 -2.442624
v 6.943501 69.649666 -2.111881
v 6.417187 69.481773 -2.008929
v 6.104617 69.163651 -2.478074
v 5.563341 68.899010 -2.470363
v 5.563341 68.899010 -2.470363
v 5.641611 68.877693 -2.692034
v 5.504169 68.760864 -2.752393
v 5.497228 68.765350 -2.749540
v 4.902686 68.407204 -2.812753
v 4.892028 68.384361 -2.812004
v 4.439935 68.095161 -2.813565
v 4.445998 68.090897 -2.809583
v 4.124121 67.903946 -2.789669
v 5.104971 68.677917 -2.421194
v 4.738341 68.541542 -2.366658
v 5.907590 69.341408 -1.890236
v 6.940090 70.158630 -1.190232
v 5.458226 69.271782 -1.793721
v 6.382235 70.171310 -1.037970
v 5.081070 69.304337 -1.755613
v 5.134289 70.012451 -1.366037
v 5.894590 70.271431 -0.979890
v 4.446622 68.520142 -2.340884
v 4.446622 68.520142 -2.340884
v 4.196860 68.618530 -2.347317
v 4.196860 68.618530 -2.347317
v 4.051497 68.024605 -2.679322
v 3.909844 67.841537 -2.765308
v 3.909844 67.841537 -2.765308
v 3.909844 67.841537 -2.765308
v 3.792679 68.113350 -2.684008
v 3.723767 67.907532 -2.759109
v 3.723767 67.907532 -2.759109
v 3.544787 68.095383 -2.766716
v 3.544787 68.095383 -2.766716
v 3.340923 68.401291 -2.797653
v 3.423680 68.576080 -2.734453
v 3.952070 68.835182 -2.381734
v 3.675269 69.168579 -2.439909
v 3.655646 69.121834 -2.464393
v 4.732865 70.291260 -1.459221
v 4.051605 70.076050 -1.940757
v 4.050941 70.075195 -1.940544
v 4.537267 71.197281 -1.259648
v 4.534182 71.193520 -1.258867
v 3.080616 68.821487 -2.820546
v 3.080616 68.821487 -2.820546
v 3.337870 68.399910 -2.789021
v 3.337870 68.399910 -2.789021
v 3.337870 68.399910 -2.789021
v 3.388801 68.567909 -2.645169
v 3.388801 68.567909 -2.645169
v 3.591132 69.107101 -2.298679
v 3.591132 69.107101 -2.298679
v 3.616700 68.252625 -2.614311
v 3.816682 68.053215 -2.601001
v 3.877386 68.765076 -2.242574
v 3.876998 68.764595 -2.241658
v 4.133453 68.536819 -2.209868
v 5.328438 70.284401 -0.864624
v 5.385446 71.479210 -0.306547
v 3.942243 69.993805 -1.761427
v 3.942243 69.993805 -1.761427
v 4.414085 71.100807 -1.063898
v 4.414085 71.100807 -1.063898
v 3.254979 69.560806 -2.371927
v 2.908056 70.116371 -2.430990
v 3.584098 71.890366 -1.356062
v 3.254471 69.560661 -2.371280
v 2.907901 70.116356 -2.430814
v 4.968063 72.273087 -0.234523
v 3.286955 73.842560 -0.893572
v 4.972256 72.274963 -0.241228
v 4.827651 74.001755 0.383854
v 5.582351 73.363159 0.671447
v 5.582351 73.363159 0.671447
v 3.725281 75.013763 -0.095550
v 5.394926 74.913406 1.313763
v 4.279795 75.924950 0.784864
v 5.965849 75.602028 2.230912
v 6.208437 74.242775 1.631131
v 6.208437 74.242775 1.631131
v 6.808452 74.913177 2.563385
v 6.808452 74.913177 2.563385
v 7.010488 73.678436 1.865929
v 7.810945 73.220047 1.987239
v 7.865341 74.466133 3.033375
v 6.299673 72.831154 0.896359
v 6.996561 72.407059 1.028659
v 6.160770 71.410683 0.073515
v 6.748480 71.132568 0.097508
v 5.681471 69.927757 -0.960901
v 7.384036 70.942825 -0.000749
v 7.707216 72.076134 1.039916
v 8.465839 71.823608 0.901697
v 8.634256 72.850105 1.967258
v 9.479727 73.451294 2.823193
v 9.504870 72.551094 1.778183
v 10.446733 73.121033 2.578445
v 10.428761 72.308495 1.411874
v 11.338009 72.119789 0.938851
v 11.452379 72.841263 2.148329
v 9.287394 71.636124 0.603470
v 10.450893 71.461143 0.029434
v 8.087696 70.829880 -0.231307
v 6.922008 69.976868 -1.034751
v 8.804111 70.778809 -0.544430
v 7.534492 70.017761 -1.259166
v 9.458069 70.773521 -0.875840
v 8.111570 70.100639 -1.492466
v 9.970509 70.796738 -1.162885
v 9.970509 70.796738 -1.162885
v 11.432934 71.390823 -0.568967
v 11.432934 71.390823 -0.568967
v 12.444323 72.118492 0.619855
v 12.777864 71.906876 0.033299
v 12.777864 71.906876 0.033299
v 13.865309 72.333153 0.617476
v 12.260677 71.563774 -0.623185
v 14.839567 72.535400 0.705527
v 11.897356 71.424629 -0.894566
v 11.897356 71.424629 -0.894566
v 9.423873 70.507652 -1.649009
v 6.865955 69.432457 -2.411846
v 8.557295 70.188820 -1.698825
v 8.557295 70.188820 -1.698825
v 7.362947 69.646553 -2.122915
v 7.362947 69.646553 -2.122915
v 6.594093 69.283592 -2.374260
v 6.959671 69.495819 -2.008137
v 6.420376 69.318810 -1.882935
v 6.116316 69.046242 -2.394798
v 6.116316 69.046242 -2.394798
v 5.565435 68.775780 -2.370437
v 5.565435 68.775780 -2.370437
v 6.352978 69.218658 -2.591891
v 6.352978 69.218658 -2.591891
v 4.123687 67.894897 -2.782287
v 5.091033 68.559708 -2.307101
v 5.091033 68.559708 -2.307101
v 4.705942 68.434776 -2.241603
v 4.024287 67.974266 -2.605916
v 4.397450 68.426102 -2.208215
v 4.397450 68.426102 -2.208215
v 5.417872 69.129204 -1.636256
v 6.339308 70.004951 -0.868019
v 5.890412 69.184448 -1.746425
v 14.582787 72.668350 1.154281
v 14.582787 72.668350 1.154281
v 15.410568 72.966789 1.476010
v 14.901808 72.883354 1.544442
v 14.923658 73.148270 2.117747
v 14.258852 73.415344 2.807814
v 12.412090 72.612442 1.611826
v 13.267382 73.716682 3.485747
v 11.819128 73.864861 3.757813
v 10.678925 74.202141 4.053307
v 8.816916 74.017509 3.169671
v 9.689362 74.643501 4.246034
v 11.084476 74.433624 4.420063
v 9.995515 74.856743 4.589139
v 12.216879 74.068825 4.055044
v 12.344698 74.165848 4.134965
v 12.344698 74.165848 4.134965
v 8.913979 75.353523 4.544610
v 8.125896 76.050240 4.493980
v 8.010201 75.952560 4.381073
v 7.755898 75.745842 4.016409
v 8.128784 76.053261 4.488251
v 8.128784 76.053261 4.488251
v 7.158244 76.606110 4.015666
v 6.411062 77.340759 3.579082
v 6.128373 77.042259 3.180043
v 7.338802 75.404236 3.385911
v 7.338802 75.404236 3.385911
v 4.892444 76.593742 1.685211
v 5.502976 77.569321 2.722525
v 4.626348 77.847145 1.865716
v 4.626348 77.847145 1.865716
v 5.486431 78.053978 2.818890
v 4.028854 77.488342 1.133999
v 4.028854 77.488342 1.133999
v 4.429478 78.162132 1.714746
v 3.760719 77.825851 0.938132
v 5.107036 78.294533 2.423836
v 3.135459 77.154350 0.120076
v 3.430461 76.817284 0.315667
v 3.430461 76.817284 0.315667
v 2.636571 76.161102 -0.664916
v 2.929030 75.836044 -0.489674
v 2.929030 75.836044 -0.489674
v 2.561080 76.279892 -0.748732
v 2.561080 76.279892 -0.748732
v 2.238223 74.331680 -1.608373
v 2.597476 74.593163 -1.197439
v 2.597476 74.593163 -1.197439
v 2.427277 73.269234 -1.771830
v 2.427277 73.269234 -1.771830
v 5.101387 72.381523 -0.438940
v 5.713096 73.478004 0.479012
v 5.713096 73.478004 0.479012
v 5.693437 71.911064 -0.241977
v 6.251311 71.553146 -0.114997
v 6.411332 72.963699 0.708063
v 7.085596 72.559708 0.846782
v 7.120582 73.819092 1.685410
v 7.897535 73.380898 1.813568
v 6.338776 74.365173 1.445989
v 6.338776 74.365173 1.445989
v 8.640597 74.009567 2.724736
v 8.696019 73.031013 1.802302
v 9.542418 72.749878 1.623446
v 7.771748 72.249229 0.866631
v 8.505649 72.015427 0.739072
v 6.815407 71.295151 -0.082786
v 7.426125 71.124420 -0.170130
v 8.105320 71.026573 -0.386672
v 9.304071 71.842010 0.453792
v 10.444620 72.520096 1.268922
v 7.530716 70.205345 -1.395658
v 12.411573 72.821510 1.492082
v 4.810152 69.469345 -5.513378
v 4.827702 70.260429 -5.785703
v 4.827702 70.260429 -5.785703
v 4.711468 69.047783 -5.254488
v 4.711468 69.047783 -5.254488
v 4.908331 69.190079 -5.487848
v 4.908907 69.178391 -5.475159
v 4.941106 70.316284 -5.894483
v 4.813542 68.369270 -5.068574
v 4.720907 67.813538 -4.660255
v 4.815315 68.358307 -5.052954
v 4.725547 67.808716 -4.644927
v 4.890121 68.996185 -5.313170
v 4.648860 67.468155 -4.266395
v 4.755396 68.737450 -4.929206
v 4.898702 69.504784 -5.428936
v 4.898702 69.504784 -5.428936
v 4.712916 69.789261 -5.209520
v 4.742316 71.284851 -5.723081
v 4.950834 70.899651 -5.871810
v 5.022346 70.777565 -5.979678
v 4.997779 70.304207 -5.899445
v 4.997779 70.304207 -5.899445
v 5.079453 71.657181 -6.309682
v 5.079453 71.657181 -6.309682
v 5.135386 73.725815 -6.739285
v 5.151955 73.117058 -6.685409
v 5.151955 73.117058 -6.685409
v 4.947080 72.940544 -6.375222
v 4.919080 74.327789 -6.674571
v 4.654526 72.699837 -6.060089
v 4.286469 72.408691 -5.680072
v 4.526650 74.087799 -6.354122
v 4.037841 73.799454 -5.966420
v 4.354298 75.278534 -6.561706
v 3.903531 75.983025 -6.525305
v 3.737638 75.006897 -6.171922
v 4.852406 75.505318 -6.881539
v 4.638814 76.808807 -7.038051
v 5.149924 75.642891 -7.098929
v 5.232310 75.680672 -7.200194
v 5.232310 75.680672 -7.200194
v 5.053775 76.542900 -7.198608
v 5.153847 76.583443 -7.296639
v 5.153847 76.583443 -7.296639
v 4.795825 77.157265 -7.189106
v 4.895772 77.210159 -7.277202
v 4.895772 77.210159 -7.277202
v 4.386389 77.578880 -7.132717
v 4.183214 77.341995 -6.968340
v 4.183214 77.341995 -6.968340
v 3.525949 76.726982 -6.558891
v 2.946241 77.352814 -6.506202
v 3.588018 77.619408 -6.829351
v 3.583375 77.707397 -6.883582
v 3.581410 77.709091 -6.892362
v 2.595663 77.676353 -6.527059
v 2.598766 77.678169 -6.538918
v 1.665638 77.464722 -6.058967
v 1.570348 77.561905 -6.093544
v 1.547136 77.560013 -6.092656
v 0.816045 77.353348 -5.595119
v 2.002106 76.910866 -5.978232
v 1.232035 76.799431 -5.539488
v 2.653635 75.761673 -5.878479
v 2.327974 75.024948 -5.399542
v 0.737766 76.751358 -5.093638
v 1.907639 74.944870 -4.996833
v 0.525566 76.795235 -4.616609
v 0.280239 77.321175 -5.121449
v 0.157689 77.422836 -5.135954
v 0.157689 77.422836 -5.135954
v 0.073128 77.368591 -4.607502
v -0.049686 77.471466 -4.608390
v -0.049686 77.471466 -4.608390
v -0.049686 77.471466 -4.608390
v 0.170087 77.477829 -4.007949
v 0.054311 77.581184 -3.993211
v 0.054311 77.581184 -3.993211
v 0.562982 77.612549 -3.282645
v 0.546486 77.631142 -3.277455
v 0.583945 76.906479 -4.062060
v 0.770933 77.271660 -3.348807
v 1.342754 75.641846 -4.135892
v 1.108149 76.656448 -3.452292
v 1.108149 76.656448 -3.452292
v 1.536609 75.806419 -3.561226
v 1.536609 75.806419 -3.561226
v 1.425490 77.281967 -2.542467
v 2.101053 75.503784 -2.958766
v 2.245047 76.688271 -1.980959
v 2.284062 77.651482 -1.278547
v 1.402529 77.854324 -2.087918
v 1.072021 77.902885 -2.356805
v 1.072021 77.902885 -2.356805
v 1.802077 78.020271 -1.464740
v 1.802077 78.020271 -1.464740
v 2.488977 78.017281 -0.739439
v 2.484498 78.011444 -0.734086
v 3.008359 77.813667 -0.295977
v 2.865087 77.575279 -0.670326
v 2.864665 77.575043 -0.669973
v 3.008065 77.210609 -0.721793
v 3.010683 77.211311 -0.723871
v 3.140530 76.540985 -0.939349
v 3.140530 76.540985 -0.939349
v 3.291561 77.361717 -0.223238
v 3.282811 77.360161 -0.219820
v 3.351257 76.585571 -0.594328
v 3.387925 76.662598 -0.442787
v 3.387925 76.662598 -0.442787
v 3.417781 75.733482 -0.844223
v 3.417781 75.733482 -0.844223
v 3.475049 74.590851 -1.395669
v 3.238568 75.609810 -1.291975
v 3.238568 75.609810 -1.291975
v 3.376448 74.474792 -1.671000
v 3.047961 74.936340 -1.946137
v 2.770596 74.721031 -2.485376
v 3.454321 72.552299 -2.664462
v 3.909320 71.970985 -2.191991
v 3.614672 73.214600 -1.972279
v 3.614672 73.214600 -1.972279
v 3.905360 71.966759 -2.190160
v 3.708892 73.114426 -1.797843
v 3.659007 73.375092 -1.650210
v 3.659007 73.375092 -1.650210
v 3.913993 72.114639 -1.933729
v 3.913993 72.114639 -1.933729
v 4.459532 69.762115 -2.450104
v 4.401770 69.976936 -2.350428
v 4.181490 70.943161 -2.160784
v 4.349793 70.166245 -2.439848
v 4.356699 70.169075 -2.442785
v 4.445457 69.459816 -2.690870
v 4.554839 69.105927 -2.567597
v 4.554839 69.105927 -2.567597
v 4.619392 68.518387 -2.841746
v 4.629923 68.462173 -2.775259
v 4.629923 68.462173 -2.775259
v 4.653121 67.965340 -2.979215
v 4.653121 67.965340 -2.979215
v 4.614673 67.820679 -3.192527
v 4.614673 67.820679 -3.192527
v 4.449747 68.792717 -3.045395
v 4.449747 68.792717 -3.045395
v 4.431947 68.448288 -3.265138
v 4.431947 68.448288 -3.265138
v 4.101983 69.429085 -3.375351
v 3.466017 71.680046 -3.207038
v 4.096537 69.457085 -3.379923
v 3.644405 70.729782 -3.508400
v 3.644405 70.729782 -3.508400
v 4.085058 69.231804 -3.610752
v 4.104457 69.110146 -3.824167
v 3.633748 70.518295 -3.794348
v 4.414416 68.211861 -3.455936
v 4.414416 68.211861 -3.455936
v 4.410141 68.084442 -3.638780
v 4.410141 68.084442 -3.638780
v 4.573374 67.474663 -3.491661
v 4.620432 67.353905 -3.333223
v 4.620432 67.353905 -3.333223
v 4.596821 67.221947 -3.498386
v 4.596821 67.221947 -3.498386
v 4.569929 67.423615 -3.721668
v 4.585968 67.198639 -3.691379
v 4.585968 67.198639 -3.691379
v 4.594225 67.504768 -3.970470
v 4.430367 68.064240 -3.843757
v 4.430367 68.064240 -3.843757
v 4.486343 68.149452 -4.100957
v 4.201052 69.083313 -4.143947
v 3.784793 70.391937 -4.310151
v 3.960633 70.490639 -4.608729
v 4.432613 69.385292 -4.666828
v 4.204182 70.698082 -4.967074
v 4.583378 68.341660 -4.428511
v 4.654208 67.693642 -4.293266
v 4.650049 67.467499 -4.265290
v 4.577857 67.664803 -4.340138
v 4.600805 67.278893 -3.940742
v 4.600805 67.278893 -3.940742
v 4.513683 67.474220 -4.009012
v 4.340464 68.093147 -4.172521
v 4.340464 68.093147 -4.172521
v 4.486255 67.391739 -3.750602
v 4.499656 67.413193 -3.486089
v 4.278561 68.005341 -3.897049
v 4.278561 68.005341 -3.897049
v 4.254110 68.023651 -3.672409
v 4.254110 68.023651 -3.672409
v 3.971128 69.016777 -4.121698
v 3.625973 69.838348 -3.998847
v 3.574082 70.302940 -4.388585
v 4.087938 69.112434 -4.421456
v 3.759657 70.406342 -4.717782
v 4.339234 69.459190 -4.963423
v 4.016045 70.619476 -5.101629
v 4.445400 68.288620 -4.515774
v 4.445400 68.288620 -4.515774
v 4.577085 68.607513 -4.893012
v 4.577085 68.607513 -4.893012
v 4.451943 71.055717 -5.689765
v 3.713801 72.043907 -5.423775
v 4.117790 72.333458 -5.841197
v 3.358362 71.823486 -5.016409
v 3.348559 73.432304 -5.701974
v 2.886794 73.212494 -5.272248
v 3.876024 73.721321 -6.133521
v 2.844646 75.026245 -5.989767
v 3.582952 74.925858 -6.340725
v 2.234250 74.751968 -5.506494
v 1.790683 74.681274 -5.061970
v 1.742556 74.360489 -4.601314
v 2.553544 73.106606 -4.878273
v 2.356437 73.111801 -4.497623
v 3.098022 71.715614 -4.655010
v 2.937591 71.720192 -4.319103
v 2.871442 71.826195 -3.974114
v 3.585091 69.968285 -3.728415
v 2.893950 72.022629 -3.585471
v 2.893950 72.022629 -3.585471
v 2.289305 73.213333 -4.093781
v 2.345981 73.396469 -3.630232
v 2.345981 73.396469 -3.630232
v 1.697080 74.460899 -4.138097
v 0.936137 75.900887 -4.097174
v 1.814152 74.633720 -3.598030
v 1.814152 74.633720 -3.598030
v 1.330344 75.692574 -3.511352
v 1.330344 75.692574 -3.511352
v 1.915225 75.339081 -2.876117
v 2.301575 75.608124 -2.166188
v 2.513276 73.642715 -3.088225
v 2.945794 73.284355 -2.594800
v 3.162288 71.840210 -3.127564
v 2.933097 74.505577 -1.938760
v 3.474149 73.152298 -1.891316
v 3.474149 73.152298 -1.891316
v 3.238119 74.409378 -1.585564
v 3.238119 74.409378 -1.585564
v 2.555092 76.771011 -1.203841
v 3.103548 75.542328 -1.203848
v 3.103548 75.542328 -1.203848
v 3.012296 76.474106 -0.852887
v 3.012296 76.474106 -0.852887
v 3.211533 77.136383 -0.346865
v 3.400194 74.555641 -1.346633
v 3.481068 74.616966 -1.285441
v 3.481068 74.616966 -1.285441
v 3.662430 72.931450 -1.791166
v 3.767392 71.909142 -2.116767
v 3.767392 71.909142 -2.116767
v 4.048531 70.833466 -2.281646
v 4.240742 70.125305 -2.392037
v 4.298512 69.177071 -2.765994
v 4.293546 68.732635 -3.016546
v 4.279125 69.688263 -2.542350
v 4.279125 69.688263 -2.542350
v 4.300523 69.176117 -2.768290
v 4.389215 69.724915 -2.419547
v 4.535071 68.412819 -2.857944
v 4.408071 69.926666 -2.363091
v 4.293836 68.732353 -3.016983
v 4.527459 67.787437 -3.189050
v 4.527459 67.787437 -3.189050
v 4.273381 68.386520 -3.257085
v 4.274942 68.387146 -3.257947
v 4.643866 67.599609 -3.167348
v 4.643866 67.599609 -3.167348
v 4.643866 67.599609 -3.167348
v 4.643866 67.599609 -3.167348
v 4.256066 68.150047 -3.468966
v 4.256066 68.150047 -3.468966
v 3.894361 69.375061 -3.365412
v 3.894361 69.375061 -3.365412
v 3.422314 70.634628 -3.486036
v 3.422314 70.634628 -3.486036
v 2.895471 77.149345 -0.645856
v 2.895471 77.149345 -0.645856
v 2.997154 77.808006 -0.285714
v 2.769947 77.495857 -0.603080
v 2.429330 77.883293 -0.801026
v 1.783127 77.880043 -1.500744
v 1.808158 77.431679 -1.687115
v 1.193425 77.276810 -2.509709
v 0.925473 76.551392 -3.403885
v 0.925473 76.551392 -3.403885
v 0.630455 77.188522 -3.309315
v 0.630455 77.188522 -3.309315
v 0.974934 75.710884 -4.639201
v 0.100752 77.386856 -4.022288
v 0.009953 77.287491 -4.617140
v 0.470012 77.585205 -3.255311
v 0.470012 77.585205 -3.255311
v 0.444100 77.734200 -3.245490
v 0.444100 77.734200 -3.245490
v 0.444100 77.734200 -3.245490
v 0.444100 77.734200 -3.245490
v 1.079417 77.756844 -2.374580
v 0.237076 77.222740 -5.159734
v 0.773293 77.227951 -5.634152
v 0.702014 77.453094 -5.620828
v 0.702014 77.453094 -5.620828
v 1.801821 76.930725 -6.089149
v 2.606061 77.102234 -6.481063
v 4.011132 75.419533 -6.675916
v 4.620916 76.365120 -7.123980
v 4.763680 75.456947 -7.012605
v 4.175515 77.225250 -7.088170
v 4.377148 76.982826 -7.124467
v 4.377148 76.982826 -7.124467
v 4.754989 77.133247 -7.256311
v 5.009165 76.517914 -7.273589
v 4.381773 77.576622 -7.147189
v 5.101873 75.617653 -7.176450
v 4.760839 75.457260 -7.019196
v 5.098836 74.446617 -6.968309
v 4.821611 74.280487 -6.809999
v 4.821611 74.280487 -6.809999
v 5.209265 74.510773 -6.992857
v 5.209265 74.510773 -6.992857
v 5.060374 73.056000 -6.661017
v 5.005508 71.617050 -6.290030
v 4.843526 72.894127 -6.505348
v 4.843526 72.894127 -6.505348
v 4.842493 71.483421 -6.146337
v 4.842493 71.483421 -6.146337
v 4.513350 72.636734 -6.218563
v 4.392578 74.022919 -6.518869
v 4.479547 70.979866 -5.353703
v 3.902216 72.127945 -5.278956
v 3.531057 73.520378 -5.552547
v 3.561108 71.914200 -4.900083
v 3.084704 73.308197 -5.153584
v 3.311640 71.811836 -4.573320
v 3.158877 71.820625 -4.275073
v 2.763084 73.208435 -4.797188
v 2.574070 73.218140 -4.457316
v 1.954900 74.472198 -4.565962
v 3.101962 74.743912 -5.749633
v 1.346857 75.538361 -4.612985
v 1.913880 74.574852 -4.145151
v 2.031734 74.747536 -3.644067
v 2.031734 74.747536 -3.644067
v 2.511434 73.322273 -4.094501
v 2.568943 73.505760 -3.669276
v 2.568943 73.505760 -3.669276
v 3.097026 71.929169 -3.968379
v 3.120294 72.126099 -3.616281
v 3.120294 72.126099 -3.616281
v 2.732564 73.749527 -3.159610
v 3.678187 70.403419 -4.050144
v 7.128626 69.525139 -4.003444
v 6.396483 68.261360 -4.016383
v 6.825187 68.686737 -3.885065
v 6.793059 68.597466 -3.835312
v 6.793059 68.597466 -3.835312
v 7.213817 69.573082 -3.933091
v 7.213817 69.573082 -3.933091
v 6.499452 68.079498 -3.876527
v 6.104430 67.573547 -3.896469
v 6.439148 67.929649 -3.819075
v 6.439148 67.929649 -3.819075
v 6.136593 67.511810 -3.821718
v 6.136593 67.511810 -3.821718
v 6.639578 68.407608 -3.806952
v 6.069588 67.618729 -3.816465
v 6.427377 68.367569 -3.842330
v 6.811410 68.931732 -3.833673
v 6.811410 68.931732 -3.833673
v 7.110815 69.707420 -3.885212
v 7.515280 70.743492 -4.000357
v 6.404274 69.147064 -4.030585
v 7.178145 69.605911 -3.864621
v 7.212352 69.551437 -3.881553
v 7.212352 69.551437 -3.881553
v 7.667611 70.746902 -3.962592
v 7.726485 70.728699 -3.977894
v 7.726485 70.728699 -3.977894
v 8.288652 72.037483 -4.136883
v 8.364711 72.030235 -4.146206
v 8.364711 72.030235 -4.146206
v 9.046662 73.319984 -4.405116
v 8.084278 71.993782 -4.191406
v 8.753460 73.251869 -4.482832
v 7.118774 71.834801 -4.624169
v 7.597539 73.153755 -5.013423
v 9.473591 74.357903 -4.877975
v 10.181509 75.250137 -5.300323
v 8.498516 74.277092 -5.285679
v 9.906280 74.445442 -4.772658
v 10.023432 74.436798 -4.767653
v 10.023432 74.436798 -4.767653
v 10.687296 75.349358 -5.200752
v 10.836248 75.336388 -5.196294
v 10.834072 75.349327 -5.195729
v 11.188699 75.997086 -5.642188
v 11.367130 76.011421 -5.652370
v 11.362968 76.019028 -5.649787
v 11.275562 76.445488 -6.129092
v 10.750948 75.890495 -5.686022
v 10.942073 76.258995 -6.021683
v 10.942073 76.258995 -6.021683
v 9.415859 75.866112 -6.225552
v 10.034199 76.396896 -6.556795
v 10.963329 76.635162 -6.536226
v 10.963329 76.635162 -6.536226
v 9.064642 76.600945 -7.138160
v 10.056591 76.676163 -6.934971
v 10.056591 76.676163 -6.934971
v 8.914753 76.658913 -7.285662
v 8.914753 76.658913 -7.285662
v 7.734194 76.591209 -7.420932
v 8.553834 76.113640 -6.756331
v 8.180210 75.156677 -6.064609
v 7.548729 75.889587 -6.820554
v 7.366898 75.214996 -6.348977
v 6.763150 76.060249 -7.034553
v 6.657881 75.397423 -6.583041
v 6.151905 76.339493 -7.137621
v 6.861022 76.746727 -7.600232
v 6.219747 77.033012 -7.655881
v 6.875478 76.839935 -7.733813
v 6.875478 76.839935 -7.733813
v 6.211520 77.128677 -7.771781
v 6.211520 77.128677 -7.771781
v 5.785316 77.428764 -7.551212
v 5.766558 77.538124 -7.645805
v 5.766558 77.538124 -7.645805
v 5.516727 78.055786 -7.325157
v 5.531179 77.952705 -7.256903
v 5.500906 77.629433 -7.094895
v 5.500906 77.629433 -7.094895
v 5.707578 76.692307 -7.088155
v 5.627503 75.994423 -6.715260
v 5.422753 77.083664 -6.844545
v 5.422753 77.083664 -6.844545
v 5.316243 76.312607 -6.518178
v 5.316243 76.312607 -6.518178
v 5.280985 77.469856 -6.392958
v 5.138982 76.584412 -6.109138
v 5.355505 78.441544 -6.058038
v 5.437302 78.472206 -6.749701
v 5.422797 78.635696 -6.805922
v 5.422797 78.635696 -6.805922
v 5.428453 79.148705 -5.699477
v 5.418707 79.119545 -6.173592
v 5.418707 79.119545 -6.173592
v 5.416073 79.326965 -5.534437
v 5.424667 79.322693 -5.534067
v 5.376534 79.089050 -4.964158
v 5.356714 78.678062 -5.533105
v 5.331408 78.636681 -5.082297
v 5.331408 78.636681 -5.082297
v 5.010585 76.995094 -4.577731
v 5.214200 78.045700 -4.844489
v 5.214200 78.045700 -4.844489
v 5.185087 78.083984 -4.517571
v 5.194226 78.323524 -4.526198
v 5.202523 78.322586 -4.529538
v 4.959598 77.120506 -4.218647
v 4.959598 77.120506 -4.218647
v 4.571058 74.421593 -3.989424
v 4.698747 75.647629 -4.016470
v 4.698747 75.647629 -4.016470
v 4.787506 75.630356 -4.358862
v 4.787506 75.630356 -4.358862
v 4.602857 74.160622 -4.201050
v 4.823994 75.616074 -4.786230
v 4.882511 75.575874 -5.292902
v 4.664706 74.196724 -4.567914
v 4.751969 74.217224 -5.000483
v 4.597705 72.799599 -4.382420
v 4.701555 72.798500 -4.712831
v 4.604602 71.525894 -4.229613
v 4.519178 72.781982 -4.101800
v 4.519178 72.781982 -4.101800
v 4.519082 71.581161 -4.044721
v 4.519082 71.581161 -4.044721
v 4.450312 72.765266 -3.932039
v 4.395618 72.756630 -3.885356
v 4.395618 72.756630 -3.885356
v 4.448539 71.590553 -3.935908
v 4.396451 71.582474 -3.910739
v 4.396451 71.582474 -3.910739
v 4.505728 70.629570 -3.959414
v 4.505728 70.629570 -3.959414
v 4.462947 70.603722 -3.953623
v 4.462947 70.603722 -3.953623
v 4.595299 69.868202 -3.981516
v 4.595299 69.868202 -3.981516
v 4.565946 70.620934 -4.012726
v 4.565946 70.620934 -4.012726
v 4.616932 70.020020 -4.000245
v 4.616932 70.020020 -4.000245
v 4.649605 70.463127 -4.109200
v 4.757867 70.228737 -4.222683
v 4.758996 69.413795 -4.046837
v 4.701161 69.256203 -3.987227
v 4.701161 69.256203 -3.987227
v 4.683800 69.113258 -3.990237
v 4.683800 69.113258 -3.990237
v 4.820935 68.730553 -3.975670
v 4.809217 68.546608 -3.968050
v 4.809217 68.546608 -3.968050
v 5.070709 67.703049 -3.895643
v 4.940714 68.076714 -3.931232
v 5.072449 67.707878 -3.880649
v 5.071929 67.709343 -3.878874
v 4.903991 69.137009 -4.107985
v 5.066967 68.637474 -4.083083
v 5.066967 68.637474 -4.083083
v 4.858809 71.305771 -4.646400
v 5.056058 69.751610 -4.380515
v 5.056058 69.751610 -4.380515
v 5.052140 71.144531 -4.777791
v 5.052140 71.144531 -4.777791
v 5.247548 68.784622 -4.176136
v 5.482647 69.336906 -4.340622
v 5.328175 71.707115 -5.040553
v 5.393297 68.210342 -4.043175
v 5.298407 67.547073 -3.888353
v 5.199178 67.436050 -3.873162
v 5.199178 67.436050 -3.873162
v 5.331150 67.264702 -3.862149
v 5.331150 67.264702 -3.862149
v 5.590546 67.401848 -3.861525
v 5.480256 67.184807 -3.855861
v 5.480256 67.184807 -3.855861
v 5.587337 68.103928 -4.004907
v 5.587337 68.103928 -4.004907
v 5.896306 68.067810 -3.936324
v 5.831923 69.120964 -4.223787
v 6.045221 70.481667 -4.575620
v 6.696695 70.419266 -4.292212
v 5.876964 67.283966 -3.834328
v 5.876964 67.283966 -3.834328
v 5.658793 67.189941 -3.847870
v 5.658793 67.189941 -3.847870
v 5.614975 67.365425 -3.945774
v 5.992085 68.006622 -4.078017
v 5.287344 67.530243 -3.973539
v 5.620767 68.048470 -4.160650
v 5.620767 68.048470 -4.160650
v 5.408899 68.157211 -4.196872
v 5.408899 68.157211 -4.196872
v 5.928585 70.040810 -4.711143
v 5.545346 70.351357 -4.859732
v 6.492954 70.302795 -4.622671
v 6.386400 68.262054 -4.004676
v 7.232727 70.463745 -4.311971
v 7.093637 71.704102 -4.876190
v 7.734868 71.778160 -4.569958
v 6.626083 71.754128 -5.085847
v 7.488900 73.007179 -5.286501
v 6.909307 73.079712 -5.538420
v 8.037722 73.028885 -5.035421
v 7.873167 74.118599 -5.762220
v 8.569113 74.139854 -5.478622
v 8.222460 75.017921 -6.254478
v 7.162395 74.196045 -6.037503
v 7.377424 75.087769 -6.537704
v 6.496835 74.398064 -6.274087
v 5.906296 74.682220 -6.425747
v 6.635987 75.467522 -6.870756
v 6.338792 73.269249 -5.766957
v 5.807185 73.530914 -5.928070
v 6.152842 71.912003 -5.281780
v 5.699183 72.138809 -5.427310
v 5.258696 71.645615 -5.237680
v 4.948433 72.583534 -5.401814
v 4.948433 72.583534 -5.401814
v 5.341805 73.802956 -5.972758
v 4.969975 74.023621 -5.852023
v 4.969975 74.023621 -5.852023
v 5.413025 74.989029 -6.442301
v 5.496196 75.924797 -6.864316
v 5.039269 75.258995 -6.273564
v 5.039269 75.258995 -6.273564
v 5.142589 76.264076 -6.646035
v 5.142589 76.264076 -6.646035
v 4.798483 75.445694 -5.895342
v 4.668947 75.554886 -5.387394
v 4.935965 76.555252 -6.213770
v 4.710877 74.146690 -5.540594
v 4.551142 74.188118 -5.108121
v 4.694155 72.706802 -5.167396
v 4.731805 71.254486 -4.801244
v 4.520739 72.762444 -4.832915
v 4.559408 71.390518 -4.574429
v 4.416085 72.775131 -4.472789
v 4.443913 71.496803 -4.326196
v 4.368054 72.767433 -4.161682
v 4.368054 72.767433 -4.161682
v 4.469265 74.179405 -4.647983
v 4.443736 74.152039 -4.253558
v 4.443736 74.152039 -4.253558
v 4.620489 75.606979 -4.855221
v 4.825885 76.905975 -5.087914
v 4.624317 75.628563 -4.403319
v 4.624317 75.628563 -4.403319
v 4.855360 76.997368 -4.614233
v 4.654944 75.642151 -4.118330
v 4.907229 77.081413 -4.320753
v 4.455050 74.132446 -4.002608
v 4.491689 74.126686 -3.910424
v 4.491689 74.126686 -3.910424
v 4.364788 72.758583 -3.961812
v 4.370436 71.581520 -3.968298
v 4.449071 70.510963 -3.996711
v 4.440137 70.619347 -3.992967
v 4.382466 71.562553 -4.109401
v 4.382466 71.562553 -4.109401
v 4.452451 70.600822 -4.077845
v 4.452451 70.600822 -4.077845
v 4.526434 70.000504 -4.061836
v 4.518827 70.433250 -4.203786
v 4.636034 70.189102 -4.345316
v 4.599629 69.665741 -4.105939
v 4.599629 69.665741 -4.105939
v 4.717414 69.269302 -4.159934
v 4.652017 69.241692 -4.031996
v 4.834223 68.501312 -4.024915
v 4.541403 69.856735 -4.017709
v 4.566539 69.791656 -3.986749
v 4.566539 69.791656 -3.986749
v 4.824783 69.324638 -4.305168
v 5.059896 67.920097 -3.997662
v 5.059896 67.920097 -3.997662
v 5.034939 68.592087 -4.220079
v 5.031299 68.600960 -4.226268
v 5.072043 67.705261 -3.895330
v 5.215190 68.340515 -4.218034
v 4.998168 69.694305 -4.549888
v 4.963582 71.082611 -4.955784
v 4.963582 71.082611 -4.955784
v 5.068923 78.051414 -4.875653
v 5.068923 78.051414 -4.875653
v 5.361766 79.092438 -4.964751
v 5.205440 78.642021 -5.109394
v 5.312211 78.877640 -6.171674
v 5.127410 78.372307 -5.428996
v 5.033861 77.765556 -5.896495
v 4.843410 76.772202 -5.656409
v 5.093224 77.448112 -6.479425
v 5.241331 78.102295 -6.673892
v 5.260014 77.042854 -6.952142
v 5.260014 77.042854 -6.952142
v 5.371626 77.599342 -7.174593
v 5.451408 77.909668 -7.291108
v 5.581986 76.630409 -7.215448
v 6.069991 76.256294 -7.281854
v 5.661064 77.126022 -7.472340
v 6.188447 76.980026 -7.726852
v 5.724693 77.428070 -7.616115
v 5.459684 77.936707 -7.299420
v 5.515154 78.054810 -7.325967
v 5.515154 78.054810 -7.325967
v 5.515154 78.054810 -7.325967
v 5.355056 78.500092 -6.782300
v 6.864303 76.694038 -7.683518
v 7.764947 76.535233 -7.506185
v 7.783874 76.685379 -7.561820
v 7.783874 76.685379 -7.561820
v 8.871395 76.531845 -7.245711
v 9.981604 76.547249 -6.901047
v 8.679316 76.157570 -7.015219
v 9.671300 76.157639 -6.686819
v 9.062480 75.041756 -5.949623
v 9.913342 75.304413 -5.770384
v 10.839598 76.484200 -6.501361
v 10.815231 75.833084 -5.826122
v 10.815231 75.833084 -5.826122
v 10.979147 76.173927 -6.115367
v 10.360477 75.203148 -5.419388
v 10.360477 75.203148 -5.419388
v 11.444551 76.437294 -6.108340
v 11.440382 76.441841 -6.103520
v 9.940924 74.389854 -4.842544
v 9.657742 74.312187 -4.993483
v 9.657742 74.312187 -4.993483
v 9.083710 73.268791 -4.477594
v 8.873614 73.196442 -4.612847
v 9.140032 73.311592 -4.406507
v 9.140032 73.311592 -4.406507
v 8.327518 71.991882 -4.211266
v 7.706334 70.707581 -4.036087
v 8.171463 71.922470 -4.326014
v 8.171463 71.922470 -4.326014
v 7.591591 70.653290 -4.128995
v 7.591591 70.653290 -4.128995
v 8.513413 73.105186 -4.804449
v 9.184085 74.217567 -5.213295
v 5.994190 75.582458 -6.888028
v 6.579690 71.859566 -4.869741
v 6.874950 73.195213 -5.328435
v 6.142048 72.008354 -5.069608
v 5.730584 72.224564 -5.223789
v 6.344981 73.372604 -5.562789
v 5.860819 73.620163 -5.734846
v 6.518414 74.507278 -6.079505
v 5.978012 74.773972 -6.243913
v 7.140569 74.320183 -5.835615
v 7.820061 74.253342 -5.559806
v 6.076399 75.673294 -6.721008
v 5.535288 75.061989 -6.277779
v 5.206171 75.313087 -6.130048
v 5.206171 75.313087 -6.130048
v 5.444321 73.876930 -5.795191
v 5.117335 74.081932 -5.694412
v 5.117335 74.081932 -5.694412
v 5.068228 72.645035 -5.230544
v 5.068228 72.645035 -5.230544
v 4.851459 72.755432 -5.019835
v 4.893295 74.189758 -5.406676
v 4.997842 75.482063 -5.775580
v 5.599801 70.735901 -4.746603
v 4.713851 71.430672 -4.447346
v 5.057344 76.785332 -5.575500
v 9.001821 75.183083 -5.768409
v 6.365132 68.945595 -0.764711
v 6.599152 69.642876 -0.612820
v 6.599152 69.642876 -0.612820
v 6.280670 68.586632 -0.869920
v 6.280670 68.586632 -0.869920
v 6.136190 68.280357 -0.922688
v 6.279112 68.766777 -0.801809
v 6.221925 68.687256 -0.839170
v 6.080710 68.218994 -0.950322
v 6.564247 69.679047 -0.599806
v 6.564247 69.679047 -0.599806
v 6.094526 68.114998 -0.978816
v 5.955837 67.565079 -1.186571
v 6.014825 67.973656 -1.033726
v 5.885680 67.495193 -1.214293
v 5.885680 67.495193 -1.214293
v 6.134568 68.468895 -0.942874
v 5.894608 67.567474 -1.286060
v 6.194263 68.648125 -0.980067
v 6.194263 68.648125 -0.980067
v 6.291870 68.998985 -0.860799
v 6.291870 68.998985 -0.860799
v 6.110955 68.285156 -1.137512
v 6.461111 69.394783 -0.893200
v 6.922088 70.590050 -0.671739
v 6.517220 69.704605 -0.725628
v 6.924896 70.799812 -0.523493
v 6.538723 69.727982 -0.610315
v 6.525518 69.669518 -0.624094
v 6.934874 70.866142 -0.441762
v 6.951273 70.863380 -0.391051
v 6.951273 70.863380 -0.391051
v 7.506842 72.163879 -0.203927
v 7.506842 72.163879 -0.203927
v 7.523252 72.177742 -0.146765
v 7.523252 72.177742 -0.146765
v 8.240197 73.456078 0.032982
v 8.240197 73.456078 0.032982
v 7.503173 72.074448 -0.294363
v 8.256679 73.334335 -0.088382
v 7.532762 71.883720 -0.440251
v 8.381217 72.842873 -0.418449
v 9.127021 74.386200 0.072689
v 10.027435 75.246315 0.210921
v 9.112970 74.595207 0.246641
v 9.112970 74.595207 0.246641
v 9.122305 74.623451 0.313474
v 9.122305 74.623451 0.313474
v 10.012717 75.492767 0.407788
v 10.030243 75.536606 0.479625
v 10.030243 75.536606 0.479625
v 10.813654 76.085609 0.487793
v 10.857844 76.152542 0.561086
v 10.852171 76.149529 0.570115
v 11.515896 76.443481 0.528718
v 10.782255 75.902306 0.358562
v 11.270098 76.163910 0.375485
v 11.270098 76.163910 0.375485
v 10.940403 75.600128 0.123178
v 11.609871 75.983971 0.169003
v 11.968420 76.252922 0.256823
v 11.968283 76.386414 0.383179
v 11.968283 76.386414 0.383179
v 12.257685 76.084213 0.138988
v 12.255295 76.086548 0.140060
v 12.471478 75.642838 -0.158165
v 12.756653 74.858192 -0.706789
v 12.356827 74.690697 -0.738557
v 11.698162 74.396919 -0.758539
v 10.832842 73.932579 -0.781297
v 12.087307 74.235321 -1.053887
v 13.087473 74.629578 -1.021693
v 12.979368 74.863586 -0.714030
v 12.979368 74.863586 -0.714030
v 13.302057 74.669937 -0.985408
v 13.302057 74.669937 -0.985408
v 13.387575 74.588356 -1.363538
v 13.606401 74.619972 -1.338241
v 13.606401 74.619972 -1.338241
v 13.677834 74.698174 -1.842757
v 13.614599 74.689301 -1.842624
v 13.232601 74.550880 -1.844320
v 12.368656 74.196281 -1.390625
v 11.509869 73.765694 -1.426473
v 12.519012 74.264938 -1.848383
v 12.519012 74.264938 -1.848383
v 11.609545 73.816040 -1.861003
v 11.609545 73.816040 -1.861003
v 12.455349 74.472717 -2.613179
v 11.438026 73.982407 -2.577813
v 13.682941 74.912132 -2.540360
v 13.189966 75.067741 -3.361557
v 13.941118 74.945854 -2.528435
v 13.941118 74.945854 -2.528435
v 13.451214 75.291351 -3.709438
v 13.841629 75.199867 -3.274688
v 13.841629 75.199867 -3.274688
v 13.465008 75.358109 -3.928367
v 13.465008 75.358109 -3.928367
v 12.736862 75.323189 -4.368497
v 12.405006 75.121788 -4.080085
v 12.405006 75.121788 -4.080085
v 11.627966 74.854736 -4.100133
v 10.487804 74.314423 -3.966984
v 11.600573 74.964333 -4.397054
v 11.638252 74.995300 -4.520123
v 11.638252 74.995300 -4.520123
v 10.326704 74.408867 -4.313564
v 10.301037 74.415726 -4.433848
v 10.301037 74.415726 -4.433848
v 8.983301 73.631683 -4.091845
v 8.926521 73.626015 -4.201777
v 8.926521 73.626015 -4.201777
v 7.834288 72.709770 -3.831438
v 9.205971 73.587845 -3.822063
v 8.070374 72.674789 -3.599631
v 9.875525 73.453629 -3.127795
v 8.813244 72.558945 -2.962600
v 7.294744 71.682487 -3.423604
v 8.022322 71.472412 -2.771897
v 7.263196 70.330521 -2.767775
v 7.292882 71.685120 -3.420552
v 6.834143 70.720322 -3.286787
v 7.092785 71.729515 -3.617401
v 7.044011 71.727097 -3.704276
v 7.044011 71.727097 -3.704276
v 6.699357 70.774429 -3.450232
v 6.673455 70.766716 -3.532797
v 6.672022 70.770630 -3.524262
v 6.510524 69.882980 -3.362097
v 6.522564 69.893852 -3.371481
v 6.425436 68.827850 -3.052176
v 6.595947 69.887924 -3.183817
v 6.501924 69.341164 -3.111187
v 6.501924 69.341164 -3.111187
v 6.707443 69.693893 -2.989454
v 6.831371 69.425636 -2.742597
v 6.501321 69.021912 -2.965607
v 6.501321 69.021912 -2.965607
v 6.498007 68.648056 -2.749446
v 6.498007 68.648056 -2.749446
v 6.389035 68.525505 -3.009745
v 6.383624 68.505424 -2.998271
v 6.280546 67.996338 -2.672871
v 6.296573 68.050163 -2.807121
v 6.277291 67.996719 -2.773008
v 6.168235 67.611702 -2.554852
v 6.153114 67.591751 -2.534007
v 6.111575 67.493645 -2.299540
v 6.111575 67.493645 -2.299540
v 6.473488 68.319878 -2.506870
v 6.420828 68.062149 -2.264740
v 6.420828 68.062149 -2.264740
v 6.926873 69.171753 -2.469351
v 7.563648 70.227066 -2.426232
v 6.957168 68.965393 -2.196821
v 6.957168 68.965393 -2.196821
v 7.685926 70.076820 -2.109068
v 7.685926 70.076820 -2.109068
v 6.899548 68.825134 -1.946984
v 6.701531 68.683990 -1.653630
v 7.651556 69.976456 -1.820997
v 6.340224 67.887062 -2.043109
v 6.340224 67.887062 -2.043109
v 6.246937 67.796318 -1.841630
v 5.968119 67.219841 -1.976867
v 5.930790 67.082375 -2.092249
v 5.930790 67.082375 -2.092249
v 5.856992 66.974007 -1.903863
v 5.856992 66.974007 -1.903863
v 5.863235 67.185493 -1.654567
v 5.811933 66.958199 -1.728663
v 5.811933 66.958199 -1.728663
v 6.160002 67.788994 -1.654852
v 6.160002 67.788994 -1.654852
v 6.098446 67.864182 -1.477327
v 7.428090 69.890488 -1.500497
v 6.464676 68.867081 -1.242235
v 7.019352 70.069588 -1.041502
v 6.079218 68.024300 -1.304765
v 6.079218 68.024300 -1.304765
v 5.818161 67.197197 -1.388472
v 5.818161 67.197197 -1.388472
v 5.797637 67.031059 -1.559063
v 5.797637 67.031059 -1.559063
v 5.918802 67.149467 -1.573742
v 6.202530 67.785240 -1.360438
v 6.202530 67.785240 -1.360438
v 6.045373 67.188461 -1.946983
v 6.266383 67.704834 -1.547071
v 6.266383 67.704834 -1.547071
v 6.355961 67.707214 -1.748024
v 6.355961 67.707214 -1.748024
v 6.640333 68.539429 -1.301152
v 6.917542 68.636200 -1.604672
v 7.443003 69.825195 -1.184956
v 7.176126 69.959335 -0.878798
v 6.592346 69.049393 -0.901042
v 6.181408 67.949844 -1.183080
v 6.181408 67.949844 -1.183080
v 6.208253 68.215981 -1.017467
v 6.208253 68.215981 -1.017467
v 7.034698 70.456985 -0.512659
v 7.886841 71.230980 -0.665667
v 7.642039 71.739380 -0.274984
v 8.516788 72.703262 -0.239976
v 9.037621 72.199097 -0.780903
v 9.401304 73.723289 -0.085737
v 10.577132 74.092743 -0.313855
v 9.989355 73.113991 -0.676899
v 10.412022 72.986214 -1.048709
v 11.005789 73.764503 -0.683830
v 9.439302 72.117447 -1.142243
v 8.237556 71.065369 -0.995920
v 8.501551 71.008804 -1.278738
v 7.646850 69.792557 -1.440562
v 8.686846 71.012756 -1.605318
v 7.798563 69.826424 -1.731641
v 8.707779 71.073257 -1.981269
v 8.707779 71.073257 -1.981269
v 9.656727 72.095909 -1.497169
v 9.682405 72.131721 -1.914980
v 9.682405 72.131721 -1.914980
v 10.656969 72.947289 -1.420366
v 11.615864 73.574776 -1.372156
v 10.712193 72.978241 -1.872925
v 10.712193 72.978241 -1.872925
v 11.717218 73.616150 -1.851410
v 11.717218 73.616150 -1.851410
v 10.513453 73.071327 -2.411255
v 9.975348 73.265175 -3.201328
v 11.590862 73.738739 -2.443358
v 9.453223 72.217346 -2.394768
v 8.902087 72.383957 -3.057196
v 8.509157 71.183197 -2.403095
v 7.709206 70.081764 -2.429837
v 8.157639 71.322876 -2.830867
v 7.471091 70.276123 -2.798023
v 7.750395 71.468971 -3.215626
v 7.187145 70.478584 -3.124467
v 7.384798 71.596046 -3.508735
v 7.384798 71.596046 -3.508735
v 8.157201 72.573601 -3.687367
v 8.157201 72.573601 -3.687367
v 11.160330 73.969963 -3.305058
v 9.286097 73.475258 -3.906245
v 9.286097 73.475258 -3.906245
v 10.557934 74.221260 -4.091045
v 10.557934 74.221260 -4.091045
v 9.026999 73.571991 -4.142376
v 11.046695 74.668068 -4.422493
v 7.881587 72.656494 -3.884635
v 7.772653 72.702774 -3.929549
v 7.772653 72.702774 -3.929549
v 7.142740 71.682892 -3.671453
v 6.926903 70.643288 -3.369077
v 6.926903 70.643288 -3.369077
v 6.568739 69.394791 -3.206090
v 6.820730 69.605309 -3.054520
v 6.960433 69.319046 -2.780787
v 6.592212 68.956398 -3.011052
v 6.592212 68.956398 -3.011052
v 6.601065 68.570938 -2.774517
v 6.601065 68.570938 -2.774517
v 6.459152 69.103859 -3.193959
v 6.460358 69.134270 -3.196923
v 6.576111 68.235939 -2.494471
v 6.583065 68.233574 -2.498681
v 6.173698 67.445343 -2.273909
v 6.173698 67.445343 -2.273909
v 6.527170 67.973984 -2.218695
v 6.532463 67.970581 -2.220594
v 6.031300 67.287201 -2.301410
v 6.031300 67.287201 -2.301410
v 6.031300 67.287201 -2.301410
v 6.031300 67.287201 -2.301410
v 6.451305 67.794945 -1.970224
v 7.038009 68.699585 -1.858993
v 7.096250 68.839478 -2.146503
v 7.833541 69.924774 -2.062585
v 7.833541 69.924774 -2.062585
v 11.705544 74.747185 -4.164752
v 11.705544 74.747185 -4.164752
v 12.741682 75.310310 -4.374854
v 12.125198 74.897087 -4.148268
v 13.284616 75.213623 -3.880696
v 13.640543 75.059059 -3.272100
v 12.349276 74.435753 -3.147521
v 12.569517 74.240501 -2.478845
v 13.762512 74.813553 -2.533502
v 12.608883 74.080070 -1.843518
v 12.608883 74.080070 -1.843518
v 13.674923 74.591072 -1.842099
v 13.687059 74.597061 -1.841969
v 12.456591 74.020355 -1.345806
v 12.172302 74.073738 -0.969008
v 13.463770 74.507370 -1.330456
v 13.160398 74.557312 -0.970166
v 13.838594 74.717804 -1.842168
v 13.838594 74.717804 -1.842168
v 13.838594 74.717804 -1.842168
v 13.838594 74.717804 -1.842168
v 12.840818 74.733871 -0.697581
v 12.593838 74.986618 -0.481930
v 12.692141 75.196808 -0.454463
v 12.692141 75.196808 -0.454463
v 11.963948 76.220192 0.344603
v 11.580557 75.918243 0.331146
v 10.065384 74.764473 0.210812
v 11.904270 74.309715 -0.639261
v 10.827908 75.830933 0.486567
v 10.827908 75.830933 0.486567
v 11.308081 76.101021 0.486573
v 10.070692 75.258064 0.421526
v 10.070692 75.258064 0.421526
v 10.042114 75.450783 0.485188
v 11.519320 76.436264 0.541741
v 9.146883 74.552521 0.325973
v 9.188446 74.385719 0.282681
v 9.187380 74.388283 0.277442
v 8.278861 73.414276 0.110876
v 8.278861 73.414276 0.110876
v 8.318425 73.272514 0.078464
v 8.251965 73.476089 0.094446
v 8.251965 73.476089 0.094446
v 7.550427 72.123543 -0.128853
v 7.550427 72.123543 -0.128853
v 6.981122 70.828339 -0.371704
v 6.981122 70.828339 -0.371704
v 7.583728 72.000366 -0.157625
v 7.583728 72.000366 -0.157625
v 7.010158 70.730370 -0.395765
v 7.010158 70.730370 -0.395765
v 11.348631 73.623711 -0.994109
v 7.727002 71.349556 -0.835998
v 8.907049 72.337822 -0.940619
v 8.099550 71.208107 -1.147241
v 8.360584 71.165588 -1.399263
v 9.308836 72.285042 -1.255661
v 9.875591 73.258835 -0.835861
v 10.294032 73.161621 -1.155090
v 11.245314 73.799179 -1.091979
v 10.536762 73.137703 -1.483251
v 10.590759 73.176552 -1.889371
v 10.590759 73.176552 -1.889371
v 9.524370 72.276909 -1.569239
v 9.549229 72.318840 -1.940676
v 9.549229 72.318840 -1.940676
v 8.543936 71.180542 -1.687598
v 8.564236 71.245087 -2.018136
v 8.564236 71.245087 -2.018136
v 8.367128 71.348969 -2.389580
v 9.320940 72.399780 -2.371945
v 10.392382 73.266747 -2.381812
v 3.966616 69.951897 -0.929544
v 4.041394 70.690002 -0.851104
v 4.045801 70.694656 -0.854968
v 3.983388 69.553505 -0.916691
v 3.985202 69.551552 -0.918702
v 3.923503 69.766769 -0.988911
v 3.923503 69.766769 -0.988911
v 3.916869 69.674820 -1.039550
v 3.916869 69.674820 -1.039550
v 3.999256 70.744469 -0.922163
v 3.999256 70.744469 -0.922163
v 3.909451 69.054398 -1.015136
v 3.975335 68.346634 -1.020147
v 3.897293 68.895706 -1.074791
v 3.897293 68.895706 -1.074791
v 3.929797 68.352226 -1.090291
v 3.929797 68.352226 -1.090291
v 3.965524 69.765099 -1.056845
v 4.026815 68.358017 -1.100400
v 4.065106 69.560341 -1.049192
v 4.038062 69.958168 -1.041564
v 4.038062 69.958168 -1.041564
v 4.136230 69.133690 -1.039853
v 4.136230 69.133690 -1.039853
v 4.147796 70.839386 -0.973077
v 4.343790 71.865524 -0.842123
v 4.046546 70.747452 -0.992359
v 4.046546 70.747452 -0.992359
v 3.996458 70.726677 -0.973214
v 3.996458 70.726677 -0.973214
v 4.209411 71.980255 -0.875308
v 4.209411 71.980255 -0.875308
v 4.153304 72.005989 -0.856443
v 4.153304 72.005989 -0.856443
v 4.469198 73.390137 -0.682407
v 4.405882 73.434898 -0.668540
v 4.405882 73.434898 -0.668540
v 4.837641 74.837692 -0.398187
v 4.636320 73.253975 -0.620309
v 5.031802 74.688477 -0.305040
v 5.118036 72.518593 -0.331017
v 5.569432 73.936920 0.064373
v 5.521215 76.023491 0.101238
v 6.037541 77.142303 0.548278
v 6.077289 75.211052 0.531181
v 5.311742 76.178589 -0.019464
v 5.240493 76.233559 -0.018119
v 5.240493 76.233559 -0.018119
v 5.832842 77.300682 0.413335
v 5.769619 77.368484 0.415286
v 5.769619 77.368484 0.415286
v 6.333902 78.111755 0.851573
v 6.294588 78.204384 0.865975
v 6.294588 78.204384 0.865975
v 6.776551 78.690971 1.298034
v 6.516997 78.021431 0.989395
v 6.744818 78.327019 1.211134
v 6.744818 78.327019 1.211134
v 7.071532 77.219734 1.506618
v 7.069317 78.281433 1.525702
v 7.222703 78.682274 1.710013
v 7.180908 78.806656 1.716276
v 7.180908 78.806656 1.716276
v 7.534631 78.643074 2.097881
v 7.534631 78.643074 2.097881
v 8.110090 77.858902 2.637436
v 7.862219 78.316086 2.454293
v 7.862219 78.316086 2.454293
v 7.873160 77.507576 2.336321
v 6.598173 76.312576 1.030751
v 7.404570 76.448463 1.770869
v 8.162853 76.963623 2.505378
v 7.531149 75.757263 1.773263
v 8.547966 76.816513 2.690075
v 8.472113 77.579178 2.935802
v 8.519934 77.690239 3.051267
v 8.519934 77.690239 3.051267
v 8.853843 77.393562 3.111310
v 8.906382 77.495628 3.225195
v 8.906382 77.495628 3.225195
v 9.317788 77.247406 3.132472
v 9.381218 77.341507 3.243392
v 9.381218 77.341507 3.243392
v 9.899658 77.103607 2.942627
v 9.870617 77.073021 2.906588
v 8.991524 76.697472 2.724734
v 9.575092 76.676994 2.628089
v 8.310507 75.538147 2.008156
v 9.239792 76.213783 2.324587
v 8.706173 75.428505 1.856325
v 8.706173 75.428505 1.856325
v 9.751734 76.048271 1.921771
v 9.092737 75.273376 1.475107
v 10.385208 75.782455 1.185097
v 10.562433 76.863899 2.435442
v 11.072968 76.355186 1.553587
v 10.706364 77.011131 2.613771
v 10.706364 77.011131 2.613771
v 11.520128 76.495461 1.522436
v 11.374801 76.768463 2.014921
v 11.374801 76.768463 2.014921
v 11.776871 76.432259 1.352127
v 11.776871 76.432259 1.352127
v 11.736099 75.972527 0.694469
v 11.246496 75.855408 0.735876
v 11.246496 75.855408 0.735876
v 9.699801 74.881996 0.408359
v 10.764219 75.422249 0.389385
v 9.910018 74.713326 -0.042827
v 11.017107 75.361305 0.167771
v 11.152468 75.341324 0.117507
v 11.152468 75.341324 0.117507
v 10.081403 74.611778 -0.306480
v 10.169205 74.563690 -0.377147
v 10.169205 74.563690 -0.377147
v 8.955772 73.709862 -0.699199
v 9.010782 73.654945 -0.771953
v 9.010782 73.654945 -0.771953
v 7.915818 72.712601 -0.978231
v 8.860691 73.815948 -0.440171
v 7.868495 72.799957 -0.751298
v 8.736055 73.967712 -0.010775
v 8.573310 74.141220 0.499399
v 7.817705 72.919838 -0.376735
v 7.745497 73.054054 0.066660
v 7.154918 71.743607 -0.945063
v 7.056204 71.875267 -0.307293
v 6.610243 70.735481 -0.850179
v 7.148990 71.742973 -0.946820
v 6.680499 70.743767 -1.049919
v 6.680499 70.743767 -1.049919
v 7.189272 71.688477 -1.123475
v 7.227803 71.652565 -1.171137
v 7.227803 71.652565 -1.171137
v 6.737704 70.718140 -1.168245
v 6.707076 70.631935 -1.168838
v 6.780225 70.686943 -1.196829
v 6.786634 70.679131 -1.199924
v 6.265063 69.127319 -1.135071
v 6.497781 69.815460 -1.168079
v 6.387278 69.906883 -1.094203
v 6.227748 69.373672 -1.103307
v 6.227748 69.373672 -1.103307
v 6.271884 69.810799 -0.982499
v 6.112681 69.666443 -0.849055
v 6.071445 69.121704 -1.063222
v 5.840725 68.853401 -1.010277
v 5.985349 68.579453 -1.111577
v 6.010952 68.608276 -1.102511
v 5.606902 68.262207 -1.091772
v 5.660025 68.176041 -1.102196
v 5.660025 68.176041 -1.102196
v 5.311948 67.889366 -1.113350
v 5.311948 67.889366 -1.113350
v 4.979764 67.700829 -1.135400
v 4.979076 67.700867 -1.137900
v 5.572953 68.645020 -0.966815
v 5.572953 68.645020 -0.966815
v 5.296634 68.500336 -0.939294
v 5.296634 68.500336 -0.939294
v 5.915226 69.544823 -0.727239
v 6.383759 70.683205 -0.392104
v 5.947040 70.075691 -0.442345
v 5.688673 69.456421 -0.643439
v 6.202430 70.662079 -0.236914
v 5.675491 69.978333 -0.424917
v 5.086243 69.381203 -0.655433
v 5.036695 68.415337 -0.929759
v 5.036695 68.415337 -0.929759
v 4.799901 68.395477 -0.935947
v 4.603284 67.773674 -1.096350
v 4.696359 67.590393 -1.125076
v 4.696359 67.590393 -1.125076
v 4.464160 67.562889 -1.117630
v 4.464160 67.562889 -1.117630
v 4.270380 67.891258 -1.091541
v 4.276154 67.617798 -1.107149
v 4.276154 67.617798 -1.107149
v 4.588477 68.448616 -0.954523
v 4.588477 68.448616 -0.954523
v 4.404647 68.582596 -0.982151
v 5.290051 70.708832 -0.363442
v 4.623527 69.609955 -0.797544
v 4.739874 71.102928 -0.643099
v 4.251583 68.806412 -1.014074
v 4.251583 68.806412 -1.014074
v 4.008402 67.988586 -1.095317
v 4.008402 67.988586 -1.095317
v 4.125656 67.756691 -1.098773
v 4.125656 67.756691 -1.098773
v 4.231119 67.877098 -1.001796
v 4.350973 68.536400 -0.824357
v 4.631451 67.755402 -1.005936
v 4.703097 68.353462 -0.782242
v 5.318204 70.660301 -0.092225
v 4.173150 68.787788 -0.861788
v 4.882697 70.862305 -0.282056
v 4.052229 69.120895 -0.893147
v 4.171689 68.788109 -0.859514
v 5.001527 72.553619 -0.094621
v 5.717420 72.064270 0.318849
v 5.464009 73.962929 0.312418
v 6.268632 73.439919 0.833284
v 5.979884 75.242691 0.787808
v 6.635301 76.519859 1.403350
v 6.667292 75.240738 1.343142
v 7.069053 74.987152 1.594603
v 7.494025 74.841820 1.780013
v 6.781217 73.306511 1.052202
v 6.010136 71.488899 0.325329
v 6.351068 71.501930 0.379054
v 6.816204 71.868347 0.447597
v 6.816204 71.868347 0.447597
v 7.149510 73.233490 1.099674
v 7.459537 73.154922 0.977516
v 7.459537 73.154922 0.977516
v 7.937504 74.793915 1.856834
v 8.106692 74.307953 1.521538
v 8.106692 74.307953 1.521538
v 8.715902 75.290611 2.039523
v 8.715902 75.290611 2.039523
v 8.415741 74.161530 1.153334
v 8.661804 73.994156 0.643420
v 9.139926 75.123352 1.640179
v 7.688301 73.045364 0.656934
v 7.841599 72.918365 0.209570
v 7.021613 71.814720 0.192093
v 6.441727 70.577866 -0.222213
v 7.155604 71.753586 -0.165659
v 6.612234 70.603012 -0.476150
v 7.230594 71.697815 -0.548124
v 6.726854 70.639786 -0.748579
v 7.259436 71.657867 -0.877593
v 7.932426 72.797203 -0.267828
v 7.973778 72.705170 -0.678511
v 8.841318 73.834274 0.101355
v 9.791576 74.744629 0.520420
v 8.956963 73.712517 -0.363503
v 8.956963 73.712517 -0.363503
v 9.993803 74.606659 0.035333
v 9.993803 74.606659 0.035333
v 9.012620 73.653397 -0.660296
v 10.130826 74.553505 -0.266305
v 7.978093 72.660934 -0.941857
v 7.955562 72.664841 -1.041757
v 7.955562 72.664841 -1.041757
v 7.254755 71.642067 -1.089391
v 6.788150 70.669365 -0.983920
v 6.763457 70.611038 -0.989130
v 6.481133 69.844734 -1.031899
v 6.304209 69.322449 -1.045534
v 6.373994 69.732246 -0.889291
v 6.197533 69.580986 -0.724437
v 6.148273 69.064316 -0.988179
v 5.904821 68.792221 -0.912229
v 5.728501 68.320572 -1.039756
v 6.257076 69.099312 -1.123360
v 5.391665 68.054909 -1.028028
v 5.610445 68.584709 -0.845248
v 5.060978 67.877670 -1.021542
v 5.060978 67.877670 -1.021542
v 5.302891 68.444527 -0.798164
v 5.302891 68.444527 -0.798164
v 4.979432 67.698730 -1.124347
v 4.979432 67.698730 -1.124347
v 5.016361 68.366188 -0.776582
v 5.016351 68.365227 -0.774323
v 5.824343 69.678246 -0.361026
v 5.698829 69.377579 -0.464244
v 6.216284 70.564041 -0.040991
v 5.965438 69.459908 -0.572516
v 11.057308 75.305901 0.207085
v 10.995129 75.455444 0.548010
v 11.597829 75.893082 0.749847
v 11.737309 75.966164 0.700123
v 11.611969 76.280830 1.322274
v 11.258889 76.568382 1.922961
v 10.271214 75.698662 1.509067
v 9.511039 74.931976 1.094321
v 9.788777 75.908348 2.070469
v 10.614317 76.807465 2.531154
v 9.244870 76.085831 2.488105
v 9.244870 76.085831 2.488105
v 9.651283 76.676529 2.823915
v 9.853230 76.973206 2.983520
v 9.265429 77.135300 3.184233
v 8.790724 77.300804 3.166245
v 9.899788 77.047592 3.011795
v 9.982794 77.191727 3.049407
v 9.982794 77.191727 3.049407
v 9.982794 77.191727 3.049407
v 9.982794 77.191727 3.049407
v 8.404198 77.474457 2.994895
v 7.965421 77.927734 2.633596
v 7.851789 77.328590 2.532753
v 8.183530 77.961487 2.778053
v 8.183530 77.961487 2.778053
v 7.434036 78.500664 2.066123
v 6.982053 78.034805 1.694210
v 6.332891 77.906944 1.029812
v 6.332891 77.906944 1.029812
v 6.945451 78.676819 1.547631
v 5.861399 77.117378 0.626154
v 5.861399 77.117378 0.626154
v 6.278484 78.109673 0.915841
v 5.772564 77.298912 0.484258
v 6.765746 78.691963 1.309455
v 5.250297 76.176849 0.055236
v 5.348800 76.011215 0.196077
v 5.348800 76.011215 0.196077
v 4.777621 74.835777 -0.321726
v 4.664063 74.096428 -0.369975
v 4.768322 74.887718 -0.391368
v 4.768322 74.887718 -0.391368
v 4.411493 73.387909 -0.604900
v 4.155759 71.977661 -0.799457
v 4.155759 71.977661 -0.799457
v 4.217647 71.859703 -0.713382
v 4.217647 71.859703 -0.713382
v 4.963737 74.093185 -0.093286
v 5.815445 72.102776 0.089458
v 6.374746 73.485954 0.610727
v 6.258082 72.036026 0.280028
v 6.843306 73.393738 0.832996
v 6.941107 74.747719 1.181082
v 7.406639 74.606720 1.406184
v 7.917111 75.633774 1.960588
v 7.769205 74.533073 1.460891
v 8.092634 74.443825 1.329656
v 8.092634 74.443825 1.329656
v 7.174412 73.342644 0.888691
v 7.442931 73.281479 0.781703
v 7.442931 73.281479 0.781703
v 6.558947 72.006836 0.328446
v 6.799864 71.982147 0.248670
v 6.799864 71.982147 0.248670
v 6.960561 71.936943 0.018404
v 7.628396 73.181595 0.484325
v 8.360685 74.308510 0.982292
v 5.692769 70.655594 -0.219937
v 6.515884 70.708282 -0.613333
v 9.433954 75.082886 0.953144
vn -0.6496 -0.4591 0.6060
vn -0.6239 -0.4306 0.6522
vn -0.7343 -0.4379 0.5186
vn -0.8216 -0.4507 0.3491
vn -0.9584 -0.2815 -0.0477
vn -0.9435 -0.3306 0.0237
vn -0.9276 -0.3586 0.1042
vn -0.9622 -0.2717 -0.0189
vn -0.9624 -0.2714 -0.0110
vn -0.4940 -0.4642 0.7352
vn -0.7468 -0.4950 0.4442
vn -0.2164 0.1792 -0.9597
vn -0.0052 0.3349 -0.9422
vn 0.0562 0.2499 -0.9666
vn -0.4244 0.2148 -0.8796
vn -0.1188 0.3470 -0.9303
vn 0.1849 0.3808 -0.9060
vn 0.1227 0.4004 -0.9081
vn 0.2934 0.4300 -0.8538
vn 0.2127 0.4198 -0.8823
vn 0.2592 0.4218 -0.8689
vn 0.4050 0.4439 -0.7993
vn 0.3230 0.4290 -0.8436
vn -0.2424 0.2931 -0.9249
vn 0.1444 0.4225 -0.8948
vn -0.2952 0.2702 -0.9164
vn -0.1299 0.3425 -0.9305
vn 0.0389 0.3656 -0.9300
vn 0.1315 0.3835 -0.9141
vn 0.3980 0.4196 -0.8158
vn 0.2432 0.3506 -0.9044
vn 0.3118 0.3651 -0.8772
vn 0.1317 0.3832 -0.9142
vn 0.3119 0.3651 -0.8772
vn 0.5201 0.3789 -0.7655
vn 0.3881 0.4163 -0.8222
vn 0.6160 0.4002 -0.6785
vn 0.4955 0.4353 -0.7517
vn 0.5612 0.4525 -0.6930
vn 0.6714 0.4263 -0.6062
vn 0.7229 0.3451 -0.5986
vn 0.7669 0.3779 -0.5186
vn 0.6466 0.3203 -0.6923
vn 0.7568 0.2631 -0.5983
vn 0.8076 0.2903 -0.5133
vn 0.8355 0.3269 -0.4417
vn 0.4894 0.3208 -0.8109
vn 0.6497 0.2763 -0.7082
vn 0.4469 0.3186 -0.8359
vn 0.6276 0.2894 -0.7228
vn 0.7621 0.2772 -0.5851
vn 0.7691 0.2556 -0.5858
vn 0.8306 0.2180 -0.5125
vn 0.8524 0.2682 -0.4489
vn 0.8692 0.2502 -0.4266
vn 0.8970 0.2284 -0.3785
vn 0.8625 0.2470 -0.4416
vn 0.8796 0.2850 -0.3810
vn 0.9087 0.2633 -0.3240
vn 0.9057 0.2290 -0.3566
vn 0.9262 0.2569 -0.2761
vn 0.9130 0.3181 -0.2554
vn 0.9015 0.3188 -0.2929
vn 0.8627 0.4249 -0.2744
vn 0.8557 0.4145 -0.3097
vn 0.8760 0.3380 -0.3440
vn 0.8325 0.4299 -0.3494
vn 0.8378 0.3755 -0.3963
vn 0.7985 0.4559 -0.3932
vn 0.7144 0.5757 -0.3977
vn 0.6864 0.5848 -0.4323
vn 0.7356 0.5896 -0.3336
vn 0.4970 0.7419 -0.4501
vn 0.4773 0.7377 -0.4774
vn 0.5139 0.7648 -0.3886
vn 0.7463 0.6045 -0.2785
vn 0.5246 0.7824 -0.3356
vn 0.2611 0.9001 -0.3487
vn 0.2453 0.8830 -0.4002
vn 0.0507 0.9474 -0.3161
vn 0.0398 0.9308 -0.3633
vn 0.0225 0.9020 -0.4312
vn 0.2330 0.8544 -0.4644
vn 0.2232 0.8461 -0.4841
vn 0.0291 0.8873 -0.4603
vn -0.0886 0.9027 -0.4210
vn -0.0732 0.8941 -0.4418
vn -0.0913 0.9132 -0.3972
vn -0.0762 0.8943 -0.4409
vn -0.0844 0.9032 -0.4208
vn -0.1284 0.8950 -0.4271
vn -0.0915 0.9129 -0.3979
vn -0.1488 0.9088 -0.3898
vn -0.0789 0.9387 -0.3355
vn -0.1280 0.9374 -0.3238
vn -0.1470 0.9099 -0.3880
vn -0.0656 0.9555 -0.2877
vn -0.1095 0.9547 -0.2768
vn -0.1006 0.9503 -0.2945
vn -0.1287 0.9343 -0.3324
vn -0.1285 0.9382 -0.3215
vn -0.1358 0.9304 -0.3405
vn -0.1667 0.8992 -0.4044
vn -0.0477 0.9322 -0.3587
vn -0.0844 0.9189 -0.3854
vn -0.1113 0.8755 -0.4703
vn -0.1880 0.8629 -0.4691
vn 0.0151 0.8367 -0.5475
vn 0.0243 0.8877 -0.4597
vn -0.0324 0.8818 -0.4705
vn 0.0964 0.8226 -0.5605
vn 0.0247 0.8347 -0.5502
vn 0.1910 0.7306 -0.6556
vn 0.1159 0.7609 -0.6384
vn 0.1158 0.7609 -0.6384
vn -0.0558 0.8467 -0.5291
vn 0.3230 0.5772 -0.7500
vn 0.2476 0.6273 -0.7384
vn 0.0483 0.7776 -0.6270
vn -0.0508 0.8451 -0.5322
vn -0.0226 0.8310 -0.5558
vn 0.0405 0.7876 -0.6149
vn -0.0312 0.8451 -0.5336
vn -0.0915 0.8784 -0.4690
vn 0.1029 0.7340 -0.6713
vn -0.0219 0.8301 -0.5572
vn 0.3902 0.4408 -0.8083
vn 0.0464 0.7808 -0.6231
vn 0.0721 0.7551 -0.6517
vn 0.1416 0.6684 -0.7302
vn 0.0497 0.7792 -0.6249
vn 0.2787 0.5277 -0.8024
vn 0.2904 0.5210 -0.8027
vn 0.5237 0.1960 -0.8290
vn 0.6051 -0.0527 -0.7944
vn 0.6313 -0.2370 -0.7384
vn 0.6430 -0.4263 -0.6363
vn 0.5382 -0.1042 -0.8363
vn 0.5892 -0.4474 -0.6728
vn 0.5615 -0.1442 -0.8148
vn 0.3656 0.2726 -0.8900
vn 0.2841 0.4623 -0.8400
vn 0.2136 0.3956 -0.8932
vn 0.2226 0.5196 -0.8249
vn 0.3106 0.4090 -0.8580
vn 0.4108 0.1993 -0.8897
vn 0.2175 0.5328 -0.8178
vn 0.3284 0.1384 -0.9343
vn 0.3259 0.2838 -0.9018
vn 0.4885 -0.2420 -0.8383
vn 0.5727 -0.6212 -0.5350
vn 0.2900 0.2797 -0.9152
vn 0.3070 -0.0179 -0.9516
vn 0.1255 0.0639 -0.9900
vn 0.1900 0.1841 -0.9644
vn 0.0325 0.1833 -0.9825
vn 0.1797 0.4169 -0.8910
vn 0.2319 0.5199 -0.8221
vn 0.1644 0.6568 -0.7360
vn 0.1409 0.6674 -0.7313
vn 0.1349 0.6721 -0.7281
vn 0.2107 0.5036 -0.8378
vn 0.2147 0.4866 -0.8469
vn 0.1900 0.6759 -0.7121
vn 0.1897 0.5378 -0.8215
vn 0.1816 0.3649 -0.9132
vn 0.2385 0.4618 -0.8543
vn 0.2360 0.4631 -0.8543
vn 0.3209 0.5466 -0.7735
vn 0.0880 0.1764 -0.9804
vn 0.0490 0.0797 -0.9956
vn 0.0259 0.0425 -0.9988
vn 0.0358 0.0430 -0.9984
vn 0.0248 0.1074 -0.9939
vn 0.3141 0.4330 -0.8449
vn 0.2677 0.4413 -0.8565
vn 0.3077 0.4298 -0.8489
vn 0.4312 0.4865 -0.7599
vn 0.2789 0.4437 -0.8517
vn 0.2642 0.3836 -0.8849
vn 0.3320 0.4312 -0.8390
vn 0.3308 0.4321 -0.8389
vn 0.2199 0.3907 -0.8939
vn 0.2522 0.3790 -0.8904
vn 0.0987 0.1800 -0.9787
vn -0.5742 -0.5333 0.6212
vn -0.6958 -0.5543 0.4568
vn -0.5277 -0.6144 0.5865
vn -0.3254 -0.6558 0.6812
vn -0.4725 -0.6564 0.5881
vn -0.3529 -0.4754 0.8059
vn -0.3242 -0.7833 0.5304
vn -0.2876 -0.5073 0.8123
vn -0.3768 -0.4725 0.7967
vn -0.3453 -0.5572 0.7552
vn -0.4609 -0.4845 0.7435
vn -0.5010 -0.4545 0.7365
vn -0.5894 -0.4767 0.6522
vn -0.5816 -0.4493 0.6781
vn -0.5638 -0.5153 0.6455
vn -0.6967 -0.4580 0.5522
vn -0.6882 -0.4196 0.5919
vn -0.6697 -0.5111 0.5388
vn -0.7444 -0.4887 0.4550
vn -0.7791 -0.4198 0.4655
vn -0.7750 -0.3716 0.5112
vn -0.8350 -0.3739 0.4037
vn -0.8376 -0.3185 0.4437
vn -0.7934 -0.4571 0.4020
vn -0.5795 -0.5953 0.5565
vn -0.6416 -0.5966 0.4821
vn -0.6809 -0.5833 0.4429
vn -0.4133 -0.7029 0.5789
vn -0.4494 -0.7287 0.5168
vn -0.4801 -0.7320 0.4835
vn -0.4936 -0.5742 0.6532
vn -0.3641 -0.6528 0.6643
vn -0.2287 -0.6337 0.7390
vn -0.2208 -0.7266 0.6506
vn -0.2163 -0.7918 0.5712
vn -0.1486 -0.6849 0.7133
vn -0.1079 -0.7731 0.6250
vn -0.2199 -0.7263 0.6512
vn -0.1079 -0.7732 0.6250
vn -0.0685 -0.8365 0.5436
vn -0.2167 -0.7920 0.5708
vn -0.0408 -0.8724 0.4870
vn -0.2201 -0.8246 0.5211
vn -0.2190 -0.8271 0.5176
vn -0.2284 -0.8392 0.4936
vn -0.2332 -0.8403 0.4893
vn 0.0108 -0.8511 0.5248
vn 0.0574 -0.8831 0.4656
vn 0.0510 -0.8516 0.5217
vn 0.1073 -0.8815 0.4598
vn -0.0410 -0.7964 0.6033
vn 0.0143 -0.8214 0.5702
vn -0.1489 -0.6849 0.7133
vn -0.0992 -0.7167 0.6903
vn -0.0405 -0.7562 0.6531
vn 0.1165 -0.8532 0.5084
vn 0.1234 -0.8694 0.4785
vn 0.3141 -0.8906 0.3289
vn 0.2163 -0.8795 0.4239
vn 0.1845 -0.8833 0.4309
vn 0.3345 -0.8855 0.3224
vn 0.3413 -0.8698 0.3564
vn 0.4295 -0.8639 0.2631
vn 0.4218 -0.8501 0.3154
vn 0.4046 -0.8820 0.2415
vn 0.3778 -0.9024 0.2071
vn 0.4882 -0.8689 0.0816
vn 0.1792 -0.8768 0.4462
vn 0.5459 -0.8259 -0.1406
vn 0.5320 -0.8441 -0.0671
vn 0.2850 -0.9161 0.2821
vn 0.3977 -0.9090 0.1247
vn 0.5403 -0.8227 -0.1766
vn 0.0805 -0.8743 0.4787
vn -0.0974 -0.6852 0.7218
vn 0.2564 -0.9271 0.2733
vn 0.2180 -0.9446 0.2455
vn 0.3886 -0.9191 0.0643
vn 0.4456 -0.8948 -0.0288
vn 0.0843 -0.9326 0.3511
vn -0.0468 -0.8192 0.5715
vn -0.0498 -0.8972 0.4388
vn -0.0205 -0.7361 0.6765
vn -0.1106 -0.6522 0.7499
vn -0.1382 -0.6301 0.7641
vn -0.1579 -0.7562 0.6350
vn -0.0451 -0.8190 0.5720
vn -0.1668 -0.7525 0.6371
vn -0.1896 -0.8422 0.5047
vn -0.1897 -0.8422 0.5048
vn -0.2034 -0.5896 0.7817
vn -0.0505 -0.7185 0.6937
vn -0.1217 -0.6586 0.7426
vn -0.0996 -0.7169 0.6900
vn -0.1157 -0.6637 0.7390
vn -0.0627 -0.7181 0.6931
vn -0.0535 -0.7483 0.6613
vn 0.2459 -0.8687 0.4300
vn 0.2950 -0.8614 0.4134
vn 0.2946 -0.8527 0.4315
vn 0.2738 -0.8328 0.4812
vn 0.3064 -0.8005 0.5151
vn 0.1676 -0.8822 0.4401
vn 0.2082 -0.8433 0.4954
vn 0.2333 -0.8107 0.5370
vn 0.0986 -0.8890 0.4472
vn -0.0140 -0.8575 0.5144
vn -0.2301 -0.8445 0.4836
vn -0.2302 -0.8107 0.5383
vn -0.2288 -0.8454 0.4827
vn -0.2282 -0.8183 0.5275
vn -0.4984 -0.6950 0.5183
vn -0.2158 -0.7899 0.5741
vn -0.4951 -0.6617 0.5631
vn 0.0067 -0.8280 0.5607
vn -0.2173 -0.7820 0.5842
vn 0.1282 -0.8526 0.5066
vn 0.1414 -0.8246 0.5478
vn -0.7218 -0.5195 0.4573
vn -0.7236 -0.4791 0.4968
vn -0.8452 -0.3557 0.3988
vn -0.8537 -0.3093 0.4189
vn -0.8922 -0.2763 0.3572
vn -0.8974 -0.2404 0.3699
vn -0.8979 -0.2184 0.3823
vn -0.8977 -0.1435 0.4166
vn -0.8865 -0.0866 0.4545
vn -0.8710 -0.3302 0.3637
vn -0.8255 -0.4241 0.3725
vn -0.8770 -0.2686 0.3985
vn -0.7060 -0.5704 0.4198
vn -0.8227 -0.2695 0.5006
vn -0.8669 -0.2175 0.4485
vn -0.8912 -0.1667 0.4219
vn -0.8089 -0.2163 0.5467
vn -0.8554 -0.1628 0.4918
vn -0.8742 -0.0559 0.4823
vn -0.8730 -0.0672 0.4831
vn -0.8471 -0.1368 0.5135
vn -0.8788 -0.0168 0.4769
vn -0.8768 -0.0703 0.4756
vn -0.8746 -0.0032 0.4849
vn -0.8759 -0.0260 0.4818
vn -0.7357 -0.2818 0.6159
vn -0.8071 -0.2122 0.5509
vn -0.8595 -0.1413 0.4912
vn -0.7911 -0.2854 0.5410
vn -0.8516 -0.2155 0.4780
vn -0.6637 -0.3478 0.6623
vn -0.6171 -0.3977 0.6790
vn -0.8132 -0.3374 0.4742
vn -0.8878 -0.2729 0.3706
vn -0.6156 -0.4287 0.6613
vn -0.6102 -0.4076 0.6794
vn -0.9604 -0.2726 0.0585
vn -0.9394 -0.2845 0.1914
vn -0.5814 -0.4222 0.6955
vn -0.6663 -0.3842 0.6390
vn -0.7522 -0.3276 0.5717
vn 0.5665 0.4832 -0.6676
vn 0.5106 0.5515 -0.6597
vn 0.6930 0.4586 -0.5563
vn 0.6706 0.5103 -0.5384
vn 0.5829 0.5934 -0.5551
vn 0.3685 0.6459 -0.6686
vn 0.4141 0.7022 -0.5792
vn 0.6450 0.5944 -0.4802
vn 0.4508 0.7288 -0.5154
vn 0.7477 0.4859 -0.4526
vn 0.7792 0.4198 -0.4654
vn 0.2159 0.8290 -0.5159
vn 0.2142 0.7918 -0.5719
vn 0.0408 0.8701 -0.4911
vn 0.0687 0.8332 -0.5487
vn 0.2206 0.7222 -0.6556
vn 0.0954 0.7723 -0.6280
vn 0.1175 0.6889 -0.7153
vn -0.0099 0.8512 -0.5247
vn -0.0304 0.8455 -0.5330
vn -0.0484 0.8792 -0.4739
vn -0.0858 0.8767 -0.4733
vn -0.0476 0.8795 -0.4736
vn -0.1944 -0.7753 -0.6009
vn -0.1811 -0.7438 -0.6434
vn -0.2204 -0.7186 -0.6596
vn -0.2472 -0.7535 -0.6092
vn -0.1713 -0.7157 -0.6771
vn -0.1993 -0.6862 -0.6996
vn -0.2497 -0.6858 -0.6836
vn -0.2878 -0.7228 -0.6283
vn -0.2145 -0.6560 -0.7236
vn -0.1231 -0.8167 -0.5637
vn -0.1363 -0.7852 -0.6041
vn -0.1978 -0.8122 -0.5488
vn -0.1274 -0.7640 -0.6325
vn -0.1412 -0.7387 -0.6591
vn -0.2383 -0.6926 -0.6808
vn -0.1741 -0.6873 -0.7052
vn -0.1930 -0.6511 -0.7340
vn -0.2081 -0.6035 -0.7697
vn -0.2216 -0.6079 -0.7625
vn -0.2585 -0.6467 -0.7176
vn -0.3037 -0.6869 -0.6603
vn -0.3151 -0.7681 -0.5575
vn -0.3355 -0.7376 -0.5860
vn -0.2646 -0.7945 -0.5466
vn 0.3382 -0.9307 0.1395
vn 0.2856 -0.9531 0.1001
vn 0.2669 -0.9521 0.1494
vn 0.3264 -0.9258 0.1908
vn 0.2176 -0.9755 0.0338
vn 0.1903 -0.9787 0.0768
vn 0.2693 -0.9467 0.1769
vn 0.3566 -0.9085 0.2181
vn 0.1776 -0.9788 0.1021
vn 0.3819 -0.9136 0.1397
vn 0.3581 -0.9309 0.0714
vn 0.3770 -0.9110 0.1674
vn 0.3131 -0.9492 0.0307
vn 0.2594 -0.9653 -0.0290
vn 0.1864 -0.9736 -0.1319
vn 0.1226 -0.9891 -0.0819
vn 0.0748 -0.9964 -0.0410
vn 0.1365 -0.9879 -0.0732
vn 0.2767 -0.9584 0.0694
vn 0.3838 -0.9100 0.1568
vn 0.3758 -0.8980 0.2289
vn 0.4761 -0.8390 0.2634
vn 0.0061 -0.9721 -0.2345
vn -0.1024 -0.9210 -0.3760
vn -0.1823 -0.9159 -0.3577
vn -0.0644 -0.9757 -0.2094
vn -0.1721 -0.8608 -0.4789
vn -0.2493 -0.8483 -0.4671
vn -0.2374 -0.9047 -0.3538
vn -0.1099 -0.9738 -0.1992
vn -0.3050 -0.8285 -0.4696
vn 0.0908 -0.9584 -0.2706
vn 0.0061 -0.9721 -0.2344
vn 0.0908 -0.9584 -0.2707
vn -0.0084 -0.9145 -0.4044
vn -0.0844 -0.8609 -0.5017
vn -0.3258 -0.8062 -0.4939
vn -0.2540 -0.8921 -0.3737
vn -0.1168 -0.9702 -0.2123
vn -0.1056 -0.9743 -0.1988
vn -0.0329 -0.9602 -0.2772
vn -0.0615 -0.9760 -0.2090
vn 0.2283 -0.9098 -0.3467
vn 0.1490 -0.8828 -0.4456
vn 0.1273 -0.8861 -0.4457
vn 0.2073 -0.9196 -0.3336
vn 0.0797 -0.8522 -0.5170
vn 0.0488 -0.8431 -0.5355
vn 0.0736 -0.8996 -0.4304
vn 0.1637 -0.9377 -0.3066
vn -0.0076 -0.8528 -0.5221
vn 0.2511 -0.9203 -0.2999
vn 0.2107 -0.9074 -0.3635
vn 0.2239 -0.9079 -0.3545
vn 0.2793 -0.9212 -0.2710
vn 0.2077 -0.9105 -0.3574
vn 0.0073 -0.8211 -0.5707
vn -0.0456 -0.8102 -0.5843
vn 0.2404 -0.9529 -0.1849
vn 0.1637 -0.9377 -0.3065
vn 0.2734 -0.9340 -0.2299
vn 0.2074 -0.9196 -0.3336
vn 0.3521 -0.9328 0.0772
vn 0.3307 -0.9224 -0.1994
vn 0.3372 -0.9309 -0.1403
vn 0.3883 -0.9211 -0.0296
vn 0.3386 -0.9400 -0.0428
vn 0.3878 -0.9216 0.0190
vn 0.2961 -0.9502 -0.0976
vn 0.3116 -0.9494 -0.0399
vn 0.2302 -0.9583 -0.1695
vn -0.0606 -0.7947 -0.6040
vn -0.0801 -0.7782 -0.6229
vn -0.0724 -0.7868 -0.6129
vn -0.1039 -0.7694 -0.6303
vn -0.1335 -0.7537 -0.6435
vn -0.3318 -0.7822 -0.5273
vn -0.1771 -0.7597 -0.6257
vn -0.2654 -0.7233 -0.6375
vn 0.1953 0.7771 0.5983
vn 0.2548 0.7580 0.6004
vn 0.2215 0.7286 0.6482
vn 0.1750 0.7498 0.6381
vn 0.3111 0.7334 0.6044
vn 0.2660 0.7045 0.6580
vn 0.1867 0.7064 0.6827
vn 0.1472 0.7295 0.6680
vn 0.2231 0.6854 0.6931
vn 0.1267 0.8160 0.5639
vn 0.2018 0.8120 0.5477
vn 0.1368 0.7861 0.6028
vn 0.2750 0.7962 0.5389
vn 0.3409 0.7739 0.5337
vn 0.3995 0.7535 0.5222
vn 0.3652 0.7124 0.5992
vn 0.3117 0.6854 0.6581
vn 0.2602 0.6701 0.6952
vn 0.2172 0.6761 0.7041
vn 0.1606 0.7202 0.6749
vn 0.0965 0.7294 0.6773
vn 0.0446 0.7417 0.6692
vn 0.1144 0.7500 0.6514
vn -0.0068 0.7529 0.6581
vn 0.1275 0.7640 0.6325
vn -0.3253 0.9394 -0.1085
vn -0.3020 0.9380 -0.1701
vn -0.2497 0.9570 -0.1475
vn -0.2783 0.9561 -0.0916
vn -0.2750 0.9374 -0.2137
vn -0.2205 0.9570 -0.1883
vn -0.1757 0.9808 -0.0844
vn -0.2143 0.9762 -0.0345
vn -0.1396 0.9826 -0.1229
vn -0.3741 0.9274 0.0045
vn -0.3548 0.9313 -0.0828
vn -0.3479 0.9371 -0.0293
vn -0.3371 0.9288 -0.1540
vn -0.2457 0.9577 -0.1496
vn -0.2109 0.9490 -0.2345
vn -0.1682 0.9531 -0.2514
vn -0.1185 0.9626 -0.2436
vn -0.0282 0.9826 -0.1837
vn 0.1037 0.9929 -0.0576
vn -0.0128 0.9999 0.0044
vn -0.0641 0.9972 0.0375
vn -0.1217 0.9895 0.0779
vn -0.2585 0.9655 0.0301
vn -0.1870 0.9738 0.1294
vn -0.3091 0.9508 -0.0189
vn -0.0032 0.9728 0.2317
vn 0.0750 0.9766 0.2013
vn 0.1938 0.9162 0.3507
vn 0.1068 0.9208 0.3751
vn 0.1433 0.9742 0.1745
vn 0.2703 0.9052 0.3281
vn 0.2607 0.8487 0.4601
vn 0.1769 0.8602 0.4784
vn 0.3318 0.8312 0.4462
vn -0.0903 0.9587 0.2698
vn 0.2655 0.9586 0.1028
vn 0.3894 0.8849 0.2555
vn 0.3897 0.8143 0.4301
vn 0.0870 0.8597 0.5033
vn 0.0102 0.9142 0.4052
vn -0.2681 0.9024 0.3374
vn -0.2151 0.9160 0.3385
vn -0.1345 0.8825 0.4507
vn -0.1931 0.8618 0.4690
vn -0.1665 0.9372 0.3064
vn -0.0743 0.8985 0.4326
vn -0.0501 0.8396 0.5409
vn -0.0954 0.8289 0.5512
vn 0.0078 0.8501 0.5265
vn -0.2813 0.9308 0.2333
vn -0.2435 0.9522 0.1844
vn 0.0594 0.8107 0.5825
vn -0.0026 0.8004 0.5994
vn -0.1097 0.7995 0.5905
vn -0.2835 0.8769 0.3881
vn -0.3926 0.8695 0.2998
vn -0.3810 0.9132 0.1448
vn -0.3411 0.9252 0.1662
vn -0.3504 0.9046 0.2428
vn -0.3673 0.9282 0.0591
vn -0.3357 0.9399 0.0627
vn -0.2983 0.9493 0.0989
vn -0.3969 0.8960 0.1993
vn -0.3889 0.9156 0.1022
vn -0.3658 0.8701 0.3303
vn -0.4185 0.8482 0.3247
vn 0.0237 0.7792 0.6264
vn 0.0851 0.7856 0.6129
vn 0.0828 0.7671 0.6362
vn 0.0356 0.7693 0.6379
vn 0.0176 0.7625 0.6467
vn -0.0534 0.7709 0.6347
vn -0.0601 0.7530 0.6553
vn -0.2984 0.6969 0.6521
vn 0.3909 -0.9190 0.0518
vn 0.3898 -0.8964 0.2111
vn 0.3803 -0.8879 0.2590
vn 0.3461 -0.8928 0.2882
vn 0.4111 -0.8753 0.2546
vn -0.3898 0.7466 0.5392
vn -0.3789 0.7818 0.4952
vn -0.3959 0.8354 0.3813
vn -0.4219 0.7254 0.5439
vn -0.3750 0.8536 0.3617
vn -0.3897 0.8817 0.2658
vn 0.4127 -0.8669 0.2797
vn 0.4072 -0.8622 0.3013
vn -0.3607 0.9037 0.2306
vn -0.3758 0.9151 0.1461
vn -0.4291 0.7163 0.5503
vn 0.3088 -0.9454 0.1044
vn -0.3012 -0.7902 -0.5338
vn -0.2497 -0.8184 -0.5176
vn -0.4071 -0.7644 -0.4999
vn -0.1197 -0.8278 -0.5481
vn -0.1654 -0.8503 -0.4996
vn -0.3788 0.6460 0.6627
vn -0.2755 0.6786 0.6809
vn -0.2321 0.7015 0.6738
vn -0.2477 0.7048 0.6648
vn -0.1852 0.7420 0.6442
vn -0.0053 -0.8757 -0.4829
vn -0.1072 -0.8752 -0.4718
vn -0.2609 0.7109 0.6531
vn -0.3902 0.6380 0.6639
vn -0.5137 -0.7163 -0.4723
vn -0.2128 -0.5654 -0.7969
vn -0.2326 -0.5810 -0.7799
vn -0.2636 -0.5378 -0.8008
vn -0.2385 -0.6334 -0.7362
vn -0.2835 -0.5919 -0.7545
vn 0.1140 0.7473 0.6546
vn 0.0470 0.7489 0.6611
vn -0.0124 0.7559 0.6545
vn -0.1888 -0.5200 -0.8330
vn -0.2881 -0.6503 -0.7029
vn -0.0742 0.7581 0.6479
vn -0.1826 -0.4621 -0.8678
vn 0.4166 -0.8828 0.2168
vn 0.4702 -0.8719 0.1370
vn 0.3647 -0.9306 0.0322
vn -0.0807 0.9581 -0.2747
vn -0.0301 0.9606 -0.2763
vn 0.0556 0.9746 -0.2169
vn 0.1992 -0.9704 -0.1367
vn 0.1898 0.9773 -0.0939
vn -0.1349 0.9710 -0.1974
vn 0.5154 -0.8092 0.2821
vn 0.2004 -0.9770 -0.0732
vn 0.1956 -0.9500 -0.2434
vn 0.2542 -0.9665 -0.0356
vn -0.4538 0.7344 0.5048
vn -0.4493 0.7447 0.4935
vn -0.4275 0.7820 0.4535
vn -0.3822 0.8011 0.4606
vn -0.4351 0.7244 0.5347
vn 0.2068 -0.9303 -0.3031
vn -0.3327 0.8214 0.4633
vn 0.1091 -0.9226 -0.3700
vn 0.0326 -0.9335 -0.3572
vn -0.0190 -0.9095 -0.4153
vn -0.2676 0.7387 0.6186
vn -0.3283 0.7648 0.5543
vn -0.2500 0.7933 0.5552
vn -0.3649 0.7670 0.5278
vn 0.2407 -0.9267 -0.2886
vn 0.1705 -0.9438 -0.2830
vn -0.2493 -0.6322 -0.7336
vn -0.2088 -0.5814 -0.7863
vn -0.1628 -0.5355 -0.8287
vn -0.1942 -0.5908 -0.7831
vn -0.1851 -0.5374 -0.8228
vn -0.1559 -0.4867 -0.8595
vn 0.5089 0.7175 0.4756
vn 0.4412 0.7125 0.5456
vn 0.3917 0.6985 0.5989
vn 0.4531 0.7133 0.5347
vn 0.3546 0.7230 0.5929
vn 0.3213 0.6976 0.6404
vn -0.2803 -0.6932 -0.6640
vn 0.4868 0.7468 0.4531
vn 0.5420 0.7438 0.3911
vn -0.2226 -0.6563 -0.7209
vn -0.0386 -0.9591 -0.2805
vn -0.1886 -0.8721 -0.4516
vn -0.1339 -0.8471 -0.5142
vn 0.0167 -0.9395 -0.3420
vn -0.2678 -0.7735 -0.5744
vn -0.2119 -0.7422 -0.6358
vn 0.3383 0.9392 0.0594
vn 0.4555 0.8678 0.1985
vn 0.5284 0.7953 0.2971
vn 0.4751 0.8045 0.3566
vn 0.0278 -0.9383 -0.3447
vn 0.4676 -0.8217 0.3260
vn 0.4385 -0.8387 0.3229
vn 0.4316 -0.8421 0.3235
vn 0.5091 -0.8025 0.3112
vn -0.3315 0.9367 0.1125
vn -0.2832 0.9591 0.0059
vn -0.3084 0.9498 -0.0519
vn -0.3505 0.9358 0.0373
vn -0.2291 0.9688 -0.0944
vn -0.3317 -0.7304 -0.5970
vn -0.4372 -0.6944 -0.5715
vn -0.3346 -0.6863 -0.6457
vn -0.3861 -0.7381 -0.5533
vn -0.5493 -0.6880 -0.4742
vn -0.1515 0.7465 0.6479
vn -0.2769 0.7108 0.6466
vn -0.1773 0.7298 0.6603
vn -0.3648 0.6680 0.6486
vn -0.5332 -0.1656 0.8296
vn -0.4214 -0.1980 0.8850
vn -0.4787 -0.1845 0.8584
vn -0.4172 -0.1880 0.8891
vn -0.3651 -0.2017 0.9089
vn -0.3171 -0.1338 0.9389
vn -0.4375 -0.1571 0.8854
vn -0.3535 -0.1529 0.9229
vn -0.1400 -0.2195 0.9655
vn -0.3007 -0.2152 0.9291
vn -0.2256 -0.1917 0.9552
vn -0.5976 -0.1902 0.7789
vn -0.5818 -0.0587 0.8112
vn -0.6697 -0.1604 0.7252
vn -0.6509 0.1882 -0.7355
vn -0.7599 0.1617 -0.6296
vn -0.7308 0.2581 -0.6319
vn -0.6220 0.2637 -0.7373
vn -0.8421 0.1127 -0.5275
vn -0.7905 0.1949 -0.5806
vn -0.6736 0.3215 -0.6655
vn -0.5933 0.3390 -0.7301
vn -0.6861 0.0779 -0.7234
vn -0.8095 0.0601 -0.5840
vn -0.8916 0.0204 -0.4523
vn -0.9697 -0.0283 -0.2425
vn -0.9385 0.0425 -0.3426
vn -0.9036 0.1183 -0.4117
vn -0.8523 0.2011 -0.4828
vn -0.8082 0.3273 -0.4896
vn -0.6904 0.4143 -0.5931
vn -0.6234 0.4640 -0.6294
vn -0.5664 0.4012 -0.7199
vn -0.9962 -0.0092 -0.0863
vn -0.9524 -0.1168 0.2817
vn -0.9479 -0.1150 0.2971
vn -0.9497 -0.1171 0.2904
vn -0.8195 -0.1529 0.5523
vn -0.7671 -0.1748 0.6172
vn -0.9464 -0.1190 0.3003
vn -0.9535 -0.0930 0.2867
vn -0.9793 0.1006 -0.1757
vn -0.9519 -0.0876 0.2936
vn -0.9949 -0.0961 0.0305
vn -0.9431 -0.1247 0.3081
vn -0.9464 -0.1220 0.2992
vn -0.7403 -0.0450 0.6708
vn -0.9437 -0.0800 0.3210
vn -0.9684 0.2399 0.0674
vn -0.9771 -0.1327 0.1661
vn -0.9161 -0.1489 0.3722
vn -0.9340 -0.1289 0.3332
vn -0.9857 -0.1189 0.1194
vn -0.8387 -0.1515 0.5231
vn -0.8465 -0.1334 0.5154
vn -0.9877 -0.1206 0.1000
vn -0.9351 -0.1275 0.3308
vn -0.9445 -0.1218 0.3051
vn -0.9426 -0.1245 0.3099
vn -0.9864 -0.1530 -0.0595
vn -0.9568 -0.2386 0.1665
vn -0.9801 -0.1285 0.1516
vn -0.9713 -0.1602 0.1758
vn -0.7577 -0.1575 0.6334
vn -0.7256 -0.1353 0.6747
vn -0.9842 -0.1002 -0.1459
vn -0.7193 -0.1383 -0.6808
vn -0.8761 -0.1330 -0.4634
vn -0.9129 -0.0987 -0.3961
vn -0.7287 -0.0876 -0.6792
vn -0.9362 -0.1461 -0.3196
vn -0.8485 -0.0292 -0.5284
vn -0.7095 -0.0170 -0.7045
vn -0.9321 -0.0501 -0.3588
vn -0.7166 -0.1717 -0.6760
vn -0.7693 -0.2370 -0.5933
vn -0.7058 -0.1324 0.6960
vn -0.6334 -0.1048 0.7667
vn -0.5099 -0.1115 0.8530
vn -0.6041 -0.1283 0.7865
vn -0.4848 -0.0916 0.8698
vn -0.3757 -0.2410 0.8949
vn -0.2727 -0.1767 0.9457
vn -0.2717 -0.1203 0.9548
vn 0.5179 0.1709 -0.8382
vn 0.4847 0.2314 -0.8435
vn 0.4363 0.2306 -0.8698
vn 0.4482 0.1688 -0.8778
vn 0.5661 0.1737 -0.8058
vn 0.5781 0.1328 -0.8051
vn 0.5496 0.2269 -0.8040
vn 0.6446 0.1673 -0.7460
vn 0.5771 0.2345 -0.7823
vn 0.4903 0.4021 -0.7733
vn 0.4568 0.2775 -0.8452
vn 0.5289 0.2938 -0.7962
vn 0.5982 0.0824 -0.7971
vn 0.7494 -0.1931 0.6333
vn 0.7088 -0.2823 0.6464
vn 0.7342 -0.2288 0.6392
vn 0.7654 -0.1786 0.6182
vn 0.6869 -0.3194 0.6529
vn 0.6865 -0.2415 0.6858
vn 0.8476 -0.1249 0.5157
vn 0.7873 -0.2330 0.5708
vn 0.8062 -0.0910 0.5846
vn 0.7343 -0.2716 0.6222
vn 0.7935 -0.0911 0.6017
vn 0.8589 -0.1352 0.4940
vn 0.8286 -0.1040 0.5501
vn 0.9268 -0.0457 0.3727
vn 0.8842 -0.0206 0.4667
vn 0.9629 0.0270 0.2686
vn 0.8298 -0.0606 0.5548
vn 0.9929 0.0128 0.1185
vn 0.9406 0.1395 -0.3096
vn 0.9502 0.1208 -0.2874
vn 0.9724 -0.0118 0.2332
vn 0.9462 0.1364 -0.2933
vn 0.9484 0.1258 -0.2912
vn 0.9454 0.1322 -0.2980
vn 0.7478 0.2183 -0.6270
vn 0.8064 0.1565 -0.5703
vn 0.9481 0.1499 -0.2806
vn 0.9969 0.0785 -0.0064
vn 0.9924 0.1205 -0.0264
vn 0.7585 0.3738 -0.5338
vn 0.6552 0.3933 -0.6450
vn 0.9450 0.1227 -0.3030
vn 0.9439 0.1250 -0.3056
vn 0.9827 0.1109 -0.1481
vn 0.9890 0.1055 -0.1032
vn 0.9373 0.1181 -0.3278
vn 0.9152 0.0901 -0.3927
vn 0.9916 0.1063 -0.0734
vn 0.8367 0.1278 -0.5325
vn 0.8505 0.0935 -0.5176
vn 0.9935 0.0922 0.0666
vn 0.9724 0.1109 -0.2055
vn 0.9693 0.0278 -0.2442
vn 0.9825 0.0809 0.1679
vn 0.9877 0.1064 -0.1150
vn 0.9905 0.1054 -0.0879
vn 0.9967 0.0811 -0.0082
vn 0.7090 0.1280 -0.6935
vn 0.8000 0.0851 -0.5940
vn 0.9721 0.0050 -0.2346
vn 0.9242 0.0918 0.3707
vn 0.9084 0.0670 0.4126
vn 0.9604 0.0856 0.2650
vn 0.8880 0.0004 0.4599
vn 0.9089 0.0362 0.4153
vn 0.9435 0.0931 0.3179
vn 0.9155 0.0111 0.4021
vn 0.9333 0.0825 0.3495
vn 0.7589 0.0510 -0.6492
vn 0.5918 0.1194 -0.7972
vn 0.5116 0.1000 -0.8534
vn 0.7469 -0.0011 -0.6650
vn 0.5653 0.0470 -0.8235
vn 0.4998 0.0763 -0.8628
vn 0.7838 -0.0090 -0.6210
vn -0.3271 -0.1540 -0.9324
vn -0.0805 -0.1213 -0.9894
vn -0.0846 -0.1169 -0.9895
vn -0.0859 -0.1707 -0.9816
vn -0.3836 -0.0405 -0.9226
vn -0.1435 -0.0635 -0.9876
vn 0.9363 -0.0343 -0.3496
vn 0.9641 -0.0481 -0.2611
vn 0.9600 -0.0419 -0.2769
vn 0.9437 -0.0312 -0.3293
vn 0.9828 -0.1142 -0.1452
vn 0.9787 -0.0889 -0.1849
vn -0.3633 -0.1482 -0.9198
vn -0.3643 -0.1996 -0.9097
vn -0.6170 -0.0759 -0.7833
vn -0.4006 -0.0360 -0.9155
vn -0.4218 0.0525 -0.9052
vn -0.2102 0.0148 -0.9775
vn 0.9749 -0.2226 -0.0031
vn 0.9590 -0.1828 0.2166
vn 0.9220 -0.0649 0.3817
vn 0.9572 -0.0676 -0.2813
vn 0.9341 -0.0418 -0.3545
vn -0.3858 -0.2014 -0.9003
vn -0.2460 -0.2361 -0.9401
vn -0.5890 -0.2378 0.7724
vn -0.4414 -0.3110 0.8417
vn -0.3864 -0.2749 0.8804
vn -0.6694 -0.2679 0.6929
vn 0.9319 -0.2017 -0.3016
vn 0.9193 -0.1425 -0.3669
vn 0.8742 -0.0727 -0.4801
vn 0.8948 -0.1280 -0.4277
vn 0.8959 -0.1100 -0.4304
vn -0.7596 -0.2452 0.6024
vn -0.6795 -0.2918 0.6732
vn 0.8856 -0.0603 -0.4605
vn 0.9041 -0.0189 -0.4268
vn 0.9035 -0.1356 -0.4065
vn 0.9508 -0.2256 -0.2123
vn 0.9331 -0.2015 -0.2977
vn 0.8952 -0.1362 -0.4243
vn 0.9023 -0.1528 -0.4032
vn -0.1126 -0.2517 0.9612
vn -0.1222 -0.2569 0.9587
vn -0.0718 -0.2820 0.9567
vn -0.0916 -0.2232 0.9705
vn -0.1148 -0.2528 0.9607
vn 0.0195 -0.2833 0.9588
vn 0.6560 0.2141 -0.7237
vn 0.6871 0.1241 -0.7159
vn 0.7065 0.0598 -0.7052
vn 0.0497 -0.2443 0.9684
vn 0.7268 -0.0037 -0.6868
vn 0.5801 0.3364 -0.7419
vn -0.1791 -0.1393 0.9739
vn -0.5678 0.4581 -0.6839
vn -0.5796 0.5282 -0.6205
vn -0.6450 0.5042 -0.5743
vn 0.6411 -0.0408 0.7664
vn 0.6903 -0.1842 0.6996
vn 0.6564 -0.2427 0.7143
vn -0.5245 0.4278 -0.7361
vn -0.7522 0.4401 -0.4903
vn 0.7783 0.0043 0.6279
vn 0.7622 -0.2256 0.6068
vn -0.8781 -0.2541 -0.4054
vn -0.7289 -0.2984 -0.6161
vn -0.8711 -0.3127 -0.3787
vn -0.6411 -0.2173 -0.7360
vn 0.9954 -0.0953 -0.0108
vn 0.9971 -0.0608 0.0464
vn 0.9946 -0.0087 0.1033
vn 0.9940 -0.0798 -0.0746
vn 0.9998 -0.0048 0.0206
vn -0.9590 -0.2520 -0.1295
vn -0.2145 -0.2231 -0.9509
vn 0.9997 -0.0030 0.0262
vn 0.9987 -0.0196 -0.0464
vn 0.9885 -0.0761 -0.1305
vn -0.9465 -0.3118 -0.0829
vn -0.8716 -0.2431 0.4258
vn -0.8547 -0.2977 0.4253
vn -0.7742 -0.2966 0.5592
vn -0.9520 -0.2457 0.1825
vn -0.9298 -0.3058 0.2047
vn 0.8888 -0.0614 -0.4541
vn 0.9215 -0.0743 -0.3813
vn 0.9565 -0.0807 -0.2805
vn -0.9295 -0.3074 0.2038
vn 0.9634 -0.0578 -0.2619
vn -0.4722 -0.0459 0.8803
vn -0.3996 -0.0624 0.9146
vn -0.3752 0.0165 0.9268
vn -0.4629 0.0528 0.8848
vn -0.2853 -0.0611 0.9565
vn 0.4024 0.5225 -0.7517
vn 0.4305 0.4443 -0.7857
vn 0.4237 0.4104 -0.8075
vn 0.4917 0.4270 -0.7589
vn 0.4718 0.3682 -0.8012
vn 0.4483 0.5082 -0.7354
vn -0.5500 0.0456 0.8339
vn -0.9574 0.2055 -0.2027
vn -0.9625 0.2674 0.0465
vn -0.8414 -0.0112 0.5403
vn -0.7051 0.0697 0.7057
vn -0.8264 0.1187 0.5505
vn 0.9840 0.1779 -0.0124
vn 0.9473 0.3176 0.0412
vn 0.9741 0.2262 -0.0029
vn 0.7045 0.4978 -0.5058
vn 0.5954 0.5021 -0.6273
vn 0.8563 0.0021 0.5164
vn 0.8432 0.0778 0.5320
vn -0.4317 0.1515 -0.8892
vn -0.4340 0.2456 -0.8668
vn -0.3099 0.2359 -0.9210
vn -0.2645 0.1162 -0.9574
vn -0.4472 0.3510 -0.8227
vn -0.3640 0.3696 -0.8549
vn 0.9362 -0.3150 0.1558
vn 0.8891 -0.3497 0.2952
vn 0.8042 -0.3493 0.4808
vn 0.8988 -0.2819 0.3357
vn 0.7907 -0.3286 0.5166
vn -0.0724 -0.1666 0.9834
vn 0.2638 -0.1991 0.9438
vn 0.1135 -0.2210 0.9686
vn -0.2160 -0.1061 0.9706
vn 0.8551 -0.0922 -0.5102
vn 0.8832 -0.1348 -0.4492
vn 0.7245 -0.0303 -0.6886
vn 0.9454 -0.1964 -0.2600
vn 0.8772 -0.1378 -0.4600
vn 0.9454 -0.1964 -0.2601
vn 0.8607 -0.1253 -0.4935
vn -0.2194 0.1581 0.9627
vn -0.1374 -0.0597 0.9887
vn 0.0101 -0.4709 0.8821
vn -0.1757 -0.2345 0.9561
vn -0.2566 0.0311 0.9660
vn -0.1645 -0.2761 0.9469
vn 0.5844 0.1069 0.8044
vn 0.2866 -0.7342 0.6155
vn 0.2448 -0.9694 -0.0178
vn -0.2068 -0.1037 0.9729
vn -0.4718 0.1452 0.8697
vn -0.4703 -0.0664 0.8800
vn -0.1039 -0.4108 0.9058
vn -0.7047 0.3249 0.6308
vn -0.7742 0.3455 0.5303
vn -0.7622 0.4093 0.5015
vn -0.4528 -0.0479 0.8903
vn -0.5237 0.0955 0.8465
vn -0.6220 0.1286 0.7724
vn -0.8234 0.4019 0.4007
vn -0.8431 0.4397 0.3095
vn -0.8409 0.4139 0.3487
vn -0.8044 0.3852 0.4523
vn -0.7636 0.4258 0.4854
vn -0.8931 0.4049 0.1961
vn -0.9112 0.3754 0.1697
vn -0.7817 0.4530 0.4286
vn -0.9266 0.3748 -0.0297
vn -0.9262 0.3733 -0.0520
vn -0.9236 0.3714 0.0946
vn -0.9141 0.3929 0.1003
vn -0.9322 0.3551 -0.0702
vn -0.9261 0.3686 -0.0804
vn -0.8582 0.3226 -0.3993
vn -0.9151 0.3697 -0.1610
vn -0.9234 0.3709 0.0989
vn -0.6946 0.2199 -0.6850
vn -0.5389 -0.0352 -0.8416
vn -0.4045 -0.8303 -0.3834
vn -0.6951 0.4907 0.5254
vn -0.9137 0.3765 -0.1531
vn -0.6581 0.4940 0.5682
vn -0.5863 0.1574 -0.7946
vn -0.2945 -0.2192 -0.9302
vn -0.6111 0.2638 -0.7463
vn -0.6326 0.1002 -0.7680
vn -0.3872 -0.1046 -0.9161
vn -0.6939 0.2013 -0.6913
vn -0.4447 -0.1260 -0.8868
vn 0.9684 -0.2406 0.0659
vn -0.6302 0.0708 -0.7732
vn -0.3698 -0.8507 -0.3736
vn 0.2939 -0.2562 -0.9209
vn 0.0289 -0.1966 -0.9800
vn -0.2122 -0.2331 -0.9490
vn 0.0463 -0.4606 -0.8864
vn 0.1264 -0.2537 -0.9590
vn -0.0522 -0.3480 -0.9361
vn -0.2275 -0.2399 -0.9438
vn -0.0939 -0.3869 -0.9173
vn -0.1635 -0.3184 -0.9337
vn -0.3172 -0.1830 -0.9305
vn 0.0561 -0.4799 -0.8756
vn -0.1639 -0.3731 -0.9132
vn 0.3343 -0.3863 -0.8597
vn 0.2292 -0.6153 -0.7542
vn 0.5139 -0.5029 -0.6950
vn 0.4619 -0.7952 -0.3928
vn 0.4961 -0.8596 -0.1225
vn 0.1275 -0.6518 -0.7476
vn -0.3432 -0.3375 -0.8766
vn 0.5458 -0.5104 -0.6645
vn 0.5162 -0.8229 -0.2376
vn 0.4601 -0.2582 -0.8495
vn 0.3620 -0.7248 -0.5862
vn 0.4929 -0.8551 -0.1611
vn 0.3837 -0.7928 -0.4736
vn 0.4310 -0.8978 -0.0903
vn 0.5014 -0.8520 0.1505
vn 0.5084 -0.8467 0.1570
vn 0.7821 -0.3746 0.4979
vn 0.7386 -0.6024 0.3027
vn 0.4916 -0.8562 -0.1588
vn 0.4491 -0.8595 0.2442
vn 0.7521 -0.6036 0.2645
vn 0.7472 -0.6173 0.2464
vn 0.4834 -0.8682 -0.1124
vn 0.4741 -0.8532 -0.2173
vn 0.4037 -0.8406 -0.3611
vn 0.3623 -0.7838 -0.5044
vn 0.4343 -0.8933 0.1162
vn 0.3489 -0.8920 -0.2875
vn 0.7336 -0.6263 0.2636
vn 0.6661 -0.5985 0.4452
vn 0.4060 -0.8230 0.3973
vn 0.5188 -0.8548 -0.0088
vn 0.5416 -0.5225 0.6586
vn 0.1897 -0.6149 0.7654
vn 0.3767 -0.9250 -0.0492
vn 0.2805 -0.8439 0.4573
vn 0.4129 -0.8622 0.2934
vn 0.3582 -0.9085 0.2152
vn 0.5500 -0.5138 0.6584
vn 0.0693 -0.4859 0.8713
vn 0.8383 -0.4424 0.3186
vn 0.3505 -0.8084 0.4729
vn -0.1339 -0.1809 0.9743
vn -0.1551 -0.1828 0.9709
vn 0.1549 -0.9468 0.2821
vn 0.2717 -0.0192 0.9622
vn 0.3332 -0.0633 0.9407
vn 0.6916 -0.1785 0.6999
vn 0.0100 0.0358 0.9993
vn -0.0414 0.0666 0.9969
vn 0.3440 -0.0884 0.9348
vn -0.0430 0.0727 0.9964
vn -0.1692 0.0266 0.9852
vn 0.4283 -0.1439 0.8921
vn 0.4361 -0.0229 0.8996
vn 0.8853 -0.1409 0.4432
vn 0.7941 -0.1226 0.5953
vn 0.7840 -0.2292 0.5768
vn 0.8070 -0.2567 0.5319
vn 0.9516 -0.1239 0.2811
vn 0.9290 -0.1435 0.3411
vn 0.8572 -0.2642 0.4421
vn 0.8905 -0.2584 0.3745
vn 0.9917 -0.1132 0.0613
vn 0.9745 -0.1117 0.1944
vn 0.9101 -0.2253 0.3479
vn 0.9700 -0.1577 0.1852
vn 0.8727 -0.1708 -0.4575
vn 0.9688 -0.1324 -0.2095
vn 0.9368 -0.1762 -0.3021
vn 0.7356 -0.1813 -0.6527
vn 0.9964 -0.0698 0.0485
vn 0.9585 -0.2293 0.1693
vn 0.9405 -0.1098 -0.3216
vn 0.9033 -0.2722 -0.3316
vn 0.8970 -0.2612 -0.3567
vn 0.9631 0.0522 0.2641
vn 0.7559 -0.1758 -0.6307
vn 0.6636 -0.2266 -0.7130
vn 0.5760 -0.2250 -0.7858
vn 0.3307 -0.0609 -0.9418
vn 0.4882 -0.1053 -0.8664
vn 0.4298 -0.1715 -0.8865
vn 0.2715 -0.1092 -0.9562
vn -0.0199 0.0499 -0.9986
vn 0.1717 -0.0240 -0.9849
vn 0.1567 -0.0589 -0.9859
vn 0.0706 0.0050 -0.9975
vn -0.4242 0.1782 -0.8879
vn -0.2063 0.1077 -0.9726
vn -0.1667 0.0913 -0.9818
vn -0.4825 0.2175 -0.8485
vn 0.0108 0.0394 -0.9992
vn 0.0624 -0.0614 -0.9962
vn -0.1665 0.1670 -0.9718
vn -0.2044 0.0942 -0.9743
vn -0.1452 0.0715 -0.9868
vn -0.7524 0.2960 -0.5884
vn -0.6049 0.2373 -0.7601
vn -0.5996 0.2495 -0.7604
vn -0.7150 0.2966 -0.6331
vn -0.9221 0.3723 -0.1055
vn -0.8645 0.3486 -0.3622
vn -0.8393 0.3574 -0.4097
vn -0.9125 0.3917 -0.1176
vn -0.8961 0.3291 0.2979
vn -0.9207 0.3610 0.1484
vn -0.8833 0.3742 0.2823
vn -0.8986 0.4358 -0.0507
vn -0.9167 0.3912 -0.0811
vn -0.8347 0.3236 0.4456
vn -0.8468 0.3719 0.3803
vn -0.8714 0.3903 0.2973
vn -0.9702 -0.2325 -0.0689
vn -0.7182 0.3159 0.6201
vn -0.7735 0.3669 0.5167
vn -0.6239 0.3199 0.7130
vn -0.2919 0.1687 0.9414
vn -0.4031 0.2300 0.8858
vn -0.4301 0.2331 0.8721
vn -0.2595 0.1422 0.9552
vn 0.0195 0.0433 0.9989
vn -0.1629 0.1087 0.9806
vn -0.1507 0.0886 0.9846
vn -0.1403 -0.1678 0.9758
vn 0.1072 0.0602 -0.9924
vn -0.1359 0.6247 -0.7690
vn -0.0593 0.5307 -0.8455
vn 0.1108 0.0897 -0.9898
vn -0.4111 0.8633 -0.2927
vn -0.3393 0.8209 -0.4593
vn -0.0511 0.6461 -0.7616
vn 0.1907 0.2972 -0.9356
vn 0.2552 -0.0273 -0.9665
vn 0.2092 0.1065 -0.9721
vn 0.1055 0.3909 -0.9144
vn 0.5100 -0.0015 -0.8602
vn 0.4686 -0.1383 -0.8725
vn -0.0031 0.6355 -0.7721
vn 0.4929 0.2545 -0.8320
vn 0.8525 -0.3302 -0.4051
vn 0.7687 -0.3160 -0.5560
vn 0.6933 -0.3129 -0.6491
vn 0.8598 -0.4479 -0.2452
vn 0.8337 -0.4006 -0.3800
vn 0.8802 -0.4706 -0.0610
vn 0.8338 -0.5223 0.1788
vn 0.8609 -0.4890 0.1406
vn 0.9066 -0.3776 -0.1882
vn 0.8754 -0.3222 -0.3603
vn 0.7889 -0.2587 -0.5574
vn 0.9110 -0.2628 -0.3178
vn 0.9085 -0.3670 -0.1996
vn 0.7003 -0.2422 -0.6714
vn 0.9322 -0.3545 -0.0733
vn 0.9260 -0.3692 0.0792
vn 0.9244 -0.3654 0.1092
vn 0.9362 -0.3482 -0.0485
vn 0.9072 -0.3192 0.2740
vn 0.8488 -0.3197 0.4212
vn 0.8895 -0.4115 -0.1989
vn 0.9077 -0.3227 0.2684
vn 0.8930 -0.4006 -0.2053
vn 0.3548 0.2897 0.8889
vn 0.5595 0.0434 0.8277
vn 0.6889 -0.2101 0.6937
vn 0.2280 0.2868 0.9305
vn 0.5471 -0.1119 0.8296
vn 0.6380 -0.0621 0.7675
vn 0.4537 0.2391 0.8585
vn -0.1954 0.5544 0.8090
vn 0.3188 0.1673 0.9329
vn -0.3581 0.6233 0.6951
vn 0.1537 0.3081 0.9389
vn 0.1196 0.3646 0.9234
vn 0.5222 -0.1299 0.8429
vn -0.1206 0.2008 0.9722
vn 0.2692 0.3552 0.8952
vn 0.2536 0.2093 0.9444
vn -0.0047 0.1644 0.9864
vn 0.3349 0.3092 0.8901
vn 0.6267 0.0828 0.7749
vn 0.2945 0.2057 0.9333
vn 0.2850 0.3383 0.8969
vn 0.0912 0.3814 0.9199
vn 0.0527 0.3547 0.9335
vn -0.1305 0.2537 0.9584
vn -0.2149 0.6241 0.7512
vn -0.3344 0.3896 0.8581
vn 0.3269 0.2840 0.9014
vn -0.1322 0.7767 0.6158
vn -0.4266 0.9032 0.0479
vn -0.4526 0.8061 0.3813
vn -0.5156 0.5105 0.6882
vn -0.5308 0.8339 0.1514
vn -0.5675 0.5392 0.6223
vn -0.4539 0.7894 -0.4133
vn -0.5053 0.8625 0.0289
vn -0.4213 0.7616 -0.4925
vn -0.4158 0.7589 -0.5012
vn -0.4599 0.8879 0.0148
vn -0.5039 0.8532 0.1345
vn -0.5120 0.3509 0.7840
vn -0.8234 0.4130 -0.3892
vn -0.4447 0.8684 0.2196
vn -0.4625 0.8289 0.3146
vn -0.7537 0.6110 -0.2421
vn -0.1290 0.6514 0.7477
vn -0.3136 0.8487 0.4258
vn -0.4745 0.8722 0.1183
vn -0.7480 0.6205 -0.2357
vn -0.7356 0.6274 -0.2556
vn -0.5116 0.8592 0.0096
vn -0.3930 0.8295 -0.3969
vn -0.6651 0.5980 -0.4473
vn -0.2461 0.9542 -0.1703
vn -0.3982 0.8673 -0.2988
vn -0.1869 0.8977 -0.3991
vn 0.0761 0.5083 -0.8578
vn -0.1793 0.6202 -0.7636
vn -0.5389 0.5163 -0.6656
vn -0.0143 0.4303 -0.9026
vn -0.5067 0.4606 -0.7288
vn 0.2878 0.1553 -0.9450
vn 0.3455 0.0345 -0.9378
vn -0.2700 0.6744 -0.6873
vn -0.7451 0.4284 -0.5113
vn -0.6133 0.0062 -0.7898
vn -0.6497 0.1827 -0.7379
vn -0.3325 0.0423 -0.9421
vn -0.3189 -0.0565 -0.9461
vn -0.3722 0.1504 -0.9159
vn 0.0348 -0.0751 -0.9966
vn -0.0387 -0.1330 -0.9904
vn -0.9036 0.0605 -0.4240
vn -0.8056 0.2480 -0.5380
vn -0.7677 0.2192 -0.6022
vn -0.8075 0.0537 -0.5875
vn -0.9422 0.0515 -0.3311
vn -0.8936 0.2512 -0.3720
vn -0.8591 0.2585 -0.4418
vn -0.9969 0.0372 -0.0688
vn -0.9761 0.1501 -0.1573
vn -0.9176 0.2204 -0.3309
vn -0.9696 0.0321 -0.2424
vn -0.8112 0.4389 -0.3865
vn -0.7437 0.6289 -0.2270
vn -0.8870 0.0883 0.4532
vn -0.7470 0.1763 0.6410
vn -0.9363 0.1753 0.3044
vn -0.9790 0.0519 0.1970
vn -0.8774 0.3024 0.3725
vn -0.9372 0.1036 0.3332
vn -0.8918 0.3231 0.3168
vn -0.9629 0.2193 -0.1572
vn -0.9975 0.0108 -0.0705
vn -0.6328 0.0801 0.7702
vn -0.5797 0.2160 0.7857
vn -0.6718 0.2220 0.7066
vn -0.7624 0.0954 0.6401
vn -0.3552 0.0019 0.9348
vn -0.2805 0.0997 0.9547
vn -0.4362 0.1625 0.8851
vn -0.4966 0.0444 0.8668
vn -0.0363 -0.1495 0.9881
vn -0.0464 -0.0347 0.9983
vn -0.1532 0.0444 0.9872
vn -0.2030 -0.0699 0.9767
vn 0.3961 -0.2637 0.8795
vn 0.4664 -0.2209 0.8566
vn 0.1848 -0.0916 0.9785
vn 0.1735 -0.1948 0.9654
vn 0.1826 -0.0571 0.9815
vn 0.1893 -0.1724 0.9667
vn 0.2166 -0.0622 0.9743
vn -0.0576 0.0322 0.9978
vn -0.0428 -0.0959 0.9945
vn 0.7257 -0.3728 0.5783
vn 0.7115 -0.3045 0.6332
vn 0.5895 -0.2525 0.7673
vn 0.5813 -0.3200 0.7481
vn 0.8848 -0.4498 0.1215
vn 0.9051 -0.4012 0.1411
vn 0.8304 -0.3636 0.4222
vn 0.8305 -0.4207 0.3651
vn 0.8861 -0.4446 -0.1306
vn 0.8743 -0.3844 -0.2964
vn 0.9048 -0.3991 -0.1488
vn 0.9089 -0.4017 0.1117
vn 0.8886 -0.4507 0.0856
vn 0.7938 -0.4088 -0.4503
vn 0.8444 -0.3845 -0.3729
vn 0.8547 -0.4162 -0.3101
vn 0.8896 -0.3505 -0.2928
vn 0.5273 -0.3569 -0.7711
vn 0.6085 -0.3288 -0.7223
vn 0.7672 -0.3779 -0.5183
vn 0.6769 -0.3970 -0.6199
vn 0.2623 -0.2480 -0.9326
vn 0.2570 -0.1487 -0.9549
vn 0.4210 -0.2415 -0.8743
vn 0.3810 -0.3051 -0.8728
vn -0.0492 -0.1123 -0.9925
vn 0.0208 -0.0467 -0.9987
vn 0.1374 -0.0894 -0.9865
vn 0.1382 -0.1856 -0.9729
vn 0.0971 0.1304 -0.9867
vn 0.1102 0.2113 -0.9712
vn -0.2676 -0.9603 0.0787
vn -0.3358 -0.9349 0.1150
vn -0.1890 -0.9820 0.0041
vn -0.2533 -0.9671 0.0244
vn -0.1874 -0.9805 -0.0588
vn -0.3185 -0.9455 0.0679
vn -0.2296 0.3297 0.9157
vn -0.2060 0.3025 0.9306
vn -0.3530 0.8860 0.3006
vn -0.3694 0.1265 0.9206
vn -0.1681 0.2439 0.9551
vn -0.4031 0.8483 -0.3434
vn -0.4232 0.8708 -0.2501
vn -0.1751 -0.3071 0.9354
vn -0.5128 0.8145 0.2713
vn -0.4448 0.8953 -0.0254
vn -0.5268 0.8213 0.2191
vn -0.5797 0.7822 0.2283
vn -0.3629 0.1111 0.9252
vn -0.4201 0.9006 -0.1117
vn -0.3846 -0.9217 0.0502
vn -0.4121 -0.9111 -0.0026
vn 0.4511 0.8631 -0.2272
vn 0.6367 0.5200 0.5694
vn 0.4173 0.9088 -0.0017
vn 0.4454 0.8942 -0.0447
vn 0.6490 0.5167 0.5585
vn 0.4765 0.8463 -0.2382
vn 0.5822 0.0371 -0.8122
vn -0.4277 -0.9037 -0.0215
vn -0.3811 -0.9239 -0.0339
vn -0.3951 -0.9172 -0.0516
vn -0.3460 -0.9367 -0.0535
vn 0.3441 0.1865 0.9202
vn 0.1960 -0.1359 0.9711
vn 0.3321 0.2851 0.8991
vn 0.0510 -0.0346 0.9981
vn 0.8210 -0.5128 0.2511
vn 0.8795 -0.4758 -0.0076
vn 0.3281 0.2335 0.9153
vn -0.3702 -0.9289 0.0065
vn -0.3893 -0.9206 0.0306
vn -0.3309 -0.9436 -0.0073
vn -0.3525 -0.9356 0.0221
vn -0.3937 -0.9189 0.0247
vn -0.3581 -0.9334 0.0239
vn -0.3289 -0.9442 -0.0171
vn -0.9201 0.3697 -0.1291
vn -0.9108 0.4047 0.0817
vn 0.0009 0.7818 -0.6236
vn -0.2387 0.1900 -0.9523
vn 0.4484 0.8747 0.1841
vn -0.0283 0.8050 -0.5926
vn -0.0131 0.7774 -0.6289
vn 0.4772 0.8633 0.1643
vn -0.3565 0.2101 -0.9104
vn -0.3382 -0.9396 -0.0528
vn -0.2844 -0.9543 -0.0918
vn -0.3740 -0.9273 0.0144
vn -0.3089 -0.9501 -0.0428
vn -0.3414 -0.9396 0.0222
vn -0.2521 -0.9651 -0.0712
vn 0.6967 0.3371 0.6332
vn -0.4590 -0.7961 -0.3944
vn 0.7637 0.0346 0.6446
vn 0.7129 0.3294 0.6191
vn 0.7323 0.0420 0.6797
vn 0.3514 0.2856 0.8916
vn -0.2640 -0.9614 -0.0774
vn -0.2999 -0.9531 -0.0417
vn -0.2315 -0.9719 -0.0427
vn -0.2732 -0.9619 0.0067
vn 0.7259 0.1199 0.6772
vn -0.7399 0.3922 -0.5465
vn 0.3946 0.1331 0.9092
vn -0.6869 0.3059 -0.6593
vn 0.7410 0.0701 0.6678
vn -0.3562 -0.9339 -0.0308
vn -0.3130 -0.9492 -0.0318
vn -0.3402 -0.9400 0.0275
vn -0.3942 -0.9189 0.0141
vn -0.3123 -0.9483 -0.0557
vn -0.3370 -0.9414 0.0171
vn -0.2079 -0.0206 0.9779
vn -0.3906 -0.9201 -0.0295
vn -0.3278 -0.9446 -0.0143
vn 0.8620 -0.1541 -0.4830
vn 0.6974 -0.5595 -0.4478
vn 0.8670 0.4343 -0.2443
vn 0.8648 -0.1537 -0.4779
vn 0.8704 0.4240 -0.2502
vn 0.7341 -0.5609 -0.3828
vn -0.3483 -0.9370 -0.0278
vn -0.3091 -0.9510 -0.0105
vn 0.4153 0.3792 -0.8269
vn 0.5653 0.7458 -0.3523
vn 0.4471 0.3254 -0.8332
vn 0.9289 0.3030 -0.2128
vn -0.2402 -0.9697 -0.0446
vn -0.2153 -0.9754 -0.0464
vn -0.2905 -0.9569 -0.0022
vn -0.2733 -0.9617 -0.0220
vn 0.5054 -0.8625 0.0265
vn 0.4984 -0.1798 -0.8481
vn 0.4625 0.2982 -0.8350
vn 0.2204 -0.3505 -0.9102
vn 0.5364 -0.2380 -0.8097
vn 0.2551 -0.4382 -0.8619
vn 0.4919 0.2538 -0.8329
vn -0.4318 0.8928 -0.1285
vn -0.1474 -0.9879 -0.0488
vn -0.1928 -0.9804 -0.0416
vn -0.1329 -0.9906 -0.0337
vn -0.1970 -0.9801 -0.0225
vn -0.9759 0.0748 0.2050
vn -0.0607 -0.9980 -0.0199
vn -0.1141 -0.9934 -0.0098
vn -0.1326 -0.9908 0.0265
vn 0.7114 -0.3607 0.6031
vn 0.3901 -0.5833 0.7125
vn 0.7722 0.1435 0.6189
vn 0.7176 -0.3736 0.5878
vn 0.7906 0.1123 0.6020
vn 0.3825 -0.6076 0.6961
vn -0.1717 -0.9829 0.0666
vn -0.2171 -0.9711 0.0991
vn 0.7410 0.5981 0.3051
vn 0.7921 0.5906 0.1541
vn 0.8107 0.5600 0.1710
vn 0.9955 0.0847 -0.0432
vn 0.7614 0.5661 0.3160
vn -0.2826 -0.9544 0.0965
vn -0.3262 -0.9449 0.0279
vn 0.9033 -0.4205 0.0849
vn 0.6223 -0.7753 -0.1083
vn 0.2677 0.1542 -0.9511
vn 0.2477 0.2077 -0.9463
vn 0.9784 0.2044 -0.0295
vn 0.0675 0.5385 -0.8399
vn -0.2808 -0.9590 0.0391
vn -0.1828 -0.9819 0.0499
vn -0.3026 -0.9521 -0.0436
vn -0.1951 -0.9805 -0.0219
vn 0.0725 -0.1713 0.9825
vn 0.0731 -0.1633 0.9839
vn -0.0071 -0.1330 0.9911
vn 0.0322 0.0134 0.9994
vn 0.9128 -0.3879 -0.1282
vn 0.8488 -0.4919 0.1939
vn -0.8981 0.4046 0.1723
vn -0.9289 0.3693 -0.0287
vn -0.2328 0.1150 -0.9657
vn -0.1692 0.2485 -0.9537
vn -0.2800 0.1322 -0.9508
vn -0.2445 0.1823 -0.9524
vn -0.3657 -0.1898 -0.9112
vn -0.7104 0.6536 0.2609
vn -0.6816 0.3125 -0.6616
vn -0.4862 0.6839 0.5439
vn -0.6427 0.6737 0.3647
vn -0.4417 0.6744 0.5916
vn -0.6423 0.6688 0.3743
vn 0.7923 -0.6091 -0.0344
vn 0.6957 -0.0918 0.7125
vn -0.2240 -0.3196 -0.9207
vn 0.6615 -0.5575 -0.5017
vn 0.7616 -0.6362 0.1235
vn 0.6932 -0.0770 0.7166
vn 0.7664 -0.6351 0.0963
vn 0.3856 -0.8881 -0.2503
vn -0.2614 0.4236 -0.8673
vn 0.1472 -0.2316 -0.9616
vn -0.3106 0.8552 -0.4149
vn -0.2268 0.1942 -0.9544
vn -0.3217 0.8724 -0.3680
vn -0.1877 0.1699 -0.9674
vn 0.0079 0.0821 0.9966
vn -0.2497 0.8270 0.5037
vn 0.3547 -0.9178 -0.1785
vn 0.3442 -0.5037 0.7924
vn 0.0588 -0.1965 0.9787
vn -0.2573 0.8309 0.4933
vn 0.0397 -0.1701 0.9846
vn -0.4331 0.8656 0.2513
vn 0.5351 -0.7556 -0.3778
vn 0.3948 -0.8116 0.4306
vn 0.8528 -0.4133 0.3194
vn 0.5713 0.0323 0.8201
vn 0.5442 -0.7543 -0.3672
vn 0.4982 -0.7393 -0.4529
vn 0.5488 0.0169 0.8358
vn -0.2488 0.7742 -0.5819
vn -0.8090 0.4450 -0.3841
vn 0.4779 -0.7409 -0.4718
vn -0.2411 0.7878 -0.5668
vn 0.4349 -0.0023 0.9005
vn -0.2077 0.7570 -0.6195
vn -0.1655 0.8349 -0.5250
vn -0.2100 0.8062 -0.5531
vn 0.5178 0.0766 0.8520
vn -0.3324 0.9111 0.2438
vn -0.3783 0.8806 0.2854
vn -0.4152 0.8717 0.2602
vn -0.3619 0.8924 0.2695
vn 0.2427 0.5594 0.7925
vn 0.3101 0.4688 0.8271
vn 0.3419 0.4313 0.8349
vn 0.2659 0.5178 0.8131
vn 0.3220 0.9462 -0.0329
vn -0.2321 0.1788 -0.9561
vn 0.3595 0.9321 -0.0440
vn 0.0251 -0.1800 0.9833
vn -0.2333 -0.5069 0.8298
vn 0.0811 -0.5845 0.8073
vn 0.0464 -0.5702 0.8202
vn -0.2333 -0.5069 0.8299
vn 0.3307 -0.5840 0.7414
vn 0.3965 -0.5616 0.7262
vn 0.3784 -0.5768 0.7240
vn -0.9995 0.0210 0.0228
vn -0.9836 0.1059 -0.1460
vn -0.9995 0.0147 0.0295
vn -0.9302 -0.1775 0.3212
vn -0.9867 -0.0768 0.1431
vn -0.9285 -0.0951 0.3589
vn -0.9324 -0.2878 0.2185
vn -0.9357 -0.1693 0.3096
vn -0.7738 -0.2137 0.5963
vn -0.6833 -0.2415 0.6890
vn -0.9285 -0.0951 0.3590
vn -0.6254 -0.0276 -0.7798
vn -0.8966 -0.0337 -0.4415
vn -0.6180 -0.3302 -0.7135
vn -0.9069 -0.1314 -0.4004
vn -0.8047 -0.5859 0.0959
vn -0.9513 -0.2579 0.1688
vn -0.9924 0.1178 0.0342
vn 0.0859 -0.6893 0.7194
vn -0.1714 -0.7477 0.6416
vn 0.0029 -0.7167 0.6974
vn -0.9853 -0.0785 0.1516
vn -0.9853 -0.0786 0.1518
vn 0.4216 -0.4783 0.7704
vn 0.4212 -0.4784 0.7705
vn 0.4212 -0.4784 0.7706
vn -0.8132 0.3636 -0.4544
vn -0.8133 0.3635 -0.4543
vn -0.7320 0.4829 -0.4806
vn -0.6428 0.4753 -0.6007
vn 0.0301 0.6839 -0.7289
vn 0.1939 0.6932 -0.6942
vn 0.1937 0.6932 -0.6942
vn -0.0103 0.6223 -0.7827
vn -0.3299 0.5327 -0.7793
vn -0.3065 0.5333 -0.7885
vn -0.9558 0.2464 -0.1607
vn -0.7081 0.5253 -0.4718
vn -0.6689 0.4679 -0.5776
vn -0.3052 0.5687 -0.7638
vn -0.3092 0.5323 -0.7881
vn -0.5439 0.6158 -0.5701
vn -0.3083 0.6197 -0.7217
vn -0.8289 0.4861 -0.2769
vn -0.7923 0.5403 -0.2835
vn -0.9267 -0.1069 0.3602
vn -0.8734 0.4760 -0.1025
vn -0.7077 0.6521 -0.2719
vn -0.6172 0.6688 -0.4146
vn -0.3372 0.6852 -0.6457
vn -0.4802 0.7732 -0.4142
vn -0.3985 0.7547 -0.5212
vn -0.1762 0.7185 -0.6728
vn -0.0750 0.6918 -0.7182
vn -0.1806 0.6574 -0.7315
vn -0.0184 0.6732 -0.7392
vn 0.0658 0.6810 -0.7293
vn 0.0946 0.6783 -0.7287
vn -0.0072 0.7108 -0.7033
vn 0.1218 0.6864 -0.7169
vn 0.1631 0.6784 -0.7164
vn -0.1860 0.7844 -0.5916
vn -0.0331 0.7787 -0.6265
vn -0.2683 0.8223 -0.5018
vn -0.0911 0.8309 -0.5489
vn 0.0678 0.8153 -0.5751
vn 0.0858 0.7682 -0.6344
vn 0.1803 0.6751 -0.7153
vn 0.2386 0.6895 -0.6839
vn 0.2263 0.6845 -0.6930
vn 0.2212 0.6659 -0.7125
vn 0.2544 0.6672 -0.7001
vn 0.2094 0.6604 -0.7211
vn 0.2712 0.6730 -0.6882
vn 0.3073 0.7038 -0.6405
vn 0.3654 0.6994 -0.6143
vn 0.3526 0.7234 -0.5936
vn 0.2190 0.6869 -0.6930
vn 0.3024 0.7810 -0.5464
vn 0.2581 0.7638 -0.5916
vn 0.1988 0.7433 -0.6387
vn 0.1685 0.7292 -0.6633
vn 0.1428 0.7120 -0.6876
vn 0.1409 0.7143 -0.6856
vn 0.1730 0.7305 -0.6607
vn 0.1147 0.7926 -0.5988
vn 0.0935 0.7589 -0.6444
vn 0.1972 0.7421 -0.6406
vn 0.1741 0.8362 -0.5201
vn 0.0350 0.8567 -0.5146
vn 0.0211 0.8147 -0.5796
vn 0.0898 0.9070 -0.4115
vn 0.2153 0.7681 -0.6030
vn 0.2226 0.8565 -0.4657
vn 0.1315 0.9284 -0.3476
vn 0.0501 0.9713 -0.2325
vn 0.0077 0.9531 -0.3027
vn -0.0895 0.9593 -0.2678
vn -0.1238 0.9555 -0.2678
vn -0.0569 0.9096 -0.4116
vn -0.0682 0.8700 -0.4883
vn -0.1558 0.9133 -0.3763
vn -0.1586 0.9108 -0.3812
vn -0.1453 0.9391 -0.3114
vn -0.1884 0.9595 -0.2095
vn -0.2265 0.9299 -0.2897
vn -0.1177 0.9572 -0.2644
vn -0.2580 0.9423 -0.2135
vn -0.2173 0.9625 -0.1624
vn -0.0954 0.9866 -0.1327
vn -0.1067 0.9862 -0.1263
vn -0.0524 0.9796 -0.1939
vn 0.0035 0.9904 -0.1384
vn -0.0301 0.9952 -0.0932
vn -0.0673 0.9936 -0.0902
vn -0.0589 0.9878 -0.1440
vn -0.1893 0.9622 -0.1959
vn -0.2118 0.9573 -0.1966
vn -0.2651 0.9494 -0.1683
vn -0.2883 0.9325 -0.2177
vn -0.3582 0.9331 -0.0315
vn -0.2354 0.9400 -0.2470
vn -0.2503 0.8919 -0.3767
vn -0.2894 0.9250 -0.2463
vn -0.2458 0.9399 -0.2371
vn -0.2073 0.8596 -0.4671
vn -0.2495 0.8037 -0.5403
vn -0.2914 0.8489 -0.4409
vn -0.3186 0.9023 -0.2903
vn -0.2778 0.7403 -0.6122
vn -0.3153 0.8014 -0.5083
vn -0.3457 0.8742 -0.3410
vn -0.3511 0.8772 -0.3276
vn -0.3278 0.8760 -0.3537
vn -0.2963 0.9102 -0.2894
vn -0.3652 0.8655 -0.3429
vn -0.3480 0.8806 -0.3215
vn -0.3518 0.8708 -0.3436
vn -0.3548 0.8431 -0.4040
vn -0.3269 0.8754 -0.3560
vn -0.3599 0.8369 -0.4124
vn -0.3712 0.8378 -0.4005
vn -0.3164 0.6938 -0.6469
vn -0.3726 0.8371 -0.4006
vn -0.3586 0.8455 -0.3957
vn -0.3166 0.7999 -0.5098
vn -0.3475 0.8724 -0.3437
vn -0.2800 0.7400 -0.6116
vn -0.2922 0.6914 -0.6607
vn -0.3143 0.6500 -0.6919
vn -0.2739 0.4816 -0.8325
vn -0.3246 0.6411 -0.6954
vn -0.3618 0.8364 -0.4118
vn -0.2643 0.2872 -0.9207
vn -0.2671 0.1714 -0.9483
vn -0.3053 0.8956 -0.3235
vn -0.3072 0.9226 -0.2332
vn -0.3081 0.8670 -0.3917
vn -0.3067 0.8674 -0.3919
vn -0.3047 0.9263 -0.2216
vn -0.1703 0.9625 -0.2113
vn -0.1287 0.9027 -0.4106
vn -0.3210 0.8748 -0.3630
vn -0.2513 0.9599 -0.1242
vn 0.0514 0.9782 -0.2012
vn 0.4474 0.3090 0.8392
vn 0.4475 0.3089 0.8392
vn 0.4474 0.3090 0.8393
vn -0.3373 0.8152 -0.4709
vn -0.2894 0.8432 -0.4531
vn -0.3353 -0.9262 -0.1727
vn -0.2664 0.0677 -0.9615
vn -0.3006 -0.4927 -0.8166
vn -0.4843 -0.5654 -0.6677
vn -0.4861 -0.5544 -0.6755
vn -0.0361 -0.5961 -0.8021
vn -0.1595 -0.7095 -0.6865
vn 0.0606 -0.6468 -0.7603
vn 0.1858 -0.7427 -0.6433
vn -0.0407 -0.5981 -0.8004
vn 0.2605 -0.8058 -0.5319
vn 0.2326 -0.9324 -0.2767
vn 0.3601 -0.9327 0.0195
vn 0.2016 -0.9294 -0.3091
vn 0.3083 -0.9324 -0.1885
vn 0.3701 -0.9289 -0.0095
vn 0.3926 -0.9035 0.1720
vn 0.3901 -0.9102 -0.1388
vn 0.3319 -0.8778 -0.3454
vn 0.2729 -0.9621 -0.0018
vn 0.2015 -0.9294 -0.3091
vn 0.3603 -0.9326 0.0195
vn 0.3737 -0.8992 0.2277
vn 0.2996 -0.8874 0.3504
vn 0.3530 -0.8476 0.3962
vn 0.2983 -0.8882 0.3496
vn 0.2076 -0.8552 0.4748
vn 0.2611 -0.9499 0.1719
vn 0.2727 -0.9621 -0.0019
vn 0.2716 -0.9624 -0.0035
vn 0.1436 -0.9289 -0.3415
vn -0.1920 -0.9774 -0.0880
vn -0.1920 -0.9774 -0.0881
vn -0.1921 -0.9774 -0.0881
vn -0.4655 -0.1997 -0.8622
vn -0.4658 -0.2030 -0.8613
vn -0.6654 0.2746 -0.6942
vn -0.7593 0.1769 -0.6263
vn -0.8314 -0.5432 0.1176
vn -0.8310 -0.5436 0.1180
vn -0.8311 -0.5435 0.1180
vn -0.8314 -0.5431 0.1176
vn 0.0690 -0.5298 0.8453
vn 0.2529 -0.5543 0.7930
vn 0.3930 -0.5590 0.7301
vn 0.1307 -0.5584 0.8192
vn 0.1741 -0.5379 0.8248
vn 0.2433 -0.5476 0.8006
vn 0.2731 -0.5637 0.7795
vn 0.1870 -0.5244 0.8307
vn 0.2115 -0.6039 0.7684
vn 0.1654 -0.6080 0.7765
vn 0.1085 -0.6389 0.7616
vn 0.0614 -0.6308 0.7735
vn -0.0064 -0.6575 0.7535
vn -0.1140 -0.6650 0.7381
vn -0.1421 -0.6526 0.7443
vn -0.1848 -0.6412 0.7448
vn -0.1669 -0.6762 0.7175
vn -0.2213 -0.6008 0.7681
vn -0.1580 -0.5942 0.7886
vn -0.1330 -0.6432 0.7541
vn -0.1844 -0.4477 0.8750
vn -0.1172 -0.5584 0.8213
vn -0.1464 -0.5242 0.8389
vn -0.0780 -0.6121 0.7869
vn -0.0847 -0.6926 0.7163
vn -0.0257 -0.6618 0.7493
vn -0.1422 -0.7236 0.6754
vn -0.0304 -0.7696 0.6378
vn -0.0664 -0.6883 0.7224
vn 0.0381 -0.7448 0.6661
vn 0.0544 -0.8277 0.5585
vn 0.1275 -0.8098 0.5727
vn -0.0842 -0.7631 0.6408
vn -0.0123 -0.8206 0.5713
vn -0.1490 -0.7225 0.6751
vn -0.1325 -0.7121 0.6895
vn -0.1338 -0.7093 0.6920
vn -0.1487 -0.7247 0.6728
vn -0.0993 -0.6884 0.7186
vn -0.0684 -0.7121 0.6987
vn -0.0971 -0.6870 0.7202
vn -0.0445 -0.6475 0.7608
vn -0.0382 -0.6468 0.7617
vn -0.0383 -0.6505 0.7585
vn 0.0096 -0.6759 0.7370
vn -0.0072 -0.7552 0.6554
vn 0.0238 -0.5994 0.8001
vn 0.0129 -0.6778 0.7352
vn -0.0388 -0.6411 0.7665
vn 0.0209 -0.6003 0.7995
vn 0.0692 -0.5525 0.8306
vn 0.0397 -0.5393 0.8412
vn 0.0978 -0.5194 0.8489
vn 0.1226 -0.5045 0.8547
vn 0.0746 -0.5020 0.8616
vn 0.0751 -0.4982 0.8638
vn 0.1130 -0.5032 0.8567
vn 0.0782 -0.5575 0.8265
vn 0.1075 -0.6202 0.7770
vn 0.1351 -0.6197 0.7731
vn 0.1699 -0.7266 0.6657
vn 0.1416 -0.4662 0.8733
vn 0.0982 -0.5421 0.8345
vn 0.2626 -0.7726 0.5780
vn 0.2109 -0.6756 0.7064
vn 0.2166 -0.6754 0.7049
vn 0.2654 -0.7719 0.5777
vn 0.3100 -0.7799 0.5438
vn 0.2181 -0.6964 0.6837
vn 0.1129 -0.5983 0.7933
vn 0.1059 -0.6544 0.7487
vn 0.2135 -0.7432 0.6340
vn 0.0936 -0.7352 0.6713
vn 0.1972 -0.8068 0.5569
vn 0.0943 -0.7351 0.6713
vn 0.1972 -0.8068 0.5570
vn 0.1778 -0.8661 0.4671
vn 0.0804 -0.8126 0.5773
vn 0.0759 -0.8747 0.4787
vn 0.1671 -0.9090 0.3818
vn 0.2795 -0.8573 0.4324
vn 0.2553 -0.8976 0.3594
vn 0.1779 -0.8670 0.4654
vn 0.2354 -0.9255 0.2968
vn 0.1675 -0.9099 0.3795
vn 0.3265 -0.8852 0.3313
vn 0.2946 -0.9208 0.2555
vn 0.3030 -0.8131 0.4971
vn 0.3531 -0.8547 0.3806
vn 0.3294 -0.8829 0.3347
vn 0.2804 -0.8571 0.4321
vn 0.3772 -0.8809 0.2859
vn 0.3589 -0.8999 0.2478
vn 0.3736 -0.9276 -0.0077
vn 0.3549 -0.8992 0.2561
vn 0.3731 -0.9094 0.1835
vn 0.3570 -0.9207 0.1574
vn 0.3236 -0.9239 0.2040
vn 0.3381 -0.9322 0.1293
vn 0.3498 -0.9247 0.1499
vn 0.3806 -0.9147 0.1359
vn 0.3912 -0.9188 0.0518
vn 0.3818 -0.9238 -0.0291
vn 0.3344 -0.9336 0.1289
vn 0.3945 -0.9073 -0.1456
vn 0.4020 -0.9124 -0.0768
vn 0.3903 -0.9112 -0.1317
vn 0.3903 -0.9122 -0.1250
vn 0.3551 -0.9307 0.0878
vn 0.3754 -0.9252 0.0554
vn 0.3692 -0.9235 0.1043
vn 0.3941 -0.9151 0.0853
vn 0.3358 -0.9302 0.1483
vn 0.4285 -0.8926 0.1403
vn 0.4981 -0.8555 0.1415
vn 0.2975 -0.9349 0.1936
vn 0.3931 -0.8952 0.2100
vn 0.4653 -0.8563 0.2242
vn 0.3409 -0.9341 0.1063
vn 0.2470 -0.9394 0.2378
vn 0.2488 -0.9019 0.3531
vn 0.1816 -0.9321 0.3133
vn 0.0976 -0.9048 0.4145
vn 0.2657 -0.8986 0.3491
vn 0.1752 -0.8735 0.4542
vn 0.2354 -0.8462 0.4781
vn 0.3336 -0.8645 0.3760
vn 0.3408 -0.9002 0.2712
vn 0.4072 -0.8639 0.2965
vn 0.3206 -0.8728 0.3681
vn -0.2559 -0.4994 0.8277
vn -0.2387 -0.5637 0.7907
vn -0.3775 -0.3659 0.8506
vn -0.3148 -0.4072 0.8573
vn -0.1873 -0.6069 0.7724
vn -0.3676 -0.4077 0.8358
vn -0.2442 -0.5587 0.7926
vn -0.2078 -0.5943 0.7770
vn -0.1740 -0.5971 0.7830
vn -0.3329 -0.4582 0.8241
vn -0.0608 -0.6208 0.7816
vn -0.3107 -0.4659 0.8285
vn -0.0341 -0.6294 0.7763
vn -0.4227 -0.3533 0.8346
vn -0.4489 -0.3392 0.8267
vn -0.2959 -0.4652 0.8343
vn -0.4858 -0.3178 0.8142
vn 0.0707 -0.5965 0.7995
vn -0.6308 -0.2583 0.7317
vn -0.5605 -0.2848 0.7776
vn -0.2731 0.7700 -0.5766
vn -0.1774 0.7229 -0.6678
vn -0.0504 0.6110 -0.7901
vn -0.1459 0.6155 -0.7745
vn -0.0747 0.5297 -0.8449
vn -0.0657 0.4970 -0.8653
vn -0.1457 0.4525 -0.8798
vn -0.0625 0.4967 -0.8657
vn -0.1012 0.5343 -0.8392
vn -0.0949 0.5027 -0.8592
vn -0.0663 0.5385 -0.8400
vn -0.0405 0.5290 -0.8477
vn -0.1166 0.5898 -0.7991
vn -0.2262 0.6923 -0.6853
vn -0.2290 0.6749 -0.7015
vn -0.3176 0.7764 -0.5444
vn -0.2746 0.7692 -0.5770
vn -0.2220 0.6740 -0.7046
vn -0.2178 0.7389 -0.6377
vn -0.3057 0.8108 -0.4992
vn -0.2816 0.8542 -0.4370
vn -0.1999 0.8046 -0.5591
vn -0.2524 0.8979 -0.3606
vn -0.1999 0.8047 -0.5591
vn -0.1779 0.8672 -0.4650
vn -0.0958 0.7315 -0.6751
vn -0.0807 0.8122 -0.5777
vn -0.1778 0.8672 -0.4651
vn -0.1998 0.8046 -0.5591
vn -0.0102 0.6710 -0.7414
vn 0.0078 0.7540 -0.6568
vn -0.1083 0.6474 -0.7544
vn -0.0951 0.7316 -0.6751
vn -0.0265 0.5928 -0.8049
vn -0.0134 0.6727 -0.7398
vn 0.0358 0.6355 -0.7712
vn -0.0638 0.6105 -0.7895
vn 0.0392 0.6452 -0.7630
vn 0.0374 0.6419 -0.7659
vn 0.0695 0.7102 -0.7006
vn 0.0421 0.6435 -0.7643
vn 0.0997 0.6870 -0.7198
vn 0.0976 0.6858 -0.7212
vn -0.1701 0.5877 -0.7910
vn -0.1867 0.5124 -0.8382
vn -0.1187 0.4908 -0.8631
vn -0.1903 0.5121 -0.8376
vn -0.1101 0.4897 -0.8649
vn -0.8330 -0.5524 -0.0312
vn -0.8641 -0.5017 0.0395
vn -0.8356 -0.5476 -0.0445
vn -0.8082 -0.5756 -0.1241
vn -0.7791 -0.6100 -0.1446
vn -0.7284 -0.6465 -0.2268
vn -0.8618 -0.5068 0.0221
vn -0.7740 -0.6138 -0.1557
vn 0.9442 0.2861 -0.1629
vn 0.9287 0.2943 -0.2255
vn 0.9065 0.3508 -0.2351
vn 0.9238 0.3290 -0.1956
vn 0.8943 0.2771 -0.3514
vn 0.8883 0.3641 -0.2800
vn 0.8835 0.3611 -0.2985
vn 0.8961 0.4188 -0.1471
vn 0.9014 0.3766 -0.2135
vn 0.9067 0.3826 -0.1773
vn 0.8831 0.3072 -0.3546
vn 0.8605 0.2916 -0.4177
vn 0.8566 0.2434 -0.4549
vn 0.8731 0.1502 -0.4639
vn 0.8989 0.2137 -0.3824
vn 0.9243 0.2770 -0.2624
vn 0.8992 0.0114 -0.4374
vn 0.9265 0.0663 -0.3703
vn 0.9580 0.1319 -0.2548
vn 0.9589 0.1940 -0.2070
vn 0.9253 0.3082 -0.2208
vn 0.9226 0.3295 -0.2004
vn 0.9507 0.2580 -0.1721
vn 0.9880 0.0676 -0.1390
vn 0.9805 0.1698 -0.0990
vn 0.9819 -0.0217 -0.1882
vn 0.9888 -0.1275 -0.0772
vn 0.9991 -0.0265 -0.0328
vn 0.9954 0.0957 0.0093
vn 0.9509 -0.0845 -0.2978
vn 0.9672 -0.1810 -0.1783
vn 0.9259 -0.1136 -0.3603
vn 0.9518 -0.1920 -0.2392
vn 0.9743 -0.2040 -0.0958
vn 0.9758 -0.2114 -0.0561
vn 0.9801 -0.1955 0.0332
vn 0.9865 -0.1495 0.0675
vn 0.9844 -0.1454 0.0991
vn 0.9802 -0.0991 0.1712
vn 0.9930 -0.0900 0.0760
vn 0.9916 0.0403 0.1232
vn 0.9744 0.0214 0.2237
vn 0.9732 -0.1078 0.2034
vn 0.9480 0.1060 0.3002
vn 0.9288 0.1778 0.3252
vn 0.8779 0.3331 0.3441
vn 0.9123 0.2586 0.3175
vn 0.9532 0.1764 0.2455
vn 0.8444 0.4644 0.2672
vn 0.8846 0.3947 0.2482
vn 0.9304 0.3141 0.1889
vn 0.9718 0.1832 0.1483
vn 0.9452 0.3074 0.1100
vn 0.9749 0.2199 0.0356
vn 0.9469 0.3210 0.0181
vn 0.9226 0.3857 -0.0012
vn 0.9203 0.3872 -0.0561
vn 0.9099 0.4130 0.0386
vn 0.8848 0.4375 -0.1602
vn 0.8969 0.3992 -0.1901
vn 0.8651 0.4949 0.0824
vn 0.8288 0.5422 -0.1380
vn 0.8224 0.5606 0.0964
vn 0.7854 0.6076 -0.1180
vn 0.7333 0.6022 -0.3157
vn 0.7789 0.5261 -0.3414
vn 0.6756 0.5838 -0.4502
vn 0.7195 0.5081 -0.4734
vn 0.8416 0.4180 -0.3421
vn 0.7872 0.4010 -0.4685
vn 0.7183 0.4015 -0.5682
vn 0.7502 0.3794 -0.5415
vn 0.7260 0.3623 -0.5845
vn 0.6772 0.5050 -0.5351
vn 0.6772 0.4925 -0.5467
vn 0.6423 0.5712 -0.5109
vn 0.6494 0.5282 -0.5471
vn 0.6918 0.5111 -0.5101
vn 0.7368 0.4169 -0.5323
vn 0.7522 0.4523 -0.4792
vn 0.7391 0.3404 -0.5813
vn 0.7833 0.3543 -0.5107
vn 0.8219 0.3674 -0.4353
vn 0.8694 0.2956 -0.3959
vn 0.8219 0.3042 -0.4816
vn 0.8914 0.2587 -0.3720
vn 0.8754 0.2602 -0.4073
vn 0.9415 0.2082 -0.2650
vn 0.7708 0.3304 -0.5447
vn 0.7631 0.3455 -0.5462
vn 0.7918 0.3380 -0.5087
vn 0.8152 0.3078 -0.4906
vn 0.8313 0.3229 -0.4524
vn 0.8495 0.2983 -0.4351
vn 0.9350 0.2212 -0.2772
vn 0.9812 0.1457 -0.1268
vn 0.9879 0.1296 -0.0856
vn 0.9973 0.0613 0.0404
vn 0.9756 0.1604 -0.1499
vn 0.9978 0.0655 -0.0137
vn 0.8986 0.2810 -0.3371
vn 0.9760 0.1462 -0.1613
vn 0.9980 0.0595 -0.0229
vn 0.9781 0.1261 -0.1656
vn 0.9694 0.1619 -0.1846
vn 0.9569 0.2192 -0.1904
vn 0.9693 0.1699 -0.1780
vn 0.9164 0.3106 -0.2524
vn 0.8773 0.3372 -0.3415
vn 0.8515 0.3291 -0.4081
vn 0.9058 0.3440 -0.2475
vn 0.9344 0.3287 -0.1376
vn 0.9174 0.3548 -0.1804
vn 0.9711 0.1706 -0.1669
vn 0.9681 0.1861 -0.1681
vn 0.9658 0.2115 -0.1501
vn 0.9525 0.2719 -0.1368
vn 0.9624 0.2176 -0.1628
vn 0.9271 0.3589 -0.1080
vn 0.9141 0.3848 -0.1282
vn 0.9147 0.3696 -0.1634
vn 0.9456 0.2886 -0.1500
vn 0.9551 0.2616 -0.1391
vn -0.8573 -0.5131 -0.0409
vn -0.8115 -0.5713 -0.1229
vn -0.8395 -0.5393 -0.0671
vn -0.8832 -0.4661 0.0524
vn -0.8590 -0.5103 -0.0424
vn -0.9096 -0.4014 0.1076
vn -0.8960 -0.4403 0.0570
vn -0.8600 -0.5063 0.0631
vn -0.9146 -0.3759 0.1492
vn -0.9041 -0.4131 0.1098
vn -0.9048 -0.3745 0.2026
vn -0.9134 -0.3767 0.1540
vn -0.9074 -0.3924 0.1506
vn -0.8892 -0.4475 0.0948
vn -0.9193 -0.3570 0.1660
vn -0.9231 -0.3419 0.1762
vn -0.9385 -0.3148 0.1418
vn -0.9528 -0.2603 0.1565
vn -0.9338 -0.3384 0.1159
vn -0.9391 -0.3364 0.0697
vn -0.9625 -0.2625 0.0680
vn -0.9822 -0.1673 0.0859
vn -0.9777 -0.2070 -0.0353
vn -0.9964 -0.0826 -0.0185
vn -0.9511 -0.3086 -0.0147
vn -0.9180 -0.3770 0.1233
vn -0.9255 -0.3735 0.0629
vn -0.9011 -0.3892 0.1910
vn -0.8870 -0.3673 0.2798
vn -0.8579 -0.3562 0.3703
vn -0.8241 -0.3705 0.4284
vn -0.8636 -0.3880 0.3221
vn -0.7954 -0.3739 0.4770
vn -0.7861 -0.3544 0.5065
vn -0.7555 -0.3508 0.5533
vn -0.7657 -0.3460 0.5422
vn -0.7335 -0.3458 0.5851
vn -0.8216 -0.3474 0.4519
vn -0.8042 -0.3489 0.4812
vn -0.7505 -0.3478 0.5620
vn -0.7188 -0.3401 0.6063
vn -0.7188 -0.3581 0.5959
vn -0.6951 -0.3502 0.6278
vn -0.6725 -0.3365 0.6591
vn -0.6984 -0.3303 0.6350
vn -0.5247 -0.3806 0.7614
vn -0.5297 -0.3436 0.7755
vn -0.5225 -0.3653 0.7704
vn -0.5265 -0.3182 0.7884
vn -0.5087 -0.3682 0.7782
vn -0.4612 -0.4036 0.7902
vn -0.4511 -0.4264 0.7840
vn -0.4537 -0.4054 0.7936
vn -0.3715 -0.4554 0.8091
vn -0.7583 -0.3677 0.5383
vn -0.5440 -0.4371 0.7163
vn -0.7920 -0.3803 0.4775
vn -0.7735 -0.4539 0.4424
vn -0.7561 -0.4070 0.5125
vn -0.6726 -0.5149 0.5314
vn -0.3803 -0.4857 0.7870
vn -0.8535 -0.3584 0.3783
vn -0.8178 -0.4698 0.3323
vn -0.8702 -0.4438 0.2141
vn -0.8219 -0.4983 0.2759
vn -0.8756 -0.3721 0.3082
vn -0.9025 -0.3769 0.2082
vn -0.8564 -0.4972 0.1394
vn -0.6691 -0.2952 0.6820
vn -0.6309 -0.3048 0.7135
vn -0.6411 -0.2669 0.7195
vn -0.6809 -0.2079 0.7023
vn -0.6696 -0.1412 0.7292
vn -0.7173 -0.3178 0.6201
vn -0.7234 -0.2070 0.6587
vn -0.7265 -0.1341 0.6739
vn -0.7669 -0.2449 0.5933
vn -0.8108 -0.2716 0.5185
vn -0.8542 -0.3757 0.3594
vn -0.9114 -0.3734 0.1730
vn -0.8808 -0.2726 0.3871
vn -0.9439 -0.2743 0.1839
vn -0.8970 -0.1890 0.3995
vn -0.9640 -0.1872 0.1888
vn -0.8193 -0.1810 0.5440
vn -0.7670 -0.1611 0.6211
vn -0.9689 -0.2458 -0.0294
vn -0.9845 -0.1658 -0.0576
vn -0.9629 -0.1658 -0.2128
vn -0.9599 -0.2139 -0.1811
vn -0.9693 -0.0882 -0.2295
vn -0.9621 0.0256 -0.2715
vn -0.9539 0.1196 -0.2753
vn -0.9739 0.0696 -0.2161
vn -0.9475 0.1853 -0.2607
vn -0.9244 0.2748 -0.2645
vn -0.9786 -0.1483 -0.1427
vn -0.9559 -0.2754 -0.1022
vn -0.9920 -0.0039 -0.1262
vn -0.9357 -0.3526 0.0076
vn -0.9992 0.0402 0.0024
vn -0.9871 0.1268 -0.0981
vn -0.9626 0.2022 -0.1801
vn -0.9894 0.1454 -0.0044
vn -0.9667 0.2354 -0.1004
vn -0.9246 0.3135 -0.2163
vn -0.9012 0.3782 -0.2118
vn -0.9263 0.3343 -0.1740
vn -0.9700 0.2244 -0.0930
vn -0.8981 0.3795 -0.2221
vn -0.9484 0.2698 -0.1665
vn -0.8742 0.4230 -0.2385
vn -0.8885 0.3862 -0.2481
vn -0.9950 0.0179 0.0986
vn -0.9977 0.0678 0.0030
vn -0.9904 0.1109 -0.0829
vn -0.9882 -0.1453 0.0482
vn -0.9943 -0.1005 -0.0354
vn -0.9755 -0.1545 0.1566
vn -0.9364 -0.3173 0.1498
vn -0.9368 -0.3494 0.0184
vn -0.9424 -0.3286 -0.0631
vn -0.9012 -0.4182 0.1139
vn -0.8701 -0.4896 -0.0566
vn -0.8565 -0.4940 -0.1497
vn -0.9297 -0.3220 0.1788
vn -0.9649 -0.2019 0.1679
vn -0.9923 -0.0672 0.1038
vn 0.9178 0.3565 -0.1746
vn 0.9226 0.3594 -0.1401
vn 0.9381 0.3142 -0.1458
vn 0.9112 0.3646 -0.1919
vn 0.9048 0.3829 -0.1862
vn 0.9182 0.3820 -0.1050
vn 0.9384 0.3386 -0.0691
vn 0.9614 0.2659 -0.0710
vn 0.8646 0.3902 -0.3164
vn 0.8823 0.3688 -0.2923
vn 0.8180 0.3770 -0.4346
vn 0.8446 0.3588 -0.3974
vn 0.8072 0.3479 -0.4768
vn 0.7787 0.3601 -0.5138
vn 0.2473 -0.6416 -0.7260
vn 0.3227 -0.6253 -0.7106
vn 0.4820 -0.6369 -0.6017
vn 0.2571 -0.6591 -0.7068
vn 0.5557 -0.6466 -0.5226
vn 0.5949 -0.6127 -0.5202
vn 0.1665 -0.6498 -0.7416
vn 0.1865 -0.6944 -0.6950
vn 0.1597 -0.7430 -0.6500
vn 0.1281 0.4514 0.8831
vn 0.1278 0.4692 0.8738
vn 0.0713 0.5070 0.8590
vn 0.1700 0.4552 0.8740
vn 0.1859 0.5034 0.8438
vn -0.0965 0.5775 0.8106
vn -0.0638 0.5825 0.8103
vn -0.1372 0.5748 0.8067
vn -0.0839 0.5726 0.8155
vn -0.0353 0.5821 0.8123
vn -0.1096 0.6155 0.7805
vn -0.0892 0.5774 0.8116
vn -0.0700 0.5868 0.8067
vn -0.1448 0.6203 0.7709
vn -0.1482 0.6430 0.7514
vn 0.0364 0.5666 0.8232
vn 0.2132 0.4830 0.8493
vn 0.1761 0.5153 0.8387
vn 0.0731 0.5903 0.8038
vn -0.0276 0.6156 0.7875
vn -0.1762 0.6522 0.7373
vn -0.0036 0.6680 0.7442
vn -0.0987 0.6861 0.7208
vn -0.1648 0.6693 0.7245
vn -0.1669 0.7100 0.6842
vn -0.1146 0.7468 0.6552
vn -0.1903 0.7533 0.6295
vn -0.1110 0.8076 0.5792
vn -0.1756 0.7971 0.5777
vn -0.0424 0.7471 0.6634
vn -0.0480 0.8133 0.5798
vn -0.0514 0.8735 0.4841
vn -0.0935 0.8716 0.4812
vn -0.1698 0.8430 0.5103
vn -0.0705 0.9154 0.3963
vn -0.0944 0.9329 0.3475
vn -0.1575 0.8740 0.4597
vn -0.1637 0.8658 0.4728
vn -0.1469 0.8716 0.4676
vn -0.1542 0.8337 0.5303
vn -0.1200 0.9045 0.4093
vn -0.1091 0.9359 0.3350
vn -0.1009 0.9393 0.3278
vn -0.0553 0.9400 0.3367
vn -0.0731 0.9059 0.4171
vn -0.0997 0.8405 0.5326
vn 0.0657 0.9405 0.3335
vn 0.0382 0.9087 0.4156
vn 0.0226 0.8550 0.5181
vn 0.0052 0.8294 0.5587
vn -0.1288 0.7922 0.5965
vn -0.0233 0.7986 0.6014
vn -0.0237 0.7986 0.6014
vn 0.0063 0.8295 0.5584
vn 0.2520 0.8484 0.4655
vn 0.2028 0.8137 0.5448
vn 0.0174 0.8564 0.5160
vn 0.5794 0.7609 0.2921
vn 0.5370 0.7584 0.3692
vn 0.5840 0.7998 0.1385
vn 0.2763 0.9027 0.3298
vn 0.0351 0.9069 0.4200
vn 0.0658 0.9405 0.3335
vn 0.3052 0.9207 0.2432
vn 0.5946 0.8025 0.0486
vn 0.7777 0.6067 -0.1647
vn 0.8017 0.5897 -0.0976
vn 0.8419 0.4513 -0.2958
vn 0.8784 0.4103 -0.2450
vn 0.9168 0.3665 -0.1587
vn 0.8224 0.5672 0.0439
vn 0.9171 0.3865 -0.0972
vn 0.7965 0.5914 0.1257
vn 0.9039 0.4268 -0.0285
vn 0.9521 0.2746 -0.1344
vn 0.9439 0.3213 -0.0765
vn 0.9481 0.2542 -0.1910
vn 0.9724 0.2010 -0.1185
vn 0.9653 0.2512 -0.0715
vn 0.9692 0.1794 -0.1686
vn 0.9121 0.3049 -0.2741
vn 0.9392 0.2399 -0.2457
vn 0.8769 0.3542 -0.3251
vn 0.9108 0.2941 -0.2898
vn 0.9451 0.2533 -0.2063
vn 0.9629 0.1966 -0.1846
vn 0.9833 0.1284 -0.1288
vn 0.9911 0.1119 -0.0714
vn 0.9897 0.1230 -0.0730
vn 0.9852 0.1484 -0.0856
vn 0.9911 0.1018 -0.0862
vn 0.9921 0.1171 -0.0441
vn 0.9786 0.2004 -0.0456
vn 0.9848 0.1735 0.0111
vn 0.9924 0.1218 -0.0185
vn 0.9847 0.1616 0.0645
vn 0.9909 0.1324 -0.0257
vn 0.9271 0.2660 0.2642
vn 0.9504 0.2585 0.1730
vn 0.9684 0.2459 0.0428
vn 0.8895 0.3479 0.2963
vn 0.9184 0.3607 0.1625
vn 0.9338 0.3570 0.0225
vn 0.9621 0.2725 -0.0079
vn 0.9215 0.3882 0.0097
vn 0.9481 0.3168 -0.0261
vn 0.9037 0.4262 0.0401
vn 0.8701 0.4432 0.2155
vn 0.8957 0.4426 0.0427
vn 0.8790 0.4726 0.0640
vn 0.8784 0.4670 0.1014
vn 0.8146 0.4854 0.3174
vn 0.8269 0.4337 0.3579
vn 0.7404 0.4835 0.4669
vn 0.5902 0.4656 0.6595
vn 0.7561 0.5044 0.4169
vn 0.8756 0.4796 0.0568
vn 0.7348 0.4902 0.4688
vn 0.8495 0.4982 0.1735
vn 0.8593 0.4954 0.1269
vn 0.8727 0.4842 0.0629
vn 0.8506 0.5025 0.1550
vn 0.8213 0.4775 0.3122
vn 0.7386 0.4668 0.4864
vn 0.8640 0.4446 0.2364
vn 0.8762 0.4244 0.2284
vn 0.8333 0.4852 0.2649
vn 0.8375 0.5217 0.1625
vn 0.8741 0.4190 0.2455
vn 0.8077 0.5507 0.2106
vn 0.8737 0.4805 0.0760
vn 0.6714 0.6339 0.3839
vn 0.6897 0.6279 0.3606
vn 0.4720 0.6755 0.5665
vn 0.4132 0.7104 0.5697
vn 0.7197 0.5419 0.4340
vn 0.5340 0.6545 0.5352
vn 0.8032 0.4659 0.3713
vn 0.5319 0.5811 0.6159
vn 0.3503 0.6564 0.6681
vn 0.3780 0.5188 0.7668
vn 0.2229 0.5951 0.7721
vn 0.1220 0.6354 0.7625
vn 0.0246 0.6563 0.7541
vn 0.2235 0.6852 0.6932
vn -0.0368 0.6693 0.7420
vn 0.1544 0.7007 0.6966
vn -0.0112 0.6071 0.7946
vn 0.0142 0.6567 0.7540
vn 0.1257 0.6405 0.7576
vn -0.0399 0.6683 0.7428
vn 0.0962 0.5428 0.8343
vn -0.0101 0.6099 0.7924
vn 0.2507 0.5781 0.7765
vn 0.3251 0.5244 0.7870
vn 0.1658 0.4966 0.8520
vn -0.1643 -0.7811 -0.6024
vn -0.0143 -0.7241 -0.6895
vn -0.0097 -0.7598 -0.6501
vn -0.3169 -0.7226 -0.6143
vn -0.1160 -0.7073 -0.6973
vn -0.2276 -0.7760 -0.5883
vn -0.4383 -0.7389 -0.5118
vn -0.1340 -0.6933 -0.7081
vn 0.0321 -0.6628 -0.7481
vn -0.5296 -0.6974 -0.4829
vn -0.6428 -0.6957 -0.3207
vn -0.5943 -0.7465 -0.2993
vn -0.1220 -0.6906 -0.7128
vn -0.3217 -0.6998 -0.6378
vn -0.1871 -0.7036 -0.6855
vn -0.0069 -0.6661 -0.7459
vn -0.5221 -0.6843 -0.5090
vn -0.4304 -0.7073 -0.5607
vn 0.0156 -0.6845 -0.7289
vn 0.0350 -0.6631 -0.7477
vn -0.1220 -0.6899 -0.7136
vn -0.0419 -0.6717 -0.7397
vn 0.1178 -0.6529 -0.7482
vn 0.0012 -0.6877 -0.7260
vn 0.1243 -0.6448 -0.7542
vn 0.2068 -0.6359 -0.7436
vn 0.1518 -0.6722 -0.7247
vn 0.2279 -0.6612 -0.7147
vn 0.0440 -0.6932 -0.7194
vn 0.1522 -0.7091 -0.6885
vn 0.2044 -0.7042 -0.6799
vn 0.0483 -0.7251 -0.6870
vn 0.0343 -0.7619 -0.6468
vn 0.1413 -0.7503 -0.6459
vn 0.1965 -0.7499 -0.6317
vn 0.1179 -0.7873 -0.6051
vn 0.1715 -0.7911 -0.5871
vn 0.0092 -0.7924 -0.6099
vn 0.0482 -0.7251 -0.6870
vn -0.1524 -0.7502 -0.6434
vn -0.1787 -0.7822 -0.5969
vn 0.0346 -0.7619 -0.6468
vn -0.2314 -0.8093 -0.5400
vn 0.0101 -0.7932 -0.6089
vn -0.4493 -0.7357 -0.5068
vn -0.4913 -0.7496 -0.4436
vn -0.5446 -0.7509 -0.3734
vn -0.1410 -0.7273 -0.6717
vn 0.0450 -0.6941 -0.7185
vn -0.6656 -0.6502 -0.3663
vn -0.7118 -0.6379 -0.2939
vn -0.7904 -0.5783 -0.2020
vn -0.8123 -0.5547 -0.1802
vn -0.8450 -0.5206 -0.1225
vn -0.8757 -0.4794 -0.0570
vn -0.7524 -0.6213 -0.2189
vn -0.7940 -0.5908 -0.1433
vn -0.9039 -0.4276 0.0109
vn -0.8976 -0.4393 -0.0361
vn -0.9246 -0.3808 0.0121
vn -0.9462 -0.3170 0.0651
vn -0.9235 -0.3835 0.0032
vn -0.9498 -0.3111 0.0343
vn -0.9683 -0.2391 0.0719
vn -0.8726 -0.4832 -0.0712
vn -0.8979 -0.4397 -0.0201
vn -0.8490 -0.5204 -0.0914
vn -0.8859 -0.4639 -0.0001
vn -0.9084 -0.4174 0.0230
vn -0.9397 -0.3409 0.0281
vn -0.8994 -0.4265 0.0957
vn -0.9204 -0.3826 0.0799
vn -0.9503 -0.3048 0.0637
vn -0.9760 -0.2084 0.0639
vn -0.9658 -0.2558 0.0435
vn -0.9818 -0.1765 0.0695
vn -0.9895 -0.1193 0.0813
vn -0.9503 -0.3047 0.0638
vn -0.9477 -0.2467 0.2026
vn -0.9742 -0.1439 0.1740
vn -0.9851 -0.0397 0.1675
vn -0.9631 -0.0865 0.2549
vn -0.9742 0.0168 0.2250
vn -0.9353 -0.1900 0.2986
vn -0.9212 -0.3808 0.0803
vn -0.9111 -0.3202 0.2594
vn -0.8879 -0.2649 0.3761
vn -0.8997 -0.4227 0.1091
vn -0.8756 -0.3513 0.3314
vn -0.8268 -0.2872 0.4837
vn -0.8823 -0.4451 0.1527
vn -0.8420 -0.3615 0.4005
vn -0.7541 -0.2754 0.5962
vn -0.8705 -0.4917 0.0216
vn -0.8856 -0.4453 0.1317
vn -0.8648 -0.4149 0.2828
vn -0.8616 -0.3929 0.3213
vn -0.8717 -0.4731 0.1279
vn -0.8751 -0.4483 0.1821
vn -0.8510 -0.5209 -0.0671
vn -0.8730 -0.4724 0.1214
vn -0.8616 -0.5051 0.0504
vn -0.8399 -0.4644 0.2809
vn -0.8329 -0.5029 0.2308
vn -0.8228 -0.4077 0.3959
vn -0.8131 -0.5819 -0.0158
vn -0.8189 -0.5648 0.1020
vn -0.7721 -0.6341 -0.0425
vn -0.8042 -0.5736 -0.1555
vn -0.7051 -0.6374 -0.3108
vn -0.7152 -0.6780 -0.1697
vn -0.6985 -0.6386 -0.3230
vn -0.8047 -0.5723 -0.1578
vn -0.9936 -0.0269 0.1095
vn -0.9908 0.0199 0.1341
vn -0.9948 0.0177 0.1001
vn -0.9919 0.0590 0.1124
vn -0.9935 -0.0354 0.1079
vn -0.9931 0.0700 0.0943
vn -0.9871 0.1429 0.0723
vn -0.9867 -0.1053 0.1236
vn -0.9955 0.0011 0.0950
vn -0.9950 0.0767 0.0639
vn -0.9900 -0.1073 0.0920
vn -0.9943 -0.0452 0.0961
vn -0.9796 -0.1716 0.1045
vn -0.9608 -0.2546 0.1100
vn -0.9717 -0.1935 0.1355
vn -0.9253 -0.3732 0.0671
vn -0.9430 -0.3179 0.0981
vn -0.8292 -0.5530 -0.0820
vn -0.8592 -0.5090 -0.0516
vn -0.5763 -0.7432 -0.3400
vn -0.6225 -0.7211 -0.3043
vn -0.9715 -0.2280 0.0644
vn -0.8984 -0.4287 -0.0953
vn -0.6603 -0.6499 -0.3765
vn -0.9254 -0.3576 -0.1253
vn -0.7028 -0.5872 -0.4016
vn -0.9872 -0.1569 0.0290
vn -0.9901 -0.0956 0.1031
vn -0.9976 -0.0221 0.0657
vn -0.2820 -0.7609 -0.5843
vn -0.3409 -0.7071 -0.6195
vn -0.0284 -0.7594 -0.6500
vn -0.0462 -0.7022 -0.7104
vn 0.1072 -0.7422 -0.6616
vn -0.0284 -0.8076 -0.5890
vn -0.0330 -0.7431 -0.6684
vn -0.0430 -0.6929 -0.7198
vn 0.0927 -0.6843 -0.7233
vn 0.1677 -0.7442 -0.6466
vn 0.1686 -0.6786 -0.7149
vn -0.0026 -0.8060 -0.5919
vn -0.0071 -0.8038 -0.5949
vn 0.2175 -0.7929 -0.5693
vn 0.1989 -0.7999 -0.5663
vn 0.2446 -0.7991 -0.5492
vn 0.2505 -0.7720 -0.5842
vn 0.2646 -0.7972 -0.5427
vn 0.2623 -0.8113 -0.5225
vn 0.2810 -0.8039 -0.5242
vn 0.2794 -0.7766 -0.5646
vn 0.2048 -0.7822 -0.5884
vn 0.2681 -0.7600 -0.5920
vn 0.3498 -0.7685 -0.5358
vn 0.4056 -0.7763 -0.4826
vn 0.3892 -0.7188 -0.5760
vn 0.4575 -0.7260 -0.5135
vn 0.2832 -0.7111 -0.6436
vn 0.2946 -0.6638 -0.6875
vn 0.4257 -0.6685 -0.6098
vn 0.5113 -0.6687 -0.5398
vn 0.3000 -0.6347 -0.7122
vn 0.4572 -0.6379 -0.6197
vn 0.5642 -0.6284 -0.5355
vn 0.2913 -0.6631 -0.6895
vn 0.2450 -0.7054 -0.6652
vn 0.2832 -0.7116 -0.6429
vn 0.2325 -0.7543 -0.6140
vn 0.2656 -0.7619 -0.5907
vn 0.2539 -0.6219 -0.7408
vn 0.2012 -0.6276 -0.7521
vn -0.0660 0.6895 0.7212
vn -0.0678 0.7227 0.6879
vn -0.0630 0.6904 0.7207
vn 0.1282 0.7206 0.6814
vn -0.0641 0.7237 0.6872
vn 0.1348 0.7501 0.6474
vn 0.4186 0.7186 0.5553
vn 0.4420 0.7392 0.5082
vn 0.1638 0.7835 0.5993
vn 0.4881 0.7526 0.4420
vn -0.0478 0.7629 0.6447
vn -0.1443 0.7522 0.6429
vn -0.0491 0.7634 0.6440
vn 0.7581 0.6176 0.2097
vn 0.7005 0.6365 0.3229
vn 0.8798 0.4733 0.0446
vn 0.8470 0.5154 0.1301
vn 0.8227 0.5459 0.1583
vn 0.8992 0.4364 0.0324
vn 0.9251 0.3792 -0.0177
vn -0.8971 -0.3231 0.3015
vn -0.9013 -0.3062 0.3065
vn -0.9089 -0.3445 0.2349
vn -0.8830 -0.4662 0.0553
vn -0.8801 -0.3002 0.3679
vn -0.8793 -0.3081 0.3632
vn -0.8400 -0.2223 0.4950
vn -0.8752 -0.2696 0.4016
vn -0.8663 -0.3113 0.3907
vn -0.8776 -0.4695 -0.0971
vn -0.8937 -0.4353 0.1083
vn -0.8615 -0.2469 0.4436
vn -0.8947 -0.3518 0.2754
vn -0.8973 -0.4188 0.1397
vn 0.7264 -0.0601 -0.6847
vn 0.6113 -0.0895 -0.7863
vn 0.6528 -0.0020 -0.7576
vn 0.7485 0.0246 -0.6627
vn 0.5173 -0.0921 -0.8508
vn 0.4782 -0.0620 -0.8761
vn 0.7778 0.1408 -0.6125
vn 0.8138 0.1502 -0.5614
vn 0.7421 0.1184 -0.6598
vn 0.7609 0.1233 -0.6370
vn 0.7902 0.1494 -0.5944
vn 0.7811 0.1538 -0.6052
vn 0.8095 0.1678 -0.5627
vn 0.5903 -0.0008 -0.8072
vn 0.4937 -0.0457 -0.8684
vn 0.4855 -0.0538 -0.8726
vn 0.5642 -0.0562 -0.8237
vn 0.6523 -0.0101 -0.7579
vn 0.7823 0.0722 -0.6187
vn 0.6462 -0.1071 -0.7556
vn 0.7185 -0.0715 -0.6918
vn 0.8303 -0.0055 -0.5573
vn 0.8625 0.0596 -0.5025
vn 0.8144 0.1178 -0.5683
vn 0.8253 0.1555 -0.5428
vn 0.8703 0.1279 -0.4756
vn 0.9199 -0.0154 -0.3920
vn 0.9283 0.0847 -0.3621
vn 0.8885 -0.0994 -0.4479
vn 0.9379 -0.1710 -0.3017
vn 0.9648 -0.0777 -0.2511
vn 0.9740 0.0388 -0.2231
vn 0.7983 -0.1522 -0.5827
vn 0.8759 -0.2123 -0.4333
vn 0.7399 -0.1698 -0.6509
vn 0.8398 -0.2141 -0.4989
vn 0.9210 -0.2127 -0.3263
vn 0.9325 -0.2340 -0.2750
vn 0.9625 -0.2155 -0.1651
vn 0.9719 -0.2309 -0.0448
vn 0.9783 -0.1954 -0.0694
vn 0.9731 -0.2206 -0.0661
vn 0.9912 -0.1322 -0.0080
vn 0.9852 -0.1244 -0.1180
vn 0.9959 -0.0023 -0.0902
vn 0.9996 -0.0110 0.0263
vn 0.9904 -0.1363 0.0232
vn 0.9940 0.0178 0.1076
vn 0.9826 0.1745 0.0632
vn 0.9900 0.1409 0.0031
vn 0.9346 0.3445 -0.0886
vn 0.9431 0.3050 -0.1325
vn 0.9842 0.1391 -0.1094
vn 0.9331 0.2843 -0.2200
vn 0.9581 0.1639 -0.2348
vn 0.9054 0.2818 -0.3174
vn 0.8330 0.4025 -0.3796
vn 0.8162 0.3723 -0.4418
vn 0.8416 0.4283 -0.3289
vn 0.7186 0.4754 -0.5076
vn 0.7208 0.4281 -0.5452
vn 0.6869 0.5739 -0.4458
vn 0.8134 0.5145 -0.2715
vn 0.7785 0.5829 -0.2327
vn 0.6539 0.6459 -0.3939
vn 0.5607 0.6998 -0.4425
vn 0.5780 0.6385 -0.5081
vn 0.6237 0.5522 -0.5533
vn 0.4799 0.7489 -0.4570
vn 0.6313 0.5141 -0.5806
vn 0.6507 0.4596 -0.6044
vn 0.6335 0.4679 -0.6163
vn 0.5818 0.5804 -0.5698
vn 0.5944 0.5371 -0.5986
vn 0.5293 0.7109 -0.4632
vn 0.5026 0.7126 -0.4895
vn 0.4920 0.7340 -0.4681
vn 0.5688 0.6868 -0.4526
vn 0.6260 0.5950 -0.5040
vn 0.6184 0.5781 -0.5323
vn 0.6022 0.5780 -0.5507
vn 0.6717 0.4394 -0.5964
vn 0.7260 0.4865 -0.4860
vn 0.7780 0.3690 -0.5085
vn 0.6733 0.4416 -0.5930
vn 0.6491 0.5129 -0.5617
vn 0.7583 0.4913 -0.4286
vn 0.8291 0.3476 -0.4378
vn 0.8763 0.2075 -0.4348
vn 0.8206 0.2539 -0.5120
vn 0.7131 0.3507 -0.6070
vn 0.9024 0.0879 -0.4219
vn 0.8385 0.1575 -0.5217
vn 0.7219 0.2734 -0.6357
vn 0.6740 0.3809 -0.6330
vn 0.7570 0.1760 -0.6292
vn 0.8713 0.0469 -0.4886
vn 0.7549 0.1275 -0.6433
vn 0.8107 0.0734 -0.5809
vn 0.9128 -0.0714 -0.4021
vn 0.9285 -0.0353 -0.3697
vn 0.9496 -0.1571 -0.2714
vn 0.8987 -0.0795 -0.4313
vn 0.8571 -0.0209 -0.5147
vn 0.9352 -0.2545 -0.2461
vn 0.9096 -0.2212 -0.3517
vn 0.8730 -0.0591 -0.4841
vn 0.8299 -0.0209 -0.5575
vn 0.7930 0.0540 -0.6069
vn 0.8495 -0.0313 -0.5267
vn 0.8096 -0.0009 -0.5870
vn 0.8527 -0.1279 -0.5065
vn 0.8127 -0.0024 -0.5826
vn 0.8172 -0.0140 -0.5762
vn 0.8839 -0.1881 -0.4282
vn 0.8641 -0.2223 -0.4517
vn 0.8440 -0.1867 -0.5028
vn 0.8039 0.0436 -0.5932
vn 0.8441 -0.1836 -0.5038
vn 0.8415 -0.0619 -0.5366
vn 0.7749 0.0701 -0.6281
vn 0.7864 0.0995 -0.6097
vn 0.7710 0.1481 -0.6194
vn 0.8582 -0.1392 -0.4941
vn 0.8561 -0.1279 -0.5007
vn 0.8380 -0.0730 -0.5408
vn 0.8337 0.0851 -0.5456
vn 0.8375 -0.0415 -0.5448
vn 0.8112 0.0189 -0.5845
vn 0.8150 0.1114 -0.5686
vn 0.8100 0.1377 -0.5700
vn 0.8110 0.1146 -0.5737
vn 0.7642 -0.0760 -0.6405
vn -0.8584 -0.2760 0.4324
vn -0.8852 -0.3703 0.2816
vn -0.8833 -0.3404 0.3224
vn -0.8392 -0.3197 0.4398
vn -0.8135 -0.1639 0.5580
vn -0.8470 -0.1901 0.4965
vn -0.8429 -0.2264 0.4881
vn -0.7951 -0.1625 0.5843
vn -0.7995 -0.2256 0.5567
vn -0.8148 -0.2979 0.4973
vn -0.8411 -0.2127 0.4972
vn -0.8098 -0.1334 0.5713
vn -0.8439 -0.1841 0.5039
vn -0.7987 -0.1156 0.5905
vn -0.7490 -0.1506 0.6452
vn -0.7575 -0.1734 0.6294
vn -0.8516 -0.2250 0.4734
vn -0.8394 -0.1916 0.5087
vn -0.8064 -0.1683 0.5670
vn -0.8189 -0.1889 0.5419
vn -0.7822 -0.1775 0.5972
vn -0.8620 -0.2613 0.4343
vn -0.8268 -0.1804 0.5328
vn -0.8340 -0.1692 0.5251
vn -0.7980 -0.1994 0.5688
vn -0.8586 -0.1893 0.4765
vn -0.8806 -0.1320 0.4550
vn -0.8257 -0.2366 0.5121
vn -0.8671 -0.2653 0.4215
vn -0.9142 -0.1807 0.3628
vn -0.9345 -0.0809 0.3466
vn -0.9593 -0.1516 0.2381
vn -0.9764 -0.0249 0.2147
vn -0.9070 -0.2699 0.3233
vn -0.7752 -0.2683 0.5719
vn -0.7941 -0.3276 0.5120
vn -0.8192 -0.3599 0.4465
vn -0.7139 -0.2957 0.6348
vn -0.7084 -0.3693 0.6016
vn -0.7274 -0.4151 0.5465
vn -0.7442 -0.2124 0.6333
vn -0.7418 -0.1470 0.6543
vn -0.7205 -0.2076 0.6616
vn -0.6913 -0.2983 0.6581
vn -0.6630 -0.3891 0.6396
vn -0.6555 -0.4495 0.6068
vn -0.6325 -0.4594 0.6236
vn -0.6862 -0.2960 0.6645
vn -0.6424 -0.3975 0.6552
vn -0.6554 -0.3921 0.6456
vn -0.6107 -0.4686 0.6384
vn -0.6297 -0.4591 0.6266
vn -0.7181 -0.2198 0.6603
vn -0.7418 -0.1450 0.6547
vn -0.7357 -0.1461 0.6614
vn -0.6885 -0.1909 0.6997
vn -0.6476 -0.3214 0.6909
vn -0.6067 -0.4184 0.6760
vn -0.5765 -0.4855 0.6572
vn -0.6043 -0.4196 0.6773
vn -0.6445 -0.3249 0.6921
vn -0.4884 -0.4193 0.7653
vn -0.4618 -0.4965 0.7350
vn -0.5961 -0.4768 0.6460
vn -0.4459 -0.5470 0.7085
vn -0.3430 -0.5545 0.7582
vn -0.3367 -0.5710 0.7488
vn -0.3526 -0.4986 0.7919
vn -0.6744 -0.2384 0.6988
vn -0.5048 -0.3496 0.7893
vn -0.3608 -0.4330 0.8260
vn -0.6875 -0.1840 0.7025
vn -0.4993 -0.3161 0.8067
vn -0.3415 -0.4016 0.8498
vn -0.7196 -0.1458 0.6789
vn -0.4430 -0.3468 0.8267
vn -0.3446 -0.3874 0.8551
vn -0.7343 -0.1227 0.6676
vn -0.6661 -0.1802 0.7238
vn -0.7189 -0.1363 0.6816
vn -0.6704 -0.1786 0.7202
vn -0.7789 -0.0601 0.6242
vn -0.7619 -0.0931 0.6410
vn -0.7060 -0.1530 0.6915
vn -0.7342 -0.1462 0.6631
vn -0.5914 -0.3121 0.7435
vn -0.6565 -0.2895 0.6966
vn -0.4926 -0.3567 0.7938
vn -0.3871 -0.4106 0.8256
vn -0.7333 -0.2302 0.6397
vn -0.6682 -0.3119 0.6755
vn -0.7439 -0.2968 0.5987
vn -0.7742 -0.1147 0.6224
vn -0.7753 -0.1163 0.6209
vn -0.7675 -0.1104 0.6315
vn -0.7616 -0.1092 0.6388
vn -0.5517 -0.5283 0.6454
vn -0.4444 -0.5377 0.7165
vn -0.5303 -0.4998 0.6849
vn -0.5512 -0.5217 0.6512
vn -0.5911 -0.4330 0.6805
vn -0.5848 -0.3698 0.7219
vn -0.6288 -0.4114 0.6598
vn -0.6347 -0.3341 0.6968
vn -0.6057 -0.4989 0.6199
vn -0.5432 -0.5305 0.6507
vn -0.6177 -0.4928 0.6129
vn -0.6238 -0.4848 0.6131
vn -0.6213 -0.4893 0.6121
vn -0.6507 -0.4823 0.5865
vn -0.6287 -0.4865 0.6067
vn -0.7370 -0.4357 0.5167
vn -0.7437 -0.4289 0.5128
vn -0.6605 -0.4690 0.5864
vn -0.6524 -0.3821 0.6545
vn -0.6909 -0.3732 0.6192
vn -0.7458 -0.4281 0.5104
vn -0.7763 -0.3288 0.5378
vn -0.7063 -0.2887 0.6464
vn -0.7878 -0.2451 0.5650
vn -0.6790 -0.3060 0.6673
vn -0.6555 -0.3320 0.6783
vn -0.8638 -0.3464 0.3659
vn -0.8937 -0.2406 0.3786
vn -0.9036 -0.1572 0.3985
vn -0.9781 -0.1456 0.1486
vn -0.9648 -0.1941 0.1776
vn -0.9986 -0.0362 0.0392
vn -0.9994 0.0354 0.0032
vn -0.9940 0.1096 0.0005
vn -0.9730 0.2279 -0.0367
vn -0.9464 0.3205 -0.0405
vn -0.9868 -0.1060 0.1226
vn -0.9387 -0.2519 0.2354
vn -0.9950 0.0382 0.0925
vn -0.8415 -0.3687 0.3949
vn -0.9616 -0.2112 0.1753
vn -0.9721 0.0944 0.2147
vn -0.9820 0.1632 0.0950
vn -0.9732 0.2300 -0.0039
vn -0.9608 0.1952 0.1968
vn -0.9609 0.2645 0.0820
vn -0.9220 0.3854 -0.0362
vn -0.9319 0.3620 -0.0201
vn -0.9592 0.2711 0.0797
vn -0.9069 0.4145 -0.0752
vn -0.9468 0.3211 -0.0208
vn -0.8944 0.4408 -0.0762
vn -0.9092 0.4114 -0.0637
vn -0.9386 0.1010 0.3299
vn -0.9689 0.1484 0.1978
vn -0.9783 0.1927 0.0767
vn -0.9632 -0.0133 0.2685
vn -0.9892 0.0256 0.1441
vn -0.9049 -0.0180 0.4252
vn -0.8779 -0.1265 0.4617
vn -0.9496 -0.1718 0.2621
vn -0.9784 -0.1627 0.1271
vn -0.8710 -0.2064 0.4459
vn -0.9363 -0.2917 0.1958
vn -0.9484 -0.3157 0.0297
vn -0.8516 -0.1368 0.5060
vn -0.8905 -0.0669 0.4501
vn -0.9049 -0.0180 0.4253
vn -0.8693 -0.2059 0.4494
vn -0.9378 0.0187 0.3468
vn 0.8142 0.1771 -0.5528
vn 0.7776 0.1958 -0.5975
vn 0.8590 0.1897 -0.4755
vn 0.8256 0.2381 -0.5116
vn 0.7741 0.2720 -0.5717
vn 0.7319 0.2096 -0.6484
vn 0.7183 0.2906 -0.6322
vn 0.7952 0.3298 -0.5088
vn 0.7219 0.3676 -0.5863
vn 0.8665 0.2688 -0.4206
vn 0.9124 0.1842 -0.3656
vn 0.6719 0.3887 -0.6305
vn 0.6957 0.2961 -0.6545
vn 0.7270 0.2007 -0.6567
vn 0.8351 0.1047 0.5400
vn 0.3816 -0.1300 0.9152
vn 0.3491 -0.1365 0.9271
vn 0.8212 -0.0895 0.5636
vn 0.6692 -0.0735 0.7394
vn -0.9065 -0.2401 0.3472
vn -0.9700 -0.1759 0.1678
vn -0.9757 -0.1852 0.1171
vn -0.9796 -0.1131 -0.1659
vn -0.9668 -0.1811 0.1806
vn -0.9818 -0.0923 -0.1658
vn -0.9817 -0.1730 0.0791
vn -0.6169 -0.3540 0.7030
vn -0.7484 -0.1517 0.6456
vn -0.6141 -0.3554 0.7047
vn -0.9294 -0.0485 -0.3658
vn -0.9756 -0.1016 -0.1948
vn -0.9099 -0.0386 -0.4131
vn -0.7651 0.0250 -0.6435
vn -0.7428 0.0607 -0.6668
vn -0.9289 0.0467 -0.3675
vn -0.6430 0.1035 -0.7588
vn -0.4558 0.1535 -0.8768
vn -0.8478 0.0316 -0.5294
vn -0.2787 0.1975 -0.9398
vn -0.6505 0.0947 -0.7536
vn -0.2498 0.2095 -0.9454
vn 0.0172 0.2595 -0.9656
vn -0.4166 0.1702 -0.8930
vn -0.9354 -0.0220 -0.3528
vn -0.9877 -0.0476 -0.1487
vn -0.6371 0.1875 -0.7476
vn -0.7946 0.1022 -0.5985
vn -0.4832 0.1685 -0.8591
vn -0.4831 0.1685 -0.8592
vn -0.0384 0.2447 -0.9688
vn -0.1382 0.2318 -0.9629
vn -0.2332 0.3320 -0.9140
vn -0.4304 0.2711 -0.8610
vn 0.1306 0.2722 -0.9533
vn 0.3961 0.2796 -0.8746
vn 0.3683 0.2643 -0.8914
vn -0.0383 0.2447 -0.9688
vn 0.5217 0.2566 -0.8136
vn 0.2232 0.2682 -0.9371
vn -0.1381 0.2319 -0.9629
vn 0.3690 0.2884 -0.8835
vn 0.5501 0.2786 -0.7872
vn 0.5769 0.2463 -0.7788
vn 0.6306 0.2762 -0.7252
vn 0.4891 0.3261 -0.8090
vn 0.6787 0.2367 -0.6952
vn 0.2648 0.3331 -0.9049
vn -0.2331 0.3320 -0.9140
vn 0.0945 0.3976 -0.9127
vn 0.3320 0.4082 -0.8504
vn 0.4944 0.4240 -0.7588
vn 0.5732 0.3278 -0.7510
vn 0.6550 0.3991 -0.6416
vn 0.6573 0.3330 -0.6761
vn 0.7049 0.2405 -0.6673
vn 0.7233 0.2466 -0.6450
vn 0.7442 0.3259 -0.5830
vn 0.7332 0.3926 -0.5552
vn 0.7766 0.3477 -0.5253
vn 0.7739 0.3913 -0.4980
vn 0.7549 0.3360 -0.5632
vn 0.7182 0.4745 -0.5090
vn 0.7088 0.3915 -0.5868
vn 0.6566 0.3441 -0.6712
vn 0.6436 0.3134 -0.6983
vn 0.5730 0.4673 -0.6733
vn 0.5441 0.4495 -0.7084
vn 0.6128 0.5350 -0.5815
vn 0.4583 0.5973 -0.6581
vn 0.4411 0.5569 -0.7038
vn 0.4808 0.6835 -0.5491
vn 0.6037 0.6261 -0.4935
vn 0.4484 0.7738 -0.4474
vn 0.3073 0.8686 -0.3887
vn 0.3288 0.8025 -0.4979
vn 0.2157 0.9148 -0.3415
vn 0.2181 0.8646 -0.4526
vn 0.3365 0.7000 -0.6298
vn 0.2379 0.7585 -0.6067
vn 0.3412 0.6368 -0.6915
vn 0.2593 0.6826 -0.6832
vn 0.1773 0.7745 -0.6073
vn 0.2060 0.6951 -0.6888
vn 0.1641 0.8216 -0.5460
vn 0.1589 0.7527 -0.6389
vn 0.1846 0.6769 -0.7126
vn 0.1417 0.8170 -0.5589
vn 0.1685 0.9018 -0.3980
vn 0.1914 0.9430 -0.2722
vn 0.1805 0.9163 -0.3574
vn 0.2491 0.8938 -0.3730
vn 0.1974 0.8752 -0.4417
vn 0.3286 0.7960 -0.5084
vn 0.2542 0.7967 -0.5484
vn 0.2907 0.6659 -0.6871
vn 0.1795 0.6568 -0.7324
vn 0.3149 0.5351 -0.7839
vn 0.3903 0.6385 -0.6633
vn 0.4215 0.4493 -0.7877
vn 0.4516 0.2922 -0.8430
vn 0.3544 0.4002 -0.8451
vn 0.5100 0.1652 -0.8441
vn 0.4153 0.2713 -0.8683
vn 0.2944 0.4117 -0.8625
vn 0.2334 0.5328 -0.8134
vn 0.2864 0.4509 -0.8454
vn 0.2294 0.5716 -0.7878
vn 0.3706 0.3002 -0.8789
vn 0.3484 0.3480 -0.8704
vn 0.4160 0.2356 -0.8783
vn 0.4995 0.1489 -0.8534
vn 0.5809 0.0665 -0.8113
vn 0.6206 0.0088 -0.7841
vn 0.5909 0.0170 -0.8066
vn 0.6274 -0.0431 -0.7775
vn 0.4835 0.1383 -0.8643
vn 0.6387 -0.0720 -0.7661
vn 0.5845 -0.0481 -0.8099
vn 0.4565 0.1796 -0.8714
vn 0.5020 0.0601 -0.8628
vn 0.5477 -0.0124 -0.8366
vn 0.5314 -0.0266 -0.8467
vn 0.4854 0.0406 -0.8733
vn 0.4810 0.0639 -0.8744
vn 0.4327 0.1436 -0.8900
vn 0.4334 0.2358 -0.8698
vn 0.4218 0.2530 -0.8707
vn 0.3854 0.3137 -0.8678
vn 0.3323 0.2850 -0.8991
vn 0.3801 0.3156 -0.8694
vn 0.2820 0.2582 -0.9240
vn 0.1644 0.1698 -0.9717
vn 0.4020 0.0943 -0.9108
vn 0.3388 0.1285 -0.9321
vn 0.0191 0.0979 -0.9950
vn -0.2421 0.1211 -0.9627
vn -0.3365 0.1608 -0.9278
vn -0.0857 0.2461 -0.9654
vn 0.1377 0.2904 -0.9469
vn 0.3161 0.3138 -0.8953
vn -0.4795 0.1620 -0.8625
vn -0.1374 0.2410 -0.9607
vn 0.2028 0.2937 -0.9342
vn -0.4887 0.1569 -0.8582
vn -0.7160 0.1271 -0.6864
vn -0.3223 0.1856 -0.9283
vn -0.1149 0.2443 -0.9629
vn 0.1714 -0.4420 0.8805
vn 0.2432 -0.3498 0.9047
vn 0.0628 -0.4544 0.8886
vn -0.2547 -0.4434 0.8594
vn 0.2431 -0.3499 0.9047
vn 0.6569 -0.2321 0.7173
vn 0.2232 -0.3934 0.8919
vn 0.0635 -0.4534 0.8890
vn -0.3066 -0.3276 0.8937
vn -0.0199 -0.3228 0.9462
vn -0.0048 -0.3262 0.9453
vn 0.4362 -0.2508 0.8642
vn -0.0468 -0.4171 0.9076
vn -0.3985 -0.3251 0.8576
vn -0.4107 -0.4146 0.8121
vn -0.3655 -0.5369 0.7604
vn -0.4027 -0.4771 0.7811
vn -0.1705 -0.3137 0.9341
vn -0.3978 -0.3326 0.8550
vn -0.3567 -0.3176 0.8786
vn 0.3371 -0.2481 0.9082
vn 0.0309 -0.2808 0.9593
vn -0.2620 -0.2987 0.9177
vn 0.0240 -0.2815 0.9593
vn 0.2253 -0.2239 0.9482
vn 0.2413 -0.2174 0.9458
vn -0.2702 -0.2256 0.9360
vn -0.4435 -0.3142 0.8394
vn -0.4771 -0.2780 0.8337
vn -0.5859 -0.2792 0.7608
vn -0.5212 -0.3508 0.7780
vn -0.5979 -0.3226 0.7338
vn -0.6704 -0.2473 0.6996
vn -0.6200 -0.3382 0.7080
vn -0.4455 -0.4117 0.7950
vn -0.5116 -0.4261 0.7462
vn -0.5516 -0.4276 0.7162
vn -0.4232 -0.5023 0.7540
vn -0.4527 -0.5388 0.7105
vn -0.4214 -0.3621 0.8315
vn -0.3684 -0.3835 0.8469
vn -0.3741 -0.4570 0.8070
vn -0.4004 -0.3249 0.8568
vn -0.3217 -0.4785 0.8170
vn -0.2909 -0.5844 0.7576
vn -0.3547 -0.5542 0.7530
vn -0.3469 -0.6272 0.6973
vn -0.2581 -0.6813 0.6850
vn -0.2930 -0.4755 0.8295
vn -0.2447 -0.5891 0.7701
vn -0.2044 -0.6851 0.6992
vn -0.2663 -0.4621 0.8459
vn -0.2106 -0.5788 0.7878
vn -0.1628 -0.6816 0.7134
vn -0.3390 -0.3765 0.8621
vn -0.3189 -0.3645 0.8749
vn -0.4027 -0.2981 0.8654
vn -0.3864 -0.2907 0.8753
vn -0.3627 -0.2786 0.8893
vn -0.2952 -0.3528 0.8879
vn -0.2366 -0.4492 0.8615
vn -0.2641 -0.3484 0.8994
vn -0.0878 -0.4997 0.8617
vn -0.1359 -0.5487 0.8249
vn -0.1774 -0.5628 0.8073
vn -0.1242 -0.6698 0.7321
vn 0.0272 -0.6933 0.7202
vn 0.0132 -0.6178 0.7862
vn 0.1347 -0.6755 0.7250
vn 0.1362 -0.7199 0.6806
vn 0.0512 -0.5741 0.8172
vn -0.0967 -0.4486 0.8885
vn 0.0393 -0.5193 0.8537
vn -0.1497 -0.4121 0.8987
vn -0.0286 -0.4710 0.8817
vn -0.2454 -0.3849 0.8897
vn -0.0595 -0.4932 0.8679
vn -0.3132 -0.3923 0.8649
vn -0.4375 -0.2745 0.8563
vn -0.4267 -0.3774 0.8219
vn -0.3769 -0.4517 0.8087
vn -0.3363 -0.4369 0.8343
vn -0.1924 -0.4772 0.8575
vn -0.4708 -0.3836 0.7945
vn -0.4556 -0.4388 0.7745
vn -0.4545 -0.4586 0.7636
vn -0.0538 -0.7213 0.6905
vn 0.1196 -0.7142 0.6897
vn 0.1717 -0.7340 0.6571
vn 0.1441 -0.6736 0.7249
vn -0.0484 -0.7384 0.6726
vn 0.0286 -0.6688 0.7429
vn 0.0980 -0.6118 0.7849
vn -0.0996 -0.7522 0.6514
vn -0.0455 -0.6675 0.7432
vn 0.0103 -0.5850 0.8110
vn -0.1481 -0.7550 0.6388
vn -0.2220 -0.6368 0.7384
vn -0.3412 -0.5650 0.7513
vn -0.4688 -0.4497 0.7602
vn -0.3027 -0.4892 0.8180
vn -0.4409 -0.3592 0.8225
vn -0.1718 -0.5697 0.8037
vn -0.1157 -0.6651 0.7378
vn -0.0760 -0.5805 0.8107
vn -0.5751 -0.3149 0.7551
vn -0.5459 -0.2189 0.8088
vn -0.6311 -0.1793 0.7547
vn -0.5941 -0.1005 0.7981
vn -0.6460 -0.3054 0.6996
vn -0.6860 -0.2123 0.6960
vn -0.6418 -0.0656 0.7640
vn -0.6702 -0.0227 0.7419
vn -0.7145 -0.1607 0.6810
vn -0.7742 -0.1538 0.6139
vn -0.7364 -0.1523 0.6592
vn -0.7239 -0.0184 0.6897
vn -0.7845 -0.0810 0.6148
vn -0.7812 0.0182 0.6240
vn -0.8128 -0.0216 0.5822
vn -0.8803 -0.0087 0.4744
vn -0.9260 0.0919 0.3661
vn -0.7750 0.1021 0.6237
vn -0.7028 0.0590 0.7089
vn -0.8950 -0.0364 0.4447
vn -0.9061 -0.0274 0.4222
vn -0.8833 0.0070 0.4688
vn -0.9226 0.0966 0.3735
vn -0.9568 0.0590 0.2846
vn -0.9182 -0.0730 0.3894
vn -0.9768 0.0094 0.2139
vn -0.7312 -0.2069 0.6501
vn -0.9083 -0.0809 0.4104
vn -0.6273 -0.2210 0.7468
vn -0.9002 -0.1305 0.4154
vn -0.9121 -0.1241 0.3907
vn -0.9854 -0.0498 0.1627
vn -0.2714 -0.2552 0.9280
vn -0.9836 -0.1212 0.1337
vn -0.0423 -0.2295 0.9724
vn 0.1022 -0.2164 0.9709
vn -0.3390 -0.2194 0.9148
vn 0.4173 0.3096 -0.8544
vn 0.4307 0.3389 -0.8365
vn 0.5238 0.3247 -0.7875
vn 0.4467 0.4101 -0.7952
vn 0.3919 0.3835 -0.8363
vn 0.5051 0.4326 -0.7468
vn 0.4266 0.5054 -0.7501
vn 0.5784 0.3539 -0.7350
vn 0.3526 0.5571 -0.7519
vn 0.3704 0.4627 -0.8054
vn 0.2903 0.5867 -0.7560
vn 0.3266 0.4775 -0.8157
vn 0.3643 0.3794 -0.8505
vn 0.3427 0.3757 -0.8611
vn 0.2983 0.4728 -0.8292
vn 0.2491 0.5902 -0.7678
vn 0.2782 -0.6431 0.7134
vn 0.3667 -0.7095 0.6019
vn 0.5032 -0.6830 0.5294
vn 0.2235 -0.6090 0.7610
vn 0.0806 -0.6377 0.7661
vn 0.3652 -0.7495 0.5521
vn 0.0134 -0.5291 0.8485
vn 0.5934 -0.7105 0.3782
vn 0.4953 -0.8357 0.2372
vn -0.8316 0.5553 0.0143
vn -0.9046 0.3995 0.1484
vn -0.8504 0.5227 -0.0599
vn -0.8942 0.4454 0.0440
vn -0.7452 0.6116 -0.2659
vn -0.7234 0.6423 -0.2532
vn -0.6869 0.6182 -0.3821
vn -0.6007 0.6660 -0.4423
vn -0.5755 0.6828 -0.4500
vn -0.5687 0.6537 -0.4992
vn -0.4876 0.6716 -0.5579
vn -0.4401 0.6895 -0.5753
vn -0.8087 0.5591 -0.1826
vn -0.7262 0.6102 -0.3166
vn -0.8850 0.4654 0.0102
vn -0.8066 0.5641 -0.1766
vn -0.6785 0.6460 -0.3496
vn -0.5978 0.6606 -0.4542
vn -0.4335 0.6719 -0.6005
vn -0.5206 0.7159 -0.4654
vn -0.4426 0.7074 -0.5511
vn -0.2859 0.6928 -0.6620
vn -0.2332 0.6965 -0.6786
vn -0.3603 0.6801 -0.6385
vn -0.3126 0.6918 -0.6509
vn -0.1949 0.7015 -0.6855
vn -0.0977 0.7174 -0.6898
vn -0.1556 0.7173 -0.6791
vn -0.0264 0.7421 -0.6698
vn 0.0214 0.7642 -0.6446
vn -0.2816 0.7539 -0.5936
vn -0.1302 0.7974 -0.5892
vn -0.3532 0.7788 -0.5184
vn -0.1840 0.8355 -0.5178
vn -0.0057 0.8765 -0.4813
vn 0.0308 0.8383 -0.5443
vn 0.0655 0.7625 -0.6436
vn 0.1815 0.8754 -0.4480
vn 0.1684 0.8325 -0.5278
vn 0.0962 0.7882 -0.6078
vn 0.1506 0.8031 -0.5765
vn 0.2644 0.8228 -0.5031
vn 0.3037 0.8403 -0.4491
vn 0.3558 0.8387 -0.4124
vn 0.3496 0.8527 -0.3883
vn 0.2737 0.8483 -0.4532
vn 0.2911 0.8945 -0.3392
vn 0.1997 0.8855 -0.4194
vn 0.0580 0.8393 -0.5406
vn -0.0131 0.8059 -0.5919
vn -0.0094 0.9103 -0.4139
vn -0.0781 0.8720 -0.4833
vn 0.1376 0.9467 -0.2914
vn -0.0910 0.9720 -0.2167
vn -0.1615 0.9452 -0.2838
vn -0.0380 0.9868 -0.1575
vn 0.0997 0.9915 -0.0831
vn 0.2263 0.9514 -0.2087
vn 0.1765 0.9836 -0.0365
vn 0.1129 0.9851 0.1301
vn 0.0180 0.9958 0.0900
vn 0.0885 0.9621 0.2579
vn -0.0104 0.9708 0.2396
vn -0.1409 0.9899 0.0149
vn -0.1675 0.9670 0.1921
vn -0.2236 0.9739 -0.0391
vn -0.2494 0.9556 0.1572
vn -0.1839 0.9406 0.2853
vn -0.2560 0.9287 0.2682
vn -0.1298 0.9398 0.3162
vn -0.1937 0.9205 0.3393
vn -0.2607 0.9104 0.3211
vn 0.0009 0.9483 0.3173
vn -0.0074 0.9424 0.3345
vn 0.0874 0.9425 0.3225
vn 0.0436 0.9378 0.3444
vn 0.0040 0.9529 0.3033
vn -0.1032 0.9512 0.2909
vn -0.0658 0.9675 0.2442
vn -0.1973 0.9462 0.2565
vn -0.2772 0.9049 0.3230
vn -0.3059 0.9295 0.2061
vn -0.1900 0.9645 0.1833
vn -0.3048 0.9445 0.1223
vn -0.4100 0.9081 0.0847
vn -0.3964 0.9005 0.1788
vn -0.3533 0.8855 0.3017
vn -0.5050 0.8612 0.0578
vn -0.4652 0.8681 0.1731
vn -0.4207 0.8630 0.2797
vn -0.3400 0.8910 0.3008
vn -0.4931 0.8404 0.2248
vn -0.5428 0.8312 0.1206
vn -0.5379 0.8152 0.2149
vn -0.5529 0.8087 0.2009
vn -0.6233 0.7819 -0.0109
vn -0.5863 0.8100 -0.0097
vn -0.6508 0.7417 -0.1626
vn -0.6780 0.6944 -0.2411
vn -0.6735 0.7333 -0.0931
vn -0.5891 0.7919 0.1609
vn -0.6957 0.6608 -0.2816
vn -0.6902 0.7127 -0.1252
vn -0.5979 0.7789 0.1895
vn -0.6700 0.7337 0.1126
vn -0.6989 0.7097 -0.0890
vn -0.7097 0.7034 -0.0395
vn -0.6899 0.6944 0.2044
vn -0.6311 0.6525 0.4194
vn -0.6236 0.6434 0.4441
vn -0.5822 0.7537 0.3051
vn -0.5720 0.7999 0.1816
vn -0.5428 0.8308 0.1231
vn -0.5846 0.8055 0.0969
vn -0.5324 0.8445 -0.0590
vn -0.6599 0.6939 0.2880
vn -0.5802 0.8089 -0.0952
vn -0.4743 0.8238 -0.3106
vn -0.5563 0.5117 0.6548
vn -0.5015 0.7021 0.5056
vn -0.6766 0.4226 0.6030
vn -0.6844 0.7259 0.0689
vn -0.7729 0.5118 0.3750
vn -0.6894 0.7157 -0.1118
vn -0.5281 0.7470 -0.4038
vn -0.5415 0.7846 -0.3021
vn -0.3817 0.7318 -0.5646
vn -0.4020 0.7676 -0.4992
vn -0.7031 0.6807 -0.2056
vn -0.5493 0.7138 -0.4345
vn -0.4019 0.7091 -0.5794
vn -0.7823 0.5934 0.1894
vn 0.6073 -0.7940 0.0262
vn 0.6402 -0.7631 0.0885
vn 0.5893 -0.7668 -0.2544
vn 0.5220 -0.7667 0.3738
vn 0.5072 -0.8005 0.3192
vn 0.6152 -0.7874 0.0395
vn 0.6008 -0.7737 0.2011
vn 0.6074 -0.7415 0.2850
vn 0.6109 -0.7738 -0.1677
vn 0.5387 -0.6986 -0.4710
vn 0.5106 -0.7967 0.3232
vn 0.4991 -0.7599 0.4165
vn 0.5478 -0.8250 0.1390
vn 0.5478 -0.8250 0.1391
vn 0.4645 -0.8278 0.3145
vn 0.3969 -0.7743 0.4929
vn 0.3752 -0.7380 0.5609
vn 0.6118 -0.7369 0.2874
vn 0.6108 -0.7686 0.1900
vn 0.5104 -0.7262 0.4606
vn 0.3912 -0.7114 0.5839
vn 0.3965 -0.6873 0.6086
vn 0.5964 -0.7060 0.3820
vn 0.2809 -0.7094 0.6464
vn 0.2942 -0.6834 0.6681
vn 0.3038 -0.7593 0.5755
vn 0.1821 -0.7338 0.6544
vn 0.1827 -0.6944 0.6960
vn 0.0901 -0.7637 0.6392
vn 0.0718 -0.6994 0.7111
vn -0.0093 -0.7517 0.6595
vn 0.0197 -0.8144 0.5800
vn 0.2274 -0.7883 0.5717
vn 0.1535 -0.8292 0.5374
vn 0.0846 -0.8779 0.4712
vn 0.3185 -0.8647 0.3885
vn 0.2428 -0.9056 0.3477
vn 0.1795 -0.9421 0.2832
vn 0.3868 -0.8338 0.3940
vn 0.5212 -0.8500 0.0767
vn 0.4684 -0.8741 0.1285
vn 0.3927 -0.8355 0.3844
vn 0.3966 -0.9088 0.1299
vn 0.3193 -0.8646 0.3881
vn 0.5347 -0.8381 -0.1087
vn 0.4940 -0.8652 -0.0856
vn 0.4253 -0.9004 -0.0922
vn 0.3379 -0.9338 -0.1173
vn 0.3102 -0.9458 0.0957
vn 0.2416 -0.9057 0.3484
vn 0.2195 -0.9752 0.0268
vn 0.1770 -0.9417 0.2861
vn 0.2484 -0.9559 -0.1567
vn 0.4251 -0.8776 -0.2217
vn 0.3423 -0.9077 -0.2426
vn 0.2669 -0.9266 -0.2650
vn 0.4189 -0.8604 -0.2902
vn 0.3402 -0.8878 -0.3099
vn 0.2681 -0.9054 -0.3292
vn 0.4925 -0.8454 -0.2069
vn 0.4807 -0.8313 -0.2790
vn 0.5278 -0.8170 -0.2321
vn 0.4933 -0.8033 -0.3336
vn 0.4587 -0.8168 -0.3498
vn 0.4116 -0.8457 -0.3396
vn 0.3496 -0.8042 -0.4806
vn 0.2954 -0.8257 -0.4806
vn 0.3361 -0.8710 -0.3584
vn 0.2701 -0.8866 -0.3755
vn 0.2566 -0.8352 -0.4865
vn 0.2607 -0.7828 -0.5651
vn 0.2419 -0.7921 -0.5604
vn 0.2951 -0.7626 -0.5757
vn 0.3761 -0.7710 -0.5139
vn 0.3104 -0.7279 -0.6114
vn 0.4345 -0.7484 -0.5011
vn 0.2599 -0.6648 -0.7004
vn 0.3719 -0.7705 -0.5178
vn 0.3516 -0.7261 -0.5909
vn 0.5311 -0.8017 -0.2742
vn 0.4476 -0.8164 -0.3649
vn 0.3932 -0.8297 -0.3962
vn 0.3725 -0.7941 -0.4802
vn 0.2750 -0.7115 -0.6467
vn 0.5782 -0.7693 -0.2716
vn 0.4179 -0.8432 -0.3382
vn 0.4715 -0.7919 -0.3879
vn 0.3946 -0.8449 -0.3611
vn 0.5030 -0.6414 -0.5793
vn 0.5612 -0.8260 -0.0529
vn 0.5496 -0.8166 -0.1763
vn 0.2520 -0.8329 -0.4927
vn 0.2569 -0.7929 -0.5526
vn 0.2800 -0.8340 -0.4755
vn 0.3184 -0.7964 -0.5142
vn 0.2342 -0.8877 -0.3963
vn 0.3261 -0.8468 -0.4202
vn 0.3855 -0.8079 -0.4457
vn 0.2309 -0.9056 -0.3557
vn 0.3307 -0.8726 -0.3596
vn 0.4121 -0.8341 -0.3667
vn 0.2209 -0.9284 -0.2989
vn 0.3086 -0.9346 -0.1766
vn 0.2847 -0.9586 -0.0041
vn 0.1382 -0.9619 0.2361
vn 0.1309 -0.9743 0.1832
vn 0.2562 -0.9393 0.2281
vn 0.3783 -0.9254 -0.0224
vn 0.3500 -0.9098 0.2231
vn 0.3944 -0.8989 -0.1907
vn 0.3266 -0.8990 -0.2919
vn 0.4136 -0.8638 -0.2878
vn 0.1601 -0.8776 0.4519
vn 0.2544 -0.9397 0.2284
vn 0.3529 -0.9063 0.2326
vn 0.2678 -0.8544 0.4453
vn 0.0970 -0.7906 0.6046
vn 0.2014 -0.7567 0.6219
vn 0.0494 -0.7219 0.6902
vn 0.1580 -0.6659 0.7291
vn 0.0318 -0.6712 0.7406
vn 0.1276 -0.5931 0.7949
vn -0.0436 -0.7772 0.6277
vn -0.0648 -0.7383 0.6713
vn 0.1360 -0.9584 0.2510
vn -0.0161 -0.6856 0.7278
vn -0.0670 -0.6878 0.7228
vn 0.0141 -0.6247 0.7808
vn -0.0222 -0.5853 0.8105
vn -0.1638 -0.5828 0.7960
vn -0.1132 -0.5687 0.8147
vn -0.0222 -0.5129 0.8582
vn 0.0780 -0.5353 0.8410
vn -0.0373 -0.6011 0.7983
vn -0.1310 -0.5364 0.8337
vn -0.1257 -0.5290 0.8392
vn 0.0131 -0.5714 0.8206
vn -0.1077 -0.5064 0.8555
vn 0.1546 -0.6563 0.7385
vn 0.2659 -0.6472 0.7144
vn 0.0750 -0.5659 0.8210
vn -0.1115 -0.4780 0.8713
vn 0.3745 -0.6508 0.6605
vn 0.0068 -0.5242 0.8516
vn -0.2862 0.7095 -0.6440
vn -0.3070 0.7535 -0.5813
vn -0.1809 0.7316 -0.6573
vn -0.2227 0.7831 -0.5806
vn -0.3890 0.8326 -0.3942
vn -0.3160 0.8637 -0.3926
vn -0.1473 0.8265 -0.5432
vn -0.2375 0.9064 -0.3494
vn -0.0876 0.7639 -0.6393
vn -0.3091 0.9467 -0.0904
vn -0.3967 0.9094 -0.1246
vn -0.3362 0.9335 0.1247
vn -0.4250 0.8995 0.1010
vn -0.4717 0.8734 -0.1209
vn -0.4954 0.8629 0.0998
vn -0.4259 0.8768 0.2233
vn -0.3393 0.9082 0.2451
vn -0.3953 -0.4372 -0.8079
vn -0.3353 -0.4421 -0.8319
vn -0.3346 -0.3878 -0.8589
vn -0.4229 -0.4329 -0.7961
vn -0.4516 -0.4434 -0.7742
vn -0.4930 -0.4599 -0.7386
vn -0.4888 -0.4846 -0.7254
vn -0.5260 -0.5044 -0.6848
vn 0.8478 0.0806 0.5242
vn 0.7726 0.0822 0.6296
vn 0.7906 0.1536 0.5928
vn 0.8738 -0.1877 0.4487
vn 0.7851 0.0500 0.6174
vn 0.6580 0.2234 0.7191
vn 0.6294 0.3262 0.7053
vn 0.6158 0.2270 0.7545
vn 0.6430 0.2007 0.7391
vn 0.6164 0.2165 0.7570
vn 0.5194 0.3400 0.7840
vn 0.5020 0.4061 0.7636
vn 0.4565 0.3237 0.8288
vn 0.4189 0.3956 0.8173
vn 0.3994 0.4546 0.7962
vn 0.5736 0.1791 0.7993
vn 0.7970 -0.0938 0.5966
vn 0.6669 0.0670 0.7422
vn 0.3975 0.3644 0.8421
vn 0.4474 0.2710 0.8523
vn 0.3930 0.3238 0.8606
vn 0.2884 0.4268 0.8571
vn 0.2592 0.4858 0.8348
vn 0.3308 0.4410 0.8343
vn 0.3184 0.4919 0.8103
vn 0.2551 0.5294 0.8091
vn 0.2102 0.5356 0.8179
vn 0.2066 0.5638 0.7996
vn 0.2261 0.4830 0.8459
vn 0.1841 0.5374 0.8230
vn 0.1765 0.5885 0.7890
vn 0.3187 0.4015 0.8586
vn 0.2674 0.4895 0.8300
vn 0.3700 0.3695 0.8524
vn 0.3144 0.4775 0.8205
vn 0.2739 0.5799 0.7673
vn 0.2246 0.5973 0.7699
vn 0.1569 0.5910 0.7912
vn 0.1638 0.6536 0.7389
vn 0.1436 0.6674 0.7307
vn 0.1382 0.6382 0.7573
vn 0.1410 0.6922 0.7077
vn 0.1528 0.6268 0.7641
vn 0.1408 0.6961 0.7040
vn 0.1432 0.7366 0.6610
vn 0.1658 0.8223 0.5443
vn 0.1847 0.7525 0.6322
vn 0.2825 0.8186 0.5001
vn 0.2841 0.7629 0.5808
vn 0.2977 0.6652 0.6848
vn 0.1937 0.6529 0.7323
vn 0.2084 0.6251 0.7522
vn 0.2998 0.6151 0.7292
vn 0.5318 0.6220 0.5747
vn 0.5003 0.6011 0.6232
vn 0.8233 0.4620 0.3297
vn 0.7876 0.4788 0.3879
vn 0.8111 0.5450 0.2124
vn 0.5266 0.7159 0.4585
vn 0.5107 0.7643 0.3938
vn 0.7828 0.6020 0.1574
vn 0.9144 0.3866 -0.1206
vn 0.9468 0.3134 -0.0731
vn 0.9235 0.2770 -0.2653
vn 0.9543 0.1929 -0.2280
vn 0.9776 0.1033 -0.1832
vn 0.9700 0.2430 0.0082
vn 0.9571 0.2797 0.0762
vn 0.9829 0.1389 -0.1208
vn 0.9834 0.1369 -0.1193
vn 0.9792 0.1174 -0.1656
vn 0.9743 0.0577 -0.2178
vn 0.9772 0.0778 -0.1977
vn 0.9726 0.0475 -0.2277
vn 0.9701 0.0516 -0.2371
vn 0.9503 0.1475 -0.2742
vn 0.9533 0.1938 -0.2315
vn 0.9222 0.2775 -0.2692
vn 0.9154 0.2615 -0.3061
vn 0.9396 0.1908 -0.2840
vn 0.9680 0.0801 -0.2377
vn 0.9773 0.0728 -0.1989
vn 0.9772 0.0574 -0.2042
vn 0.9724 0.0201 -0.2326
vn 0.9738 0.0288 -0.2256
vn 0.9747 0.0437 -0.2192
vn 0.9912 0.0615 -0.1172
vn 0.9927 0.0842 -0.0865
vn 0.9767 0.0360 -0.2117
vn 0.9961 0.0858 -0.0208
vn 0.9950 0.0985 0.0161
vn 0.9898 0.0942 -0.1067
vn 0.9851 0.1472 0.0886
vn 0.9892 0.1410 -0.0391
vn 0.9677 0.1376 -0.2114
vn 0.9624 0.1566 -0.2219
vn 0.9701 0.0943 -0.2238
vn 0.9534 0.2170 -0.2095
vn 0.9598 0.1988 -0.1980
vn 0.9469 0.2623 -0.1858
vn 0.9549 0.2442 -0.1689
vn 0.9798 0.1996 0.0087
vn 0.9672 0.2408 0.0808
vn 0.9665 0.2013 0.1590
vn 0.9349 0.2411 0.2605
vn 0.8440 0.2377 0.4807
vn 0.9367 0.2709 0.2217
vn 0.9579 0.2750 -0.0819
vn 0.9142 0.2479 0.3205
vn 0.9669 0.2550 -0.0121
vn 0.9607 0.2696 -0.0665
vn 0.9576 0.2767 -0.0807
vn 0.9538 0.2864 -0.0909
vn 0.9504 0.2621 0.1676
vn 0.9554 0.2812 -0.0908
vn 0.9168 0.2512 0.3103
vn 0.9468 0.2432 0.2106
vn 0.9450 0.2715 0.1823
vn 0.9399 0.3139 0.1345
vn 0.9413 0.3356 -0.0376
vn 0.9276 0.3139 0.2025
vn 0.9111 0.4033 0.0851
vn 0.9237 0.3826 0.0218
vn 0.9441 0.3073 -0.1192
vn 0.8377 0.4730 0.2730
vn 0.9155 0.3998 0.0445
vn 0.9207 0.3568 0.1583
vn 0.8514 0.4651 0.2423
vn 0.7580 0.5006 0.4181
vn 0.7036 0.5360 0.4665
vn 0.8841 0.3814 0.2700
vn 0.8291 0.4089 0.3812
vn 0.7543 0.5048 0.4198
vn 0.9254 0.3080 0.2208
vn 0.9046 0.3260 0.2746
vn 0.8722 0.3406 0.3510
vn 0.8442 0.3276 0.4242
vn 0.7861 0.3981 0.4728
vn 0.6749 0.5038 0.5392
vn 0.8338 0.2773 0.4773
vn 0.7691 0.3485 0.5357
vn 0.6340 0.4671 0.6163
vn 0.5281 0.5111 0.6781
vn 0.5956 0.5322 0.6017
vn 0.4392 0.5370 0.7202
vn 0.5285 0.5588 0.6390
vn 0.6243 0.4051 0.6679
vn 0.5038 0.4645 0.7283
vn 0.4044 0.5012 0.7650
vn 0.7741 0.2635 0.5757
vn 0.8394 0.1900 0.5092
vn -0.5505 -0.6413 -0.5345
vn -0.5515 -0.5602 -0.6181
vn -0.4569 -0.6873 -0.5647
vn -0.5558 -0.6834 -0.4733
vn -0.6216 -0.5681 -0.5394
vn -0.5499 -0.5608 -0.6189
vn -0.5199 -0.5263 -0.6728
vn -0.7049 -0.5751 -0.4151
vn -0.6570 -0.6422 -0.3948
vn -0.6305 -0.6907 -0.3542
vn -0.5681 -0.5482 -0.6138
vn -0.6213 -0.5716 -0.5359
vn -0.5628 -0.5570 -0.6108
vn -0.5085 -0.5323 -0.6768
vn -0.7110 -0.5680 -0.4146
vn -0.6913 -0.5540 -0.4639
vn -0.4410 -0.5495 -0.7097
vn -0.5426 -0.5022 -0.6733
vn -0.4777 -0.4989 -0.7231
vn -0.3986 -0.5130 -0.7602
vn -0.5177 -0.4532 -0.7257
vn -0.4559 -0.4551 -0.7648
vn -0.3808 -0.4698 -0.7964
vn -0.3303 -0.5332 -0.7788
vn -0.3053 -0.4988 -0.8112
vn -0.3812 -0.5550 -0.7394
vn -0.2767 -0.5612 -0.7800
vn -0.2464 -0.5316 -0.8104
vn -0.3412 -0.5824 -0.7378
vn -0.3166 -0.6007 -0.7341
vn -0.2407 -0.5865 -0.7734
vn -0.2017 -0.5627 -0.8017
vn -0.2156 -0.6096 -0.7628
vn -0.1593 -0.5793 -0.7994
vn -0.4923 -0.5689 -0.6588
vn -0.5094 -0.5800 -0.6357
vn -0.7025 -0.5290 -0.4761
vn -0.7511 -0.5013 -0.4295
vn -0.7898 -0.4614 -0.4040
vn -0.8307 -0.4971 -0.2508
vn -0.8569 -0.4608 -0.2311
vn -0.8926 -0.4048 -0.1984
vn -0.9193 -0.3905 -0.0484
vn -0.9378 -0.3471 0.0053
vn -0.9595 -0.2786 0.0406
vn -0.9763 -0.2032 0.0748
vn -0.9286 -0.3424 -0.1427
vn -0.9573 -0.2743 -0.0919
vn -0.9855 -0.1338 0.1040
vn -0.9657 -0.1988 0.1668
vn -0.9752 -0.1271 0.1812
vn -0.9795 -0.0665 0.1903
vn -0.9855 -0.1337 0.1040
vn -0.9597 -0.1544 0.2348
vn -0.9685 -0.0897 0.2324
vn -0.9692 -0.0282 0.2445
vn -0.9529 -0.2653 0.1471
vn -0.9494 -0.2171 0.2270
vn -0.9385 -0.3454 0.0056
vn -0.9183 -0.3951 -0.0266
vn -0.9402 -0.3177 0.1229
vn -0.9406 -0.2656 0.2115
vn -0.9286 -0.2341 0.2879
vn -0.9403 -0.1865 0.2847
vn -0.9506 -0.1275 0.2829
vn -0.9064 -0.2100 0.3664
vn -0.9219 -0.1645 0.3506
vn -0.9353 -0.1092 0.3366
vn -0.9450 -0.0524 0.3228
vn -0.9579 -0.0690 0.2788
vn -0.9535 -0.0055 0.3012
vn -0.8723 -0.0821 0.4821
vn -0.8922 -0.0267 0.4509
vn -0.9512 -0.0048 0.3086
vn -0.9057 0.0291 0.4229
vn -0.8422 -0.0033 0.5392
vn -0.8666 0.0598 0.4953
vn -0.8107 -0.0579 0.5826
vn -0.9220 -0.1645 0.3506
vn -0.8422 -0.1309 0.5231
vn -0.7645 -0.1020 0.6365
vn -0.9067 -0.2071 0.3674
vn -0.8032 -0.1656 0.5723
vn -0.6995 -0.1306 0.7026
vn -0.8837 -0.2448 0.3989
vn -0.7638 -0.1935 0.6158
vn -0.6239 -0.1514 0.7667
vn -0.9254 -0.2969 0.2355
vn -0.8992 -0.2417 0.3647
vn -0.8356 -0.2393 0.4944
vn -0.8161 -0.2377 0.5267
vn -0.8854 -0.2932 0.3608
vn -0.8778 -0.2568 0.4045
vn -0.9198 -0.3329 0.2079
vn -0.8769 -0.2951 0.3795
vn -0.9149 -0.3357 0.2241
vn -0.8575 -0.3661 0.3614
vn -0.8559 -0.3137 0.4112
vn -0.8273 -0.4164 0.3772
vn -0.9136 -0.3953 0.0953
vn -0.8743 -0.4522 0.1766
vn -0.8424 -0.5083 0.1786
vn -0.8405 -0.5412 -0.0261
vn -0.8079 -0.5892 -0.0117
vn -0.8814 -0.4680 -0.0640
vn -0.8823 -0.4683 -0.0474
vn -0.8080 -0.5350 -0.2468
vn -0.7668 -0.6033 -0.2190
vn -0.7910 -0.6118 -0.0079
vn -0.7259 -0.6568 -0.2041
vn -0.8088 -0.5328 -0.2489
vn -0.8956 -0.4412 -0.0565
vn -0.9145 -0.3930 0.0957
vn -0.9278 -0.3577 0.1061
vn -0.8999 -0.4330 -0.0519
vn -0.9576 0.0372 0.2857
vn -0.9181 0.0924 0.3855
vn -0.8924 0.1350 0.4305
vn -0.9415 0.1341 0.3092
vn -0.9229 0.1957 0.3315
vn -0.9714 0.0618 0.2293
vn -0.9561 0.1739 0.2357
vn -0.9424 0.2386 0.2345
vn -0.9697 0.1657 0.1794
vn -0.9584 0.2367 0.1593
vn -0.9714 0.0158 0.2370
vn -0.9817 -0.0122 0.1901
vn -0.9818 0.1134 0.1525
vn -0.9897 -0.0694 0.1253
vn -0.9894 -0.0252 0.1430
vn -0.9895 -0.0744 0.1240
vn -0.9764 -0.2102 -0.0498
vn -0.9911 -0.0200 0.1317
vn -0.9886 -0.1486 -0.0252
vn -0.8341 -0.4265 -0.3499
vn -0.8678 -0.3641 -0.3382
vn -0.9910 0.0869 0.1014
vn -0.9983 -0.0343 -0.0467
vn -0.8950 -0.2559 -0.3654
vn -0.9960 0.0519 -0.0729
vn -0.8997 -0.1682 -0.4028
vn -0.9830 0.1689 0.0716
vn -0.9916 0.0880 0.0948
vn -0.9707 0.2019 0.1301
vn -0.9830 0.1690 0.0717
vn -0.5599 -0.5598 -0.6108
vn -0.6018 -0.4411 -0.6658
vn -0.6019 -0.3598 -0.7130
vn -0.3271 -0.5232 -0.7869
vn -0.3277 -0.4329 -0.8398
vn -0.1986 -0.5189 -0.8314
vn -0.1752 -0.4291 -0.8861
vn -0.1452 -0.5791 -0.8022
vn -0.1260 -0.4631 -0.8773
vn -0.1060 -0.3604 -0.9268
vn -0.1193 -0.5558 -0.8227
vn -0.1193 -0.5422 -0.8317
vn -0.0865 -0.5408 -0.8367
vn -0.0441 -0.3594 -0.9321
vn -0.0912 -0.5356 -0.8395
vn -0.0532 -0.5027 -0.8628
vn -0.0123 -0.5110 -0.8595
vn -0.1080 -0.5436 -0.8323
vn 0.0227 -0.4800 -0.8770
vn 0.0008 -0.5391 -0.8422
vn -0.0805 -0.3613 -0.9290
vn -0.1589 -0.5089 -0.8460
vn -0.0621 -0.5292 -0.8462
vn -0.0010 -0.5468 -0.8373
vn 0.0070 -0.5532 -0.8330
vn -0.1857 -0.4827 -0.8559
vn -0.3016 -0.4154 -0.8582
vn -0.1469 -0.5108 -0.8470
vn -0.0933 -0.4978 -0.8622
vn -0.0215 -0.5621 -0.8268
vn -0.2579 -0.4432 -0.8585
vn -0.2853 -0.4645 -0.8384
vn -0.2261 -0.4985 -0.8369
vn -0.1983 -0.4758 -0.8569
vn -0.3753 -0.4038 -0.8343
vn -0.3776 -0.4311 -0.8195
vn -0.1795 -0.5401 -0.8222
vn -0.1509 -0.5108 -0.8463
vn 0.3284 0.5306 0.7814
vn 0.3731 0.5584 0.7410
vn 0.2721 0.5623 0.7809
vn 0.3293 0.5788 0.7460
vn 0.4814 0.5686 0.6671
vn 0.4731 0.5845 0.6592
vn 0.7009 0.5310 0.4762
vn 0.7373 0.5059 0.4476
vn 0.2337 0.5901 0.7728
vn 0.9302 0.3422 0.1329
vn 0.8970 0.3988 0.1908
vn 0.9758 0.1999 -0.0883
vn 0.9602 0.2744 -0.0517
vn 0.9436 0.3310 -0.0056
vn 0.9410 0.3380 -0.0147
vn 0.9540 0.2599 -0.1491
vn 0.9606 0.2728 -0.0520
vn 0.9656 0.1957 -0.1710
vn 0.9741 0.1278 -0.1863
vn 0.9758 0.1998 -0.0883
vn 0.6522 -0.7517 -0.0979
vn 0.6567 -0.7451 -0.1164
vn 0.6677 -0.7341 0.1236
vn 0.6357 -0.7640 -0.1107
vn 0.6181 -0.7629 -0.1895
vn 0.5910 -0.7723 -0.2329
vn 0.6565 -0.7327 0.1795
vn 0.5738 -0.7583 -0.3095
vn 0.5351 -0.8053 -0.2553
vn 0.4753 -0.8477 -0.2356
vn -0.5290 0.5341 0.6595
vn -0.5115 0.4881 0.7072
vn -0.5162 0.5242 0.6773
vn -0.5228 0.5880 0.6172
vn -0.4313 0.4340 0.7910
vn -0.5824 0.6601 0.4745
vn -0.5772 0.6930 0.4321
vn -0.5653 0.6253 0.5381
vn -0.6035 0.6603 0.4471
vn -0.6064 0.6886 0.3976
vn -0.5980 0.7143 0.3636
vn -0.5913 0.6594 0.4643
vn -0.5748 0.6777 0.4587
vn -0.6082 0.7288 0.3146
vn -0.5996 0.7465 0.2885
vn -0.5179 0.5822 0.6268
vn -0.5364 0.6542 0.5332
vn -0.4230 0.4581 0.7818
vn -0.4626 0.5962 0.6562
vn -0.4830 0.7086 0.5144
vn -0.5398 0.7533 0.3757
vn -0.4330 0.8092 0.3971
vn -0.4950 0.8210 0.2846
vn -0.5319 0.8288 0.1734
vn -0.5811 0.7815 0.2272
vn -0.4220 0.8828 0.2065
vn -0.4736 0.8717 0.1261
vn -0.3439 0.9267 0.1516
vn -0.4117 0.9060 0.0985
vn -0.3547 0.8853 0.3009
vn -0.2704 0.9364 0.2237
vn -0.2949 0.9526 0.0749
vn -0.3447 0.9371 0.0544
vn -0.1263 0.9901 0.0620
vn -0.1477 0.9889 0.0143
vn -0.2980 0.9540 0.0325
vn -0.3221 0.9464 0.0248
vn -0.2853 0.9576 0.0399
vn -0.3526 0.9318 0.0860
vn -0.2161 0.9759 0.0304
vn -0.1532 0.9881 -0.0140
vn -0.1405 0.9900 -0.0079
vn -0.1100 0.9926 0.0507
vn -0.1870 0.9769 0.1031
vn -0.0192 0.9888 0.1479
vn -0.0905 0.9742 0.2066
vn -0.1969 0.9368 0.2892
vn -0.3136 0.9341 0.1706
vn -0.3747 0.9078 0.1884
vn -0.2779 0.9056 0.3203
vn -0.0545 0.8971 0.4384
vn -0.1290 0.8703 0.4753
vn 0.0891 0.8250 0.5581
vn 0.0255 0.8009 0.5983
vn 0.0434 0.9362 0.3489
vn 0.1760 0.8688 0.4629
vn 0.1058 0.9542 0.2798
vn 0.2296 0.8926 0.3881
vn 0.3166 0.8338 0.4522
vn 0.2650 0.8061 0.5291
vn 0.1881 0.7557 0.6273
vn 0.2676 0.7634 0.5879
vn 0.2475 0.7370 0.6290
vn 0.2201 0.7061 0.6731
vn 0.1378 0.7319 0.6674
vn 0.1959 0.6889 0.6979
vn 0.2248 0.6681 0.7093
vn 0.2458 0.6883 0.6825
vn 0.2496 0.6878 0.6817
vn 0.2357 0.6664 0.7074
vn 0.2624 0.7114 0.6520
vn 0.2691 0.7139 0.6465
vn 0.3204 0.7697 0.5522
vn 0.3077 0.7732 0.5544
vn 0.3513 0.8053 0.4775
vn 0.3561 0.7940 0.4927
vn 0.3349 0.8019 0.4948
vn 0.3036 0.8158 0.4922
vn 0.2902 0.7769 0.5588
vn 0.2390 0.7591 0.6056
vn 0.2419 0.7378 0.6302
vn 0.2570 0.7175 0.6474
vn 0.1769 0.7654 0.6187
vn 0.1283 0.7287 0.6727
vn 0.2182 0.6787 0.7012
vn 0.2381 0.7103 0.6624
vn 0.1281 0.8008 0.5851
vn 0.0672 0.7596 0.6469
vn 0.0094 0.7066 0.7076
vn 0.0826 0.6815 0.7271
vn 0.1949 0.6487 0.7356
vn -0.0699 0.6366 0.7680
vn 0.0084 0.6173 0.7867
vn 0.1524 0.6087 0.7786
vn 0.1748 0.6141 0.7696
vn 0.2034 0.6415 0.7397
vn 0.2221 0.6417 0.7341
vn 0.1952 0.6106 0.7675
vn 0.1277 0.5820 0.8031
vn 0.1505 0.5578 0.8162
vn 0.0458 0.5447 0.8374
vn 0.0435 0.5267 0.8489
vn -0.1120 0.5331 0.8386
vn -0.2892 0.4351 0.8527
vn -0.2351 0.4398 0.8668
vn 0.0827 0.5599 0.8244
vn -0.1993 0.5373 0.8195
vn -0.3947 0.4005 0.8269
vn -0.5540 0.2737 0.7862
vn -0.5496 0.2775 0.7880
vn -0.8005 0.0882 0.5928
vn -0.1728 0.4701 0.8655
vn -0.2143 0.4917 0.8440
vn 0.0049 0.5136 0.8580
vn -0.2747 0.4203 0.8648
vn -0.5984 0.2845 0.7490
vn -0.4953 0.4098 0.7660
vn -0.7535 0.1857 0.6307
vn -0.6278 0.3295 0.7052
vn -0.5783 0.3975 0.7124
vn -0.1745 0.5013 0.8475
vn -0.4771 0.4806 0.7358
vn -0.3810 0.5165 0.7669
vn -0.1571 0.5865 0.7946
vn -0.0201 0.5861 0.8100
vn 0.0399 0.5656 0.8237
vn 0.0361 0.5977 0.8009
vn -0.1789 0.6185 0.7651
vn -0.0681 0.6280 0.7752
vn -0.0278 0.5859 0.8099
vn -0.1558 0.5790 0.8003
vn 0.0429 0.5990 0.7996
vn -0.2588 0.6560 0.7090
vn -0.1821 0.6768 0.7133
vn -0.3696 0.5860 0.7211
vn -0.2620 0.6527 0.7109
vn -0.1843 0.6177 0.7645
vn -0.3860 0.5209 0.7613
vn -0.4822 0.4780 0.7341
vn -0.4259 0.5331 0.7310
vn -0.4504 0.5391 0.7117
vn -0.4582 0.5554 0.6940
vn -0.4561 0.6112 0.6469
vn -0.3622 0.6795 0.6380
vn -0.4984 0.5640 0.6584
vn -0.4634 0.6998 0.5436
vn -0.4589 0.6954 0.5531
vn -0.4646 0.7274 0.5050
vn -0.3522 0.7064 0.6139
vn -0.3656 0.6839 0.6314
vn -0.4605 0.7568 0.4639
vn -0.3234 0.7363 0.5944
vn -0.5281 0.6922 0.4920
vn -0.5473 0.7281 0.4128
vn -0.5496 0.7581 0.3510
vn -0.5229 0.6830 0.5100
vn -0.5161 0.5262 0.6758
vn 0.2916 -0.7991 -0.5258
vn 0.4421 -0.8114 -0.3824
vn 0.3865 -0.8433 -0.3735
vn 0.3218 -0.8413 -0.4343
vn 0.1921 -0.8160 -0.5452
vn 0.3116 -0.7359 -0.6011
vn 0.4302 -0.7515 -0.5002
vn 0.5166 -0.7498 -0.4135
vn 0.2114 -0.7016 -0.6805
vn 0.0779 -0.7417 -0.6662
vn 0.1215 -0.7899 -0.6010
vn 0.3289 -0.7293 -0.5999
vn 0.2275 -0.6886 -0.6885
vn 0.1663 -0.6958 -0.6987
vn 0.3170 -0.7396 -0.5938
vn 0.4533 -0.7622 -0.4621
vn 0.5470 -0.7642 -0.3417
vn 0.6214 -0.4891 -0.6121
vn 0.5888 -0.7443 -0.3151
vn 0.6137 -0.7554 -0.2298
vn 0.5287 -0.7941 -0.2998
vn 0.5797 -0.7871 -0.2109
vn 0.4349 -0.7920 -0.4285
vn 0.4895 -0.8333 -0.2571
vn 0.5383 -0.8268 -0.1633
vn 0.3936 -0.8320 -0.3909
vn 0.3384 -0.8712 -0.3557
vn 0.4337 -0.8738 -0.2198
vn 0.4816 -0.8675 -0.1247
vn 0.3742 -0.9054 -0.2003
vn 0.4221 -0.9001 -0.1076
vn 0.2858 -0.8984 -0.3335
vn 0.2431 -0.8032 -0.5438
vn 0.1881 -0.8391 -0.5104
vn 0.1389 -0.8628 -0.4860
vn 0.0788 -0.7452 -0.6622
vn 0.0296 -0.7738 -0.6328
vn -0.0114 -0.7963 -0.6048
vn 0.2896 -0.7661 -0.5738
vn 0.1264 -0.7140 -0.6886
vn 0.0525 -0.6460 -0.7615
vn -0.0056 -0.6578 -0.7532
vn -0.0530 -0.6839 -0.7277
vn -0.0425 -0.6071 -0.7935
vn -0.0896 -0.6175 -0.7815
vn -0.1297 -0.6409 -0.7566
vn -0.1605 -0.6648 -0.7296
vn -0.1058 -0.7155 -0.6905
vn -0.1898 -0.6842 -0.7042
vn -0.1294 -0.6420 -0.7557
vn -0.1763 -0.6178 -0.7663
vn -0.2091 -0.6497 -0.7309
vn -0.1606 -0.6640 -0.7303
vn -0.1858 -0.6846 -0.7048
vn -0.2162 -0.6009 -0.7695
vn -0.2372 -0.6271 -0.7419
vn -0.2508 -0.6458 -0.7211
vn -0.1370 -0.5919 -0.7943
vn -0.1787 -0.5727 -0.8000
vn -0.0895 -0.6178 -0.7812
vn -0.0323 -0.6081 -0.7932
vn -0.0686 -0.5851 -0.8080
vn -0.0890 -0.5595 -0.8240
vn -0.1406 -0.5487 -0.8241
vn -0.2322 -0.5455 -0.8053
vn -0.2442 -0.5614 -0.7907
vn -0.2544 -0.5865 -0.7689
vn -0.2833 -0.6157 -0.7353
vn -0.2856 -0.6284 -0.7236
vn -0.4246 -0.5506 -0.7187
vn -0.2868 -0.6257 -0.7254
vn -0.3738 -0.5670 -0.7340
vn -0.4396 -0.5377 -0.7195
vn -0.4274 -0.5237 -0.7369
vn -0.4865 -0.5296 -0.6949
vn -0.2380 -0.5746 -0.7831
vn -0.5288 -0.5294 -0.6634
vn -0.5082 -0.5224 -0.6847
vn -0.2496 -0.5473 -0.7988
vn -0.5337 -0.5401 -0.6507
vn -0.8291 -0.4203 -0.3687
vn -0.5333 -0.5816 -0.6142
vn -0.4818 -0.5448 -0.6863
vn -0.0993 -0.5455 -0.8322
vn -0.1340 -0.5584 -0.8187
vn -0.0495 -0.5727 -0.8183
vn -0.1397 -0.5557 -0.8196
vn -0.0424 -0.5712 -0.8197
vn -0.2935 -0.6215 -0.7263
vn -0.0788 -0.5711 -0.8171
vn -0.7397 -0.5199 -0.4273
vn -0.3937 -0.6392 -0.6606
vn -0.5936 -0.5800 -0.5579
vn -0.7591 -0.5090 -0.4059
vn 0.0468 -0.6018 -0.7973
vn -0.1945 -0.6446 -0.7394
vn -0.2454 -0.6795 -0.6914
vn -0.1115 -0.6817 -0.7231
vn -0.1615 -0.7124 -0.6830
vn 0.0005 -0.6389 -0.7693
vn 0.0742 -0.6674 -0.7410
vn -0.1009 -0.7127 -0.6942
vn -0.0617 -0.7421 -0.6675
vn 0.0990 -0.6638 -0.7413
vn 0.0400 -0.6288 -0.7765
vn -0.0036 -0.6117 -0.7911
vn -0.0233 -0.6080 -0.7936
vn -0.2864 -0.6317 -0.7204
vn -0.3441 -0.5603 -0.7535
vn -0.3835 -0.5112 -0.7691
vn -0.2886 -0.5694 -0.7697
vn -0.2696 -0.6089 -0.7460
vn -0.2204 -0.5632 -0.7964
vn -0.2007 -0.5005 -0.8422
vn -0.1976 -0.5899 -0.7829
vn -0.1467 -0.5321 -0.8339
vn -0.2871 -0.6327 -0.7192
vn -0.1674 -0.6070 -0.7769
vn -0.1949 -0.6870 -0.7000
vn -0.1273 -0.6192 -0.7748
vn -0.1988 -0.6843 -0.7016
vn -0.0833 -0.6720 -0.7359
vn -0.1338 -0.6223 -0.7713
vn 0.0153 -0.7435 -0.6686
vn -0.0321 -0.6083 -0.7931
vn 0.0662 -0.6795 -0.7307
vn -0.0710 -0.5593 -0.8259
vn -0.1114 -0.5439 -0.8317
vn -0.0682 -0.5507 -0.8319
vn 0.1048 -0.8641 -0.4924
vn 0.1694 -0.8079 -0.5644
vn 0.2230 -0.7522 -0.6200
vn 0.3112 -0.8524 -0.4202
vn 0.3695 -0.8008 -0.4713
vn 0.2466 -0.9063 -0.3433
vn 0.4093 -0.8717 -0.2696
vn 0.4594 -0.8213 -0.3383
vn 0.4661 -0.8688 -0.1674
vn 0.5238 -0.8206 -0.2284
vn 0.4455 -0.8945 -0.0383
vn 0.5003 -0.8623 -0.0776
vn 0.4750 -0.8799 0.0138
vn 0.4494 -0.8932 0.0146
vn 0.4340 -0.9009 -0.0033
vn 0.4670 -0.8837 0.0330
vn 0.4846 -0.8747 0.0126
vn 0.4752 -0.8784 0.0511
vn 0.4723 -0.8813 0.0154
vn 0.5535 -0.8207 0.1417
vn 0.5591 -0.8061 0.1941
vn 0.5671 -0.8154 -0.1162
vn 0.5295 -0.8483 -0.0095
vn 0.5913 -0.7692 0.2424
vn 0.6050 -0.7862 0.1260
vn 0.6119 -0.7571 0.2288
vn 0.5792 -0.8146 -0.0301
vn 0.6269 -0.7758 -0.0718
vn 0.6464 -0.7546 0.1131
vn 0.6439 -0.7266 0.2396
vn 0.6390 -0.7538 -0.1528
vn 0.6510 -0.7009 0.2915
vn 0.6269 -0.7758 -0.0719
vn 0.6085 -0.7810 -0.1408
vn 0.5640 -0.8204 -0.0942
vn 0.5804 -0.8138 -0.0300
vn 0.6448 -0.7541 -0.1248
vn 0.5061 -0.8607 -0.0561
vn 0.5223 -0.8528 0.0029
vn 0.6630 -0.7360 -0.1368
vn 0.6353 -0.7420 -0.2140
vn -0.5310 0.7920 0.3013
vn -0.4390 0.7908 0.4265
vn -0.4899 0.8334 0.2559
vn -0.3959 0.8326 0.3873
vn -0.2914 0.7649 0.5745
vn -0.2434 0.8038 0.5428
vn -0.1261 0.7105 0.6923
vn -0.0753 0.7436 0.6644
vn -0.1861 0.8413 0.5075
vn -0.0232 0.7756 0.6307
vn -0.3384 0.8733 0.3504
vn -0.4332 0.8749 0.2167
vn 0.0992 0.7088 0.6983
vn 0.0566 0.6808 0.7303
vn 0.1683 0.6662 0.7265
vn 0.1336 0.6389 0.7576
vn 0.0086 0.6527 0.7576
vn 0.0920 0.6129 0.7848
vn 0.0946 0.6133 0.7842
vn 0.1354 0.6384 0.7577
vn 0.1710 0.6677 0.7245
vn -0.0702 -0.4685 0.8806
vn 0.0349 -0.4839 0.8744
vn -0.2671 -0.3439 0.9002
vn -0.0679 -0.4905 0.8688
vn 0.0348 -0.5289 0.8480
vn 0.0675 -0.5477 0.8339
vn -0.2556 -0.3789 0.8895
vn 0.1573 -0.5797 0.7995
vn 0.0672 -0.5945 0.8013
vn 0.0143 -0.6250 0.7805
vn -0.5786 0.5298 -0.6201
vn -0.6395 0.5102 -0.5751
vn -0.5732 0.5308 -0.6242
vn -0.5291 0.5821 -0.6174
vn -0.7107 0.5138 -0.4805
vn -0.3341 0.5591 -0.7588
vn -0.2881 0.5707 -0.7690
vn -0.3898 0.5521 -0.7370
vn -0.3760 0.5408 -0.7524
vn -0.2861 0.5460 -0.7874
vn -0.3279 0.5410 -0.7745
vn -0.2972 0.5947 -0.7470
vn -0.3215 0.5698 -0.7563
vn -0.2093 0.5385 -0.8162
vn -0.2067 0.5491 -0.8098
vn -0.5192 0.5583 -0.6471
vn -0.4237 0.5611 -0.7111
vn -0.6921 0.5338 -0.4859
vn -0.5548 0.5861 -0.5905
vn -0.4326 0.6177 -0.6567
vn -0.3412 0.5840 -0.7366
vn -0.3279 0.6447 -0.6906
vn -0.2613 0.5963 -0.7590
vn -0.1523 0.5490 -0.8218
vn -0.1714 0.5519 -0.8161
vn -0.2226 0.5849 -0.7800
vn -0.1852 0.6141 -0.7672
vn -0.1333 0.5656 -0.8138
vn -0.1518 0.5531 -0.8192
vn -0.0822 0.5783 -0.8116
vn -0.0838 0.5531 -0.8289
vn -0.1144 0.5979 -0.7934
vn -0.1456 0.6496 -0.7462
vn -0.3246 0.6399 -0.6966
vn -0.2524 0.6754 -0.6929
vn -0.1838 0.7139 -0.6757
vn -0.0713 0.6266 -0.7761
vn 0.0323 0.6892 -0.7238
vn 0.0298 0.6585 -0.7520
vn -0.0531 0.5855 -0.8089
vn -0.0504 0.5752 -0.8165
vn -0.0592 0.5862 -0.8080
vn 0.0029 0.6833 -0.7301
vn 0.0716 0.6929 -0.7175
vn 0.0928 0.7234 -0.6841
vn 0.0527 0.7898 -0.6111
vn -0.0488 0.7556 -0.6532
vn -0.0072 0.8935 -0.4490
vn -0.1021 0.8701 -0.4822
vn -0.2377 0.8251 -0.5125
vn -0.1804 0.6734 -0.7169
vn -0.2709 0.7963 -0.5409
vn -0.3016 0.7734 -0.5576
vn -0.2984 0.7713 -0.5621
vn -0.2707 0.8007 -0.5344
vn -0.3378 0.9006 -0.2734
vn -0.4010 0.8642 -0.3040
vn -0.1273 0.8647 -0.4860
vn -0.4020 0.9143 -0.0487
vn -0.4503 0.8917 -0.0449
vn -0.2521 0.9669 -0.0395
vn -0.1865 0.9510 -0.2468
vn -0.0150 0.8932 -0.4495
vn -0.0826 0.9697 -0.2300
vn -0.1318 0.9907 -0.0353
vn -0.1218 0.9885 0.0894
vn -0.2399 0.9661 0.0953
vn -0.2055 0.9675 0.1472
vn -0.2731 0.9450 0.1802
vn -0.3868 0.9143 0.1206
vn -0.3355 0.9151 0.2237
vn -0.4363 0.8865 0.1540
vn -0.3798 0.8796 0.2864
vn -0.2566 0.9221 0.2898
vn -0.3003 0.8788 0.3707
vn -0.2076 0.9506 0.2307
vn -0.1747 0.9250 0.3373
vn -0.2185 0.8792 0.4234
vn -0.1154 0.9580 0.2627
vn -0.0840 0.9773 0.1946
vn -0.0509 0.9751 0.2158
vn 0.0192 0.9820 0.1878
vn 0.0855 0.9825 0.1656
vn 0.0475 0.9859 0.1604
vn -0.0651 0.9559 0.2865
vn 0.0458 0.9944 0.0956
vn -0.0386 0.9670 0.2518
vn -0.1114 0.9261 0.3605
vn -0.0407 0.9580 0.2838
vn -0.0722 0.9410 0.3307
vn -0.1532 0.8833 0.4431
vn -0.1143 0.9048 0.4101
vn -0.0469 0.9836 0.1739
vn -0.1150 0.9614 0.2499
vn -0.0182 0.9974 0.0695
vn -0.1158 0.9860 0.1198
vn -0.2093 0.9522 0.2226
vn -0.1897 0.9155 0.3547
vn -0.1674 0.8446 0.5085
vn -0.3222 0.8902 0.3222
vn -0.2902 0.8432 0.4525
vn -0.2432 0.7627 0.5993
vn -0.2654 0.7365 0.6223
vn -0.2018 0.8194 0.5365
vn -0.3191 0.7333 0.6003
vn -0.2654 0.8140 0.5167
vn -0.3229 0.6577 0.6806
vn -0.3231 0.6830 0.6551
vn -0.3687 0.6580 0.6566
vn -0.4305 0.6170 0.6588
vn -0.3947 0.6228 0.6755
vn -0.3996 0.7621 0.5095
vn -0.4882 0.6970 0.5252
vn -0.4445 0.8114 0.3795
vn -0.5529 0.7373 0.3883
vn -0.5110 0.6221 0.5932
vn -0.4548 0.6035 0.6550
vn -0.5531 0.5706 0.6071
vn -0.5239 0.5780 0.6257
vn -0.4715 0.5585 0.6825
vn -0.4781 0.5712 0.6672
vn -0.4731 0.5624 0.6781
vn -0.4578 0.5865 0.6682
vn -0.6105 0.5368 0.5823
vn -0.4663 0.5693 0.6771
vn -0.4979 0.5645 0.6583
vn -0.6976 0.5179 0.4951
vn -0.6333 0.5055 0.5860
vn -0.6521 0.4912 0.5775
vn -0.6150 0.5506 0.5645
vn -0.5083 0.5922 0.6252
vn -0.6723 0.5217 0.5253
vn -0.5272 0.6389 0.5603
vn -0.5135 0.6753 0.5294
vn -0.6630 0.6195 0.4204
vn -0.6005 0.7077 0.3724
vn -0.5865 0.7407 0.3277
vn -0.6588 0.7452 0.1031
vn -0.6389 0.7664 0.0657
vn -0.6082 0.7930 0.0349
vn -0.7305 0.6679 0.1423
vn -0.7188 0.5754 0.3901
vn -0.7689 0.6214 0.1505
vn -0.7464 0.6461 -0.1594
vn -0.6871 0.6957 -0.2098
vn -0.6067 0.7471 -0.2716
vn -0.5838 0.6739 -0.4528
vn -0.4933 0.6822 -0.5396
vn -0.4747 0.6828 -0.5553
vn -0.4328 0.6740 -0.5987
vn -0.5545 0.7682 -0.3200
vn -0.6053 0.7486 -0.2706
vn -0.3976 0.6921 -0.6024
vn -0.3782 0.6132 -0.6935
vn -0.4287 0.6821 -0.5925
vn -0.4795 0.6811 -0.5533
vn -0.2618 0.6062 -0.7510
vn -0.4034 0.6901 -0.6009
vn -0.3999 0.6097 -0.6844
vn -0.5824 0.6406 -0.5004
vn -0.6790 0.6060 -0.4145
vn -0.6598 0.5476 -0.5147
vn 0.3324 -0.7622 0.5555
vn 0.1942 -0.6755 0.7113
vn 0.1512 -0.7118 0.6860
vn 0.2882 -0.8019 0.5234
vn 0.4696 -0.8436 0.2604
vn 0.3324 -0.7622 0.5554
vn 0.2881 -0.8019 0.5234
vn 0.4236 -0.8822 0.2057
vn 0.5440 -0.7933 0.2734
vn 0.4137 -0.7230 0.5534
vn 0.4137 -0.7229 0.5534
vn 0.2920 -0.6463 0.7050
vn 0.6016 -0.7920 -0.1038
vn 0.5288 -0.8325 -0.1654
vn 0.4741 -0.8628 -0.1753
vn 0.4219 -0.7204 0.5505
vn 0.5660 -0.7887 0.2399
vn 0.4130 -0.7094 0.5711
vn 0.6096 -0.7861 -0.1025
vn 0.6075 -0.7941 -0.0217
vn 0.5230 -0.7868 0.3277
vn 0.4010 -0.6968 0.5947
vn 0.2925 -0.6455 0.7055
vn 0.4168 -0.7060 0.5725
vn 0.2674 -0.6211 0.7367
vn 0.3970 -0.7035 0.5895
vn 0.1961 -0.5846 0.7873
vn 0.1864 -0.5603 0.8070
vn 0.1096 -0.5353 0.8375
vn 0.1408 -0.5278 0.8377
vn 0.1547 -0.5444 0.8244
vn 0.3824 -0.7161 0.5839
vn 0.2325 -0.6237 0.7463
vn 0.3634 -0.7257 0.5842
vn 0.2341 -0.6273 0.7428
vn 0.3588 -0.7265 0.5860
vn 0.3356 -0.7494 0.5707
vn 0.2165 -0.6450 0.7329
vn 0.1468 -0.5526 0.8204
vn 0.1370 -0.5614 0.8162
vn 0.3162 -0.7659 0.5598
vn 0.3573 -0.7267 0.5868
vn 0.4826 -0.8128 0.3262
vn 0.4338 -0.8461 0.3098
vn 0.3361 -0.7477 0.5727
vn 0.3182 -0.7668 0.5575
vn 0.5453 -0.8378 0.0290
vn 0.5023 -0.8637 0.0409
vn 0.4606 -0.8863 0.0482
vn 0.5790 -0.8153 0.0086
vn 0.3817 -0.7122 0.5892
vn 0.5818 -0.7511 -0.3121
vn 0.5663 -0.7793 -0.2685
vn 0.5320 -0.8158 -0.2266
vn 0.5125 -0.6886 -0.5130
vn 0.5017 -0.7271 -0.4686
vn 0.4714 -0.7789 -0.4137
vn 0.4306 -0.8329 -0.3476
vn 0.4881 -0.8530 -0.1848
vn 0.4508 -0.8808 -0.1448
vn 0.3952 -0.8756 -0.2778
vn 0.3923 -0.7474 -0.5361
vn 0.3496 -0.8177 -0.4574
vn 0.3128 -0.8744 -0.3710
vn 0.3132 -0.7255 -0.6128
vn 0.2638 -0.8052 -0.5311
vn 0.2283 -0.8685 -0.4400
vn 0.4257 -0.6830 -0.5935
vn 0.3560 -0.6529 -0.6686
vn 0.4390 -0.6374 -0.6333
vn 0.3620 -0.5956 -0.7171
vn 0.2994 -0.6229 -0.7227
vn 0.2425 -0.7070 -0.6643
vn 0.2889 -0.5567 -0.7789
vn 0.2398 -0.6010 -0.7624
vn 0.1799 -0.6810 -0.7098
vn 0.1227 -0.7679 -0.6287
vn 0.1869 -0.7909 -0.5827
vn 0.1528 -0.8562 -0.4936
vn 0.0936 -0.8366 -0.5398
vn 0.1799 -0.6810 -0.7099
vn 0.0841 -0.5790 -0.8110
vn 0.0419 -0.6694 -0.7417
vn 0.0324 -0.7479 -0.6630
vn -0.0068 -0.5815 -0.8135
vn 0.0009 -0.6694 -0.7429
vn 0.0213 -0.4937 -0.8694
vn 0.2401 -0.6010 -0.7623
vn 0.1318 -0.5017 -0.8549
vn 0.0557 -0.4213 -0.9052
vn 0.2837 -0.5505 -0.7851
vn 0.1579 -0.4575 -0.8751
vn 0.0701 -0.3803 -0.9222
vn 0.3324 -0.5616 -0.7577
vn 0.0900 -0.4254 -0.9005
vn 0.1100 -0.4083 -0.9062
vn 0.3546 -0.5476 -0.7579
vn 0.2686 -0.5105 -0.8169
vn 0.2821 -0.5272 -0.8015
vn 0.3195 -0.5334 -0.7832
vn 0.3835 -0.5836 -0.7158
vn 0.2952 -0.5498 -0.7814
vn 0.3605 -0.5766 -0.7332
vn 0.2627 -0.6128 -0.7453
vn 0.2678 -0.5561 -0.7868
vn 0.1988 -0.5816 -0.7888
vn 0.0742 -0.4613 -0.8841
vn 0.4179 -0.6107 -0.6726
vn 0.2713 -0.6452 -0.7142
vn 0.3900 -0.6703 -0.6314
vn 0.3136 -0.6788 -0.6640
vn 0.4753 -0.6576 -0.5845
vn 0.5414 -0.7276 -0.4213
vn 0.4818 -0.7378 -0.4727
vn 0.5672 -0.7261 -0.3887
vn 0.4947 -0.6595 -0.5660
vn 0.4316 -0.6136 -0.6612
vn 0.0862 -0.8809 -0.4654
vn 0.0559 -0.8053 -0.5902
vn 0.0570 -0.7457 -0.6638
vn 0.1439 -0.8877 -0.4373
vn 0.1142 -0.8968 -0.4274
vn 0.2474 -0.8925 -0.3771
vn 0.3212 -0.8759 -0.3601
vn 0.2831 -0.9144 -0.2895
vn 0.3620 -0.8982 -0.2494
vn 0.4276 -0.8687 -0.2500
vn 0.1398 -0.8998 -0.4132
vn 0.2118 -0.9109 -0.3542
vn 0.3841 -0.8985 -0.2123
vn 0.4453 -0.8887 -0.1094
vn 0.5412 -0.8384 0.0650
vn 0.5341 -0.8437 -0.0538
vn 0.4742 -0.8675 -0.1502
vn 0.6256 -0.7794 -0.0337
vn 0.6336 -0.7691 0.0846
vn 0.5757 -0.8118 -0.0975
vn 0.5259 -0.8351 -0.1615
vn 0.5132 -0.8085 0.2881
vn 0.6118 -0.7435 0.2701
vn 0.5147 -0.6866 0.5135
vn 0.3466 -0.7717 0.5332
vn 0.2380 -0.6593 0.7132
vn 0.4519 -0.7213 0.5249
vn 0.3613 -0.5976 0.7158
vn 0.5570 -0.6422 0.5266
vn 0.4488 -0.5375 0.7139
vn 0.1693 -0.5652 0.8074
vn 0.2853 -0.4918 0.8226
vn 0.3688 -0.4274 0.8254
vn 0.3171 -0.7857 0.5312
vn 0.3185 -0.7912 0.5220
vn 0.0871 -0.5047 0.8589
vn 0.1319 -0.4845 0.8648
vn 0.0617 -0.4653 0.8830
vn 0.0730 -0.4633 0.8832
vn 0.1071 -0.4219 0.9003
vn 0.0689 -0.4189 0.9054
vn 0.1148 -0.3873 0.9148
vn 0.0606 -0.3929 0.9176
vn 0.0602 -0.4509 0.8905
vn 0.0028 -0.3463 0.9381
vn -0.0422 -0.2642 0.9635
vn 0.1820 -0.4492 0.8747
vn 0.0455 -0.4622 0.8856
vn -0.0417 -0.3608 0.9317
vn -0.0968 -0.2840 0.9539
vn -0.0406 -0.3825 0.9230
vn 0.0075 -0.4476 0.8942
vn -0.0190 -0.4272 0.9040
vn -0.0934 -0.3638 0.9268
vn -0.1172 -0.3896 0.9135
vn -0.1539 -0.3013 0.9410
vn -0.2159 -0.3112 0.9255
vn 0.0459 -0.4714 0.8807
vn -0.1954 -0.3513 0.9157
vn 0.0454 -0.4791 0.8766
vn 0.0920 -0.4987 0.8619
vn 0.0687 -0.4819 0.8735
vn 0.0384 -0.4609 0.8866
vn 0.0423 -0.4591 0.8874
vn 0.0948 -0.5013 0.8600
vn -0.3748 0.7080 -0.5986
vn -0.2312 0.6160 -0.7531
vn -0.3570 0.7195 -0.5958
vn -0.3781 0.7018 -0.6038
vn -0.5152 0.7879 -0.3372
vn -0.3527 0.7204 -0.5972
vn -0.4804 0.8112 -0.3335
vn -0.5849 0.8111 -0.0053
vn -0.5439 0.8388 -0.0251
vn -0.4415 0.8376 -0.3216
vn -0.4966 0.8672 -0.0372
vn -0.3262 0.7452 -0.5817
vn -0.2296 0.6192 -0.7509
vn -0.2097 0.6384 -0.7406
vn -0.3261 0.7451 -0.5817
vn -0.3526 0.7204 -0.5973
vn -0.4832 0.8535 0.1953
vn -0.5295 0.8139 0.2390
vn -0.4245 0.8318 0.3575
vn -0.4671 0.7749 0.4259
vn -0.5653 0.7748 0.2832
vn -0.4987 0.7202 0.4823
vn -0.4254 0.6792 0.5981
vn -0.3904 0.7458 0.5398
vn -0.3451 0.8184 0.4595
vn -0.7017 -0.2439 0.6694
vn -0.6905 -0.2291 0.6861
vn -0.7236 -0.2218 0.6536
vn -0.7195 -0.2485 0.6485
vn -0.6514 -0.2439 0.7185
vn -0.5782 -0.2508 0.7764
vn -0.5843 -0.2667 0.7665
vn -0.6486 -0.2522 0.7182
vn -0.7426 -0.2789 0.6089
vn -0.7865 -0.3125 0.5327
vn -0.5863 -0.2665 0.7650
vn -0.6683 -0.3172 0.6729
vn -0.7474 -0.3267 0.5784
vn 0.3236 0.1461 -0.9348
vn 0.1898 0.1701 -0.9670
vn 0.2988 0.1717 -0.9387
vn 0.3186 0.2125 -0.9237
vn 0.4542 0.2315 -0.8603
vn 0.4809 0.2267 -0.8470
vn 0.3576 0.2421 -0.9020
vn 0.4141 0.2382 -0.8785
vn 0.4457 0.2587 -0.8570
vn 0.4542 0.2313 -0.8604
vn 0.4827 0.2304 -0.8449
vn 0.4971 0.2749 -0.8230
vn 0.5412 0.2702 -0.7963
vn 0.2343 0.2647 -0.9354
vn 0.3065 0.3013 -0.9029
vn 0.0794 0.2627 -0.9616
vn 0.1781 0.3235 -0.9293
vn 0.2759 0.3715 -0.8865
vn 0.3787 0.3352 -0.8627
vn 0.5348 0.2924 -0.7928
vn 0.3587 0.4163 -0.8355
vn 0.4480 0.3681 -0.8148
vn 0.5740 0.3076 -0.7589
vn 0.5634 0.2969 -0.7710
vn 0.5908 0.3261 -0.7380
vn 0.6136 0.3146 -0.7242
vn 0.6230 0.3557 -0.6967
vn 0.6491 0.3181 -0.6910
vn 0.6645 0.3378 -0.6666
vn 0.5096 0.3965 -0.7636
vn 0.5638 0.4232 -0.7093
vn 0.4278 0.4573 -0.7797
vn 0.4909 0.4947 -0.7172
vn 0.5605 0.5274 -0.6385
vn 0.6202 0.4409 -0.6489
vn 0.6820 0.3196 -0.6578
vn 0.7053 0.3735 -0.6025
vn 0.7058 0.3606 -0.6098
vn 0.7056 0.3227 -0.6309
vn 0.7145 0.3748 -0.5908
vn 0.6932 0.3428 -0.6340
vn 0.7292 0.3762 -0.5716
vn 0.7312 0.4670 -0.4972
vn 0.7408 0.5235 -0.4209
vn 0.6945 0.5827 -0.4221
vn 0.6871 0.5156 -0.5120
vn 0.6132 0.5397 -0.5768
vn 0.5943 0.5607 -0.5766
vn 0.6584 0.4260 -0.6206
vn 0.5822 0.5165 -0.6279
vn 0.6404 0.3982 -0.6568
vn 0.5775 0.4710 -0.6669
vn 0.5777 0.4708 -0.6668
vn 0.5800 0.5205 -0.6266
vn 0.4586 0.6514 -0.6045
vn 0.4721 0.5632 -0.6781
vn 0.6004 0.6211 -0.5037
vn 0.3157 0.7479 -0.5839
vn 0.3326 0.6592 -0.6744
vn 0.4718 0.7449 -0.4718
vn 0.3322 0.8282 -0.4514
vn 0.5977 0.7005 -0.3901
vn 0.4658 0.8008 -0.3765
vn 0.3388 0.8719 -0.3535
vn 0.2365 0.9179 -0.3186
vn 0.2150 0.8837 -0.4157
vn 0.1747 0.8163 -0.5506
vn 0.1664 0.9457 -0.2791
vn 0.1287 0.9192 -0.3722
vn 0.0712 0.8630 -0.5002
vn 0.1820 0.7477 -0.6385
vn 0.0527 0.8159 -0.5758
vn -0.0002 0.8923 -0.4515
vn -0.0315 0.8580 -0.5127
vn -0.0480 0.8965 -0.4405
vn -0.0750 0.8803 -0.4684
vn -0.0231 0.9121 -0.4094
vn 0.0787 0.9390 -0.3348
vn 0.0791 0.9474 -0.3100
vn 0.1310 0.9582 -0.2542
vn 0.1104 0.9592 -0.2604
vn 0.1178 0.9422 -0.3136
vn 0.0321 0.9134 -0.4057
vn 0.0027 0.9106 -0.4133
vn -0.0621 0.9050 -0.4208
vn -0.0305 0.9126 -0.4076
vn -0.0745 0.8841 -0.4613
vn 0.0443 0.8695 -0.4919
vn 0.0061 0.8338 -0.5520
vn -0.0408 0.9013 -0.4312
vn 0.1113 0.8447 -0.5236
vn 0.0737 0.7927 -0.6051
vn 0.0420 0.7496 -0.6605
vn -0.0249 0.8090 -0.5873
vn -0.1048 0.8714 -0.4792
vn 0.0207 0.7121 -0.7018
vn -0.0514 0.7891 -0.6121
vn -0.1399 0.8649 -0.4821
vn -0.1457 0.8461 -0.5127
vn -0.1056 0.8627 -0.4945
vn -0.2045 0.8661 -0.4562
vn -0.1808 0.8609 -0.4755
vn -0.1955 0.8359 -0.5129
vn -0.2605 0.8377 -0.4799
vn -0.2683 0.8663 -0.4214
vn -0.2362 0.8680 -0.4368
vn -0.0736 0.7657 -0.6390
vn -0.1023 0.7491 -0.6545
vn 0.0077 0.6726 -0.7400
vn -0.0000 0.6234 -0.7819
vn -0.0221 0.5580 -0.8296
vn -0.0179 0.5644 -0.8253
vn -0.2590 0.8647 -0.4304
vn -0.2969 0.8732 -0.3865
vn -0.1863 0.6329 -0.7515
vn -0.0535 0.5503 -0.8333
vn -0.3894 0.8721 -0.2964
vn -0.3409 0.8761 -0.3409
vn -0.3947 0.8679 -0.3016
vn -0.3380 0.8721 -0.3540
vn -0.3410 0.8761 -0.3408
vn -0.4222 0.8469 -0.3232
vn -0.3387 0.8454 -0.4130
vn -0.3530 0.7858 -0.5078
vn -0.5034 0.8164 -0.2828
vn -0.4284 0.8409 -0.3306
vn -0.3947 0.8679 -0.3017
vn -0.3945 0.7495 -0.5316
vn -0.4705 0.7780 -0.4164
vn -0.3928 0.8022 -0.4496
vn -0.2446 0.6467 -0.7224
vn -0.2417 0.7177 -0.6530
vn -0.1432 0.7110 -0.6884
vn -0.2930 0.8002 -0.5233
vn -0.0674 0.6998 -0.7112
vn -0.2065 0.7887 -0.5791
vn 0.0407 0.5622 -0.8260
vn 0.0994 0.5537 -0.8267
vn 0.1416 0.5681 -0.8107
vn 0.2983 0.3850 -0.8734
vn 0.3528 0.4013 -0.8453
vn 0.0015 0.5148 -0.8573
vn 0.2593 0.2988 -0.9184
vn 0.2903 0.3795 -0.8785
vn 0.0488 0.5429 -0.8384
vn 0.0073 0.4088 -0.9126
vn 0.1749 0.2883 -0.9414
vn 0.3092 0.1500 -0.9391
vn 0.4422 0.2785 -0.8526
vn 0.3828 0.1995 -0.9020
vn 0.4777 0.2441 -0.8439
vn 0.5124 0.2458 -0.8228
vn 0.4635 0.3099 -0.8301
vn 0.5294 0.2826 -0.7999
vn 0.5186 0.2495 -0.8178
vn 0.5113 0.2434 -0.8242
vn 0.3753 0.1623 -0.9126
vn 0.4762 0.2191 -0.8516
vn 0.3208 0.1428 -0.9363
vn 0.3455 0.1493 -0.9265
vn -0.6020 -0.3348 0.7249
vn -0.6721 -0.3534 0.6507
vn -0.6417 -0.3757 0.6687
vn -0.5308 -0.3854 0.7548
vn -0.6004 -0.3379 0.7248
vn -0.5597 -0.4314 0.7076
vn -0.4747 -0.3326 0.8149
vn -0.5345 -0.2901 0.7938
vn -0.5409 -0.2892 0.7898
vn -0.5568 -0.2824 0.7812
vn -0.3272 -0.4439 0.8342
vn -0.3521 -0.5205 0.7779
vn -0.3722 -0.5688 0.7335
vn -0.5330 -0.2915 0.7943
vn -0.4555 -0.3314 0.8263
vn -0.5297 -0.2796 0.8008
vn -0.3287 -0.4432 0.8340
vn -0.3352 -0.4313 0.8376
vn -0.4716 -0.3501 0.8094
vn -0.5292 -0.2844 0.7994
vn -0.5387 -0.2688 0.7985
vn -0.5358 -0.2892 0.7933
vn -0.5220 -0.2833 0.8045
vn -0.5291 -0.2926 0.7965
vn -0.5628 -0.2694 0.7814
vn -0.5625 -0.2610 0.7845
vn -0.5710 -0.2918 0.7674
vn -0.5953 -0.2720 0.7561
vn -0.5925 -0.3290 0.7353
vn -0.6235 -0.2873 0.7271
vn -0.5491 -0.3640 0.7523
vn -0.5634 -0.4189 0.7121
vn -0.6168 -0.3624 0.6988
vn -0.6517 -0.2992 0.6970
vn -0.6359 -0.3837 0.6696
vn -0.6766 -0.2978 0.6734
vn -0.5697 -0.4632 0.6789
vn -0.5504 -0.3658 0.7505
vn -0.4753 -0.4211 0.7725
vn -0.4742 -0.4925 0.7298
vn -0.5637 -0.4188 0.7119
vn -0.4555 -0.5710 0.6830
vn -0.5695 -0.4647 0.6781
vn -0.3492 -0.5142 0.7834
vn -0.3425 -0.5862 0.7342
vn -0.3175 -0.6619 0.6790
vn -0.3517 -0.4582 0.8163
vn -0.5372 -0.3231 0.7791
vn -0.1538 -0.5727 0.8052
vn -0.1719 -0.5839 0.7934
vn -0.1827 -0.6300 0.7548
vn 0.0636 -0.7116 0.6997
vn 0.0139 -0.7076 0.7064
vn -0.0181 -0.7354 0.6773
vn -0.0385 -0.7729 0.6333
vn -0.1845 -0.6865 0.7034
vn -0.1753 -0.7385 0.6511
vn -0.0480 -0.8054 0.5908
vn 0.0977 -0.8090 0.5796
vn 0.0609 -0.8302 0.5541
vn 0.0403 -0.8500 0.5253
vn 0.1599 -0.8687 0.4689
vn 0.1149 -0.8639 0.4903
vn 0.0898 -0.8794 0.4676
vn 0.1403 -0.7915 0.5948
vn 0.2037 -0.8453 0.4940
vn 0.1989 -0.7958 0.5720
vn 0.2666 -0.8507 0.4530
vn 0.3008 -0.8901 0.3425
vn 0.2381 -0.8814 0.4080
vn 0.3271 -0.9196 0.2177
vn 0.2624 -0.9148 0.3072
vn 0.2043 -0.9086 0.3642
vn 0.1717 -0.9095 0.3785
vn 0.1394 -0.8929 0.4281
vn 0.1546 -0.9187 0.3634
vn 0.1698 -0.9150 0.3660
vn 0.2026 -0.9048 0.3747
vn 0.2509 -0.9473 0.1991
vn 0.1448 -0.9112 0.3857
vn 0.2709 -0.9325 0.2388
vn 0.2665 -0.9485 0.1712
vn 0.2372 -0.9466 0.2185
vn 0.3156 -0.9468 0.0625
vn 0.2736 -0.9203 0.2796
vn 0.3471 -0.9363 0.0536
vn 0.3714 -0.9248 -0.0828
vn 0.3111 -0.9123 0.2662
vn 0.4084 -0.8993 -0.1565
vn 0.4148 -0.9096 0.0251
vn 0.4495 -0.8752 -0.1787
vn 0.4494 -0.8147 -0.3664
vn 0.3690 -0.8975 0.2416
vn 0.3898 -0.9150 0.1039
vn 0.4218 -0.9051 0.0532
vn 0.4373 -0.8962 0.0748
vn 0.4276 -0.9038 0.0191
vn 0.4322 -0.8803 0.1958
vn 0.3428 -0.8669 0.3618
vn 0.4412 -0.8970 0.0266
vn 0.4368 -0.8857 0.1573
vn 0.5477 -0.8360 -0.0343
vn 0.5532 -0.8129 -0.1821
vn 0.4807 -0.7402 -0.4700
vn 0.3802 -0.8433 0.3798
vn 0.3016 -0.8307 0.4679
vn 0.4507 -0.7133 0.5367
vn 0.2321 -0.7932 0.5630
vn -0.0595 -0.6246 0.7786
vn 0.0187 -0.7351 0.6777
vn 0.2465 -0.8245 0.5093
vn -0.2216 -0.6569 0.7207
vn -0.0598 -0.6245 0.7787
vn 0.2265 -0.7768 0.5876
vn 0.1292 -0.7245 0.6770
vn 0.3859 -0.8479 0.3636
vn 0.2805 -0.8181 0.5020
vn 0.1503 -0.9118 0.3821
vn 0.2789 -0.9156 0.2895
vn 0.2168 -0.8965 0.3864
vn 0.1547 -0.9069 0.3919
vn 0.2008 -0.8583 0.4722
vn 0.2743 -0.8211 0.5007
vn 0.1578 -0.8282 0.5378
vn 0.2316 -0.7795 0.5820
vn 0.1482 -0.9111 0.3845
vn 0.1016 -0.8027 0.5877
vn -0.0332 -0.8195 0.5721
vn -0.1456 -0.7693 0.6220
vn -0.2802 -0.7023 0.6544
vn 0.0286 -0.7554 0.6546
vn -0.0866 -0.7075 0.7014
vn -0.2262 -0.6304 0.7426
vn -0.0279 -0.6482 0.7610
vn -0.1731 -0.5754 0.7993
vn 0.0899 -0.7005 0.7079
vn 0.1715 -0.7476 0.6417
vn -0.3976 -0.5391 0.7425
vn -0.3223 -0.4973 0.8055
vn -0.4744 -0.4088 0.7796
vn -0.5541 -0.4891 0.6736
vn -0.6182 -0.3005 0.7263
vn -0.5147 -0.3938 0.7616
vn -0.4615 -0.3266 0.8248
vn -0.5713 -0.2152 0.7920
vn -0.6869 -0.2854 0.6684
vn -0.6567 -0.1504 0.7390
vn -0.6144 -0.0771 0.7852
vn -0.5669 -0.4875 0.6640
vn -0.5680 -0.4862 0.6641
vn -0.7049 -0.2119 0.6769
vn -0.7009 -0.2121 0.6810
vn -0.7218 -0.1512 0.6753
vn -0.6589 0.0902 0.7468
vn -0.7129 -0.1584 0.6832
vn -0.7343 -0.0466 0.6772
vn -0.7376 -0.0173 0.6750
vn -0.7042 -0.2033 0.6803
vn -0.7511 -0.0665 0.6568
vn -0.7520 0.0798 0.6543
vn -0.7797 0.0173 0.6259
vn -0.6484 -0.0181 0.7611
vn -0.6823 -0.2277 0.6947
vn -0.7514 -0.1163 0.6496
vn -0.7937 -0.0421 0.6069
vn -0.7520 -0.1532 0.6411
vn -0.8053 -0.0902 0.5859
vn -0.6590 -0.2390 0.7132
vn -0.6395 -0.2407 0.7301
vn -0.8187 -0.1556 0.5528
vn -0.7914 -0.1350 0.5962
vn -0.6384 -0.2379 0.7320
vn -0.8083 -0.1785 0.5611
vn -0.6394 -0.2417 0.7299
vn -0.6572 -0.2416 0.7140
vn -0.6384 -0.2339 0.7333
vn -0.6797 -0.2325 0.6956
vn 0.5555 0.3596 -0.7497
vn 0.5389 0.3152 -0.7812
vn 0.4773 0.3581 -0.8024
vn 0.5545 0.3631 -0.7488
vn 0.4810 0.4190 -0.7701
vn 0.3536 0.4491 -0.8205
vn 0.3539 0.5122 -0.7826
vn 0.4790 0.4913 -0.7274
vn 0.3454 0.5865 -0.7326
vn 0.5681 0.4189 -0.7083
vn 0.5705 0.4164 -0.7080
vn 0.1842 0.6902 -0.6998
vn 0.1823 0.6307 -0.7543
vn 0.0366 0.7767 -0.6288
vn 0.0144 0.7371 -0.6757
vn 0.1706 0.5828 -0.7945
vn -0.0183 0.7078 -0.7061
vn -0.1432 0.7891 -0.5974
vn -0.0956 0.8057 -0.5845
vn -0.0595 0.8314 -0.5525
vn -0.6111 -0.2666 -0.7453
vn -0.6328 -0.2291 -0.7397
vn -0.3719 -0.2739 -0.8869
vn -0.6259 -0.2892 -0.7243
vn -0.6752 -0.2811 -0.6820
vn -0.7348 -0.2969 -0.6099
vn -0.1436 -0.3078 -0.9406
vn -0.7535 -0.2923 -0.5890
vn -0.7874 -0.3221 -0.5257
vn 0.9831 -0.0300 0.1807
vn 0.9863 -0.0467 0.1583
vn 0.9784 -0.0102 0.2063
vn 0.9845 0.0060 0.1751
vn 0.9963 -0.0517 0.0690
vn 0.8702 0.1640 0.4645
vn 0.9258 0.0839 0.3686
vn 0.8772 0.1201 0.4649
vn 0.8358 0.1602 0.5251
vn 0.7973 0.1915 0.5725
vn 0.7303 0.2126 0.6492
vn 0.6835 0.2453 0.6875
vn 0.9676 0.0385 0.2495
vn 0.9900 -0.0285 0.1383
vn 0.9671 0.0243 0.2532
vn 0.8926 0.0649 0.4462
vn 0.7977 0.1104 0.5929
vn 0.6712 0.1742 0.7205
vn 0.8274 0.0923 0.5539
vn 0.6116 0.1804 0.7703
vn 0.5307 0.2199 0.8185
vn 0.6197 0.2168 0.7543
vn 0.5959 0.2570 0.7608
vn 0.5135 0.2605 0.8176
vn 0.4628 0.2208 0.8585
vn 0.4484 0.2530 0.8573
vn 0.5018 0.1804 0.8460
vn 0.4204 0.1927 0.8866
vn 0.4084 0.2337 0.8824
vn 0.6558 0.1420 0.7414
vn 0.5658 0.1667 0.8075
vn 0.7395 0.1267 0.6612
vn 0.6487 0.1929 0.7362
vn 0.5584 0.2899 0.7773
vn 0.4909 0.2700 0.8283
vn 0.3787 0.2992 0.8758
vn 0.3561 0.2880 0.8890
vn 0.3582 0.2279 0.9054
vn 0.3485 0.3067 0.8857
vn 0.3696 0.2479 0.8955
vn 0.3075 0.4016 0.8627
vn 0.2892 0.4928 0.8207
vn 0.2652 0.5630 0.7828
vn 0.3113 0.5681 0.7618
vn 0.3411 0.4633 0.8179
vn 0.3928 0.3246 0.8604
vn 0.4259 0.6423 0.6373
vn 0.4463 0.5371 0.7158
vn 0.5011 0.4023 0.7662
vn 0.4322 0.3081 0.8475
vn 0.5361 0.3558 0.7655
vn 0.6865 0.5207 0.5076
vn 0.6994 0.4377 0.5650
vn 0.8070 0.5884 0.0507
vn 0.8433 0.5207 0.1332
vn 0.6193 0.6553 0.4326
vn 0.7099 0.7042 -0.0115
vn 0.5804 0.7437 0.3317
vn 0.6394 0.7669 -0.0545
vn 0.6015 0.7241 -0.3375
vn 0.6673 0.6575 -0.3499
vn 0.7743 0.5428 -0.3253
vn 0.5546 0.6854 -0.4718
vn 0.6289 0.6015 -0.4926
vn 0.7326 0.4672 -0.4950
vn 0.8376 0.4835 -0.2544
vn 0.7795 0.4270 -0.4583
vn 0.7828 0.4282 -0.4516
vn 0.7366 0.4612 -0.4947
vn 0.6880 0.4513 -0.5683
vn 0.7680 0.3729 -0.5208
vn 0.6987 0.5068 -0.5050
vn 0.7158 0.3805 -0.5856
vn 0.6697 0.4553 -0.5867
vn 0.5899 0.5917 -0.5495
vn 0.6161 0.6116 -0.4963
vn 0.5454 0.6922 -0.4726
vn 0.5064 0.7066 -0.4943
vn 0.5605 0.6358 -0.5307
vn 0.6619 0.4849 -0.5717
vn 0.7215 0.4211 -0.5496
vn 0.7105 0.4273 -0.5591
vn 0.7069 0.3830 -0.5947
vn 0.7255 0.3566 -0.5887
vn 0.7697 0.3501 -0.5339
vn 0.8737 0.2480 -0.4184
vn 0.7823 0.3093 -0.5408
vn 0.7609 0.3527 -0.5446
vn 0.9139 0.2191 -0.3417
vn 0.9759 0.1341 -0.1722
vn 0.7964 0.2859 -0.5329
vn 0.9844 0.1350 -0.1125
vn 0.9431 0.2028 -0.2633
vn 0.8460 0.2670 -0.4616
vn 0.8016 0.2926 -0.5215
vn 0.8244 0.2695 -0.4977
vn 0.8385 0.2791 -0.4680
vn 0.7487 0.3201 -0.5805
vn 0.7835 0.3205 -0.5324
vn 0.8327 0.2942 -0.4690
vn 0.8674 0.2706 -0.4176
vn 0.8438 0.2829 -0.4561
vn 0.9531 0.2332 -0.1928
vn 0.8751 0.2748 -0.3984
vn 0.8788 0.2605 -0.3999
vn 0.9865 0.1169 0.1148
vn 0.9514 0.1651 0.2599
vn 0.9703 0.1881 0.1524
vn 0.9848 0.1738 0.0064
vn 0.8963 0.2721 -0.3502
vn 0.9561 0.1684 -0.2398
vn 0.9137 0.2225 -0.3400
vn 0.9801 0.1638 -0.1123
vn 0.9920 0.1026 -0.0737
vn 0.9626 0.1159 -0.2448
vn 0.8716 0.2393 -0.4278
vn 0.9614 0.0930 -0.2591
vn 0.9365 0.1552 -0.3144
vn 0.8920 0.2285 -0.3901
vn 0.8917 0.2227 -0.3940
vn 0.8682 0.2535 -0.4266
vn 0.8811 0.2294 -0.4135
vn 0.8518 0.2680 -0.4502
vn 0.7973 0.2913 -0.5286
vn 0.9071 0.2946 -0.3007
vn 0.8533 0.2904 -0.4330
vn 0.9332 0.2385 -0.2689
vn 0.9380 0.2848 -0.1974
vn 0.8938 0.2673 -0.3602
vn 0.8922 0.2313 -0.3879
vn 0.9371 0.3230 -0.1323
vn 0.8952 0.2964 -0.3327
vn 0.9658 0.2531 -0.0568
vn 0.9487 0.3066 0.0777
vn 0.9230 0.3457 0.1693
vn 0.9799 0.1348 -0.1473
vn 0.9674 0.2506 -0.0376
vn 0.9337 0.2329 -0.2720
vn 0.9425 0.1607 -0.2929
vn 0.9664 0.0912 -0.2404
vn 0.9704 0.0824 -0.2269
vn 0.9905 0.0900 -0.1036
vn 0.9972 0.0735 0.0135
vn 0.9887 0.1381 0.0589
vn 0.9487 0.2611 0.1782
vn 0.9909 0.0514 0.1241
vn 0.9709 0.1242 0.2047
vn 0.9062 0.2410 0.3474
vn 0.8745 0.2961 0.3841
vn 0.9493 0.2556 0.1833
vn 0.7363 0.3155 0.5986
vn 0.8271 0.3408 0.4470
vn 0.8777 0.2065 0.4325
vn 0.7998 0.2494 0.5460
vn 0.6986 0.2765 0.6599
vn 0.9767 0.0761 0.2006
vn -0.8507 -0.4101 -0.3288
vn -0.7981 -0.3815 -0.4664
vn -0.7731 -0.4623 -0.4342
vn -0.8326 -0.4789 -0.2784
vn -0.9030 -0.4188 -0.0955
vn -0.8854 -0.4639 -0.0298
vn -0.9192 -0.3406 -0.1976
vn -0.8658 -0.3242 -0.3812
vn -0.8059 -0.3084 -0.5055
vn -0.9415 -0.3312 0.0627
vn -0.8777 -0.3894 0.2794
vn -0.8672 -0.4457 0.2219
vn -0.9191 -0.3411 -0.1973
vn -0.8754 -0.3342 -0.3493
vn -0.8108 -0.3157 -0.4930
vn -0.9415 -0.3310 0.0635
vn -0.9302 -0.3439 -0.1280
vn -0.8316 -0.3553 -0.4269
vn -0.7432 -0.3227 -0.5862
vn -0.8228 -0.2919 -0.4876
vn -0.7498 -0.2724 -0.6030
vn -0.6800 -0.2925 -0.6724
vn -0.7890 -0.2628 -0.5554
vn -0.6457 -0.2458 -0.7230
vn -0.7187 -0.2465 -0.6501
vn -0.7319 -0.2247 -0.6433
vn -0.6097 -0.2972 -0.7349
vn -0.5713 -0.2625 -0.7776
vn -0.6700 -0.3348 -0.6626
vn -0.5361 -0.3029 -0.7880
vn -0.5001 -0.2613 -0.8256
vn -0.6119 -0.3479 -0.7103
vn -0.5612 -0.3515 -0.7494
vn -0.4646 -0.2877 -0.8375
vn -0.4463 -0.2298 -0.8649
vn -0.4124 -0.2184 -0.8844
vn -0.7454 -0.3947 -0.5372
vn -0.7189 -0.4285 -0.5473
vn -0.8782 -0.4197 -0.2294
vn -0.8654 -0.4617 -0.1948
vn -0.8545 -0.5072 -0.1124
vn -0.7823 -0.3683 -0.5024
vn -0.8969 -0.3812 -0.2243
vn -0.9305 -0.3361 0.1457
vn -0.9285 -0.3600 0.0914
vn -0.9098 -0.3989 0.1145
vn -0.8833 -0.3106 0.3511
vn -0.8906 -0.3288 0.3143
vn -0.8676 -0.3588 0.3444
vn -0.8320 -0.3911 0.3935
vn -0.8816 -0.4402 0.1703
vn -0.8455 -0.4691 0.2552
vn -0.7871 -0.4174 0.4541
vn -0.8676 -0.3590 0.3441
vn -0.8254 -0.3302 0.4579
vn -0.7716 -0.3659 0.5204
vn -0.8298 -0.3920 0.3971
vn -0.7997 -0.4119 0.4368
vn -0.8059 -0.3008 0.5099
vn -0.7561 -0.3343 0.5627
vn -0.8556 -0.3003 0.4217
vn -0.8881 -0.3336 0.3162
vn -0.9019 -0.3110 0.2997
vn -0.7591 -0.2970 0.5793
vn -0.7186 -0.2857 0.6340
vn -0.7217 -0.2885 0.6292
vn -0.7260 -0.2926 0.6224
vn -0.7216 -0.3022 0.6229
vn -0.7044 -0.3290 0.6289
vn -0.6771 -0.3225 0.6615
vn -0.7150 -0.3050 0.6291
vn -0.7242 -0.2942 0.6236
vn -0.5543 -0.3159 0.7700
vn -0.5567 -0.3136 0.7693
vn -0.6784 -0.3231 0.6598
vn -0.3929 -0.3581 0.8470
vn -0.5173 -0.3519 0.7801
vn -0.3956 -0.3430 0.8520
vn -0.7273 -0.2874 0.6232
vn -0.5573 -0.2904 0.7779
vn -0.2940 -0.2951 0.9091
vn -0.7208 -0.2853 0.6316
vn -0.2543 -0.2406 0.9367
vn -0.5867 -0.2660 0.7649
vn -0.4204 -0.2917 0.8592
vn -0.2829 -0.2466 0.9269
vn -0.7978 -0.2851 0.5312
vn -0.6809 -0.2948 0.6704
vn -0.7162 -0.2923 0.6337
vn -0.8265 -0.2404 0.5091
vn -0.8255 -0.2869 0.4861
vn -0.7100 -0.2946 0.6396
vn -0.7695 -0.2934 0.5672
vn -0.6462 -0.3246 0.6907
vn -0.5496 -0.3296 0.7677
vn -0.4874 -0.3215 0.8119
vn -0.2629 -0.2484 0.9323
vn -0.7989 -0.2958 0.5237
vn -0.6227 -0.3504 0.6996
vn -0.7511 -0.3230 0.5758
vn -0.7051 -0.3481 0.6178
vn -0.8535 -0.2928 0.4310
vn -0.8478 -0.2990 0.4379
vn -0.9026 -0.3073 0.3014
vn -0.7746 -0.3326 0.5380
vn -0.7948 -0.3706 0.4805
vn -0.7040 -0.3518 0.6170
vn -0.9043 -0.3062 0.2973
vn -0.8493 -0.2932 0.4390
vn -0.8908 -0.2905 0.3494
vn -0.8954 -0.3047 0.3245
vn -0.8411 -0.2898 0.4567
vn -0.6725 -0.3261 0.6644
vn -0.5520 -0.2694 0.7892
vn -0.6435 -0.2440 0.7255
vn -0.6736 -0.2763 0.6855
vn -0.7082 -0.1657 0.6863
vn -0.6956 -0.0752 0.7145
vn -0.7174 -0.3267 0.6154
vn -0.7389 -0.1875 0.6472
vn -0.7460 -0.0703 0.6622
vn -0.6732 -0.3221 0.6656
vn -0.7296 -0.3638 0.5791
vn -0.7593 -0.4295 0.4888
vn -0.7633 -0.4011 0.5064
vn -0.7829 -0.4195 0.4594
vn -0.7541 -0.4127 0.5110
vn -0.8714 -0.3665 0.3261
vn -0.9100 -0.4094 -0.0654
vn -0.8031 -0.2705 0.5310
vn -0.8922 -0.2640 0.3665
vn -0.9365 -0.2860 0.2027
vn -0.8267 -0.1829 0.5321
vn -0.7616 -0.2289 0.6063
vn -0.8008 -0.2802 0.5293
vn -0.7813 -0.1131 0.6139
vn -0.8238 -0.1763 0.5387
vn -0.7650 -0.3592 -0.5346
vn -0.8964 -0.2889 -0.3363
vn -0.8228 -0.2558 -0.5075
vn -0.5586 -0.2388 -0.7943
vn -0.5794 -0.1349 -0.8038
vn -0.4285 -0.2302 -0.8737
vn -0.4242 -0.1606 -0.8912
vn -0.3766 -0.1574 -0.9129
vn -0.3588 -0.0921 -0.9289
vn -0.3899 -0.1866 -0.9018
vn -0.3529 -0.1649 -0.9210
vn -0.2986 -0.0739 -0.9515
vn -0.3075 -0.1107 -0.9451
vn -0.3098 -0.0952 -0.9460
vn -0.2762 -0.0098 -0.9611
vn -0.2290 -0.0181 -0.9733
vn -0.3363 -0.1480 -0.9300
vn -0.2114 -0.1000 -0.9723
vn -0.1598 0.0198 -0.9869
vn -0.1277 -0.0664 -0.9896
vn -0.3239 -0.0316 -0.9456
vn -0.3771 -0.1739 -0.9097
vn -0.2251 -0.1546 -0.9620
vn -0.1105 -0.1368 -0.9844
vn -0.2501 -0.1904 -0.9493
vn -0.1051 -0.1847 -0.9772
vn -0.4328 -0.1930 -0.8806
vn -0.5021 -0.2062 -0.8398
vn -0.2830 -0.2184 -0.9339
vn -0.1056 -0.2204 -0.9697
vn -0.5759 -0.2156 -0.7886
vn -0.3239 -0.2456 -0.9137
vn -0.1111 -0.2558 -0.9603
vn -0.5022 -0.2062 -0.8398
vn -0.5521 -0.2297 -0.8015
vn -0.4762 -0.2230 -0.8506
vn -0.4285 -0.1937 -0.8825
vn -0.5836 -0.2163 -0.7827
vn -0.6080 -0.2306 -0.7597
vn 0.6036 0.2942 0.7411
vn 0.6562 0.3305 0.6784
vn 0.5280 0.3014 0.7940
vn 0.5939 0.3449 0.7269
vn 0.7707 0.3654 0.5220
vn 0.7308 0.3934 0.5579
vn 0.8958 0.3810 0.2289
vn 0.8760 0.4213 0.2349
vn 0.8642 0.4647 0.1929
vn 0.4698 0.2946 0.8321
vn 0.8772 0.4412 -0.1893
vn 0.9079 0.3980 -0.1317
vn 0.8226 0.3915 -0.4124
vn 0.8610 0.3555 -0.3637
vn 0.9274 0.3582 -0.1076
vn 0.8859 0.3236 -0.3325
vn 0.8843 0.3302 -0.3302
vn 0.8609 0.3563 -0.3631
vn 0.8234 0.3265 -0.4642
vn 0.8220 0.3901 -0.4149
vn 0.6386 -0.2997 -0.7088
vn 0.7078 -0.3572 -0.6095
vn 0.7767 -0.3849 -0.4986
vn 0.1023 -0.0790 -0.9916
vn 0.7008 -0.4121 -0.5823
vn 0.8529 -0.4483 -0.2675
vn 0.6747 -0.4822 -0.5588
vn 0.9018 -0.4050 -0.1508
vn 0.9026 -0.4046 -0.1473
vn 0.4366 -0.4220 -0.7945
vn 0.5599 -0.5049 -0.6569
vn -0.0145 -0.0271 0.9995
vn 0.0488 -0.0424 0.9979
vn 0.0883 -0.0264 0.9957
vn -0.0915 0.0633 0.9938
vn 0.2655 -0.0772 0.9610
vn -0.2463 0.1502 0.9575
vn 0.0397 0.0469 0.9981
vn -0.1666 0.1182 0.9789
vn -0.2504 0.1999 0.9473
vn -0.3394 0.2462 0.9079
vn -0.3287 0.2551 0.9093
vn -0.3862 0.2969 0.8733
vn 0.0894 0.0300 0.9955
vn -0.0042 0.1177 0.9930
vn 0.3292 -0.0863 0.9403
vn 0.2357 0.0001 0.9718
vn 0.1179 0.1136 0.9865
vn -0.0872 0.2208 0.9714
vn -0.3684 0.3467 0.8626
vn 0.0319 0.2530 0.9669
vn -0.1399 0.3475 0.9272
vn -0.3535 0.4418 0.8245
vn -0.3962 0.3546 0.8470
vn -0.3680 0.4358 0.8213
vn -0.3267 0.5474 0.7705
vn -0.3517 0.5353 0.7679
vn -0.2898 0.6288 0.7215
vn -0.3066 0.6134 0.7278
vn -0.1505 0.4667 0.8715
vn -0.1401 0.5692 0.8102
vn -0.0109 0.3974 0.9176
vn -0.0291 0.5394 0.8415
vn -0.0561 0.6913 0.7204
vn -0.1254 0.6737 0.7283
vn -0.2599 0.6890 0.6765
vn -0.0781 0.7863 0.6130
vn -0.1233 0.8121 0.5704
vn -0.2396 0.7370 0.6320
vn -0.2420 0.7351 0.6333
vn -0.2553 0.7036 0.6632
vn -0.2658 0.6725 0.6907
vn -0.1789 0.7994 0.5736
vn -0.1723 0.8374 0.5188
vn -0.1602 0.8748 0.4572
vn -0.1147 0.8768 0.4669
vn -0.2088 0.6741 0.7085
vn -0.0413 0.8366 0.5462
vn -0.0758 0.7578 0.6481
vn -0.1393 0.6261 0.7672
vn -0.2611 0.5890 0.7648
vn -0.1855 0.5597 0.8077
vn 0.0168 0.5932 0.8049
vn -0.0502 0.5299 0.8466
vn 0.1163 0.7243 0.6796
vn 0.2793 0.5138 0.8112
vn 0.1758 0.4722 0.8638
vn 0.4367 0.6294 0.6428
vn 0.1777 0.7945 0.5807
vn 0.5249 0.6672 0.5285
vn 0.8502 0.4181 0.3199
vn 0.7690 0.4090 0.4913
vn 0.9048 0.0962 0.4149
vn 0.9235 0.1007 0.3703
vn 0.6282 0.3334 0.7030
vn 0.8814 0.0880 0.4641
vn 0.5129 0.3374 0.7894
vn 0.8253 0.1248 0.5508
vn 0.8253 0.1247 0.5507
vn 0.8807 0.0900 0.4650
vn 0.9725 -0.0695 0.2221
vn 0.9557 -0.0431 0.2912
vn 0.9250 0.0707 0.3733
vn 0.9958 0.0114 0.0913
vn 0.9852 -0.1403 0.0990
vn 0.9833 -0.1207 0.1360
vn 0.9991 -0.0357 0.0224
vn 0.9649 0.1672 0.2024
vn 0.9714 0.2130 0.1050
vn 0.9968 0.0800 -0.0044
vn 0.9989 0.0381 -0.0265
vn 0.9988 -0.0155 0.0468
vn 0.9878 -0.1468 0.0527
vn 0.9893 -0.1152 0.0892
vn 0.9855 -0.1378 0.0988
vn 0.9846 -0.1650 0.0581
vn 0.9825 -0.1746 0.0648
vn 0.9854 -0.1545 0.0719
vn 0.9407 -0.0894 0.3273
vn 0.9868 -0.1620 0.0011
vn 0.9834 -0.1558 0.0931
vn 0.9497 -0.0547 0.3083
vn 0.9215 -0.1018 0.3748
vn 0.8369 -0.0766 0.5419
vn 0.9045 -0.0802 0.4188
vn 0.9873 -0.1498 0.0527
vn 0.7563 -0.0386 0.6531
vn 0.9815 -0.0491 0.1850
vn 0.9821 -0.0526 0.1810
vn 0.9863 -0.1176 0.1157
vn 0.9834 -0.1244 0.1324
vn 0.9755 -0.0719 0.2080
vn 0.9651 -0.0096 0.2616
vn 0.9799 -0.0781 0.1838
vn 0.9591 0.0147 0.2828
vn 0.9462 -0.0096 0.3234
vn 0.9316 0.0573 0.3588
vn 0.8780 0.1074 0.4666
vn 0.9116 0.0680 0.4055
vn 0.8824 0.0388 0.4689
vn 0.8085 -0.0209 0.5882
vn 0.6686 0.0073 0.7436
vn 0.8824 0.0388 0.4690
vn 0.9466 -0.0116 0.3223
vn 0.6395 -0.0208 0.7685
vn 0.4334 -0.0116 0.9011
vn 0.1454 -0.0233 0.9891
vn 0.2207 -0.0186 0.9752
vn 0.7074 0.0504 0.7050
vn 0.7811 0.0663 0.6209
vn -0.0591 -0.0221 0.9980
vn 0.0279 -0.0277 0.9992
vn 0.5234 0.0708 0.8492
vn 0.6834 0.0773 0.7259
vn 0.6625 0.1450 0.7349
vn 0.8365 0.1056 0.5377
vn 0.7806 0.0686 0.6212
vn 0.6613 0.0755 0.7463
vn 0.7408 0.1405 0.6568
vn 0.5233 0.1239 0.8431
vn 0.2283 0.0944 0.9690
vn -0.0596 0.0139 0.9981
vn -0.0768 -0.0166 0.9969
vn -0.0711 0.0622 0.9955
vn -0.3818 -0.0019 0.9242
vn 0.5852 0.1761 0.7916
vn 0.3028 0.0894 0.9489
vn 0.3900 0.2240 0.8931
vn 0.4301 0.2339 0.8719
vn 0.5036 0.2392 0.8302
vn 0.7621 0.1662 0.6257
vn 0.1741 0.2469 0.9533
vn 0.4722 0.2369 0.8491
vn 0.3591 0.1975 0.9122
vn 0.1785 0.2939 0.9390
vn 0.5174 0.2312 0.8239
vn -0.0295 0.2325 0.9722
vn -0.0679 0.2823 0.9569
vn -0.0984 0.2903 0.9519
vn 0.0371 0.1379 0.9897
vn 0.1231 0.1563 0.9800
vn 0.0574 0.0854 0.9947
vn -0.0250 0.0769 0.9967
vn -0.0411 0.0517 0.9978
vn -0.0847 0.1051 0.9908
vn -0.1148 0.2214 0.9684
vn -0.0857 0.0445 0.9953
vn -0.2150 0.1999 0.9560
vn -0.2316 0.2622 0.9368
vn -0.1272 0.2236 0.9663
vn -0.2706 0.2887 0.9184
vn -0.0662 -0.0104 0.9978
vn 0.0859 -0.3786 -0.9216
vn 0.2765 -0.4171 -0.8658
vn 0.1520 -0.4508 -0.8796
vn -0.0587 -0.4176 -0.9067
vn 0.0918 -0.2954 -0.9510
vn 0.2582 -0.3037 -0.9171
vn -0.0824 -0.2991 -0.9507
vn -0.2989 -0.3591 -0.8842
vn -0.2227 -0.4038 -0.8873
vn 0.2505 -0.2783 -0.9273
vn 0.0950 -0.2969 -0.9502
vn 0.2026 -0.2964 -0.9333
vn -0.0833 -0.2973 -0.9511
vn 0.0343 -0.2963 -0.9545
vn 0.0262 -0.0715 -0.9971
vn 0.3443 -0.3070 -0.8873
vn 0.4936 -0.3189 -0.8091
vn 0.3899 -0.3521 -0.8509
vn 0.4891 -0.3762 -0.7870
vn 0.3061 -0.3434 -0.8879
vn 0.3526 -0.4246 -0.8339
vn 0.4108 -0.4475 -0.7944
vn 0.2703 -0.4023 -0.8747
vn 0.2190 -0.4781 -0.8506
vn 0.3029 -0.5038 -0.8090
vn 0.3637 -0.5351 -0.7625
vn 0.2581 -0.5725 -0.7783
vn 0.3175 -0.6021 -0.7326
vn 0.1682 -0.5450 -0.8214
vn 0.1562 -0.3865 -0.9090
vn 0.0931 -0.4544 -0.8859
vn 0.0122 -0.5203 -0.8539
vn -0.0181 -0.3656 -0.9306
vn -0.0985 -0.4148 -0.9046
vn -0.1908 -0.4510 -0.8719
vn 0.1955 -0.3315 -0.9230
vn 0.0312 -0.3262 -0.9448
vn -0.2161 -0.2901 -0.9323
vn -0.2948 -0.3169 -0.9015
vn -0.5112 -0.2490 -0.8226
vn -0.5546 -0.2383 -0.7973
vn -0.6468 -0.2126 -0.7324
vn -0.7327 -0.1748 -0.6577
vn -0.3954 -0.3304 -0.8570
vn -0.5033 -0.3227 -0.8016
vn -0.8060 -0.1216 -0.5793
vn -0.6463 -0.2137 -0.7325
vn -0.8794 -0.0872 -0.4680
vn -0.9236 -0.0197 -0.3829
vn -0.7328 -0.1748 -0.6577
vn -0.9474 0.0451 -0.3168
vn -0.8060 -0.1216 -0.5792
vn -0.9658 0.0007 -0.2593
vn -0.9805 0.0719 -0.1831
vn -0.9816 0.1310 -0.1388
vn -0.8188 -0.1448 -0.5555
vn -0.9319 -0.0699 -0.3560
vn -0.5660 -0.2366 -0.7897
vn -0.5070 -0.2507 -0.8247
vn -0.7522 -0.1866 -0.6320
vn -0.8824 -0.1264 -0.4532
vn -0.9474 -0.0801 -0.3098
vn -0.9771 -0.0184 -0.2121
vn -0.9913 0.0538 -0.1200
vn -0.9866 -0.0500 -0.1552
vn -0.9966 0.0142 -0.0810
vn -0.9963 0.0855 -0.0065
vn -0.9879 0.1481 0.0451
vn -0.9912 0.1205 -0.0554
vn -0.9849 0.1713 -0.0267
vn -0.9788 0.1938 0.0662
vn -0.9963 0.0855 -0.0064
vn -0.9705 0.1051 0.2170
vn -0.9553 0.1714 0.2409
vn -0.9439 0.2230 0.2434
vn -0.9075 0.1813 0.3789
vn -0.8995 0.2422 0.3638
vn -0.9200 0.1096 0.3762
vn -0.9814 0.0292 0.1899
vn -0.9235 0.0318 0.3822
vn -0.9867 -0.0504 -0.1548
vn -0.9827 -0.0421 0.1801
vn -0.9090 -0.0423 0.4147
vn -0.9714 -0.0845 -0.2221
vn -0.9839 -0.0821 -0.1585
vn -0.8906 -0.0987 0.4439
vn -0.8879 -0.1105 0.4466
vn -0.9111 -0.1291 -0.3915
vn -0.9736 -0.1020 -0.2042
vn -0.9813 -0.1666 -0.0969
vn -0.9077 -0.1676 -0.3846
vn -0.9621 -0.1341 -0.2375
vn -0.8343 -0.2085 -0.5103
vn -0.7972 -0.1712 -0.5789
vn -0.9076 -0.1684 -0.3846
vn -0.8463 -0.2897 -0.4472
vn -0.9689 -0.2042 -0.1400
vn -0.9256 -0.2613 -0.2737
vn -0.9755 -0.2197 -0.0086
vn -0.8939 -0.1376 0.4267
vn -0.9354 -0.1642 0.3130
vn -0.6441 -0.2233 -0.7316
vn -0.8408 -0.2421 -0.4842
vn -0.6199 -0.3083 -0.7216
vn -0.5301 -0.2794 -0.8006
vn -0.4791 -0.2765 -0.8331
vn -0.2835 -0.2941 -0.9128
vn -0.5731 -0.3239 -0.7528
vn -0.4671 -0.3811 -0.7979
vn -0.6275 -0.3538 -0.6936
vn -0.4648 -0.2615 -0.8459
vn -0.9642 0.2454 0.1001
vn -0.9531 0.2651 0.1457
vn -0.9542 0.2971 0.0357
vn -0.9536 0.2960 0.0546
vn -0.9710 0.2375 -0.0260
vn -0.9528 0.3027 -0.0253
vn -0.9328 0.3127 -0.1791
vn -0.9007 0.3912 -0.1889
vn -0.9726 0.2246 0.0605
vn -0.9765 0.1780 -0.1218
vn -0.9545 0.1047 -0.2791
vn -0.9544 0.1530 -0.2564
vn -0.8498 -0.0601 -0.5237
vn -0.8231 0.0852 -0.5614
vn -0.8535 -0.0615 -0.5174
vn -0.5931 -0.2927 -0.7501
vn -0.8705 0.0037 -0.4921
vn -0.6515 -0.2410 -0.7194
vn -0.2555 -0.4630 -0.8488
vn -0.2661 -0.3485 -0.8988
vn -0.8204 0.1245 -0.5581
vn -0.6033 -0.1064 -0.7903
vn -0.5754 0.0107 -0.8178
vn -0.2788 -0.2258 -0.9334
vn -0.7798 0.2373 -0.5793
vn -0.8939 0.2732 -0.3554
vn -0.8574 0.3577 -0.3699
vn -0.7989 0.2176 -0.5607
vn -0.0076 -0.4457 -0.8951
vn 0.0078 -0.3234 -0.9462
vn 0.1489 -0.4756 -0.8670
vn 0.1623 -0.3617 -0.9181
vn 0.2173 -0.5997 -0.7701
vn 0.2341 -0.4837 -0.8434
vn 0.2507 -0.3706 -0.8943
vn 0.2740 -0.6286 -0.7279
vn 0.2928 -0.5120 -0.8075
vn 0.3235 -0.4194 -0.8482
vn 0.3561 -0.6429 -0.6782
vn 0.3588 -0.5726 -0.7372
vn 0.4064 -0.6621 -0.6296
vn 0.3791 -0.6857 -0.6214
vn 0.3568 -0.6857 -0.6344
vn 0.4014 -0.6913 -0.6008
vn 0.3964 -0.6631 -0.6349
vn 0.4045 -0.6962 -0.5930
vn 0.4407 -0.6724 -0.5947
vn 0.4558 -0.6957 -0.5552
vn 0.3979 -0.5009 -0.7686
vn 0.4698 -0.6066 -0.6413
vn 0.5917 -0.6611 -0.4614
vn 0.6494 -0.6901 -0.3195
vn 0.6849 -0.5791 -0.4421
vn 0.7465 -0.6089 -0.2683
vn 0.5382 -0.5198 -0.6634
vn 0.5965 -0.4273 -0.6794
vn 0.7639 -0.4842 -0.4266
vn 0.8328 -0.5071 -0.2221
vn 0.6245 -0.3621 -0.6920
vn 0.8085 -0.4199 -0.4123
vn 0.8841 -0.4330 -0.1759
vn 0.5870 -0.4265 -0.6881
vn 0.4723 -0.4790 -0.7400
vn 0.5382 -0.5198 -0.6635
vn 0.6108 -0.3581 -0.7062
vn 0.4131 -0.5711 -0.7094
vn 0.4684 -0.6101 -0.6390
vn -0.3294 0.3420 0.8800
vn -0.2966 0.4083 0.8633
vn -0.2259 0.3359 0.9144
vn -0.1875 0.3940 0.8998
vn -0.0681 0.3344 0.9400
vn -0.0134 0.3741 0.9273
vn -0.1219 0.4634 0.8777
vn 0.0733 0.4264 0.9016
vn -0.2405 0.4874 0.8394
vn -0.3059 0.5094 0.8044
vn 0.3909 0.3381 0.8561
vn 0.2801 0.3229 0.9041
vn 0.7478 0.1699 0.6418
vn 0.6582 0.2066 0.7239
vn 0.5614 0.2340 0.7937
vn 0.5725 0.2306 0.7868
vn 0.8324 0.1293 0.5389
vn 0.6578 0.2078 0.7240
vn 0.8906 0.0733 0.4489
vn 0.9321 0.0102 0.3620
vn 0.7479 0.1698 0.6418
vn 0.3073 -0.3027 0.9022
vn 0.2566 -0.2872 0.9229
vn 0.0887 -0.2311 0.9689
vn 0.3115 -0.3288 0.8916
vn 0.4842 -0.3628 0.7962
vn 0.5864 -0.4023 0.7030
vn -0.3249 -0.1320 0.9365
vn -0.5279 0.0047 0.8493
vn -0.5235 -0.0183 0.8518
vn -0.1528 -0.2938 0.9436
vn 0.6477 -0.4055 0.6450
vn 0.3959 -0.4749 0.7860
vn 0.1562 -0.5013 0.8511
vn -0.9767 0.2102 0.0437
vn -0.9687 0.2125 0.1285
vn -0.9606 0.2320 0.1531
vn -0.9486 0.2946 -0.1153
vn -0.9165 0.2005 0.3462
vn -0.9123 0.3293 -0.2435
vn -0.8600 0.3511 -0.3704
vn -0.9407 0.2507 0.2286
vn -0.9319 0.3286 -0.1535
vn -0.9147 0.3561 -0.1912
vn -0.7801 0.3767 -0.4995
vn -0.9314 0.3130 -0.1857
vn -0.8591 0.3532 -0.3705
vn -0.8294 0.4031 -0.3868
vn -0.6643 0.3991 -0.6320
vn -0.9375 0.3303 0.1099
vn -0.9270 0.3748 0.0158
vn -0.9039 0.3132 0.2912
vn -0.8894 0.4385 0.1291
vn -0.8990 0.3983 0.1819
vn -0.7311 0.4857 -0.4791
vn -0.7064 0.4524 -0.5443
vn -0.8178 0.5737 -0.0450
vn -0.8483 0.5293 0.0121
vn -0.5781 0.5284 -0.6218
vn -0.5381 0.4809 -0.6923
vn -0.5506 0.4074 -0.7286
vn -0.4110 0.4317 -0.8029
vn -0.4145 0.5024 -0.7588
vn -0.4538 0.5502 -0.7010
vn -0.5248 0.6760 -0.5174
vn -0.3379 0.5136 -0.7887
vn -0.7070 0.6799 -0.1947
vn -0.7457 0.6493 -0.1495
vn -0.5751 0.7514 -0.3234
vn -0.4137 0.7836 -0.4634
vn -0.4139 0.7047 -0.5762
vn -0.2984 0.5487 -0.7810
vn -0.2194 0.6145 -0.7578
vn -0.2419 0.5909 -0.7696
vn -0.2517 0.5542 -0.7934
vn -0.2043 0.5194 -0.8297
vn -0.2461 0.4866 -0.8383
vn -0.0682 0.6187 -0.7827
vn -0.0799 0.6851 -0.7241
vn -0.0061 0.5674 -0.8234
vn 0.0344 0.5802 -0.8138
vn 0.1720 0.6096 -0.7738
vn -0.1159 0.6268 -0.7705
vn -0.2045 0.5639 -0.8002
vn -0.2524 0.5599 -0.7892
vn -0.3077 0.5397 -0.7836
vn -0.3259 0.7536 -0.5709
vn -0.3936 0.7128 -0.5805
vn -0.1958 0.8400 -0.5060
vn -0.0398 0.7372 -0.6745
vn -0.1053 0.9226 -0.3711
vn -0.1396 0.9902 0.0056
vn -0.2409 0.9647 -0.1064
vn -0.1260 0.9646 0.2316
vn -0.2236 0.9538 0.2009
vn -0.3893 0.8991 -0.1999
vn -0.3927 0.9087 0.1414
vn -0.4725 0.8532 -0.2209
vn -0.4774 0.8664 0.1461
vn -0.4754 0.8656 0.1573
vn -0.3939 0.9079 0.1436
vn -0.3584 0.8684 0.3426
vn -0.4221 0.8198 0.3870
vn -0.3458 0.9284 0.1360
vn -0.2262 0.9217 0.3150
vn -0.2999 0.8804 0.3674
vn -0.1893 0.9304 0.3140
vn -0.2019 0.9591 0.1985
vn -0.1249 0.9655 0.2285
vn -0.1411 0.9390 0.3137
vn -0.1520 0.9301 0.3343
vn -0.1798 0.9451 0.2729
vn -0.2735 0.9091 0.3141
vn -0.3002 0.8946 0.3309
vn -0.3337 0.8613 0.3831
vn -0.3001 0.8801 0.3679
vn -0.3787 0.8157 0.4372
vn -0.3428 0.9079 0.2414
vn -0.4089 0.8695 0.2771
vn -0.3360 0.9324 0.1330
vn -0.4317 0.8896 0.1490
vn -0.5257 0.8185 0.2317
vn -0.4807 0.8019 0.3548
vn -0.4254 0.7420 0.5181
vn -0.6442 0.6853 0.3398
vn -0.5748 0.6743 0.4636
vn -0.4876 0.6166 0.6181
vn -0.5000 0.5968 0.6276
vn -0.4483 0.7203 0.5294
vn -0.5384 0.4129 0.7346
vn -0.5631 0.4498 0.6932
vn -0.6270 0.3505 0.6957
vn -0.6447 0.3324 0.6884
vn -0.6885 0.4966 0.5285
vn -0.8151 0.3265 0.4785
vn -0.5558 0.4544 0.6961
vn -0.7745 0.5027 0.3840
vn -0.9013 0.3089 0.3037
vn -0.8725 0.2409 0.4251
vn -0.7890 0.2476 0.5623
vn -0.9919 0.0537 -0.1154
vn -0.9561 0.1855 0.2269
vn -0.8234 0.2318 0.5179
vn -0.8360 0.2502 0.4884
vn -0.6891 0.2826 0.6673
vn -0.8351 0.2129 0.5071
vn -0.8338 0.3241 0.4469
vn -0.7166 0.3316 0.6136
vn -0.9373 0.3243 0.1277
vn -0.8156 0.3456 0.4641
vn -0.8495 0.2218 0.4787
vn -0.9857 0.1453 -0.0852
vn -0.9608 0.2728 0.0493
vn -0.9513 0.3058 -0.0393
vn -0.8461 0.4002 0.3521
vn -0.9302 0.3600 -0.0711
vn -0.9161 0.3999 0.0276
vn -0.8645 0.4743 0.1665
vn -0.8333 0.4922 0.2515
vn -0.7655 0.4060 0.4992
vn -0.7934 0.5311 0.2973
vn -0.6897 0.4340 0.5797
vn -0.8670 0.4939 -0.0669
vn -0.8408 0.5304 -0.1083
vn -0.8333 0.4923 0.2514
vn -0.8668 0.4695 0.1678
vn -0.8058 0.5737 -0.1470
vn -0.7935 0.5311 0.2972
vn -0.8373 0.4700 -0.2795
vn -0.7565 0.4744 -0.4502
vn -0.6824 0.4902 -0.5422
vn -0.9041 0.3896 -0.1757
vn -0.8316 0.4706 -0.2949
vn -0.8696 0.4897 -0.0639
vn -0.9116 0.4111 0.0023
vn -0.9308 0.3531 -0.0945
vn -0.9251 0.3576 -0.1280
vn -0.9164 0.3334 -0.2213
vn -0.9302 0.2908 -0.2238
vn -0.9067 0.3351 -0.2561
vn -0.8124 0.4311 -0.3927
vn -0.9340 0.2845 -0.2162
vn -0.7897 0.4016 -0.4638
vn -0.7985 0.3948 -0.4546
vn -0.7142 0.4026 -0.5725
vn -0.8039 0.4385 -0.4019
vn -0.6023 0.4070 -0.6867
vn -0.8436 0.3575 -0.4007
vn -0.8428 0.3612 -0.3991
vn -0.9622 0.2405 -0.1274
vn 0.7289 -0.5694 0.3802
vn 0.6520 -0.5512 0.5207
vn 0.6664 -0.6267 0.4040
vn 0.7517 -0.6185 0.2289
vn 0.7606 -0.5016 0.4121
vn 0.7391 -0.4703 0.4823
vn 0.7222 -0.4300 0.5419
vn 0.8058 -0.5385 0.2464
vn 0.7934 -0.6077 0.0345
vn 0.7607 -0.6433 0.0865
vn 0.7435 -0.4643 0.4814
vn 0.7651 -0.4971 0.4093
vn 0.6990 -0.4550 0.5518
vn 0.8055 -0.5389 0.2466
vn 0.7653 -0.5261 0.3708
vn 0.7114 -0.5332 0.4578
vn 0.6139 -0.4697 0.6345
vn 0.5681 -0.4171 0.7095
vn 0.7027 -0.4397 0.5594
vn 0.6284 -0.3985 0.6680
vn 0.6586 -0.4032 0.6354
vn 0.4657 -0.3614 0.8078
vn 0.4772 -0.3601 0.8016
vn 0.5901 -0.3610 0.7221
vn 0.4826 -0.4193 0.7689
vn 0.3854 -0.3576 0.8506
vn 0.3714 -0.4074 0.8343
vn 0.4551 -0.4899 0.7436
vn 0.3857 -0.5256 0.7583
vn 0.3097 -0.4284 0.8489
vn 0.2959 -0.4737 0.8295
vn 0.2581 -0.4127 0.8735
vn 0.3354 -0.5692 0.7507
vn 0.5639 -0.6116 0.5549
vn 0.4826 -0.6693 0.5648
vn 0.4148 -0.7128 0.5655
vn 0.5397 -0.4793 0.6921
vn 0.6440 -0.5614 0.5197
vn 0.8030 -0.5814 0.1311
vn 0.7527 -0.6349 0.1740
vn 0.6700 -0.7127 0.2079
vn 0.7930 -0.5464 -0.2693
vn 0.7470 -0.6111 -0.2617
vn 0.6709 -0.7092 -0.2169
vn 0.5748 -0.8021 -0.1620
vn 0.5709 -0.7893 0.2261
vn 0.4861 -0.8431 0.2301
vn 0.4906 -0.8621 -0.1267
vn 0.6708 -0.7092 -0.2169
vn 0.5867 -0.6366 -0.5006
vn 0.5132 -0.7490 -0.4191
vn 0.5747 -0.8021 -0.1621
vn 0.4466 -0.8221 -0.3532
vn 0.4836 -0.5928 -0.6440
vn 0.4340 -0.7121 -0.5518
vn 0.3879 -0.7875 -0.4789
vn 0.6505 -0.5234 -0.5504
vn 0.5687 -0.4649 -0.6785
vn 0.7470 -0.6111 -0.2618
vn 0.7951 -0.5434 -0.2693
vn 0.7054 -0.4551 -0.5433
vn 0.6246 -0.3869 -0.6784
vn 0.5647 -0.3426 -0.7508
vn 0.5094 -0.4344 -0.7428
vn 0.5137 -0.3117 -0.7993
vn 0.4508 -0.4125 -0.7916
vn 0.4149 -0.5622 -0.7154
vn 0.3693 -0.6859 -0.6270
vn 0.3408 -0.7587 -0.5553
vn 0.3633 -0.6850 -0.6314
vn 0.4043 -0.5582 -0.7245
vn 0.2827 -0.4820 -0.8293
vn 0.2704 -0.6062 -0.7480
vn 0.3549 -0.7749 -0.5231
vn 0.2762 -0.6937 -0.6652
vn 0.1968 -0.5234 -0.8290
vn 0.2100 -0.5970 -0.7742
vn 0.1918 -0.4065 -0.8933
vn 0.4441 -0.4169 -0.7931
vn 0.3032 -0.3534 -0.8850
vn 0.1914 -0.2954 -0.9360
vn 0.4596 -0.2970 -0.8370
vn 0.4264 -0.2796 -0.8602
vn 0.4797 -0.2389 -0.8443
vn 0.4577 -0.2442 -0.8549
vn 0.6561 -0.3021 -0.6916
vn 0.6630 -0.2858 -0.6919
vn 0.6975 -0.3007 -0.6504
vn 0.6970 -0.3092 -0.6470
vn 0.7669 -0.3836 -0.5145
vn 0.7083 -0.3659 -0.6037
vn 0.6527 -0.3144 -0.6893
vn 0.7456 -0.3884 -0.5415
vn 0.8069 -0.4540 -0.3779
vn 0.7866 -0.3850 -0.4827
vn 0.7892 -0.4636 -0.4027
vn 0.7888 -0.5152 -0.3353
vn 0.7907 -0.5634 -0.2395
vn 0.7445 -0.6176 -0.2537
vn 0.8359 -0.5177 -0.1825
vn 0.8261 -0.5230 -0.2099
vn 0.8330 -0.5529 0.0188
vn 0.7849 -0.5723 -0.2374
vn 0.7630 -0.6342 -0.1248
vn 0.7427 -0.6099 -0.2763
vn 0.8295 -0.5522 0.0834
vn 0.8213 -0.5172 -0.2407
vn 0.7280 -0.6260 -0.2794
vn 0.8176 -0.4534 -0.3550
vn 0.3145 -0.7922 -0.5230
vn 0.2813 -0.7032 -0.6530
vn 0.3400 -0.7723 -0.5366
vn 0.3233 -0.7920 -0.5180
vn 0.3984 -0.7684 -0.5008
vn 0.4589 -0.7270 -0.5108
vn 0.4557 -0.7947 -0.4009
vn 0.5230 -0.7528 -0.3996
vn 0.3740 -0.8292 -0.4154
vn 0.2997 -0.7841 -0.5435
vn 0.4094 -0.8569 -0.3132
vn 0.4992 -0.8215 -0.2755
vn 0.4404 -0.8907 -0.1127
vn 0.5211 -0.8512 -0.0623
vn 0.4415 -0.8902 -0.1119
vn 0.4363 -0.8698 0.2305
vn 0.5469 -0.8358 -0.0478
vn 0.5148 -0.8031 0.3000
vn 0.3732 -0.7252 0.5787
vn 0.4305 -0.6380 0.6384
vn 0.6052 -0.7443 0.2824
vn 0.5138 -0.5569 0.6526
vn 0.6174 -0.7847 -0.0550
vn 0.5753 -0.7735 -0.2658
vn 0.6076 -0.7919 -0.0608
vn 0.3542 -0.4571 0.8159
vn 0.4302 -0.3640 0.8261
vn 0.3419 -0.3944 0.8530
vn 0.4438 -0.3247 0.8353
vn 0.4387 -0.3275 0.8369
vn 0.2654 -0.4089 0.8731
vn 0.3729 -0.2969 0.8791
vn 0.2971 -0.5487 0.7814
vn 0.1771 -0.3381 0.9243
vn 0.1946 -0.3615 0.9118
vn 0.1999 -0.3206 0.9259
vn 0.1470 -0.2907 0.9455
vn 0.2365 -0.2887 0.9277
vn 0.1415 -0.2657 0.9536
vn 0.1730 -0.3291 0.9283
vn -0.0295 -0.1242 0.9918
vn -0.1561 0.0314 0.9872
vn 0.3673 -0.2156 0.9048
vn 0.1605 -0.3083 0.9376
vn -0.1084 -0.0958 0.9895
vn -0.2677 0.0638 0.9614
vn -0.3927 0.0721 0.9168
vn -0.3636 0.0737 0.9286
vn 0.1309 -0.2702 0.9539
vn 0.0561 -0.2221 0.9734
vn 0.1790 -0.2709 0.9458
vn 0.0692 -0.2177 0.9736
vn -0.4673 0.0576 0.8822
vn -0.4444 0.0642 0.8935
vn 0.2182 -0.2751 0.9363
vn 0.0729 -0.2160 0.9737
vn -0.5144 0.0347 0.8569
vn -0.5049 0.0408 0.8622
vn 0.1931 -0.2791 0.9407
vn 0.3109 -0.3815 0.8705
vn 0.2353 -0.2830 0.9298
vn 0.2767 -0.4221 0.8633
vn 0.2230 -0.2711 0.9364
vn -0.4903 0.4147 -0.7666
vn -0.4373 0.4811 -0.7598
vn -0.5217 0.4708 -0.7115
vn -0.6314 0.5548 -0.5418
vn -0.5502 0.6052 -0.5754
vn -0.3693 0.5119 -0.7756
vn -0.4686 0.6640 -0.5827
vn -0.5665 0.7929 -0.2246
vn -0.6683 0.7137 -0.2097
vn -0.5711 0.8005 0.1819
vn -0.6687 0.7034 0.2409
vn -0.7529 0.6339 -0.1769
vn -0.7444 0.6013 0.2904
vn -0.7444 0.6013 0.2905
vn -0.6380 0.5043 0.5819
vn -0.6687 0.7034 0.2410
vn -0.5803 0.6233 0.5241
vn -0.5102 0.7403 0.4378
vn -0.5720 0.7997 0.1826
vn -0.7517 0.0094 0.6594
vn -0.7422 0.0182 0.6700
vn -0.8072 0.0371 0.5891
vn -0.7749 -0.0083 0.6320
vn -0.7862 0.0127 0.6179
vn -0.5227 -0.0480 0.8512
vn -0.6037 -0.0155 0.7970
vn -0.6739 -0.0247 0.7384
vn -0.8716 -0.0270 0.4894
vn -0.9973 0.0670 0.0285
vn -0.9932 0.0253 0.1136
vn -0.9093 -0.0727 0.4098
vn -0.9939 0.1024 0.0418
vn -0.9954 0.0912 0.0288
vn -0.5621 -0.0648 0.8245
vn -0.6521 -0.1583 0.7414
vn -0.8368 -0.1203 0.5341
vn -0.0625 0.0108 -0.9980
vn -0.0232 0.0241 -0.9994
vn -0.1559 0.0882 -0.9838
vn 0.0545 0.0369 -0.9978
vn -0.4052 0.0567 -0.9125
vn 0.2337 0.0388 -0.9715
vn 0.3409 0.0391 -0.9393
vn 0.2390 0.0420 -0.9701
vn 0.1719 0.0458 -0.9840
vn 0.2800 0.0748 -0.9571
vn 0.2184 0.0286 -0.9754
vn 0.3316 0.0370 -0.9427
vn 0.4025 0.0500 -0.9141
vn 0.4937 0.0533 -0.8680
vn 0.1553 0.0577 -0.9862
vn 0.3175 0.0679 -0.9458
vn -0.3904 0.1048 -0.9147
vn -0.3642 0.1154 -0.9241
vn -0.2355 0.1487 -0.9604
vn -0.2655 0.1426 -0.9535
vn -0.0716 0.1824 -0.9806
vn 0.1483 0.1270 -0.9808
vn 0.4779 0.0537 -0.8768
vn 0.0653 0.2162 -0.9742
vn 0.2600 0.1446 -0.9547
vn 0.5357 0.0490 -0.8430
vn 0.5462 0.0468 -0.8363
vn 0.5910 0.0463 -0.8053
vn 0.5839 0.0451 -0.8106
vn 0.6286 0.0442 -0.7765
vn 0.6225 0.0381 -0.7817
vn 0.6696 0.0227 -0.7424
vn 0.3498 0.1609 -0.9229
vn 0.4210 0.1748 -0.8901
vn 0.1743 0.2484 -0.9528
vn 0.2747 0.2803 -0.9198
vn 0.3983 0.3071 -0.8643
vn 0.4877 0.1944 -0.8511
vn 0.6497 0.0393 -0.7592
vn 0.6638 0.1245 -0.7375
vn 0.6584 0.0988 -0.7461
vn 0.6699 0.0582 -0.7402
vn 0.7053 0.0488 -0.7072
vn 0.6945 0.0299 -0.7189
vn 0.7238 0.1763 -0.6671
vn 0.7044 0.2726 -0.6553
vn 0.7796 0.1653 -0.6040
vn 0.8089 0.2196 -0.5454
vn 0.7468 0.1750 -0.6415
vn 0.7028 0.0929 -0.7053
vn 0.7605 0.2654 -0.5926
vn 0.6602 0.0829 -0.7465
vn 0.5876 0.2024 -0.7834
vn 0.5518 0.1709 -0.8163
vn 0.3553 0.3815 -0.8533
vn 0.3516 0.3236 -0.8784
vn 0.6310 0.3109 -0.7108
vn 0.3858 0.5032 -0.7732
vn 0.6349 0.4072 -0.6566
vn 0.3808 0.5947 -0.7081
vn 0.1040 0.7306 -0.6749
vn 0.0818 0.6632 -0.7440
vn 0.0409 0.5485 -0.8351
vn -0.0779 0.7975 -0.5983
vn -0.1371 0.7371 -0.6617
vn -0.2291 0.6314 -0.7408
vn 0.0241 0.4945 -0.8689
vn -0.2741 0.6102 -0.7433
vn -0.2759 0.6133 -0.7401
vn -0.1965 0.6574 -0.7274
vn -0.3486 0.6950 -0.6289
vn -0.4223 0.6742 -0.6059
vn -0.2315 0.7729 -0.5908
vn -0.3673 0.7532 -0.5457
vn -0.4635 0.7186 -0.5185
vn -0.3094 0.7623 -0.5685
vn -0.1923 0.8192 -0.5404
vn -0.1225 0.7440 -0.6568
vn -0.0759 0.7967 -0.5995
vn -0.1591 0.8208 -0.5486
vn -0.1538 0.8437 -0.5143
vn -0.1624 0.8198 -0.5491
vn -0.2319 0.7888 -0.5692
vn -0.2711 0.7768 -0.5684
vn -0.3065 0.7816 -0.5433
vn -0.3388 0.7726 -0.5369
vn -0.4549 0.7445 -0.4887
vn -0.4150 0.7552 -0.5075
vn -0.2318 0.7405 -0.6309
vn -0.3053 0.7111 -0.6334
vn -0.1496 0.7121 -0.6860
vn -0.2170 0.6621 -0.7173
vn -0.3234 0.6180 -0.7166
vn -0.4159 0.6794 -0.6045
vn -0.5267 0.7231 -0.4469
vn -0.4593 0.5245 -0.7169
vn -0.5679 0.5975 -0.5661
vn -0.6771 0.6403 -0.3627
vn -0.7095 0.6280 -0.3199
vn -0.5668 0.7100 -0.4179
vn -0.7069 0.6066 -0.3639
vn -0.5757 0.6801 -0.4539
vn -0.8512 0.4703 -0.2329
vn -0.7995 0.5124 -0.3134
vn -0.8137 0.4386 -0.3814
vn -0.8556 0.4053 -0.3220
vn -0.8331 0.3768 -0.4049
vn -0.6783 0.4483 -0.5822
vn -0.6215 0.2807 -0.7314
vn -0.8118 0.3777 -0.4453
vn -0.8059 0.5030 -0.3123
vn -0.5270 0.3605 -0.7697
vn -0.4178 0.1741 -0.8917
vn -0.4490 0.2084 -0.8689
vn -0.3646 0.1284 -0.9223
vn -0.7618 0.2785 -0.5849
vn -0.5177 0.1760 -0.8373
vn -0.5120 0.2159 -0.8314
vn -0.7775 0.3302 -0.5353
vn -0.7478 0.2741 -0.6047
vn -0.6017 0.2008 -0.7731
vn -0.4367 0.2805 -0.8548
vn -0.7007 0.3796 -0.6040
vn -0.2760 0.1954 -0.9411
vn -0.1618 0.1666 -0.9727
vn -0.0691 0.0894 -0.9936
vn 0.0553 0.0167 -0.9983
vn -0.3464 0.3311 -0.8777
vn -0.1759 0.2451 -0.9534
vn -0.1976 0.3303 -0.9229
vn -0.2073 0.3408 -0.9170
vn -0.3417 0.4062 -0.8475
vn -0.5571 0.4207 -0.7160
vn -0.3356 0.3353 -0.8803
vn -0.6851 0.4745 -0.5527
vn -0.0627 0.3044 -0.9505
vn -0.0472 0.3270 -0.9439
vn -0.3182 0.3947 -0.8619
vn -0.2016 0.3379 -0.9193
vn -0.4338 0.4651 -0.7717
vn 0.0758 0.2375 -0.9684
vn 0.2358 0.1848 -0.9541
vn 0.2516 0.2323 -0.9395
vn -0.0060 0.1675 -0.9859
vn 0.0835 0.2290 -0.9698
vn -0.0549 0.2823 -0.9577
vn -0.0792 0.2083 -0.9748
vn -0.1951 0.3170 -0.9281
vn -0.0709 0.1192 -0.9903
vn -0.0143 0.0966 -0.9952
vn -0.0156 0.0611 -0.9980
vn 0.0720 0.0838 -0.9939
vn 0.1755 0.1639 -0.9707
vn 0.0322 0.0358 -0.9988
vn 0.2938 0.1029 -0.9503
vn 0.2779 0.1009 -0.9553
vn 0.3901 0.0812 -0.9172
vn 0.1892 0.1691 -0.9673
vn 0.4181 0.1220 -0.9002
vn 0.3175 0.0606 -0.9463
vn 0.3032 0.0602 -0.9510
vn -0.0230 -0.0074 -0.9997
vn -0.2993 -0.2964 0.9069
vn -0.5051 -0.2311 0.8315
vn -0.3949 -0.3397 0.8536
vn -0.1623 -0.4051 0.8998
vn -0.3225 -0.1877 0.9278
vn -0.4400 -0.1125 0.8909
vn -0.1177 -0.2962 0.9479
vn 0.0283 -0.4473 0.8939
vn -0.0349 -0.4742 0.8797
vn -0.2537 -0.2349 0.9383
vn -0.4051 -0.1342 0.9044
vn -0.4102 -0.1225 0.9037
vn -0.4823 -0.0848 0.8719
vn -0.4830 -0.0750 0.8724
vn -0.5728 -0.0412 0.8186
vn -0.4609 -0.1283 0.8781
vn -0.5036 -0.1312 0.8539
vn -0.6086 -0.0450 0.7922
vn -0.6068 -0.0833 0.7904
vn -0.6336 -0.0393 0.7727
vn -0.6676 -0.0137 0.7444
vn -0.5179 -0.1673 0.8389
vn -0.3073 -0.2610 0.9151
vn -0.3298 -0.2961 0.8964
vn 0.0362 -0.3815 0.9237
vn 0.0135 -0.4163 0.9091
vn 0.4125 -0.4601 0.7862
vn 0.4294 -0.5104 0.7451
vn 0.3854 -0.5403 0.7481
vn 0.3301 -0.5679 0.7540
vn -0.0197 -0.4627 0.8863
vn 0.2863 -0.6114 0.7377
vn 0.3842 -0.5412 0.7480
vn 0.6158 -0.5887 0.5237
vn 0.5149 -0.6391 0.5713
vn 0.3226 -0.5756 0.7514
vn 0.4237 -0.6644 0.6157
vn 0.2678 -0.5956 0.7573
vn 0.7002 -0.6094 0.3720
vn 0.5786 -0.6806 0.4495
vn 0.4752 -0.7131 0.5155
vn 0.6784 -0.5266 0.5124
vn 0.7863 -0.5194 0.3345
vn 0.4205 -0.4974 0.7588
vn 0.3089 -0.4182 0.8542
vn 0.6524 -0.4807 0.5858
vn 0.7961 -0.4543 0.3998
vn 0.8668 -0.4240 0.2623
vn 0.8319 -0.5118 0.2144
vn 0.7260 -0.6301 0.2755
vn 0.9112 -0.3906 0.1312
vn 0.8532 -0.5107 0.1061
vn 0.7369 -0.6494 0.1879
vn 0.5960 -0.7446 0.3005
vn 0.5921 -0.7157 0.3704
vn 0.4874 -0.7530 0.4420
vn 0.4946 -0.7791 0.3851
vn 0.5960 -0.7447 0.3005
vn 0.7595 -0.6500 -0.0241
vn 0.6347 -0.7632 0.1214
vn 0.4945 -0.7793 0.3849
vn 0.5468 -0.8031 0.2367
vn 0.6634 -0.7476 -0.0320
vn 0.5834 -0.8029 0.1222
vn 0.7652 -0.6134 -0.1953
vn 0.8603 -0.4933 -0.1288
vn 0.8365 -0.4539 -0.3069
vn 0.9164 -0.3951 0.0647
vn 0.9335 -0.3586 -0.0042
vn 0.9202 -0.3474 0.1801
vn 0.9225 -0.3384 0.1855
vn 0.8310 -0.3667 0.4182
vn 0.8866 -0.3349 0.3192
vn 0.7227 -0.3824 0.5757
vn 0.7271 -0.3620 0.5833
vn 0.5606 -0.3948 0.7280
vn 0.7110 -0.4132 0.5689
vn 0.5251 -0.4717 0.7084
vn 0.4972 -0.3807 0.7797
vn 0.4746 -0.5483 0.6886
vn 0.4044 -0.4259 0.8093
vn 0.3672 -0.4982 0.7854
vn 0.3341 -0.5612 0.7573
vn 0.2454 -0.5014 0.8297
vn 0.2359 -0.5599 0.7943
vn 0.2507 -0.4248 0.8699
vn 0.2452 -0.4307 0.8685
vn 0.0930 -0.3931 0.9148
vn 0.2305 -0.4965 0.8369
vn 0.1371 -0.5393 0.8309
vn 0.0545 -0.3490 0.9355
vn 0.2602 -0.4276 0.8657
vn 0.3111 -0.4269 0.8491
vn 0.5438 -0.4479 0.7097
vn 0.4300 -0.7798 0.4549
vn 0.4934 -0.8101 0.3166
vn 0.5495 -0.7954 0.2557
vn 0.4856 -0.7638 0.4252
vn 0.5448 -0.7337 0.4060
vn 0.4732 -0.7038 0.5300
vn 0.5199 -0.6536 0.5500
vn 0.4392 -0.6407 0.6298
vn 0.4741 -0.5768 0.6652
vn 0.4134 -0.7204 0.5568
vn 0.3642 -0.6672 0.6498
vn 0.3845 -0.5780 0.7198
vn 0.2348 -0.6004 0.7644
vn 0.2224 -0.5804 0.7834
vn 0.2429 -0.5965 0.7650
vn 0.0106 -0.3947 0.9188
vn 0.2559 -0.5134 0.8191
vn -0.3032 -0.2220 0.9267
vn 0.0637 -0.3101 0.9486
vn -0.2494 -0.1360 0.9588
vn 0.2973 -0.4372 0.8488
vn 0.2616 -0.4821 0.8361
vn 0.4125 -0.5003 0.7613
vn 0.3030 -0.4087 0.8609
vn -0.5316 -0.0599 0.8449
vn -0.4943 0.0412 0.8683
vn -0.6257 0.1040 0.7731
vn -0.5625 0.1471 0.8136
vn -0.6509 -0.0378 0.7582
vn -0.6050 0.1973 0.7714
vn -0.7019 0.0748 0.7084
vn -0.6555 0.1902 0.7309
vn -0.6180 0.2619 0.7413
vn -0.7391 0.0909 0.6675
vn -0.7402 0.1155 0.6624
vn -0.7079 0.3121 0.6336
vn -0.7382 0.1232 0.6633
vn -0.7670 0.2436 0.5936
vn -0.8106 0.2637 0.5228
vn -0.7403 0.0915 0.6660
vn -0.8392 0.2242 0.4955
vn -0.8295 0.3646 0.4231
vn -0.8767 0.3196 0.3595
vn -0.6574 0.2812 0.6992
vn -0.7331 0.0678 0.6768
vn -0.8555 0.1852 0.4835
vn -0.9072 0.2686 0.3237
vn -0.8674 0.1468 0.4755
vn -0.9333 0.2208 0.2832
vn -0.7882 0.0811 0.6100
vn -0.8942 0.1140 0.4328
vn -0.9598 0.1775 0.2172
vn -0.7258 0.0276 0.6874
vn -0.7769 0.0494 0.6277
vn -0.9862 0.1320 0.0998
vn -0.9828 0.1395 0.1214
vn -0.7298 0.0310 0.6829
vn -0.6564 0.0095 0.7543
vn -0.6771 0.0220 0.7356
vn -0.7349 0.0710 0.6744
vn 0.4763 0.1158 -0.8716
vn 0.5189 0.1235 -0.8458
vn 0.2945 0.2305 -0.9274
vn 0.3288 0.2506 -0.9106
vn 0.5514 0.1369 -0.8230
vn 0.3466 0.2829 -0.8943
vn 0.0098 0.4552 -0.8903
vn -0.0088 0.4154 -0.9096
vn -0.3382 0.5827 -0.7390
vn -0.4067 0.5457 -0.7327
vn -0.0273 0.3774 -0.9256
vn -0.4468 0.5001 -0.7418
vn -0.4464 0.4993 -0.7426
vn -0.7091 0.5232 -0.4726
vn -0.4068 0.5457 -0.7326
vn -0.6391 0.5878 -0.4960
vn -0.5271 0.6420 -0.5567
vn -0.3382 0.5827 -0.7389
vt 0.600298 0.227323
vt 0.603878 0.219206
vt 0.599229 0.232161
vt 0.594634 0.243420
vt 0.599061 0.233355
vt 0.595447 0.242678
vt 0.604137 0.219274
vt 0.593592 0.242279
vt 0.593078 0.248037
vt 0.690761 0.646946
vt 0.690801 0.640479
vt 0.691678 0.647305
vt 0.690951 0.630913
vt 0.692360 0.631276
vt 0.692708 0.639622
vt 0.693016 0.617938
vt 0.694704 0.630543
vt 0.222042 0.479507
vt 0.212625 0.467040
vt 0.220420 0.472785
vt 0.231753 0.487326
vt 0.692893 0.609875
vt 0.694940 0.602386
vt 0.691776 0.616032
vt 0.693468 0.597238
vt 0.696400 0.576084
vt 0.697020 0.577939
vt 0.698050 0.583544
vt 0.700904 0.554926
vt 0.701544 0.557178
vt 0.197102 0.448289
vt 0.185307 0.430949
vt 0.191071 0.434383
vt 0.201725 0.451430
vt 0.200335 0.439907
vt 0.209229 0.456530
vt 0.218455 0.462692
vt 0.211717 0.446578
vt 0.192940 0.422737
vt 0.206016 0.428864
vt 0.182338 0.417660
vt 0.176645 0.402785
vt 0.187766 0.406640
vt 0.201656 0.411219
vt 0.175722 0.414476
vt 0.169617 0.400110
vt 0.707030 0.536162
vt 0.707612 0.538613
vt 0.173449 0.413401
vt 0.167155 0.399115
vt 0.165580 0.387742
vt 0.168025 0.388853
vt 0.174668 0.391169
vt 0.169605 0.379693
vt 0.171971 0.381509
vt 0.183339 0.383226
vt 0.185040 0.393165
vt 0.198680 0.395467
vt 0.196569 0.383182
vt 0.179604 0.375073
vt 0.194144 0.373127
vt 0.211189 0.372896
vt 0.212637 0.384340
vt 0.228029 0.373405
vt 0.228646 0.385856
vt 0.214316 0.398365
vt 0.229483 0.401104
vt 0.216663 0.415992
vt 0.230683 0.420077
vt 0.242050 0.402884
vt 0.242021 0.422678
vt 0.242249 0.379068
vt 0.252276 0.403575
vt 0.251085 0.423684
vt 0.253892 0.378874
vt 0.242383 0.373828
vt 0.254354 0.374012
vt 0.264643 0.373961
vt 0.263897 0.378639
vt 0.273950 0.373682
vt 0.273210 0.376794
vt 0.270591 0.392522
vt 0.261014 0.403219
vt 0.258802 0.423153
vt 0.266103 0.421147
vt 0.277155 0.399673
vt 0.273641 0.417856
vt 0.279961 0.385157
vt 0.685394 0.191116
vt 0.685580 0.204708
vt 0.672801 0.202876
vt 0.686031 0.215281
vt 0.672082 0.219528
vt 0.281853 0.376262
vt 0.289365 0.376523
vt 0.287345 0.384479
vt 0.282714 0.373363
vt 0.290336 0.373922
vt 0.296020 0.376453
vt 0.294910 0.378634
vt 0.671575 0.225412
vt 0.659408 0.227540
vt 0.651131 0.226383
vt 0.299223 0.382031
vt 0.297955 0.383588
vt 0.661907 0.196642
vt 0.647429 0.220621
vt 0.647886 0.210472
vt 0.299600 0.391433
vt 0.298196 0.392460
vt 0.297330 0.404272
vt 0.295900 0.405078
vt 0.292761 0.419755
vt 0.291376 0.420581
vt 0.652097 0.196780
vt 0.657138 0.193760
vt 0.286385 0.436612
vt 0.285113 0.437510
vt 0.282051 0.440295
vt 0.288033 0.423158
vt 0.670472 0.173219
vt 0.663650 0.178149
vt 0.678945 0.167159
vt 0.675218 0.182342
vt 0.271239 0.461042
vt 0.277371 0.444822
vt 0.278723 0.453324
vt 0.684367 0.152890
vt 0.677614 0.158133
vt 0.261474 0.479142
vt 0.266433 0.466104
vt 0.267535 0.472327
vt 0.270244 0.469522
vt 0.278816 0.453469
vt 0.271006 0.468994
vt 0.263917 0.481998
vt 0.262936 0.482426
vt 0.258203 0.491822
vt 0.258585 0.490491
vt 0.256645 0.492832
vt 0.260245 0.485538
vt 0.703575 0.653202
vt 0.712703 0.650683
vt 0.717493 0.650407
vt 0.705206 0.654169
vt 0.257228 0.489191
vt 0.700764 0.654737
vt 0.254739 0.496901
vt 0.251813 0.501671
vt 0.252254 0.500397
vt 0.699110 0.655320
vt 0.696590 0.655309
vt 0.697202 0.654489
vt 0.695176 0.654932
vt 0.698768 0.652551
vt 0.704672 0.650294
vt 0.711204 0.646410
vt 0.716369 0.646867
vt 0.722263 0.646964
vt 0.701925 0.649536
vt 0.249536 0.495759
vt 0.253876 0.486486
vt 0.251777 0.494465
vt 0.695388 0.649547
vt 0.699893 0.648129
vt 0.247307 0.496101
vt 0.246334 0.488626
vt 0.693221 0.651793
vt 0.694101 0.654396
vt 0.693187 0.653709
vt 0.692406 0.652827
vt 0.691730 0.651710
vt 0.697039 0.642108
vt 0.698341 0.645758
vt 0.241339 0.493774
vt 0.236379 0.483776
vt 0.244703 0.495453
vt 0.693416 0.644203
vt 0.695812 0.636967
vt 0.236950 0.491046
vt 0.236727 0.495136
vt 0.240415 0.497802
vt 0.691153 0.650108
vt 0.591171 0.249712
vt 0.591589 0.250636
vt 0.590607 0.251733
vt 0.589089 0.251425
vt 0.589815 0.252391
vt 0.589961 0.247807
vt 0.589127 0.252840
vt 0.588400 0.244251
vt 0.592424 0.239043
vt 0.587457 0.237327
vt 0.593541 0.229317
vt 0.600051 0.218613
vt 0.597373 0.212152
vt 0.603142 0.203018
vt 0.592187 0.219943
vt 0.598417 0.195677
vt 0.605763 0.185223
vt 0.591772 0.204655
vt 0.590494 0.186099
vt 0.598577 0.176860
vt 0.607421 0.166225
vt 0.598050 0.157505
vt 0.608111 0.147734
vt 0.588653 0.166269
vt 0.586575 0.210843
vt 0.584080 0.192609
vt 0.581072 0.172661
vt 0.582487 0.214287
vt 0.579008 0.196439
vt 0.574621 0.174639
vt 0.588165 0.225248
vt 0.585006 0.228111
vt 0.584568 0.238606
vt 0.582192 0.228869
vt 0.578900 0.215377
vt 0.582317 0.237770
vt 0.579205 0.227862
vt 0.663209 0.516305
vt 0.659569 0.511644
vt 0.661197 0.494996
vt 0.665975 0.500454
vt 0.666828 0.470453
vt 0.671715 0.480405
vt 0.574640 0.197983
vt 0.569937 0.178761
vt 0.679290 0.458483
vt 0.655341 0.487334
vt 0.659182 0.461798
vt 0.648999 0.478541
vt 0.650996 0.450646
vt 0.655155 0.504975
vt 0.647609 0.492638
vt 0.660116 0.524462
vt 0.656882 0.519298
vt 0.653344 0.513155
vt 0.649794 0.508248
vt 0.642704 0.461899
vt 0.635849 0.461488
vt 0.636256 0.431221
vt 0.645339 0.420584
vt 0.632088 0.438092
vt 0.631816 0.419977
vt 0.630607 0.436663
vt 0.630146 0.418499
vt 0.633643 0.457264
vt 0.639635 0.479713
vt 0.638621 0.478542
vt 0.645306 0.499272
vt 0.644549 0.498613
vt 0.655334 0.527334
vt 0.650801 0.515537
vt 0.650406 0.515735
vt 0.663092 0.543055
vt 0.656801 0.525782
vt 0.660660 0.539154
vt 0.661569 0.542444
vt 0.659090 0.537512
vt 0.655428 0.528876
vt 0.663218 0.544820
vt 0.664398 0.544385
vt 0.664378 0.545835
vt 0.661818 0.538265
vt 0.663494 0.540421
vt 0.586325 0.249451
vt 0.588112 0.252201
vt 0.587420 0.252236
vt 0.665469 0.545247
vt 0.665337 0.546497
vt 0.588509 0.253105
vt 0.585631 0.245100
vt 0.585140 0.248779
vt 0.582797 0.243500
vt 0.579641 0.235841
vt 0.659456 0.530362
vt 0.580673 0.241488
vt 0.576739 0.233192
vt 0.644802 0.402842
vt 0.632788 0.404364
vt 0.638995 0.395279
vt 0.649318 0.394451
vt 0.648918 0.391740
vt 0.659327 0.406324
vt 0.661287 0.395710
vt 0.661516 0.392676
vt 0.671837 0.410667
vt 0.686959 0.406492
vt 0.687118 0.437615
vt 0.697293 0.410810
vt 0.565464 0.160345
vt 0.560096 0.137460
vt 0.566404 0.133645
vt 0.559189 0.132785
vt 0.565732 0.129547
vt 0.688249 0.401734
vt 0.698513 0.406753
vt 0.674678 0.399845
vt 0.675305 0.396571
vt 0.574289 0.129580
vt 0.573736 0.125427
vt 0.584121 0.124508
vt 0.583702 0.120180
vt 0.596325 0.125625
vt 0.595705 0.113933
vt 0.607826 0.118928
vt 0.607946 0.111018
vt 0.608105 0.108281
vt 0.597171 0.139737
vt 0.586682 0.147625
vt 0.608046 0.131524
vt 0.578079 0.153659
vt 0.617403 0.138539
vt 0.617562 0.124584
vt 0.617435 0.114381
vt 0.624792 0.131007
vt 0.624742 0.119076
vt 0.624264 0.108445
vt 0.629166 0.114548
vt 0.629377 0.126033
vt 0.630704 0.112636
vt 0.630912 0.124251
vt 0.626827 0.106187
vt 0.618962 0.105146
vt 0.622578 0.147364
vt 0.626749 0.142072
vt 0.628134 0.140302
vt 0.622006 0.161309
vt 0.623186 0.159588
vt 0.618488 0.166520
vt 0.613199 0.186597
vt 0.615982 0.182082
vt 0.616933 0.180622
vt 0.606529 0.207305
vt 0.609637 0.202117
vt 0.610294 0.201234
vt 0.608692 0.193995
vt 0.612792 0.174951
vt 0.615812 0.155859
vt 0.228014 0.468839
vt 0.241443 0.476356
vt 0.223566 0.453264
vt 0.234229 0.458834
vt 0.242487 0.462359
vt 0.248070 0.478416
vt 0.248836 0.463718
vt 0.242142 0.443446
vt 0.249884 0.444706
vt 0.232260 0.440183
vt 0.219747 0.435031
vt 0.256451 0.444036
vt 0.254207 0.462994
vt 0.262810 0.441513
vt 0.259526 0.460267
vt 0.252276 0.477753
vt 0.257741 0.474202
vt 0.257543 0.483224
vt 0.265461 0.455764
vt 0.271625 0.450297
vt 0.269653 0.437351
vt 0.276579 0.432316
vt 0.686031 0.176050
vt 0.588078 0.715999
vt 0.572641 0.710693
vt 0.576138 0.696148
vt 0.591681 0.701873
vt 0.558292 0.706114
vt 0.561946 0.691441
vt 0.580313 0.684393
vt 0.595384 0.690168
vt 0.566952 0.680268
vt 0.598740 0.736868
vt 0.585246 0.731954
vt 0.602768 0.721631
vt 0.571013 0.731924
vt 0.557374 0.723317
vt 0.541499 0.718842
vt 0.546861 0.702605
vt 0.550832 0.687823
vt 0.556992 0.677260
vt 0.568244 0.672206
vt 0.583900 0.675717
vt 0.598484 0.681427
vt 0.610443 0.696771
vt 0.613320 0.688296
vt 0.606797 0.708075
vt 0.690211 0.629043
vt 0.698870 0.625416
vt 0.701780 0.638875
vt 0.692347 0.642181
vt 0.708246 0.621431
vt 0.712116 0.634978
vt 0.705057 0.649563
vt 0.697266 0.657393
vt 0.716045 0.646003
vt 0.683373 0.616007
vt 0.689384 0.613153
vt 0.683332 0.631926
vt 0.696945 0.609581
vt 0.705140 0.605738
vt 0.713053 0.602072
vt 0.717256 0.617518
vt 0.722817 0.632730
vt 0.732598 0.654728
vt 0.721072 0.658737
vt 0.709027 0.661680
vt 0.684932 0.644803
vt 0.689860 0.660485
vt 0.634904 0.738406
vt 0.625792 0.732827
vt 0.631513 0.720284
vt 0.641574 0.726354
vt 0.615277 0.727251
vt 0.620059 0.714222
vt 0.636201 0.709699
vt 0.646998 0.716110
vt 0.624086 0.703302
vt 0.719984 0.598853
vt 0.725062 0.613954
vt 0.627187 0.751629
vt 0.619223 0.746712
vt 0.609972 0.741799
vt 0.627123 0.695078
vt 0.639666 0.701683
vt 0.650981 0.708310
vt 0.735674 0.637807
vt 0.742116 0.650498
vt 0.730531 0.627065
vt 0.602501 0.790099
vt 0.593678 0.796846
vt 0.604934 0.775317
vt 0.610222 0.778494
vt 0.590424 0.795865
vt 0.599005 0.772164
vt 0.612075 0.761235
vt 0.618722 0.765320
vt 0.604412 0.757163
vt 0.705990 0.540962
vt 0.708791 0.539180
vt 0.710418 0.550905
vt 0.706752 0.552978
vt 0.596375 0.799080
vt 0.587239 0.794052
vt 0.593954 0.758496
vt 0.710003 0.585176
vt 0.715874 0.582345
vt 0.707996 0.568264
vt 0.712732 0.565828
vt 0.691865 0.555520
vt 0.700834 0.555719
vt 0.700121 0.572637
vt 0.688682 0.579716
vt 0.696370 0.592074
vt 0.686537 0.597271
vt 0.703306 0.588504
vt 0.695447 0.545844
vt 0.700158 0.538443
vt 0.582544 0.791018
vt 0.575172 0.770727
vt 0.583484 0.754596
vt 0.567181 0.766852
vt 0.559913 0.741694
vt 0.571417 0.783190
vt 0.561525 0.765625
vt 0.546474 0.737988
vt 0.450738 0.736837
vt 0.461891 0.726459
vt 0.474717 0.737451
vt 0.463154 0.748040
vt 0.470789 0.717278
vt 0.483410 0.727723
vt 0.485998 0.747761
vt 0.474416 0.758634
vt 0.493738 0.737514
vt 0.426460 0.737781
vt 0.438432 0.726454
vt 0.437541 0.747513
vt 0.448880 0.716075
vt 0.457455 0.707248
vt 0.463809 0.700583
vt 0.477282 0.710190
vt 0.489603 0.720145
vt 0.498830 0.729756
vt 0.509455 0.736398
vt 0.506213 0.747946
vt 0.499690 0.759997
vt 0.488025 0.771654
vt 0.459171 0.768351
vt 0.471665 0.780937
vt 0.448837 0.758180
vt 0.372790 0.685969
vt 0.377701 0.673882
vt 0.385791 0.677730
vt 0.380399 0.690203
vt 0.382375 0.664810
vt 0.390668 0.667807
vt 0.395173 0.682484
vt 0.389095 0.695067
vt 0.400536 0.672212
vt 0.362685 0.697231
vt 0.366852 0.682673
vt 0.368109 0.700582
vt 0.371498 0.670934
vt 0.373260 0.660782
vt 0.379277 0.656008
vt 0.386767 0.655065
vt 0.395950 0.656792
vt 0.406578 0.660805
vt 0.418065 0.666305
vt 0.411205 0.677677
vt 0.405192 0.687840
vt 0.398286 0.700213
vt 0.382839 0.709556
vt 0.391031 0.714365
vt 0.375013 0.704825
vt 0.407540 0.705438
vt 0.415341 0.693551
vt 0.425785 0.699889
vt 0.417067 0.711168
vt 0.422056 0.683784
vt 0.433193 0.690612
vt 0.436855 0.707262
vt 0.427241 0.717980
vt 0.444899 0.698365
vt 0.399188 0.719027
vt 0.429809 0.672743
vt 0.441793 0.680052
vt 0.450923 0.691747
vt 0.416507 0.730062
vt 0.407548 0.724036
vt 0.374868 0.760640
vt 0.382962 0.748349
vt 0.388411 0.751716
vt 0.376753 0.769294
vt 0.390820 0.733738
vt 0.397769 0.737934
vt 0.394135 0.755588
vt 0.384303 0.766878
vt 0.405184 0.742938
vt 0.377414 0.744941
vt 0.383940 0.729701
vt 0.413458 0.749404
vt 0.395034 0.765076
vt 0.377787 0.776463
vt 0.370023 0.771124
vt 0.355504 0.744008
vt 0.360640 0.732914
vt 0.369241 0.739430
vt 0.365018 0.753510
vt 0.363980 0.716842
vt 0.370060 0.720917
vt 0.376892 0.725347
vt 0.356561 0.729769
vt 0.359174 0.713599
vt 0.362109 0.764732
vt 0.355460 0.754567
vt 0.400693 0.770727
vt 0.422755 0.757665
vt 0.435316 0.769766
vt 0.406823 0.776678
vt 0.420827 0.784091
vt 0.384414 0.780776
vt 0.452584 0.787235
vt 0.404784 0.788354
vt 0.688295 0.565940
vt 0.683658 0.588506
vt 0.683959 0.582018
vt 0.687749 0.565554
vt 0.680687 0.600291
vt 0.351929 0.742928
vt 0.352805 0.727638
vt 0.353890 0.728132
vt 0.353065 0.749779
vt 0.354857 0.710846
vt 0.356085 0.711588
vt 0.679276 0.628994
vt 0.678429 0.618380
vt 0.357850 0.694331
vt 0.359217 0.695117
vt 0.352406 0.755527
vt 0.691706 0.552244
vt 0.579074 0.795039
vt 0.580849 0.798944
vt 0.576641 0.793707
vt 0.583569 0.799407
vt 0.583569 0.801798
vt 0.385366 0.787034
vt 0.378467 0.785861
vt 0.384928 0.785963
vt 0.374489 0.784815
vt 0.374936 0.782774
vt 0.587217 0.801789
vt 0.585470 0.803313
vt 0.372143 0.783822
vt 0.396474 0.788386
vt 0.570297 0.785034
vt 0.550002 0.673155
vt 0.544178 0.685343
vt 0.542052 0.684424
vt 0.539864 0.700448
vt 0.537571 0.699741
vt 0.508795 0.749136
vt 0.502477 0.762181
vt 0.490747 0.774228
vt 0.561190 0.668400
vt 0.537730 0.717814
vt 0.474181 0.783477
vt 0.560506 0.666729
vt 0.698125 0.664790
vt 0.709514 0.663934
vt 0.721838 0.660960
vt 0.386860 0.653106
vt 0.396598 0.654592
vt 0.407569 0.658506
vt 0.733446 0.656861
vt 0.419226 0.664128
vt 0.378559 0.654631
vt 0.688850 0.662665
vt 0.699176 0.536923
vt 0.702458 0.533310
vt 0.695556 0.542908
vt 0.360618 0.775150
vt 0.357206 0.770981
vt 0.356153 0.765228
vt 0.363857 0.777909
vt 0.354293 0.764708
vt 0.705204 0.531132
vt 0.366493 0.777114
vt 0.590998 0.803810
vt 0.589218 0.805465
vt 0.587160 0.804388
vt 0.370302 0.782787
vt 0.368507 0.781567
vt 0.370718 0.780225
vt 0.366463 0.780006
vt 0.599838 0.800889
vt 0.593905 0.807619
vt 0.600402 0.676099
vt 0.585878 0.670321
vt 0.586460 0.668463
vt 0.601061 0.674303
vt 0.572624 0.667367
vt 0.572796 0.665486
vt 0.482596 0.704599
vt 0.495097 0.714405
vt 0.493615 0.715731
vt 0.481245 0.705932
vt 0.504528 0.724878
vt 0.502812 0.725891
vt 0.615104 0.683130
vt 0.467651 0.696581
vt 0.468924 0.695322
vt 0.615722 0.681375
vt 0.653360 0.703488
vt 0.641753 0.696752
vt 0.642428 0.695028
vt 0.654104 0.701775
vt 0.628976 0.690044
vt 0.629597 0.688310
vt 0.431076 0.670810
vt 0.443177 0.678319
vt 0.455728 0.686532
vt 0.454556 0.687784
vt 0.742955 0.652500
vt 0.682955 0.653447
vt 0.678923 0.647405
vt 0.677700 0.634384
vt 0.682504 0.656892
vt 0.361603 0.679796
vt 0.366181 0.668053
vt 0.367650 0.668884
vt 0.363078 0.680578
vt 0.371743 0.659608
vt 0.553190 0.756014
vt 0.551889 0.755862
vt 0.543137 0.737139
vt 0.562105 0.771732
vt 0.561582 0.772206
vt 0.453834 0.788542
vt 0.432350 0.790205
vt 0.431476 0.789068
vt 0.412562 0.789760
vt 0.624004 0.325598
vt 0.632524 0.337064
vt 0.626735 0.368442
vt 0.636376 0.369046
vt 0.640033 0.334145
vt 0.645630 0.372280
vt 0.630919 0.315443
vt 0.637005 0.308183
vt 0.645056 0.309812
vt 0.645767 0.330312
vt 0.650904 0.367187
vt 0.616760 0.357069
vt 0.617838 0.372988
vt 0.616911 0.326749
vt 0.360319 0.460809
vt 0.355329 0.461620
vt 0.354878 0.451080
vt 0.362544 0.453257
vt 0.351703 0.461996
vt 0.352402 0.454172
vt 0.357565 0.447672
vt 0.363830 0.447627
vt 0.357626 0.469824
vt 0.353568 0.470743
vt 0.350598 0.471161
vt 0.347692 0.471204
vt 0.348243 0.462028
vt 0.348373 0.454257
vt 0.348270 0.448038
vt 0.348087 0.441261
vt 0.353196 0.441088
vt 0.358599 0.441161
vt 0.364145 0.444262
vt 0.345214 0.456833
vt 0.343068 0.461029
vt 0.342782 0.453468
vt 0.605440 0.332920
vt 0.610970 0.326101
vt 0.609637 0.355642
vt 0.604610 0.346794
vt 0.342374 0.447518
vt 0.344552 0.444928
vt 0.604458 0.357796
vt 0.344903 0.474069
vt 0.343034 0.470144
vt 0.607253 0.316331
vt 0.610194 0.371406
vt 0.604679 0.365768
vt 0.341940 0.440794
vt 0.615082 0.259492
vt 0.620193 0.249067
vt 0.613844 0.278204
vt 0.611040 0.276884
vt 0.622813 0.250901
vt 0.615359 0.291952
vt 0.343364 0.491773
vt 0.341794 0.491309
vt 0.342557 0.480568
vt 0.610205 0.297505
vt 0.343008 0.506764
vt 0.340951 0.513703
vt 0.342261 0.501520
vt 0.618580 0.245762
vt 0.625826 0.253496
vt 0.620528 0.288808
vt 0.346047 0.485720
vt 0.350043 0.497481
vt 0.347448 0.499802
vt 0.348217 0.491261
vt 0.352244 0.489329
vt 0.344775 0.505325
vt 0.351508 0.480802
vt 0.354830 0.479711
vt 0.349052 0.481332
vt 0.348563 0.502906
vt 0.345258 0.510404
vt 0.629206 0.256408
vt 0.632594 0.259510
vt 0.630929 0.289498
vt 0.625707 0.288551
vt 0.635455 0.272870
vt 0.635894 0.257093
vt 0.637963 0.262839
vt 0.640059 0.291613
vt 0.543157 0.316283
vt 0.541746 0.344649
vt 0.533450 0.343199
vt 0.536326 0.313682
vt 0.517965 0.332315
vt 0.520941 0.316250
vt 0.516746 0.345874
vt 0.549705 0.317415
vt 0.549787 0.344632
vt 0.548824 0.361449
vt 0.539329 0.358116
vt 0.518016 0.355455
vt 0.524411 0.299934
vt 0.332759 0.493119
vt 0.336354 0.501464
vt 0.328908 0.503102
vt 0.328619 0.494938
vt 0.337471 0.507417
vt 0.328002 0.510985
vt 0.332718 0.484520
vt 0.335286 0.493798
vt 0.330707 0.483863
vt 0.339407 0.512153
vt 0.321827 0.512948
vt 0.322739 0.502502
vt 0.326254 0.491902
vt 0.323051 0.491839
vt 0.325465 0.482700
vt 0.322797 0.482681
vt 0.328195 0.483175
vt 0.320078 0.497034
vt 0.317702 0.500773
vt 0.318256 0.493195
vt 0.318609 0.510580
vt 0.316997 0.506767
vt 0.560380 0.322489
vt 0.561109 0.335920
vt 0.556350 0.343148
vt 0.555224 0.316663
vt 0.561259 0.346565
vt 0.320438 0.483253
vt 0.316300 0.511098
vt 0.561273 0.358702
vt 0.556121 0.359782
vt 0.558692 0.306430
vt 0.318497 0.484113
vt 0.551227 0.251396
vt 0.555058 0.268236
vt 0.553691 0.276809
vt 0.546738 0.242498
vt 0.558873 0.286660
vt 0.550388 0.279448
vt 0.543954 0.242895
vt 0.318812 0.446612
vt 0.318336 0.452940
vt 0.316943 0.441593
vt 0.321768 0.469993
vt 0.319258 0.462521
vt 0.320026 0.472991
vt 0.561922 0.304744
vt 0.546229 0.280499
vt 0.540957 0.244260
vt 0.546493 0.230368
vt 0.326144 0.457067
vt 0.325458 0.463724
vt 0.320367 0.446871
vt 0.329528 0.474334
vt 0.325202 0.472846
vt 0.322792 0.462516
vt 0.328261 0.465286
vt 0.324262 0.450722
vt 0.537922 0.247566
vt 0.541501 0.280550
vt 0.536681 0.280459
vt 0.534863 0.251045
vt 0.532090 0.265229
vt 0.529278 0.286022
vt 0.531530 0.255116
vt 0.315598 0.497085
vt 0.315539 0.505521
vt 0.315259 0.505499
vt 0.315344 0.496787
vt 0.314815 0.515159
vt 0.314506 0.515218
vt 0.314955 0.505433
vt 0.315072 0.497023
vt 0.314209 0.515039
vt 0.351070 0.497141
vt 0.348901 0.503637
vt 0.353595 0.488762
vt 0.356496 0.479134
vt 0.359685 0.469315
vt 0.360083 0.469248
vt 0.356819 0.479053
vt 0.331496 0.475104
vt 0.334446 0.485088
vt 0.333988 0.484944
vt 0.331133 0.474988
vt 0.315108 0.489745
vt 0.314879 0.490472
vt 0.315360 0.490518
vt 0.632400 0.248609
vt 0.633835 0.248255
vt 0.636271 0.254341
vt 0.631204 0.243243
vt 0.531489 0.246207
vt 0.533900 0.240323
vt 0.534888 0.241045
vt 0.531695 0.247708
vt 0.536565 0.235470
vt 0.626168 0.240385
vt 0.628578 0.239355
vt 0.539252 0.231698
vt 0.543564 0.230928
vt 0.529817 0.254049
vt 0.367702 0.435843
vt 0.367456 0.439815
vt 0.367153 0.438916
vt 0.367383 0.435344
vt 0.638380 0.261645
vt 0.652889 0.355350
vt 0.653278 0.343357
vt 0.654476 0.358209
vt 0.649015 0.326637
vt 0.650211 0.326239
vt 0.514548 0.346484
vt 0.515832 0.332097
vt 0.518843 0.315545
vt 0.646702 0.309084
vt 0.522178 0.298977
vt 0.516204 0.357183
vt 0.652570 0.369220
vt 0.363802 0.440538
vt 0.358976 0.439698
vt 0.353357 0.439698
vt 0.332252 0.515463
vt 0.326708 0.514999
vt 0.337040 0.515014
vt 0.366876 0.442761
vt 0.348159 0.439957
vt 0.321570 0.514379
vt 0.340159 0.512959
vt 0.343478 0.512738
vt 0.344941 0.512413
vt 0.343318 0.514233
vt 0.346807 0.509170
vt 0.318868 0.440263
vt 0.320457 0.442043
vt 0.319664 0.442248
vt 0.322237 0.445128
vt 0.322469 0.446334
vt 0.342052 0.513630
vt 0.348872 0.504385
vt 0.314828 0.484778
vt 0.314610 0.485957
vt 0.317890 0.440935
vt 0.317521 0.439383
vt 0.341968 0.515174
vt 0.622964 0.237923
vt 0.623963 0.235101
vt 0.626144 0.236657
vt 0.620965 0.237362
vt 0.622067 0.234612
vt 0.541756 0.229077
vt 0.544027 0.227556
vt 0.546058 0.227060
vt 0.340922 0.515582
vt 0.316455 0.439077
vt 0.627599 0.375278
vt 0.637595 0.375633
vt 0.638087 0.377627
vt 0.627910 0.377134
vt 0.646795 0.375420
vt 0.539405 0.365112
vt 0.529751 0.365491
vt 0.533890 0.363527
vt 0.521560 0.363260
vt 0.522430 0.361425
vt 0.548747 0.363478
vt 0.618157 0.375365
vt 0.344399 0.440001
vt 0.342061 0.439835
vt 0.605009 0.370579
vt 0.610506 0.373573
vt 0.605354 0.372202
vt 0.317812 0.514225
vt 0.315414 0.514554
vt 0.315752 0.513697
vt 0.561485 0.360437
vt 0.556214 0.361782
vt 0.318101 0.513333
vt 0.317812 0.514225
vt 0.362933 0.460342
vt 0.365556 0.452800
vt 0.366190 0.452688
vt 0.363439 0.460288
vt 0.366814 0.447091
vt 0.367551 0.446802
vt 0.337463 0.494438
vt 0.339893 0.502506
vt 0.339857 0.506145
vt 0.336887 0.494262
vt 0.340996 0.508769
vt 0.642829 0.292664
vt 0.641854 0.281017
vt 0.643928 0.293882
vt 0.640215 0.270343
vt 0.524694 0.284313
vt 0.526477 0.271917
vt 0.525874 0.282400
vt 0.527930 0.261690
vt 0.528461 0.261991
vt 0.367582 0.431026
vt 0.367265 0.430807
vt 0.338880 0.291547
vt 0.335219 0.284937
vt 0.339962 0.263320
vt 0.341602 0.268468
vt 0.332631 0.278971
vt 0.338331 0.257687
vt 0.344285 0.237606
vt 0.343428 0.248282
vt 0.344089 0.252709
vt 0.209183 0.435887
vt 0.216458 0.439966
vt 0.228010 0.467778
vt 0.222772 0.464102
vt 0.223439 0.441003
vt 0.232773 0.467995
vt 0.242171 0.485405
vt 0.239574 0.485950
vt 0.337558 0.254330
vt 0.342640 0.240683
vt 0.229708 0.439235
vt 0.236709 0.465004
vt 0.235598 0.437340
vt 0.239502 0.461607
vt 0.243873 0.476392
vt 0.249730 0.439433
vt 0.256748 0.441855
vt 0.254697 0.492143
vt 0.251451 0.469037
vt 0.262478 0.443496
vt 0.258903 0.472634
vt 0.252171 0.491245
vt 0.251085 0.486049
vt 0.736652 0.485934
vt 0.739984 0.484872
vt 0.738499 0.511311
vt 0.736350 0.513028
vt 0.743489 0.481451
vt 0.740811 0.507125
vt 0.737323 0.524287
vt 0.736316 0.528945
vt 0.262478 0.470818
vt 0.258141 0.489785
vt 0.746818 0.476557
vt 0.743050 0.501471
vt 0.750802 0.472016
vt 0.744995 0.496794
vt 0.344684 0.259565
vt 0.343406 0.263074
vt 0.344959 0.251477
vt 0.347227 0.241810
vt 0.345852 0.255187
vt 0.347721 0.241252
vt 0.329399 0.277990
vt 0.325383 0.277686
vt 0.324566 0.256303
vt 0.326561 0.257985
vt 0.321091 0.277364
vt 0.321852 0.254872
vt 0.275543 0.286104
vt 0.278082 0.286468
vt 0.275084 0.305417
vt 0.273272 0.303381
vt 0.273479 0.285238
vt 0.272311 0.298868
vt 0.315713 0.278366
vt 0.318149 0.255206
vt 0.309476 0.280753
vt 0.313676 0.257352
vt 0.317617 0.240117
vt 0.320953 0.232286
vt 0.322304 0.232911
vt 0.302664 0.284158
vt 0.308846 0.260948
vt 0.294333 0.287861
vt 0.304675 0.264249
vt 0.276453 0.319010
vt 0.274275 0.322196
vt 0.275872 0.303996
vt 0.277817 0.297645
vt 0.314620 0.243945
vt 0.439038 0.291907
vt 0.446690 0.297119
vt 0.452914 0.328761
vt 0.449413 0.324324
vt 0.282402 0.286582
vt 0.278518 0.284739
vt 0.280042 0.257956
vt 0.283193 0.260400
vt 0.285196 0.235653
vt 0.287370 0.238899
vt 0.285661 0.262968
vt 0.288189 0.245125
vt 0.452432 0.301533
vt 0.458005 0.304387
vt 0.460676 0.335943
vt 0.456724 0.333338
vt 0.463337 0.305405
vt 0.464573 0.336262
vt 0.470237 0.369835
vt 0.466269 0.361073
vt 0.277742 0.256942
vt 0.283649 0.234645
vt 0.468042 0.304731
vt 0.468005 0.334376
vt 0.471890 0.303599
vt 0.470449 0.332070
vt 0.472361 0.354084
vt 0.471879 0.365670
vt 0.486782 0.254234
vt 0.487685 0.262601
vt 0.482350 0.280078
vt 0.478066 0.278429
vt 0.490700 0.265189
vt 0.486445 0.284564
vt 0.187094 0.389407
vt 0.191135 0.393409
vt 0.192395 0.422718
vt 0.183071 0.410769
vt 0.477226 0.298544
vt 0.478719 0.251333
vt 0.483037 0.252705
vt 0.473703 0.278005
vt 0.468837 0.277605
vt 0.468587 0.248675
vt 0.473828 0.250000
vt 0.463345 0.276311
vt 0.457521 0.273984
vt 0.455192 0.252265
vt 0.463277 0.247392
vt 0.451703 0.270899
vt 0.446333 0.268148
vt 0.294549 0.324745
vt 0.289448 0.324842
vt 0.287066 0.310679
vt 0.293469 0.309273
vt 0.285973 0.329643
vt 0.281947 0.309689
vt 0.442498 0.267281
vt 0.433931 0.283797
vt 0.284914 0.295774
vt 0.306213 0.329114
vt 0.300288 0.323898
vt 0.300341 0.307031
vt 0.307118 0.304640
vt 0.317079 0.326622
vt 0.311869 0.327939
vt 0.313528 0.302657
vt 0.319213 0.301376
vt 0.325380 0.317569
vt 0.321556 0.325246
vt 0.323856 0.300822
vt 0.327362 0.300476
vt 0.747535 0.423139
vt 0.750403 0.421038
vt 0.752521 0.441429
vt 0.749698 0.444443
vt 0.753037 0.419253
vt 0.754980 0.440513
vt 0.329494 0.299797
vt 0.331670 0.282678
vt 0.754564 0.462724
vt 0.741106 0.427793
vt 0.744405 0.425514
vt 0.746452 0.448136
vt 0.742980 0.451702
vt 0.734605 0.430611
vt 0.737775 0.429567
vt 0.739319 0.454210
vt 0.735829 0.455122
vt 0.243642 0.383509
vt 0.255151 0.383231
vt 0.244861 0.406857
vt 0.260494 0.374331
vt 0.262299 0.410276
vt 0.234508 0.383120
vt 0.234217 0.407006
vt 0.241876 0.430182
vt 0.218887 0.372007
vt 0.226860 0.382684
vt 0.226943 0.408088
vt 0.219427 0.408390
vt 0.203600 0.377018
vt 0.210695 0.369895
vt 0.211533 0.406759
vt 0.203854 0.403237
vt 0.193779 0.371299
vt 0.197863 0.374071
vt 0.196996 0.398404
vt 0.201799 0.429478
vt 0.632917 0.300426
vt 0.631702 0.272798
vt 0.633918 0.266665
vt 0.636970 0.293262
vt 0.630688 0.256959
vt 0.631406 0.249136
vt 0.632590 0.243160
vt 0.636142 0.260315
vt 0.639915 0.286776
vt 0.430336 0.558101
vt 0.454266 0.537836
vt 0.460772 0.537068
vt 0.438834 0.557702
vt 0.474799 0.526561
vt 0.478916 0.525537
vt 0.481391 0.527508
vt 0.465663 0.539374
vt 0.446074 0.560095
vt 0.468542 0.544145
vt 0.451618 0.564642
vt 0.481657 0.532230
vt 0.479256 0.537837
vt 0.469863 0.548497
vt 0.456567 0.568909
vt 0.470940 0.572703
vt 0.484499 0.546511
vt 0.496585 0.528585
vt 0.479031 0.573483
vt 0.492756 0.528648
vt 0.493874 0.546443
vt 0.485575 0.574380
vt 0.665896 0.493154
vt 0.664401 0.524603
vt 0.659776 0.522980
vt 0.658868 0.492154
vt 0.499820 0.530461
vt 0.497016 0.549513
vt 0.662330 0.543155
vt 0.660204 0.538011
vt 0.654846 0.518157
vt 0.651620 0.487974
vt 0.650306 0.511162
vt 0.645175 0.481636
vt 0.278542 0.305146
vt 0.281242 0.291280
vt 0.281258 0.296314
vt 0.278677 0.309751
vt 0.281471 0.302003
vt 0.279513 0.313680
vt 0.646921 0.505044
vt 0.637972 0.475422
vt 0.037767 0.913762
vt 0.051925 0.886196
vt 0.057810 0.883969
vt 0.049325 0.913908
vt 0.328130 0.316144
vt 0.332831 0.300659
vt 0.330748 0.316431
vt 0.336255 0.298183
vt 0.333360 0.317397
vt 0.067288 0.882405
vt 0.063040 0.914227
vt 0.079283 0.883531
vt 0.079565 0.916633
vt 0.071255 0.859995
vt 0.077841 0.859821
vt 0.085305 0.862566
vt 0.092545 0.887379
vt 0.097633 0.921197
vt 0.105630 0.893414
vt 0.116215 0.927400
vt 0.093064 0.868490
vt 0.498362 0.257698
vt 0.491139 0.282167
vt 0.490990 0.274459
vt 0.496395 0.253698
vt 0.115980 0.899048
vt 0.138517 0.934375
vt 0.727432 0.529457
vt 0.728458 0.495557
vt 0.730741 0.492233
vt 0.730271 0.526185
vt 0.727762 0.466290
vt 0.730007 0.460063
vt 0.733460 0.489126
vt 0.733457 0.523719
vt 0.608967 0.310135
vt 0.612143 0.278066
vt 0.615601 0.274915
vt 0.613634 0.306595
vt 0.731342 0.458866
vt 0.735384 0.487855
vt 0.619851 0.251030
vt 0.621964 0.251379
vt 0.619050 0.274452
vt 0.618148 0.305311
vt 0.622048 0.276571
vt 0.622113 0.306078
vt 0.623759 0.254974
vt 0.624529 0.261662
vt 0.623977 0.279276
vt 0.625272 0.307188
vt 0.634020 0.353727
vt 0.629762 0.334196
vt 0.633303 0.332605
vt 0.636841 0.351784
vt 0.629477 0.312376
vt 0.636619 0.328243
vt 0.639303 0.349283
vt 0.626183 0.356969
vt 0.622075 0.335110
vt 0.626120 0.334609
vt 0.630836 0.355159
vt 0.618901 0.360406
vt 0.612788 0.339776
vt 0.617549 0.336776
vt 0.610512 0.365021
vt 0.603710 0.347506
vt 0.608068 0.343780
vt 0.614568 0.362854
vt 0.598584 0.321553
vt 0.604321 0.315540
vt 0.123501 0.984959
vt 0.133090 0.964234
vt 0.150974 0.967402
vt 0.137913 0.985990
vt 0.162688 0.947218
vt 0.600471 0.349295
vt 0.594539 0.330782
vt 0.165904 0.966786
vt 0.150593 0.985816
vt 0.090745 0.979742
vt 0.095502 0.954944
vt 0.114257 0.959687
vt 0.107512 0.982699
vt 0.058812 0.973819
vt 0.060071 0.948016
vt 0.077061 0.950905
vt 0.074174 0.976682
vt 0.035276 0.968910
vt 0.034836 0.945141
vt 0.045768 0.946334
vt 0.045617 0.971296
vt 0.647916 0.417899
vt 0.642017 0.442927
vt 0.636477 0.438629
vt 0.642254 0.414658
vt 0.631415 0.463766
vt 0.028092 0.943681
vt 0.029595 0.919877
vt 0.631325 0.436720
vt 0.636951 0.411630
vt 0.660369 0.424405
vt 0.654935 0.452767
vt 0.648184 0.448014
vt 0.653973 0.421314
vt 0.673200 0.427703
vt 0.669612 0.456836
vt 0.662397 0.455928
vt 0.666943 0.426626
vt 0.452386 0.624628
vt 0.452016 0.600017
vt 0.465547 0.602813
vt 0.471953 0.604490
vt 0.459223 0.627657
vt 0.433512 0.617479
vt 0.443110 0.595822
vt 0.440572 0.620173
vt 0.459630 0.577903
vt 0.418150 0.612293
vt 0.429252 0.588154
vt 0.436461 0.591746
vt 0.426064 0.614710
vt 0.402119 0.610028
vt 0.412415 0.585926
vt 0.421024 0.586087
vt 0.409883 0.610676
vt 0.390995 0.611252
vt 0.397102 0.589855
vt 0.404257 0.587538
vt 0.395740 0.610353
vt 0.410572 0.563769
vt 0.421155 0.560954
vt 0.198041 0.365327
vt 0.203463 0.367569
vt 0.194383 0.363290
vt 0.393531 0.618825
vt 0.389631 0.619210
vt 0.399112 0.618961
vt 0.344537 0.242893
vt 0.630306 0.243677
vt 0.630967 0.237698
vt 0.343894 0.265603
vt 0.342173 0.277027
vt 0.342056 0.270465
vt 0.343389 0.263071
vt 0.212296 0.451840
vt 0.210598 0.450997
vt 0.190792 0.428884
vt 0.342221 0.269367
vt 0.630640 0.274321
vt 0.630060 0.255322
vt 0.630492 0.295043
vt 0.406365 0.619732
vt 0.414439 0.621113
vt 0.344056 0.235739
vt 0.245760 0.491476
vt 0.243775 0.492418
vt 0.485549 0.522069
vt 0.486987 0.523717
vt 0.631261 0.235355
vt 0.633210 0.240602
vt 0.227100 0.373527
vt 0.234926 0.374503
vt 0.422415 0.623021
vt 0.429948 0.625273
vt 0.246824 0.486811
vt 0.245410 0.477065
vt 0.286518 0.264573
vt 0.286823 0.257235
vt 0.287975 0.255902
vt 0.288356 0.260537
vt 0.486169 0.528370
vt 0.242160 0.375033
vt 0.248883 0.375183
vt 0.436885 0.627695
vt 0.443279 0.630257
vt 0.255132 0.374982
vt 0.449135 0.632950
vt 0.454043 0.635695
vt 0.672804 0.454277
vt 0.673019 0.460133
vt 0.670923 0.467467
vt 0.671582 0.457400
vt 0.253529 0.499228
vt 0.251473 0.498158
vt 0.495656 0.519977
vt 0.497981 0.519832
vt 0.491327 0.527949
vt 0.737003 0.420674
vt 0.740283 0.419151
vt 0.733887 0.421797
vt 0.668425 0.415991
vt 0.674072 0.417135
vt 0.662440 0.414137
vt 0.257020 0.496446
vt 0.260737 0.484802
vt 0.259815 0.491361
vt 0.500049 0.523751
vt 0.500598 0.529475
vt 0.500419 0.535940
vt 0.743591 0.417333
vt 0.746801 0.415374
vt 0.656361 0.411705
vt 0.650417 0.408892
vt 0.348677 0.236435
vt 0.345160 0.249860
vt 0.282642 0.291957
vt 0.282402 0.300623
vt 0.282743 0.286634
vt 0.749796 0.413412
vt 0.752502 0.411492
vt 0.644819 0.405877
vt 0.639703 0.402726
vt 0.325099 0.323812
vt 0.635218 0.399477
vt 0.632046 0.408709
vt 0.059254 0.982873
vt 0.046788 0.980088
vt 0.272557 0.309527
vt 0.271843 0.301318
vt 0.274193 0.312287
vt 0.334114 0.293125
vt 0.336495 0.291188
vt 0.330873 0.300436
vt 0.073630 0.985664
vt 0.089119 0.988290
vt 0.319058 0.233702
vt 0.077411 0.851957
vt 0.082206 0.854264
vt 0.073328 0.852596
vt 0.300444 0.330018
vt 0.294990 0.330453
vt 0.104807 0.990516
vt 0.119548 0.991981
vt 0.280196 0.294168
vt 0.278417 0.289957
vt 0.280842 0.286348
vt 0.275915 0.300853
vt 0.487637 0.290567
vt 0.488902 0.277793
vt 0.489067 0.295291
vt 0.492749 0.286679
vt 0.290198 0.330269
vt 0.132425 0.992423
vt 0.613415 0.370827
vt 0.609904 0.372175
vt 0.607040 0.366314
vt 0.458207 0.246300
vt 0.617357 0.369128
vt 0.621470 0.367302
vt 0.288955 0.230973
vt 0.289139 0.241862
vt 0.287013 0.227322
vt 0.726564 0.454263
vt 0.728204 0.449765
vt 0.726043 0.468190
vt 0.625520 0.365511
vt 0.629288 0.363809
vt 0.285664 0.226356
vt 0.468319 0.370474
vt 0.621749 0.243022
vt 0.623202 0.243679
vt 0.729251 0.448580
vt 0.632605 0.362197
vt 0.635465 0.360559
vt 0.332622 0.323682
vt 0.334039 0.312891
vt 0.335649 0.309700
vt 0.335315 0.315940
vt 0.333185 0.327263
vt 0.335803 0.319120
vt 0.489999 0.256048
vt 0.492699 0.258188
vt 0.637897 0.358776
vt 0.639915 0.356837
vt 0.240976 0.461221
vt 0.238214 0.444631
vt 0.288983 0.245270
vt 0.290934 0.232864
vt 0.293332 0.227511
vt 0.290261 0.245602
vt 0.677734 0.402984
vt 0.675017 0.435622
vt 0.673497 0.435622
vt 0.674556 0.411270
vt 0.483042 0.545730
vt 0.471921 0.564647
vt 0.740675 0.511097
vt 0.745724 0.496157
vt 0.740184 0.513083
vt 0.751855 0.478142
vt 0.646398 0.503737
vt 0.636299 0.482316
vt 0.280323 0.314422
vt 0.327618 0.257779
vt 0.331117 0.272087
vt 0.324439 0.245994
vt 0.324533 0.243952
vt 0.327164 0.315260
vt 0.038372 0.905551
vt 0.051711 0.886204
vt 0.311184 0.249722
vt 0.303287 0.264486
vt 0.311785 0.247284
vt 0.292650 0.282944
vt 0.118457 0.899939
vt 0.143920 0.927643
vt 0.495054 0.253436
vt 0.447976 0.323906
vt 0.435825 0.297616
vt 0.458280 0.345866
vt 0.459397 0.349558
vt 0.727493 0.495468
vt 0.597162 0.315186
vt 0.606320 0.289377
vt 0.606540 0.288665
vt 0.471511 0.332389
vt 0.756699 0.470872
vt 0.756491 0.438065
vt 0.758992 0.443849
vt 0.756983 0.470807
vt 0.732055 0.414337
vt 0.734333 0.441507
vt 0.732667 0.414796
vt 0.732827 0.448374
vt 0.339141 0.291955
vt 0.339933 0.291706
vt 0.755816 0.431937
vt 0.759218 0.436785
vt 0.181124 0.418430
vt 0.627846 0.305179
vt 0.624961 0.299971
vt 0.284048 0.290518
vt 0.430460 0.289536
vt 0.592997 0.323834
vt 0.165904 0.939676
vt 0.755412 0.470322
vt 0.332992 0.276574
vt 0.031729 0.911410
vt 0.630177 0.472722
vt 0.242307 0.438769
vt 0.248256 0.447383
vt 0.462846 0.570057
vt 0.461364 0.563107
vt 0.029254 0.512056
vt 0.054408 0.489898
vt 0.052174 0.493784
vt 0.029254 0.512056
vt 0.041285 0.495527
vt 0.054479 0.489784
vt 0.738513 0.461525
vt 0.742326 0.442691
vt 0.740397 0.460181
vt 0.741698 0.443844
vt 0.741276 0.459851
vt 0.741585 0.459913
vt 0.051677 0.494892
vt 0.740058 0.475321
vt 0.741258 0.459858
vt 0.741531 0.476010
vt 0.741534 0.476011
vt 0.741683 0.459959
vt 0.741677 0.476078
vt 0.741698 0.459966
vt 0.741698 0.476088
vt 0.738747 0.474707
vt 0.738934 0.461639
vt 0.739121 0.448572
vt 0.735796 0.473326
vt 0.736171 0.463313
vt 0.736545 0.453300
vt 0.029254 0.512056
vt 0.055680 0.488525
vt 0.071978 0.461661
vt 0.053316 0.478998
vt 0.075595 0.474250
vt 0.081175 0.459837
vt 0.051688 0.494853
vt 0.073534 0.478692
vt 0.073294 0.478558
vt 0.093246 0.463919
vt 0.094439 0.463219
vt 0.096037 0.459586
vt 0.110466 0.451971
vt 0.112560 0.450447
vt 0.118845 0.444435
vt 0.110787 0.445349
vt 0.094618 0.450563
vt 0.106097 0.441139
vt 0.122253 0.438417
vt 0.116620 0.434929
vt 0.127773 0.440567
vt 0.136165 0.436352
vt 0.123602 0.427707
vt 0.125650 0.442472
vt 0.135538 0.437168
vt 0.124098 0.443374
vt 0.134325 0.437315
vt 0.141433 0.432687
vt 0.143353 0.432805
vt 0.145629 0.432831
vt 0.145078 0.428678
vt 0.154557 0.428964
vt 0.154557 0.428964
vt 0.146271 0.422139
vt 0.138469 0.427350
vt 0.145041 0.424661
vt 0.138842 0.416161
vt 0.142345 0.420460
vt 0.138187 0.416040
vt 0.134130 0.418749
vt 0.133350 0.411495
vt 0.133350 0.411495
vt 0.125387 0.417179
vt 0.117424 0.422864
vt 0.084870 0.439916
vt 0.092833 0.434232
vt 0.091591 0.429797
vt 0.084090 0.435525
vt 0.100796 0.428547
vt 0.099062 0.424093
vt 0.090350 0.425362
vt 0.083311 0.431134
vt 0.097345 0.419626
vt 0.100796 0.428547
vt 0.098823 0.424289
vt 0.096997 0.419911
vt 0.095416 0.415333
vt 0.095654 0.415137
vt 0.093981 0.410634
vt 0.092036 0.412498
vt 0.089108 0.420927
vt 0.082531 0.426742
vt 0.081752 0.422351
vt 0.117226 0.752057
vt 0.117226 0.733746
vt 0.104472 0.720532
vt 0.105688 0.749429
vt 0.117226 0.715435
vt 0.093446 0.738847
vt 0.087899 0.713302
vt 0.104307 0.714650
vt 0.082340 0.715001
vt 0.117226 0.715435
vt 0.104433 0.715285
vt 0.092562 0.715752
vt 0.082598 0.717624
vt 0.075774 0.722361
vt 0.065193 0.711651
vt 0.065193 0.711651
vt 0.071067 0.741543
vt 0.068132 0.726598
vt 0.072912 0.731088
vt 0.071810 0.742220
vt 0.071072 0.741544
vt 0.072984 0.742976
vt 0.074612 0.756752
vt 0.074150 0.756585
vt 0.073062 0.756185
vt 0.076952 0.771437
vt 0.076952 0.771437
vt 0.076952 0.771437
vt 0.087021 0.775747
vt 0.097089 0.780058
vt 0.095619 0.763429
vt 0.090157 0.406928
vt 0.098140 0.402823
vt 0.096828 0.398093
vt 0.091224 0.416295
vt 0.099452 0.407554
vt 0.078243 0.430859
vt 0.083492 0.415787
vt 0.088432 0.409258
vt 0.083492 0.415787
vt 0.090160 0.406940
vt 0.096828 0.398093
vt 0.090194 0.407073
vt 0.083541 0.415980
vt 0.076858 0.424767
vt 0.076829 0.424651
vt 0.076824 0.424634
vt 0.070156 0.433481
vt 0.070156 0.433481
vt 0.070584 0.435706
vt 0.071011 0.437931
vt 0.735047 0.493352
vt 0.738372 0.500842
vt 0.738560 0.487775
vt 0.735422 0.483339
vt 0.741698 0.508332
vt 0.741698 0.492210
vt 0.741683 0.492203
vt 0.741697 0.492210
vt 0.741585 0.492157
vt 0.740311 0.490751
vt 0.076944 0.425119
vt 0.741698 0.508332
vt 0.077162 0.426054
vt 0.070156 0.433481
vt 0.085644 0.415457
vt 0.084038 0.415983
vt 0.077162 0.426054
vt 0.077744 0.427790
vt 0.071011 0.437931
vt 0.078042 0.430545
vt 0.735047 0.493352
vt 0.735309 0.483286
vt 0.738128 0.487490
vt 0.738372 0.500842
vt 0.735632 0.473249
vt 0.738153 0.474429
vt 0.736058 0.463260
vt 0.736069 0.463253
vt 0.739121 0.448572
vt 0.733969 0.458027
vt 0.072726 0.460367
vt 0.065347 0.462469
vt 0.083469 0.453662
vt 0.075095 0.473537
vt 0.094271 0.447083
vt 0.093114 0.460526
vt 0.106210 0.443287
vt 0.115032 0.434246
vt 0.121484 0.441532
vt 0.127880 0.430878
vt 0.122779 0.425915
vt 0.138853 0.426945
vt 0.140383 0.421302
vt 0.137013 0.416699
vt 0.142238 0.425999
vt 0.145042 0.424661
vt 0.100796 0.428547
vt 0.097875 0.425047
vt 0.095746 0.420937
vt 0.085068 0.434799
vt 0.084545 0.430122
vt 0.092833 0.434232
vt 0.084870 0.439916
vt 0.076907 0.445601
vt 0.076556 0.441281
vt 0.109461 0.428549
vt 0.068944 0.451286
vt 0.069089 0.446981
vt 0.101499 0.434233
vt 0.069233 0.442677
vt 0.076223 0.436945
vt 0.094815 0.430513
vt 0.101787 0.425624
vt 0.101643 0.429929
vt 0.094447 0.439327
vt 0.086963 0.443592
vt 0.087943 0.435229
vt 0.080197 0.447125
vt 0.077378 0.445940
vt 0.076000 0.445050
vt 0.730643 0.466660
vt 0.731392 0.462755
vt 0.729894 0.470564
vt 0.735647 0.473256
vt 0.729145 0.474468
vt 0.732269 0.478897
vt 0.074622 0.444160
vt 0.073242 0.443272
vt 0.731722 0.485862
vt 0.728396 0.478372
vt 0.071866 0.442380
vt 0.071438 0.440156
vt 0.083288 0.428722
vt 0.086831 0.429209
vt 0.087506 0.432166
vt 0.094685 0.426720
vt 0.094241 0.423016
vt 0.101932 0.421320
vt 0.102076 0.417015
vt 0.069378 0.438372
vt 0.069522 0.434068
vt 0.075637 0.428209
vt 0.075921 0.432585
vt 0.084207 0.425231
vt 0.117226 0.788679
vt 0.107158 0.784368
vt 0.106491 0.766997
vt 0.117226 0.770368
vt 0.105872 0.750132
vt 0.117226 0.746777
vt 0.097089 0.780058
vt 0.095800 0.758002
vt 0.093384 0.419148
vt 0.092366 0.415247
vt 0.100764 0.412285
vt 0.091382 0.411560
vt 0.087021 0.775747
vt 0.076952 0.771437
vt 0.079319 0.758187
vt 0.086431 0.755362
vt 0.079263 0.745067
vt 0.079319 0.758187
vt 0.075388 0.748321
vt 0.079638 0.734468
vt 0.072914 0.731090
vt 0.080651 0.728104
vt 0.075772 0.722358
vt 0.085507 0.726436
vt 0.084274 0.720964
vt 0.093976 0.725135
vt 0.093268 0.718689
vt 0.079638 0.734468
vt 0.104970 0.723797
vt 0.092825 0.411742
vt 0.092587 0.417770
vt 0.094680 0.415948
vt 0.104630 0.717140
vt 0.145070 0.428678
vt 0.137478 0.431299
vt 0.137984 0.433379
vt 0.131166 0.435536
vt 0.137477 0.431299
vt 0.131166 0.435536
vt 0.121478 0.441525
vt 0.122897 0.443030
vt 0.108686 0.449671
vt 0.109461 0.451578
vt 0.108686 0.449671
vt 0.092902 0.463012
vt 0.073642 0.477194
vt 0.732283 0.478904
vt 0.732978 0.470303
vt 0.076000 0.445050
vt 0.073242 0.443272
vt 0.080198 0.447123
vt 0.086963 0.443592
vt 0.087506 0.432166
vt 0.086831 0.429209
vt 0.071865 0.442381
vt 0.084446 0.427584
vt 0.094241 0.423016
vt 0.093380 0.419132
vt 0.106423 0.766898
vt 0.075954 0.432557
vt 0.076272 0.436905
vt 0.094685 0.426720
vt 0.094816 0.430493
vt 0.094435 0.442642
vt 0.076590 0.441253
vt 0.084462 0.451230
vt 0.181255 0.432832
vt 0.187861 0.443692
vt 0.187170 0.449239
vt 0.179887 0.436383
vt 0.175089 0.421702
vt 0.174791 0.424331
vt 0.178176 0.419733
vt 0.171583 0.413418
vt 0.271432 0.548316
vt 0.280377 0.555526
vt 0.281061 0.557829
vt 0.272503 0.551397
vt 0.289681 0.564887
vt 0.289451 0.565823
vt 0.298025 0.576689
vt 0.282222 0.569334
vt 0.298524 0.587023
vt 0.277968 0.579066
vt 0.306071 0.589764
vt 0.298938 0.576607
vt 0.307581 0.590172
vt 0.314931 0.604768
vt 0.313170 0.604221
vt 0.308038 0.602604
vt 0.320006 0.619094
vt 0.318160 0.618581
vt 0.312818 0.617162
vt 0.304233 0.614928
vt 0.299754 0.599966
vt 0.289497 0.596785
vt 0.293579 0.612263
vt 0.306385 0.628505
vt 0.295782 0.626413
vt 0.314884 0.630276
vt 0.314463 0.641139
vt 0.306483 0.639942
vt 0.296392 0.638597
vt 0.320165 0.631443
vt 0.319375 0.642124
vt 0.321997 0.631895
vt 0.321069 0.642590
vt 0.317616 0.650839
vt 0.316237 0.650204
vt 0.312193 0.649182
vt 0.311945 0.656594
vt 0.310937 0.655422
vt 0.303976 0.654938
vt 0.305229 0.648773
vt 0.296000 0.648407
vt 0.295409 0.655601
vt 0.304375 0.659983
vt 0.295261 0.660002
vt 0.295366 0.661530
vt 0.285490 0.661867
vt 0.285428 0.660236
vt 0.285462 0.655478
vt 0.275643 0.661644
vt 0.275551 0.659965
vt 0.275423 0.655012
vt 0.285570 0.647676
vt 0.275225 0.646873
vt 0.285374 0.637162
vt 0.274723 0.635931
vt 0.265975 0.646339
vt 0.265430 0.635163
vt 0.266270 0.654652
vt 0.257660 0.651117
vt 0.256865 0.627750
vt 0.266452 0.659699
vt 0.257854 0.659482
vt 0.266543 0.661395
vt 0.257901 0.661175
vt 0.249171 0.660915
vt 0.249209 0.658684
vt 0.239810 0.660549
vt 0.239973 0.658424
vt 0.249321 0.640186
vt 0.240931 0.640441
vt 0.228972 0.652998
vt 0.231852 0.640242
vt 0.223002 0.639370
vt 0.229883 0.658245
vt 0.213553 0.654358
vt 0.229612 0.659904
vt 0.219733 0.658393
vt 0.211572 0.655327
vt 0.207658 0.648965
vt 0.206155 0.650011
vt 0.217880 0.624306
vt 0.205845 0.641364
vt 0.204150 0.641910
vt 0.205176 0.631108
vt 0.206629 0.630970
vt 0.208553 0.617943
vt 0.211476 0.612911
vt 0.213449 0.603161
vt 0.220232 0.603693
vt 0.227463 0.611848
vt 0.231826 0.588131
vt 0.224815 0.587960
vt 0.236306 0.564854
vt 0.232060 0.567757
vt 0.223014 0.579585
vt 0.219048 0.587701
vt 0.224737 0.572896
vt 0.230006 0.560053
vt 0.233503 0.552861
vt 0.234557 0.549997
vt 0.241482 0.546689
vt 0.238922 0.543688
vt 0.238215 0.543181
vt 0.241106 0.539066
vt 0.243417 0.536868
vt 0.245940 0.538302
vt 0.245297 0.535834
vt 0.245928 0.545215
vt 0.244280 0.562541
vt 0.240424 0.563229
vt 0.247892 0.562940
vt 0.251019 0.545569
vt 0.251844 0.563556
vt 0.246970 0.535382
vt 0.248990 0.535604
vt 0.251995 0.536762
vt 0.255301 0.540592
vt 0.256624 0.539117
vt 0.258361 0.550163
vt 0.265576 0.561639
vt 0.261240 0.573717
vt 0.264343 0.546382
vt 0.263281 0.542910
vt 0.171134 0.401659
vt 0.169747 0.403909
vt 0.168826 0.396375
vt 0.170585 0.389957
vt 0.168446 0.391243
vt 0.176845 0.393381
vt 0.176756 0.406270
vt 0.168537 0.388050
vt 0.187104 0.398876
vt 0.185956 0.413154
vt 0.221598 0.416101
vt 0.198739 0.413620
vt 0.197327 0.430151
vt 0.186364 0.427799
vt 0.210985 0.433340
vt 0.209244 0.448561
vt 0.223775 0.446769
vt 0.221922 0.458193
vt 0.225801 0.436172
vt 0.239013 0.443694
vt 0.236463 0.454329
vt 0.234037 0.465605
vt 0.247844 0.460065
vt 0.244907 0.470792
vt 0.250814 0.449705
vt 0.236615 0.432120
vt 0.253672 0.440744
vt 0.247844 0.428904
vt 0.222258 0.409783
vt 0.211215 0.399608
vt 0.241950 0.410651
vt 0.251382 0.422200
vt 0.269474 0.420430
vt 0.245424 0.403913
vt 0.272261 0.411714
vt 0.231611 0.393418
vt 0.261640 0.399938
vt 0.212435 0.394622
vt 0.198751 0.386840
vt 0.216400 0.385774
vt 0.249131 0.390337
vt 0.202441 0.381612
vt 0.232504 0.383660
vt 0.264165 0.387221
vt 0.275872 0.395648
vt 0.234539 0.381301
vt 0.266511 0.384159
vt 0.258802 0.382030
vt 0.272078 0.383897
vt 0.243493 0.380944
vt 0.227304 0.380247
vt 0.202350 0.380265
vt 0.211676 0.379879
vt 0.197992 0.379867
vt 0.189448 0.382458
vt 0.188352 0.380527
vt 0.183282 0.383810
vt 0.175294 0.383342
vt 0.179744 0.381062
vt 0.174686 0.382127
vt 0.187116 0.380246
vt 0.182902 0.386435
vt 0.171810 0.383417
vt 0.171723 0.386442
vt 0.170153 0.384751
vt 0.180770 0.388584
vt 0.179053 0.390609
vt 0.169105 0.386114
vt 0.284637 0.394769
vt 0.282348 0.387023
vt 0.289061 0.391900
vt 0.290474 0.398856
vt 0.292002 0.398848
vt 0.283943 0.405579
vt 0.290291 0.407095
vt 0.291896 0.407458
vt 0.287615 0.416349
vt 0.284571 0.425827
vt 0.276430 0.432422
vt 0.273767 0.440511
vt 0.281979 0.434671
vt 0.278964 0.442758
vt 0.283534 0.435324
vt 0.280499 0.443419
vt 0.286633 0.426620
vt 0.289733 0.417054
vt 0.275372 0.450582
vt 0.277371 0.451431
vt 0.273952 0.459870
vt 0.268058 0.457455
vt 0.264511 0.466953
vt 0.268816 0.468560
vt 0.270220 0.469033
vt 0.260662 0.476197
vt 0.264633 0.477548
vt 0.265896 0.477997
vt 0.257373 0.464190
vt 0.260673 0.454270
vt 0.253955 0.474116
vt 0.263758 0.445438
vt 0.242229 0.480565
vt 0.250664 0.482729
vt 0.256649 0.483818
vt 0.240197 0.488253
vt 0.248267 0.489195
vt 0.259347 0.485378
vt 0.254343 0.490453
vt 0.247518 0.493123
vt 0.239114 0.492946
vt 0.247451 0.494402
vt 0.238788 0.494436
vt 0.254791 0.491380
vt 0.260850 0.485704
vt 0.230254 0.484503
vt 0.229243 0.489609
vt 0.228882 0.491228
vt 0.218378 0.482876
vt 0.218103 0.484560
vt 0.219133 0.477601
vt 0.207610 0.467672
vt 0.207152 0.472854
vt 0.206977 0.474507
vt 0.196838 0.455106
vt 0.196552 0.460875
vt 0.196372 0.462281
vt 0.208307 0.459152
vt 0.220342 0.468964
vt 0.231904 0.476121
vt 0.278689 0.593639
vt 0.271215 0.604846
vt 0.282262 0.609628
vt 0.254760 0.588741
vt 0.256948 0.605617
vt 0.264466 0.621608
vt 0.273638 0.622647
vt 0.284416 0.624339
vt 0.249261 0.620802
vt 0.248875 0.597602
vt 0.241879 0.620537
vt 0.242890 0.597213
vt 0.236536 0.597117
vt 0.233985 0.620091
vt 0.424647 0.693570
vt 0.420133 0.696821
vt 0.420516 0.694339
vt 0.428151 0.685448
vt 0.421239 0.691594
vt 0.412931 0.701608
vt 0.430586 0.690144
vt 0.432983 0.684543
vt 0.434146 0.681782
vt 0.428193 0.685339
vt 0.432593 0.681392
vt 0.418728 0.693013
vt 0.430041 0.680591
vt 0.435003 0.679692
vt 0.425078 0.681491
vt 0.425078 0.681491
vt 0.414065 0.697530
vt 0.431838 0.694886
vt 0.435003 0.679692
vt 0.402936 0.713585
vt 0.428043 0.710289
vt 0.403265 0.714089
vt 0.403911 0.714536
vt 0.395139 0.729089
vt 0.393531 0.729318
vt 0.391901 0.729627
vt 0.387830 0.744094
vt 0.384941 0.744676
vt 0.423681 0.725764
vt 0.420397 0.741041
vt 0.381049 0.758914
vt 0.408969 0.756734
vt 0.379088 0.772342
vt 0.406666 0.771295
vt 0.383066 0.758500
vt 0.381117 0.771601
vt 0.382243 0.782719
vt 0.379430 0.784445
vt 0.376119 0.786611
vt 0.387456 0.790920
vt 0.384445 0.793892
vt 0.374839 0.800253
vt 0.374839 0.800253
vt 0.392361 0.799982
vt 0.409100 0.785479
vt 0.410596 0.799095
vt 0.397506 0.795610
vt 0.411353 0.797799
vt 0.427564 0.798756
vt 0.427500 0.799299
vt 0.426646 0.793906
vt 0.444929 0.799168
vt 0.444929 0.799168
vt 0.444929 0.799168
vt 0.441704 0.784377
vt 0.423646 0.770368
vt 0.438479 0.769587
vt 0.353582 0.514057
vt 0.358105 0.523941
vt 0.367943 0.527454
vt 0.359513 0.511443
vt 0.362628 0.533825
vt 0.371418 0.518422
vt 0.365819 0.508746
vt 0.377131 0.527723
vt 0.369757 0.530804
vt 0.362628 0.533824
vt 0.369588 0.530467
vt 0.377048 0.527058
vt 0.385557 0.523488
vt 0.385123 0.524447
vt 0.395842 0.519430
vt 0.395099 0.520499
vt 0.391084 0.521989
vt 0.378752 0.515445
vt 0.387762 0.511905
vt 0.372932 0.505849
vt 0.381516 0.502508
vt 0.399846 0.507320
vt 0.392055 0.498534
vt 0.406992 0.516020
vt 0.413610 0.502170
vt 0.404097 0.494109
vt 0.422899 0.510051
vt 0.408077 0.515482
vt 0.422013 0.509832
vt 0.408152 0.514614
vt 0.420638 0.509228
vt 0.430856 0.503527
vt 0.434492 0.503916
vt 0.438807 0.504083
vt 0.436060 0.497581
vt 0.454714 0.498114
vt 0.427948 0.496835
vt 0.454714 0.498114
vt 0.442509 0.491432
vt 0.416998 0.489474
vt 0.430305 0.484750
vt 0.434296 0.491383
vt 0.426919 0.484816
vt 0.442509 0.491432
vt 0.415913 0.477737
vt 0.417245 0.477696
vt 0.418100 0.478068
vt 0.402628 0.469996
vt 0.404430 0.470451
vt 0.393905 0.473546
vt 0.405808 0.481844
vt 0.383528 0.476504
vt 0.394139 0.485663
vt 0.380682 0.464107
vt 0.389253 0.461691
vt 0.372139 0.466385
vt 0.362468 0.454968
vt 0.373578 0.452531
vt 0.373901 0.452805
vt 0.388208 0.461601
vt 0.373827 0.453202
vt 0.360666 0.445614
vt 0.350162 0.439336
vt 0.357420 0.443104
vt 0.349926 0.439690
vt 0.341262 0.433677
vt 0.338107 0.433019
vt 0.357327 0.443114
vt 0.341262 0.433677
vt 0.338605 0.433884
vt 0.342424 0.436036
vt 0.337413 0.434241
vt 0.333864 0.433729
vt 0.328931 0.433880
vt 0.330552 0.431543
vt 0.331170 0.434256
vt 0.341510 0.448630
vt 0.363081 0.467278
vt 0.327227 0.434821
vt 0.338656 0.451746
vt 0.333281 0.449826
vt 0.340280 0.463107
vt 0.326796 0.437451
vt 0.326202 0.436289
vt 0.328888 0.435620
vt 0.324743 0.439372
vt 0.324449 0.438800
vt 0.322697 0.441311
vt 0.322697 0.441311
vt 0.328156 0.454555
vt 0.330664 0.452181
vt 0.333616 0.467800
vt 0.336840 0.465431
vt 0.439966 0.678792
vt 0.441704 0.693421
vt 0.444929 0.677893
vt 0.438479 0.708950
vt 0.439901 0.678946
vt 0.439966 0.678792
vt 0.444929 0.677893
vt 0.439636 0.679547
vt 0.438918 0.681279
vt 0.327505 0.445089
vt 0.322697 0.441310
vt 0.324742 0.439371
vt 0.444928 0.677893
vt 0.437186 0.686202
vt 0.330691 0.444779
vt 0.329110 0.439164
vt 0.326792 0.437442
vt 0.327505 0.445089
vt 0.335020 0.461417
vt 0.328156 0.454555
vt 0.330692 0.444782
vt 0.344655 0.471276
vt 0.437186 0.686202
vt 0.441704 0.693421
vt 0.430937 0.706659
vt 0.430586 0.690144
vt 0.418223 0.712934
vt 0.425700 0.725604
vt 0.412638 0.727139
vt 0.435255 0.724478
vt 0.422910 0.740787
vt 0.412495 0.741732
vt 0.432030 0.740007
vt 0.435255 0.754797
vt 0.422629 0.755613
vt 0.410512 0.756412
vt 0.424339 0.773788
vt 0.410398 0.773133
vt 0.344535 0.494289
vt 0.348787 0.490540
vt 0.354240 0.501327
vt 0.349059 0.504173
vt 0.361192 0.514697
vt 0.353582 0.514057
vt 0.353686 0.487784
vt 0.359885 0.498568
vt 0.365523 0.508064
vt 0.342960 0.478441
vt 0.339076 0.481045
vt 0.348244 0.467530
vt 0.359374 0.485196
vt 0.346496 0.455876
vt 0.357722 0.471311
vt 0.366146 0.482507
vt 0.374170 0.492745
vt 0.366403 0.495780
vt 0.372748 0.504996
vt 0.381388 0.501621
vt 0.374098 0.479585
vt 0.383299 0.489330
vt 0.391523 0.497774
vt 0.382457 0.476639
vt 0.392880 0.485816
vt 0.401975 0.493776
vt 0.364401 0.468923
vt 0.371418 0.466628
vt 0.351810 0.454633
vt 0.363317 0.456138
vt 0.377957 0.464616
vt 0.390238 0.473964
vt 0.370513 0.454592
vt 0.383167 0.463051
vt 0.396454 0.471856
vt 0.408850 0.480032
vt 0.401761 0.482586
vt 0.411370 0.490081
vt 0.418818 0.487211
vt 0.396454 0.471856
vt 0.400416 0.470545
vt 0.413392 0.478449
vt 0.418818 0.487211
vt 0.423814 0.485541
vt 0.426910 0.484817
vt 0.383167 0.463051
vt 0.386443 0.462054
vt 0.370513 0.454592
vt 0.372911 0.453811
vt 0.359963 0.447579
vt 0.361107 0.446740
vt 0.353527 0.447783
vt 0.359963 0.447579
vt 0.353244 0.443241
vt 0.349951 0.439714
vt 0.349058 0.441863
vt 0.342075 0.441030
vt 0.349058 0.441863
vt 0.341148 0.437042
vt 0.334177 0.436723
vt 0.336615 0.442024
vt 0.333586 0.443465
vt 0.333586 0.443465
vt 0.336615 0.442025
vt 0.425076 0.493134
vt 0.434305 0.491383
vt 0.427484 0.497045
vt 0.436067 0.497581
vt 0.423069 0.500418
vt 0.427177 0.502590
vt 0.414612 0.504982
vt 0.418305 0.507810
vt 0.418259 0.496166
vt 0.425076 0.493134
vt 0.409222 0.500259
vt 0.398372 0.504664
vt 0.403513 0.509744
vt 0.387453 0.508869
vt 0.392017 0.514224
vt 0.378099 0.512565
vt 0.382130 0.518165
vt 0.370356 0.516062
vt 0.373989 0.521987
vt 0.394806 0.517574
vt 0.384589 0.521632
vt 0.376130 0.525432
vt 0.406722 0.512902
vt 0.368811 0.529116
vt 0.427446 0.796607
vt 0.444929 0.799168
vt 0.411803 0.794737
vt 0.441704 0.784377
vt 0.358105 0.523941
vt 0.398634 0.770140
vt 0.399894 0.787267
vt 0.389874 0.770449
vt 0.390731 0.788343
vt 0.389874 0.770449
vt 0.382239 0.782720
vt 0.381118 0.771600
vt 0.397513 0.795598
vt 0.391433 0.757734
vt 0.386127 0.758160
vt 0.390715 0.743754
vt 0.395501 0.743299
vt 0.401642 0.728406
vt 0.397530 0.728838
vt 0.408743 0.714592
vt 0.405484 0.714798
vt 0.401986 0.727737
vt 0.402984 0.742607
vt 0.395501 0.743299
vt 0.399779 0.757141
vt 0.391433 0.757734
vt 0.424649 0.693566
vt 0.342925 0.478373
vt 0.348787 0.490540
vt 0.347112 0.475866
vt 0.353686 0.487784
vt 0.354267 0.501375
vt 0.359922 0.498653
vt 0.422440 0.755708
vt 0.366426 0.495887
vt 0.356209 0.480226
vt 0.374186 0.492856
vt 0.357618 0.471154
vt 0.374232 0.479568
vt 0.383490 0.489401
vt 0.095557 0.123507
vt 0.099354 0.118427
vt 0.101884 0.119423
vt 0.093473 0.126787
vt 0.091860 0.125822
vt 0.092852 0.120444
vt 0.099354 0.118427
vt 0.091860 0.125822
vt 0.095328 0.126895
vt 0.089328 0.131763
vt 0.086820 0.128053
vt 0.082400 0.133019
vt 0.083810 0.134594
vt 0.088870 0.133412
vt 0.083337 0.135743
vt 0.095919 0.127754
vt 0.088467 0.135065
vt 0.083107 0.136338
vt 0.093828 0.133792
vt 0.107484 0.113381
vt 0.098892 0.112463
vt 0.093828 0.133793
vt 0.088467 0.135070
vt 0.109232 0.110173
vt 0.101877 0.119414
vt 0.108731 0.109862
vt 0.115528 0.099029
vt 0.116466 0.098964
vt 0.117123 0.098972
vt 0.121754 0.087595
vt 0.122974 0.087474
vt 0.124887 0.087366
vt 0.114197 0.088689
vt 0.108385 0.100342
vt 0.100061 0.101581
vt 0.104950 0.089823
vt 0.118739 0.077003
vt 0.109147 0.077907
vt 0.128738 0.075964
vt 0.132589 0.064562
vt 0.122612 0.065273
vt 0.112824 0.065876
vt 0.127983 0.076064
vt 0.131760 0.065047
vt 0.126882 0.076214
vt 0.130500 0.065553
vt 0.132114 0.056323
vt 0.134182 0.054912
vt 0.136440 0.053160
vt 0.130784 0.049392
vt 0.140290 0.041758
vt 0.140290 0.041758
vt 0.129883 0.041712
vt 0.126284 0.053503
vt 0.116216 0.053785
vt 0.119476 0.041666
vt 0.125866 0.045316
vt 0.118238 0.043304
vt 0.109126 0.042284
vt 0.109069 0.041620
vt 0.099569 0.041427
vt 0.098662 0.041574
vt 0.106348 0.053915
vt 0.096947 0.053629
vt 0.103411 0.066252
vt 0.094558 0.066226
vt 0.088307 0.052580
vt 0.086353 0.065641
vt 0.090087 0.039508
vt 0.080034 0.051008
vt 0.078511 0.064466
vt 0.081450 0.037453
vt 0.090323 0.039339
vt 0.090331 0.040126
vt 0.081284 0.038361
vt 0.072066 0.036225
vt 0.071294 0.035044
vt 0.072212 0.035200
vt 0.062268 0.033728
vt 0.070116 0.048609
vt 0.069983 0.062477
vt 0.036752 0.049832
vt 0.030848 0.024184
vt 0.019665 0.031900
vt 0.034038 0.026404
vt 0.051741 0.031009
vt 0.041418 0.028819
vt 0.032539 0.028142
vt 0.026497 0.030295
vt 0.016325 0.020230
vt 0.016325 0.020230
vt 0.023004 0.043571
vt 0.022074 0.034250
vt 0.023765 0.044442
vt 0.023004 0.043571
vt 0.019664 0.031900
vt 0.024253 0.036263
vt 0.024989 0.045481
vt 0.027512 0.057071
vt 0.026678 0.056161
vt 0.026343 0.055241
vt 0.031032 0.070548
vt 0.030195 0.069099
vt 0.041138 0.075852
vt 0.038317 0.062260
vt 0.043672 0.090306
vt 0.034299 0.084521
vt 0.057453 0.110575
vt 0.040015 0.101716
vt 0.038572 0.100419
vt 0.034939 0.085346
vt 0.038950 0.100178
vt 0.042883 0.113504
vt 0.042951 0.117820
vt 0.046601 0.123965
vt 0.048172 0.129400
vt 0.047374 0.134790
vt 0.050422 0.135337
vt 0.049371 0.120598
vt 0.047374 0.134790
vt 0.053470 0.135885
vt 0.053923 0.135270
vt 0.053470 0.135885
vt 0.050422 0.135337
vt 0.050044 0.130334
vt 0.053307 0.133627
vt 0.056513 0.135188
vt 0.063911 0.137623
vt 0.059715 0.135915
vt 0.065042 0.137541
vt 0.064104 0.125640
vt 0.070875 0.126620
vt 0.076010 0.114973
vt 0.062959 0.136448
vt 0.066336 0.136853
vt 0.069966 0.137040
vt 0.070620 0.138622
vt 0.074032 0.136869
vt 0.075988 0.137532
vt 0.077746 0.137614
vt 0.083107 0.136341
vt 0.077746 0.137612
vt 0.078678 0.136155
vt 0.072319 0.134656
vt 0.071901 0.130352
vt 0.076463 0.130144
vt 0.081534 0.129453
vt 0.067123 0.129977
vt 0.065680 0.134424
vt 0.071901 0.130352
vt 0.078884 0.123145
vt 0.070227 0.114342
vt 0.081894 0.113915
vt 0.076463 0.130144
vt 0.084894 0.121399
vt 0.081959 0.113912
vt 0.086820 0.128053
vt 0.098789 0.111370
vt 0.096756 0.101887
vt 0.085354 0.103053
vt 0.096350 0.090703
vt 0.103991 0.089938
vt 0.088731 0.091174
vt 0.091801 0.078934
vt 0.100002 0.078688
vt 0.108154 0.078141
vt 0.103108 0.067246
vt 0.111547 0.067056
vt 0.094447 0.067198
vt 0.081703 0.091162
vt 0.084148 0.078693
vt 0.091801 0.078934
vt 0.086252 0.066675
vt 0.094447 0.067198
vt 0.073634 0.090213
vt 0.074953 0.077407
vt 0.078372 0.065564
vt 0.075604 0.102863
vt 0.060958 0.111279
vt 0.061420 0.099605
vt 0.061793 0.086864
vt 0.062015 0.073771
vt 0.070445 0.063781
vt 0.062110 0.061242
vt 0.042400 0.077310
vt 0.041266 0.064426
vt 0.062015 0.073771
vt 0.041174 0.053111
vt 0.062110 0.061242
vt 0.039070 0.087904
vt 0.060958 0.111279
vt 0.047693 0.104711
vt 0.042198 0.101420
vt 0.035907 0.073630
vt 0.032986 0.060195
vt 0.030982 0.048774
vt 0.035907 0.073630
vt 0.032718 0.071752
vt 0.029411 0.058272
vt 0.030982 0.048774
vt 0.026956 0.041882
vt 0.039089 0.087915
vt 0.036365 0.086297
vt 0.042198 0.101420
vt 0.040016 0.100366
vt 0.044969 0.112475
vt 0.046492 0.120914
vt 0.042880 0.113563
vt 0.044967 0.112473
vt 0.046927 0.119312
vt 0.049258 0.122506
vt 0.054124 0.126408
vt 0.060100 0.128765
vt 0.049258 0.122506
vt 0.051573 0.129166
vt 0.058140 0.133035
vt 0.062735 0.136411
vt 0.060101 0.128766
vt 0.060101 0.128766
vt 0.060490 0.121221
vt 0.030464 0.040327
vt 0.026489 0.030286
vt 0.031671 0.036395
vt 0.034261 0.031418
vt 0.042646 0.032514
vt 0.046272 0.045121
vt 0.030464 0.040327
vt 0.062124 0.050244
vt 0.062103 0.041745
vt 0.062124 0.050244
vt 0.071521 0.044256
vt 0.079570 0.054727
vt 0.080443 0.046319
vt 0.071519 0.044279
vt 0.057506 0.035185
vt 0.071809 0.038930
vt 0.080987 0.041037
vt 0.089217 0.047861
vt 0.089989 0.042706
vt 0.099567 0.041436
vt 0.098181 0.048902
vt 0.107410 0.049543
vt 0.109064 0.042549
vt 0.115901 0.050312
vt 0.117257 0.045754
vt 0.118239 0.043301
vt 0.105591 0.057248
vt 0.096598 0.056881
vt 0.114071 0.057548
vt 0.087960 0.056076
vt 0.089217 0.047861
vt 0.098181 0.048902
vt 0.118926 0.066833
vt 0.121058 0.058063
vt 0.122479 0.051705
vt 0.124637 0.066530
vt 0.126195 0.058313
vt 0.127301 0.050666
vt 0.129669 0.057558
vt 0.128338 0.066078
vt 0.130789 0.049388
vt 0.125869 0.045313
vt 0.121208 0.076891
vt 0.124855 0.076472
vt 0.119802 0.087852
vt 0.116344 0.088335
vt 0.110641 0.099762
vt 0.113797 0.099259
vt 0.104749 0.110126
vt 0.107434 0.109769
vt 0.110641 0.099762
vt 0.105642 0.100591
vt 0.110905 0.089081
vt 0.104749 0.110126
vt 0.115473 0.077488
vt 0.121208 0.076891
vt 0.092335 0.102568
vt 0.081912 0.103251
vt 0.096470 0.090689
vt 0.072258 0.102677
vt 0.073661 0.090219
vt 0.084161 0.078564
vt 0.076891 0.077693
vt 0.091815 0.078813
vt 0.100144 0.078553
vt 0.069698 0.076112
vt 0.057104 0.084777
vt 0.058022 0.098220
vt 0.206633 0.678735
vt 0.208157 0.688394
vt 0.208097 0.688979
vt 0.205945 0.671009
vt 0.208126 0.685501
vt 0.207916 0.665108
vt 0.207558 0.657391
vt 0.207708 0.658349
vt 0.208143 0.666803
vt 0.301084 0.609609
vt 0.300872 0.599225
vt 0.301260 0.610557
vt 0.208311 0.671022
vt 0.207941 0.665295
vt 0.208641 0.673098
vt 0.303181 0.625238
vt 0.302000 0.619036
vt 0.302500 0.610813
vt 0.304528 0.629549
vt 0.303895 0.616834
vt 0.301966 0.599534
vt 0.303092 0.602639
vt 0.303998 0.606425
vt 0.302432 0.587464
vt 0.303098 0.589909
vt 0.275086 0.557152
vt 0.280996 0.568203
vt 0.278654 0.565882
vt 0.272787 0.553993
vt 0.301812 0.586260
vt 0.301314 0.585978
vt 0.301562 0.570819
vt 0.302022 0.571286
vt 0.302462 0.572720
vt 0.301483 0.555054
vt 0.301882 0.555593
vt 0.290099 0.584328
vt 0.295911 0.598838
vt 0.294356 0.597880
vt 0.288958 0.583268
vt 0.291816 0.596439
vt 0.287001 0.581631
vt 0.282606 0.570187
vt 0.284255 0.579854
vt 0.288350 0.594921
vt 0.296490 0.612372
vt 0.286961 0.609441
vt 0.301190 0.627635
vt 0.292397 0.624748
vt 0.299749 0.613830
vt 0.296454 0.599218
vt 0.300495 0.614202
vt 0.302261 0.628220
vt 0.301635 0.639742
vt 0.300497 0.638743
vt 0.298559 0.647724
vt 0.297632 0.645905
vt 0.285462 0.635626
vt 0.280299 0.644384
vt 0.292269 0.649921
vt 0.293092 0.651628
vt 0.285684 0.652449
vt 0.276969 0.651596
vt 0.277381 0.649775
vt 0.267902 0.650608
vt 0.268784 0.648021
vt 0.273275 0.634543
vt 0.278727 0.622837
vt 0.265442 0.635198
vt 0.269095 0.623665
vt 0.260358 0.648167
vt 0.257516 0.636863
vt 0.261425 0.625632
vt 0.252175 0.649370
vt 0.259288 0.650719
vt 0.251020 0.651804
vt 0.242761 0.653401
vt 0.243902 0.651185
vt 0.234174 0.655045
vt 0.235229 0.653133
vt 0.249283 0.639117
vt 0.240527 0.641543
vt 0.253251 0.628247
vt 0.244434 0.631125
vt 0.231265 0.643740
vt 0.235020 0.633907
vt 0.228072 0.650810
vt 0.220691 0.645612
vt 0.225796 0.636345
vt 0.216559 0.651703
vt 0.222804 0.655181
vt 0.225180 0.656277
vt 0.216732 0.656650
vt 0.209970 0.655727
vt 0.210982 0.654752
vt 0.205729 0.653093
vt 0.207168 0.652265
vt 0.206261 0.647822
vt 0.217670 0.638267
vt 0.207456 0.640631
vt 0.204510 0.648327
vt 0.205765 0.640981
vt 0.208656 0.630658
vt 0.209896 0.630404
vt 0.212204 0.617202
vt 0.213827 0.615491
vt 0.224238 0.613091
vt 0.220939 0.627170
vt 0.232484 0.610064
vt 0.229349 0.624543
vt 0.231936 0.585367
vt 0.234677 0.593358
vt 0.234259 0.566917
vt 0.217071 0.600153
vt 0.215614 0.600916
vt 0.218945 0.583703
vt 0.222291 0.573176
vt 0.222494 0.567708
vt 0.228751 0.557403
vt 0.226641 0.554447
vt 0.228971 0.552269
vt 0.238174 0.548478
vt 0.238979 0.539812
vt 0.231652 0.544904
vt 0.237236 0.538566
vt 0.242921 0.534562
vt 0.248038 0.532085
vt 0.251586 0.533182
vt 0.252374 0.540519
vt 0.245282 0.556227
vt 0.246650 0.571377
vt 0.262595 0.549631
vt 0.267108 0.563418
vt 0.259224 0.538710
vt 0.257272 0.532090
vt 0.252041 0.530498
vt 0.255061 0.529778
vt 0.257398 0.530056
vt 0.259352 0.531463
vt 0.260341 0.533429
vt 0.263101 0.539578
vt 0.267418 0.549733
vt 0.272289 0.562911
vt 0.265436 0.541746
vt 0.270238 0.551367
vt 0.275751 0.563953
vt 0.304981 0.609855
vt 0.305095 0.620740
vt 0.305782 0.632799
vt 0.306131 0.630463
vt 0.306187 0.623640
vt 0.229416 0.701083
vt 0.228931 0.701711
vt 0.229145 0.701197
vt 0.229615 0.700547
vt 0.206294 0.660636
vt 0.205928 0.665449
vt 0.205800 0.663000
vt 0.206253 0.658405
vt 0.229054 0.703381
vt 0.228777 0.702633
vt 0.207857 0.664170
vt 0.207122 0.667255
vt 0.206989 0.657427
vt 0.230406 0.702755
vt 0.230854 0.700807
vt 0.230098 0.700204
vt 0.230672 0.700137
vt 0.227743 0.705144
vt 0.229498 0.708979
vt 0.226702 0.708377
vt 0.228226 0.703181
vt 0.227072 0.705563
vt 0.225720 0.708648
vt 0.208733 0.678015
vt 0.208248 0.681609
vt 0.226458 0.706216
vt 0.224725 0.709404
vt 0.224868 0.712129
vt 0.223606 0.712532
vt 0.223126 0.716046
vt 0.224906 0.715850
vt 0.224277 0.719562
vt 0.222583 0.720805
vt 0.225440 0.722903
vt 0.227143 0.716321
vt 0.226581 0.719782
vt 0.227452 0.723759
vt 0.228372 0.720282
vt 0.229342 0.724122
vt 0.227353 0.712371
vt 0.230938 0.713708
vt 0.229807 0.717255
vt 0.231755 0.708514
vt 0.231852 0.718058
vt 0.232486 0.721724
vt 0.230333 0.720956
vt 0.231368 0.724706
vt 0.233583 0.725443
vt 0.234091 0.718912
vt 0.234813 0.722512
vt 0.235710 0.725529
vt 0.236339 0.719747
vt 0.237128 0.723259
vt 0.238002 0.726126
vt 0.233674 0.714834
vt 0.235771 0.715691
vt 0.233507 0.708766
vt 0.235280 0.709561
vt 0.236879 0.710377
vt 0.237679 0.716475
vt 0.238371 0.720493
vt 0.239059 0.716399
vt 0.240807 0.721406
vt 0.240820 0.724425
vt 0.239203 0.723912
vt 0.240010 0.726611
vt 0.242362 0.727241
vt 0.241798 0.724757
vt 0.242102 0.724888
vt 0.242809 0.727419
vt 0.241227 0.721588
vt 0.240088 0.717466
vt 0.240377 0.717594
vt 0.238523 0.709821
vt 0.239544 0.713371
vt 0.237509 0.706594
vt 0.238658 0.709448
vt 0.236372 0.704627
vt 0.234455 0.704365
vt 0.234550 0.702584
vt 0.235028 0.702297
vt 0.236397 0.703852
vt 0.237630 0.706194
vt 0.233639 0.701313
vt 0.232389 0.700705
vt 0.231411 0.700315
vt 0.241967 0.728775
vt 0.242604 0.729922
vt 0.243107 0.729218
vt 0.242789 0.730382
vt 0.241358 0.729781
vt 0.241543 0.730718
vt 0.241724 0.731021
vt 0.239383 0.729723
vt 0.239897 0.730886
vt 0.240037 0.731239
vt 0.237245 0.729420
vt 0.235524 0.730312
vt 0.233401 0.729903
vt 0.231369 0.729498
vt 0.233593 0.730419
vt 0.231569 0.730024
vt 0.235709 0.730828
vt 0.237807 0.730753
vt 0.237937 0.731138
vt 0.229351 0.729214
vt 0.229554 0.729756
vt 0.227306 0.729271
vt 0.227463 0.729728
vt 0.226718 0.727498
vt 0.224696 0.727796
vt 0.224048 0.729617
vt 0.223167 0.730180
vt 0.222784 0.727924
vt 0.220177 0.720526
vt 0.220992 0.725479
vt 0.221381 0.729378
vt 0.219998 0.725530
vt 0.220197 0.728624
vt 0.219318 0.727068
vt 0.219333 0.724138
vt 0.219168 0.724247
vt 0.220057 0.729025
vt 0.221375 0.729981
vt 0.219737 0.720748
vt 0.300156 0.540595
vt 0.298807 0.527839
vt 0.299479 0.526968
vt 0.300783 0.539951
vt 0.300958 0.555585
vt 0.221353 0.716734
vt 0.220692 0.717089
vt 0.222451 0.713313
vt 0.222131 0.713548
vt 0.301150 0.571282
vt 0.223764 0.710378
vt 0.301016 0.586261
vt 0.225480 0.707561
vt 0.225886 0.706981
vt 0.225378 0.707666
vt 0.280756 0.578456
vt 0.275358 0.578095
vt 0.281621 0.593718
vt 0.269856 0.595674
vt 0.261418 0.582168
vt 0.271987 0.609924
vt 0.264728 0.612083
vt 0.278632 0.608826
vt 0.256781 0.614955
vt 0.258952 0.599688
vt 0.248072 0.618195
vt 0.250640 0.603070
vt 0.251570 0.586299
vt 0.243182 0.589828
vt 0.241577 0.606627
vt 0.238686 0.621475
vt 0.617820 0.265440
vt 0.621486 0.258303
vt 0.619338 0.271462
vt 0.613966 0.276256
vt 0.617916 0.264323
vt 0.622064 0.255572
vt 0.612654 0.276092
vt 0.623271 0.258676
vt 0.625098 0.249374
vt 0.222935 0.487526
vt 0.217309 0.481923
vt 0.216023 0.478539
vt 0.211077 0.473892
vt 0.215573 0.474183
vt 0.220748 0.478165
vt 0.208507 0.464290
vt 0.211694 0.464020
vt 0.216984 0.466533
vt 0.201473 0.449639
vt 0.206163 0.450468
vt 0.211837 0.451675
vt 0.205244 0.462437
vt 0.198465 0.449456
vt 0.204321 0.462859
vt 0.197144 0.449510
vt 0.189716 0.434962
vt 0.191239 0.434943
vt 0.194644 0.434959
vt 0.182451 0.420835
vt 0.184063 0.420684
vt 0.187685 0.420338
vt 0.193109 0.419824
vt 0.199745 0.435071
vt 0.205885 0.435283
vt 0.199696 0.419248
vt 0.188851 0.406139
vt 0.181283 0.407593
vt 0.176824 0.397039
vt 0.194764 0.392045
vt 0.177541 0.408288
vt 0.172456 0.398096
vt 0.175882 0.408570
vt 0.170777 0.398394
vt 0.167915 0.390170
vt 0.169569 0.390071
vt 0.173218 0.389337
vt 0.167893 0.383511
vt 0.169706 0.383956
vt 0.190840 0.382409
vt 0.186904 0.375825
vt 0.172479 0.378832
vt 0.171089 0.378011
vt 0.177176 0.373446
vt 0.185594 0.369658
vt 0.186711 0.370912
vt 0.195497 0.366608
vt 0.196672 0.368458
vt 0.201148 0.379655
vt 0.204676 0.389891
vt 0.210274 0.377932
vt 0.212778 0.388627
vt 0.207105 0.366193
vt 0.220267 0.376705
vt 0.221515 0.387788
vt 0.219325 0.368721
vt 0.218622 0.363988
vt 0.206229 0.364266
vt 0.218175 0.362510
vt 0.231981 0.361198
vt 0.232140 0.363297
vt 0.248294 0.360186
vt 0.248111 0.362357
vt 0.232030 0.375866
vt 0.246465 0.375308
vt 0.231935 0.387287
vt 0.245082 0.387035
vt 0.263822 0.375001
vt 0.261399 0.386974
vt 0.268499 0.366361
vt 0.281731 0.375229
vt 0.278921 0.387159
vt 0.266793 0.361136
vt 0.298663 0.363329
vt 0.267151 0.359505
vt 0.286169 0.359879
vt 0.302535 0.362197
vt 0.311499 0.368549
vt 0.314160 0.367297
vt 0.315645 0.376365
vt 0.306775 0.387897
vt 0.316391 0.387913
vt 0.319591 0.375846
vt 0.319212 0.387856
vt 0.313911 0.403061
vt 0.311212 0.402967
vt 0.301958 0.402766
vt 0.304778 0.420739
vt 0.301448 0.420624
vt 0.269798 0.419904
vt 0.274897 0.402203
vt 0.254850 0.439264
vt 0.290355 0.439770
vt 0.251068 0.459083
vt 0.274350 0.458185
vt 0.279027 0.458337
vt 0.293057 0.439850
vt 0.280415 0.458549
vt 0.268494 0.474944
vt 0.262998 0.479145
vt 0.265292 0.473564
vt 0.258416 0.487777
vt 0.254789 0.490614
vt 0.245889 0.490896
vt 0.243588 0.499696
vt 0.250912 0.496285
vt 0.245677 0.501050
vt 0.242149 0.502987
vt 0.239781 0.502996
vt 0.239996 0.500103
vt 0.237281 0.490159
vt 0.241253 0.476953
vt 0.240896 0.458703
vt 0.236417 0.475959
vt 0.235037 0.457885
vt 0.235289 0.488525
vt 0.233308 0.474501
vt 0.230719 0.456767
vt 0.236443 0.499997
vt 0.238041 0.501865
vt 0.234517 0.497682
vt 0.232976 0.486346
vt 0.231761 0.494733
vt 0.229938 0.483912
vt 0.226917 0.470772
vt 0.230404 0.472714
vt 0.222848 0.454164
vt 0.226977 0.455482
vt 0.225747 0.481310
vt 0.222303 0.468773
vt 0.217651 0.452909
vt 0.227844 0.491561
vt 0.666781 0.525266
vt 0.668778 0.524772
vt 0.665588 0.527459
vt 0.672990 0.520705
vt 0.671907 0.522616
vt 0.667129 0.520251
vt 0.669398 0.518596
vt 0.672281 0.516943
vt 0.665260 0.521773
vt 0.663573 0.529543
vt 0.670981 0.508907
vt 0.673405 0.507748
vt 0.668837 0.509997
vt 0.629169 0.261217
vt 0.630594 0.258990
vt 0.632172 0.274571
vt 0.629693 0.276694
vt 0.627127 0.263792
vt 0.626488 0.279064
vt 0.625923 0.254778
vt 0.627845 0.251598
vt 0.624240 0.266722
vt 0.622363 0.281694
vt 0.617745 0.284464
vt 0.675596 0.514929
vt 0.620898 0.297850
vt 0.614928 0.300194
vt 0.630480 0.293577
vt 0.625526 0.311831
vt 0.613067 0.315344
vt 0.628075 0.325130
vt 0.608708 0.329044
vt 0.620386 0.337744
vt 0.633590 0.337632
vt 0.633136 0.309356
vt 0.636599 0.323038
vt 0.641920 0.336615
vt 0.637867 0.307477
vt 0.642306 0.321274
vt 0.647266 0.332496
vt 0.634515 0.291376
vt 0.673254 0.495133
vt 0.670336 0.495429
vt 0.674357 0.478660
vt 0.678024 0.478909
vt 0.678167 0.462220
vt 0.682659 0.463054
vt 0.666480 0.495239
vt 0.669373 0.478022
vt 0.672063 0.461084
vt 0.674268 0.445950
vt 0.681390 0.447607
vt 0.686743 0.449033
vt 0.684544 0.432322
vt 0.690148 0.437253
vt 0.676303 0.430300
vt 0.663997 0.459499
vt 0.665065 0.443919
vt 0.665929 0.430644
vt 0.654946 0.457661
vt 0.654877 0.441730
vt 0.655083 0.428217
vt 0.662727 0.476839
vt 0.655228 0.475298
vt 0.659258 0.493853
vt 0.646677 0.490158
vt 0.644024 0.472791
vt 0.646220 0.455855
vt 0.635148 0.453514
vt 0.632911 0.437021
vt 0.645140 0.439674
vt 0.644970 0.426170
vt 0.632497 0.423323
vt 0.630815 0.436498
vt 0.630306 0.422592
vt 0.633310 0.453096
vt 0.638444 0.471560
vt 0.637242 0.471310
vt 0.646464 0.505124
vt 0.641875 0.489302
vt 0.653042 0.521704
vt 0.650369 0.515535
vt 0.654793 0.519107
vt 0.656655 0.528990
vt 0.656147 0.531064
vt 0.653743 0.526190
vt 0.650553 0.517751
vt 0.662455 0.523154
vt 0.657969 0.533247
vt 0.660673 0.532869
vt 0.659410 0.533597
vt 0.662000 0.531463
vt 0.666559 0.510764
vt 0.662816 0.510795
vt 0.634410 0.413311
vt 0.632280 0.412158
vt 0.638525 0.407227
vt 0.637195 0.405553
vt 0.646218 0.410149
vt 0.645762 0.404467
vt 0.645255 0.402822
vt 0.655820 0.410846
vt 0.655809 0.404895
vt 0.655671 0.403177
vt 0.666973 0.413537
vt 0.678433 0.410982
vt 0.687895 0.414125
vt 0.692817 0.427854
vt 0.694694 0.420979
vt 0.695735 0.416752
vt 0.688109 0.412112
vt 0.695949 0.415225
vt 0.678560 0.408894
vt 0.667274 0.407289
vt 0.667298 0.405592
vt 0.650058 0.352362
vt 0.657930 0.350989
vt 0.658716 0.352640
vt 0.650821 0.354064
vt 0.640509 0.353694
vt 0.641153 0.355337
vt 0.629166 0.354805
vt 0.629643 0.356398
vt 0.617539 0.355311
vt 0.615470 0.360772
vt 0.625884 0.345592
vt 0.615346 0.346609
vt 0.652016 0.341198
vt 0.600026 0.340413
vt 0.601730 0.347358
vt 0.607363 0.354643
vt 0.599902 0.352516
vt 0.595070 0.348357
vt 0.593667 0.348879
vt 0.598690 0.353513
vt 0.606982 0.356003
vt 0.594501 0.331695
vt 0.591784 0.341800
vt 0.592662 0.332078
vt 0.597056 0.319461
vt 0.595862 0.319765
vt 0.602118 0.318176
vt 0.605867 0.303564
vt 0.602322 0.303694
vt 0.600851 0.305263
vt 0.610436 0.288688
vt 0.606749 0.290133
vt 0.212285 0.435595
vt 0.222772 0.436632
vt 0.211385 0.418493
vt 0.219274 0.418326
vt 0.227914 0.437403
vt 0.225290 0.418485
vt 0.215791 0.402149
vt 0.223160 0.401778
vt 0.207766 0.403003
vt 0.232059 0.401668
vt 0.232598 0.418792
vt 0.243645 0.401741
vt 0.242387 0.419169
vt 0.233664 0.438128
vt 0.241486 0.438753
vt 0.255299 0.419549
vt 0.258496 0.401932
vt 0.449639 0.556356
vt 0.445538 0.561453
vt 0.442262 0.561815
vt 0.448425 0.552267
vt 0.453871 0.552022
vt 0.455594 0.546099
vt 0.460294 0.547934
vt 0.462501 0.541488
vt 0.462781 0.540601
vt 0.455646 0.545798
vt 0.463155 0.539401
vt 0.448521 0.552658
vt 0.445481 0.554842
vt 0.455639 0.543024
vt 0.463346 0.538840
vt 0.447933 0.547207
vt 0.447933 0.547207
vt 0.440947 0.559492
vt 0.449669 0.555667
vt 0.458225 0.551923
vt 0.433962 0.571777
vt 0.443884 0.568242
vt 0.453457 0.564860
vt 0.431914 0.576726
vt 0.441643 0.561577
vt 0.435084 0.572416
vt 0.426977 0.584062
vt 0.425438 0.595164
vt 0.423538 0.595603
vt 0.419991 0.596347
vt 0.434680 0.592701
vt 0.438580 0.580659
vt 0.449428 0.577506
vt 0.446666 0.589709
vt 0.433352 0.604109
vt 0.445552 0.601370
vt 0.420376 0.607100
vt 0.420761 0.617854
vt 0.439297 0.613923
vt 0.421666 0.606774
vt 0.421691 0.617221
vt 0.423254 0.606369
vt 0.423150 0.616493
vt 0.425207 0.624842
vt 0.423213 0.626545
vt 0.421146 0.628608
vt 0.430045 0.630493
vt 0.421531 0.639361
vt 0.421531 0.639361
vt 0.446018 0.634658
vt 0.441853 0.624461
vt 0.438129 0.632789
vt 0.448473 0.632667
vt 0.459722 0.631435
vt 0.460437 0.631974
vt 0.470557 0.630099
vt 0.471564 0.630473
vt 0.472597 0.625414
vt 0.458859 0.621213
vt 0.457235 0.610361
vt 0.466806 0.601450
vt 0.480612 0.626120
vt 0.476247 0.607759
vt 0.486153 0.618819
vt 0.483789 0.607401
vt 0.488550 0.630075
vt 0.480666 0.629962
vt 0.479964 0.629436
vt 0.488216 0.629479
vt 0.495856 0.630053
vt 0.495964 0.630439
vt 0.503214 0.630901
vt 0.503101 0.630467
vt 0.493254 0.618985
vt 0.490630 0.607400
vt 0.497136 0.607572
vt 0.687140 0.450246
vt 0.691800 0.427411
vt 0.678961 0.423925
vt 0.676697 0.446831
vt 0.666265 0.441638
vt 0.660176 0.415003
vt 0.673262 0.420364
vt 0.691873 0.427051
vt 0.691873 0.427051
vt 0.679277 0.422899
vt 0.667572 0.419634
vt 0.657701 0.418294
vt 0.650796 0.420538
vt 0.640902 0.407677
vt 0.643142 0.422190
vt 0.640902 0.407677
vt 0.645402 0.436709
vt 0.645493 0.425162
vt 0.647619 0.427576
vt 0.643142 0.422190
vt 0.647316 0.438275
vt 0.648707 0.450973
vt 0.648095 0.451047
vt 0.651008 0.464244
vt 0.650319 0.464460
vt 0.651729 0.466022
vt 0.666082 0.469160
vt 0.666179 0.456375
vt 0.665958 0.481721
vt 0.654932 0.478099
vt 0.665814 0.494124
vt 0.658034 0.490226
vt 0.653089 0.477023
vt 0.655983 0.488741
vt 0.653623 0.476902
vt 0.656308 0.488468
vt 0.658917 0.498603
vt 0.660577 0.505562
vt 0.660055 0.501796
vt 0.661335 0.506820
vt 0.662047 0.512651
vt 0.663776 0.515699
vt 0.662047 0.512651
vt 0.665522 0.517449
vt 0.664376 0.516000
vt 0.663776 0.515699
vt 0.663489 0.512838
vt 0.665428 0.517365
vt 0.667230 0.521240
vt 0.669044 0.524992
vt 0.667536 0.519641
vt 0.668964 0.524846
vt 0.669758 0.521809
vt 0.675685 0.499144
vt 0.670749 0.496626
vt 0.488192 0.526348
vt 0.491223 0.549302
vt 0.491337 0.524963
vt 0.486414 0.567347
vt 0.485048 0.527718
vt 0.483144 0.544328
vt 0.488162 0.526426
vt 0.484850 0.527953
vt 0.485048 0.527718
vt 0.488090 0.526933
vt 0.484605 0.528895
vt 0.480610 0.530911
vt 0.481197 0.529657
vt 0.481903 0.529096
vt 0.475709 0.533326
vt 0.476604 0.531921
vt 0.478759 0.530473
vt 0.473549 0.545408
vt 0.478959 0.543451
vt 0.470106 0.559284
vt 0.476552 0.557475
vt 0.471052 0.534657
vt 0.466390 0.548382
vt 0.462324 0.561799
vt 0.470334 0.535254
vt 0.469636 0.536505
vt 0.477772 0.534782
vt 0.469330 0.537406
vt 0.479082 0.539091
vt 0.473625 0.541448
vt 0.467160 0.544358
vt 0.483651 0.536634
vt 0.484248 0.531365
vt 0.479082 0.539091
vt 0.477148 0.551722
vt 0.471748 0.549814
vt 0.483651 0.536634
vt 0.482225 0.551790
vt 0.469591 0.560578
vt 0.467160 0.544358
vt 0.464752 0.552497
vt 0.461922 0.562995
vt 0.460294 0.547934
vt 0.457412 0.555663
vt 0.453907 0.565761
vt 0.459275 0.574876
vt 0.450544 0.577329
vt 0.467659 0.572723
vt 0.457408 0.587152
vt 0.448019 0.589377
vt 0.466457 0.585234
vt 0.466479 0.599388
vt 0.456744 0.598907
vt 0.446835 0.600950
vt 0.457032 0.609518
vt 0.442878 0.612048
vt 0.474681 0.576081
vt 0.475399 0.602663
vt 0.481023 0.580728
vt 0.481953 0.595517
vt 0.483545 0.606660
vt 0.486850 0.550989
vt 0.486347 0.569623
vt 0.486708 0.583139
vt 0.491198 0.554603
vt 0.491128 0.569423
vt 0.491058 0.584243
vt 0.494097 0.595908
vt 0.488292 0.595531
vt 0.490524 0.606954
vt 0.497136 0.607572
vt 0.682406 0.473441
vt 0.674189 0.471451
vt 0.675561 0.459189
vt 0.684773 0.461844
vt 0.676826 0.447411
vt 0.666780 0.469222
vt 0.666996 0.456650
vt 0.664066 0.443923
vt 0.672556 0.483951
vt 0.666521 0.481700
vt 0.679046 0.486292
vt 0.670803 0.496146
vt 0.666206 0.493357
vt 0.662194 0.490997
vt 0.661337 0.479706
vt 0.660446 0.467197
vt 0.659122 0.489340
vt 0.657387 0.478171
vt 0.655624 0.465607
vt 0.654072 0.452650
vt 0.659659 0.454408
vt 0.653306 0.440841
vt 0.652598 0.464624
vt 0.650561 0.451517
vt 0.653306 0.440841
vt 0.649486 0.439402
vt 0.657387 0.478171
vt 0.654913 0.477251
vt 0.659122 0.489340
vt 0.657239 0.488570
vt 0.660677 0.498263
vt 0.659435 0.497984
vt 0.664884 0.502375
vt 0.660677 0.498263
vt 0.661798 0.503782
vt 0.661346 0.506701
vt 0.663397 0.506880
vt 0.665592 0.510963
vt 0.663397 0.506880
vt 0.665456 0.515304
vt 0.663489 0.512531
vt 0.667751 0.515966
vt 0.667292 0.519892
vt 0.668964 0.524846
vt 0.491337 0.524963
vt 0.487631 0.533079
vt 0.487933 0.528507
vt 0.487631 0.533079
vt 0.491267 0.539783
vt 0.667751 0.515966
vt 0.669082 0.507370
vt 0.672324 0.511995
vt 0.653813 0.431722
vt 0.650118 0.429788
vt 0.647620 0.427574
vt 0.653416 0.424141
vt 0.650793 0.420534
vt 0.664083 0.426461
vt 0.659094 0.421497
vt 0.657701 0.418294
vt 0.668014 0.422120
vt 0.664263 0.433906
vt 0.678059 0.436586
vt 0.679251 0.424916
vt 0.689506 0.438649
vt 0.691873 0.427051
vt 0.500175 0.619237
vt 0.492851 0.617305
vt 0.503214 0.630901
vt 0.494727 0.625196
vt 0.485328 0.616227
vt 0.486838 0.623397
vt 0.495572 0.628813
vt 0.487740 0.627577
vt 0.478244 0.621697
vt 0.479344 0.627365
vt 0.469799 0.627421
vt 0.459162 0.628516
vt 0.448184 0.625121
vt 0.448597 0.630418
vt 0.448473 0.632667
vt 0.439370 0.625351
vt 0.430336 0.614434
vt 0.431904 0.621845
vt 0.436218 0.627780
vt 0.431904 0.621845
vt 0.430073 0.630463
vt 0.427375 0.621724
vt 0.430336 0.614434
vt 0.438144 0.632769
vt 0.430489 0.604622
vt 0.426507 0.602454
vt 0.432450 0.593352
vt 0.438560 0.575664
vt 0.436201 0.573681
vt 0.429630 0.583515
vt 0.435243 0.572092
vt 0.436041 0.581665
vt 0.442466 0.579722
vt 0.439348 0.591560
vt 0.432450 0.593352
vt 0.445244 0.562007
vt 0.446494 0.568508
vt 0.437721 0.602959
vt 0.459193 0.574762
vt 0.467723 0.572561
vt 0.457239 0.587194
vt 0.466457 0.585234
vt 0.474952 0.570997
vt 0.474508 0.588859
vt 0.481025 0.581194
vt 0.481983 0.595610
vt 0.456626 0.599045
vt 0.488305 0.595587
vt 0.486708 0.583139
vt 0.672485 0.484001
vt 0.674102 0.471443
vt 0.675459 0.459104
vt 0.603341 0.786897
vt 0.607650 0.778681
vt 0.612824 0.773442
vt 0.603032 0.792388
vt 0.599106 0.790395
vt 0.596353 0.800106
vt 0.610650 0.780749
vt 0.593428 0.793612
vt 0.591428 0.800744
vt 0.590412 0.804613
vt 0.596297 0.800345
vt 0.600196 0.798333
vt 0.587096 0.807570
vt 0.603002 0.792708
vt 0.594952 0.805852
vt 0.589580 0.807491
vt 0.600324 0.804212
vt 0.600324 0.804212
vt 0.610009 0.785386
vt 0.597097 0.787921
vt 0.594952 0.805852
vt 0.619694 0.766560
vt 0.603078 0.768931
vt 0.610566 0.782770
vt 0.619397 0.766014
vt 0.618659 0.765527
vt 0.626199 0.748574
vt 0.627857 0.748225
vt 0.632147 0.731328
vt 0.634689 0.730603
vt 0.611026 0.732796
vt 0.607217 0.750523
vt 0.637555 0.714520
vt 0.613684 0.716101
vt 0.638099 0.699638
vt 0.614507 0.700275
vt 0.635541 0.715061
vt 0.636352 0.700480
vt 0.634625 0.688231
vt 0.639149 0.683929
vt 0.629764 0.679270
vt 0.631369 0.675722
vt 0.639064 0.668940
vt 0.639065 0.668941
vt 0.625115 0.669391
vt 0.611811 0.685007
vt 0.610896 0.670496
vt 0.621376 0.674225
vt 0.610560 0.672058
vt 0.598788 0.671410
vt 0.598077 0.670347
vt 0.587540 0.671303
vt 0.586470 0.670362
vt 0.584897 0.676590
vt 0.598858 0.685386
vt 0.599810 0.700804
vt 0.589048 0.700839
vt 0.577104 0.676112
vt 0.580166 0.700432
vt 0.569858 0.675307
vt 0.572724 0.699635
vt 0.577219 0.670016
vt 0.569380 0.669413
vt 0.577939 0.670993
vt 0.569674 0.670296
vt 0.562131 0.669213
vt 0.562049 0.668691
vt 0.562808 0.674309
vt 0.554920 0.667915
vt 0.554920 0.667915
vt 0.557419 0.682605
vt 0.566121 0.698541
vt 0.559918 0.697294
vt 0.479351 0.293630
vt 0.482224 0.282955
vt 0.435341 0.267392
vt 0.436351 0.279417
vt 0.485104 0.272282
vt 0.449575 0.260446
vt 0.462286 0.265170
vt 0.485101 0.272281
vt 0.485101 0.272281
vt 0.472508 0.268649
vt 0.460751 0.265755
vt 0.450702 0.264470
vt 0.449118 0.262145
vt 0.443385 0.266193
vt 0.434330 0.255368
vt 0.434330 0.255368
vt 0.437505 0.269910
vt 0.437101 0.280157
vt 0.435340 0.267392
vt 0.439502 0.271983
vt 0.438321 0.281028
vt 0.438857 0.292120
vt 0.437891 0.291707
vt 0.437361 0.291441
vt 0.440544 0.304349
vt 0.439584 0.303957
vt 0.438372 0.303466
vt 0.463724 0.313055
vt 0.465226 0.300973
vt 0.437362 0.291441
vt 0.438372 0.303466
vt 0.462144 0.326350
vt 0.441802 0.316471
vt 0.455340 0.343074
vt 0.446459 0.334130
vt 0.442228 0.316610
vt 0.445325 0.329203
vt 0.441802 0.316471
vt 0.442946 0.316911
vt 0.445727 0.329127
vt 0.448592 0.340342
vt 0.450858 0.349475
vt 0.451335 0.349885
vt 0.452091 0.355485
vt 0.455543 0.363463
vt 0.452392 0.346734
vt 0.452091 0.355485
vt 0.453917 0.358835
vt 0.456928 0.366439
vt 0.453810 0.357352
vt 0.456061 0.363431
vt 0.458174 0.368957
vt 0.458187 0.369572
vt 0.460219 0.374268
vt 0.460219 0.374268
vt 0.463565 0.359446
vt 0.460670 0.348208
vt 0.466911 0.344624
vt 0.569290 0.808928
vt 0.569658 0.778098
vt 0.565810 0.787903
vt 0.566108 0.808314
vt 0.565512 0.767493
vt 0.572472 0.809542
vt 0.573912 0.778614
vt 0.571529 0.809131
vt 0.572472 0.809542
vt 0.569290 0.808928
vt 0.566108 0.808313
vt 0.569344 0.808110
vt 0.572705 0.808002
vt 0.576329 0.807997
vt 0.578199 0.809560
vt 0.575654 0.810156
vt 0.580411 0.807759
vt 0.578836 0.810770
vt 0.582654 0.790162
vt 0.577700 0.790062
vt 0.575654 0.810156
vt 0.585535 0.770549
vt 0.579433 0.770382
vt 0.584208 0.809130
vt 0.588732 0.789428
vt 0.592835 0.770113
vt 0.584208 0.809130
vt 0.585114 0.806829
vt 0.578637 0.803936
vt 0.586008 0.802904
vt 0.577439 0.796461
vt 0.582196 0.796144
vt 0.587712 0.795016
vt 0.573286 0.797151
vt 0.571595 0.805064
vt 0.577438 0.796462
vt 0.573286 0.797149
vt 0.574395 0.768296
vt 0.579667 0.768677
vt 0.585893 0.768790
vt 0.593168 0.768402
vt 0.593428 0.793612
vt 0.599107 0.790401
vt 0.603472 0.767090
vt 0.596113 0.751256
vt 0.604894 0.750667
vt 0.587775 0.751483
vt 0.598408 0.733664
vt 0.608197 0.733220
vt 0.589123 0.733772
vt 0.589641 0.717021
vt 0.599631 0.716986
vt 0.610131 0.716655
vt 0.599909 0.698806
vt 0.610775 0.698870
vt 0.589509 0.702043
vt 0.581258 0.733370
vt 0.581149 0.716593
vt 0.580543 0.701623
vt 0.574738 0.732336
vt 0.574046 0.715612
vt 0.572924 0.700667
vt 0.580694 0.751189
vt 0.574791 0.750338
vt 0.569749 0.774294
vt 0.569754 0.748931
vt 0.569267 0.730484
vt 0.565215 0.747083
vt 0.564917 0.726673
vt 0.562418 0.711984
vt 0.567384 0.709229
vt 0.473603 0.314979
vt 0.465145 0.313538
vt 0.467504 0.298116
vt 0.476478 0.304304
vt 0.479352 0.293630
vt 0.454390 0.309865
vt 0.454376 0.297620
vt 0.454853 0.286782
vt 0.463347 0.326832
vt 0.454730 0.322791
vt 0.470257 0.329801
vt 0.460535 0.348374
vt 0.456414 0.342965
vt 0.452575 0.337920
vt 0.448819 0.330713
vt 0.447066 0.318940
vt 0.445535 0.306390
vt 0.444523 0.294226
vt 0.444457 0.283648
vt 0.441678 0.299816
vt 0.444457 0.283648
vt 0.440532 0.282156
vt 0.447066 0.318940
vt 0.445618 0.323756
vt 0.448819 0.330713
vt 0.451496 0.345273
vt 0.451417 0.348074
vt 0.453633 0.350829
vt 0.456133 0.356241
vt 0.453633 0.350829
vt 0.456133 0.356241
vt 0.456061 0.361143
vt 0.453789 0.355069
vt 0.458638 0.362956
vt 0.458217 0.367432
vt 0.566108 0.808313
vt 0.569552 0.799543
vt 0.569552 0.799543
vt 0.565810 0.787903
vt 0.463565 0.359446
vt 0.445633 0.275755
vt 0.441922 0.273944
vt 0.443384 0.266192
vt 0.448034 0.271405
vt 0.451892 0.267219
vt 0.460989 0.268772
vt 0.445633 0.275755
vt 0.472344 0.270512
vt 0.482226 0.282955
vt 0.557419 0.682605
vt 0.562410 0.671450
vt 0.570090 0.673479
vt 0.578964 0.679847
vt 0.578426 0.673903
vt 0.588062 0.674259
vt 0.588501 0.680542
vt 0.599129 0.674950
vt 0.610279 0.675713
vt 0.620582 0.698802
vt 0.620004 0.677895
vt 0.628541 0.701619
vt 0.627348 0.690786
vt 0.625249 0.684452
vt 0.627348 0.690786
vt 0.629767 0.679267
vt 0.634631 0.688227
vt 0.628541 0.701619
vt 0.632804 0.712890
vt 0.627672 0.715761
vt 0.629304 0.731698
vt 0.624618 0.732082
vt 0.619610 0.749248
vt 0.623770 0.748847
vt 0.613580 0.765416
vt 0.619610 0.749248
vt 0.613078 0.749915
vt 0.617322 0.732629
vt 0.624618 0.732082
vt 0.613580 0.765417
vt 0.619887 0.716202
vt 0.627672 0.715761
vt 0.607650 0.778681
vt 0.603341 0.786899
vt 0.596217 0.751442
vt 0.587730 0.751702
vt 0.598600 0.733627
vt 0.589123 0.733772
vt 0.580665 0.751402
vt 0.581258 0.733370
vt 0.574777 0.750515
vt 0.574738 0.732336
vt 0.581102 0.716444
vt 0.574021 0.715483
vt 0.589584 0.716870
vt 0.599774 0.716804
vt 0.567939 0.713958
vt 0.569267 0.730484
vt 0.569749 0.749032
vt 0.290019 0.723499
vt 0.284131 0.737193
vt 0.278373 0.747558
vt 0.292796 0.713813
vt 0.293561 0.718045
vt 0.299339 0.701756
vt 0.283973 0.732767
vt 0.298152 0.711938
vt 0.302318 0.700390
vt 0.304338 0.694705
vt 0.299545 0.701149
vt 0.296507 0.704298
vt 0.307949 0.690233
vt 0.293007 0.713100
vt 0.302727 0.691445
vt 0.305797 0.690424
vt 0.299657 0.692466
vt 0.299657 0.692466
vt 0.286633 0.724300
vt 0.302727 0.691445
vt 0.296735 0.722331
vt 0.267132 0.771432
vt 0.281799 0.755361
vt 0.285017 0.729055
vt 0.273034 0.757442
vt 0.272858 0.758627
vt 0.260362 0.788319
vt 0.260267 0.788182
vt 0.247178 0.819878
vt 0.247178 0.819878
vt 0.256747 0.820203
vt 0.269694 0.787807
vt 0.246234 0.854987
vt 0.241207 0.885210
vt 0.254242 0.885655
vt 0.256598 0.855339
vt 0.233301 0.931401
vt 0.242176 0.932808
vt 0.251308 0.932497
vt 0.236674 0.914470
vt 0.246234 0.854987
vt 0.241574 0.885055
vt 0.237694 0.913296
vt 0.235485 0.937785
vt 0.236274 0.956199
vt 0.233247 0.962135
vt 0.225675 0.976454
vt 0.225675 0.976454
vt 0.236598 0.976510
vt 0.248142 0.975228
vt 0.241046 0.967046
vt 0.248938 0.972450
vt 0.258702 0.975160
vt 0.258529 0.976350
vt 0.269366 0.976677
vt 0.269366 0.976676
vt 0.269366 0.976677
vt 0.260398 0.932336
vt 0.269433 0.946453
vt 0.269501 0.916229
vt 0.752867 0.328750
vt 0.749825 0.334568
vt 0.749838 0.340120
vt 0.754497 0.330182
vt 0.746784 0.340385
vt 0.753704 0.337744
vt 0.756287 0.331694
vt 0.751254 0.343632
vt 0.748977 0.341985
vt 0.746784 0.340385
vt 0.749076 0.341784
vt 0.751521 0.343311
vt 0.754309 0.345087
vt 0.753738 0.345369
vt 0.757657 0.347230
vt 0.755439 0.346875
vt 0.755931 0.339436
vt 0.758857 0.341378
vt 0.758421 0.333367
vt 0.761179 0.335281
vt 0.763052 0.343779
vt 0.764765 0.337488
vt 0.761177 0.349838
vt 0.767944 0.346429
vt 0.768971 0.339921
vt 0.766915 0.352801
vt 0.761696 0.349925
vt 0.766777 0.351673
vt 0.762093 0.349556
vt 0.771146 0.352853
vt 0.774565 0.354152
vt 0.772654 0.355763
vt 0.774551 0.352225
vt 0.778392 0.358726
vt 0.773077 0.349162
vt 0.778392 0.358726
vt 0.778304 0.351928
vt 0.773516 0.342492
vt 0.778216 0.345130
vt 0.777389 0.350410
vt 0.777944 0.344651
vt 0.776542 0.349147
vt 0.777452 0.344079
vt 0.777773 0.337704
vt 0.778082 0.338052
vt 0.778128 0.338331
vt 0.777847 0.330499
vt 0.778084 0.330875
vt 0.778040 0.331533
vt 0.774534 0.328472
vt 0.773988 0.335663
vt 0.771122 0.325910
vt 0.770008 0.333135
vt 0.775197 0.320679
vt 0.778128 0.323375
vt 0.772372 0.318136
vt 0.772234 0.308130
vt 0.778050 0.315020
vt 0.778119 0.323172
vt 0.778160 0.315350
vt 0.777913 0.322895
vt 0.777964 0.315355
vt 0.777919 0.308345
vt 0.778259 0.306977
vt 0.777684 0.302299
vt 0.778392 0.298901
vt 0.777528 0.295820
vt 0.778392 0.298901
vt 0.776663 0.292739
vt 0.774021 0.299274
vt 0.777230 0.296022
vt 0.776663 0.292739
vt 0.777528 0.295820
vt 0.777170 0.297585
vt 0.776438 0.293905
vt 0.775554 0.290954
vt 0.774872 0.287911
vt 0.775128 0.287269
vt 0.774566 0.288656
vt 0.772332 0.296410
vt 0.769861 0.305370
vt 0.773751 0.286037
vt 0.771026 0.294833
vt 0.768300 0.303673
vt 0.772679 0.284806
vt 0.769806 0.293643
vt 0.766964 0.302306
vt 0.772644 0.284970
vt 0.773519 0.286944
vt 0.772462 0.285571
vt 0.771433 0.284291
vt 0.771536 0.283975
vt 0.771552 0.283920
vt 0.770424 0.283035
vt 0.767556 0.291555
vt 0.767174 0.297005
vt 0.771552 0.283920
vt 0.764687 0.300075
vt 0.308867 0.689403
vt 0.301284 0.721444
vt 0.311938 0.688382
vt 0.280472 0.771944
vt 0.290631 0.754506
vt 0.308867 0.689403
vt 0.308314 0.690952
vt 0.307031 0.694531
vt 0.771114 0.285256
vt 0.770199 0.288000
vt 0.770424 0.283035
vt 0.311937 0.688382
vt 0.303461 0.704799
vt 0.770905 0.290365
vt 0.771966 0.287113
vt 0.770197 0.288004
vt 0.770905 0.290366
vt 0.766762 0.302949
vt 0.763598 0.307558
vt 0.303461 0.704799
vt 0.301284 0.721444
vt 0.279074 0.776033
vt 0.298152 0.711938
vt 0.285643 0.746210
vt 0.293561 0.718045
vt 0.290017 0.723506
vt 0.258261 0.820230
vt 0.279978 0.787568
vt 0.263788 0.820442
vt 0.269325 0.820630
vt 0.263785 0.855584
vt 0.269636 0.855782
vt 0.269568 0.886006
vt 0.262100 0.895704
vt 0.257935 0.855385
vt 0.255037 0.894970
vt 0.269501 0.916229
vt 0.758951 0.317114
vt 0.760113 0.317257
vt 0.756251 0.326310
vt 0.755909 0.322932
vt 0.752867 0.328750
vt 0.761480 0.318328
vt 0.758890 0.325251
vt 0.756498 0.331300
vt 0.764157 0.310691
vt 0.761819 0.308594
vt 0.768066 0.304482
vt 0.765639 0.312137
vt 0.763164 0.319794
vt 0.769639 0.306228
vt 0.767479 0.313880
vt 0.765303 0.321569
vt 0.763289 0.328656
vt 0.760826 0.326815
vt 0.758734 0.332932
vt 0.761523 0.334848
vt 0.767955 0.323578
vt 0.766352 0.330715
vt 0.764962 0.336980
vt 0.770831 0.325632
vt 0.769674 0.332797
vt 0.768645 0.339068
vt 0.769716 0.315888
vt 0.772113 0.317973
vt 0.771481 0.308278
vt 0.774108 0.311316
vt 0.774367 0.319904
vt 0.773554 0.327512
vt 0.776583 0.314211
vt 0.776179 0.321432
vt 0.775749 0.329000
vt 0.775343 0.336172
vt 0.772815 0.334682
vt 0.772060 0.340856
vt 0.774774 0.342275
vt 0.775343 0.336172
vt 0.777140 0.329950
vt 0.776947 0.337139
vt 0.774774 0.342275
vt 0.776501 0.343321
vt 0.776179 0.321432
vt 0.777327 0.322384
vt 0.776583 0.314211
vt 0.777485 0.315070
vt 0.776861 0.308096
vt 0.777369 0.303984
vt 0.777919 0.308345
vt 0.776414 0.301661
vt 0.776861 0.308096
vt 0.776956 0.304133
vt 0.775487 0.298741
vt 0.776413 0.301666
vt 0.775486 0.298745
vt 0.775577 0.294060
vt 0.777165 0.297610
vt 0.777680 0.302318
vt 0.774335 0.296122
vt 0.774061 0.290512
vt 0.773101 0.293934
vt 0.771921 0.292145
vt 0.773517 0.286949
vt 0.771923 0.292138
vt 0.773107 0.293912
vt 0.774336 0.296114
vt 0.773869 0.346719
vt 0.775501 0.347924
vt 0.774551 0.352226
vt 0.772894 0.349101
vt 0.770704 0.351083
vt 0.764368 0.343092
vt 0.766766 0.350238
vt 0.766777 0.351674
vt 0.771235 0.345611
vt 0.773869 0.346719
vt 0.767748 0.344146
vt 0.760068 0.339935
vt 0.757142 0.338419
vt 0.752140 0.341893
vt 0.754935 0.343710
vt 0.761330 0.347729
vt 0.757769 0.347187
vt 0.749494 0.340839
vt 0.746784 0.340385
vt 0.259589 0.960435
vt 0.269366 0.976677
vt 0.259003 0.971823
vt 0.250977 0.954215
vt 0.249796 0.967104
vt 0.749825 0.334568
vt 0.252033 0.855793
vt 0.244553 0.948873
vt 0.242397 0.911958
vt 0.241015 0.933336
vt 0.240892 0.946167
vt 0.241015 0.933336
vt 0.236274 0.956207
vt 0.235484 0.937786
vt 0.242397 0.911958
vt 0.239385 0.912333
vt 0.241047 0.967044
vt 0.244809 0.884943
vt 0.242489 0.884947
vt 0.246234 0.854987
vt 0.246385 0.821531
vt 0.260798 0.788409
vt 0.274542 0.759880
vt 0.274542 0.759880
vt 0.252729 0.820032
vt 0.244809 0.884943
vt 0.284131 0.737193
vt 0.762938 0.309488
vt 0.760113 0.317257
vt 0.764182 0.310611
vt 0.761480 0.318328
vt 0.757296 0.324008
vt 0.758864 0.325300
vt 0.262450 0.885843
vt 0.760787 0.326870
vt 0.763246 0.328711
vt 0.765669 0.312035
vt 0.767507 0.313773
vt 0.769769 0.315818
vt 0.767992 0.323613
vt 0.766364 0.330807
vt 0.776289 0.643806
vt 0.779061 0.639328
vt 0.780552 0.640424
vt 0.775739 0.646834
vt 0.773806 0.645833
vt 0.779061 0.639327
vt 0.773805 0.645834
vt 0.772450 0.649196
vt 0.771749 0.651182
vt 0.770430 0.648299
vt 0.768039 0.652919
vt 0.768425 0.653898
vt 0.769928 0.653491
vt 0.775714 0.646929
vt 0.770590 0.654023
vt 0.767909 0.655201
vt 0.773271 0.652845
vt 0.773271 0.652845
vt 0.780306 0.642721
vt 0.770590 0.654023
vt 0.767909 0.655201
vt 0.785884 0.632870
vt 0.765437 0.635115
vt 0.780346 0.641479
vt 0.786196 0.632503
vt 0.780553 0.640427
vt 0.785782 0.632222
vt 0.790734 0.623042
vt 0.791816 0.622947
vt 0.792242 0.622843
vt 0.794548 0.613572
vt 0.796098 0.613381
vt 0.798142 0.612861
vt 0.766887 0.623894
vt 0.775954 0.613435
vt 0.797580 0.604050
vt 0.776248 0.603636
vt 0.798392 0.595327
vt 0.785758 0.594716
vt 0.797751 0.604285
vt 0.797703 0.595700
vt 0.796511 0.604428
vt 0.796690 0.596024
vt 0.795239 0.588755
vt 0.796526 0.587811
vt 0.797853 0.586599
vt 0.791888 0.583143
vt 0.797314 0.577872
vt 0.797314 0.577872
vt 0.780713 0.576199
vt 0.784240 0.585543
vt 0.786431 0.579512
vt 0.779601 0.576508
vt 0.779334 0.577261
vt 0.771195 0.575673
vt 0.771206 0.575317
vt 0.762546 0.574369
vt 0.762546 0.574369
vt 0.772434 0.584615
vt 0.763993 0.583945
vt 0.773488 0.594028
vt 0.765440 0.593521
vt 0.037999 0.608641
vt 0.028917 0.620735
vt 0.033580 0.625822
vt 0.046953 0.606186
vt 0.019835 0.632830
vt 0.043341 0.624363
vt 0.056041 0.604251
vt 0.030237 0.630798
vt 0.040764 0.629073
vt 0.030518 0.630394
vt 0.041344 0.628589
vt 0.052517 0.628073
vt 0.051615 0.628100
vt 0.053417 0.622843
vt 0.064498 0.629606
vt 0.063405 0.629148
vt 0.063977 0.621713
vt 0.065434 0.603409
vt 0.075454 0.604445
vt 0.078113 0.627985
vt 0.086348 0.607904
vt 0.094581 0.626652
vt 0.097916 0.613157
vt 0.094315 0.641831
vt 0.076820 0.633671
vt 0.101371 0.643476
vt 0.077509 0.633490
vt 0.090559 0.638100
vt 0.102345 0.641270
vt 0.111509 0.640602
vt 0.121032 0.655604
vt 0.121517 0.640801
vt 0.121032 0.655604
vt 0.122030 0.626014
vt 0.119227 0.637331
vt 0.121189 0.625172
vt 0.121517 0.640801
vt 0.117108 0.634412
vt 0.119856 0.624010
vt 0.120779 0.611408
vt 0.121862 0.611614
vt 0.121868 0.610864
vt 0.120421 0.598322
vt 0.121498 0.598197
vt 0.121024 0.595560
vt 0.103635 0.586901
vt 0.100986 0.599792
vt 0.113012 0.580070
vt 0.120487 0.585609
vt 0.105771 0.574763
vt 0.107547 0.563155
vt 0.112746 0.568828
vt 0.118003 0.574824
vt 0.119977 0.586169
vt 0.117884 0.575112
vt 0.119196 0.586116
vt 0.117465 0.575028
vt 0.115555 0.565037
vt 0.115669 0.564704
vt 0.115519 0.564039
vt 0.113704 0.556204
vt 0.113631 0.555333
vt 0.113035 0.553255
vt 0.111868 0.546866
vt 0.112333 0.557808
vt 0.113035 0.553255
vt 0.110702 0.540478
vt 0.109159 0.551771
vt 0.112045 0.547619
vt 0.110556 0.541791
vt 0.110702 0.540478
vt 0.112065 0.548554
vt 0.108960 0.536125
vt 0.109536 0.534090
vt 0.107167 0.531401
vt 0.108369 0.527702
vt 0.102714 0.541712
vt 0.105993 0.546192
vt 0.097412 0.554415
vt 0.102448 0.558170
vt 0.105962 0.525638
vt 0.099148 0.539087
vt 0.092397 0.552295
vt 0.103556 0.523574
vt 0.091056 0.545179
vt 0.105710 0.526414
vt 0.102984 0.523421
vt 0.103556 0.523574
vt 0.105962 0.525638
vt 0.105129 0.527720
vt 0.102947 0.524801
vt 0.100820 0.522093
vt 0.101149 0.521510
vt 0.098742 0.519446
vt 0.088098 0.535698
vt 0.086748 0.544585
vt 0.077453 0.551949
vt 0.763992 0.646336
vt 0.762439 0.657604
vt 0.762472 0.657591
vt 0.762546 0.657557
vt 0.765417 0.655884
vt 0.099904 0.523634
vt 0.097035 0.528286
vt 0.098742 0.519446
vt 0.762546 0.657557
vt 0.766743 0.651303
vt 0.098681 0.532252
vt 0.101617 0.527168
vt 0.097035 0.528286
vt 0.088098 0.535698
vt 0.087226 0.551848
vt 0.075642 0.562343
vt 0.766743 0.651303
vt 0.763993 0.646336
vt 0.765440 0.635115
vt 0.772849 0.633756
vt 0.770430 0.648299
vt 0.766887 0.623894
vt 0.781024 0.623485
vt 0.773999 0.613406
vt 0.783124 0.613645
vt 0.768334 0.612673
vt 0.766887 0.603097
vt 0.774094 0.603602
vt 0.783895 0.604120
vt 0.773419 0.594402
vt 0.783549 0.595477
vt 0.056163 0.584452
vt 0.064022 0.580633
vt 0.055420 0.593644
vt 0.047081 0.596547
vt 0.044950 0.609082
vt 0.071490 0.578660
vt 0.063810 0.591551
vt 0.054212 0.607459
vt 0.079320 0.565360
vt 0.066808 0.568201
vt 0.092878 0.551455
vt 0.085626 0.565424
vt 0.079020 0.578128
vt 0.096921 0.555654
vt 0.092086 0.567002
vt 0.086808 0.579323
vt 0.081382 0.591905
vt 0.072397 0.590828
vt 0.066164 0.602746
vt 0.076189 0.603887
vt 0.094886 0.582381
vt 0.090805 0.594962
vt 0.086767 0.607070
vt 0.105879 0.588615
vt 0.100018 0.599249
vt 0.097072 0.611375
vt 0.098694 0.570256
vt 0.105046 0.574535
vt 0.102059 0.559244
vt 0.106926 0.563727
vt 0.111168 0.568300
vt 0.110640 0.578982
vt 0.114419 0.572023
vt 0.114969 0.582720
vt 0.115104 0.594859
vt 0.114573 0.607676
vt 0.107623 0.607087
vt 0.113046 0.619469
vt 0.114573 0.607676
vt 0.115104 0.594859
vt 0.118552 0.601680
vt 0.115296 0.628974
vt 0.114969 0.582720
vt 0.116971 0.578793
vt 0.114419 0.572023
vt 0.113677 0.563325
vt 0.114079 0.560201
vt 0.111423 0.559592
vt 0.113677 0.563325
vt 0.113011 0.557723
vt 0.111595 0.553456
vt 0.109451 0.548053
vt 0.108387 0.554723
vt 0.111595 0.553456
vt 0.109451 0.548053
vt 0.110528 0.541966
vt 0.112063 0.548578
vt 0.106937 0.542906
vt 0.107219 0.531207
vt 0.108963 0.536112
vt 0.104161 0.538575
vt 0.101269 0.535275
vt 0.103809 0.530352
vt 0.101269 0.535275
vt 0.101038 0.545954
vt 0.106937 0.542906
vt 0.104851 0.549932
vt 0.110363 0.628463
vt 0.111513 0.640610
vt 0.107515 0.633383
vt 0.101420 0.636669
vt 0.091004 0.634303
vt 0.110363 0.628463
vt 0.078797 0.630312
vt 0.068192 0.622262
vt 0.056993 0.620241
vt 0.045459 0.621886
vt 0.065860 0.627471
vt 0.053982 0.625907
vt 0.042666 0.626531
vt 0.031655 0.628618
vt 0.019835 0.632830
vt 0.771311 0.576988
vt 0.779531 0.582668
vt 0.779220 0.578841
vt 0.028917 0.620735
vt 0.785666 0.584507
vt 0.791957 0.596209
vt 0.790864 0.589757
vt 0.787007 0.582874
vt 0.790864 0.589757
vt 0.791889 0.583142
vt 0.793569 0.589502
vt 0.791957 0.596209
vt 0.794974 0.596236
vt 0.786435 0.579507
vt 0.791742 0.604408
vt 0.794734 0.604466
vt 0.792801 0.613641
vt 0.790021 0.613662
vt 0.786857 0.623206
vt 0.787401 0.626879
vt 0.782927 0.632086
vt 0.786857 0.623206
vt 0.790021 0.613662
vt 0.782927 0.632086
vt 0.791742 0.604408
vt 0.073111 0.566367
vt 0.079387 0.565236
vt 0.071490 0.578660
vt 0.055382 0.593705
vt 0.063739 0.591645
vt 0.072305 0.590910
vt 0.079020 0.578128
vt 0.081290 0.591974
vt 0.086808 0.579323
vt 0.085699 0.565273
vt 0.092147 0.566847
vt 0.098823 0.570159
vt 0.094999 0.582419
vt 0.090861 0.595107
vt 0.602753 0.885544
vt 0.597961 0.891155
vt 0.596180 0.890599
vt 0.604009 0.881742
vt 0.606672 0.883298
vt 0.610438 0.876533
vt 0.595904 0.889440
vt 0.611565 0.881295
vt 0.615450 0.873455
vt 0.615521 0.873312
vt 0.610557 0.876306
vt 0.607822 0.877422
vt 0.619488 0.871676
vt 0.604113 0.881479
vt 0.615700 0.871686
vt 0.609016 0.874104
vt 0.609016 0.874104
vt 0.591805 0.892481
vt 0.606895 0.885459
vt 0.594297 0.898824
vt 0.602194 0.898984
vt 0.592938 0.891852
vt 0.586790 0.899576
vt 0.577984 0.910993
vt 0.572625 0.916535
vt 0.574429 0.911034
vt 0.570988 0.922898
vt 0.562899 0.923344
vt 0.579351 0.924236
vt 0.585783 0.911689
vt 0.596033 0.912441
vt 0.591556 0.925444
vt 0.576829 0.936292
vt 0.589345 0.937897
vt 0.563096 0.934745
vt 0.563408 0.952883
vt 0.581203 0.948759
vt 0.565040 0.934579
vt 0.564416 0.945746
vt 0.567040 0.934570
vt 0.566039 0.945473
vt 0.567722 0.955089
vt 0.565645 0.956138
vt 0.572499 0.962792
vt 0.563685 0.968949
vt 0.563685 0.968949
vt 0.588157 0.972938
vt 0.582505 0.960566
vt 0.579113 0.969665
vt 0.580636 0.968144
vt 0.590872 0.971736
vt 0.601612 0.974309
vt 0.602559 0.975252
vt 0.603124 0.971130
vt 0.611127 0.976308
vt 0.612703 0.977263
vt 0.615422 0.973476
vt 0.600156 0.951816
vt 0.609096 0.946851
vt 0.619711 0.974935
vt 0.615761 0.948685
vt 0.623323 0.976544
vt 0.620999 0.957301
vt 0.619143 0.978967
vt 0.623472 0.980538
vt 0.618116 0.978072
vt 0.623095 0.979814
vt 0.626959 0.981674
vt 0.627041 0.982080
vt 0.626670 0.978166
vt 0.630304 0.983615
vt 0.630304 0.983615
vt 0.629160 0.972395
vt 0.624762 0.959210
vt 0.628017 0.961176
vt 0.724434 0.793805
vt 0.720796 0.804157
vt 0.729824 0.817732
vt 0.734870 0.793877
vt 0.717159 0.814509
vt 0.742207 0.811417
vt 0.748772 0.830922
vt 0.733349 0.822662
vt 0.717159 0.814509
vt 0.717159 0.814509
vt 0.729098 0.820172
vt 0.740163 0.824988
vt 0.749444 0.827989
vt 0.755829 0.827617
vt 0.765404 0.839556
vt 0.765404 0.839556
vt 0.762906 0.827915
vt 0.758663 0.822768
vt 0.759855 0.814804
vt 0.760400 0.816262
vt 0.762902 0.827909
vt 0.759015 0.814282
vt 0.758357 0.803429
vt 0.757898 0.804615
vt 0.757949 0.791096
vt 0.757661 0.791822
vt 0.755396 0.792967
vt 0.751337 0.793583
vt 0.757898 0.804615
vt 0.760400 0.816262
vt 0.744814 0.788370
vt 0.749754 0.768294
vt 0.757898 0.778976
vt 0.760417 0.765014
vt 0.758923 0.776149
vt 0.760400 0.764985
vt 0.757898 0.778976
vt 0.758686 0.778071
vt 0.760216 0.765147
vt 0.763121 0.743228
vt 0.763999 0.738354
vt 0.765423 0.736899
vt 0.763873 0.724874
vt 0.764463 0.728618
vt 0.763685 0.734435
vt 0.763627 0.727567
vt 0.763337 0.721263
vt 0.763567 0.720634
vt 0.762954 0.715177
vt 0.762954 0.715177
vt 0.755059 0.729429
vt 0.763567 0.720633
vt 0.765441 0.736896
vt 0.747332 0.744139
vt 0.747897 0.755939
vt 0.628842 0.870019
vt 0.627199 0.886660
vt 0.629160 0.887573
vt 0.630304 0.870519
vt 0.625662 0.903158
vt 0.628017 0.904628
vt 0.627381 0.869518
vt 0.625062 0.885786
vt 0.622962 0.901799
vt 0.627601 0.869815
vt 0.627381 0.869518
vt 0.628842 0.870019
vt 0.630304 0.870519
vt 0.630304 0.870519
vt 0.628734 0.870683
vt 0.627042 0.870766
vt 0.625087 0.870759
vt 0.625529 0.869462
vt 0.625919 0.869018
vt 0.622644 0.870944
vt 0.623298 0.869558
vt 0.624458 0.868517
vt 0.621560 0.884886
vt 0.625919 0.869018
vt 0.615080 0.899801
vt 0.619564 0.900655
vt 0.620598 0.869914
vt 0.614645 0.884739
vt 0.609229 0.899273
vt 0.620143 0.870403
vt 0.621701 0.874047
vt 0.618305 0.874630
vt 0.619493 0.871675
vt 0.624400 0.873889
vt 0.623210 0.879938
vt 0.620074 0.879922
vt 0.616148 0.880235
vt 0.625741 0.879550
vt 0.627025 0.873314
vt 0.620074 0.879922
vt 0.623210 0.879938
vt 0.621368 0.889614
vt 0.617562 0.889233
vt 0.625741 0.879550
vt 0.623354 0.898054
vt 0.619215 0.902014
vt 0.614598 0.901174
vt 0.616148 0.880235
vt 0.610302 0.889320
vt 0.608757 0.900579
vt 0.611565 0.881295
vt 0.599258 0.900287
vt 0.606672 0.883298
vt 0.602754 0.885539
vt 0.604846 0.913503
vt 0.597219 0.912634
vt 0.611776 0.914571
vt 0.601814 0.926799
vt 0.593131 0.925503
vt 0.609686 0.928252
vt 0.608754 0.944416
vt 0.600094 0.943372
vt 0.590811 0.937867
vt 0.583849 0.939576
vt 0.615818 0.929853
vt 0.615456 0.946493
vt 0.620349 0.931772
vt 0.620255 0.944905
vt 0.621029 0.959716
vt 0.617209 0.915846
vt 0.621280 0.917412
vt 0.626038 0.898520
vt 0.624358 0.919367
vt 0.623656 0.934310
vt 0.626874 0.921682
vt 0.625731 0.938736
vt 0.626874 0.949956
vt 0.623906 0.947252
vt 0.625097 0.963156
vt 0.731708 0.773101
vt 0.739648 0.776389
vt 0.734934 0.793004
vt 0.728071 0.783453
vt 0.747633 0.774451
vt 0.742665 0.798001
vt 0.746666 0.758730
vt 0.739520 0.758620
vt 0.750716 0.788086
vt 0.758174 0.762759
vt 0.756147 0.775024
vt 0.754692 0.787896
vt 0.754185 0.800119
vt 0.748257 0.812460
vt 0.753924 0.810493
vt 0.754185 0.800119
vt 0.754692 0.787896
vt 0.756993 0.789941
vt 0.756515 0.818831
vt 0.753924 0.810493
vt 0.756147 0.775024
vt 0.758407 0.773202
vt 0.758174 0.762759
vt 0.760139 0.752371
vt 0.762448 0.741609
vt 0.761900 0.753110
vt 0.760850 0.734912
vt 0.761412 0.745583
vt 0.761405 0.745619
vt 0.761230 0.741105
vt 0.760776 0.727309
vt 0.761231 0.741105
vt 0.760853 0.734894
vt 0.762739 0.726751
vt 0.763184 0.742719
vt 0.760777 0.727304
vt 0.762954 0.715177
vt 0.630304 0.870519
vt 0.627948 0.877707
vt 0.627948 0.877707
vt 0.755143 0.729658
vt 0.762954 0.715178
vt 0.753111 0.817959
vt 0.758665 0.822770
vt 0.755835 0.827625
vt 0.751911 0.821871
vt 0.748165 0.825101
vt 0.749438 0.827979
vt 0.740007 0.817935
vt 0.739819 0.822833
vt 0.753111 0.817959
vt 0.729926 0.814517
vt 0.720796 0.804157
vt 0.717158 0.814509
vt 0.629160 0.972396
vt 0.630304 0.983615
vt 0.626771 0.980060
vt 0.622722 0.977487
vt 0.729148 0.818942
vt 0.617455 0.975192
vt 0.610312 0.973101
vt 0.600609 0.966133
vt 0.601626 0.974373
vt 0.590847 0.964491
vt 0.590872 0.971737
vt 0.574523 0.935432
vt 0.573470 0.946028
vt 0.576160 0.959391
vt 0.574637 0.954474
vt 0.574637 0.954474
vt 0.572516 0.962780
vt 0.570388 0.954377
vt 0.573469 0.946027
vt 0.568748 0.945480
vt 0.580631 0.968148
vt 0.574530 0.935445
vt 0.569845 0.934825
vt 0.573751 0.923113
vt 0.578103 0.923612
vt 0.584041 0.911493
vt 0.580271 0.911168
vt 0.591142 0.900273
vt 0.588201 0.900004
vt 0.584041 0.911493
vt 0.589931 0.911973
vt 0.584829 0.924422
vt 0.578103 0.923612
vt 0.591142 0.900273
vt 0.597961 0.891155
vt 0.604758 0.913336
vt 0.611836 0.914400
vt 0.601617 0.926792
vt 0.617253 0.915676
vt 0.615818 0.929853
vt 0.621305 0.917270
vt 0.620283 0.945007
vt 0.600104 0.939568
vt 0.623915 0.947309
vt 0.623656 0.934310
vt 0.624370 0.919285
vt 0.739676 0.776461
vt 0.309938 0.133481
vt 0.311054 0.133143
vt 0.305698 0.143391
vt 0.300532 0.148206
vt 0.301395 0.150452
vt 0.304875 0.146012
vt 0.300108 0.153896
vt 0.310987 0.134426
vt 0.296538 0.156427
vt 0.296457 0.158852
vt 0.301527 0.152596
vt 0.294522 0.161957
vt 0.296143 0.160813
vt 0.301218 0.155753
vt 0.301218 0.155753
vt 0.310620 0.137737
vt 0.300277 0.144286
vt 0.318160 0.120960
vt 0.306240 0.125533
vt 0.310503 0.136131
vt 0.318147 0.120357
vt 0.317925 0.119888
vt 0.324952 0.103491
vt 0.325798 0.103455
vt 0.326313 0.103656
vt 0.331204 0.086169
vt 0.332456 0.086053
vt 0.333960 0.086416
vt 0.311811 0.107388
vt 0.316076 0.090349
vt 0.336071 0.069155
vt 0.322653 0.073572
vt 0.339068 0.051626
vt 0.323673 0.058274
vt 0.336988 0.068613
vt 0.339922 0.051874
vt 0.335902 0.068904
vt 0.338732 0.053012
vt 0.339368 0.040002
vt 0.341360 0.036973
vt 0.343502 0.033266
vt 0.336983 0.031782
vt 0.339103 0.027046
vt 0.346473 0.015540
vt 0.346473 0.015540
vt 0.327160 0.027002
vt 0.323695 0.043633
vt 0.314515 0.034200
vt 0.331041 0.029597
vt 0.322676 0.031609
vt 0.313434 0.035284
vt 0.312779 0.041799
vt 0.304852 0.038390
vt 0.303125 0.039402
vt 0.305787 0.050950
vt 0.315711 0.061013
vt 0.308639 0.062261
vt 0.299835 0.050490
vt 0.302740 0.061486
vt 0.297052 0.039470
vt 0.295110 0.048259
vt 0.297714 0.059069
vt 0.292345 0.037841
vt 0.298085 0.039260
vt 0.292780 0.038185
vt 0.288264 0.035913
vt 0.288128 0.035583
vt 0.284113 0.033059
vt 0.290727 0.045419
vt 0.286460 0.042342
vt 0.293153 0.055605
vt 0.288806 0.051624
vt 0.373764 0.361534
vt 0.372051 0.370089
vt 0.384331 0.375774
vt 0.384874 0.363682
vt 0.370339 0.378644
vt 0.383788 0.387660
vt 0.397348 0.396028
vt 0.395923 0.365819
vt 0.405318 0.399902
vt 0.383673 0.386967
vt 0.396019 0.393723
vt 0.406330 0.397133
vt 0.410998 0.406917
vt 0.413325 0.394590
vt 0.424470 0.415592
vt 0.424470 0.415592
vt 0.421114 0.392820
vt 0.417755 0.370047
vt 0.418287 0.385494
vt 0.417759 0.370048
vt 0.421114 0.392820
vt 0.416116 0.384232
vt 0.415791 0.368340
vt 0.413797 0.350110
vt 0.412134 0.334085
vt 0.414403 0.347276
vt 0.411222 0.332577
vt 0.411047 0.324504
vt 0.403704 0.331467
vt 0.405071 0.348950
vt 0.414403 0.347276
vt 0.395737 0.334747
vt 0.395526 0.350230
vt 0.403036 0.317321
vt 0.409062 0.314836
vt 0.396797 0.319412
vt 0.398465 0.304184
vt 0.402802 0.304681
vt 0.407077 0.305168
vt 0.409211 0.316821
vt 0.407153 0.305846
vt 0.407077 0.305168
vt 0.409062 0.314836
vt 0.408890 0.318088
vt 0.406926 0.306404
vt 0.405295 0.296721
vt 0.405323 0.296142
vt 0.405092 0.295499
vt 0.404013 0.288575
vt 0.403872 0.287604
vt 0.403107 0.285831
vt 0.402580 0.275618
vt 0.402758 0.292253
vt 0.405092 0.295499
vt 0.403107 0.285831
vt 0.400416 0.289004
vt 0.403035 0.280490
vt 0.402534 0.274000
vt 0.403091 0.281541
vt 0.402482 0.275017
vt 0.402113 0.268474
vt 0.401431 0.271107
vt 0.401870 0.261861
vt 0.395700 0.282502
vt 0.389529 0.303143
vt 0.394028 0.303669
vt 0.288195 0.157536
vt 0.288199 0.141051
vt 0.286432 0.164672
vt 0.293780 0.109767
vt 0.289966 0.117430
vt 0.287984 0.166035
vt 0.291959 0.144323
vt 0.295530 0.123200
vt 0.287882 0.165583
vt 0.287390 0.164462
vt 0.288438 0.164309
vt 0.289688 0.164162
vt 0.289833 0.165753
vt 0.288760 0.166717
vt 0.291335 0.163543
vt 0.290498 0.166440
vt 0.294876 0.145667
vt 0.288760 0.166717
vt 0.299749 0.125440
vt 0.293568 0.161905
vt 0.291641 0.159725
vt 0.292657 0.152037
vt 0.296162 0.151169
vt 0.290700 0.152608
vt 0.288706 0.161115
vt 0.292657 0.152037
vt 0.298438 0.127958
vt 0.290700 0.152608
vt 0.295253 0.125499
vt 0.300498 0.148251
vt 0.304053 0.124079
vt 0.311641 0.122162
vt 0.310712 0.107374
vt 0.317173 0.106040
vt 0.306306 0.107227
vt 0.314147 0.090665
vt 0.319277 0.089862
vt 0.308949 0.090522
vt 0.309799 0.075524
vt 0.315807 0.075257
vt 0.321836 0.073965
vt 0.316024 0.061815
vt 0.322877 0.059936
vt 0.309258 0.062748
vt 0.304082 0.088985
vt 0.304318 0.074256
vt 0.302836 0.059496
vt 0.299684 0.085774
vt 0.299434 0.071323
vt 0.298023 0.059680
vt 0.302140 0.105865
vt 0.298317 0.103151
vt 0.293844 0.109209
vt 0.295885 0.080451
vt 0.291733 0.093809
vt 0.293500 0.070188
vt 0.291153 0.060906
vt 0.295097 0.066738
vt 0.293285 0.056005
vt 0.288806 0.051624
vt 0.377188 0.344425
vt 0.387130 0.338028
vt 0.385551 0.351430
vt 0.375476 0.352980
vt 0.384704 0.363002
vt 0.395151 0.335540
vt 0.394756 0.350539
vt 0.394772 0.364292
vt 0.390160 0.321591
vt 0.396323 0.320106
vt 0.383359 0.323784
vt 0.393908 0.304285
vt 0.398028 0.305329
vt 0.401624 0.306169
vt 0.401468 0.319330
vt 0.401744 0.334326
vt 0.404386 0.306665
vt 0.405318 0.318968
vt 0.406661 0.333761
vt 0.408308 0.350339
vt 0.402491 0.350272
vt 0.403180 0.365303
vt 0.409484 0.366236
vt 0.408308 0.350339
vt 0.406661 0.333761
vt 0.409715 0.333369
vt 0.411944 0.350413
vt 0.413506 0.367288
vt 0.405318 0.318969
vt 0.407710 0.318683
vt 0.404386 0.306665
vt 0.406095 0.306718
vt 0.403787 0.297159
vt 0.404696 0.296208
vt 0.404840 0.297253
vt 0.402025 0.295484
vt 0.403787 0.297159
vt 0.403424 0.291336
vt 0.402490 0.287910
vt 0.401353 0.282808
vt 0.399857 0.292427
vt 0.402490 0.287910
vt 0.402008 0.273884
vt 0.402895 0.283658
vt 0.403821 0.289853
vt 0.399451 0.280679
vt 0.401869 0.261835
vt 0.401815 0.262047
vt 0.286432 0.164672
vt 0.288793 0.154988
vt 0.288199 0.141051
vt 0.409435 0.378781
vt 0.416099 0.384212
vt 0.408426 0.385952
vt 0.413315 0.394572
vt 0.403466 0.382833
vt 0.406333 0.397141
vt 0.395315 0.389555
vt 0.409435 0.378781
vt 0.394803 0.376043
vt 0.384043 0.373327
vt 0.383598 0.381257
vt 0.291203 0.046910
vt 0.284113 0.033059
vt 0.289450 0.040166
vt 0.296142 0.050417
vt 0.293490 0.040330
vt 0.288592 0.037025
vt 0.383557 0.385287
vt 0.298988 0.041491
vt 0.305760 0.040698
vt 0.314651 0.043699
vt 0.313948 0.037616
vt 0.322570 0.041515
vt 0.322468 0.034654
vt 0.329072 0.054736
vt 0.329742 0.033782
vt 0.333784 0.055977
vt 0.334037 0.045057
vt 0.333093 0.039056
vt 0.334037 0.045057
vt 0.336989 0.031771
vt 0.339361 0.040010
vt 0.333784 0.055977
vt 0.338687 0.053045
vt 0.331556 0.070627
vt 0.334291 0.069526
vt 0.329767 0.086571
vt 0.327464 0.087376
vt 0.321913 0.104443
vt 0.323815 0.103774
vt 0.315818 0.120167
vt 0.317285 0.119710
vt 0.321913 0.104443
vt 0.323872 0.088602
vt 0.315818 0.120167
vt 0.327280 0.072244
vt 0.331556 0.070627
vt 0.306230 0.107459
vt 0.308949 0.090522
vt 0.302078 0.106094
vt 0.304082 0.088985
vt 0.298275 0.103342
vt 0.299684 0.085774
vt 0.304251 0.074189
vt 0.299395 0.071246
vt 0.309721 0.075463
vt 0.315857 0.075133
vt 0.295080 0.066688
vt 0.295885 0.080451
vt 0.390227 0.321446
vt 0.387203 0.337929
vt 0.385650 0.351452
vt 0.745278 0.503875
vt 0.746833 0.497356
vt 0.747482 0.497379
vt 0.745170 0.505863
vt 0.743881 0.507042
vt 0.743081 0.511789
vt 0.743616 0.510273
vt 0.747653 0.498359
vt 0.743499 0.512276
vt 0.742003 0.510237
vt 0.740536 0.516599
vt 0.740668 0.518803
vt 0.742696 0.514572
vt 0.743586 0.513456
vt 0.739610 0.521486
vt 0.745009 0.507961
vt 0.742203 0.518441
vt 0.740334 0.521016
vt 0.744072 0.515865
vt 0.744072 0.515866
vt 0.747404 0.501512
vt 0.744243 0.504605
vt 0.742203 0.518441
vt 0.750736 0.487158
vt 0.747361 0.489602
vt 0.747621 0.499136
vt 0.750639 0.486745
vt 0.750421 0.486442
vt 0.753022 0.473187
vt 0.753546 0.472976
vt 0.754068 0.472804
vt 0.755062 0.459495
vt 0.755812 0.459135
vt 0.756788 0.458770
vt 0.749942 0.475194
vt 0.746805 0.463571
vt 0.755897 0.446321
vt 0.756828 0.445851
vt 0.756971 0.433401
vt 0.755650 0.433668
vt 0.756195 0.446240
vt 0.756360 0.434290
vt 0.755503 0.424592
vt 0.756406 0.422391
vt 0.757400 0.419666
vt 0.753321 0.418395
vt 0.757400 0.406738
vt 0.757401 0.406738
vt 0.748842 0.413190
vt 0.750298 0.424536
vt 0.748579 0.414957
vt 0.749576 0.416625
vt 0.744789 0.417875
vt 0.739610 0.420391
vt 0.734719 0.422625
vt 0.730755 0.423234
vt 0.729974 0.424293
vt 0.732563 0.432606
vt 0.734864 0.441884
vt 0.728627 0.431409
vt 0.730294 0.440553
vt 0.726945 0.422585
vt 0.730628 0.423418
vt 0.727184 0.422926
vt 0.724093 0.421620
vt 0.724013 0.421331
vt 0.721165 0.419914
vt 0.721165 0.419914
vt 0.725266 0.429798
vt 0.721931 0.428021
vt 0.726485 0.438521
vt 0.722697 0.436128
vt 0.058837 0.979450
vt 0.071511 0.984638
vt 0.097502 0.973526
vt 0.088564 0.965655
vt 0.084184 0.989826
vt 0.102422 0.982611
vt 0.125015 0.973908
vt 0.131449 0.969739
vt 0.084184 0.989826
vt 0.102039 0.982290
vt 0.118764 0.974652
vt 0.133108 0.966735
vt 0.143333 0.958063
vt 0.157633 0.961192
vt 0.155270 0.948946
vt 0.157633 0.961192
vt 0.150533 0.937742
vt 0.151589 0.948374
vt 0.151088 0.936841
vt 0.148131 0.948213
vt 0.148697 0.937318
vt 0.146623 0.925645
vt 0.148773 0.924899
vt 0.149634 0.924839
vt 0.142877 0.913497
vt 0.145146 0.912747
vt 0.146967 0.912722
vt 0.102369 0.931769
vt 0.109609 0.942844
vt 0.140934 0.900419
vt 0.092896 0.919666
vt 0.093793 0.901664
vt 0.134896 0.888118
vt 0.140145 0.900555
vt 0.134217 0.888712
vt 0.140932 0.900420
vt 0.138121 0.901277
vt 0.132404 0.889734
vt 0.125402 0.879870
vt 0.128860 0.875816
vt 0.116850 0.872390
vt 0.111061 0.867233
vt 0.122824 0.863513
vt 0.108395 0.863960
vt 0.110987 0.879622
vt 0.122824 0.863514
vt 0.093966 0.864406
vt 0.093091 0.883456
vt 0.087567 0.865045
vt 0.093966 0.864406
vt 0.108395 0.863960
vt 0.105911 0.868329
vt 0.093197 0.866533
vt 0.079411 0.865716
vt 0.079537 0.864852
vt 0.065107 0.865299
vt 0.065107 0.865299
vt 0.057203 0.891242
vt 0.075158 0.887336
vt 0.049298 0.917186
vt 0.071026 0.909519
vt 0.733510 0.524752
vt 0.732399 0.507380
vt 0.730418 0.506296
vt 0.732481 0.524281
vt 0.731235 0.490248
vt 0.728355 0.488312
vt 0.734538 0.525223
vt 0.735151 0.508613
vt 0.734935 0.492210
vt 0.734186 0.524846
vt 0.733510 0.524752
vt 0.732481 0.524281
vt 0.733514 0.524056
vt 0.734610 0.523859
vt 0.735829 0.523633
vt 0.736194 0.524887
vt 0.735567 0.525694
vt 0.737227 0.522987
vt 0.736596 0.526165
vt 0.739180 0.508558
vt 0.735567 0.525694
vt 0.740787 0.492900
vt 0.738465 0.523591
vt 0.738465 0.523591
vt 0.738844 0.521480
vt 0.736758 0.520042
vt 0.736261 0.514103
vt 0.738093 0.513599
vt 0.740034 0.512415
vt 0.734600 0.514751
vt 0.734077 0.521559
vt 0.738093 0.513599
vt 0.736261 0.514103
vt 0.737438 0.504065
vt 0.734600 0.514751
vt 0.734436 0.504196
vt 0.734109 0.490692
vt 0.736970 0.491498
vt 0.740835 0.491478
vt 0.740034 0.512415
vt 0.742544 0.502037
vt 0.742003 0.510237
vt 0.746544 0.488808
vt 0.743881 0.507042
vt 0.745278 0.503879
vt 0.741686 0.478069
vt 0.748373 0.475876
vt 0.746123 0.463857
vt 0.737582 0.464405
vt 0.736663 0.452473
vt 0.746203 0.451380
vt 0.740132 0.442163
vt 0.749194 0.438607
vt 0.734472 0.442374
vt 0.732793 0.462427
vt 0.731718 0.450728
vt 0.730472 0.441094
vt 0.737058 0.477717
vt 0.733580 0.476194
vt 0.731234 0.489573
vt 0.729984 0.473657
vt 0.728726 0.459096
vt 0.726292 0.470327
vt 0.724228 0.452343
vt 0.723463 0.444236
vt 0.727621 0.447919
vt 0.726563 0.438864
vt 0.722697 0.436128
vt 0.033489 0.969073
vt 0.067188 0.948868
vt 0.073131 0.960318
vt 0.046163 0.974262
vt 0.081957 0.968177
vt 0.099809 0.932695
vt 0.105417 0.944455
vt 0.110345 0.954449
vt 0.067424 0.930988
vt 0.090815 0.920605
vt 0.041394 0.943130
vt 0.070761 0.910364
vt 0.090685 0.904051
vt 0.107605 0.898694
vt 0.110131 0.912523
vt 0.120352 0.894507
vt 0.124476 0.906753
vt 0.128469 0.919705
vt 0.132366 0.931936
vt 0.135196 0.942747
vt 0.132366 0.931937
vt 0.128469 0.919705
vt 0.137888 0.915598
vt 0.141689 0.927758
vt 0.135196 0.942747
vt 0.143617 0.944437
vt 0.124476 0.906753
vt 0.133416 0.903159
vt 0.120352 0.894507
vt 0.132375 0.889747
vt 0.112872 0.879730
vt 0.125523 0.879749
vt 0.105448 0.886649
vt 0.117605 0.871391
vt 0.104216 0.877568
vt 0.092032 0.876735
vt 0.091265 0.888665
vt 0.104216 0.877568
vt 0.092032 0.876735
vt 0.093025 0.867638
vt 0.105710 0.868920
vt 0.077963 0.874777
vt 0.079381 0.865984
vt 0.065107 0.865298
vt 0.732481 0.524281
vt 0.733197 0.516744
vt 0.732365 0.504840
vt 0.730418 0.506296
vt 0.065106 0.865301
vt 0.077968 0.874756
vt 0.135961 0.951596
vt 0.143310 0.958059
vt 0.131197 0.957337
vt 0.129843 0.965287
vt 0.116632 0.973040
vt 0.109153 0.965186
vt 0.135961 0.951596
vt 0.090912 0.974513
vt 0.100805 0.981219
vt 0.071511 0.984638
vt 0.721931 0.428022
vt 0.725540 0.431079
vt 0.724312 0.422763
vt 0.729221 0.433313
vt 0.727590 0.424646
vt 0.731195 0.425308
vt 0.735392 0.424283
vt 0.744818 0.417861
vt 0.748123 0.423828
vt 0.748137 0.419663
vt 0.733161 0.434376
vt 0.753589 0.436619
vt 0.752742 0.428341
vt 0.751638 0.423799
vt 0.752742 0.428340
vt 0.753301 0.418455
vt 0.755465 0.424662
vt 0.753589 0.436619
vt 0.755350 0.435339
vt 0.753621 0.447808
vt 0.755245 0.446834
vt 0.754183 0.459977
vt 0.752763 0.460790
vt 0.751090 0.474295
vt 0.752300 0.473566
vt 0.748966 0.486942
vt 0.749942 0.486401
vt 0.751090 0.474295
vt 0.752761 0.460791
vt 0.748966 0.486942
vt 0.753618 0.447810
vt 0.746833 0.497355
vt 0.741866 0.478215
vt 0.737566 0.464403
vt 0.737046 0.477898
vt 0.733577 0.476343
vt 0.732793 0.462427
vt 0.736558 0.452401
vt 0.731696 0.450660
vt 0.727611 0.447876
vt 0.728726 0.459097
vt 0.729984 0.473741
vt 0.067688 0.930796
vt 0.067466 0.948758
vt 0.073441 0.960250
vt 0.792899 0.418423
vt 0.791563 0.423667
vt 0.791031 0.423640
vt 0.793005 0.416825
vt 0.794066 0.415893
vt 0.791565 0.423668
vt 0.794067 0.415880
vt 0.794758 0.412061
vt 0.793159 0.415141
vt 0.795099 0.409824
vt 0.790902 0.422851
vt 0.795621 0.413310
vt 0.797185 0.407732
vt 0.796772 0.406408
vt 0.793407 0.413234
vt 0.797754 0.404086
vt 0.795549 0.406729
vt 0.797069 0.404634
vt 0.794028 0.408824
vt 0.794028 0.408824
vt 0.790384 0.421059
vt 0.797069 0.404634
vt 0.788421 0.431733
vt 0.794353 0.428124
vt 0.790968 0.421762
vt 0.788320 0.432172
vt 0.788470 0.432427
vt 0.786066 0.443105
vt 0.785710 0.443236
vt 0.785656 0.443205
vt 0.783950 0.454190
vt 0.783451 0.454412
vt 0.782993 0.454641
vt 0.792574 0.440156
vt 0.791288 0.451653
vt 0.782056 0.465276
vt 0.790685 0.462583
vt 0.781137 0.475891
vt 0.790601 0.473044
vt 0.781922 0.465245
vt 0.780964 0.475516
vt 0.782370 0.465014
vt 0.781473 0.474933
vt 0.781429 0.483260
vt 0.780590 0.484786
vt 0.780037 0.486557
vt 0.782595 0.489123
vt 0.778692 0.497302
vt 0.778693 0.497302
vt 0.784854 0.495211
vt 0.790812 0.483156
vt 0.785336 0.493638
vt 0.785256 0.491860
vt 0.788958 0.492410
vt 0.793132 0.491913
vt 0.797295 0.491694
vt 0.797705 0.490850
vt 0.797228 0.491301
vt 0.796663 0.477721
vt 0.801023 0.487710
vt 0.799720 0.472782
vt 0.803970 0.488766
vt 0.803090 0.473868
vt 0.801074 0.491714
vt 0.804106 0.492334
vt 0.800827 0.491272
vt 0.804004 0.491845
vt 0.806947 0.492852
vt 0.806976 0.493164
vt 0.806882 0.489872
vt 0.809780 0.494083
vt 0.809780 0.494083
vt 0.809780 0.485599
vt 0.806436 0.475383
vt 0.809780 0.477115
vt 0.106722 0.419596
vt 0.126466 0.402241
vt 0.104540 0.403604
vt 0.094711 0.416265
vt 0.114385 0.391134
vt 0.086493 0.394679
vt 0.082686 0.412937
vt 0.095248 0.377897
vt 0.091680 0.378695
vt 0.128434 0.400512
vt 0.114122 0.391855
vt 0.100418 0.384743
vt 0.087893 0.380931
vt 0.076961 0.383010
vt 0.072253 0.362226
vt 0.072253 0.362227
vt 0.065412 0.384257
vt 0.070636 0.409611
vt 0.058571 0.406287
vt 0.066594 0.389055
vt 0.059131 0.407162
vt 0.067856 0.392816
vt 0.060219 0.408190
vt 0.053649 0.426060
vt 0.052490 0.426823
vt 0.051730 0.428317
vt 0.048146 0.443576
vt 0.046897 0.445150
vt 0.044889 0.450347
vt 0.055715 0.445853
vt 0.062913 0.428357
vt 0.065339 0.444473
vt 0.073939 0.428712
vt 0.042192 0.461188
vt 0.056943 0.460212
vt 0.048693 0.475936
vt 0.044074 0.473984
vt 0.039441 0.472034
vt 0.042862 0.459506
vt 0.039461 0.472542
vt 0.039441 0.472034
vt 0.042165 0.461190
vt 0.043753 0.458525
vt 0.040297 0.471011
vt 0.039736 0.471431
vt 0.035557 0.490734
vt 0.036717 0.482877
vt 0.033993 0.493721
vt 0.033175 0.500544
vt 0.038615 0.487265
vt 0.033993 0.493721
vt 0.032357 0.507368
vt 0.040510 0.491653
vt 0.034117 0.498752
vt 0.032226 0.509178
vt 0.032997 0.506142
vt 0.031874 0.513547
vt 0.031540 0.514191
vt 0.030722 0.521014
vt 0.030722 0.521014
vt 0.051222 0.489923
vt 0.042403 0.496042
vt 0.031540 0.514191
vt 0.053287 0.477891
vt 0.802430 0.401389
vt 0.803688 0.421909
vt 0.804848 0.416315
vt 0.803204 0.401704
vt 0.806492 0.430926
vt 0.801656 0.401074
vt 0.801118 0.414581
vt 0.801859 0.428244
vt 0.801792 0.401325
vt 0.802430 0.401389
vt 0.802424 0.401953
vt 0.801590 0.402176
vt 0.800650 0.402415
vt 0.800229 0.401488
vt 0.800883 0.400759
vt 0.799551 0.402982
vt 0.800109 0.400444
vt 0.798028 0.414607
vt 0.800883 0.400759
vt 0.798859 0.427365
vt 0.798589 0.402539
vt 0.798589 0.402539
vt 0.798256 0.404230
vt 0.799678 0.405478
vt 0.798789 0.410512
vt 0.797231 0.411547
vt 0.801567 0.409396
vt 0.801922 0.404090
vt 0.801989 0.437183
vt 0.799520 0.428602
vt 0.797231 0.411545
vt 0.796336 0.428609
vt 0.792603 0.440250
vt 0.798386 0.440006
vt 0.798243 0.451619
vt 0.791546 0.451554
vt 0.795917 0.465420
vt 0.791014 0.462374
vt 0.790824 0.472661
vt 0.799349 0.465595
vt 0.802353 0.453212
vt 0.802779 0.466834
vt 0.804778 0.439166
vt 0.805797 0.455608
vt 0.808136 0.445537
vt 0.809780 0.460148
vt 0.809780 0.468632
vt 0.806265 0.469335
vt 0.085011 0.438679
vt 0.074948 0.443037
vt 0.084974 0.429124
vt 0.095867 0.429138
vt 0.094501 0.416965
vt 0.106722 0.419596
vt 0.066309 0.443917
vt 0.074918 0.428599
vt 0.083213 0.414583
vt 0.064306 0.459766
vt 0.057745 0.459718
vt 0.071438 0.459263
vt 0.047700 0.495266
vt 0.053663 0.477268
vt 0.049666 0.474885
vt 0.046101 0.472900
vt 0.052172 0.459214
vt 0.059045 0.443822
vt 0.043013 0.472275
vt 0.047945 0.458618
vt 0.053561 0.443414
vt 0.059906 0.426736
vt 0.066370 0.427685
vt 0.073734 0.412627
vt 0.066703 0.410975
vt 0.059906 0.426736
vt 0.050106 0.443188
vt 0.055859 0.426103
vt 0.066703 0.410975
vt 0.062440 0.409479
vt 0.045270 0.458300
vt 0.043267 0.471542
vt 0.040302 0.471010
vt 0.039735 0.481727
vt 0.037484 0.481692
vt 0.041156 0.484124
vt 0.037707 0.488077
vt 0.035263 0.491157
vt 0.037571 0.492115
vt 0.037297 0.498092
vt 0.042593 0.488168
vt 0.034314 0.503674
vt 0.034471 0.498116
vt 0.036079 0.506244
vt 0.032832 0.511786
vt 0.030722 0.521014
vt 0.803203 0.401704
vt 0.802663 0.407886
vt 0.802663 0.407885
vt 0.804848 0.416315
vt 0.043711 0.493663
vt 0.074049 0.398814
vt 0.069768 0.396045
vt 0.077955 0.387669
vt 0.076962 0.383015
vt 0.087488 0.385860
vt 0.099066 0.388476
vt 0.090710 0.402634
vt 0.103357 0.406086
vt 0.112872 0.393989
vt 0.117578 0.410054
vt 0.128434 0.400512
vt 0.806871 0.491393
vt 0.809780 0.494083
vt 0.803849 0.489797
vt 0.800583 0.488908
vt 0.795151 0.489585
vt 0.796719 0.485158
vt 0.787257 0.485335
vt 0.789077 0.490317
vt 0.783764 0.473663
vt 0.783806 0.480928
vt 0.785392 0.488400
vt 0.783806 0.480928
vt 0.782613 0.489083
vt 0.782395 0.481915
vt 0.783764 0.473663
vt 0.782317 0.474306
vt 0.784456 0.464180
vt 0.783125 0.464688
vt 0.784636 0.453896
vt 0.786842 0.448675
vt 0.786635 0.442849
vt 0.789662 0.432073
vt 0.788854 0.432477
vt 0.789662 0.432073
vt 0.788024 0.450029
vt 0.784456 0.464180
vt 0.798422 0.439862
vt 0.798296 0.451629
vt 0.802072 0.441193
vt 0.798548 0.462551
vt 0.802680 0.464005
vt 0.806185 0.466051
vt 0.805048 0.443098
vt 0.064174 0.459889
vt 0.074827 0.443107
vt 0.084886 0.429076
s 1
usemtl blue-rose
f 1/1/1 6/2/2 2/3/3
f 1/1/1 2/3/3 8/4/4
f 8/4/4 3/3/5 4/5/6
f 8/4/4 4/5/6 9/6/7
f 3/3/5 7/2/8 25/7/9
f 3/3/5 25/7/9 4/5/6
f 216/8/10 1/1/1 8/4/4
f 8/4/4 9/6/7 11/9/11
f 12/10/12 10/11/13 13/12/14
f 10/11/13 5/13/15 14/14/16
f 13/12/14 10/11/13 14/14/16
f 13/12/14 14/14/16 16/15/17
f 14/14/16 18/16/18 21/17/19
f 14/14/16 21/17/19 16/15/17
f 17/18/20 22/19/21 19/20/22
f 17/18/20 19/20/22 20/21/23
f 24/22/24 23/23/25 18/16/18
f 14/14/16 24/22/24 18/16/18
f 5/13/15 26/24/26 24/22/24
f 5/13/15 24/22/24 14/14/16
f 26/24/26 28/25/27 24/22/24
f 28/25/27 32/26/28 30/27/29
f 28/25/27 30/27/29 24/22/24
f 24/22/24 30/27/29 36/28/30
f 24/22/24 36/28/30 23/23/25
f 32/26/28 337/29/31 34/30/32
f 32/26/28 34/30/32 30/27/29
f 29/31/33 33/32/34 37/33/35
f 29/31/33 37/33/35 35/34/36
f 35/34/36 37/33/35 40/35/37
f 35/34/36 40/35/37 38/36/38
f 22/19/21 35/34/36 38/36/38
f 22/19/21 38/36/38 19/20/22
f 19/20/22 38/36/38 39/37/39
f 38/36/38 40/35/37 41/38/40
f 38/36/38 41/38/40 39/37/39
f 40/35/37 42/39/41 44/40/42
f 40/35/37 44/40/42 41/38/40
f 37/33/35 45/41/43 42/39/41
f 37/33/35 42/39/41 40/35/37
f 45/41/43 46/42/44 43/43/45
f 45/41/43 43/43/45 42/39/41
f 42/39/41 43/43/45 369/44/46
f 42/39/41 369/44/46 44/40/42
f 47/45/47 52/46/48 46/42/44
f 47/45/47 46/42/44 45/41/43
f 33/32/34 47/45/47 45/41/43
f 33/32/34 45/41/43 37/33/35
f 337/29/31 51/47/49 48/48/47
f 337/29/31 48/48/47 34/30/32
f 50/49/49 54/50/50 52/46/48
f 50/49/49 52/46/48 47/45/47
f 54/50/50 56/51/51 55/52/52
f 54/50/50 55/52/52 52/46/48
f 52/46/48 55/52/52 59/53/53
f 52/46/48 59/53/53 46/42/44
f 56/51/51 330/54/54 58/55/55
f 56/51/51 58/55/55 55/52/52
f 55/52/52 58/55/55 59/53/53
f 59/53/53 58/55/55 62/56/56
f 59/53/53 62/56/56 60/57/57
f 46/42/44 59/53/53 60/57/57
f 46/42/44 60/57/57 43/43/45
f 43/43/45 60/57/57 61/58/58
f 43/43/45 61/58/58 369/44/46
f 60/57/57 62/56/56 63/59/59
f 60/57/57 63/59/59 61/58/58
f 64/60/60 66/61/61 63/59/59
f 64/60/60 63/59/59 62/56/56
f 58/55/55 64/60/60 62/56/56
f 330/54/54 64/60/60 58/55/55
f 66/61/61 68/62/62 71/63/63
f 66/61/61 71/63/63 63/59/59
f 68/62/62 70/64/64 72/65/65
f 68/62/62 72/65/65 71/63/63
f 73/66/66 71/63/63 72/65/65
f 73/66/66 72/65/65 75/67/67
f 61/58/58 63/59/59 71/63/63
f 61/58/58 71/63/63 73/66/66
f 369/44/46 61/58/58 73/66/66
f 369/44/46 73/66/66 74/68/68
f 74/68/68 73/66/66 75/67/67
f 74/68/68 75/67/67 76/69/69
f 76/69/69 75/67/67 77/70/70
f 76/69/69 77/70/70 78/71/71
f 75/67/67 72/65/65 80/72/72
f 75/67/67 80/72/72 77/70/70
f 78/71/71 77/70/70 79/73/73
f 78/71/71 79/73/73 357/74/74
f 77/70/70 80/72/72 81/75/75
f 77/70/70 81/75/75 79/73/73
f 70/64/64 80/72/72 72/65/65
f 70/64/64 82/76/76 80/72/72
f 82/76/76 85/77/77 81/75/75
f 82/76/76 81/75/75 80/72/72
f 85/77/77 89/78/78 86/79/79
f 85/77/77 86/79/79 81/75/75
f 89/78/78 309/80/80 90/81/81
f 89/78/78 90/81/81 86/79/79
f 86/79/79 90/81/81 91/82/82
f 92/83/83 86/79/79 91/82/82
f 79/73/73 81/75/75 86/79/79
f 79/73/73 86/79/79 92/83/83
f 357/74/74 79/73/73 92/83/83
f 357/74/74 92/83/83 93/84/84
f 93/84/84 92/83/83 91/82/82
f 93/84/84 91/82/82 94/85/85
f 94/85/85 91/82/82 95/86/86
f 94/85/85 95/86/86 97/87/87
f 91/82/82 100/88/88 95/86/86
f 98/89/89 96/90/90 99/91/91
f 96/90/90 101/92/92 103/93/93
f 96/90/90 103/93/93 99/91/91
f 104/94/94 107/95/95 102/96/96
f 104/94/94 102/96/96 100/88/88
f 90/81/81 104/94/94 100/88/88
f 90/81/81 100/88/88 91/82/82
f 309/80/80 106/97/97 104/94/94
f 309/80/80 104/94/94 90/81/81
f 106/97/97 110/98/98 107/95/95
f 106/97/97 107/95/95 104/94/94
f 110/98/98 114/99/99 111/100/100
f 110/98/98 111/100/100 107/95/95
f 108/101/101 112/102/102 116/103/103
f 108/101/101 116/103/103 103/93/93
f 114/99/99 296/104/104 115/105/105
f 114/99/99 115/105/105 111/100/100
f 99/91/91 103/93/93 116/103/103
f 99/91/91 116/103/103 117/106/106
f 117/106/106 116/103/103 118/107/107
f 118/107/107 123/108/108 117/106/106
f 296/104/104 121/109/109 119/110/110
f 296/104/104 119/110/110 115/105/105
f 121/109/109 125/111/111 122/112/112
f 121/109/109 122/112/112 119/110/110
f 125/111/111 129/113/113 126/114/114
f 125/111/111 126/114/114 122/112/112
f 123/108/108 127/115/115 132/116/116
f 123/108/108 132/116/116 117/106/106
f 129/113/113 267/117/117 130/118/118
f 129/113/113 130/118/118 126/114/114
f 126/114/114 130/118/118 133/119/119
f 126/114/114 133/119/119 131/120/120
f 138/121/121 117/106/106 132/116/116
f 138/121/121 132/116/116 134/122/122
f 140/123/123 136/124/124 117/106/106
f 140/123/123 117/106/106 138/121/121
f 136/124/124 99/91/91 117/106/106
f 141/125/125 137/126/126 133/119/119
f 141/125/125 133/119/119 146/127/127
f 144/128/128 140/123/123 138/121/121
f 144/128/128 138/121/121 142/129/129
f 367/130/130 143/131/131 141/125/125
f 367/130/130 141/125/125 145/132/132
f 145/132/132 141/125/125 146/127/127
f 146/127/127 150/133/133 145/132/132
f 130/118/118 146/127/127 133/119/119
f 267/117/117 148/134/134 146/127/127
f 267/117/117 146/127/127 130/118/118
f 148/134/134 152/135/135 149/133/136
f 148/134/134 149/133/136 146/127/127
f 152/135/135 155/136/137 153/137/138
f 152/135/135 153/137/138 149/133/136
f 150/133/133 153/137/138 145/132/132
f 155/136/137 278/138/139 156/139/140
f 155/136/137 156/139/140 153/137/138
f 161/140/141 157/141/142 153/137/138
f 161/140/141 153/137/138 156/139/140
f 157/141/142 145/132/132 153/137/138
f 163/142/143 160/143/144 158/144/145
f 163/142/143 158/144/145 162/145/146
f 159/146/147 367/130/130 145/132/132
f 159/146/147 145/132/132 157/141/142
f 162/145/146 169/147/148 163/142/143
f 156/139/140 165/148/149 161/140/141
f 278/138/139 167/149/150 164/148/151
f 278/138/139 164/148/151 156/139/140
f 167/149/150 168/150/152 164/148/151
f 171/151/153 174/152/154 172/153/155
f 171/151/153 172/153/155 169/147/148
f 169/147/148 172/153/155 163/142/143
f 174/152/154 286/154/156 172/153/155
f 172/153/155 175/155/157 163/142/143
f 175/155/157 176/156/158 163/142/143
f 163/142/143 176/156/158 160/143/144
f 176/156/158 181/157/159 178/158/160
f 176/156/158 178/158/160 368/159/161
f 176/156/158 368/159/161 160/143/144
f 175/155/157 183/160/162 176/156/158
f 182/161/163 180/162/164 179/163/165
f 186/164/166 185/165/167 183/160/162
f 186/164/166 183/160/162 175/155/157
f 184/166/168 197/167/169 180/162/164
f 184/166/168 180/162/164 182/161/163
f 172/153/155 190/168/170 186/164/166
f 172/153/155 186/164/166 175/155/157
f 286/154/156 189/169/171 172/153/155
f 189/169/171 192/170/172 190/168/170
f 189/169/171 190/168/170 172/153/155
f 192/170/172 194/171/173 190/168/170
f 194/171/173 209/172/174 190/168/170
f 186/164/166 199/173/175 196/174/176
f 186/164/166 196/174/176 185/165/167
f 198/175/177 200/176/178 197/167/169
f 198/175/177 197/167/169 195/177/179
f 195/177/179 197/167/169 184/166/168
f 204/178/180 202/179/181 199/173/175
f 204/178/180 199/173/175 186/164/166
f 201/180/182 200/176/178 198/175/177
f 15/181/183 20/21/23 201/180/182
f 15/181/183 201/180/182 203/182/184
f 20/21/23 19/20/22 200/176/178
f 20/21/23 200/176/178 201/180/182
f 13/12/14 16/15/17 204/178/180
f 190/168/170 13/12/14 204/178/180
f 190/168/170 204/178/180 186/164/166
f 209/172/174 206/183/185 13/12/14
f 209/172/174 13/12/14 190/168/170
f 206/183/185 12/10/12 13/12/14
f 207/184/186 205/185/187 208/186/188
f 207/184/186 8/4/4 11/9/11
f 207/184/186 11/9/11 205/185/187
f 211/187/189 207/184/186 208/186/188
f 211/187/189 208/186/188 193/188/190
f 210/189/191 207/184/186 211/187/189
f 210/189/191 216/8/10 207/184/186
f 211/187/189 193/188/190 191/190/192
f 210/189/191 212/191/193 214/192/194
f 210/189/191 211/187/189 212/191/193
f 214/192/194 212/191/193 213/193/195
f 214/192/194 213/193/195 215/194/196
f 216/8/10 210/189/191 214/192/194
f 216/8/10 214/192/194 215/194/196
f 216/8/10 215/194/196 217/195/197
f 216/8/10 8/4/4 207/184/186
f 217/195/197 215/194/196 218/196/198
f 217/195/197 218/196/198 219/197/199
f 215/194/196 220/198/200 218/196/198
f 219/197/199 218/196/198 221/199/201
f 219/197/199 221/199/201 223/200/202
f 218/196/198 220/198/200 222/201/203
f 218/196/198 222/201/203 221/199/201
f 221/199/201 222/201/203 227/202/204
f 221/199/201 227/202/204 224/203/205
f 223/200/202 221/199/201 224/203/205
f 223/200/202 224/203/205 225/204/206
f 225/204/206 224/203/205 226/205/207
f 225/204/206 226/205/207 321/206/208
f 224/203/205 227/202/204 228/207/209
f 224/203/205 228/207/209 226/205/207
f 222/201/203 232/208/210 229/209/211
f 222/201/203 229/209/211 227/202/204
f 227/202/204 229/209/211 231/210/212
f 227/202/204 231/210/212 228/207/209
f 232/208/210 233/211/213 230/212/214
f 232/208/210 230/212/214 229/209/211
f 229/209/211 230/212/214 304/213/215
f 229/209/211 304/213/215 231/210/212
f 234/214/216 235/215/217 233/211/213
f 234/214/216 233/211/213 232/208/210
f 220/198/200 234/214/216 232/208/210
f 220/198/200 232/208/210 222/201/203
f 215/194/196 213/193/195 234/214/216
f 215/194/196 234/214/216 220/198/200
f 213/193/195 235/215/217 234/214/216
f 213/193/195 238/216/218 236/217/219
f 213/193/195 236/217/219 235/215/217
f 235/215/217 236/217/219 241/218/220
f 235/215/217 241/218/220 233/211/213
f 238/216/218 290/219/221 239/220/222
f 238/216/218 239/220/222 236/217/219
f 237/221/223 240/222/224 243/223/225
f 237/221/223 243/223/225 242/224/226
f 242/224/226 243/223/225 248/225/227
f 242/224/226 248/225/227 245/226/228
f 233/211/213 241/218/220 244/227/229
f 233/211/213 244/227/229 230/212/214
f 230/212/214 244/227/229 246/228/230
f 230/212/214 246/228/230 304/213/215
f 245/226/228 248/225/227 247/229/231
f 243/223/225 251/230/232 249/231/233
f 243/223/225 249/231/233 248/225/227
f 251/230/232 252/232/234 250/233/235
f 251/230/232 250/233/235 249/231/233
f 253/234/236 256/235/237 252/232/234
f 253/234/236 252/232/234 251/230/232
f 240/222/224 253/234/236 251/230/232
f 240/222/224 251/230/232 243/223/225
f 291/236/238 255/237/239 253/234/236
f 291/236/238 253/234/236 240/222/224
f 255/237/239 258/238/240 256/235/237
f 255/237/239 256/235/237 253/234/236
f 258/238/240 259/239/241 256/235/237
f 256/235/237 261/240/242 252/232/234
f 259/239/241 260/241/243 256/235/237
f 256/235/237 260/241/243 261/240/242
f 261/240/242 260/241/243 263/242/244
f 252/232/234 261/240/242 250/233/235
f 250/233/235 261/240/242 262/243/245
f 261/240/242 263/242/244 262/243/245
f 263/242/244 260/241/243 264/244/246
f 263/242/244 264/244/246 265/245/247
f 265/245/247 264/244/246 128/246/248
f 265/245/247 128/246/248 124/247/249
f 264/244/246 260/241/243 266/248/250
f 264/244/246 266/248/250 128/246/248
f 260/241/243 268/249/251 147/250/252
f 260/241/243 147/250/252 266/248/250
f 260/241/243 259/239/241 269/251/253
f 260/241/243 269/251/253 268/249/251
f 268/249/251 270/251/254 151/252/255
f 268/249/251 151/252/255 147/250/252
f 259/239/241 272/253/256 271/254/257
f 259/239/241 271/254/257 269/251/253
f 270/251/254 271/254/257 154/255/258
f 270/251/254 154/255/258 151/252/255
f 275/256/259 272/253/256 259/239/241
f 275/256/259 259/239/241 274/257/260
f 274/257/260 259/239/241 258/238/240
f 272/253/256 275/256/259 276/258/261
f 276/258/261 170/259/262 166/260/263
f 272/253/256 276/258/261 166/260/263
f 272/253/256 166/260/263 277/261/264
f 271/254/257 272/253/256 277/261/264
f 271/254/257 277/261/264 154/255/258
f 276/258/261 275/256/259 173/262/265
f 276/258/261 173/262/265 170/259/262
f 275/256/259 282/263/266 285/264/267
f 275/256/259 285/264/267 173/262/265
f 280/265/268 284/266/269 282/263/266
f 280/265/268 282/263/266 275/256/259
f 283/267/270 211/187/189 287/268/271
f 283/267/270 287/268/271 281/269/272
f 282/263/266 288/270/273 188/271/274
f 282/263/266 188/271/274 285/264/267
f 287/268/271 211/187/189 191/190/192
f 287/268/271 191/190/192 187/272/275
f 211/187/189 289/273/276 212/191/193
f 211/187/189 283/267/270 289/273/276
f 212/191/193 289/273/276 238/216/218
f 212/191/193 238/216/218 213/193/195
f 289/273/276 290/219/221 238/216/218
f 283/267/270 279/274/277 292/275/278
f 283/267/270 292/275/278 289/273/276
f 289/273/276 292/275/278 254/276/279
f 289/273/276 254/276/279 290/219/221
f 280/265/268 275/256/259 274/257/260
f 280/265/268 274/257/260 293/277/280
f 292/275/278 273/278/281 257/279/282
f 292/275/278 257/279/282 254/276/279
f 294/280/283 263/242/244 265/245/247
f 294/280/283 265/245/247 120/281/284
f 120/281/284 265/245/247 124/247/249
f 294/280/283 120/281/284 295/282/285
f 294/280/283 295/282/285 297/283/286
f 297/283/286 295/282/285 113/284/287
f 299/285/288 294/280/283 297/283/286
f 299/285/288 297/283/286 298/286/289
f 298/286/289 297/283/286 113/284/287
f 298/286/289 113/284/287 109/287/290
f 299/285/288 262/243/245 294/280/283
f 262/243/245 263/242/244 294/280/283
f 250/233/235 262/243/245 299/285/288
f 249/231/233 250/233/235 299/285/288
f 249/231/233 299/285/288 300/288/291
f 248/225/227 249/231/233 300/288/291
f 248/225/227 300/288/291 301/289/292
f 247/229/231 248/225/227 301/289/292
f 247/229/231 301/289/292 303/290/293
f 303/290/293 301/289/292 306/291/294
f 304/213/215 246/228/230 302/292/295
f 304/213/215 302/292/295 305/293/296
f 304/213/215 305/293/296 307/294/297
f 307/294/297 305/293/296 87/295/298
f 307/294/297 87/295/298 84/296/299
f 306/291/294 301/289/292 308/297/300
f 306/291/294 308/297/300 88/298/301
f 301/289/292 300/288/291 310/299/302
f 301/289/292 310/299/302 105/300/303
f 301/289/292 105/300/303 308/297/300
f 300/288/291 299/285/288 298/286/289
f 300/288/291 298/286/289 310/299/302
f 310/299/302 298/286/289 109/287/290
f 310/299/302 109/287/290 105/300/303
f 311/301/304 307/294/297 84/296/299
f 311/301/304 84/296/299 83/302/305
f 312/303/306 311/301/304 83/302/305
f 312/303/306 83/302/305 313/304/307
f 315/305/308 312/303/306 69/306/309
f 69/306/309 312/303/306 313/304/307
f 316/307/310 315/305/308 69/306/309
f 316/307/310 69/306/309 314/308/311
f 314/308/311 69/306/309 67/309/312
f 317/310/313 319/311/314 312/303/306
f 317/310/313 312/303/306 315/305/308
f 318/312/315 317/310/313 315/305/308
f 318/312/315 315/305/308 316/307/310
f 226/205/207 228/207/209 319/311/314
f 226/205/207 319/311/314 317/310/313
f 321/206/208 226/205/207 317/310/313
f 321/206/208 317/310/313 318/312/315
f 228/207/209 231/210/212 320/313/316
f 228/207/209 320/313/316 319/311/314
f 319/311/314 320/313/316 311/301/304
f 319/311/314 311/301/304 312/303/306
f 231/210/212 304/213/215 320/313/316
f 320/313/316 304/213/215 307/294/297
f 320/313/316 307/294/297 311/301/304
f 323/314/317 321/206/208 318/312/315
f 323/314/317 318/312/315 322/315/318
f 322/315/318 318/312/315 316/307/310
f 322/315/318 316/307/310 324/316/319
f 327/317/320 323/314/317 322/315/318
f 327/317/320 322/315/318 325/318/321
f 325/318/321 322/315/318 324/316/319
f 325/318/321 324/316/319 326/319/322
f 325/318/321 326/319/322 328/320/323
f 327/317/320 325/318/321 328/320/323
f 327/317/320 328/320/323 329/321/324
f 329/321/324 328/320/323 57/322/325
f 329/321/324 57/322/325 53/323/326
f 328/320/323 326/319/322 331/324/327
f 328/320/323 331/324/327 57/322/325
f 326/319/322 65/325/328 331/324/327
f 324/316/319 316/307/310 314/308/311
f 324/316/319 314/308/311 326/319/322
f 326/319/322 314/308/311 67/309/312
f 326/319/322 67/309/312 65/325/328
f 333/326/329 327/317/320 329/321/324
f 333/326/329 329/321/324 332/327/330
f 332/327/330 329/321/324 53/323/326
f 332/327/330 53/323/326 49/328/331
f 334/329/332 332/327/330 49/328/331
f 334/329/332 49/328/331 336/330/333
f 335/331/334 333/326/329 332/327/330
f 335/331/334 332/327/330 334/329/332
f 341/332/335 335/331/334 334/329/332
f 341/332/335 334/329/332 338/333/336
f 338/333/336 334/329/332 336/330/333
f 338/333/336 336/330/333 31/334/337
f 342/335/338 341/332/335 338/333/336
f 342/335/338 338/333/336 339/336/339
f 340/336/340 338/333/336 31/334/337
f 340/336/340 31/334/337 27/337/341
f 341/332/335 343/338/342 344/339/343
f 341/332/335 344/339/343 335/331/334
f 342/335/338 343/338/342 341/332/335
f 342/335/338 217/195/197 219/197/199
f 342/335/338 219/197/199 343/338/342
f 343/338/342 219/197/199 223/200/202
f 343/338/342 223/200/202 344/339/343
f 344/339/343 223/200/202 225/204/206
f 344/339/343 225/204/206 345/340/344
f 335/331/334 344/339/343 345/340/344
f 335/331/334 345/340/344 333/326/329
f 345/340/344 225/204/206 321/206/208
f 345/340/344 321/206/208 323/314/317
f 333/326/329 345/340/344 323/314/317
f 333/326/329 323/314/317 327/317/320
f 1/1/1 216/8/10 217/195/197
f 1/1/1 217/195/197 342/335/338
f 1/1/1 342/335/338 339/336/339
f 1/1/1 339/336/339 6/2/2
f 7/2/8 340/336/340 27/337/341
f 7/2/8 27/337/341 25/7/9
f 19/20/22 39/37/39 346/341/345
f 19/20/22 346/341/345 200/176/178
f 200/176/178 346/341/345 348/342/346
f 39/37/39 41/38/40 347/343/347
f 39/37/39 347/343/347 346/341/345
f 346/341/345 347/343/347 349/344/348
f 346/341/345 349/344/348 348/342/346
f 200/176/178 348/342/346 197/167/169
f 348/342/346 349/344/348 351/345/349
f 197/167/169 348/342/346 350/346/350
f 348/342/346 351/345/349 352/347/351
f 348/342/346 352/347/351 350/346/350
f 351/345/349 353/348/352 354/349/353
f 351/345/349 354/349/353 352/347/351
f 349/344/348 355/350/354 353/348/352
f 349/344/348 353/348/352 351/345/349
f 355/350/354 76/69/69 78/71/71
f 355/350/354 78/71/71 353/348/352
f 353/348/352 78/71/71 357/74/74
f 353/348/352 357/74/74 354/349/353
f 347/343/347 356/351/355 355/350/354
f 347/343/347 355/350/354 349/344/348
f 356/351/355 74/68/68 76/69/69
f 356/351/355 76/69/69 355/350/354
f 41/38/40 44/40/42 356/351/355
f 41/38/40 356/351/355 347/343/347
f 44/40/42 369/44/46 74/68/68
f 44/40/42 74/68/68 356/351/355
f 354/349/353 357/74/74 93/84/84
f 354/349/353 93/84/84 358/352/356
f 352/347/351 354/349/353 358/352/356
f 352/347/351 358/352/356 360/353/357
f 358/352/356 93/84/84 94/85/85
f 358/352/356 94/85/85 359/354/358
f 360/353/357 358/352/356 359/354/358
f 360/353/357 359/354/358 361/355/359
f 362/356/360 360/353/357 361/355/359
f 362/356/360 361/355/359 363/357/361
f 350/346/350 352/347/351 360/353/357
f 350/346/350 360/353/357 362/356/360
f 197/167/169 350/346/350 362/356/360
f 197/167/169 362/356/360 180/162/164
f 180/162/164 362/356/360 363/357/361
f 180/162/164 363/357/361 177/358/362
f 363/357/361 361/355/359 364/359/363
f 177/358/362 363/357/361 143/131/131
f 177/358/362 143/131/131 367/130/130
f 363/357/361 364/359/363 139/360/364
f 363/357/361 139/360/364 143/131/131
f 364/359/363 365/361/365 135/362/366
f 364/359/363 135/362/366 139/360/364
f 361/355/359 359/354/358 365/361/365
f 361/355/359 365/361/365 364/359/363
f 359/354/358 94/85/85 97/87/87
f 359/354/358 97/87/87 365/361/365
f 366/363/367 98/89/89 99/91/91
f 366/363/367 99/91/91 136/124/124
f 512/364/368 513/365/369 516/366/370
f 512/364/368 516/366/370 515/367/371
f 513/365/369 514/368/372 517/369/373
f 513/365/369 517/369/373 516/366/370
f 515/367/371 516/366/370 519/370/374
f 515/367/371 519/370/374 518/371/375
f 516/366/370 517/369/373 520/372/376
f 516/366/370 520/372/376 519/370/374
f 382/373/377 438/374/378 512/364/368
f 382/373/377 512/364/368 418/375/379
f 438/374/378 437/376/380 513/365/369
f 438/374/378 513/365/369 512/364/368
f 437/376/380 436/377/381 514/368/372
f 437/376/380 514/368/372 513/365/369
f 436/377/381 380/378/382 397/379/383
f 436/377/381 397/379/383 514/368/372
f 514/368/372 397/379/383 398/380/384
f 514/368/372 398/380/384 517/369/373
f 517/369/373 398/380/384 399/381/385
f 517/369/373 399/381/385 520/372/376
f 520/372/376 399/381/385 373/382/386
f 519/370/374 520/372/376 373/382/386
f 519/370/374 373/382/386 410/383/387
f 518/371/375 519/370/374 410/383/387
f 518/371/375 410/383/387 411/384/388
f 420/385/389 518/371/375 411/384/388
f 420/385/389 411/384/388 377/386/390
f 419/387/391 515/367/371 518/371/375
f 419/387/391 518/371/375 420/385/389
f 418/375/379 512/364/368 515/367/371
f 418/375/379 515/367/371 419/387/391
f 521/388/392 522/389/393 525/390/394
f 521/388/392 525/390/394 524/391/395
f 522/389/393 523/392/396 526/393/397
f 522/389/393 526/393/397 525/390/394
f 524/391/395 525/390/394 527/394/398
f 524/391/395 527/394/398 402/395/399
f 525/390/394 526/393/397 528/396/400
f 525/390/394 528/396/400 527/394/398
f 379/397/401 435/398/402 521/388/392
f 379/397/401 521/388/392 422/399/403
f 435/398/402 434/400/404 522/389/393
f 435/398/402 522/389/393 521/388/392
f 434/400/404 433/401/405 523/392/396
f 434/400/404 523/392/396 522/389/393
f 433/401/405 381/402/406 416/403/407
f 433/401/405 416/403/407 523/392/396
f 523/392/396 416/403/407 417/404/408
f 523/392/396 417/404/408 526/393/397
f 526/393/397 417/404/408 528/396/400
f 528/396/400 417/404/408 378/405/409
f 528/396/400 378/405/409 400/406/410
f 527/394/398 528/396/400 400/406/410
f 527/394/398 400/406/410 401/407/411
f 402/395/399 527/394/398 401/407/411
f 421/408/412 524/391/395 402/395/399
f 421/408/412 402/395/399 372/409/413
f 422/399/403 521/388/392 524/391/395
f 422/399/403 524/391/395 421/408/412
f 529/410/414 531/411/415 535/412/416
f 529/410/414 535/412/416 533/413/417
f 531/411/415 532/414/418 536/415/419
f 531/411/415 536/415/419 535/412/416
f 533/413/417 535/412/416 539/416/420
f 533/413/417 539/416/420 537/417/421
f 535/412/416 536/415/419 540/418/422
f 535/412/416 540/418/422 539/416/420
f 381/402/406 432/419/423 530/420/424
f 381/402/406 530/420/424 416/403/407
f 431/421/425 430/422/426 531/411/415
f 431/421/425 531/411/415 529/410/414
f 430/422/426 429/423/427 532/414/418
f 430/422/426 532/414/418 531/411/415
f 429/423/427 382/373/377 418/375/379
f 429/423/427 418/375/379 532/414/418
f 532/414/418 418/375/379 419/387/391
f 532/414/418 419/387/391 536/415/419
f 536/415/419 419/387/391 420/385/389
f 536/415/419 420/385/389 540/418/422
f 540/418/422 420/385/389 377/386/390
f 540/418/422 377/386/390 412/424/428
f 539/416/420 540/418/422 412/424/428
f 539/416/420 412/424/428 413/425/429
f 537/417/421 539/416/420 413/425/429
f 537/417/421 413/425/429 414/426/430
f 417/404/408 538/427/431 415/428/432
f 417/404/408 415/428/432 378/405/409
f 417/404/408 534/429/433 538/427/431
f 416/403/407 530/420/424 534/429/433
f 416/403/407 534/429/433 417/404/408
f 541/430/434 408/431/435 545/432/436
f 541/430/434 545/432/436 543/433/437
f 408/431/435 409/434/438 546/435/439
f 408/431/435 546/435/439 545/432/436
f 543/433/437 545/432/436 549/436/440
f 543/433/437 549/436/440 547/437/441
f 545/432/436 546/435/439 550/438/442
f 545/432/436 550/438/442 549/436/440
f 375/439/443 407/440/444 542/441/445
f 375/439/443 542/441/445 425/442/446
f 406/443/447 408/431/435 541/430/434
f 409/434/438 376/444/448 428/445/449
f 409/434/438 428/445/449 546/435/439
f 546/435/439 428/445/449 550/438/442
f 550/438/442 428/445/449 382/373/377
f 550/438/442 382/373/377 429/423/427
f 549/436/440 550/438/442 429/423/427
f 549/436/440 429/423/427 430/422/426
f 547/437/441 549/436/440 430/422/426
f 547/437/441 430/422/426 431/421/425
f 427/446/450 548/447/451 432/419/423
f 427/446/450 432/419/423 381/402/406
f 426/448/452 544/449/453 548/447/451
f 426/448/452 548/447/451 427/446/450
f 425/442/446 542/441/445 544/449/453
f 425/442/446 544/449/453 426/448/452
f 370/450/454 404/451/455 551/452/456
f 370/450/454 551/452/456 395/453/457
f 395/453/457 551/452/456 552/454/458
f 395/453/457 552/454/458 394/455/459
f 551/452/456 553/456/460 552/454/458
f 403/457/461 404/451/455 370/450/454
f 405/458/462 375/439/443 425/442/446
f 405/458/462 425/442/446 404/451/455
f 404/451/455 425/442/446 426/448/452
f 404/451/455 426/448/452 551/452/456
f 551/452/456 426/448/452 427/446/450
f 551/452/456 427/446/450 553/456/460
f 553/456/460 427/446/450 381/402/406
f 553/456/460 381/402/406 433/401/405
f 552/454/458 553/456/460 433/401/405
f 552/454/458 433/401/405 434/400/404
f 394/455/459 552/454/458 434/400/404
f 394/455/459 434/400/404 435/398/402
f 394/455/459 435/398/402 379/397/401
f 396/459/463 554/460/464 556/461/465
f 556/461/465 554/460/464 437/376/380
f 554/460/464 555/462/466 557/463/467
f 554/460/464 557/463/467 437/376/380
f 396/459/463 371/464/468 555/462/466
f 396/459/463 555/462/466 554/460/464
f 371/464/468 423/465/469 555/462/466
f 555/462/466 423/465/469 424/466/470
f 555/462/466 424/466/470 557/463/467
f 557/463/467 424/466/470 380/378/382
f 557/463/467 380/378/382 436/377/381
f 437/376/380 557/463/467 436/377/381
f 556/461/465 437/376/380 438/374/378
f 428/445/449 556/461/465 438/374/378
f 428/445/449 438/374/378 382/373/377
f 376/444/448 396/459/463 556/461/465
f 376/444/448 556/461/465 428/445/449
f 558/467/471 559/468/472 562/469/473
f 558/467/471 562/469/473 561/470/474
f 559/468/472 560/471/475 563/472/476
f 559/468/472 563/472/476 562/469/473
f 561/470/474 562/469/473 565/473/477
f 561/470/474 565/473/477 564/474/478
f 562/469/473 563/472/476 566/475/479
f 562/469/473 566/475/479 565/473/477
f 393/476/480 460/477/481 558/467/471
f 393/476/480 558/467/471 481/478/482
f 460/477/481 461/479/483 559/468/472
f 460/477/481 559/468/472 558/467/471
f 461/479/483 462/480/484 560/471/475
f 461/479/483 560/471/475 559/468/472
f 462/480/484 388/481/485 453/482/486
f 462/480/484 453/482/486 560/471/475
f 560/471/475 453/482/486 452/483/487
f 560/471/475 452/483/487 563/472/476
f 563/472/476 452/483/487 451/484/488
f 563/472/476 451/484/488 566/475/479
f 566/475/479 451/484/488 490/485/489
f 566/475/479 490/485/489 445/486/490
f 565/473/477 566/475/479 445/486/490
f 565/473/477 445/486/490 444/487/491
f 564/474/478 565/473/477 444/487/491
f 564/474/478 444/487/491 443/488/492
f 479/489/493 564/474/478 443/488/492
f 479/489/493 443/488/492 391/490/494
f 480/491/495 561/470/474 564/474/478
f 480/491/495 564/474/478 479/489/493
f 481/478/482 558/467/471 561/470/474
f 481/478/482 561/470/474 480/491/495
f 567/492/496 568/493/497 571/494/498
f 567/492/496 571/494/498 570/495/499
f 568/493/497 569/496/500 572/497/501
f 568/493/497 572/497/501 571/494/498
f 570/495/499 571/494/498 574/498/502
f 570/495/499 574/498/502 573/499/503
f 571/494/498 572/497/501 575/500/504
f 571/494/498 575/500/504 574/498/502
f 390/501/505 465/502/506 567/492/496
f 390/501/505 567/492/496 478/503/507
f 465/502/506 464/504/508 568/493/497
f 465/502/506 568/493/497 567/492/496
f 464/504/508 463/505/509 569/496/500
f 464/504/508 569/496/500 568/493/497
f 463/505/509 385/506/510 448/507/511
f 463/505/509 448/507/511 569/496/500
f 569/496/500 448/507/511 447/508/512
f 569/496/500 447/508/512 572/497/501
f 572/497/501 447/508/512 446/509/513
f 572/497/501 446/509/513 575/500/504
f 575/500/504 446/509/513 389/510/514
f 575/500/504 389/510/514 459/511/515
f 574/498/502 575/500/504 459/511/515
f 574/498/502 459/511/515 458/512/516
f 573/499/503 574/498/502 458/512/516
f 573/499/503 458/512/516 457/513/517
f 476/514/518 573/499/503 457/513/517
f 476/514/518 457/513/517 392/515/519
f 477/516/520 570/495/499 573/499/503
f 477/516/520 573/499/503 476/514/518
f 478/503/507 567/492/496 570/495/499
f 478/503/507 570/495/499 477/516/520
f 576/517/521 577/518/522 580/519/523
f 576/517/521 580/519/523 579/520/524
f 577/518/522 578/521/525 581/522/526
f 577/518/522 581/522/526 580/519/523
f 579/520/524 580/519/523 583/523/527
f 579/520/524 583/523/527 582/524/528
f 580/519/523 581/522/526 584/525/529
f 580/519/523 584/525/529 583/523/527
f 392/515/519 457/513/517 576/517/521
f 392/515/519 576/517/521 475/526/530
f 457/513/517 458/512/516 577/518/522
f 457/513/517 577/518/522 576/517/521
f 458/512/516 459/511/515 578/521/525
f 458/512/516 578/521/525 577/518/522
f 459/511/515 389/510/514 456/527/531
f 459/511/515 456/527/531 578/521/525
f 578/521/525 456/527/531 455/528/532
f 578/521/525 455/528/532 581/522/526
f 581/522/526 455/528/532 454/529/533
f 581/522/526 454/529/533 584/525/529
f 584/525/529 454/529/533 388/481/485
f 584/525/529 388/481/485 462/480/484
f 583/523/527 584/525/529 462/480/484
f 583/523/527 462/480/484 461/479/483
f 582/524/528 583/523/527 461/479/483
f 582/524/528 461/479/483 460/477/481
f 473/530/534 582/524/528 460/477/481
f 473/530/534 460/477/481 393/476/480
f 474/531/535 579/520/524 582/524/528
f 474/531/535 582/524/528 473/530/534
f 475/526/530 576/517/521 579/520/524
f 475/526/530 579/520/524 474/531/535
f 468/532/536 585/533/537 587/534/538
f 468/532/536 587/534/538 450/535/539
f 585/533/537 586/536/540 588/537/541
f 585/533/537 588/537/541 587/534/538
f 450/535/539 587/534/538 590/538/542
f 450/535/539 590/538/542 589/539/543
f 587/534/538 588/537/541 591/540/544
f 587/534/538 591/540/544 590/538/542
f 468/532/536 469/541/545 585/533/537
f 469/541/545 470/542/546 586/536/540
f 469/541/545 586/536/540 585/533/537
f 470/542/546 392/515/519 475/526/530
f 470/542/546 475/526/530 586/536/540
f 586/536/540 475/526/530 474/531/535
f 586/536/540 474/531/535 588/537/541
f 588/537/541 474/531/535 473/530/534
f 588/537/541 473/530/534 591/540/544
f 591/540/544 473/530/534 393/476/480
f 591/540/544 393/476/480 472/543/547
f 590/538/542 591/540/544 472/543/547
f 590/538/542 472/543/547 471/544/548
f 589/539/543 590/538/542 471/544/548
f 387/545/549 589/539/543 471/544/548
f 450/535/539 589/539/543 387/545/549
f 386/546/550 468/532/536 450/535/539
f 441/547/551 592/548/552 595/549/553
f 441/547/551 595/549/553 594/550/554
f 592/548/552 593/551/555 596/552/556
f 592/548/552 596/552/556 595/549/553
f 595/549/553 596/552/556 597/553/557
f 441/547/551 440/554/558 592/548/552
f 440/554/558 439/555/559 593/551/555
f 440/554/558 593/551/555 592/548/552
f 439/555/559 390/501/505 478/503/507
f 439/555/559 478/503/507 593/551/555
f 593/551/555 478/503/507 477/516/520
f 593/551/555 477/516/520 596/552/556
f 596/552/556 477/516/520 476/514/518
f 596/552/556 476/514/518 597/553/557
f 597/553/557 476/514/518 392/515/519
f 597/553/557 392/515/519 470/542/546
f 595/549/553 597/553/557 470/542/546
f 595/549/553 470/542/546 469/541/545
f 594/550/554 595/549/553 469/541/545
f 594/550/554 469/541/545 468/532/536
f 449/556/560 594/550/554 468/532/536
f 449/556/560 468/532/536 386/546/550
f 383/557/561 441/547/551 594/550/554
f 383/557/561 594/550/554 449/556/560
f 598/558/562 599/559/563 601/560/564
f 598/558/562 601/560/564 600/561/565
f 600/561/565 601/560/564 466/562/566
f 387/545/549 471/544/548 598/558/562
f 387/545/549 598/558/562 442/563/567
f 471/544/548 472/543/547 599/559/563
f 471/544/548 599/559/563 598/558/562
f 472/543/547 393/476/480 481/478/482
f 472/543/547 481/478/482 599/559/563
f 599/559/563 481/478/482 480/491/495
f 599/559/563 480/491/495 601/560/564
f 601/560/564 480/491/495 479/489/493
f 601/560/564 479/489/493 391/490/494
f 601/560/564 391/490/494 467/564/568
f 466/562/566 601/560/564 467/564/568
f 442/563/567 600/561/565 466/562/566
f 442/563/567 466/562/566 384/565/569
f 442/563/567 598/558/562 600/561/565
f 602/566/570 603/567/571 606/568/572
f 602/566/570 606/568/572 604/569/573
f 603/567/571 608/570/574 606/568/572
f 605/571/575 607/572/576 610/573/577
f 605/571/575 610/573/577 484/574/578
f 607/572/576 609/575/579 611/576/580
f 607/572/576 611/576/580 610/573/577
f 370/450/454 395/453/457 603/567/571
f 370/450/454 603/567/571 602/566/570
f 395/453/457 394/455/459 603/567/571
f 394/455/459 379/397/401 506/577/581
f 394/455/459 506/577/581 603/567/571
f 603/567/571 506/577/581 507/578/582
f 603/567/571 507/578/582 608/570/574
f 609/575/579 508/579/583 509/580/584
f 609/575/579 509/580/584 611/576/580
f 611/576/580 509/580/584 390/501/505
f 611/576/580 390/501/505 439/555/559
f 610/573/577 611/576/580 439/555/559
f 610/573/577 439/555/559 440/554/558
f 484/574/578 610/573/577 440/554/558
f 484/574/578 440/554/558 441/547/551
f 484/574/578 441/547/551 383/557/561
f 483/581/585 605/571/575 484/574/578
f 370/450/454 602/566/570 604/569/573
f 370/450/454 604/569/573 482/582/586
f 612/583/587 617/584/588 615/585/589
f 612/583/587 613/586/590 619/587/591
f 612/583/587 619/587/591 617/584/588
f 614/588/592 616/589/593 620/590/594
f 616/589/593 618/591/595 499/592/596
f 616/589/593 499/592/596 620/590/594
f 371/464/468 396/459/463 612/583/587
f 396/459/463 613/586/590 612/583/587
f 396/459/463 376/444/448 496/593/597
f 396/459/463 496/593/597 613/586/590
f 613/586/590 496/593/597 498/594/598
f 613/586/590 498/594/598 619/587/591
f 618/591/595 497/595/599 499/592/596
f 499/592/596 387/545/549 442/563/567
f 620/590/594 499/592/596 442/563/567
f 620/590/594 442/563/567 384/565/569
f 485/596/600 614/588/592 620/590/594
f 485/596/600 620/590/594 384/565/569
f 371/464/468 612/583/587 615/585/589
f 371/464/468 615/585/589 486/597/601
f 621/598/602 622/599/603 626/600/604
f 622/599/603 623/601/605 628/602/606
f 622/599/603 628/602/606 626/600/604
f 624/603/607 625/604/608 444/487/491
f 624/603/607 444/487/491 445/486/490
f 625/604/608 627/605/609 443/488/492
f 625/604/608 443/488/492 444/487/491
f 373/382/386 399/381/385 621/598/602
f 373/382/386 621/598/602 489/606/610
f 399/381/385 398/380/384 622/599/603
f 399/381/385 622/599/603 621/598/602
f 398/380/384 397/379/383 623/601/605
f 398/380/384 623/601/605 622/599/603
f 397/379/383 380/378/382 623/601/605
f 623/601/605 380/378/382 511/607/611
f 623/601/605 511/607/611 628/602/606
f 627/605/609 510/608/612 391/490/494
f 627/605/609 391/490/494 443/488/492
f 490/485/489 624/603/607 445/486/490
f 489/606/610 621/598/602 491/609/613
f 629/610/614 401/407/411 631/611/615
f 401/407/411 400/406/410 633/612/616
f 401/407/411 633/612/616 631/611/615
f 630/613/617 632/614/618 447/508/512
f 630/613/617 447/508/512 448/507/511
f 632/614/618 634/615/619 446/509/513
f 632/614/618 446/509/513 447/508/512
f 372/409/413 402/395/399 629/610/614
f 402/395/399 401/407/411 629/610/614
f 400/406/410 378/405/409 505/616/620
f 400/406/410 505/616/620 633/612/616
f 634/615/619 504/617/621 389/510/514
f 634/615/619 389/510/514 446/509/513
f 488/618/622 630/613/617 448/507/511
f 488/618/622 448/507/511 385/506/510
f 372/409/413 629/610/614 487/619/623
f 405/458/462 638/620/624 636/621/625
f 405/458/462 403/457/461 640/622/626
f 405/458/462 640/622/626 638/620/624
f 635/623/627 637/624/628 641/625/629
f 635/623/627 641/625/629 494/626/630
f 637/624/628 639/627/631 641/625/629
f 375/439/443 405/458/462 493/628/632
f 404/451/455 403/457/461 405/458/462
f 403/457/461 370/450/454 482/582/586
f 403/457/461 482/582/586 640/622/626
f 639/627/631 483/581/585 484/574/578
f 639/627/631 484/574/578 641/625/629
f 641/625/629 484/574/578 383/557/561
f 641/625/629 383/557/561 449/556/560
f 494/626/630 641/625/629 449/556/560
f 495/629/633 494/626/630 449/556/560
f 495/629/633 449/556/560 386/546/550
f 493/628/632 405/458/462 636/621/625
f 496/593/597 642/630/634 646/631/635
f 496/593/597 646/631/635 644/632/636
f 643/633/637 645/634/638 648/635/639
f 645/634/638 647/636/640 495/629/633
f 645/634/638 495/629/633 648/635/639
f 376/444/448 409/434/438 496/593/597
f 409/434/438 408/431/435 642/630/634
f 409/434/438 642/630/634 496/593/597
f 408/431/435 406/443/447 642/630/634
f 406/443/447 374/637/641 492/638/642
f 406/443/447 492/638/642 642/630/634
f 642/630/634 492/638/642 646/631/635
f 647/636/640 494/626/630 495/629/633
f 648/635/639 495/629/633 386/546/550
f 648/635/639 386/546/550 450/535/539
f 648/635/639 450/535/539 387/545/549
f 499/592/596 648/635/639 387/545/549
f 497/595/599 643/633/637 648/635/639
f 497/595/599 648/635/639 499/592/596
f 496/593/597 644/632/636 498/594/598
f 649/639/643 650/640/644 655/641/645
f 649/639/643 655/641/645 653/642/646
f 650/640/644 651/643/647 657/644/648
f 650/640/644 657/644/648 655/641/645
f 652/645/649 654/646/650 659/647/651
f 652/645/649 659/647/651 658/648/652
f 654/646/650 656/649/653 660/650/654
f 654/646/650 660/650/654 659/647/651
f 377/386/390 411/384/388 649/639/643
f 377/386/390 649/639/643 500/651/655
f 411/384/388 410/383/387 650/640/644
f 411/384/388 650/640/644 649/639/643
f 410/383/387 373/382/386 651/643/647
f 410/383/387 651/643/647 650/640/644
f 373/382/386 489/606/610 651/643/647
f 651/643/647 489/606/610 491/609/613
f 651/643/647 491/609/613 657/644/648
f 656/649/653 490/485/489 660/650/654
f 660/650/654 490/485/489 451/484/488
f 659/647/651 660/650/654 451/484/488
f 659/647/651 451/484/488 452/483/487
f 658/648/652 659/647/651 452/483/487
f 658/648/652 452/483/487 453/482/486
f 503/652/656 658/648/652 453/482/486
f 503/652/656 453/482/486 388/481/485
f 501/653/657 652/645/649 658/648/652
f 501/653/657 658/648/652 503/652/656
f 500/651/655 649/639/643 653/642/646
f 500/651/655 653/642/646 502/654/658
f 661/655/659 662/656/660 668/657/661
f 661/655/659 668/657/661 665/658/662
f 662/656/660 663/659/663 670/660/664
f 662/656/660 670/660/664 668/657/661
f 664/661/665 667/662/666 455/528/532
f 664/661/665 455/528/532 456/527/531
f 667/662/666 669/663/667 671/664/668
f 667/662/666 671/664/668 455/528/532
f 414/426/430 413/425/429 662/656/660
f 414/426/430 662/656/660 661/655/659
f 413/425/429 412/424/428 663/659/663
f 413/425/429 663/659/663 662/656/660
f 412/424/428 377/386/390 500/651/655
f 412/424/428 500/651/655 663/659/663
f 663/659/663 500/651/655 502/654/658
f 663/659/663 502/654/658 670/660/664
f 669/663/667 501/653/657 503/652/656
f 669/663/667 503/652/656 671/664/668
f 671/664/668 503/652/656 388/481/485
f 671/664/668 388/481/485 454/529/533
f 455/528/532 671/664/668 454/529/533
f 504/617/621 664/661/665 456/527/531
f 504/617/621 456/527/531 389/510/514
f 378/405/409 415/428/432 666/665/669
f 378/405/409 666/665/669 505/616/620
f 506/577/581 672/666/670 675/667/671
f 506/577/581 675/667/671 673/668/672
f 672/666/670 677/669/673 675/667/671
f 674/670/674 676/671/675 680/672/676
f 674/670/674 680/672/676 679/673/677
f 676/671/675 678/674/678 463/505/509
f 676/671/675 463/505/509 680/672/676
f 379/397/401 422/399/403 506/577/581
f 422/399/403 421/408/412 672/666/670
f 422/399/403 672/666/670 506/577/581
f 421/408/412 372/409/413 672/666/670
f 672/666/670 372/409/413 487/619/623
f 672/666/670 487/619/623 677/669/673
f 678/674/678 488/618/622 385/506/510
f 678/674/678 385/506/510 463/505/509
f 680/672/676 463/505/509 464/504/508
f 679/673/677 680/672/676 464/504/508
f 679/673/677 464/504/508 465/502/506
f 509/580/584 679/673/677 465/502/506
f 509/580/584 465/502/506 390/501/505
f 508/579/583 674/670/674 679/673/677
f 508/579/583 679/673/677 509/580/584
f 506/577/581 673/668/672 507/578/582
f 424/466/470 681/675/679 686/676/680
f 424/466/470 686/676/680 684/677/681
f 681/675/679 682/678/682 688/679/683
f 681/675/679 688/679/683 686/676/680
f 683/680/684 685/681/685 689/682/686
f 683/680/684 689/682/686 467/564/568
f 685/681/685 687/683/687 384/565/569
f 685/681/685 384/565/569 689/682/686
f 424/466/470 423/465/469 681/675/679
f 423/465/469 682/678/682 681/675/679
f 423/465/469 371/464/468 682/678/682
f 682/678/682 371/464/468 486/597/601
f 682/678/682 486/597/601 688/679/683
f 687/683/687 485/596/600 384/565/569
f 689/682/686 384/565/569 466/562/566
f 467/564/568 689/682/686 466/562/566
f 510/608/612 683/680/684 467/564/568
f 510/608/612 467/564/568 391/490/494
f 380/378/382 424/466/470 684/677/681
f 380/378/382 684/677/681 511/607/611
f 754/684/688 826/685/689 731/686/690
f 731/686/690 826/685/689 730/687/691
f 826/685/689 827/688/692 729/689/693
f 826/685/689 729/689/693 730/687/691
f 754/684/688 753/690/694 826/685/689
f 753/690/694 752/691/695 827/688/692
f 753/690/694 827/688/692 826/685/689
f 752/691/695 699/692/696 720/693/697
f 752/691/695 720/693/697 827/688/692
f 827/688/692 720/693/697 693/694/698
f 827/688/692 693/694/698 729/689/693
f 739/695/699 731/686/690 696/696/700
f 701/697/701 754/684/688 731/686/690
f 701/697/701 731/686/690 739/695/699
f 742/698/702 828/699/703 830/700/704
f 742/698/702 830/700/704 741/701/705
f 828/699/703 829/702/706 831/703/707
f 828/699/703 831/703/707 830/700/704
f 741/701/705 830/700/704 832/704/708
f 741/701/705 832/704/708 740/705/709
f 698/706/710 751/707/711 828/699/703
f 698/706/710 828/699/703 742/698/702
f 751/707/711 750/708/712 829/702/706
f 751/707/711 829/702/706 828/699/703
f 750/708/712 700/709/713 736/710/714
f 750/708/712 736/710/714 829/702/706
f 829/702/706 736/710/714 737/711/715
f 829/702/706 737/711/715 831/703/707
f 831/703/707 737/711/715 738/712/716
f 831/703/707 738/712/716 830/700/704
f 830/700/704 738/712/716 697/713/717
f 830/700/704 697/713/717 721/714/718
f 832/704/708 830/700/704 721/714/718
f 832/704/708 721/714/718 722/715/719
f 740/705/709 832/704/708 722/715/719
f 740/705/709 722/715/719 692/716/720
f 833/717/721 834/718/722 836/719/723
f 835/720/724 746/721/725 838/722/726
f 835/720/724 838/722/726 837/723/727
f 833/717/721 836/719/723 839/724/728
f 833/717/721 839/724/728 735/725/729
f 837/723/727 838/722/726 840/726/730
f 700/709/713 749/727/731 833/717/721
f 700/709/713 833/717/721 736/710/714
f 749/727/731 747/728/732 834/718/722
f 749/727/731 834/718/722 833/717/721
f 748/729/733 746/721/725 835/720/724
f 746/721/725 701/697/701 739/695/699
f 746/721/725 739/695/699 838/722/726
f 838/722/726 739/695/699 696/696/700
f 838/722/726 696/696/700 732/730/734
f 840/726/730 838/722/726 732/730/734
f 840/726/730 732/730/734 734/731/735
f 735/725/729 839/724/728 733/732/736
f 738/712/716 735/725/729 697/713/717
f 737/711/715 833/717/721 735/725/729
f 737/711/715 735/725/729 738/712/716
f 736/710/714 833/717/721 737/711/715
f 842/733/737 727/734/738 846/735/739
f 842/733/737 846/735/739 844/736/740
f 727/734/738 728/737/741 847/738/742
f 727/734/738 847/738/742 846/735/739
f 843/739/743 845/740/744 848/741/745
f 843/739/743 848/741/745 749/727/731
f 846/735/739 847/738/742 849/742/746
f 694/743/747 725/744/748 841/745/749
f 726/746/750 727/734/738 842/733/737
f 728/737/741 695/747/751 745/748/752
f 728/737/741 745/748/752 847/738/742
f 847/738/742 745/748/752 701/697/701
f 847/738/742 701/697/701 746/721/725
f 849/742/746 847/738/742 746/721/725
f 849/742/746 746/721/725 748/729/733
f 749/727/731 848/741/745 747/728/732
f 744/749/753 749/727/731 700/709/713
f 744/749/753 843/739/743 749/727/731
f 694/743/747 841/745/749 843/739/743
f 694/743/747 843/739/743 744/749/753
f 716/750/754 850/751/755 851/752/756
f 716/750/754 851/752/756 715/753/757
f 850/751/755 724/754/758 851/752/756
f 715/753/757 851/752/756 852/755/759
f 715/753/757 852/755/759 714/756/760
f 851/752/756 853/757/761 852/755/759
f 690/758/762 723/759/763 850/751/755
f 690/758/762 850/751/755 716/750/754
f 723/759/763 724/754/758 850/751/755
f 724/754/758 694/743/747 744/749/753
f 724/754/758 744/749/753 851/752/756
f 851/752/756 744/749/753 853/757/761
f 853/757/761 744/749/753 700/709/713
f 853/757/761 700/709/713 750/708/712
f 852/755/759 853/757/761 750/708/712
f 852/755/759 750/708/712 751/707/711
f 714/756/760 852/755/759 751/707/711
f 714/756/760 751/707/711 698/706/710
f 717/760/764 718/761/765 856/762/766
f 717/760/764 856/762/766 855/763/767
f 718/761/765 854/764/768 856/762/766
f 856/762/766 854/764/768 752/691/695
f 718/761/765 719/765/769 854/764/768
f 719/765/769 691/766/770 854/764/768
f 854/764/768 691/766/770 743/767/771
f 854/764/768 743/767/771 752/691/695
f 752/691/695 743/767/771 699/692/696
f 856/762/766 752/691/695 753/690/694
f 855/763/767 856/762/766 753/690/694
f 855/763/767 753/690/694 754/684/688
f 745/748/752 855/763/767 754/684/688
f 745/748/752 754/684/688 701/697/701
f 695/747/751 717/760/764 855/763/767
f 695/747/751 855/763/767 745/748/752
f 793/768/772 857/769/773 858/770/774
f 793/768/772 858/770/774 792/771/775
f 792/771/775 858/770/774 761/772/776
f 792/771/775 761/772/776 760/773/777
f 858/770/774 762/774/778 761/772/776
f 713/775/779 776/776/780 857/769/773
f 713/775/779 857/769/773 793/768/772
f 776/776/780 708/777/781 769/778/782
f 776/776/780 769/778/782 857/769/773
f 857/769/773 769/778/782 858/770/774
f 858/770/774 769/778/782 705/779/783
f 858/770/774 705/779/783 762/774/778
f 792/771/775 760/773/777 711/780/784
f 859/781/785 778/782/786 861/783/787
f 859/781/785 861/783/787 860/784/788
f 778/782/786 777/785/789 763/786/790
f 778/782/786 763/786/790 861/783/787
f 710/787/791 779/788/792 859/781/785
f 710/787/791 859/781/785 791/789/793
f 779/788/792 778/782/786 859/781/785
f 777/785/789 704/790/794 763/786/790
f 861/783/787 763/786/790 709/791/795
f 861/783/787 709/791/795 775/792/796
f 860/784/788 861/783/787 775/792/796
f 862/793/797 860/784/788 775/792/796
f 862/793/797 775/792/796 774/794/798
f 789/795/799 862/793/797 774/794/798
f 789/795/799 774/794/798 712/796/800
f 790/797/801 860/784/788 862/793/797
f 790/797/801 862/793/797 789/795/799
f 791/789/793 859/781/785 860/784/788
f 791/789/793 860/784/788 790/797/801
f 863/798/802 866/799/803 864/800/804
f 863/798/802 773/801/805 868/802/806
f 863/798/802 868/802/806 866/799/803
f 865/803/807 867/804/808 870/805/809
f 865/803/807 870/805/809 784/806/810
f 867/804/808 869/807/811 870/805/809
f 712/796/800 774/794/798 863/798/802
f 712/796/800 863/798/802 787/808/812
f 774/794/798 775/792/796 863/798/802
f 775/792/796 773/801/805 863/798/802
f 775/792/796 709/791/795 773/801/805
f 773/801/805 772/809/813 868/802/806
f 869/807/811 771/810/814 770/811/815
f 869/807/811 770/811/815 870/805/809
f 870/805/809 770/811/815 708/777/781
f 870/805/809 708/777/781 776/776/780
f 784/806/810 870/805/809 776/776/780
f 784/806/810 776/776/780 713/775/779
f 786/812/816 865/803/807 784/806/810
f 787/808/812 863/798/802 864/800/804
f 787/808/812 864/800/804 785/813/817
f 872/814/818 874/815/819 877/816/820
f 872/814/818 877/816/820 767/817/821
f 874/815/819 876/818/822 877/816/820
f 767/817/821 877/816/820 878/819/823
f 767/817/821 878/819/823 768/820/824
f 706/821/825 871/822/826 765/823/827
f 706/821/825 782/824/828 873/825/829
f 706/821/825 873/825/829 871/822/826
f 782/824/828 875/826/830 873/825/829
f 782/824/828 712/796/800 787/808/812
f 782/824/828 787/808/812 875/826/830
f 876/818/822 788/827/831 786/812/816
f 876/818/822 786/812/816 877/816/820
f 877/816/820 786/812/816 784/806/810
f 877/816/820 784/806/810 878/819/823
f 878/819/823 784/806/810 713/775/779
f 878/819/823 713/775/779 783/828/832
f 768/820/824 878/819/823 783/828/832
f 768/820/824 783/828/832 707/829/833
f 766/830/834 872/814/818 767/817/821
f 757/831/835 879/832/836 764/833/837
f 879/832/836 755/834/838 880/835/839
f 764/833/837 879/832/836 881/836/840
f 879/832/836 880/835/839 881/836/840
f 757/831/835 756/837/841 879/832/836
f 756/837/841 755/834/838 879/832/836
f 755/834/838 710/787/791 791/789/793
f 755/834/838 791/789/793 790/797/801
f 755/834/838 790/797/801 880/835/839
f 880/835/839 790/797/801 789/795/799
f 880/835/839 789/795/799 712/796/800
f 880/835/839 712/796/800 782/824/828
f 881/836/840 880/835/839 782/824/828
f 764/833/837 881/836/840 782/824/828
f 764/833/837 782/824/828 706/821/825
f 702/838/842 757/831/835 764/833/837
f 758/839/843 882/840/844 883/841/845
f 758/839/843 883/841/845 759/842/846
f 759/842/846 883/841/845 780/843/847
f 883/841/845 781/844/848 780/843/847
f 707/829/833 783/828/832 882/840/844
f 707/829/833 882/840/844 758/839/843
f 783/828/832 713/775/779 793/768/772
f 783/828/832 793/768/772 882/840/844
f 882/840/844 793/768/772 792/771/775
f 882/840/844 792/771/775 883/841/845
f 883/841/845 792/771/775 711/780/784
f 883/841/845 711/780/784 781/844/848
f 759/842/846 780/843/847 703/845/849
f 884/846/850 886/847/851 892/848/852
f 884/846/850 892/848/852 890/849/853
f 886/847/851 888/850/854 894/851/855
f 886/847/851 894/851/855 892/848/852
f 891/849/856 893/848/857 899/852/858
f 891/849/856 899/852/858 898/853/859
f 893/848/857 896/851/860 900/854/861
f 893/848/857 900/854/861 899/852/858
f 690/758/762 716/750/754 885/855/862
f 690/758/762 885/855/862 795/856/863
f 716/750/754 715/753/757 887/857/864
f 716/750/754 887/857/864 885/855/862
f 715/753/757 714/756/760 889/858/865
f 715/753/757 889/858/865 887/857/864
f 714/756/760 698/706/710 820/859/866
f 714/756/760 820/859/866 889/858/865
f 889/858/865 820/859/866 821/860/867
f 889/858/865 821/860/867 895/861/855
f 897/862/860 822/863/868 823/864/869
f 897/862/860 823/864/869 901/865/861
f 902/865/870 823/864/869 710/787/791
f 902/865/870 710/787/791 755/834/838
f 756/837/841 902/865/870 755/834/838
f 798/866/871 891/849/856 898/853/859
f 798/866/871 898/853/859 799/867/872
f 794/868/873 884/846/850 890/849/853
f 794/868/873 890/849/853 796/866/874
f 719/765/769 903/869/875 908/870/876
f 719/765/769 908/870/876 906/871/877
f 903/869/875 910/872/878 908/870/876
f 905/873/879 907/874/880 913/875/881
f 905/873/879 913/875/881 912/876/882
f 907/874/880 909/877/883 913/875/881
f 719/765/769 718/761/765 903/869/875
f 718/761/765 717/760/764 903/869/875
f 717/760/764 695/747/751 812/878/884
f 717/760/764 812/878/884 903/869/875
f 903/869/875 812/878/884 814/879/885
f 903/869/875 814/879/885 910/872/878
f 909/877/883 813/880/886 815/881/887
f 909/877/883 815/881/887 913/875/881
f 913/875/881 815/881/887 707/829/833
f 913/875/881 707/829/833 758/839/843
f 913/875/881 758/839/843 759/842/846
f 912/876/882 913/875/881 759/842/846
f 912/876/882 759/842/846 703/845/849
f 803/882/888 912/876/882 703/845/849
f 800/883/889 904/884/890 911/885/891
f 800/883/889 911/885/891 802/886/892
f 691/766/770 719/765/769 906/871/877
f 691/766/770 906/871/877 801/887/893
f 914/888/894 919/889/895 917/890/896
f 914/888/894 915/891/897 921/892/898
f 914/888/894 921/892/898 919/889/895
f 916/893/899 918/894/900 761/772/776
f 916/893/899 761/772/776 762/774/778
f 918/894/900 920/895/901 760/773/777
f 918/894/900 760/773/777 761/772/776
f 693/694/698 720/693/697 914/888/894
f 720/693/697 915/891/897 914/888/894
f 720/693/697 699/692/696 915/891/897
f 915/891/897 699/692/696 825/896/902
f 915/891/897 825/896/902 921/892/898
f 920/895/901 824/897/903 711/780/784
f 920/895/901 711/780/784 760/773/777
f 806/898/904 916/893/899 762/774/778
f 806/898/904 762/774/778 705/779/783
f 693/694/698 914/888/894 917/890/896
f 693/694/698 917/890/896 807/899/905
f 922/900/906 722/715/719 924/901/907
f 722/715/719 721/714/718 926/902/908
f 722/715/719 926/902/908 924/901/907
f 925/903/909 927/904/910 923/905/911
f 692/716/720 922/900/906 804/906/912
f 692/716/720 722/715/719 922/900/906
f 721/714/718 697/713/717 818/907/913
f 721/714/718 818/907/913 926/902/908
f 927/904/910 819/908/914 709/791/795
f 927/904/910 709/791/795 763/786/790
f 923/905/911 927/904/910 763/786/790
f 923/905/911 763/786/790 704/790/794
f 805/909/915 923/905/911 704/790/794
f 928/910/916 723/759/763 932/911/917
f 928/910/916 932/911/917 930/912/918
f 723/759/763 929/913/919 932/911/917
f 931/914/920 933/915/921 936/916/922
f 933/915/921 935/917/923 938/918/924
f 933/915/921 938/918/924 936/916/922
f 694/743/747 724/754/758 928/910/916
f 694/743/747 928/910/916 808/919/925
f 724/754/758 723/759/763 928/910/916
f 723/759/763 690/758/762 929/913/919
f 690/758/762 795/856/863 929/913/919
f 929/913/919 795/856/863 797/920/926
f 934/921/923 798/866/871 799/867/872
f 934/921/923 799/867/872 937/922/927
f 936/916/922 938/918/924 702/838/842
f 936/916/922 702/838/842 764/833/837
f 811/923/928 936/916/922 764/833/837
f 811/923/928 764/833/837 706/821/825
f 809/924/929 931/914/920 936/916/922
f 809/924/929 936/916/922 811/923/928
f 808/919/925 928/910/916 930/912/918
f 808/919/925 930/912/918 810/925/930
f 812/878/884 939/926/931 944/927/932
f 812/878/884 944/927/932 942/928/933
f 939/926/931 940/929/934 948/930/935
f 939/926/931 948/930/935 944/927/932
f 941/931/936 943/932/937 815/881/887
f 943/932/937 946/933/938 766/830/834
f 943/932/937 766/830/834 815/881/887
f 695/747/751 728/737/741 812/878/884
f 728/737/741 727/734/738 939/926/931
f 728/737/741 939/926/931 812/878/884
f 727/734/738 726/746/750 940/929/934
f 727/734/738 940/929/934 939/926/931
f 725/744/748 694/743/747 808/919/925
f 725/744/748 808/919/925 810/925/930
f 725/744/748 810/925/930 947/934/939
f 945/935/940 809/924/929 811/923/928
f 945/935/940 811/923/928 765/823/827
f 765/823/827 811/923/928 706/821/825
f 815/881/887 766/830/834 767/817/821
f 815/881/887 767/817/821 768/820/824
f 815/881/887 768/820/824 707/829/833
f 813/880/886 941/931/936 815/881/887
f 812/878/884 942/928/933 814/879/885
f 949/936/941 950/937/942 954/938/943
f 949/936/941 954/938/943 952/939/944
f 950/937/942 729/689/693 956/940/945
f 950/937/942 956/940/945 954/938/943
f 951/941/946 953/942/947 957/943/948
f 953/942/947 955/944/949 958/945/950
f 953/942/947 958/945/950 957/943/948
f 696/696/700 731/686/690 949/936/941
f 731/686/690 730/687/691 950/937/942
f 731/686/690 950/937/942 949/936/941
f 730/687/691 729/689/693 950/937/942
f 729/689/693 693/694/698 807/899/905
f 729/689/693 807/899/905 956/940/945
f 955/944/949 806/898/904 705/779/783
f 955/944/949 705/779/783 958/945/950
f 957/943/948 958/945/950 705/779/783
f 957/943/948 705/779/783 769/778/782
f 708/777/781 957/943/948 769/778/782
f 816/946/951 951/941/946 957/943/948
f 816/946/951 957/943/948 708/777/781
f 696/696/700 949/936/941 952/939/944
f 696/696/700 952/939/944 817/947/952
f 959/948/953 733/732/736 964/949/954
f 960/950/955 732/730/734 968/951/956
f 960/950/955 968/951/956 966/952/957
f 961/953/958 965/954/959 970/955/960
f 963/956/961 967/957/962 770/811/815
f 963/956/961 770/811/815 771/810/814
f 697/713/717 735/725/729 959/948/953
f 735/725/729 733/732/736 959/948/953
f 734/731/735 732/730/734 960/950/955
f 732/730/734 696/696/700 817/947/952
f 732/730/734 817/947/952 968/951/956
f 967/957/962 816/946/951 708/777/781
f 967/957/962 708/777/781 770/811/815
f 961/953/958 970/955/960 772/809/813
f 961/953/958 772/809/813 773/801/805
f 709/791/795 969/958/963 773/801/805
f 819/908/914 962/959/964 969/958/963
f 819/908/914 969/958/963 709/791/795
f 697/713/717 959/948/953 818/907/913
f 971/960/965 972/961/966 976/962/967
f 971/960/965 976/962/967 974/963/968
f 972/961/966 973/964/969 978/965/970
f 972/961/966 978/965/970 976/962/967
f 975/966/971 977/967/972 981/968/973
f 975/966/971 981/968/973 980/969/974
f 977/967/972 979/970/975 981/968/973
f 698/706/710 742/698/702 971/960/965
f 698/706/710 971/960/965 820/859/866
f 742/698/702 741/701/705 972/961/966
f 742/698/702 972/961/966 971/960/965
f 741/701/705 740/705/709 973/964/969
f 741/701/705 973/964/969 972/961/966
f 740/705/709 692/716/720 804/906/912
f 740/705/709 804/906/912 973/964/969
f 973/964/969 804/906/912 978/965/970
f 979/970/975 805/909/915 704/790/794
f 979/970/975 704/790/794 981/968/973
f 981/968/973 704/790/794 777/785/789
f 981/968/973 777/785/789 778/782/786
f 980/969/974 981/968/973 778/782/786
f 980/969/974 778/782/786 779/788/792
f 823/864/869 980/969/974 779/788/792
f 823/864/869 779/788/792 710/787/791
f 822/863/868 975/966/971 980/969/974
f 822/863/868 980/969/974 823/864/869
f 820/859/866 971/960/965 974/963/968
f 820/859/866 974/963/968 821/860/867
f 982/971/976 987/972/977 985/973/978
f 982/971/976 983/974/979 987/972/977
f 984/975/980 986/976/981 990/977/982
f 986/976/981 989/978/983 992/979/984
f 986/976/981 992/979/984 990/977/982
f 699/692/696 743/767/771 982/971/976
f 743/767/771 691/766/770 983/974/979
f 743/767/771 983/974/979 982/971/976
f 983/974/979 691/766/770 801/887/893
f 988/980/985 800/883/889 802/886/892
f 988/980/985 802/886/892 991/981/986
f 992/979/984 803/882/888 703/845/849
f 990/977/982 992/979/984 703/845/849
f 990/977/982 703/845/849 780/843/847
f 990/977/982 780/843/847 781/844/848
f 711/780/784 990/977/982 781/844/848
f 824/897/903 984/975/980 990/977/982
f 824/897/903 990/977/982 711/780/784
f 699/692/696 982/971/976 985/973/978
f 699/692/696 985/973/978 825/896/902
f 1039/982/987 1228/983/988 1417/984/989
f 1039/982/987 1417/984/989 1131/985/990
f 1228/983/988 1041/986/991 1182/987/992
f 1228/983/988 1182/987/992 1417/984/989
f 1417/984/989 1182/987/992 997/988/993
f 1417/984/989 997/988/993 1129/989/994
f 1131/985/990 1417/984/989 1129/989/994
f 1131/985/990 1129/989/994 995/990/995
f 1040/991/996 1226/992/997 1418/993/998
f 1040/991/996 1418/993/998 1181/994/999
f 1226/992/997 1042/995/1000 1183/996/1001
f 1226/992/997 1183/996/1001 1418/993/998
f 1418/993/998 1183/996/1001 999/997/1002
f 1418/993/998 999/997/1002 1134/998/1003
f 1182/987/992 1419/999/1004 1135/1000/1005
f 1182/987/992 1135/1000/1005 997/988/993
f 1042/995/1000 1225/1001/1006 1420/1002/1007
f 1042/995/1000 1420/1002/1007 1183/996/1001
f 1225/1001/1006 1043/1003/1008 1184/1004/1009
f 1225/1001/1006 1184/1004/1009 1420/1002/1007
f 1420/1002/1007 1184/1004/1009 1001/1005/1010
f 1183/996/1001 1420/1002/1007 1001/1005/1010
f 1183/996/1001 1001/1005/1010 999/997/1002
f 1044/1006/1011 1223/1007/1012 1007/1008/1013
f 1044/1006/1011 1007/1008/1013 1185/1009/1014
f 1223/1007/1012 1046/1010/1015 1187/1011/1016
f 1223/1007/1012 1187/1011/1016 1007/1008/1013
f 1185/1009/1014 1007/1008/1013 1141/1012/1017
f 1185/1009/1014 1141/1012/1017 1003/1013/1018
f 1047/1014/1019 1222/1015/1020 1422/1016/1021
f 1047/1014/1019 1422/1016/1021 1188/1017/1022
f 1222/1015/1020 1048/1018/1023 1190/1019/1024
f 1222/1015/1020 1190/1019/1024 1422/1016/1021
f 1422/1016/1021 1190/1019/1024 1011/1020/1025
f 1422/1016/1021 1011/1020/1025 1147/1021/1026
f 1187/1011/1016 1421/1022/1027 1146/1023/1028
f 1187/1011/1016 1146/1023/1028 1007/1008/1013
f 1048/1018/1023 1221/1024/1029 1424/1025/1030
f 1048/1018/1023 1424/1025/1030 1190/1019/1024
f 1221/1024/1029 1049/1026/1031 1192/1027/1032
f 1221/1024/1029 1192/1027/1032 1424/1025/1030
f 1423/1028/1033 1191/1029/1034 1013/1030/1035
f 1423/1028/1033 1013/1030/1035 1150/1031/1036
f 1189/1032/1037 1423/1028/1033 1150/1031/1036
f 1189/1032/1037 1150/1031/1036 1010/1033/1038
f 1050/1034/1039 1218/1035/1040 1426/1036/1041
f 1050/1034/1039 1426/1036/1041 1194/1037/1042
f 1218/1035/1040 1051/1038/1043 1196/1039/1044
f 1218/1035/1040 1196/1039/1044 1426/1036/1041
f 1425/1040/1045 1195/1041/1046 1020/1042/1047
f 1425/1040/1045 1020/1042/1047 1156/1043/1048
f 1193/1044/1049 1425/1040/1045 1156/1043/1048
f 1193/1044/1049 1156/1043/1048 1017/1045/1050
f 1051/1038/1043 1217/1046/1051 1427/1047/1052
f 1051/1038/1043 1427/1047/1052 1196/1039/1044
f 1217/1046/1051 1052/1048/1053 1197/1049/1054
f 1217/1046/1051 1197/1049/1054 1427/1047/1052
f 1427/1047/1052 1197/1049/1054 1024/1050/1055
f 1427/1047/1052 1024/1050/1055 1159/1051/1056
f 1196/1039/1044 1427/1047/1052 1159/1051/1056
f 1196/1039/1044 1159/1051/1056 1021/1052/1057
f 1052/1048/1053 1216/1053/1058 1429/1054/1059
f 1052/1048/1053 1429/1054/1059 1197/1049/1054
f 1216/1053/1058 1053/1055/1060 1199/1056/1061
f 1216/1053/1058 1199/1056/1061 1429/1054/1059
f 1428/1057/1062 1198/1058/1063 1026/1059/1064
f 1428/1057/1062 1026/1059/1064 1162/1060/1065
f 1197/1049/1054 1429/1054/1059 1163/1061/1066
f 1197/1049/1054 1163/1061/1066 1024/1050/1055
f 1054/1062/1067 1213/1063/1068 1431/1064/1069
f 1054/1062/1067 1431/1064/1069 1201/1065/1070
f 1212/1066/1071 1055/1067/1072 1202/1068/1073
f 1212/1066/1071 1202/1068/1073 1430/1069/1074
f 1430/1069/1074 1202/1068/1073 1033/1070/1075
f 1430/1069/1074 1033/1070/1075 1169/1071/1076
f 1200/1072/1077 1430/1069/1074 1169/1071/1076
f 1200/1072/1077 1169/1071/1076 1030/1073/1078
f 1056/1074/1079 1211/1075/1080 1433/1076/1081
f 1056/1074/1079 1433/1076/1081 1203/1077/1082
f 1211/1075/1080 1057/1078/1083 1204/1079/1084
f 1211/1075/1080 1204/1079/1084 1433/1076/1081
f 1433/1076/1081 1204/1079/1084 1035/1080/1085
f 1433/1076/1081 1035/1080/1085 1173/1081/1086
f 1202/1068/1073 1432/1082/1087 1172/1083/1088
f 1202/1068/1073 1172/1083/1088 1033/1070/1075
f 1057/1078/1083 1210/1084/1089 1434/1085/1090
f 1057/1078/1083 1434/1085/1090 1204/1079/1084
f 1210/1084/1089 1058/1086/1091 1205/1087/1092
f 1210/1084/1089 1205/1087/1092 1434/1085/1090
f 1434/1085/1090 1205/1087/1092 1037/1088/1093
f 1434/1085/1090 1037/1088/1093 1176/1089/1094
f 1204/1079/1084 1434/1085/1090 1176/1089/1094
f 1204/1079/1084 1176/1089/1094 1035/1080/1085
f 1036/1090/1095 1178/1091/1096 1436/1092/1097
f 1036/1090/1095 1436/1092/1097 1177/1093/1098
f 1178/1091/1096 994/1094/1099 1180/1095/1100
f 1178/1091/1096 1180/1095/1100 1436/1092/1097
f 1435/1096/1101 1179/1097/1102 1038/1098/1103
f 1435/1096/1101 1038/1098/1103 1207/1099/1104
f 1177/1093/1098 1436/1092/1097 1208/1100/1105
f 1177/1093/1098 1208/1100/1105 1058/1086/1091
f 1034/1101/1106 1175/1102/1107 1437/1103/1108
f 1034/1101/1106 1437/1103/1108 1174/1104/1109
f 1175/1102/1107 1036/1090/1095 1177/1093/1098
f 1175/1102/1107 1177/1093/1098 1437/1103/1108
f 1437/1103/1108 1177/1093/1098 1058/1086/1091
f 1437/1103/1108 1058/1086/1091 1210/1084/1089
f 1174/1104/1109 1437/1103/1108 1210/1084/1089
f 1174/1104/1109 1210/1084/1089 1057/1078/1083
f 1032/1105/1110 1171/1106/1111 1438/1107/1112
f 1032/1105/1110 1438/1107/1112 1170/1108/1113
f 1171/1106/1111 1034/1101/1106 1174/1104/1109
f 1171/1106/1111 1174/1104/1109 1438/1107/1112
f 1438/1107/1112 1174/1104/1109 1057/1078/1083
f 1438/1107/1112 1057/1078/1083 1211/1075/1080
f 1170/1108/1113 1438/1107/1112 1211/1075/1080
f 1170/1108/1113 1211/1075/1080 1056/1074/1079
f 1029/1109/1114 1168/1110/1115 1439/1111/1116
f 1029/1109/1114 1439/1111/1116 1167/1112/1117
f 1168/1110/1115 1032/1105/1110 1170/1108/1113
f 1168/1110/1115 1170/1108/1113 1439/1111/1116
f 1439/1111/1116 1170/1108/1113 1056/1074/1079
f 1439/1111/1116 1056/1074/1079 1213/1063/1068
f 1167/1112/1117 1439/1111/1116 1213/1063/1068
f 1167/1112/1117 1213/1063/1068 1054/1062/1067
f 1025/1113/1118 1165/1114/1119 1440/1115/1120
f 1025/1113/1118 1440/1115/1120 1164/1116/1121
f 1165/1114/1119 1028/1117/1122 1166/1118/1123
f 1165/1114/1119 1166/1118/1123 1440/1115/1120
f 1441/1119/1124 1167/1112/1117 1054/1062/1067
f 1441/1119/1124 1054/1062/1067 1215/1120/1125
f 1164/1116/1121 1440/1115/1120 1214/1121/1126
f 1164/1116/1121 1214/1121/1126 1053/1055/1060
f 1022/1122/1127 1161/1123/1128 1442/1124/1129
f 1022/1122/1127 1442/1124/1129 1160/1125/1130
f 1161/1123/1128 1025/1113/1118 1164/1116/1121
f 1161/1123/1128 1164/1116/1121 1442/1124/1129
f 1442/1124/1129 1164/1116/1121 1053/1055/1060
f 1442/1124/1129 1053/1055/1060 1216/1053/1058
f 1160/1125/1130 1442/1124/1129 1216/1053/1058
f 1160/1125/1130 1216/1053/1058 1052/1048/1053
f 1019/1126/1131 1158/1127/1132 1443/1128/1133
f 1019/1126/1131 1443/1128/1133 1157/1129/1134
f 1158/1127/1132 1022/1122/1127 1160/1125/1130
f 1158/1127/1132 1160/1125/1130 1443/1128/1133
f 1443/1128/1133 1160/1125/1130 1052/1048/1053
f 1443/1128/1133 1052/1048/1053 1217/1046/1051
f 1157/1129/1134 1443/1128/1133 1217/1046/1051
f 1157/1129/1134 1217/1046/1051 1051/1038/1043
f 1015/1130/1135 1155/1131/1136 1444/1132/1137
f 1015/1130/1135 1444/1132/1137 1153/1133/1138
f 1155/1131/1136 1019/1126/1131 1157/1129/1134
f 1155/1131/1136 1157/1129/1134 1444/1132/1137
f 1444/1132/1137 1157/1129/1134 1051/1038/1043
f 1444/1132/1137 1051/1038/1043 1218/1035/1040
f 1153/1133/1138 1444/1132/1137 1218/1035/1040
f 1153/1133/1138 1218/1035/1040 1050/1034/1039
f 1012/1134/1139 1152/1135/1140 1446/1136/1141
f 1012/1134/1139 1446/1136/1141 1151/1137/1142
f 1152/1135/1140 1016/1138/1143 1154/1139/1144
f 1152/1135/1140 1154/1139/1144 1446/1136/1141
f 1445/1140/1145 1153/1133/1138 1050/1034/1039
f 1445/1140/1145 1050/1034/1039 1219/1141/1146
f 1151/1137/1142 1446/1136/1141 1220/1142/1147
f 1151/1137/1142 1220/1142/1147 1049/1026/1031
f 1008/1143/1148 1149/1144/1149 1447/1145/1150
f 1008/1143/1148 1447/1145/1150 1148/1146/1151
f 1149/1144/1149 1012/1134/1139 1151/1137/1142
f 1149/1144/1149 1151/1137/1142 1447/1145/1150
f 1447/1145/1150 1151/1137/1142 1049/1026/1031
f 1447/1145/1150 1049/1026/1031 1221/1024/1029
f 1148/1146/1151 1447/1145/1150 1221/1024/1029
f 1148/1146/1151 1221/1024/1029 1048/1018/1023
f 1006/1147/1152 1145/1148/1153 1448/1149/1154
f 1006/1147/1152 1448/1149/1154 1144/1150/1155
f 1145/1148/1153 1008/1143/1148 1148/1146/1151
f 1145/1148/1153 1148/1146/1151 1448/1149/1154
f 1448/1149/1154 1148/1146/1151 1048/1018/1023
f 1448/1149/1154 1048/1018/1023 1222/1015/1020
f 1144/1150/1155 1448/1149/1154 1222/1015/1020
f 1144/1150/1155 1222/1015/1020 1047/1014/1019
f 1002/1151/1156 1140/1152/1157 1139/1153/1158
f 1140/1152/1157 1005/1154/1159 1143/1155/1160
f 1140/1152/1157 1143/1155/1160 1046/1010/1015
f 1140/1152/1157 1046/1010/1015 1223/1007/1012
f 1139/1153/1158 1140/1152/1157 1223/1007/1012
f 1139/1153/1158 1223/1007/1012 1044/1006/1011
f 1000/1156/1161 1002/1151/1156 1139/1153/1158
f 1000/1156/1161 1139/1153/1158 1138/1157/1162
f 1139/1153/1158 1044/1006/1011 1224/1158/1163
f 1138/1157/1162 1139/1153/1158 1224/1158/1163
f 1138/1157/1162 1224/1158/1163 1043/1003/1008
f 998/1159/1164 1137/1160/1165 1449/1161/1166
f 998/1159/1164 1449/1161/1166 1136/1162/1167
f 1137/1160/1165 1000/1156/1161 1138/1157/1162
f 1137/1160/1165 1138/1157/1162 1449/1161/1166
f 1449/1161/1166 1138/1157/1162 1043/1003/1008
f 1449/1161/1166 1043/1003/1008 1225/1001/1006
f 1136/1162/1167 1449/1161/1166 1225/1001/1006
f 1136/1162/1167 1225/1001/1006 1042/995/1000
f 996/1163/1168 1133/1164/1169 1450/1165/1170
f 996/1163/1168 1450/1165/1170 1132/1166/1171
f 1133/1164/1169 998/1159/1164 1136/1162/1167
f 1133/1164/1169 1136/1162/1167 1450/1165/1170
f 1450/1165/1170 1136/1162/1167 1042/995/1000
f 1450/1165/1170 1042/995/1000 1226/992/997
f 1132/1166/1171 1450/1165/1170 1226/992/997
f 1132/1166/1171 1226/992/997 1040/991/996
f 993/1167/1172 1128/1168/1173 1451/1169/1174
f 993/1167/1172 1451/1169/1174 1179/1097/1102
f 1128/1168/1173 996/1163/1168 1132/1166/1171
f 1128/1168/1173 1132/1166/1171 1451/1169/1174
f 1451/1169/1174 1132/1166/1171 1040/991/996
f 1451/1169/1174 1040/991/996 1227/1170/1175
f 1179/1097/1102 1451/1169/1174 1227/1170/1175
f 1179/1097/1102 1227/1170/1175 1038/1098/1103
f 1106/1171/1176 1232/1172/1177 1452/1173/1178
f 1106/1171/1176 1452/1173/1178 1328/1174/1179
f 1232/1172/1177 1063/1175/1180 1231/1176/1181
f 1232/1172/1177 1231/1176/1181 1452/1173/1178
f 1452/1173/1178 1231/1176/1181 1066/1177/1182
f 1452/1173/1178 1066/1177/1182 1283/1178/1183
f 1328/1174/1179 1452/1173/1178 1283/1178/1183
f 1328/1174/1179 1283/1178/1183 1108/1179/1184
f 1107/1180/1185 1282/1181/1186 1453/1182/1187
f 1107/1180/1185 1453/1182/1187 1326/1183/1188
f 1282/1181/1186 1065/1184/1189 1235/1185/1190
f 1282/1181/1186 1235/1185/1190 1453/1182/1187
f 1453/1182/1187 1235/1185/1190 1068/1186/1191
f 1453/1182/1187 1068/1186/1191 1284/1187/1192
f 1326/1183/1188 1453/1182/1187 1284/1187/1192
f 1326/1183/1188 1284/1187/1192 1109/1188/1193
f 1109/1188/1193 1284/1187/1192 1454/1189/1194
f 1109/1188/1193 1454/1189/1194 1325/1190/1195
f 1284/1187/1192 1068/1186/1191 1240/1191/1196
f 1284/1187/1192 1240/1191/1196 1454/1189/1194
f 1454/1189/1194 1240/1191/1196 1071/1192/1197
f 1454/1189/1194 1071/1192/1197 1286/1193/1198
f 1325/1190/1195 1454/1189/1194 1286/1193/1198
f 1325/1190/1195 1286/1193/1198 1111/1194/1199
f 1112/1195/1200 1287/1196/1201 1076/1197/1202
f 1112/1195/1200 1076/1197/1202 1323/1198/1203
f 1287/1196/1201 1073/1199/1204 1076/1197/1202
f 1323/1198/1203 1076/1197/1202 1288/1200/1205
f 1323/1198/1203 1288/1200/1205 1113/1201/1206
f 1114/1202/1207 1289/1203/1208 1456/1204/1209
f 1114/1202/1207 1456/1204/1209 1322/1205/1210
f 1288/1200/1205 1076/1197/1202 1247/1206/1211
f 1288/1200/1205 1247/1206/1211 1455/1207/1212
f 1456/1204/1209 1248/1208/1213 1080/1209/1214
f 1456/1204/1209 1080/1209/1214 1291/1210/1215
f 1322/1205/1210 1456/1204/1209 1291/1210/1215
f 1322/1205/1210 1291/1210/1215 1115/1211/1216
f 1115/1211/1216 1291/1210/1215 1458/1212/1217
f 1115/1211/1216 1458/1212/1217 1321/1213/1218
f 1290/1214/1219 1078/1215/1220 1251/1216/1221
f 1290/1214/1219 1251/1216/1221 1457/1217/1222
f 1457/1217/1222 1251/1216/1221 1082/1218/1223
f 1457/1217/1222 1082/1218/1223 1292/1219/1224
f 1321/1213/1218 1458/1212/1217 1293/1220/1225
f 1321/1213/1218 1293/1220/1225 1116/1221/1226
f 1117/1222/1227 1294/1223/1228 1459/1224/1229
f 1117/1222/1227 1459/1224/1229 1318/1225/1230
f 1295/1226/1231 1085/1227/1232 1460/1228/1233
f 1460/1228/1233 1085/1227/1232 1088/1229/1234
f 1460/1228/1233 1088/1229/1234 1297/1230/1235
f 1318/1225/1230 1459/1224/1229 1296/1231/1236
f 1318/1225/1230 1296/1231/1236 1118/1232/1237
f 1118/1232/1237 1296/1231/1236 1461/1233/1238
f 1118/1232/1237 1461/1233/1238 1317/1234/1239
f 1296/1231/1236 1087/1235/1240 1260/1236/1241
f 1296/1231/1236 1260/1236/1241 1461/1233/1238
f 1461/1233/1238 1260/1236/1241 1090/1237/1242
f 1461/1233/1238 1090/1237/1242 1298/1238/1243
f 1317/1234/1239 1461/1233/1238 1298/1238/1243
f 1317/1234/1239 1298/1238/1243 1119/1239/1244
f 1119/1239/1244 1298/1238/1243 1462/1240/1245
f 1119/1239/1244 1462/1240/1245 1316/1241/1246
f 1298/1238/1243 1090/1237/1242 1263/1242/1247
f 1298/1238/1243 1263/1242/1247 1462/1240/1245
f 1463/1243/1248 1264/1244/1249 1093/1245/1250
f 1463/1243/1248 1093/1245/1250 1300/1246/1251
f 1316/1241/1246 1462/1240/1245 1299/1247/1252
f 1316/1241/1246 1299/1247/1252 1120/1248/1253
f 1122/1249/1254 1302/1250/1255 1464/1251/1256
f 1122/1249/1254 1464/1251/1256 1313/1252/1257
f 1302/1250/1255 1096/1253/1258 1464/1251/1256
f 1464/1251/1256 1096/1253/1258 1098/1254/1259
f 1464/1251/1256 1098/1254/1259 1304/1255/1260
f 1313/1252/1257 1464/1251/1256 1304/1255/1260
f 1313/1252/1257 1304/1255/1260 1124/1256/1261
f 1123/1257/1262 1303/1258/1263 1465/1259/1264
f 1123/1257/1262 1465/1259/1264 1311/1260/1265
f 1304/1255/1260 1098/1254/1259 1273/1261/1266
f 1304/1255/1260 1273/1261/1266 1466/1262/1267
f 1465/1259/1264 1272/1263/1268 1101/1264/1269
f 1465/1259/1264 1101/1264/1269 1305/1265/1270
f 1311/1260/1265 1465/1259/1264 1305/1265/1270
f 1311/1260/1265 1305/1265/1270 1125/1266/1271
f 1125/1266/1271 1305/1265/1270 1467/1267/1272
f 1125/1266/1271 1467/1267/1272 1310/1268/1273
f 1305/1265/1270 1101/1264/1269 1277/1269/1274
f 1305/1265/1270 1277/1269/1274 1467/1267/1272
f 1467/1267/1272 1277/1269/1274 1104/1270/1275
f 1467/1267/1272 1104/1270/1275 1307/1271/1276
f 1310/1268/1273 1467/1267/1272 1307/1271/1276
f 1310/1268/1273 1307/1271/1276 1126/1272/1277
f 1102/1273/1278 1278/1274/1279 1468/1275/1280
f 1102/1273/1278 1468/1275/1280 1279/1276/1281
f 1278/1274/1279 1126/1272/1277 1309/1277/1282
f 1278/1274/1279 1309/1277/1282 1468/1275/1280
f 1468/1275/1280 1309/1277/1282 1106/1171/1176
f 1468/1275/1280 1106/1171/1176 1281/1278/1283
f 1279/1276/1281 1468/1275/1280 1281/1278/1283
f 1279/1276/1281 1281/1278/1283 1061/1279/1284
f 1099/1280/1285 1274/1281/1286 1469/1282/1287
f 1099/1280/1285 1469/1282/1287 1275/1283/1288
f 1274/1281/1286 1125/1266/1271 1310/1268/1273
f 1274/1281/1286 1310/1268/1273 1469/1282/1287
f 1469/1282/1287 1310/1268/1273 1126/1272/1277
f 1469/1282/1287 1126/1272/1277 1278/1274/1279
f 1275/1283/1288 1469/1282/1287 1278/1274/1279
f 1275/1283/1288 1278/1274/1279 1102/1273/1278
f 1097/1284/1289 1271/1285/1290 1470/1286/1291
f 1097/1284/1289 1470/1286/1291 1099/1280/1285
f 1271/1285/1290 1123/1257/1262 1311/1260/1265
f 1271/1285/1290 1311/1260/1265 1470/1286/1291
f 1470/1286/1291 1311/1260/1265 1125/1266/1271
f 1470/1286/1291 1125/1266/1271 1274/1281/1286
f 1099/1280/1285 1470/1286/1291 1274/1281/1286
f 1095/1287/1292 1269/1288/1293 1471/1289/1294
f 1095/1287/1292 1471/1289/1294 1270/1290/1295
f 1269/1288/1293 1121/1291/1296 1312/1292/1297
f 1269/1288/1293 1312/1292/1297 1471/1289/1294
f 1471/1289/1294 1312/1292/1297 1123/1257/1262
f 1471/1289/1294 1123/1257/1262 1271/1285/1290
f 1270/1290/1295 1471/1289/1294 1271/1285/1290
f 1270/1290/1295 1271/1285/1290 1097/1284/1289
f 1092/1293/1298 1265/1294/1299 1472/1295/1300
f 1092/1293/1298 1472/1295/1300 1266/1296/1301
f 1265/1294/1299 1120/1248/1253 1314/1297/1302
f 1265/1294/1299 1314/1297/1302 1472/1295/1300
f 1473/1298/1303 1315/1299/1304 1121/1291/1296
f 1473/1298/1303 1121/1291/1296 1269/1288/1293
f 1266/1296/1301 1472/1295/1300 1268/1300/1305
f 1266/1296/1301 1268/1300/1305 1094/1301/1306
f 1089/1302/1307 1261/1303/1308 1474/1304/1309
f 1089/1302/1307 1474/1304/1309 1262/1305/1310
f 1261/1303/1308 1119/1239/1244 1316/1241/1246
f 1261/1303/1308 1316/1241/1246 1474/1304/1309
f 1474/1304/1309 1316/1241/1246 1120/1248/1253
f 1474/1304/1309 1120/1248/1253 1265/1294/1299
f 1262/1305/1310 1474/1304/1309 1265/1294/1299
f 1262/1305/1310 1265/1294/1299 1092/1293/1298
f 1086/1306/1311 1258/1307/1312 1475/1308/1313
f 1086/1306/1311 1475/1308/1313 1259/1309/1314
f 1258/1307/1312 1118/1232/1237 1317/1234/1239
f 1258/1307/1312 1317/1234/1239 1475/1308/1313
f 1475/1308/1313 1317/1234/1239 1119/1239/1244
f 1475/1308/1313 1119/1239/1244 1261/1303/1308
f 1259/1309/1314 1475/1308/1313 1261/1303/1308
f 1259/1309/1314 1261/1303/1308 1089/1302/1307
f 1083/1310/1315 1254/1311/1316 1476/1312/1317
f 1083/1310/1315 1476/1312/1317 1256/1313/1318
f 1254/1311/1316 1117/1222/1227 1318/1225/1230
f 1254/1311/1316 1318/1225/1230 1476/1312/1317
f 1476/1312/1317 1318/1225/1230 1118/1232/1237
f 1476/1312/1317 1118/1232/1237 1258/1307/1312
f 1256/1313/1318 1476/1312/1317 1258/1307/1312
f 1256/1313/1318 1258/1307/1312 1086/1306/1311
f 1081/1314/1319 1252/1315/1320 1478/1316/1321
f 1081/1314/1319 1478/1316/1321 1253/1317/1322
f 1252/1315/1320 1116/1221/1226 1320/1318/1323
f 1252/1315/1320 1320/1318/1323 1478/1316/1321
f 1477/1319/1324 1319/1320/1325 1117/1222/1227
f 1477/1319/1324 1117/1222/1227 1254/1311/1316
f 1253/1317/1322 1478/1316/1321 1255/1321/1326
f 1253/1317/1322 1255/1321/1326 1084/1322/1327
f 1077/1323/1328 1249/1324/1329 1479/1325/1330
f 1077/1323/1328 1479/1325/1330 1250/1326/1331
f 1249/1324/1329 1115/1211/1216 1321/1213/1218
f 1249/1324/1329 1321/1213/1218 1479/1325/1330
f 1479/1325/1330 1321/1213/1218 1116/1221/1226
f 1479/1325/1330 1116/1221/1226 1252/1315/1320
f 1250/1326/1331 1479/1325/1330 1252/1315/1320
f 1250/1326/1331 1252/1315/1320 1081/1314/1319
f 1075/1327/1332 1245/1328/1333 1480/1329/1334
f 1075/1327/1332 1480/1329/1334 1246/1330/1335
f 1245/1328/1333 1114/1202/1207 1322/1205/1210
f 1245/1328/1333 1322/1205/1210 1480/1329/1334
f 1480/1329/1334 1322/1205/1210 1115/1211/1216
f 1480/1329/1334 1115/1211/1216 1249/1324/1329
f 1246/1330/1335 1480/1329/1334 1249/1324/1329
f 1246/1330/1335 1249/1324/1329 1077/1323/1328
f 1072/1331/1336 1243/1332/1337 1481/1333/1338
f 1243/1332/1337 1112/1195/1200 1323/1198/1203
f 1243/1332/1337 1323/1198/1203 1481/1333/1338
f 1481/1333/1338 1323/1198/1203 1113/1201/1206
f 1481/1333/1338 1113/1201/1206 1244/1334/1339
f 1072/1331/1336 1481/1333/1338 1244/1334/1339
f 1072/1331/1336 1244/1334/1339 1074/1335/1340
f 1069/1336/1341 1241/1337/1342 1243/1332/1337
f 1069/1336/1341 1243/1332/1337 1242/1338/1343
f 1241/1337/1342 1111/1194/1199 1324/1339/1344
f 1241/1337/1342 1324/1339/1344 1243/1332/1337
f 1243/1332/1337 1324/1339/1344 1112/1195/1200
f 1242/1338/1343 1243/1332/1337 1072/1331/1336
f 1067/1340/1345 1237/1341/1346 1482/1342/1347
f 1067/1340/1345 1482/1342/1347 1238/1343/1348
f 1237/1341/1346 1109/1188/1193 1325/1190/1195
f 1237/1341/1346 1325/1190/1195 1482/1342/1347
f 1482/1342/1347 1325/1190/1195 1111/1194/1199
f 1482/1342/1347 1111/1194/1199 1241/1337/1342
f 1238/1343/1348 1482/1342/1347 1241/1337/1342
f 1238/1343/1348 1241/1337/1342 1069/1336/1341
f 1064/1344/1349 1233/1345/1350 1483/1346/1351
f 1064/1344/1349 1483/1346/1351 1234/1347/1352
f 1233/1345/1350 1107/1180/1185 1326/1183/1188
f 1233/1345/1350 1326/1183/1188 1483/1346/1351
f 1483/1346/1351 1326/1183/1188 1109/1188/1193
f 1483/1346/1351 1109/1188/1193 1237/1341/1346
f 1234/1347/1352 1483/1346/1351 1237/1341/1346
f 1234/1347/1352 1237/1341/1346 1067/1340/1345
f 1060/1348/1353 1280/1349/1354 1484/1350/1355
f 1060/1348/1353 1484/1350/1355 1229/1351/1356
f 1280/1349/1354 1105/1352/1357 1327/1353/1358
f 1280/1349/1354 1327/1353/1358 1484/1350/1355
f 1484/1350/1355 1327/1353/1358 1107/1180/1185
f 1484/1350/1355 1107/1180/1185 1233/1345/1350
f 1229/1351/1356 1484/1350/1355 1233/1345/1350
f 1229/1351/1356 1233/1345/1350 1064/1344/1349
f 996/1163/1168 1128/1168/1173 1485/1354/1359
f 996/1163/1168 1485/1354/1359 1335/1355/1360
f 1128/1168/1173 993/1167/1172 1329/1356/1361
f 1128/1168/1173 1329/1356/1361 1485/1354/1359
f 1486/1357/1362 1330/1358/1363 1060/1348/1353
f 1486/1357/1362 1060/1348/1353 1229/1351/1356
f 1336/1359/1364 1486/1357/1362 1229/1351/1356
f 1336/1359/1364 1229/1351/1356 1064/1344/1349
f 995/990/995 1129/989/994 1488/1360/1365
f 1129/989/994 997/988/993 1488/1360/1365
f 1489/1361/1366 1337/1362/1367 1066/1177/1182
f 1489/1361/1366 1066/1177/1182 1231/1176/1181
f 1333/1363/1368 1487/1364/1369 1230/1365/1370
f 1333/1363/1368 1230/1365/1370 1062/1366/1371
f 1038/1098/1103 1130/1367/1372 1490/1368/1373
f 1038/1098/1103 1490/1368/1373 1398/1369/1374
f 1131/985/990 995/990/995 1491/1370/1375
f 1492/1371/1376 1334/1372/1377 1063/1175/1180
f 1492/1371/1376 1063/1175/1180 1232/1172/1177
f 1399/1373/1378 1492/1371/1376 1232/1172/1177
f 1399/1373/1378 1232/1172/1177 1106/1171/1176
f 1133/1164/1169 996/1163/1168 1335/1355/1360
f 1493/1374/1379 1336/1359/1364 1064/1344/1349
f 1493/1374/1379 1064/1344/1349 1234/1347/1352
f 1338/1375/1380 1493/1374/1379 1234/1347/1352
f 1338/1375/1380 1234/1347/1352 1067/1340/1345
f 997/988/993 1135/1000/1005 1495/1376/1381
f 1134/998/1003 999/997/1002 1339/1377/1382
f 1134/998/1003 1339/1377/1382 1494/1378/1383
f 1496/1379/1384 1340/1380/1385 1068/1186/1191
f 1496/1379/1384 1068/1186/1191 1235/1185/1190
f 1337/1362/1367 1497/1381/1386 1236/1382/1387
f 1337/1362/1367 1236/1382/1387 1066/1177/1182
f 1000/1156/1161 1137/1160/1165 1498/1383/1388
f 1000/1156/1161 1498/1383/1388 1341/1384/1389
f 1137/1160/1165 998/1159/1164 1498/1383/1388
f 1499/1385/1390 1338/1375/1380 1067/1340/1345
f 1499/1385/1390 1067/1340/1345 1238/1343/1348
f 1342/1386/1391 1499/1385/1390 1238/1343/1348
f 1342/1386/1391 1238/1343/1348 1069/1336/1341
f 999/997/1002 1001/1005/1010 1500/1387/1392
f 999/997/1002 1500/1387/1392 1339/1377/1382
f 1001/1005/1010 1343/1388/1393 1500/1387/1392
f 1501/1389/1394 1344/1390/1395 1070/1391/1396
f 1501/1389/1394 1070/1391/1396 1239/1392/1397
f 1340/1380/1385 1502/1393/1398 1240/1191/1196
f 1340/1380/1385 1240/1191/1196 1068/1186/1191
f 1002/1151/1156 1503/1394/1399 1345/1395/1400
f 1002/1151/1156 1000/1156/1161 1341/1384/1389
f 1002/1151/1156 1341/1384/1389 1503/1394/1399
f 1504/1396/1401 1342/1386/1391 1069/1336/1341
f 1504/1396/1401 1069/1336/1341 1242/1338/1343
f 1346/1397/1402 1504/1396/1401 1242/1338/1343
f 1346/1397/1402 1242/1338/1343 1072/1331/1336
f 1005/1154/1159 1140/1152/1157 1505/1398/1403
f 1140/1152/1157 1002/1151/1156 1345/1395/1400
f 1140/1152/1157 1345/1395/1400 1505/1398/1403
f 1506/1399/1404 1346/1397/1402 1072/1331/1336
f 1349/1400/1405 1506/1399/1404 1072/1331/1336
f 1349/1400/1405 1072/1331/1336 1074/1335/1340
f 1004/1401/1406 1142/1402/1407 1509/1403/1408
f 1004/1401/1406 1509/1403/1408 1348/1404/1409
f 1141/1012/1017 1007/1008/1013 1352/1405/1410
f 1141/1012/1017 1352/1405/1410 1507/1406/1411
f 1508/1407/1412 1353/1408/1413 1076/1197/1202
f 1508/1407/1412 1076/1197/1202 1073/1199/1204
f 1347/1409/1414 1508/1407/1412 1073/1199/1204
f 1008/1143/1148 1145/1148/1153 1511/1410/1415
f 1008/1143/1148 1511/1410/1415 1355/1411/1416
f 1145/1148/1153 1006/1147/1152 1351/1412/1417
f 1145/1148/1153 1351/1412/1417 1511/1410/1415
f 1510/1413/1418 1350/1414/1419 1075/1327/1332
f 1510/1413/1418 1075/1327/1332 1246/1330/1335
f 1354/1415/1420 1510/1413/1418 1246/1330/1335
f 1354/1415/1420 1246/1330/1335 1077/1323/1328
f 1007/1008/1013 1146/1023/1028 1512/1416/1421
f 1007/1008/1013 1512/1416/1421 1352/1405/1410
f 1146/1023/1028 1009/1417/1422 1356/1418/1423
f 1146/1023/1028 1356/1418/1423 1512/1416/1421
f 1513/1419/1424 1359/1420/1425 1247/1206/1211
f 1359/1420/1425 1079/1421/1426 1247/1206/1211
f 1353/1408/1413 1513/1419/1424 1247/1206/1211
f 1353/1408/1413 1247/1206/1211 1076/1197/1202
f 1012/1134/1139 1149/1144/1149 1515/1422/1427
f 1012/1134/1139 1515/1422/1427 1361/1423/1428
f 1149/1144/1149 1008/1143/1148 1355/1411/1416
f 1149/1144/1149 1355/1411/1416 1515/1422/1427
f 1514/1424/1429 1354/1415/1420 1077/1323/1328
f 1514/1424/1429 1077/1323/1328 1250/1326/1331
f 1360/1425/1430 1514/1424/1429 1250/1326/1331
f 1360/1425/1430 1250/1326/1331 1081/1314/1319
f 1010/1033/1038 1150/1031/1036 1358/1426/1431
f 1150/1031/1036 1013/1030/1035 1363/1427/1432
f 1516/1428/1433 1362/1429/1434 1082/1218/1223
f 1516/1428/1433 1082/1218/1223 1251/1216/1221
f 1357/1430/1435 1516/1428/1433 1251/1216/1221
f 1357/1430/1435 1251/1216/1221 1078/1215/1220
f 1016/1138/1143 1152/1135/1140 1518/1431/1436
f 1016/1138/1143 1518/1431/1436 1367/1432/1437
f 1152/1135/1140 1012/1134/1139 1361/1423/1428
f 1152/1135/1140 1361/1423/1428 1518/1431/1436
f 1517/1433/1438 1360/1425/1430 1081/1314/1319
f 1517/1433/1438 1081/1314/1319 1253/1317/1322
f 1366/1434/1439 1517/1433/1438 1253/1317/1322
f 1366/1434/1439 1253/1317/1322 1084/1322/1327
f 1155/1131/1136 1015/1130/1135 1365/1435/1440
f 1520/1436/1441 1366/1434/1439 1084/1322/1327
f 1520/1436/1441 1084/1322/1327 1257/1437/1442
f 1371/1438/1443 1519/1439/1444 1256/1313/1318
f 1371/1438/1443 1256/1313/1318 1086/1306/1311
f 1017/1045/1050 1156/1043/1048 1521/1440/1445
f 1017/1045/1050 1521/1440/1445 1368/1441/1446
f 1156/1043/1048 1020/1042/1047 1373/1442/1447
f 1156/1043/1048 1373/1442/1447 1521/1440/1445
f 1522/1443/1448 1374/1444/1449 1088/1229/1234
f 1522/1443/1448 1088/1229/1234 1085/1227/1232
f 1370/1445/1450 1522/1443/1448 1085/1227/1232
f 1523/1446/1451 1371/1438/1443 1086/1306/1311
f 1523/1446/1451 1086/1306/1311 1259/1309/1314
f 1375/1447/1452 1523/1446/1451 1259/1309/1314
f 1375/1447/1452 1259/1309/1314 1089/1302/1307
f 1159/1051/1056 1024/1050/1055 1378/1448/1453
f 1524/1449/1454 1376/1450/1455 1090/1237/1242
f 1524/1449/1454 1090/1237/1242 1260/1236/1241
f 1372/1451/1456 1524/1449/1454 1260/1236/1241
f 1372/1451/1456 1260/1236/1241 1087/1235/1240
f 1025/1113/1118 1161/1123/1128 1526/1452/1457
f 1025/1113/1118 1526/1452/1457 1381/1453/1458
f 1161/1123/1128 1022/1122/1127 1526/1452/1457
f 1525/1454/1459 1375/1447/1452 1089/1302/1307
f 1525/1454/1459 1089/1302/1307 1262/1305/1310
f 1380/1455/1460 1525/1454/1459 1262/1305/1310
f 1380/1455/1460 1262/1305/1310 1092/1293/1298
f 1023/1456/1461 1162/1060/1065 1527/1457/1462
f 1023/1456/1461 1527/1457/1462 1377/1458/1463
f 1162/1060/1065 1026/1059/1064 1382/1459/1464
f 1162/1060/1065 1382/1459/1464 1527/1457/1462
f 1528/1460/1465 1384/1461/1466 1093/1245/1250
f 1528/1460/1465 1093/1245/1250 1264/1244/1249
f 1379/1462/1467 1528/1460/1465 1264/1244/1249
f 1379/1462/1467 1264/1244/1249 1091/1463/1468
f 1028/1117/1122 1165/1114/1119 1530/1464/1469
f 1165/1114/1119 1025/1113/1118 1381/1453/1458
f 1165/1114/1119 1381/1453/1458 1530/1464/1469
f 1529/1465/1470 1380/1455/1460 1092/1293/1298
f 1529/1465/1470 1092/1293/1298 1266/1296/1301
f 1386/1466/1471 1531/1467/1472 1267/1468/1473
f 1386/1466/1471 1267/1468/1473 1095/1287/1292
f 1168/1110/1115 1029/1109/1114 1385/1469/1474
f 1532/1470/1475 1386/1466/1471 1095/1287/1292
f 1532/1470/1475 1095/1287/1292 1270/1290/1295
f 1390/1471/1476 1532/1470/1475 1270/1290/1295
f 1390/1471/1476 1270/1290/1295 1097/1284/1289
f 1030/1073/1078 1169/1071/1076 1533/1472/1477
f 1030/1073/1078 1533/1472/1477 1387/1473/1478
f 1169/1071/1076 1033/1070/1075 1391/1474/1479
f 1169/1071/1076 1391/1474/1479 1533/1472/1477
f 1534/1475/1480 1392/1476/1481 1098/1254/1259
f 1534/1475/1480 1098/1254/1259 1096/1253/1258
f 1389/1477/1482 1534/1475/1480 1096/1253/1258
f 1535/1478/1483 1390/1471/1476 1097/1284/1289
f 1535/1478/1483 1097/1284/1289 1099/1280/1285
f 1393/1479/1484 1535/1478/1483 1099/1280/1285
f 1033/1070/1075 1172/1083/1088 1536/1480/1485
f 1033/1070/1075 1536/1480/1485 1391/1474/1479
f 1173/1081/1086 1035/1080/1085 1537/1481/1486
f 1538/1482/1487 1395/1483/1488 1101/1264/1269
f 1538/1482/1487 1101/1264/1269 1272/1263/1268
f 1392/1476/1481 1539/1484/1489 1273/1261/1266
f 1392/1476/1481 1273/1261/1266 1098/1254/1259
f 1540/1485/1490 1393/1479/1484 1099/1280/1285
f 1540/1485/1490 1099/1280/1285 1275/1283/1288
f 1396/1486/1491 1540/1485/1490 1275/1283/1288
f 1396/1486/1491 1275/1283/1288 1102/1273/1278
f 1541/1487/1492 1397/1488/1493 1103/1489/1494
f 1541/1487/1492 1103/1489/1494 1276/1490/1495
f 1394/1491/1496 1541/1487/1492 1276/1490/1495
f 1394/1491/1496 1276/1490/1495 1100/1492/1497
f 994/1094/1099 1178/1091/1096 1542/1493/1498
f 994/1094/1099 1542/1493/1498 1331/1494/1499
f 1178/1091/1096 1036/1090/1095 1542/1493/1498
f 1543/1495/1500 1396/1486/1491 1102/1273/1278
f 1543/1495/1500 1102/1273/1278 1279/1276/1281
f 1332/1496/1501 1543/1495/1500 1279/1276/1281
f 1332/1496/1501 1279/1276/1281 1061/1279/1284
f 1001/1005/1010 1184/1004/1009 1544/1497/1502
f 1001/1005/1010 1544/1497/1502 1343/1388/1393
f 1184/1004/1009 1043/1003/1008 1400/1498/1503
f 1184/1004/1009 1400/1498/1503 1544/1497/1502
f 1545/1499/1504 1401/1500/1505 1110/1501/1506
f 1545/1499/1504 1110/1501/1506 1285/1502/1507
f 1344/1390/1395 1545/1499/1504 1285/1502/1507
f 1344/1390/1395 1285/1502/1507 1070/1391/1396
f 1045/1503/1508 1186/1504/1509 1547/1505/1510
f 1045/1503/1508 1547/1505/1510 1405/1506/1511
f 1186/1504/1509 1004/1401/1406 1348/1404/1409
f 1186/1504/1509 1348/1404/1409 1547/1505/1510
f 1546/1507/1512 1347/1409/1414 1073/1199/1204
f 1546/1507/1512 1073/1199/1204 1287/1196/1201
f 1404/1508/1513 1546/1507/1512 1287/1196/1201
f 1404/1508/1513 1287/1196/1201 1112/1195/1200
f 1014/1509/1514 1192/1027/1032 1550/1510/1515
f 1014/1509/1514 1550/1510/1515 1364/1511/1516
f 1192/1027/1032 1049/1026/1031 1407/1512/1517
f 1192/1027/1032 1407/1512/1517 1550/1510/1515
f 1549/1513/1518 1406/1514/1519 1116/1221/1226
f 1549/1513/1518 1116/1221/1226 1293/1220/1225
f 1362/1429/1434 1548/1515/1520 1292/1219/1224
f 1362/1429/1434 1292/1219/1224 1082/1218/1223
f 1050/1034/1039 1194/1037/1042 1553/1516/1521
f 1050/1034/1039 1553/1516/1521 1409/1517/1522
f 1194/1037/1042 1018/1518/1523 1369/1519/1524
f 1194/1037/1042 1369/1519/1524 1553/1516/1521
f 1552/1520/1525 1370/1445/1450 1085/1227/1232
f 1552/1520/1525 1085/1227/1232 1295/1226/1231
f 1408/1521/1526 1551/1522/1527 1117/1222/1227
f 1551/1522/1527 1294/1223/1228 1117/1222/1227
f 1027/1523/1528 1199/1056/1061 1555/1524/1529
f 1027/1523/1528 1555/1524/1529 1383/1525/1530
f 1199/1056/1061 1053/1055/1060 1411/1526/1531
f 1199/1056/1061 1411/1526/1531 1555/1524/1529
f 1554/1527/1532 1410/1528/1533 1120/1248/1253
f 1554/1527/1532 1120/1248/1253 1299/1247/1252
f 1384/1461/1466 1556/1529/1534 1300/1246/1251
f 1384/1461/1466 1300/1246/1251 1093/1245/1250
f 1054/1062/1067 1201/1065/1070 1557/1530/1535
f 1054/1062/1067 1557/1530/1535 1412/1531/1536
f 1201/1065/1070 1031/1532/1537 1388/1533/1538
f 1201/1065/1070 1388/1533/1538 1557/1530/1535
f 1559/1534/1539 1389/1477/1482 1096/1253/1258
f 1559/1534/1539 1096/1253/1258 1302/1250/1255
f 1413/1535/1540 1558/1536/1541 1121/1291/1296
f 1558/1536/1541 1301/1537/1542 1121/1291/1296
f 1037/1088/1093 1205/1087/1092 1561/1538/1543
f 1206/1539/1544 1059/1540/1545 1416/1541/1546
f 1206/1539/1544 1416/1541/1546 1563/1542/1547
f 1562/1543/1548 1415/1544/1549 1308/1545/1550
f 1415/1544/1549 1127/1546/1551 1308/1545/1550
f 1397/1488/1493 1560/1547/1552 1306/1548/1553
f 1397/1488/1493 1306/1548/1553 1103/1489/1494
f 1059/1540/1545 1209/1549/1554 1566/1550/1555
f 1059/1540/1545 1566/1550/1555 1416/1541/1546
f 1207/1099/1104 1038/1098/1103 1398/1369/1374
f 1207/1099/1104 1398/1369/1374 1564/1551/1556
f 1565/1552/1557 1399/1373/1378 1106/1171/1176
f 1565/1552/1557 1106/1171/1176 1309/1277/1282
f 1414/1553/1558 1565/1552/1557 1309/1277/1282
f 1414/1553/1558 1309/1277/1282 1126/1272/1277
f 1053/1055/1060 1214/1121/1126 1568/1554/1559
f 1053/1055/1060 1568/1554/1559 1411/1526/1531
f 1215/1120/1125 1054/1062/1067 1412/1531/1536
f 1215/1120/1125 1412/1531/1536 1569/1555/1560
f 1570/1556/1561 1413/1535/1540 1121/1291/1296
f 1570/1556/1561 1121/1291/1296 1315/1299/1304
f 1410/1528/1533 1567/1557/1562 1314/1297/1302
f 1410/1528/1533 1314/1297/1302 1120/1248/1253
f 1049/1026/1031 1220/1142/1147 1574/1558/1563
f 1049/1026/1031 1574/1558/1563 1407/1512/1517
f 1219/1141/1146 1050/1034/1039 1409/1517/1522
f 1219/1141/1146 1409/1517/1522 1572/1559/1564
f 1571/1560/1565 1408/1521/1526 1117/1222/1227
f 1571/1560/1565 1117/1222/1227 1319/1320/1325
f 1406/1514/1519 1573/1561/1566 1320/1318/1323
f 1406/1514/1519 1320/1318/1323 1116/1221/1226
f 1043/1003/1008 1224/1158/1163 1575/1562/1567
f 1043/1003/1008 1575/1562/1567 1400/1498/1503
f 1224/1158/1163 1044/1006/1011 1403/1563/1568
f 1224/1158/1163 1403/1563/1568 1575/1562/1567
f 1576/1564/1569 1404/1508/1513 1112/1195/1200
f 1576/1564/1569 1112/1195/1200 1324/1339/1344
f 1402/1565/1570 1576/1564/1569 1324/1339/1344
f 1402/1565/1570 1324/1339/1344 1111/1194/1199
f 1578/1566/1571 1580/1567/1572 1591/1568/1573
f 1578/1566/1571 1591/1568/1573 1586/1569/1574
f 1577/1566/1575 1582/1570/1576 1581/1571/1577
f 1810/1572/1578 1579/1573/1579 1584/1574/1580
f 1584/1574/1580 1579/1573/1579 1588/1575/1581
f 1584/1574/1580 1588/1575/1581 1593/1576/1582
f 1593/1576/1582 1588/1575/1581 1590/1575/1583
f 1593/1576/1582 1590/1575/1583 1595/1577/1584
f 1587/1569/1585 1592/1568/1586 1631/1578/1587
f 1587/1569/1585 1631/1578/1587 1589/1569/1588
f 1804/1579/1589 1585/1580/1590 1594/1581/1591
f 1594/1581/1591 1585/1580/1590 1596/1577/1592
f 1597/1582/1593 1595/1577/1584 1599/1583/1594
f 1597/1582/1593 1599/1583/1594 1601/1584/1593
f 1595/1577/1584 1590/1575/1583 1604/1575/1595
f 1595/1577/1584 1604/1575/1595 1599/1583/1594
f 1600/1584/1596 1598/1583/1597 1606/1585/1597
f 1600/1584/1596 1606/1585/1597 1611/1586/1598
f 1599/1583/1594 1604/1575/1595 1612/1575/1599
f 1599/1583/1594 1612/1575/1599 1607/1585/1600
f 1619/1587/1601 1610/1586/1601 1605/1585/1602
f 1619/1587/1601 1605/1585/1602 1614/1588/1603
f 1617/1588/1604 1608/1585/1605 1613/1575/1606
f 1617/1588/1604 1613/1575/1606 1624/1589/1607
f 1947/1590/1608 1621/1587/1609 1615/1588/1610
f 1947/1590/1608 1615/1588/1610 1622/1591/1611
f 1622/1591/1611 1616/1588/1612 1624/1589/1607
f 1622/1591/1611 1624/1589/1607 1626/1592/1613
f 1603/1593/1614 1627/1594/1615 1623/1570/1616
f 1623/1570/1616 1627/1594/1615 1629/1595/1617
f 1623/1570/1616 1629/1595/1617 1625/1596/1618
f 1627/1594/1615 1628/1597/1619 1992/1598/1620
f 1627/1594/1615 1992/1598/1620 1629/1595/1617
f 1630/1599/1621 1632/1600/1622 1628/1597/1619
f 1630/1599/1621 1628/1597/1619 1627/1594/1615
f 1603/1593/1614 1630/1599/1621 1627/1594/1615
f 1589/1569/1623 1630/1599/1621 1603/1593/1614
f 1630/1599/1621 1634/1601/1624 1632/1600/1622
f 1634/1601/1624 1637/1602/1625 1635/1603/1626
f 1634/1601/1624 1635/1603/1626 1632/1600/1622
f 1632/1600/1622 1635/1603/1626 1639/1604/1627
f 1632/1600/1622 1639/1604/1627 1628/1597/1619
f 1637/1602/1625 1941/1605/1628 1638/1606/1629
f 1637/1602/1625 1638/1606/1629 1635/1603/1626
f 1635/1603/1626 1638/1606/1629 1640/1607/1630
f 1635/1603/1626 1640/1607/1630 1639/1604/1627
f 1639/1604/1627 1640/1607/1630 1642/1608/1631
f 1628/1597/1619 1639/1604/1627 1641/1609/1632
f 1628/1597/1619 1641/1609/1632 1992/1598/1620
f 1639/1604/1627 1642/1608/1631 1643/1610/1633
f 1639/1604/1627 1643/1610/1633 1641/1609/1632
f 1642/1608/1631 1644/1611/1634 1646/1612/1635
f 1642/1608/1631 1646/1612/1635 1643/1610/1633
f 1640/1607/1630 1647/1613/1636 1644/1611/1634
f 1640/1607/1630 1644/1611/1634 1642/1608/1631
f 1647/1613/1636 1645/1614/1637 1644/1611/1634
f 1644/1611/1634 1645/1614/1637 1675/1615/1638
f 1644/1611/1634 1675/1615/1638 1646/1612/1635
f 1648/1616/1639 1651/1617/1640 1645/1614/1637
f 1648/1616/1639 1645/1614/1637 1647/1613/1636
f 1638/1606/1629 1648/1616/1639 1647/1613/1636
f 1638/1606/1629 1647/1613/1636 1640/1607/1630
f 1941/1605/1628 1650/1618/1641 1648/1616/1639
f 1941/1605/1628 1648/1616/1639 1638/1606/1629
f 1650/1618/1641 1653/1619/1642 1651/1617/1640
f 1650/1618/1641 1651/1617/1640 1648/1616/1639
f 1653/1619/1642 1656/1620/1643 1654/1621/1644
f 1653/1619/1642 1654/1621/1644 1651/1617/1640
f 1651/1617/1640 1654/1621/1644 1658/1622/1645
f 1651/1617/1640 1658/1622/1645 1645/1614/1637
f 1656/1620/1643 1657/1623/1646 1654/1621/1644
f 1654/1621/1644 1657/1623/1646 1659/1624/1647
f 1654/1621/1644 1659/1624/1647 1658/1622/1645
f 1658/1622/1645 1660/1625/1648 1662/1626/1649
f 1658/1622/1645 1662/1626/1649 1661/1627/1650
f 1645/1614/1637 1658/1622/1645 1661/1627/1650
f 1645/1614/1637 1661/1627/1650 1675/1615/1638
f 1663/1628/1651 1665/1629/1652 1662/1626/1649
f 1657/1623/1646 1663/1628/1651 1662/1626/1649
f 1657/1623/1646 1662/1626/1649 1659/1624/1647
f 1663/1628/1651 1667/1630/1653 1665/1629/1652
f 1667/1630/1653 1669/1631/1654 1665/1629/1652
f 1665/1629/1652 1672/1632/1655 1662/1626/1649
f 1669/1631/1654 1836/1633/1656 1671/1634/1657
f 1669/1631/1654 1671/1634/1657 1665/1629/1652
f 1665/1629/1652 1671/1634/1657 1674/1633/1658
f 1665/1629/1652 1674/1633/1658 1672/1632/1655
f 1672/1632/1655 1674/1633/1658 1677/1635/1659
f 1661/1627/1650 1662/1626/1649 1672/1632/1655
f 1675/1615/1638 1661/1627/1650 1672/1632/1655
f 1675/1615/1638 1672/1632/1655 1677/1635/1659
f 1675/1615/1638 1677/1635/1659 1679/1636/1660
f 1678/1637/1661 1676/1638/1662 1680/1639/1663
f 1678/1637/1661 1680/1639/1663 1681/1640/1664
f 1676/1638/1662 1673/1641/1665 1683/1642/1666
f 1676/1638/1662 1683/1642/1666 1680/1639/1663
f 1681/1640/1664 1680/1639/1663 1682/1643/1667
f 1681/1640/1664 1682/1643/1667 1997/1644/1668
f 1680/1639/1663 1683/1642/1666 1684/1645/1669
f 1680/1639/1663 1684/1645/1669 1682/1643/1667
f 1670/1646/1670 1683/1642/1666 1673/1641/1665
f 1670/1646/1670 1686/1647/1671 1683/1642/1666
f 1686/1647/1671 1688/1648/1672 1684/1645/1669
f 1686/1647/1671 1684/1645/1669 1683/1642/1666
f 1688/1648/1672 1691/1649/1673 1689/1650/1674
f 1688/1648/1672 1689/1650/1674 1684/1645/1669
f 1691/1649/1673 1692/1651/1675 1689/1650/1674
f 1689/1650/1674 1692/1651/1675 1694/1652/1676
f 1696/1653/1677 1689/1650/1674 1694/1652/1676
f 1682/1643/1667 1684/1645/1669 1689/1650/1674
f 1682/1643/1667 1689/1650/1674 1696/1653/1677
f 1997/1644/1668 1682/1643/1667 1696/1653/1677
f 1997/1644/1668 1696/1653/1677 1697/1654/1678
f 1697/1654/1678 1696/1653/1677 1694/1652/1676
f 1697/1654/1678 1694/1652/1676 1699/1655/1679
f 1700/1656/1680 1698/1657/1681 1701/1658/1682
f 1700/1656/1680 1701/1658/1682 1702/1659/1683
f 1698/1657/1681 1695/1660/1684 1701/1658/1682
f 1702/1659/1683 1701/1658/1682 1703/1661/1685
f 1701/1658/1682 1704/1662/1686 1703/1661/1685
f 1705/1663/1687 1708/1664/1688 1704/1662/1686
f 1705/1663/1687 1704/1662/1686 1701/1658/1682
f 1693/1665/1689 1705/1663/1687 1701/1658/1682
f 1693/1665/1689 1701/1658/1682 1695/1660/1684
f 1928/1660/1690 1707/1666/1691 1705/1663/1687
f 1928/1660/1690 1705/1663/1687 1693/1665/1689
f 1707/1666/1691 1710/1667/1692 1708/1664/1688
f 1707/1666/1691 1708/1664/1688 1705/1663/1687
f 1710/1667/1692 1712/1668/1693 1708/1664/1688
f 1712/1668/1693 1713/1669/1694 1708/1664/1688
f 1708/1664/1688 1713/1669/1694 1714/1670/1695
f 1708/1664/1688 1714/1670/1695 1704/1662/1686
f 1703/1661/1685 1704/1662/1686 1715/1671/1696
f 1703/1661/1685 1715/1671/1696 1716/1672/1697
f 1716/1672/1697 1715/1671/1696 1717/1673/1698
f 1719/1674/1699 1721/1675/1700 1718/1676/1701
f 1719/1674/1699 1718/1676/1701 1717/1673/1702
f 1713/1669/1694 1719/1674/1699 1717/1673/1702
f 1713/1669/1694 1717/1673/1702 1714/1670/1695
f 1719/1674/1699 1723/1677/1703 1721/1675/1700
f 1723/1677/1703 1726/1678/1704 1724/1679/1705
f 1723/1677/1703 1724/1679/1705 1721/1675/1700
f 1721/1675/1700 1724/1679/1705 1729/1680/1706
f 1721/1675/1700 1729/1680/1706 1718/1676/1701
f 1726/1678/1704 1910/1681/1707 1727/1682/1708
f 1726/1678/1704 1727/1682/1708 1724/1679/1705
f 1724/1679/1705 1727/1682/1708 1730/1683/1709
f 1724/1679/1705 1730/1683/1709 1729/1680/1706
f 1733/1684/1710 1729/1680/1706 1730/1683/1709
f 1735/1685/1711 1732/1686/1712 1729/1680/1706
f 1735/1685/1711 1729/1680/1706 1733/1684/1710
f 1732/1686/1712 1703/1661/1685 1716/1672/1697
f 1732/1686/1712 1716/1672/1697 1729/1680/1706
f 1737/1687/1713 1734/1688/1714 1731/1689/1715
f 1738/1690/1716 1736/1691/1717 1734/1688/1714
f 1738/1690/1716 1734/1688/1714 1737/1687/1713
f 1738/1690/1716 1737/1687/1713 1739/1692/1718
f 1739/1692/1718 1737/1687/1713 1741/1693/1719
f 1743/1694/1720 1742/1695/1721 1740/1696/1722
f 1728/1689/1723 1743/1694/1720 1740/1696/1722
f 1728/1689/1723 1740/1696/1722 1731/1689/1724
f 1911/1697/1725 1745/1698/1726 1743/1694/1720
f 1911/1697/1725 1743/1694/1720 1728/1689/1723
f 1745/1698/1726 1747/1699/1727 1743/1694/1720
f 1747/1699/1727 1750/1700/1728 1748/1701/1729
f 1747/1699/1727 1748/1701/1729 1743/1694/1720
f 1743/1694/1720 1748/1701/1729 1755/1702/1730
f 1743/1694/1720 1755/1702/1730 1742/1695/1721
f 1750/1700/1728 1775/1703/1731 1753/1704/1732
f 1750/1700/1728 1753/1704/1732 1748/1701/1729
f 1748/1701/1729 1751/1704/1733 1755/1702/1730
f 1757/1705/1734 1739/1692/1718 1755/1702/1730
f 1757/1705/1734 1755/1702/1730 1751/1704/1733
f 1739/1692/1718 1741/1693/1719 1755/1702/1730
f 1759/1706/1735 1739/1692/1718 1757/1705/1734
f 1760/1707/1736 1758/1708/1737 1762/1709/1738
f 1760/1707/1736 1762/1709/1738 1763/1710/1739
f 1758/1708/1737 1756/1711/1740 1766/1712/1741
f 1758/1708/1737 1766/1712/1741 1762/1709/1738
f 1763/1710/1739 1762/1709/1738 1620/1587/1742
f 1763/1710/1739 1620/1587/1742 1946/1590/1742
f 1761/1709/1743 1764/1712/1743 1609/1586/1744
f 1761/1709/1743 1609/1586/1744 1618/1587/1745
f 1752/1711/1746 1767/1713/1747 1766/1712/1741
f 1752/1711/1746 1766/1712/1741 1756/1711/1740
f 1765/1714/1748 1600/1584/1596 1611/1586/1598
f 1776/1711/1731 1771/1715/1749 1769/1713/1749
f 1776/1711/1731 1769/1713/1749 1754/1711/1732
f 1770/1715/1750 1594/1581/1591 1602/1584/1751
f 1770/1715/1750 1602/1584/1751 1768/1713/1752
f 1779/1711/1753 1772/1716/1754 1770/1715/1750
f 1779/1711/1753 1770/1715/1750 1774/1711/1755
f 1772/1716/1754 1594/1581/1591 1770/1715/1750
f 1783/1717/1756 1778/1703/1757 1773/1703/1755
f 1783/1717/1756 1773/1703/1755 1749/1700/1758
f 1781/1718/1759 1772/1716/1754 1779/1711/1753
f 1785/1719/1760 1780/1720/1761 1777/1703/1762
f 1785/1719/1760 1777/1703/1762 1782/1717/1763
f 1787/1721/1764 1785/1719/1760 1782/1717/1763
f 1787/1721/1764 1782/1717/1763 1784/1722/1765
f 1784/1722/1765 1783/1717/1756 1749/1700/1758
f 1784/1722/1765 1749/1700/1758 1746/1699/1766
f 1790/1705/1767 1780/1720/1768 1786/1723/1769
f 1790/1705/1767 1786/1723/1769 1788/1724/1770
f 1788/1724/1770 1786/1723/1769 1787/1721/1764
f 1792/1725/1771 1790/1705/1767 1788/1724/1770
f 1792/1725/1771 1788/1724/1770 1789/1726/1772
f 1793/1727/1773 1798/1728/1774 1794/1729/1775
f 1793/1727/1773 1794/1729/1775 1791/1730/1776
f 1791/1730/1777 1795/1729/1778 1772/1716/1754
f 1791/1730/1777 1772/1716/1754 1781/1718/1759
f 1799/1728/1779 1806/1731/1780 1800/1732/1780
f 1799/1728/1779 1800/1732/1780 1796/1729/1781
f 1797/1729/1782 1803/1732/1783 1804/1579/1589
f 1797/1729/1782 1804/1579/1589 1772/1716/1754
f 1772/1716/1754 1804/1579/1589 1594/1581/1591
f 1802/1732/1784 1811/1572/1785 1585/1580/1590
f 1802/1732/1784 1585/1580/1590 1804/1579/1589
f 1807/1731/1786 1813/1733/1787 1809/1572/1788
f 1807/1731/1786 1809/1572/1788 1801/1732/1789
f 1812/1734/1790 1815/1592/1791 1583/1735/1792
f 1812/1734/1790 1583/1735/1792 1808/1572/1793
f 1812/1734/1790 1817/1736/1794 1815/1592/1791
f 1582/1570/1576 1814/1596/1795 1818/1737/1796
f 1582/1570/1576 1818/1737/1796 1581/1571/1577
f 1814/1596/1795 1816/1738/1797 1818/1737/1796
f 1581/1571/1577 1818/1737/1796 1819/1739/1798
f 1581/1571/1577 1819/1739/1798 1820/1740/1799
f 1820/1740/1799 1819/1739/1798 1821/1741/1800
f 1820/1740/1799 1821/1741/1800 1822/1742/1801
f 1822/1742/1801 1821/1741/1800 1823/1743/1802
f 1823/1743/1802 1824/1744/1803 1825/1745/1804
f 1825/1745/1804 1824/1744/1803 1826/1746/1805
f 1824/1744/1803 1827/1747/1806 1826/1746/1805
f 1828/1748/1807 1826/1746/1805 1829/1749/1808
f 1826/1746/1805 1827/1747/1806 1830/1750/1809
f 1826/1746/1805 1830/1750/1809 1829/1749/1808
f 1828/1748/1807 1829/1749/1808 1831/1751/1810
f 1831/1751/1810 1829/1749/1808 1666/1630/1811
f 1831/1751/1810 1666/1630/1811 1664/1752/1812
f 1829/1749/1808 1830/1750/1809 1668/1631/1813
f 1829/1749/1808 1668/1631/1813 1666/1630/1811
f 1830/1750/1809 1833/1633/1814 1835/1633/1815
f 1830/1750/1809 1835/1633/1815 1668/1631/1813
f 1834/1753/1816 1837/1754/1817 1832/1646/1818
f 1832/1646/1818 1837/1754/1817 1685/1647/1819
f 1837/1754/1817 1838/1755/1820 1687/1648/1821
f 1837/1754/1817 1687/1648/1821 1685/1647/1819
f 1839/1756/1822 1840/1757/1823 1838/1755/1820
f 1839/1756/1822 1838/1755/1820 1837/1754/1817
f 1841/1758/1824 1839/1756/1822 1837/1754/1817
f 1841/1758/1824 1837/1754/1817 1834/1753/1816
f 1843/1759/1825 1839/1756/1822 1841/1758/1824
f 1827/1747/1806 1844/1636/1826 1842/1635/1827
f 1827/1747/1806 1842/1635/1827 1833/1633/1814
f 1827/1747/1806 1833/1633/1814 1830/1750/1809
f 1845/1760/1828 1849/1761/1829 1839/1756/1822
f 1845/1760/1828 1839/1756/1822 1843/1759/1825
f 1824/1744/1803 1846/1762/1830 1844/1636/1826
f 1824/1744/1803 1844/1636/1826 1827/1747/1806
f 1847/1763/1831 1851/1764/1832 1849/1761/1829
f 1847/1763/1831 1849/1761/1829 1845/1760/1828
f 1823/1743/1802 1848/1765/1833 1846/1762/1830
f 1823/1743/1802 1846/1762/1830 1824/1744/1803
f 1851/1764/1832 1853/1766/1834 1850/1767/1835
f 1851/1764/1832 1850/1767/1835 1849/1761/1829
f 1849/1761/1829 1850/1767/1835 1840/1757/1823
f 1849/1761/1829 1840/1757/1823 1839/1756/1822
f 1855/1768/1836 1854/1769/1837 1852/1770/1838
f 1857/1771/1839 1855/1768/1836 1852/1770/1838
f 1857/1771/1839 1852/1770/1838 1848/1765/1833
f 1856/1772/1840 1855/1768/1836 1857/1771/1839
f 1856/1772/1840 1875/1773/1841 1855/1768/1836
f 1819/1739/1798 1856/1772/1840 1857/1771/1839
f 1819/1739/1798 1857/1771/1839 1821/1741/1800
f 1821/1741/1800 1857/1771/1839 1848/1765/1833
f 1821/1741/1800 1848/1765/1833 1823/1743/1802
f 1818/1737/1796 1858/1774/1842 1856/1772/1840
f 1818/1737/1796 1856/1772/1840 1819/1739/1798
f 1816/1738/1797 1859/1775/1843 1858/1774/1842
f 1816/1738/1797 1858/1774/1842 1818/1737/1796
f 1859/1775/1843 1861/1776/1844 1858/1774/1842
f 1858/1774/1842 1861/1776/1844 1875/1773/1841
f 1858/1774/1842 1875/1773/1841 1856/1772/1840
f 1862/1777/1845 1860/1778/1846 1817/1736/1794
f 1862/1777/1845 1817/1736/1794 1812/1734/1790
f 1864/1779/1847 1862/1777/1845 1812/1734/1790
f 1864/1779/1847 1812/1734/1790 1805/1780/1848
f 1866/1781/1849 1864/1779/1847 1805/1780/1848
f 1866/1781/1849 1805/1780/1848 1867/1782/1850
f 1863/1783/1851 1865/1784/1852 1861/1776/1844
f 1867/1782/1850 1805/1780/1848 1798/1728/1774
f 1869/1785/1853 1867/1782/1850 1798/1728/1774
f 1869/1785/1853 1798/1728/1774 1793/1727/1773
f 1871/1786/1854 1866/1781/1849 1867/1782/1850
f 1871/1786/1854 1867/1782/1850 1869/1785/1853
f 1870/1787/1855 1868/1788/1856 1872/1789/1857
f 1868/1788/1856 1792/1725/1771 1789/1726/1772
f 1868/1788/1856 1789/1726/1772 1872/1789/1857
f 1870/1787/1855 1872/1789/1857 1873/1790/1858
f 1865/1784/1852 1870/1787/1855 1873/1790/1858
f 1865/1784/1852 1873/1790/1858 1874/1791/1859
f 1861/1776/1844 1865/1784/1852 1874/1791/1859
f 1861/1776/1844 1874/1791/1859 1875/1773/1841
f 1875/1773/1841 1874/1791/1859 1876/1792/1860
f 1875/1773/1841 1876/1792/1860 1855/1768/1836
f 1874/1791/1859 1873/1790/1858 1877/1793/1861
f 1874/1791/1859 1877/1793/1861 1876/1792/1860
f 1855/1768/1836 1876/1792/1860 1879/1794/1862
f 1855/1768/1836 1879/1794/1862 1854/1769/1837
f 1876/1792/1860 1877/1793/1861 1881/1795/1863
f 1876/1792/1860 1881/1795/1863 1879/1794/1862
f 1878/1796/1864 1880/1797/1865 1885/1798/1866
f 1878/1796/1864 1885/1798/1866 1883/1799/1867
f 1853/1766/1834 1878/1796/1864 1883/1799/1867
f 1853/1766/1834 1883/1799/1867 1850/1767/1835
f 1850/1767/1835 1883/1799/1867 1884/1800/1868
f 1850/1767/1835 1884/1800/1868 1840/1757/1823
f 1883/1799/1867 1885/1798/1866 1887/1655/1869
f 1883/1799/1867 1887/1655/1869 1884/1800/1868
f 1882/1801/1863 1893/1802/1870 1889/1803/1871
f 1882/1801/1863 1889/1803/1871 1886/1804/1872
f 1886/1804/1872 1889/1803/1871 1891/1805/1873
f 1886/1804/1872 1891/1805/1873 1888/1806/1874
f 1893/1802/1870 1894/1807/1875 1890/1808/1876
f 1893/1802/1870 1890/1808/1876 1889/1803/1871
f 1889/1803/1871 1890/1808/1876 1891/1805/1873
f 1896/1809/1877 1897/1810/1878 1895/1691/1879
f 1896/1809/1877 1895/1691/1879 1892/1811/1880
f 1877/1793/1861 1896/1809/1877 1892/1811/1880
f 1877/1793/1861 1892/1811/1880 1881/1795/1863
f 1873/1790/1858 1872/1789/1857 1896/1809/1877
f 1873/1790/1858 1896/1809/1877 1877/1793/1861
f 1872/1789/1857 1789/1726/1772 1897/1810/1878
f 1872/1789/1857 1897/1810/1878 1896/1809/1877
f 1789/1726/1772 1788/1724/1770 1898/1812/1881
f 1789/1726/1772 1898/1812/1881 1897/1810/1878
f 1897/1810/1878 1898/1812/1881 1900/1688/1882
f 1897/1810/1878 1900/1688/1882 1895/1691/1879
f 1788/1724/1770 1787/1721/1764 1898/1812/1881
f 1898/1812/1881 1787/1721/1764 1902/1697/1883
f 1898/1812/1881 1902/1697/1883 1900/1688/1882
f 1899/1813/1884 1901/1814/1885 1905/1815/1886
f 1899/1813/1884 1905/1815/1886 1903/1816/1887
f 1894/1807/1875 1899/1813/1884 1903/1816/1887
f 1894/1807/1875 1903/1816/1887 1890/1808/1876
f 1903/1816/1887 1905/1815/1886 1906/1817/1888
f 1904/1818/1889 1901/1814/1890 1908/1681/1891
f 1904/1818/1889 1908/1681/1891 1907/1819/1892
f 1906/1817/1893 1904/1818/1889 1907/1819/1892
f 1907/1819/1892 1725/1678/1894 1722/1677/1895
f 1907/1819/1892 1908/1681/1891 1725/1678/1894
f 1902/1697/1883 1787/1721/1764 1784/1722/1765
f 1902/1697/1883 1784/1722/1765 1744/1698/1896
f 1902/1697/1883 1744/1698/1896 1909/1697/1897
f 1784/1722/1765 1746/1699/1766 1744/1698/1896
f 1913/1820/1898 1906/1817/1893 1907/1819/1892
f 1913/1820/1898 1907/1819/1892 1720/1821/1899
f 1720/1821/1899 1907/1819/1892 1722/1677/1895
f 1915/1822/1900 1913/1820/1898 1720/1821/1899
f 1915/1822/1900 1720/1821/1899 1914/1823/1901
f 1918/1824/1902 1915/1822/1900 1914/1823/1901
f 1918/1824/1902 1914/1823/1901 1916/1825/1903
f 1916/1825/1903 1914/1823/1901 1711/1668/1904
f 1919/1826/1905 1918/1824/1902 1916/1825/1903
f 1919/1826/1905 1916/1825/1903 1917/1827/1906
f 1917/1827/1906 1916/1825/1903 1711/1668/1904
f 1917/1827/1906 1711/1668/1904 1709/1667/1907
f 1918/1824/1902 1912/1828/1908 1915/1822/1900
f 1903/1816/1887 1906/1817/1888 1912/1828/1908
f 1903/1816/1887 1912/1828/1908 1918/1824/1902
f 1890/1808/1876 1903/1816/1887 1918/1824/1902
f 1890/1808/1876 1918/1824/1902 1919/1826/1905
f 1891/1805/1873 1890/1808/1876 1919/1826/1905
f 1891/1805/1873 1919/1826/1905 1920/1829/1909
f 1888/1806/1874 1891/1805/1873 1920/1829/1909
f 1888/1806/1874 1920/1829/1909 1922/1660/1910
f 1884/1800/1868 1887/1655/1869 1921/1830/1911
f 1884/1800/1868 1921/1830/1911 1923/1831/1912
f 1840/1757/1823 1884/1800/1868 1923/1831/1912
f 1840/1757/1823 1923/1831/1912 1838/1755/1820
f 1923/1831/1912 1921/1830/1911 1925/1651/1913
f 1923/1831/1912 1925/1651/1913 1924/1832/1914
f 1838/1755/1820 1923/1831/1912 1924/1832/1914
f 1838/1755/1820 1924/1832/1914 1690/1649/1915
f 1838/1755/1820 1690/1649/1915 1687/1648/1821
f 1924/1832/1914 1925/1651/1913 1926/1651/1916
f 1924/1832/1914 1926/1651/1916 1690/1649/1915
f 1922/1660/1910 1920/1829/1909 1929/1833/1917
f 1922/1660/1910 1929/1833/1917 1706/1666/1918
f 1922/1660/1910 1706/1666/1918 1927/1660/1919
f 1920/1829/1909 1919/1826/1905 1917/1827/1906
f 1920/1829/1909 1917/1827/1906 1929/1833/1917
f 1929/1833/1917 1917/1827/1906 1709/1667/1907
f 1929/1833/1917 1709/1667/1907 1706/1666/1918
f 1930/1834/1920 1831/1751/1810 1664/1752/1812
f 1933/1835/1921 1831/1751/1810 1930/1834/1920
f 1933/1835/1921 1930/1834/1920 1931/1836/1922
f 1931/1836/1922 1930/1834/1920 1655/1620/1923
f 1935/1837/1924 1933/1835/1921 1931/1836/1922
f 1931/1836/1922 1655/1620/1923 1652/1619/1925
f 1932/1838/1926 1828/1748/1807 1831/1751/1810
f 1934/1839/1927 1826/1746/1805 1828/1748/1807
f 1934/1839/1927 1828/1748/1807 1932/1838/1926
f 1825/1840/1928 1935/1837/1924 1931/1836/1922
f 1825/1840/1928 1931/1836/1922 1938/1841/1929
f 1825/1745/1804 1826/1746/1805 1934/1839/1927
f 1936/1842/1930 1825/1840/1928 1938/1841/1929
f 1936/1842/1930 1938/1841/1929 1939/1843/1931
f 1937/1844/1932 1823/1743/1802 1825/1745/1804
f 1938/1841/1929 1931/1836/1922 1652/1619/1925
f 1938/1841/1929 1652/1619/1925 1649/1618/1933
f 1939/1843/1931 1938/1841/1929 1649/1618/1933
f 1939/1843/1931 1649/1618/1933 1940/1605/1934
f 1822/1742/1801 1936/1842/1930 1939/1843/1931
f 1822/1742/1801 1939/1843/1931 1942/1845/1935
f 1942/1845/1935 1939/1843/1931 1940/1605/1934
f 1942/1845/1935 1940/1605/1934 1636/1602/1936
f 1820/1740/1799 1822/1742/1801 1942/1845/1935
f 1820/1740/1799 1942/1845/1935 1943/1846/1937
f 1944/1846/1938 1942/1845/1935 1636/1602/1936
f 1944/1846/1938 1636/1602/1936 1633/1601/1939
f 1822/1742/1801 1823/1743/1802 1937/1844/1932
f 1580/1567/1572 1820/1740/1799 1943/1846/1937
f 1580/1567/1572 1943/1846/1937 1591/1568/1573
f 1592/1568/1586 1944/1846/1938 1633/1601/1939
f 1592/1568/1586 1633/1601/1939 1631/1578/1587
f 1963/1785/1940 1760/1707/1736 1763/1710/1739
f 1963/1785/1940 1763/1710/1739 1945/1847/1941
f 1945/1847/1941 1763/1710/1739 1947/1590/1608
f 1945/1847/1941 1947/1590/1608 1948/1848/1942
f 1948/1848/1942 1947/1590/1608 1622/1591/1611
f 1954/1781/1943 1945/1847/1941 1948/1848/1942
f 1954/1781/1943 1948/1848/1942 1950/1779/1944
f 1950/1779/1944 1948/1848/1942 1952/1777/1945
f 1949/1783/1946 1951/1849/1947 1953/1850/1948
f 1955/1851/1949 1982/1852/1950 1956/1773/1951
f 1955/1851/1949 1956/1773/1951 1951/1849/1947
f 1951/1849/1947 1956/1773/1951 1957/1853/1952
f 1951/1849/1947 1957/1853/1952 1953/1850/1948
f 1953/1850/1948 1957/1853/1952 1960/1854/1953
f 1953/1850/1948 1960/1854/1953 1958/1855/1954
f 1958/1855/1954 1961/1856/1955 1962/1788/1956
f 1958/1855/1954 1960/1854/1953 1961/1856/1955
f 1961/1856/1955 1738/1690/1716 1739/1692/1718
f 1962/1788/1956 1961/1856/1955 1739/1692/1718
f 1962/1788/1956 1739/1692/1718 1759/1706/1735
f 1959/1786/1957 1963/1785/1940 1945/1847/1941
f 1959/1786/1957 1945/1847/1941 1954/1781/1943
f 1960/1854/1953 1965/1857/1958 1964/1858/1959
f 1960/1854/1953 1964/1858/1959 1961/1856/1955
f 1961/1856/1955 1964/1858/1959 1738/1690/1716
f 1964/1858/1959 1966/1811/1960 1736/1691/1717
f 1964/1858/1959 1736/1691/1717 1738/1690/1716
f 1965/1857/1958 1969/1795/1961 1966/1811/1960
f 1965/1857/1958 1966/1811/1960 1964/1858/1959
f 1967/1802/1960 1971/1859/1962 1732/1686/1712
f 1967/1802/1960 1732/1686/1712 1735/1685/1711
f 1970/1801/1963 1973/1804/1964 1971/1859/1962
f 1970/1801/1963 1971/1859/1962 1967/1802/1960
f 1973/1804/1964 1700/1656/1680 1702/1659/1683
f 1973/1804/1964 1702/1659/1683 1971/1859/1962
f 1971/1859/1962 1702/1659/1683 1703/1661/1685
f 1971/1859/1962 1703/1661/1685 1732/1686/1712
f 1976/1796/1965 1974/1860/1966 1972/1798/1967
f 1976/1796/1965 1972/1798/1967 1968/1797/1968
f 1974/1860/1966 1697/1654/1678 1699/1655/1679
f 1974/1860/1966 1699/1655/1679 1972/1798/1967
f 1978/1766/1969 1975/1861/1970 1974/1860/1966
f 1978/1766/1969 1974/1860/1966 1976/1796/1965
f 1975/1861/1970 1997/1644/1668 1697/1654/1678
f 1975/1861/1970 1697/1654/1678 1974/1860/1966
f 1980/1862/1971 1977/1794/1972 1969/1795/1961
f 1980/1862/1971 1969/1795/1961 1965/1857/1958
f 1981/1863/1973 1979/1769/1974 1977/1794/1972
f 1981/1863/1973 1977/1794/1972 1980/1862/1971
f 1956/1773/1951 1981/1863/1973 1980/1862/1971
f 1956/1773/1951 1980/1862/1971 1957/1853/1952
f 1957/1853/1952 1980/1862/1971 1965/1857/1958
f 1957/1853/1952 1965/1857/1958 1960/1854/1953
f 1981/1863/1973 1985/1770/1975 1979/1769/1974
f 1982/1852/1950 1981/1863/1973 1956/1773/1951
f 1982/1852/1950 1983/1864/1976 1981/1863/1973
f 1983/1864/1976 1987/1765/1977 1985/1770/1975
f 1983/1864/1976 1985/1770/1975 1981/1863/1973
f 1984/1764/1978 1988/1865/1979 1975/1861/1970
f 1984/1764/1978 1975/1861/1970 1978/1766/1969
f 1986/1763/1980 1989/1760/1981 1988/1865/1979
f 1986/1763/1980 1988/1865/1979 1984/1764/1978
f 1989/1760/1981 1678/1637/1661 1681/1640/1664
f 1989/1760/1981 1681/1640/1664 1988/1865/1979
f 1988/1865/1979 1681/1640/1664 1997/1644/1668
f 1988/1865/1979 1997/1644/1668 1975/1861/1970
f 1643/1610/1633 1646/1612/1635 1990/1762/1982
f 1643/1610/1633 1990/1762/1982 1987/1765/1977
f 1646/1612/1635 1675/1615/1638 1679/1636/1660
f 1646/1612/1635 1679/1636/1660 1990/1762/1982
f 1983/1864/1976 1643/1610/1633 1987/1765/1977
f 1641/1609/1632 1643/1610/1633 1983/1864/1976
f 1992/1598/1620 1641/1609/1632 1983/1864/1976
f 1992/1598/1620 1983/1864/1976 1991/1866/1983
f 1991/1866/1983 1983/1864/1976 1982/1852/1950
f 1629/1595/1617 1992/1598/1620 1991/1866/1983
f 1629/1595/1617 1991/1866/1983 1982/1852/1950
f 1629/1595/1617 1982/1852/1950 1955/1851/1949
f 1995/1738/1984 1629/1595/1617 1955/1851/1949
f 1995/1738/1984 1955/1851/1949 1993/1775/1985
f 1993/1775/1985 1955/1851/1949 1951/1849/1947
f 1952/1777/1945 1948/1848/1942 1996/1736/1986
f 1952/1777/1945 1996/1736/1986 1994/1778/1987
f 1948/1848/1942 1622/1591/1611 1626/1592/1613
f 1948/1848/1942 1626/1592/1613 1996/1736/1986
f 1625/1596/1618 1629/1595/1617 1995/1738/1984
f 1998/1867/1988 1999/1868/1989 2002/1869/1990
f 1998/1867/1988 2002/1869/1990 2000/1870/1991
f 1998/1867/1988 2000/1870/1991 2003/1871/1992
f 2003/1871/1992 2000/1870/1991 2005/1872/1993
f 2155/1873/1994 1998/1867/1988 2003/1871/1992
f 2003/1871/1992 2005/1872/1993 2007/1874/1995
f 2006/1875/1996 2004/1876/1997 2008/1877/1998
f 2006/1875/1996 2008/1877/1998 2009/1878/1999
f 2004/1876/1997 2001/1879/2000 2010/1880/2001
f 2004/1876/1997 2010/1880/2001 2008/1877/1998
f 2010/1880/2001 2013/1881/2002 2011/1882/2003
f 2010/1880/2001 2011/1882/2003 2008/1877/1998
f 2008/1877/1998 2011/1882/2003 2009/1878/1999
f 2013/1881/2002 2012/1883/2004 2011/1882/2003
f 2011/1882/2003 2012/1883/2004 2140/1884/2005
f 2013/1881/2002 2015/1885/2006 2012/1883/2004
f 2001/1879/2000 2014/1886/2007 2013/1881/2002
f 2001/1879/2000 2013/1881/2002 2010/1880/2001
f 2014/1886/2007 2016/1887/2008 2015/1885/2006
f 2014/1886/2007 2015/1885/2006 2013/1881/2002
f 2016/1887/2008 2019/1888/2009 2018/1889/2010
f 2016/1887/2008 2018/1889/2010 2015/1885/2006
f 2015/1885/2006 2018/1889/2010 2022/1890/2011
f 2015/1885/2006 2022/1890/2011 2012/1883/2004
f 2019/1888/2009 2246/1891/2012 2021/1892/2013
f 2019/1888/2009 2021/1892/2013 2018/1889/2010
f 2018/1889/2010 2021/1892/2013 2023/1893/2014
f 2018/1889/2010 2023/1893/2014 2022/1890/2011
f 2022/1890/2011 2023/1893/2014 2026/1894/2015
f 2022/1890/2011 2026/1894/2015 2024/1895/2016
f 2012/1883/2004 2022/1890/2011 2024/1895/2016
f 2012/1883/2004 2024/1895/2016 2025/1896/2017
f 2012/1883/2004 2025/1896/2017 2140/1884/2005
f 2024/1895/2016 2026/1894/2015 2027/1897/2018
f 2024/1895/2016 2027/1897/2018 2025/1896/2017
f 2026/1894/2015 2028/1898/2019 2030/1899/2020
f 2026/1894/2015 2030/1899/2020 2027/1897/2018
f 2023/1893/2014 2031/1900/2021 2028/1898/2019
f 2023/1893/2014 2028/1898/2019 2026/1894/2015
f 2031/1900/2021 2032/1901/2022 2029/1902/2023
f 2031/1900/2021 2029/1902/2023 2028/1898/2019
f 2028/1898/2019 2029/1902/2023 2270/1903/2024
f 2028/1898/2019 2270/1903/2024 2030/1899/2020
f 2033/1904/2025 2036/1905/2026 2032/1901/2022
f 2033/1904/2025 2032/1901/2022 2031/1900/2021
f 2021/1892/2013 2033/1904/2025 2031/1900/2021
f 2021/1892/2013 2031/1900/2021 2023/1893/2014
f 2246/1891/2012 2034/1906/2027 2033/1904/2025
f 2246/1891/2012 2033/1904/2025 2021/1892/2013
f 2034/1906/2027 2037/1907/2028 2036/1905/2026
f 2034/1906/2027 2036/1905/2026 2033/1904/2025
f 2037/1907/2028 2040/1908/2029 2039/1909/2030
f 2037/1907/2028 2039/1909/2030 2036/1905/2026
f 2036/1905/2026 2039/1909/2030 2043/1910/2031
f 2036/1905/2026 2043/1910/2031 2032/1901/2022
f 2040/1908/2029 2240/1911/2032 2042/1912/2033
f 2040/1908/2029 2042/1912/2033 2039/1909/2030
f 2039/1909/2030 2042/1912/2033 2043/1910/2031
f 2043/1910/2031 2042/1912/2033 2046/1913/2034
f 2043/1910/2031 2046/1913/2034 2044/1914/2035
f 2032/1901/2022 2043/1910/2031 2044/1914/2035
f 2032/1901/2022 2044/1914/2035 2029/1902/2023
f 2029/1902/2023 2044/1914/2035 2045/1915/2036
f 2029/1902/2023 2045/1915/2036 2270/1903/2024
f 2044/1914/2035 2046/1913/2034 2047/1916/2037
f 2044/1914/2035 2047/1916/2037 2045/1915/2036
f 2048/1917/2038 2050/1918/2039 2047/1916/2037
f 2048/1917/2038 2047/1916/2037 2046/1913/2034
f 2042/1912/2033 2048/1917/2038 2046/1913/2034
f 2240/1911/2032 2048/1917/2038 2042/1912/2033
f 2048/1917/2038 2051/1919/2040 2050/1918/2039
f 2051/1919/2040 2054/1920/2041 2053/1921/2042
f 2051/1919/2040 2053/1921/2042 2050/1918/2039
f 2050/1918/2039 2053/1921/2042 2057/1922/2043
f 2050/1918/2039 2057/1922/2043 2047/1916/2037
f 2054/1920/2041 2221/1923/2044 2056/1924/2045
f 2054/1920/2041 2056/1924/2045 2053/1921/2042
f 2053/1921/2042 2056/1924/2045 2058/1925/2046
f 2053/1921/2042 2058/1925/2046 2057/1922/2043
f 2059/1926/2047 2057/1922/2043 2058/1925/2046
f 2059/1926/2047 2058/1925/2046 2061/1927/2048
f 2045/1915/2036 2047/1916/2037 2057/1922/2043
f 2045/1915/2036 2057/1922/2043 2059/1926/2047
f 2270/1903/2024 2045/1915/2036 2059/1926/2047
f 2270/1903/2024 2059/1926/2047 2060/1928/2049
f 2060/1928/2049 2059/1926/2047 2061/1927/2048
f 2060/1928/2049 2061/1927/2048 2062/1929/2050
f 2062/1929/2050 2061/1927/2048 2063/1930/2051
f 2062/1929/2050 2063/1930/2051 2064/1931/2052
f 2061/1927/2048 2058/1925/2046 2066/1932/2053
f 2061/1927/2048 2066/1932/2053 2063/1930/2051
f 2064/1931/2052 2063/1930/2051 2065/1933/2054
f 2064/1931/2052 2065/1933/2054 2261/1934/2055
f 2063/1930/2051 2066/1932/2053 2065/1933/2054
f 2067/1935/2056 2070/1936/2057 2065/1933/2054
f 2067/1935/2056 2065/1933/2054 2066/1932/2053
f 2056/1924/2045 2067/1935/2056 2066/1932/2053
f 2056/1924/2045 2066/1932/2053 2058/1925/2046
f 2221/1923/2044 2068/1937/2058 2067/1935/2056
f 2221/1923/2044 2067/1935/2056 2056/1924/2045
f 2068/1937/2058 2071/1938/2059 2070/1936/2057
f 2068/1937/2058 2070/1936/2057 2067/1935/2056
f 2071/1938/2059 2074/1939/2060 2073/1940/2061
f 2071/1938/2059 2073/1940/2061 2070/1936/2057
f 2070/1936/2057 2073/1940/2061 2065/1933/2054
f 2074/1939/2060 2216/1941/2062 2076/1942/2063
f 2074/1939/2060 2076/1942/2063 2073/1940/2061
f 2077/1943/2064 2073/1940/2061 2076/1942/2063
f 2077/1943/2064 2076/1942/2063 2078/1944/2065
f 2065/1933/2054 2073/1940/2061 2077/1943/2064
f 2261/1934/2055 2065/1933/2054 2077/1943/2064
f 2078/1944/2065 2076/1942/2063 2081/1945/2066
f 2078/1944/2065 2081/1945/2066 2079/1946/2067
f 2079/1946/2067 2081/1945/2066 2080/1947/2068
f 2082/1948/2069 2085/1949/2070 2081/1945/2066
f 2076/1942/2063 2082/1948/2069 2081/1945/2066
f 2216/1941/2062 2084/1950/2071 2082/1948/2069
f 2216/1941/2062 2082/1948/2069 2076/1942/2063
f 2084/1950/2071 2087/1951/2072 2085/1949/2070
f 2084/1950/2071 2085/1949/2070 2082/1948/2069
f 2087/1951/2072 2089/1952/2073 2085/1949/2070
f 2085/1949/2070 2090/1953/2074 2081/1945/2066
f 2089/1952/2073 2206/1954/2075 2090/1953/2074
f 2089/1952/2073 2090/1953/2074 2085/1949/2070
f 2080/1947/2068 2081/1945/2066 2090/1953/2074
f 2080/1947/2068 2090/1953/2074 2091/1955/2076
f 2091/1955/2076 2090/1953/2074 2092/1956/2077
f 2206/1954/2075 2094/1957/2078 2092/1956/2077
f 2206/1954/2075 2092/1956/2077 2090/1953/2074
f 2094/1957/2078 2097/1958/2079 2095/1959/2080
f 2094/1957/2078 2095/1959/2080 2092/1956/2077
f 2097/1958/2079 2100/1960/2081 2098/1961/2082
f 2097/1958/2079 2098/1961/2082 2095/1959/2080
f 2100/1960/2081 2189/1962/2083 2098/1961/2082
f 2098/1961/2082 2101/1963/2084 2095/1959/2080
f 2101/1963/2084 2091/1955/2076 2095/1959/2080
f 2091/1955/2076 2092/1956/2077 2095/1959/2080
f 2102/1964/2085 2091/1955/2076 2101/1963/2084
f 2102/1964/2085 2080/1947/2068 2091/1955/2076
f 2104/1965/2086 2102/1964/2085 2101/1963/2084
f 2104/1965/2086 2101/1963/2084 2103/1966/2087
f 2114/1967/2088 2104/1965/2086 2103/1966/2087
f 2114/1967/2088 2103/1966/2087 2105/1968/2089
f 2106/1969/2090 2105/1968/2089 2103/1966/2087
f 2098/1961/2082 2106/1969/2090 2103/1966/2087
f 2098/1961/2082 2103/1966/2087 2101/1963/2084
f 2189/1962/2083 2107/1970/2091 2106/1969/2090
f 2189/1962/2083 2106/1969/2090 2098/1961/2082
f 2107/1970/2091 2109/1971/2092 2106/1969/2090
f 2109/1971/2092 2112/1972/2093 2111/1973/2094
f 2109/1971/2092 2111/1973/2094 2106/1969/2090
f 2106/1969/2090 2111/1973/2094 2105/1968/2089
f 2112/1972/2093 2196/1974/2095 2111/1973/2094
f 2115/1975/2096 2114/1967/2088 2105/1968/2089
f 2115/1975/2096 2105/1968/2089 2111/1973/2094
f 2116/1976/2097 2115/1975/2096 2111/1973/2094
f 2196/1974/2095 2117/1977/2098 2116/1976/2097
f 2196/1974/2095 2116/1976/2097 2111/1973/2094
f 2117/1977/2098 2119/1978/2099 2116/1976/2097
f 2119/1978/2099 2122/1979/2100 2121/1980/2101
f 2119/1978/2099 2121/1980/2101 2116/1976/2097
f 2116/1976/2097 2121/1980/2101 2115/1975/2096
f 2122/1979/2100 2201/1981/2102 2121/1980/2101
f 2121/1980/2101 2124/1982/2103 2115/1975/2096
f 2124/1982/2103 2126/1983/2104 2125/1984/2105
f 2124/1982/2103 2125/1984/2105 2115/1975/2096
f 2115/1975/2096 2125/1984/2105 2114/1967/2088
f 2124/1982/2103 2127/1985/2106 2126/1983/2104
f 2129/1986/2107 2128/1987/2108 2127/1985/2106
f 2129/1986/2107 2127/1985/2106 2124/1982/2103
f 2121/1980/2101 2129/1986/2107 2124/1982/2103
f 2201/1981/2102 2130/1988/2109 2121/1980/2101
f 2130/1988/2109 2132/1989/2110 2121/1980/2101
f 2132/1989/2110 2135/1990/2111 2134/1991/2112
f 2132/1989/2110 2134/1991/2112 2121/1980/2101
f 2121/1980/2101 2134/1991/2112 2129/1986/2107
f 2135/1990/2111 2145/1992/2113 2134/1991/2112
f 2134/1991/2112 2137/1993/2114 2129/1986/2107
f 2129/1986/2107 2137/1993/2114 2128/1987/2108
f 2139/1994/2115 2138/1995/2116 2137/1993/2114
f 2137/1993/2114 2138/1995/2116 2128/1987/2108
f 2141/1996/2117 2139/1994/2115 2137/1993/2114
f 2139/1994/2115 2140/1884/2005 2138/1995/2116
f 2009/1878/1999 2011/1882/2003 2139/1994/2115
f 2009/1878/1999 2139/1994/2115 2141/1996/2117
f 2011/1882/2003 2140/1884/2005 2139/1994/2115
f 2134/1991/2112 2141/1996/2117 2137/1993/2114
f 2145/1992/2113 2142/1997/2118 2141/1996/2117
f 2145/1992/2113 2141/1996/2117 2134/1991/2112
f 2142/1997/2118 2006/1875/1996 2009/1878/1999
f 2142/1997/2118 2009/1878/1999 2141/1996/2117
f 2144/1998/2119 2143/1999/2120 2146/2000/2121
f 2144/1998/2119 2003/1871/1992 2007/1874/1995
f 2144/1998/2119 2007/1874/1995 2143/1999/2120
f 2148/2001/2122 2144/1998/2119 2146/2000/2121
f 2148/2001/2122 2146/2000/2121 2136/2002/2123
f 2149/2003/2124 2147/2004/2125 2144/1998/2119
f 2149/2003/2124 2144/1998/2119 2148/2001/2122
f 2148/2001/2122 2136/2002/2123 2133/2005/2126
f 2147/2004/2125 2149/2003/2124 2150/2006/2127
f 2147/2004/2125 2150/2006/2127 2152/2007/2128
f 2150/2006/2127 2169/2008/2129 2151/2009/2130
f 2152/2007/2128 2150/2006/2127 2151/2009/2130
f 2152/2007/2128 2151/2009/2130 2154/2010/2131
f 2155/1873/1994 2147/2004/2125 2152/2007/2128
f 2155/1873/1994 2152/2007/2128 2153/2011/2132
f 2153/2011/2132 2152/2007/2128 2154/2010/2131
f 2147/2004/2125 2155/1873/1994 2003/1871/1992
f 2147/2004/2125 2003/1871/1992 2144/1998/2119
f 1998/1867/1988 2155/1873/1994 2153/2011/2132
f 1998/1867/1988 2153/2011/2132 1999/1868/1989
f 2154/2010/2131 2156/2012/2133 2157/2013/2134
f 2154/2010/2131 2151/2009/2130 2156/2012/2133
f 2157/2013/2134 2156/2012/2133 2158/2014/2135
f 2157/2013/2134 2158/2014/2135 2160/2015/2136
f 2156/2012/2133 2159/2016/2137 2158/2014/2135
f 2158/2014/2135 2159/2016/2137 2164/2017/2138
f 2158/2014/2135 2164/2017/2138 2161/2018/2139
f 2160/2015/2136 2158/2014/2135 2161/2018/2139
f 2160/2015/2136 2161/2018/2139 2162/2019/2140
f 2162/2019/2140 2161/2018/2139 2163/2020/2141
f 2162/2019/2140 2163/2020/2141 2230/2021/2142
f 2161/2018/2139 2164/2017/2138 2165/2022/2143
f 2161/2018/2139 2165/2022/2143 2163/2020/2141
f 2159/2016/2137 2166/2023/2144 2164/2017/2138
f 2164/2017/2138 2166/2023/2144 2168/2024/2145
f 2164/2017/2138 2168/2024/2145 2165/2022/2143
f 2166/2023/2144 2169/2008/2129 2167/2025/2146
f 2166/2023/2144 2167/2025/2146 2168/2024/2145
f 2156/2012/2133 2166/2023/2144 2159/2016/2137
f 2151/2009/2130 2166/2023/2144 2156/2012/2133
f 2151/2009/2130 2169/2008/2129 2166/2023/2144
f 2170/2026/2147 2171/2027/2148 2172/2028/2149
f 2170/2026/2147 2172/2028/2149 2173/2029/2150
f 2169/2008/2129 2170/2026/2147 2173/2029/2150
f 2169/2008/2129 2173/2029/2150 2167/2025/2146
f 2173/2029/2150 2172/2028/2149 2174/2030/2151
f 2172/2028/2149 2175/2031/2152 2177/2032/2153
f 2172/2028/2149 2177/2032/2153 2174/2030/2151
f 2175/2031/2152 2178/2033/2154 2176/2034/2155
f 2175/2031/2152 2176/2034/2155 2177/2032/2153
f 2179/2035/2156 2178/2033/2154 2175/2031/2152
f 2171/2027/2148 2179/2035/2156 2175/2031/2152
f 2171/2027/2148 2175/2031/2152 2172/2028/2149
f 2179/2035/2156 2180/2036/2157 2178/2033/2154
f 2180/2036/2157 2181/2037/2158 2178/2033/2154
f 2178/2033/2154 2181/2037/2158 2183/2038/2159
f 2181/2037/2158 2191/2039/2160 2182/2040/2161
f 2181/2037/2158 2182/2040/2161 2183/2038/2159
f 2183/2038/2159 2182/2040/2161 2185/2041/2162
f 2178/2033/2154 2183/2038/2159 2176/2034/2155
f 2176/2034/2155 2183/2038/2159 2184/2042/2163
f 2183/2038/2159 2185/2041/2162 2184/2042/2163
f 2185/2041/2162 2182/2040/2161 2187/2043/2164
f 2185/2041/2162 2187/2043/2164 2186/2044/2165
f 2186/2044/2165 2099/2045/2166 2096/2046/2167
f 2186/2044/2165 2187/2043/2164 2188/2047/2168
f 2186/2044/2165 2188/2047/2168 2099/2045/2166
f 2187/2043/2164 2108/2048/2169 2188/2047/2168
f 2182/2040/2161 2191/2039/2160 2190/2049/2170
f 2182/2040/2161 2190/2049/2170 2187/2043/2164
f 2187/2043/2164 2190/2049/2170 2110/2050/2171
f 2187/2043/2164 2110/2050/2171 2108/2048/2169
f 2190/2049/2170 2113/2051/2172 2110/2050/2171
f 2193/2052/2173 2191/2039/2160 2181/2037/2158
f 2191/2039/2160 2192/2053/2174 2190/2049/2170
f 2193/2052/2173 2192/2053/2174 2191/2039/2160
f 2194/2054/2175 2193/2052/2173 2180/2036/2157
f 2180/2036/2157 2193/2052/2173 2181/2037/2158
f 2193/2052/2173 2194/2054/2175 2195/2055/2176
f 2193/2052/2173 2195/2055/2176 2118/2056/2177
f 2192/2053/2174 2193/2052/2173 2118/2056/2177
f 2118/2056/2177 2195/2055/2176 2120/2057/2178
f 2192/2053/2174 2118/2056/2177 2197/2058/2179
f 2190/2049/2170 2192/2053/2174 2197/2058/2179
f 2190/2049/2170 2197/2058/2179 2113/2051/2172
f 2194/2054/2175 2198/2059/2180 2195/2055/2176
f 2195/2055/2176 2123/2060/2181 2120/2057/2178
f 2195/2055/2176 2199/2061/2182 2202/2062/2183
f 2195/2055/2176 2202/2062/2183 2123/2060/2181
f 2198/2059/2180 2200/2063/2184 2199/2061/2182
f 2198/2059/2180 2199/2061/2182 2195/2055/2176
f 2200/2063/2184 2203/2064/2185 2199/2061/2182
f 2199/2061/2182 2131/2065/2186 2202/2062/2183
f 2203/2064/2185 2149/2003/2124 2148/2001/2122
f 2203/2064/2185 2148/2001/2122 2199/2061/2182
f 2199/2061/2182 2148/2001/2122 2133/2005/2126
f 2199/2061/2182 2133/2005/2126 2131/2065/2186
f 2149/2003/2124 2203/2064/2185 2150/2006/2127
f 2150/2006/2127 2203/2064/2185 2170/2026/2147
f 2150/2006/2127 2170/2026/2147 2169/2008/2129
f 2203/2064/2185 2200/2063/2184 2171/2027/2148
f 2203/2064/2185 2171/2027/2148 2170/2026/2147
f 2200/2063/2184 2198/2059/2180 2179/2035/2156
f 2200/2063/2184 2179/2035/2156 2171/2027/2148
f 2198/2059/2180 2194/2054/2175 2180/2036/2157
f 2198/2059/2180 2180/2036/2157 2179/2035/2156
f 2204/2066/2187 2185/2041/2162 2186/2044/2165
f 2204/2066/2187 2186/2044/2165 2093/2067/2188
f 2093/2067/2188 2186/2044/2165 2096/2046/2167
f 2204/2066/2187 2093/2067/2188 2205/2068/2189
f 2204/2066/2187 2205/2068/2189 2207/2069/2190
f 2207/2069/2190 2205/2068/2189 2088/2070/2191
f 2209/2071/2192 2204/2066/2187 2207/2069/2190
f 2209/2071/2192 2207/2069/2190 2208/2072/2193
f 2208/2072/2193 2207/2069/2190 2088/2070/2191
f 2208/2072/2193 2088/2070/2191 2086/2073/2194
f 2209/2071/2192 2184/2042/2163 2204/2066/2187
f 2184/2042/2163 2185/2041/2162 2204/2066/2187
f 2176/2034/2155 2184/2042/2163 2209/2071/2192
f 2177/2032/2153 2176/2034/2155 2209/2071/2192
f 2177/2032/2153 2209/2071/2192 2210/2074/2195
f 2174/2030/2151 2177/2032/2153 2210/2074/2195
f 2174/2030/2151 2210/2074/2195 2211/2075/2196
f 2173/2029/2150 2174/2030/2151 2212/2076/2197
f 2212/2076/2197 2174/2030/2151 2211/2075/2196
f 2167/2025/2146 2173/2029/2150 2212/2076/2197
f 2167/2025/2146 2212/2076/2197 2213/2077/2198
f 2212/2076/2197 2211/2075/2196 2214/2078/2199
f 2213/2077/2198 2212/2076/2197 2214/2078/2199
f 2213/2077/2198 2214/2078/2199 2215/2079/2200
f 2215/2079/2200 2214/2078/2199 2075/2080/2201
f 2215/2079/2200 2075/2080/2201 2072/2081/2202
f 2214/2078/2199 2211/2075/2196 2217/2082/2203
f 2214/2078/2199 2217/2082/2203 2075/2080/2201
f 2211/2075/2196 2210/2074/2195 2083/2083/2204
f 2211/2075/2196 2083/2083/2204 2217/2082/2203
f 2210/2074/2195 2209/2071/2192 2208/2072/2193
f 2210/2074/2195 2208/2072/2193 2086/2073/2194
f 2210/2074/2195 2086/2073/2194 2083/2083/2204
f 2218/2084/2205 2213/2077/2198 2215/2079/2200
f 2218/2084/2205 2215/2079/2200 2072/2081/2202
f 2218/2084/2205 2072/2081/2202 2069/2085/2206
f 2219/2086/2207 2218/2084/2205 2069/2085/2206
f 2220/2087/2208 2218/2084/2205 2219/2086/2207
f 2224/2088/2209 2220/2087/2208 2219/2086/2207
f 2224/2088/2209 2219/2086/2207 2222/2089/2210
f 2222/2089/2210 2219/2086/2207 2055/2090/2211
f 2225/2091/2212 2224/2088/2209 2222/2089/2210
f 2225/2091/2212 2222/2089/2210 2223/2092/2213
f 2223/2092/2213 2222/2089/2210 2055/2090/2211
f 2223/2092/2213 2055/2090/2211 2052/2093/2214
f 2226/2094/2215 2228/2095/2216 2220/2087/2208
f 2226/2094/2215 2220/2087/2208 2224/2088/2209
f 2227/2096/2217 2226/2094/2215 2224/2088/2209
f 2227/2096/2217 2224/2088/2209 2225/2091/2212
f 2163/2020/2141 2165/2022/2143 2228/2095/2216
f 2163/2020/2141 2228/2095/2216 2226/2094/2215
f 2230/2021/2142 2163/2020/2141 2226/2094/2215
f 2230/2021/2142 2226/2094/2215 2227/2096/2217
f 2165/2022/2143 2168/2024/2145 2229/2097/2218
f 2165/2022/2143 2229/2097/2218 2228/2095/2216
f 2228/2095/2216 2229/2097/2218 2218/2084/2205
f 2228/2095/2216 2218/2084/2205 2220/2087/2208
f 2168/2024/2145 2167/2025/2146 2213/2077/2198
f 2168/2024/2145 2213/2077/2198 2229/2097/2218
f 2229/2097/2218 2213/2077/2198 2218/2084/2205
f 2232/2098/2219 2230/2021/2142 2227/2096/2217
f 2232/2098/2219 2227/2096/2217 2231/2099/2220
f 2231/2099/2220 2227/2096/2217 2225/2091/2212
f 2231/2099/2220 2225/2091/2212 2233/2100/2221
f 2236/2101/2222 2232/2098/2219 2231/2099/2220
f 2236/2101/2222 2231/2099/2220 2234/2102/2223
f 2234/2102/2223 2231/2099/2220 2233/2100/2221
f 2234/2102/2223 2233/2100/2221 2235/2103/2224
f 2234/2102/2223 2235/2103/2224 2239/2104/2225
f 2234/2102/2223 2239/2104/2225 2237/2105/2226
f 2236/2101/2222 2234/2102/2223 2237/2105/2226
f 2236/2101/2222 2237/2105/2226 2238/2106/2227
f 2238/2106/2227 2237/2105/2226 2041/2107/2228
f 2238/2106/2227 2041/2107/2228 2038/2108/2229
f 2237/2105/2226 2239/2104/2225 2241/2109/2230
f 2237/2105/2226 2241/2109/2230 2041/2107/2228
f 2239/2104/2225 2235/2103/2224 2049/2110/2231
f 2239/2104/2225 2049/2110/2231 2241/2109/2230
f 2233/2100/2221 2225/2091/2212 2223/2092/2213
f 2233/2100/2221 2223/2092/2213 2235/2103/2224
f 2235/2103/2224 2223/2092/2213 2052/2093/2214
f 2235/2103/2224 2052/2093/2214 2049/2110/2231
f 2243/2111/2232 2236/2101/2222 2238/2106/2227
f 2243/2111/2232 2238/2106/2227 2242/2112/2233
f 2242/2112/2233 2238/2106/2227 2038/2108/2229
f 2242/2112/2233 2038/2108/2229 2035/2113/2234
f 2244/2114/2235 2242/2112/2233 2035/2113/2234
f 2244/2114/2235 2035/2113/2234 2247/2115/2236
f 2245/2116/2237 2243/2111/2232 2242/2112/2233
f 2245/2116/2237 2242/2112/2233 2244/2114/2235
f 2250/2117/2238 2245/2116/2237 2244/2114/2235
f 2250/2117/2238 2244/2114/2235 2248/2118/2239
f 2248/2118/2239 2244/2114/2235 2247/2115/2236
f 2248/2118/2239 2247/2115/2236 2020/2119/2240
f 2251/2120/2241 2250/2117/2238 2248/2118/2239
f 2251/2120/2241 2248/2118/2239 2249/2121/2242
f 2249/2121/2242 2248/2118/2239 2020/2119/2240
f 2249/2121/2242 2020/2119/2240 2017/2122/2243
f 2250/2117/2238 2252/2123/2244 2253/2124/2245
f 2250/2117/2238 2253/2124/2245 2245/2116/2237
f 2251/2120/2241 2252/2123/2244 2250/2117/2238
f 2251/2120/2241 2154/2010/2131 2157/2013/2134
f 2251/2120/2241 2157/2013/2134 2252/2123/2244
f 2252/2123/2244 2157/2013/2134 2160/2015/2136
f 2252/2123/2244 2160/2015/2136 2253/2124/2245
f 2253/2124/2245 2160/2015/2136 2162/2019/2140
f 2253/2124/2245 2162/2019/2140 2254/2125/2246
f 2245/2116/2237 2253/2124/2245 2254/2125/2246
f 2245/2116/2237 2254/2125/2246 2243/2111/2232
f 2254/2125/2246 2162/2019/2140 2230/2021/2142
f 2254/2125/2246 2230/2021/2142 2232/2098/2219
f 2243/2111/2232 2254/2125/2246 2232/2098/2219
f 2243/2111/2232 2232/2098/2219 2236/2101/2222
f 1999/1868/1989 2153/2011/2132 2154/2010/2131
f 1999/1868/1989 2154/2010/2131 2251/2120/2241
f 1999/1868/1989 2251/2120/2241 2249/2121/2242
f 1999/1868/1989 2249/2121/2242 2002/1869/1990
f 2002/1869/1990 2249/2121/2242 2017/2122/2243
f 2140/1884/2005 2025/1896/2017 2255/2126/2247
f 2140/1884/2005 2255/2126/2247 2257/2127/2248
f 2140/1884/2005 2257/2127/2248 2138/1995/2116
f 2025/1896/2017 2027/1897/2018 2256/2128/2249
f 2025/1896/2017 2256/2128/2249 2255/2126/2247
f 2255/2126/2247 2256/2128/2249 2257/2127/2248
f 2138/1995/2116 2257/2127/2248 2258/2129/2250
f 2257/2127/2248 2259/2130/2251 2258/2129/2250
f 2138/1995/2116 2258/2129/2250 2128/1987/2108
f 2259/2130/2251 2260/2131/2252 2261/1934/2055
f 2257/2127/2248 2262/2132/2253 2260/2131/2252
f 2257/2127/2248 2260/2131/2252 2259/2130/2251
f 2262/2132/2253 2062/1929/2050 2064/1931/2052
f 2262/2132/2253 2064/1931/2052 2260/2131/2252
f 2260/2131/2252 2064/1931/2052 2261/1934/2055
f 2256/2128/2249 2263/2133/2254 2262/2132/2253
f 2256/2128/2249 2262/2132/2253 2257/2127/2248
f 2263/2133/2254 2060/1928/2049 2062/1929/2050
f 2263/2133/2254 2062/1929/2050 2262/2132/2253
f 2027/1897/2018 2030/1899/2020 2263/2133/2254
f 2027/1897/2018 2263/2133/2254 2256/2128/2249
f 2030/1899/2020 2270/1903/2024 2060/1928/2049
f 2030/1899/2020 2060/1928/2049 2263/2133/2254
f 2261/1934/2055 2077/1943/2064 2264/2134/2255
f 2259/2130/2251 2261/1934/2055 2264/2134/2255
f 2259/2130/2251 2264/2134/2255 2266/2135/2256
f 2264/2134/2255 2077/1943/2064 2078/1944/2065
f 2264/2134/2255 2078/1944/2065 2265/2136/2257
f 2266/2135/2256 2264/2134/2255 2265/2136/2257
f 2266/2135/2256 2265/2136/2257 2267/2137/2258
f 2258/2129/2250 2259/2130/2251 2266/2135/2256
f 2128/1987/2108 2258/2129/2250 2266/2135/2256
f 2128/1987/2108 2266/2135/2256 2127/1985/2106
f 2127/1985/2106 2266/2135/2256 2267/2137/2258
f 2127/1985/2106 2267/2137/2258 2126/1983/2104
f 2126/1983/2104 2267/2137/2258 2268/2138/2259
f 2126/1983/2104 2268/2138/2259 2125/1984/2105
f 2125/1984/2105 2268/2138/2259 2104/1965/2086
f 2125/1984/2105 2104/1965/2086 2114/1967/2088
f 2268/2138/2259 2102/1964/2085 2104/1965/2086
f 2268/2138/2259 2269/2139/2260 2102/1964/2085
f 2267/2137/2258 2265/2136/2257 2269/2139/2260
f 2267/2137/2258 2269/2139/2260 2268/2138/2259
f 2265/2136/2257 2078/1944/2065 2079/1946/2067
f 2265/2136/2257 2079/1946/2067 2269/2139/2260
f 2269/2139/2260 2079/1946/2067 2080/1947/2068
f 2269/2139/2260 2080/1947/2068 2102/1964/2085
f 2273/2140/2261 2271/2141/2262 2274/2142/2263
f 2273/2140/2261 2274/2142/2263 2277/2143/2264
f 2277/2143/2264 2274/2142/2263 2276/2144/2265
f 2274/2142/2263 2293/2145/2266 2276/2144/2265
f 2470/2146/2267 2273/2140/2261 2277/2143/2264
f 2470/2146/2267 2277/2143/2264 2278/2147/2268
f 2278/2147/2268 2277/2143/2264 2281/2148/2269
f 2280/2148/2270 2279/2149/2271 2282/2150/2272
f 2279/2149/2271 2275/2144/2273 2283/2151/2274
f 2279/2149/2271 2283/2151/2274 2282/2150/2272
f 2282/2150/2272 2284/2152/2275 2288/2153/2276
f 2282/2150/2272 2283/2151/2274 2285/2154/2277
f 2282/2150/2272 2285/2154/2277 2284/2152/2275
f 2286/2155/2278 2291/2156/2279 2289/2157/2280
f 2286/2155/2278 2289/2157/2280 2284/2152/2281
f 2284/2152/2281 2289/2157/2280 2287/2158/2282
f 2291/2156/2279 2290/2159/2283 2289/2157/2280
f 2289/2157/2280 2290/2159/2283 2443/2160/2284
f 2283/2151/2274 2294/2161/2285 2290/2159/2283
f 2283/2151/2274 2290/2159/2283 2291/2156/2279
f 2283/2151/2274 2291/2156/2279 2285/2154/2277
f 2275/2144/2273 2292/2145/2286 2283/2151/2274
f 2292/2145/2286 2295/2162/2287 2294/2161/2285
f 2292/2145/2286 2294/2161/2285 2283/2151/2274
f 2295/2162/2287 2298/2163/2288 2297/2164/2289
f 2295/2162/2287 2297/2164/2289 2294/2161/2285
f 2294/2161/2285 2297/2164/2289 2301/2165/2290
f 2294/2161/2285 2301/2165/2290 2290/2159/2283
f 2298/2163/2288 2601/2166/2291 2300/2167/2292
f 2298/2163/2288 2300/2167/2292 2297/2164/2289
f 2297/2164/2289 2300/2167/2292 2301/2165/2290
f 2290/2159/2283 2301/2165/2290 2302/2168/2293
f 2290/2159/2283 2302/2168/2293 2443/2160/2284
f 2301/2165/2290 2300/2167/2292 2303/2169/2294
f 2301/2165/2290 2303/2169/2294 2302/2168/2293
f 2300/2167/2292 2304/2170/2295 2306/2171/2296
f 2300/2167/2292 2306/2171/2296 2303/2169/2294
f 2304/2170/2295 2307/2172/2297 2305/2173/2298
f 2304/2170/2295 2305/2173/2298 2306/2171/2296
f 2601/2166/2291 2308/2174/2299 2304/2170/2295
f 2601/2166/2291 2304/2170/2295 2300/2167/2292
f 2308/2174/2299 2310/2175/2300 2307/2172/2297
f 2308/2174/2299 2307/2172/2297 2304/2170/2295
f 2310/2175/2300 2313/2176/2301 2312/2177/2302
f 2310/2175/2300 2312/2177/2302 2307/2172/2297
f 2307/2172/2297 2312/2177/2302 2316/2178/2303
f 2313/2176/2301 2593/2179/2304 2315/2180/2305
f 2313/2176/2301 2315/2180/2305 2312/2177/2302
f 2312/2177/2302 2315/2180/2305 2317/2181/2306
f 2312/2177/2302 2317/2181/2306 2316/2178/2303
f 2316/2178/2303 2318/2182/2307 2320/2183/2308
f 2307/2172/2297 2316/2178/2303 2305/2173/2298
f 2305/2173/2298 2316/2178/2303 2319/2184/2309
f 2316/2178/2303 2320/2183/2308 2321/2185/2310
f 2316/2178/2303 2321/2185/2310 2319/2184/2309
f 2315/2180/2305 2321/2185/2310 2320/2183/2308
f 2315/2180/2305 2320/2183/2308 2317/2181/2306
f 2593/2179/2304 2322/2186/2311 2315/2180/2305
f 2322/2186/2311 2324/2187/2312 2321/2185/2310
f 2322/2186/2311 2321/2185/2310 2315/2180/2305
f 2324/2187/2312 2327/2188/2313 2326/2189/2314
f 2324/2187/2312 2326/2189/2314 2321/2185/2310
f 2321/2185/2310 2326/2189/2314 2331/2190/2315
f 2327/2188/2313 2580/2191/2316 2330/2192/2317
f 2327/2188/2313 2330/2192/2317 2326/2189/2314
f 2326/2189/2314 2330/2192/2317 2333/2193/2318
f 2326/2189/2314 2333/2193/2318 2331/2190/2315
f 2331/2190/2315 2333/2193/2318 2336/2194/2319
f 2319/2184/2309 2321/2185/2310 2331/2190/2315
f 2305/2173/2298 2319/2184/2309 2331/2190/2315
f 2305/2173/2298 2331/2190/2315 2334/2195/2320
f 2334/2195/2320 2331/2190/2315 2336/2194/2319
f 2334/2195/2320 2336/2194/2319 2338/2196/2321
f 2337/2197/2322 2335/2198/2323 2339/2199/2324
f 2337/2197/2322 2339/2199/2324 2340/2200/2325
f 2335/2198/2323 2332/2201/2326 2339/2199/2324
f 2340/2200/2325 2339/2199/2324 2341/2202/2327
f 2340/2200/2325 2341/2202/2327 2624/2203/2328
f 2339/2199/2324 2342/2204/2329 2341/2202/2327
f 2343/2205/2330 2342/2204/2329 2339/2199/2324
f 2329/2206/2331 2343/2205/2330 2339/2199/2324
f 2329/2206/2331 2339/2199/2324 2332/2201/2326
f 2579/2201/2332 2344/2207/2333 2343/2205/2330
f 2579/2201/2332 2343/2205/2330 2329/2206/2331
f 2344/2207/2333 2346/2208/2334 2342/2204/2329
f 2344/2207/2333 2342/2204/2329 2343/2205/2330
f 2346/2208/2334 2349/2209/2335 2348/2210/2336
f 2346/2208/2334 2348/2210/2336 2342/2204/2329
f 2349/2209/2335 2572/2211/2337 2351/2212/2338
f 2349/2209/2335 2351/2212/2338 2348/2210/2336
f 2348/2210/2336 2351/2212/2338 2352/2213/2339
f 2353/2214/2340 2348/2210/2336 2352/2213/2339
f 2353/2214/2340 2352/2213/2339 2355/2215/2341
f 2341/2202/2327 2342/2204/2329 2348/2210/2336
f 2341/2202/2327 2348/2210/2336 2353/2214/2340
f 2624/2203/2328 2341/2202/2327 2353/2214/2340
f 2624/2203/2328 2353/2214/2340 2354/2216/2342
f 2354/2216/2342 2353/2214/2340 2355/2215/2341
f 2354/2216/2342 2355/2215/2341 2356/2217/2343
f 2356/2217/2343 2355/2215/2341 2357/2218/2344
f 2356/2217/2343 2357/2218/2344 2358/2219/2345
f 2355/2215/2341 2352/2213/2339 2360/2220/2346
f 2355/2215/2341 2360/2220/2346 2357/2218/2344
f 2358/2219/2345 2357/2218/2344 2359/2221/2347
f 2358/2219/2345 2359/2221/2347 2633/2222/2348
f 2357/2218/2344 2360/2220/2346 2361/2223/2349
f 2357/2218/2344 2361/2223/2349 2359/2221/2347
f 2362/2224/2350 2365/2225/2351 2361/2223/2349
f 2362/2224/2350 2361/2223/2349 2360/2220/2346
f 2351/2212/2338 2362/2224/2350 2360/2220/2346
f 2351/2212/2338 2360/2220/2346 2352/2213/2339
f 2572/2211/2337 2363/2226/2352 2362/2224/2350
f 2572/2211/2337 2362/2224/2350 2351/2212/2338
f 2363/2226/2352 2366/2227/2353 2365/2225/2351
f 2363/2226/2352 2365/2225/2351 2362/2224/2350
f 2366/2227/2353 2369/2228/2354 2368/2229/2355
f 2366/2227/2353 2368/2229/2355 2365/2225/2351
f 2365/2225/2351 2368/2229/2355 2372/2230/2356
f 2365/2225/2351 2372/2230/2356 2361/2223/2349
f 2369/2228/2354 2371/2231/2357 2368/2229/2355
f 2368/2229/2355 2371/2231/2357 2373/2232/2358
f 2368/2229/2355 2373/2232/2358 2372/2230/2356
f 2375/2233/2359 2372/2230/2356 2374/2234/2360
f 2375/2233/2359 2374/2234/2360 2378/2235/2361
f 2359/2221/2347 2361/2223/2349 2372/2230/2356
f 2359/2221/2347 2372/2230/2356 2375/2233/2359
f 2633/2222/2348 2359/2221/2347 2375/2233/2359
f 2633/2222/2348 2375/2233/2359 2376/2236/2362
f 2376/2236/2362 2375/2233/2359 2378/2235/2361
f 2376/2236/2362 2378/2235/2361 2379/2237/2363
f 2380/2238/2364 2382/2239/2365 2379/2237/2363
f 2380/2238/2364 2379/2237/2363 2377/2240/2366
f 2371/2231/2357 2380/2238/2364 2377/2240/2366
f 2371/2231/2357 2377/2240/2366 2373/2232/2358
f 2382/2239/2365 2385/2241/2367 2384/2242/2368
f 2382/2239/2365 2384/2242/2368 2388/2243/2369
f 2382/2239/2365 2388/2243/2369 2379/2237/2363
f 2385/2241/2367 2525/2244/2370 2387/2245/2371
f 2385/2241/2367 2387/2245/2371 2384/2242/2368
f 2384/2242/2368 2387/2245/2371 2388/2243/2369
f 2391/2246/2372 2389/2247/2373 2388/2243/2369
f 2391/2246/2372 2388/2243/2369 2387/2245/2371
f 2389/2247/2373 2376/2236/2362 2379/2237/2363
f 2389/2247/2373 2379/2237/2363 2388/2243/2369
f 2392/2248/2374 2390/2249/2375 2389/2247/2373
f 2392/2248/2374 2389/2247/2373 2391/2246/2372
f 2390/2249/2375 2633/2222/2348 2376/2236/2362
f 2390/2249/2375 2376/2236/2362 2389/2247/2373
f 2393/2250/2376 2391/2246/2372 2387/2245/2371
f 2393/2250/2376 2387/2245/2371 2396/2251/2377
f 2394/2252/2378 2392/2248/2374 2391/2246/2372
f 2394/2252/2378 2391/2246/2372 2393/2250/2376
f 2395/2253/2379 2394/2252/2378 2393/2250/2376
f 2395/2253/2379 2393/2250/2376 2396/2251/2377
f 2395/2253/2379 2396/2251/2377 2397/2254/2380
f 2396/2251/2377 2400/2255/2381 2397/2254/2380
f 2525/2244/2370 2398/2256/2382 2396/2251/2377
f 2525/2244/2370 2396/2251/2377 2387/2245/2371
f 2398/2256/2382 2401/2257/2383 2400/2255/2381
f 2398/2256/2382 2400/2255/2381 2396/2251/2377
f 2401/2257/2383 2404/2258/2384 2403/2259/2385
f 2401/2257/2383 2403/2259/2385 2400/2255/2381
f 2400/2255/2381 2403/2259/2385 2407/2260/2386
f 2400/2255/2381 2407/2260/2386 2397/2254/2380
f 2404/2258/2384 2541/2261/2387 2403/2259/2385
f 2403/2259/2385 2408/2262/2388 2407/2260/2386
f 2410/2263/2389 2406/2264/2390 2409/2265/2391
f 2406/2264/2390 2395/2253/2379 2397/2254/2380
f 2403/2259/2385 2411/2266/2392 2410/2263/2389
f 2403/2259/2385 2410/2263/2389 2408/2262/2388
f 2541/2261/2387 2412/2267/2393 2411/2266/2392
f 2541/2261/2387 2411/2266/2392 2403/2259/2385
f 2412/2267/2393 2414/2268/2394 2411/2266/2392
f 2414/2268/2394 2417/2269/2395 2416/2270/2396
f 2414/2268/2394 2416/2270/2396 2411/2266/2392
f 2411/2266/2392 2416/2270/2396 2419/2271/2397
f 2411/2266/2392 2419/2271/2397 2410/2263/2389
f 2417/2269/2395 2545/2272/2398 2416/2270/2396
f 2419/2271/2397 2406/2264/2390 2410/2263/2389
f 2421/2273/2399 2420/2274/2400 2419/2271/2397
f 2419/2271/2397 2420/2274/2400 2395/2253/2379
f 2419/2271/2397 2395/2253/2379 2406/2264/2390
f 2424/2275/2401 2422/2276/2402 2421/2273/2399
f 2424/2275/2401 2421/2273/2399 2419/2271/2397
f 2424/2275/2401 2423/2277/2403 2422/2276/2402
f 2423/2277/2403 2632/2278/2404 2422/2276/2402
f 2416/2270/2396 2428/2279/2405 2425/2280/2406
f 2416/2270/2396 2425/2280/2406 2424/2275/2401
f 2416/2270/2396 2424/2275/2401 2419/2271/2397
f 2545/2272/2398 2426/2281/2407 2416/2270/2396
f 2426/2281/2407 2428/2279/2405 2416/2270/2396
f 2428/2279/2405 2430/2282/2408 2434/2283/2409
f 2428/2279/2405 2434/2283/2409 2425/2280/2406
f 2430/2282/2408 2450/2284/2410 2432/2285/2411
f 2430/2282/2408 2432/2285/2411 2435/2284/2412
f 2430/2282/2408 2435/2284/2412 2434/2283/2409
f 2435/2284/2412 2439/2286/2413 2437/2287/2414
f 2435/2284/2412 2437/2287/2414 2434/2283/2409
f 2434/2283/2409 2437/2287/2414 2423/2277/2403
f 2434/2283/2409 2423/2277/2403 2424/2275/2401
f 2439/2286/2413 2441/2288/2415 2438/2289/2416
f 2439/2286/2413 2438/2289/2416 2437/2287/2414
f 2437/2287/2414 2438/2289/2416 2632/2278/2404
f 2437/2287/2414 2632/2278/2404 2423/2277/2403
f 2445/2290/2417 2289/2157/2280 2440/2291/2418
f 2445/2290/2417 2440/2291/2418 2436/2292/2419
f 2289/2157/2280 2443/2160/2284 2442/2293/2420
f 2289/2157/2280 2442/2293/2420 2440/2291/2418
f 2287/2158/2282 2289/2157/2280 2445/2290/2417
f 2446/2294/2421 2282/2150/2272 2288/2153/2276
f 2446/2294/2421 2288/2153/2276 2444/2295/2422
f 2433/2296/2423 2446/2294/2421 2444/2295/2422
f 2433/2296/2423 2444/2295/2422 2436/2292/2419
f 2451/2292/2424 2447/2297/2425 2446/2294/2421
f 2451/2292/2424 2446/2294/2421 2433/2296/2423
f 2447/2297/2425 2280/2148/2270 2282/2150/2272
f 2447/2297/2425 2282/2150/2272 2446/2294/2421
f 2453/2292/2426 2449/2298/2427 2448/2297/2428
f 2449/2298/2427 2278/2147/2268 2281/2148/2269
f 2449/2298/2427 2281/2148/2269 2448/2297/2428
f 2457/2299/2429 2454/2300/2430 2452/2284/2431
f 2457/2299/2429 2452/2284/2431 2431/2301/2432
f 2455/2302/2433 2468/2303/2434 2449/2298/2427
f 2455/2302/2433 2449/2298/2427 2453/2292/2426
f 2460/2304/2435 2457/2299/2429 2431/2301/2432
f 2460/2304/2435 2431/2301/2432 2456/2305/2436
f 2456/2305/2436 2431/2301/2432 2429/2306/2437
f 2454/2300/2438 2458/2307/2439 2461/2308/2440
f 2454/2300/2438 2461/2308/2440 2462/2309/2441
f 2458/2307/2439 2459/2310/2442 2461/2308/2440
f 2461/2308/2440 2459/2310/2442 2493/2311/2443
f 2462/2309/2441 2461/2308/2440 2464/2288/2444
f 2469/2312/2445 2455/2302/2446 2463/2313/2447
f 2469/2312/2445 2463/2313/2447 2466/2314/2448
f 2466/2314/2448 2463/2313/2447 2465/2293/2449
f 2467/2315/2450 2469/2312/2445 2466/2314/2448
f 2467/2315/2450 2466/2314/2448 2471/2316/2451
f 2468/2303/2434 2470/2146/2267 2278/2147/2268
f 2468/2303/2434 2278/2147/2268 2449/2298/2427
f 2471/2316/2451 2466/2314/2448 2472/2317/2452
f 2471/2316/2451 2472/2317/2452 2473/2318/2453
f 2466/2314/2448 2465/2293/2449 2475/2319/2454
f 2466/2314/2448 2475/2319/2454 2472/2317/2452
f 2473/2318/2453 2472/2317/2452 2476/2320/2455
f 2473/2318/2453 2476/2320/2455 2479/2321/2456
f 2472/2317/2452 2475/2319/2454 2478/2322/2457
f 2472/2317/2452 2478/2322/2457 2476/2320/2455
f 2476/2320/2455 2478/2322/2457 2484/2323/2458
f 2476/2320/2455 2484/2323/2458 2480/2324/2459
f 2479/2321/2456 2476/2320/2455 2480/2324/2459
f 2479/2321/2456 2480/2324/2459 2481/2325/2460
f 2481/2325/2460 2480/2324/2459 2482/2326/2461
f 2481/2325/2460 2482/2326/2461 2585/2327/2462
f 2480/2324/2459 2484/2323/2458 2486/2196/2463
f 2480/2324/2459 2486/2196/2463 2482/2326/2461
f 2477/2328/2464 2490/2329/2465 2487/2330/2466
f 2477/2328/2464 2487/2330/2466 2483/2331/2467
f 2483/2331/2467 2487/2330/2466 2489/2332/2468
f 2483/2331/2467 2489/2332/2468 2485/2333/2469
f 2490/2329/2465 2491/2334/2470 2488/2335/2471
f 2490/2329/2465 2488/2335/2471 2487/2330/2466
f 2487/2330/2466 2488/2335/2471 2610/2336/2472
f 2487/2330/2466 2610/2336/2472 2489/2332/2468
f 2492/2337/2473 2493/2311/2443 2491/2334/2470
f 2492/2337/2473 2491/2334/2470 2490/2329/2465
f 2474/2338/2474 2492/2337/2473 2490/2329/2465
f 2474/2338/2474 2490/2329/2465 2477/2328/2464
f 2464/2288/2444 2461/2308/2440 2492/2337/2473
f 2464/2288/2444 2492/2337/2473 2474/2338/2474
f 2461/2308/2440 2493/2311/2443 2492/2337/2473
f 2493/2311/2443 2494/2339/2475 2496/2340/2476
f 2493/2311/2443 2496/2340/2476 2491/2334/2470
f 2494/2339/2475 2549/2341/2477 2495/2342/2478
f 2494/2339/2475 2495/2342/2478 2497/2343/2479
f 2494/2339/2475 2497/2343/2479 2496/2340/2476
f 2496/2340/2476 2497/2343/2479 2500/2344/2480
f 2496/2340/2476 2500/2344/2480 2498/2345/2481
f 2491/2334/2470 2496/2340/2476 2498/2345/2481
f 2491/2334/2470 2498/2345/2481 2488/2335/2471
f 2488/2335/2471 2498/2345/2481 2499/2346/2482
f 2488/2335/2471 2499/2346/2482 2610/2336/2472
f 2498/2345/2481 2500/2344/2480 2501/2347/2483
f 2498/2345/2481 2501/2347/2483 2499/2346/2482
f 2497/2343/2479 2505/2348/2484 2502/2349/2485
f 2497/2343/2479 2502/2349/2485 2500/2344/2480
f 2500/2344/2480 2502/2349/2485 2504/2350/2486
f 2500/2344/2480 2504/2350/2486 2501/2347/2483
f 2505/2348/2484 2506/2351/2487 2503/2352/2488
f 2505/2348/2484 2503/2352/2488 2502/2349/2485
f 2502/2349/2485 2503/2352/2488 2560/2353/2489
f 2502/2349/2485 2560/2353/2489 2504/2350/2486
f 2507/2354/2490 2509/2355/2491 2506/2351/2487
f 2507/2354/2490 2506/2351/2487 2505/2348/2484
f 2495/2342/2478 2507/2354/2490 2505/2348/2484
f 2495/2342/2478 2505/2348/2484 2497/2343/2479
f 2549/2341/2477 2508/2356/2492 2507/2354/2490
f 2549/2341/2477 2507/2354/2490 2495/2342/2478
f 2508/2356/2492 2510/2357/2493 2509/2355/2491
f 2508/2356/2492 2509/2355/2491 2507/2354/2490
f 2510/2357/2493 2511/2358/2494 2509/2355/2491
f 2509/2355/2491 2511/2358/2494 2514/2359/2495
f 2509/2355/2491 2514/2359/2495 2506/2351/2487
f 2510/2357/2493 2530/2360/2496 2512/2361/2497
f 2510/2357/2493 2512/2361/2497 2511/2358/2494
f 2511/2358/2494 2512/2361/2497 2515/2362/2498
f 2511/2358/2494 2515/2362/2498 2514/2359/2495
f 2514/2359/2495 2515/2362/2498 2519/2363/2499
f 2514/2359/2495 2519/2363/2499 2517/2364/2500
f 2506/2351/2487 2514/2359/2495 2517/2364/2500
f 2506/2351/2487 2517/2364/2500 2503/2352/2488
f 2503/2352/2488 2517/2364/2500 2518/2365/2501
f 2503/2352/2488 2518/2365/2501 2560/2353/2489
f 2517/2364/2500 2519/2363/2499 2520/2366/2502
f 2517/2364/2500 2520/2366/2502 2518/2365/2501
f 2519/2363/2499 2516/2367/2503 2524/2368/2504
f 2519/2363/2499 2524/2368/2504 2522/2369/2505
f 2521/2370/2502 2519/2363/2499 2522/2369/2505
f 2521/2370/2502 2522/2369/2505 2523/2371/2506
f 2523/2371/2506 2522/2369/2505 2386/2241/2507
f 2523/2371/2506 2386/2241/2507 2383/2372/2508
f 2522/2369/2505 2524/2368/2504 2526/2244/2509
f 2522/2369/2505 2526/2244/2509 2386/2241/2507
f 2516/2367/2503 2513/2373/2510 2527/2374/2511
f 2516/2367/2503 2527/2374/2511 2524/2368/2504
f 2524/2368/2504 2527/2374/2511 2399/2256/2512
f 2524/2368/2504 2399/2256/2512 2526/2244/2509
f 2513/2373/2510 2531/2375/2513 2528/2376/2514
f 2513/2373/2510 2528/2376/2514 2527/2374/2511
f 2527/2374/2511 2528/2376/2514 2402/2257/2515
f 2527/2374/2511 2402/2257/2515 2399/2256/2512
f 2531/2375/2513 2532/2377/2516 2529/2378/2517
f 2531/2375/2513 2529/2378/2517 2528/2376/2514
f 2528/2376/2514 2529/2378/2517 2405/2258/2518
f 2528/2376/2514 2405/2258/2518 2402/2257/2515
f 2535/2379/2519 2533/2380/2520 2530/2360/2496
f 2535/2379/2519 2530/2360/2496 2510/2357/2493
f 2532/2377/2516 2534/2381/2521 2540/2382/2522
f 2532/2377/2516 2540/2382/2522 2529/2378/2517
f 2536/2383/2523 2534/2381/2524 2533/2380/2520
f 2536/2383/2523 2533/2380/2520 2535/2379/2519
f 2538/2384/2525 2536/2383/2523 2535/2379/2519
f 2537/2385/2526 2538/2384/2527 2539/2386/2528
f 2534/2381/2521 2537/2385/2526 2539/2386/2528
f 2534/2381/2521 2539/2386/2528 2540/2382/2522
f 2539/2386/2528 2415/2268/2529 2413/2267/2530
f 2540/2382/2522 2539/2386/2528 2413/2267/2530
f 2529/2378/2517 2540/2382/2522 2405/2258/2518
f 2538/2384/2527 2542/2387/2531 2539/2386/2528
f 2539/2386/2528 2542/2387/2531 2418/2269/2532
f 2539/2386/2528 2418/2269/2532 2415/2268/2529
f 2542/2387/2531 2546/2272/2533 2418/2269/2532
f 2538/2384/2527 2543/2388/2534 2542/2387/2531
f 2543/2388/2534 2548/2389/2535 2456/2305/2436
f 2543/2388/2534 2456/2305/2436 2542/2387/2531
f 2542/2387/2531 2456/2305/2436 2427/2281/2536
f 2542/2387/2531 2427/2281/2536 2546/2272/2533
f 2548/2389/2535 2460/2304/2435 2456/2305/2436
f 2456/2305/2436 2429/2306/2437 2427/2281/2536
f 2459/2310/2442 2547/2390/2537 2494/2339/2475
f 2547/2390/2537 2544/2391/2538 2549/2341/2477
f 2547/2390/2537 2549/2341/2477 2494/2339/2475
f 2459/2310/2442 2494/2339/2475 2493/2311/2443
f 2544/2391/2538 2538/2384/2525 2508/2356/2492
f 2544/2391/2538 2508/2356/2492 2549/2341/2477
f 2538/2384/2525 2535/2379/2519 2508/2356/2492
f 2508/2356/2492 2535/2379/2519 2510/2357/2493
f 2551/2392/2539 2521/2370/2502 2523/2371/2506
f 2551/2392/2539 2523/2371/2506 2381/2393/2540
f 2381/2393/2540 2523/2371/2506 2383/2372/2508
f 2553/2394/2541 2551/2392/2539 2381/2393/2540
f 2553/2394/2541 2381/2393/2540 2552/2395/2542
f 2556/2396/2543 2553/2394/2541 2552/2395/2542
f 2556/2396/2543 2552/2395/2542 2554/2397/2544
f 2554/2397/2544 2552/2395/2542 2370/2228/2545
f 2557/2398/2546 2556/2396/2543 2554/2397/2544
f 2557/2398/2546 2554/2397/2544 2555/2399/2547
f 2555/2399/2547 2554/2397/2544 2370/2228/2545
f 2555/2399/2547 2370/2228/2545 2367/2227/2548
f 2558/2400/2549 2550/2401/2550 2553/2394/2541
f 2558/2400/2549 2553/2394/2541 2556/2396/2543
f 2559/2402/2551 2558/2400/2549 2556/2396/2543
f 2559/2402/2551 2556/2396/2543 2557/2398/2546
f 2518/2365/2501 2520/2366/2502 2550/2401/2550
f 2518/2365/2501 2550/2401/2550 2558/2400/2549
f 2560/2353/2489 2518/2365/2501 2558/2400/2549
f 2560/2353/2489 2558/2400/2549 2559/2402/2551
f 2504/2350/2486 2560/2353/2489 2559/2402/2551
f 2504/2350/2486 2559/2402/2551 2561/2403/2552
f 2561/2403/2552 2559/2402/2551 2557/2398/2546
f 2561/2403/2552 2557/2398/2546 2562/2404/2553
f 2501/2347/2483 2504/2350/2486 2561/2403/2552
f 2501/2347/2483 2561/2403/2552 2563/2405/2554
f 2563/2405/2554 2561/2403/2552 2562/2404/2553
f 2563/2405/2554 2562/2404/2553 2564/2406/2555
f 2499/2346/2482 2501/2347/2483 2563/2405/2554
f 2499/2346/2482 2563/2405/2554 2565/2407/2556
f 2565/2407/2556 2563/2405/2554 2564/2406/2555
f 2565/2407/2556 2564/2406/2555 2567/2408/2557
f 2610/2336/2472 2499/2346/2482 2565/2407/2556
f 2610/2336/2472 2565/2407/2556 2566/2409/2558
f 2566/2409/2558 2565/2407/2556 2567/2408/2557
f 2566/2409/2558 2567/2408/2557 2568/2410/2559
f 2567/2408/2557 2564/2406/2555 2571/2411/2560
f 2567/2408/2557 2571/2411/2560 2569/2412/2561
f 2568/2410/2559 2567/2408/2557 2569/2412/2561
f 2568/2410/2559 2569/2412/2561 2570/2413/2562
f 2570/2413/2562 2569/2412/2561 2350/2209/2563
f 2570/2413/2562 2350/2209/2563 2347/2208/2564
f 2569/2412/2561 2571/2411/2560 2573/2211/2565
f 2569/2412/2561 2573/2211/2565 2350/2209/2563
f 2564/2406/2555 2562/2404/2553 2574/2414/2566
f 2564/2406/2555 2574/2414/2566 2571/2411/2560
f 2571/2411/2560 2574/2414/2566 2364/2226/2567
f 2571/2411/2560 2364/2226/2567 2573/2211/2565
f 2562/2404/2553 2557/2398/2546 2555/2399/2547
f 2562/2404/2553 2555/2399/2547 2574/2414/2566
f 2574/2414/2566 2555/2399/2547 2367/2227/2548
f 2574/2414/2566 2367/2227/2548 2364/2226/2567
f 2575/2415/2568 2568/2410/2559 2570/2413/2562
f 2575/2415/2568 2570/2413/2562 2347/2208/2564
f 2575/2415/2568 2347/2208/2564 2345/2207/2569
f 2576/2201/2570 2575/2415/2568 2345/2207/2569
f 2576/2201/2570 2345/2207/2569 2581/2201/2571
f 2583/2416/2572 2578/2417/2573 2577/2191/2574
f 2583/2416/2572 2577/2191/2574 2582/2191/2575
f 2583/2416/2572 2582/2191/2575 2328/2188/2576
f 2584/2418/2577 2583/2416/2572 2328/2188/2576
f 2584/2418/2577 2328/2188/2576 2325/2187/2578
f 2482/2326/2461 2587/2419/2579 2578/2417/2573
f 2482/2326/2461 2578/2417/2573 2583/2416/2572
f 2585/2327/2462 2482/2326/2461 2583/2416/2572
f 2585/2327/2462 2583/2416/2572 2584/2418/2577
f 2482/2326/2461 2486/2196/2463 2587/2419/2579
f 2485/2333/2469 2489/2332/2468 2586/2420/2580
f 2586/2420/2580 2489/2332/2468 2575/2415/2568
f 2586/2420/2580 2575/2415/2568 2576/2201/2570
f 2489/2332/2468 2610/2336/2472 2566/2409/2558
f 2489/2332/2468 2566/2409/2558 2568/2410/2559
f 2489/2332/2468 2568/2410/2559 2575/2415/2568
f 2589/2421/2581 2585/2327/2462 2588/2422/2582
f 2588/2422/2582 2585/2327/2462 2584/2418/2577
f 2591/2423/2583 2589/2421/2581 2588/2422/2582
f 2591/2423/2583 2588/2422/2582 2590/2424/2584
f 2592/2425/2585 2590/2424/2584 2314/2426/2586
f 2592/2425/2585 2314/2426/2586 2311/2427/2587
f 2314/2426/2586 2590/2424/2584 2594/2179/2588
f 2590/2424/2584 2588/2422/2582 2323/2428/2589
f 2590/2424/2584 2323/2428/2589 2594/2179/2588
f 2588/2422/2582 2584/2418/2577 2323/2428/2589
f 2323/2428/2589 2584/2418/2577 2325/2187/2578
f 2597/2429/2590 2592/2425/2585 2311/2427/2587
f 2597/2429/2590 2311/2427/2587 2595/2430/2591
f 2595/2430/2591 2311/2427/2587 2309/2174/2592
f 2598/2431/2593 2595/2430/2591 2309/2174/2592
f 2598/2431/2593 2309/2174/2592 2602/2166/2594
f 2599/2432/2595 2597/2429/2590 2595/2430/2591
f 2599/2432/2595 2595/2430/2591 2598/2431/2593
f 2606/2433/2596 2599/2432/2595 2598/2431/2593
f 2606/2433/2596 2598/2431/2593 2603/2434/2597
f 2603/2434/2597 2598/2431/2593 2602/2166/2594
f 2603/2434/2597 2602/2166/2594 2299/2163/2598
f 2607/2435/2599 2606/2433/2596 2603/2434/2597
f 2607/2435/2599 2603/2434/2597 2604/2436/2600
f 2604/2436/2600 2603/2434/2597 2299/2163/2598
f 2604/2436/2600 2299/2163/2598 2296/2162/2601
f 2605/2437/2602 2473/2318/2453 2608/2438/2603
f 2605/2437/2602 2608/2438/2603 2600/2439/2604
f 2605/2437/2602 2471/2316/2451 2473/2318/2453
f 2473/2318/2453 2479/2321/2456 2608/2438/2603
f 2608/2438/2603 2479/2321/2456 2481/2325/2460
f 2608/2438/2603 2481/2325/2460 2609/2440/2605
f 2600/2439/2604 2608/2438/2603 2609/2440/2605
f 2600/2439/2604 2609/2440/2605 2596/2441/2606
f 2609/2440/2605 2481/2325/2460 2585/2327/2462
f 2609/2440/2605 2585/2327/2462 2589/2421/2581
f 2596/2441/2606 2609/2440/2605 2589/2421/2581
f 2596/2441/2606 2589/2421/2581 2591/2423/2583
f 2271/2141/2607 2272/2442/2608 2471/2316/2451
f 2271/2141/2607 2471/2316/2451 2605/2437/2602
f 2272/2442/2608 2467/2315/2450 2471/2316/2451
f 2271/2141/2262 2607/2435/2599 2604/2436/2600
f 2271/2141/2262 2604/2436/2600 2274/2142/2263
f 2274/2142/2263 2604/2436/2600 2296/2162/2601
f 2274/2142/2263 2296/2162/2601 2293/2145/2266
f 2443/2160/2284 2302/2168/2293 2612/2319/2609
f 2443/2160/2284 2612/2319/2609 2442/2293/2420
f 2302/2168/2293 2303/2169/2294 2614/2322/2610
f 2302/2168/2293 2614/2322/2610 2612/2319/2609
f 2441/2288/2415 2611/2338/2611 2615/2443/2612
f 2441/2288/2415 2615/2443/2612 2438/2289/2416
f 2611/2338/2611 2613/2328/2613 2617/2444/2614
f 2611/2338/2611 2617/2444/2614 2615/2443/2612
f 2438/2289/2416 2615/2443/2612 2616/2445/2615
f 2438/2289/2416 2616/2445/2615 2632/2278/2404
f 2615/2443/2612 2617/2444/2614 2618/2446/2616
f 2615/2443/2612 2618/2446/2616 2616/2445/2615
f 2617/2444/2614 2619/2447/2617 2620/2448/2618
f 2617/2444/2614 2620/2448/2618 2618/2446/2616
f 2613/2328/2613 2621/2331/2619 2619/2447/2617
f 2613/2328/2613 2619/2447/2617 2617/2444/2614
f 2621/2331/2619 2337/2197/2322 2340/2200/2325
f 2621/2331/2619 2340/2200/2325 2619/2447/2617
f 2619/2447/2617 2340/2200/2325 2624/2203/2328
f 2619/2447/2617 2624/2203/2328 2620/2448/2618
f 2303/2169/2294 2623/2449/2620 2622/2323/2621
f 2303/2169/2294 2622/2323/2621 2614/2322/2610
f 2623/2449/2620 2334/2195/2320 2338/2196/2321
f 2623/2449/2620 2338/2196/2321 2622/2323/2621
f 2303/2169/2294 2306/2171/2296 2623/2449/2620
f 2306/2171/2296 2305/2173/2298 2334/2195/2320
f 2306/2171/2296 2334/2195/2320 2623/2449/2620
f 2620/2448/2618 2624/2203/2328 2354/2216/2342
f 2620/2448/2618 2354/2216/2342 2625/2450/2622
f 2618/2446/2616 2620/2448/2618 2625/2450/2622
f 2618/2446/2616 2625/2450/2622 2627/2451/2623
f 2625/2450/2622 2354/2216/2342 2356/2217/2343
f 2625/2450/2622 2356/2217/2343 2626/2452/2624
f 2627/2451/2623 2625/2450/2622 2626/2452/2624
f 2627/2451/2623 2626/2452/2624 2628/2343/2625
f 2627/2451/2623 2628/2343/2625 2629/2453/2626
f 2616/2445/2615 2618/2446/2616 2627/2451/2623
f 2632/2278/2404 2616/2445/2615 2627/2451/2623
f 2632/2278/2404 2627/2451/2623 2422/2276/2402
f 2422/2276/2402 2627/2451/2623 2629/2453/2626
f 2422/2276/2402 2629/2453/2626 2421/2273/2399
f 2421/2273/2399 2629/2453/2626 2420/2274/2400
f 2629/2453/2626 2628/2343/2625 2630/2454/2627
f 2629/2453/2626 2630/2454/2627 2420/2274/2400
f 2420/2274/2400 2394/2252/2378 2395/2253/2379
f 2420/2274/2400 2630/2454/2627 2392/2248/2374
f 2420/2274/2400 2392/2248/2374 2394/2252/2378
f 2630/2454/2627 2631/2455/2628 2390/2249/2375
f 2630/2454/2627 2390/2249/2375 2392/2248/2374
f 2628/2343/2625 2626/2452/2624 2631/2455/2628
f 2628/2343/2625 2631/2455/2628 2630/2454/2627
f 2626/2452/2624 2356/2217/2343 2358/2219/2345
f 2626/2452/2624 2358/2219/2345 2631/2455/2628
f 2631/2455/2628 2358/2219/2345 2633/2222/2348
f 2631/2455/2628 2633/2222/2348 2390/2249/2375
f 2634/2456/2629 2635/2457/2630 2642/2458/2631
f 2634/2456/2629 2642/2458/2631 2639/2459/2632
f 2634/2456/2633 2637/2460/2634 2809/2461/2635
f 2634/2456/2633 2809/2461/2635 2636/2462/2636
f 2638/2463/2637 2634/2456/2629 2639/2459/2632
f 2639/2459/2632 2641/2464/2638 2645/2465/2639
f 2639/2459/2632 2642/2458/2631 2641/2464/2638
f 2812/2466/2640 2638/2463/2637 2639/2459/2632
f 2812/2466/2640 2639/2459/2632 2643/2467/2641
f 2643/2467/2641 2639/2459/2632 2645/2465/2639
f 2643/2467/2641 2645/2465/2639 2647/2468/2642
f 2646/2468/2643 2644/2465/2644 2648/2469/2645
f 2646/2468/2643 2648/2469/2645 2649/2470/2646
f 2644/2465/2644 2640/2464/2647 2650/2471/2648
f 2644/2465/2644 2650/2471/2648 2648/2469/2645
f 2649/2470/2646 2648/2469/2645 2652/2472/2649
f 2649/2470/2646 2652/2472/2649 2655/2473/2650
f 2648/2469/2645 2650/2471/2648 2653/2474/2651
f 2648/2469/2645 2653/2474/2651 2652/2472/2649
f 2657/2475/2652 2656/2476/2653 2654/2477/2654
f 2654/2477/2654 2656/2476/2653 2651/2478/2655
f 2650/2471/2648 2659/2479/2656 2657/2475/2652
f 2650/2471/2648 2657/2475/2652 2653/2474/2651
f 2640/2464/2647 2658/2480/2657 2650/2471/2648
f 2658/2480/2657 2660/2481/2658 2659/2479/2656
f 2658/2480/2657 2659/2479/2656 2650/2471/2648
f 2660/2481/2658 2663/2482/2659 2662/2483/2660
f 2660/2481/2658 2662/2483/2660 2659/2479/2656
f 2659/2479/2656 2662/2483/2660 2666/2484/2661
f 2659/2479/2656 2666/2484/2661 2657/2475/2652
f 2663/2482/2659 2924/2485/2662 2665/2486/2663
f 2663/2482/2659 2665/2486/2663 2662/2483/2660
f 2662/2483/2660 2665/2486/2663 2667/2487/2664
f 2662/2483/2660 2667/2487/2664 2666/2484/2661
f 2666/2484/2661 2667/2487/2664 2670/2488/2665
f 2666/2484/2661 2670/2488/2665 2668/2489/2666
f 2657/2475/2652 2666/2484/2661 2668/2489/2666
f 2657/2475/2652 2668/2489/2666 2656/2476/2653
f 2656/2476/2653 2668/2489/2666 2669/2490/2667
f 2668/2489/2666 2670/2488/2665 2671/2491/2668
f 2668/2489/2666 2671/2491/2668 2669/2490/2667
f 2670/2488/2665 2672/2492/2669 2674/2493/2670
f 2670/2488/2665 2674/2493/2670 2671/2491/2668
f 2667/2487/2664 2675/2494/2671 2672/2492/2669
f 2667/2487/2664 2672/2492/2669 2670/2488/2665
f 2675/2494/2671 2676/2495/2672 2673/2496/2673
f 2675/2494/2671 2673/2496/2673 2672/2492/2669
f 2672/2492/2669 2673/2496/2673 2951/2497/2674
f 2672/2492/2669 2951/2497/2674 2674/2493/2670
f 2677/2498/2675 2680/2499/2676 2676/2495/2672
f 2677/2498/2675 2676/2495/2672 2675/2494/2671
f 2665/2486/2663 2677/2498/2675 2675/2494/2671
f 2665/2486/2663 2675/2494/2671 2667/2487/2664
f 2924/2485/2662 2678/2500/2677 2677/2498/2675
f 2924/2485/2662 2677/2498/2675 2665/2486/2663
f 2678/2500/2677 2681/2501/2678 2680/2499/2676
f 2678/2500/2677 2680/2499/2676 2677/2498/2675
f 2681/2501/2678 2684/2502/2679 2683/2503/2680
f 2681/2501/2678 2683/2503/2680 2680/2499/2676
f 2680/2499/2676 2683/2503/2680 2687/2504/2681
f 2680/2499/2676 2687/2504/2681 2676/2495/2672
f 2684/2502/2679 2686/2505/2682 2683/2503/2680
f 2683/2503/2680 2686/2505/2682 2688/2506/2683
f 2683/2503/2680 2688/2506/2683 2687/2504/2681
f 2687/2504/2681 2689/2507/2684 2692/2508/2685
f 2687/2504/2681 2692/2508/2685 2690/2509/2686
f 2676/2495/2672 2687/2504/2681 2690/2509/2686
f 2676/2495/2672 2690/2509/2686 2673/2496/2673
f 2673/2496/2673 2690/2509/2686 2691/2510/2687
f 2673/2496/2673 2691/2510/2687 2951/2497/2674
f 2690/2509/2686 2692/2508/2685 2693/2511/2688
f 2690/2509/2686 2693/2511/2688 2691/2510/2687
f 2694/2512/2689 2696/2513/2690 2693/2511/2688
f 2694/2512/2689 2693/2511/2688 2692/2508/2685
f 2686/2505/2682 2694/2512/2689 2692/2508/2685
f 2686/2505/2682 2692/2508/2685 2688/2506/2683
f 2696/2513/2690 2698/2514/2691 2701/2515/2692
f 2696/2513/2690 2701/2515/2692 2693/2511/2688
f 2698/2514/2691 2700/2516/2693 2702/2517/2694
f 2698/2514/2691 2702/2517/2694 2701/2515/2692
f 2703/2518/2695 2701/2515/2692 2702/2517/2694
f 2703/2518/2695 2702/2517/2694 2705/2519/2696
f 2691/2510/2687 2693/2511/2688 2701/2515/2692
f 2691/2510/2687 2701/2515/2692 2703/2518/2695
f 2951/2497/2674 2691/2510/2687 2703/2518/2695
f 2951/2497/2674 2703/2518/2695 2704/2520/2697
f 2704/2520/2697 2703/2518/2695 2705/2519/2696
f 2704/2520/2697 2705/2519/2696 2706/2521/2698
f 2706/2521/2698 2705/2519/2696 2707/2522/2699
f 2706/2521/2698 2707/2522/2699 2708/2523/2700
f 2705/2519/2696 2702/2517/2694 2710/2524/2701
f 2705/2519/2696 2710/2524/2701 2707/2522/2699
f 2708/2523/2700 2707/2522/2699 2709/2525/2702
f 2708/2523/2700 2709/2525/2702 2947/2526/2703
f 2707/2522/2699 2710/2524/2701 2711/2527/2704
f 2707/2522/2699 2711/2527/2704 2709/2525/2702
f 2712/2528/2705 2711/2527/2704 2710/2524/2701
f 2700/2516/2693 2712/2528/2705 2710/2524/2701
f 2700/2516/2693 2710/2524/2701 2702/2517/2694
f 2700/2516/2693 2713/2529/2706 2712/2528/2705
f 2713/2529/2706 2715/2530/2707 2711/2527/2704
f 2713/2529/2706 2711/2527/2704 2712/2528/2705
f 2715/2530/2707 2719/2531/2708 2717/2532/2709
f 2715/2530/2707 2717/2532/2709 2711/2527/2704
f 2711/2527/2704 2717/2532/2709 2720/2533/2710
f 2719/2531/2708 2895/2534/2711 2717/2532/2709
f 2709/2525/2702 2711/2527/2704 2720/2533/2710
f 2709/2525/2702 2720/2533/2710 2721/2535/2712
f 2947/2526/2703 2709/2525/2702 2721/2535/2712
f 2947/2526/2703 2721/2535/2712 2722/2536/2713
f 2722/2536/2713 2721/2535/2712 2735/2537/2714
f 2721/2535/2712 2720/2533/2710 2724/2538/2715
f 2735/2537/2714 2721/2535/2712 2723/2539/2716
f 2721/2535/2712 2724/2538/2715 2723/2539/2716
f 2717/2532/2709 2725/2540/2717 2724/2538/2715
f 2717/2532/2709 2724/2538/2715 2720/2533/2710
f 2895/2534/2711 2727/2541/2718 2725/2540/2717
f 2895/2534/2711 2725/2540/2717 2717/2532/2709
f 2727/2541/2718 2729/2542/2719 2725/2540/2717
f 2729/2542/2719 2731/2543/2720 2725/2540/2717
f 2731/2543/2720 2732/2544/2721 2725/2540/2717
f 2725/2540/2717 2732/2544/2721 2733/2545/2722
f 2725/2540/2717 2733/2545/2722 2724/2538/2715
f 2723/2539/2716 2724/2538/2715 2734/2546/2723
f 2735/2537/2714 2723/2539/2716 2737/2547/2724
f 2738/2548/2725 2741/2549/2726 2736/2550/2727
f 2738/2548/2725 2736/2550/2727 2723/2551/2728
f 2732/2544/2721 2738/2548/2725 2723/2551/2728
f 2732/2544/2721 2723/2551/2728 2733/2545/2722
f 2732/2544/2721 2740/2552/2729 2738/2548/2725
f 2740/2552/2729 2743/2553/2730 2741/2549/2726
f 2740/2552/2729 2741/2549/2726 2738/2548/2725
f 2743/2553/2730 2746/2554/2731 2744/2555/2732
f 2743/2553/2730 2744/2555/2732 2741/2549/2726
f 2741/2549/2726 2744/2555/2732 2748/2556/2733
f 2741/2549/2726 2748/2556/2733 2736/2550/2727
f 2746/2554/2731 2854/2557/2734 2747/2558/2735
f 2746/2554/2731 2747/2558/2735 2744/2555/2732
f 2744/2555/2732 2747/2558/2735 2748/2556/2733
f 2750/2559/2736 2749/2560/2737 2748/2556/2733
f 2750/2559/2736 2748/2556/2733 2747/2558/2735
f 2749/2560/2737 2735/2537/2714 2737/2547/2724
f 2749/2560/2737 2737/2547/2724 2748/2556/2733
f 2751/2561/2738 2750/2559/2736 2747/2558/2735
f 2751/2561/2738 2747/2558/2735 2753/2562/2739
f 2779/2563/2740 2751/2561/2738 2752/2564/2741
f 2752/2564/2741 2751/2561/2738 2753/2562/2739
f 2753/2562/2739 2756/2565/2742 2752/2564/2741
f 2854/2557/2734 2755/2566/2743 2753/2562/2739
f 2854/2557/2734 2753/2562/2739 2747/2558/2735
f 2755/2566/2743 2758/2567/2744 2756/2565/2742
f 2755/2566/2743 2756/2565/2742 2753/2562/2739
f 2758/2567/2744 2759/2568/2745 2756/2565/2742
f 2756/2565/2742 2759/2568/2745 2762/2569/2746
f 2756/2565/2742 2762/2569/2746 2752/2564/2741
f 2759/2568/2745 2868/2570/2747 2761/2571/2748
f 2759/2568/2745 2761/2571/2748 2763/2572/2749
f 2759/2568/2745 2763/2572/2749 2762/2569/2746
f 2766/2573/2750 2765/2574/2751 2762/2569/2746
f 2766/2573/2750 2762/2569/2746 2764/2575/2752
f 2765/2574/2751 2752/2564/2741 2762/2569/2746
f 2768/2576/2753 2765/2574/2751 2766/2573/2750
f 2765/2574/2751 2779/2563/2740 2752/2564/2741
f 2761/2571/2748 2772/2577/2754 2769/2578/2755
f 2761/2571/2748 2769/2578/2755 2767/2579/2756
f 2761/2571/2748 2767/2579/2756 2763/2572/2749
f 2868/2570/2747 2771/2580/2757 2761/2571/2748
f 2771/2580/2757 2774/2581/2758 2772/2577/2754
f 2771/2580/2757 2772/2577/2754 2761/2571/2748
f 2774/2581/2758 2776/2582/2759 2772/2577/2754
f 2772/2577/2754 2778/2583/2760 2769/2578/2755
f 2776/2582/2759 2873/2584/2761 2777/2585/2762
f 2776/2582/2759 2777/2585/2762 2772/2577/2754
f 2772/2577/2754 2777/2585/2762 2778/2583/2760
f 2778/2583/2760 2780/2586/2763 2765/2574/2751
f 2778/2583/2760 2765/2574/2751 2768/2576/2753
f 2780/2586/2763 2779/2563/2740 2765/2574/2751
f 2778/2583/2760 2781/2587/2764 2780/2586/2763
f 2781/2587/2764 2790/2588/2765 2779/2563/2740
f 2781/2587/2764 2779/2563/2740 2780/2586/2763
f 2873/2584/2761 2782/2589/2766 2777/2585/2762
f 2782/2589/2766 2784/2590/2767 2777/2585/2762
f 2784/2590/2767 2786/2591/2768 2777/2585/2762
f 2777/2585/2762 2789/2592/2769 2778/2583/2760
f 2786/2591/2768 2795/2593/2770 2788/2594/2771
f 2786/2591/2768 2788/2594/2771 2777/2585/2762
f 2777/2585/2762 2788/2594/2771 2789/2592/2769
f 2789/2592/2769 2791/2595/2772 2781/2587/2764
f 2789/2592/2769 2781/2587/2764 2778/2583/2760
f 2791/2595/2772 2790/2588/2765 2781/2587/2764
f 2655/2596/2773 2656/2476/2653 2790/2588/2765
f 2655/2596/2773 2790/2588/2765 2791/2595/2772
f 2651/2478/2655 2656/2476/2653 2655/2596/2773
f 2788/2594/2771 2649/2470/2646 2655/2473/2650
f 2788/2594/2771 2655/2473/2650 2792/2597/2774
f 2788/2594/2771 2792/2597/2774 2789/2592/2769
f 2795/2593/2770 2793/2598/2775 2788/2594/2771
f 2793/2598/2775 2646/2468/2643 2649/2470/2646
f 2793/2598/2775 2649/2470/2646 2788/2594/2771
f 2797/2599/2776 2643/2467/2641 2794/2598/2777
f 2797/2599/2776 2794/2598/2777 2796/2593/2778
f 2643/2467/2641 2647/2468/2642 2794/2598/2777
f 2797/2599/2776 2796/2593/2778 2787/2591/2779
f 2801/2600/2780 2799/2601/2781 2797/2599/2776
f 2799/2601/2781 2810/2602/2782 2643/2467/2641
f 2799/2601/2781 2643/2467/2641 2797/2599/2776
f 2803/2603/2783 2801/2600/2780 2797/2599/2776
f 2803/2603/2783 2797/2599/2776 2800/2604/2784
f 2800/2604/2784 2797/2599/2776 2787/2591/2779
f 2800/2604/2784 2787/2591/2779 2785/2590/2785
f 2799/2601/2786 2802/2605/2787 2806/2606/2788
f 2802/2605/2787 2803/2603/2789 2804/2607/2790
f 2802/2605/2787 2804/2607/2790 2805/2608/2791
f 2806/2606/2788 2802/2605/2787 2805/2608/2791
f 2810/2602/2792 2798/2609/2793 2806/2606/2794
f 2810/2602/2792 2806/2606/2794 2808/2610/2795
f 2808/2610/2795 2806/2606/2794 2807/2611/2796
f 2811/2612/2797 2810/2602/2792 2808/2610/2795
f 2811/2612/2797 2808/2610/2795 2809/2461/2635
f 2809/2461/2635 2808/2610/2795 2813/2613/2798
f 2810/2602/2782 2812/2466/2640 2643/2467/2641
f 2637/2460/2634 2811/2612/2797 2809/2461/2635
f 2813/2613/2798 2808/2610/2795 2814/2614/2799
f 2808/2610/2795 2807/2611/2796 2815/2615/2800
f 2808/2610/2795 2815/2615/2800 2814/2614/2799
f 2814/2614/2799 2816/2616/2801 2818/2617/2802
f 2814/2614/2799 2815/2615/2800 2817/2618/2803
f 2814/2614/2799 2817/2618/2803 2816/2616/2801
f 2816/2616/2801 2817/2618/2803 2823/2619/2804
f 2816/2616/2801 2823/2619/2804 2819/2620/2805
f 2818/2617/2802 2816/2616/2801 2819/2620/2805
f 2818/2617/2802 2819/2620/2805 2820/2621/2806
f 2820/2621/2806 2819/2620/2805 2821/2622/2807
f 2820/2621/2806 2821/2622/2807 2909/2623/2808
f 2819/2620/2805 2823/2619/2804 2825/2624/2809
f 2819/2620/2805 2825/2624/2809 2821/2622/2807
f 2817/2618/2803 2829/2625/2810 2826/2626/2811
f 2817/2618/2803 2826/2626/2811 2822/2627/2804
f 2822/2627/2804 2826/2626/2811 2828/2628/2812
f 2822/2627/2804 2828/2628/2812 2824/2629/2809
f 2829/2625/2810 2830/2630/2813 2827/2631/2814
f 2829/2625/2810 2827/2631/2814 2826/2626/2811
f 2826/2626/2811 2827/2631/2814 2935/2632/2815
f 2826/2626/2811 2935/2632/2815 2828/2628/2812
f 2831/2633/2816 2830/2630/2813 2829/2625/2810
f 2815/2615/2800 2831/2633/2816 2829/2625/2810
f 2815/2615/2800 2829/2625/2810 2817/2618/2803
f 2805/2608/2791 2831/2633/2816 2815/2615/2800
f 2805/2608/2791 2804/2607/2790 2831/2633/2816
f 2804/2607/2790 2875/2634/2817 2832/2635/2818
f 2804/2607/2790 2832/2635/2818 2831/2633/2816
f 2831/2633/2816 2832/2635/2818 2833/2636/2819
f 2831/2633/2816 2833/2636/2819 2830/2630/2813
f 2830/2630/2813 2833/2636/2819 2835/2637/2820
f 2830/2630/2813 2835/2637/2820 2827/2631/2814
f 2827/2631/2814 2834/2638/2821 2935/2632/2815
f 2827/2631/2814 2835/2637/2820 2837/2639/2822
f 2827/2631/2814 2837/2639/2822 2834/2638/2821
f 2833/2636/2819 2840/2640/2823 2839/2641/2824
f 2833/2636/2819 2839/2641/2824 2836/2642/2825
f 2836/2642/2825 2839/2641/2824 2846/2643/2826
f 2836/2642/2825 2846/2643/2826 2838/2644/2827
f 2832/2635/2818 2841/2645/2828 2840/2640/2823
f 2832/2635/2818 2840/2640/2823 2833/2636/2819
f 2876/2646/2829 2842/2647/2830 2841/2645/2828
f 2876/2646/2829 2841/2645/2828 2832/2635/2818
f 2842/2647/2830 2858/2648/2831 2841/2645/2828
f 2841/2645/2828 2845/2649/2832 2840/2640/2823
f 2840/2640/2823 2845/2649/2832 2847/2650/2833
f 2840/2640/2823 2847/2650/2833 2839/2641/2824
f 2839/2641/2824 2847/2650/2833 2849/2651/2834
f 2839/2641/2824 2849/2651/2834 2846/2643/2826
f 2847/2650/2835 2844/2652/2836 2852/2653/2837
f 2847/2650/2835 2852/2653/2837 2850/2654/2838
f 2848/2655/2839 2847/2650/2835 2850/2654/2838
f 2848/2655/2839 2850/2654/2838 2851/2656/2840
f 2851/2656/2840 2850/2654/2838 2745/2554/2841
f 2851/2656/2840 2745/2554/2841 2742/2553/2842
f 2850/2654/2838 2852/2653/2837 2853/2557/2843
f 2850/2654/2838 2853/2557/2843 2745/2554/2841
f 2844/2652/2836 2843/2657/2844 2855/2658/2845
f 2844/2652/2836 2855/2658/2845 2852/2653/2837
f 2852/2653/2837 2855/2658/2845 2754/2566/2846
f 2852/2653/2837 2754/2566/2846 2853/2557/2843
f 2843/2657/2844 2859/2659/2847 2856/2660/2848
f 2843/2657/2844 2856/2660/2848 2855/2658/2845
f 2855/2658/2845 2856/2660/2848 2757/2567/2849
f 2855/2658/2845 2757/2567/2849 2754/2566/2846
f 2859/2659/2847 2860/2661/2850 2857/2662/2851
f 2859/2659/2847 2857/2662/2851 2856/2660/2848
f 2856/2660/2848 2857/2662/2851 2760/2663/2852
f 2856/2660/2848 2760/2663/2852 2757/2567/2849
f 2861/2664/2853 2858/2648/2831 2842/2647/2830
f 2860/2661/2850 2862/2665/2854 2857/2662/2851
f 2864/2666/2855 2862/2665/2856 2861/2664/2853
f 2865/2667/2857 2864/2666/2855 2861/2664/2853
f 2865/2667/2857 2861/2664/2853 2871/2668/2858
f 2871/2668/2858 2861/2664/2853 2842/2647/2830
f 2863/2669/2859 2865/2667/2860 2866/2670/2861
f 2862/2665/2854 2863/2669/2859 2866/2670/2861
f 2862/2665/2854 2866/2670/2861 2857/2662/2851
f 2866/2670/2861 2773/2581/2862 2770/2580/2863
f 2857/2662/2851 2866/2670/2861 2770/2580/2863
f 2857/2662/2851 2770/2580/2863 2867/2570/2864
f 2857/2662/2851 2867/2570/2864 2760/2663/2852
f 2865/2667/2860 2869/2671/2865 2866/2670/2861
f 2866/2670/2861 2869/2671/2865 2775/2582/2866
f 2866/2670/2861 2775/2582/2866 2773/2581/2862
f 2869/2671/2865 2783/2672/2867 2775/2582/2866
f 2865/2667/2860 2870/2673/2868 2869/2671/2865
f 2870/2673/2868 2803/2603/2783 2800/2604/2784
f 2870/2673/2868 2800/2604/2784 2869/2671/2865
f 2869/2671/2865 2800/2604/2784 2783/2672/2867
f 2800/2604/2784 2785/2590/2785 2783/2672/2867
f 2803/2603/2789 2872/2674/2869 2874/2675/2870
f 2803/2603/2789 2874/2675/2870 2875/2634/2817
f 2803/2603/2789 2875/2634/2817 2804/2607/2790
f 2874/2675/2871 2871/2668/2858 2842/2647/2830
f 2874/2675/2871 2842/2647/2830 2876/2646/2829
f 2877/2676/2872 2848/2655/2839 2851/2656/2840
f 2851/2656/2840 2742/2553/2842 2739/2552/2873
f 2879/2677/2874 2851/2656/2840 2739/2552/2873
f 2880/2678/2875 2877/2676/2872 2851/2656/2840
f 2880/2678/2875 2851/2656/2840 2879/2677/2874
f 2881/2679/2876 2880/2678/2875 2879/2677/2874
f 2881/2679/2876 2879/2677/2874 2730/2543/2877
f 2882/2680/2878 2881/2679/2876 2730/2543/2877
f 2882/2680/2878 2730/2543/2877 2728/2542/2879
f 2883/2681/2880 2880/2678/2875 2881/2679/2876
f 2883/2681/2880 2881/2679/2876 2882/2680/2878
f 2846/2643/2826 2849/2651/2834 2878/2682/2881
f 2846/2643/2826 2878/2682/2881 2880/2678/2875
f 2846/2643/2826 2880/2678/2875 2883/2681/2880
f 2838/2644/2827 2846/2643/2826 2883/2681/2880
f 2838/2644/2827 2883/2681/2880 2884/2683/2882
f 2884/2683/2882 2883/2681/2880 2882/2680/2878
f 2884/2683/2882 2882/2680/2878 2886/2684/2883
f 2834/2638/2821 2837/2639/2822 2885/2685/2884
f 2834/2638/2821 2885/2685/2884 2887/2686/2885
f 2887/2686/2885 2885/2685/2884 2886/2684/2886
f 2935/2632/2815 2834/2638/2821 2887/2686/2885
f 2935/2632/2815 2887/2686/2885 2888/2687/2887
f 2888/2687/2887 2887/2686/2885 2890/2688/2888
f 2889/2689/2889 2886/2684/2883 2893/2690/2890
f 2889/2689/2889 2893/2690/2890 2891/2691/2891
f 2890/2688/2892 2889/2689/2889 2891/2691/2891
f 2890/2688/2892 2891/2691/2891 2892/2692/2893
f 2892/2692/2893 2891/2691/2891 2718/2531/2894
f 2892/2692/2893 2718/2531/2894 2716/2530/2895
f 2891/2691/2891 2893/2690/2890 2894/2534/2896
f 2891/2691/2891 2894/2534/2896 2718/2531/2894
f 2886/2684/2883 2882/2680/2878 2893/2690/2890
f 2893/2690/2890 2726/2541/2897 2894/2534/2896
f 2893/2690/2890 2882/2680/2878 2728/2542/2879
f 2893/2690/2890 2728/2542/2879 2726/2541/2897
f 2898/2693/2898 2890/2688/2892 2892/2692/2893
f 2898/2693/2898 2892/2692/2893 2896/2694/2899
f 2896/2694/2899 2892/2692/2893 2716/2530/2895
f 2896/2694/2899 2716/2530/2895 2714/2529/2900
f 2899/2695/2901 2896/2694/2899 2714/2529/2900
f 2901/2696/2902 2898/2693/2898 2896/2694/2899
f 2901/2696/2902 2896/2694/2899 2899/2695/2901
f 2903/2697/2903 2901/2696/2902 2899/2695/2901
f 2903/2697/2903 2899/2695/2901 2699/2698/2904
f 2904/2699/2905 2903/2697/2903 2699/2698/2904
f 2904/2699/2905 2699/2698/2904 2902/2700/2906
f 2902/2700/2906 2699/2698/2904 2697/2701/2907
f 2905/2702/2908 2907/2703/2909 2901/2696/2902
f 2905/2702/2908 2901/2696/2902 2903/2697/2903
f 2906/2704/2910 2905/2702/2908 2903/2697/2903
f 2906/2704/2910 2903/2697/2903 2904/2699/2905
f 2821/2622/2807 2825/2624/2809 2907/2703/2909
f 2821/2622/2807 2907/2703/2909 2905/2702/2908
f 2909/2623/2808 2821/2622/2807 2905/2702/2908
f 2909/2623/2808 2905/2702/2908 2906/2704/2910
f 2824/2629/2809 2828/2628/2812 2908/2705/2911
f 2824/2629/2809 2908/2705/2911 2907/2703/2909
f 2907/2703/2909 2908/2705/2911 2897/2706/2898
f 2907/2703/2909 2897/2706/2898 2900/2707/2912
f 2828/2628/2812 2935/2632/2815 2888/2687/2887
f 2828/2628/2812 2888/2687/2887 2908/2705/2911
f 2908/2705/2911 2888/2687/2887 2890/2688/2888
f 2908/2705/2911 2890/2688/2888 2897/2706/2898
f 2911/2708/2913 2909/2623/2808 2906/2704/2910
f 2911/2708/2913 2906/2704/2910 2910/2709/2914
f 2910/2709/2914 2906/2704/2910 2904/2699/2905
f 2910/2709/2914 2904/2699/2905 2912/2710/2915
f 2915/2711/2916 2911/2708/2913 2910/2709/2914
f 2915/2711/2916 2910/2709/2914 2913/2712/2917
f 2913/2712/2917 2910/2709/2914 2912/2710/2915
f 2913/2712/2917 2912/2710/2915 2914/2713/2918
f 2913/2712/2917 2914/2713/2918 2916/2714/2919
f 2915/2711/2916 2913/2712/2917 2916/2714/2919
f 2915/2711/2916 2916/2714/2919 2917/2715/2920
f 2917/2715/2920 2916/2714/2919 2685/2502/2921
f 2917/2715/2920 2685/2502/2921 2682/2501/2922
f 2916/2714/2919 2914/2713/2918 2918/2716/2923
f 2916/2714/2919 2918/2716/2923 2685/2502/2921
f 2914/2713/2918 2695/2717/2924 2918/2716/2923
f 2912/2710/2915 2904/2699/2905 2902/2700/2906
f 2912/2710/2915 2902/2700/2906 2914/2713/2918
f 2914/2713/2918 2902/2700/2906 2697/2701/2907
f 2914/2713/2918 2697/2701/2907 2695/2717/2924
f 2920/2718/2925 2915/2711/2916 2917/2715/2920
f 2920/2718/2925 2917/2715/2920 2919/2719/2926
f 2919/2719/2926 2917/2715/2920 2682/2501/2922
f 2919/2719/2926 2682/2501/2922 2679/2500/2927
f 2922/2720/2928 2919/2719/2926 2679/2500/2927
f 2922/2720/2928 2679/2500/2927 2925/2485/2929
f 2923/2721/2930 2920/2718/2925 2919/2719/2926
f 2923/2721/2930 2919/2719/2926 2922/2720/2928
f 2929/2722/2931 2923/2721/2930 2922/2720/2928
f 2929/2722/2931 2922/2720/2928 2926/2723/2932
f 2926/2723/2932 2922/2720/2928 2925/2485/2929
f 2926/2723/2932 2925/2485/2929 2664/2482/2933
f 2931/2724/2934 2929/2722/2931 2926/2723/2932
f 2931/2724/2934 2926/2723/2932 2927/2725/2935
f 2927/2725/2935 2926/2723/2932 2664/2482/2933
f 2927/2725/2935 2664/2482/2933 2661/2481/2936
f 2928/2726/2931 2932/2727/2937 2933/2728/2938
f 2928/2726/2931 2933/2728/2938 2923/2721/2939
f 2930/2729/2940 2813/2613/2798 2932/2727/2937
f 2930/2729/2940 2932/2727/2937 2928/2726/2931
f 2813/2613/2798 2814/2614/2799 2932/2727/2937
f 2932/2727/2937 2814/2614/2799 2818/2617/2802
f 2932/2727/2937 2818/2617/2802 2933/2728/2938
f 2933/2728/2938 2818/2617/2802 2820/2621/2806
f 2933/2728/2938 2820/2621/2806 2934/2730/2941
f 2923/2721/2939 2933/2728/2938 2934/2730/2941
f 2923/2721/2939 2934/2730/2941 2921/2731/2925
f 2934/2730/2941 2820/2621/2806 2909/2623/2808
f 2934/2730/2941 2909/2623/2808 2911/2708/2913
f 2921/2731/2925 2934/2730/2941 2911/2708/2913
f 2921/2731/2925 2911/2708/2913 2915/2711/2916
f 2636/2462/2636 2809/2461/2635 2813/2613/2798
f 2636/2462/2636 2813/2613/2798 2930/2729/2940
f 2635/2457/2630 2931/2724/2934 2927/2725/2935
f 2635/2457/2630 2927/2725/2935 2642/2458/2631
f 2642/2458/2631 2927/2725/2935 2661/2481/2936
f 2656/2476/2653 2669/2490/2667 2936/2732/2942
f 2656/2476/2653 2936/2732/2942 2938/2733/2943
f 2656/2476/2653 2938/2733/2943 2790/2588/2765
f 2669/2490/2667 2671/2491/2668 2937/2734/2944
f 2669/2490/2667 2937/2734/2944 2936/2732/2942
f 2936/2732/2942 2937/2734/2944 2939/2618/2945
f 2936/2732/2942 2939/2618/2945 2938/2733/2943
f 2938/2733/2943 2939/2618/2945 2941/2625/2946
f 2790/2588/2765 2938/2733/2943 2940/2735/2947
f 2938/2733/2943 2941/2625/2946 2942/2736/2948
f 2938/2733/2943 2942/2736/2948 2940/2735/2947
f 2941/2625/2946 2943/2737/2949 2944/2738/2950
f 2941/2625/2946 2944/2738/2950 2942/2736/2948
f 2939/2618/2945 2945/2739/2951 2943/2737/2949
f 2939/2618/2945 2943/2737/2949 2941/2625/2946
f 2945/2739/2951 2706/2521/2698 2708/2523/2700
f 2945/2739/2951 2708/2523/2700 2943/2737/2949
f 2943/2737/2949 2708/2523/2700 2947/2526/2703
f 2943/2737/2949 2947/2526/2703 2944/2738/2950
f 2937/2734/2944 2946/2740/2952 2945/2739/2951
f 2937/2734/2944 2945/2739/2951 2939/2618/2945
f 2946/2740/2952 2704/2520/2697 2706/2521/2698
f 2946/2740/2952 2706/2521/2698 2945/2739/2951
f 2671/2491/2668 2674/2493/2670 2946/2740/2952
f 2671/2491/2668 2946/2740/2952 2937/2734/2944
f 2674/2493/2670 2951/2497/2674 2704/2520/2697
f 2674/2493/2670 2704/2520/2697 2946/2740/2952
f 2944/2738/2950 2947/2526/2703 2722/2536/2713
f 2944/2738/2950 2722/2536/2713 2948/2741/2953
f 2942/2736/2948 2944/2738/2950 2948/2741/2953
f 2942/2736/2948 2948/2741/2953 2949/2742/2954
f 2940/2735/2947 2942/2736/2948 2949/2742/2954
f 2940/2735/2947 2949/2742/2954 2950/2743/2955
f 2790/2588/2765 2940/2735/2947 2779/2563/2740
f 2779/2563/2740 2940/2735/2947 2950/2743/2955
f 2779/2563/2740 2950/2743/2955 2751/2561/2738
f 2950/2743/2955 2949/2742/2954 2750/2559/2736
f 2950/2743/2955 2750/2559/2736 2751/2561/2738
f 2949/2742/2954 2948/2741/2953 2749/2560/2737
f 2949/2742/2954 2749/2560/2737 2750/2559/2736
f 2948/2741/2953 2722/2536/2713 2735/2537/2714
f 2948/2741/2953 2735/2537/2714 2749/2560/2737
f 2952/2744/2956 2953/2745/2957 2960/2746/2958
f 2952/2744/2956 2955/2747/2959 3244/2748/2960
f 2952/2744/2956 3244/2748/2960 2953/2745/2957
f 2964/2749/2961 2956/2750/2962 2958/2751/2963
f 2964/2749/2961 2958/2751/2963 2967/2752/2964
f 2957/2753/2965 2962/2754/2966 2959/2755/2967
f 2966/2756/2968 2963/2757/2969 2970/2758/2970
f 2971/2759/2971 2968/2760/2972 2972/2761/2973
f 2971/2759/2971 2972/2761/2973 2973/2762/2974
f 2968/2760/2972 2959/2755/2967 2972/2761/2973
f 2973/2762/2974 2972/2761/2973 2974/2763/2975
f 2972/2761/2973 2981/2764/2976 2976/2765/2977
f 2972/2761/2973 2976/2765/2977 2980/2766/2978
f 2972/2761/2973 2980/2766/2978 2974/2763/2975
f 2981/2764/2976 2984/2767/2979 2978/2768/2980
f 2981/2764/2976 2978/2768/2980 2976/2765/2977
f 2975/2769/2981 2977/2770/2982 3246/2771/2983
f 2975/2769/2981 3246/2771/2983 2979/2772/2984
f 2981/2764/2976 2985/2773/2985 2984/2767/2979
f 2959/2755/2967 2962/2754/2966 2981/2764/2976
f 2959/2755/2967 2981/2764/2976 2972/2761/2973
f 2962/2754/2966 2987/2774/2986 2985/2773/2985
f 2962/2754/2966 2985/2773/2985 2981/2764/2976
f 2987/2774/2986 2992/2775/2987 2989/2776/2988
f 2987/2774/2986 2989/2776/2988 2985/2773/2985
f 2986/2773/2989 2990/2776/2990 2997/2777/2991
f 2986/2773/2989 2997/2777/2991 2983/2767/2992
f 2992/2775/2987 3238/2778/2993 2995/2779/2994
f 2992/2775/2987 2995/2779/2994 2989/2776/2988
f 2988/2780/2995 2993/2781/2996 2998/2782/2997
f 2988/2780/2995 2998/2782/2997 2996/2783/2998
f 2996/2783/2998 2998/2782/2997 3001/2784/2999
f 2996/2783/2998 3001/2784/2999 2999/2785/3000
f 2982/2786/3001 2996/2783/2998 2999/2785/3000
f 2982/2786/3001 2999/2785/3000 2977/2770/2982
f 2977/2770/2982 2999/2785/3000 3000/2787/3002
f 2977/2770/2982 3000/2787/3002 3246/2771/2983
f 2999/2785/3000 3001/2784/2999 3002/2788/3003
f 2999/2785/3000 3002/2788/3003 3000/2787/3002
f 3001/2784/2999 3003/2789/3004 3005/2790/3005
f 3001/2784/2999 3005/2790/3005 3002/2788/3003
f 2998/2782/2997 3003/2789/3004 3001/2784/2999
f 3003/2789/3004 3006/2791/3006 3004/2792/3007
f 3003/2789/3004 3004/2792/3007 3005/2790/3005
f 3007/2793/3008 3006/2791/3006 3003/2789/3004
f 2993/2781/2996 3007/2793/3008 3003/2789/3004
f 2993/2781/2996 3003/2789/3004 2998/2782/2997
f 3237/2794/3009 3009/2795/3010 3007/2793/3008
f 3237/2794/3009 3007/2793/3008 2994/2781/2994
f 3009/2795/3010 3012/2796/3011 3006/2791/3006
f 3009/2795/3010 3006/2791/3006 3007/2793/3008
f 3012/2796/3011 3015/2797/3012 3013/2798/3013
f 3012/2796/3011 3013/2798/3013 3006/2791/3006
f 3015/2797/3012 3229/2799/3014 3016/2800/3015
f 3015/2797/3012 3016/2800/3015 3013/2798/3013
f 3013/2798/3013 3016/2800/3015 3017/2801/3016
f 3006/2791/3006 3013/2798/3013 3017/2801/3016
f 3006/2791/3006 3017/2801/3016 3004/2792/3007
f 3017/2801/3016 3016/2800/3015 3018/2802/3017
f 3019/2803/3018 3018/2802/3017 3016/2800/3015
f 3229/2799/3014 3021/2804/3019 3019/2803/3018
f 3229/2799/3014 3019/2803/3018 3016/2800/3015
f 3021/2804/3019 3023/2805/3020 3019/2803/3018
f 3023/2805/3020 3025/2806/3021 3024/2807/3022
f 3023/2805/3020 3024/2807/3022 3019/2803/3018
f 3019/2803/3018 3024/2807/3022 3018/2802/3017
f 3025/2806/3021 3218/2808/3023 3026/2809/3024
f 3025/2806/3021 3026/2809/3024 3024/2807/3022
f 3024/2807/3022 3026/2809/3024 3018/2802/3017
f 3017/2801/3016 3018/2802/3017 3026/2809/3024
f 3017/2801/3016 3026/2809/3024 3028/2810/3025
f 3004/2792/3007 3017/2801/3016 3027/2811/3026
f 3027/2811/3026 3017/2801/3016 3028/2810/3025
f 3027/2811/3026 3028/2810/3025 3029/2812/3027
f 3027/2811/3026 3029/2812/3027 3030/2813/3028
f 3028/2810/3025 3026/2809/3024 3032/2814/3029
f 3028/2810/3025 3032/2814/3029 3029/2812/3027
f 3030/2813/3028 3029/2812/3027 3031/2815/3030
f 3030/2813/3028 3031/2815/3030 3255/2816/3031
f 3029/2812/3027 3032/2814/3029 3033/2817/3032
f 3029/2812/3027 3033/2817/3032 3031/2815/3030
f 3218/2808/3023 3035/2818/3033 3032/2814/3029
f 3218/2808/3023 3032/2814/3029 3026/2809/3024
f 3035/2818/3033 3037/2819/3034 3033/2817/3032
f 3035/2818/3033 3033/2817/3032 3032/2814/3029
f 3037/2819/3034 3040/2820/3035 3038/2821/3036
f 3037/2819/3034 3038/2821/3036 3033/2817/3032
f 3040/2820/3035 3212/2822/3037 3041/2823/3038
f 3040/2820/3035 3041/2823/3038 3038/2821/3036
f 3042/2824/3039 3038/2821/3036 3041/2823/3038
f 3042/2824/3039 3041/2823/3038 3044/2825/3040
f 3031/2815/3030 3033/2817/3032 3038/2821/3036
f 3031/2815/3030 3038/2821/3036 3042/2824/3039
f 3255/2816/3031 3031/2815/3030 3042/2824/3039
f 3255/2816/3031 3042/2824/3039 3043/2826/3041
f 3043/2826/3041 3042/2824/3039 3044/2825/3040
f 3043/2826/3041 3044/2825/3040 3045/2827/3042
f 3045/2827/3042 3044/2825/3040 3046/2828/3043
f 3045/2827/3042 3046/2828/3043 3047/2829/3044
f 3044/2825/3040 3041/2823/3038 3049/2830/3045
f 3044/2825/3040 3049/2830/3045 3046/2828/3043
f 3047/2829/3044 3046/2828/3043 3048/2831/3046
f 3047/2829/3044 3048/2831/3046 3264/2832/3047
f 3046/2828/3043 3049/2830/3045 3050/2833/3048
f 3046/2828/3043 3050/2833/3048 3048/2831/3046
f 3051/2834/3049 3050/2833/3048 3049/2830/3045
f 3041/2823/3038 3051/2834/3049 3049/2830/3045
f 3212/2822/3037 3053/2835/3050 3051/2834/3049
f 3212/2822/3037 3051/2834/3049 3041/2823/3038
f 3053/2835/3050 3055/2836/3051 3051/2834/3049
f 3055/2836/3051 3058/2837/3052 3056/2838/3053
f 3055/2836/3051 3056/2838/3053 3051/2834/3049
f 3051/2834/3049 3056/2838/3053 3050/2833/3048
f 3058/2837/3052 3201/2839/3054 3059/2840/3055
f 3058/2837/3052 3059/2840/3055 3056/2838/3053
f 3056/2838/3053 3059/2840/3055 3050/2833/3048
f 3048/2831/3046 3050/2833/3048 3059/2840/3055
f 3048/2831/3046 3059/2840/3055 3061/2841/3056
f 3264/2832/3047 3048/2831/3046 3060/2842/3057
f 3060/2842/3057 3048/2831/3046 3061/2841/3056
f 3060/2842/3057 3061/2841/3056 3062/2843/3058
f 3201/2839/3054 3064/2844/3059 3061/2841/3056
f 3201/2839/3054 3061/2841/3056 3059/2840/3055
f 3064/2844/3059 3066/2845/3060 3062/2843/3058
f 3064/2844/3059 3062/2843/3058 3061/2841/3056
f 3066/2845/3060 3069/2846/3061 3067/2847/3062
f 3066/2845/3060 3067/2847/3062 3062/2843/3058
f 3069/2846/3061 3185/2848/3063 3070/2849/3064
f 3069/2846/3061 3070/2849/3064 3067/2847/3062
f 3073/2850/3065 3071/2851/3066 3067/2847/3062
f 3073/2850/3065 3067/2847/3062 3070/2849/3064
f 3071/2851/3066 3060/2842/3057 3062/2843/3058
f 3071/2851/3066 3062/2843/3058 3067/2847/3062
f 3074/2852/3067 3072/2853/3068 3071/2851/3066
f 3074/2852/3067 3071/2851/3066 3073/2850/3065
f 3072/2853/3068 3264/2832/3047 3060/2842/3057
f 3072/2853/3068 3060/2842/3057 3071/2851/3066
f 3075/2854/3069 3073/2850/3065 3070/2849/3064
f 3076/2855/3070 3074/2852/3067 3073/2850/3065
f 3076/2855/3070 3073/2850/3065 3075/2854/3069
f 3077/2856/3071 3075/2854/3069 3070/2849/3064
f 3077/2856/3071 3070/2849/3064 3078/2857/3072
f 3185/2848/3063 3080/2858/3073 3078/2857/3072
f 3185/2848/3063 3078/2857/3072 3070/2849/3064
f 3080/2858/3073 3083/2859/3074 3081/2860/3075
f 3080/2858/3073 3081/2860/3075 3078/2857/3072
f 3083/2859/3074 3085/2861/3076 3081/2860/3075
f 3081/2860/3075 3087/2862/3077 3078/2857/3072
f 3085/2861/3076 3193/2863/3078 3086/2864/3079
f 3085/2861/3076 3086/2864/3079 3081/2860/3075
f 3081/2860/3075 3086/2864/3079 3087/2862/3077
f 3088/2865/3080 3077/2856/3071 3078/2857/3072
f 3088/2865/3080 3078/2857/3072 3087/2862/3077
f 3086/2864/3079 3091/2866/3081 3088/2865/3080
f 3086/2864/3079 3088/2865/3080 3087/2862/3077
f 3193/2863/3078 3090/2867/3082 3086/2864/3079
f 3090/2867/3082 3093/2868/3083 3091/2866/3081
f 3090/2867/3082 3091/2866/3081 3086/2864/3079
f 3093/2868/3083 3095/2869/3084 3091/2866/3081
f 3095/2869/3084 3195/2870/3085 3096/2871/3086
f 3095/2869/3084 3096/2871/3086 3091/2866/3081
f 3091/2866/3081 3096/2871/3086 3097/2872/3087
f 3091/2866/3081 3097/2872/3087 3088/2865/3080
f 3097/2872/3087 3098/2873/3088 3088/2865/3080
f 3088/2865/3080 3098/2873/3088 3077/2856/3071
f 3098/2873/3088 3099/2874/3089 3075/2854/3069
f 3098/2873/3088 3075/2854/3069 3077/2856/3071
f 3097/2872/3087 3100/2875/3090 3098/2873/3088
f 3100/2875/3090 3113/2876/3091 3099/2874/3089
f 3100/2875/3090 3099/2874/3089 3098/2873/3088
f 3101/2877/3092 3100/2875/3090 3097/2872/3087
f 3096/2871/3086 3104/2878/3093 3101/2877/3092
f 3096/2871/3086 3101/2877/3092 3097/2872/3087
f 3195/2870/3085 3103/2879/3094 3096/2871/3086
f 3103/2879/3094 3106/2880/3095 3104/2878/3093
f 3103/2879/3094 3104/2878/3093 3096/2871/3086
f 3106/2880/3095 3108/2881/3096 3104/2878/3093
f 3108/2881/3096 3127/2882/3097 3109/2883/3098
f 3108/2881/3096 3109/2883/3098 3104/2878/3093
f 3104/2878/3093 3109/2883/3098 3111/2884/3099
f 3104/2878/3093 3111/2884/3099 3101/2877/3092
f 3111/2884/3099 3114/2885/3100 3100/2875/3090
f 3111/2884/3099 3100/2875/3090 3101/2877/3092
f 3114/2885/3100 3115/2886/3101 3113/2876/3091
f 3114/2885/3100 3113/2876/3091 3100/2875/3090
f 3119/2887/3102 3116/2888/3103 3114/2885/3100
f 3119/2887/3102 3114/2885/3100 3111/2884/3099
f 3116/2888/3103 3118/2889/3104 3115/2886/3101
f 3116/2888/3103 3115/2886/3101 3114/2885/3100
f 2974/2763/2975 2980/2766/2978 3117/2890/3103
f 2974/2763/2975 3117/2890/3103 3120/2891/3105
f 2979/2772/2984 3246/2771/2983 3118/2889/3104
f 2979/2772/2984 3118/2889/3104 3116/2888/3103
f 3121/2892/3106 2973/2762/2974 2974/2763/2975
f 3121/2892/3106 2974/2763/2975 3120/2891/3105
f 3110/2893/3107 3121/2892/3106 3120/2891/3105
f 3110/2893/3107 3120/2891/3105 3112/2894/3108
f 3129/2895/3109 3125/2896/3110 3123/2897/3111
f 3129/2895/3109 3123/2897/3111 3126/2898/3112
f 3124/2899/3113 2965/2900/3114 2969/2901/3115
f 3124/2899/3113 2969/2901/3115 3122/2902/3116
f 3133/2903/3117 3131/2904/3118 3129/2895/3109
f 3133/2903/3117 3129/2895/3109 3126/2898/3112
f 3130/2905/3119 3142/2906/3120 3124/2899/3113
f 3130/2905/3119 3124/2899/3113 3128/2907/3121
f 3134/2908/3122 3133/2903/3117 3126/2898/3112
f 3134/2908/3122 3126/2898/3112 3132/2909/3123
f 3132/2909/3123 3126/2898/3112 3107/2910/3124
f 3132/2909/3123 3107/2910/3124 3105/2911/3125
f 3131/2904/3118 3133/2903/3117 3136/2912/3126
f 3133/2903/3117 3134/2908/3122 3157/2913/3127
f 3133/2903/3117 3157/2913/3127 3135/2914/3128
f 3136/2912/3126 3133/2903/3117 3135/2914/3128
f 3143/2915/3129 3131/2904/3118 3136/2912/3126
f 3143/2915/3129 3136/2912/3126 3138/2916/3130
f 3138/2916/3130 3136/2912/3126 3135/2914/3128
f 3138/2916/3130 3135/2914/3128 3141/2917/3131
f 2965/2900/3114 3142/2906/3120 3137/2918/3132
f 2965/2900/3114 3137/2918/3132 3139/2919/3133
f 3140/2920/3134 3138/2916/3130 3141/2917/3131
f 3140/2920/3134 3141/2917/3131 3144/2921/3135
f 3142/2906/3120 2965/2900/3114 3124/2899/3113
f 2955/2747/2959 2965/2900/3114 3139/2919/3133
f 2955/2747/2959 3139/2919/3133 3244/2748/2960
f 3144/2921/3135 3141/2917/3131 3145/2922/3136
f 3144/2921/3135 3145/2922/3136 3146/2923/3137
f 3141/2917/3131 3135/2914/3128 3145/2922/3136
f 3146/2923/3137 3145/2922/3136 3147/2924/3138
f 3145/2922/3136 3148/2925/3139 3147/2924/3138
f 3147/2924/3138 3148/2925/3139 3149/2926/3140
f 3147/2924/3138 3149/2926/3140 3150/2927/3141
f 3149/2926/3140 3151/2928/3142 3150/2927/3141
f 3148/2925/3139 3155/2929/3143 3152/2930/3144
f 3148/2925/3139 3152/2930/3144 3149/2926/3140
f 3149/2926/3140 3152/2930/3144 3154/2931/3145
f 3149/2926/3140 3154/2931/3145 3151/2928/3142
f 3155/2929/3143 3153/2932/3146 3152/2930/3144
f 3152/2930/3144 3153/2932/3146 3208/2933/3147
f 3152/2930/3144 3208/2933/3147 3154/2931/3145
f 3145/2922/3136 3156/2934/3148 3155/2929/3143
f 3145/2922/3136 3155/2929/3143 3148/2925/3139
f 3135/2914/3128 3156/2934/3148 3145/2922/3136
f 3135/2914/3128 3157/2913/3127 3156/2934/3148
f 3157/2913/3127 3158/2935/3149 3156/2934/3148
f 3156/2934/3148 3158/2935/3149 3159/2936/3150
f 3156/2934/3148 3159/2936/3150 3155/2929/3143
f 3157/2913/3127 3196/2937/3151 3158/2935/3149
f 3158/2935/3149 3160/2938/3152 3159/2936/3150
f 3159/2936/3150 3160/2938/3152 3163/2939/3153
f 3159/2936/3150 3163/2939/3153 3161/2940/3154
f 3155/2929/3143 3159/2936/3150 3161/2940/3154
f 3155/2929/3143 3161/2940/3154 3153/2932/3146
f 3153/2932/3146 3161/2940/3154 3162/2941/3155
f 3153/2932/3146 3162/2941/3155 3208/2933/3147
f 3161/2940/3154 3163/2939/3153 3164/2942/3156
f 3161/2940/3154 3164/2942/3156 3162/2941/3155
f 3160/2938/3152 3168/2943/3157 3165/2944/3158
f 3160/2938/3152 3165/2944/3158 3163/2939/3153
f 3163/2939/3153 3165/2944/3158 3167/2945/3159
f 3163/2939/3153 3167/2945/3159 3164/2942/3156
f 3168/2943/3157 3169/2946/3160 3166/2947/3161
f 3168/2943/3157 3166/2947/3161 3165/2944/3158
f 3165/2944/3158 3166/2947/3161 3205/2948/3162
f 3165/2944/3158 3205/2948/3162 3167/2945/3159
f 3170/2949/3163 3172/2950/3164 3169/2946/3160
f 3170/2949/3163 3169/2946/3160 3168/2943/3157
f 3158/2935/3149 3170/2949/3163 3168/2943/3157
f 3158/2935/3149 3168/2943/3157 3160/2938/3152
f 3196/2937/3151 3171/2951/3165 3170/2949/3163
f 3196/2937/3151 3170/2949/3163 3158/2935/3149
f 3171/2951/3165 3173/2952/3166 3172/2950/3164
f 3171/2951/3165 3172/2950/3164 3170/2949/3163
f 3173/2952/3166 3175/2953/3167 3174/2954/3168
f 3173/2952/3166 3174/2954/3168 3172/2950/3164
f 3172/2950/3164 3174/2954/3168 3177/2955/3169
f 3172/2950/3164 3177/2955/3169 3169/2946/3160
f 3175/2953/3167 3176/2956/3170 3174/2954/3168
f 3174/2954/3168 3176/2956/3170 3178/2957/3171
f 3174/2954/3168 3178/2957/3171 3177/2955/3169
f 3177/2955/3169 3178/2957/3171 3181/2958/3172
f 3177/2955/3169 3181/2958/3172 3179/2959/3173
f 3169/2946/3160 3177/2955/3169 3179/2959/3173
f 3169/2946/3160 3179/2959/3173 3166/2947/3161
f 3166/2947/3161 3179/2959/3173 3180/2960/3174
f 3166/2947/3161 3180/2960/3174 3205/2948/3162
f 3179/2959/3173 3181/2958/3172 3182/2961/3175
f 3179/2959/3173 3182/2961/3175 3180/2960/3174
f 3181/2958/3172 3178/2957/3171 3183/2962/3176
f 3182/2961/3175 3181/2958/3172 3183/2962/3176
f 3182/2961/3175 3183/2962/3176 3068/2963/3177
f 3182/2961/3175 3068/2963/3177 3065/2964/3178
f 3183/2962/3176 3178/2957/3171 3184/2965/3179
f 3183/2962/3176 3184/2965/3179 3068/2963/3177
f 3178/2957/3171 3176/2956/3170 3186/2966/3180
f 3178/2957/3171 3186/2966/3180 3079/2967/3181
f 3178/2957/3171 3079/2967/3181 3184/2965/3179
f 3176/2956/3170 3187/2968/3182 3186/2966/3180
f 3186/2966/3180 3187/2968/3182 3082/2969/3183
f 3186/2966/3180 3082/2969/3183 3079/2967/3181
f 3176/2956/3170 3188/2970/3184 3187/2968/3182
f 3187/2968/3182 3084/2971/3185 3082/2969/3183
f 3175/2953/3167 3188/2970/3184 3176/2956/3170
f 3189/2972/3186 3188/2970/3184 3175/2953/3167
f 3190/2973/3187 3189/2972/3186 3175/2953/3167
f 3190/2973/3187 3175/2953/3167 3173/2952/3166
f 3189/2972/3186 3190/2973/3187 3191/2974/3188
f 3189/2972/3186 3191/2974/3188 3092/2975/3189
f 3189/2972/3186 3092/2975/3189 3089/2976/3190
f 3188/2970/3184 3189/2972/3186 3089/2976/3190
f 3188/2970/3184 3089/2976/3190 3192/2977/3191
f 3187/2968/3182 3188/2970/3184 3192/2977/3191
f 3187/2968/3182 3192/2977/3191 3084/2971/3185
f 3191/2974/3188 3094/2978/3192 3092/2975/3189
f 3191/2974/3188 3132/2909/3123 3194/2979/3193
f 3191/2974/3188 3194/2979/3193 3094/2978/3192
f 3190/2973/3187 3134/2908/3122 3132/2909/3123
f 3190/2973/3187 3132/2909/3123 3191/2974/3188
f 3132/2909/3123 3102/2980/3194 3194/2979/3193
f 3132/2909/3123 3105/2911/3125 3102/2980/3194
f 3134/2908/3122 3196/2937/3151 3157/2913/3127
f 3134/2908/3122 3190/2973/3187 3171/2951/3165
f 3134/2908/3122 3171/2951/3165 3196/2937/3151
f 3190/2973/3187 3173/2952/3166 3171/2951/3165
f 3198/2981/3195 3182/2961/3175 3197/2982/3196
f 3197/2982/3196 3182/2961/3175 3065/2964/3178
f 3197/2982/3196 3065/2964/3178 3063/2983/3197
f 3197/2982/3196 3063/2983/3197 3200/2984/3198
f 3199/2985/3199 3198/2981/3195 3197/2982/3196
f 3199/2985/3199 3197/2982/3196 3202/2986/3200
f 3202/2986/3200 3197/2982/3196 3200/2984/3198
f 3202/2986/3200 3200/2984/3198 3057/2987/3201
f 3204/2988/3202 3199/2985/3199 3202/2986/3200
f 3204/2988/3202 3202/2986/3200 3203/2989/3203
f 3203/2989/3203 3202/2986/3200 3057/2987/3201
f 3203/2989/3203 3057/2987/3201 3054/2990/3204
f 3180/2960/3174 3182/2961/3175 3198/2981/3195
f 3180/2960/3174 3198/2981/3195 3199/2985/3199
f 3205/2948/3162 3180/2960/3174 3199/2985/3199
f 3205/2948/3162 3199/2985/3199 3204/2988/3202
f 3167/2945/3159 3205/2948/3162 3204/2988/3202
f 3167/2945/3159 3204/2988/3202 3206/2991/3205
f 3164/2942/3156 3167/2945/3159 3206/2991/3205
f 3164/2942/3156 3206/2991/3205 3207/2992/3206
f 3162/2941/3155 3164/2942/3156 3207/2992/3206
f 3162/2941/3155 3207/2992/3206 3209/2993/3207
f 3208/2933/3147 3162/2941/3155 3209/2993/3207
f 3208/2933/3147 3209/2993/3207 3210/2994/3208
f 3210/2994/3208 3209/2993/3207 3039/2995/3209
f 3210/2994/3208 3039/2995/3209 3036/2996/3210
f 3209/2993/3207 3207/2992/3206 3211/2997/3211
f 3209/2993/3207 3211/2997/3211 3039/2995/3209
f 3207/2992/3206 3206/2991/3205 3213/2998/3212
f 3207/2992/3206 3213/2998/3212 3052/2999/3213
f 3207/2992/3206 3052/2999/3213 3211/2997/3211
f 3206/2991/3205 3204/2988/3202 3203/2989/3203
f 3206/2991/3205 3203/2989/3203 3213/2998/3212
f 3213/2998/3212 3203/2989/3203 3054/2990/3204
f 3213/2998/3212 3054/2990/3204 3052/2999/3213
f 3214/3000/3214 3210/2994/3208 3036/2996/3210
f 3214/3000/3214 3036/2996/3210 3034/3001/3215
f 3215/3002/3216 3214/3000/3214 3034/3001/3215
f 3215/3002/3216 3034/3001/3215 3217/3003/3217
f 3216/3004/3218 3214/3000/3214 3215/3002/3216
f 3220/3005/3219 3216/3004/3218 3215/3002/3216
f 3220/3005/3219 3215/3002/3216 3219/3006/3220
f 3219/3006/3220 3215/3002/3216 3217/3003/3217
f 3219/3006/3220 3217/3003/3217 3022/3007/3221
f 3221/3008/3222 3220/3005/3219 3219/3006/3220
f 3150/2927/3141 3151/2928/3142 3216/3004/3218
f 3150/2927/3141 3216/3004/3218 3220/3005/3219
f 3232/3009/3223 3150/2927/3141 3220/3005/3219
f 3232/3009/3223 3220/3005/3219 3221/3008/3222
f 3151/2928/3142 3154/2931/3145 3216/3004/3218
f 3216/3004/3218 3154/2931/3145 3214/3000/3214
f 3154/2931/3145 3208/2933/3147 3210/2994/3208
f 3154/2931/3145 3210/2994/3208 3214/3000/3214
f 3222/3010/3224 3232/3009/3223 3221/3008/3222
f 3222/3010/3224 3221/3008/3222 3223/3011/3225
f 3224/3012/3226 3222/3010/3224 3223/3011/3225
f 3224/3012/3226 3223/3011/3225 3225/3013/3227
f 3224/3012/3226 3225/3013/3227 3014/3014/3228
f 3224/3012/3226 3014/3014/3228 3226/3015/3229
f 3226/3015/3229 3014/3014/3228 3010/3016/3230
f 3014/3014/3228 3225/3013/3227 3228/3017/3231
f 3225/3013/3227 3223/3011/3225 3020/3018/3232
f 3225/3013/3227 3020/3018/3232 3228/3017/3231
f 3223/3011/3225 3221/3008/3222 3219/3006/3220
f 3223/3011/3225 3219/3006/3220 3022/3007/3221
f 3223/3011/3225 3022/3007/3221 3020/3018/3232
f 3232/3009/3223 3224/3012/3226 3226/3015/3229
f 3232/3009/3223 3226/3015/3229 3230/3019/3233
f 3231/3020/3234 3227/3021/3235 3011/3022/3236
f 3231/3020/3234 3011/3022/3236 3008/3023/3237
f 3234/3024/3238 3231/3020/3234 3008/3023/3237
f 3234/3024/3238 3008/3023/3237 3236/2778/3239
f 3235/3025/3240 3232/3009/3223 3230/3019/3233
f 3235/3025/3240 3230/3019/3233 3233/3026/3241
f 3243/3027/3242 3235/3025/3240 3233/3026/3241
f 3243/3027/3242 3233/3026/3241 3239/3028/3243
f 3240/3029/3244 3234/3024/3238 3236/2778/3239
f 3240/3029/3244 3236/2778/3239 2991/2775/3245
f 3241/3030/3246 3243/3027/3242 3239/3028/3243
f 3242/3031/3247 3240/3029/3244 2991/2775/3245
f 3242/3031/3247 2991/2775/3245 2987/2774/2986
f 3241/3030/3246 3144/2921/3135 3243/3027/3242
f 3144/2921/3135 3146/2923/3137 3243/3027/3242
f 3243/3027/3242 3146/2923/3137 3147/2924/3138
f 3243/3027/3242 3147/2924/3138 3235/3025/3240
f 3235/3025/3240 3147/2924/3138 3150/2927/3141
f 3235/3025/3240 3150/2927/3141 3232/3009/3223
f 3232/3009/3223 3222/3010/3224 3224/3012/3226
f 2954/3032/3248 3245/3033/3249 3144/2921/3135
f 2954/3032/3248 3144/2921/3135 3241/3030/3246
f 3245/3033/3249 3140/2920/3134 3144/2921/3135
f 2954/3032/3248 3241/3030/3246 2961/3034/3250
f 2962/2754/2966 3242/3031/3247 2987/2774/2986
f 3246/2771/2983 3000/2787/3002 3247/3035/3251
f 3246/2771/2983 3247/3035/3251 3118/2889/3104
f 3118/2889/3104 3247/3035/3251 3249/3036/3252
f 3118/2889/3104 3249/3036/3252 3115/2886/3101
f 3000/2787/3002 3002/2788/3003 3248/3037/3253
f 3000/2787/3002 3248/3037/3253 3247/3035/3251
f 3247/3035/3251 3248/3037/3253 3249/3036/3252
f 3115/2886/3101 3249/3036/3252 3113/2876/3091
f 3249/3036/3252 3248/3037/3253 3251/3038/3254
f 3113/2876/3091 3249/3036/3252 3250/3039/3255
f 3249/3036/3252 3251/3038/3254 3250/3039/3255
f 3251/3038/3254 3252/3040/3256 3253/3041/3257
f 3248/3037/3253 3254/3042/3258 3252/3040/3256
f 3248/3037/3253 3252/3040/3256 3251/3038/3254
f 3254/3042/3258 3027/2811/3026 3030/2813/3028
f 3254/3042/3258 3030/2813/3028 3252/3040/3256
f 3252/3040/3256 3030/2813/3028 3255/2816/3031
f 3252/3040/3256 3255/2816/3031 3253/3041/3257
f 3248/3037/3253 3005/2790/3005 3254/3042/3258
f 3005/2790/3005 3027/2811/3026 3254/3042/3258
f 3002/2788/3003 3005/2790/3005 3248/3037/3253
f 3005/2790/3005 3004/2792/3007 3027/2811/3026
f 3253/3041/3257 3255/2816/3031 3043/2826/3041
f 3253/3041/3257 3043/2826/3041 3256/3043/3259
f 3251/3038/3254 3253/3041/3257 3256/3043/3259
f 3251/3038/3254 3256/3043/3259 3258/3044/3260
f 3256/3043/3259 3043/2826/3041 3045/2827/3042
f 3256/3043/3259 3045/2827/3042 3257/3045/3261
f 3258/3044/3260 3256/3043/3259 3257/3045/3261
f 3258/3044/3260 3257/3045/3261 3259/3046/3262
f 3250/3039/3255 3258/3044/3260 3259/3046/3262
f 3250/3039/3255 3259/3046/3262 3260/3047/3263
f 3250/3039/3255 3251/3038/3254 3258/3044/3260
f 3113/2876/3091 3250/3039/3255 3260/3047/3263
f 3113/2876/3091 3260/3047/3263 3099/2874/3089
f 3099/2874/3089 3260/3047/3263 3261/3048/3264
f 3260/3047/3263 3259/3046/3262 3262/3049/3265
f 3260/3047/3263 3262/3049/3265 3261/3048/3264
f 3099/2874/3089 3261/3048/3264 3076/2855/3070
f 3099/2874/3089 3076/2855/3070 3075/2854/3069
f 3261/3048/3264 3262/3049/3265 3074/2852/3067
f 3261/3048/3264 3074/2852/3067 3076/2855/3070
f 3262/3049/3265 3263/3050/3266 3072/2853/3068
f 3262/3049/3265 3072/2853/3068 3074/2852/3067
f 3259/3046/3262 3257/3045/3261 3263/3050/3266
f 3259/3046/3262 3263/3050/3266 3262/3049/3265
f 3257/3045/3261 3045/2827/3042 3047/2829/3044
f 3257/3045/3261 3047/2829/3044 3263/3050/3266
f 3263/3050/3266 3047/2829/3044 3264/2832/3047
f 3263/3050/3266 3264/2832/3047 3072/2853/3068
f 3265/3051/3267 3267/3052/3268 3438/3053/3269
f 3265/3051/3267 3438/3053/3269 3266/3054/3270
f 3267/3052/3268 3265/3051/3267 3268/3055/3271
f 3267/3052/3268 3268/3055/3271 3272/3056/3272
f 3265/3051/3267 3266/3054/3270 3285/3057/3273
f 3265/3051/3267 3285/3057/3273 3268/3055/3271
f 3442/3058/3274 3267/3052/3268 3270/3059/3275
f 3270/3059/3275 3267/3052/3268 3272/3056/3272
f 3275/3060/3276 3273/3061/3277 3276/3062/3278
f 3273/3061/3277 3269/3063/3279 3276/3062/3278
f 3275/3060/3276 3276/3062/3278 3277/3064/3280
f 3275/3060/3276 3277/3064/3280 3279/3065/3281
f 3276/3062/3278 3278/3066/3282 3277/3064/3280
f 3278/3066/3282 3280/3067/3283 3277/3064/3280
f 3277/3064/3280 3280/3067/3283 3282/3068/3284
f 3277/3064/3280 3282/3068/3284 3279/3065/3281
f 3278/3066/3282 3283/3069/3285 3281/3070/3286
f 3278/3066/3282 3281/3070/3286 3280/3067/3283
f 3280/3067/3283 3281/3070/3286 3549/3071/3287
f 3280/3067/3283 3549/3071/3287 3282/3068/3284
f 3284/3072/3288 3287/3073/3289 3283/3069/3285
f 3284/3072/3288 3283/3069/3285 3278/3066/3282
f 3276/3062/3278 3284/3072/3288 3278/3066/3282
f 3269/3063/3279 3286/3074/3290 3284/3072/3288
f 3269/3063/3279 3284/3072/3288 3276/3062/3278
f 3286/3074/3290 3289/3075/3291 3287/3073/3289
f 3286/3074/3290 3287/3073/3289 3284/3072/3288
f 3289/3075/3291 3292/3076/3292 3290/3077/3293
f 3289/3075/3291 3290/3077/3293 3287/3073/3289
f 3287/3073/3289 3290/3077/3293 3294/3078/3294
f 3287/3073/3289 3294/3078/3294 3283/3069/3285
f 3292/3076/3292 3543/3079/3295 3293/3080/3296
f 3292/3076/3292 3293/3080/3296 3290/3077/3293
f 3290/3077/3293 3293/3080/3296 3295/3081/3297
f 3290/3077/3293 3295/3081/3297 3294/3078/3294
f 3294/3078/3294 3295/3081/3297 3298/3082/3298
f 3294/3078/3294 3298/3082/3298 3296/3083/3299
f 3283/3069/3285 3294/3078/3294 3296/3083/3299
f 3283/3069/3285 3296/3083/3299 3281/3070/3286
f 3281/3070/3286 3296/3083/3299 3297/3084/3300
f 3281/3070/3286 3297/3084/3300 3549/3071/3287
f 3296/3083/3299 3298/3082/3298 3299/3085/3301
f 3296/3083/3299 3299/3085/3301 3297/3084/3300
f 3298/3082/3298 3300/3086/3302 3299/3085/3301
f 3295/3081/3297 3302/3087/3303 3300/3086/3302
f 3295/3081/3297 3300/3086/3302 3298/3082/3298
f 3302/3087/3303 3301/3088/3304 3300/3086/3302
f 3300/3086/3302 3301/3088/3304 3325/3089/3305
f 3303/3090/3306 3306/3091/3307 3301/3088/3304
f 3303/3090/3306 3301/3088/3304 3302/3087/3303
f 3293/3080/3296 3303/3090/3306 3302/3087/3303
f 3293/3080/3296 3302/3087/3303 3295/3081/3297
f 3543/3079/3295 3305/3092/3308 3303/3090/3306
f 3543/3079/3295 3303/3090/3306 3293/3080/3296
f 3305/3092/3308 3308/3093/3309 3306/3091/3307
f 3305/3092/3308 3306/3091/3307 3303/3090/3306
f 3308/3093/3309 3311/3094/3310 3309/3095/3311
f 3308/3093/3309 3309/3095/3311 3306/3091/3307
f 3306/3091/3307 3309/3095/3311 3313/3096/3312
f 3306/3091/3307 3313/3096/3312 3301/3088/3304
f 3311/3094/3310 3538/3097/3313 3312/3098/3314
f 3311/3094/3310 3312/3098/3314 3309/3095/3311
f 3309/3095/3311 3312/3098/3314 3313/3096/3312
f 3301/3088/3304 3313/3096/3312 3314/3099/3315
f 3301/3088/3304 3314/3099/3315 3325/3089/3305
f 3313/3096/3312 3312/3098/3314 3315/3100/3316
f 3313/3096/3312 3315/3100/3316 3314/3099/3315
f 3316/3101/3317 3318/3102/3318 3315/3100/3316
f 3316/3101/3317 3315/3100/3316 3312/3098/3314
f 3538/3097/3313 3318/3102/3318 3316/3101/3317
f 3538/3097/3313 3316/3101/3317 3312/3098/3314
f 3320/3103/3319 3323/3104/3320 3321/3105/3321
f 3320/3103/3319 3321/3105/3321 3318/3102/3318
f 3318/3102/3318 3321/3105/3321 3315/3100/3316
f 3323/3104/3320 3527/3106/3322 3324/3107/3323
f 3323/3104/3320 3324/3107/3323 3321/3105/3321
f 3321/3105/3321 3324/3107/3323 3315/3100/3316
f 3314/3099/3315 3315/3100/3316 3324/3107/3323
f 3314/3099/3315 3324/3107/3323 3326/3108/3324
f 3325/3089/3305 3314/3099/3315 3326/3108/3324
f 3325/3089/3305 3326/3108/3324 3327/3109/3325
f 3327/3109/3325 3326/3108/3324 3328/3110/3326
f 3327/3109/3325 3328/3110/3326 3329/3111/3327
f 3326/3108/3324 3324/3107/3323 3331/3112/3328
f 3326/3108/3324 3331/3112/3328 3328/3110/3326
f 3329/3111/3327 3328/3110/3326 3330/3113/3329
f 3329/3111/3327 3330/3113/3329 3559/3114/3330
f 3328/3110/3326 3331/3112/3328 3332/3115/3331
f 3328/3110/3326 3332/3115/3331 3330/3113/3329
f 3331/3112/3328 3335/3116/3332 3332/3115/3331
f 3527/3106/3322 3334/3117/3333 3331/3112/3328
f 3527/3106/3322 3331/3112/3328 3324/3107/3323
f 3334/3117/3333 3338/3118/3334 3335/3116/3332
f 3334/3117/3333 3335/3116/3332 3331/3112/3328
f 3338/3118/3334 3341/3119/3335 3339/3120/3336
f 3338/3118/3334 3339/3120/3336 3335/3116/3332
f 3335/3116/3332 3339/3120/3336 3332/3115/3331
f 3341/3119/3335 3521/3121/3337 3342/3122/3338
f 3341/3119/3335 3342/3122/3338 3339/3120/3336
f 3343/3123/3339 3339/3120/3336 3342/3122/3338
f 3343/3123/3339 3342/3122/3338 3345/3124/3340
f 3330/3113/3329 3332/3115/3331 3339/3120/3336
f 3330/3113/3329 3339/3120/3336 3343/3123/3339
f 3559/3114/3330 3330/3113/3329 3343/3123/3339
f 3559/3114/3330 3343/3123/3339 3344/3125/3341
f 3344/3125/3341 3343/3123/3339 3345/3124/3340
f 3344/3125/3341 3345/3124/3340 3346/3126/3342
f 3346/3126/3342 3345/3124/3340 3347/3127/3343
f 3346/3126/3342 3347/3127/3343 3348/3128/3344
f 3345/3124/3340 3342/3122/3338 3350/3129/3345
f 3345/3124/3340 3350/3129/3345 3347/3127/3343
f 3348/3128/3344 3347/3127/3343 3349/3130/3346
f 3348/3128/3344 3349/3130/3346 3569/3131/3347
f 3347/3127/3343 3350/3129/3345 3349/3130/3346
f 3351/3132/3348 3354/3133/3349 3350/3129/3345
f 3342/3122/3338 3351/3132/3348 3350/3129/3345
f 3521/3121/3337 3352/3134/3350 3351/3132/3348
f 3521/3121/3337 3351/3132/3348 3342/3122/3338
f 3352/3134/3350 3355/3135/3351 3354/3133/3349
f 3352/3134/3350 3354/3133/3349 3351/3132/3348
f 3355/3135/3351 3357/3136/3352 3354/3133/3349
f 3354/3133/3349 3359/3137/3353 3350/3129/3345
f 3357/3136/3352 3506/3138/3354 3359/3137/3353
f 3357/3136/3352 3359/3137/3353 3354/3133/3349
f 3349/3130/3346 3350/3129/3345 3359/3137/3353
f 3349/3130/3346 3359/3137/3353 3360/3139/3355
f 3569/3131/3347 3349/3130/3346 3360/3139/3355
f 3569/3131/3347 3360/3139/3355 3361/3140/3356
f 3360/3139/3355 3364/3141/3357 3361/3140/3356
f 3506/3138/3354 3362/3142/3358 3360/3139/3355
f 3506/3138/3354 3360/3139/3355 3359/3137/3353
f 3362/3142/3358 3365/3143/3359 3364/3141/3357
f 3362/3142/3358 3364/3141/3357 3360/3139/3355
f 3365/3143/3359 3368/3144/3360 3367/3145/3361
f 3365/3143/3359 3367/3145/3361 3364/3141/3357
f 3364/3141/3357 3367/3145/3361 3371/3146/3362
f 3364/3141/3357 3371/3146/3362 3361/3140/3356
f 3368/3144/3360 3490/3147/3363 3370/3148/3364
f 3368/3144/3360 3370/3148/3364 3367/3145/3361
f 3367/3145/3361 3370/3148/3364 3371/3146/3362
f 3373/3149/3365 3372/3150/3366 3371/3146/3362
f 3373/3149/3365 3371/3146/3362 3370/3148/3364
f 3372/3150/3366 3569/3131/3347 3361/3140/3356
f 3372/3150/3366 3361/3140/3356 3371/3146/3362
f 3375/3151/3367 3373/3149/3365 3370/3148/3364
f 3375/3151/3367 3370/3148/3364 3374/3152/3368
f 3398/3153/3369 3375/3151/3367 3374/3152/3368
f 3398/3153/3369 3374/3152/3368 3376/3154/3370
f 3374/3152/3368 3379/3155/3371 3376/3154/3370
f 3490/3147/3363 3378/3156/3372 3374/3152/3368
f 3490/3147/3363 3374/3152/3368 3370/3148/3364
f 3378/3156/3372 3381/3157/3373 3379/3155/3371
f 3378/3156/3372 3379/3155/3371 3374/3152/3368
f 3381/3157/3373 3384/3158/3374 3382/3159/3375
f 3381/3157/3373 3382/3159/3375 3379/3155/3371
f 3379/3155/3371 3382/3159/3375 3386/3160/3376
f 3379/3155/3371 3386/3160/3376 3376/3154/3370
f 3384/3158/3374 3498/3161/3377 3385/3162/3378
f 3384/3158/3374 3385/3162/3378 3382/3159/3375
f 3387/3163/3379 3386/3160/3376 3382/3159/3375
f 3386/3160/3376 3398/3153/3369 3376/3154/3370
f 3385/3162/3378 3390/3164/3380 3387/3163/3379
f 3385/3162/3378 3387/3163/3379 3382/3159/3375
f 3498/3161/3377 3389/3165/3381 3385/3162/3378
f 3389/3165/3381 3392/3166/3382 3390/3164/3380
f 3389/3165/3381 3390/3164/3380 3385/3162/3378
f 3392/3166/3382 3394/3167/3383 3390/3164/3380
f 3394/3167/3383 3404/3168/3384 3395/3169/3385
f 3394/3167/3383 3395/3169/3385 3390/3164/3380
f 3390/3164/3380 3395/3169/3385 3396/3170/3386
f 3390/3164/3380 3396/3170/3386 3387/3163/3379
f 3396/3170/3386 3397/3171/3387 3387/3163/3379
f 3387/3163/3379 3397/3171/3387 3386/3160/3376
f 3397/3171/3387 3399/3172/3388 3398/3153/3369
f 3397/3171/3387 3398/3153/3369 3386/3160/3376
f 3396/3170/3386 3400/3173/3389 3397/3171/3387
f 3400/3173/3389 3402/3174/3390 3399/3172/3388
f 3400/3173/3389 3399/3172/3388 3397/3171/3387
f 3403/3175/3391 3401/3176/3392 3400/3173/3389
f 3403/3175/3391 3400/3173/3389 3396/3170/3386
f 3401/3176/3392 3568/3177/3393 3402/3174/3390
f 3401/3176/3392 3402/3174/3390 3400/3173/3389
f 3404/3168/3384 3407/3178/3394 3403/3175/3391
f 3404/3168/3384 3403/3175/3391 3396/3170/3386
f 3395/3169/3385 3404/3168/3384 3396/3170/3386
f 3405/3179/3395 3407/3178/3394 3404/3168/3384
f 3407/3178/3394 3409/3180/3396 3412/3181/3397
f 3407/3178/3394 3412/3181/3397 3403/3175/3391
f 3409/3180/3396 3411/3182/3398 3413/3183/3399
f 3409/3180/3396 3413/3183/3399 3412/3181/3397
f 3413/3183/3399 3416/3184/3400 3414/3185/3401
f 3413/3183/3399 3414/3185/3401 3412/3181/3397
f 3412/3181/3397 3414/3185/3401 3401/3176/3392
f 3412/3181/3397 3401/3176/3392 3403/3175/3391
f 3416/3184/3400 3417/3186/3402 3415/3187/3403
f 3416/3184/3400 3415/3187/3403 3414/3185/3401
f 3414/3185/3401 3415/3187/3403 3568/3177/3393
f 3414/3185/3401 3568/3177/3393 3401/3176/3392
f 3420/3188/3404 3418/3189/3405 3416/3184/3400
f 3420/3188/3404 3416/3184/3400 3413/3183/3399
f 3418/3189/3405 3419/3190/3406 3417/3186/3402
f 3418/3189/3405 3417/3186/3402 3416/3184/3400
f 3279/3065/3281 3282/3068/3284 3418/3189/3405
f 3279/3065/3281 3418/3189/3405 3420/3188/3404
f 3282/3068/3284 3549/3071/3287 3419/3190/3406
f 3282/3068/3284 3419/3190/3406 3418/3189/3405
f 3421/3191/3407 3275/3060/3276 3279/3065/3281
f 3421/3191/3407 3279/3065/3281 3420/3188/3404
f 3411/3182/3398 3421/3191/3407 3420/3188/3404
f 3411/3182/3398 3420/3188/3404 3413/3183/3399
f 3424/3192/3408 3422/3193/3409 3423/3194/3410
f 3422/3193/3409 3271/3195/3411 3274/3196/3412
f 3427/3197/3413 3426/3198/3414 3424/3192/3408
f 3427/3197/3413 3424/3192/3408 3423/3194/3410
f 3426/3198/3414 3441/3199/3415 3422/3193/3409
f 3426/3198/3414 3422/3193/3409 3424/3192/3408
f 3428/3200/3416 3427/3197/3413 3423/3194/3410
f 3428/3200/3416 3423/3194/3410 3410/3201/3417
f 3426/3198/3414 3427/3197/3413 3430/3202/3418
f 3426/3198/3414 3430/3202/3418 3435/3203/3419
f 3427/3197/3413 3428/3200/3416 3432/3204/3420
f 3427/3197/3413 3432/3204/3420 3430/3202/3418
f 3429/3205/3418 3431/3206/3421 3463/3207/3422
f 3429/3205/3418 3463/3207/3422 3433/3208/3423
f 3434/3209/3419 3429/3205/3418 3433/3208/3423
f 3434/3209/3419 3433/3208/3423 3436/3210/3424
f 3440/3211/3425 3425/3212/3426 3434/3209/3419
f 3440/3211/3425 3434/3209/3419 3437/3213/3427
f 3437/3213/3427 3434/3209/3419 3436/3210/3424
f 3437/3213/3427 3436/3210/3424 3439/3214/3428
f 3442/3058/3274 3440/3211/3425 3437/3213/3427
f 3442/3058/3274 3437/3213/3427 3438/3053/3269
f 3438/3053/3269 3437/3213/3427 3439/3214/3428
f 3438/3053/3269 3439/3214/3428 3444/3215/3429
f 3441/3199/3415 3443/3216/3430 3271/3195/3411
f 3441/3199/3415 3271/3195/3411 3422/3193/3409
f 3267/3052/3268 3442/3058/3274 3438/3053/3269
f 3444/3215/3429 3439/3214/3428 3445/3217/3431
f 3444/3215/3429 3445/3217/3431 3446/3218/3432
f 3439/3214/3428 3436/3210/3424 3447/3219/3433
f 3439/3214/3428 3447/3219/3433 3445/3217/3431
f 3446/3218/3432 3445/3217/3431 3448/3220/3434
f 3446/3218/3432 3448/3220/3434 3449/3221/3435
f 3445/3217/3431 3447/3219/3433 3448/3220/3434
f 3449/3221/3435 3448/3220/3434 3450/3222/3436
f 3449/3221/3435 3450/3222/3436 3451/3223/3437
f 3451/3223/3437 3450/3222/3436 3452/3224/3438
f 3450/3222/3436 3453/3225/3439 3452/3224/3438
f 3448/3220/3434 3458/3226/3440 3454/3227/3441
f 3448/3220/3434 3454/3227/3441 3450/3222/3436
f 3450/3222/3436 3454/3227/3441 3457/3228/3442
f 3450/3222/3436 3457/3228/3442 3453/3225/3439
f 3458/3226/3440 3459/3229/3443 3455/3230/3444
f 3458/3226/3440 3455/3230/3444 3454/3227/3441
f 3454/3227/3441 3455/3230/3444 3547/3231/3445
f 3454/3227/3441 3547/3231/3445 3457/3228/3442
f 3447/3219/3433 3461/3232/3446 3459/3229/3443
f 3447/3219/3433 3459/3229/3443 3458/3226/3440
f 3447/3219/3433 3458/3226/3440 3448/3220/3434
f 3436/3210/3424 3433/3208/3423 3447/3219/3433
f 3433/3208/3423 3463/3207/3422 3461/3232/3446
f 3433/3208/3423 3461/3232/3446 3447/3219/3433
f 3464/3233/3422 3466/3234/3447 3465/3235/3448
f 3464/3233/3422 3465/3235/3448 3462/3236/3449
f 3462/3236/3449 3465/3235/3448 3468/3237/3450
f 3462/3236/3449 3468/3237/3450 3460/3238/3451
f 3466/3234/3447 3503/3239/3452 3467/3240/3453
f 3466/3234/3447 3467/3240/3453 3465/3235/3448
f 3465/3235/3448 3467/3240/3453 3469/3241/3454
f 3465/3235/3448 3469/3241/3454 3468/3237/3450
f 3468/3237/3450 3469/3241/3454 3472/3242/3455
f 3468/3237/3450 3472/3242/3455 3470/3243/3456
f 3460/3238/3451 3468/3237/3450 3470/3243/3456
f 3460/3238/3451 3470/3243/3456 3456/3244/3457
f 3456/3244/3457 3470/3243/3456 3471/3245/3458
f 3456/3244/3457 3471/3245/3458 3548/3246/3459
f 3470/3243/3456 3472/3242/3455 3473/3247/3460
f 3470/3243/3456 3473/3247/3460 3471/3245/3458
f 3469/3241/3454 3477/3248/3461 3474/3249/3462
f 3469/3241/3454 3474/3249/3462 3472/3242/3455
f 3472/3242/3455 3474/3249/3462 3476/3250/3463
f 3472/3242/3455 3476/3250/3463 3473/3247/3460
f 3477/3248/3461 3478/3251/3464 3475/3252/3465
f 3477/3248/3461 3475/3252/3465 3474/3249/3462
f 3474/3249/3462 3475/3252/3465 3512/3253/3466
f 3474/3249/3462 3512/3253/3466 3476/3250/3463
f 3479/3254/3467 3481/3255/3468 3478/3251/3464
f 3479/3254/3467 3478/3251/3464 3477/3248/3461
f 3467/3240/3453 3479/3254/3467 3477/3248/3461
f 3467/3240/3453 3477/3248/3461 3469/3241/3454
f 3503/3239/3452 3480/3256/3469 3479/3254/3467
f 3503/3239/3452 3479/3254/3467 3467/3240/3453
f 3480/3256/3469 3481/3255/3468 3479/3254/3467
f 3480/3256/3469 3483/3257/3470 3482/3258/3471
f 3480/3256/3469 3482/3258/3471 3481/3255/3468
f 3481/3255/3468 3482/3258/3471 3484/3259/3472
f 3481/3255/3468 3484/3259/3472 3478/3251/3464
f 3482/3258/3471 3485/3260/3473 3484/3259/3472
f 3484/3259/3472 3485/3260/3473 3488/3261/3474
f 3484/3259/3472 3488/3261/3474 3486/3262/3475
f 3478/3251/3464 3484/3259/3472 3486/3262/3475
f 3478/3251/3464 3486/3262/3475 3475/3252/3465
f 3475/3252/3465 3486/3262/3475 3487/3263/3476
f 3475/3252/3465 3487/3263/3476 3512/3253/3466
f 3486/3262/3475 3488/3261/3474 3489/3264/3477
f 3486/3262/3475 3489/3264/3477 3487/3263/3476
f 3489/3264/3477 3488/3261/3474 3369/3265/3478
f 3489/3264/3477 3369/3265/3478 3366/3266/3479
f 3488/3261/3474 3485/3260/3473 3491/3267/3480
f 3488/3261/3474 3491/3267/3480 3369/3265/3478
f 3485/3260/3473 3482/3258/3471 3492/3268/3481
f 3485/3260/3473 3492/3268/3481 3377/3269/3482
f 3485/3260/3473 3377/3269/3482 3491/3267/3480
f 3482/3258/3471 3483/3257/3470 3383/3270/3483
f 3482/3258/3471 3383/3270/3483 3492/3268/3481
f 3492/3268/3481 3383/3270/3483 3380/3271/3484
f 3492/3268/3481 3380/3271/3484 3377/3269/3482
f 3483/3257/3470 3494/3272/3485 3493/3273/3486
f 3483/3257/3470 3493/3273/3486 3383/3270/3483
f 3495/3274/3487 3494/3272/3485 3483/3257/3470
f 3495/3274/3487 3483/3257/3470 3480/3256/3469
f 3495/3274/3487 3496/3275/3488 3494/3272/3485
f 3494/3272/3485 3496/3275/3488 3391/3276/3489
f 3494/3272/3485 3391/3276/3489 3388/3277/3490
f 3493/3273/3486 3494/3272/3485 3388/3277/3490
f 3493/3273/3486 3388/3277/3490 3497/3278/3491
f 3493/3273/3486 3497/3278/3491 3383/3270/3483
f 3495/3274/3487 3499/3279/3492 3496/3275/3488
f 3496/3275/3488 3393/3280/3493 3391/3276/3489
f 3496/3275/3488 3406/3281/3494 3500/3282/3495
f 3496/3275/3488 3500/3282/3495 3393/3280/3493
f 3499/3279/3492 3406/3281/3494 3496/3275/3488
f 3499/3279/3492 3408/3283/3496 3406/3281/3494
f 3499/3279/3492 3428/3200/3416 3410/3201/3417
f 3499/3279/3492 3410/3201/3417 3408/3283/3496
f 3428/3200/3416 3499/3279/3492 3501/3284/3497
f 3428/3200/3416 3501/3284/3497 3432/3204/3420
f 3499/3279/3492 3502/3285/3498 3501/3284/3497
f 3432/3204/3420 3501/3284/3497 3466/3234/3447
f 3432/3204/3420 3466/3234/3447 3464/3233/3422
f 3501/3284/3497 3502/3285/3498 3503/3239/3452
f 3501/3284/3497 3503/3239/3452 3466/3234/3447
f 3502/3285/3498 3480/3256/3469 3503/3239/3452
f 3499/3279/3492 3495/3274/3487 3502/3285/3498
f 3502/3285/3498 3495/3274/3487 3480/3256/3469
f 3504/3286/3499 3489/3264/3477 3366/3266/3479
f 3504/3286/3499 3366/3266/3479 3363/3287/3500
f 3505/3288/3501 3504/3286/3499 3363/3287/3500
f 3505/3288/3501 3363/3287/3500 3507/3289/3502
f 3510/3290/3503 3505/3288/3501 3508/3291/3504
f 3508/3291/3504 3505/3288/3501 3507/3289/3502
f 3508/3291/3504 3507/3289/3502 3358/3292/3505
f 3511/3293/3506 3510/3290/3503 3508/3291/3504
f 3511/3293/3506 3508/3291/3504 3509/3294/3507
f 3509/3294/3507 3508/3291/3504 3358/3292/3505
f 3509/3294/3507 3358/3292/3505 3356/3295/3508
f 3510/3290/3503 3504/3286/3499 3505/3288/3501
f 3487/3263/3476 3489/3264/3477 3504/3286/3499
f 3487/3263/3476 3504/3286/3499 3510/3290/3503
f 3512/3253/3466 3487/3263/3476 3510/3290/3503
f 3512/3253/3466 3510/3290/3503 3511/3293/3506
f 3476/3250/3463 3512/3253/3466 3511/3293/3506
f 3476/3250/3463 3511/3293/3506 3513/3296/3509
f 3473/3247/3460 3476/3250/3463 3513/3296/3509
f 3473/3247/3460 3513/3296/3509 3514/3297/3510
f 3471/3245/3458 3473/3247/3460 3514/3297/3510
f 3471/3245/3458 3514/3297/3510 3517/3298/3511
f 3548/3246/3459 3471/3245/3458 3516/3299/3512
f 3516/3299/3512 3471/3245/3458 3517/3298/3511
f 3516/3299/3512 3517/3298/3511 3519/3300/3513
f 3519/3300/3513 3517/3298/3511 3520/3301/3514
f 3520/3301/3514 3517/3298/3511 3340/3302/3515
f 3520/3301/3514 3340/3302/3515 3337/3303/3516
f 3517/3298/3511 3514/3297/3510 3522/3304/3517
f 3517/3298/3511 3522/3304/3517 3340/3302/3515
f 3514/3297/3510 3513/3296/3509 3523/3305/3518
f 3514/3297/3510 3523/3305/3518 3353/3306/3519
f 3514/3297/3510 3353/3306/3519 3522/3304/3517
f 3513/3296/3509 3511/3293/3506 3509/3294/3507
f 3513/3296/3509 3509/3294/3507 3523/3305/3518
f 3523/3305/3518 3509/3294/3507 3356/3295/3508
f 3523/3305/3518 3356/3295/3508 3353/3306/3519
f 3524/3307/3520 3518/3308/3521 3336/3309/3522
f 3524/3307/3520 3336/3309/3522 3333/3310/3523
f 3525/3311/3524 3524/3307/3520 3333/3310/3523
f 3525/3311/3524 3333/3310/3523 3526/3312/3525
f 3528/3313/3526 3525/3311/3524 3526/3312/3525
f 3528/3313/3526 3526/3312/3525 3322/3314/3527
f 3529/3315/3528 3528/3313/3526 3322/3314/3527
f 3529/3315/3528 3322/3314/3527 3319/3316/3529
f 3530/3317/3530 3453/3225/3439 3525/3311/3524
f 3530/3317/3530 3525/3311/3524 3528/3313/3526
f 3531/3318/3531 3530/3317/3530 3528/3313/3526
f 3531/3318/3531 3528/3313/3526 3529/3315/3528
f 3452/3224/3438 3453/3225/3439 3530/3317/3530
f 3452/3224/3438 3530/3317/3530 3531/3318/3531
f 3453/3225/3439 3457/3228/3442 3524/3307/3520
f 3453/3225/3439 3524/3307/3520 3525/3311/3524
f 3457/3228/3442 3547/3231/3445 3515/3319/3532
f 3457/3228/3442 3515/3319/3532 3518/3308/3521
f 3457/3228/3442 3518/3308/3521 3524/3307/3520
f 3533/3320/3533 3452/3224/3438 3531/3318/3531
f 3533/3320/3533 3531/3318/3531 3532/3321/3534
f 3532/3321/3534 3531/3318/3531 3529/3315/3528
f 3532/3321/3534 3529/3315/3528 3534/3322/3535
f 3532/3321/3534 3534/3322/3535 3535/3323/3536
f 3532/3321/3534 3535/3323/3536 3536/3324/3537
f 3533/3320/3533 3532/3321/3534 3536/3324/3537
f 3533/3320/3533 3536/3324/3537 3310/3325/3538
f 3536/3324/3537 3535/3323/3536 3537/3326/3539
f 3536/3324/3537 3537/3326/3539 3310/3325/3538
f 3535/3323/3536 3534/3322/3535 3317/3327/3540
f 3535/3323/3536 3317/3327/3540 3537/3326/3539
f 3534/3322/3535 3529/3315/3528 3319/3316/3529
f 3534/3322/3535 3319/3316/3529 3317/3327/3540
f 3539/3328/3541 3533/3320/3533 3310/3325/3538
f 3539/3328/3541 3310/3325/3538 3307/3329/3542
f 3539/3328/3541 3307/3329/3542 3304/3330/3543
f 3540/3331/3544 3539/3328/3541 3304/3330/3543
f 3540/3331/3544 3304/3330/3543 3542/3332/3545
f 3541/3333/3546 3539/3328/3541 3540/3331/3544
f 3545/3334/3547 3541/3333/3546 3540/3331/3544
f 3545/3334/3547 3540/3331/3544 3544/3335/3548
f 3544/3335/3548 3540/3331/3544 3542/3332/3545
f 3544/3335/3548 3542/3332/3545 3291/3336/3549
f 3546/3337/3550 3545/3334/3547 3544/3335/3548
f 3544/3335/3548 3291/3336/3549 3288/3338/3551
f 3546/3337/3550 3444/3215/3429 3446/3218/3432
f 3546/3337/3550 3446/3218/3432 3545/3334/3547
f 3545/3334/3547 3446/3218/3432 3449/3221/3435
f 3545/3334/3547 3449/3221/3435 3541/3333/3546
f 3541/3333/3546 3449/3221/3435 3451/3223/3437
f 3541/3333/3546 3451/3223/3437 3539/3328/3541
f 3451/3223/3437 3452/3224/3438 3533/3320/3533
f 3539/3328/3541 3451/3223/3437 3533/3320/3533
f 3266/3054/3270 3438/3053/3269 3546/3337/3550
f 3438/3053/3269 3444/3215/3429 3546/3337/3550
f 3266/3054/3270 3546/3337/3550 3544/3335/3548
f 3266/3054/3270 3544/3335/3548 3288/3338/3551
f 3266/3054/3270 3288/3338/3551 3285/3057/3273
f 3549/3071/3287 3297/3084/3300 3550/3339/3552
f 3549/3071/3287 3550/3339/3552 3419/3190/3406
f 3419/3190/3406 3550/3339/3552 3552/3340/3553
f 3419/3190/3406 3552/3340/3553 3417/3186/3402
f 3297/3084/3300 3299/3085/3301 3551/3341/3554
f 3297/3084/3300 3551/3341/3554 3550/3339/3552
f 3550/3339/3552 3551/3341/3554 3552/3340/3553
f 3417/3186/3402 3552/3340/3553 3415/3187/3403
f 3552/3340/3553 3551/3341/3554 3554/3342/3555
f 3415/3187/3403 3552/3340/3553 3553/3343/3556
f 3415/3187/3403 3553/3343/3556 3568/3177/3393
f 3552/3340/3553 3554/3342/3555 3555/3344/3557
f 3552/3340/3553 3555/3344/3557 3553/3343/3556
f 3554/3342/3555 3556/3345/3558 3557/3346/3559
f 3554/3342/3555 3557/3346/3559 3555/3344/3557
f 3551/3341/3554 3558/3347/3560 3556/3345/3558
f 3551/3341/3554 3556/3345/3558 3554/3342/3555
f 3558/3347/3560 3327/3109/3325 3329/3111/3327
f 3558/3347/3560 3329/3111/3327 3556/3345/3558
f 3556/3345/3558 3329/3111/3327 3559/3114/3330
f 3556/3345/3558 3559/3114/3330 3557/3346/3559
f 3558/3347/3560 3325/3089/3305 3327/3109/3325
f 3299/3085/3301 3300/3086/3302 3558/3347/3560
f 3299/3085/3301 3558/3347/3560 3551/3341/3554
f 3300/3086/3302 3325/3089/3305 3558/3347/3560
f 3557/3346/3559 3559/3114/3330 3344/3125/3341
f 3557/3346/3559 3344/3125/3341 3560/3348/3561
f 3555/3344/3557 3557/3346/3559 3560/3348/3561
f 3555/3344/3557 3560/3348/3561 3562/3349/3562
f 3560/3348/3561 3344/3125/3341 3346/3126/3342
f 3560/3348/3561 3346/3126/3342 3561/3350/3563
f 3562/3349/3562 3560/3348/3561 3561/3350/3563
f 3562/3349/3562 3561/3350/3563 3563/3351/3564
f 3564/3352/3565 3562/3349/3562 3563/3351/3564
f 3564/3352/3565 3563/3351/3564 3565/3353/3566
f 3553/3343/3556 3555/3344/3557 3562/3349/3562
f 3553/3343/3556 3562/3349/3562 3564/3352/3565
f 3568/3177/3393 3553/3343/3556 3564/3352/3565
f 3568/3177/3393 3564/3352/3565 3402/3174/3390
f 3402/3174/3390 3564/3352/3565 3565/3353/3566
f 3402/3174/3390 3565/3353/3566 3399/3172/3388
f 3399/3172/3388 3565/3353/3566 3375/3151/3367
f 3399/3172/3388 3375/3151/3367 3398/3153/3369
f 3565/3353/3566 3563/3351/3564 3566/3354/3567
f 3565/3353/3566 3566/3354/3567 3375/3151/3367
f 3375/3151/3367 3566/3354/3567 3373/3149/3365
f 3566/3354/3567 3567/3355/3568 3372/3150/3366
f 3566/3354/3567 3372/3150/3366 3373/3149/3365
f 3563/3351/3564 3561/3350/3563 3567/3355/3568
f 3563/3351/3564 3567/3355/3568 3566/3354/3567
f 3561/3350/3563 3346/3126/3342 3348/3128/3344
f 3561/3350/3563 3348/3128/3344 3567/3355/3568
f 3567/3355/3568 3348/3128/3344 3569/3131/3347
f 3567/3355/3568 3569/3131/3347 3372/3150/3366
f 3570/3356/3569 3571/3357/3570 3576/3358/3571
f 3570/3356/3569 3576/3358/3571 3574/3359/3572
f 3573/3360/3573 3570/3356/3569 3574/3359/3572
f 3573/3360/3573 3574/3359/3572 3577/3361/3574
f 3763/3362/3575 3573/3360/3573 3577/3361/3574
f 3763/3362/3575 3577/3361/3574 3578/3363/3576
f 3580/3364/3577 3579/3365/3578 3581/3366/3579
f 3579/3365/3578 3575/3367/3580 3582/3368/3581
f 3581/3366/3579 3579/3365/3578 3583/3369/3582
f 3581/3366/3579 3583/3369/3582 3586/3370/3583
f 3579/3365/3578 3582/3368/3581 3584/3371/3584
f 3579/3365/3578 3584/3371/3584 3583/3369/3582
f 3585/3372/3585 3590/3373/3586 3587/3374/3587
f 3585/3372/3585 3587/3374/3587 3583/3369/3582
f 3583/3369/3582 3587/3374/3587 3589/3375/3588
f 3583/3369/3582 3589/3375/3588 3586/3370/3583
f 3590/3373/3586 3591/3376/3589 3588/3377/3590
f 3590/3373/3586 3588/3377/3590 3587/3374/3587
f 3587/3374/3587 3588/3377/3590 3907/3378/3591
f 3587/3374/3587 3907/3378/3591 3589/3375/3588
f 3582/3368/3581 3593/3379/3592 3591/3376/3589
f 3582/3368/3581 3591/3376/3589 3590/3373/3586
f 3582/3368/3581 3590/3373/3586 3584/3371/3584
f 3575/3367/3580 3592/3380/3593 3582/3368/3581
f 3592/3380/3593 3594/3381/3594 3593/3379/3592
f 3592/3380/3593 3593/3379/3592 3582/3368/3581
f 3593/3379/3592 3598/3382/3595 3591/3376/3589
f 3594/3381/3594 3897/3383/3596 3597/3384/3597
f 3594/3381/3594 3597/3384/3597 3593/3379/3592
f 3593/3379/3592 3597/3384/3597 3599/3385/3598
f 3593/3379/3592 3599/3385/3598 3598/3382/3595
f 3598/3382/3595 3599/3385/3598 3602/3386/3599
f 3598/3382/3595 3602/3386/3599 3600/3387/3600
f 3591/3376/3589 3598/3382/3595 3600/3387/3600
f 3591/3376/3589 3600/3387/3600 3588/3377/3590
f 3588/3377/3590 3600/3387/3600 3601/3388/3601
f 3588/3377/3590 3601/3388/3601 3907/3378/3591
f 3600/3387/3600 3602/3386/3599 3603/3389/3602
f 3600/3387/3600 3603/3389/3602 3601/3388/3601
f 3602/3386/3599 3604/3390/3603 3606/3391/3604
f 3602/3386/3599 3606/3391/3604 3603/3389/3602
f 3599/3385/3598 3607/3392/3605 3604/3390/3603
f 3599/3385/3598 3604/3390/3603 3602/3386/3599
f 3607/3392/3605 3608/3393/3606 3605/3394/3607
f 3607/3392/3605 3605/3394/3607 3604/3390/3603
f 3604/3390/3603 3605/3394/3607 3606/3391/3604
f 3609/3395/3608 3612/3396/3609 3608/3393/3606
f 3609/3395/3608 3608/3393/3606 3607/3392/3605
f 3597/3384/3597 3609/3395/3608 3607/3392/3605
f 3597/3384/3597 3607/3392/3605 3599/3385/3598
f 3897/3383/3596 3610/3397/3610 3609/3395/3608
f 3897/3383/3596 3609/3395/3608 3597/3384/3597
f 3610/3397/3610 3613/3398/3611 3612/3396/3609
f 3610/3397/3610 3612/3396/3609 3609/3395/3608
f 3613/3398/3611 3616/3399/3612 3615/3400/3613
f 3613/3398/3611 3615/3400/3613 3612/3396/3609
f 3612/3396/3609 3615/3400/3613 3619/3401/3614
f 3612/3396/3609 3619/3401/3614 3608/3393/3606
f 3616/3399/3612 3618/3402/3615 3615/3400/3613
f 3615/3400/3613 3618/3402/3615 3620/3403/3616
f 3615/3400/3613 3620/3403/3616 3619/3401/3614
f 3619/3401/3614 3621/3404/3617 3623/3405/3618
f 3619/3401/3614 3623/3405/3618 3622/3406/3619
f 3608/3393/3606 3619/3401/3614 3622/3406/3619
f 3608/3393/3606 3622/3406/3619 3605/3394/3607
f 3624/3407/3620 3626/3408/3621 3623/3405/3618
f 3618/3402/3615 3624/3407/3620 3623/3405/3618
f 3618/3402/3615 3623/3405/3618 3620/3403/3616
f 3626/3408/3621 3629/3409/3622 3628/3410/3623
f 3626/3408/3621 3628/3410/3623 3623/3405/3618
f 3629/3409/3622 3879/3411/3624 3631/3412/3625
f 3629/3409/3622 3631/3412/3625 3628/3410/3623
f 3628/3410/3623 3631/3412/3625 3632/3413/3626
f 3633/3414/3627 3628/3410/3623 3632/3413/3626
f 3622/3406/3619 3623/3405/3618 3628/3410/3623
f 3622/3406/3619 3628/3410/3623 3633/3414/3627
f 3605/3394/3607 3622/3406/3619 3633/3414/3627
f 3605/3394/3607 3633/3414/3627 3634/3415/3628
f 3634/3415/3628 3633/3414/3627 3632/3413/3626
f 3634/3415/3628 3632/3413/3626 3635/3416/3629
f 3635/3416/3629 3632/3413/3626 3636/3417/3630
f 3635/3416/3629 3636/3417/3630 3637/3418/3631
f 3637/3418/3631 3636/3417/3630 3638/3419/3632
f 3637/3418/3631 3638/3419/3632 3917/3420/3633
f 3636/3417/3630 3639/3421/3634 3638/3419/3632
f 3640/3422/3635 3639/3421/3634 3636/3417/3630
f 3631/3412/3625 3640/3422/3635 3636/3417/3630
f 3631/3412/3625 3636/3417/3630 3632/3413/3626
f 3879/3411/3624 3641/3423/3636 3640/3422/3635
f 3879/3411/3624 3640/3422/3635 3631/3412/3625
f 3641/3423/3636 3643/3424/3637 3639/3421/3634
f 3641/3423/3636 3639/3421/3634 3640/3422/3635
f 3643/3424/3637 3646/3425/3638 3645/3426/3639
f 3643/3424/3637 3645/3426/3639 3639/3421/3634
f 3646/3425/3638 3872/3427/3640 3648/3427/3641
f 3646/3425/3638 3648/3427/3641 3645/3426/3639
f 3645/3426/3639 3648/3427/3641 3650/3428/3642
f 3652/3429/3643 3645/3426/3639 3650/3428/3642
f 3638/3419/3632 3639/3421/3634 3645/3426/3639
f 3638/3419/3632 3645/3426/3639 3652/3429/3643
f 3917/3420/3633 3638/3419/3632 3652/3429/3643
f 3917/3420/3633 3652/3429/3643 3653/3430/3644
f 3653/3430/3644 3652/3429/3643 3650/3428/3642
f 3653/3430/3644 3650/3428/3642 3654/3431/3645
f 3655/3432/3646 3651/3433/3647 3656/3434/3648
f 3655/3432/3646 3656/3434/3648 3657/3435/3649
f 3657/3435/3649 3656/3434/3648 3658/3436/3650
f 3656/3434/3648 3659/3437/3651 3658/3436/3650
f 3660/3438/3652 3659/3437/3651 3656/3434/3648
f 3649/3439/3653 3660/3438/3652 3656/3434/3648
f 3649/3439/3653 3656/3434/3648 3651/3433/3647
f 3873/3440/3654 3661/3441/3655 3660/3438/3652
f 3873/3440/3654 3660/3438/3652 3649/3439/3653
f 3661/3441/3655 3663/3442/3656 3660/3438/3652
f 3663/3442/3656 3665/3443/3657 3660/3438/3652
f 3660/3438/3652 3665/3443/3657 3659/3437/3651
f 3665/3443/3657 3667/3444/3658 3668/3445/3659
f 3665/3443/3657 3668/3445/3659 3659/3437/3651
f 3670/3446/3660 3659/3437/3651 3669/3447/3661
f 3658/3436/3650 3659/3437/3651 3670/3446/3660
f 3658/3436/3650 3670/3446/3660 3671/3448/3662
f 3673/3449/3663 3674/3450/3664 3671/3448/3662
f 3673/3449/3663 3671/3448/3662 3672/3451/3665
f 3667/3444/3658 3673/3449/3663 3672/3451/3665
f 3667/3444/3658 3672/3451/3665 3668/3445/3659
f 3667/3444/3658 3674/3450/3664 3673/3449/3663
f 3676/3452/3666 3679/3453/3667 3678/3454/3668
f 3676/3452/3666 3678/3454/3668 3674/3450/3664
f 3674/3450/3664 3678/3454/3668 3671/3448/3662
f 3679/3453/3667 3815/3455/3669 3681/3456/3670
f 3679/3453/3667 3681/3456/3670 3678/3454/3668
f 3678/3454/3668 3681/3456/3670 3682/3457/3671
f 3684/3458/3672 3683/3459/3673 3678/3454/3668
f 3684/3458/3672 3678/3454/3668 3682/3457/3671
f 3683/3459/3673 3658/3436/3650 3671/3448/3662
f 3683/3459/3673 3671/3448/3662 3678/3454/3668
f 3686/3460/3674 3684/3458/3672 3682/3457/3671
f 3686/3460/3674 3682/3457/3671 3685/3461/3675
f 3929/3462/3676 3686/3460/3674 3685/3461/3675
f 3929/3462/3676 3685/3461/3675 3687/3463/3677
f 3688/3464/3678 3691/3465/3679 3687/3463/3677
f 3688/3464/3678 3687/3463/3677 3685/3461/3675
f 3681/3456/3670 3688/3464/3678 3685/3461/3675
f 3681/3456/3670 3685/3461/3675 3682/3457/3671
f 3815/3455/3669 3689/3466/3680 3688/3464/3678
f 3815/3455/3669 3688/3464/3678 3681/3456/3670
f 3689/3466/3680 3692/3467/3681 3691/3465/3679
f 3689/3466/3680 3691/3465/3679 3688/3464/3678
f 3692/3467/3681 3695/3468/3682 3694/3469/3683
f 3692/3467/3681 3694/3469/3683 3691/3465/3679
f 3691/3465/3679 3694/3469/3683 3697/3470/3684
f 3691/3465/3679 3697/3470/3684 3687/3463/3677
f 3695/3468/3682 3831/3471/3685 3694/3469/3683
f 3694/3469/3683 3698/3472/3686 3697/3470/3684
f 3702/3473/3687 3697/3470/3684 3699/3474/3688
f 3700/3475/3689 3697/3470/3684 3702/3473/3687
f 3700/3475/3689 3929/3462/3676 3687/3463/3677
f 3700/3475/3689 3687/3463/3677 3697/3470/3684
f 3703/3476/3690 3700/3475/3689 3701/3477/3691
f 3694/3469/3683 3703/3476/3690 3701/3477/3691
f 3694/3469/3683 3701/3477/3691 3698/3472/3686
f 3831/3471/3685 3704/3478/3692 3703/3476/3690
f 3831/3471/3685 3703/3476/3690 3694/3469/3683
f 3704/3478/3692 3706/3479/3693 3703/3476/3690
f 3706/3479/3693 3709/3480/3694 3708/3481/3695
f 3706/3479/3693 3708/3481/3695 3703/3476/3690
f 3703/3476/3690 3708/3481/3695 3712/3482/3696
f 3703/3476/3690 3712/3482/3696 3700/3475/3689
f 3709/3480/3694 3840/3483/3697 3708/3481/3695
f 3708/3481/3695 3713/3484/3698 3712/3482/3696
f 3713/3484/3698 3716/3485/3699 3714/3486/3700
f 3713/3484/3698 3714/3486/3700 3712/3482/3696
f 3712/3482/3696 3714/3486/3700 3929/3462/3676
f 3712/3482/3696 3929/3462/3676 3700/3475/3689
f 3717/3487/3701 3715/3488/3702 3711/3489/3703
f 3717/3487/3701 3719/3490/3704 3715/3488/3702
f 3720/3491/3705 3718/3492/3706 3717/3487/3701
f 3718/3492/3706 3719/3490/3704 3717/3487/3701
f 3722/3493/3707 3725/3494/3708 3721/3495/3709
f 3722/3493/3707 3721/3495/3709 3717/3487/3701
f 3711/3489/3703 3722/3493/3707 3717/3487/3701
f 3839/3489/3710 3723/3496/3711 3722/3493/3707
f 3839/3489/3710 3722/3493/3707 3711/3489/3703
f 3723/3496/3711 3726/3497/3712 3725/3494/3708
f 3723/3496/3711 3725/3494/3708 3722/3493/3707
f 3726/3497/3712 3729/3498/3713 3728/3499/3714
f 3726/3497/3712 3728/3499/3714 3725/3494/3708
f 3725/3494/3708 3728/3499/3714 3732/3500/3715
f 3725/3494/3708 3732/3500/3715 3721/3495/3709
f 3729/3498/3713 3744/3501/3716 3731/3502/3717
f 3729/3498/3713 3731/3502/3717 3728/3499/3714
f 3728/3499/3714 3731/3502/3717 3733/3503/3718
f 3728/3499/3714 3733/3503/3718 3732/3500/3715
f 3733/3503/3718 3736/3504/3719 3734/3505/3720
f 3733/3503/3718 3734/3505/3720 3732/3500/3715
f 3732/3500/3715 3734/3505/3720 3718/3492/3706
f 3732/3500/3715 3718/3492/3706 3720/3491/3705
f 3736/3504/3719 3737/3506/3721 3735/3507/3722
f 3736/3504/3719 3735/3507/3722 3734/3505/3720
f 3734/3505/3720 3735/3507/3722 3718/3492/3706
f 3740/3508/3723 3738/3509/3724 3736/3504/3719
f 3740/3508/3723 3736/3504/3719 3733/3503/3718
f 3738/3509/3724 3739/3510/3725 3737/3506/3721
f 3738/3509/3724 3737/3506/3721 3736/3504/3719
f 3586/3370/3583 3589/3375/3588 3738/3509/3724
f 3586/3370/3583 3738/3509/3724 3740/3508/3723
f 3589/3375/3588 3907/3378/3591 3739/3510/3725
f 3589/3375/3588 3739/3510/3725 3738/3509/3724
f 3741/3511/3726 3581/3366/3579 3586/3370/3583
f 3741/3511/3726 3586/3370/3583 3740/3508/3723
f 3731/3502/3717 3741/3511/3726 3740/3508/3723
f 3731/3502/3717 3740/3508/3723 3733/3503/3718
f 3744/3501/3716 3742/3512/3727 3741/3511/3726
f 3744/3501/3716 3741/3511/3726 3731/3502/3717
f 3742/3512/3727 3580/3364/3577 3581/3366/3579
f 3742/3512/3727 3581/3366/3579 3741/3511/3726
f 3746/3513/3728 3743/3514/3729 3745/3501/3730
f 3746/3513/3728 3745/3501/3730 3730/3498/3731
f 3749/3515/3732 3747/3516/3733 3746/3513/3728
f 3747/3516/3733 3760/3517/3734 3743/3514/3729
f 3747/3516/3733 3743/3514/3729 3746/3513/3728
f 3751/3518/3735 3749/3515/3732 3746/3513/3728
f 3751/3518/3735 3746/3513/3728 3748/3519/3736
f 3748/3519/3736 3746/3513/3728 3730/3498/3731
f 3748/3519/3736 3730/3498/3731 3727/3497/3737
f 3747/3516/3738 3750/3520/3739 3753/3521/3740
f 3747/3516/3738 3753/3521/3740 3755/3522/3741
f 3750/3520/3739 3752/3523/3742 3754/3524/3743
f 3750/3520/3739 3754/3524/3743 3753/3521/3740
f 3755/3522/3741 3753/3521/3740 3756/3525/3744
f 3761/3526/3745 3747/3516/3738 3755/3522/3741
f 3761/3526/3745 3755/3522/3741 3757/3527/3746
f 3757/3527/3746 3755/3522/3741 3756/3525/3744
f 3757/3527/3746 3756/3525/3744 3759/3528/3747
f 3762/3529/3748 3761/3526/3745 3757/3527/3746
f 3762/3529/3748 3757/3527/3746 3758/3530/3749
f 3758/3530/3749 3757/3527/3746 3759/3528/3747
f 3758/3530/3749 3759/3528/3747 3764/3531/3750
f 3760/3517/3734 3763/3362/3575 3578/3363/3576
f 3760/3517/3734 3578/3363/3576 3743/3514/3729
f 3573/3360/3573 3762/3529/3748 3758/3530/3749
f 3573/3360/3573 3758/3530/3749 3570/3356/3569
f 3764/3531/3750 3759/3528/3747 3765/3532/3751
f 3764/3531/3750 3765/3532/3751 3766/3533/3752
f 3759/3528/3747 3756/3525/3744 3767/3534/3753
f 3759/3528/3747 3767/3534/3753 3765/3532/3751
f 3766/3533/3752 3765/3532/3751 3768/3535/3754
f 3766/3533/3752 3768/3535/3754 3770/3536/3755
f 3765/3532/3751 3767/3534/3753 3769/3537/3756
f 3765/3532/3751 3769/3537/3756 3768/3535/3754
f 3768/3535/3754 3769/3537/3756 3774/3538/3757
f 3768/3535/3754 3774/3538/3757 3771/3539/3758
f 3770/3536/3755 3768/3535/3754 3771/3539/3758
f 3770/3536/3755 3771/3539/3758 3772/3540/3759
f 3772/3540/3759 3771/3539/3758 3773/3541/3760
f 3772/3540/3759 3773/3541/3760 3884/3542/3761
f 3771/3539/3758 3774/3538/3757 3773/3541/3760
f 3769/3537/3756 3777/3543/3762 3775/3544/3763
f 3769/3537/3756 3775/3544/3763 3774/3538/3757
f 3777/3543/3762 3778/3545/3764 3776/3546/3765
f 3777/3543/3762 3776/3546/3765 3775/3544/3763
f 3775/3544/3763 3776/3546/3765 3906/3547/3766
f 3767/3534/3753 3777/3543/3762 3769/3537/3756
f 3756/3525/3744 3753/3521/3740 3777/3543/3762
f 3756/3525/3744 3777/3543/3762 3767/3534/3753
f 3753/3521/3740 3754/3524/3743 3778/3545/3764
f 3753/3521/3740 3778/3545/3764 3777/3543/3762
f 3754/3524/3743 3780/3548/3767 3779/3549/3768
f 3754/3524/3743 3779/3549/3768 3778/3545/3764
f 3778/3545/3764 3779/3549/3768 3783/3550/3769
f 3780/3548/3767 3847/3551/3770 3781/3552/3771
f 3780/3548/3767 3781/3552/3771 3779/3549/3768
f 3779/3549/3768 3781/3552/3771 3784/3553/3772
f 3779/3549/3768 3784/3553/3772 3783/3550/3769
f 3783/3550/3769 3784/3553/3772 3788/3554/3773
f 3783/3550/3769 3788/3554/3773 3786/3555/3774
f 3778/3545/3764 3783/3550/3769 3786/3555/3774
f 3778/3545/3764 3786/3555/3774 3776/3546/3765
f 3776/3546/3765 3786/3555/3774 3787/3556/3775
f 3776/3546/3765 3787/3556/3775 3906/3547/3766
f 3786/3555/3774 3788/3554/3773 3790/3557/3776
f 3786/3555/3774 3790/3557/3776 3787/3556/3775
f 3785/3558/3772 3795/3559/3777 3792/3560/3778
f 3785/3558/3772 3792/3560/3778 3789/3561/3773
f 3789/3561/3773 3792/3560/3778 3794/3562/3779
f 3789/3561/3773 3794/3562/3779 3791/3432/3780
f 3795/3559/3777 3796/3563/3781 3793/3564/3782
f 3795/3559/3777 3793/3564/3782 3792/3560/3778
f 3792/3560/3778 3793/3564/3782 3808/3565/3783
f 3792/3560/3778 3808/3565/3783 3794/3562/3779
f 3797/3566/3784 3799/3567/3785 3796/3563/3781
f 3797/3566/3784 3796/3563/3781 3795/3559/3777
f 3782/3568/3786 3797/3566/3784 3795/3559/3777
f 3782/3568/3786 3795/3559/3777 3785/3558/3772
f 3848/3485/3787 3798/3569/3788 3797/3566/3784
f 3848/3485/3787 3797/3566/3784 3782/3568/3786
f 3798/3569/3788 3800/3570/3789 3799/3567/3785
f 3798/3569/3788 3799/3567/3785 3797/3566/3784
f 3800/3570/3789 3802/3571/3790 3801/3572/3791
f 3800/3570/3789 3801/3572/3791 3799/3567/3785
f 3799/3567/3785 3801/3572/3791 3805/3573/3792
f 3799/3567/3785 3805/3573/3792 3796/3563/3781
f 3802/3571/3790 3821/3574/3793 3803/3575/3794
f 3802/3571/3790 3803/3575/3794 3801/3572/3791
f 3801/3572/3791 3803/3575/3794 3806/3576/3795
f 3801/3572/3791 3806/3576/3795 3805/3573/3792
f 3805/3573/3792 3806/3576/3795 3809/3577/3796
f 3805/3573/3792 3809/3577/3796 3807/3578/3797
f 3796/3563/3781 3805/3573/3792 3807/3578/3797
f 3796/3563/3781 3807/3578/3797 3793/3564/3782
f 3793/3564/3782 3807/3578/3797 3808/3565/3783
f 3807/3578/3797 3809/3577/3796 3810/3579/3798
f 3807/3578/3797 3810/3579/3798 3808/3565/3783
f 3809/3577/3796 3806/3576/3795 3814/3580/3799
f 3809/3577/3796 3814/3580/3799 3812/3581/3800
f 3811/3582/3801 3809/3577/3796 3812/3581/3800
f 3811/3582/3801 3812/3581/3800 3813/3583/3802
f 3813/3583/3802 3812/3581/3800 3680/3453/3803
f 3813/3583/3802 3680/3453/3803 3677/3452/3804
f 3812/3581/3800 3814/3580/3799 3816/3455/3805
f 3812/3581/3800 3816/3455/3805 3680/3453/3803
f 3806/3576/3795 3804/3584/3806 3817/3585/3807
f 3806/3576/3795 3817/3585/3807 3814/3580/3799
f 3814/3580/3799 3817/3585/3807 3690/3466/3808
f 3814/3580/3799 3690/3466/3808 3816/3455/3805
f 3804/3584/3806 3820/3586/3809 3818/3587/3810
f 3804/3584/3806 3818/3587/3810 3817/3585/3807
f 3817/3585/3807 3818/3587/3810 3693/3467/3811
f 3817/3585/3807 3693/3467/3811 3690/3466/3808
f 3820/3586/3809 3822/3588/3812 3819/3589/3813
f 3820/3586/3809 3819/3589/3813 3818/3587/3810
f 3818/3587/3810 3819/3589/3813 3696/3468/3814
f 3818/3587/3810 3696/3468/3814 3693/3467/3811
f 3825/3590/3815 3823/3591/3816 3821/3574/3793
f 3825/3590/3815 3821/3574/3793 3802/3571/3790
f 3822/3588/3812 3824/3592/3817 3830/3593/3818
f 3822/3588/3812 3830/3593/3818 3819/3589/3813
f 3827/3594/3819 3824/3592/3820 3823/3591/3816
f 3827/3594/3819 3823/3591/3816 3825/3590/3815
f 3828/3595/3821 3827/3594/3819 3825/3590/3815
f 3825/3590/3815 3802/3571/3790 3800/3570/3789
f 3826/3596/3822 3828/3595/3823 3829/3597/3824
f 3826/3596/3822 3829/3597/3824 3705/3598/3825
f 3824/3592/3817 3826/3596/3822 3705/3598/3825
f 3824/3592/3817 3705/3598/3825 3830/3593/3818
f 3705/3598/3825 3829/3597/3824 3707/3479/3826
f 3819/3589/3813 3830/3593/3818 3696/3468/3814
f 3828/3595/3823 3834/3599/3827 3832/3600/3828
f 3828/3595/3823 3832/3600/3828 3829/3597/3824
f 3829/3597/3824 3832/3600/3828 3710/3480/3829
f 3829/3597/3824 3710/3480/3829 3707/3479/3826
f 3832/3600/3828 3836/3483/3830 3841/3483/3831
f 3832/3600/3828 3841/3483/3831 3710/3480/3829
f 3834/3599/3827 3838/3601/3832 3836/3483/3830
f 3834/3599/3827 3836/3483/3830 3832/3600/3828
f 3837/3602/3833 3843/3603/3834 3842/3604/3835
f 3837/3602/3833 3842/3604/3835 3835/3489/3836
f 3835/3489/3836 3842/3604/3835 3724/3496/3837
f 3843/3603/3834 3751/3518/3735 3748/3519/3736
f 3843/3603/3834 3748/3519/3736 3842/3604/3835
f 3842/3604/3835 3748/3519/3736 3727/3497/3737
f 3842/3604/3835 3727/3497/3737 3724/3496/3837
f 3752/3523/3742 3844/3605/3838 3780/3548/3767
f 3752/3523/3742 3780/3548/3767 3754/3524/3743
f 3844/3605/3838 3837/3602/3832 3845/3606/3839
f 3844/3605/3838 3845/3606/3839 3780/3548/3767
f 3780/3548/3767 3845/3606/3839 3847/3551/3770
f 3838/3601/3832 3833/3607/3840 3849/3608/3841
f 3838/3601/3832 3849/3608/3841 3846/3609/3842
f 3846/3609/3842 3849/3608/3841 3798/3569/3788
f 3846/3609/3842 3798/3569/3788 3848/3485/3787
f 3833/3607/3840 3828/3595/3821 3825/3590/3815
f 3833/3607/3840 3825/3590/3815 3849/3608/3841
f 3849/3608/3841 3825/3590/3815 3800/3570/3789
f 3849/3608/3841 3800/3570/3789 3798/3569/3788
f 3851/3610/3843 3811/3582/3801 3813/3583/3802
f 3851/3610/3843 3813/3583/3802 3850/3611/3844
f 3850/3611/3844 3813/3583/3802 3677/3452/3804
f 3850/3611/3844 3677/3452/3804 3675/3612/3845
f 3852/3613/3846 3850/3611/3844 3675/3612/3845
f 3852/3613/3846 3675/3612/3845 3853/3614/3847
f 3852/3613/3846 3851/3610/3843 3850/3611/3844
f 3856/3615/3848 3852/3613/3846 3854/3616/3849
f 3854/3616/3849 3852/3613/3846 3853/3614/3847
f 3854/3616/3849 3853/3614/3847 3666/3617/3850
f 3856/3615/3848 3854/3616/3849 3855/3618/3851
f 3855/3618/3851 3854/3616/3849 3666/3617/3850
f 3855/3618/3851 3666/3617/3850 3664/3442/3852
f 3857/3619/3853 3851/3610/3843 3852/3613/3846
f 3857/3619/3853 3852/3613/3846 3856/3615/3848
f 3808/3565/3783 3810/3579/3798 3851/3610/3843
f 3808/3565/3783 3851/3610/3843 3857/3619/3853
f 3794/3562/3779 3808/3565/3783 3857/3619/3853
f 3794/3562/3779 3857/3619/3853 3858/3620/3854
f 3858/3620/3854 3857/3619/3853 3856/3615/3848
f 3858/3620/3854 3856/3615/3848 3859/3621/3855
f 3791/3432/3780 3794/3562/3779 3858/3620/3854
f 3791/3432/3780 3858/3620/3854 3861/3622/3856
f 3861/3622/3856 3858/3620/3854 3859/3621/3855
f 3861/3622/3856 3859/3621/3855 3863/3623/3857
f 3787/3556/3775 3790/3557/3776 3860/3624/3858
f 3787/3556/3775 3860/3624/3858 3864/3625/3859
f 3864/3625/3859 3860/3624/3858 3862/3626/3860
f 3864/3625/3859 3862/3626/3860 3866/3627/3861
f 3906/3547/3766 3787/3556/3775 3864/3625/3859
f 3906/3547/3766 3864/3625/3859 3865/3628/3862
f 3865/3628/3862 3864/3625/3859 3866/3627/3861
f 3865/3628/3862 3866/3627/3861 3867/3629/3863
f 3866/3627/3861 3862/3626/3860 3870/3427/3864
f 3866/3627/3861 3870/3427/3864 3868/3630/3865
f 3867/3629/3863 3866/3627/3861 3868/3630/3865
f 3867/3629/3863 3868/3630/3865 3869/3631/3866
f 3869/3631/3866 3868/3630/3865 3647/3425/3867
f 3869/3631/3866 3647/3425/3867 3644/3424/3868
f 3868/3630/3865 3870/3427/3864 3874/3427/3869
f 3868/3630/3865 3874/3427/3869 3647/3425/3867
f 3863/3623/3857 3859/3621/3855 3871/3440/3870
f 3871/3440/3870 3859/3621/3855 3662/3441/3871
f 3871/3440/3870 3662/3441/3871 3875/3440/3872
f 3859/3621/3855 3856/3615/3848 3855/3618/3851
f 3859/3621/3855 3855/3618/3851 3664/3442/3852
f 3859/3621/3855 3664/3442/3852 3662/3441/3871
f 3877/3632/3873 3867/3629/3863 3869/3631/3866
f 3877/3632/3873 3869/3631/3866 3876/3633/3874
f 3876/3633/3874 3869/3631/3866 3644/3424/3868
f 3876/3633/3874 3644/3424/3868 3642/3423/3875
f 3878/3634/3876 3876/3633/3874 3642/3423/3875
f 3878/3634/3876 3642/3423/3875 3880/3411/3877
f 3878/3634/3876 3877/3632/3873 3876/3633/3874
f 3881/3635/3878 3878/3634/3876 3880/3411/3877
f 3881/3635/3878 3880/3411/3877 3630/3409/3879
f 3883/3636/3880 3881/3635/3878 3882/3637/3881
f 3882/3637/3881 3881/3635/3878 3630/3409/3879
f 3882/3637/3881 3630/3409/3879 3627/3638/3882
f 3773/3541/3760 3774/3538/3757 3878/3634/3876
f 3773/3541/3760 3878/3634/3876 3881/3635/3878
f 3884/3542/3761 3773/3541/3760 3881/3635/3878
f 3884/3542/3761 3881/3635/3878 3883/3636/3880
f 3774/3538/3757 3775/3544/3763 3877/3632/3873
f 3774/3538/3757 3877/3632/3873 3878/3634/3876
f 3775/3544/3763 3906/3547/3766 3865/3628/3862
f 3775/3544/3763 3865/3628/3862 3877/3632/3873
f 3877/3632/3873 3865/3628/3862 3867/3629/3863
f 3884/3542/3761 3883/3636/3880 3885/3639/3883
f 3890/3640/3884 3884/3542/3761 3885/3639/3883
f 3890/3640/3884 3885/3639/3883 3886/3641/3885
f 3886/3641/3885 3885/3639/3883 3888/3642/3886
f 3887/3643/3887 3888/3642/3886 3892/3644/3888
f 3887/3643/3887 3892/3644/3888 3891/3645/3889
f 3889/3646/3890 3887/3643/3887 3891/3645/3889
f 3891/3645/3889 3617/3399/3891 3614/3398/3892
f 3891/3645/3889 3892/3644/3888 3617/3399/3891
f 3892/3644/3888 3888/3642/3886 3625/3647/3893
f 3885/3639/3883 3883/3636/3880 3882/3637/3881
f 3885/3639/3883 3882/3637/3881 3888/3642/3886
f 3888/3642/3886 3882/3637/3881 3627/3638/3882
f 3888/3642/3886 3627/3638/3882 3625/3647/3893
f 3894/3648/3894 3889/3646/3890 3891/3645/3889
f 3894/3648/3894 3891/3645/3889 3893/3649/3895
f 3893/3649/3895 3891/3645/3889 3614/3398/3892
f 3893/3649/3895 3614/3398/3892 3611/3397/3896
f 3893/3649/3895 3611/3397/3896 3898/3383/3897
f 3896/3650/3898 3894/3648/3894 3893/3649/3895
f 3900/3651/3899 3896/3650/3898 3893/3649/3895
f 3900/3651/3899 3893/3649/3895 3899/3652/3900
f 3899/3652/3900 3893/3649/3895 3898/3383/3897
f 3899/3652/3900 3898/3383/3897 3596/3653/3901
f 3899/3652/3900 3596/3653/3901 3595/3654/3902
f 3901/3655/3903 3902/3656/3904 3904/3657/3905
f 3901/3655/3903 3904/3657/3905 3895/3658/3906
f 3572/3659/3907 3903/3660/3908 3902/3656/3904
f 3572/3659/3907 3902/3656/3904 3901/3655/3903
f 3903/3660/3908 3764/3531/3750 3766/3533/3752
f 3903/3660/3908 3766/3533/3752 3902/3656/3904
f 3902/3656/3904 3766/3533/3752 3770/3536/3755
f 3902/3656/3904 3770/3536/3755 3904/3657/3905
f 3904/3657/3905 3770/3536/3755 3772/3540/3759
f 3904/3657/3905 3772/3540/3759 3905/3661/3909
f 3895/3658/3906 3904/3657/3905 3905/3661/3909
f 3895/3658/3906 3905/3661/3909 3894/3648/3910
f 3905/3661/3909 3772/3540/3759 3884/3542/3761
f 3894/3648/3910 3905/3661/3909 3884/3542/3761
f 3894/3648/3910 3884/3542/3761 3890/3640/3884
f 3572/3659/3907 3570/3356/3569 3903/3660/3908
f 3570/3356/3569 3758/3530/3749 3764/3531/3750
f 3570/3356/3569 3764/3531/3750 3903/3660/3908
f 3571/3357/3570 3900/3651/3899 3899/3652/3900
f 3571/3357/3570 3899/3652/3900 3576/3358/3571
f 3576/3358/3571 3899/3652/3900 3595/3654/3902
f 3907/3378/3591 3601/3388/3601 3908/3662/3911
f 3907/3378/3591 3908/3662/3911 3739/3510/3725
f 3739/3510/3725 3908/3662/3911 3910/3663/3912
f 3739/3510/3725 3910/3663/3912 3737/3506/3721
f 3601/3388/3601 3603/3389/3602 3909/3664/3913
f 3601/3388/3601 3909/3664/3913 3908/3662/3911
f 3908/3662/3911 3909/3664/3913 3911/3665/3914
f 3908/3662/3911 3911/3665/3914 3910/3663/3912
f 3737/3506/3721 3910/3663/3912 3912/3666/3915
f 3737/3506/3721 3912/3666/3915 3735/3507/3722
f 3910/3663/3912 3911/3665/3914 3914/3667/3916
f 3910/3663/3912 3914/3667/3916 3912/3666/3915
f 3735/3507/3722 3912/3666/3915 3913/3668/3917
f 3735/3507/3722 3913/3668/3917 3718/3492/3706
f 3912/3666/3915 3914/3667/3916 3913/3668/3917
f 3914/3667/3916 3915/3669/3918 3913/3668/3917
f 3911/3665/3914 3635/3416/3629 3914/3667/3916
f 3635/3416/3629 3637/3418/3631 3914/3667/3916
f 3914/3667/3916 3637/3418/3631 3917/3420/3633
f 3914/3667/3916 3917/3420/3633 3915/3669/3918
f 3909/3664/3913 3916/3670/3919 3635/3416/3629
f 3909/3664/3913 3635/3416/3629 3911/3665/3914
f 3916/3670/3919 3634/3415/3628 3635/3416/3629
f 3603/3389/3602 3606/3391/3604 3916/3670/3919
f 3603/3389/3602 3916/3670/3919 3909/3664/3913
f 3606/3391/3604 3605/3394/3607 3634/3415/3628
f 3606/3391/3604 3634/3415/3628 3916/3670/3919
f 3915/3669/3918 3917/3420/3633 3653/3430/3644
f 3915/3669/3918 3653/3430/3644 3918/3671/3920
f 3913/3668/3917 3915/3669/3918 3918/3671/3920
f 3913/3668/3917 3918/3671/3920 3921/3672/3921
f 3918/3671/3920 3653/3430/3644 3654/3431/3645
f 3918/3671/3920 3654/3431/3645 3919/3554/3922
f 3921/3672/3921 3918/3671/3920 3919/3554/3922
f 3921/3672/3921 3919/3554/3922 3922/3553/3923
f 3719/3490/3704 3921/3672/3921 3922/3553/3923
f 3719/3490/3704 3922/3553/3923 3924/3552/3924
f 3913/3668/3917 3921/3672/3921 3719/3490/3704
f 3718/3492/3706 3913/3668/3917 3719/3490/3704
f 3719/3490/3704 3924/3552/3924 3715/3488/3702
f 3716/3485/3699 3925/3568/3925 3926/3673/3926
f 3716/3485/3699 3926/3673/3926 3714/3486/3700
f 3925/3568/3925 3923/3558/3927 3927/3674/3928
f 3925/3568/3925 3927/3674/3928 3926/3673/3926
f 3714/3486/3700 3926/3673/3926 3686/3460/3674
f 3714/3486/3700 3686/3460/3674 3929/3462/3676
f 3926/3673/3926 3927/3674/3928 3684/3458/3672
f 3926/3673/3926 3684/3458/3672 3686/3460/3674
f 3927/3674/3928 3928/3675/3929 3683/3459/3673
f 3927/3674/3928 3683/3459/3673 3684/3458/3672
f 3923/3558/3927 3920/3561/3930 3928/3675/3929
f 3923/3558/3927 3928/3675/3929 3927/3674/3928
f 3920/3561/3930 3655/3432/3646 3657/3435/3649
f 3920/3561/3930 3657/3435/3649 3928/3675/3929
f 3928/3675/3929 3657/3435/3649 3658/3436/3650
f 3928/3675/3929 3658/3436/3650 3683/3459/3673
f 3930/3676/3931 3931/3677/3932 3937/3678/3933
f 3930/3676/3931 3937/3678/3933 3935/3679/3934
f 3933/3680/3935 3930/3676/3931 3935/3679/3934
f 3933/3680/3935 3935/3679/3934 3938/3681/3936
f 3935/3679/3934 3937/3678/3933 3955/3682/3937
f 4125/3683/3938 3933/3680/3935 3938/3681/3936
f 4125/3683/3938 3938/3681/3936 3939/3684/3939
f 3939/3684/3939 3938/3681/3936 3942/3685/3940
f 3941/3685/3941 3940/3686/3942 3943/3687/3943
f 3941/3685/3941 3943/3687/3943 3944/3688/3944
f 3940/3686/3942 3936/3689/3945 3943/3687/3943
f 3944/3688/3944 3943/3687/3943 3946/3690/3946
f 3944/3688/3944 3946/3690/3946 3949/3691/3947
f 3943/3687/3943 3947/3692/3948 3946/3690/3946
f 3948/3693/3949 3952/3694/3950 3950/3695/3951
f 3948/3693/3949 3950/3695/3951 3945/3696/3952
f 3945/3696/3952 3950/3695/3951 3949/3691/3953
f 3952/3694/3950 3953/3697/3954 3951/3698/3955
f 3952/3694/3950 3951/3698/3955 3950/3695/3951
f 3954/3699/3956 3957/3700/3957 3953/3697/3954
f 3954/3699/3956 3953/3697/3954 3952/3694/3950
f 3943/3687/3943 3954/3699/3956 3952/3694/3950
f 3943/3687/3943 3952/3694/3950 3947/3692/3948
f 3936/3689/3945 3956/3682/3958 3954/3699/3956
f 3936/3689/3945 3954/3699/3956 3943/3687/3943
f 3956/3682/3958 3959/3701/3959 3957/3700/3957
f 3956/3682/3958 3957/3700/3957 3954/3699/3956
f 3959/3701/3959 3962/3702/3960 3960/3703/3961
f 3959/3701/3959 3960/3703/3961 3957/3700/3957
f 3957/3700/3957 3960/3703/3961 3953/3697/3954
f 3962/3702/3960 4248/3704/3962 3963/3705/3963
f 3962/3702/3960 3963/3705/3963 3960/3703/3961
f 3960/3703/3961 3963/3705/3963 3965/3706/3964
f 3960/3703/3961 3965/3706/3964 3964/3707/3965
f 3953/3697/3954 3960/3703/3961 3964/3707/3965
f 3953/3697/3954 3964/3707/3965 3951/3698/3955
f 3963/3705/3963 3968/3708/3966 3966/3709/3967
f 3963/3705/3963 3966/3709/3967 3965/3706/3964
f 3968/3708/3966 3969/3710/3968 3967/3711/3969
f 3968/3708/3966 3967/3711/3969 3966/3709/3967
f 4248/3704/3962 3971/3712/3970 3968/3708/3966
f 4248/3704/3962 3968/3708/3966 3963/3705/3963
f 3971/3712/3970 3973/3713/3971 3969/3710/3968
f 3971/3712/3970 3969/3710/3968 3968/3708/3966
f 3973/3713/3971 3974/3714/3972 3969/3710/3968
f 3969/3710/3968 3974/3714/3972 3977/3715/3973
f 3974/3714/3972 4241/3716/3974 3976/3717/3975
f 3974/3714/3972 3976/3717/3975 3978/3718/3976
f 3974/3714/3972 3978/3718/3976 3977/3715/3973
f 3977/3715/3973 3979/3719/3977 3981/3720/3978
f 3969/3710/3968 3977/3715/3973 3967/3711/3969
f 3967/3711/3969 3977/3715/3973 3980/3721/3979
f 3977/3715/3973 3981/3720/3978 3982/3722/3980
f 3977/3715/3973 3982/3722/3980 3980/3721/3979
f 3976/3717/3975 3982/3722/3980 3981/3720/3978
f 3976/3717/3975 3981/3720/3978 3978/3718/3976
f 4241/3716/3974 3984/3723/3981 3976/3717/3975
f 3984/3723/3981 3986/3724/3982 3982/3722/3980
f 3984/3723/3981 3982/3722/3980 3976/3717/3975
f 3986/3724/3982 3989/3725/3983 3987/3726/3984
f 3986/3724/3982 3987/3726/3984 3982/3722/3980
f 3989/3725/3983 4227/3727/3985 3990/3728/3986
f 3989/3725/3983 3990/3728/3986 3987/3726/3984
f 3987/3726/3984 3990/3728/3986 3991/3729/3987
f 3992/3730/3988 3987/3726/3984 3991/3729/3987
f 3980/3721/3979 3982/3722/3980 3987/3726/3984
f 3980/3721/3979 3987/3726/3984 3992/3730/3988
f 3967/3711/3969 3980/3721/3979 3992/3730/3988
f 3967/3711/3969 3992/3730/3988 3993/3731/3989
f 3993/3731/3989 3992/3730/3988 3991/3729/3987
f 3993/3731/3989 3991/3729/3987 3994/3732/3990
f 3994/3732/3990 3991/3729/3987 3995/3733/3991
f 3994/3732/3990 3995/3733/3991 3996/3734/3992
f 3996/3734/3992 3995/3733/3991 3997/3735/3993
f 3996/3734/3992 3997/3735/3993 4270/3736/3994
f 3998/3737/3995 4001/3738/3996 3997/3735/3993
f 3998/3737/3995 3997/3735/3993 3995/3733/3991
f 3990/3728/3986 3998/3737/3995 3995/3733/3991
f 3990/3728/3986 3995/3733/3991 3991/3729/3987
f 4227/3727/3985 3999/3739/3997 3998/3737/3995
f 4227/3727/3985 3998/3737/3995 3990/3728/3986
f 3999/3739/3997 4002/3740/3998 4001/3738/3996
f 3999/3739/3997 4001/3738/3996 3998/3737/3995
f 4002/3740/3998 4005/3741/3999 4004/3742/4000
f 4002/3740/3998 4004/3742/4000 4001/3738/3996
f 4001/3738/3996 4004/3742/4000 4009/3743/4001
f 4001/3738/3996 4009/3743/4001 3997/3735/3993
f 4005/3741/3999 4008/3744/4002 4004/3742/4000
f 4004/3742/4000 4008/3744/4002 4011/3745/4003
f 4004/3742/4000 4011/3745/4003 4009/3743/4001
f 4009/3743/4001 4011/3745/4003 4014/3746/4004
f 4270/3736/3994 3997/3735/3993 4009/3743/4001
f 4270/3736/3994 4009/3743/4001 4012/3747/4005
f 4012/3747/4005 4009/3743/4001 4014/3746/4004
f 4012/3747/4005 4014/3746/4004 4016/3748/4006
f 4015/3749/4007 4013/3750/4008 4017/3751/4009
f 4015/3749/4007 4017/3751/4009 4030/3752/4010
f 4013/3750/4008 4010/3753/4011 4018/3754/4012
f 4013/3750/4008 4018/3754/4012 4017/3751/4009
f 4019/3755/4013 4018/3754/4012 4010/3753/4011
f 4007/3756/4014 4019/3755/4013 4010/3753/4011
f 4220/3757/4015 4020/3758/4016 4019/3755/4013
f 4220/3757/4015 4019/3755/4013 4007/3756/4014
f 4020/3758/4016 4022/3759/4017 4019/3755/4013
f 4022/3759/4017 4025/3760/4018 4024/3761/4019
f 4022/3759/4017 4024/3761/4019 4019/3755/4013
f 4019/3755/4013 4024/3761/4019 4018/3754/4012
f 4025/3760/4018 4027/3762/4020 4024/3761/4019
f 4024/3761/4019 4027/3762/4020 4028/3763/4021
f 4024/3761/4019 4028/3763/4021 4018/3754/4012
f 4017/3751/4009 4018/3754/4012 4029/3764/4022
f 4032/3765/4023 4035/3766/4024 4030/3752/4025
f 4032/3765/4023 4030/3752/4025 4031/3767/4026
f 4027/3762/4020 4032/3765/4023 4031/3767/4026
f 4027/3762/4020 4031/3767/4026 4028/3763/4021
f 4027/3762/4020 4033/3768/4027 4032/3765/4023
f 4033/3768/4027 4036/3769/4028 4035/3766/4024
f 4033/3768/4027 4035/3766/4024 4032/3765/4023
f 4036/3769/4028 4039/3770/4029 4038/3771/4030
f 4036/3769/4028 4038/3771/4030 4035/3766/4024
f 4035/3766/4024 4038/3771/4030 4042/3772/4031
f 4035/3766/4024 4042/3772/4031 4030/3752/4025
f 4039/3770/4029 4176/3773/4032 4041/3774/4033
f 4039/3770/4029 4041/3774/4033 4038/3771/4030
f 4038/3771/4030 4041/3774/4033 4044/3775/4034
f 4038/3771/4030 4044/3775/4034 4042/3772/4031
f 4046/3776/4035 4045/3777/4036 4043/3778/4037
f 4046/3776/4035 4043/3778/4037 4044/3779/4038
f 4045/3777/4036 4030/3752/4010 4043/3778/4037
f 4048/3780/4039 4046/3776/4035 4044/3779/4038
f 4048/3780/4039 4044/3779/4038 4047/3781/4040
f 4049/3782/4041 4048/3780/4039 4047/3781/4040
f 4049/3782/4041 4047/3781/4040 4051/3783/4042
f 4052/3784/4043 4055/3785/4044 4051/3783/4045
f 4052/3784/4043 4051/3783/4045 4050/3786/4046
f 4041/3774/4033 4052/3784/4043 4050/3786/4046
f 4041/3774/4033 4050/3786/4046 4044/3775/4034
f 4176/3773/4032 4053/3787/4047 4052/3784/4043
f 4176/3773/4032 4052/3784/4043 4041/3774/4033
f 4053/3787/4047 4056/3788/4048 4055/3785/4044
f 4053/3787/4047 4055/3785/4044 4052/3784/4043
f 4056/3788/4048 4059/3789/4049 4058/3790/4050
f 4056/3788/4048 4058/3790/4050 4055/3785/4044
f 4055/3785/4044 4058/3790/4050 4051/3783/4045
f 4059/3789/4049 4190/3791/4051 4058/3790/4050
f 4058/3790/4050 4061/3792/4052 4051/3783/4045
f 4064/3793/4053 4063/3794/4054 4051/3783/4042
f 4064/3793/4053 4051/3783/4042 4062/3795/4055
f 4063/3794/4054 4049/3782/4041 4051/3783/4042
f 4064/3793/4053 4049/3782/4041 4063/3794/4054
f 4065/3796/4056 4068/3797/4057 4064/3793/4053
f 4058/3790/4050 4065/3796/4056 4064/3793/4053
f 4058/3790/4050 4064/3793/4053 4061/3792/4052
f 4190/3791/4051 4066/3798/4058 4065/3796/4056
f 4190/3791/4051 4065/3796/4056 4058/3790/4050
f 4066/3798/4058 4069/3799/4059 4068/3797/4057
f 4066/3798/4058 4068/3797/4057 4065/3796/4056
f 4069/3799/4059 4071/3800/4060 4068/3797/4057
f 4068/3797/4057 4075/3801/4061 4064/3793/4053
f 4071/3800/4060 4197/3802/4062 4073/3803/4063
f 4071/3800/4060 4073/3803/4063 4068/3797/4057
f 4068/3797/4057 4073/3803/4063 4076/3803/4064
f 4068/3797/4057 4076/3803/4064 4075/3801/4061
f 4076/3803/4064 4079/3804/4065 4078/3805/4066
f 4076/3803/4064 4078/3805/4066 4075/3801/4061
f 4075/3801/4061 4078/3805/4066 4049/3782/4041
f 4075/3801/4061 4049/3782/4041 4064/3793/4053
f 4079/3804/4065 4081/3806/4067 4078/3805/4066
f 4086/3807/4068 4083/3808/4069 4080/3809/4070
f 4086/3807/4068 4080/3809/4070 4077/3810/4071
f 4083/3808/4069 4082/3811/4072 4080/3809/4070
f 4088/3812/4073 4084/3813/4074 4083/3808/4069
f 4088/3812/4073 4083/3808/4069 4086/3807/4068
f 4089/3814/4075 4087/3815/4076 4085/3816/4077
f 4074/3817/4078 4089/3814/4075 4085/3816/4077
f 4074/3817/4078 4085/3816/4077 4077/3810/4071
f 4198/3817/4079 4090/3818/4080 4089/3814/4075
f 4198/3817/4079 4089/3814/4075 4074/3817/4078
f 4090/3818/4080 4092/3819/4081 4089/3814/4075
f 4092/3819/4081 4095/3820/4082 4094/3821/4083
f 4092/3819/4081 4094/3821/4083 4089/3814/4075
f 4089/3814/4075 4094/3821/4083 4097/3822/4084
f 4089/3814/4075 4097/3822/4084 4087/3815/4076
f 4095/3820/4082 4111/3823/4085 4094/3821/4083
f 4094/3821/4083 4099/3824/4086 4097/3822/4084
f 4099/3824/4087 4102/3825/4088 4100/3826/4089
f 4099/3824/4087 4100/3826/4089 4098/3827/4090
f 4098/3827/4090 4100/3826/4089 4084/3813/4074
f 4098/3827/4090 4084/3813/4074 4088/3812/4073
f 4102/3825/4088 4103/3828/4091 4101/3829/4092
f 4102/3825/4088 4101/3829/4092 4100/3826/4089
f 4100/3826/4089 4101/3829/4092 4084/3813/4074
f 4107/3830/4093 4104/3831/4094 4102/3825/4088
f 4107/3830/4093 4102/3825/4088 4099/3824/4087
f 4104/3831/4094 4105/3832/4095 4103/3828/4091
f 4104/3831/4094 4103/3828/4091 4102/3825/4088
f 3949/3691/3953 3950/3695/3951 4104/3831/4094
f 3949/3691/3953 4104/3831/4094 4107/3830/4093
f 3950/3695/3951 3951/3698/3955 4105/3832/4095
f 3950/3695/3951 4105/3832/4095 4104/3831/4094
f 3944/3688/3944 3949/3691/3947 4106/3833/4096
f 4094/3821/4083 3944/3688/3944 4106/3833/4096
f 4094/3821/4083 4106/3833/4096 4099/3824/4086
f 4111/3823/4085 4108/3834/4097 3944/3688/3944
f 4111/3823/4085 3944/3688/3944 4094/3821/4083
f 4108/3834/4097 3941/3685/3941 3944/3688/3944
f 4113/3835/4098 4110/3836/4099 4109/3834/4100
f 4113/3835/4098 4109/3834/4100 4112/3823/4101
f 4110/3836/4099 3939/3684/3939 3942/3685/3940
f 4110/3836/4099 3942/3685/3940 4109/3834/4100
f 4113/3835/4098 4112/3823/4101 4096/3820/4102
f 4117/3837/4103 4114/3838/4104 4113/3835/4098
f 4114/3838/4104 4122/3839/4105 4110/3836/4099
f 4114/3838/4104 4110/3836/4099 4113/3835/4098
f 4118/3840/4106 4117/3837/4103 4113/3835/4098
f 4118/3840/4106 4113/3835/4098 4115/3841/4107
f 4115/3841/4107 4113/3835/4098 4096/3820/4102
f 4115/3841/4107 4096/3820/4102 4093/3819/4108
f 4116/3842/4109 4119/3843/4110 4145/3844/4111
f 4116/3842/4109 4145/3844/4111 4120/3845/4112
f 4114/3838/4104 4116/3842/4109 4120/3845/4112
f 4114/3838/4104 4120/3845/4112 4121/3846/4113
f 4122/3839/4105 4114/3838/4104 4121/3846/4113
f 4122/3839/4105 4121/3846/4113 4123/3847/4114
f 4124/3848/4115 4122/3839/4105 3934/3849/4116
f 3934/3849/4116 4122/3839/4105 4123/3847/4114
f 3934/3849/4116 4123/3847/4114 4126/3850/4117
f 4122/3839/4105 4125/3683/3938 3939/3684/3939
f 4122/3839/4105 3939/3684/3939 4110/3836/4099
f 4126/3850/4117 4123/3847/4114 4127/3851/4118
f 4126/3850/4117 4127/3851/4118 4128/3852/4119
f 4123/3847/4114 4121/3846/4113 4129/3853/4120
f 4123/3847/4114 4129/3853/4120 4127/3851/4118
f 4128/3852/4119 4127/3851/4118 4130/3854/4121
f 4128/3852/4119 4130/3854/4121 4132/3855/4122
f 4127/3851/4118 4129/3853/4120 4131/3856/4123
f 4127/3851/4118 4131/3856/4123 4130/3854/4121
f 4130/3854/4121 4131/3856/4123 4136/3857/4124
f 4130/3854/4121 4136/3857/4124 4133/3858/4125
f 4132/3855/4122 4130/3854/4121 4133/3858/4125
f 4132/3855/4122 4133/3858/4125 4134/3859/4126
f 4134/3859/4126 4133/3858/4125 4135/3860/4127
f 4134/3859/4126 4135/3860/4127 4231/3861/4128
f 4133/3858/4125 4136/3857/4124 4137/3862/4129
f 4133/3858/4125 4137/3862/4129 4135/3860/4127
f 4131/3856/4123 4141/3863/4130 4138/3864/4131
f 4131/3856/4123 4138/3864/4131 4136/3857/4124
f 4136/3857/4124 4138/3864/4131 4140/3865/4132
f 4136/3857/4124 4140/3865/4132 4137/3862/4129
f 4141/3863/4130 4142/3866/4133 4139/3867/4134
f 4141/3863/4130 4139/3867/4134 4138/3864/4131
f 4138/3864/4131 4139/3867/4134 4257/3868/4135
f 4138/3864/4131 4257/3868/4135 4140/3865/4132
f 4143/3869/4136 4144/3870/4137 4142/3866/4133
f 4143/3869/4136 4142/3866/4133 4141/3863/4130
f 4129/3853/4120 4143/3869/4136 4141/3863/4130
f 4129/3853/4120 4141/3863/4130 4131/3856/4123
f 4121/3846/4113 4120/3845/4112 4143/3869/4136
f 4121/3846/4113 4143/3869/4136 4129/3853/4120
f 4120/3845/4112 4145/3844/4111 4144/3870/4137
f 4120/3845/4112 4144/3870/4137 4143/3869/4136
f 4145/3844/4111 4147/3871/4138 4146/3872/4139
f 4145/3844/4111 4146/3872/4139 4144/3870/4137
f 4144/3870/4137 4146/3872/4139 4150/3873/4140
f 4144/3870/4137 4150/3873/4140 4142/3866/4133
f 4147/3871/4138 4205/3811/4141 4149/3874/4142
f 4147/3871/4138 4149/3874/4142 4146/3872/4139
f 4146/3872/4139 4149/3874/4142 4152/3875/4143
f 4146/3872/4139 4152/3875/4143 4150/3873/4140
f 4150/3873/4140 4152/3875/4143 4155/3876/4144
f 4150/3873/4140 4155/3876/4144 4153/3877/4145
f 4142/3866/4133 4150/3873/4140 4153/3877/4145
f 4142/3866/4133 4153/3877/4145 4139/3867/4134
f 4139/3867/4134 4153/3877/4145 4257/3868/4135
f 4153/3877/4145 4155/3876/4144 4157/3748/4146
f 4151/3878/4147 4160/3879/4148 4158/3880/4149
f 4151/3878/4147 4158/3880/4149 4154/3881/4150
f 4154/3881/4150 4158/3880/4149 4156/3882/4151
f 4160/3879/4148 4161/3883/4152 4159/3884/4153
f 4160/3879/4148 4159/3884/4153 4158/3880/4149
f 4158/3880/4149 4159/3884/4153 4170/3885/4154
f 4162/3886/4155 4164/3887/4156 4161/3883/4152
f 4162/3886/4155 4161/3883/4152 4160/3879/4148
f 4148/3888/4157 4162/3886/4155 4160/3879/4148
f 4148/3888/4157 4160/3879/4148 4151/3878/4147
f 4204/3806/4158 4163/3889/4159 4162/3886/4155
f 4204/3806/4158 4162/3886/4155 4148/3888/4157
f 4163/3889/4159 4165/3890/4160 4164/3887/4156
f 4163/3889/4159 4164/3887/4156 4162/3886/4155
f 4165/3890/4160 4166/3891/4161 4164/3887/4156
f 4166/3891/4161 4181/3892/4162 4168/3893/4163
f 4166/3891/4161 4168/3893/4163 4164/3887/4156
f 4164/3887/4156 4168/3893/4163 4169/3894/4164
f 4164/3887/4156 4169/3894/4164 4161/3883/4152
f 4161/3883/4152 4169/3894/4164 4171/3895/4165
f 4161/3883/4152 4171/3895/4165 4159/3884/4153
f 4159/3884/4153 4171/3895/4165 4172/3896/4166
f 4159/3884/4153 4172/3896/4166 4170/3885/4154
f 4171/3895/4165 4169/3894/4164 4174/3897/4167
f 4173/3898/4168 4171/3895/4165 4174/3897/4167
f 4173/3898/4168 4174/3897/4167 4175/3899/4169
f 4175/3899/4169 4174/3897/4167 4040/3770/4170
f 4175/3899/4169 4040/3770/4170 4037/3769/4171
f 4174/3897/4167 4177/3773/4172 4040/3770/4170
f 4169/3894/4164 4167/3900/4173 4178/3901/4174
f 4169/3894/4164 4178/3901/4174 4174/3897/4167
f 4174/3897/4167 4178/3901/4174 4054/3787/4175
f 4174/3897/4167 4054/3787/4175 4177/3773/4172
f 4167/3900/4173 4180/3902/4176 4178/3901/4174
f 4178/3901/4174 4057/3788/4177 4054/3787/4175
f 4180/3902/4176 4182/3903/4178 4179/3904/4179
f 4180/3902/4176 4179/3904/4179 4178/3901/4174
f 4178/3901/4174 4179/3904/4179 4060/3789/4180
f 4178/3901/4174 4060/3789/4180 4057/3788/4177
f 4166/3891/4161 4182/3903/4181 4181/3892/4162
f 4184/3905/4182 4182/3903/4181 4166/3891/4161
f 4186/3906/4183 4184/3905/4182 4166/3891/4161
f 4186/3906/4183 4166/3891/4161 4165/3890/4160
f 4183/3907/4184 4185/3908/4185 4189/3909/4186
f 4183/3907/4184 4189/3909/4186 4187/3910/4187
f 4182/3903/4178 4183/3907/4184 4187/3910/4187
f 4182/3903/4178 4187/3910/4187 4179/3904/4179
f 4188/3910/4188 4189/3909/4186 4070/3799/4189
f 4188/3910/4188 4070/3799/4189 4067/3798/4190
f 4179/3904/4179 4188/3910/4188 4067/3798/4190
f 4179/3904/4179 4067/3798/4190 4191/3791/4191
f 4179/3904/4179 4191/3791/4191 4060/3789/4180
f 4185/3908/4185 4193/3911/4192 4192/3912/4193
f 4185/3908/4185 4192/3912/4193 4189/3909/4186
f 4189/3909/4186 4192/3912/4193 4072/3800/4194
f 4189/3909/4186 4072/3800/4194 4070/3799/4189
f 4192/3912/4193 4194/3802/4195 4199/3802/4196
f 4192/3912/4193 4199/3802/4196 4072/3800/4194
f 4193/3911/4192 4194/3802/4195 4192/3912/4193
f 4196/3913/4197 4200/3914/4198 4115/3841/4107
f 4196/3913/4197 4115/3841/4107 4195/3817/4199
f 4195/3817/4199 4115/3841/4107 4091/3818/4200
f 4200/3914/4198 4118/3840/4106 4115/3841/4107
f 4115/3841/4107 4093/3819/4108 4091/3818/4200
f 4119/3843/4110 4201/3915/4201 4147/3871/4138
f 4201/3915/4201 4196/3913/4202 4203/3916/4203
f 4201/3915/4201 4203/3916/4203 4147/3871/4138
f 4119/3843/4110 4147/3871/4138 4145/3844/4111
f 4147/3871/4138 4203/3916/4203 4205/3811/4141
f 4194/3802/4195 4193/3911/4192 4163/3889/4159
f 4194/3802/4195 4163/3889/4159 4202/3917/4204
f 4202/3917/4204 4163/3889/4159 4204/3806/4158
f 4193/3911/4192 4186/3906/4183 4165/3890/4160
f 4193/3911/4192 4165/3890/4160 4163/3889/4159
f 4207/3918/4205 4173/3898/4168 4175/3899/4169
f 4207/3918/4205 4175/3899/4169 4206/3919/4206
f 4206/3919/4206 4175/3899/4169 4037/3769/4171
f 4206/3919/4206 4037/3769/4171 4034/3768/4207
f 4209/3920/4208 4206/3919/4206 4034/3768/4207
f 4210/3921/4209 4207/3918/4205 4206/3919/4206
f 4210/3921/4209 4206/3919/4206 4209/3920/4208
f 4210/3921/4209 4209/3920/4208 4211/3922/4210
f 4211/3922/4210 4209/3920/4208 4026/3760/4211
f 4212/3923/4212 4210/3921/4209 4211/3922/4210
f 4212/3923/4212 4211/3922/4210 4026/3760/4211
f 4212/3923/4212 4026/3760/4211 4023/3759/4213
f 4170/3885/4154 4172/3896/4166 4208/3924/4214
f 4170/3885/4154 4208/3924/4214 4210/3921/4209
f 4170/3885/4154 4210/3921/4209 4212/3923/4212
f 4158/3880/4149 4170/3885/4154 4212/3923/4212
f 4158/3880/4149 4212/3923/4212 4213/3925/4215
f 4156/3882/4151 4158/3880/4149 4213/3925/4215
f 4156/3882/4151 4213/3925/4215 4214/3926/4216
f 4214/3926/4216 4213/3925/4215 4216/3757/4217
f 4153/3877/4145 4157/3748/4146 4215/3927/4218
f 4153/3877/4145 4215/3927/4218 4218/3928/4219
f 4218/3928/4219 4215/3927/4218 4217/3744/4220
f 4257/3868/4135 4153/3877/4145 4218/3928/4219
f 4257/3868/4135 4218/3928/4219 4219/3929/4221
f 4219/3929/4221 4218/3928/4219 4006/3741/4222
f 4219/3929/4221 4006/3741/4222 4003/3740/4223
f 4218/3928/4219 4217/3744/4220 4222/3744/4224
f 4218/3928/4219 4222/3744/4224 4006/3741/4222
f 4216/3757/4217 4213/3925/4215 4021/3758/4225
f 4216/3757/4217 4021/3758/4225 4221/3757/4226
f 4213/3925/4215 4212/3923/4212 4023/3759/4213
f 4213/3925/4215 4023/3759/4213 4021/3758/4225
f 4224/3930/4227 4219/3929/4221 4223/3931/4228
f 4223/3931/4228 4219/3929/4221 4003/3740/4223
f 4223/3931/4228 4003/3740/4223 4000/3739/4229
f 4225/3932/4230 4223/3931/4228 4000/3739/4229
f 4225/3932/4230 4000/3739/4229 4228/3727/4231
f 4226/3933/4232 4224/3930/4227 4223/3931/4228
f 4226/3933/4232 4223/3931/4228 4225/3932/4230
f 4229/3934/4233 4226/3933/4232 4225/3932/4230
f 4229/3934/4233 4225/3932/4230 4228/3727/4231
f 4229/3934/4233 4228/3727/4231 3988/3725/4234
f 4230/3935/4235 4229/3934/4233 3988/3725/4234
f 4230/3935/4235 3988/3725/4234 3985/3724/4236
f 4135/3860/4127 4226/3933/4232 4229/3934/4233
f 4231/3861/4128 4135/3860/4127 4229/3934/4233
f 4231/3861/4128 4229/3934/4233 4230/3935/4235
f 4135/3860/4127 4137/3862/4129 4226/3933/4232
f 4137/3862/4129 4140/3865/4132 4224/3930/4227
f 4137/3862/4129 4224/3930/4227 4226/3933/4232
f 4140/3865/4132 4257/3868/4135 4219/3929/4221
f 4140/3865/4132 4219/3929/4221 4224/3930/4227
f 4232/3936/4237 4231/3861/4128 4230/3935/4235
f 4232/3936/4237 4230/3935/4235 4233/3937/4238
f 4237/3938/4239 4232/3936/4237 4234/3939/4240
f 4234/3939/4240 4232/3936/4237 4233/3937/4238
f 4234/3939/4240 4233/3937/4238 4236/3940/4241
f 4235/3941/4242 4236/3940/4241 4240/3942/4243
f 4235/3941/4242 4240/3942/4243 3975/3943/4244
f 4238/3944/4245 4235/3941/4242 3975/3943/4244
f 4238/3944/4245 3975/3943/4244 4239/3945/4246
f 4239/3945/4246 3975/3943/4244 3972/3713/4247
f 4236/3940/4241 4233/3937/4238 4240/3942/4243
f 4240/3942/4243 4233/3937/4238 3983/3723/4248
f 4233/3937/4238 4230/3935/4235 3985/3724/4236
f 4233/3937/4238 3985/3724/4236 3983/3723/4248
f 4243/3946/4249 4238/3944/4245 4239/3945/4246
f 4239/3945/4246 3972/3713/4247 3970/3712/4250
f 4244/3947/4251 4239/3945/4246 3970/3712/4250
f 4244/3947/4251 3970/3712/4250 4247/3704/4252
f 4245/3948/4253 4243/3946/4249 4239/3945/4246
f 4245/3948/4253 4239/3945/4246 4244/3947/4251
f 4251/3949/4254 4245/3948/4253 4244/3947/4251
f 4251/3949/4254 4244/3947/4251 4249/3950/4255
f 4249/3950/4255 4244/3947/4251 4247/3704/4252
f 4249/3950/4255 4247/3704/4252 3961/3702/4256
f 4253/3951/4257 4251/3949/4254 4249/3950/4255
f 4253/3951/4257 4249/3950/4255 3937/3678/3933
f 3937/3678/3933 4249/3950/4255 3961/3702/4256
f 3937/3678/3933 3961/3702/4256 3958/3701/4258
f 4250/3952/4259 4254/3953/4260 4255/3954/4261
f 4250/3952/4259 4255/3954/4261 4246/3955/4262
f 4252/3956/4263 4126/3850/4117 4254/3953/4260
f 4252/3956/4263 4254/3953/4260 4250/3952/4259
f 4126/3850/4117 4128/3852/4119 4254/3953/4260
f 4254/3953/4260 4128/3852/4119 4132/3855/4122
f 4254/3953/4260 4132/3855/4122 4255/3954/4261
f 4255/3954/4261 4132/3855/4122 4134/3859/4126
f 4255/3954/4261 4134/3859/4126 4256/3957/4264
f 4246/3955/4262 4255/3954/4261 4256/3957/4264
f 4246/3955/4262 4256/3957/4264 4242/3958/4265
f 4256/3957/4264 4134/3859/4126 4231/3861/4128
f 4256/3957/4264 4231/3861/4128 4232/3936/4237
f 4242/3958/4265 4256/3957/4264 4232/3936/4237
f 4242/3958/4265 4232/3936/4237 4237/3938/4239
f 3932/3959/4266 3930/3960/4267 4126/3850/4117
f 3932/3959/4266 4126/3850/4117 4252/3956/4263
f 3930/3960/4267 3934/3849/4116 4126/3850/4117
f 3931/3677/3932 4253/3951/4257 3937/3678/3933
f 3937/3678/3933 3958/3701/4258 3955/3682/3937
f 3951/3698/3955 3964/3707/3965 4258/3961/4268
f 3951/3698/3955 4258/3961/4268 4105/3832/4095
f 4105/3832/4095 4258/3961/4268 4260/3962/4269
f 4105/3832/4095 4260/3962/4269 4103/3828/4091
f 3964/3707/3965 3965/3706/3964 4259/3963/4270
f 3964/3707/3965 4259/3963/4270 4258/3961/4268
f 4258/3961/4268 4259/3963/4270 4261/3964/4271
f 4258/3961/4268 4261/3964/4271 4260/3962/4269
f 4103/3828/4091 4260/3962/4269 4262/3965/4272
f 4103/3828/4091 4262/3965/4272 4101/3829/4092
f 4260/3962/4269 4261/3964/4271 4264/3966/4273
f 4260/3962/4269 4264/3966/4273 4262/3965/4272
f 4101/3829/4092 4262/3965/4272 4263/3967/4274
f 4101/3829/4092 4263/3967/4274 4084/3813/4074
f 4262/3965/4272 4264/3966/4273 4265/3968/4275
f 4262/3965/4272 4265/3968/4275 4263/3967/4274
f 4264/3966/4273 4266/3969/4276 4267/3970/4277
f 4264/3966/4273 4267/3970/4277 4265/3968/4275
f 4261/3964/4271 4268/3971/4278 4266/3969/4276
f 4261/3964/4271 4266/3969/4276 4264/3966/4273
f 4268/3971/4278 3994/3732/3990 3996/3734/3992
f 4268/3971/4278 3996/3734/3992 4266/3969/4276
f 4266/3969/4276 3996/3734/3992 4270/3736/3994
f 4266/3969/4276 4270/3736/3994 4267/3970/4277
f 4259/3963/4270 4269/3972/4279 4268/3971/4278
f 4259/3963/4270 4268/3971/4278 4261/3964/4271
f 4269/3972/4279 3993/3731/3989 3994/3732/3990
f 4269/3972/4279 3994/3732/3990 4268/3971/4278
f 3965/3706/3964 3966/3709/3967 4269/3972/4279
f 3965/3706/3964 4269/3972/4279 4259/3963/4270
f 3966/3709/3967 3967/3711/3969 3993/3731/3989
f 3966/3709/3967 3993/3731/3989 4269/3972/4279
f 4267/3970/4277 4270/3736/3994 4012/3747/4005
f 4267/3970/4277 4012/3747/4005 4271/3973/4280
f 4265/3968/4275 4267/3970/4277 4271/3973/4280
f 4265/3968/4275 4271/3973/4280 4274/3974/4281
f 4271/3973/4280 4012/3747/4005 4016/3748/4006
f 4271/3973/4280 4016/3748/4006 4273/3876/4282
f 4274/3974/4281 4271/3973/4280 4273/3876/4282
f 4274/3974/4281 4273/3876/4282 4276/3875/4283
f 4277/3975/4284 4274/3974/4281 4276/3875/4283
f 4277/3975/4284 4276/3875/4283 4279/3874/4285
f 4263/3967/4274 4265/3968/4275 4274/3974/4281
f 4263/3967/4274 4274/3974/4281 4277/3975/4284
f 4084/3813/4074 4263/3967/4274 4277/3975/4284
f 4084/3813/4074 4277/3975/4284 4083/3808/4069
f 4083/3808/4069 4277/3975/4284 4279/3874/4285
f 4083/3808/4069 4279/3874/4285 4082/3811/4072
f 4081/3806/4067 4278/3888/4286 4048/3780/4039
f 4081/3806/4067 4048/3780/4039 4078/3805/4066
f 4278/3888/4286 4275/3878/4287 4046/3776/4035
f 4278/3888/4286 4046/3776/4035 4048/3780/4039
f 4078/3805/4066 4048/3780/4039 4049/3782/4041
f 4275/3878/4287 4272/3881/4288 4045/3777/4036
f 4275/3878/4287 4045/3777/4036 4046/3776/4035
f 4272/3881/4288 4015/3749/4007 4045/3777/4036
f 4045/3777/4036 4015/3749/4007 4030/3752/4010
f 4280/3976/4289 4281/3977/4290 4287/3978/4291
f 4280/3976/4289 4287/3978/4291 4285/3979/4292
f 4284/3980/4293 4280/3976/4289 4285/3979/4292
f 4284/3980/4293 4285/3979/4292 4288/3981/4294
f 4285/3979/4292 4287/3978/4291 4305/3982/4295
f 4491/3983/4296 4284/3980/4293 4288/3981/4294
f 4491/3983/4296 4288/3981/4294 4289/3984/4297
f 4289/3984/4297 4288/3981/4294 4291/3985/4298
f 4292/3985/4299 4290/3986/4300 4293/3987/4301
f 4292/3985/4299 4293/3987/4301 4294/3988/4302
f 4290/3986/4300 4286/3989/4303 4293/3987/4301
f 4294/3988/4302 4293/3987/4301 4296/3990/4304
f 4294/3988/4302 4296/3990/4304 4299/3991/4305
f 4293/3987/4301 4297/3992/4306 4296/3990/4304
f 4298/3993/4307 4300/3994/4308 4295/3995/4309
f 4295/3995/4309 4300/3994/4308 4302/3996/4310
f 4295/3995/4309 4302/3996/4310 4299/3991/4311
f 4300/3994/4308 4303/3997/4312 4301/3998/4313
f 4300/3994/4308 4301/3998/4313 4302/3996/4310
f 4304/3999/4314 4307/4000/4315 4303/3997/4312
f 4304/3999/4314 4303/3997/4312 4300/3994/4308
f 4293/3987/4301 4304/3999/4314 4300/3994/4308
f 4293/3987/4301 4300/3994/4308 4297/3992/4306
f 4286/3989/4303 4306/3982/4316 4304/3999/4314
f 4286/3989/4303 4304/3999/4314 4293/3987/4301
f 4306/3982/4316 4309/4001/4317 4307/4000/4315
f 4306/3982/4316 4307/4000/4315 4304/3999/4314
f 4309/4001/4317 4312/4002/4318 4310/4003/4319
f 4309/4001/4317 4310/4003/4319 4307/4000/4315
f 4307/4000/4315 4310/4003/4319 4303/3997/4312
f 4312/4002/4318 4619/4004/4320 4314/4005/4321
f 4312/4002/4318 4314/4005/4321 4310/4003/4319
f 4310/4003/4319 4314/4005/4321 4303/3997/4312
f 4303/3997/4312 4314/4005/4321 4317/4006/4322
f 4303/3997/4312 4317/4006/4322 4315/4007/4323
f 4303/3997/4312 4315/4007/4323 4301/3998/4313
f 4313/4008/4324 4320/4009/4325 4318/4010/4326
f 4313/4008/4324 4318/4010/4326 4316/4011/4327
f 4320/4009/4325 4321/4012/4328 4319/4013/4329
f 4320/4009/4325 4319/4013/4329 4318/4010/4326
f 4318/4010/4326 4319/4013/4329 4332/4014/4330
f 4320/4009/4325 4324/4015/4331 4321/4012/4328
f 4618/4016/4332 4323/4017/4333 4320/4009/4325
f 4618/4016/4332 4320/4009/4325 4313/4008/4324
f 4323/4017/4333 4326/4018/4334 4324/4015/4331
f 4323/4017/4333 4324/4015/4331 4320/4009/4325
f 4326/4018/4334 4327/4019/4335 4324/4015/4331
f 4324/4015/4331 4327/4019/4335 4321/4012/4328
f 4327/4019/4335 4335/4020/4336 4329/4021/4337
f 4327/4019/4335 4329/4021/4337 4330/4022/4338
f 4327/4019/4335 4330/4022/4338 4321/4012/4328
f 4321/4012/4328 4331/4023/4339 4333/4024/4340
f 4321/4012/4328 4333/4024/4340 4319/4013/4329
f 4319/4013/4329 4333/4024/4340 4334/4025/4341
f 4319/4013/4329 4334/4025/4341 4332/4014/4330
f 4335/4020/4336 4334/4025/4341 4333/4024/4340
f 4329/4021/4337 4335/4020/4336 4333/4024/4340
f 4329/4021/4337 4333/4024/4340 4330/4022/4338
f 4337/4026/4342 4339/4027/4343 4334/4025/4341
f 4337/4026/4342 4334/4025/4341 4335/4020/4336
f 4339/4027/4343 4342/4028/4344 4340/4029/4345
f 4339/4027/4343 4340/4029/4345 4334/4025/4341
f 4342/4028/4344 4594/4030/4346 4343/4031/4347
f 4342/4028/4344 4343/4031/4347 4340/4029/4345
f 4340/4029/4345 4343/4031/4347 4345/4032/4348
f 4346/4033/4349 4340/4029/4345 4345/4032/4348
f 4346/4033/4349 4345/4032/4348 4347/4034/4350
f 4332/4014/4330 4334/4025/4341 4340/4029/4345
f 4332/4014/4330 4340/4029/4345 4346/4033/4349
f 4346/4033/4349 4347/4034/4350 4349/4035/4351
f 4350/4036/4352 4348/4037/4353 4351/4038/4354
f 4350/4036/4352 4351/4038/4354 4352/4039/4355
f 4348/4037/4353 4344/4040/4356 4351/4038/4354
f 4352/4039/4355 4351/4038/4354 4353/4041/4357
f 4352/4039/4355 4353/4041/4357 4642/4042/4358
f 4351/4038/4354 4354/4043/4359 4353/4041/4357
f 4355/4044/4360 4354/4043/4359 4351/4038/4354
f 4344/4040/4356 4355/4044/4360 4351/4038/4354
f 4595/4045/4361 4357/4046/4362 4355/4044/4360
f 4595/4045/4361 4355/4044/4360 4344/4040/4356
f 4357/4046/4362 4359/4047/4363 4354/4043/4359
f 4357/4046/4362 4354/4043/4359 4355/4044/4360
f 4359/4047/4363 4362/4048/4364 4360/4049/4365
f 4359/4047/4363 4360/4049/4365 4354/4043/4359
f 4362/4048/4364 4363/4050/4366 4360/4049/4365
f 4360/4049/4365 4363/4050/4366 4364/4051/4367
f 4365/4052/4368 4360/4049/4365 4364/4051/4367
f 4365/4052/4368 4364/4051/4367 4367/4053/4369
f 4353/4041/4357 4354/4043/4359 4360/4049/4365
f 4353/4041/4357 4360/4049/4365 4365/4052/4368
f 4642/4042/4358 4353/4041/4357 4365/4052/4368
f 4642/4042/4358 4365/4052/4368 4366/4054/4370
f 4366/4054/4370 4365/4052/4368 4367/4053/4369
f 4366/4054/4370 4367/4053/4369 4368/4055/4371
f 4368/4055/4371 4367/4053/4369 4369/4056/4372
f 4368/4055/4371 4369/4056/4372 4370/4057/4373
f 4367/4053/4369 4364/4051/4367 4372/4058/4374
f 4367/4053/4369 4372/4058/4374 4369/4056/4372
f 4370/4057/4373 4369/4056/4372 4371/4059/4375
f 4370/4057/4373 4371/4059/4375 4653/4060/4376
f 4369/4056/4372 4372/4058/4374 4373/4061/4377
f 4369/4056/4372 4373/4061/4377 4371/4059/4375
f 4374/4062/4378 4377/4063/4379 4373/4061/4377
f 4374/4062/4378 4373/4061/4377 4372/4058/4374
f 4363/4050/4366 4374/4062/4378 4372/4058/4374
f 4363/4050/4366 4372/4058/4374 4364/4051/4367
f 4363/4050/4366 4376/4064/4380 4374/4062/4378
f 4376/4064/4380 4377/4063/4379 4374/4062/4378
f 4377/4063/4379 4380/4065/4381 4379/4066/4382
f 4377/4063/4379 4379/4066/4382 4382/4067/4383
f 4377/4063/4379 4382/4067/4383 4373/4061/4377
f 4380/4065/4381 4576/4068/4384 4379/4066/4382
f 4379/4066/4382 4383/4069/4385 4382/4067/4383
f 4385/4070/4386 4382/4067/4383 4384/4071/4387
f 4385/4070/4386 4384/4071/4387 4387/4072/4388
f 4371/4059/4375 4373/4061/4377 4382/4067/4383
f 4371/4059/4375 4382/4067/4383 4385/4070/4386
f 4653/4060/4376 4371/4059/4375 4385/4070/4386
f 4653/4060/4376 4385/4070/4386 4386/4073/4389
f 4386/4073/4389 4385/4070/4386 4387/4072/4388
f 4386/4073/4389 4387/4072/4388 4388/4074/4390
f 4389/4075/4391 4392/4076/4392 4388/4074/4390
f 4389/4075/4391 4388/4074/4390 4387/4072/4388
f 4379/4066/4382 4389/4075/4391 4387/4072/4388
f 4379/4066/4382 4387/4072/4388 4383/4069/4385
f 4576/4068/4384 4390/4077/4393 4389/4075/4391
f 4576/4068/4384 4389/4075/4391 4379/4066/4382
f 4390/4077/4393 4393/4078/4394 4392/4076/4392
f 4390/4077/4393 4392/4076/4392 4389/4075/4391
f 4393/4078/4394 4396/4079/4395 4395/4080/4396
f 4393/4078/4394 4395/4080/4396 4392/4076/4392
f 4392/4076/4392 4395/4080/4396 4399/4081/4397
f 4392/4076/4392 4399/4081/4397 4388/4074/4390
f 4396/4079/4395 4545/4082/4398 4398/4083/4399
f 4396/4079/4395 4398/4083/4399 4395/4080/4396
f 4395/4080/4396 4398/4083/4399 4400/4084/4400
f 4395/4080/4396 4400/4084/4400 4399/4081/4397
f 4403/4085/4401 4401/4086/4402 4399/4081/4397
f 4403/4085/4401 4399/4081/4397 4400/4084/4400
f 4401/4086/4402 4386/4073/4389 4388/4074/4390
f 4401/4086/4402 4388/4074/4390 4399/4081/4397
f 4404/4087/4403 4402/4088/4404 4401/4086/4402
f 4404/4087/4403 4401/4086/4402 4403/4085/4401
f 4402/4088/4404 4653/4060/4376 4386/4073/4389
f 4402/4088/4404 4386/4073/4389 4401/4086/4402
f 4405/4089/4405 4403/4085/4401 4400/4084/4400
f 4405/4089/4405 4400/4084/4400 4408/4090/4406
f 4406/4091/4407 4404/4087/4403 4403/4085/4401
f 4406/4091/4407 4403/4085/4401 4405/4089/4405
f 4435/4092/4408 4406/4091/4407 4405/4089/4405
f 4435/4092/4408 4405/4089/4405 4407/4093/4409
f 4407/4093/4409 4405/4089/4405 4408/4090/4406
f 4409/4094/4410 4412/4095/4411 4407/4093/4409
f 4409/4094/4410 4407/4093/4409 4408/4090/4406
f 4398/4083/4399 4409/4094/4410 4408/4090/4406
f 4398/4083/4399 4408/4090/4406 4400/4084/4400
f 4545/4082/4398 4410/4096/4412 4409/4094/4410
f 4545/4082/4398 4409/4094/4410 4398/4083/4399
f 4410/4096/4412 4413/4097/4413 4412/4095/4411
f 4410/4096/4412 4412/4095/4411 4409/4094/4410
f 4413/4097/4413 4415/4098/4414 4412/4095/4411
f 4412/4095/4411 4415/4098/4414 4418/4099/4415
f 4412/4095/4411 4418/4099/4415 4407/4093/4409
f 4415/4098/4414 4417/4100/4416 4419/4101/4417
f 4415/4098/4414 4419/4101/4417 4418/4099/4415
f 4422/4102/4418 4418/4099/4415 4420/4103/4419
f 4424/4104/4420 4421/4105/4421 4418/4099/4415
f 4424/4104/4420 4418/4099/4415 4422/4102/4418
f 4421/4105/4421 4435/4092/4408 4407/4093/4409
f 4421/4105/4421 4407/4093/4409 4418/4099/4415
f 4426/4106/4422 4425/4107/4423 4423/4108/4424
f 4417/4100/4416 4426/4106/4422 4423/4108/4424
f 4417/4100/4416 4423/4108/4424 4419/4101/4417
f 4417/4100/4416 4427/4109/4425 4426/4106/4422
f 4427/4109/4425 4429/4110/4426 4426/4106/4422
f 4429/4110/4426 4432/4111/4427 4431/4112/4428
f 4429/4110/4426 4431/4112/4428 4426/4106/4422
f 4426/4106/4422 4431/4112/4428 4434/4113/4429
f 4426/4106/4422 4434/4113/4429 4425/4107/4423
f 4432/4111/4427 4566/4114/4430 4431/4112/4428
f 4434/4113/4429 4436/4115/4431 4421/4105/4421
f 4434/4113/4429 4421/4105/4421 4424/4104/4420
f 4436/4115/4431 4437/4116/4432 4435/4092/4408
f 4436/4115/4431 4435/4092/4408 4421/4105/4421
f 4441/4117/4433 4438/4118/4434 4436/4115/4431
f 4441/4117/4433 4436/4115/4431 4434/4113/4429
f 4438/4118/4434 4440/4119/4435 4437/4116/4432
f 4438/4118/4434 4437/4116/4432 4436/4115/4431
f 4442/4120/4436 4439/4121/4437 4438/4118/4434
f 4442/4120/4436 4438/4118/4434 4441/4117/4433
f 4439/4121/4437 4652/4122/4438 4440/4119/4435
f 4439/4121/4437 4440/4119/4435 4438/4118/4434
f 4441/4117/4433 4445/4123/4439 4442/4120/4436
f 4431/4112/4428 4441/4117/4433 4434/4113/4429
f 4566/4114/4430 4443/4124/4440 4441/4117/4433
f 4566/4114/4430 4441/4117/4433 4431/4112/4428
f 4443/4124/4440 4447/4125/4441 4445/4123/4439
f 4443/4124/4440 4445/4123/4439 4441/4117/4433
f 4447/4125/4441 4450/4126/4442 4448/4127/4443
f 4447/4125/4441 4448/4127/4443 4445/4123/4439
f 4445/4123/4439 4448/4127/4443 4454/4128/4444
f 4445/4123/4439 4454/4128/4444 4442/4120/4436
f 4450/4126/4442 4452/4129/4445 4448/4127/4443
f 4448/4127/4443 4452/4129/4445 4456/4129/4446
f 4448/4127/4443 4456/4129/4446 4454/4128/4444
f 4456/4129/4447 4459/4130/4448 4457/4131/4449
f 4456/4129/4447 4457/4131/4449 4453/4132/4450
f 4453/4132/4450 4457/4131/4449 4439/4121/4437
f 4453/4132/4450 4439/4121/4437 4442/4120/4436
f 4459/4130/4448 4461/4133/4451 4457/4131/4449
f 4457/4131/4449 4652/4122/4438 4439/4121/4437
f 4463/4134/4452 4302/3996/4310 4458/4135/4453
f 4463/4134/4452 4458/4135/4453 4455/4136/4454
f 4302/3996/4310 4462/4137/4455 4460/4138/4456
f 4302/3996/4310 4460/4138/4456 4458/4135/4453
f 4299/3991/4311 4302/3996/4310 4463/4134/4452
f 4302/3996/4310 4301/3998/4313 4462/4137/4455
f 4294/3988/4302 4299/3991/4305 4464/4139/4457
f 4451/4136/4458 4294/3988/4302 4464/4139/4457
f 4451/4136/4458 4464/4139/4457 4455/4136/4454
f 4470/4136/4459 4466/4140/4460 4294/3988/4302
f 4470/4136/4459 4294/3988/4302 4451/4136/4458
f 4466/4140/4460 4292/3985/4299 4294/3988/4302
f 4471/4136/4461 4467/4141/4462 4465/4140/4463
f 4471/4136/4461 4465/4140/4463 4468/4136/4464
f 4467/4141/4462 4289/3984/4297 4291/3985/4298
f 4467/4141/4462 4291/3985/4298 4465/4140/4463
f 4475/4142/4465 4472/4129/4466 4469/4129/4467
f 4475/4142/4465 4469/4129/4467 4449/4126/4468
f 4478/4143/4469 4474/4144/4470 4472/4129/4466
f 4478/4143/4469 4472/4129/4466 4475/4142/4465
f 4473/4145/4471 4489/4146/4472 4467/4141/4462
f 4473/4145/4471 4467/4141/4462 4471/4136/4461
f 4479/4147/4473 4478/4143/4469 4475/4142/4465
f 4479/4147/4473 4475/4142/4465 4476/4148/4474
f 4476/4148/4474 4475/4142/4465 4449/4126/4468
f 4476/4148/4474 4449/4126/4468 4446/4125/4475
f 4474/4144/4476 4477/4149/4477 4483/4130/4478
f 4477/4149/4477 4480/4150/4479 4512/4151/4480
f 4477/4149/4477 4512/4151/4480 4481/4152/4481
f 4483/4130/4478 4477/4149/4477 4481/4152/4481
f 4483/4130/4478 4481/4152/4481 4485/4133/4482
f 4488/4153/4483 4473/4145/4471 4482/4154/4484
f 4488/4153/4483 4482/4154/4484 4486/4155/4485
f 4486/4155/4485 4482/4154/4484 4484/4138/4486
f 4490/4156/4487 4488/4153/4483 4486/4155/4485
f 4490/4156/4487 4486/4155/4485 4487/4157/4488
f 4489/4146/4472 4491/3983/4296 4289/3984/4297
f 4489/4146/4472 4289/3984/4297 4467/4141/4462
f 4283/4158/4489 4490/4156/4487 4487/4157/4488
f 4283/4158/4489 4487/4157/4488 4280/4159/4490
f 4487/4157/4488 4486/4155/4485 4492/4160/4491
f 4486/4155/4485 4484/4138/4486 4493/4161/4492
f 4492/4160/4491 4486/4155/4485 4496/4162/4493
f 4486/4155/4485 4493/4161/4492 4497/4163/4494
f 4486/4155/4485 4497/4163/4494 4496/4162/4493
f 4495/4164/4495 4498/4165/4496 4503/4166/4497
f 4495/4164/4495 4503/4166/4497 4501/4167/4498
f 4500/4168/4499 4495/4164/4495 4501/4167/4498
f 4500/4168/4499 4501/4167/4498 4502/4169/4500
f 4501/4167/4498 4503/4166/4497 4505/4170/4501
f 4499/4171/4502 4509/4172/4503 4507/4173/4504
f 4499/4171/4502 4507/4173/4504 4504/4174/4505
f 4504/4174/4505 4507/4173/4504 4506/4175/4506
f 4509/4172/4503 4510/4176/4507 4508/4177/4508
f 4509/4172/4503 4508/4177/4508 4507/4173/4504
f 4507/4173/4504 4508/4177/4508 4625/4178/4509
f 4481/4152/4481 4511/4179/4510 4510/4176/4507
f 4481/4152/4481 4510/4176/4507 4509/4172/4503
f 4494/4180/4511 4481/4152/4481 4509/4172/4503
f 4494/4180/4511 4509/4172/4503 4499/4171/4502
f 4485/4133/4482 4481/4152/4481 4494/4180/4511
f 4481/4152/4481 4512/4151/4480 4511/4179/4510
f 4512/4151/4480 4514/4181/4512 4513/4182/4513
f 4512/4151/4480 4513/4182/4513 4511/4179/4510
f 4511/4179/4510 4513/4182/4513 4516/4183/4514
f 4511/4179/4510 4516/4183/4514 4510/4176/4507
f 4514/4181/4512 4570/4184/4515 4515/4185/4516
f 4514/4181/4512 4515/4185/4516 4513/4182/4513
f 4513/4182/4513 4515/4185/4516 4517/4186/4517
f 4513/4182/4513 4517/4186/4517 4516/4183/4514
f 4516/4183/4514 4517/4186/4517 4520/4187/4518
f 4516/4183/4514 4520/4187/4518 4518/4188/4519
f 4510/4176/4507 4516/4183/4514 4518/4188/4519
f 4510/4176/4507 4518/4188/4519 4508/4177/4508
f 4508/4177/4508 4518/4188/4519 4519/4189/4520
f 4508/4177/4508 4519/4189/4520 4625/4178/4509
f 4518/4188/4519 4520/4187/4518 4521/4190/4521
f 4518/4188/4519 4521/4190/4521 4519/4189/4520
f 4517/4186/4517 4525/4191/4522 4522/4192/4523
f 4517/4186/4517 4522/4192/4523 4520/4187/4518
f 4520/4187/4518 4522/4192/4523 4524/4193/4524
f 4520/4187/4518 4524/4193/4524 4521/4190/4521
f 4525/4191/4522 4526/4194/4525 4523/4195/4526
f 4525/4191/4522 4523/4195/4526 4522/4192/4523
f 4522/4192/4523 4523/4195/4526 4582/4196/4527
f 4522/4192/4523 4582/4196/4527 4524/4193/4524
f 4527/4197/4528 4529/4198/4529 4526/4194/4525
f 4527/4197/4528 4526/4194/4525 4525/4191/4522
f 4515/4185/4516 4527/4197/4528 4525/4191/4522
f 4515/4185/4516 4525/4191/4522 4517/4186/4517
f 4570/4184/4515 4528/4199/4530 4527/4197/4528
f 4570/4184/4515 4527/4197/4528 4515/4185/4516
f 4528/4199/4530 4530/4200/4531 4529/4198/4529
f 4528/4199/4530 4529/4198/4529 4527/4197/4528
f 4530/4200/4531 4531/4201/4532 4529/4198/4529
f 4529/4198/4529 4531/4201/4532 4534/4202/4533
f 4529/4198/4529 4534/4202/4533 4526/4194/4525
f 4530/4200/4531 4550/4203/4534 4532/4204/4535
f 4530/4200/4531 4532/4204/4535 4531/4201/4532
f 4531/4201/4532 4532/4204/4535 4535/4205/4536
f 4531/4201/4532 4535/4205/4536 4534/4202/4533
f 4534/4202/4533 4535/4205/4536 4538/4206/4537
f 4534/4202/4533 4538/4206/4537 4536/4207/4538
f 4526/4194/4525 4534/4202/4533 4536/4207/4538
f 4526/4194/4525 4536/4207/4538 4523/4195/4526
f 4523/4195/4526 4536/4207/4538 4537/4208/4539
f 4523/4195/4526 4537/4208/4539 4582/4196/4527
f 4536/4207/4538 4538/4206/4537 4541/4209/4540
f 4536/4207/4538 4541/4209/4540 4537/4208/4539
f 4539/4210/4537 4535/4205/4541 4544/4211/4542
f 4539/4210/4537 4544/4211/4542 4542/4212/4543
f 4540/4213/4540 4539/4210/4537 4542/4212/4543
f 4540/4213/4540 4542/4212/4543 4543/4214/4544
f 4543/4214/4544 4542/4212/4543 4397/4079/4545
f 4543/4214/4544 4397/4079/4545 4394/4078/4546
f 4542/4212/4543 4544/4211/4542 4546/4082/4547
f 4542/4212/4543 4546/4082/4547 4397/4079/4545
f 4535/4205/4541 4533/4215/4548 4547/4216/4549
f 4535/4205/4541 4547/4216/4549 4544/4211/4542
f 4544/4211/4542 4547/4216/4549 4411/4096/4550
f 4544/4211/4542 4411/4096/4550 4546/4082/4547
f 4533/4215/4548 4551/4217/4551 4548/4218/4552
f 4533/4215/4548 4548/4218/4552 4547/4216/4549
f 4547/4216/4549 4548/4218/4552 4414/4097/4553
f 4547/4216/4549 4414/4097/4553 4411/4096/4550
f 4551/4217/4551 4553/4219/4554 4549/4220/4555
f 4551/4217/4551 4549/4220/4555 4548/4218/4552
f 4548/4218/4552 4549/4220/4555 4416/4221/4556
f 4548/4218/4552 4416/4221/4556 4414/4097/4553
f 4555/4222/4557 4552/4223/4558 4550/4203/4534
f 4555/4222/4557 4550/4203/4534 4530/4200/4531
f 4553/4219/4554 4554/4224/4559 4549/4220/4555
f 4555/4222/4557 4554/4224/4560 4552/4223/4558
f 4556/4225/4561 4555/4222/4557 4530/4200/4531
f 4557/4226/4562 4558/4227/4563 4559/4228/4564
f 4557/4226/4562 4559/4228/4564 4428/4229/4565
f 4554/4224/4559 4557/4226/4562 4428/4229/4565
f 4554/4224/4559 4428/4229/4565 4549/4220/4555
f 4428/4229/4565 4559/4228/4564 4430/4110/4566
f 4549/4220/4555 4428/4229/4565 4560/4230/4567
f 4549/4220/4555 4560/4230/4567 4416/4221/4556
f 4558/4227/4563 4562/4231/4568 4559/4228/4564
f 4559/4228/4564 4433/4111/4569 4430/4110/4566
f 4559/4228/4564 4563/4232/4570 4567/4114/4571
f 4559/4228/4564 4567/4114/4571 4433/4111/4569
f 4562/4231/4568 4564/4233/4572 4563/4232/4570
f 4562/4231/4568 4563/4232/4570 4559/4228/4564
f 4564/4233/4572 4569/4234/4573 4444/4235/4574
f 4564/4233/4572 4444/4235/4574 4563/4232/4570
f 4563/4232/4570 4444/4235/4574 4567/4114/4571
f 4569/4234/4573 4479/4147/4473 4476/4148/4474
f 4569/4234/4573 4476/4148/4474 4444/4235/4574
f 4444/4235/4574 4476/4148/4474 4446/4125/4475
f 4480/4150/4479 4568/4236/4575 4514/4181/4512
f 4480/4150/4479 4514/4181/4512 4512/4151/4480
f 4568/4236/4575 4565/4237/4576 4570/4184/4515
f 4568/4236/4575 4570/4184/4515 4514/4181/4512
f 4565/4237/4576 4561/4238/4577 4528/4199/4530
f 4565/4237/4576 4528/4199/4530 4570/4184/4515
f 4561/4238/4577 4556/4225/4561 4530/4200/4531
f 4561/4238/4577 4530/4200/4531 4528/4199/4530
f 4572/4239/4578 4540/4213/4540 4543/4214/4544
f 4572/4239/4578 4543/4214/4544 4571/4240/4579
f 4571/4240/4579 4543/4214/4544 4394/4078/4546
f 4571/4240/4579 4394/4078/4546 4391/4077/4580
f 4574/4241/4581 4571/4240/4579 4391/4077/4580
f 4575/4242/4582 4572/4239/4578 4571/4240/4579
f 4575/4242/4582 4571/4240/4579 4574/4241/4581
f 4577/4243/4583 4575/4242/4582 4574/4241/4581
f 4577/4243/4583 4574/4241/4581 4381/4065/4584
f 4579/4244/4585 4577/4243/4583 4578/4245/4586
f 4578/4245/4586 4577/4243/4583 4381/4065/4584
f 4578/4245/4586 4381/4065/4584 4378/4246/4587
f 4580/4247/4588 4573/4248/4578 4575/4242/4582
f 4580/4247/4588 4575/4242/4582 4577/4243/4583
f 4581/4249/4589 4580/4247/4588 4577/4243/4583
f 4581/4249/4589 4577/4243/4583 4579/4244/4585
f 4537/4208/4539 4541/4209/4540 4573/4248/4578
f 4537/4208/4539 4573/4248/4578 4580/4247/4588
f 4582/4196/4527 4537/4208/4539 4580/4247/4588
f 4582/4196/4527 4580/4247/4588 4581/4249/4589
f 4524/4193/4524 4582/4196/4527 4581/4249/4589
f 4524/4193/4524 4581/4249/4589 4579/4244/4585
f 4521/4190/4521 4524/4193/4524 4579/4244/4585
f 4521/4190/4521 4579/4244/4585 4583/4250/4590
f 4583/4250/4590 4579/4244/4585 4578/4245/4586
f 4583/4250/4590 4578/4245/4586 4584/4251/4591
f 4519/4189/4520 4521/4190/4521 4583/4250/4590
f 4519/4189/4520 4583/4250/4590 4584/4251/4591
f 4625/4178/4509 4519/4189/4520 4584/4251/4591
f 4625/4178/4509 4584/4251/4591 4585/4252/4592
f 4585/4252/4592 4584/4251/4591 4586/4253/4593
f 4586/4253/4593 4584/4251/4591 4587/4254/4594
f 4585/4252/4592 4586/4253/4593 4361/4048/4595
f 4585/4252/4592 4361/4048/4595 4358/4047/4596
f 4586/4253/4593 4587/4254/4594 4588/4255/4597
f 4586/4253/4593 4588/4255/4597 4361/4048/4595
f 4584/4251/4591 4578/4245/4586 4587/4254/4594
f 4587/4254/4594 4375/4064/4598 4588/4255/4597
f 4587/4254/4594 4578/4245/4586 4378/4246/4587
f 4587/4254/4594 4378/4246/4587 4375/4064/4598
f 4589/4256/4599 4585/4252/4592 4358/4047/4596
f 4589/4256/4599 4358/4047/4596 4356/4046/4600
f 4591/4045/4601 4589/4256/4599 4356/4046/4600
f 4592/4257/4602 4589/4256/4599 4591/4045/4601
f 4598/4258/4603 4590/4259/4604 4596/4260/4605
f 4596/4260/4605 4590/4259/4604 4593/4030/4606
f 4596/4260/4605 4593/4030/4606 4341/4028/4607
f 4599/4261/4608 4598/4258/4603 4596/4260/4605
f 4599/4261/4608 4596/4260/4605 4597/4262/4609
f 4597/4262/4609 4596/4260/4605 4341/4028/4607
f 4597/4262/4609 4341/4028/4607 4338/4027/4610
f 4598/4258/4603 4600/4034/4611 4590/4259/4604
f 4501/4167/4498 4505/4170/4501 4600/4034/4611
f 4501/4167/4498 4600/4034/4611 4598/4258/4603
f 4502/4169/4500 4501/4167/4498 4598/4258/4603
f 4502/4169/4500 4598/4258/4603 4599/4261/4608
f 4506/4175/4506 4507/4173/4504 4589/4256/4599
f 4506/4175/4506 4589/4256/4599 4601/4263/4612
f 4601/4263/4612 4589/4256/4599 4592/4257/4602
f 4507/4173/4504 4625/4178/4509 4585/4252/4592
f 4507/4173/4504 4585/4252/4592 4589/4256/4599
f 4624/4264/4613 4502/4169/4500 4599/4261/4608
f 4624/4264/4613 4599/4261/4608 4602/4265/4614
f 4606/4266/4615 4624/4264/4613 4602/4265/4614
f 4606/4266/4615 4602/4265/4614 4603/4267/4616
f 4603/4267/4616 4602/4265/4614 4605/4268/4617
f 4604/4269/4618 4605/4268/4617 4609/4270/4619
f 4604/4269/4618 4609/4270/4619 4328/4271/4620
f 4607/4272/4621 4604/4269/4618 4328/4271/4620
f 4607/4272/4621 4328/4271/4620 4608/4273/4622
f 4608/4273/4622 4328/4271/4620 4325/4018/4623
f 4605/4268/4617 4602/4265/4614 4336/4274/4624
f 4605/4268/4617 4336/4274/4624 4609/4270/4619
f 4602/4265/4614 4599/4261/4608 4597/4262/4609
f 4602/4265/4614 4597/4262/4609 4336/4274/4624
f 4336/4274/4624 4597/4262/4609 4338/4027/4610
f 4612/4275/4625 4607/4272/4621 4608/4273/4622
f 4612/4275/4625 4608/4273/4622 4610/4276/4626
f 4610/4276/4626 4608/4273/4622 4325/4018/4623
f 4610/4276/4626 4325/4018/4623 4322/4017/4627
f 4613/4016/4628 4610/4276/4626 4322/4017/4627
f 4615/4277/4629 4612/4275/4625 4610/4276/4626
f 4615/4277/4629 4610/4276/4626 4613/4016/4628
f 4616/4278/4630 4614/4004/4631 4620/4279/4632
f 4620/4279/4632 4614/4004/4631 4617/4004/4633
f 4620/4279/4632 4617/4004/4633 4311/4002/4634
f 4621/4280/4635 4616/4278/4630 4620/4279/4632
f 4621/4280/4635 4620/4279/4632 4287/3978/4291
f 4287/3978/4291 4620/4279/4632 4311/4002/4634
f 4287/3978/4291 4311/4002/4634 4308/4001/4636
f 4622/4281/4637 4280/4159/4490 4623/4282/4638
f 4622/4281/4637 4623/4282/4638 4616/4278/4639
f 4280/4159/4490 4487/4157/4488 4492/4160/4491
f 4280/4159/4490 4492/4160/4491 4623/4282/4638
f 4624/4264/4613 4500/4168/4499 4502/4169/4500
f 4615/4277/4640 4624/4264/4613 4611/4283/4641
f 4611/4283/4641 4624/4264/4613 4606/4266/4615
f 4282/4284/4642 4280/4159/4490 4622/4281/4637
f 4281/3977/4290 4621/4280/4635 4287/3978/4291
f 4287/3978/4291 4308/4001/4636 4305/3982/4295
f 4301/3998/4313 4315/4007/4323 4462/4137/4455
f 4462/4137/4455 4628/4161/4643 4460/4138/4456
f 4315/4007/4323 4317/4006/4322 4627/4162/4644
f 4315/4007/4323 4627/4162/4644 4462/4137/4455
f 4462/4137/4455 4627/4162/4644 4630/4163/4645
f 4462/4137/4455 4630/4163/4645 4628/4161/4643
f 4461/4133/4451 4629/4180/4646 4633/4285/4647
f 4461/4133/4451 4633/4285/4647 4457/4131/4449
f 4629/4180/4646 4632/4171/4648 4635/4286/4649
f 4629/4180/4646 4635/4286/4649 4633/4285/4647
f 4457/4131/4449 4633/4285/4647 4634/4287/4650
f 4457/4131/4449 4634/4287/4650 4652/4122/4438
f 4633/4285/4647 4635/4286/4649 4636/4288/4651
f 4633/4285/4647 4636/4288/4651 4634/4287/4650
f 4635/4286/4649 4637/4289/4652 4638/4290/4653
f 4635/4286/4649 4638/4290/4653 4636/4288/4651
f 4632/4171/4648 4640/4174/4654 4637/4289/4652
f 4632/4171/4648 4637/4289/4652 4635/4286/4649
f 4640/4174/4654 4350/4036/4352 4352/4039/4355
f 4640/4174/4654 4352/4039/4355 4637/4289/4652
f 4637/4289/4652 4352/4039/4355 4642/4042/4358
f 4637/4289/4652 4642/4042/4358 4638/4290/4653
f 4626/4164/4655 4641/4291/4656 4639/4166/4657
f 4626/4164/4655 4639/4166/4657 4631/4165/4658
f 4641/4291/4656 4346/4033/4349 4349/4035/4351
f 4641/4291/4656 4349/4035/4351 4639/4166/4657
f 4316/4011/4327 4318/4010/4326 4641/4291/4656
f 4316/4011/4327 4641/4291/4656 4626/4164/4655
f 4318/4010/4326 4332/4014/4330 4346/4033/4349
f 4318/4010/4326 4346/4033/4349 4641/4291/4656
f 4638/4290/4653 4642/4042/4358 4366/4054/4370
f 4638/4290/4653 4366/4054/4370 4643/4292/4659
f 4636/4288/4651 4638/4290/4653 4643/4292/4659
f 4636/4288/4651 4643/4292/4659 4645/4183/4660
f 4643/4292/4659 4366/4054/4370 4368/4055/4371
f 4643/4292/4659 4368/4055/4371 4644/4293/4661
f 4645/4183/4660 4643/4292/4659 4644/4293/4661
f 4645/4183/4660 4644/4293/4661 4646/4186/4662
f 4647/4294/4663 4645/4183/4660 4646/4186/4662
f 4647/4294/4663 4646/4186/4662 4648/4295/4664
f 4634/4287/4650 4636/4288/4651 4645/4183/4660
f 4634/4287/4650 4645/4183/4660 4647/4294/4663
f 4652/4122/4438 4634/4287/4650 4647/4294/4663
f 4652/4122/4438 4647/4294/4663 4440/4119/4435
f 4440/4119/4435 4647/4294/4663 4648/4295/4664
f 4440/4119/4435 4648/4295/4664 4437/4116/4432
f 4437/4116/4432 4648/4295/4664 4649/4296/4665
f 4437/4116/4432 4649/4296/4665 4435/4092/4408
f 4648/4295/4664 4646/4186/4662 4650/4297/4666
f 4648/4295/4664 4650/4297/4666 4649/4296/4665
f 4435/4092/4408 4649/4296/4665 4406/4091/4407
f 4649/4296/4665 4650/4297/4666 4404/4087/4403
f 4649/4296/4665 4404/4087/4403 4406/4091/4407
f 4650/4297/4666 4651/4298/4667 4402/4088/4404
f 4650/4297/4666 4402/4088/4404 4404/4087/4403
f 4646/4186/4662 4644/4293/4661 4651/4298/4667
f 4646/4186/4662 4651/4298/4667 4650/4297/4666
f 4644/4293/4661 4368/4055/4371 4370/4057/4373
f 4644/4293/4661 4370/4057/4373 4651/4298/4667
f 4651/4298/4667 4370/4057/4373 4653/4060/4376
f 4651/4298/4667 4653/4060/4376 4402/4088/4404
f 4654/4299/4668 4655/4300/4669 4661/4301/4670
f 4654/4299/4668 4661/4301/4670 4659/4302/4671
f 4654/4299/4672 4658/4303/4673 4656/4304/4674
f 4657/4305/4675 4654/4299/4668 4659/4302/4671
f 4657/4305/4675 4659/4302/4671 4662/4306/4676
f 4662/4306/4676 4659/4302/4671 4664/4307/4677
f 4864/4308/4678 4657/4305/4675 4662/4306/4676
f 4864/4308/4678 4662/4306/4676 4663/4309/4679
f 4663/4309/4679 4662/4306/4676 4664/4307/4677
f 4663/4309/4679 4664/4307/4677 4666/4310/4680
f 4667/4310/4681 4665/4307/4682 4668/4311/4683
f 4665/4307/4682 4660/4312/4684 4668/4311/4683
f 4668/4311/4683 4670/4313/4685 4673/4314/4686
f 4668/4311/4683 4660/4312/4684 4671/4315/4687
f 4668/4311/4683 4671/4315/4687 4670/4313/4685
f 4672/4316/4688 4675/4317/4689 4669/4318/4690
f 4669/4318/4690 4675/4317/4689 4674/4319/4691
f 4675/4317/4689 4676/4320/4692 4839/4321/4693
f 4677/4322/4694 4679/4323/4695 4676/4320/4692
f 4677/4322/4694 4676/4320/4692 4675/4317/4689
f 4660/4312/4684 4677/4322/4694 4675/4317/4689
f 4660/4312/4684 4675/4317/4689 4671/4315/4687
f 4660/4312/4684 4678/4324/4696 4677/4322/4694
f 4678/4324/4696 4681/4325/4697 4679/4323/4695
f 4678/4324/4696 4679/4323/4695 4677/4322/4694
f 4681/4325/4697 4684/4326/4698 4682/4327/4699
f 4681/4325/4697 4682/4327/4699 4679/4323/4695
f 4679/4323/4695 4682/4327/4699 4686/4328/4700
f 4679/4323/4695 4686/4328/4700 4676/4320/4692
f 4684/4326/4698 4987/4329/4701 4685/4330/4702
f 4684/4326/4698 4685/4330/4702 4682/4327/4699
f 4682/4327/4699 4685/4330/4702 4687/4331/4703
f 4682/4327/4699 4687/4331/4703 4686/4328/4700
f 4676/4320/4692 4686/4328/4700 4688/4332/4704
f 4676/4320/4692 4688/4332/4704 4839/4321/4693
f 4686/4328/4700 4687/4331/4703 4689/4333/4705
f 4686/4328/4700 4689/4333/4705 4688/4332/4704
f 4687/4331/4703 4690/4334/4706 4692/4335/4707
f 4687/4331/4703 4692/4335/4707 4689/4333/4705
f 4690/4334/4706 4693/4336/4708 4691/4337/4709
f 4690/4334/4706 4691/4337/4709 4692/4335/4707
f 4694/4338/4710 4697/4339/4711 4693/4336/4708
f 4694/4338/4710 4693/4336/4708 4690/4334/4706
f 4685/4330/4702 4694/4338/4710 4690/4334/4706
f 4685/4330/4702 4690/4334/4706 4687/4331/4703
f 4987/4329/4701 4696/4340/4712 4694/4338/4710
f 4987/4329/4701 4694/4338/4710 4685/4330/4702
f 4696/4340/4712 4699/4341/4713 4697/4339/4711
f 4696/4340/4712 4697/4339/4711 4694/4338/4710
f 4699/4341/4713 4702/4342/4714 4700/4343/4715
f 4699/4341/4713 4700/4343/4715 4697/4339/4711
f 4697/4339/4711 4700/4343/4715 4704/4344/4716
f 4697/4339/4711 4704/4344/4716 4693/4336/4708
f 4702/4342/4714 4703/4345/4717 4700/4343/4715
f 4700/4343/4715 4703/4345/4717 4705/4346/4718
f 4700/4343/4715 4705/4346/4718 4704/4344/4716
f 4704/4344/4716 4706/4347/4719 4708/4348/4720
f 4704/4344/4716 4708/4348/4720 4707/4349/4721
f 4693/4336/4708 4704/4344/4716 4707/4349/4721
f 4693/4336/4708 4707/4349/4721 4691/4337/4709
f 4709/4350/4722 4711/4351/4723 4708/4348/4720
f 4703/4345/4717 4709/4350/4722 4708/4348/4720
f 4703/4345/4717 4708/4348/4720 4705/4346/4718
f 4709/4350/4722 4713/4352/4724 4711/4351/4723
f 4713/4352/4724 4716/4353/4725 4714/4354/4726
f 4713/4352/4724 4714/4354/4726 4711/4351/4723
f 4711/4351/4723 4714/4354/4726 4708/4348/4720
f 4716/4353/4725 4718/4355/4727 4714/4354/4726
f 4714/4354/4726 4718/4355/4727 4719/4356/4728
f 4720/4357/4729 4714/4354/4726 4719/4356/4728
f 4720/4357/4729 4719/4356/4728 4723/4358/4730
f 4707/4349/4721 4708/4348/4720 4714/4354/4726
f 4707/4349/4721 4714/4354/4726 4720/4357/4729
f 4691/4337/4709 4707/4349/4721 4720/4357/4729
f 4691/4337/4709 4720/4357/4729 4721/4359/4731
f 4721/4359/4731 4720/4357/4729 4723/4358/4730
f 4721/4359/4731 4723/4358/4730 4725/4360/4732
f 4724/4361/4733 4722/4362/4734 4726/4363/4735
f 4724/4361/4733 4726/4363/4735 4727/4364/4736
f 4722/4362/4734 4717/4365/4737 4726/4363/4735
f 4727/4364/4736 4726/4363/4735 4728/4366/4738
f 4727/4364/4736 4728/4366/4738 5004/4367/4739
f 4729/4368/4740 4732/4369/4741 4728/4366/4738
f 4729/4368/4740 4728/4366/4738 4726/4363/4735
f 4717/4365/4737 4729/4368/4740 4726/4363/4735
f 4964/4365/4742 4731/4370/4743 4729/4368/4740
f 4964/4365/4742 4729/4368/4740 4717/4365/4737
f 4731/4370/4743 4734/4371/4744 4732/4369/4741
f 4731/4370/4743 4732/4369/4741 4729/4368/4740
f 4734/4371/4744 4737/4372/4745 4735/4373/4746
f 4734/4371/4744 4735/4373/4746 4732/4369/4741
f 4732/4369/4741 4735/4373/4746 4739/4374/4747
f 4732/4369/4741 4739/4374/4747 4728/4366/4738
f 4737/4372/4745 4958/4375/4748 4738/4376/4749
f 4737/4372/4745 4738/4376/4749 4735/4373/4746
f 4735/4373/4746 4738/4376/4749 4740/4377/4750
f 4735/4373/4746 4740/4377/4750 4739/4374/4747
f 5004/4367/4739 4728/4366/4738 4739/4374/4747
f 5004/4367/4739 4739/4374/4747 4741/4378/4751
f 4741/4378/4751 4739/4374/4747 4740/4377/4750
f 4741/4378/4751 4740/4377/4750 4742/4379/4752
f 4742/4379/4752 4740/4377/4750 4743/4380/4753
f 4742/4379/4752 4743/4380/4753 4744/4381/4754
f 4744/4381/4754 4743/4380/4753 4745/4382/4755
f 4744/4381/4754 4745/4382/4755 5015/4383/4756
f 4743/4380/4753 4746/4384/4757 4745/4382/4755
f 4747/4385/4758 4750/4386/4759 4746/4384/4757
f 4747/4385/4758 4746/4384/4757 4743/4380/4753
f 4738/4376/4749 4747/4385/4758 4743/4380/4753
f 4738/4376/4749 4743/4380/4753 4740/4377/4750
f 4958/4375/4748 4749/4387/4760 4747/4385/4758
f 4958/4375/4748 4747/4385/4758 4738/4376/4749
f 4749/4387/4760 4752/4388/4761 4750/4386/4759
f 4749/4387/4760 4750/4386/4759 4747/4385/4758
f 4752/4388/4761 4754/4389/4762 4750/4386/4759
f 4754/4389/4762 4755/4390/4763 4750/4386/4759
f 4750/4386/4759 4755/4390/4763 4756/4391/4764
f 4750/4386/4759 4756/4391/4764 4746/4384/4757
f 4758/4392/4765 4746/4384/4757 4757/4393/4766
f 4745/4382/4755 4746/4384/4757 4758/4392/4765
f 5015/4383/4756 4745/4382/4755 4758/4392/4765
f 5015/4383/4756 4758/4392/4765 4759/4394/4767
f 4761/4395/4768 4764/4396/4769 4759/4394/4767
f 4761/4395/4768 4759/4394/4767 4760/4397/4770
f 4755/4390/4763 4761/4395/4768 4760/4397/4770
f 4755/4390/4763 4760/4397/4770 4756/4391/4764
f 4755/4390/4763 4763/4398/4771 4761/4395/4768
f 4763/4398/4771 4766/4399/4772 4764/4396/4769
f 4763/4398/4771 4764/4396/4769 4761/4395/4768
f 4766/4399/4772 4769/4400/4773 4767/4401/4774
f 4766/4399/4772 4767/4401/4774 4764/4396/4769
f 4764/4396/4769 4767/4401/4774 4771/4402/4775
f 4764/4396/4769 4771/4402/4775 4759/4394/4767
f 4769/4400/4773 4916/4403/4776 4770/4404/4777
f 4769/4400/4773 4770/4404/4777 4767/4401/4774
f 4767/4401/4774 4770/4404/4777 4772/4405/4778
f 4767/4401/4774 4772/4405/4778 4771/4402/4775
f 4774/4406/4779 4773/4407/4780 4771/4402/4775
f 4774/4406/4779 4771/4402/4775 4772/4405/4778
f 4773/4407/4780 5015/4383/4756 4759/4394/4767
f 4773/4407/4780 4759/4394/4767 4771/4402/4775
f 4775/4408/4781 4772/4405/4778 4778/4409/4782
f 4776/4410/4783 4774/4406/4779 4772/4405/4778
f 4776/4410/4783 4772/4405/4778 4775/4408/4781
f 5014/4411/4784 4776/4410/4783 4775/4408/4781
f 5014/4411/4784 4775/4408/4781 4777/4412/4785
f 4777/4412/4785 4775/4408/4781 4778/4409/4782
f 4777/4412/4785 4778/4409/4782 4779/4413/4786
f 4780/4414/4787 4783/4415/4788 4779/4413/4786
f 4780/4414/4787 4779/4413/4786 4778/4409/4782
f 4770/4404/4777 4780/4414/4787 4778/4409/4782
f 4770/4404/4777 4778/4409/4782 4772/4405/4778
f 4916/4403/4776 4782/4416/4789 4780/4414/4787
f 4916/4403/4776 4780/4414/4787 4770/4404/4777
f 4782/4416/4789 4785/4417/4790 4783/4415/4788
f 4782/4416/4789 4783/4415/4788 4780/4414/4787
f 4785/4417/4790 4789/4418/4791 4787/4419/4792
f 4785/4417/4790 4787/4419/4792 4783/4415/4788
f 4783/4415/4788 4786/4419/4793 4792/4420/4794
f 4783/4415/4788 4792/4420/4794 4779/4413/4786
f 4789/4418/4791 4931/4421/4795 4791/4422/4796
f 4789/4418/4791 4791/4422/4796 4787/4419/4792
f 4786/4419/4793 4790/4422/4797 4793/4423/4798
f 4786/4419/4793 4793/4423/4798 4792/4420/4794
f 4797/4424/4799 4795/4425/4800 4792/4420/4794
f 4797/4424/4799 4792/4420/4794 4794/4426/4801
f 4795/4425/4800 4777/4412/4785 4779/4413/4786
f 4795/4425/4800 4779/4413/4786 4792/4420/4794
f 4798/4427/4802 4796/4428/4803 4795/4425/4800
f 4798/4427/4802 4795/4425/4800 4797/4424/4799
f 4796/4428/4803 5014/4411/4784 4777/4412/4785
f 4796/4428/4803 4777/4412/4785 4795/4425/4800
f 4800/4429/4804 4803/4430/4805 4799/4431/4806
f 4800/4429/4804 4799/4431/4806 4797/4424/4807
f 4790/4422/4797 4800/4429/4804 4797/4424/4807
f 4790/4422/4797 4797/4424/4807 4793/4423/4798
f 4931/4421/4795 4802/4432/4808 4800/4429/4804
f 4931/4421/4795 4800/4429/4804 4791/4422/4796
f 4802/4432/4808 4803/4430/4805 4800/4429/4804
f 4803/4430/4805 4805/4433/4809 4808/4434/4810
f 4803/4430/4805 4808/4434/4810 4799/4431/4806
f 4805/4433/4809 4807/4435/4811 4809/4436/4812
f 4805/4433/4809 4809/4436/4812 4808/4434/4810
f 4809/4436/4812 4812/4437/4813 4810/4438/4814
f 4809/4436/4812 4810/4438/4814 4808/4434/4810
f 4808/4434/4810 4810/4438/4814 4796/4428/4803
f 4808/4434/4810 4796/4428/4803 4798/4427/4802
f 4812/4437/4813 4813/4439/4815 4811/4440/4816
f 4812/4437/4813 4811/4440/4816 4810/4438/4814
f 4810/4438/4814 4811/4440/4816 5014/4411/4784
f 4810/4438/4814 5014/4411/4784 4796/4428/4803
f 4818/4441/4817 4814/4442/4818 4812/4437/4813
f 4818/4441/4817 4812/4437/4813 4809/4436/4812
f 4814/4442/4818 4816/4443/4819 4813/4439/4815
f 4814/4442/4818 4813/4439/4815 4812/4437/4813
f 4820/4444/4820 4815/4445/4821 4814/4442/4818
f 4820/4444/4820 4814/4442/4818 4818/4441/4817
f 4815/4445/4821 4816/4443/4819 4814/4442/4818
f 4821/4446/4822 4825/4447/4823 4819/4448/4824
f 4821/4446/4822 4819/4448/4824 4817/4449/4825
f 4807/4435/4811 4821/4446/4822 4817/4449/4825
f 4807/4435/4811 4817/4449/4825 4809/4436/4812
f 4807/4435/4811 4824/4450/4826 4821/4446/4822
f 4824/4450/4826 4827/4451/4827 4825/4447/4823
f 4824/4450/4826 4825/4447/4823 4821/4446/4822
f 4827/4451/4827 4829/4452/4828 4825/4447/4823
f 4825/4447/4823 4832/4453/4829 4819/4448/4824
f 4829/4452/4828 4830/4454/4830 4825/4447/4823
f 4825/4447/4823 4830/4454/4830 4833/4454/4831
f 4825/4447/4823 4833/4454/4831 4832/4453/4829
f 4833/4454/4831 4836/4455/4832 4835/4456/4833
f 4833/4454/4831 4835/4456/4833 4832/4453/4829
f 4832/4453/4829 4835/4456/4833 4815/4445/4821
f 4832/4453/4829 4815/4445/4821 4820/4444/4820
f 4836/4455/4832 4838/4457/4834 4835/4456/4833
f 4674/4319/4691 4675/4317/4689 4837/4458/4835
f 4674/4319/4691 4837/4458/4835 4834/4459/4836
f 4675/4317/4689 4839/4321/4693 4837/4458/4835
f 4831/4460/4837 4668/4311/4683 4673/4314/4686
f 4831/4460/4837 4673/4314/4686 4834/4459/4838
f 4844/4461/4839 4841/4462/4840 4831/4460/4837
f 4841/4462/4840 4667/4310/4681 4668/4311/4683
f 4841/4462/4840 4668/4311/4683 4831/4460/4837
f 4846/4461/4841 4663/4309/4679 4840/4462/4842
f 4846/4461/4841 4840/4462/4842 4843/4461/4843
f 4663/4309/4679 4666/4310/4680 4840/4462/4842
f 4849/4463/4844 4845/4454/4845 4842/4454/4843
f 4849/4463/4844 4842/4454/4843 4828/4452/4846
f 4852/4464/4847 4847/4465/4848 4845/4454/4845
f 4852/4464/4847 4845/4454/4845 4849/4463/4844
f 4848/4466/4849 4863/4467/4850 4663/4309/4679
f 4848/4466/4849 4663/4309/4679 4846/4461/4841
f 4853/4468/4851 4852/4464/4847 4849/4463/4844
f 4853/4468/4851 4849/4463/4844 4850/4469/4852
f 4850/4469/4852 4849/4463/4844 4828/4452/4846
f 4850/4469/4852 4828/4452/4846 4826/4451/4853
f 4847/4465/4854 4851/4470/4855 4856/4471/4856
f 4851/4470/4855 4853/4468/4857 4854/4472/4858
f 4851/4470/4855 4854/4472/4858 4855/4473/4859
f 4856/4471/4856 4851/4470/4855 4855/4473/4859
f 4856/4471/4856 4855/4473/4859 4858/4457/4860
f 4860/4474/4861 4848/4466/4862 4857/4475/4863
f 4860/4474/4861 4857/4475/4863 4859/4476/4864
f 4860/4474/4861 4859/4476/4864 4862/4477/4865
f 4861/4478/4866 4860/4474/4861 4862/4477/4865
f 4863/4467/4850 4864/4308/4678 4663/4309/4679
f 4862/4477/4865 4865/4479/4867 4866/4480/4868
f 4862/4477/4865 4859/4476/4864 4865/4479/4867
f 4866/4480/4868 4865/4479/4867 4868/4481/4869
f 4866/4480/4868 4868/4481/4869 4871/4482/4870
f 4865/4479/4867 4870/4483/4871 4868/4481/4869
f 4868/4481/4869 4870/4483/4871 4876/4484/4872
f 4868/4481/4869 4876/4484/4872 4872/4485/4873
f 4871/4482/4870 4868/4481/4869 4872/4485/4873
f 4871/4482/4870 4872/4485/4873 4873/4486/4874
f 4873/4486/4874 4872/4485/4873 4874/4487/4875
f 4873/4486/4874 4874/4487/4875 4970/4488/4876
f 4872/4485/4873 4876/4484/4872 4878/4360/4877
f 4872/4485/4873 4878/4360/4877 4874/4487/4875
f 4869/4489/4878 4882/4490/4879 4879/4491/4880
f 4869/4489/4878 4879/4491/4880 4875/4492/4881
f 4875/4492/4881 4879/4491/4880 4881/4493/4882
f 4875/4492/4881 4881/4493/4882 4877/4361/4883
f 4882/4490/4879 4883/4494/4884 4880/4495/4885
f 4882/4490/4879 4880/4495/4885 4879/4491/4880
f 4879/4491/4880 4880/4495/4885 4952/4496/4886
f 4879/4491/4880 4952/4496/4886 4881/4493/4882
f 4855/4473/4859 4884/4497/4887 4883/4494/4884
f 4855/4473/4859 4883/4494/4884 4882/4490/4879
f 4867/4498/4888 4855/4473/4859 4882/4490/4879
f 4867/4498/4888 4882/4490/4879 4869/4489/4878
f 4858/4457/4860 4855/4473/4859 4867/4498/4888
f 4855/4473/4859 4854/4472/4858 4884/4497/4887
f 4854/4472/4858 4886/4499/4889 4885/4500/4890
f 4854/4472/4858 4885/4500/4890 4884/4497/4887
f 4884/4497/4887 4885/4500/4890 4888/4501/4891
f 4884/4497/4887 4888/4501/4891 4883/4494/4884
f 4886/4499/4889 4940/4502/4892 4887/4503/4893
f 4886/4499/4889 4887/4503/4893 4885/4500/4890
f 4885/4500/4890 4887/4503/4893 4889/4504/4894
f 4885/4500/4890 4889/4504/4894 4888/4501/4891
f 4888/4501/4891 4889/4504/4894 4892/4505/4895
f 4888/4501/4891 4892/4505/4895 4890/4506/4896
f 4883/4494/4884 4888/4501/4891 4890/4506/4896
f 4883/4494/4884 4890/4506/4896 4880/4495/4885
f 4880/4495/4885 4890/4506/4896 4891/4507/4897
f 4880/4495/4885 4891/4507/4897 4952/4496/4886
f 4890/4506/4896 4892/4505/4895 4893/4508/4898
f 4890/4506/4896 4893/4508/4898 4891/4507/4897
f 4889/4504/4894 4897/4509/4899 4894/4510/4900
f 4889/4504/4894 4894/4510/4900 4892/4505/4895
f 4892/4505/4895 4894/4510/4900 4896/4511/4901
f 4892/4505/4895 4896/4511/4901 4893/4508/4898
f 4897/4509/4899 4898/4512/4902 4895/4513/4903
f 4897/4509/4899 4895/4513/4903 4894/4510/4900
f 4894/4510/4900 4895/4513/4903 4948/4514/4904
f 4894/4510/4900 4948/4514/4904 4896/4511/4901
f 4899/4515/4905 4901/4516/4906 4898/4512/4902
f 4899/4515/4905 4898/4512/4902 4897/4509/4899
f 4887/4503/4893 4899/4515/4905 4897/4509/4899
f 4887/4503/4893 4897/4509/4899 4889/4504/4894
f 4940/4502/4892 4900/4517/4907 4899/4515/4905
f 4940/4502/4892 4899/4515/4905 4887/4503/4893
f 4900/4517/4907 4902/4518/4908 4901/4516/4906
f 4900/4517/4907 4901/4516/4906 4899/4515/4905
f 4902/4518/4908 4904/4519/4909 4903/4520/4910
f 4902/4518/4908 4903/4520/4910 4901/4516/4906
f 4901/4516/4906 4903/4520/4910 4898/4512/4902
f 4904/4519/4909 4920/4521/4911 4906/4522/4912
f 4904/4519/4909 4906/4522/4912 4903/4520/4910
f 4903/4520/4910 4906/4522/4912 4907/4523/4913
f 4903/4520/4910 4907/4523/4913 4898/4512/4902
f 4898/4512/4902 4907/4523/4913 4911/4524/4914
f 4898/4512/4902 4911/4524/4914 4909/4525/4915
f 4898/4512/4902 4909/4525/4915 4895/4513/4903
f 4895/4513/4903 4909/4525/4915 4948/4514/4904
f 4909/4525/4915 4911/4524/4914 4912/4526/4916
f 4910/4527/4917 4908/4528/4918 4913/4529/4919
f 4912/4526/4920 4910/4527/4917 4913/4529/4919
f 4912/4526/4920 4913/4529/4919 4914/4530/4921
f 4914/4530/4921 4913/4529/4919 4768/4400/4922
f 4914/4530/4921 4768/4400/4922 4765/4399/4923
f 4913/4529/4919 4915/4403/4924 4768/4400/4922
f 4908/4528/4918 4905/4531/4925 4917/4532/4926
f 4908/4528/4918 4917/4532/4926 4913/4529/4919
f 4913/4529/4919 4917/4532/4926 4781/4416/4927
f 4913/4529/4919 4781/4416/4927 4915/4403/4924
f 4905/4531/4925 4919/4533/4928 4917/4532/4926
f 4917/4532/4926 4784/4417/4929 4781/4416/4927
f 4919/4533/4928 4921/4534/4930 4918/4535/4931
f 4919/4533/4928 4918/4535/4931 4917/4532/4926
f 4917/4532/4926 4918/4535/4931 4788/4418/4932
f 4917/4532/4926 4788/4418/4932 4784/4417/4929
f 4924/4536/4933 4922/4537/4934 4920/4521/4911
f 4924/4536/4933 4920/4521/4911 4904/4519/4909
f 4921/4534/4930 4923/4538/4935 4918/4535/4931
f 4926/4539/4936 4923/4538/4937 4922/4537/4934
f 4926/4539/4936 4922/4537/4934 4924/4536/4933
f 4928/4540/4938 4926/4539/4936 4924/4536/4933
f 4928/4540/4938 4924/4536/4933 4925/4541/4939
f 4925/4541/4939 4924/4536/4933 4904/4519/4909
f 4925/4541/4939 4904/4519/4909 4902/4518/4908
f 4927/4542/4940 4929/4543/4941 4804/4544/4942
f 4927/4542/4940 4804/4544/4942 4801/4545/4943
f 4923/4538/4935 4927/4542/4940 4801/4545/4943
f 4923/4538/4935 4801/4545/4943 4918/4535/4931
f 4918/4535/4931 4801/4545/4943 4930/4421/4944
f 4918/4535/4931 4930/4421/4944 4788/4418/4932
f 4929/4543/4941 4934/4546/4945 4932/4547/4946
f 4929/4543/4941 4932/4547/4946 4804/4544/4942
f 4804/4544/4942 4932/4547/4946 4806/4548/4947
f 4934/4546/4945 4935/4549/4948 4932/4547/4946
f 4935/4549/4948 4937/4550/4949 4936/4551/4950
f 4935/4549/4948 4936/4551/4950 4932/4547/4946
f 4932/4547/4946 4936/4551/4950 4822/4450/4951
f 4937/4550/4949 4853/4468/4851 4850/4469/4852
f 4937/4550/4949 4850/4469/4852 4936/4551/4950
f 4936/4551/4950 4850/4469/4852 4826/4451/4853
f 4936/4551/4950 4826/4451/4853 4823/4450/4952
f 4853/4468/4857 4938/4552/4953 4886/4499/4889
f 4853/4468/4857 4886/4499/4889 4854/4472/4858
f 4938/4552/4953 4935/4549/4954 4939/4553/4955
f 4938/4552/4953 4939/4553/4955 4886/4499/4889
f 4886/4499/4889 4939/4553/4955 4940/4502/4892
f 4935/4549/4954 4933/4554/4956 4941/4555/4957
f 4935/4549/4954 4941/4555/4957 4939/4553/4955
f 4939/4553/4955 4941/4555/4957 4900/4517/4907
f 4939/4553/4955 4900/4517/4907 4940/4502/4892
f 4933/4554/4956 4928/4540/4938 4925/4541/4939
f 4933/4554/4956 4925/4541/4939 4941/4555/4957
f 4941/4555/4957 4925/4541/4939 4902/4518/4908
f 4941/4555/4957 4902/4518/4908 4900/4517/4907
f 4943/4556/4958 4912/4526/4920 4914/4530/4921
f 4914/4530/4921 4765/4399/4923 4762/4398/4959
f 4944/4557/4960 4914/4530/4921 4762/4398/4959
f 4945/4558/4961 4943/4556/4958 4914/4530/4921
f 4945/4558/4961 4914/4530/4921 4944/4557/4960
f 4946/4559/4962 4945/4558/4961 4944/4557/4960
f 4946/4559/4962 4944/4557/4960 4753/4389/4963
f 4947/4560/4964 4946/4559/4962 4753/4389/4963
f 4947/4560/4964 4753/4389/4963 4751/4388/4965
f 4946/4559/4962 4942/4561/4966 4945/4558/4961
f 4909/4525/4915 4912/4526/4916 4942/4561/4966
f 4909/4525/4915 4942/4561/4966 4946/4559/4962
f 4948/4514/4904 4909/4525/4915 4946/4559/4962
f 4948/4514/4904 4946/4559/4962 4947/4560/4964
f 4896/4511/4901 4948/4514/4904 4947/4560/4964
f 4896/4511/4901 4947/4560/4964 4949/4562/4967
f 4893/4508/4898 4896/4511/4901 4949/4562/4967
f 4893/4508/4898 4949/4562/4967 4950/4563/4968
f 4891/4507/4897 4893/4508/4898 4950/4563/4968
f 4891/4507/4897 4950/4563/4968 4951/4564/4969
f 4952/4496/4886 4891/4507/4897 4951/4564/4969
f 4952/4496/4886 4951/4564/4969 4953/4565/4970
f 4951/4564/4969 4950/4563/4968 4956/4566/4971
f 4951/4564/4969 4956/4566/4971 4954/4567/4972
f 4953/4565/4970 4951/4564/4969 4954/4567/4972
f 4953/4565/4970 4954/4567/4972 4955/4568/4973
f 4955/4568/4973 4954/4567/4972 4736/4372/4974
f 4955/4568/4973 4736/4372/4974 4733/4371/4975
f 4954/4567/4972 4956/4566/4971 4957/4375/4976
f 4954/4567/4972 4957/4375/4976 4736/4372/4974
f 4950/4563/4968 4949/4562/4967 4956/4566/4971
f 4956/4566/4971 4949/4562/4967 4748/4387/4977
f 4956/4566/4971 4748/4387/4977 4957/4375/4976
f 4949/4562/4967 4947/4560/4964 4751/4388/4965
f 4949/4562/4967 4751/4388/4965 4748/4387/4977
f 4959/4569/4978 4953/4565/4970 4955/4568/4973
f 4959/4569/4978 4955/4568/4973 4733/4371/4975
f 4959/4569/4978 4733/4371/4975 4730/4370/4979
f 4960/4365/4980 4959/4569/4978 4730/4370/4979
f 4962/4570/4981 4959/4569/4978 4960/4365/4980
f 4965/4571/4982 4961/4355/4983 4963/4355/4984
f 4965/4571/4982 4963/4355/4984 4715/4353/4985
f 4967/4572/4986 4965/4571/4982 4966/4573/4987
f 4966/4573/4987 4965/4571/4982 4715/4353/4985
f 4966/4573/4987 4715/4353/4985 4712/4352/4988
f 4965/4571/4982 4969/4358/4989 4961/4355/4983
f 4874/4487/4875 4878/4360/4877 4969/4358/4989
f 4874/4487/4875 4969/4358/4989 4965/4571/4982
f 4970/4488/4876 4874/4487/4875 4965/4571/4982
f 4970/4488/4876 4965/4571/4982 4967/4572/4986
f 4877/4361/4883 4881/4493/4882 4968/4574/4990
f 4968/4574/4990 4881/4493/4882 4959/4569/4978
f 4968/4574/4990 4959/4569/4978 4962/4570/4981
f 4881/4493/4882 4952/4496/4886 4953/4565/4970
f 4881/4493/4882 4953/4565/4970 4959/4569/4978
f 4970/4488/4876 4967/4572/4986 4971/4575/4991
f 4975/4576/4992 4970/4488/4876 4971/4575/4991
f 4975/4576/4992 4971/4575/4991 4972/4577/4993
f 4972/4577/4993 4971/4575/4991 4974/4578/4994
f 4973/4579/4995 4974/4578/4994 4979/4580/4996
f 4973/4579/4995 4979/4580/4996 4977/4581/4997
f 4976/4582/4998 4973/4579/4995 4977/4581/4997
f 4976/4582/4998 4977/4581/4997 4978/4583/4999
f 4978/4583/4999 4977/4581/4997 4701/4342/5000
f 4978/4583/4999 4701/4342/5000 4698/4341/5001
f 4977/4581/4997 4979/4580/4996 4701/4342/5000
f 4979/4580/4996 4974/4578/4994 4710/4584/5002
f 4971/4575/4991 4967/4572/4986 4966/4573/4987
f 4971/4575/4991 4966/4573/4987 4974/4578/4994
f 4974/4578/4994 4966/4573/4987 4712/4352/4988
f 4974/4578/4994 4712/4352/4988 4710/4584/5002
f 4981/4585/5003 4976/4582/4998 4978/4583/4999
f 4981/4585/5003 4978/4583/4999 4980/4586/5004
f 4980/4586/5004 4978/4583/4999 4698/4341/5001
f 4980/4586/5004 4698/4341/5001 4695/4340/5005
f 4983/4587/5006 4980/4586/5004 4695/4340/5005
f 4983/4587/5006 4695/4340/5005 4986/4329/5007
f 4985/4588/5008 4981/4585/5003 4980/4586/5004
f 4985/4588/5008 4980/4586/5004 4983/4587/5006
f 4990/4589/5009 4985/4588/5008 4983/4587/5006
f 4990/4589/5009 4983/4587/5006 4988/4590/5010
f 4988/4590/5010 4983/4587/5006 4986/4329/5007
f 4988/4590/5010 4986/4329/5007 4683/4326/5011
f 4991/4591/5012 4990/4589/5009 4988/4590/5010
f 4988/4590/5010 4683/4326/5011 4680/4325/5013
f 4989/4592/5014 4866/4480/4868 4871/4482/4870
f 4989/4592/5014 4871/4482/4870 4984/4593/5015
f 4992/4594/5016 4656/4304/4674 4866/4480/4868
f 4992/4594/5016 4866/4480/4868 4989/4592/5014
f 4656/4304/4674 4862/4477/4865 4866/4480/4868
f 4984/4593/5015 4871/4482/4870 4873/4486/4874
f 4984/4593/5015 4873/4486/4874 4982/4595/5017
f 4982/4595/5017 4873/4486/4874 4970/4488/4876
f 4982/4595/5017 4970/4488/4876 4975/4576/4992
f 4658/4303/4673 4861/4478/4866 4862/4477/4865
f 4658/4303/4673 4862/4477/4865 4656/4304/4674
f 4655/4300/4669 4991/4591/5012 4988/4590/5010
f 4655/4300/4669 4988/4590/5010 4661/4301/4670
f 4661/4301/4670 4988/4590/5010 4680/4325/5013
f 4688/4332/4704 4689/4333/4705 4995/4483/5018
f 4838/4457/4834 4993/4498/5019 4996/4596/5020
f 4838/4457/4834 4996/4596/5020 4835/4456/4833
f 4993/4498/5019 4994/4489/5021 4998/4490/5022
f 4993/4498/5019 4998/4490/5022 4996/4596/5020
f 4835/4456/4833 4996/4596/5020 4997/4597/5023
f 4835/4456/4833 4997/4597/5023 4815/4445/4821
f 4996/4596/5020 4998/4490/5022 4999/4598/5024
f 4996/4596/5020 4999/4598/5024 4997/4597/5023
f 4998/4490/5022 5000/4599/5025 5001/4600/5026
f 4998/4490/5022 5001/4600/5026 4999/4598/5024
f 4994/4489/5021 5002/4492/5027 5000/4599/5025
f 4994/4489/5021 5000/4599/5025 4998/4490/5022
f 5002/4492/5027 4724/4361/4733 4727/4364/4736
f 5002/4492/5027 4727/4364/4736 5000/4599/5025
f 5000/4599/5025 4727/4364/4736 5004/4367/4739
f 5000/4599/5025 5004/4367/4739 5001/4600/5026
f 4689/4333/4705 4692/4335/4707 5003/4484/5028
f 4689/4333/4705 5003/4484/5028 4995/4483/5018
f 4692/4335/4707 4721/4359/4731 4725/4360/4732
f 4692/4335/4707 4725/4360/4732 5003/4484/5028
f 4692/4335/4707 4691/4337/4709 4721/4359/4731
f 5001/4600/5026 5004/4367/4739 4741/4378/4751
f 5001/4600/5026 4741/4378/4751 5005/4601/5029
f 4999/4598/5024 5001/4600/5026 5005/4601/5029
f 4999/4598/5024 5005/4601/5029 5007/4602/5030
f 5005/4601/5029 4741/4378/4751 4742/4379/4752
f 5005/4601/5029 4742/4379/4752 5006/4603/5031
f 5007/4602/5030 5005/4601/5029 5006/4603/5031
f 5007/4602/5030 5006/4603/5031 5008/4604/5032
f 5009/4605/5033 5007/4602/5030 5008/4604/5032
f 5009/4605/5033 5008/4604/5032 5010/4606/5034
f 4997/4597/5023 4999/4598/5024 5007/4602/5030
f 4997/4597/5023 5007/4602/5030 5009/4605/5033
f 4815/4445/4821 4997/4597/5023 5009/4605/5033
f 4815/4445/4821 5009/4605/5033 4816/4443/4819
f 4816/4443/4819 5009/4605/5033 5010/4606/5034
f 4816/4443/4819 5010/4606/5034 4813/4439/4815
f 4813/4439/4815 5010/4606/5034 5011/4607/5035
f 4813/4439/4815 5011/4607/5035 4811/4440/4816
f 5010/4606/5034 5008/4604/5032 5012/4608/5036
f 5010/4606/5034 5012/4608/5036 5011/4607/5035
f 4811/4440/4816 5011/4607/5035 4776/4410/4783
f 4811/4440/4816 4776/4410/4783 5014/4411/4784
f 5011/4607/5035 5012/4608/5036 4774/4406/4779
f 5011/4607/5035 4774/4406/4779 4776/4410/4783
f 5012/4608/5036 5013/4609/5037 4773/4407/4780
f 5012/4608/5036 4773/4407/4780 4774/4406/4779
f 5008/4604/5032 5006/4603/5031 5013/4609/5037
f 5008/4604/5032 5013/4609/5037 5012/4608/5036
f 5006/4603/5031 4742/4379/4752 4744/4381/4754
f 5006/4603/5031 4744/4381/4754 5013/4609/5037
f 5013/4609/5037 4744/4381/4754 5015/4383/4756
f 5013/4609/5037 5015/4383/4756 4773/4407/4780
f 5016/4610/5038 5018/4611/5039 5023/4612/5040
f 5016/4610/5038 5023/4612/5040 5021/4613/5041
f 5019/4614/5042 5016/4610/5038 5021/4613/5041
f 5019/4614/5042 5021/4613/5041 5024/4615/5043
f 5021/4613/5041 5023/4612/5040 5038/4616/5044
f 5217/4617/5045 5019/4614/5042 5024/4615/5043
f 5217/4617/5045 5024/4615/5043 5025/4618/5046
f 5027/4619/5047 5026/4620/5048 5028/4621/5049
f 5027/4619/5047 5028/4621/5049 5029/4622/5050
f 5026/4620/5048 5022/4623/5051 5028/4621/5049
f 5029/4622/5050 5028/4621/5049 5030/4624/5052
f 5028/4621/5049 5031/4625/5053 5030/4624/5052
f 5032/4626/5054 5035/4627/5055 5033/4628/5056
f 5032/4626/5054 5033/4628/5056 5030/4624/5052
f 5035/4627/5055 5034/4629/5057 5033/4628/5056
f 5033/4628/5056 5034/4629/5057 5347/4630/5058
f 5028/4621/5049 5036/4631/5059 5035/4627/5055
f 5028/4621/5049 5035/4627/5055 5031/4625/5053
f 5022/4623/5051 5037/4616/5060 5036/4631/5059
f 5022/4623/5051 5036/4631/5059 5028/4621/5049
f 5037/4616/5060 5039/4632/5061 5036/4631/5059
f 5039/4632/5061 5042/4633/5062 5041/4634/5063
f 5039/4632/5061 5041/4634/5063 5036/4631/5059
f 5036/4631/5059 5041/4634/5063 5044/4635/5064
f 5036/4631/5059 5044/4635/5064 5035/4627/5055
f 5042/4633/5062 5337/4636/5065 5041/4634/5063
f 5041/4634/5063 5045/4637/5066 5044/4635/5064
f 5044/4635/5064 5045/4637/5066 5048/4638/5067
f 5044/4635/5064 5048/4638/5067 5046/4639/5068
f 5035/4627/5055 5044/4635/5064 5046/4639/5068
f 5035/4627/5055 5046/4639/5068 5034/4629/5057
f 5034/4629/5057 5046/4639/5068 5047/4640/5069
f 5034/4629/5057 5047/4640/5069 5347/4630/5058
f 5046/4639/5068 5048/4638/5067 5049/4641/5070
f 5046/4639/5068 5049/4641/5070 5047/4640/5069
f 5048/4638/5067 5050/4642/5071 5052/4643/5072
f 5048/4638/5067 5052/4643/5072 5049/4641/5070
f 5045/4637/5066 5053/4644/5073 5050/4642/5071
f 5045/4637/5066 5050/4642/5071 5048/4638/5067
f 5053/4644/5073 5054/4645/5074 5051/4646/5075
f 5053/4644/5073 5051/4646/5075 5050/4642/5071
f 5050/4642/5071 5051/4646/5075 5052/4643/5072
f 5055/4647/5076 5058/4648/5077 5054/4645/5074
f 5055/4647/5076 5054/4645/5074 5053/4644/5073
f 5041/4634/5063 5055/4647/5076 5053/4644/5073
f 5041/4634/5063 5053/4644/5073 5045/4637/5066
f 5337/4636/5065 5056/4649/5078 5055/4647/5076
f 5337/4636/5065 5055/4647/5076 5041/4634/5063
f 5056/4649/5078 5059/4650/5079 5058/4648/5077
f 5056/4649/5078 5058/4648/5077 5055/4647/5076
f 5059/4650/5079 5062/4651/5080 5061/4652/5081
f 5059/4650/5079 5061/4652/5081 5058/4648/5077
f 5058/4648/5077 5061/4652/5081 5054/4645/5074
f 5062/4651/5080 5064/4653/5082 5061/4652/5081
f 5061/4652/5081 5064/4653/5082 5065/4654/5083
f 5061/4652/5081 5065/4654/5083 5054/4645/5074
f 5054/4645/5074 5066/4655/5084 5068/4656/5085
f 5054/4645/5074 5068/4656/5085 5067/4657/5086
f 5054/4645/5074 5067/4657/5086 5051/4646/5075
f 5069/4658/5087 5070/4659/5088 5068/4656/5085
f 5064/4653/5082 5069/4658/5087 5068/4656/5085
f 5064/4653/5082 5068/4656/5085 5065/4654/5083
f 5064/4653/5082 5070/4659/5088 5069/4658/5087
f 5072/4660/5089 5075/4661/5090 5074/4662/5091
f 5072/4660/5089 5074/4662/5091 5070/4659/5088
f 5070/4659/5088 5074/4662/5091 5078/4663/5092
f 5070/4659/5088 5078/4663/5092 5068/4656/5085
f 5075/4661/5090 5319/4664/5093 5077/4665/5094
f 5075/4661/5090 5077/4665/5094 5074/4662/5091
f 5074/4662/5091 5077/4665/5094 5079/4666/5095
f 5074/4662/5091 5079/4666/5095 5078/4663/5092
f 5067/4657/5086 5068/4656/5085 5078/4663/5092
f 5051/4646/5075 5067/4657/5086 5078/4663/5092
f 5051/4646/5075 5078/4663/5092 5080/4667/5096
f 5080/4667/5096 5078/4663/5092 5079/4666/5095
f 5080/4667/5096 5079/4666/5095 5081/4668/5097
f 5081/4668/5097 5079/4666/5095 5082/4669/5098
f 5081/4668/5097 5082/4669/5098 5083/4670/5099
f 5083/4670/5099 5082/4669/5098 5084/4671/5100
f 5083/4670/5099 5084/4671/5100 5358/4672/5101
f 5085/4673/5102 5088/4674/5103 5084/4671/5100
f 5085/4673/5102 5084/4671/5100 5082/4669/5098
f 5077/4665/5094 5085/4673/5102 5082/4669/5098
f 5077/4665/5094 5082/4669/5098 5079/4666/5095
f 5319/4664/5093 5086/4675/5104 5085/4673/5102
f 5319/4664/5093 5085/4673/5102 5077/4665/5094
f 5086/4675/5104 5089/4676/5105 5088/4674/5103
f 5086/4675/5104 5088/4674/5103 5085/4673/5102
f 5089/4676/5105 5093/4677/5106 5092/4678/5107
f 5089/4676/5105 5092/4678/5107 5088/4674/5103
f 5088/4674/5103 5092/4678/5107 5097/4679/5108
f 5088/4674/5103 5097/4679/5108 5084/4671/5100
f 5093/4677/5106 5312/4680/5109 5095/4681/5110
f 5093/4677/5106 5095/4681/5110 5092/4678/5107
f 5092/4678/5107 5095/4681/5110 5097/4679/5108
f 5097/4679/5108 5095/4681/5110 5100/4682/5111
f 5358/4672/5101 5084/4671/5100 5097/4679/5108
f 5358/4672/5101 5097/4679/5108 5099/4683/5112
f 5099/4683/5112 5097/4679/5108 5100/4682/5111
f 5099/4683/5112 5100/4682/5111 5102/4684/5113
f 5103/4685/5114 5101/4686/5115 5104/4687/5116
f 5103/4685/5114 5104/4687/5116 5105/4688/5117
f 5101/4686/5115 5098/4689/5118 5104/4687/5116
f 5105/4688/5117 5104/4687/5116 5106/4690/5119
f 5104/4687/5116 5107/4691/5120 5106/4690/5119
f 5108/4692/5121 5107/4691/5120 5104/4687/5116
f 5096/4693/5122 5108/4692/5121 5104/4687/5116
f 5096/4693/5122 5104/4687/5116 5098/4689/5118
f 5313/4694/5123 5110/4695/5124 5108/4692/5121
f 5313/4694/5123 5108/4692/5121 5096/4693/5122
f 5110/4695/5124 5112/4696/5125 5108/4692/5121
f 5112/4696/5125 5113/4697/5126 5108/4692/5121
f 5108/4692/5121 5113/4697/5126 5107/4691/5120
f 5113/4697/5126 5115/4698/5127 5116/4699/5128
f 5113/4697/5126 5116/4699/5128 5107/4691/5120
f 5106/4690/5119 5107/4691/5120 5117/4700/5129
f 5106/4690/5119 5117/4700/5129 5118/4701/5130
f 5122/4702/5131 5124/4703/5132 5121/4704/5133
f 5122/4702/5131 5121/4704/5133 5119/4705/5134
f 5115/4698/5127 5122/4702/5131 5119/4705/5134
f 5115/4698/5127 5119/4705/5134 5116/4699/5128
f 5122/4702/5131 5126/4706/5135 5124/4703/5132
f 5126/4706/5135 5128/4707/5136 5124/4703/5132
f 5124/4703/5132 5130/4708/5137 5121/4704/5133
f 5128/4707/5136 5265/4709/5138 5129/4710/5139
f 5128/4707/5136 5129/4710/5139 5124/4703/5132
f 5124/4703/5132 5129/4710/5139 5132/4711/5140
f 5124/4703/5132 5132/4711/5140 5130/4708/5137
f 5133/4712/5141 5131/4713/5142 5132/4711/5143
f 5133/4712/5141 5118/4701/5130 5120/4714/5144
f 5133/4712/5141 5120/4714/5144 5131/4713/5142
f 5134/4715/5145 5106/4690/5119 5118/4701/5130
f 5134/4715/5145 5118/4701/5130 5133/4712/5141
f 5135/4716/5146 5133/4712/5141 5132/4711/5143
f 5135/4716/5146 5132/4711/5143 5137/4717/5147
f 5135/4716/5146 5134/4715/5145 5133/4712/5141
f 5136/4718/5148 5135/4716/5146 5137/4717/5147
f 5140/4719/5149 5139/4720/5150 5138/4721/5151
f 5129/4710/5139 5140/4719/5149 5138/4721/5151
f 5129/4710/5139 5138/4721/5151 5132/4711/5140
f 5265/4709/5138 5141/4722/5152 5140/4719/5149
f 5265/4709/5138 5140/4719/5149 5129/4710/5139
f 5141/4722/5152 5143/4723/5153 5140/4719/5149
f 5143/4723/5153 5146/4724/5154 5145/4725/5155
f 5143/4723/5153 5145/4725/5155 5140/4719/5149
f 5140/4719/5149 5145/4725/5155 5148/4726/5156
f 5140/4719/5149 5148/4726/5156 5139/4720/5150
f 5145/4725/5155 5153/4727/5157 5150/4728/5158
f 5145/4725/5155 5150/4728/5158 5148/4726/5156
f 5146/4724/5154 5151/4729/5159 5145/4725/5155
f 5151/4729/5159 5154/4730/5160 5153/4727/5157
f 5151/4729/5159 5153/4727/5157 5145/4725/5155
f 5154/4730/5160 5156/4731/5161 5153/4727/5157
f 5153/4727/5157 5160/4732/5162 5150/4728/5158
f 5156/4731/5161 5286/4733/5163 5159/4734/5164
f 5156/4731/5161 5159/4734/5164 5153/4727/5157
f 5153/4727/5157 5159/4734/5164 5163/4734/5165
f 5153/4727/5157 5163/4734/5165 5160/4732/5162
f 5163/4734/5166 5164/4735/5167 5161/4736/5168
f 5161/4736/5168 5164/4735/5167 5149/4737/5169
f 5161/4736/5168 5149/4737/5169 5150/4728/5170
f 5164/4735/5167 5168/4738/5171 5165/4739/5172
f 5164/4735/5167 5165/4739/5172 5136/4718/5148
f 5164/4735/5167 5136/4718/5148 5149/4737/5169
f 5172/4740/5173 5169/4741/5174 5166/4742/5175
f 5172/4740/5173 5166/4742/5175 5162/4743/5176
f 5169/4741/5174 5171/4744/5177 5167/4745/5178
f 5169/4741/5174 5167/4745/5178 5166/4742/5175
f 5174/4746/5179 5170/4747/5180 5169/4741/5174
f 5174/4746/5179 5169/4741/5174 5172/4740/5173
f 5170/4747/5180 5369/4748/5181 5171/4744/5177
f 5170/4747/5180 5171/4744/5177 5169/4741/5174
f 5176/4749/5182 5175/4750/5183 5173/4751/5184
f 5158/4752/5185 5176/4749/5182 5173/4751/5184
f 5158/4752/5185 5173/4751/5184 5162/4743/5176
f 5285/4753/5186 5177/4754/5187 5176/4749/5182
f 5285/4753/5186 5176/4749/5182 5158/4752/5185
f 5177/4754/5187 5179/4755/5188 5176/4749/5182
f 5179/4755/5188 5182/4756/5189 5181/4757/5190
f 5179/4755/5188 5181/4757/5190 5176/4749/5182
f 5176/4749/5182 5181/4757/5190 5185/4758/5191
f 5176/4749/5182 5185/4758/5191 5175/4750/5183
f 5182/4756/5189 5197/4759/5192 5184/4760/5193
f 5182/4756/5189 5184/4760/5193 5181/4757/5190
f 5181/4757/5190 5184/4760/5193 5187/4761/5194
f 5181/4757/5190 5187/4761/5194 5185/4758/5191
f 5187/4761/5194 5188/4762/5195 5186/4763/5196
f 5186/4763/5196 5188/4762/5195 5170/4747/5180
f 5186/4763/5196 5170/4747/5180 5174/4746/5179
f 5188/4762/5195 5190/4764/5197 5189/4765/5198
f 5188/4762/5195 5189/4765/5198 5369/4748/5181
f 5188/4762/5195 5369/4748/5181 5170/4747/5180
f 5193/4766/5199 5191/4767/5200 5188/4762/5195
f 5193/4766/5199 5188/4762/5195 5187/4761/5194
f 5191/4767/5200 5192/4768/5201 5190/4764/5197
f 5191/4767/5200 5190/4764/5197 5188/4762/5195
f 5030/4624/5052 5033/4628/5056 5191/4767/5200
f 5030/4624/5052 5191/4767/5200 5193/4766/5199
f 5033/4628/5056 5347/4630/5058 5192/4768/5201
f 5033/4628/5056 5192/4768/5201 5191/4767/5200
f 5194/4769/5202 5029/4622/5050 5030/4624/5052
f 5194/4769/5202 5030/4624/5052 5193/4766/5199
f 5184/4760/5193 5194/4769/5202 5193/4766/5199
f 5184/4760/5193 5193/4766/5199 5187/4761/5194
f 5197/4759/5192 5029/4622/5050 5194/4769/5202
f 5197/4759/5192 5194/4769/5202 5184/4760/5193
f 5199/4770/5203 5196/4771/5204 5195/4772/5205
f 5199/4770/5203 5195/4772/5205 5198/4759/5206
f 5196/4771/5204 5025/4618/5046 5195/4772/5205
f 5202/4773/5207 5199/4770/5203 5198/4759/5206
f 5202/4773/5207 5198/4759/5206 5183/4756/5208
f 5205/4774/5209 5201/4775/5210 5199/4770/5203
f 5205/4774/5209 5199/4770/5203 5202/4773/5207
f 5201/4775/5210 5216/4776/5211 5196/4771/5204
f 5201/4775/5210 5196/4771/5204 5199/4770/5203
f 5207/4777/5212 5205/4774/5209 5202/4773/5207
f 5207/4777/5212 5202/4773/5207 5203/4778/5213
f 5203/4778/5213 5202/4773/5207 5183/4756/5208
f 5203/4778/5213 5183/4756/5208 5180/4755/5214
f 5200/4779/5210 5204/4780/5215 5208/4781/5216
f 5200/4779/5210 5208/4781/5216 5211/4782/5217
f 5204/4780/5215 5206/4783/5218 5209/4784/5219
f 5204/4780/5215 5209/4784/5219 5208/4781/5216
f 5208/4781/5216 5209/4784/5219 5210/4785/5220
f 5211/4782/5217 5208/4781/5216 5210/4785/5220
f 5211/4782/5217 5210/4785/5220 5212/4786/5221
f 5215/4787/5222 5200/4779/5210 5211/4782/5217
f 5215/4787/5222 5211/4782/5217 5213/4788/5223
f 5213/4788/5223 5211/4782/5217 5212/4786/5221
f 5213/4788/5223 5212/4786/5221 5214/4789/5224
f 5218/4790/5225 5215/4787/5222 5213/4788/5223
f 5213/4788/5223 5214/4789/5224 5219/4791/5226
f 5216/4776/5211 5217/4617/5045 5025/4618/5046
f 5216/4776/5211 5025/4618/5046 5196/4771/5204
f 5020/4792/5227 5218/4790/5225 5213/4788/5223
f 5020/4792/5227 5213/4788/5223 5016/4793/5228
f 5219/4791/5226 5214/4789/5224 5220/4794/5229
f 5219/4791/5226 5220/4794/5229 5221/4795/5230
f 5214/4789/5224 5212/4786/5221 5222/4796/5231
f 5214/4789/5224 5222/4796/5231 5220/4794/5229
f 5221/4795/5230 5220/4794/5229 5223/4797/5232
f 5221/4795/5230 5223/4797/5232 5225/4798/5233
f 5220/4794/5229 5222/4796/5231 5224/4799/5234
f 5220/4794/5229 5224/4799/5234 5223/4797/5232
f 5223/4797/5232 5224/4799/5234 5228/4800/5235
f 5223/4797/5232 5228/4800/5235 5226/4801/5236
f 5225/4798/5233 5223/4797/5232 5226/4801/5236
f 5225/4798/5233 5226/4801/5236 5227/4802/5237
f 5227/4802/5237 5226/4801/5236 5323/4803/5238
f 5224/4799/5234 5231/4804/5239 5229/4805/5240
f 5224/4799/5234 5229/4805/5240 5228/4800/5235
f 5231/4804/5239 5232/4806/5241 5230/4807/5242
f 5231/4804/5239 5230/4807/5242 5229/4805/5240
f 5229/4805/5240 5230/4807/5242 5307/4808/5243
f 5233/4809/5244 5234/4810/5245 5232/4806/5241
f 5233/4809/5244 5232/4806/5241 5231/4804/5239
f 5222/4796/5231 5233/4809/5244 5231/4804/5239
f 5222/4796/5231 5231/4804/5239 5224/4799/5234
f 5212/4786/5221 5210/4785/5220 5233/4809/5244
f 5212/4786/5221 5233/4809/5244 5222/4796/5231
f 5210/4785/5220 5209/4784/5219 5234/4810/5245
f 5210/4785/5220 5234/4810/5245 5233/4809/5244
f 5209/4784/5219 5236/4811/5246 5235/4812/5247
f 5209/4784/5219 5235/4812/5247 5234/4810/5245
f 5234/4810/5245 5235/4812/5247 5239/4813/5248
f 5234/4810/5245 5239/4813/5248 5232/4806/5241
f 5236/4811/5246 5293/4745/5249 5237/4814/5250
f 5236/4811/5246 5237/4814/5250 5235/4812/5247
f 5235/4812/5247 5237/4814/5250 5240/4815/5251
f 5235/4812/5247 5240/4815/5251 5239/4813/5248
f 5239/4813/5248 5240/4815/5251 5244/4816/5252
f 5239/4813/5248 5244/4816/5252 5242/4817/5253
f 5232/4806/5241 5239/4813/5248 5242/4817/5253
f 5232/4806/5241 5242/4817/5253 5230/4807/5242
f 5230/4807/5242 5242/4817/5253 5243/4818/5254
f 5230/4807/5242 5243/4818/5254 5307/4808/5243
f 5242/4817/5253 5244/4816/5252 5246/4684/5255
f 5242/4817/5253 5246/4684/5255 5243/4818/5254
f 5241/4819/5256 5250/4820/5257 5248/4821/5258
f 5241/4819/5256 5248/4821/5258 5245/4822/5259
f 5245/4822/5259 5248/4821/5258 5247/4685/5260
f 5250/4820/5257 5251/4823/5261 5249/4824/5262
f 5250/4820/5257 5249/4824/5262 5248/4821/5258
f 5252/4825/5263 5251/4823/5261 5250/4820/5257
f 5238/4826/5264 5252/4825/5263 5250/4820/5257
f 5238/4826/5264 5250/4820/5257 5241/4819/5256
f 5294/4738/5265 5252/4825/5263 5238/4826/5264
f 5253/4827/5266 5268/4828/5267 5254/4829/5268
f 5253/4827/5266 5254/4829/5268 5256/4830/5269
f 5253/4827/5266 5256/4830/5269 5259/4831/5270
f 5251/4823/5261 5253/4827/5266 5249/4824/5262
f 5249/4824/5262 5253/4827/5266 5258/4832/5271
f 5253/4827/5266 5259/4831/5270 5261/4833/5272
f 5253/4827/5266 5261/4833/5272 5258/4832/5271
f 5260/4834/5273 5257/4835/5274 5264/4836/5275
f 5260/4834/5273 5264/4836/5275 5263/4837/5276
f 5262/4838/5277 5260/4834/5273 5263/4837/5276
f 5263/4837/5276 5127/4707/5278 5125/4706/5279
f 5263/4837/5276 5264/4836/5275 5266/4709/5280
f 5263/4837/5276 5266/4709/5280 5127/4707/5278
f 5257/4835/5274 5255/4839/5281 5267/4840/5282
f 5257/4835/5274 5267/4840/5282 5264/4836/5275
f 5264/4836/5275 5267/4840/5282 5142/4722/5283
f 5264/4836/5275 5142/4722/5283 5266/4709/5280
f 5255/4839/5281 5269/4841/5284 5267/4840/5282
f 5267/4840/5282 5144/4723/5285 5142/4722/5283
f 5269/4841/5284 5270/4842/5286 5277/4843/5287
f 5269/4841/5284 5277/4843/5287 5267/4840/5282
f 5267/4840/5282 5277/4843/5287 5147/4844/5288
f 5267/4840/5282 5147/4844/5288 5144/4723/5285
f 5272/4845/5289 5271/4846/5290 5268/4828/5267
f 5272/4845/5289 5268/4828/5267 5253/4827/5266
f 5270/4842/5286 5271/4847/5291 5277/4843/5287
f 5274/4848/5292 5271/4846/5290 5272/4845/5289
f 5273/4849/5293 5272/4845/5289 5253/4827/5266
f 5273/4849/5293 5253/4827/5266 5251/4823/5261
f 5275/4850/5294 5276/4851/5295 5278/4852/5296
f 5275/4850/5294 5278/4852/5296 5277/4843/5287
f 5271/4847/5291 5275/4850/5294 5277/4843/5287
f 5277/4843/5287 5278/4852/5296 5155/4730/5297
f 5277/4843/5287 5155/4730/5297 5152/4729/5298
f 5277/4843/5287 5152/4729/5298 5279/4853/5299
f 5277/4843/5287 5279/4853/5299 5147/4844/5288
f 5276/4851/5295 5280/4854/5300 5278/4852/5296
f 5278/4852/5296 5157/4731/5301 5155/4730/5297
f 5278/4852/5296 5282/4733/5302 5288/4733/5303
f 5278/4852/5296 5288/4733/5303 5157/4731/5301
f 5280/4854/5300 5284/4855/5304 5282/4733/5302
f 5280/4854/5300 5282/4733/5302 5278/4852/5296
f 5283/4856/5305 5290/4857/5306 5203/4778/5213
f 5283/4856/5305 5203/4778/5213 5281/4753/5307
f 5281/4753/5307 5203/4778/5213 5178/4754/5308
f 5281/4753/5307 5178/4754/5308 5287/4753/5309
f 5290/4857/5306 5207/4777/5212 5203/4778/5213
f 5203/4778/5213 5180/4755/5214 5178/4754/5308
f 5206/4783/5218 5289/4858/5310 5236/4811/5246
f 5206/4783/5218 5236/4811/5246 5209/4784/5219
f 5289/4858/5310 5283/4856/5311 5291/4742/5312
f 5289/4858/5310 5291/4742/5312 5236/4811/5246
f 5236/4811/5246 5291/4742/5312 5293/4745/5249
f 5292/4859/5313 5284/4860/5314 5252/4825/5263
f 5292/4859/5313 5252/4825/5263 5294/4738/5265
f 5284/4860/5314 5273/4849/5293 5251/4823/5261
f 5284/4860/5314 5251/4823/5261 5252/4825/5263
f 5295/4861/5315 5262/4838/5277 5263/4837/5276
f 5263/4837/5276 5125/4706/5279 5123/4862/5316
f 5297/4863/5317 5263/4837/5276 5123/4862/5316
f 5298/4864/5318 5295/4861/5315 5263/4837/5276
f 5298/4864/5318 5263/4837/5276 5297/4863/5317
f 5298/4864/5318 5297/4863/5317 5299/4865/5319
f 5299/4865/5319 5297/4863/5317 5114/4866/5320
f 5301/4867/5321 5298/4864/5318 5299/4865/5319
f 5301/4867/5321 5299/4865/5319 5300/4868/5322
f 5300/4868/5322 5299/4865/5319 5114/4866/5320
f 5300/4868/5322 5114/4866/5320 5111/4696/5323
f 5258/4832/5271 5296/4869/5324 5298/4864/5318
f 5301/4867/5321 5258/4832/5271 5298/4864/5318
f 5258/4832/5271 5261/4833/5272 5296/4869/5324
f 5249/4824/5262 5258/4832/5271 5301/4867/5321
f 5248/4821/5258 5249/4824/5262 5301/4867/5321
f 5248/4821/5258 5301/4867/5321 5302/4870/5325
f 5247/4685/5260 5248/4821/5258 5302/4870/5325
f 5247/4685/5260 5302/4870/5325 5304/4871/5326
f 5304/4871/5326 5302/4870/5325 5306/4872/5327
f 5243/4818/5254 5246/4684/5255 5303/4873/5328
f 5243/4818/5254 5303/4873/5328 5305/4874/5329
f 5243/4818/5254 5305/4874/5329 5308/4875/5330
f 5307/4808/5243 5243/4818/5254 5308/4875/5330
f 5307/4808/5243 5308/4875/5330 5309/4876/5331
f 5308/4875/5330 5305/4874/5329 5310/4680/5332
f 5309/4876/5331 5308/4875/5330 5094/4677/5333
f 5309/4876/5331 5094/4677/5333 5090/4676/5334
f 5308/4875/5330 5310/4680/5332 5314/4680/5335
f 5308/4875/5330 5314/4680/5335 5094/4677/5333
f 5306/4872/5327 5302/4870/5325 5316/4877/5336
f 5306/4872/5327 5316/4877/5336 5311/4694/5337
f 5311/4694/5337 5316/4877/5336 5109/4695/5338
f 5311/4694/5337 5109/4695/5338 5315/4694/5339
f 5302/4870/5325 5301/4867/5321 5300/4868/5322
f 5302/4870/5325 5300/4868/5322 5316/4877/5336
f 5316/4877/5336 5300/4868/5322 5111/4696/5323
f 5316/4877/5336 5111/4696/5323 5109/4695/5338
f 5317/4878/5340 5309/4876/5331 5091/4676/5341
f 5317/4878/5340 5091/4676/5341 5087/4675/5342
f 5318/4879/5343 5317/4878/5340 5087/4675/5342
f 5318/4879/5343 5087/4675/5342 5320/4664/5344
f 5321/4880/5345 5318/4879/5343 5076/4881/5346
f 5076/4881/5346 5318/4879/5343 5320/4664/5344
f 5322/4882/5347 5321/4880/5345 5076/4881/5346
f 5322/4882/5347 5076/4881/5346 5073/4883/5348
f 5226/4801/5236 5228/4800/5235 5318/4879/5343
f 5226/4801/5236 5318/4879/5343 5321/4880/5345
f 5323/4803/5238 5226/4801/5236 5321/4880/5345
f 5323/4803/5238 5321/4880/5345 5322/4882/5347
f 5228/4800/5235 5229/4805/5240 5317/4878/5340
f 5228/4800/5235 5317/4878/5340 5318/4879/5343
f 5229/4805/5240 5307/4808/5243 5317/4878/5340
f 5317/4878/5340 5307/4808/5243 5309/4876/5331
f 5325/4884/5349 5323/4803/5238 5322/4882/5347
f 5325/4884/5349 5322/4882/5347 5324/4885/5350
f 5324/4885/5350 5322/4882/5347 5326/4886/5351
f 5327/4887/5352 5324/4885/5350 5326/4886/5351
f 5328/4888/5353 5326/4886/5351 5331/4889/5354
f 5328/4888/5353 5331/4889/5354 5329/4890/5355
f 5324/4891/5356 5328/4888/5353 5329/4890/5355
f 5324/4891/5356 5329/4890/5355 5330/4892/5357
f 5330/4892/5357 5329/4890/5355 5063/4651/5358
f 5330/4892/5357 5063/4651/5358 5060/4650/5359
f 5329/4890/5355 5331/4889/5354 5063/4651/5358
f 5326/4886/5351 5071/4893/5360 5331/4889/5354
f 5326/4886/5351 5322/4882/5347 5073/4883/5348
f 5326/4886/5351 5073/4883/5348 5071/4893/5360
f 5333/4894/5361 5324/4891/5356 5330/4892/5357
f 5333/4894/5361 5330/4892/5357 5332/4895/5362
f 5332/4895/5362 5330/4892/5357 5060/4650/5359
f 5332/4895/5362 5060/4650/5359 5057/4649/5363
f 5334/4896/5364 5332/4895/5362 5057/4649/5363
f 5334/4896/5364 5057/4649/5363 5338/4636/5365
f 5336/4897/5366 5333/4894/5361 5332/4895/5362
f 5336/4897/5366 5332/4895/5362 5334/4896/5364
f 5342/4898/5367 5336/4897/5366 5334/4896/5364
f 5342/4898/5367 5334/4896/5364 5339/4899/5368
f 5339/4899/5368 5334/4896/5364 5338/4636/5365
f 5339/4899/5368 5338/4636/5365 5043/4633/5369
f 5343/4900/5370 5342/4898/5367 5339/4899/5368
f 5343/4900/5370 5339/4899/5368 5340/4901/5371
f 5340/4901/5371 5339/4899/5368 5043/4633/5369
f 5340/4901/5371 5043/4633/5369 5040/4632/5372
f 5341/4902/5373 5345/4903/5374 5346/4904/5375
f 5341/4902/5373 5346/4904/5375 5335/4905/5376
f 5344/4906/5377 5219/4791/5226 5345/4903/5374
f 5344/4906/5377 5345/4903/5374 5341/4902/5373
f 5219/4791/5226 5221/4795/5230 5345/4903/5374
f 5345/4903/5374 5221/4795/5230 5225/4798/5233
f 5345/4903/5374 5225/4798/5233 5346/4904/5375
f 5346/4904/5375 5225/4798/5233 5227/4802/5237
f 5346/4904/5375 5227/4802/5237 5323/4803/5238
f 5335/4905/5376 5346/4904/5375 5323/4803/5238
f 5335/4905/5376 5323/4803/5238 5325/4884/5349
f 5017/4907/5378 5016/4793/5228 5219/4791/5226
f 5017/4907/5378 5219/4791/5226 5344/4906/5377
f 5016/4793/5228 5213/4788/5223 5219/4791/5226
f 5018/4611/5039 5343/4900/5370 5340/4901/5371
f 5018/4611/5039 5340/4901/5371 5023/4612/5040
f 5023/4612/5040 5340/4901/5371 5040/4632/5372
f 5023/4612/5040 5040/4632/5372 5038/4616/5044
f 5347/4630/5058 5047/4640/5069 5348/4908/5379
f 5347/4630/5058 5348/4908/5379 5192/4768/5201
f 5192/4768/5201 5348/4908/5379 5350/4909/5380
f 5192/4768/5201 5350/4909/5380 5190/4764/5197
f 5047/4640/5069 5049/4641/5070 5349/4910/5381
f 5047/4640/5069 5349/4910/5381 5348/4908/5379
f 5348/4908/5379 5349/4910/5381 5351/4799/5382
f 5348/4908/5379 5351/4799/5382 5350/4909/5380
f 5190/4764/5197 5350/4909/5380 5352/4911/5383
f 5190/4764/5197 5352/4911/5383 5189/4765/5198
f 5350/4909/5380 5351/4799/5382 5354/4912/5384
f 5350/4909/5380 5354/4912/5384 5352/4911/5383
f 5189/4765/5198 5352/4911/5383 5353/4913/5385
f 5189/4765/5198 5353/4913/5385 5369/4748/5181
f 5352/4911/5383 5354/4912/5384 5355/4806/5386
f 5352/4911/5383 5355/4806/5386 5353/4913/5385
f 5354/4912/5384 5083/4670/5099 5356/4914/5387
f 5354/4912/5384 5356/4914/5387 5355/4806/5386
f 5351/4799/5382 5081/4668/5097 5083/4670/5099
f 5351/4799/5382 5083/4670/5099 5354/4912/5384
f 5083/4670/5099 5358/4672/5101 5356/4914/5387
f 5349/4910/5381 5357/4915/5388 5081/4668/5097
f 5349/4910/5381 5081/4668/5097 5351/4799/5382
f 5357/4915/5388 5080/4667/5096 5081/4668/5097
f 5049/4641/5070 5052/4643/5072 5357/4915/5388
f 5049/4641/5070 5357/4915/5388 5349/4910/5381
f 5052/4643/5072 5051/4646/5075 5080/4667/5096
f 5052/4643/5072 5080/4667/5096 5357/4915/5388
f 5356/4914/5387 5358/4672/5101 5099/4683/5112
f 5356/4914/5387 5099/4683/5112 5359/4916/5389
f 5355/4806/5386 5356/4914/5387 5359/4916/5389
f 5355/4806/5386 5359/4916/5389 5362/4917/5390
f 5359/4916/5389 5099/4683/5112 5102/4684/5113
f 5359/4916/5389 5102/4684/5113 5360/4816/5391
f 5362/4917/5390 5359/4916/5389 5360/4816/5391
f 5362/4917/5390 5360/4816/5391 5363/4815/5392
f 5365/4918/5393 5362/4917/5390 5363/4815/5392
f 5365/4918/5393 5363/4815/5392 5366/4814/5394
f 5353/4913/5385 5355/4806/5386 5362/4917/5390
f 5353/4913/5385 5362/4917/5390 5365/4918/5393
f 5369/4748/5181 5353/4913/5385 5365/4918/5393
f 5369/4748/5181 5365/4918/5393 5171/4744/5177
f 5171/4744/5177 5365/4918/5393 5366/4814/5394
f 5171/4744/5177 5366/4814/5394 5167/4745/5178
f 5168/4738/5171 5367/4826/5395 5165/4739/5172
f 5367/4826/5395 5364/4819/5396 5368/4919/5397
f 5367/4826/5395 5368/4919/5397 5165/4739/5172
f 5165/4739/5172 5135/4716/5146 5136/4718/5148
f 5165/4739/5172 5368/4919/5397 5134/4715/5145
f 5165/4739/5172 5134/4715/5145 5135/4716/5146
f 5368/4919/5397 5105/4688/5117 5134/4715/5145
f 5364/4819/5396 5361/4822/5398 5105/4688/5117
f 5364/4819/5396 5105/4688/5117 5368/4919/5397
f 5361/4822/5398 5103/4685/5114 5105/4688/5117
f 5105/4688/5117 5106/4690/5119 5134/4715/5145
f 5370/4920/5399 5375/4921/5400 5372/4922/5401
f 5371/4923/5402 5370/4920/5399 5372/4922/5401
f 5371/4923/5402 5372/4922/5401 5377/4924/5403
f 5377/4924/5403 5372/4922/5401 5373/4925/5404
f 5377/4924/5403 5373/4925/5404 5379/4926/5405
f 5372/4922/5401 5376/4921/5406 5392/4927/5407
f 5372/4922/5401 5392/4927/5407 5373/4925/5404
f 5371/4923/5402 5377/4924/5403 5378/4928/5408
f 5378/4928/5408 5377/4924/5403 5379/4926/5405
f 5378/4928/5408 5379/4926/5405 5381/4929/5409
f 5382/4929/5410 5380/4926/5411 5383/4930/5412
f 5382/4929/5410 5383/4930/5412 5384/4931/5413
f 5380/4926/5411 5374/4925/5414 5383/4930/5412
f 5384/4931/5413 5383/4930/5412 5385/4932/5415
f 5383/4930/5412 5386/4933/5416 5385/4932/5415
f 5387/4934/5417 5388/4935/5418 5385/4932/5415
f 5385/4932/5415 5388/4935/5418 5390/4936/5419
f 5388/4935/5418 5389/4937/5420 5552/4938/5421
f 5388/4935/5418 5552/4938/5421 5390/4936/5419
f 5391/4939/5422 5394/4940/5423 5389/4937/5420
f 5391/4939/5422 5389/4937/5420 5388/4935/5418
f 5383/4930/5412 5391/4939/5422 5388/4935/5418
f 5383/4930/5412 5388/4935/5418 5386/4933/5416
f 5374/4925/5414 5393/4927/5424 5391/4939/5422
f 5374/4925/5414 5391/4939/5422 5383/4930/5412
f 5393/4927/5424 5396/4941/5425 5394/4940/5423
f 5393/4927/5424 5394/4940/5423 5391/4939/5422
f 5396/4941/5425 5399/4942/5426 5397/4943/5427
f 5396/4941/5425 5397/4943/5427 5394/4940/5423
f 5394/4940/5423 5397/4943/5427 5401/4944/5428
f 5394/4940/5423 5401/4944/5428 5389/4937/5420
f 5399/4942/5426 5702/4945/5429 5400/4946/5430
f 5399/4942/5426 5400/4946/5430 5397/4943/5427
f 5397/4943/5427 5400/4946/5430 5402/4947/5431
f 5397/4943/5427 5402/4947/5431 5401/4944/5428
f 5389/4937/5420 5401/4944/5428 5403/4948/5432
f 5389/4937/5420 5403/4948/5432 5552/4938/5421
f 5401/4944/5428 5402/4947/5431 5404/4949/5433
f 5401/4944/5428 5404/4949/5433 5403/4948/5432
f 5402/4947/5431 5405/4950/5434 5407/4951/5435
f 5402/4947/5431 5407/4951/5435 5404/4949/5433
f 5405/4950/5434 5406/4952/5436 5737/4953/5437
f 5405/4950/5434 5737/4953/5437 5407/4951/5435
f 5408/4954/5438 5411/4955/5439 5406/4952/5436
f 5408/4954/5438 5406/4952/5436 5405/4950/5434
f 5400/4946/5430 5408/4954/5438 5405/4950/5434
f 5400/4946/5430 5405/4950/5434 5402/4947/5431
f 5702/4945/5429 5410/4956/5440 5408/4954/5438
f 5702/4945/5429 5408/4954/5438 5400/4946/5430
f 5410/4956/5440 5413/4957/5441 5411/4955/5439
f 5410/4956/5440 5411/4955/5439 5408/4954/5438
f 5413/4957/5441 5416/4958/5442 5414/4959/5443
f 5413/4957/5441 5414/4959/5443 5411/4955/5439
f 5411/4955/5439 5414/4959/5443 5418/4960/5444
f 5411/4955/5439 5418/4960/5444 5406/4952/5436
f 5416/4958/5442 5695/4961/5445 5417/4962/5446
f 5416/4958/5442 5417/4962/5446 5414/4959/5443
f 5414/4959/5443 5417/4962/5446 5419/4963/5447
f 5414/4959/5443 5419/4963/5447 5418/4960/5444
f 5418/4960/5444 5420/4964/5448 5422/4965/5449
f 5406/4952/5436 5418/4960/5444 5421/4966/5450
f 5406/4952/5436 5421/4966/5450 5737/4953/5437
f 5418/4960/5444 5422/4965/5449 5421/4966/5450
f 5417/4962/5446 5425/4967/5451 5422/4965/5449
f 5417/4962/5446 5422/4965/5449 5419/4963/5447
f 5695/4961/5445 5424/4968/5452 5417/4962/5446
f 5424/4968/5452 5427/4969/5453 5425/4967/5451
f 5424/4968/5452 5425/4967/5451 5417/4962/5446
f 5427/4969/5453 5429/4970/5454 5425/4967/5451
f 5425/4967/5451 5431/4971/5455 5422/4965/5449
f 5429/4970/5454 5681/4972/5456 5430/4973/5457
f 5429/4970/5454 5430/4973/5457 5425/4967/5451
f 5425/4967/5451 5430/4973/5457 5431/4971/5455
f 5431/4971/5455 5430/4973/5457 5433/4974/5458
f 5421/4966/5450 5422/4965/5449 5431/4971/5455
f 5737/4953/5437 5421/4966/5450 5431/4971/5455
f 5737/4953/5437 5431/4971/5455 5432/4975/5459
f 5432/4975/5459 5431/4971/5455 5433/4974/5458
f 5432/4975/5459 5433/4974/5458 5434/4976/5460
f 5434/4976/5460 5433/4974/5458 5435/4977/5461
f 5434/4976/5460 5435/4977/5461 5436/4978/5462
f 5433/4974/5458 5430/4973/5457 5438/4979/5463
f 5433/4974/5458 5438/4979/5463 5435/4977/5461
f 5436/4978/5462 5435/4977/5461 5437/4980/5464
f 5436/4978/5462 5437/4980/5464 5722/4981/5465
f 5435/4977/5461 5438/4979/5463 5439/4982/5466
f 5435/4977/5461 5439/4982/5466 5437/4980/5464
f 5681/4972/5456 5441/4983/5467 5438/4979/5463
f 5681/4972/5456 5438/4979/5463 5430/4973/5457
f 5441/4983/5467 5443/4984/5468 5439/4982/5466
f 5441/4983/5467 5439/4982/5466 5438/4979/5463
f 5443/4984/5468 5446/4985/5469 5444/4986/5470
f 5443/4984/5468 5444/4986/5470 5439/4982/5466
f 5446/4985/5469 5447/4987/5471 5444/4986/5470
f 5444/4986/5470 5447/4987/5471 5449/4987/5472
f 5451/4988/5473 5444/4986/5470 5449/4987/5472
f 5451/4988/5473 5449/4987/5472 5453/4989/5474
f 5437/4980/5464 5439/4982/5466 5444/4986/5470
f 5437/4980/5464 5444/4986/5470 5451/4988/5473
f 5722/4981/5465 5437/4980/5464 5451/4988/5473
f 5722/4981/5465 5451/4988/5473 5452/4990/5475
f 5452/4990/5475 5451/4988/5473 5453/4989/5474
f 5452/4990/5475 5453/4989/5474 5455/4991/5476
f 5456/4992/5477 5454/4993/5478 5457/4994/5479
f 5456/4992/5477 5457/4994/5479 5458/4995/5480
f 5454/4993/5478 5450/4996/5481 5460/4997/5482
f 5454/4993/5478 5460/4997/5482 5457/4994/5479
f 5458/4995/5480 5457/4994/5479 5459/4998/5483
f 5458/4995/5480 5459/4998/5483 5736/4999/5484
f 5457/4994/5479 5460/4997/5482 5459/4998/5483
f 5460/4997/5482 5463/5000/5485 5459/4998/5483
f 5448/4996/5486 5460/4997/5482 5450/4996/5481
f 5676/4996/5487 5462/5001/5488 5460/4997/5482
f 5676/4996/5487 5460/4997/5482 5448/4996/5486
f 5462/5001/5488 5465/5002/5489 5463/5000/5485
f 5462/5001/5488 5463/5000/5485 5460/4997/5482
f 5465/5002/5489 5467/5003/5490 5463/5000/5485
f 5463/5000/5485 5469/5004/5491 5459/4998/5483
f 5467/5003/5490 5468/5005/5492 5463/5000/5485
f 5463/5000/5485 5468/5005/5492 5470/5006/5493
f 5463/5000/5485 5470/5006/5493 5469/5004/5491
f 5469/5004/5491 5471/5007/5494 5473/5008/5495
f 5736/4999/5484 5459/4998/5483 5469/5004/5491
f 5736/4999/5484 5469/5004/5491 5472/5009/5496
f 5472/5009/5496 5469/5004/5491 5473/5008/5495
f 5475/5010/5497 5472/5011/5498 5474/5012/5499
f 5468/5005/5492 5475/5010/5497 5474/5012/5499
f 5468/5005/5492 5474/5012/5499 5470/5006/5493
f 5468/5005/5492 5477/5013/5500 5475/5010/5497
f 5477/5013/5500 5479/5014/5501 5475/5010/5497
f 5479/5014/5501 5482/5015/5502 5480/5016/5503
f 5479/5014/5501 5480/5016/5503 5475/5010/5497
f 5475/5010/5497 5480/5016/5503 5483/5017/5504
f 5475/5010/5497 5483/5017/5504 5472/5011/5498
f 5482/5015/5502 5624/5018/5505 5480/5016/5503
f 5480/5016/5503 5485/5019/5506 5483/5017/5504
f 5488/5020/5507 5486/5021/5508 5484/5022/5509
f 5488/5020/5507 5484/5022/5509 5485/5019/5510
f 5486/5021/5508 5472/5009/5496 5484/5022/5509
f 5489/5023/5511 5487/5024/5512 5486/5021/5508
f 5489/5023/5511 5486/5021/5508 5488/5020/5507
f 5487/5024/5512 5736/4999/5484 5472/5009/5496
f 5487/5024/5512 5472/5009/5496 5486/5021/5508
f 5490/5025/5513 5488/5020/5507 5485/5019/5510
f 5490/5025/5513 5485/5019/5510 5494/5026/5514
f 5491/5027/5515 5489/5023/5511 5488/5020/5507
f 5491/5027/5515 5488/5020/5507 5490/5025/5513
f 5735/5028/5516 5491/5027/5515 5490/5025/5513
f 5735/5028/5516 5490/5025/5513 5492/5029/5517
f 5492/5029/5517 5490/5025/5513 5494/5026/5514
f 5492/5029/5517 5494/5026/5514 5496/5030/5518
f 5497/5031/5519 5500/5032/5520 5495/5033/5521
f 5497/5031/5519 5495/5033/5521 5493/5034/5522
f 5480/5016/5503 5497/5031/5519 5493/5034/5522
f 5480/5016/5503 5493/5034/5522 5485/5019/5506
f 5624/5018/5505 5499/5035/5523 5497/5031/5519
f 5624/5018/5505 5497/5031/5519 5480/5016/5503
f 5499/5035/5523 5502/5036/5524 5500/5032/5520
f 5499/5035/5523 5500/5032/5520 5497/5031/5519
f 5502/5036/5524 5506/5037/5525 5504/5038/5526
f 5502/5036/5524 5504/5038/5526 5500/5032/5520
f 5500/5032/5520 5503/5038/5527 5510/5039/5528
f 5500/5032/5520 5510/5039/5528 5495/5033/5521
f 5506/5037/5525 5643/5040/5529 5508/5041/5530
f 5506/5037/5525 5508/5041/5530 5504/5038/5526
f 5503/5038/5527 5507/5041/5531 5511/5042/5532
f 5503/5038/5527 5511/5042/5532 5510/5039/5528
f 5515/5043/5533 5513/5044/5534 5509/5045/5535
f 5515/5043/5533 5509/5045/5535 5512/5046/5536
f 5513/5044/5534 5492/5029/5517 5496/5030/5518
f 5513/5044/5534 5496/5030/5518 5509/5045/5535
f 5515/5043/5533 5514/5047/5537 5513/5044/5534
f 5514/5047/5537 5735/5028/5516 5492/5029/5517
f 5514/5047/5537 5492/5029/5517 5513/5044/5534
f 5516/5048/5538 5520/5049/5539 5515/5043/5533
f 5507/5041/5531 5516/5048/5538 5515/5043/5533
f 5507/5041/5531 5515/5043/5533 5511/5042/5532
f 5643/5040/5529 5519/5050/5540 5517/5048/5541
f 5643/5040/5529 5517/5048/5541 5508/5041/5530
f 5519/5050/5540 5522/5051/5542 5520/5049/5539
f 5519/5050/5540 5520/5049/5539 5517/5048/5541
f 5522/5051/5542 5524/5052/5543 5520/5049/5539
f 5520/5049/5539 5527/5053/5544 5515/5043/5533
f 5524/5052/5543 5526/5054/5545 5520/5049/5539
f 5520/5049/5539 5526/5054/5545 5529/5054/5546
f 5520/5049/5539 5529/5054/5546 5527/5053/5544
f 5529/5054/5546 5532/5055/5547 5527/5053/5544
f 5527/5053/5544 5514/5047/5537 5515/5043/5533
f 5532/5055/5547 5534/5056/5548 5530/5057/5549
f 5532/5055/5547 5530/5057/5549 5527/5053/5544
f 5527/5053/5544 5530/5057/5549 5735/5028/5516
f 5527/5053/5544 5735/5028/5516 5514/5047/5537
f 5535/5058/5550 5531/5059/5551 5528/5060/5552
f 5535/5058/5550 5537/5061/5553 5533/5062/5554
f 5535/5058/5550 5533/5062/5554 5531/5059/5551
f 5538/5063/5555 5536/5064/5556 5535/5058/5550
f 5536/5064/5556 5734/5065/5557 5537/5061/5553
f 5536/5064/5556 5537/5061/5553 5535/5058/5550
f 5539/5066/5558 5538/5063/5555 5535/5058/5550
f 5525/5060/5559 5539/5066/5558 5535/5058/5550
f 5525/5060/5559 5535/5058/5550 5528/5060/5552
f 5525/5060/5559 5541/5067/5560 5539/5066/5558
f 5541/5067/5560 5543/5068/5561 5539/5066/5558
f 5543/5068/5561 5546/5069/5562 5544/5070/5563
f 5543/5068/5561 5544/5070/5563 5539/5066/5558
f 5539/5066/5558 5544/5070/5563 5547/5071/5564
f 5539/5066/5558 5547/5071/5564 5538/5063/5555
f 5546/5069/5562 5556/5072/5565 5544/5070/5563
f 5544/5070/5563 5549/5073/5566 5547/5071/5564
f 5549/5073/5566 5550/5074/5567 5548/5075/5568
f 5548/5075/5568 5550/5074/5567 5536/5064/5556
f 5548/5075/5568 5536/5064/5556 5538/5063/5555
f 5550/5074/5567 5551/5076/5569 5734/5065/5557
f 5550/5074/5567 5734/5065/5557 5536/5064/5556
f 5549/5073/5566 5390/4936/5419 5550/5074/5567
f 5390/4936/5419 5552/4938/5421 5551/5076/5569
f 5390/4936/5419 5551/5076/5569 5550/5074/5567
f 5385/4932/5415 5390/4936/5419 5549/5073/5566
f 5384/4931/5413 5385/4932/5415 5549/5073/5566
f 5544/5070/5563 5384/4931/5413 5549/5073/5566
f 5556/5072/5565 5554/5077/5570 5384/4931/5413
f 5556/5072/5565 5384/4931/5413 5544/5070/5563
f 5554/5077/5570 5382/4929/5410 5384/4931/5413
f 5557/5078/5571 5378/4928/5408 5553/5077/5572
f 5557/5078/5571 5553/5077/5572 5555/5072/5573
f 5378/4928/5408 5381/4929/5409 5553/5077/5572
f 5557/5078/5571 5555/5072/5573 5545/5069/5574
f 5561/5079/5575 5558/5080/5576 5557/5078/5571
f 5558/5080/5576 5378/4928/5408 5557/5078/5571
f 5562/5081/5577 5561/5079/5575 5557/5078/5571
f 5562/5081/5577 5557/5078/5571 5559/5082/5578
f 5559/5082/5578 5557/5078/5571 5545/5069/5574
f 5559/5082/5578 5545/5069/5574 5542/5068/5579
f 5558/5080/5580 5560/5083/5581 5564/5084/5582
f 5560/5083/5581 5563/5085/5583 5565/5086/5584
f 5560/5083/5581 5565/5086/5584 5564/5084/5582
f 5558/5080/5580 5564/5084/5582 5567/5087/5585
f 5567/5087/5585 5564/5084/5582 5566/5088/5586
f 5567/5087/5585 5566/5088/5586 5568/5089/5587
f 5558/5080/5576 5371/4923/5402 5378/4928/5408
f 5371/4923/5402 5567/5087/5585 5370/4920/5399
f 5568/5089/5587 5566/5088/5586 5569/5090/5588
f 5568/5089/5587 5569/5090/5588 5570/5091/5589
f 5566/5088/5586 5571/5092/5590 5569/5090/5588
f 5570/5091/5589 5569/5090/5588 5572/5093/5591
f 5570/5091/5589 5572/5093/5591 5574/5094/5592
f 5569/5090/5588 5571/5092/5590 5573/5095/5593
f 5569/5090/5588 5573/5095/5593 5572/5093/5591
f 5572/5093/5591 5573/5095/5593 5578/5096/5594
f 5572/5093/5591 5578/5096/5594 5575/5097/5595
f 5574/5094/5592 5572/5093/5591 5575/5097/5595
f 5574/5094/5592 5575/5097/5595 5576/5098/5596
f 5576/5098/5596 5575/5097/5595 5577/5099/5597
f 5576/5098/5596 5577/5099/5597 5686/5100/5598
f 5575/5097/5595 5578/5096/5594 5579/5101/5599
f 5575/5097/5595 5579/5101/5599 5577/5099/5597
f 5573/5095/5593 5583/5102/5600 5580/5103/5601
f 5573/5095/5593 5580/5103/5601 5578/5096/5594
f 5578/5096/5594 5580/5103/5601 5582/5104/5602
f 5578/5096/5594 5582/5104/5602 5579/5101/5599
f 5583/5102/5600 5584/5105/5603 5581/5106/5604
f 5583/5102/5600 5581/5106/5604 5580/5103/5601
f 5580/5103/5601 5581/5106/5604 5711/5107/5605
f 5580/5103/5601 5711/5107/5605 5582/5104/5602
f 5585/5108/5606 5586/5109/5607 5584/5105/5603
f 5585/5108/5606 5584/5105/5603 5583/5102/5600
f 5571/5092/5590 5585/5108/5606 5583/5102/5600
f 5571/5092/5590 5583/5102/5600 5573/5095/5593
f 5566/5088/5586 5564/5084/5582 5585/5108/5606
f 5566/5088/5586 5585/5108/5606 5571/5092/5590
f 5564/5084/5582 5565/5086/5584 5586/5109/5607
f 5564/5084/5582 5586/5109/5607 5585/5108/5606
f 5565/5086/5584 5587/5110/5608 5586/5109/5607
f 5586/5109/5607 5587/5110/5608 5590/5111/5609
f 5586/5109/5607 5590/5111/5609 5584/5105/5603
f 5587/5110/5608 5652/5062/5610 5588/5112/5611
f 5587/5110/5608 5588/5112/5611 5591/5113/5612
f 5587/5110/5608 5591/5113/5612 5590/5111/5609
f 5590/5111/5609 5591/5113/5612 5595/5114/5613
f 5590/5111/5609 5595/5114/5613 5593/5115/5614
f 5584/5105/5603 5590/5111/5609 5593/5115/5614
f 5584/5105/5603 5593/5115/5614 5581/5106/5604
f 5581/5106/5604 5593/5115/5614 5594/5116/5615
f 5581/5106/5604 5594/5116/5615 5711/5107/5605
f 5593/5115/5614 5595/5114/5613 5597/5117/5616
f 5593/5115/5614 5597/5117/5616 5594/5116/5615
f 5592/5118/5617 5602/5119/5618 5599/5120/5619
f 5592/5118/5617 5599/5120/5619 5596/5121/5620
f 5596/5121/5620 5599/5120/5619 5601/5122/5621
f 5596/5121/5620 5601/5122/5621 5598/4992/5622
f 5602/5119/5618 5603/5123/5623 5600/5124/5624
f 5602/5119/5618 5600/5124/5624 5599/5120/5619
f 5599/5120/5619 5600/5124/5624 5661/5125/5625
f 5599/5120/5619 5661/5125/5625 5601/5122/5621
f 5604/5126/5626 5606/5127/5627 5603/5123/5623
f 5604/5126/5626 5603/5123/5623 5602/5119/5618
f 5589/5128/5628 5604/5126/5626 5602/5119/5618
f 5589/5128/5628 5602/5119/5618 5592/5118/5617
f 5653/5056/5629 5605/5129/5630 5604/5126/5626
f 5653/5056/5629 5604/5126/5626 5589/5128/5628
f 5605/5129/5630 5607/5130/5631 5606/5127/5627
f 5605/5129/5630 5606/5127/5627 5604/5126/5626
f 5607/5130/5631 5609/5131/5632 5608/5132/5633
f 5607/5130/5631 5608/5132/5633 5606/5127/5627
f 5606/5127/5627 5608/5132/5633 5612/5133/5634
f 5606/5127/5627 5612/5133/5634 5603/5123/5623
f 5609/5131/5632 5630/5134/5635 5611/5135/5636
f 5609/5131/5632 5611/5135/5636 5608/5132/5633
f 5608/5132/5633 5611/5135/5636 5614/5136/5637
f 5608/5132/5633 5614/5136/5637 5612/5133/5634
f 5612/5133/5634 5614/5136/5637 5618/5137/5638
f 5612/5133/5634 5618/5137/5638 5615/5138/5639
f 5603/5123/5623 5612/5133/5634 5615/5138/5639
f 5603/5123/5623 5615/5138/5639 5600/5124/5624
f 5600/5124/5624 5615/5138/5639 5616/5139/5640
f 5600/5124/5624 5616/5139/5640 5661/5125/5625
f 5615/5138/5639 5618/5137/5638 5619/5140/5641
f 5615/5138/5639 5619/5140/5641 5616/5139/5640
f 5617/5141/5638 5613/5142/5642 5622/5143/5643
f 5617/5141/5638 5622/5143/5643 5620/5144/5644
f 5619/5140/5641 5617/5141/5638 5620/5144/5644
f 5619/5140/5641 5620/5144/5644 5621/5145/5645
f 5621/5145/5645 5620/5144/5644 5481/5015/5646
f 5621/5145/5645 5481/5015/5646 5478/5014/5647
f 5620/5144/5644 5622/5143/5643 5623/5018/5648
f 5620/5144/5644 5623/5018/5648 5481/5015/5646
f 5613/5142/5642 5610/5146/5636 5625/5147/5649
f 5613/5142/5642 5625/5147/5649 5622/5143/5643
f 5622/5143/5643 5625/5147/5649 5498/5035/5650
f 5622/5143/5643 5498/5035/5650 5623/5018/5648
f 5610/5146/5636 5629/5148/5651 5626/5149/5652
f 5610/5146/5636 5626/5149/5652 5625/5147/5649
f 5625/5147/5649 5626/5149/5652 5501/5036/5653
f 5625/5147/5649 5501/5036/5653 5498/5035/5650
f 5629/5148/5651 5632/5150/5654 5627/5151/5655
f 5629/5148/5651 5627/5151/5655 5626/5149/5652
f 5626/5149/5652 5628/5152/5656 5505/5037/5657
f 5626/5149/5652 5505/5037/5657 5501/5036/5653
f 5634/5153/5658 5631/5154/5659 5630/5134/5635
f 5634/5153/5658 5630/5134/5635 5609/5131/5632
f 5632/5150/5654 5633/5155/5660 5627/5151/5655
f 5636/5156/5661 5633/5155/5662 5631/5154/5659
f 5636/5156/5661 5631/5154/5659 5634/5153/5658
f 5638/5157/5663 5636/5156/5661 5634/5153/5658
f 5638/5157/5663 5634/5153/5658 5635/5158/5664
f 5635/5158/5664 5634/5153/5658 5609/5131/5632
f 5635/5158/5664 5609/5131/5632 5607/5130/5631
f 5637/5159/5665 5638/5157/5663 5640/5160/5666
f 5637/5159/5665 5640/5160/5666 5639/5161/5667
f 5633/5155/5660 5637/5159/5665 5639/5161/5667
f 5633/5155/5660 5639/5161/5667 5627/5151/5655
f 5639/5161/5667 5640/5160/5666 5521/5051/5668
f 5639/5161/5667 5521/5051/5668 5518/5050/5669
f 5641/5162/5670 5639/5161/5667 5518/5050/5669
f 5641/5162/5670 5518/5050/5669 5642/5040/5671
f 5628/5152/5656 5641/5162/5670 5642/5040/5671
f 5628/5152/5656 5642/5040/5671 5505/5037/5657
f 5638/5157/5663 5644/5163/5672 5640/5160/5666
f 5640/5160/5666 5523/5164/5673 5521/5051/5668
f 5640/5160/5666 5646/5054/5674 5523/5164/5673
f 5644/5163/5672 5648/5165/5675 5646/5054/5674
f 5644/5163/5672 5646/5054/5674 5640/5160/5666
f 5647/5166/5676 5650/5167/5677 5559/5082/5578
f 5647/5166/5676 5559/5082/5578 5645/5060/5678
f 5645/5060/5678 5559/5082/5578 5540/5067/5679
f 5645/5060/5678 5540/5067/5679 5649/5060/5680
f 5650/5167/5677 5562/5081/5577 5559/5082/5578
f 5559/5082/5578 5542/5068/5579 5540/5067/5679
f 5563/5085/5583 5650/5167/5677 5587/5110/5608
f 5563/5085/5583 5587/5110/5608 5565/5086/5584
f 5650/5167/5677 5647/5166/5676 5651/5168/5681
f 5650/5167/5677 5651/5168/5681 5587/5110/5608
f 5587/5110/5608 5651/5168/5681 5652/5062/5610
f 5648/5165/5675 5644/5163/5672 5605/5129/5630
f 5648/5165/5675 5605/5129/5630 5653/5056/5629
f 5644/5163/5672 5638/5157/5663 5635/5158/5664
f 5644/5163/5672 5635/5158/5664 5607/5130/5631
f 5644/5163/5672 5607/5130/5631 5605/5129/5630
f 5654/5169/5682 5619/5140/5641 5621/5145/5645
f 5654/5169/5682 5621/5145/5645 5476/5170/5683
f 5476/5170/5683 5621/5145/5645 5478/5014/5647
f 5657/5171/5684 5654/5169/5682 5476/5170/5683
f 5657/5171/5684 5476/5170/5683 5656/5172/5685
f 5659/5173/5686 5657/5171/5684 5656/5172/5685
f 5659/5173/5686 5656/5172/5685 5466/5174/5687
f 5658/5175/5688 5659/5173/5686 5466/5174/5687
f 5658/5175/5688 5466/5174/5687 5464/5002/5689
f 5659/5173/5686 5655/5176/5690 5657/5171/5684
f 5660/5177/5691 5659/5173/5686 5658/5175/5688
f 5616/5139/5640 5619/5140/5641 5655/5176/5690
f 5616/5139/5640 5655/5176/5690 5659/5173/5686
f 5661/5125/5625 5616/5139/5640 5659/5173/5686
f 5661/5125/5625 5659/5173/5686 5660/5177/5691
f 5601/5122/5621 5661/5125/5625 5660/5177/5691
f 5601/5122/5621 5660/5177/5691 5662/5178/5692
f 5662/5178/5692 5660/5177/5691 5658/5175/5688
f 5662/5178/5692 5658/5175/5688 5663/5179/5693
f 5598/4992/5622 5601/5122/5621 5662/5178/5692
f 5598/4992/5622 5662/5178/5692 5665/4993/5694
f 5665/4993/5694 5662/5178/5692 5663/5179/5693
f 5665/4993/5694 5663/5179/5693 5667/4996/5695
f 5594/5116/5615 5597/5117/5616 5664/4989/5696
f 5594/5116/5615 5664/4989/5696 5668/5180/5697
f 5668/5180/5697 5664/4989/5696 5666/5181/5698
f 5668/5180/5697 5666/5181/5698 5670/5182/5699
f 5711/5107/5605 5594/5116/5615 5668/5180/5697
f 5711/5107/5605 5668/5180/5697 5669/5183/5700
f 5669/5183/5700 5668/5180/5697 5670/5182/5699
f 5669/5183/5700 5670/5182/5699 5671/5184/5701
f 5670/5182/5699 5666/5181/5698 5673/4987/5702
f 5670/5182/5699 5673/4987/5702 5672/5185/5703
f 5671/5184/5701 5670/5182/5699 5672/5185/5703
f 5671/5184/5701 5672/5185/5703 5445/4985/5704
f 5671/5184/5701 5445/4985/5704 5442/4984/5705
f 5672/5185/5703 5673/4987/5702 5674/4987/5706
f 5672/5185/5703 5674/4987/5706 5445/4985/5704
f 5667/4996/5695 5663/5179/5693 5677/5186/5707
f 5667/4996/5695 5677/5186/5707 5461/5001/5708
f 5667/4996/5695 5461/5001/5708 5675/4996/5709
f 5663/5179/5693 5658/5175/5688 5677/5186/5707
f 5677/5186/5707 5658/5175/5688 5464/5002/5689
f 5677/5186/5707 5464/5002/5689 5461/5001/5708
f 5678/5187/5710 5671/5184/5701 5442/4984/5705
f 5678/5187/5710 5442/4984/5705 5440/4983/5711
f 5679/5188/5712 5678/5187/5710 5440/4983/5711
f 5679/5188/5712 5440/4983/5711 5680/4972/5713
f 5684/5189/5714 5679/5188/5712 5682/5190/5715
f 5682/5190/5715 5679/5188/5712 5680/4972/5713
f 5682/5190/5715 5680/4972/5713 5428/4970/5716
f 5685/5191/5717 5684/5189/5714 5682/5190/5715
f 5685/5191/5717 5682/5190/5715 5683/5192/5718
f 5683/5192/5718 5682/5190/5715 5428/4970/5716
f 5683/5192/5718 5428/4970/5716 5426/4969/5719
f 5577/5099/5597 5579/5101/5599 5679/5188/5712
f 5577/5099/5597 5679/5188/5712 5684/5189/5714
f 5686/5100/5598 5577/5099/5597 5684/5189/5714
f 5686/5100/5598 5684/5189/5714 5685/5191/5717
f 5579/5101/5599 5582/5104/5602 5679/5188/5712
f 5679/5188/5712 5582/5104/5602 5678/5187/5710
f 5582/5104/5602 5711/5107/5605 5669/5183/5700
f 5582/5104/5602 5669/5183/5700 5671/5184/5701
f 5582/5104/5602 5671/5184/5701 5678/5187/5710
f 5687/5193/5720 5686/5100/5598 5685/5191/5717
f 5687/5193/5720 5685/5191/5717 5688/5194/5721
f 5692/5195/5722 5687/5193/5720 5689/5196/5723
f 5689/5196/5723 5687/5193/5720 5688/5194/5721
f 5689/5196/5723 5688/5194/5721 5691/5197/5724
f 5690/5198/5725 5691/5197/5724 5694/5199/5726
f 5690/5198/5725 5694/5199/5726 5415/5200/5727
f 5693/5201/5728 5690/5198/5725 5415/5200/5727
f 5693/5201/5728 5415/5200/5727 5412/5202/5729
f 5691/5197/5724 5688/5194/5721 5694/5199/5726
f 5694/5199/5726 5688/5194/5721 5423/4968/5730
f 5688/5194/5721 5685/5191/5717 5683/5192/5718
f 5688/5194/5721 5683/5192/5718 5426/4969/5719
f 5688/5194/5721 5426/4969/5719 5423/4968/5730
f 5698/5203/5731 5693/5201/5728 5412/5202/5729
f 5698/5203/5731 5412/5202/5729 5696/5204/5732
f 5696/5204/5732 5412/5202/5729 5409/4956/5733
f 5699/5205/5734 5696/5204/5732 5409/4956/5733
f 5699/5205/5734 5409/4956/5733 5701/4945/5735
f 5700/5206/5736 5698/5203/5731 5696/5204/5732
f 5700/5206/5736 5696/5204/5732 5699/5205/5734
f 5706/5207/5737 5700/5206/5736 5699/5205/5734
f 5706/5207/5737 5699/5205/5734 5703/5208/5738
f 5703/5208/5738 5699/5205/5734 5701/4945/5735
f 5703/5208/5738 5701/4945/5735 5398/4942/5739
f 5708/5209/5740 5706/5207/5737 5703/5208/5738
f 5708/5209/5740 5703/5208/5738 5704/5210/5741
f 5704/5210/5741 5703/5208/5738 5398/4942/5739
f 5704/5210/5741 5398/4942/5739 5395/4941/5742
f 5705/5211/5743 5570/5091/5589 5709/5212/5744
f 5705/5211/5743 5709/5212/5744 5700/5206/5745
f 5707/5213/5746 5568/5089/5587 5570/5091/5589
f 5707/5213/5746 5570/5091/5589 5705/5211/5743
f 5570/5091/5589 5574/5094/5592 5709/5212/5744
f 5709/5212/5744 5574/5094/5592 5576/5098/5596
f 5709/5212/5744 5576/5098/5596 5710/5214/5747
f 5700/5206/5745 5709/5212/5744 5710/5214/5747
f 5700/5206/5745 5710/5214/5747 5697/5215/5748
f 5710/5214/5747 5576/5098/5596 5686/5100/5598
f 5710/5214/5747 5686/5100/5598 5687/5193/5720
f 5697/5215/5748 5710/5214/5747 5687/5193/5720
f 5697/5215/5748 5687/5193/5720 5692/5195/5722
f 5370/4920/5399 5568/5089/5587 5707/5213/5746
f 5370/4920/5399 5567/5087/5585 5568/5089/5587
f 5370/4920/5399 5708/5209/5740 5704/5210/5741
f 5370/4920/5399 5704/5210/5741 5375/4921/5400
f 5376/4921/5406 5704/5210/5741 5395/4941/5742
f 5376/4921/5406 5395/4941/5742 5392/4927/5407
f 5552/4938/5421 5403/4948/5432 5712/5216/5749
f 5552/4938/5421 5712/5216/5749 5551/5076/5569
f 5403/4948/5432 5404/4949/5433 5713/5217/5750
f 5403/4948/5432 5713/5217/5750 5712/5216/5749
f 5551/5076/5569 5712/5216/5749 5714/5218/5751
f 5712/5216/5749 5713/5217/5750 5716/5219/5752
f 5712/5216/5749 5716/5219/5752 5714/5218/5751
f 5551/5076/5569 5714/5218/5751 5715/5220/5753
f 5551/5076/5569 5715/5220/5753 5734/5065/5557
f 5714/5218/5751 5716/5219/5752 5717/5221/5754
f 5714/5218/5751 5717/5221/5754 5715/5220/5753
f 5716/5219/5752 5718/5222/5755 5719/5223/5756
f 5716/5219/5752 5719/5223/5756 5717/5221/5754
f 5713/5217/5750 5720/5224/5757 5718/5222/5755
f 5713/5217/5750 5718/5222/5755 5716/5219/5752
f 5720/5224/5757 5434/4976/5460 5436/4978/5462
f 5720/5224/5757 5436/4978/5462 5718/5222/5755
f 5718/5222/5755 5436/4978/5462 5722/4981/5465
f 5718/5222/5755 5722/4981/5465 5719/5223/5756
f 5404/4949/5433 5721/5225/5758 5720/5224/5757
f 5404/4949/5433 5720/5224/5757 5713/5217/5750
f 5721/5225/5758 5432/4975/5459 5434/4976/5460
f 5721/5225/5758 5434/4976/5460 5720/5224/5757
f 5404/4949/5433 5407/4951/5435 5721/5225/5758
f 5407/4951/5435 5737/4953/5437 5432/4975/5459
f 5407/4951/5435 5432/4975/5459 5721/5225/5758
f 5719/5223/5756 5722/4981/5465 5452/4990/5475
f 5719/5223/5756 5452/4990/5475 5723/5226/5759
f 5717/5221/5754 5719/5223/5756 5723/5226/5759
f 5717/5221/5754 5723/5226/5759 5726/5227/5760
f 5723/5226/5759 5452/4990/5475 5455/4991/5476
f 5723/5226/5759 5455/4991/5476 5724/5114/5761
f 5726/5227/5760 5723/5226/5759 5724/5114/5761
f 5726/5227/5760 5724/5114/5761 5727/5113/5762
f 5537/5061/5553 5726/5227/5760 5727/5113/5762
f 5537/5061/5553 5727/5113/5762 5729/5112/5763
f 5715/5220/5753 5717/5221/5754 5726/5227/5760
f 5715/5220/5753 5726/5227/5760 5537/5061/5553
f 5734/5065/5557 5715/5220/5753 5537/5061/5553
f 5537/5061/5553 5729/5112/5763 5533/5062/5554
f 5534/5056/5548 5730/5128/5764 5731/5228/5765
f 5534/5056/5548 5731/5228/5765 5530/5057/5549
f 5730/5128/5764 5728/5118/5766 5732/5229/5767
f 5730/5128/5764 5732/5229/5767 5731/5228/5765
f 5530/5057/5549 5731/5228/5765 5491/5027/5515
f 5530/5057/5549 5491/5027/5515 5735/5028/5516
f 5731/5228/5765 5732/5229/5767 5489/5023/5511
f 5731/5228/5765 5489/5023/5511 5491/5027/5515
f 5732/5229/5767 5733/5230/5768 5487/5024/5512
f 5732/5229/5767 5487/5024/5512 5489/5023/5511
f 5728/5118/5766 5725/5121/5769 5733/5230/5768
f 5728/5118/5766 5733/5230/5768 5732/5229/5767
f 5725/5121/5769 5456/4992/5477 5458/4995/5480
f 5725/5121/5769 5458/4995/5480 5733/5230/5768
f 5733/5230/5768 5458/4995/5480 5736/4999/5484
f 5733/5230/5768 5736/4999/5484 5487/5024/5512
f 5738/5231/5770 5739/5232/5771 5748/5233/5772
f 5738/5231/5770 5748/5233/5772 5744/5234/5773
f 5741/5235/5774 5738/5231/5770 5744/5234/5773
f 5741/5235/5774 5744/5234/5773 5749/5236/5775
f 5743/5237/5776 5747/5233/5777 5766/5238/5778
f 5743/5237/5776 5766/5238/5778 5746/5239/5779
f 5939/5240/5780 5741/5235/5774 5749/5236/5775
f 5939/5240/5780 5749/5236/5775 5750/5241/5781
f 5750/5241/5781 5743/5237/5776 5746/5239/5779
f 5750/5241/5781 5746/5239/5779 5753/5242/5782
f 5752/5242/5783 5751/5243/5784 5754/5244/5785
f 5752/5242/5783 5754/5244/5785 5755/5245/5786
f 5751/5243/5784 5745/5246/5787 5754/5244/5785
f 5755/5245/5786 5754/5244/5785 5757/5247/5788
f 5755/5245/5786 5757/5247/5788 5760/5248/5789
f 5754/5244/5785 5758/5249/5790 5757/5247/5788
f 5759/5250/5791 5763/5251/5792 5761/5252/5793
f 5759/5250/5791 5761/5252/5793 5756/5253/5794
f 5756/5253/5794 5761/5252/5793 5760/5248/5795
f 5763/5251/5792 5764/5254/5796 5762/5255/5797
f 5763/5251/5792 5762/5255/5797 5761/5252/5793
f 5765/5256/5798 5767/5257/5799 5764/5254/5796
f 5765/5256/5798 5764/5254/5796 5763/5251/5792
f 5754/5244/5785 5765/5256/5798 5763/5251/5792
f 5754/5244/5785 5763/5251/5792 5758/5249/5790
f 5745/5246/5787 5765/5256/5798 5754/5244/5785
f 5765/5256/5798 5768/5258/5800 5767/5257/5799
f 5768/5258/5800 5772/5259/5801 5771/5260/5802
f 5768/5258/5800 5771/5260/5802 5767/5257/5799
f 5767/5257/5799 5770/5260/5803 5776/5261/5804
f 5767/5257/5799 5776/5261/5804 5764/5254/5796
f 5772/5259/5801 6061/5262/5805 5775/5263/5806
f 5772/5259/5801 5775/5263/5806 5771/5260/5802
f 5770/5260/5803 5774/5263/5807 5777/5264/5808
f 5770/5260/5803 5777/5264/5808 5776/5261/5804
f 5776/5261/5804 5777/5264/5808 5778/5265/5809
f 5764/5254/5796 5776/5261/5804 5778/5265/5809
f 5764/5254/5796 5778/5265/5809 5762/5255/5797
f 5778/5265/5809 5777/5264/5808 5779/5266/5810
f 5777/5264/5808 5780/5267/5811 5779/5266/5810
f 5782/5268/5812 5786/5269/5813 5781/5270/5814
f 5782/5268/5812 5781/5270/5814 5780/5267/5811
f 5774/5263/5807 5782/5268/5812 5780/5267/5811
f 5774/5263/5807 5780/5267/5811 5777/5264/5808
f 6061/5262/5805 5784/5271/5815 5783/5268/5816
f 6061/5262/5805 5783/5268/5816 5775/5263/5806
f 5784/5271/5815 5787/5272/5817 5786/5269/5813
f 5784/5271/5815 5786/5269/5813 5783/5268/5816
f 5787/5272/5817 5790/5273/5818 5789/5274/5819
f 5787/5272/5817 5789/5274/5819 5786/5269/5813
f 5786/5269/5813 5789/5274/5819 5793/5275/5820
f 5786/5269/5813 5793/5275/5820 5781/5270/5814
f 5790/5273/5818 5792/5276/5821 5789/5274/5819
f 5789/5274/5819 5792/5276/5821 5794/5277/5822
f 5789/5274/5819 5794/5277/5822 5793/5275/5820
f 5793/5275/5820 5795/5278/5823 5797/5279/5824
f 5793/5275/5820 5797/5279/5824 5796/5280/5825
f 5781/5270/5814 5793/5275/5820 5796/5280/5825
f 5792/5276/5821 5798/5281/5826 5797/5279/5824
f 5792/5276/5821 5797/5279/5824 5794/5277/5822
f 5792/5276/5821 5799/5282/5827 5798/5281/5826
f 5799/5282/5827 5801/5283/5828 5798/5281/5826
f 5801/5283/5828 5803/5284/5829 5798/5281/5826
f 5803/5284/5829 6042/5285/5830 5804/5286/5831
f 5803/5284/5829 5804/5286/5831 5798/5281/5826
f 5798/5281/5826 5804/5286/5831 5805/5287/5832
f 5798/5281/5826 5805/5287/5832 5797/5279/5824
f 5796/5280/5825 5797/5279/5824 5805/5287/5832
f 5796/5280/5825 5805/5287/5832 5806/5288/5833
f 5781/5270/5814 5796/5280/5825 5806/5288/5833
f 5781/5270/5814 5806/5288/5833 5807/5289/5834
f 5807/5289/5834 5806/5288/5833 5808/5290/5835
f 5807/5289/5834 5808/5290/5835 6079/5291/5836
f 5806/5288/5833 5805/5287/5832 5809/5292/5837
f 5806/5288/5833 5809/5292/5837 5808/5290/5835
f 5804/5286/5831 5809/5292/5837 5805/5287/5832
f 6042/5285/5830 5810/5293/5838 5804/5286/5831
f 5810/5293/5838 5812/5294/5839 5809/5292/5837
f 5810/5293/5838 5809/5292/5837 5804/5286/5831
f 5812/5294/5839 5815/5295/5840 5814/5296/5841
f 5812/5294/5839 5814/5296/5841 5809/5292/5837
f 5815/5295/5840 6039/5297/5842 5818/5298/5843
f 5815/5295/5840 5818/5298/5843 5814/5296/5841
f 5820/5299/5844 5814/5296/5841 5818/5298/5843
f 5820/5299/5844 5818/5298/5843 5823/5300/5845
f 5808/5290/5835 5809/5292/5837 5814/5296/5841
f 5808/5290/5835 5814/5296/5841 5820/5299/5844
f 6079/5291/5836 5808/5290/5835 5820/5299/5844
f 6079/5291/5836 5820/5299/5844 5821/5301/5846
f 5821/5301/5846 5820/5299/5844 5823/5300/5845
f 5821/5301/5846 5823/5300/5845 5825/5302/5847
f 5824/5303/5848 5822/5304/5849 5826/5305/5850
f 5824/5303/5848 5826/5305/5850 5827/5306/5851
f 5822/5304/5849 5819/5307/5852 5828/5308/5853
f 5822/5304/5849 5828/5308/5853 5826/5305/5850
f 5826/5305/5850 5828/5308/5853 5829/5309/5854
f 5828/5308/5853 5832/5310/5855 5829/5309/5854
f 5817/5311/5856 5828/5308/5853 5819/5307/5852
f 6038/5307/5857 5831/5312/5858 5828/5308/5853
f 6038/5307/5857 5828/5308/5853 5817/5311/5856
f 5831/5312/5858 5834/5313/5859 5832/5310/5855
f 5831/5312/5858 5832/5310/5855 5828/5308/5853
f 5834/5313/5859 5836/5314/5860 5832/5310/5855
f 5836/5314/5860 5837/5315/5861 5832/5310/5855
f 5832/5310/5855 5837/5315/5861 5838/5316/5862
f 5832/5310/5855 5838/5316/5862 5829/5309/5854
f 5840/5317/5863 5829/5309/5854 5839/5318/5864
f 5826/5305/5850 5829/5309/5854 5840/5317/5863
f 5827/5306/5851 5826/5305/5850 5840/5317/5863
f 5827/5306/5851 5840/5317/5863 5841/5319/5865
f 5842/5320/5866 5845/5321/5867 5841/5319/5865
f 5842/5320/5866 5841/5319/5865 5840/5317/5863
f 5837/5315/5861 5842/5320/5866 5840/5317/5863
f 5837/5315/5861 5840/5317/5863 5838/5316/5862
f 5837/5315/5861 5844/5322/5868 5842/5320/5866
f 5844/5322/5868 5847/5323/5869 5845/5321/5867
f 5844/5322/5868 5845/5321/5867 5842/5320/5866
f 5847/5323/5869 5850/5324/5870 5848/5325/5871
f 5847/5323/5869 5848/5325/5871 5845/5321/5867
f 5845/5321/5867 5848/5325/5871 5852/5326/5872
f 5845/5321/5867 5852/5326/5872 5841/5319/5865
f 5850/5324/5870 5991/5327/5873 5851/5328/5874
f 5850/5324/5870 5851/5328/5874 5848/5325/5871
f 5848/5325/5871 5851/5328/5874 5853/5329/5875
f 5848/5325/5871 5853/5329/5875 5852/5326/5872
f 5855/5330/5876 5854/5331/5877 5852/5326/5872
f 5855/5330/5876 5852/5326/5872 5853/5329/5875
f 5854/5331/5877 5841/5319/5865 5852/5326/5872
f 5854/5331/5877 5827/5306/5851 5841/5319/5865
f 5856/5332/5878 5855/5330/5876 5853/5329/5875
f 5857/5333/5879 5855/5330/5876 5856/5332/5878
f 5858/5334/5880 5857/5333/5879 5856/5332/5878
f 5858/5334/5880 5856/5332/5878 5860/5335/5881
f 5861/5336/5882 5864/5337/5883 5860/5335/5881
f 5861/5336/5882 5860/5335/5881 5859/5338/5884
f 5851/5328/5874 5861/5336/5882 5859/5338/5884
f 5851/5328/5874 5859/5338/5884 5853/5329/5875
f 5991/5327/5873 5863/5339/5885 5861/5336/5882
f 5991/5327/5873 5861/5336/5882 5851/5328/5874
f 5863/5339/5885 5866/5340/5886 5864/5337/5883
f 5863/5339/5885 5864/5337/5883 5861/5336/5882
f 5866/5340/5886 5867/5341/5887 5864/5337/5883
f 5864/5337/5883 5867/5341/5887 5870/5342/5888
f 5864/5337/5883 5870/5342/5888 5860/5335/5881
f 5867/5341/5887 6003/5343/5889 5869/5344/5890
f 5867/5341/5887 5869/5344/5890 5871/5345/5891
f 5867/5341/5887 5871/5345/5891 5870/5342/5888
f 5876/5346/5892 5873/5347/5893 5870/5342/5888
f 5876/5346/5892 5870/5342/5888 5872/5348/5894
f 5873/5347/5893 5858/5334/5880 5860/5335/5881
f 5873/5347/5893 5860/5335/5881 5870/5342/5888
f 5878/5349/5895 5874/5350/5896 5873/5347/5893
f 5878/5349/5895 5873/5347/5893 5876/5346/5892
f 5874/5350/5896 5858/5334/5880 5873/5347/5893
f 5869/5344/5890 5881/5351/5897 5877/5352/5898
f 5869/5344/5890 5877/5352/5898 5875/5353/5899
f 5869/5344/5890 5875/5353/5899 5871/5345/5891
f 6003/5343/5889 5880/5354/5900 5869/5344/5890
f 5880/5354/5900 5883/5355/5901 5881/5351/5897
f 5880/5354/5900 5881/5351/5897 5869/5344/5890
f 5883/5355/5901 5885/5356/5902 5881/5351/5897
f 5881/5351/5897 5888/5357/5903 5877/5352/5898
f 5885/5356/5902 6012/5358/5904 5886/5358/5905
f 5885/5356/5902 5886/5358/5905 5881/5351/5897
f 5881/5351/5897 5886/5358/5905 5889/5359/5906
f 5881/5351/5897 5889/5359/5906 5888/5357/5903
f 5889/5359/5906 5893/5360/5907 5891/5361/5908
f 5889/5359/5906 5891/5361/5908 5888/5357/5903
f 5888/5357/5903 5891/5361/5908 5874/5350/5896
f 5888/5357/5903 5874/5350/5896 5878/5349/5895
f 5893/5360/5907 5895/5362/5909 5892/5363/5910
f 5893/5360/5907 5892/5363/5910 5891/5361/5908
f 5891/5361/5908 5892/5363/5910 5858/5334/5880
f 5891/5361/5908 5858/5334/5880 5874/5350/5896
f 5901/5364/5911 5897/5365/5912 5894/5366/5913
f 5901/5364/5911 5894/5366/5913 5890/5367/5914
f 5897/5365/5912 5899/5368/5915 5896/5369/5916
f 5897/5365/5912 5896/5369/5916 5894/5366/5913
f 5902/5370/5917 5898/5371/5918 5897/5365/5912
f 5902/5370/5917 5897/5365/5912 5901/5364/5911
f 5898/5371/5918 5914/5372/5919 5899/5368/5915
f 5898/5371/5918 5899/5368/5915 5897/5365/5912
f 5903/5373/5920 5902/5370/5921 5900/5374/5922
f 5887/5375/5923 5903/5373/5920 5900/5374/5922
f 5887/5375/5923 5900/5374/5922 5890/5367/5914
f 6013/5367/5924 5904/5376/5925 5903/5373/5920
f 6013/5367/5924 5903/5373/5920 5887/5375/5923
f 5904/5376/5925 5906/5377/5926 5903/5373/5920
f 5906/5377/5926 5909/5378/5927 5908/5379/5928
f 5906/5377/5926 5908/5379/5928 5903/5373/5920
f 5903/5373/5920 5908/5379/5928 5911/5380/5929
f 5903/5373/5920 5911/5380/5929 5902/5370/5921
f 5909/5378/5927 5921/5381/5930 5908/5379/5928
f 5908/5379/5928 5913/5382/5931 5911/5380/5929
f 5913/5382/5932 5915/5383/5933 5898/5371/5918
f 5913/5382/5932 5898/5371/5918 5912/5384/5934
f 5912/5384/5934 5898/5371/5918 5902/5370/5917
f 5915/5383/5933 5916/5385/5935 5914/5372/5919
f 5915/5383/5933 5914/5372/5919 5898/5371/5918
f 5918/5386/5936 5915/5383/5933 5913/5382/5932
f 5760/5248/5795 5761/5252/5793 5915/5383/5933
f 5760/5248/5795 5915/5383/5933 5918/5386/5936
f 5761/5252/5793 5762/5255/5797 5916/5385/5935
f 5761/5252/5793 5916/5385/5935 5915/5383/5933
f 5755/5245/5786 5760/5248/5789 5917/5387/5937
f 5908/5379/5928 5755/5245/5786 5917/5387/5937
f 5908/5379/5928 5917/5387/5937 5913/5382/5931
f 5921/5381/5930 5919/5388/5938 5755/5245/5786
f 5921/5381/5930 5755/5245/5786 5908/5379/5928
f 5919/5388/5938 5752/5242/5783 5755/5245/5786
f 5923/5389/5939 5750/5241/5781 5920/5388/5940
f 5923/5389/5939 5920/5388/5940 5922/5381/5941
f 5750/5241/5781 5753/5242/5782 5920/5388/5940
f 5923/5389/5939 5922/5381/5941 5910/5378/5942
f 5928/5390/5943 5925/5391/5944 5923/5389/5939
f 5925/5391/5944 5937/5392/5945 5750/5241/5781
f 5925/5391/5944 5750/5241/5781 5923/5389/5939
f 5929/5393/5946 5928/5390/5943 5923/5389/5939
f 5929/5393/5946 5923/5389/5939 5926/5394/5947
f 5926/5394/5947 5923/5389/5939 5910/5378/5942
f 5926/5394/5947 5910/5378/5942 5907/5377/5948
f 5924/5395/5949 5927/5396/5950 5931/5397/5951
f 5927/5396/5950 5930/5398/5952 5932/5399/5953
f 5927/5396/5950 5932/5399/5953 5931/5397/5951
f 5931/5397/5951 5932/5399/5953 5953/5400/5954
f 5931/5397/5951 5953/5400/5954 5933/5401/5955
f 5931/5397/5951 5933/5401/5955 5934/5402/5956
f 5936/5403/5957 5924/5395/5949 5931/5397/5951
f 5936/5403/5957 5931/5397/5951 5935/5404/5958
f 5935/5404/5958 5931/5397/5951 5934/5402/5956
f 5938/5405/5959 5936/5403/5957 5935/5404/5958
f 5935/5404/5958 5934/5402/5956 5940/5406/5960
f 5937/5392/5945 5939/5240/5780 5750/5241/5781
f 5742/5407/5961 5938/5405/5959 5935/5404/5958
f 5742/5407/5961 5935/5404/5958 5738/5408/5962
f 5940/5406/5960 5934/5402/5956 5941/5409/5963
f 5940/5406/5960 5941/5409/5963 5942/5410/5964
f 5942/5410/5964 5941/5409/5963 5943/5411/5965
f 5941/5409/5963 5944/5412/5966 5943/5411/5965
f 5943/5411/5965 5944/5412/5966 5947/5413/5967
f 5943/5411/5965 5947/5413/5967 5945/5414/5968
f 5945/5414/5968 5946/5415/5969 6046/5416/5970
f 5945/5414/5968 5947/5413/5967 5946/5415/5969
f 5947/5413/5967 5949/5417/5971 5946/5415/5969
f 5944/5412/5966 5950/5418/5972 5948/5419/5973
f 5944/5412/5966 5948/5419/5973 5947/5413/5967
f 5947/5413/5967 5948/5419/5973 6071/5420/5974
f 5947/5413/5967 6071/5420/5974 5949/5417/5971
f 5951/5421/5975 5952/5422/5976 5950/5418/5972
f 5951/5421/5975 5950/5418/5972 5944/5412/5966
f 5941/5409/5963 5951/5421/5975 5944/5412/5966
f 5934/5402/5956 5933/5401/5955 5951/5421/5975
f 5934/5402/5956 5951/5421/5975 5941/5409/5963
f 5933/5401/5955 5953/5400/5954 5952/5422/5976
f 5933/5401/5955 5952/5422/5976 5951/5421/5975
f 5953/5400/5954 5955/5423/5977 5954/5424/5978
f 5953/5400/5954 5954/5424/5978 5952/5422/5976
f 5952/5422/5976 5954/5424/5978 5958/5425/5979
f 5952/5422/5976 5958/5425/5979 5950/5418/5972
f 5955/5423/5977 6018/5369/5980 5957/5426/5981
f 5955/5423/5977 5957/5426/5981 5954/5424/5978
f 5954/5424/5978 5957/5426/5981 5960/5427/5982
f 5954/5424/5978 5960/5427/5982 5958/5425/5979
f 5958/5425/5979 5960/5427/5982 5964/5428/5983
f 5958/5425/5979 5964/5428/5983 5961/5429/5984
f 5950/5418/5972 5958/5425/5979 5961/5429/5984
f 5950/5418/5972 5961/5429/5984 5948/5419/5973
f 5948/5419/5973 5961/5429/5984 5962/5430/5985
f 5948/5419/5973 5962/5430/5985 6071/5420/5974
f 5961/5429/5984 5964/5428/5983 5966/5431/5986
f 5961/5429/5984 5966/5431/5986 5962/5430/5985
f 5959/5432/5987 5970/5433/5988 5967/5434/5989
f 5959/5432/5987 5967/5434/5989 5963/5435/5990
f 5963/5435/5990 5967/5434/5989 5969/5436/5991
f 5963/5435/5990 5969/5436/5991 5965/5303/5986
f 5970/5433/5988 5971/5437/5992 5968/5438/5993
f 5970/5433/5988 5968/5438/5993 5967/5434/5989
f 5967/5434/5989 5968/5438/5993 5982/5439/5994
f 5967/5434/5989 5982/5439/5994 5969/5436/5991
f 5972/5440/5995 5974/5441/5996 5971/5437/5992
f 5972/5440/5995 5971/5437/5992 5970/5433/5988
f 5956/5442/5997 5972/5440/5995 5970/5433/5988
f 5956/5442/5997 5970/5433/5988 5959/5432/5987
f 6017/5362/5998 5973/5443/5999 5972/5440/5995
f 6017/5362/5998 5972/5440/5995 5956/5442/5997
f 5973/5443/5999 5975/5444/6000 5974/5441/5996
f 5973/5443/5999 5974/5441/5996 5972/5440/5995
f 5975/5444/6000 5977/5445/6001 5976/5446/6002
f 5975/5444/6000 5976/5446/6002 5974/5441/5996
f 5974/5441/5996 5976/5446/6002 5971/5437/5992
f 5977/5445/6001 5994/5447/6003 5979/5448/6004
f 5977/5445/6001 5979/5448/6004 5976/5446/6002
f 5976/5446/6002 5979/5448/6004 5981/5449/6005
f 5976/5446/6002 5981/5449/6005 5971/5437/5992
f 5971/5437/5992 5981/5449/6005 5984/5450/6006
f 5971/5437/5992 5984/5450/6006 5968/5438/5993
f 5968/5438/5993 5984/5450/6006 5985/5451/6007
f 5968/5438/5993 5985/5451/6007 5982/5439/5994
f 5983/5452/6008 5980/5453/6009 5989/5454/6010
f 5983/5452/6008 5989/5454/6010 5987/5455/6011
f 5986/5456/6012 5983/5452/6008 5987/5455/6011
f 5986/5456/6012 5987/5455/6011 5988/5457/6013
f 5988/5457/6013 5987/5455/6011 5849/5324/6014
f 5988/5457/6013 5849/5324/6014 5846/5323/6015
f 5987/5455/6011 5989/5454/6010 5990/5327/6016
f 5987/5455/6011 5990/5327/6016 5849/5324/6014
f 5980/5453/6009 5978/5458/6017 5992/5459/6018
f 5980/5453/6009 5992/5459/6018 5989/5454/6010
f 5989/5454/6010 5992/5459/6018 5862/5339/6019
f 5989/5454/6010 5862/5339/6019 5990/5327/6016
f 5978/5458/6017 5993/5460/6020 5865/5461/6021
f 5978/5458/6017 5865/5461/6021 5992/5459/6018
f 5992/5459/6018 5865/5461/6021 5862/5339/6019
f 5993/5460/6020 5995/5462/6022 5868/5463/6023
f 5993/5460/6020 5868/5463/6023 5865/5461/6021
f 5996/5464/6024 5995/5462/6025 5994/5447/6003
f 5996/5464/6024 5994/5447/6003 5977/5445/6001
f 5995/5462/6022 6002/5465/6026 5868/5463/6023
f 5998/5466/6027 5995/5462/6025 5996/5464/6024
f 6001/5467/6028 5998/5466/6027 5996/5464/6024
f 6001/5467/6028 5996/5464/6024 5997/5468/6029
f 5997/5468/6029 5996/5464/6024 5977/5445/6001
f 5997/5468/6029 5977/5445/6001 5975/5444/6000
f 5999/5469/6030 6000/5470/6031 5882/5471/6032
f 5999/5469/6030 5882/5471/6032 5879/5472/6033
f 5995/5462/6022 5999/5469/6030 5879/5472/6033
f 5995/5462/6022 5879/5472/6033 6002/5465/6026
f 6000/5470/6031 6005/5473/6034 5884/5474/6035
f 6000/5470/6031 5884/5474/6035 5882/5471/6032
f 5884/5474/6035 6006/5358/6036 6010/5358/6037
f 6005/5473/6034 6008/5475/6038 6006/5358/6036
f 6005/5473/6034 6006/5358/6036 5884/5474/6035
f 6009/5476/6039 6014/5477/6040 5926/5394/5947
f 6009/5476/6039 5926/5394/5947 6007/5367/6041
f 6007/5367/6041 5926/5394/5947 5905/5376/6042
f 6007/5367/6041 5905/5376/6042 6011/5367/6043
f 6014/5477/6040 5929/5393/5946 5926/5394/5947
f 5926/5394/5947 5907/5377/5948 5905/5376/6042
f 5930/5398/5952 6014/5477/6040 6015/5478/6044
f 5930/5398/5952 6015/5478/6044 5932/5399/5953
f 6014/5477/6040 6009/5476/6039 6016/5479/6045
f 6014/5477/6040 6016/5479/6045 6015/5478/6044
f 5932/5399/5953 6015/5478/6044 5955/5423/5977
f 5932/5399/5953 5955/5423/5977 5953/5400/5954
f 6015/5478/6044 6016/5479/6045 6018/5369/5980
f 6015/5478/6044 6018/5369/5980 5955/5423/5977
f 6008/5480/6046 6004/5481/6047 5973/5443/5999
f 6008/5480/6046 5973/5443/5999 6017/5362/5998
f 6004/5481/6047 6001/5467/6028 5997/5468/6029
f 6004/5481/6047 5997/5468/6029 5975/5444/6000
f 6004/5481/6047 5975/5444/6000 5973/5443/5999
f 6019/5482/6048 5986/5456/6012 5988/5457/6013
f 5988/5457/6013 5846/5323/6015 5843/5322/6049
f 6021/5483/6050 5988/5457/6013 5843/5322/6049
f 6022/5484/6051 6019/5482/6048 5988/5457/6013
f 6022/5484/6051 5988/5457/6013 6021/5483/6050
f 6023/5485/6052 6022/5484/6051 6021/5483/6050
f 6023/5485/6052 6021/5483/6050 5835/5314/6053
f 6024/5486/6054 6023/5485/6052 5835/5314/6053
f 6024/5486/6054 5835/5314/6053 5833/5313/6055
f 6025/5487/6056 6022/5484/6051 6023/5485/6052
f 6025/5487/6056 6023/5485/6052 6024/5486/6054
f 5982/5439/5994 5985/5451/6007 6020/5488/6057
f 5982/5439/5994 6020/5488/6057 6022/5484/6051
f 5982/5439/5994 6022/5484/6051 6025/5487/6056
f 5969/5436/5991 5982/5439/5994 6025/5487/6056
f 5969/5436/5991 6025/5487/6056 6026/5489/6058
f 6026/5489/6058 6025/5487/6056 6024/5486/6054
f 6026/5489/6058 6024/5486/6054 6027/5490/6059
f 5965/5303/5986 5969/5436/5991 6026/5489/6058
f 5965/5303/5986 6026/5489/6058 6028/5491/6060
f 6028/5491/6060 6026/5489/6058 6027/5490/6059
f 6028/5491/6060 6027/5490/6059 6030/5307/6061
f 5962/5430/5985 5966/5431/5986 6029/5492/6062
f 5962/5430/5985 6029/5492/6062 6032/5493/6063
f 6032/5493/6063 6029/5492/6062 6031/5297/6064
f 6032/5493/6063 6031/5297/6064 6034/5494/6065
f 6071/5420/5974 5962/5430/5985 6032/5493/6063
f 6071/5420/5974 6032/5493/6063 6033/5495/6066
f 6033/5495/6066 6032/5493/6063 6034/5494/6065
f 6033/5495/6066 6034/5494/6065 6035/5496/6067
f 6035/5496/6067 6034/5494/6065 5816/5295/6068
f 6035/5496/6067 5816/5295/6068 5813/5294/6069
f 6034/5494/6065 6031/5297/6064 6037/5297/6070
f 6034/5494/6065 6037/5297/6070 5816/5295/6068
f 6030/5307/6061 6027/5490/6059 5830/5312/6071
f 6030/5307/6061 5830/5312/6071 6036/5307/6072
f 6027/5490/6059 6024/5486/6054 5833/5313/6055
f 6027/5490/6059 5833/5313/6055 5830/5312/6071
f 6040/5497/6073 6035/5496/6067 5813/5294/6069
f 6040/5497/6073 5813/5294/6069 5811/5293/6074
f 6041/5498/6075 6040/5497/6073 5811/5293/6074
f 6041/5498/6075 5811/5293/6074 6043/5285/6076
f 6041/5498/6075 6043/5285/6076 5802/5499/6077
f 6045/5500/6078 6041/5498/6075 6044/5501/6079
f 6044/5501/6079 6041/5498/6075 5802/5499/6077
f 6046/5416/5970 6047/5502/6080 6041/5498/6075
f 6045/5500/6078 6046/5416/5970 6041/5498/6075
f 5946/5415/5969 6047/5502/6080 6046/5416/5970
f 5946/5415/5969 5949/5417/5971 6047/5502/6080
f 6047/5502/6080 6040/5497/6073 6041/5498/6075
f 5949/5417/5971 6071/5420/5974 6033/5495/6066
f 5949/5417/5971 6033/5495/6066 6047/5502/6080
f 6047/5502/6080 6033/5495/6066 6035/5496/6067
f 6047/5502/6080 6035/5496/6067 6040/5497/6073
f 6052/5503/6081 6046/5416/5970 6045/5500/6078
f 6052/5503/6081 6045/5500/6078 6048/5504/6082
f 6048/5504/6082 6045/5500/6078 6050/5505/6083
f 6049/5506/6084 6050/5505/6083 6054/5507/6085
f 6049/5506/6084 6054/5507/6085 5791/5508/6086
f 6051/5509/6087 6049/5506/6084 5791/5508/6086
f 6051/5509/6087 5791/5508/6086 6053/5510/6088
f 6053/5510/6088 5791/5508/6086 5788/5272/6089
f 6050/5505/6083 6045/5500/6078 6044/5501/6079
f 6050/5505/6083 6044/5501/6079 6054/5507/6085
f 6054/5507/6085 6044/5501/6079 5800/5282/6090
f 6044/5501/6079 5802/5499/6077 5800/5282/6090
f 6057/5511/6091 6051/5509/6087 6053/5510/6088
f 6057/5511/6091 6053/5510/6088 6055/5512/6092
f 6055/5512/6092 6053/5510/6088 5788/5272/6089
f 6055/5512/6092 5788/5272/6089 5785/5271/6093
f 6058/5513/6094 6055/5512/6092 5785/5271/6093
f 6058/5513/6094 5785/5271/6093 6062/5262/6095
f 6060/5514/6096 6057/5511/6091 6055/5512/6092
f 6060/5514/6096 6055/5512/6092 6059/5513/6097
f 6068/5515/6098 6060/5514/6096 6059/5513/6097
f 6068/5515/6098 6059/5513/6097 6064/5516/6099
f 6063/5516/6100 6058/5513/6094 6062/5262/6095
f 6063/5516/6100 6062/5262/6095 5773/5259/6101
f 6070/5517/6102 6068/5515/6098 6064/5516/6099
f 6070/5517/6102 6064/5516/6099 6066/5518/6103
f 6065/5518/6104 6063/5516/6100 5773/5259/6101
f 6065/5518/6104 5773/5259/6101 5769/5258/6105
f 6067/5519/6106 5942/5410/5964 6060/5520/6107
f 6069/5521/6108 5940/5406/5960 5942/5410/5964
f 6069/5521/6108 5942/5410/5964 6067/5519/6106
f 5942/5410/5964 5943/5411/5965 6060/5520/6107
f 6060/5520/6107 5943/5411/5965 5945/5414/5968
f 6060/5520/6107 5945/5414/5968 6056/5522/6109
f 6056/5522/6109 5945/5414/5968 6046/5416/5970
f 6056/5522/6109 6046/5416/5970 6052/5503/6081
f 5740/5523/6110 5738/5408/5962 5940/5406/5960
f 5740/5523/6110 5940/5406/5960 6069/5521/6108
f 5738/5408/5962 5935/5404/5958 5940/5406/5960
f 5739/5232/5771 6070/5517/6102 6066/5518/6103
f 5739/5232/5771 6066/5518/6103 5748/5233/5772
f 5747/5233/5777 6065/5518/6104 5769/5258/6105
f 5747/5233/5777 5769/5258/6105 5766/5238/5778
f 5762/5255/5797 5778/5265/5809 6072/5524/6111
f 5762/5255/5797 6072/5524/6111 5916/5385/5935
f 5778/5265/5809 5779/5266/5810 6072/5524/6111
f 6072/5524/6111 5779/5266/5810 6073/5525/6112
f 5916/5385/5935 6072/5524/6111 6074/5526/6113
f 5916/5385/5935 6074/5526/6113 5914/5372/5919
f 6072/5524/6111 6073/5525/6112 6074/5526/6113
f 5914/5372/5919 6074/5526/6113 6075/5527/6114
f 6074/5526/6113 6073/5525/6112 6076/5528/6115
f 6074/5526/6113 6076/5528/6115 6075/5527/6114
f 6073/5525/6112 6077/5529/6116 6078/5530/6117
f 6073/5525/6112 6078/5530/6117 6076/5528/6115
f 6077/5529/6116 5807/5289/5834 6079/5291/5836
f 6077/5529/6116 6079/5291/5836 6078/5530/6117
f 5779/5266/5810 5780/5267/5811 6077/5529/6116
f 5779/5266/5810 6077/5529/6116 6073/5525/6112
f 5780/5267/5811 5781/5270/5814 5807/5289/5834
f 5780/5267/5811 5807/5289/5834 6077/5529/6116
f 6078/5530/6117 6079/5291/5836 5821/5301/5846
f 6078/5530/6117 5821/5301/5846 6080/5531/6118
f 6076/5528/6115 6078/5530/6117 6080/5531/6118
f 6076/5528/6115 6080/5531/6118 6083/5532/6119
f 6080/5531/6118 5821/5301/5846 5825/5302/5847
f 6080/5531/6118 5825/5302/5847 6082/5428/6120
f 6083/5532/6119 6080/5531/6118 6082/5428/6120
f 6083/5532/6119 6082/5428/6120 6085/5427/6121
f 6086/5533/6122 6083/5532/6119 6085/5427/6121
f 6086/5533/6122 6085/5427/6121 6088/5426/6123
f 6075/5527/6114 6076/5528/6115 6083/5532/6119
f 6075/5527/6114 6083/5532/6119 6086/5533/6122
f 5914/5372/5919 6075/5527/6114 6086/5533/6122
f 5914/5372/5919 6086/5533/6122 5899/5368/5915
f 5899/5368/5915 6086/5533/6122 6088/5426/6123
f 5899/5368/5915 6088/5426/6123 5896/5369/5916
f 5895/5362/5909 6087/5442/6124 6089/5534/6125
f 5895/5362/5909 6089/5534/6125 5892/5363/5910
f 6087/5442/6124 6084/5432/6126 6090/5535/6127
f 6087/5442/6124 6090/5535/6127 6089/5534/6125
f 5892/5363/5910 6089/5534/6125 5857/5333/5879
f 5892/5363/5910 5857/5333/5879 5858/5334/5880
f 6089/5534/6125 6090/5535/6127 5855/5330/5876
f 6089/5534/6125 5855/5330/5876 5857/5333/5879
f 6090/5535/6127 6091/5536/6128 5854/5331/5877
f 6090/5535/6127 5854/5331/5877 5855/5330/5876
f 6084/5432/6126 6081/5435/6129 6091/5536/6128
f 6084/5432/6126 6091/5536/6128 6090/5535/6127
f 6081/5435/6129 5824/5303/5848 5827/5306/5851
f 6081/5435/6129 5827/5306/5851 6091/5536/6128
f 6091/5536/6128 5827/5306/5851 5854/5331/5877
f 6092/5537/6130 6094/5538/6131 6102/5539/6132
f 6092/5537/6130 6102/5539/6132 6098/5540/6133
f 6092/5537/6134 6095/5541/6135 6093/5542/6136
f 6096/5543/6137 6092/5537/6130 6098/5540/6133
f 6096/5543/6137 6098/5540/6133 6103/5544/6138
f 6103/5544/6138 6097/5540/6139 6100/5545/6140
f 6103/5544/6138 6100/5545/6140 6106/5546/6141
f 6097/5540/6139 6101/5539/6142 6121/5547/6143
f 6097/5540/6139 6121/5547/6143 6100/5545/6140
f 6289/5548/6144 6096/5543/6137 6103/5544/6138
f 6289/5548/6144 6103/5544/6138 6104/5549/6145
f 6104/5549/6145 6103/5544/6138 6106/5546/6141
f 6104/5549/6145 6106/5546/6141 6108/5550/6146
f 6107/5550/6147 6105/5546/6148 6109/5551/6149
f 6107/5550/6147 6109/5551/6149 6110/5552/6150
f 6105/5546/6148 6099/5545/6151 6109/5551/6149
f 6110/5552/6150 6109/5551/6149 6111/5553/6152
f 6110/5552/6150 6111/5553/6152 6114/5554/6153
f 6109/5551/6149 6112/5555/6154 6111/5553/6152
f 6113/5556/6155 6116/5557/6156 6111/5553/6157
f 6111/5553/6157 6116/5557/6156 6115/5558/6158
f 6116/5557/6156 6117/5559/6159 6275/5560/6160
f 6118/5561/6161 6123/5562/6162 6117/5559/6159
f 6118/5561/6161 6117/5559/6159 6116/5557/6156
f 6109/5551/6149 6118/5561/6161 6116/5557/6156
f 6109/5551/6149 6116/5557/6156 6112/5555/6154
f 6099/5545/6151 6120/5547/6163 6119/5561/6164
f 6099/5545/6151 6119/5561/6164 6109/5551/6149
f 6120/5547/6163 6124/5563/6165 6122/5562/6166
f 6120/5547/6163 6122/5562/6166 6119/5561/6164
f 6124/5563/6165 6127/5564/6167 6126/5565/6168
f 6124/5563/6165 6126/5565/6168 6122/5562/6166
f 6123/5562/6162 6126/5565/6168 6130/5566/6169
f 6123/5562/6162 6130/5566/6169 6117/5559/6159
f 6127/5564/6167 6404/5567/6170 6129/5568/6171
f 6127/5564/6167 6129/5568/6171 6126/5565/6168
f 6126/5565/6168 6129/5568/6171 6131/5569/6172
f 6126/5565/6168 6131/5569/6172 6130/5566/6169
f 6117/5559/6159 6130/5566/6169 6132/5570/6173
f 6117/5559/6159 6132/5570/6173 6275/5560/6160
f 6130/5566/6169 6131/5569/6172 6133/5571/6174
f 6130/5566/6169 6133/5571/6174 6132/5570/6173
f 6131/5569/6172 6134/5572/6175 6136/5573/6176
f 6131/5569/6172 6136/5573/6176 6133/5571/6174
f 6134/5572/6175 6135/5574/6177 6161/5575/6178
f 6134/5572/6175 6161/5575/6178 6136/5573/6176
f 6137/5576/6179 6140/5577/6180 6135/5574/6177
f 6137/5576/6179 6135/5574/6177 6134/5572/6175
f 6129/5568/6171 6137/5576/6179 6134/5572/6175
f 6129/5568/6171 6134/5572/6175 6131/5569/6172
f 6404/5567/6170 6138/5578/6181 6137/5576/6179
f 6404/5567/6170 6137/5576/6179 6129/5568/6171
f 6138/5578/6181 6141/5579/6182 6140/5577/6180
f 6138/5578/6181 6140/5577/6180 6137/5576/6179
f 6141/5579/6182 6144/5580/6183 6143/5581/6184
f 6141/5579/6182 6143/5581/6184 6140/5577/6180
f 6140/5577/6180 6143/5581/6184 6147/5582/6185
f 6140/5577/6180 6147/5582/6185 6135/5574/6177
f 6144/5580/6183 6146/5583/6186 6143/5581/6184
f 6143/5581/6184 6146/5583/6186 6148/5584/6187
f 6143/5581/6184 6148/5584/6187 6147/5582/6185
f 6147/5582/6185 6149/5585/6188 6151/5586/6189
f 6135/5574/6177 6147/5582/6185 6150/5587/6190
f 6135/5574/6177 6150/5587/6190 6161/5575/6178
f 6147/5582/6185 6151/5586/6189 6150/5587/6190
f 6146/5583/6186 6152/5588/6191 6151/5586/6189
f 6146/5583/6186 6151/5586/6189 6148/5584/6187
f 6146/5583/6186 6153/5589/6192 6152/5588/6191
f 6153/5589/6192 6155/5590/6193 6152/5588/6191
f 6155/5590/6193 6158/5591/6194 6157/5592/6195
f 6155/5590/6193 6157/5592/6195 6152/5588/6191
f 6152/5588/6191 6157/5592/6195 6160/5593/6196
f 6152/5588/6191 6160/5593/6196 6151/5586/6189
f 6158/5591/6194 6387/5594/6197 6157/5592/6195
f 6150/5587/6190 6160/5593/6196 6162/5595/6198
f 6150/5587/6190 6151/5586/6189 6160/5593/6196
f 6161/5575/6178 6150/5587/6190 6162/5595/6198
f 6162/5595/6198 6163/5596/6199 6164/5597/6200
f 6162/5595/6198 6160/5593/6196 6163/5596/6199
f 6164/5597/6200 6163/5596/6199 6165/5598/6201
f 6164/5597/6200 6165/5598/6201 6418/5599/6202
f 6166/5600/6203 6169/5601/6204 6165/5598/6201
f 6166/5600/6203 6165/5598/6201 6163/5596/6199
f 6157/5592/6195 6166/5600/6203 6163/5596/6199
f 6157/5592/6195 6163/5596/6199 6160/5593/6196
f 6387/5594/6197 6167/5602/6205 6166/5600/6203
f 6387/5594/6197 6166/5600/6203 6157/5592/6195
f 6167/5602/6205 6170/5603/6206 6169/5601/6204
f 6167/5602/6205 6169/5601/6204 6166/5600/6203
f 6170/5603/6206 6173/5604/6207 6172/5605/6208
f 6170/5603/6206 6172/5605/6208 6169/5601/6204
f 6169/5601/6204 6172/5605/6208 6177/5606/6209
f 6169/5601/6204 6177/5606/6209 6165/5598/6201
f 6173/5604/6207 6381/5607/6210 6176/5608/6211
f 6173/5604/6207 6176/5608/6211 6172/5605/6208
f 6172/5605/6208 6176/5608/6211 6177/5606/6209
f 6177/5606/6209 6176/5608/6211 6180/5609/6212
f 6418/5599/6202 6165/5598/6201 6177/5606/6209
f 6418/5599/6202 6177/5606/6209 6179/5610/6213
f 6179/5610/6213 6177/5606/6209 6180/5609/6212
f 6179/5610/6213 6180/5609/6212 6182/5611/6214
f 6181/5612/6215 6178/5613/6216 6183/5614/6217
f 6181/5612/6215 6183/5614/6217 6184/5615/6218
f 6178/5613/6216 6186/5616/6219 6183/5614/6217
f 6184/5615/6218 6183/5614/6217 6185/5617/6220
f 6184/5615/6218 6185/5617/6220 6433/5618/6221
f 6183/5614/6217 6186/5616/6219 6187/5619/6222
f 6183/5614/6217 6187/5619/6222 6185/5617/6220
f 6186/5616/6219 6190/5620/6223 6187/5619/6222
f 6175/5621/6224 6186/5616/6219 6178/5613/6216
f 6380/5621/6225 6188/5622/6226 6186/5616/6219
f 6380/5621/6225 6186/5616/6219 6175/5621/6224
f 6188/5622/6226 6191/5623/6227 6190/5620/6223
f 6188/5622/6226 6190/5620/6223 6186/5616/6219
f 6191/5623/6227 6193/5624/6228 6190/5620/6223
f 6193/5624/6228 6195/5625/6229 6190/5620/6223
f 6190/5620/6223 6195/5625/6229 6196/5626/6230
f 6190/5620/6223 6196/5626/6230 6187/5619/6222
f 6185/5617/6220 6187/5619/6222 6197/5627/6231
f 6185/5617/6220 6197/5627/6231 6199/5628/6232
f 6433/5618/6221 6185/5617/6220 6198/5629/6233
f 6198/5629/6233 6185/5617/6220 6199/5628/6232
f 6198/5629/6233 6199/5628/6232 6200/5630/6234
f 6201/5631/6235 6204/5632/6236 6200/5630/6234
f 6201/5631/6235 6200/5630/6234 6199/5628/6232
f 6195/5625/6229 6201/5631/6235 6199/5628/6232
f 6195/5625/6229 6199/5628/6232 6196/5626/6230
f 6195/5625/6229 6202/5633/6237 6201/5631/6235
f 6202/5633/6237 6205/5634/6238 6204/5632/6236
f 6202/5633/6237 6204/5632/6236 6201/5631/6235
f 6205/5634/6238 6208/5635/6239 6207/5636/6240
f 6205/5634/6238 6207/5636/6240 6204/5632/6236
f 6204/5632/6236 6207/5636/6240 6211/5637/6241
f 6204/5632/6236 6211/5637/6241 6200/5630/6234
f 6208/5635/6239 6336/5638/6242 6210/5639/6243
f 6208/5635/6239 6210/5639/6243 6207/5636/6240
f 6207/5636/6240 6210/5639/6243 6212/5640/6244
f 6207/5636/6240 6212/5640/6244 6211/5637/6241
f 6215/5641/6245 6213/5642/6246 6211/5637/6241
f 6215/5641/6245 6211/5637/6241 6212/5640/6244
f 6213/5642/6246 6198/5629/6233 6200/5630/6234
f 6213/5642/6246 6200/5630/6234 6211/5637/6241
f 6216/5643/6247 6214/5644/6248 6213/5642/6246
f 6216/5643/6247 6213/5642/6246 6215/5641/6245
f 6214/5644/6248 6433/5618/6221 6198/5629/6233
f 6214/5644/6248 6198/5629/6233 6213/5642/6246
f 6217/5645/6249 6215/5641/6245 6212/5640/6244
f 6218/5646/6250 6216/5643/6247 6215/5641/6245
f 6218/5646/6250 6215/5641/6245 6217/5645/6249
f 6432/5647/6251 6218/5646/6250 6217/5645/6249
f 6432/5647/6251 6217/5645/6249 6219/5648/6252
f 6219/5648/6252 6217/5645/6249 6222/5649/6253
f 6223/5650/6254 6227/5651/6255 6221/5652/6256
f 6223/5650/6254 6221/5652/6256 6220/5653/6257
f 6210/5639/6243 6223/5650/6254 6220/5653/6257
f 6210/5639/6243 6220/5653/6257 6212/5640/6244
f 6336/5638/6242 6224/5654/6258 6223/5650/6254
f 6336/5638/6242 6223/5650/6254 6210/5639/6243
f 6224/5654/6258 6228/5655/6259 6226/5656/6260
f 6224/5654/6258 6226/5656/6260 6223/5650/6254
f 6228/5655/6259 6230/5657/6261 6227/5651/6255
f 6228/5655/6259 6227/5651/6255 6226/5656/6260
f 6227/5651/6255 6232/5658/6262 6221/5652/6256
f 6227/5651/6255 6230/5657/6261 6233/5659/6263
f 6227/5651/6255 6233/5659/6263 6232/5658/6262
f 6237/5660/6264 6235/5661/6265 6232/5658/6266
f 6237/5660/6264 6232/5658/6266 6234/5662/6267
f 6235/5661/6265 6219/5648/6252 6222/5649/6253
f 6235/5661/6265 6222/5649/6253 6232/5658/6266
f 6238/5663/6268 6236/5664/6269 6235/5661/6265
f 6238/5663/6268 6235/5661/6265 6237/5660/6264
f 6236/5664/6269 6432/5647/6251 6219/5648/6252
f 6236/5664/6269 6219/5648/6252 6235/5661/6265
f 6239/5665/6270 6241/5666/6271 6238/5663/6268
f 6239/5665/6270 6238/5663/6268 6237/5660/6264
f 6230/5657/6261 6239/5665/6270 6237/5660/6264
f 6230/5657/6261 6237/5660/6264 6233/5659/6263
f 6239/5665/6270 6242/5667/6272 6241/5666/6271
f 6242/5667/6272 6244/5668/6273 6241/5666/6271
f 6241/5666/6271 6249/5669/6274 6238/5663/6268
f 6244/5668/6273 6246/5670/6275 6241/5666/6271
f 6241/5666/6271 6246/5670/6275 6250/5671/6276
f 6241/5666/6271 6250/5671/6276 6249/5669/6274
f 6250/5671/6277 6254/5672/6278 6252/5673/6279
f 6250/5671/6277 6252/5673/6279 6248/5674/6280
f 6248/5674/6280 6252/5673/6279 6236/5664/6269
f 6248/5674/6280 6236/5664/6269 6238/5663/6268
f 6254/5672/6278 6253/5675/6281 6252/5673/6279
f 6252/5673/6279 6253/5675/6281 6432/5647/6251
f 6252/5673/6279 6432/5647/6251 6236/5664/6269
f 6260/5676/6282 6257/5677/6283 6255/5678/6284
f 6260/5676/6282 6255/5678/6284 6251/5679/6285
f 6257/5677/6283 6256/5680/6286 6255/5678/6284
f 6261/5681/6287 6258/5682/6288 6257/5677/6283
f 6261/5681/6287 6257/5677/6283 6260/5676/6282
f 6258/5682/6288 6431/5683/6289 6257/5677/6283
f 6262/5684/6290 6261/5681/6291 6259/5685/6292
f 6247/5679/6293 6262/5684/6290 6259/5685/6292
f 6247/5679/6293 6259/5685/6292 6251/5679/6294
f 6247/5679/6293 6263/5686/6295 6262/5684/6290
f 6263/5686/6295 6265/5687/6296 6262/5684/6290
f 6265/5687/6296 6268/5688/6297 6267/5689/6298
f 6265/5687/6296 6267/5689/6298 6262/5684/6290
f 6262/5684/6290 6267/5689/6298 6270/5690/6299
f 6262/5684/6290 6270/5690/6299 6261/5681/6291
f 6268/5688/6297 6280/5691/6300 6267/5689/6298
f 6267/5689/6298 6272/5692/6301 6270/5690/6299
f 6272/5692/6302 6274/5693/6303 6258/5682/6288
f 6272/5692/6302 6258/5682/6288 6271/5694/6304
f 6271/5694/6304 6258/5682/6288 6261/5681/6287
f 6274/5693/6303 6273/5695/6305 6258/5682/6288
f 6258/5682/6288 6273/5695/6305 6431/5683/6289
f 6276/5696/6306 6274/5693/6303 6272/5692/6302
f 6274/5693/6303 6275/5560/6160 6273/5695/6305
f 6115/5558/6158 6116/5557/6156 6274/5693/6303
f 6115/5558/6158 6274/5693/6303 6276/5696/6306
f 6116/5557/6156 6275/5560/6160 6274/5693/6303
f 6110/5552/6150 6114/5554/6153 6277/5697/6307
f 6267/5689/6298 6110/5552/6150 6277/5697/6307
f 6267/5689/6298 6277/5697/6307 6272/5692/6301
f 6280/5691/6300 6278/5698/6308 6110/5552/6150
f 6280/5691/6300 6110/5552/6150 6267/5689/6298
f 6278/5698/6308 6107/5550/6147 6110/5552/6150
f 6282/5699/6309 6104/5549/6145 6279/5698/6310
f 6282/5699/6309 6279/5698/6310 6281/5691/6311
f 6104/5549/6145 6108/5550/6146 6279/5698/6310
f 6282/5699/6309 6281/5691/6311 6269/5688/6312
f 6283/5700/6313 6290/5701/6314 6104/5549/6145
f 6283/5700/6313 6104/5549/6145 6282/5699/6309
f 6285/5702/6315 6282/5699/6309 6284/5703/6316
f 6284/5703/6316 6282/5699/6309 6269/5688/6312
f 6284/5703/6316 6269/5688/6312 6266/5687/6317
f 6282/5699/6309 6285/5702/6315 6283/5700/6313
f 6283/5700/6313 6285/5702/6315 6301/5704/6318
f 6283/5700/6313 6301/5704/6318 6286/5705/6319
f 6287/5706/6320 6283/5700/6313 6286/5705/6319
f 6287/5706/6320 6286/5705/6319 6288/5707/6321
f 6289/5548/6322 6287/5706/6320 6288/5707/6321
f 6095/5541/6135 6289/5548/6322 6288/5707/6321
f 6290/5701/6314 6289/5548/6144 6104/5549/6145
f 6095/5541/6135 6288/5707/6321 6291/5708/6323
f 6288/5707/6321 6292/5709/6324 6291/5708/6323
f 6291/5708/6323 6292/5709/6324 6294/5710/6325
f 6291/5708/6323 6294/5710/6325 6293/5711/6326
f 6293/5711/6326 6294/5710/6325 6297/5712/6327
f 6293/5711/6326 6297/5712/6327 6295/5713/6328
f 6295/5713/6328 6297/5712/6327 6296/5714/6329
f 6294/5710/6325 6298/5715/6330 6297/5712/6327
f 6294/5710/6325 6300/5716/6331 6299/5717/6332
f 6294/5710/6325 6299/5717/6332 6298/5715/6330
f 6292/5709/6324 6301/5704/6318 6300/5716/6331
f 6292/5709/6324 6300/5716/6331 6294/5710/6325
f 6288/5707/6321 6286/5705/6319 6292/5709/6324
f 6286/5705/6319 6301/5704/6318 6292/5709/6324
f 6301/5704/6318 6302/5718/6333 6305/5719/6334
f 6301/5704/6318 6305/5719/6334 6300/5716/6331
f 6302/5718/6333 6361/5680/6335 6304/5720/6336
f 6302/5718/6333 6304/5720/6336 6307/5721/6337
f 6302/5718/6333 6307/5721/6337 6305/5719/6334
f 6305/5719/6334 6307/5721/6337 6310/5722/6338
f 6305/5719/6334 6310/5722/6338 6308/5723/6339
f 6300/5716/6331 6305/5719/6334 6308/5723/6339
f 6300/5716/6331 6308/5723/6339 6299/5717/6332
f 6308/5723/6339 6310/5722/6338 6312/5611/6340
f 6306/5724/6341 6316/5725/6342 6313/5726/6343
f 6306/5724/6341 6313/5726/6343 6309/5727/6344
f 6309/5727/6344 6313/5726/6343 6315/5728/6345
f 6309/5727/6344 6315/5728/6345 6311/5729/6346
f 6316/5725/6342 6317/5730/6347 6314/5731/6348
f 6316/5725/6342 6314/5731/6348 6313/5726/6343
f 6313/5726/6343 6314/5731/6348 6370/5732/6349
f 6313/5726/6343 6370/5732/6349 6315/5728/6345
f 6318/5733/6350 6320/5734/6351 6317/5730/6347
f 6318/5733/6350 6317/5730/6347 6316/5725/6342
f 6303/5735/6352 6318/5733/6350 6316/5725/6342
f 6303/5735/6352 6316/5725/6342 6306/5724/6341
f 6359/5736/6353 6319/5737/6354 6318/5733/6350
f 6359/5736/6353 6318/5733/6350 6303/5735/6352
f 6319/5737/6354 6321/5738/6355 6320/5734/6351
f 6319/5737/6354 6320/5734/6351 6318/5733/6350
f 6321/5738/6355 6323/5739/6356 6322/5740/6357
f 6321/5738/6355 6322/5740/6357 6320/5734/6351
f 6320/5734/6351 6322/5740/6357 6325/5741/6358
f 6320/5734/6351 6325/5741/6358 6317/5730/6347
f 6323/5739/6356 6340/5742/6359 6324/5743/6360
f 6323/5739/6356 6324/5743/6360 6322/5740/6357
f 6322/5740/6357 6324/5743/6360 6326/5744/6361
f 6322/5740/6357 6326/5744/6361 6325/5741/6358
f 6325/5741/6358 6326/5744/6361 6329/5745/6362
f 6325/5741/6358 6329/5745/6362 6327/5746/6363
f 6317/5730/6347 6325/5741/6358 6327/5746/6363
f 6317/5730/6347 6327/5746/6363 6314/5731/6348
f 6314/5731/6348 6327/5746/6363 6328/5747/6364
f 6314/5731/6348 6328/5747/6364 6370/5732/6349
f 6327/5746/6363 6329/5745/6362 6331/5748/6365
f 6327/5746/6363 6331/5748/6365 6328/5747/6364
f 6330/5749/6366 6326/5744/6361 6335/5750/6367
f 6330/5749/6366 6335/5750/6367 6333/5751/6368
f 6332/5752/6369 6330/5749/6366 6333/5751/6368
f 6332/5752/6369 6333/5751/6368 6334/5753/6370
f 6334/5753/6370 6333/5751/6368 6209/5635/6371
f 6334/5753/6370 6209/5635/6371 6206/5634/6372
f 6333/5751/6368 6335/5750/6367 6337/5638/6373
f 6333/5751/6368 6337/5638/6373 6209/5635/6371
f 6326/5744/6361 6324/5743/6360 6338/5754/6374
f 6326/5744/6361 6338/5754/6374 6335/5750/6367
f 6335/5750/6367 6338/5754/6374 6225/5654/6375
f 6335/5750/6367 6225/5654/6375 6337/5638/6373
f 6324/5743/6360 6339/5755/6376 6229/5756/6377
f 6324/5743/6360 6229/5756/6377 6338/5754/6374
f 6338/5754/6374 6229/5756/6377 6225/5654/6375
f 6339/5755/6376 6341/5757/6378 6231/5758/6379
f 6339/5755/6376 6231/5758/6379 6229/5756/6377
f 6343/5759/6380 6340/5742/6359 6323/5739/6356
f 6341/5757/6378 6342/5760/6381 6348/5761/6382
f 6341/5757/6378 6348/5761/6382 6231/5758/6379
f 6345/5762/6383 6342/5760/6381 6340/5742/6359
f 6345/5762/6383 6340/5742/6359 6343/5759/6380
f 6346/5763/6384 6345/5762/6383 6343/5759/6380
f 6346/5763/6384 6343/5759/6380 6344/5764/6385
f 6344/5764/6385 6343/5759/6380 6323/5739/6356
f 6344/5764/6385 6323/5739/6356 6321/5738/6355
f 6345/5762/6383 6346/5763/6384 6347/5765/6386
f 6345/5762/6383 6347/5765/6386 6240/5766/6387
f 6342/5760/6381 6345/5762/6383 6240/5766/6387
f 6342/5760/6381 6240/5766/6387 6348/5761/6382
f 6240/5766/6387 6347/5765/6386 6243/5667/6388
f 6346/5763/6384 6350/5767/6389 6349/5768/6390
f 6346/5763/6384 6349/5768/6390 6347/5765/6386
f 6347/5765/6386 6349/5768/6390 6245/5668/6391
f 6347/5765/6386 6245/5668/6391 6243/5667/6388
f 6349/5768/6390 6351/5670/6392 6355/5670/6393
f 6349/5768/6390 6355/5670/6393 6245/5668/6391
f 6350/5767/6389 6353/5769/6394 6351/5670/6392
f 6350/5767/6389 6351/5670/6392 6349/5768/6390
f 6354/5770/6395 6357/5771/6396 6284/5703/6316
f 6354/5770/6395 6284/5703/6316 6352/5679/6397
f 6352/5679/6397 6284/5703/6316 6264/5686/6398
f 6352/5679/6397 6264/5686/6398 6356/5679/6393
f 6357/5771/6396 6285/5702/6315 6284/5703/6316
f 6284/5703/6316 6266/5687/6317 6264/5686/6398
f 6358/5772/6399 6354/5770/6400 6360/5773/6401
f 6285/5702/6315 6358/5772/6399 6302/5718/6333
f 6285/5702/6315 6302/5718/6333 6301/5704/6318
f 6358/5772/6399 6360/5773/6401 6361/5680/6335
f 6358/5772/6399 6361/5680/6335 6302/5718/6333
f 6353/5769/6394 6350/5767/6389 6362/5774/6402
f 6353/5769/6394 6362/5774/6402 6359/5736/6353
f 6359/5736/6353 6362/5774/6402 6319/5737/6354
f 6350/5767/6389 6346/5763/6384 6344/5764/6385
f 6350/5767/6389 6344/5764/6385 6362/5774/6402
f 6362/5774/6402 6344/5764/6385 6321/5738/6355
f 6362/5774/6402 6321/5738/6355 6319/5737/6354
f 6364/5775/6403 6332/5752/6369 6334/5753/6370
f 6364/5775/6403 6334/5753/6370 6363/5776/6404
f 6363/5776/6404 6334/5753/6370 6206/5634/6372
f 6363/5776/6404 6206/5634/6372 6203/5633/6405
f 6365/5777/6406 6363/5776/6404 6203/5633/6405
f 6365/5777/6406 6203/5633/6405 6366/5778/6407
f 6365/5777/6406 6364/5775/6403 6363/5776/6404
f 6367/5779/6408 6365/5777/6406 6366/5778/6407
f 6367/5779/6408 6366/5778/6407 6194/5624/6409
f 6368/5780/6410 6367/5779/6408 6194/5624/6409
f 6368/5780/6410 6194/5624/6409 6192/5623/6411
f 6364/5775/6403 6365/5777/6406 6367/5779/6408
f 6369/5781/6412 6364/5775/6403 6367/5779/6408
f 6369/5781/6412 6367/5779/6408 6368/5780/6410
f 6328/5747/6364 6331/5748/6365 6364/5775/6403
f 6370/5732/6349 6328/5747/6364 6364/5775/6403
f 6370/5732/6349 6364/5775/6403 6369/5781/6412
f 6315/5728/6345 6370/5732/6349 6369/5781/6412
f 6315/5728/6345 6369/5781/6412 6371/5782/6413
f 6371/5782/6413 6369/5781/6412 6368/5780/6410
f 6371/5782/6413 6368/5780/6410 6372/5783/6414
f 6311/5729/6346 6315/5728/6345 6371/5782/6413
f 6311/5729/6346 6371/5782/6413 6373/5784/6415
f 6373/5784/6415 6371/5782/6413 6372/5783/6414
f 6373/5784/6415 6372/5783/6414 6375/5785/6416
f 6308/5723/6339 6312/5611/6340 6374/5609/6417
f 6308/5723/6339 6374/5609/6417 6377/5786/6418
f 6377/5786/6418 6374/5609/6417 6376/5787/6419
f 6299/5717/6332 6308/5723/6339 6377/5786/6418
f 6299/5717/6332 6377/5786/6418 6378/5788/6420
f 6378/5788/6420 6377/5786/6418 6174/5604/6421
f 6378/5788/6420 6174/5604/6421 6171/5603/6422
f 6377/5786/6418 6376/5787/6419 6383/5607/6423
f 6377/5786/6418 6383/5607/6423 6174/5604/6421
f 6375/5785/6416 6372/5783/6414 6379/5621/6424
f 6379/5621/6424 6372/5783/6414 6189/5622/6425
f 6379/5621/6424 6189/5622/6425 6382/5621/6426
f 6372/5783/6414 6368/5780/6410 6192/5623/6411
f 6372/5783/6414 6192/5623/6411 6189/5622/6425
f 6384/5789/6427 6378/5788/6420 6171/5603/6422
f 6384/5789/6427 6171/5603/6422 6168/5602/6428
f 6385/5790/6429 6384/5789/6427 6168/5602/6428
f 6385/5790/6429 6168/5602/6428 6388/5594/6430
f 6386/5791/6431 6384/5789/6427 6385/5790/6429
f 6385/5790/6429 6388/5594/6430 6159/5591/6432
f 6390/5792/6433 6385/5790/6429 6389/5793/6434
f 6389/5793/6434 6385/5790/6429 6159/5591/6432
f 6389/5793/6434 6159/5591/6432 6156/5590/6435
f 6296/5714/6329 6386/5791/6431 6385/5790/6429
f 6390/5792/6433 6296/5714/6329 6385/5790/6429
f 6296/5714/6329 6297/5712/6327 6386/5791/6431
f 6297/5712/6327 6298/5715/6330 6384/5789/6427
f 6297/5712/6327 6384/5789/6427 6386/5791/6431
f 6298/5715/6330 6299/5717/6332 6378/5788/6420
f 6298/5715/6330 6378/5788/6420 6384/5789/6427
f 6394/5794/6436 6390/5792/6433 6392/5795/6437
f 6392/5795/6437 6390/5792/6433 6393/5796/6438
f 6391/5797/6439 6393/5796/6438 6398/5798/6440
f 6391/5797/6439 6398/5798/6440 6396/5799/6441
f 6395/5800/6442 6391/5797/6439 6396/5799/6441
f 6395/5800/6442 6396/5799/6441 6397/5801/6443
f 6397/5801/6443 6396/5799/6441 6145/5580/6444
f 6397/5801/6443 6145/5580/6444 6142/5579/6445
f 6396/5799/6441 6398/5798/6440 6145/5580/6444
f 6398/5798/6440 6393/5796/6438 6154/5589/6446
f 6390/5792/6433 6389/5793/6434 6393/5796/6438
f 6393/5796/6438 6389/5793/6434 6156/5590/6435
f 6393/5796/6438 6156/5590/6435 6154/5589/6446
f 6400/5802/6447 6395/5800/6442 6397/5801/6443
f 6400/5802/6447 6397/5801/6443 6399/5803/6448
f 6399/5803/6448 6397/5801/6443 6142/5579/6445
f 6399/5803/6448 6142/5579/6445 6139/5578/6449
f 6402/5804/6450 6399/5803/6448 6139/5578/6449
f 6402/5804/6450 6139/5578/6449 6405/5567/6451
f 6403/5805/6452 6400/5802/6447 6399/5803/6448
f 6403/5805/6452 6399/5803/6448 6402/5804/6450
f 6403/5805/6452 6402/5804/6450 6406/5806/6453
f 6406/5806/6453 6402/5804/6450 6405/5567/6451
f 6406/5806/6453 6405/5567/6451 6128/5564/6454
f 6409/5807/6455 6403/5805/6452 6406/5806/6453
f 6409/5807/6455 6406/5806/6453 6408/5808/6456
f 6407/5808/6457 6406/5806/6453 6128/5564/6454
f 6407/5808/6457 6128/5564/6454 6125/5563/6458
f 6410/5809/6459 6093/5542/6136 6411/5810/6460
f 6410/5809/6459 6411/5810/6460 6403/5805/6461
f 6093/5542/6136 6095/5541/6135 6291/5708/6323
f 6093/5542/6136 6291/5708/6323 6411/5810/6460
f 6411/5810/6460 6291/5708/6323 6293/5711/6326
f 6411/5810/6460 6293/5711/6326 6295/5713/6328
f 6411/5810/6460 6295/5713/6328 6403/5805/6461
f 6403/5805/6461 6295/5713/6328 6296/5714/6329
f 6403/5805/6461 6296/5714/6329 6390/5792/6433
f 6401/5811/6462 6403/5805/6461 6390/5792/6433
f 6401/5811/6462 6390/5792/6433 6394/5794/6436
f 6094/5538/6131 6409/5807/6455 6408/5808/6456
f 6094/5538/6131 6408/5808/6456 6102/5539/6132
f 6101/5539/6142 6407/5808/6457 6125/5563/6458
f 6101/5539/6142 6125/5563/6458 6121/5547/6143
f 6275/5560/6160 6132/5570/6173 6412/5812/6463
f 6275/5560/6160 6412/5812/6463 6273/5695/6305
f 6132/5570/6173 6133/5571/6174 6413/5813/6464
f 6132/5570/6173 6413/5813/6464 6412/5812/6463
f 6273/5695/6305 6412/5812/6463 6414/5814/6465
f 6273/5695/6305 6414/5814/6465 6431/5683/6289
f 6412/5812/6463 6413/5813/6464 6415/5716/6466
f 6412/5812/6463 6415/5716/6466 6414/5814/6465
f 6413/5813/6464 6416/5815/6467 6417/5816/6468
f 6413/5813/6464 6417/5816/6468 6415/5716/6466
f 6416/5815/6467 6162/5595/6198 6164/5597/6200
f 6416/5815/6467 6164/5597/6200 6418/5599/6202
f 6416/5815/6467 6418/5599/6202 6417/5816/6468
f 6133/5571/6174 6136/5573/6176 6416/5815/6467
f 6133/5571/6174 6416/5815/6467 6413/5813/6464
f 6136/5573/6176 6161/5575/6178 6162/5595/6198
f 6136/5573/6176 6162/5595/6198 6416/5815/6467
f 6417/5816/6468 6418/5599/6202 6179/5610/6213
f 6417/5816/6468 6179/5610/6213 6419/5817/6469
f 6415/5716/6466 6417/5816/6468 6419/5817/6469
f 6415/5716/6466 6419/5817/6469 6422/5719/6470
f 6419/5817/6469 6179/5610/6213 6182/5611/6214
f 6419/5817/6469 6182/5611/6214 6421/5722/6471
f 6422/5719/6470 6419/5817/6469 6421/5722/6471
f 6422/5719/6470 6421/5722/6471 6424/5721/6472
f 6425/5818/6473 6422/5719/6470 6424/5721/6472
f 6425/5818/6473 6424/5721/6472 6427/5720/6474
f 6414/5814/6465 6415/5716/6466 6422/5719/6470
f 6414/5814/6465 6422/5719/6470 6425/5818/6473
f 6431/5683/6289 6414/5814/6465 6425/5818/6473
f 6431/5683/6289 6425/5818/6473 6257/5677/6283
f 6257/5677/6283 6425/5818/6473 6427/5720/6474
f 6257/5677/6283 6427/5720/6474 6256/5680/6286
f 6254/5672/6278 6426/5735/6475 6428/5819/6476
f 6254/5672/6278 6428/5819/6476 6253/5675/6281
f 6426/5735/6475 6423/5724/6477 6429/5820/6478
f 6426/5735/6475 6429/5820/6478 6428/5819/6476
f 6253/5675/6281 6428/5819/6476 6218/5646/6250
f 6253/5675/6281 6218/5646/6250 6432/5647/6251
f 6428/5819/6476 6429/5820/6478 6216/5643/6247
f 6428/5819/6476 6216/5643/6247 6218/5646/6250
f 6429/5820/6478 6430/5821/6479 6214/5644/6248
f 6429/5820/6478 6214/5644/6248 6216/5643/6247
f 6423/5724/6477 6420/5727/6480 6430/5821/6479
f 6423/5724/6477 6430/5821/6479 6429/5820/6478
f 6420/5727/6480 6181/5612/6215 6184/5615/6218
f 6420/5727/6480 6184/5615/6218 6430/5821/6479
f 6430/5821/6479 6184/5615/6218 6433/5618/6221
f 6430/5821/6479 6433/5618/6221 6214/5644/6248
