# Blender 5.2.0 LTS
# www.blender.org
mtllib bones.mtl
o defaultMaterial.001
v 6.779291 4.120987 16.148994
v 6.582712 3.523928 16.232538
v 7.226909 3.280058 16.109793
v 7.401470 4.004137 16.038502
v 5.932007 5.678722 7.029973
v 6.064823 5.318108 8.761865
v 6.285351 5.247072 8.753270
v 6.166163 5.596806 7.018228
v 5.797411 4.222633 10.153733
v 5.704003 4.433958 8.634947
v 5.927888 4.339277 8.623049
v 6.019110 4.130699 10.141428
v 6.246656 4.155514 10.144072
v 6.158689 4.372330 8.626608
v 6.360200 4.694607 8.676287
v 6.434388 4.448704 10.187751
v 5.678936 4.009832 12.082814
v 5.741835 4.117073 11.205427
v 5.978685 4.013189 11.190834
v 5.900023 3.912306 12.144086
v 6.398845 4.316296 11.222004
v 6.207452 4.031342 11.180868
v 6.497185 4.790710 10.235141
v 6.346166 4.962221 10.260668
v 6.292114 4.820965 11.306259
v 6.451625 4.655401 11.267869
v 5.807632 3.759661 13.210781
v 5.985296 3.409367 14.571429
v 6.042398 3.637064 13.317613
v 6.122942 3.377230 14.400985
v 6.129298 3.857391 12.174697
v 6.294352 3.598574 13.238391
v 6.119484 3.568062 13.500566
v 6.306860 4.157597 12.145255
v 6.427269 3.435654 14.083235
v 6.443082 3.889526 13.284307
v 6.524745 3.498301 14.398646
v 6.669408 3.593082 14.548650
v 6.549152 4.042477 13.562956
v 6.730223 3.768049 14.441003
v 6.427675 4.561281 12.292766
v 6.657713 4.391245 13.545819
v 6.595627 4.166801 13.576939
v 6.003500 4.786182 12.193867
v 6.150299 4.611622 13.333884
v 6.211723 4.708385 12.257122
v 6.379827 4.410925 14.702821
v 6.510151 4.387890 14.524343
v 6.387709 4.521622 13.442598
v 6.475524 4.471638 13.629312
v 5.203860 4.893524 6.917446
v 5.340642 4.767828 6.899446
v 5.533560 4.495485 8.645167
v 5.422660 4.603182 8.660727
v 5.267827 4.215513 12.157968
v 5.455305 4.083004 12.147696
v 5.560357 3.815542 13.376087
v 5.354167 3.958982 13.379088
v 5.531272 4.382652 10.176666
v 5.635561 4.281921 10.162632
v 5.540018 4.186989 11.217885
v 5.394592 4.293821 11.231309
v 6.286623 4.198429 15.731531
v 6.107281 3.772320 15.807905
v 6.265572 3.676674 16.039469
v 6.466930 4.181242 15.934823
v 5.960635 3.371330 15.618853
v 5.942838 3.279398 15.227930
v 6.040364 3.112160 15.365220
v 6.083840 3.210550 15.821329
v 7.476624 4.197920 14.679634
v 7.046143 4.238396 14.740703
v 6.829937 4.389212 14.754127
v 7.229349 4.366280 14.681922
v 6.379827 4.410925 14.702821
v 6.372658 4.372534 15.359627
v 6.543457 4.401974 15.446934
v 6.619018 4.433756 14.917756
v 5.986872 3.815338 15.838974
v 5.827361 3.407688 15.644682
v 5.985296 3.409367 14.571429
v 5.795988 3.315704 15.241558
v 5.773513 3.395638 14.843619
v 6.239791 4.437771 15.402950
v 6.161231 4.255327 15.765040
v 5.279471 3.599182 15.675954
v 5.021417 3.854746 15.336949
v 4.952762 3.800745 14.935604
v 5.237674 3.519300 15.231895
v 4.810513 4.116817 14.946791
v 5.162317 4.183632 15.511105
v 4.886399 4.369431 15.011418
v 5.005176 4.612181 15.022758
v 5.289082 4.555332 15.439154
v 5.299404 4.738285 15.096589
v 4.948994 4.741997 14.688889
v 5.287455 3.627148 14.759314
v 4.952365 3.943323 14.539293
v 4.976289 4.170412 14.390205
v 5.237369 3.992086 14.555869
v 5.496441 3.466419 15.779736
v 5.675986 3.912764 15.988518
v 5.446915 4.016443 15.875431
v 5.502746 3.446739 14.881756
v 5.450118 3.372807 15.328661
v 6.045856 4.322193 15.895059
v 6.102043 4.530876 15.547309
v 5.902108 4.443874 15.940466
v 5.573120 4.763403 14.967995
v 5.632053 4.706251 15.386476
v 5.680969 4.759235 15.007808
v 6.075247 4.575520 15.129743
v 5.906735 4.658199 15.041114
v 5.925651 4.613298 15.513494
v 5.483576 3.715117 14.373374
v 5.682596 3.561352 14.385577
v 5.621375 3.464994 14.737957
v 5.449965 3.625013 14.704753
v 6.864767 4.388552 15.606750
v 7.908681 3.760218 15.739464
v 7.927292 3.898933 15.272372
v 7.510998 4.203615 15.356982
v 7.807748 3.980289 14.824907
v 7.715356 4.157700 14.710142
v 7.424047 4.296923 14.816010
v 6.237198 3.338890 14.519310
v 6.469015 3.401333 14.656651
v 6.863090 3.144852 14.626701
v 6.673426 3.020836 14.637938
v 7.225994 2.781542 14.689141
v 7.269926 3.044682 14.583785
v 7.544913 3.370010 14.629344
v 7.656373 3.304111 14.794398
v 6.774257 3.865526 14.586327
v 6.722952 4.072121 14.747771
v 7.129178 4.010189 14.718838
v 7.128263 3.760983 14.691482
v 6.339911 2.962563 15.048691
v 6.668238 2.817644 14.856026
v 6.822105 2.628183 15.350932
v 6.267962 2.884764 15.469765
v 7.225994 2.781542 14.689141
v 7.656373 3.304111 14.794398
v 7.822596 3.169716 15.241405
v 7.420386 2.642725 15.206779
v 6.122942 3.377230 14.400985
v 6.388217 3.065428 14.696414
v 6.140383 3.149023 14.901383
v 7.231942 3.248938 14.603158
v 6.989904 3.348602 14.641345
v 7.080109 3.546656 14.664836
v 7.383623 3.434587 14.618006
v 6.237198 3.338890 14.519310
v 6.305233 3.355162 14.379883
v 6.469015 3.401333 14.656651
v 6.774257 3.865526 14.586327
v 6.755291 4.080359 14.478935
v 6.722952 4.072121 14.747771
v 7.582541 3.983850 14.666565
v 4.778474 4.139343 14.420155
v 4.709305 4.150734 14.572243
v 4.713159 4.335262 14.284034
v 4.734241 4.337652 14.588921
v 4.948994 4.741997 14.688889
v 4.839502 4.602724 14.630464
v 4.943975 4.795946 14.438359
v 4.882687 4.801743 14.303255
v 4.801579 4.711590 14.301222
v 5.951685 5.020443 10.268803
v 5.920617 5.013170 10.267633
v 5.785005 4.879084 11.318260
v 5.813480 4.882286 11.317446
v 5.856650 4.990492 10.263871
v 5.802039 5.359091 8.769390
v 5.740818 5.325531 8.763237
v 5.682952 4.831032 12.250461
v 5.628901 4.833067 12.251326
v 5.717936 4.705944 13.511853
v 5.774225 4.696386 13.506159
v 5.908820 4.597078 14.539394
v 5.842006 4.611622 14.542547
v 5.797361 4.653776 14.896248
v 5.863718 4.637402 14.898433
v 4.974697 4.761419 14.370274
v 4.882687 4.801743 14.303255
v 5.241234 4.805048 14.588362
v 5.201725 4.756386 14.548089
v 5.379541 4.831896 8.694744
v 5.158198 5.142935 6.953192
v 5.221200 4.653063 12.192037
v 5.374914 4.722319 11.291717
v 5.333625 4.510687 11.263904
v 5.187080 4.437517 12.172104
v 5.370795 4.317261 14.222304
v 5.264421 4.483585 13.308613
v 5.244234 4.224209 13.332817
v 5.364541 4.013342 14.276001
v 6.014076 5.036407 10.271397
v 5.923414 5.351412 8.768119
v 5.839158 5.359142 8.770000
v 6.062280 4.882084 11.314497
v 5.908922 4.896421 11.319124
v 5.824768 4.814659 12.251477
v 5.941719 4.655758 13.493701
v 6.084450 4.537992 14.524292
v 6.084450 4.537992 14.524292
v 6.041839 4.573080 14.901231
v 6.208876 4.491873 15.005520
v 5.277133 4.316345 14.527140
v 5.379591 4.273430 14.549716
v 5.360168 3.939356 14.601023
v 5.582578 4.715454 14.832026
v 5.599459 4.771183 14.877891
v 5.692003 4.750742 14.913434
v 5.277133 4.316345 14.527140
v 5.032883 4.420382 14.391274
v 5.120469 4.621233 14.459562
v 5.407558 4.548620 14.641345
v 5.766801 4.576944 14.495767
v 5.557256 4.490602 14.344747
v 5.545204 4.487501 14.679990
v 5.727241 4.608418 14.842754
v 5.564018 4.812675 12.243341
v 5.386100 4.765182 12.218732
v 5.445338 4.621487 13.392259
v 5.652037 4.680267 13.482208
v 5.686512 4.933846 10.256192
v 5.544950 4.825287 11.311802
v 5.726326 4.864744 11.310937
v 5.208030 5.419498 6.992854
v 5.423321 5.077240 8.729169
v 5.579476 5.235275 8.751847
v 5.353049 5.629248 7.022905
v 5.524255 4.813948 10.238446
v 5.502645 5.761047 7.041770
v 5.557256 4.490602 14.344747
v 5.766801 4.576944 14.495767
v 5.379591 4.273430 14.549716
v 5.370795 4.317261 14.222304
v 4.833517 4.697454 14.260287
v 4.772281 4.540840 14.282153
v 5.736444 4.730099 14.970283
v 5.364541 4.013342 14.276001
v 5.370795 4.317261 14.222304
v 5.908820 4.597078 14.539394
v 6.133162 5.027409 10.269159
v 5.743767 5.751690 7.040448
v 5.612375 5.798725 7.047160
v 5.483576 3.715117 14.373374
v 5.484034 4.595198 10.207480
v 5.263200 4.789640 14.722345
v 4.943975 4.795946 14.438359
v 5.842006 4.611622 14.542547
v 5.560052 5.811844 7.049041
v 4.833517 4.697454 14.260287
v 4.772281 4.540840 14.282153
v 4.974697 4.761419 14.370274
v 7.709153 3.857643 14.693566
v 7.477641 3.730881 14.654616
v 6.670629 4.277447 14.508530
v 6.604068 4.309633 14.646684
v 6.737341 4.244446 14.270559
v 7.128263 3.760983 14.691482
v 6.730223 3.768049 14.441003
v 6.774257 3.865526 14.586327
v 6.669408 3.593082 14.548650
v 7.477641 3.730881 14.654616
v 7.772561 3.114395 15.742870
v 7.927292 3.898933 15.272372
v 7.807748 3.980289 14.824907
v 7.423335 2.747931 15.612495
v 6.967073 2.719152 15.859517
v 7.420386 2.642725 15.206779
v 6.358268 2.984936 15.987602
v 6.604068 4.309633 14.646684
v 7.709153 3.857643 14.693566
v 7.807748 3.980289 14.824907
v 6.901836 4.459026 14.874941
v 5.637850 3.395332 14.975621
v 5.731411 4.690132 15.421968
v 5.679851 4.554266 15.881330
v 5.628087 3.318756 15.302016
v 5.678172 3.412874 15.742972
v 5.856396 3.851187 15.948298
v 5.032883 4.420382 14.391274
v 4.713159 4.335262 14.284034
v 4.772281 4.540840 14.282153
v 4.778474 4.139343 14.420155
v 4.709305 4.150734 14.572243
v 6.510151 4.387890 14.524343
v 5.741835 4.117073 11.205427
v 5.678936 4.009832 12.082814
v 5.797411 4.222633 10.153733
v 5.682596 3.561352 14.385577
v 5.807632 3.759661 13.210781
v 5.985296 3.409367 14.571429
v 5.704003 4.433958 8.634947
v 5.540323 4.694962 6.888971
v 6.432964 5.067629 8.726271
v 6.226673 4.997204 6.932294
v 6.307928 5.405720 6.990870
v 6.006805 4.642334 6.881445
v 5.771937 4.597130 6.874988
v 5.540323 4.694962 6.888971
v 4.500156 9.662632 8.591217
v 4.150869 9.439001 9.169005
v 4.676854 8.868332 9.285144
v 5.047843 9.194319 8.606523
v 0.597294 4.039885 0.734864
v 1.290289 5.079832 2.283239
v 1.487133 4.918390 2.336116
v 0.803265 3.862171 0.794778
v 1.222651 5.580585 4.227833
v 0.605897 4.589502 2.960420
v 0.797539 4.408535 3.031369
v 1.412829 5.402161 4.296123
v 1.650570 5.307785 4.274141
v 1.041453 4.318533 3.002868
v 1.362707 4.465332 2.757714
v 1.946715 5.437956 4.049971
v 1.784494 6.992540 5.792123
v 1.541276 6.352667 5.071522
v 1.742086 6.157255 5.148334
v 2.000772 6.867708 5.917820
v 2.270425 6.169306 4.904166
v 1.974163 6.048187 5.123063
v 2.133506 5.664230 3.787624
v 2.044084 5.869352 3.659238
v 2.350872 6.612906 4.529424
v 2.445683 6.397463 4.643340
v 2.273613 7.639177 6.813359
v 2.871309 8.376730 8.086854
v 2.513586 7.526548 6.993159
v 2.934025 8.156252 7.991310
v 2.226533 6.742569 5.984686
v 2.724734 7.315935 6.967073
v 2.640763 7.585278 7.182772
v 2.486281 6.825809 5.702325
v 3.135404 7.797976 7.710424
v 2.981792 7.465683 6.746850
v 3.374889 8.033962 7.880765
v 3.607739 8.139524 7.904461
v 3.243467 7.727297 6.812749
v 3.681174 8.139219 7.675694
v 2.789240 7.140661 5.457644
v 3.453465 7.885487 6.497948
v 3.333931 7.795383 6.714816
v 2.393091 7.419004 5.197097
v 2.928406 8.114761 6.161384
v 2.603293 7.314766 5.307336
v 3.627544 8.929653 7.311012
v 3.682542 8.712431 7.201942
v 3.181803 8.023335 6.314335
v 3.327102 8.091982 6.490067
v -0.420920 3.806084 1.340782
v -0.328869 3.643421 1.435060
v 0.457175 4.721403 2.916371
v 0.384689 4.857727 2.835618
v 1.462955 7.386614 5.672478
v 1.607008 7.200459 5.777632
v 2.105860 7.925198 6.885818
v 1.943557 8.122032 6.766223
v 1.012826 5.833149 4.108767
v 1.081410 5.705725 4.184709
v 1.364401 6.507195 5.022149
v 1.256084 6.658417 4.940995
v 3.866414 9.633547 8.231059
v 3.584333 9.506224 8.655896
v 3.803876 9.545174 8.902358
v 4.121342 9.690395 8.389350
v 3.240131 9.173777 8.868798
v 3.042606 8.821196 8.669015
v 3.142508 8.771111 8.910595
v 3.393037 9.165642 9.151209
v 4.657216 8.232119 7.466810
v 4.259913 8.518240 7.480133
v 4.093828 8.732771 7.361656
v 4.460972 8.464748 7.325605
v 3.627544 8.929653 7.311012
v 3.862677 9.415968 7.813849
v 4.077480 9.418001 7.848986
v 3.958515 8.992249 7.442352
v 3.488373 9.617531 8.642168
v 3.127111 9.283152 8.857256
v 2.871309 8.376730 8.086854
v 2.911220 8.927721 8.648931
v 2.759178 8.682888 8.295587
v 3.765755 9.557276 7.789849
v 3.770652 9.758175 8.207211
v 2.646559 9.701683 8.719965
v 2.334189 9.732193 8.259534
v 2.093137 9.421154 8.020040
v 2.408041 9.327644 8.472029
v 2.051503 9.704073 7.756391
v 2.644617 10.009417 8.098294
v 2.230646 9.879551 7.583457
v 2.429300 9.986280 7.380520
v 2.858780 10.131046 7.724306
v 2.792875 9.979263 7.321181
v 2.283458 9.839787 7.030279
v 2.308465 9.007454 8.040429
v 1.983219 9.207083 7.613507
v 2.019489 9.226660 7.310401
v 2.291578 9.110521 7.580151
v 2.864297 9.588953 8.906630
v 3.263216 9.949619 8.668201
v 3.020706 10.042315 8.500250
v 2.517059 8.879213 8.281603
v 2.614312 9.202862 8.665506
v 3.725361 9.958773 8.243619
v 3.711591 9.796972 7.814054
v 3.635659 10.143505 8.172482
v 3.026421 9.760820 7.204637
v 3.230104 10.018215 7.552591
v 3.149133 9.735550 7.235552
v 3.536729 9.516340 7.477285
v 3.358231 9.584530 7.344215
v 3.546304 9.911228 7.720543
v 2.383623 8.669006 7.686424
v 2.541385 8.480816 7.825850
v 2.586452 8.721228 8.161754
v 2.450295 8.883535 8.001531
v 4.458694 9.374067 7.971429
v 5.367693 8.555056 8.598133
v 5.248353 8.274424 8.144159
v 4.955741 8.742228 7.945750
v 4.979823 8.040268 7.755171
v 4.897027 8.111710 7.520812
v 4.687527 8.427376 7.479319
v 3.083015 8.166473 8.107803
v 3.388781 8.198305 8.149549
v 3.694994 7.814857 8.345570
v 3.470276 7.837231 8.462826
v 3.972738 7.449207 8.700337
v 4.057191 7.515923 8.397130
v 4.451759 7.625195 8.145583
v 4.607583 7.655041 8.319383
v 3.811686 8.292679 7.694915
v 3.886092 8.576107 7.632270
v 4.264815 8.312967 7.660796
v 4.176644 8.131489 7.856613
v 3.275527 8.281898 8.810425
v 3.486954 7.877197 8.794356
v 3.775070 8.061319 9.310313
v 3.342082 8.592632 9.179430
v 3.972738 7.449207 8.700337
v 4.607583 7.655041 8.319383
v 4.906556 7.831638 8.753323
v 4.326097 7.663586 9.188278
v 2.934025 8.156252 7.991310
v 3.219482 8.052217 8.469182
v 3.074986 8.387053 8.546064
v 4.089323 7.681482 8.234874
v 3.891065 7.894943 8.178635
v 4.051898 7.996386 8.023242
v 4.304848 7.737823 8.083447
v 3.083015 8.166473 8.107803
v 3.102566 8.035591 7.993344
v 3.388781 8.198305 8.149549
v 3.811686 8.292679 7.694915
v 3.817142 8.357664 7.432641
v 3.886092 8.576107 7.632270
v 4.692937 8.031471 7.641373
v 1.822360 9.327492 7.360741
v 1.815094 9.486595 7.460454
v 1.764215 9.381035 7.094856
v 1.904160 9.607767 7.310503
v 2.283458 9.839787 7.030279
v 2.107777 9.758888 7.110008
v 2.198073 9.683531 6.804614
v 2.085866 9.613157 6.703629
v 1.975683 9.593477 6.780970
v 1.668041 6.108187 3.618992
v 1.634049 6.117950 3.624773
v 1.862851 6.910318 4.493190
v 1.892231 6.897709 4.489503
v 1.561219 6.132034 3.642331
v 1.041270 5.242039 2.255979
v 0.966905 5.245852 2.281250
v 2.106099 7.650160 5.202233
v 2.052657 7.678839 5.201674
v 2.590998 8.526886 6.211723
v 2.642532 8.488546 6.215333
v 3.147333 9.156284 7.038363
v 3.085797 9.201132 7.028752
v 3.190666 9.523766 7.245672
v 3.253306 9.482121 7.260672
v 2.192037 9.593477 6.785393
v 2.085866 9.613157 6.703629
v 2.558201 9.658361 6.900767
v 2.487862 9.615393 6.914446
v 0.424799 5.052883 2.662719
v -0.376348 4.017256 1.151286
v 1.563853 7.718348 5.319184
v 1.391482 6.991320 4.614061
v 1.274028 6.853674 4.777503
v 1.455460 7.580751 5.491560
v 2.396900 8.996672 7.059262
v 1.987338 8.450512 6.263487
v 1.896573 8.311796 6.505117
v 2.317826 8.845093 7.360334
v 1.736737 6.089678 3.606371
v 1.160621 5.176037 2.260398
v 1.078862 5.224140 2.255994
v 2.141469 6.772316 4.484922
v 1.993282 6.860893 4.477478
v 2.244228 7.570227 5.215606
v 2.793826 8.369867 6.239740
v 3.300143 9.019707 7.076754
v 3.300143 9.019707 7.076754
v 3.413915 9.354694 7.316350
v 3.597457 9.300339 7.459285
v 2.420270 9.277914 7.278977
v 2.518925 9.217049 7.331148
v 2.416451 9.050724 7.656678
v 2.968581 9.620123 7.148755
v 3.020498 9.683226 7.133195
v 3.121080 9.651699 7.175247
v 2.420270 9.277914 7.278977
v 2.153784 9.360796 7.094550
v 2.330197 9.499918 6.968853
v 2.667239 9.451612 7.158517
v 2.981314 9.179829 7.026109
v 2.685347 9.110979 6.994989
v 2.801987 9.374018 7.237434
v 3.085471 9.487816 7.247349
v 1.977956 7.691601 5.214284
v 1.774710 7.729839 5.239606
v 2.244264 8.514683 6.202164
v 2.505288 8.519970 6.213401
v 1.369521 6.173630 3.687647
v 1.602131 6.989285 4.537616
v 1.796540 6.924404 4.500970
v -0.225715 4.201735 0.940057
v 0.557688 5.216259 2.474850
v 0.772319 5.258564 2.352794
v -0.003551 4.288633 0.778736
v 1.162396 6.162748 3.780298
v 0.194931 4.314363 0.676734
v 2.685347 9.110979 6.994989
v 2.981314 9.179829 7.026109
v 2.518925 9.217049 7.331148
v 2.396900 8.996672 7.059262
v 1.987643 9.536936 6.763579
v 1.886266 9.483036 6.915208
v 3.181498 9.660294 7.233315
v 2.317826 8.845093 7.360334
v 2.396900 8.996672 7.059262
v 3.147333 9.156284 7.038363
v 1.852986 6.023270 3.611263
v 0.434298 4.188057 0.681305
v 0.319065 4.288633 0.646861
v 2.383623 8.669006 7.686424
v 1.042628 6.017525 3.947664
v 2.627425 9.741091 7.009634
v 2.198073 9.683531 6.804614
v 3.085797 9.201132 7.028752
v 0.271200 4.324381 0.637428
v 1.987643 9.536936 6.763579
v 1.886266 9.483036 6.915208
v 2.192037 9.593477 6.785393
v 4.791984 7.908318 7.768341
v 4.504839 7.910809 7.852545
v 3.803993 8.549616 7.284418
v 3.800367 8.710041 7.356063
v 3.768948 8.311441 7.142094
v 4.176644 8.131489 7.856613
v 3.681174 8.139219 7.675694
v 3.811686 8.292679 7.694915
v 3.607739 8.139524 7.904461
v 4.504839 7.910809 7.852545
v 5.033264 8.208170 9.160159
v 5.248353 8.274424 8.144159
v 4.979823 8.040268 7.755171
v 4.518436 8.043522 9.387348
v 4.145810 8.441410 9.593691
v 4.326097 7.663586 9.188278
v 3.664247 9.012842 9.462095
v 3.800367 8.710041 7.356063
v 4.791984 7.908318 7.768341
v 4.979823 8.040268 7.755171
v 4.234448 8.835688 7.386979
v 2.673595 8.851755 8.391638
v 3.338929 9.986078 7.590779
v 3.422997 10.278862 8.037175
v 2.766511 9.059420 8.691338
v 3.016587 9.436153 8.924629
v 3.410321 9.789600 8.690779
v 2.153784 9.360796 7.094550
v 1.764215 9.381035 7.094856
v 1.886266 9.483036 6.915208
v 1.822360 9.327492 7.360741
v 1.815094 9.486595 7.460454
v 3.682542 8.712431 7.201942
v 1.541276 6.352667 5.071522
v 1.784494 6.992540 5.792123
v 1.222651 5.580585 4.227833
v 2.541385 8.480816 7.825850
v 2.273613 7.639177 6.813359
v 2.871309 8.376730 8.086854
v 0.605897 4.589502 2.960420
v -0.154324 3.489605 1.488435
v 1.570107 4.708691 2.470294
v 0.646464 3.378908 1.250841
v 0.876608 3.647591 0.938821
v 0.296207 3.219246 1.523525
v 0.043334 3.301163 1.560487
v -0.154324 3.489605 1.488435
v -14.326900 2.049889 6.471253
v -14.283373 1.823357 6.856072
v -14.487987 1.958870 7.398521
v -14.515394 2.163076 6.871733
v -12.232053 5.228106 2.338124
v -12.104068 5.296803 2.726590
v -10.877558 5.918066 2.079632
v -10.967458 5.872099 1.661487
v -9.292669 5.514942 0.919316
v -9.154717 5.246920 1.225316
v -10.520807 4.696793 1.587655
v -10.698827 4.952408 1.291001
v -11.748385 4.079292 2.236118
v -10.531332 5.166071 2.306217
v -11.696164 4.578672 2.919671
v -10.877762 5.446804 1.358187
v -9.457570 6.012440 0.983842
v -11.964337 4.311666 1.968941
v -12.667975 3.508419 2.983134
v -12.897148 3.706728 2.790653
v -12.606551 4.055292 3.558777
v -12.232053 5.228106 2.338124
v -12.156035 4.796099 2.046520
v -13.093422 4.182005 2.891099
v -13.165524 4.625452 3.160757
v -13.581108 3.087242 3.888569
v -13.360376 2.926359 4.008209
v -14.283373 1.823357 6.856072
v -14.326900 2.049889 6.471253
v -13.293968 3.485638 4.474411
v -13.838909 3.969713 4.244069
v -13.769400 3.535622 4.005545
v -14.515394 2.163076 6.871733
v -14.481223 2.578199 6.684103
v -7.161772 6.988371 1.614732
v -6.795766 7.025999 1.699247
v -6.693053 6.644279 1.420090
v -7.054024 6.580059 1.317819
v -6.795766 7.025999 1.699247
v -6.758037 7.048473 2.092492
v -6.553169 6.504906 1.869420
v -9.560385 6.431379 1.288505
v -9.509028 6.460007 1.714013
v -8.149499 6.827742 1.803786
v -8.190126 6.801962 1.372882
v -9.205007 5.696978 1.950086
v -7.860528 6.049406 2.050196
v -8.080040 6.381905 1.065728
v -7.920478 5.878609 1.000907
v -7.054024 6.580059 1.317819
v -8.190126 6.801962 1.372882
v -7.161772 6.988371 1.614732
v -9.560385 6.431379 1.288505
v -6.899954 6.091661 1.253450
v -6.777105 5.824760 1.555646
v -7.792391 5.603773 1.310659
v -6.846055 6.256664 2.271681
v -7.123229 7.011812 2.034042
v -7.161772 6.988371 1.614732
v -6.433726 5.936474 1.643964
v -6.550474 6.185833 1.360684
v -6.899954 6.091661 1.253450
v -7.123229 7.011812 2.034042
v -7.161772 6.988371 1.614732
v -14.481223 2.578199 6.684103
v -14.477156 2.486673 7.123331
v -13.701161 4.092869 4.478128
v -13.838909 3.969713 4.244069
v -14.477156 2.486673 7.123331
v -13.024269 4.728065 3.474445
v -13.165524 4.625452 3.160757
v -10.967458 5.872099 1.661487
v -14.481223 2.578199 6.684103
v -16.135164 1.583864 7.055499
v -16.007128 1.266623 7.345791
v -15.799006 1.325047 7.900546
v -16.001637 1.653372 7.486845
v -15.355356 4.637249 2.403469
v -15.026572 4.545876 2.639151
v -14.213915 4.778454 1.376513
v -14.520885 4.882643 1.093786
v -13.905519 4.101257 -0.485472
v -13.772552 3.730829 -0.313467
v -14.800959 3.690201 0.800433
v -14.963012 4.063122 0.659975
v -15.611835 3.460976 2.064840
v -14.205118 3.920238 1.373798
v -14.976232 3.701845 2.572108
v -14.819772 4.551723 0.807221
v -13.752315 4.587774 -0.348761
v -15.795905 3.820627 1.971178
v -16.131657 3.125582 3.225391
v -16.301489 3.440943 3.200628
v -15.524478 3.432859 3.639031
v -15.355356 4.637249 2.403469
v -15.660801 4.302769 2.134584
v -16.161707 3.910881 3.385400
v -15.859821 4.259600 3.634002
v -16.492119 2.878155 4.505973
v -16.349287 2.618116 4.476048
v -16.007128 1.266623 7.345791
v -16.135164 1.583864 7.055499
v -15.790871 2.962919 4.798188
v -16.067892 3.664524 4.922242
v -16.350712 3.316925 4.700056
v -16.001637 1.653372 7.486845
v -15.881126 2.054667 7.304706
v -11.341243 4.377466 -1.222702
v -11.021103 4.244244 -1.371926
v -11.277377 3.940271 -1.647870
v -11.615976 4.052748 -1.515222
v -11.021103 4.244244 -1.371926
v -10.775149 4.146461 -1.077820
v -11.006205 3.644945 -1.364782
v -13.464971 4.917881 -0.053190
v -13.189322 4.811710 0.258702
v -12.011576 4.576130 -0.482179
v -12.281173 4.681946 -0.804841
v -13.210476 3.957916 0.288901
v -12.044983 3.712065 -0.434381
v -12.565262 4.348635 -1.106707
v -12.725128 3.859222 -1.240341
v -11.615976 4.052748 -1.515222
v -12.281173 4.681946 -0.804841
v -11.341243 4.377466 -1.222702
v -13.464971 4.917881 -0.053190
v -11.772436 3.578489 -1.645642
v -11.651570 3.215990 -1.467796
v -12.600297 3.485638 -1.059332
v -11.115833 3.436771 -0.860973
v -11.080392 4.273430 -0.908094
v -11.341243 4.377466 -1.222702
v -11.310328 3.155939 -1.602508
v -11.425143 3.495653 -1.768263
v -11.772436 3.578489 -1.645642
v -11.080392 4.273430 -0.908094
v -11.341243 4.377466 -1.222702
v -15.881126 2.054667 7.304706
v -15.688259 1.857733 7.658661
v -15.788532 3.657557 5.026298
v -16.067892 3.664524 4.922242
v -15.688259 1.857733 7.658661
v -15.545377 4.212362 3.800693
v -15.859821 4.259600 3.634002
v -14.520885 4.882643 1.093786
v -15.881126 2.054667 7.304706
v -9.231804 9.209778 -6.572746
v -9.416942 9.430155 -6.356030
v -9.463722 9.873804 -6.286470
v -9.269889 9.553055 -6.548237
v -5.915939 5.857555 -7.268807
v -5.878718 6.063440 -7.030684
v -4.985085 5.185291 -6.550271
v -4.991004 4.946051 -6.777867
v -4.586125 3.769474 -5.912735
v -4.757773 3.898222 -5.659867
v -5.613290 4.650877 -6.360759
v -5.464051 4.543638 -6.635188
v -6.505016 5.530703 -6.841784
v -5.398711 5.150715 -6.129501
v -6.245588 5.984219 -6.586474
v -5.204063 4.687794 -6.789715
v -4.319116 3.906460 -6.059280
v -6.387353 5.456568 -7.126636
v -7.278214 6.353836 -7.080516
v -7.197010 6.331768 -7.339181
v -6.970582 6.736113 -6.869598
v -5.915939 5.857555 -7.268807
v -6.139417 5.612011 -7.284163
v -6.959497 6.503431 -7.489183
v -6.724426 6.733772 -7.481709
v -7.970716 7.286341 -7.268197
v -8.020598 7.266510 -7.050058
v -9.416942 9.430155 -6.356030
v -9.231804 9.209778 -6.572746
v -7.689017 7.576075 -6.882564
v -7.516794 7.672483 -7.405131
v -7.750544 7.464056 -7.402640
v -9.269889 9.553055 -6.548237
v -8.960020 9.440985 -6.654713
v -3.006789 3.452841 -4.375181
v -2.873521 3.363247 -4.098612
v -3.056605 3.118006 -4.097123
v -3.203557 3.192448 -4.374352
v -2.873521 3.363247 -4.098612
v -2.896941 3.605844 -3.913454
v -3.161001 3.346825 -3.799788
v -4.114711 4.170513 -6.054907
v -4.133754 4.428976 -5.848006
v -3.459140 3.963205 -4.941803
v -3.434031 3.697065 -5.144063
v -4.569681 4.416924 -5.450372
v -3.911425 3.963001 -4.548076
v -3.636503 3.428383 -5.144419
v -3.909020 3.293076 -5.000864
v -3.203557 3.192448 -4.374352
v -3.434031 3.697065 -5.144063
v -3.006789 3.452841 -4.375181
v -4.114711 4.170513 -6.054907
v -3.468089 3.060495 -4.236162
v -3.643429 3.192854 -3.995192
v -4.088885 3.427773 -4.752206
v -3.472295 3.712318 -3.799594
v -3.032630 3.712116 -4.178835
v -3.006789 3.452841 -4.375181
v -3.469015 3.119072 -3.741510
v -3.305706 2.995613 -3.968375
v -3.468089 3.060495 -4.236162
v -3.032630 3.712116 -4.178835
v -3.006789 3.452841 -4.375181
v -8.960020 9.440985 -6.654713
v -9.075700 9.720396 -6.458947
v -7.420538 7.776924 -7.231027
v -7.516794 7.672483 -7.405131
v -9.075700 9.720396 -6.458947
v -6.650848 6.887487 -7.269773
v -6.724426 6.733772 -7.481709
v -4.991004 4.946051 -6.777867
v -8.960020 9.440985 -6.654713
v 11.754843 7.843740 1.460575
v 12.119018 7.480581 1.089617
v 12.099086 7.958351 0.578872
v 11.686553 8.347239 1.067218
v 3.028308 5.536654 -0.736323
v 4.717476 5.927168 -0.360375
v 4.734190 6.102545 -0.511111
v 3.046827 5.720013 -0.902790
v 6.471812 5.626095 -0.561721
v 5.039127 5.269140 -0.986085
v 5.063992 5.438770 -1.158816
v 6.495050 5.794607 -0.731508
v 6.476083 6.011423 -0.802426
v 5.041736 5.661537 -1.224004
v 4.924535 5.966066 -1.022863
v 6.367929 6.292156 -0.621874
v 8.275196 5.881912 0.118641
v 7.449674 5.777369 -0.185953
v 7.475913 5.955084 -0.372539
v 8.365909 6.064558 -0.024679
v 7.342283 6.448616 -0.283345
v 7.448912 6.167934 -0.454692
v 6.245232 6.476227 -0.349479
v 6.192960 6.402243 -0.138064
v 7.182314 6.541363 0.205512
v 7.220044 6.622213 -0.009869
v 9.380840 6.169613 0.333967
v 10.736454 6.520668 0.545164
v 9.522910 6.366547 0.183704
v 10.595859 6.596941 0.392082
v 8.409130 6.262205 -0.149511
v 9.460723 6.565619 0.017167
v 9.713286 6.454870 0.172721
v 8.233754 6.519499 0.010318
v 10.275719 6.822809 0.183517
v 9.357246 6.810553 0.212666
v 10.519587 7.004335 0.326629
v 10.600638 7.202492 0.407699
v 9.525656 7.022285 0.410386
v 10.420585 7.293053 0.480392
v 8.167601 6.800131 0.351253
v 9.341127 7.235849 0.642829
v 9.477248 7.110050 0.498459
v 7.992124 6.466667 0.664785
v 9.071784 6.799316 0.939284
v 8.075769 6.644789 0.543527
v 10.361804 7.250341 1.254574
v 10.210073 7.321173 1.108477
v 9.199973 7.010183 0.815230
v 9.384247 7.115593 0.816953
v 3.331363 4.579994 -1.126660
v 3.369169 4.658199 -1.291840
v 5.026232 5.136681 -0.862646
v 4.993689 5.075460 -0.723611
v 8.261466 5.593246 0.483966
v 8.307179 5.717215 0.295930
v 9.510350 6.000135 0.548693
v 9.453857 5.861168 0.750190
v 6.427523 5.442533 -0.314089
v 6.458439 5.500448 -0.444169
v 7.436098 5.619587 -0.042039
v 7.403555 5.526077 0.109387
v 11.371599 7.325697 1.549041
v 11.647909 7.034693 1.307090
v 11.890201 7.199188 1.261814
v 11.550992 7.530516 1.546793
v 11.677350 6.722078 0.961525
v 11.377549 6.586212 0.730776
v 11.573315 6.649620 0.612538
v 11.926405 6.825809 0.865386
v 10.395771 8.174355 0.626974
v 10.448602 7.808807 0.859930
v 10.398211 7.665567 1.075822
v 10.328651 8.006199 0.865086
v 10.361804 7.250341 1.254574
v 10.958304 7.379240 1.500461
v 11.013984 7.564939 1.491572
v 10.530061 7.525074 1.265898
v 11.660011 6.946369 1.403879
v 11.688486 6.618500 1.055940
v 10.736454 6.520668 0.545164
v 11.378566 6.467531 0.825521
v 10.991458 6.384140 0.733506
v 10.971221 7.289850 1.625476
v 11.379481 7.238087 1.660139
v 11.648621 6.190256 1.446831
v 11.240310 5.964643 1.617737
v 10.915542 5.792877 1.434109
v 11.297361 6.024593 1.213412
v 10.781913 5.772690 1.753466
v 11.232072 6.244205 1.900784
v 10.716115 5.942322 1.955125
v 10.606283 6.135645 2.109104
v 10.987644 6.469770 2.121628
v 10.599164 6.463768 2.123204
v 10.253447 6.052864 2.098034
v 10.828337 5.999779 1.083647
v 10.499349 5.751284 1.384725
v 10.259702 5.816420 1.497486
v 10.478806 6.031813 1.315800
v 11.793590 6.366802 1.294210
v 11.758657 6.729349 1.671570
v 11.619789 6.529718 1.801518
v 11.012306 6.162849 0.900777
v 11.442787 6.190763 1.048557
v 11.467144 7.184797 1.815557
v 11.060052 7.228271 1.817276
v 11.455703 7.105068 1.991741
v 10.462585 6.693197 1.978978
v 10.855439 6.822197 2.083303
v 10.495027 6.799265 1.948444
v 10.672538 7.124542 1.690104
v 10.562604 6.978659 1.788709
v 10.998730 7.087524 1.941732
v 10.438788 6.121460 0.914531
v 10.513790 6.253765 0.713899
v 10.872117 6.244818 0.807480
v 10.774438 6.135138 0.993229
v 11.147460 7.889961 1.417166
v 11.517280 8.660107 0.538361
v 11.039815 8.618565 0.448610
v 10.987797 8.360867 0.900451
v 10.612537 8.435766 0.376421
v 10.431568 8.385679 0.510227
v 10.471230 8.190779 0.785733
v 10.713267 6.714960 0.363986
v 10.794827 6.978912 0.378098
v 10.873083 7.244951 -0.002748
v 10.949712 7.032303 -0.022013
v 11.084561 7.467258 -0.419277
v 10.865558 7.572821 -0.267071
v 10.740166 7.944571 -0.094942
v 10.911880 8.061319 -0.124871
v 10.500569 7.399174 0.602475
v 10.547095 7.458868 0.858679
v 10.533722 7.802298 0.631530
v 10.627588 7.710772 0.417831
v 11.352837 6.800842 0.237287
v 11.237920 7.007948 -0.094082
v 11.756622 7.196085 -0.103916
v 11.763233 6.803894 0.378985
v 11.084561 7.467258 -0.419277
v 10.911880 8.061319 -0.124871
v 11.361836 8.268576 -0.114888
v 11.597569 7.714737 -0.394845
v 10.595859 6.596941 0.392082
v 10.992120 6.800180 0.154306
v 11.143393 6.648552 0.408342
v 10.787607 7.611820 -0.077468
v 10.784303 7.433189 0.117621
v 10.707471 7.588074 0.251960
v 10.706453 7.816587 0.018206
v 10.713267 6.714960 0.363986
v 10.579994 6.751112 0.291406
v 10.794827 6.978912 0.378098
v 10.500569 7.399174 0.602475
v 10.305210 7.430447 0.740015
v 10.547095 7.458868 0.858679
v 10.481043 8.195559 0.404474
v 10.309125 5.632044 1.564901
v 10.440517 5.607130 1.665707
v 10.099427 5.608044 1.693882
v 10.365720 5.697029 1.814565
v 10.253447 6.052864 2.098034
v 10.272514 5.892488 2.004799
v 10.007647 6.009998 2.039371
v 9.888559 5.925438 2.012533
v 9.932849 5.820335 1.971259
v 6.189299 6.063644 0.072594
v 6.193011 6.032524 0.078799
v 7.186790 6.100714 0.463360
v 7.183331 6.127661 0.454088
v 6.203079 5.965559 0.084719
v 4.715808 5.702826 -0.217327
v 4.728851 5.634129 -0.222401
v 8.034277 6.202002 0.854871
v 8.036310 6.153545 0.878769
v 9.202057 6.476736 1.265603
v 9.199210 6.523567 1.232643
v 10.149817 6.846401 1.528641
v 10.148547 6.791079 1.568867
v 10.441789 6.844521 1.768939
v 10.448704 6.900099 1.729669
v 9.962748 6.010914 1.970436
v 9.888559 5.925438 2.012533
v 10.122766 6.318445 1.988894
v 10.112038 6.256716 1.948520
v 4.917254 5.121325 -0.505957
v 3.246808 4.630945 -0.890383
v 8.086498 5.706791 0.872912
v 7.254875 5.667078 0.491049
v 7.332215 5.551298 0.324075
v 8.172330 5.598026 0.703170
v 10.025850 6.188528 1.386860
v 9.147549 5.941202 1.183762
v 9.292364 5.840269 0.991119
v 10.217090 6.091866 1.164654
v 6.181367 6.126595 0.061374
v 4.713170 5.810776 -0.273354
v 4.714751 5.736843 -0.232129
v 7.170314 6.354090 0.351835
v 7.174077 6.219952 0.427567
v 8.036870 6.326174 0.784456
v 9.200379 6.659941 1.126462
v 10.157089 6.983335 1.403112
v 10.157089 6.983335 1.403112
v 10.474026 7.041557 1.606296
v 10.597130 7.190136 1.516071
v 10.298498 6.171595 1.551360
v 10.334346 6.255697 1.484336
v 10.538299 6.136255 1.241984
v 10.365211 6.654806 1.879356
v 10.378483 6.699553 1.937008
v 10.415500 6.785080 1.897702
v 10.298498 6.171595 1.551360
v 10.140055 5.953152 1.678236
v 10.101461 6.116680 1.834610
v 10.283650 6.395275 1.735049
v 10.126987 6.700062 1.551670
v 10.043748 6.445311 1.503344
v 10.340753 6.509024 1.645683
v 10.419110 6.753096 1.738166
v 8.041700 6.085560 0.885187
v 8.049989 5.901440 0.908409
v 9.148260 6.172104 1.257467
v 9.190922 6.401123 1.259053
v 6.230334 5.789268 0.104420
v 7.216688 5.861828 0.514249
v 7.189586 6.040661 0.472425
v 3.148782 4.779268 -0.669112
v 4.829703 5.252310 -0.309784
v 4.768299 5.453669 -0.235133
v 3.069922 4.989576 -0.544788
v 6.278284 5.596399 0.065309
v 3.017894 5.175173 -0.490369
v 10.043748 6.445311 1.503344
v 10.126987 6.700062 1.551670
v 10.334346 6.255697 1.484336
v 10.025850 6.188528 1.386860
v 9.902136 5.835438 1.929721
v 9.998035 5.731350 1.836318
v 10.473416 6.831554 1.886587
v 10.217090 6.091866 1.164654
v 10.025850 6.188528 1.386860
v 10.149817 6.846401 1.528641
v 6.178621 6.231749 0.004842
v 3.010963 5.391888 -0.596328
v 3.000194 5.289377 -0.501952
v 10.438788 6.121460 0.914531
v 6.356183 5.478483 -0.109233
v 10.247040 6.363546 2.023399
v 10.007647 6.009998 2.039371
v 10.148547 6.791079 1.568867
v 2.997855 5.246513 -0.469302
v 9.902136 5.835438 1.929721
v 9.998035 5.731350 1.836318
v 9.962748 6.010914 1.970436
v 10.559147 8.274424 0.261794
v 10.594588 8.011232 0.236308
v 10.241650 7.426632 0.946982
v 10.350821 7.408020 1.057821
v 10.045020 7.422615 0.793741
v 10.627588 7.710772 0.417831
v 10.420585 7.293053 0.480392
v 10.500569 7.399174 0.602475
v 10.600638 7.202492 0.407699
v 10.594588 8.011232 0.236308
v 11.831421 8.317493 0.069781
v 11.039815 8.618565 0.448610
v 10.612537 8.435766 0.376421
v 11.904744 7.844809 -0.141086
v 12.155069 7.474276 0.123621
v 11.597569 7.714737 -0.394845
v 12.167832 7.037439 0.640057
v 10.350821 7.408020 1.057821
v 10.559147 8.274424 0.261794
v 10.612537 8.435766 0.376421
v 10.468484 7.782213 1.153889
v 11.113494 6.290022 0.843344
v 10.890066 6.915504 2.044735
v 11.360769 6.926182 2.146935
v 11.437448 6.328920 0.921309
v 11.778843 6.506279 1.161654
v 11.744775 6.864098 1.531544
v 10.140055 5.953152 1.678236
v 10.099427 5.608044 1.693882
v 9.998035 5.731350 1.836318
v 10.309125 5.632044 1.564901
v 10.440517 5.607130 1.665707
v 10.210073 7.321173 1.108477
v 7.449674 5.777369 -0.185953
v 8.275196 5.881912 0.118641
v 6.471812 5.626095 -0.561721
v 10.513790 6.253765 0.713899
v 9.380840 6.169613 0.333967
v 10.736454 6.520668 0.545164
v 5.039127 5.269140 -0.986085
v 3.386005 4.813438 -1.436407
v 4.789035 6.170374 -0.728172
v 3.252182 5.552517 -1.450777
v 3.107102 5.778486 -1.127092
v 3.384535 5.219868 -1.671458
v 3.410148 4.988611 -1.615728
v 3.386005 4.813438 -1.436407
v 15.992738 3.589115 -9.639606
v 16.068249 2.897631 -9.493266
v 15.549088 2.707405 -10.049393
v 15.521527 3.535164 -10.181751
v 5.817497 6.731739 -0.994485
v 7.381029 7.104559 -3.929507
v 7.237689 7.047659 -4.138656
v 5.566052 6.623383 -1.350143
v 10.751403 3.944136 -5.056146
v 7.291435 6.115814 -3.504873
v 7.138585 6.033594 -3.715329
v 10.599875 3.864864 -5.264318
v 10.481552 3.912661 -5.486881
v 7.020871 6.090645 -3.941629
v 7.018177 6.456854 -4.166312
v 10.475196 4.246481 -5.694749
v 12.687145 4.039579 -6.295775
v 11.832946 4.309175 -5.866464
v 11.668604 4.218464 -6.087958
v 12.605382 3.941898 -6.544423
v 11.523941 4.586603 -6.514575
v 11.536246 4.261074 -6.304674
v 10.550552 4.622198 -5.783479
v 10.690793 4.793709 -5.651680
v 11.758961 5.120461 -6.459913
v 11.602806 4.958458 -6.592780
v 13.648432 3.587996 -7.050821
v 14.786415 2.991800 -7.983327
v 13.597939 3.456299 -7.338215
v 14.541225 2.997141 -8.021564
v 12.497735 3.897104 -6.784020
v 13.375731 3.449944 -7.538456
v 13.717432 3.356789 -7.515167
v 12.428329 4.249836 -6.941142
v 14.080184 3.142107 -8.139584
v 13.392665 3.777405 -7.709661
v 14.340170 3.167938 -8.410961
v 14.421782 3.261040 -8.635710
v 13.629769 3.909866 -7.969141
v 14.318306 3.477757 -8.635252
v 12.579246 4.682453 -7.142500
v 13.619448 4.307957 -8.066312
v 13.641007 4.049139 -8.022582
v 12.761181 4.908575 -6.675917
v 13.738281 4.540232 -7.455624
v 12.692128 4.831184 -6.913327
v 14.883942 4.112648 -8.443656
v 14.636768 4.128666 -8.470301
v 13.694297 4.444485 -7.746729
v 13.815111 4.366329 -7.936292
v 6.052314 5.255716 0.252015
v 5.864480 5.056747 0.054778
v 7.406962 6.166561 -3.345230
v 7.503421 6.272833 -3.246610
v 13.024879 4.216835 -5.939177
v 12.886521 4.089258 -6.115111
v 13.953673 3.599844 -6.903361
v 14.097524 3.738962 -6.705256
v 10.950525 4.092869 -4.811032
v 10.860473 3.993408 -4.904145
v 11.969523 4.365974 -5.677613
v 12.082865 4.468483 -5.544289
v 15.879753 3.698896 -8.927782
v 15.971231 3.199059 -8.794814
v 16.087366 3.069498 -9.077733
v 15.971535 3.662642 -9.216599
v 15.795345 2.773966 -8.545149
v 15.413629 2.735525 -8.308806
v 15.459544 2.536911 -8.479758
v 15.890737 2.574030 -8.777474
v 14.216102 3.981256 -9.495249
v 14.519817 3.976528 -9.111445
v 14.680448 4.121241 -8.909477
v 14.386596 4.144327 -9.256974
v 14.883942 4.112648 -8.443656
v 15.509222 3.960714 -8.803967
v 15.504086 3.994324 -9.018801
v 14.961944 4.124088 -8.796288
v 16.075571 3.230429 -8.695354
v 15.900500 2.797710 -8.430232
v 14.786415 2.991800 -7.983327
v 15.514563 2.759983 -8.173957
v 15.161218 2.912172 -7.929783
v 15.636395 4.013494 -8.699371
v 15.991823 3.744709 -8.824967
v 16.269049 2.954069 -7.916258
v 16.135317 3.268974 -7.476879
v 15.778871 3.269585 -7.185467
v 15.851992 2.935513 -7.626932
v 15.927906 3.603910 -7.054686
v 16.286489 3.616371 -7.712306
v 15.995637 3.879255 -7.165483
v 15.986840 4.156429 -7.288078
v 16.217997 4.050512 -7.796561
v 15.919008 4.310398 -7.615592
v 15.722836 4.350006 -7.047160
v 15.392576 3.137581 -7.411335
v 15.426747 3.492704 -6.963921
v 15.313813 3.770540 -6.904581
v 15.294592 3.569893 -7.250196
v 16.223488 2.809967 -8.184585
v 16.408678 3.284889 -8.477368
v 16.446459 3.397266 -8.191957
v 15.356881 2.937597 -7.688305
v 15.799618 2.777069 -7.886919
v 16.192522 3.786507 -8.785813
v 15.868160 4.079851 -8.646642
v 16.338404 3.900255 -8.672067
v 15.649614 4.384432 -7.809629
v 16.006824 4.257311 -8.100786
v 15.627395 4.383059 -7.936648
v 15.491732 4.195887 -8.387164
v 15.515579 4.286551 -8.174212
v 15.948755 4.160446 -8.456723
v 14.931587 3.316620 -7.386267
v 14.804314 3.162903 -7.585846
v 15.157201 2.992409 -7.723136
v 15.250254 3.159090 -7.538659
v 15.477240 3.982426 -9.420247
v 14.909213 3.361517 -10.506264
v 14.478123 3.593895 -10.263566
v 14.846467 3.878441 -9.907628
v 14.131235 3.746998 -9.897357
v 14.105913 3.953594 -9.744100
v 14.394324 4.063223 -9.520825
v 14.584191 2.945581 -8.198567
v 14.599497 3.012953 -8.500810
v 14.304832 2.770559 -8.865900
v 14.396816 2.614355 -8.687525
v 14.095592 2.391943 -9.252041
v 14.020284 2.704151 -9.236735
v 13.973657 3.081142 -9.530486
v 14.057607 2.991138 -9.730879
v 14.451579 3.565317 -8.759627
v 14.673430 3.762152 -8.800814
v 14.409833 3.735607 -9.179024
v 14.337018 3.464741 -9.161938
v 14.962960 2.451437 -8.593099
v 14.569954 2.353249 -8.803762
v 14.922943 2.075974 -9.229363
v 15.391000 2.289129 -8.758457
v 14.095592 2.391943 -9.252041
v 14.057607 2.991138 -9.730879
v 14.368341 2.783779 -10.141886
v 14.457477 2.170549 -9.729913
v 14.541225 2.997141 -8.021564
v 14.618615 2.627878 -8.443351
v 14.967383 2.663677 -8.317553
v 14.098439 2.923155 -9.211413
v 14.287391 3.004818 -8.998054
v 14.297561 3.227989 -9.099497
v 14.064065 3.139614 -9.367722
v 14.584191 2.945581 -8.198567
v 14.416240 2.992867 -8.186720
v 14.599497 3.012953 -8.500810
v 14.451579 3.565317 -8.759627
v 14.399817 3.818745 -8.681880
v 14.673430 3.762152 -8.800814
v 14.104591 3.756557 -9.590080
v 15.445764 3.713182 -6.729053
v 15.631665 3.694216 -6.747003
v 15.388611 3.946173 -6.590187
v 15.669192 3.900255 -6.781223
v 15.722836 4.350006 -7.047160
v 15.701023 4.195835 -6.907632
v 15.496103 4.450687 -6.902395
v 15.401679 4.473873 -6.767291
v 15.427407 4.367245 -6.687053
v 10.927339 4.820658 -5.273319
v 10.941982 4.809980 -5.242403
v 12.061305 5.136324 -5.974211
v 12.045390 5.142681 -6.001466
v 10.969390 4.779726 -5.178080
v 7.541049 7.124643 -3.678621
v 7.562558 7.082949 -3.615574
v 13.000777 4.919458 -6.396404
v 13.031795 4.916660 -6.344386
v 14.165100 4.575468 -7.135534
v 14.126812 4.570993 -7.186993
v 15.022605 4.302311 -7.895360
v 15.065268 4.311769 -7.832308
v 15.436408 4.295702 -7.986887
v 15.398831 4.283295 -8.052582
v 15.407424 4.426636 -6.894005
v 15.401679 4.473873 -6.767291
v 15.477290 4.463043 -7.275062
v 15.451357 4.412348 -7.213993
v 7.603033 6.515940 -3.224556
v 6.224232 5.683756 0.289892
v 13.165982 4.690334 -5.914566
v 12.232562 4.930084 -5.560459
v 12.188680 4.697149 -5.504017
v 13.125000 4.452415 -5.869464
v 14.963163 3.996613 -7.194417
v 14.178829 4.322042 -6.580526
v 14.164033 4.029613 -6.573509
v 14.960519 3.651352 -7.217247
v 10.898406 4.843540 -5.335404
v 7.471336 7.127441 -3.795786
v 7.521116 7.127949 -3.714998
v 11.905252 5.165613 -6.241469
v 11.996982 5.166681 -6.095128
v 12.920387 4.914169 -6.534660
v 14.014742 4.543434 -7.342588
v 14.900112 4.255632 -8.057311
v 14.900112 4.255632 -8.057311
v 15.291033 4.228022 -8.226890
v 15.283304 4.136292 -8.447215
v 15.306439 3.936510 -7.273943
v 15.263422 3.894712 -7.385911
v 15.260067 3.515333 -7.394555
v 15.505155 4.354837 -7.742611
v 15.550308 4.410364 -7.784866
v 15.529359 4.390381 -7.894546
v 15.306439 3.936510 -7.273943
v 15.330847 4.051682 -6.961023
v 15.385916 4.270277 -7.085042
v 15.387747 4.186125 -7.465336
v 15.055453 4.274397 -7.732950
v 15.010249 4.184853 -7.444641
v 15.337152 4.124802 -7.620423
v 15.415358 4.248056 -7.888749
v 13.056151 4.889507 -6.276809
v 13.121797 4.824879 -6.090094
v 14.185083 4.477026 -6.803546
v 14.168253 4.546028 -7.054838
v 11.045255 4.702845 -5.008333
v 12.177443 5.056086 -5.737258
v 12.083983 5.116341 -5.913091
v 6.325420 6.173273 0.174456
v 7.658254 6.785282 -3.287222
v 7.623626 6.970421 -3.452174
v 6.306708 6.560228 -0.081003
v 11.095138 4.558537 -4.840351
v 6.242944 6.812029 -0.333127
v 15.010249 4.184853 -7.444641
v 15.055453 4.274397 -7.732950
v 15.263422 3.894712 -7.385911
v 14.963163 3.996613 -7.194417
v 15.367967 4.361296 -6.695086
v 15.393085 4.179054 -6.647290
v 15.555342 4.362160 -7.969445
v 14.960519 3.651352 -7.217247
v 14.963163 3.996613 -7.194417
v 15.022605 4.302311 -7.895360
v 10.828845 4.844862 -5.449762
v 6.023381 6.831200 -0.709547
v 6.165146 6.893845 -0.510049
v 14.931587 3.316620 -7.386267
v 11.046324 4.318279 -4.783198
v 15.590478 4.425821 -7.371267
v 15.496103 4.450687 -6.902395
v 15.065268 4.311769 -7.832308
v 6.218537 6.909046 -0.429942
v 15.367967 4.361296 -6.695086
v 15.393085 4.179054 -6.647290
v 15.407424 4.426636 -6.894005
v 14.036709 3.624250 -9.727676
v 14.103218 3.469519 -9.480553
v 14.512191 4.023867 -8.616947
v 14.687261 4.030478 -8.629659
v 14.241372 4.032917 -8.548505
v 14.337018 3.464741 -9.161938
v 14.318306 3.477757 -8.635252
v 14.451579 3.565317 -8.759627
v 14.421782 3.261040 -8.635710
v 14.103218 3.469519 -9.480553
v 14.865434 2.634996 -10.373601
v 14.478123 3.593895 -10.263566
v 14.131235 3.746998 -9.897357
v 14.864060 2.219822 -9.960103
v 15.346865 2.105415 -9.655014
v 14.457477 2.170549 -9.729913
v 15.855754 2.322231 -9.136260
v 14.687261 4.030478 -8.629659
v 14.036709 3.624250 -9.727676
v 14.131235 3.746998 -9.897357
v 14.769635 4.184853 -9.047123
v 15.362373 2.877594 -7.871867
v 15.982875 4.242718 -8.217076
v 16.425304 4.011765 -8.423469
v 15.665683 2.737965 -8.044701
v 16.077909 2.773508 -8.340383
v 16.258980 3.239992 -8.629913
v 15.330847 4.051682 -6.961023
v 15.388611 3.946173 -6.590187
v 15.393085 4.179054 -6.647290
v 15.445764 3.713182 -6.729053
v 15.631665 3.694216 -6.747003
v 14.636768 4.128666 -8.470301
v 11.832946 4.309175 -5.866464
v 12.687145 4.039579 -6.295775
v 10.751403 3.944136 -5.056146
v 14.804314 3.162903 -7.585846
v 13.648432 3.587996 -7.050821
v 14.786415 2.991800 -7.983327
v 7.291435 6.115814 -3.504873
v 5.648426 4.959118 -0.248093
v 7.096432 6.867352 -4.266315
v 5.196691 5.587145 -1.363953
v 5.339320 6.311172 -1.546397
v 5.205640 4.936134 -0.971613
v 5.390829 4.822693 -0.597655
v 5.648426 4.959118 -0.248093
v -2.088414 9.599325 -7.388300
v -2.055032 9.823109 -7.174128
v -1.850327 10.151894 -7.125415
v -1.937730 9.857685 -7.374470
v -1.683768 5.684063 -8.608963
v -1.503567 5.786673 -8.429724
v -1.233889 4.680674 -8.205788
v -1.407332 4.538147 -8.382282
v -1.529073 3.421009 -7.708339
v -1.524258 3.569742 -7.463302
v -1.879621 4.591232 -7.873546
v -1.893599 4.470772 -8.132057
v -2.147321 5.697487 -8.098498
v -1.435603 4.815269 -7.755933
v -1.690892 5.864523 -7.969649
v -1.681536 4.461264 -8.329196
v -1.314112 3.402145 -7.900190
v -2.168332 5.616943 -8.359604
v -2.309934 6.680994 -8.148380
v -2.323709 6.652264 -8.381417
v -1.866410 6.778622 -8.064684
v -1.683768 5.684063 -8.608963
v -1.959401 5.621569 -8.556895
v -2.112063 6.672705 -8.570623
v -1.837935 6.719536 -8.631336
v -2.352606 7.696890 -8.180263
v -2.347623 7.684839 -7.986480
v -2.055032 9.823109 -7.174128
v -2.088414 9.599325 -7.388300
v -1.933810 7.723991 -7.941225
v -1.886002 7.761517 -8.420368
v -2.146167 7.728466 -8.352689
v -1.937730 9.857685 -7.374470
v -1.809048 9.638021 -7.532049
v -0.285292 2.267365 -6.797750
v -0.179072 2.110550 -6.596237
v -0.423713 2.026854 -6.539898
v -0.546786 2.179703 -6.738003
v -0.179072 2.110550 -6.596237
v -0.033084 2.274178 -6.448116
v -0.314084 2.208790 -6.278640
v -1.044504 3.488081 -7.957648
v -0.882837 3.658575 -7.793256
v -0.460717 2.906883 -7.182365
v -0.621096 2.727594 -7.344012
v -1.093456 3.822304 -7.358250
v -0.677278 3.087446 -6.747206
v -0.890810 2.637032 -7.283503
v -1.109326 2.660017 -7.092873
v -0.546786 2.179703 -6.738003
v -0.621096 2.727594 -7.344012
v -0.285292 2.267365 -6.797750
v -1.044504 3.488081 -7.957648
v -0.759464 2.201721 -6.553881
v -0.757949 2.356094 -6.317945
v -1.107983 2.817442 -6.849615
v -0.341240 2.618879 -6.220418
v -0.130129 2.442791 -6.640476
v -0.285292 2.267365 -6.797750
v -0.621305 2.192720 -6.146027
v -0.623354 2.049025 -6.367776
v -0.759464 2.201721 -6.553881
v -0.130129 2.442791 -6.640476
v -0.285292 2.267365 -6.797750
v -1.809048 9.638021 -7.532049
v -1.704301 9.871670 -7.354639
v -1.730844 7.770264 -8.303823
v -1.886002 7.761517 -8.420368
v -1.704301 9.871670 -7.354639
v -1.665072 6.770283 -8.480216
v -1.837935 6.719536 -8.631336
v -1.407332 4.538147 -8.382282
v -1.809048 9.638021 -7.532049
v 4.764369 4.457705 -13.199644
v 5.076587 4.386517 -12.956896
v 5.527051 4.162529 -12.979218
v 5.114621 4.301395 -13.244900
v -0.324109 3.751064 -14.567107
v -0.152918 3.489199 -14.402358
v -1.514001 2.934088 -14.120659
v -1.735191 3.181158 -14.281085
v -3.111831 2.986460 -13.319696
v -2.895909 2.931747 -13.024370
v -1.672241 3.635082 -13.508700
v -1.854354 3.709015 -13.820247
v -0.310672 4.188057 -13.792280
v -1.320214 3.077684 -13.507074
v -0.029057 3.603962 -13.776112
v -1.861117 3.498301 -14.128796
v -3.129653 2.769341 -13.621838
v -0.442852 4.277090 -14.107897
v 0.924014 4.542873 -13.878214
v 0.861939 4.622097 -14.164337
v 1.110704 3.978052 -13.909842
v -0.324109 3.751064 -14.567107
v -0.431848 4.072327 -14.416748
v 0.894288 4.413874 -14.465106
v 0.980980 4.094749 -14.624718
v 2.216434 4.747030 -13.978844
v 2.221280 4.684233 -13.736298
v 5.076587 4.386517 -12.956896
v 4.764369 4.457705 -13.199644
v 2.325605 4.159277 -13.803315
v 2.330777 4.240532 -14.421020
v 2.264130 4.542112 -14.257796
v 5.114621 4.301395 -13.244900
v 4.832826 4.154446 -13.464361
v -4.347454 1.011768 -12.457870
v -4.515034 0.799887 -12.224884
v -4.645852 1.078228 -12.076713
v -4.484937 1.309639 -12.300190
v -4.515034 0.799887 -12.224884
v -4.273032 0.598169 -12.093493
v -4.373223 0.892481 -11.794148
v -2.993101 2.460436 -13.778857
v -2.738778 2.235434 -13.632159
v -3.588615 1.429436 -12.935132
v -3.853834 1.650829 -13.078117
v -2.510230 2.398453 -13.036778
v -3.339281 1.602167 -12.338987
v -3.996006 1.958361 -12.916827
v -3.973429 2.180820 -12.615499
v -4.484937 1.309639 -12.300190
v -3.853834 1.650829 -13.078117
v -4.347454 1.011768 -12.457870
v -2.993101 2.460436 -13.778857
v -4.463586 1.526506 -12.008677
v -4.241817 1.479321 -11.724283
v -3.746992 2.132158 -12.322055
v -3.845470 0.967176 -11.742690
v -4.088265 0.797598 -12.318598
v -4.347454 1.011768 -12.457870
v -4.417212 1.236876 -11.536805
v -4.623910 1.282230 -11.804013
v -4.463586 1.526506 -12.008677
v -4.088265 0.797598 -12.318598
v -4.347454 1.011768 -12.457870
v 4.832826 4.154446 -13.464361
v 5.162520 4.005766 -13.289239
v 2.372421 4.014664 -14.320849
v 2.330777 4.240532 -14.421020
v 5.162520 4.005766 -13.289239
v 1.082035 3.842798 -14.489309
v 0.980980 4.094749 -14.624718
v -1.735191 3.181158 -14.281085
v 4.832826 4.154446 -13.464361
vn 0.4240 0.2992 0.8548
vn 0.0236 0.4079 0.9127
vn -0.0949 -0.0995 0.9905
vn 0.2853 -0.2356 0.9290
vn 0.5661 0.8149 0.1247
vn 0.3162 0.9330 0.1720
vn 0.2884 0.9418 0.1728
vn 0.5728 0.8100 0.1254
vn -0.1448 -0.9817 -0.1237
vn -0.3717 -0.9220 -0.1089
vn -0.3713 -0.9226 -0.1040
vn -0.1285 -0.9828 -0.1327
vn 0.9315 -0.3576 -0.0658
vn 0.6231 -0.7734 -0.1170
vn 0.6426 -0.7495 -0.1592
vn 0.9294 -0.3497 -0.1179
vn -0.2522 -0.9550 -0.1563
vn -0.3548 -0.9229 -0.1495
vn -0.3679 -0.9216 -0.1242
vn -0.2012 -0.9710 -0.1289
vn 0.5841 -0.8082 -0.0750
vn 0.9297 -0.3682 -0.0015
vn 0.9829 0.1715 0.0678
vn 0.9880 0.1539 0.0157
vn 0.5538 0.8218 0.1342
vn 0.5054 0.8527 0.1320
vn -0.3553 -0.9180 -0.1760
vn -0.4277 -0.8702 -0.2446
vn -0.3729 -0.9095 -0.1837
vn -0.3950 -0.8758 -0.2774
vn 0.4952 -0.8524 -0.1677
vn 0.5633 -0.7846 -0.2591
vn -0.2027 -0.9577 -0.2041
vn 0.9266 -0.3707 -0.0627
vn 0.6751 -0.7050 -0.2174
vn 0.9173 -0.3438 -0.2011
vn 0.7518 -0.6102 -0.2500
vn 0.3717 -0.4197 -0.8281
vn 0.9230 -0.3193 -0.2146
vn 0.7986 -0.2287 -0.5568
vn 0.9771 0.2127 -0.0059
vn 0.9187 0.3823 -0.0987
vn 0.9330 -0.2875 -0.2166
vn 0.2421 0.9634 0.1150
vn 0.2869 0.9532 0.0957
vn 0.4729 0.8747 0.1063
vn 0.2435 0.9697 0.0173
vn 0.3283 0.9440 -0.0337
vn 0.3541 0.9320 0.0775
vn 0.4205 0.9045 0.0707
vn -0.9006 -0.4341 0.0222
vn -0.9072 -0.4185 0.0434
vn -0.5260 -0.8473 -0.0733
vn -0.5134 -0.8543 -0.0805
vn -0.7939 -0.6054 -0.0569
vn -0.8131 -0.5723 -0.1064
vn -0.4642 -0.8733 -0.1480
vn -0.4521 -0.8775 -0.1598
vn -0.8439 -0.5130 -0.1574
vn -0.8879 -0.4559 -0.0620
vn -0.4968 -0.8617 -0.1028
vn -0.4745 -0.8700 -0.1345
vn -0.3973 0.6476 0.6502
vn -0.2693 0.6795 0.6825
vn -0.5658 0.1166 0.8163
vn -0.6124 0.1330 0.7793
vn -0.7663 -0.3176 0.5585
vn -0.7427 -0.4158 0.5249
vn -0.6153 -0.7836 -0.0857
vn -0.7561 -0.6544 0.0077
vn 0.0295 0.4723 -0.8809
vn -0.0688 0.0428 -0.9967
vn -0.0464 -0.1158 -0.9922
vn 0.0904 0.7612 -0.6422
vn -0.0618 0.9980 0.0097
vn 0.2434 0.9698 0.0173
vn 0.0631 0.9814 0.1811
vn -0.1370 0.9675 0.2125
vn 0.1512 -0.8092 0.5677
vn 0.4296 -0.2995 0.8519
vn -0.2252 -0.9467 -0.2303
vn -0.4277 -0.8702 -0.2447
vn -0.1399 -0.9899 -0.0226
vn 0.6486 0.2840 0.7062
vn 0.5823 0.7837 0.2164
vn -0.6725 -0.7401 0.0075
vn -0.7528 -0.3535 0.5552
vn -0.8737 -0.2203 0.4338
vn -0.7468 -0.6641 -0.0354
vn -0.8327 0.2488 0.4947
vn -0.9220 -0.1326 0.3639
vn -0.7686 0.2017 0.6072
vn -0.3847 0.8860 0.2587
vn -0.6543 0.5840 0.4804
vn -0.6101 0.5720 0.5482
vn -0.2558 0.9224 0.2893
vn 0.2005 -0.3645 -0.9094
vn -0.4538 -0.7817 -0.4277
vn -0.3413 -0.7398 -0.5798
vn 0.2659 -0.3066 -0.9140
vn -0.6220 0.1108 0.7751
vn -0.3956 -0.6084 0.6880
vn -0.1769 -0.1022 0.9789
vn -0.4303 -0.8552 -0.2889
vn -0.4645 -0.8844 0.0458
vn 0.5579 0.1221 0.8209
vn 0.6212 0.7247 0.2982
vn 0.0467 0.3198 0.9463
vn -0.0199 0.9910 0.1327
vn -0.2350 0.9196 0.3148
vn 0.2050 0.9729 0.1073
vn 0.5116 0.8588 0.0269
vn 0.4020 0.9152 -0.0291
vn 0.3302 0.9172 0.2227
vn -0.5994 -0.6494 -0.4680
vn -0.7719 -0.6259 -0.1115
vn -0.4234 -0.8847 -0.1953
vn -0.3746 -0.8678 -0.3266
vn 0.1309 0.9503 0.2825
vn 0.8318 0.0600 0.5519
vn 0.9892 0.1063 -0.1009
vn 0.4561 0.8687 0.1932
vn 0.9459 0.1096 -0.3055
vn 0.7068 0.6930 -0.1419
vn 0.4286 0.9013 0.0624
vn -0.0848 -0.4240 -0.9017
vn 0.0827 -0.5705 -0.8171
vn 0.1994 -0.1240 -0.9720
vn -0.0191 -0.1107 -0.9937
vn 0.8319 -0.3437 -0.4356
vn 0.2969 -0.7925 -0.5327
vn 0.2844 -0.2722 -0.9193
vn 0.5593 -0.1910 -0.8067
vn 0.0974 0.2275 -0.9689
vn 0.6605 0.2557 -0.7059
vn 0.2833 0.1130 -0.9523
vn -0.0100 0.1174 -0.9930
vn -0.5149 -0.8529 0.0863
vn -0.5204 -0.8211 -0.2345
vn -0.2799 -0.8901 -0.3596
vn -0.2035 -0.9791 -0.0049
vn 0.4463 -0.8750 -0.1877
vn 0.8319 -0.3438 -0.4356
vn 0.9058 -0.3822 -0.1831
vn -0.6364 -0.7293 -0.2511
vn -0.3951 -0.8757 -0.2774
vn -0.4070 -0.7651 -0.4990
vn -0.0026 0.1166 -0.9932
vn -0.0466 0.1097 -0.9929
vn -0.0052 -0.0831 -0.9965
vn 0.1272 0.0571 -0.9902
vn 0.0827 -0.5704 -0.8172
vn 0.1309 -0.9794 -0.1540
vn 0.1994 -0.1241 -0.9720
vn 0.6605 0.2556 -0.7059
vn 0.9944 0.0663 -0.0819
vn 0.2834 0.1131 -0.9523
vn -0.0268 0.0627 -0.9977
vn -0.4350 -0.6905 -0.5780
vn -0.8743 -0.4836 -0.0412
vn -0.1868 -0.1238 -0.9746
vn -0.9472 0.2429 0.2093
vn -0.8828 0.3914 0.2597
vn -0.2492 0.9559 0.1551
vn -0.0662 0.9540 -0.2925
vn -0.9128 0.3942 0.1066
vn -0.0761 0.9935 0.0843
vn -0.1198 0.9776 0.1732
vn -0.2896 0.9404 0.1785
vn -0.2112 0.9759 0.0553
vn -0.5037 0.8274 0.2485
vn -0.3564 0.9197 0.1646
vn -0.3097 0.9150 0.2585
vn 0.2099 0.9743 0.0822
vn 0.1060 0.9906 0.0870
vn -0.1746 0.9815 0.0784
vn -0.1675 0.9793 0.1140
vn 0.3358 0.9325 -0.1332
vn 0.2752 0.9610 0.0281
vn -0.1020 0.9946 0.0198
vn 0.1443 0.9208 -0.3623
vn 0.5927 0.2031 -0.7794
vn 0.6043 0.1199 -0.7877
vn -0.0661 0.9540 -0.2924
vn 0.2797 0.9044 -0.3221
vn -0.9922 -0.0092 0.1246
vn -0.9949 -0.0161 0.0993
vn -0.9937 -0.0991 -0.0531
vn -0.8654 0.5009 0.0161
vn -0.8350 0.5440 -0.0831
vn -0.9883 -0.0344 -0.1489
vn -0.9801 -0.1943 0.0407
vn -0.9130 0.3816 0.1441
vn -0.8897 0.4370 0.1320
vn -0.9866 -0.1546 0.0518
vn 0.1157 0.9697 0.2153
vn 0.0484 0.9843 0.1698
vn 0.2114 0.9584 0.1918
vn 0.1734 0.9797 0.1003
vn 0.2169 0.9670 0.1339
vn 0.0397 0.9931 0.1103
vn 0.3220 0.9453 0.0527
vn 0.2717 0.9587 0.0837
vn 0.4827 0.8755 0.0230
vn 0.4047 0.9129 -0.0537
vn 0.4491 -0.0006 -0.8935
vn -0.8315 0.3928 -0.3930
vn -0.8178 -0.3321 -0.4699
vn 0.5082 0.3613 -0.7817
vn 0.2161 0.9585 -0.1858
vn 0.3994 0.6638 -0.6323
vn 0.5118 0.2328 -0.8270
vn 0.4491 -0.0005 -0.8935
vn 0.4485 -0.0529 -0.8922
vn 0.5463 0.0876 -0.8330
vn -0.1146 0.8861 -0.4490
vn -0.4258 0.9024 0.0659
vn -0.5575 0.8201 0.1287
vn -0.2902 0.8705 -0.3974
vn -0.3711 0.9181 0.1392
vn -0.2861 0.9548 0.0806
vn -0.4463 0.8919 0.0729
vn -0.5122 0.8447 0.1555
vn -0.2608 0.9642 0.0483
vn -0.4965 0.8572 0.1367
vn -0.4109 0.9116 0.0145
vn -0.6912 0.6802 0.2440
vn -0.9067 0.3753 0.1922
vn -0.8958 0.4098 0.1721
vn -0.6301 0.7427 0.2266
vn -0.8663 0.4957 0.0615
vn -0.5775 0.7713 0.2676
vn -0.5576 0.8201 0.1287
vn -0.8314 0.3928 -0.3930
vn -0.9130 0.3817 0.1441
vn 0.4292 -0.0139 -0.9031
vn -0.1103 0.0601 -0.9921
vn 0.4161 0.9076 -0.0564
vn 0.2360 0.9581 0.1623
vn 0.2838 0.9403 0.1878
vn 0.2145 0.9537 0.2110
vn -0.9997 -0.0190 -0.0153
vn -0.0974 0.9840 0.1493
vn -0.2492 0.9560 0.1551
vn -0.3468 0.8952 0.2800
vn 0.4291 -0.0138 -0.9031
vn -0.1102 0.0600 -0.9921
vn 0.6043 0.1198 -0.7877
vn 0.6895 -0.1150 -0.7151
vn -0.0175 0.1046 -0.9944
vn 0.6849 0.7189 0.1188
vn 0.5225 0.3288 -0.7867
vn 0.9200 0.3919 -0.0001
vn 0.0975 0.2274 -0.9689
vn -0.0174 0.1046 -0.9944
vn 0.7454 -0.3654 0.5576
vn 0.9892 0.1063 -0.1008
vn 0.9459 0.1095 -0.3055
vn 0.4565 -0.7847 0.4194
vn 0.0177 -0.7638 0.6452
vn 0.4462 -0.8750 -0.1877
vn -0.3283 -0.6066 0.7241
vn 0.5225 0.3289 -0.7867
vn 0.6895 -0.1151 -0.7151
vn 0.1263 0.9920 -0.0044
vn -0.2098 -0.9535 -0.2162
vn 0.2317 0.9541 0.1900
vn -0.4460 0.4888 0.7497
vn 0.0849 -0.7749 0.6263
vn -0.1432 -0.9887 0.0447
vn 0.3447 -0.2844 0.8946
vn -0.1102 0.0601 -0.9921
vn -0.4349 -0.6905 -0.5780
vn 0.3283 0.9440 -0.0338
vn -0.3678 -0.9216 -0.1242
vn -0.4276 -0.8702 -0.2446
vn -0.3714 -0.9226 -0.1040
vn -0.3699 -0.9233 -0.1034
vn 0.9895 0.1381 -0.0432
vn 0.9905 0.1333 -0.0326
vn 0.9285 -0.3474 -0.1314
vn 0.6395 -0.7497 -0.1704
vn -0.1398 -0.9811 -0.1339
vn 0.7576 0.5743 0.3102
vn 0.4480 0.8532 0.2672
vn 0.2293 0.6670 0.7089
vn 0.5121 0.3788 0.7709
vn 0.7747 0.3053 -0.5538
vn 0.5991 0.5160 -0.6122
vn 0.5768 0.5339 -0.6182
vn 0.7797 0.3000 -0.5496
vn -0.4420 -0.5863 0.6789
vn -0.6242 -0.4417 0.6445
vn -0.6223 -0.4389 0.6481
vn -0.4307 -0.6003 0.6739
vn 0.7153 -0.6617 0.2247
vn 0.3068 -0.8002 0.5154
vn 0.3163 -0.8241 0.4699
vn 0.6976 -0.6920 0.1855
vn -0.5423 -0.5461 0.6386
vn -0.6232 -0.4777 0.6192
vn -0.6259 -0.4537 0.6344
vn -0.4914 -0.5589 0.6679
vn 0.2767 -0.7742 0.5693
vn 0.7330 -0.6226 0.2739
vn 0.9526 -0.2878 -0.0983
vn 0.9344 -0.3360 -0.1179
vn 0.7688 0.3212 -0.5529
vn 0.7331 0.3589 -0.5777
vn -0.6315 -0.4929 0.5986
vn -0.7070 -0.4808 0.5186
vn -0.6476 -0.4856 0.5872
vn -0.6906 -0.5209 0.5017
vn 0.1528 -0.8243 0.5452
vn 0.2010 -0.8782 0.4340
vn -0.5151 -0.6024 0.6098
vn 0.7084 -0.6649 0.2368
vn 0.3376 -0.8530 0.3981
vn 0.6597 -0.7406 0.1280
vn 0.4211 -0.8546 0.3037
vn -0.0672 -0.9758 -0.2080
vn 0.6668 -0.7384 0.1004
vn 0.4620 -0.8671 -0.1863
vn 0.9334 -0.3123 -0.1769
vn 0.8955 -0.2529 -0.3662
vn 0.6839 -0.7258 0.0746
vn 0.5213 0.5269 -0.6713
vn 0.5521 0.4879 -0.6761
vn 0.7011 0.3681 -0.6107
vn 0.4905 0.4626 -0.7385
vn 0.5420 0.3753 -0.7519
vn 0.6002 0.4336 -0.6721
vn 0.6500 0.3839 -0.6559
vn -0.9198 0.1624 0.3572
vn -0.9141 0.1888 0.3588
vn -0.7299 -0.3062 0.6111
vn -0.7230 -0.3207 0.6119
vn -0.8983 -0.0377 0.4377
vn -0.9236 -0.0443 0.3809
vn -0.7073 -0.3999 0.5829
vn -0.7017 -0.4158 0.5786
vn -0.9525 -0.0317 0.3029
vn -0.9434 0.0863 0.3202
vn -0.7178 -0.3477 0.6032
vn -0.7109 -0.3841 0.5891
vn 0.0453 0.9957 -0.0807
vn 0.1801 0.9799 -0.0859
vn -0.1942 0.8789 0.4358
vn -0.2444 0.8833 0.4000
vn -0.5822 0.5398 0.6080
vn -0.5996 0.4497 0.6620
vn -0.7968 -0.2388 0.5550
vn -0.8556 -0.0380 0.5163
vn -0.1479 -0.3482 -0.9257
vn -0.3940 -0.6318 -0.6676
vn -0.4158 -0.7298 -0.5427
vn 0.0683 -0.0443 -0.9967
vn 0.2217 0.6082 -0.7622
vn 0.3883 0.6617 -0.6414
vn 0.2158 0.7635 -0.6087
vn 0.1096 -0.1411 0.9839
vn 0.5974 0.2253 0.7697
vn -0.5413 -0.6041 0.5848
vn -0.4049 -0.5235 0.7496
vn 0.9037 0.3641 0.2251
vn 0.8123 0.3434 -0.4714
vn -0.8041 -0.1243 0.5814
vn -0.5811 0.5109 0.6335
vn -0.6950 0.5571 0.4546
vn -0.8647 -0.0774 0.4963
vn -0.5084 0.8510 0.1316
vn -0.7383 0.5807 0.3429
vn -0.4250 0.8731 0.2389
vn -0.0130 0.8576 -0.5141
vn -0.2613 0.9554 -0.1375
vn -0.2016 0.9757 -0.0854
vn 0.1232 0.8428 -0.5239
vn -0.2339 -0.9246 -0.3007
vn -0.7694 -0.5445 0.3340
vn -0.7094 -0.6747 0.2037
vn -0.1608 -0.9233 -0.3489
vn -0.2605 0.8719 0.4147
vn -0.2847 0.2983 0.9110
vn 0.1509 0.6937 0.7043
vn -0.7205 -0.5015 0.4789
vn -0.6437 -0.2726 0.7150
vn 0.8175 0.3900 0.4238
vn 0.8593 0.3487 -0.3742
vn 0.4562 0.8154 0.3563
vn 0.2998 0.6704 -0.6787
vn 0.1499 0.8496 -0.5056
vn 0.4879 0.5434 -0.6831
vn 0.7040 0.2872 -0.6495
vn 0.6019 0.3294 -0.7275
vn 0.6249 0.5357 -0.5679
vn -0.8777 -0.4319 0.2078
vn -0.9030 -0.0968 0.4185
vn -0.6901 -0.4570 0.5612
vn -0.6870 -0.5593 0.4640
vn 0.4757 0.6837 -0.5533
vn 0.9535 0.0481 0.2976
vn 0.8823 -0.4443 -0.1557
vn 0.7144 0.4319 -0.5506
vn 0.7737 -0.5643 -0.2882
vn 0.7756 -0.0105 -0.6311
vn 0.6535 0.3727 -0.6588
vn -0.5035 -0.8279 -0.2472
vn -0.3643 -0.9277 -0.0821
vn -0.1905 -0.8290 -0.5259
vn -0.3904 -0.7399 -0.5478
vn 0.5021 -0.8645 -0.0207
vn -0.1347 -0.9539 0.2683
vn -0.1366 -0.9153 -0.3790
vn 0.1712 -0.9122 -0.3724
vn -0.1844 -0.5796 -0.7937
vn 0.4195 -0.6304 -0.6532
vn -0.0432 -0.7160 -0.6968
vn -0.3194 -0.6122 -0.7233
vn -0.6664 -0.2044 0.7171
vn -0.7733 -0.4047 0.4881
vn -0.6195 -0.6366 0.4594
vn -0.4529 -0.4770 0.7532
vn 0.0958 -0.8294 0.5503
vn -0.1347 -0.9538 0.2684
vn 0.5022 -0.8645 -0.0207
vn 0.6450 -0.7452 0.1691
vn -0.8580 -0.3122 0.4080
vn -0.7473 -0.6047 0.2754
vn -0.3130 -0.6160 -0.7228
vn -0.3543 -0.6004 -0.7170
vn -0.3713 -0.7321 -0.5711
vn -0.2118 -0.7054 -0.6764
vn -0.3642 -0.9277 -0.0822
vn -0.2043 -0.7273 0.6552
vn -0.1904 -0.8290 -0.5258
vn 0.4194 -0.6303 -0.6533
vn 0.8825 -0.4565 -0.1128
vn -0.3511 -0.6395 -0.6839
vn -0.7793 -0.6038 0.1678
vn -0.9317 0.0787 0.3547
vn -0.5379 -0.6603 -0.5240
vn -0.7113 0.7015 -0.0447
vn -0.0129 0.8576 -0.5141
vn -0.5954 0.7932 -0.1277
vn 0.0921 0.7668 -0.6353
vn 0.1014 0.3766 -0.9208
vn -0.6744 0.7026 -0.2271
vn 0.2333 0.6633 -0.7111
vn 0.2203 0.7346 -0.6417
vn 0.0596 0.7917 -0.6080
vn 0.0972 0.6927 -0.7146
vn -0.1394 0.8693 -0.4743
vn -0.0108 0.7997 -0.6003
vn 0.0623 0.8411 -0.5373
vn 0.4840 0.5247 -0.7003
vn 0.3969 0.5832 -0.7088
vn 0.1396 0.6957 -0.7046
vn 0.1577 0.7158 -0.6802
vn 0.5113 0.2968 -0.8065
vn 0.5203 0.4510 -0.7252
vn 0.1881 0.6309 -0.7527
vn 0.2571 0.2166 -0.9418
vn 0.3189 -0.6813 -0.6589
vn 0.3035 -0.7400 -0.6002
vn 0.3881 0.1752 -0.9048
vn -0.8501 0.5178 0.0960
vn -0.8632 0.4975 0.0852
vn -0.9374 0.3443 0.0520
vn -0.6338 0.6807 -0.3674
vn -0.6289 0.6237 -0.4641
vn -0.9479 0.3132 -0.0590
vn -0.9190 0.3482 0.1850
vn -0.6651 0.7213 -0.1935
vn -0.6332 0.7345 -0.2440
vn -0.9101 0.3815 0.1615
vn 0.4442 0.6553 -0.6110
vn 0.3721 0.6621 -0.6506
vn 0.5189 0.5905 -0.6182
vn 0.4590 0.5564 -0.6926
vn 0.5062 0.5530 -0.6618
vn 0.3461 0.6299 -0.6953
vn 0.5665 0.4383 -0.6978
vn 0.5358 0.4896 -0.6879
vn 0.6814 0.3069 -0.6645
vn 0.5951 0.3099 -0.7415
vn 0.0946 -0.8139 -0.5733
vn -0.7742 0.3217 -0.5452
vn -0.9873 -0.1545 -0.0358
vn 0.2856 -0.5547 -0.7815
vn 0.3928 0.3283 -0.8590
vn 0.3224 -0.2298 -0.9183
vn 0.2379 -0.6613 -0.7114
vn 0.0947 -0.8138 -0.5733
vn 0.0802 -0.8428 -0.5322
vn 0.2270 -0.7642 -0.6037
vn -0.0147 0.2510 -0.9679
vn -0.1119 0.7523 -0.6493
vn -0.2311 0.8063 -0.5445
vn -0.1588 0.3550 -0.9213
vn -0.0332 0.7877 -0.6151
vn 0.0330 0.7310 -0.6816
vn -0.1308 0.7601 -0.6365
vn -0.1743 0.8189 -0.5469
vn 0.0471 0.7030 -0.7096
vn -0.1633 0.8062 -0.5686
vn -0.1137 0.7156 -0.6892
vn -0.3496 0.8641 -0.3620
vn -0.6446 0.7480 -0.1580
vn -0.6323 0.7492 -0.1975
vn -0.2835 0.8612 -0.4218
vn -0.6205 0.7094 -0.3344
vn -0.2144 0.8827 -0.4182
vn -0.1119 0.7523 -0.6492
vn -0.7742 0.3216 -0.5452
vn -0.6651 0.7213 -0.1936
vn 0.0698 -0.8193 -0.5691
vn -0.4248 -0.6004 -0.6776
vn 0.6031 0.3000 -0.7392
vn -0.6651 0.7212 -0.1935
vn 0.5307 0.5591 -0.6370
vn 0.5775 0.5453 -0.6075
vn 0.5270 0.5996 -0.6023
vn -0.9030 -0.0968 0.4186
vn -0.9078 0.4191 0.0144
vn 0.2341 0.7119 -0.6621
vn 0.0921 0.7667 -0.6353
vn 0.0309 0.8608 -0.5080
vn -0.4248 -0.6004 -0.6775
vn 0.3035 -0.7401 -0.6001
vn 0.3406 -0.8627 -0.3737
vn -0.3301 -0.6172 -0.7142
vn 0.8530 0.1937 -0.4847
vn 0.2877 -0.5831 -0.7598
vn 0.9333 -0.1800 -0.3107
vn 0.4195 -0.6303 -0.6532
vn -0.1844 -0.5797 -0.7937
vn 0.4619 -0.8671 -0.1864
vn 0.7612 -0.1546 0.6298
vn 0.8823 -0.4442 -0.1556
vn 0.7736 -0.5643 -0.2881
vn 0.3391 -0.3638 0.8676
vn 0.0290 -0.0028 0.9996
vn 0.0957 -0.8295 0.5503
vn -0.2112 0.2945 0.9320
vn 0.3406 -0.8628 -0.3737
vn 0.7736 -0.5643 -0.2882
vn 0.3839 0.5121 -0.7683
vn -0.5245 -0.6051 0.5989
vn 0.5352 0.5778 -0.6162
vn -0.0076 0.9944 0.1055
vn 0.0798 -0.0518 0.9955
vn -0.3843 -0.4749 0.7916
vn 0.5400 0.3008 0.7861
vn 0.0801 -0.8428 -0.5322
vn -0.5379 -0.6604 -0.5240
vn -0.7793 -0.6038 0.1677
vn -0.9317 0.0786 0.3547
vn 0.5419 0.3752 -0.7520
vn -0.6233 -0.4777 0.6192
vn -0.6258 -0.4537 0.6344
vn -0.6241 -0.4418 0.6445
vn -0.6901 -0.4569 0.5612
vn -0.6210 -0.4395 0.6490
vn 0.9111 -0.3864 -0.1433
vn 0.9144 -0.3823 -0.1329
vn 0.6929 -0.6994 0.1754
vn 0.3095 -0.8306 0.4629
vn -0.4408 -0.5951 0.6719
vn -0.9541 -0.1833 -0.2368
vn -0.7475 -0.5200 -0.4132
vn 0.9176 -0.3230 0.2319
vn 0.8952 0.0853 0.4373
vn -0.5105 0.7049 -0.4925
vn -0.6512 0.6163 -0.4429
vn 0.0440 0.7071 0.7057
vn -0.0392 0.6967 0.7163
vn -0.2035 -0.3461 -0.9159
vn -0.0099 -0.2710 -0.9625
vn 0.3226 -0.9433 0.0780
vn 0.4275 -0.9011 0.0727
vn 0.5861 -0.1496 0.7963
vn 0.5023 -0.8616 0.0738
vn 0.4440 -0.2202 0.8686
vn -0.2029 0.3143 -0.9274
vn -0.4398 0.2221 -0.8702
vn -0.5393 -0.4225 -0.7285
vn -0.3571 -0.3906 -0.8485
vn 0.5906 -0.8044 0.0638
vn 0.7394 -0.0544 0.6711
vn -0.8008 0.4726 -0.3679
vn -0.6098 0.1364 -0.7808
vn -0.7733 0.0292 -0.6334
vn -0.7475 -0.5200 -0.4133
vn -0.7197 -0.4708 -0.5102
vn 0.7319 -0.6791 0.0563
vn 0.9176 -0.3229 0.2319
vn 0.8849 0.0732 0.4601
vn -0.9667 0.2304 -0.1110
vn -0.9380 0.2763 -0.2093
vn -0.9078 -0.1013 -0.4069
vn 0.1519 0.4072 -0.9006
vn -0.0278 0.8705 -0.4914
vn 0.5476 0.7515 -0.3680
vn 0.6513 0.4394 -0.6187
vn 0.5476 0.7515 -0.3681
vn 0.6207 0.5427 0.5659
vn 0.8930 0.0823 0.4424
vn -0.1247 0.8394 -0.5290
vn -0.3171 0.7803 -0.5390
vn -0.1486 0.6696 0.7277
vn -0.2347 0.6036 0.7619
vn 0.1929 -0.3176 0.9284
vn -0.0400 -0.3834 0.9227
vn 0.1857 -0.2230 -0.9570
vn 0.0338 0.3819 -0.9236
vn 0.2910 -0.2205 -0.9310
vn 0.2638 -0.9383 0.2236
vn 0.2238 -0.9660 0.1297
vn 0.0328 -0.3655 0.9302
vn -0.1698 0.5449 0.8211
vn 0.7554 0.0409 -0.6540
vn 0.8967 -0.4020 0.1853
vn 0.2909 -0.2205 -0.9310
vn -0.0279 0.8705 -0.4914
vn -0.9667 0.2305 -0.1110
vn 0.6846 0.4747 0.5532
vn 0.3244 0.7159 0.6183
vn 0.1451 0.7205 0.6781
vn -0.5105 0.7048 -0.4925
vn -0.8835 0.2765 0.3780
vn -0.9910 -0.0554 0.1222
vn 0.6161 -0.7070 -0.3472
vn 0.9024 -0.3921 -0.1790
vn -0.2878 0.9510 -0.1133
vn -0.4023 0.9154 0.0122
vn 0.7397 0.4213 0.5247
vn 0.6818 0.4422 0.5827
vn -0.7930 0.0145 -0.6090
vn -0.6461 0.0165 -0.7630
vn -0.1772 -0.9787 -0.1036
vn -0.0862 -0.9815 -0.1709
vn 0.7645 -0.5709 0.2993
vn -0.0144 -0.9764 -0.2153
vn 0.6696 -0.5959 0.4433
vn -0.4869 0.5991 -0.6356
vn -0.6667 0.5963 -0.4472
vn -0.9658 0.0307 -0.2575
vn -0.8863 0.0182 -0.4628
vn 0.0694 -0.9584 -0.2770
vn 0.8509 -0.5147 0.1052
vn -0.5355 0.8283 0.1647
vn -0.7792 0.5645 -0.2723
vn -0.8666 0.4961 -0.0540
vn -0.9996 0.0023 0.0264
vn 0.2241 -0.9017 -0.3698
vn 0.6162 -0.7070 -0.3472
vn 0.9014 -0.4047 -0.1542
vn -0.6302 0.6133 0.4762
vn -0.6406 0.6680 0.3787
vn -0.9026 0.3751 0.2113
vn -0.8835 0.2766 0.3779
vn -0.1791 0.5341 -0.8263
vn 0.1306 0.9062 -0.4021
vn 0.5447 0.5422 -0.6398
vn 0.3371 0.2919 -0.8951
vn 0.9935 0.0856 0.0753
vn 0.9021 -0.3952 -0.1734
vn 0.0278 0.9269 -0.3743
vn -0.1408 0.9533 -0.2671
vn 0.5982 0.4585 0.6572
vn 0.5246 0.4254 0.7374
vn 0.4788 -0.5984 0.6425
vn 0.2808 -0.5630 0.7773
vn -0.4829 -0.0197 -0.8754
vn -0.2863 0.5644 -0.7743
vn 0.1305 0.9062 -0.4021
vn -0.3939 -0.0660 -0.9168
vn -0.1389 -0.9891 0.0484
vn -0.2299 -0.9732 -0.0029
vn 0.3445 -0.5778 0.7399
vn 0.5740 0.3327 0.7482
vn 0.2033 -0.0911 -0.9749
vn 0.5393 -0.7563 -0.3704
vn -0.3939 -0.0659 -0.9168
vn 0.1306 0.9063 -0.4021
vn 0.5739 0.3327 0.7482
vn -0.6405 0.6680 0.3788
vn 0.9996 0.0039 0.0291
vn 0.8947 0.3414 0.2882
vn 0.9996 0.0038 0.0290
vn 0.8025 0.4005 0.4423
vn -0.6302 0.6132 0.4762
vn -0.4273 0.1887 -0.8842
vn -0.7164 -0.2202 -0.6621
vn -0.1657 -0.3425 0.9248
vn 0.2859 0.0037 0.9582
vn 0.6077 0.0802 -0.7901
vn 0.4998 0.1488 -0.8533
vn 0.6611 0.7331 0.1598
vn 0.6337 0.7655 0.1113
vn -0.4000 -0.7770 -0.4861
vn -0.2926 -0.8733 -0.3894
vn -0.7992 -0.3771 0.4680
vn -0.7455 -0.4077 0.5273
vn -0.0358 0.3712 0.9279
vn -0.7017 -0.4262 0.5709
vn -0.1386 0.4717 0.8708
vn 0.2917 -0.6055 -0.7405
vn 0.1429 -0.4757 -0.8679
vn -0.5502 -0.5288 -0.6463
vn -0.4742 -0.6798 -0.5594
vn -0.6424 -0.4550 0.6167
vn 0.0968 0.2296 0.9685
vn 0.3371 0.2260 -0.9140
vn 0.0174 -0.3522 -0.9358
vn -0.1319 -0.1900 -0.9729
vn -0.6572 -0.2967 -0.6928
vn -0.5187 -0.4892 0.7012
vn 0.2700 0.0239 0.9626
vn 0.0595 0.4398 -0.8961
vn 0.1150 0.3601 -0.9258
vn -0.3087 0.0257 -0.9508
vn 0.4781 -0.7334 -0.4833
vn 0.8683 -0.0718 -0.4908
vn 0.9554 -0.2935 0.0319
vn 0.6575 -0.7508 0.0629
vn 0.7021 0.3920 0.5945
vn 0.2866 0.0021 0.9581
vn 0.8185 -0.0689 -0.5704
vn 0.7193 -0.0125 -0.6946
vn 0.5908 0.8053 0.0488
vn 0.5273 0.8494 0.0218
vn -0.2948 0.6080 0.7372
vn -0.4222 0.7004 0.5754
vn -0.2086 -0.9426 -0.2606
vn 0.4201 -0.6990 -0.5788
vn 0.4781 -0.7333 -0.4833
vn 0.8185 -0.0690 -0.5704
vn 0.7193 -0.0126 -0.6946
vn -0.1845 -0.9674 -0.1732
vn -0.8210 -0.2643 0.5060
vn -0.8430 -0.3163 0.4352
vn -0.3904 0.6790 0.6217
vn 0.4998 0.8594 0.1075
vn 0.1881 -0.9461 0.2636
vn -0.2416 -0.4107 0.8792
vn 0.4998 0.8595 0.1074
vn 0.1149 0.3602 -0.9258
vn 0.6455 0.3475 0.6801
vn 0.7448 0.5856 0.3201
vn 0.6455 0.3476 0.6801
vn 0.6972 0.6846 0.2126
vn 0.3370 0.2260 -0.9140
vn 0.0595 0.4399 -0.8961
vn 0.5929 0.6819 0.4283
vn 0.6094 0.3662 0.7032
vn 0.9228 0.1035 0.3711
vn 0.9170 0.3907 0.0806
vn -0.2995 0.8215 0.4852
vn -0.3032 0.6441 0.7023
vn -0.3055 0.6219 0.7211
vn -0.2969 0.8262 0.4789
vn 0.3615 -0.4932 -0.7912
vn 0.3558 -0.6767 -0.6445
vn 0.3605 -0.6755 -0.6432
vn 0.3534 -0.4806 -0.8025
vn 0.0718 0.7145 -0.6960
vn 0.2365 0.2802 -0.9304
vn 0.1872 0.2966 -0.9365
vn 0.0224 0.7034 -0.7104
vn 0.3247 -0.5895 -0.7397
vn 0.3199 -0.6708 -0.6691
vn 0.3421 -0.6765 -0.6521
vn 0.3543 -0.5422 -0.7619
vn 0.2915 0.2423 -0.9254
vn 0.1335 0.7238 -0.6770
vn -0.0630 0.9710 -0.2308
vn -0.1007 0.9579 -0.2689
vn -0.2939 0.8148 0.4998
vn -0.3084 0.7806 0.5436
vn 0.2943 -0.6756 -0.6760
vn 0.2143 -0.7410 -0.6364
vn 0.2842 -0.6906 -0.6651
vn 0.1867 -0.7205 -0.6678
vn 0.2346 0.1252 -0.9640
vn 0.1192 0.1897 -0.9746
vn 0.2819 -0.5560 -0.7819
vn 0.0810 0.7063 -0.7033
vn 0.1135 0.3282 -0.9378
vn -0.0532 0.6755 -0.7354
vn 0.0368 0.4230 -0.9054
vn -0.5460 0.0098 -0.8377
vn -0.0769 0.6860 -0.7235
vn -0.4156 0.5258 -0.7422
vn -0.1470 0.9630 -0.2257
vn -0.3065 0.9463 -0.1028
vn -0.0941 0.7055 -0.7024
vn -0.3647 0.5738 0.7333
vn -0.3786 0.6069 0.6988
vn -0.3401 0.7525 0.5640
vn -0.4537 0.5552 0.6971
vn -0.4900 0.6123 0.6205
vn -0.3876 0.6569 0.6467
vn -0.3833 0.7068 0.5946
vn 0.2629 -0.9646 0.0214
vn 0.2744 -0.9605 0.0455
vn 0.3584 -0.7843 -0.5064
vn 0.3549 -0.7768 -0.5202
vn 0.2697 -0.9431 -0.1942
vn 0.2113 -0.9607 -0.1803
vn 0.3023 -0.7535 -0.5838
vn 0.2934 -0.7466 -0.5971
vn 0.1397 -0.9801 -0.1408
vn 0.1985 -0.9794 -0.0366
vn 0.3380 -0.7692 -0.5423
vn 0.3131 -0.7587 -0.5713
vn 0.2828 0.0038 0.9592
vn 0.2907 0.1389 0.9467
vn 0.6871 -0.2925 0.6650
vn 0.6488 -0.3379 0.6818
vn 0.6741 -0.6812 0.2856
vn 0.6900 -0.7005 0.1821
vn 0.3211 -0.8470 -0.4236
vn 0.3482 -0.9107 -0.2224
vn -0.9999 -0.0120 0.0043
vn -0.8945 -0.2737 -0.3534
vn -0.8165 -0.3060 -0.4896
vn -0.9290 0.1955 0.3142
vn -0.4608 0.2843 0.8407
vn -0.4537 0.5551 0.6971
vn -0.3074 0.4314 0.8482
vn -0.2648 0.2511 0.9311
vn 0.8759 -0.0081 -0.4823
vn 0.8733 0.4833 -0.0620
vn 0.2545 -0.5788 -0.7747
vn 0.2142 -0.7410 -0.6364
vn 0.4541 -0.4686 -0.7577
vn 0.4598 0.8482 0.2628
vn -0.2047 0.8464 0.4916
vn 0.3850 -0.8634 -0.3261
vn 0.6877 -0.6818 0.2495
vn 0.5229 -0.7745 0.3561
vn 0.3145 -0.9152 -0.2521
vn 0.3530 -0.5641 0.7465
vn 0.4219 -0.8046 0.4179
vn 0.4715 -0.4962 0.7291
vn -0.1751 0.0077 0.9845
vn 0.1743 -0.2908 0.9408
vn 0.2378 -0.2392 0.9414
vn -0.1709 0.1447 0.9746
vn -0.6364 -0.1462 -0.7574
vn 0.0124 -0.7762 -0.6303
vn -0.1460 -0.6937 -0.7053
vn -0.6706 -0.0678 -0.7387
vn 0.6561 -0.3552 0.6659
vn 0.9099 -0.4121 -0.0471
vn 0.9173 0.0251 0.3973
vn 0.1684 -0.7483 -0.6417
vn 0.4782 -0.7138 -0.5118
vn 0.6412 0.7364 0.2158
vn -0.1065 0.8805 0.4619
vn 0.6797 0.3651 0.6362
vn -0.3510 0.3480 0.8693
vn -0.1479 0.1684 0.9746
vn -0.3743 0.5414 0.7528
vn -0.4041 0.7645 0.5022
vn -0.4754 0.6709 0.5691
vn -0.2517 0.6630 0.7050
vn -0.0795 -0.8734 -0.4804
vn 0.2305 -0.9424 -0.2426
vn 0.2644 -0.7308 -0.6293
vn 0.1387 -0.7102 -0.6902
vn -0.2063 0.5058 0.8377
vn 0.4222 0.9046 -0.0581
vn -0.1809 0.9165 -0.3567
vn -0.2601 0.7548 0.6022
vn -0.3607 0.8318 -0.4219
vn -0.4824 0.8484 0.2178
vn -0.3894 0.7112 0.5852
vn -0.5895 -0.4251 -0.6869
vn -0.4529 -0.3027 -0.8386
vn -0.8053 -0.0798 -0.5875
vn -0.8213 -0.2796 -0.4972
vn -0.2559 0.5446 -0.7987
vn -0.1065 -0.1181 -0.9873
vn -0.6924 -0.0405 -0.7204
vn -0.6433 0.2635 -0.7189
vn -0.9644 -0.0529 -0.2591
vn -0.7701 0.5303 -0.3546
vn -0.9036 0.0818 -0.4206
vn -0.9291 -0.1939 -0.3150
vn 0.5011 -0.7399 -0.4488
vn 0.2039 -0.8067 -0.5546
vn 0.1164 -0.6388 -0.7605
vn 0.4673 -0.5190 -0.7158
vn 0.2298 0.0683 -0.9708
vn -0.0187 0.6561 -0.7544
vn 0.1508 -0.8853 -0.4399
vn 0.1866 -0.7205 -0.6678
vn -0.0601 -0.7439 -0.6655
vn -0.9291 -0.1874 -0.3188
vn -0.9238 -0.2298 -0.3064
vn -0.8375 -0.2582 -0.4815
vn -0.9039 -0.0883 -0.4186
vn 0.3221 -0.2474 -0.9138
vn -0.8052 -0.0798 -0.5876
vn -0.7701 0.5302 -0.3546
vn -0.1454 0.9120 -0.3835
vn -0.9066 -0.2288 -0.3547
vn -0.1637 -0.7621 -0.6265
vn 0.2294 -0.9717 -0.0560
vn -0.7913 -0.4329 -0.4319
vn 0.1094 -0.7352 0.6690
vn 0.0808 -0.6146 0.7847
vn -0.3050 0.1317 0.9432
vn -0.7057 0.1970 0.6805
vn -0.0540 -0.6757 0.7352
vn -0.3925 0.2865 0.8740
vn -0.3048 0.2613 0.9159
vn -0.2754 0.0949 0.9566
vn -0.4039 0.1506 0.9023
vn -0.1513 -0.1232 0.9808
vn -0.2750 0.0237 0.9611
vn -0.1921 0.0861 0.9776
vn -0.3973 0.5407 0.7415
vn -0.3964 0.4524 0.7989
vn -0.3878 0.1913 0.9017
vn -0.3557 0.2050 0.9119
vn -0.5724 0.5929 0.5665
vn -0.4414 0.5836 0.6816
vn -0.4486 0.2486 0.8585
vn -0.7604 0.3622 0.5390
vn -0.8070 0.4340 -0.4005
vn -0.7754 0.4144 -0.4764
vn -0.7230 0.4894 0.4876
vn 0.1559 -0.8810 0.4468
vn 0.1370 -0.8915 0.4317
vn 0.0421 -0.9530 0.3001
vn -0.1861 -0.6167 0.7649
vn -0.2951 -0.5967 0.7462
vn -0.0730 -0.9478 0.3105
vn 0.1692 -0.9517 0.2563
vn -0.0151 -0.6717 0.7407
vn -0.0529 -0.6345 0.7711
vn 0.1604 -0.9417 0.2959
vn -0.2739 0.4832 0.8315
vn -0.3180 0.4164 0.8517
vn -0.2933 0.5615 0.7738
vn -0.3824 0.5133 0.7683
vn -0.3486 0.5564 0.7543
vn -0.3743 0.3980 0.8376
vn -0.4143 0.6266 0.6602
vn -0.3912 0.5922 0.7044
vn -0.4142 0.7429 0.5259
vn -0.4961 0.6670 0.5559
vn -0.8051 0.2079 -0.5556
vn -0.4965 -0.7149 0.4924
vn -0.2220 -0.9657 -0.1348
vn -0.8804 0.4099 -0.2386
vn -0.6259 0.4804 0.6144
vn -0.8873 0.4469 0.1138
vn -0.8596 0.3593 -0.3634
vn -0.8051 0.2079 -0.5555
vn -0.7792 0.1899 -0.5973
vn -0.7976 0.3402 -0.4980
vn -0.8094 0.0944 0.5796
vn -0.3508 -0.0678 0.9340
vn -0.2510 -0.2019 0.9467
vn -0.7492 -0.0596 0.6597
vn -0.2960 0.0040 0.9552
vn -0.3685 0.0808 0.9261
vn -0.3388 -0.0886 0.9367
vn -0.2410 -0.1460 0.9595
vn -0.4024 0.0998 0.9100
vn -0.2641 -0.1317 0.9555
vn -0.4010 -0.0627 0.9139
vn -0.0777 -0.3453 0.9353
vn 0.0300 -0.6572 0.7531
vn -0.0044 -0.6401 0.7683
vn -0.1252 -0.2721 0.9541
vn -0.1437 -0.6091 0.7800
vn -0.1048 -0.2052 0.9731
vn -0.8064 0.1830 -0.5623
vn -0.8969 -0.3046 -0.3206
vn -0.4964 0.6751 0.5458
vn 0.1691 -0.9517 0.2563
vn -0.0151 -0.6717 0.7406
vn -0.4414 0.5836 0.6817
vn -0.3203 0.5772 0.7512
vn -0.2914 0.6206 0.7280
vn -0.2744 0.5670 0.7766
vn 0.0378 -0.9228 0.3834
vn -0.3299 0.2786 0.9020
vn -0.3051 0.1317 0.9432
vn -0.4486 0.2487 0.8585
vn -0.1623 0.0502 0.9855
vn -0.8969 -0.3046 -0.3207
vn -0.6041 0.4289 -0.6717
vn -0.9239 -0.2053 -0.3230
vn -0.2643 0.8961 0.3566
vn -0.8699 0.4108 -0.2729
vn -0.2242 0.9730 -0.0544
vn -0.4157 0.5258 -0.7422
vn 0.6320 0.6828 -0.3665
vn -0.1808 0.9166 -0.3567
vn 0.7209 0.2455 -0.6482
vn 0.9283 -0.0970 -0.3589
vn 0.9380 -0.3418 -0.0579
vn -0.8699 0.4108 -0.2728
vn -0.6041 0.4289 -0.6716
vn -0.4784 0.4508 0.7536
vn 0.2696 -0.5639 -0.7806
vn -0.2938 0.5781 0.7613
vn 0.4475 -0.0720 0.8914
vn 0.9141 -0.0437 -0.4031
vn 0.5130 -0.4560 -0.7273
vn 0.9073 0.4205 0.0025
vn -0.7792 0.1898 -0.5974
vn -0.7913 -0.4329 -0.4318
vn -0.1638 -0.7620 -0.6265
vn 0.3421 -0.6765 -0.6522
vn 0.3558 -0.6767 -0.6446
vn 0.3613 -0.6743 -0.6440
vn -0.1451 0.9406 -0.3069
vn -0.1336 0.9423 -0.3068
vn 0.0095 0.7003 -0.7138
vn 0.1775 0.2911 -0.9401
vn 0.3521 -0.4907 -0.7970
vn 0.3613 -0.6744 -0.6440
vn 0.5717 0.2031 -0.7949
vn 0.8366 0.2691 -0.4773
vn 0.8757 -0.2522 -0.4117
vn 0.6130 -0.3463 -0.7101
vn -0.4940 0.8535 -0.1657
vn -0.3192 0.9462 -0.0521
vn 0.0054 0.9703 -0.2418
vn -0.1801 0.8576 -0.4818
vn -0.2534 -0.9366 0.2418
vn -0.1303 -0.8999 0.4161
vn 0.1617 -0.9596 0.2303
vn -0.0605 -0.9973 0.0409
vn -0.5328 -0.3184 -0.7840
vn -0.5216 -0.7417 -0.4216
vn -0.6093 -0.5882 -0.5317
vn -0.6841 -0.1748 -0.7081
vn -0.1705 -0.9387 0.2996
vn -0.1087 -0.9165 0.3851
vn 0.1676 -0.9614 0.2180
vn 0.0744 -0.9948 0.0693
vn -0.3625 -0.7325 -0.5763
vn -0.5364 -0.2480 -0.8067
vn -0.5234 0.3468 -0.7783
vn -0.3993 0.1554 -0.9036
vn 0.0366 0.8111 -0.5838
vn -0.2142 0.9150 -0.3420
vn -0.1302 -0.9078 0.3987
vn -0.1446 -0.8561 0.4961
vn -0.1268 -0.8997 0.4178
vn -0.1901 -0.8544 0.4836
vn -0.5309 -0.7751 -0.3427
vn -0.6310 -0.6891 -0.3563
vn -0.2361 -0.9303 0.2806
vn -0.5723 -0.2806 -0.7705
vn -0.6370 -0.6077 -0.4742
vn -0.6813 -0.2344 -0.6934
vn -0.6866 -0.5032 -0.5248
vn -0.9609 -0.2609 0.0925
vn -0.6916 -0.2078 -0.6917
vn -0.9072 -0.0781 -0.4134
vn -0.4502 0.2901 -0.8445
vn -0.4721 0.4663 -0.7481
vn -0.6928 -0.1753 -0.6995
vn 0.1415 0.9523 -0.2703
vn 0.1013 0.9487 -0.2995
vn 0.0055 0.8850 -0.4656
vn 0.0585 0.9731 -0.2228
vn -0.0311 0.9622 -0.2707
vn 0.0491 0.9360 -0.3485
vn 0.0060 0.9154 -0.4026
vn 0.6335 -0.5391 0.5549
vn 0.8181 -0.5458 0.1811
vn 0.6093 -0.7927 0.0172
vn 0.2866 -0.9108 0.2972
vn 0.2401 -0.6530 0.7183
vn 0.2129 -0.6146 0.7596
vn -0.0452 -0.8767 0.4789
vn -0.0620 -0.8781 0.4744
vn 0.3953 -0.5907 0.7034
vn 0.2351 -0.4989 0.8342
vn -0.0488 -0.8459 0.5311
vn 0.2079 -0.9229 0.3241
vn 0.8601 0.5098 0.0177
vn 0.8300 0.5469 -0.1094
vn 0.9952 -0.0518 0.0826
vn 0.9894 -0.0340 0.1414
vn 0.8006 -0.4580 0.3864
vn 0.7437 -0.5480 0.3829
vn 0.0975 -0.8098 0.5785
vn 0.2685 -0.7077 0.6535
vn -0.6870 0.5982 0.4125
vn -0.8099 0.1839 0.5569
vn -0.8439 0.0288 0.5358
vn -0.4644 0.8526 0.2397
vn 0.2072 0.9772 0.0455
vn 0.0585 0.9731 -0.2227
vn 0.2892 0.9457 -0.1482
vn 0.4121 0.9111 0.0096
vn 0.2738 -0.8692 -0.4117
vn 0.4654 -0.3861 -0.7964
vn -0.2455 -0.9174 0.3132
vn -0.1452 -0.8564 0.4955
vn -0.1175 -0.9838 0.1357
vn 0.3316 0.2284 -0.9154
vn 0.0303 0.7879 -0.6151
vn 0.2126 -0.7854 0.5814
vn 0.7851 -0.4919 0.3764
vn 0.7634 -0.3525 0.5413
vn 0.2254 -0.7102 0.6669
vn 0.8744 0.1043 0.4739
vn 0.7423 -0.2596 0.6178
vn 0.9309 0.0464 0.3624
vn 0.5598 0.8037 0.2014
vn 0.8310 0.4513 0.3253
vn 0.8651 0.4330 0.2533
vn 0.5286 0.8456 0.0744
vn -0.9367 -0.2085 0.2813
vn -0.2737 -0.7443 0.6092
vn -0.4518 -0.6713 0.5875
vn -0.9630 -0.1454 0.2267
vn 0.9868 -0.0561 0.1518
vn 0.6796 -0.7336 0.0015
vn 0.9057 -0.2598 -0.3349
vn -0.1791 -0.8353 0.5198
vn 0.1186 -0.9163 0.3825
vn 0.4469 0.0444 -0.8935
vn 0.0711 0.7208 -0.6895
vn 0.8390 0.1791 -0.5138
vn 0.2904 0.9555 -0.0522
vn 0.5397 0.8407 0.0436
vn 0.1549 0.9597 -0.2343
vn -0.0840 0.8842 -0.4595
vn -0.0683 0.9391 -0.3368
vn 0.1824 0.8981 -0.4003
vn -0.2140 -0.6197 0.7551
vn 0.1793 -0.6633 0.7266
vn -0.1076 -0.8776 0.4672
vn -0.2409 -0.8375 0.4904
vn 0.3372 0.9055 -0.2575
vn 0.0718 0.0453 -0.9964
vn -0.5553 0.2003 -0.8072
vn 0.0870 0.8649 -0.4944
vn -0.7081 0.2302 -0.6675
vn -0.3522 0.7616 -0.5439
vn -0.0057 0.9141 -0.4055
vn -0.7997 -0.2916 0.5248
vn -0.8347 -0.4348 0.3380
vn -0.9491 0.0376 0.3127
vn -0.8578 0.0362 0.5128
vn -0.8396 -0.2066 -0.5024
vn -0.7348 -0.6782 0.0111
vn -0.9709 -0.1092 0.2133
vn -0.9964 -0.0234 -0.0814
vn -0.8369 0.3753 0.3984
vn -0.8848 0.4102 -0.2209
vn -0.9336 0.2753 0.2293
vn -0.8232 0.2617 0.5039
vn 0.1833 -0.8954 0.4058
vn -0.0826 -0.8170 0.5707
vn -0.3194 -0.8470 0.4249
vn -0.0692 -0.9809 0.1819
vn -0.5276 -0.7984 -0.2903
vn -0.7347 -0.6783 0.0111
vn -0.8395 -0.2067 -0.5025
vn -0.6668 -0.2758 -0.6923
vn -0.0241 -0.7336 0.6792
vn -0.1901 -0.8543 0.4837
vn -0.3548 -0.7136 0.6041
vn -0.8271 0.2615 0.4975
vn -0.8063 0.2512 0.5355
vn -0.8624 0.0650 0.5021
vn -0.8985 0.2131 0.3838
vn -0.8348 -0.4347 0.3380
vn -0.3612 -0.9319 -0.0334
vn -0.8849 0.4101 -0.2209
vn -0.5484 0.1585 -0.8211
vn -0.8281 0.2071 0.5209
vn -0.3959 -0.6306 0.6676
vn 0.3137 -0.5418 0.7798
vn -0.7611 0.0068 0.6486
vn 0.6861 0.1313 0.7155
vn 0.5599 0.8037 0.2014
vn 0.7225 0.2755 0.6341
vn 0.4165 0.8990 0.1355
vn -0.0561 0.9781 0.2003
vn 0.6070 0.2985 0.7365
vn 0.0888 0.9871 0.1330
vn 0.3963 0.9178 -0.0231
vn 0.4707 0.8640 0.1786
vn 0.1149 0.9626 0.2453
vn 0.6531 0.7123 0.2570
vn 0.4743 0.8445 0.2488
vn 0.4048 0.9076 0.1115
vn 0.1312 0.9652 -0.2261
vn 0.1893 0.9721 -0.1384
vn 0.3186 0.9416 0.1090
vn 0.3451 0.9347 0.0851
vn -0.1217 0.9661 -0.2276
vn 0.0507 0.9655 -0.2556
vn 0.2350 0.9691 0.0753
vn -0.2250 0.9729 0.0528
vn -0.9230 0.3637 -0.1254
vn -0.9499 0.2838 -0.1310
vn -0.0562 0.9782 0.2002
vn -0.2602 0.9618 -0.0846
vn 0.9132 -0.2858 0.2904
vn 0.7617 -0.1495 0.6304
vn 0.4272 -0.1708 0.8879
vn 0.5243 0.4208 0.7403
vn 0.3449 0.5555 0.7566
vn 0.4512 -0.0888 0.8880
vn 0.4845 -0.2774 0.8296
vn 0.6370 0.2805 0.7181
vn 0.6245 0.3386 0.7038
vn 0.5039 -0.2404 0.8296
vn 0.0532 0.9957 -0.0763
vn 0.3172 0.9360 -0.1524
vn 0.0101 0.9877 -0.1563
vn 0.1656 0.9650 -0.2034
vn -0.0785 0.9915 -0.1039
vn 0.0277 0.9992 0.0274
vn 0.0460 0.9502 -0.3084
vn 0.0995 0.9547 -0.2803
vn -0.0703 0.8989 -0.4326
vn -0.0911 0.9407 -0.3268
vn -0.9841 0.1681 0.0568
vn 0.1401 0.3775 0.9154
vn -0.0546 -0.3245 0.9443
vn -0.8568 0.5131 -0.0515
vn -0.1033 0.9899 -0.0976
vn -0.6246 0.7803 -0.0327
vn -0.9188 0.3935 -0.0315
vn -0.9841 0.1682 0.0567
vn -0.9916 0.1163 0.0568
vn -0.9655 0.2540 -0.0580
vn -0.1774 0.9305 0.3206
vn 0.4182 0.8451 0.3332
vn 0.5228 0.7439 0.4163
vn -0.0496 0.8931 0.4470
vn 0.4565 0.8542 0.2491
vn 0.3708 0.9059 0.2046
vn 0.4325 0.8320 0.3475
vn 0.5275 0.7679 0.3635
vn 0.1110 0.9439 0.3111
vn 0.5067 0.7582 0.4103
vn 0.1778 0.8921 0.4153
vn 0.8230 0.4247 0.3773
vn 0.9335 0.0064 0.3586
vn 0.7889 0.3005 0.5360
vn 0.6905 0.6380 0.3409
vn 0.5281 0.3469 0.7751
vn 0.7003 0.6275 0.3403
vn 0.4182 0.8450 0.3332
vn 0.6370 0.2805 0.7180
vn -0.9848 0.1548 0.0789
vn -0.7827 0.1969 0.5905
vn -0.0999 0.9368 -0.3354
vn 0.2271 0.9210 -0.3164
vn -0.2884 0.9565 -0.0441
vn -0.2200 0.9753 -0.0200
vn 0.1793 -0.6633 0.7265
vn 0.4176 -0.1082 0.9022
vn 0.3414 0.9399 0.0067
vn 0.4164 0.8990 0.1355
vn 0.5601 0.7786 0.2829
vn -0.7827 0.1969 0.5904
vn -0.9695 0.0485 -0.2402
vn -0.8228 0.2486 0.5110
vn -0.1144 0.7468 -0.6551
vn -0.8735 0.4829 -0.0612
vn -0.3869 0.4612 -0.7985
vn -0.8369 0.3753 0.3983
vn -0.9072 -0.0780 -0.4134
vn -0.9609 -0.2610 0.0925
vn 0.0474 -0.3818 -0.9230
vn -0.5552 0.2003 -0.8072
vn 0.0009 -0.7983 -0.6023
vn 0.4133 -0.8468 -0.3349
vn -0.5276 -0.7984 -0.2902
vn 0.6775 -0.7317 -0.0749
vn -0.8735 0.4830 -0.0612
vn -0.9695 0.0485 -0.2404
vn 0.1014 0.9887 -0.1104
vn -0.2422 -0.9250 0.2928
vn 0.2092 0.9312 -0.2987
vn 0.9423 0.3346 0.0108
vn 0.3622 -0.8495 -0.3837
vn -0.0581 -0.9928 0.1050
vn 0.5462 -0.3845 -0.7442
vn -0.3959 -0.6305 0.6676
vn -0.0312 0.9622 -0.2706
vn -0.1304 -0.8999 0.4161
vn -0.1303 -0.9078 0.3987
vn 0.4976 -0.8656 -0.0561
vn -0.8336 0.2633 -0.4856
vn -0.5695 0.3164 -0.7587
vn -0.7788 -0.2383 -0.5802
vn -0.2372 -0.8470 -0.4758
vn 0.4051 -0.9058 -0.1243
vn -0.4499 0.5007 -0.7395
vn -0.8527 0.3041 -0.4247
vn -0.0888 -0.2957 0.9511
vn 0.4697 -0.2725 0.8397
vn 0.3157 -0.1842 -0.9308
vn 0.2551 -0.0598 -0.9651
vn 0.9762 0.2055 -0.0688
vn 0.9612 0.2532 -0.1094
vn -0.8823 -0.3502 -0.3144
vn -0.8296 -0.5010 -0.2463
vn -0.7177 0.0885 0.6907
vn -0.6784 0.0262 0.7343
vn 0.4235 0.2129 0.8805
vn -0.6439 -0.0189 0.7649
vn 0.3870 0.3598 0.8490
vn -0.3117 -0.5711 -0.7594
vn -0.3852 -0.3660 -0.8471
vn -0.8972 -0.0436 -0.4395
vn -0.9029 -0.2202 -0.3693
vn -0.6027 -0.0814 0.7938
vn 0.4556 0.0176 0.8900
vn 0.1575 0.1025 -0.9822
vn -0.4290 -0.1861 -0.8839
vn -0.4611 0.0352 -0.8867
vn -0.8528 0.3040 -0.4247
vn -0.8588 0.2118 -0.4666
vn -0.5046 -0.1893 0.8423
vn -0.0888 -0.2958 0.9511
vn 0.4702 -0.2476 0.8471
vn 0.0696 0.4318 -0.8993
vn 0.0592 0.3390 -0.9389
vn -0.4686 0.3085 -0.8278
vn -0.1745 -0.8114 -0.5578
vn 0.5073 -0.4913 -0.7080
vn 0.5813 -0.7836 -0.2192
vn 0.0947 -0.9921 -0.0826
vn 0.9232 -0.1477 0.3547
vn 0.4694 -0.2742 0.8394
vn 0.4498 -0.4513 -0.7707
vn 0.3734 -0.3344 -0.8653
vn 0.9348 0.3174 -0.1596
vn 0.9039 0.3925 -0.1702
vn 0.3098 0.5753 0.7570
vn 0.2226 0.7420 0.6323
vn -0.7712 -0.6205 -0.1425
vn -0.2243 -0.7392 -0.6350
vn 0.3733 -0.3344 -0.8653
vn -0.7443 -0.6647 -0.0641
vn -0.6600 0.1884 0.7272
vn -0.7252 0.1668 0.6681
vn 0.2468 0.7011 0.6690
vn 0.9103 0.4060 -0.0809
vn 0.5073 -0.4912 -0.7080
vn -0.3308 -0.9099 0.2504
vn -0.1987 -0.3031 0.9320
vn 0.5073 -0.4913 -0.7081
vn 0.9103 0.4061 -0.0809
vn 0.0593 0.3390 -0.9389
vn 0.8757 -0.1622 0.4549
vn 0.9974 0.0187 0.0695
vn 0.9899 0.1392 -0.0256
vn 0.1576 0.1025 -0.9822
vn 0.3156 -0.1843 -0.9308
vn 0.3971 0.6528 -0.6451
vn 0.1892 0.9530 -0.2367
vn -0.2270 -0.1549 0.9615
vn -0.1608 -0.6695 0.7252
vn -0.2268 -0.1215 -0.9663
vn -0.1115 -0.0417 -0.9929
vn 0.2893 -0.9092 -0.2995
vn 0.3321 -0.8805 -0.3383
vn -0.4543 0.8866 -0.0863
vn -0.5938 0.8043 -0.0236
vn 0.0754 0.5537 0.8293
vn 0.0206 0.4993 0.8662
vn 0.3199 -0.5811 0.7483
vn -0.0185 0.4542 0.8907
vn 0.4599 -0.5228 0.7178
vn -0.6555 0.4072 -0.6360
vn -0.4657 0.5200 -0.7160
vn -0.1613 0.9617 -0.2216
vn -0.3315 0.9327 -0.1422
vn -0.0743 0.4011 0.9130
vn 0.1298 -0.6353 0.7613
vn 0.0391 0.0741 -0.9965
vn -0.2941 0.5900 -0.7519
vn -0.0777 0.6456 -0.7597
vn 0.1891 0.9530 -0.2367
vn 0.0937 0.9580 -0.2709
vn -0.1685 0.2837 0.9440
vn -0.1355 -0.6688 0.7310
vn 0.3643 0.1768 -0.9143
vn 0.2681 0.1855 -0.9453
vn 0.1976 0.6696 -0.7159
vn 0.3970 0.6528 -0.6451
vn -0.8655 0.2040 -0.4575
vn -0.4961 -0.3894 -0.7760
vn -0.7410 -0.6003 -0.3011
vn -0.9824 -0.1810 -0.0465
vn -0.7410 -0.6002 -0.3011
vn -0.0329 -0.9890 0.1440
vn -0.1625 -0.6691 0.7252
vn -0.4667 -0.3156 -0.8262
vn -0.3652 -0.2081 -0.9074
vn 0.3894 -0.8369 -0.3847
vn 0.4602 -0.7965 -0.3922
vn 0.6593 -0.4045 0.6338
vn 0.8069 -0.2745 0.5230
vn -0.6987 0.7119 0.0708
vn -0.8045 0.2770 -0.5254
vn -0.4962 -0.3894 -0.7760
vn -0.7340 0.6638 0.1435
vn 0.1828 0.5006 0.8462
vn 0.1507 0.5744 0.8046
vn 0.7714 -0.3105 0.5555
vn 0.4813 -0.8208 -0.3076
vn -0.9142 0.1672 0.3693
vn -0.2460 -0.0449 0.9682
vn 0.2682 0.1855 -0.9453
vn -0.0438 -0.9665 0.2530
vn 0.1168 -0.9803 -0.1595
vn -0.0438 -0.9665 0.2529
vn 0.2282 -0.9391 -0.2570
vn 0.3644 0.1768 -0.9143
vt 0.128315 0.915548
vt 0.149743 0.892247
vt 0.138965 0.877331
vt 0.115156 0.892207
vt 0.391810 0.370105
vt 0.392339 0.360608
vt 0.327704 0.361953
vt 0.327697 0.371528
vt 0.265434 0.423224
vt 0.265533 0.432657
vt 0.328793 0.435032
vt 0.328529 0.425533
vt 0.264718 0.398198
vt 0.265335 0.413792
vt 0.328264 0.416033
vt 0.327977 0.398568
vt 0.206037 0.428878
vt 0.207357 0.438435
vt 0.236445 0.435546
vt 0.235735 0.426051
vt 0.235026 0.416557
vt 0.234088 0.400738
vt 0.233150 0.384919
vt 0.264101 0.382604
vt 0.263585 0.372951
vt 0.232602 0.375252
vt 0.159322 0.444084
vt 0.111286 0.449733
vt 0.158001 0.434527
vt 0.110719 0.447789
vt 0.204716 0.419321
vt 0.161344 0.425169
vt 0.157434 0.432583
vt 0.203458 0.403278
vt 0.117973 0.431017
vt 0.160086 0.409126
vt 0.110833 0.425317
vt 0.103693 0.419617
vt 0.152946 0.403426
vt 0.103193 0.415849
vt 0.202199 0.387235
vt 0.157754 0.391738
vt 0.152446 0.399658
vt 0.201040 0.367873
vt 0.151370 0.373773
vt 0.201619 0.377554
vt 0.101700 0.379674
vt 0.101576 0.381712
vt 0.151950 0.383454
vt 0.151826 0.385493
vt 0.325447 0.313281
vt 0.389671 0.306425
vt 0.388133 0.299595
vt 0.324642 0.307691
vt 0.151392 0.317118
vt 0.199813 0.321483
vt 0.200537 0.312182
vt 0.151394 0.307625
vt 0.230519 0.320810
vt 0.261224 0.320136
vt 0.261152 0.315788
vt 0.230844 0.313985
vt 0.159669 0.887882
vt 0.169596 0.883517
vt 0.159849 0.864124
vt 0.149407 0.870728
vt 0.139145 0.853573
vt 0.150102 0.844731
vt 0.144853 0.825960
vt 0.136472 0.833952
vt 0.178128 0.934051
vt 0.170624 0.947734
vt 0.183584 0.932058
vt 0.186981 0.923912
vt 0.190378 0.915766
vt 0.195125 0.911164
vt 0.182360 0.897340
vt 0.175024 0.901824
vt 0.154694 0.844293
vt 0.163609 0.861566
vt 0.147807 0.809067
vt 0.139604 0.807189
vt 0.151250 0.826680
vt 0.172523 0.878838
vt 0.185260 0.891368
vt 0.172121 0.823645
vt 0.171684 0.839423
vt 0.188985 0.831650
vt 0.191591 0.815058
vt 0.215008 0.836456
vt 0.206286 0.823876
vt 0.196740 0.844857
vt 0.238971 0.856881
vt 0.223731 0.849037
vt 0.204495 0.858064
vt 0.219493 0.865358
vt 0.178199 0.792785
vt 0.172559 0.807866
vt 0.194198 0.798466
vt 0.196282 0.787336
vt 0.178471 0.853257
vt 0.165485 0.841639
vt 0.172920 0.856132
vt 0.164284 0.809406
vt 0.164884 0.825522
vt 0.175450 0.874159
vt 0.188159 0.885395
vt 0.180355 0.870625
vt 0.214771 0.880578
vt 0.200015 0.873835
vt 0.214525 0.881602
vt 0.200868 0.896632
vt 0.207573 0.889629
vt 0.193064 0.881861
vt 0.168293 0.805745
vt 0.164028 0.803623
vt 0.151816 0.805406
vt 0.158050 0.807406
vt 0.167687 0.906308
vt 0.106887 0.938848
vt 0.133651 0.946320
vt 0.146259 0.929608
vt 0.160416 0.953792
vt 0.165520 0.950763
vt 0.173023 0.937080
vt 0.106995 0.814601
vt 0.134228 0.806562
vt 0.125604 0.799227
vt 0.104321 0.805836
vt 0.077592 0.790522
vt 0.079762 0.822640
vt 0.083038 0.812446
vt 0.081563 0.790183
vt 0.194627 0.948008
vt 0.205335 0.936192
vt 0.200940 0.926287
vt 0.189106 0.940033
vt 0.128090 0.841943
vt 0.127993 0.821471
vt 0.103878 0.822056
vt 0.102938 0.845461
vt 0.054393 0.886536
vt 0.032978 0.897755
vt 0.048062 0.927964
vt 0.069704 0.917523
vt 0.133799 0.814330
vt 0.136916 0.806875
vt 0.120397 0.814465
vt 0.085535 0.789844
vt 0.086314 0.802251
vt 0.101647 0.797072
vt 0.101139 0.788815
vt 0.110152 0.445845
vt 0.114063 0.438431
vt 0.106922 0.432731
vt 0.102693 0.412082
vt 0.108001 0.404162
vt 0.102073 0.397916
vt 0.177271 0.953780
vt 0.234996 0.805029
vt 0.220641 0.814452
vt 0.239154 0.810919
vt 0.224799 0.820343
vt 0.236548 0.839001
vt 0.233521 0.832923
vt 0.249365 0.828964
vt 0.249811 0.827629
vt 0.246338 0.822887
vt 0.231460 0.356572
vt 0.262764 0.358738
vt 0.262752 0.358030
vt 0.231414 0.355892
vt 0.328009 0.351742
vt 0.262741 0.357321
vt 0.328019 0.352477
vt 0.151313 0.357975
vt 0.200156 0.354406
vt 0.200075 0.353754
vt 0.151298 0.357251
vt 0.212209 0.889226
vt 0.210139 0.895825
vt 0.211095 0.895517
vt 0.213197 0.888816
vt 0.236578 0.873620
vt 0.256837 0.865635
vt 0.255524 0.865180
vt 0.235535 0.873136
vt 0.391079 0.317187
vt 0.326253 0.323631
vt 0.199458 0.329811
vt 0.199103 0.338139
vt 0.230368 0.339077
vt 0.230443 0.329944
vt 0.110784 0.325421
vt 0.118598 0.338089
vt 0.158851 0.338114
vt 0.155121 0.327616
vt 0.328029 0.353212
vt 0.262916 0.361018
vt 0.327867 0.357582
vt 0.200598 0.361140
vt 0.232054 0.365585
vt 0.231757 0.361079
vt 0.102085 0.370609
vt 0.151342 0.365875
vt 0.197996 0.903898
vt 0.202632 0.903494
vt 0.205103 0.896562
vt 0.183840 0.777703
vt 0.181972 0.776109
vt 0.175133 0.790927
vt 0.216319 0.881604
vt 0.215545 0.881091
vt 0.215299 0.882115
vt 0.228550 0.886998
vt 0.240782 0.892392
vt 0.252370 0.883754
vt 0.244474 0.878687
vt 0.214185 0.888406
vt 0.212052 0.895208
vt 0.227119 0.896119
vt 0.227835 0.891559
vt 0.151282 0.356526
vt 0.199994 0.353101
vt 0.199549 0.345620
vt 0.155066 0.347320
vt 0.231367 0.355211
vt 0.262186 0.348669
vt 0.230868 0.347144
vt 0.392882 0.337055
vt 0.392487 0.327948
vt 0.327060 0.333982
vt 0.327534 0.342862
vt 0.261632 0.340016
vt 0.393278 0.346163
vt 0.110584 0.349020
vt 0.102570 0.359951
vt 0.241484 0.894712
vt 0.242187 0.897031
vt 0.260398 0.870375
vt 0.263959 0.875116
vt 0.214278 0.882626
vt 0.172066 0.789070
vt 0.180104 0.774515
vt 0.102470 0.361545
vt 0.263069 0.363298
vt 0.392817 0.354146
vt 0.393295 0.347685
vt 0.102970 0.312753
vt 0.261428 0.330076
vt 0.234492 0.872652
vt 0.254212 0.864725
vt 0.102520 0.360748
vt 0.393286 0.346924
vt 0.246784 0.821552
vt 0.243312 0.816809
vt 0.250257 0.826295
vt 0.172167 0.956808
vt 0.183919 0.959825
vt 0.107381 0.389996
vt 0.101452 0.383751
vt 0.113309 0.396242
vt 0.116507 0.783678
vt 0.100631 0.780557
vt 0.116744 0.787785
vt 0.116980 0.791892
vt 0.084755 0.777437
vt 0.091347 0.907082
vt 0.085016 0.948510
vt 0.063145 0.958173
vt 0.075807 0.875317
vt 0.101997 0.868866
vt 0.077785 0.848978
vt 0.128188 0.862415
vt 0.196545 0.916382
vt 0.080088 0.767921
vt 0.075421 0.758405
vt 0.185631 0.920368
vt 0.156009 0.810945
vt 0.199769 0.874859
vt 0.185259 0.867091
vt 0.159286 0.843855
vt 0.157648 0.827400
vt 0.167368 0.859007
vt 0.212892 0.774709
vt 0.198366 0.776206
vt 0.214365 0.781887
vt 0.215838 0.789065
vt 0.211062 0.806471
vt 0.195835 0.913773
vt 0.201261 0.302882
vt 0.231170 0.307160
vt 0.261079 0.311439
vt 0.101532 0.293384
vt 0.102251 0.303068
vt 0.151396 0.298133
vt 0.323837 0.302101
vt 0.386595 0.292764
vt 0.391281 0.379603
vt 0.327691 0.381104
vt 0.391237 0.398938
vt 0.391193 0.418274
vt 0.391623 0.427841
vt 0.392054 0.437407
vt 0.128315 0.721100
vt 0.149743 0.697800
vt 0.138965 0.682884
vt 0.115156 0.697760
vt 0.686776 0.880197
vt 0.687305 0.870700
vt 0.622670 0.872045
vt 0.622663 0.881620
vt 0.560400 0.933316
vt 0.560499 0.942748
vt 0.623759 0.945124
vt 0.623495 0.935624
vt 0.559684 0.908290
vt 0.560302 0.923884
vt 0.623230 0.926125
vt 0.622944 0.908660
vt 0.501003 0.938970
vt 0.502324 0.948527
vt 0.531411 0.945638
vt 0.530702 0.936143
vt 0.529992 0.926648
vt 0.529054 0.910830
vt 0.528116 0.895011
vt 0.559067 0.892696
vt 0.558551 0.883043
vt 0.527568 0.885344
vt 0.454288 0.954176
vt 0.406252 0.959825
vt 0.452967 0.944619
vt 0.405685 0.957881
vt 0.499682 0.929413
vt 0.456311 0.935261
vt 0.452400 0.942675
vt 0.498424 0.913370
vt 0.412939 0.941109
vt 0.455052 0.919217
vt 0.405799 0.935408
vt 0.398659 0.929708
vt 0.447912 0.913517
vt 0.398159 0.925941
vt 0.497166 0.897326
vt 0.452720 0.901830
vt 0.447412 0.909750
vt 0.496006 0.877965
vt 0.446336 0.883865
vt 0.496586 0.887646
vt 0.396666 0.889766
vt 0.396542 0.891804
vt 0.446916 0.893546
vt 0.446792 0.895584
vt 0.620413 0.823373
vt 0.684637 0.816517
vt 0.683099 0.809686
vt 0.619608 0.817783
vt 0.446358 0.827210
vt 0.494779 0.831575
vt 0.495503 0.822274
vt 0.446360 0.817717
vt 0.525485 0.830902
vt 0.556190 0.830228
vt 0.556118 0.825879
vt 0.525811 0.824077
vt 0.159669 0.693435
vt 0.169596 0.689069
vt 0.159849 0.669676
vt 0.149407 0.676280
vt 0.139145 0.659126
vt 0.150102 0.650283
vt 0.144853 0.631513
vt 0.136472 0.639504
vt 0.178128 0.739604
vt 0.170624 0.753287
vt 0.183584 0.737611
vt 0.186981 0.729465
vt 0.190378 0.721319
vt 0.195125 0.716717
vt 0.182360 0.702893
vt 0.175024 0.707377
vt 0.154694 0.649846
vt 0.163609 0.667118
vt 0.147807 0.614620
vt 0.139604 0.612742
vt 0.151250 0.632233
vt 0.172523 0.684391
vt 0.185260 0.696921
vt 0.172121 0.629197
vt 0.171684 0.644976
vt 0.188985 0.637202
vt 0.191591 0.620610
vt 0.215008 0.642009
vt 0.206286 0.629429
vt 0.196740 0.650409
vt 0.238971 0.662433
vt 0.223731 0.654589
vt 0.204495 0.663616
vt 0.219493 0.670910
vt 0.178199 0.598337
vt 0.172559 0.613419
vt 0.194198 0.604018
vt 0.196282 0.592889
vt 0.178471 0.658810
vt 0.165485 0.647192
vt 0.172920 0.661685
vt 0.164284 0.614958
vt 0.164884 0.631075
vt 0.175450 0.679712
vt 0.188159 0.690948
vt 0.180355 0.676178
vt 0.214771 0.686131
vt 0.200015 0.679387
vt 0.214525 0.687155
vt 0.200868 0.702184
vt 0.207573 0.695181
vt 0.193064 0.687414
vt 0.168293 0.611297
vt 0.164028 0.609176
vt 0.151816 0.610959
vt 0.158050 0.612959
vt 0.167687 0.711860
vt 0.106887 0.744401
vt 0.133651 0.751873
vt 0.146259 0.735161
vt 0.160416 0.759344
vt 0.165520 0.756316
vt 0.173023 0.742632
vt 0.106995 0.620154
vt 0.134228 0.612114
vt 0.125604 0.604779
vt 0.104321 0.611389
vt 0.077592 0.596075
vt 0.079762 0.628193
vt 0.083038 0.617998
vt 0.081563 0.595736
vt 0.194627 0.753561
vt 0.205335 0.741745
vt 0.200940 0.731840
vt 0.189106 0.745586
vt 0.128090 0.647496
vt 0.127993 0.627024
vt 0.103878 0.627608
vt 0.102938 0.651013
vt 0.054393 0.692089
vt 0.032978 0.703308
vt 0.048062 0.733517
vt 0.069704 0.723076
vt 0.133799 0.619883
vt 0.136916 0.612428
vt 0.120397 0.620018
vt 0.085535 0.595397
vt 0.086314 0.607804
vt 0.101647 0.602624
vt 0.101139 0.594367
vt 0.405118 0.955937
vt 0.409029 0.948523
vt 0.401889 0.942823
vt 0.397659 0.922174
vt 0.402967 0.914254
vt 0.397039 0.908008
vt 0.177271 0.759332
vt 0.234996 0.610581
vt 0.220641 0.620005
vt 0.239154 0.616472
vt 0.224799 0.625895
vt 0.236548 0.644553
vt 0.233521 0.638476
vt 0.249365 0.634517
vt 0.249811 0.633182
vt 0.246338 0.628439
vt 0.526426 0.866664
vt 0.557730 0.868830
vt 0.557718 0.868122
vt 0.526380 0.865984
vt 0.622975 0.861834
vt 0.557707 0.867413
vt 0.622986 0.862569
vt 0.446280 0.868067
vt 0.495123 0.864498
vt 0.495041 0.863846
vt 0.446264 0.867343
vt 0.212209 0.694778
vt 0.210139 0.701378
vt 0.211095 0.701069
vt 0.213197 0.694369
vt 0.236578 0.679172
vt 0.256837 0.671187
vt 0.255524 0.670732
vt 0.235535 0.678688
vt 0.686045 0.827278
vt 0.621220 0.833723
vt 0.494424 0.839903
vt 0.494070 0.848231
vt 0.525334 0.849169
vt 0.525409 0.840035
vt 0.405750 0.835513
vt 0.413565 0.848181
vt 0.453817 0.848206
vt 0.450087 0.837708
vt 0.622996 0.863304
vt 0.557883 0.871110
vt 0.622833 0.867674
vt 0.495564 0.871231
vt 0.527020 0.875677
vt 0.526723 0.871171
vt 0.397051 0.880701
vt 0.446308 0.875966
vt 0.197996 0.709450
vt 0.202632 0.709047
vt 0.205103 0.702114
vt 0.183840 0.583256
vt 0.181972 0.581662
vt 0.175133 0.596480
vt 0.216319 0.687157
vt 0.215545 0.686644
vt 0.215299 0.687668
vt 0.228550 0.692551
vt 0.240782 0.697945
vt 0.252370 0.689307
vt 0.244474 0.684240
vt 0.214185 0.693959
vt 0.212052 0.700761
vt 0.227119 0.701672
vt 0.227835 0.697112
vt 0.446248 0.866618
vt 0.494960 0.863193
vt 0.494515 0.855712
vt 0.450033 0.857412
vt 0.526334 0.865303
vt 0.557153 0.858760
vt 0.525834 0.857236
vt 0.687849 0.847147
vt 0.687453 0.838040
vt 0.622026 0.844074
vt 0.622501 0.852954
vt 0.556598 0.850108
vt 0.688244 0.856255
vt 0.405550 0.859112
vt 0.397536 0.870043
vt 0.241484 0.700264
vt 0.242187 0.702583
vt 0.260398 0.675928
vt 0.263959 0.680669
vt 0.214278 0.688179
vt 0.172066 0.594622
vt 0.180104 0.580068
vt 0.397437 0.871637
vt 0.558035 0.873390
vt 0.687783 0.864238
vt 0.688261 0.857777
vt 0.397936 0.822845
vt 0.556394 0.840168
vt 0.234492 0.678204
vt 0.254212 0.670277
vt 0.397486 0.870840
vt 0.688253 0.857016
vt 0.246784 0.627104
vt 0.243312 0.622362
vt 0.250257 0.631847
vt 0.172167 0.762361
vt 0.183919 0.765377
vt 0.402347 0.900088
vt 0.396418 0.893843
vt 0.408275 0.906334
vt 0.116507 0.589230
vt 0.100631 0.586110
vt 0.116744 0.593337
vt 0.116980 0.597445
vt 0.084755 0.582990
vt 0.091347 0.712635
vt 0.085016 0.754063
vt 0.063145 0.763726
vt 0.075807 0.680869
vt 0.101997 0.674419
vt 0.077785 0.654531
vt 0.128188 0.667968
vt 0.196545 0.721935
vt 0.080088 0.573474
vt 0.075421 0.563957
vt 0.185631 0.725920
vt 0.156009 0.616498
vt 0.199769 0.680411
vt 0.185259 0.672643
vt 0.159286 0.649408
vt 0.157648 0.632953
vt 0.167368 0.664560
vt 0.212892 0.580261
vt 0.198366 0.581759
vt 0.214365 0.587440
vt 0.215838 0.594618
vt 0.211062 0.612023
vt 0.195835 0.719326
vt 0.496228 0.812974
vt 0.526137 0.817252
vt 0.556045 0.821530
vt 0.396498 0.803476
vt 0.397217 0.813160
vt 0.446363 0.808225
vt 0.618803 0.812193
vt 0.681561 0.802856
vt 0.686247 0.889695
vt 0.622657 0.891195
vt 0.686203 0.909030
vt 0.686159 0.928366
vt 0.686590 0.937932
vt 0.687020 0.947499
vt 0.724774 0.282918
vt 0.718017 0.284225
vt 0.718869 0.288490
vt 0.725607 0.287193
vt 0.788263 0.458336
vt 0.782036 0.422113
vt 0.771634 0.422486
vt 0.777713 0.458984
vt 0.725128 0.468082
vt 0.729804 0.503863
vt 0.740334 0.501833
vt 0.735344 0.465570
vt 0.750744 0.424588
vt 0.730354 0.429308
vt 0.756362 0.461345
vt 0.719406 0.505516
vt 0.714749 0.469386
vt 0.719092 0.403792
vt 0.720452 0.432300
vt 0.727192 0.401550
vt 0.745926 0.397517
vt 0.698192 0.405149
vt 0.699733 0.434212
vt 0.710093 0.433256
vt 0.708642 0.404470
vt 0.711924 0.296404
vt 0.717732 0.375284
vt 0.724029 0.373793
vt 0.715823 0.294579
vt 0.741107 0.370447
vt 0.697914 0.296721
vt 0.696652 0.376085
vt 0.707192 0.375684
vt 0.704919 0.296562
vt 0.772371 0.582716
vt 0.783334 0.582390
vt 0.782245 0.580887
vt 0.772441 0.581223
vt 0.782793 0.580285
vt 0.780998 0.570572
vt 0.771523 0.571476
vt 0.796787 0.523591
vt 0.794490 0.494560
vt 0.783792 0.495481
vt 0.786740 0.525747
vt 0.761979 0.498103
vt 0.766093 0.529382
vt 0.735080 0.532302
vt 0.724779 0.534203
vt 0.719949 0.565041
vt 0.730153 0.562891
vt 0.714478 0.536105
vt 0.709008 0.507169
vt 0.740356 0.560741
vt 0.750237 0.561330
vt 0.745286 0.531581
vt 0.770206 0.560662
vt 0.789689 0.556013
vt 0.799084 0.552621
vt 0.762637 0.581558
vt 0.762088 0.572292
vt 0.761407 0.583043
vt 0.784431 0.581184
vt 0.782363 0.570294
vt 0.764769 0.367021
vt 0.741770 0.290836
vt 0.737465 0.290508
vt 0.758329 0.367806
vt 0.732346 0.285896
vt 0.764982 0.395146
vt 0.773403 0.394567
vt 0.704370 0.470691
vt 0.731532 0.281611
vt 0.759011 0.659700
vt 0.752254 0.661007
vt 0.753106 0.665272
vt 0.759844 0.663975
vt 0.822500 0.835118
vt 0.816274 0.798895
vt 0.805871 0.799268
vt 0.811950 0.835766
vt 0.759365 0.844863
vt 0.764041 0.880645
vt 0.774572 0.878615
vt 0.769582 0.842352
vt 0.784981 0.801370
vt 0.764592 0.806090
vt 0.790599 0.838127
vt 0.753643 0.882298
vt 0.748986 0.846168
vt 0.753329 0.780574
vt 0.754689 0.809082
vt 0.761429 0.778332
vt 0.780163 0.774299
vt 0.732430 0.781931
vt 0.733970 0.810994
vt 0.744330 0.810038
vt 0.742879 0.781252
vt 0.746161 0.673186
vt 0.751969 0.752065
vt 0.758266 0.750574
vt 0.750060 0.671361
vt 0.775345 0.747228
vt 0.732151 0.673503
vt 0.730889 0.752867
vt 0.741429 0.752466
vt 0.739156 0.673344
vt 0.806608 0.959498
vt 0.817572 0.959171
vt 0.816482 0.957669
vt 0.806678 0.958005
vt 0.817030 0.957067
vt 0.815235 0.947354
vt 0.805760 0.948258
vt 0.831024 0.900373
vt 0.828727 0.871342
vt 0.818029 0.872263
vt 0.820977 0.902529
vt 0.796216 0.874884
vt 0.800330 0.906164
vt 0.769317 0.909084
vt 0.759016 0.910985
vt 0.754186 0.941823
vt 0.764390 0.939673
vt 0.748715 0.912887
vt 0.743245 0.883951
vt 0.774594 0.937523
vt 0.784474 0.938112
vt 0.779523 0.908363
vt 0.804443 0.937444
vt 0.823926 0.932795
vt 0.833321 0.929403
vt 0.796874 0.958340
vt 0.796325 0.949074
vt 0.795644 0.959825
vt 0.818668 0.957966
vt 0.816600 0.947076
vt 0.799006 0.743803
vt 0.776007 0.667617
vt 0.771702 0.667290
vt 0.792566 0.744588
vt 0.766583 0.662678
vt 0.799219 0.771928
vt 0.807640 0.771349
vt 0.738607 0.847472
vt 0.765769 0.658392
vt 0.793248 0.160762
vt 0.786491 0.162069
vt 0.787343 0.166334
vt 0.794082 0.165036
vt 0.856737 0.336180
vt 0.850511 0.299956
vt 0.840108 0.300330
vt 0.846187 0.336827
vt 0.793602 0.345925
vt 0.798278 0.381707
vt 0.808809 0.379677
vt 0.803819 0.343414
vt 0.819219 0.302431
vt 0.798829 0.307151
vt 0.824836 0.339189
vt 0.787880 0.383360
vt 0.783223 0.347230
vt 0.787566 0.281635
vt 0.788926 0.310143
vt 0.795666 0.279394
vt 0.814400 0.275361
vt 0.766667 0.282992
vt 0.768207 0.312056
vt 0.778567 0.311100
vt 0.777116 0.282314
vt 0.780398 0.174248
vt 0.786206 0.253127
vt 0.792503 0.251636
vt 0.784297 0.172423
vt 0.809582 0.248290
vt 0.766388 0.174564
vt 0.765126 0.253929
vt 0.775666 0.253528
vt 0.773393 0.174406
vt 0.840845 0.460560
vt 0.851809 0.460233
vt 0.850719 0.458731
vt 0.840915 0.459067
vt 0.851267 0.458128
vt 0.849472 0.448416
vt 0.839997 0.449320
vt 0.865261 0.401434
vt 0.862964 0.372404
vt 0.852266 0.373325
vt 0.855214 0.403591
vt 0.830453 0.375946
vt 0.834567 0.407226
vt 0.803554 0.410146
vt 0.793253 0.412047
vt 0.788423 0.442885
vt 0.798627 0.440735
vt 0.782953 0.413949
vt 0.777482 0.385013
vt 0.808831 0.438585
vt 0.818711 0.439174
vt 0.813760 0.409425
vt 0.838680 0.438505
vt 0.858163 0.433856
vt 0.867558 0.430465
vt 0.831111 0.459402
vt 0.830562 0.450135
vt 0.829881 0.460886
vt 0.852906 0.459028
vt 0.850837 0.448138
vt 0.833243 0.244864
vt 0.810244 0.168679
vt 0.805939 0.168352
vt 0.826803 0.245650
vt 0.800820 0.163739
vt 0.833456 0.272990
vt 0.841877 0.272410
vt 0.772845 0.348534
vt 0.800006 0.159454
vt 0.317936 0.784297
vt 0.339364 0.760997
vt 0.328586 0.746081
vt 0.304777 0.760956
vt 0.694677 0.400716
vt 0.695206 0.391218
vt 0.630571 0.392563
vt 0.630564 0.402139
vt 0.568301 0.453835
vt 0.568400 0.463267
vt 0.631660 0.465643
vt 0.631396 0.456143
vt 0.567585 0.428809
vt 0.568202 0.444403
vt 0.631131 0.446644
vt 0.630845 0.429179
vt 0.508904 0.459489
vt 0.510224 0.469046
vt 0.539312 0.466156
vt 0.538602 0.456662
vt 0.537893 0.447167
vt 0.536955 0.431349
vt 0.536017 0.415530
vt 0.566968 0.413215
vt 0.566452 0.403562
vt 0.535469 0.405863
vt 0.462189 0.474695
vt 0.414153 0.480344
vt 0.460868 0.465137
vt 0.413586 0.478399
vt 0.507583 0.449931
vt 0.464212 0.455779
vt 0.460301 0.463193
vt 0.506325 0.433888
vt 0.420840 0.461627
vt 0.462953 0.439736
vt 0.413700 0.455927
vt 0.406560 0.450227
vt 0.455813 0.434036
vt 0.406060 0.446460
vt 0.505066 0.417845
vt 0.460621 0.422349
vt 0.455313 0.430269
vt 0.503907 0.398484
vt 0.454237 0.404384
vt 0.504487 0.408164
vt 0.404567 0.410285
vt 0.404443 0.412323
vt 0.454817 0.414065
vt 0.454693 0.416103
vt 0.628314 0.343892
vt 0.692538 0.337036
vt 0.691000 0.330205
vt 0.627509 0.338302
vt 0.454259 0.347729
vt 0.502680 0.352094
vt 0.503404 0.342793
vt 0.454261 0.338236
vt 0.533386 0.351420
vt 0.564091 0.350747
vt 0.564019 0.346398
vt 0.533711 0.344596
vt 0.349290 0.756632
vt 0.359217 0.752266
vt 0.349470 0.732873
vt 0.339028 0.739477
vt 0.328766 0.722323
vt 0.339723 0.713480
vt 0.334474 0.694710
vt 0.326093 0.702701
vt 0.367749 0.802801
vt 0.360245 0.816484
vt 0.373206 0.800808
vt 0.376602 0.792662
vt 0.379999 0.784515
vt 0.384746 0.779914
vt 0.371981 0.766090
vt 0.364645 0.770574
vt 0.344315 0.713042
vt 0.353230 0.730315
vt 0.337428 0.677817
vt 0.329225 0.675939
vt 0.340871 0.695430
vt 0.362144 0.747588
vt 0.374881 0.760117
vt 0.361742 0.692394
vt 0.361305 0.708173
vt 0.378606 0.700399
vt 0.381213 0.683807
vt 0.404629 0.705206
vt 0.395907 0.692626
vt 0.386361 0.713606
vt 0.428593 0.725630
vt 0.413352 0.717786
vt 0.394116 0.726813
vt 0.409114 0.734107
vt 0.367820 0.661534
vt 0.362180 0.676616
vt 0.383819 0.667215
vt 0.385903 0.656085
vt 0.368093 0.722006
vt 0.355106 0.710389
vt 0.362541 0.724882
vt 0.353905 0.678155
vt 0.354506 0.694272
vt 0.365072 0.742909
vt 0.377780 0.754145
vt 0.369976 0.739375
vt 0.404392 0.749328
vt 0.389636 0.742584
vt 0.404146 0.750352
vt 0.390489 0.765381
vt 0.397194 0.758378
vt 0.382685 0.750611
vt 0.357914 0.674494
vt 0.353649 0.672373
vt 0.341437 0.674156
vt 0.347671 0.676156
vt 0.357308 0.775057
vt 0.296508 0.807598
vt 0.323272 0.815069
vt 0.335880 0.798357
vt 0.350037 0.822541
vt 0.355141 0.819513
vt 0.362644 0.805829
vt 0.296616 0.683350
vt 0.323849 0.675311
vt 0.315225 0.667976
vt 0.293942 0.674586
vt 0.267213 0.659272
vt 0.269383 0.691390
vt 0.272659 0.681195
vt 0.271184 0.658933
vt 0.384248 0.816758
vt 0.394956 0.804941
vt 0.390561 0.795036
vt 0.378727 0.808783
vt 0.317712 0.710693
vt 0.317614 0.690221
vt 0.293499 0.690805
vt 0.292559 0.714210
vt 0.244014 0.755286
vt 0.222599 0.766505
vt 0.237683 0.796714
vt 0.259325 0.786273
vt 0.323420 0.683080
vt 0.326537 0.675625
vt 0.310018 0.683215
vt 0.275156 0.658594
vt 0.275936 0.671001
vt 0.291269 0.665821
vt 0.290760 0.657564
vt 0.413019 0.476455
vt 0.416930 0.469041
vt 0.409789 0.463341
vt 0.405560 0.442692
vt 0.410868 0.434773
vt 0.404940 0.428527
vt 0.366892 0.822529
vt 0.424617 0.673778
vt 0.410262 0.683202
vt 0.428775 0.679668
vt 0.414420 0.689092
vt 0.426169 0.707750
vt 0.423142 0.701673
vt 0.438986 0.697714
vt 0.439432 0.696379
vt 0.435959 0.691636
vt 0.534327 0.387183
vt 0.565631 0.389349
vt 0.565619 0.388640
vt 0.534281 0.386502
vt 0.630876 0.382353
vt 0.565608 0.387932
vt 0.630886 0.383088
vt 0.454180 0.388586
vt 0.503023 0.385017
vt 0.502942 0.384364
vt 0.454165 0.387861
vt 0.401830 0.757975
vt 0.399760 0.764575
vt 0.400717 0.764266
vt 0.402818 0.757565
vt 0.426199 0.742369
vt 0.446458 0.734384
vt 0.445146 0.733929
vt 0.425156 0.741885
vt 0.693946 0.347797
vt 0.629120 0.354242
vt 0.502325 0.360421
vt 0.501970 0.368749
vt 0.533235 0.369688
vt 0.533310 0.360554
vt 0.413651 0.356032
vt 0.421465 0.368700
vt 0.461718 0.368725
vt 0.457988 0.358227
vt 0.630897 0.383822
vt 0.565783 0.391629
vt 0.630734 0.388193
vt 0.503465 0.391750
vt 0.534921 0.396196
vt 0.534624 0.391690
vt 0.404952 0.401220
vt 0.454209 0.396485
vt 0.387618 0.772647
vt 0.392253 0.772244
vt 0.394724 0.765311
vt 0.373461 0.646453
vt 0.371593 0.644859
vt 0.364754 0.659677
vt 0.405940 0.750354
vt 0.405166 0.749841
vt 0.404920 0.750865
vt 0.418172 0.755748
vt 0.430403 0.761142
vt 0.441991 0.752504
vt 0.434095 0.747436
vt 0.403806 0.757156
vt 0.401673 0.763958
vt 0.416740 0.764869
vt 0.417456 0.760309
vt 0.454149 0.387137
vt 0.502861 0.383712
vt 0.502416 0.376231
vt 0.457933 0.377931
vt 0.534234 0.385822
vt 0.565054 0.379279
vt 0.533735 0.377755
vt 0.695749 0.367666
vt 0.695354 0.358558
vt 0.629927 0.364593
vt 0.630401 0.373473
vt 0.564499 0.370627
vt 0.696145 0.376774
vt 0.413451 0.379631
vt 0.405437 0.390562
vt 0.431105 0.763461
vt 0.431808 0.765780
vt 0.450019 0.739125
vt 0.453580 0.743866
vt 0.403899 0.751376
vt 0.361687 0.657819
vt 0.369725 0.643265
vt 0.405337 0.392155
vt 0.565936 0.393909
vt 0.695684 0.384757
vt 0.696162 0.378296
vt 0.405837 0.343364
vt 0.564295 0.360687
vt 0.424113 0.741401
vt 0.443833 0.733474
vt 0.405387 0.391359
vt 0.696154 0.377535
vt 0.436405 0.690301
vt 0.432933 0.685559
vt 0.439878 0.695044
vt 0.361788 0.825558
vt 0.373540 0.828574
vt 0.410248 0.420607
vt 0.404319 0.414361
vt 0.416176 0.426853
vt 0.306129 0.652427
vt 0.290252 0.649307
vt 0.306365 0.656534
vt 0.306602 0.660642
vt 0.274376 0.646187
vt 0.280968 0.775832
vt 0.274637 0.817260
vt 0.252766 0.826923
vt 0.265428 0.744066
vt 0.291618 0.737616
vt 0.267406 0.717728
vt 0.317809 0.731165
vt 0.386166 0.785131
vt 0.269709 0.636670
vt 0.265042 0.627154
vt 0.375252 0.789117
vt 0.345631 0.679695
vt 0.389390 0.743608
vt 0.374880 0.735840
vt 0.348907 0.712605
vt 0.347269 0.696150
vt 0.356989 0.727757
vt 0.402514 0.643458
vt 0.387987 0.644956
vt 0.403986 0.650637
vt 0.405459 0.657815
vt 0.400683 0.675220
vt 0.385456 0.782523
vt 0.504128 0.333492
vt 0.534037 0.337771
vt 0.563946 0.342049
vt 0.404399 0.323995
vt 0.405118 0.333679
vt 0.454264 0.328743
vt 0.626704 0.332712
vt 0.689462 0.323375
vt 0.694148 0.410213
vt 0.630558 0.411714
vt 0.694104 0.429549
vt 0.694060 0.448885
vt 0.694490 0.458451
vt 0.694921 0.468018
vt 0.317936 0.589850
vt 0.339364 0.566550
vt 0.328586 0.551634
vt 0.304777 0.566509
vt 0.728914 0.642187
vt 0.729443 0.632690
vt 0.664808 0.634035
vt 0.664802 0.643610
vt 0.602538 0.695307
vt 0.602637 0.704739
vt 0.665897 0.707114
vt 0.665633 0.697615
vt 0.601822 0.670280
vt 0.602440 0.685874
vt 0.665368 0.688115
vt 0.665082 0.670650
vt 0.543141 0.700960
vt 0.544462 0.710517
vt 0.573549 0.707628
vt 0.572840 0.698133
vt 0.572130 0.688639
vt 0.571192 0.672820
vt 0.570254 0.657002
vt 0.601205 0.654686
vt 0.600689 0.645033
vt 0.569706 0.647335
vt 0.496426 0.716166
vt 0.448390 0.721815
vt 0.495105 0.706609
vt 0.447823 0.719871
vt 0.541820 0.691403
vt 0.498449 0.697251
vt 0.494538 0.704665
vt 0.540562 0.675360
vt 0.455077 0.703099
vt 0.497190 0.681208
vt 0.447937 0.697399
vt 0.440797 0.691699
vt 0.490050 0.675508
vt 0.440297 0.687931
vt 0.539304 0.659317
vt 0.494858 0.663821
vt 0.489550 0.671740
vt 0.538144 0.639955
vt 0.488474 0.645856
vt 0.538724 0.649636
vt 0.438804 0.651756
vt 0.438680 0.653794
vt 0.489054 0.655536
vt 0.488930 0.657575
vt 0.662552 0.585363
vt 0.726775 0.578507
vt 0.725237 0.571677
vt 0.661746 0.579773
vt 0.488496 0.589200
vt 0.536917 0.593565
vt 0.537642 0.584264
vt 0.488498 0.579707
vt 0.567623 0.592892
vt 0.598328 0.592219
vt 0.598256 0.587870
vt 0.567949 0.586067
vt 0.349290 0.562184
vt 0.359217 0.557819
vt 0.349470 0.538426
vt 0.339028 0.545030
vt 0.328766 0.527875
vt 0.339723 0.519033
vt 0.334474 0.500262
vt 0.326093 0.508254
vt 0.367749 0.608353
vt 0.360245 0.622036
vt 0.373206 0.606360
vt 0.376602 0.598214
vt 0.379999 0.590068
vt 0.384746 0.585466
vt 0.371981 0.571643
vt 0.364645 0.576126
vt 0.344315 0.518595
vt 0.353230 0.535868
vt 0.337428 0.483369
vt 0.329225 0.481491
vt 0.340871 0.500982
vt 0.362144 0.553140
vt 0.374881 0.565670
vt 0.361742 0.497947
vt 0.361305 0.513725
vt 0.378606 0.505952
vt 0.381213 0.489360
vt 0.404629 0.510759
vt 0.395907 0.498178
vt 0.386361 0.519159
vt 0.428593 0.531183
vt 0.413352 0.523339
vt 0.394116 0.532366
vt 0.409114 0.539660
vt 0.367820 0.467087
vt 0.362180 0.482168
vt 0.383819 0.472768
vt 0.385903 0.461638
vt 0.368093 0.527559
vt 0.355106 0.515941
vt 0.362541 0.530434
vt 0.353905 0.483708
vt 0.354506 0.499825
vt 0.365072 0.548461
vt 0.377780 0.559698
vt 0.369976 0.544927
vt 0.404392 0.554881
vt 0.389636 0.548137
vt 0.404146 0.555904
vt 0.390489 0.570934
vt 0.397194 0.563931
vt 0.382685 0.556163
vt 0.357914 0.480047
vt 0.353649 0.477926
vt 0.341437 0.479709
vt 0.347671 0.481708
vt 0.357308 0.580610
vt 0.296508 0.613150
vt 0.323272 0.620622
vt 0.335880 0.603910
vt 0.350037 0.628094
vt 0.355141 0.625065
vt 0.362644 0.611382
vt 0.296616 0.488903
vt 0.323849 0.480864
vt 0.315225 0.473529
vt 0.293942 0.480138
vt 0.267213 0.464824
vt 0.269383 0.496942
vt 0.272659 0.486748
vt 0.271184 0.464485
vt 0.384248 0.622311
vt 0.394956 0.610494
vt 0.390561 0.600589
vt 0.378727 0.614335
vt 0.317712 0.516245
vt 0.317614 0.495773
vt 0.293499 0.496358
vt 0.292559 0.519763
vt 0.244014 0.560838
vt 0.222599 0.572058
vt 0.237683 0.602266
vt 0.259325 0.591825
vt 0.323420 0.488632
vt 0.326537 0.481178
vt 0.310018 0.488768
vt 0.275156 0.464146
vt 0.275936 0.476553
vt 0.291269 0.471374
vt 0.290760 0.463117
vt 0.447256 0.717927
vt 0.451167 0.710513
vt 0.444027 0.704813
vt 0.439797 0.684164
vt 0.445105 0.676244
vt 0.439177 0.669998
vt 0.366892 0.628082
vt 0.424617 0.479331
vt 0.410262 0.488754
vt 0.428775 0.485221
vt 0.414420 0.494645
vt 0.426169 0.513303
vt 0.423142 0.507225
vt 0.438986 0.503267
vt 0.439432 0.501932
vt 0.435959 0.497189
vt 0.568564 0.628654
vt 0.599868 0.630821
vt 0.599856 0.630112
vt 0.568518 0.627974
vt 0.665113 0.623824
vt 0.599845 0.629403
vt 0.665124 0.624559
vt 0.488418 0.630058
vt 0.537261 0.626488
vt 0.537179 0.625836
vt 0.488402 0.629333
vt 0.401830 0.563528
vt 0.399760 0.570127
vt 0.400717 0.569819
vt 0.402818 0.563118
vt 0.426199 0.547922
vt 0.446458 0.539937
vt 0.445146 0.539482
vt 0.425156 0.547438
vt 0.728183 0.589269
vt 0.663358 0.595714
vt 0.536563 0.601893
vt 0.536208 0.610221
vt 0.567472 0.611160
vt 0.567547 0.602026
vt 0.447888 0.597503
vt 0.455703 0.610171
vt 0.495955 0.610196
vt 0.492225 0.599698
vt 0.665134 0.625294
vt 0.600021 0.633100
vt 0.664971 0.629664
vt 0.537702 0.633222
vt 0.569158 0.637668
vt 0.568861 0.633161
vt 0.439190 0.642691
vt 0.488446 0.637957
vt 0.387618 0.578200
vt 0.392253 0.577797
vt 0.394724 0.570864
vt 0.373461 0.452005
vt 0.371593 0.450412
vt 0.364754 0.465229
vt 0.405940 0.555907
vt 0.405166 0.555394
vt 0.404920 0.556417
vt 0.418172 0.561301
vt 0.430403 0.566695
vt 0.441991 0.558056
vt 0.434095 0.552989
vt 0.403806 0.562708
vt 0.401673 0.569510
vt 0.416740 0.570422
vt 0.417456 0.565861
vt 0.488386 0.628608
vt 0.537098 0.625183
vt 0.536653 0.617702
vt 0.492171 0.619402
vt 0.568472 0.627293
vt 0.599291 0.620751
vt 0.567972 0.619226
vt 0.729987 0.609137
vt 0.729591 0.600030
vt 0.664164 0.606064
vt 0.664639 0.614944
vt 0.598736 0.612098
vt 0.730382 0.618245
vt 0.447688 0.621102
vt 0.439674 0.632033
vt 0.431105 0.569014
vt 0.431808 0.571333
vt 0.450019 0.544677
vt 0.453580 0.549418
vt 0.403899 0.556928
vt 0.361687 0.463372
vt 0.369725 0.448818
vt 0.439575 0.633627
vt 0.600173 0.635380
vt 0.729921 0.626228
vt 0.730399 0.619767
vt 0.440074 0.584835
vt 0.598532 0.602158
vt 0.424113 0.546954
vt 0.443833 0.539027
vt 0.439624 0.632830
vt 0.730391 0.619006
vt 0.436405 0.495854
vt 0.432933 0.491111
vt 0.439878 0.500597
vt 0.361788 0.631110
vt 0.373540 0.634127
vt 0.444485 0.662079
vt 0.438556 0.655833
vt 0.450413 0.668324
vt 0.306129 0.457980
vt 0.290252 0.454860
vt 0.306365 0.462087
vt 0.306602 0.466194
vt 0.274376 0.451739
vt 0.280968 0.581384
vt 0.274637 0.622813
vt 0.252766 0.632475
vt 0.265428 0.549619
vt 0.291618 0.543168
vt 0.267406 0.523280
vt 0.317809 0.536718
vt 0.386166 0.590684
vt 0.269709 0.442223
vt 0.265042 0.432707
vt 0.375252 0.594670
vt 0.345631 0.485247
vt 0.389390 0.549161
vt 0.374880 0.541393
vt 0.348907 0.518157
vt 0.347269 0.501702
vt 0.356989 0.533309
vt 0.402514 0.449011
vt 0.387987 0.450508
vt 0.403986 0.456189
vt 0.405459 0.463367
vt 0.400683 0.480773
vt 0.385456 0.588075
vt 0.538366 0.574964
vt 0.568274 0.579242
vt 0.598183 0.583521
vt 0.438636 0.565466
vt 0.439355 0.575151
vt 0.488501 0.570215
vt 0.660941 0.574183
vt 0.723699 0.564846
vt 0.728385 0.651685
vt 0.664795 0.653186
vt 0.728341 0.671020
vt 0.728297 0.690356
vt 0.728728 0.699923
vt 0.729158 0.709489
vt 0.827486 0.537543
vt 0.820728 0.538851
vt 0.821580 0.543115
vt 0.828319 0.541818
vt 0.890975 0.712962
vt 0.884748 0.676738
vt 0.874345 0.677112
vt 0.880424 0.713609
vt 0.827839 0.722707
vt 0.832515 0.758489
vt 0.843046 0.756458
vt 0.838056 0.720196
vt 0.853456 0.679213
vt 0.833066 0.683933
vt 0.859073 0.715971
vt 0.822117 0.760142
vt 0.817460 0.724011
vt 0.821803 0.658417
vt 0.823164 0.686925
vt 0.829903 0.656176
vt 0.848637 0.652143
vt 0.800904 0.659774
vt 0.802444 0.688838
vt 0.812804 0.687882
vt 0.811354 0.659096
vt 0.814635 0.551030
vt 0.820443 0.629909
vt 0.826740 0.628418
vt 0.818534 0.549205
vt 0.843819 0.625072
vt 0.800625 0.551346
vt 0.799363 0.630711
vt 0.809903 0.630310
vt 0.807630 0.551188
vt 0.875082 0.837342
vt 0.886046 0.837015
vt 0.884956 0.835513
vt 0.875152 0.835848
vt 0.885504 0.834910
vt 0.883709 0.825197
vt 0.874235 0.826102
vt 0.899498 0.778216
vt 0.897202 0.749186
vt 0.886503 0.750107
vt 0.889452 0.780372
vt 0.864691 0.752728
vt 0.868804 0.784008
vt 0.837792 0.786927
vt 0.827491 0.788829
vt 0.822660 0.819666
vt 0.832864 0.817516
vt 0.817190 0.790730
vt 0.811719 0.761794
vt 0.843068 0.815366
vt 0.852949 0.815955
vt 0.847997 0.786207
vt 0.872917 0.815287
vt 0.892400 0.810638
vt 0.901795 0.807247
vt 0.865348 0.836184
vt 0.864799 0.826917
vt 0.864118 0.837668
vt 0.887143 0.835810
vt 0.885074 0.824920
vt 0.867480 0.621646
vt 0.844481 0.545461
vt 0.840176 0.545134
vt 0.861040 0.622432
vt 0.835057 0.540521
vt 0.867693 0.649772
vt 0.876114 0.649192
vt 0.807082 0.725316
vt 0.834243 0.536236
vt 0.519351 0.040396
vt 0.512594 0.041704
vt 0.513446 0.045968
vt 0.520184 0.044671
vt 0.582840 0.215815
vt 0.576613 0.179591
vt 0.566211 0.179965
vt 0.572290 0.216462
vt 0.519705 0.225560
vt 0.524381 0.261341
vt 0.534912 0.259311
vt 0.529922 0.223049
vt 0.545321 0.182066
vt 0.524932 0.186786
vt 0.550939 0.218823
vt 0.513983 0.262994
vt 0.509326 0.226864
vt 0.513669 0.161270
vt 0.515029 0.189778
vt 0.521769 0.159028
vt 0.540503 0.154995
vt 0.492770 0.162627
vt 0.494310 0.191690
vt 0.504670 0.190734
vt 0.503219 0.161948
vt 0.506501 0.053882
vt 0.512309 0.132762
vt 0.518606 0.131271
vt 0.510400 0.052058
vt 0.535685 0.127925
vt 0.492491 0.054199
vt 0.491229 0.133563
vt 0.501769 0.133163
vt 0.499496 0.054041
vt 0.566948 0.340194
vt 0.577912 0.339868
vt 0.576822 0.338366
vt 0.567018 0.338701
vt 0.577370 0.337763
vt 0.575575 0.328050
vt 0.566100 0.328954
vt 0.591364 0.281069
vt 0.589067 0.252038
vt 0.578369 0.252959
vt 0.581317 0.283225
vt 0.556556 0.255581
vt 0.560670 0.286860
vt 0.529657 0.289780
vt 0.519356 0.291682
vt 0.514526 0.322519
vt 0.524730 0.320369
vt 0.509055 0.293583
vt 0.503585 0.264647
vt 0.534934 0.318219
vt 0.544814 0.318808
vt 0.539863 0.289060
vt 0.564783 0.318140
vt 0.584266 0.313491
vt 0.593661 0.310099
vt 0.557214 0.339037
vt 0.556665 0.329770
vt 0.555984 0.340521
vt 0.579008 0.338663
vt 0.576940 0.327773
vt 0.559346 0.124499
vt 0.536347 0.048314
vt 0.532042 0.047987
vt 0.552906 0.125284
vt 0.526923 0.043374
vt 0.559559 0.152624
vt 0.567980 0.152045
vt 0.498947 0.228169
vt 0.526109 0.039089
s 1
usemtl knochen
f 4/1/1 1/2/2 2/3/3
f 2/3/3 3/4/4 4/1/1
f 8/5/5 5/6/6 6/7/7
f 6/7/7 7/8/8 8/5/5
f 12/9/9 9/10/10 10/11/11
f 10/11/11 11/12/12 12/9/9
f 16/13/13 13/14/14 14/15/15
f 14/15/15 15/16/16 16/13/13
f 20/17/17 17/18/18 18/19/19
f 18/19/19 19/20/20 20/17/17
f 22/21/21 13/14/14 16/13/13
f 16/13/13 21/22/22 22/21/21
f 26/23/23 23/24/24 24/25/25
f 24/25/25 25/26/26 26/23/23
f 17/18/18 20/17/17 27/27/27
f 28/28/28 29/29/29 30/30/30
f 31/31/31 32/32/32 33/33/33
f 31/31/31 34/34/34 32/32/32
f 35/35/35 36/36/36 37/37/37
f 38/38/38 39/39/39 40/40/40
f 41/41/41 42/42/42 43/43/43
f 44/44/44 45/45/45 46/46/46
f 47/47/47 48/48/48 49/49/49
f 41/41/41 50/50/50 42/42/42
f 54/51/51 51/52/52 52/53/53
f 52/53/53 53/54/54 54/51/51
f 58/55/55 55/56/56 56/57/57
f 56/57/57 57/58/58 58/55/55
f 62/59/59 59/60/60 60/61/61
f 60/61/61 61/62/62 62/59/59
f 66/63/63 63/64/64 64/65/65
f 64/65/65 65/66/66 66/63/63
f 70/67/67 67/68/68 68/69/69
f 68/69/69 69/70/70 70/67/67
f 74/71/71 71/72/72 72/73/73
f 72/73/73 73/74/74 74/71/71
f 78/75/75 75/76/76 76/77/77
f 76/77/77 77/78/78 78/75/75
f 80/79/79 67/68/68 64/65/65
f 64/65/65 79/80/80 80/79/79
f 83/81/81 81/82/82 68/69/69
f 68/69/69 82/83/83 83/81/81
f 85/84/84 63/64/64 76/77/77
f 76/77/77 84/85/85 85/84/84
f 89/86/86 86/87/87 87/88/88
f 87/88/88 88/89/89 89/86/86
f 92/90/90 90/91/91 87/88/88
f 87/88/88 91/92/92 92/90/90
f 96/93/93 93/94/94 94/95/95
f 94/95/95 95/96/96 96/93/93
f 100/97/97 97/98/98 98/99/99
f 98/99/99 99/100/100 100/97/97
f 103/101/101 86/87/87 101/102/102
f 101/102/102 102/103/103 103/101/101
f 89/86/86 97/98/98 104/104/104
f 104/104/104 105/105/105 89/86/86
f 106/106/106 107/107/107 108/108/108
f 109/109/109 110/110/110 111/111/111
f 112/112/112 113/113/113 114/114/114
f 118/115/115 115/116/116 116/117/117
f 116/117/117 117/118/118 118/115/115
f 1/2/2 4/1/1 119/119/119
f 120/120/120 121/121/121 122/122/122
f 123/123/123 124/124/124 125/125/125
f 129/126/126 126/127/127 127/128/128
f 127/128/128 128/129/129 129/126/126
f 133/130/130 130/131/131 131/132/132
f 131/132/132 132/133/133 133/130/130
f 137/134/134 134/135/135 135/136/136
f 135/136/136 136/137/137 137/134/134
f 141/138/138 138/139/139 139/140/140
f 139/140/140 140/141/141 141/138/138
f 145/142/142 142/143/131 143/144/143
f 143/144/143 144/145/144 145/142/142
f 148/146/145 81/82/82 146/147/146
f 146/147/146 147/148/147 148/146/145
f 152/149/148 149/150/149 150/151/150
f 150/151/150 151/152/151 152/149/148
f 153/153/152 154/154/153 155/155/154
f 156/156/155 157/157/156 158/158/157
f 71/72/72 124/124/124 159/159/158
f 160/160/159 161/161/160 162/162/161
f 90/91/91 92/90/90 163/163/162
f 93/94/94 164/164/93 165/165/163
f 166/166/164 167/167/165 168/168/166
f 172/169/167 169/170/168 170/171/169
f 170/171/169 171/172/170 172/169/167
f 175/173/171 173/174/172 170/171/169
f 170/171/169 174/175/173 175/173/171
f 179/176/174 176/177/175 177/178/176
f 177/178/176 178/179/177 179/176/174
f 183/180/178 180/181/179 181/182/180
f 181/182/180 182/183/181 183/180/178
f 187/184/182 184/185/183 185/186/184
f 185/186/184 186/187/185 187/184/182
f 189/188/186 51/52/52 54/51/51
f 54/51/51 188/189/187 189/188/186
f 193/190/188 190/191/189 191/192/190
f 191/192/190 192/193/191 193/190/188
f 197/194/192 194/195/193 195/196/194
f 195/196/194 196/197/195 197/194/192
f 200/198/196 169/170/168 198/199/197
f 198/199/197 199/200/198 200/198/196
f 203/201/199 44/44/44 201/202/200
f 201/202/200 202/203/201 203/201/199
f 205/204/202 47/47/47 45/45/45
f 45/45/45 204/205/203 205/204/202
f 208/206/204 75/76/76 206/207/202
f 206/207/202 207/208/205 208/206/204
f 100/97/97 209/209/206 210/210/207
f 210/210/207 211/211/208 100/97/97
f 212/212/209 213/213/210 214/214/211
f 218/215/212 215/216/213 216/217/214
f 216/217/214 217/218/215 218/215/212
f 222/219/216 219/220/217 220/221/218
f 220/221/218 221/222/219 222/219/216
f 226/223/220 223/224/221 224/225/222
f 224/225/222 225/226/223 226/223/220
f 229/227/224 173/174/172 227/228/225
f 227/228/225 228/229/226 229/227/224
f 233/230/227 230/231/228 231/232/229
f 231/232/229 232/233/230 233/230/227
f 173/174/172 175/173/171 232/233/230
f 232/233/230 227/228/225 173/174/172
f 234/234/231 227/228/225 232/233/230
f 232/233/230 231/232/229 234/234/231
f 235/235/232 233/230/227 232/233/230
f 232/233/230 175/173/171 235/235/232
f 190/191/189 224/225/222 228/229/226
f 228/229/226 191/192/190 190/191/189
f 234/234/231 191/192/190 228/229/226
f 228/229/226 227/228/225 234/234/231
f 223/224/221 229/227/224 228/229/226
f 228/229/226 224/225/222 223/224/221
f 194/195/193 236/236/233 225/226/223
f 225/226/223 195/196/194 194/195/193
f 190/191/189 195/196/194 225/226/223
f 225/226/223 224/225/222 190/191/189
f 237/237/217 226/223/220 225/226/223
f 225/226/223 236/236/233 237/237/217
f 215/216/213 218/215/212 221/222/219
f 221/222/219 238/238/234 215/216/213
f 239/239/235 238/238/234 221/222/219
f 221/222/219 220/221/218 239/239/235
f 212/212/209 222/219/216 221/222/219
f 221/222/219 218/215/212 212/212/209
f 184/185/183 187/184/182 217/218/215
f 217/218/215 240/240/236 184/185/183
f 241/241/237 240/240/236 217/218/215
f 217/218/215 216/217/214 241/241/237
f 212/212/209 218/215/212 217/218/215
f 217/218/215 187/184/182 212/212/209
f 214/214/211 111/111/111 242/242/238
f 111/111/111 213/213/210 109/109/109
f 214/214/211 213/213/210 111/111/111
f 115/116/116 118/115/115 211/211/208
f 211/211/208 243/243/192 115/116/116
f 244/244/193 243/243/192 211/211/208
f 211/211/208 210/210/207 244/244/193
f 97/98/98 100/97/97 211/211/208
f 211/211/208 118/115/115 97/98/98
f 242/242/238 113/113/113 207/208/205
f 207/208/205 183/180/178 242/242/238
f 180/181/179 183/180/178 207/208/205
f 207/208/205 206/207/202 180/181/179
f 112/112/112 208/206/204 207/208/205
f 207/208/205 113/113/113 112/112/112
f 176/177/175 179/176/174 204/205/203
f 204/205/203 203/201/199 176/177/175
f 44/44/44 203/201/199 204/205/203
f 204/205/203 45/45/45 44/44/44
f 245/245/179 205/204/202 204/205/203
f 204/205/203 179/176/174 245/245/179
f 169/170/168 172/169/167 202/203/201
f 202/203/201 198/199/197 169/170/168
f 246/246/239 198/199/197 202/203/201
f 202/203/201 201/202/200 246/246/239
f 176/177/175 203/201/199 202/203/201
f 202/203/201 172/169/167 176/177/175
f 5/6/6 247/247/240 199/200/198
f 199/200/198 6/7/7 5/6/6
f 246/246/239 6/7/7 199/200/198
f 199/200/198 198/199/197 246/246/239
f 248/248/241 200/198/196 199/200/198
f 199/200/198 247/247/240 248/248/241
f 55/56/56 58/55/55 196/197/195
f 196/197/195 193/190/188 55/56/56
f 190/191/189 193/190/188 196/197/195
f 196/197/195 195/196/194 190/191/189
f 249/249/116 197/194/192 196/197/195
f 196/197/195 58/55/55 249/249/116
f 59/60/60 62/59/59 192/193/191
f 192/193/191 250/250/242 59/60/60
f 234/234/231 250/250/242 192/193/191
f 192/193/191 191/192/190 234/234/231
f 55/56/56 193/190/188 192/193/191
f 192/193/191 62/59/59 55/56/56
f 234/234/231 231/232/229 188/189/187
f 188/189/187 250/250/242 234/234/231
f 59/60/60 250/250/242 188/189/187
f 188/189/187 54/51/51 59/60/60
f 230/231/228 189/188/186 188/189/187
f 188/189/187 231/232/229 230/231/228
f 109/109/109 213/213/210 186/187/185
f 186/187/185 251/251/243 109/109/109
f 252/252/244 251/251/243 186/187/185
f 186/187/185 185/186/184 252/252/244
f 212/212/209 187/184/182 186/187/185
f 186/187/185 213/213/210 212/212/209
f 212/212/209 214/214/211 182/183/181
f 182/183/181 222/219/216 212/212/209
f 219/220/217 222/219/216 182/183/181
f 182/183/181 181/182/180 219/220/217
f 242/242/238 183/180/178 182/183/181
f 182/183/181 214/214/211 242/242/238
f 237/237/217 253/253/180 178/179/177
f 178/179/177 226/223/220 237/237/217
f 223/224/221 226/223/220 178/179/177
f 178/179/177 177/178/176 223/224/221
f 245/245/179 179/176/174 178/179/177
f 178/179/177 253/253/180 245/245/179
f 248/248/241 254/254/245 174/175/173
f 174/175/173 200/198/196 248/248/241
f 169/170/168 200/198/196 174/175/173
f 174/175/173 170/171/169 169/170/168
f 235/235/232 175/173/171 174/175/173
f 174/175/173 254/254/245 235/235/232
f 223/224/221 177/178/176 171/172/170
f 171/172/170 229/227/224 223/224/221
f 173/174/172 229/227/224 171/172/170
f 171/172/170 170/171/169 173/174/172
f 176/177/175 172/169/167 171/172/170
f 171/172/170 177/178/176 176/177/175
f 168/168/166 255/255/246 256/256/247
f 255/255/246 167/167/165 257/257/248
f 168/168/166 167/167/165 255/255/246
f 165/165/163 168/168/166 256/256/247
f 168/168/166 164/164/93 166/166/164
f 165/165/163 164/164/93 168/168/166
f 163/163/162 165/165/163 256/256/247
f 165/165/163 92/90/90 93/94/94
f 163/163/162 92/90/90 165/165/163
f 162/162/161 163/163/162 256/256/247
f 163/163/162 161/161/160 90/91/91
f 162/162/161 161/161/160 163/163/162
f 159/159/158 258/258/249 259/259/250
f 258/258/249 124/124/124 123/123/123
f 159/159/158 124/124/124 258/258/249
f 158/158/157 260/260/251 261/261/252
f 260/260/251 157/157/156 262/262/253
f 158/158/157 157/157/156 260/260/251
f 155/155/154 37/37/37 38/38/38
f 37/37/37 154/154/153 35/35/35
f 155/155/154 154/154/153 37/37/37
f 265/263/135 263/264/254 151/152/151
f 151/152/151 264/265/40 265/263/135
f 266/266/38 264/265/40 151/152/151
f 151/152/151 150/151/150 266/266/38
f 267/267/255 152/149/148 151/152/151
f 151/152/151 263/264/254 267/267/255
f 130/131/131 139/140/140 147/148/147
f 147/148/147 129/126/126 130/131/131
f 126/127/127 129/126/126 147/148/147
f 147/148/147 146/147/146 126/127/127
f 138/139/139 148/146/145 147/148/147
f 147/148/147 139/140/140 138/139/139
f 120/120/120 268/268/256 144/145/144
f 144/145/144 269/269/257 120/120/120
f 270/270/258 269/269/257 144/145/144
f 144/145/144 143/144/143 270/270/258
f 271/271/259 145/142/142 144/145/144
f 144/145/144 268/268/256 271/271/259
f 271/271/259 272/272/260 140/141/141
f 140/141/141 273/273/261 271/271/259
f 130/131/131 273/273/261 140/141/141
f 140/141/141 139/140/140 130/131/131
f 274/274/262 141/138/138 140/141/141
f 140/141/141 272/272/260 274/274/262
f 71/72/72 159/159/158 136/137/137
f 136/137/137 72/73/73 71/72/72
f 275/275/263 72/73/73 136/137/137
f 136/137/137 135/136/136 275/275/263
f 259/259/250 137/134/134 136/137/137
f 136/137/137 159/159/158 259/259/250
f 267/267/255 276/276/264 132/133/133
f 132/133/133 152/149/148 267/267/255
f 149/150/149 152/149/148 132/133/133
f 132/133/133 131/132/132 149/150/149
f 277/277/123 133/130/130 132/133/133
f 132/133/133 276/276/264 277/277/123
f 149/150/149 131/132/132 128/129/129
f 128/129/129 150/151/150 149/150/149
f 266/266/38 150/151/150 128/129/129
f 128/129/129 127/128/128 266/266/38
f 130/131/131 129/126/126 128/129/129
f 128/129/129 131/132/132 130/131/131
f 125/125/125 74/71/71 278/278/265
f 74/71/71 124/124/124 71/72/72
f 125/125/125 124/124/124 74/71/71
f 122/122/122 125/125/125 278/278/265
f 125/125/125 121/121/121 123/123/123
f 122/122/122 121/121/121 125/125/125
f 119/119/119 122/122/122 278/278/265
f 122/122/122 4/1/1 120/120/120
f 119/119/119 4/1/1 122/122/122
f 279/279/266 104/104/104 117/118/118
f 117/118/118 83/81/81 279/279/266
f 81/82/82 83/81/81 117/118/118
f 117/118/118 116/117/117 81/82/82
f 97/98/98 118/115/115 117/118/118
f 117/118/118 104/104/104 97/98/98
f 114/114/114 280/280/267 281/281/268
f 280/280/267 113/113/113 242/242/238
f 114/114/114 113/113/113 280/280/267
f 111/111/111 280/280/267 242/242/238
f 280/280/267 110/110/110 281/281/268
f 111/111/111 110/110/110 280/280/267
f 108/108/108 114/114/114 281/281/268
f 114/114/114 107/107/107 112/112/112
f 108/108/108 107/107/107 114/114/114
f 283/282/269 101/102/102 105/105/105
f 105/105/105 282/283/270 283/282/269
f 279/279/266 282/283/270 105/105/105
f 105/105/105 104/104/104 279/279/266
f 86/87/87 89/86/86 105/105/105
f 105/105/105 101/102/102 86/87/87
f 106/106/106 108/108/108 102/103/103
f 102/103/103 284/284/271 106/106/106
f 283/282/269 284/284/271 102/103/103
f 102/103/103 101/102/102 283/282/269
f 281/281/268 103/101/101 102/103/103
f 102/103/103 108/108/108 281/281/268
f 287/285/272 285/286/214 99/100/100
f 99/100/100 286/287/161 287/285/272
f 288/288/273 286/287/161 99/100/100
f 99/100/100 98/99/99 288/288/273
f 209/209/206 100/97/97 99/100/100
f 99/100/100 285/286/214 209/209/206
f 109/109/109 251/251/243 95/96/96
f 95/96/96 110/110/110 109/109/109
f 281/281/268 110/110/110 95/96/96
f 95/96/96 94/95/95 281/281/268
f 252/252/244 96/93/93 95/96/96
f 95/96/96 251/251/243 252/252/244
f 281/281/268 94/95/95 91/92/92
f 91/92/92 103/101/101 281/281/268
f 86/87/87 103/101/101 91/92/92
f 91/92/92 87/88/88 86/87/87
f 93/94/94 92/90/90 91/92/92
f 91/92/92 94/95/95 93/94/94
f 288/288/273 98/99/99 88/89/89
f 88/89/89 289/289/160 288/288/273
f 90/91/91 289/289/160 88/89/89
f 88/89/89 87/88/88 90/91/91
f 97/98/98 89/86/86 88/89/89
f 88/89/89 98/99/99 97/98/98
f 112/112/112 107/107/107 84/85/85
f 84/85/85 208/206/204 112/112/112
f 75/76/76 208/206/204 84/85/85
f 84/85/85 76/77/77 75/76/76
f 106/106/106 85/84/84 84/85/85
f 84/85/85 107/107/107 106/106/106
f 283/282/269 282/283/270 82/83/83
f 82/83/83 80/79/79 283/282/269
f 67/68/68 80/79/79 82/83/83
f 82/83/83 68/69/69 67/68/68
f 279/279/266 83/81/81 82/83/83
f 82/83/83 282/283/270 279/279/266
f 106/106/106 284/284/271 79/80/80
f 79/80/80 85/84/84 106/106/106
f 63/64/64 85/84/84 79/80/80
f 79/80/80 64/65/65 63/64/64
f 283/282/269 80/79/79 79/80/80
f 79/80/80 284/284/271 283/282/269
f 1/2/2 119/119/119 77/78/78
f 77/78/78 66/63/63 1/2/2
f 63/64/64 66/63/63 77/78/78
f 77/78/78 76/77/77 63/64/64
f 278/278/265 78/75/75 77/78/78
f 77/78/78 119/119/119 278/278/265
f 75/76/76 78/75/75 73/74/74
f 73/74/74 290/290/274 75/76/76
f 275/275/263 290/290/274 73/74/74
f 73/74/74 72/73/73 275/275/263
f 278/278/265 74/71/71 73/74/74
f 73/74/74 78/75/75 278/278/265
f 138/139/139 141/138/138 69/70/70
f 69/70/70 148/146/145 138/139/139
f 81/82/82 148/146/145 69/70/70
f 69/70/70 68/69/69 81/82/82
f 274/274/262 70/67/67 69/70/70
f 69/70/70 141/138/138 274/274/262
f 274/274/262 2/3/3 65/66/66
f 65/66/66 70/67/67 274/274/262
f 67/68/68 70/67/67 65/66/66
f 65/66/66 64/65/65 67/68/68
f 1/2/2 66/63/63 65/66/66
f 65/66/66 2/3/3 1/2/2
f 292/291/18 56/57/57 61/62/62
f 61/62/62 291/292/275 292/291/18
f 293/293/10 291/292/275 61/62/62
f 61/62/62 60/61/61 293/293/10
f 55/56/56 62/59/59 61/62/62
f 61/62/62 56/57/57 55/56/56
f 296/294/276 294/295/117 57/58/58
f 57/58/58 295/296/27 296/294/276
f 292/291/18 295/296/27 57/58/58
f 57/58/58 56/57/57 292/291/18
f 249/249/116 58/55/55 57/58/58
f 57/58/58 294/295/117 249/249/116
f 293/293/10 60/61/61 53/54/54
f 53/54/54 297/297/277 293/293/10
f 298/298/278 297/297/277 53/54/54
f 53/54/54 52/53/53 298/298/278
f 59/60/60 54/51/51 53/54/54
f 53/54/54 60/61/61 59/60/60
f 42/42/42 260/260/251 262/262/253
f 260/260/251 50/50/50 261/261/252
f 42/42/42 50/50/50 260/260/251
f 49/49/49 50/50/50 41/41/41
f 50/50/50 48/48/48 261/261/252
f 49/49/49 48/48/48 50/50/50
f 46/46/46 49/49/49 41/41/41
f 49/49/49 45/45/45 47/47/47
f 46/46/46 45/45/45 49/49/49
f 43/43/43 157/157/156 156/156/155
f 157/157/156 42/42/42 262/262/253
f 43/43/43 42/42/42 157/157/156
f 40/40/40 43/43/43 156/156/155
f 43/43/43 39/39/39 41/41/41
f 40/40/40 39/39/39 43/43/43
f 37/37/37 39/39/39 38/38/38
f 39/39/39 36/36/36 41/41/41
f 37/37/37 36/36/36 39/39/39
f 32/32/32 36/36/36 35/35/35
f 36/36/36 34/34/34 41/41/41
f 32/32/32 34/34/34 36/36/36
f 33/33/33 154/154/153 153/153/152
f 154/154/153 32/32/32 35/35/35
f 33/33/33 32/32/32 154/154/153
f 30/30/30 33/33/33 153/153/152
f 33/33/33 29/29/29 31/31/31
f 30/30/30 29/29/29 33/33/33
f 27/27/27 29/29/29 28/28/28
f 29/29/29 20/17/17 31/31/31
f 27/27/27 20/17/17 29/29/29
f 44/44/44 46/46/46 25/26/26
f 25/26/26 201/202/200 44/44/44
f 246/246/239 201/202/200 25/26/26
f 25/26/26 24/25/25 246/246/239
f 41/41/41 26/23/23 25/26/26
f 25/26/26 46/46/46 41/41/41
f 41/41/41 34/34/34 21/22/22
f 21/22/22 26/23/23 41/41/41
f 23/24/24 26/23/23 21/22/22
f 21/22/22 16/13/13 23/24/24
f 31/31/31 22/21/21 21/22/22
f 21/22/22 34/34/34 31/31/31
f 13/14/14 22/21/21 19/20/20
f 19/20/20 12/9/9 13/14/14
f 9/10/10 12/9/9 19/20/20
f 19/20/20 18/19/19 9/10/10
f 31/31/31 20/17/17 19/20/20
f 19/20/20 22/21/21 31/31/31
f 301/299/279 299/300/280 15/16/16
f 15/16/16 300/301/281 301/299/279
f 302/302/282 300/301/281 15/16/16
f 15/16/16 14/15/15 302/302/282
f 23/24/24 16/13/13 15/16/16
f 15/16/16 299/300/280 23/24/24
f 302/302/282 14/15/15 11/12/12
f 11/12/12 303/303/283 302/302/282
f 304/304/278 303/303/283 11/12/12
f 11/12/12 10/11/11 304/304/278
f 13/14/14 12/9/9 11/12/12
f 11/12/12 14/15/15 13/14/14
f 23/24/24 299/300/280 7/8/8
f 7/8/8 24/25/25 23/24/24
f 246/246/239 24/25/25 7/8/8
f 7/8/8 6/7/7 246/246/239
f 301/299/279 8/5/5 7/8/8
f 7/8/8 299/300/280 301/299/279
f 271/271/259 268/268/256 3/4/4
f 3/4/4 272/272/260 271/271/259
f 274/274/262 272/272/260 3/4/4
f 3/4/4 2/3/3 274/274/262
f 120/120/120 4/1/1 3/4/4
f 3/4/4 268/268/256 120/120/120
f 308/305/284 305/306/285 306/307/286
f 306/307/286 307/308/287 308/305/284
f 312/309/288 309/310/289 310/311/290
f 310/311/290 311/312/291 312/309/288
f 316/313/292 313/314/293 314/315/294
f 314/315/294 315/316/295 316/313/292
f 320/317/296 317/318/297 318/319/298
f 318/319/298 319/320/299 320/317/296
f 324/321/300 321/322/301 322/323/302
f 322/323/302 323/324/303 324/321/300
f 326/325/304 317/318/297 320/317/296
f 320/317/296 325/326/305 326/325/304
f 330/327/306 327/328/307 328/329/308
f 328/329/308 329/330/309 330/327/306
f 321/322/301 324/321/300 331/331/310
f 332/332/311 333/333/312 334/334/313
f 335/335/314 336/336/315 337/337/316
f 335/335/314 338/338/317 336/336/315
f 339/339/318 340/340/319 341/341/320
f 342/342/321 343/343/322 344/344/323
f 345/345/324 346/346/325 347/347/326
f 348/348/327 349/349/328 350/350/329
f 351/351/330 352/352/331 353/353/332
f 345/345/324 354/354/333 346/346/325
f 358/355/334 355/356/335 356/357/336
f 356/357/336 357/358/337 358/355/334
f 362/359/338 359/360/339 360/361/340
f 360/361/340 361/362/341 362/359/338
f 366/363/342 363/364/343 364/365/344
f 364/365/344 365/366/345 366/363/342
f 370/367/346 367/368/347 368/369/348
f 368/369/348 369/370/349 370/367/346
f 374/371/350 371/372/351 372/373/352
f 372/373/352 373/374/353 374/371/350
f 378/375/354 375/376/355 376/377/356
f 376/377/356 377/378/357 378/375/354
f 382/379/358 379/380/330 380/381/359
f 380/381/359 381/382/360 382/379/358
f 384/383/361 371/372/351 368/369/348
f 368/369/348 383/384/362 384/383/361
f 387/385/363 385/386/311 372/373/352
f 372/373/352 386/387/364 387/385/363
f 389/388/365 367/368/347 380/381/359
f 380/381/359 388/389/366 389/388/365
f 393/390/367 390/391/368 391/392/369
f 391/392/369 392/393/370 393/390/367
f 396/394/371 394/395/372 391/392/369
f 391/392/369 395/396/373 396/394/371
f 400/397/374 397/398/375 398/399/376
f 398/399/376 399/400/377 400/397/374
f 404/401/378 401/402/379 402/403/380
f 402/403/380 403/404/381 404/401/378
f 407/405/382 390/391/368 405/406/383
f 405/406/383 406/407/384 407/405/382
f 393/390/367 401/402/379 408/408/385
f 408/408/385 409/409/386 393/390/367
f 410/410/387 411/411/388 412/412/389
f 413/413/390 414/414/391 415/415/392
f 416/416/393 417/417/394 418/418/395
f 422/419/396 419/420/397 420/421/398
f 420/421/398 421/422/399 422/419/396
f 305/306/285 308/305/284 423/423/400
f 424/424/401 425/425/402 426/426/403
f 427/427/404 428/428/405 429/429/406
f 433/430/407 430/431/408 431/432/409
f 431/432/409 432/433/410 433/430/407
f 437/434/411 434/435/412 435/436/413
f 435/436/413 436/437/414 437/434/411
f 441/438/415 438/439/416 439/440/417
f 439/440/417 440/441/418 441/438/415
f 445/442/419 442/443/420 443/444/421
f 443/444/421 444/445/422 445/442/419
f 449/446/423 446/447/424 447/448/425
f 447/448/425 448/449/426 449/446/423
f 452/450/427 385/386/311 450/451/313
f 450/451/313 451/452/428 452/450/427
f 456/453/429 453/454/430 454/455/431
f 454/455/431 455/456/432 456/453/429
f 457/457/433 458/458/434 459/459/435
f 460/460/436 461/461/437 462/462/417
f 375/376/355 428/428/405 463/463/438
f 464/464/439 465/465/440 466/466/441
f 394/395/372 396/394/371 467/467/442
f 397/398/375 468/468/443 469/469/444
f 470/470/445 471/471/446 472/472/447
f 476/473/448 473/474/449 474/475/450
f 474/475/450 475/476/451 476/473/448
f 479/477/452 477/478/453 474/475/450
f 474/475/450 478/479/454 479/477/452
f 483/480/455 480/481/456 481/482/457
f 481/482/457 482/483/458 483/480/455
f 487/484/459 484/485/460 485/486/461
f 485/486/461 486/487/462 487/484/459
f 491/488/463 488/489/464 489/490/446
f 489/490/446 490/491/465 491/488/463
f 493/492/466 355/356/335 358/355/334
f 358/355/334 492/493/467 493/492/466
f 497/494/468 494/495/469 495/496/470
f 495/496/470 496/497/471 497/494/468
f 501/498/472 498/499/473 499/500/474
f 499/500/474 500/501/475 501/498/472
f 504/502/476 473/474/449 502/503/477
f 502/503/477 503/504/478 504/502/476
f 507/505/479 348/348/327 505/506/480
f 505/506/480 506/507/481 507/505/479
f 509/508/482 351/351/330 349/349/328
f 349/349/328 508/509/483 509/508/482
f 512/510/484 379/380/330 510/511/482
f 510/511/482 511/512/485 512/510/484
f 404/401/378 513/513/486 514/514/487
f 514/514/487 515/515/488 404/401/378
f 516/516/489 517/517/490 518/518/491
f 522/519/492 519/520/493 520/521/494
f 520/521/494 521/522/495 522/519/492
f 526/523/496 523/524/497 524/525/498
f 524/525/498 525/526/499 526/523/496
f 530/527/500 527/528/501 528/529/502
f 528/529/502 529/530/503 530/527/500
f 533/531/504 477/478/453 531/532/505
f 531/532/505 532/533/506 533/531/504
f 537/534/507 534/535/508 535/536/509
f 535/536/509 536/537/510 537/534/507
f 477/478/453 479/477/452 536/537/510
f 536/537/510 531/532/505 477/478/453
f 538/538/511 531/532/505 536/537/510
f 536/537/510 535/536/509 538/538/511
f 539/539/512 537/534/507 536/537/510
f 536/537/510 479/477/452 539/539/512
f 494/495/469 528/529/502 532/533/506
f 532/533/506 495/496/470 494/495/469
f 538/538/511 495/496/470 532/533/506
f 532/533/506 531/532/505 538/538/511
f 527/528/501 533/531/504 532/533/506
f 532/533/506 528/529/502 527/528/501
f 498/499/473 540/540/498 529/530/503
f 529/530/503 499/500/474 498/499/473
f 494/495/469 499/500/474 529/530/503
f 529/530/503 528/529/502 494/495/469
f 541/541/513 530/527/500 529/530/503
f 529/530/503 540/540/498 541/541/513
f 519/520/493 522/519/492 525/526/499
f 525/526/499 542/542/514 519/520/493
f 543/543/515 542/542/514 525/526/499
f 525/526/499 524/525/498 543/543/515
f 516/516/489 526/523/496 525/526/499
f 525/526/499 522/519/492 516/516/489
f 488/489/464 491/488/463 521/522/495
f 521/522/495 544/544/516 488/489/464
f 545/545/517 544/544/516 521/522/495
f 521/522/495 520/521/494 545/545/517
f 516/516/489 522/519/492 521/522/495
f 521/522/495 491/488/463 516/516/489
f 518/518/491 415/415/392 546/546/518
f 415/415/392 517/517/490 413/413/390
f 518/518/491 517/517/490 415/415/392
f 419/420/397 422/419/396 515/515/488
f 515/515/488 547/547/472 419/420/397
f 548/548/519 547/547/472 515/515/488
f 515/515/488 514/514/487 548/548/519
f 401/402/379 404/401/378 515/515/488
f 515/515/488 422/419/396 401/402/379
f 546/546/518 417/417/394 511/512/485
f 511/512/485 487/484/459 546/546/518
f 484/485/460 487/484/459 511/512/485
f 511/512/485 510/511/482 484/485/460
f 416/416/393 512/510/484 511/512/485
f 511/512/485 417/417/394 416/416/393
f 480/481/456 483/480/455 508/509/483
f 508/509/483 507/505/479 480/481/456
f 348/348/327 507/505/479 508/509/483
f 508/509/483 349/349/328 348/348/327
f 549/549/460 509/508/482 508/509/483
f 508/509/483 483/480/455 549/549/460
f 473/474/449 476/473/448 506/507/481
f 506/507/481 502/503/477 473/474/449
f 550/550/520 502/503/477 506/507/481
f 506/507/481 505/506/480 550/550/520
f 480/481/456 507/505/479 506/507/481
f 506/507/481 476/473/448 480/481/456
f 309/310/289 551/551/521 503/504/478
f 503/504/478 310/311/290 309/310/289
f 550/550/520 310/311/290 503/504/478
f 503/504/478 502/503/477 550/550/520
f 552/552/522 504/502/476 503/504/478
f 503/504/478 551/551/521 552/552/522
f 359/360/339 362/359/338 500/501/475
f 500/501/475 497/494/468 359/360/339
f 494/495/469 497/494/468 500/501/475
f 500/501/475 499/500/474 494/495/469
f 553/553/523 501/498/472 500/501/475
f 500/501/475 362/359/338 553/553/523
f 363/364/343 366/363/342 496/497/471
f 496/497/471 554/554/524 363/364/343
f 538/538/511 554/554/524 496/497/471
f 496/497/471 495/496/470 538/538/511
f 359/360/339 497/494/468 496/497/471
f 496/497/471 366/363/342 359/360/339
f 538/538/511 535/536/509 492/493/467
f 492/493/467 554/554/524 538/538/511
f 363/364/343 554/554/524 492/493/467
f 492/493/467 358/355/334 363/364/343
f 534/535/508 493/492/466 492/493/467
f 492/493/467 535/536/509 534/535/508
f 413/413/390 517/517/490 490/491/465
f 490/491/465 555/555/525 413/413/390
f 556/556/526 555/555/525 490/491/465
f 490/491/465 489/490/446 556/556/526
f 516/516/489 491/488/463 490/491/465
f 490/491/465 517/517/490 516/516/489
f 516/516/489 518/518/491 486/487/462
f 486/487/462 526/523/496 516/516/489
f 523/524/497 526/523/496 486/487/462
f 486/487/462 485/486/461 523/524/497
f 546/546/518 487/484/459 486/487/462
f 486/487/462 518/518/491 546/546/518
f 541/541/513 557/557/461 482/483/458
f 482/483/458 530/527/500 541/541/513
f 527/528/501 530/527/500 482/483/458
f 482/483/458 481/482/457 527/528/501
f 549/549/460 483/480/455 482/483/458
f 482/483/458 557/557/461 549/549/460
f 552/552/522 558/558/527 478/479/454
f 478/479/454 504/502/476 552/552/522
f 473/474/449 504/502/476 478/479/454
f 478/479/454 474/475/450 473/474/449
f 539/539/512 479/477/452 478/479/454
f 478/479/454 558/558/527 539/539/512
f 527/528/501 481/482/457 475/476/451
f 475/476/451 533/531/504 527/528/501
f 477/478/453 533/531/504 475/476/451
f 475/476/451 474/475/450 477/478/453
f 480/481/456 476/473/448 475/476/451
f 475/476/451 481/482/457 480/481/456
f 472/472/447 559/559/516 560/560/528
f 559/559/516 471/471/446 561/561/529
f 472/472/447 471/471/446 559/559/516
f 469/469/444 472/472/447 560/560/528
f 472/472/447 468/468/443 470/470/445
f 469/469/444 468/468/443 472/472/447
f 467/467/442 469/469/444 560/560/528
f 469/469/444 396/394/371 397/398/375
f 467/467/442 396/394/371 469/469/444
f 466/466/441 467/467/442 560/560/528
f 467/467/442 465/465/440 394/395/372
f 466/466/441 465/465/440 467/467/442
f 463/463/438 562/562/530 563/563/531
f 562/562/530 428/428/405 427/427/404
f 463/463/438 428/428/405 562/562/530
f 462/462/417 564/564/532 565/565/533
f 564/564/532 461/461/437 566/566/534
f 462/462/417 461/461/437 564/564/532
f 459/459/435 341/341/320 342/342/321
f 341/341/320 458/458/434 339/339/318
f 459/459/435 458/458/434 341/341/320
f 569/567/535 567/568/536 455/456/432
f 455/456/432 568/569/537 569/567/535
f 570/570/321 568/569/537 455/456/432
f 455/456/432 454/455/431 570/570/321
f 571/571/531 456/453/429 455/456/432
f 455/456/432 567/568/536 571/571/531
f 434/435/412 443/444/421 451/452/428
f 451/452/428 433/430/407 434/435/412
f 430/431/408 433/430/407 451/452/428
f 451/452/428 450/451/313 430/431/408
f 442/443/420 452/450/427 451/452/428
f 451/452/428 443/444/421 442/443/420
f 424/424/401 572/572/538 448/449/426
f 448/449/426 573/573/539 424/424/401
f 574/574/540 573/573/539 448/449/426
f 448/449/426 447/448/425 574/574/540
f 575/575/541 449/446/423 448/449/426
f 448/449/426 572/572/538 575/575/541
f 575/575/541 576/576/542 444/445/422
f 444/445/422 577/577/543 575/575/541
f 434/435/412 577/577/543 444/445/422
f 444/445/422 443/444/421 434/435/412
f 578/578/544 445/442/419 444/445/422
f 444/445/422 576/576/542 578/578/544
f 375/376/355 463/463/438 440/441/418
f 440/441/418 376/377/356 375/376/355
f 579/579/533 376/377/356 440/441/418
f 440/441/418 439/440/417 579/579/533
f 563/563/531 441/438/415 440/441/418
f 440/441/418 463/463/438 563/563/531
f 571/571/531 580/580/545 436/437/414
f 436/437/414 456/453/429 571/571/531
f 453/454/430 456/453/429 436/437/414
f 436/437/414 435/436/413 453/454/430
f 581/581/546 437/434/411 436/437/414
f 436/437/414 580/580/545 581/581/546
f 453/454/430 435/436/413 432/433/410
f 432/433/410 454/455/431 453/454/430
f 570/570/321 454/455/431 432/433/410
f 432/433/410 431/432/409 570/570/321
f 434/435/412 433/430/407 432/433/410
f 432/433/410 435/436/413 434/435/412
f 429/429/406 378/375/354 582/582/547
f 378/375/354 428/428/405 375/376/355
f 429/429/406 428/428/405 378/375/354
f 426/426/403 429/429/406 582/582/547
f 429/429/406 425/425/402 427/427/404
f 426/426/403 425/425/402 429/429/406
f 423/423/400 426/426/403 582/582/547
f 426/426/403 308/305/284 424/424/401
f 423/423/400 308/305/284 426/426/403
f 583/583/548 408/408/385 421/422/399
f 421/422/399 387/385/363 583/583/548
f 385/386/311 387/385/363 421/422/399
f 421/422/399 420/421/398 385/386/311
f 401/402/379 422/419/396 421/422/399
f 421/422/399 408/408/385 401/402/379
f 418/418/395 584/584/549 585/585/550
f 584/584/549 417/417/394 546/546/518
f 418/418/395 417/417/394 584/584/549
f 415/415/392 584/584/549 546/546/518
f 584/584/549 414/414/391 585/585/550
f 415/415/392 414/414/391 584/584/549
f 412/412/389 418/418/395 585/585/550
f 418/418/395 411/411/388 416/416/393
f 412/412/389 411/411/388 418/418/395
f 587/586/551 405/406/383 409/409/386
f 409/409/386 586/587/552 587/586/551
f 583/583/548 586/587/552 409/409/386
f 409/409/386 408/408/385 583/583/548
f 390/391/368 393/390/367 409/409/386
f 409/409/386 405/406/383 390/391/368
f 410/410/387 412/412/389 406/407/384
f 406/407/384 588/588/553 410/410/387
f 587/586/551 588/588/553 406/407/384
f 406/407/384 405/406/383 587/586/551
f 585/585/550 407/405/382 406/407/384
f 406/407/384 412/412/389 585/585/550
f 591/589/517 589/590/554 403/404/381
f 403/404/381 590/591/555 591/589/517
f 592/592/556 590/591/555 403/404/381
f 403/404/381 402/403/380 592/592/556
f 513/513/486 404/401/378 403/404/381
f 403/404/381 589/590/554 513/513/486
f 413/413/390 555/555/525 399/400/377
f 399/400/377 414/414/391 413/413/390
f 585/585/550 414/414/391 399/400/377
f 399/400/377 398/399/376 585/585/550
f 556/556/526 400/397/374 399/400/377
f 399/400/377 555/555/525 556/556/526
f 585/585/550 398/399/376 395/396/373
f 395/396/373 407/405/382 585/585/550
f 390/391/368 407/405/382 395/396/373
f 395/396/373 391/392/369 390/391/368
f 397/398/375 396/394/371 395/396/373
f 395/396/373 398/399/376 397/398/375
f 592/592/556 402/403/380 392/393/370
f 392/393/370 593/593/557 592/592/556
f 394/395/372 593/593/557 392/393/370
f 392/393/370 391/392/369 394/395/372
f 401/402/379 393/390/367 392/393/370
f 392/393/370 402/403/380 401/402/379
f 416/416/393 411/411/388 388/389/366
f 388/389/366 512/510/484 416/416/393
f 379/380/330 512/510/484 388/389/366
f 388/389/366 380/381/359 379/380/330
f 410/410/387 389/388/365 388/389/366
f 388/389/366 411/411/388 410/410/387
f 587/586/551 586/587/552 386/387/364
f 386/387/364 384/383/361 587/586/551
f 371/372/351 384/383/361 386/387/364
f 386/387/364 372/373/352 371/372/351
f 583/583/548 387/385/363 386/387/364
f 386/387/364 586/587/552 583/583/548
f 410/410/387 588/588/553 383/384/362
f 383/384/362 389/388/365 410/410/387
f 367/368/347 389/388/365 383/384/362
f 383/384/362 368/369/348 367/368/347
f 587/586/551 384/383/361 383/384/362
f 383/384/362 588/588/553 587/586/551
f 305/306/285 423/423/400 381/382/360
f 381/382/360 370/367/346 305/306/285
f 367/368/347 370/367/346 381/382/360
f 381/382/360 380/381/359 367/368/347
f 582/582/547 382/379/358 381/382/360
f 381/382/360 423/423/400 582/582/547
f 379/380/330 382/379/358 377/378/357
f 377/378/357 594/594/558 379/380/330
f 579/579/533 594/594/558 377/378/357
f 377/378/357 376/377/356 579/579/533
f 582/582/547 378/375/354 377/378/357
f 377/378/357 382/379/358 582/582/547
f 442/443/420 445/442/419 373/374/353
f 373/374/353 452/450/427 442/443/420
f 385/386/311 452/450/427 373/374/353
f 373/374/353 372/373/352 385/386/311
f 578/578/544 374/371/350 373/374/353
f 373/374/353 445/442/419 578/578/544
f 578/578/544 306/307/286 369/370/349
f 369/370/349 374/371/350 578/578/544
f 371/372/351 374/371/350 369/370/349
f 369/370/349 368/369/348 371/372/351
f 305/306/285 370/367/346 369/370/349
f 369/370/349 306/307/286 305/306/285
f 596/595/559 360/361/340 365/366/345
f 365/366/345 595/596/560 596/595/559
f 597/597/561 595/596/560 365/366/345
f 365/366/345 364/365/344 597/597/561
f 359/360/339 366/363/342 365/366/345
f 365/366/345 360/361/340 359/360/339
f 600/598/311 598/599/562 361/362/341
f 361/362/341 599/600/310 600/598/311
f 596/595/559 599/600/310 361/362/341
f 361/362/341 360/361/340 596/595/559
f 553/553/523 362/359/338 361/362/341
f 361/362/341 598/599/562 553/553/523
f 597/597/561 364/365/344 357/358/337
f 357/358/337 601/601/294 597/597/561
f 602/602/563 601/601/294 357/358/337
f 357/358/337 356/357/336 602/602/563
f 363/364/343 358/355/334 357/358/337
f 357/358/337 364/365/344 363/364/343
f 346/346/325 564/564/532 566/566/534
f 564/564/532 354/354/333 565/565/533
f 346/346/325 354/354/333 564/564/532
f 353/353/332 354/354/333 345/345/324
f 354/354/333 352/352/331 565/565/533
f 353/353/332 352/352/331 354/354/333
f 350/350/329 353/353/332 345/345/324
f 353/353/332 349/349/328 351/351/330
f 350/350/329 349/349/328 353/353/332
f 347/347/326 461/461/437 460/460/436
f 461/461/437 346/346/325 566/566/534
f 347/347/326 346/346/325 461/461/437
f 344/344/323 347/347/326 460/460/436
f 347/347/326 343/343/322 345/345/324
f 344/344/323 343/343/322 347/347/326
f 341/341/320 343/343/322 342/342/321
f 343/343/322 340/340/319 345/345/324
f 341/341/320 340/340/319 343/343/322
f 336/336/315 340/340/319 339/339/318
f 340/340/319 338/338/317 345/345/324
f 336/336/315 338/338/317 340/340/319
f 337/337/316 458/458/434 457/457/433
f 458/458/434 336/336/315 339/339/318
f 337/337/316 336/336/315 458/458/434
f 334/334/313 337/337/316 457/457/433
f 337/337/316 333/333/312 335/335/314
f 334/334/313 333/333/312 337/337/316
f 331/331/310 333/333/312 332/332/311
f 333/333/312 324/321/300 335/335/314
f 331/331/310 324/321/300 333/333/312
f 348/348/327 350/350/329 329/330/309
f 329/330/309 505/506/480 348/348/327
f 550/550/520 505/506/480 329/330/309
f 329/330/309 328/329/308 550/550/520
f 345/345/324 330/327/306 329/330/309
f 329/330/309 350/350/329 345/345/324
f 345/345/324 338/338/317 325/326/305
f 325/326/305 330/327/306 345/345/324
f 327/328/307 330/327/306 325/326/305
f 325/326/305 320/317/296 327/328/307
f 335/335/314 326/325/304 325/326/305
f 325/326/305 338/338/317 335/335/314
f 317/318/297 326/325/304 323/324/303
f 323/324/303 316/313/292 317/318/297
f 313/314/293 316/313/292 323/324/303
f 323/324/303 322/323/302 313/314/293
f 335/335/314 324/321/300 323/324/303
f 323/324/303 326/325/304 335/335/314
f 605/603/564 603/604/565 319/320/299
f 319/320/299 604/605/566 605/603/564
f 606/606/567 604/605/566 319/320/299
f 319/320/299 318/319/298 606/606/567
f 327/328/307 320/317/296 319/320/299
f 319/320/299 603/604/565 327/328/307
f 606/606/567 318/319/298 315/316/295
f 315/316/295 607/607/568 606/606/567
f 608/608/563 607/607/568 315/316/295
f 315/316/295 314/315/294 608/608/563
f 317/318/297 316/313/292 315/316/295
f 315/316/295 318/319/298 317/318/297
f 327/328/307 603/604/565 311/312/291
f 311/312/291 328/329/308 327/328/307
f 550/550/520 328/329/308 311/312/291
f 311/312/291 310/311/290 550/550/520
f 605/603/564 312/309/288 311/312/291
f 311/312/291 603/604/565 605/603/564
f 575/575/541 572/572/538 307/308/287
f 307/308/287 576/576/542 575/575/541
f 578/578/544 576/576/542 307/308/287
f 307/308/287 306/307/286 578/578/544
f 424/424/401 308/305/284 307/308/287
f 307/308/287 572/572/538 424/424/401
f 612/609/569 609/610/570 610/611/571
f 610/611/571 611/612/572 612/609/569
f 616/613/573 613/614/574 614/615/575
f 614/615/575 615/616/576 616/613/573
f 620/617/577 617/618/578 618/619/579
f 618/619/579 619/620/580 620/617/577
f 623/621/581 621/622/582 619/620/580
f 619/620/580 622/623/583 623/621/581
f 625/624/584 617/618/578 620/617/577
f 620/617/577 624/625/585 625/624/584
f 628/626/586 626/627/587 621/622/582
f 621/622/582 627/628/588 628/626/586
f 627/628/588 621/622/582 623/621/581
f 623/621/581 629/629/589 627/628/588
f 633/630/590 630/631/574 631/632/591
f 631/632/591 632/633/592 633/630/590
f 637/634/593 634/635/594 635/636/595
f 635/636/595 636/637/596 637/634/593
f 636/637/596 635/636/595 638/638/597
f 638/638/597 611/612/572 636/637/596
f 642/639/598 639/640/599 640/641/600
f 640/641/600 641/642/569 642/639/598
f 646/643/601 643/644/602 644/645/603
f 644/645/603 645/646/604 646/643/601
f 645/646/604 647/647/605 648/648/606
f 648/648/606 649/649/607 645/646/604
f 653/650/608 650/651/609 651/652/610
f 651/652/610 652/653/611 653/650/608
f 652/653/611 651/652/610 654/654/612
f 654/654/612 655/655/613 652/653/611
f 657/656/614 617/618/578 625/624/584
f 625/624/584 656/657/615 657/656/614
f 660/658/602 658/659/601 656/657/615
f 656/657/615 659/660/608 660/658/602
f 661/661/609 659/660/608 656/657/615
f 656/657/615 625/624/584 661/661/609
f 662/662/616 657/656/614 656/657/615
f 656/657/615 658/659/601 662/662/616
f 662/662/616 663/663/617 664/664/618
f 664/664/618 657/656/614 662/662/616
f 617/618/578 657/656/614 664/664/618
f 664/664/618 618/619/579 617/618/578
f 663/663/617 665/665/619 655/655/613
f 655/655/613 664/664/618 663/663/617
f 618/619/579 664/664/618 655/655/613
f 655/655/613 654/654/612 618/619/579
f 666/666/620 652/653/611 655/655/613
f 655/655/613 665/665/619 666/666/620
f 667/667/602 653/650/608 652/653/611
f 652/653/611 666/666/620 667/667/602
f 669/668/621 645/646/604 649/649/607
f 649/649/607 668/669/622 669/668/621
f 670/670/623 669/668/621 668/669/622
f 668/669/622 663/663/617 670/670/623
f 663/663/617 668/669/622 649/649/607
f 649/649/607 665/665/619 663/663/617
f 666/666/620 665/665/619 649/649/607
f 649/649/607 648/648/606 666/666/620
f 672/671/624 671/672/620 648/648/606
f 648/648/606 647/647/605 672/671/624
f 670/670/623 646/643/601 645/646/604
f 645/646/604 669/668/621 670/670/623
f 634/635/594 637/634/593 641/642/569
f 641/642/569 640/641/600 634/635/594
f 676/673/599 673/674/625 674/675/626
f 674/675/626 675/676/627 676/673/599
f 675/676/627 677/677/626 611/612/572
f 611/612/572 638/638/597 675/676/627
f 634/635/594 640/641/600 632/633/592
f 632/633/592 628/626/586 634/635/594
f 626/627/587 628/626/586 632/633/592
f 632/633/592 631/632/591 626/627/587
f 639/640/599 633/630/590 632/633/592
f 632/633/592 640/641/600 639/640/599
f 676/673/599 675/676/627 678/678/628
f 678/678/628 679/679/590 676/673/599
f 613/614/574 679/679/590 678/678/628
f 678/678/628 614/615/575 613/614/574
f 675/676/627 638/638/597 629/629/589
f 629/629/589 678/678/628 675/676/627
f 614/615/575 678/678/628 629/629/589
f 629/629/589 623/621/581 614/615/575
f 635/636/595 627/628/588 629/629/589
f 629/629/589 638/638/597 635/636/595
f 634/635/594 628/626/586 627/628/588
f 627/628/588 635/636/595 634/635/594
f 630/631/574 680/680/629 624/625/585
f 624/625/585 631/632/591 630/631/574
f 626/627/587 631/632/591 624/625/585
f 624/625/585 620/617/577 626/627/587
f 661/661/609 625/624/584 624/625/585
f 624/625/585 680/680/629 661/661/609
f 651/652/610 615/616/576 622/623/583
f 622/623/583 654/654/612 651/652/610
f 618/619/579 654/654/612 622/623/583
f 622/623/583 619/620/580 618/619/579
f 614/615/575 623/621/581 622/623/583
f 622/623/583 615/616/576 614/615/575
f 626/627/587 620/617/577 619/620/580
f 619/620/580 621/622/582 626/627/587
f 650/651/609 616/613/573 615/616/576
f 615/616/576 651/652/610 650/651/609
f 681/681/598 612/609/569 611/612/572
f 611/612/572 677/677/626 681/681/598
f 685/682/630 682/683/631 683/684/632
f 683/684/632 684/685/633 685/682/630
f 689/686/634 686/687/635 687/688/636
f 687/688/636 688/689/637 689/686/634
f 693/690/638 690/691/639 691/692/640
f 691/692/640 692/693/641 693/690/638
f 696/694/642 694/695/643 692/693/641
f 692/693/641 695/696/644 696/694/642
f 698/697/645 690/691/639 693/690/638
f 693/690/638 697/698/646 698/697/645
f 701/699/647 699/700/648 694/695/643
f 694/695/643 700/701/649 701/699/647
f 700/701/649 694/695/643 696/694/642
f 696/694/642 702/702/650 700/701/649
f 706/703/651 703/704/635 704/705/652
f 704/705/652 705/706/653 706/703/651
f 710/707/631 707/708/654 708/709/655
f 708/709/655 709/710/656 710/707/631
f 709/710/656 708/709/655 711/711/657
f 711/711/657 684/685/633 709/710/656
f 715/712/658 712/713/659 713/714/660
f 713/714/660 714/715/661 715/712/658
f 719/716/662 716/717/663 717/718/664
f 717/718/664 718/719/665 719/716/662
f 718/719/665 720/720/664 721/721/666
f 721/721/666 722/722/667 718/719/665
f 726/723/668 723/724/669 724/725/670
f 724/725/670 725/726/671 726/723/668
f 725/726/671 724/725/670 727/727/672
f 727/727/672 728/728/673 725/726/671
f 730/729/674 690/691/639 698/697/645
f 698/697/645 729/730/675 730/729/674
f 733/731/676 731/732/662 729/730/675
f 729/730/675 732/733/668 733/731/676
f 734/734/669 732/733/668 729/730/675
f 729/730/675 698/697/645 734/734/669
f 735/735/677 730/729/674 729/730/675
f 729/730/675 731/732/662 735/735/677
f 735/735/677 736/736/678 737/737/679
f 737/737/679 730/729/674 735/735/677
f 690/691/639 730/729/674 737/737/679
f 737/737/679 691/692/640 690/691/639
f 736/736/678 738/738/680 728/728/673
f 728/728/673 737/737/679 736/736/678
f 691/692/640 737/737/679 728/728/673
f 728/728/673 727/727/672 691/692/640
f 739/739/681 725/726/671 728/728/673
f 728/728/673 738/738/680 739/739/681
f 740/740/663 726/723/668 725/726/671
f 725/726/671 739/739/681 740/740/663
f 742/741/682 718/719/665 722/722/667
f 722/722/667 741/742/683 742/741/682
f 743/743/684 742/741/682 741/742/683
f 741/742/683 736/736/678 743/743/684
f 736/736/678 741/742/683 722/722/667
f 722/722/667 738/738/680 736/736/678
f 739/739/681 738/738/680 722/722/667
f 722/722/667 721/721/666 739/739/681
f 745/744/685 744/745/686 721/721/666
f 721/721/666 720/720/664 745/744/685
f 743/743/684 719/716/662 718/719/665
f 718/719/665 742/741/682 743/743/684
f 707/708/654 710/707/631 714/715/661
f 714/715/661 713/714/660 707/708/654
f 749/746/687 746/747/658 747/748/688
f 747/748/688 748/749/689 749/746/687
f 748/749/689 750/750/690 684/685/633
f 684/685/633 711/711/657 748/749/689
f 707/708/654 713/714/660 705/706/653
f 705/706/653 701/699/647 707/708/654
f 699/700/648 701/699/647 705/706/653
f 705/706/653 704/705/652 699/700/648
f 712/713/659 706/703/651 705/706/653
f 705/706/653 713/714/660 712/713/659
f 749/746/687 748/749/689 751/751/691
f 751/751/691 752/752/651 749/746/687
f 686/687/635 752/752/651 751/751/691
f 751/751/691 687/688/636 686/687/635
f 748/749/689 711/711/657 702/702/650
f 702/702/650 751/751/691 748/749/689
f 687/688/636 751/751/691 702/702/650
f 702/702/650 696/694/642 687/688/636
f 708/709/655 700/701/649 702/702/650
f 702/702/650 711/711/657 708/709/655
f 707/708/654 701/699/647 700/701/649
f 700/701/649 708/709/655 707/708/654
f 703/704/635 753/753/634 697/698/646
f 697/698/646 704/705/652 703/704/635
f 699/700/648 704/705/652 697/698/646
f 697/698/646 693/690/638 699/700/648
f 734/734/669 698/697/645 697/698/646
f 697/698/646 753/753/634 734/734/669
f 724/725/670 688/689/637 695/696/644
f 695/696/644 727/727/672 724/725/670
f 691/692/640 727/727/672 695/696/644
f 695/696/644 692/693/641 691/692/640
f 687/688/636 696/694/642 695/696/644
f 695/696/644 688/689/637 687/688/636
f 699/700/648 693/690/638 692/693/641
f 692/693/641 694/695/643 699/700/648
f 723/724/669 689/686/634 688/689/637
f 688/689/637 724/725/670 723/724/669
f 754/754/692 685/682/630 684/685/633
f 684/685/633 750/750/690 754/754/692
f 758/755/693 755/756/694 756/757/695
f 756/757/695 757/758/696 758/755/693
f 762/759/697 759/760/698 760/761/699
f 760/761/699 761/762/700 762/759/697
f 766/763/701 763/764/702 764/765/703
f 764/765/703 765/766/704 766/763/701
f 769/767/705 767/768/706 765/766/704
f 765/766/704 768/769/707 769/767/705
f 771/770/708 763/764/702 766/763/701
f 766/763/701 770/771/709 771/770/708
f 774/772/710 772/773/711 767/768/706
f 767/768/706 773/774/712 774/772/710
f 773/774/712 767/768/706 769/767/705
f 769/767/705 775/775/713 773/774/712
f 779/776/714 776/777/698 777/778/715
f 777/778/715 778/779/716 779/776/714
f 783/780/694 780/781/717 781/782/718
f 781/782/718 782/783/695 783/780/694
f 782/783/695 781/782/718 784/784/719
f 784/784/719 757/758/696 782/783/695
f 788/785/720 785/786/721 786/787/722
f 786/787/722 787/788/693 788/785/720
f 792/789/723 789/790/724 790/791/725
f 790/791/725 791/792/726 792/789/723
f 791/792/726 793/793/725 794/794/727
f 794/794/727 795/795/728 791/792/726
f 799/796/729 796/797/730 797/798/731
f 797/798/731 798/799/732 799/796/729
f 798/799/732 797/798/731 800/800/733
f 800/800/733 801/801/734 798/799/732
f 803/802/735 763/764/702 771/770/708
f 771/770/708 802/803/736 803/802/735
f 806/804/724 804/805/737 802/803/736
f 802/803/736 805/806/738 806/804/724
f 807/807/739 805/806/738 802/803/736
f 802/803/736 771/770/708 807/807/739
f 808/808/740 803/802/735 802/803/736
f 802/803/736 804/805/737 808/808/740
f 808/808/740 809/809/741 810/810/742
f 810/810/742 803/802/735 808/808/740
f 763/764/702 803/802/735 810/810/742
f 810/810/742 764/765/703 763/764/702
f 809/809/741 811/811/743 801/801/734
f 801/801/734 810/810/742 809/809/741
f 764/765/703 810/810/742 801/801/734
f 801/801/734 800/800/733 764/765/703
f 812/812/744 798/799/732 801/801/734
f 801/801/734 811/811/743 812/812/744
f 813/813/724 799/796/729 798/799/732
f 798/799/732 812/812/744 813/813/724
f 815/814/745 791/792/726 795/795/728
f 795/795/728 814/815/746 815/814/745
f 816/816/740 815/814/745 814/815/746
f 814/815/746 809/809/741 816/816/740
f 809/809/741 814/815/746 795/795/728
f 795/795/728 811/811/743 809/809/741
f 812/812/744 811/811/743 795/795/728
f 795/795/728 794/794/727 812/812/744
f 818/817/724 817/818/747 794/794/727
f 794/794/727 793/793/725 818/817/724
f 816/816/740 792/789/723 791/792/726
f 791/792/726 815/814/745 816/816/740
f 780/781/717 783/780/694 787/788/693
f 787/788/693 786/787/722 780/781/717
f 822/819/748 819/820/720 820/821/749
f 820/821/749 821/822/750 822/819/748
f 821/822/750 823/823/751 757/758/696
f 757/758/696 784/784/719 821/822/750
f 780/781/717 786/787/722 778/779/716
f 778/779/716 774/772/710 780/781/717
f 772/773/711 774/772/710 778/779/716
f 778/779/716 777/778/715 772/773/711
f 785/786/721 779/776/714 778/779/716
f 778/779/716 786/787/722 785/786/721
f 822/819/748 821/822/750 824/824/752
f 824/824/752 825/825/753 822/819/748
f 759/760/698 825/825/753 824/824/752
f 824/824/752 760/761/699 759/760/698
f 821/822/750 784/784/719 775/775/713
f 775/775/713 824/824/752 821/822/750
f 760/761/699 824/824/752 775/775/713
f 775/775/713 769/767/705 760/761/699
f 781/782/718 773/774/712 775/775/713
f 775/775/713 784/784/719 781/782/718
f 780/781/717 774/772/710 773/774/712
f 773/774/712 781/782/718 780/781/717
f 776/777/698 826/826/697 770/771/709
f 770/771/709 777/778/715 776/777/698
f 772/773/711 777/778/715 770/771/709
f 770/771/709 766/763/701 772/773/711
f 807/807/739 771/770/708 770/771/709
f 770/771/709 826/826/697 807/807/739
f 797/798/731 761/762/700 768/769/707
f 768/769/707 800/800/733 797/798/731
f 764/765/703 800/800/733 768/769/707
f 768/769/707 765/766/704 764/765/703
f 760/761/699 769/767/705 768/769/707
f 768/769/707 761/762/700 760/761/699
f 772/773/711 766/763/701 765/766/704
f 765/766/704 767/768/706 772/773/711
f 796/797/730 762/759/697 761/762/700
f 761/762/700 797/798/731 796/797/730
f 827/827/754 758/755/693 757/758/696
f 757/758/696 823/823/751 827/827/754
f 831/828/755 828/829/756 829/830/757
f 829/830/757 830/831/758 831/828/755
f 835/832/759 832/833/760 833/834/761
f 833/834/761 834/835/762 835/832/759
f 839/836/763 836/837/764 837/838/765
f 837/838/765 838/839/766 839/836/763
f 843/840/767 840/841/768 841/842/769
f 841/842/769 842/843/770 843/840/767
f 847/844/771 844/845/772 845/846/773
f 845/846/773 846/847/774 847/844/771
f 849/848/775 840/841/768 843/840/767
f 843/840/767 848/849/776 849/848/775
f 853/850/777 850/851/778 851/852/779
f 851/852/779 852/853/780 853/850/777
f 844/845/772 847/844/771 854/854/781
f 855/855/782 856/856/783 857/857/784
f 858/858/785 859/859/786 860/860/787
f 858/858/785 861/861/788 859/859/786
f 862/862/789 863/863/790 864/864/791
f 865/865/792 866/866/793 867/867/794
f 868/868/795 869/869/796 870/870/797
f 871/871/798 872/872/799 873/873/800
f 874/874/801 875/875/802 876/876/803
f 868/868/795 877/877/804 869/869/796
f 881/878/805 878/879/806 879/880/807
f 879/880/807 880/881/808 881/878/805
f 885/882/809 882/883/810 883/884/811
f 883/884/811 884/885/812 885/882/809
f 889/886/813 886/887/814 887/888/815
f 887/888/815 888/889/816 889/886/813
f 893/890/817 890/891/818 891/892/819
f 891/892/819 892/893/820 893/890/817
f 897/894/821 894/895/822 895/896/823
f 895/896/823 896/897/824 897/894/821
f 901/898/825 898/899/826 899/900/827
f 899/900/827 900/901/828 901/898/825
f 905/902/829 902/903/830 903/904/831
f 903/904/831 904/905/832 905/902/829
f 907/906/833 894/895/822 891/892/819
f 891/892/819 906/907/834 907/906/833
f 910/908/835 908/909/836 895/896/823
f 895/896/823 909/910/837 910/908/835
f 912/911/838 890/891/818 903/904/831
f 903/904/831 911/912/839 912/911/838
f 916/913/840 913/914/841 914/915/842
f 914/915/842 915/916/843 916/913/840
f 919/917/844 917/918/845 914/915/842
f 914/915/842 918/919/846 919/917/844
f 923/920/847 920/921/848 921/922/849
f 921/922/849 922/923/850 923/920/847
f 927/924/851 924/925/852 925/926/853
f 925/926/853 926/927/854 927/924/851
f 930/928/855 913/914/841 928/929/856
f 928/929/856 929/930/857 930/928/855
f 916/913/840 924/925/852 931/931/858
f 931/931/858 932/932/859 916/913/840
f 933/933/860 934/934/861 935/935/862
f 936/936/863 937/937/864 938/938/865
f 939/939/866 940/940/867 941/941/868
f 945/942/869 942/943/870 943/944/871
f 943/944/871 944/945/872 945/942/869
f 828/829/756 831/828/755 946/946/873
f 947/947/874 948/948/875 949/949/876
f 950/950/877 951/951/878 952/952/879
f 956/953/880 953/954/881 954/955/882
f 954/955/882 955/956/883 956/953/880
f 960/957/884 957/958/885 958/959/886
f 958/959/886 959/960/887 960/957/884
f 964/961/888 961/962/889 962/963/890
f 962/963/890 963/964/891 964/961/888
f 968/965/892 965/966/893 966/967/894
f 966/967/894 967/968/895 968/965/892
f 972/969/896 969/970/885 970/971/884
f 970/971/884 971/972/897 972/969/896
f 975/973/898 908/909/836 973/974/899
f 973/974/899 974/975/900 975/973/898
f 979/976/901 976/977/902 977/978/903
f 977/978/903 978/979/904 979/976/901
f 980/980/881 981/981/905 982/982/906
f 983/983/907 984/984/908 985/985/890
f 898/899/826 951/951/878 986/986/909
f 987/987/910 988/988/911 989/989/912
f 917/918/845 919/917/844 990/990/913
f 920/921/848 991/991/847 992/992/914
f 993/993/915 994/994/916 995/995/917
f 999/996/918 996/997/919 997/998/920
f 997/998/920 998/999/921 999/996/918
f 1002/1000/922 1000/1001/923 997/998/920
f 997/998/920 1001/1002/924 1002/1000/922
f 1006/1003/925 1003/1004/926 1004/1005/927
f 1004/1005/927 1005/1006/928 1006/1003/925
f 1010/1007/929 1007/1008/930 1008/1009/931
f 1008/1009/931 1009/1010/932 1010/1007/929
f 1014/1011/933 1011/1012/934 1012/1013/916
f 1012/1013/916 1013/1014/935 1014/1011/933
f 1016/1015/936 878/879/806 881/878/805
f 881/878/805 1015/1016/937 1016/1015/936
f 1020/1017/938 1017/1018/939 1018/1019/940
f 1018/1019/940 1019/1020/941 1020/1017/938
f 1024/1021/942 1021/1022/943 1022/1023/944
f 1022/1023/944 1023/1024/945 1024/1021/942
f 1027/1025/946 996/997/919 1025/1026/947
f 1025/1026/947 1026/1027/948 1027/1025/946
f 1030/1028/949 871/871/798 1028/1029/950
f 1028/1029/950 1029/1030/951 1030/1028/949
f 1032/1031/952 874/874/801 872/872/799
f 872/872/799 1031/1032/953 1032/1031/952
f 1035/1033/954 902/903/830 1033/1034/952
f 1033/1034/952 1034/1035/955 1035/1033/954
f 927/924/851 1036/1036/956 1037/1037/957
f 1037/1037/957 1038/1038/958 927/924/851
f 1039/1039/959 1040/1040/960 1041/1041/961
f 1045/1042/962 1042/1043/963 1043/1044/964
f 1043/1044/964 1044/1045/965 1045/1042/962
f 1049/1046/966 1046/1047/967 1047/1048/968
f 1047/1048/968 1048/1049/969 1049/1046/966
f 1053/1050/970 1050/1051/971 1051/1052/972
f 1051/1052/972 1052/1053/973 1053/1050/970
f 1056/1054/974 1000/1001/923 1054/1055/975
f 1054/1055/975 1055/1056/976 1056/1054/974
f 1060/1057/977 1057/1058/978 1058/1059/979
f 1058/1059/979 1059/1060/980 1060/1057/977
f 1000/1001/923 1002/1000/922 1059/1060/980
f 1059/1060/980 1054/1055/975 1000/1001/923
f 1061/1061/981 1054/1055/975 1059/1060/980
f 1059/1060/980 1058/1059/979 1061/1061/981
f 1062/1062/982 1060/1057/977 1059/1060/980
f 1059/1060/980 1002/1000/922 1062/1062/982
f 1017/1018/939 1051/1052/972 1055/1056/976
f 1055/1056/976 1018/1019/940 1017/1018/939
f 1061/1061/981 1018/1019/940 1055/1056/976
f 1055/1056/976 1054/1055/975 1061/1061/981
f 1050/1051/971 1056/1054/974 1055/1056/976
f 1055/1056/976 1051/1052/972 1050/1051/971
f 1021/1022/943 1063/1063/968 1052/1053/973
f 1052/1053/973 1022/1023/944 1021/1022/943
f 1017/1018/939 1022/1023/944 1052/1053/973
f 1052/1053/973 1051/1052/972 1017/1018/939
f 1064/1064/967 1053/1050/970 1052/1053/973
f 1052/1053/973 1063/1063/968 1064/1064/967
f 1042/1043/963 1045/1042/962 1048/1049/969
f 1048/1049/969 1065/1065/957 1042/1043/963
f 1066/1066/943 1065/1065/957 1048/1049/969
f 1048/1049/969 1047/1048/968 1066/1066/943
f 1039/1039/959 1049/1046/966 1048/1049/969
f 1048/1049/969 1045/1042/962 1039/1039/959
f 1011/1012/934 1014/1011/933 1044/1045/965
f 1044/1045/965 1067/1067/983 1011/1012/934
f 1068/1068/984 1067/1067/983 1044/1045/965
f 1044/1045/965 1043/1044/964 1068/1068/984
f 1039/1039/959 1045/1042/962 1044/1045/965
f 1044/1045/965 1014/1011/933 1039/1039/959
f 1041/1041/961 938/938/865 1069/1069/985
f 938/938/865 1040/1040/960 936/936/863
f 1041/1041/961 1040/1040/960 938/938/865
f 942/943/870 945/942/869 1038/1038/958
f 1038/1038/958 1070/1070/986 942/943/870
f 1071/1071/987 1070/1070/986 1038/1038/958
f 1038/1038/958 1037/1037/957 1071/1071/987
f 924/925/852 927/924/851 1038/1038/958
f 1038/1038/958 945/942/869 924/925/852
f 1069/1069/985 940/940/867 1034/1035/955
f 1034/1035/955 1010/1007/929 1069/1069/985
f 1007/1008/930 1010/1007/929 1034/1035/955
f 1034/1035/955 1033/1034/952 1007/1008/930
f 939/939/866 1035/1033/954 1034/1035/955
f 1034/1035/955 940/940/867 939/939/866
f 1003/1004/926 1006/1003/925 1031/1032/953
f 1031/1032/953 1030/1028/949 1003/1004/926
f 871/871/798 1030/1028/949 1031/1032/953
f 1031/1032/953 872/872/799 871/871/798
f 1072/1072/988 1032/1031/952 1031/1032/953
f 1031/1032/953 1006/1003/925 1072/1072/988
f 996/997/919 999/996/918 1029/1030/951
f 1029/1030/951 1025/1026/947 996/997/919
f 1073/1073/989 1025/1026/947 1029/1030/951
f 1029/1030/951 1028/1029/950 1073/1073/989
f 1003/1004/926 1030/1028/949 1029/1030/951
f 1029/1030/951 999/996/918 1003/1004/926
f 832/833/760 1074/1074/990 1026/1027/948
f 1026/1027/948 833/834/761 832/833/760
f 1073/1073/989 833/834/761 1026/1027/948
f 1026/1027/948 1025/1026/947 1073/1073/989
f 1075/1075/991 1027/1025/946 1026/1027/948
f 1026/1027/948 1074/1074/990 1075/1075/991
f 882/883/810 885/882/809 1023/1024/945
f 1023/1024/945 1020/1017/938 882/883/810
f 1017/1018/939 1020/1017/938 1023/1024/945
f 1023/1024/945 1022/1023/944 1017/1018/939
f 1076/1076/870 1024/1021/942 1023/1024/945
f 1023/1024/945 885/882/809 1076/1076/870
f 886/887/814 889/886/813 1019/1020/941
f 1019/1020/941 1077/1077/992 886/887/814
f 1061/1061/981 1077/1077/992 1019/1020/941
f 1019/1020/941 1018/1019/940 1061/1061/981
f 882/883/810 1020/1017/938 1019/1020/941
f 1019/1020/941 889/886/813 882/883/810
f 1061/1061/981 1058/1059/979 1015/1016/937
f 1015/1016/937 1077/1077/992 1061/1061/981
f 886/887/814 1077/1077/992 1015/1016/937
f 1015/1016/937 881/878/805 886/887/814
f 1057/1058/978 1016/1015/936 1015/1016/937
f 1015/1016/937 1058/1059/979 1057/1058/978
f 936/936/863 1040/1040/960 1013/1014/935
f 1013/1014/935 1078/1078/993 936/936/863
f 1079/1079/994 1078/1078/993 1013/1014/935
f 1013/1014/935 1012/1013/916 1079/1079/994
f 1039/1039/959 1014/1011/933 1013/1014/935
f 1013/1014/935 1040/1040/960 1039/1039/959
f 1039/1039/959 1041/1041/961 1009/1010/932
f 1009/1010/932 1049/1046/966 1039/1039/959
f 1046/1047/967 1049/1046/966 1009/1010/932
f 1009/1010/932 1008/1009/931 1046/1047/967
f 1069/1069/985 1010/1007/929 1009/1010/932
f 1009/1010/932 1041/1041/961 1069/1069/985
f 1064/1064/967 1080/1080/995 1005/1006/928
f 1005/1006/928 1053/1050/970 1064/1064/967
f 1050/1051/971 1053/1050/970 1005/1006/928
f 1005/1006/928 1004/1005/927 1050/1051/971
f 1072/1072/988 1006/1003/925 1005/1006/928
f 1005/1006/928 1080/1080/995 1072/1072/988
f 1075/1075/991 1081/1081/996 1001/1002/924
f 1001/1002/924 1027/1025/946 1075/1075/991
f 996/997/919 1027/1025/946 1001/1002/924
f 1001/1002/924 997/998/920 996/997/919
f 1062/1062/982 1002/1000/922 1001/1002/924
f 1001/1002/924 1081/1081/996 1062/1062/982
f 1050/1051/971 1004/1005/927 998/999/921
f 998/999/921 1056/1054/974 1050/1051/971
f 1000/1001/923 1056/1054/974 998/999/921
f 998/999/921 997/998/920 1000/1001/923
f 1003/1004/926 999/996/918 998/999/921
f 998/999/921 1004/1005/927 1003/1004/926
f 995/995/917 1082/1082/983 1083/1083/997
f 1082/1082/983 994/994/916 1084/1084/934
f 995/995/917 994/994/916 1082/1082/983
f 992/992/914 995/995/917 1083/1083/997
f 995/995/917 991/991/847 993/993/915
f 992/992/914 991/991/847 995/995/917
f 990/990/913 992/992/914 1083/1083/997
f 992/992/914 919/917/844 920/921/848
f 990/990/913 919/917/844 992/992/914
f 989/989/912 990/990/913 1083/1083/997
f 990/990/913 988/988/911 917/918/845
f 989/989/912 988/988/911 990/990/913
f 986/986/909 1085/1085/998 1086/1086/999
f 1085/1085/998 951/951/878 950/950/877
f 986/986/909 951/951/878 1085/1085/998
f 985/985/890 1087/1087/1000 1088/1088/1001
f 1087/1087/1000 984/984/908 1089/1089/1002
f 985/985/890 984/984/908 1087/1087/1000
f 982/982/906 864/864/791 865/865/792
f 864/864/791 981/981/905 862/862/789
f 982/982/906 981/981/905 864/864/791
f 1092/1090/889 1090/1091/888 978/979/904
f 978/979/904 1091/1092/1003 1092/1090/889
f 1093/1093/792 1091/1092/1003 978/979/904
f 978/979/904 977/978/903 1093/1093/792
f 1094/1094/999 979/976/901 978/979/904
f 978/979/904 1090/1091/888 1094/1094/999
f 957/958/885 966/967/894 974/975/900
f 974/975/900 956/953/880 957/958/885
f 953/954/881 956/953/880 974/975/900
f 974/975/900 973/974/899 953/954/881
f 965/966/893 975/973/898 974/975/900
f 974/975/900 966/967/894 965/966/893
f 947/947/874 1095/1095/1004 971/972/897
f 971/972/897 1096/1096/1005 947/947/874
f 1097/1097/877 1096/1096/1005 971/972/897
f 971/972/897 970/971/884 1097/1097/877
f 1098/1098/1006 972/969/896 971/972/897
f 971/972/897 1095/1095/1004 1098/1098/1006
f 1098/1098/1006 1099/1099/1007 967/968/895
f 967/968/895 1100/1100/896 1098/1098/1006
f 957/958/885 1100/1100/896 967/968/895
f 967/968/895 966/967/894 957/958/885
f 1101/1101/1008 968/965/892 967/968/895
f 967/968/895 1099/1099/1007 1101/1101/1008
f 898/899/826 986/986/909 963/964/891
f 963/964/891 899/900/827 898/899/826
f 1102/1102/1009 899/900/827 963/964/891
f 963/964/891 962/963/890 1102/1102/1009
f 1086/1086/999 964/961/888 963/964/891
f 963/964/891 986/986/909 1086/1086/999
f 1094/1094/999 1103/1103/1010 959/960/887
f 959/960/887 979/976/901 1094/1094/999
f 976/977/902 979/976/901 959/960/887
f 959/960/887 958/959/886 976/977/902
f 1104/1104/877 960/957/884 959/960/887
f 959/960/887 1103/1103/1010 1104/1104/877
f 976/977/902 958/959/886 955/956/883
f 955/956/883 977/978/903 976/977/902
f 1093/1093/792 977/978/903 955/956/883
f 955/956/883 954/955/882 1093/1093/792
f 957/958/885 956/953/880 955/956/883
f 955/956/883 958/959/886 957/958/885
f 952/952/879 901/898/825 1105/1105/1011
f 901/898/825 951/951/878 898/899/826
f 952/952/879 951/951/878 901/898/825
f 949/949/876 952/952/879 1105/1105/1011
f 952/952/879 948/948/875 950/950/877
f 949/949/876 948/948/875 952/952/879
f 946/946/873 949/949/876 1105/1105/1011
f 949/949/876 831/828/755 947/947/874
f 946/946/873 831/828/755 949/949/876
f 1106/1106/1012 931/931/858 944/945/872
f 944/945/872 910/908/835 1106/1106/1012
f 908/909/836 910/908/835 944/945/872
f 944/945/872 943/944/871 908/909/836
f 924/925/852 945/942/869 944/945/872
f 944/945/872 931/931/858 924/925/852
f 941/941/868 1107/1107/1013 1108/1108/1014
f 1107/1107/1013 940/940/867 1069/1069/985
f 941/941/868 940/940/867 1107/1107/1013
f 938/938/865 1107/1107/1013 1069/1069/985
f 1107/1107/1013 937/937/864 1108/1108/1014
f 938/938/865 937/937/864 1107/1107/1013
f 935/935/862 941/941/868 1108/1108/1014
f 941/941/868 934/934/861 939/939/866
f 935/935/862 934/934/861 941/941/868
f 1110/1109/1015 928/929/856 932/932/859
f 932/932/859 1109/1110/1016 1110/1109/1015
f 1106/1106/1012 1109/1110/1016 932/932/859
f 932/932/859 931/931/858 1106/1106/1012
f 913/914/841 916/913/840 932/932/859
f 932/932/859 928/929/856 913/914/841
f 933/933/860 935/935/862 929/930/857
f 929/930/857 1111/1111/1017 933/933/860
f 1110/1109/1015 1111/1111/1017 929/930/857
f 929/930/857 928/929/856 1110/1109/1015
f 1108/1108/1014 930/928/855 929/930/857
f 929/930/857 935/935/862 1108/1108/1014
f 1114/1112/997 1112/1113/1018 926/927/854
f 926/927/854 1113/1114/1019 1114/1112/997
f 1115/1115/1020 1113/1114/1019 926/927/854
f 926/927/854 925/926/853 1115/1115/1020
f 1036/1036/956 927/924/851 926/927/854
f 926/927/854 1112/1113/1018 1036/1036/956
f 936/936/863 1078/1078/993 922/923/850
f 922/923/850 937/937/864 936/936/863
f 1108/1108/1014 937/937/864 922/923/850
f 922/923/850 921/922/849 1108/1108/1014
f 1079/1079/994 923/920/847 922/923/850
f 922/923/850 1078/1078/993 1079/1079/994
f 1108/1108/1014 921/922/849 918/919/846
f 918/919/846 930/928/855 1108/1108/1014
f 913/914/841 930/928/855 918/919/846
f 918/919/846 914/915/842 913/914/841
f 920/921/848 919/917/844 918/919/846
f 918/919/846 921/922/849 920/921/848
f 1115/1115/1020 925/926/853 915/916/843
f 915/916/843 1116/1116/911 1115/1115/1020
f 917/918/845 1116/1116/911 915/916/843
f 915/916/843 914/915/842 917/918/845
f 924/925/852 916/913/840 915/916/843
f 915/916/843 925/926/853 924/925/852
f 939/939/866 934/934/861 911/912/839
f 911/912/839 1035/1033/954 939/939/866
f 902/903/830 1035/1033/954 911/912/839
f 911/912/839 903/904/831 902/903/830
f 933/933/860 912/911/838 911/912/839
f 911/912/839 934/934/861 933/933/860
f 1110/1109/1015 1109/1110/1016 909/910/837
f 909/910/837 907/906/833 1110/1109/1015
f 894/895/822 907/906/833 909/910/837
f 909/910/837 895/896/823 894/895/822
f 1106/1106/1012 910/908/835 909/910/837
f 909/910/837 1109/1110/1016 1106/1106/1012
f 933/933/860 1111/1111/1017 906/907/834
f 906/907/834 912/911/838 933/933/860
f 890/891/818 912/911/838 906/907/834
f 906/907/834 891/892/819 890/891/818
f 1110/1109/1015 907/906/833 906/907/834
f 906/907/834 1111/1111/1017 1110/1109/1015
f 828/829/756 946/946/873 904/905/832
f 904/905/832 893/890/817 828/829/756
f 890/891/818 893/890/817 904/905/832
f 904/905/832 903/904/831 890/891/818
f 1105/1105/1011 905/902/829 904/905/832
f 904/905/832 946/946/873 1105/1105/1011
f 902/903/830 905/902/829 900/901/828
f 900/901/828 1117/1117/802 902/903/830
f 1102/1102/1009 1117/1117/802 900/901/828
f 900/901/828 899/900/827 1102/1102/1009
f 1105/1105/1011 901/898/825 900/901/828
f 900/901/828 905/902/829 1105/1105/1011
f 965/966/893 968/965/892 896/897/824
f 896/897/824 975/973/898 965/966/893
f 908/909/836 975/973/898 896/897/824
f 896/897/824 895/896/823 908/909/836
f 1101/1101/1008 897/894/821 896/897/824
f 896/897/824 968/965/892 1101/1101/1008
f 1101/1101/1008 829/830/757 892/893/820
f 892/893/820 897/894/821 1101/1101/1008
f 894/895/822 897/894/821 892/893/820
f 892/893/820 891/892/819 894/895/822
f 828/829/756 893/890/817 892/893/820
f 892/893/820 829/830/757 828/829/756
f 1119/1118/772 883/884/811 888/889/816
f 888/889/816 1118/1119/1021 1119/1118/772
f 1120/1120/1022 1118/1119/1021 888/889/816
f 888/889/816 887/888/815 1120/1120/1022
f 882/883/810 889/886/813 888/889/816
f 888/889/816 883/884/811 882/883/810
f 1123/1121/782 1121/1122/871 884/885/812
f 884/885/812 1122/1123/781 1123/1121/782
f 1119/1118/772 1122/1123/781 884/885/812
f 884/885/812 883/884/811 1119/1118/772
f 1076/1076/870 885/882/809 884/885/812
f 884/885/812 1121/1122/871 1076/1076/870
f 1120/1120/1022 887/888/815 880/881/808
f 880/881/808 1124/1124/765 1120/1120/1022
f 1125/1125/1023 1124/1124/765 880/881/808
f 880/881/808 879/880/807 1125/1125/1023
f 886/887/814 881/878/805 880/881/808
f 880/881/808 887/888/815 886/887/814
f 869/869/796 1087/1087/1000 1089/1089/1002
f 1087/1087/1000 877/877/804 1088/1088/1001
f 869/869/796 877/877/804 1087/1087/1000
f 876/876/803 877/877/804 868/868/795
f 877/877/804 875/875/802 1088/1088/1001
f 876/876/803 875/875/802 877/877/804
f 873/873/800 876/876/803 868/868/795
f 876/876/803 872/872/799 874/874/801
f 873/873/800 872/872/799 876/876/803
f 870/870/797 984/984/908 983/983/907
f 984/984/908 869/869/796 1089/1089/1002
f 870/870/797 869/869/796 984/984/908
f 867/867/794 870/870/797 983/983/907
f 870/870/797 866/866/793 868/868/795
f 867/867/794 866/866/793 870/870/797
f 864/864/791 866/866/793 865/865/792
f 866/866/793 863/863/790 868/868/795
f 864/864/791 863/863/790 866/866/793
f 859/859/786 863/863/790 862/862/789
f 863/863/790 861/861/788 868/868/795
f 859/859/786 861/861/788 863/863/790
f 860/860/787 981/981/905 980/980/881
f 981/981/905 859/859/786 862/862/789
f 860/860/787 859/859/786 981/981/905
f 857/857/784 860/860/787 980/980/881
f 860/860/787 856/856/783 858/858/785
f 857/857/784 856/856/783 860/860/787
f 854/854/781 856/856/783 855/855/782
f 856/856/783 847/844/771 858/858/785
f 854/854/781 847/844/771 856/856/783
f 871/871/798 873/873/800 852/853/780
f 852/853/780 1028/1029/950 871/871/798
f 1073/1073/989 1028/1029/950 852/853/780
f 852/853/780 851/852/779 1073/1073/989
f 868/868/795 853/850/777 852/853/780
f 852/853/780 873/873/800 868/868/795
f 868/868/795 861/861/788 848/849/776
f 848/849/776 853/850/777 868/868/795
f 850/851/778 853/850/777 848/849/776
f 848/849/776 843/840/767 850/851/778
f 858/858/785 849/848/775 848/849/776
f 848/849/776 861/861/788 858/858/785
f 840/841/768 849/848/775 846/847/774
f 846/847/774 839/836/763 840/841/768
f 836/837/764 839/836/763 846/847/774
f 846/847/774 845/846/773 836/837/764
f 858/858/785 847/844/771 846/847/774
f 846/847/774 849/848/775 858/858/785
f 1128/1126/1024 1126/1127/1025 842/843/770
f 842/843/770 1127/1128/1026 1128/1126/1024
f 1129/1129/1027 1127/1128/1026 842/843/770
f 842/843/770 841/842/769 1129/1129/1027
f 850/851/778 843/840/767 842/843/770
f 842/843/770 1126/1127/1025 850/851/778
f 1129/1129/1027 841/842/769 838/839/766
f 838/839/766 1130/1130/1028 1129/1129/1027
f 1131/1131/1029 1130/1130/1028 838/839/766
f 838/839/766 837/838/765 1131/1131/1029
f 840/841/768 839/836/763 838/839/766
f 838/839/766 841/842/769 840/841/768
f 850/851/778 1126/1127/1025 834/835/762
f 834/835/762 851/852/779 850/851/778
f 1073/1073/989 851/852/779 834/835/762
f 834/835/762 833/834/761 1073/1073/989
f 1128/1126/1024 835/832/759 834/835/762
f 834/835/762 1126/1127/1025 1128/1126/1024
f 1098/1098/1006 1095/1095/1004 830/831/758
f 830/831/758 1099/1099/1007 1098/1098/1006
f 1101/1101/1008 1099/1099/1007 830/831/758
f 830/831/758 829/830/757 1101/1101/1008
f 947/947/874 831/828/755 830/831/758
f 830/831/758 1095/1095/1004 947/947/874
f 1135/1132/1030 1132/1133/1031 1133/1134/1032
f 1133/1134/1032 1134/1135/1033 1135/1132/1030
f 1139/1136/1034 1136/1137/1035 1137/1138/1036
f 1137/1138/1036 1138/1139/1037 1139/1136/1034
f 1143/1140/1038 1140/1141/1039 1141/1142/1040
f 1141/1142/1040 1142/1143/1041 1143/1140/1038
f 1147/1144/1042 1144/1145/1043 1145/1146/1044
f 1145/1146/1044 1146/1147/1045 1147/1144/1042
f 1151/1148/1046 1148/1149/1047 1149/1150/1048
f 1149/1150/1048 1150/1151/1049 1151/1148/1046
f 1153/1152/1050 1144/1145/1043 1147/1144/1042
f 1147/1144/1042 1152/1153/1051 1153/1152/1050
f 1157/1154/1052 1154/1155/1053 1155/1156/1054
f 1155/1156/1054 1156/1157/1055 1157/1154/1052
f 1148/1149/1047 1151/1148/1046 1158/1158/1056
f 1159/1159/1057 1160/1160/1058 1161/1161/1059
f 1162/1162/1060 1163/1163/1061 1164/1164/1062
f 1162/1162/1060 1165/1165/1063 1163/1163/1061
f 1166/1166/1064 1167/1167/1065 1168/1168/1066
f 1169/1169/1067 1170/1170/1068 1171/1171/1069
f 1172/1172/1070 1173/1173/1071 1174/1174/1072
f 1175/1175/1073 1176/1176/1074 1177/1177/1075
f 1178/1178/1076 1179/1179/1077 1180/1180/1078
f 1172/1172/1070 1181/1181/1079 1173/1173/1071
f 1185/1182/1080 1182/1183/1081 1183/1184/1082
f 1183/1184/1082 1184/1185/1083 1185/1182/1080
f 1189/1186/1084 1186/1187/1085 1187/1188/1086
f 1187/1188/1086 1188/1189/1087 1189/1186/1084
f 1193/1190/1088 1190/1191/1089 1191/1192/1090
f 1191/1192/1090 1192/1193/1091 1193/1190/1088
f 1197/1194/1092 1194/1195/1093 1195/1196/1094
f 1195/1196/1094 1196/1197/1095 1197/1194/1092
f 1201/1198/1096 1198/1199/1097 1199/1200/1098
f 1199/1200/1098 1200/1201/1099 1201/1198/1096
f 1205/1202/1100 1202/1203/1101 1203/1204/1102
f 1203/1204/1102 1204/1205/1103 1205/1202/1100
f 1209/1206/1104 1206/1207/1105 1207/1208/1106
f 1207/1208/1106 1208/1209/1107 1209/1206/1104
f 1211/1210/1108 1198/1199/1097 1195/1196/1094
f 1195/1196/1094 1210/1211/1109 1211/1210/1108
f 1214/1212/1110 1212/1213/1111 1199/1200/1098
f 1199/1200/1098 1213/1214/1112 1214/1212/1110
f 1216/1215/1113 1194/1195/1093 1207/1208/1106
f 1207/1208/1106 1215/1216/1114 1216/1215/1113
f 1220/1217/1115 1217/1218/1116 1218/1219/1117
f 1218/1219/1117 1219/1220/1118 1220/1217/1115
f 1223/1221/1119 1221/1222/1120 1218/1219/1117
f 1218/1219/1117 1222/1223/1121 1223/1221/1119
f 1227/1224/1122 1224/1225/1123 1225/1226/1124
f 1225/1226/1124 1226/1227/1125 1227/1224/1122
f 1231/1228/1126 1228/1229/1127 1229/1230/1128
f 1229/1230/1128 1230/1231/1129 1231/1228/1126
f 1234/1232/1130 1217/1218/1116 1232/1233/1131
f 1232/1233/1131 1233/1234/1132 1234/1232/1130
f 1220/1217/1115 1228/1229/1127 1235/1235/1133
f 1235/1235/1133 1236/1236/1134 1220/1217/1115
f 1237/1237/1135 1238/1238/1136 1239/1239/1137
f 1240/1240/1138 1241/1241/1139 1242/1242/1140
f 1243/1243/1141 1244/1244/1142 1245/1245/1143
f 1249/1246/1144 1246/1247/1145 1247/1248/1146
f 1247/1248/1146 1248/1249/1147 1249/1246/1144
f 1132/1133/1031 1135/1132/1030 1250/1250/1148
f 1251/1251/1149 1252/1252/1150 1253/1253/1151
f 1254/1254/1152 1255/1255/1153 1256/1256/1154
f 1260/1257/1155 1257/1258/1156 1258/1259/1157
f 1258/1259/1157 1259/1260/1158 1260/1257/1155
f 1264/1261/1159 1261/1262/1160 1262/1263/1161
f 1262/1263/1161 1263/1264/1162 1264/1261/1159
f 1268/1265/1163 1265/1266/1164 1266/1267/1165
f 1266/1267/1165 1267/1268/1166 1268/1265/1163
f 1272/1269/1167 1269/1270/1168 1270/1271/1169
f 1270/1271/1169 1271/1272/1170 1272/1269/1167
f 1276/1273/1171 1273/1274/1172 1274/1275/1173
f 1274/1275/1173 1275/1276/1174 1276/1273/1171
f 1279/1277/1175 1212/1213/1111 1277/1278/1176
f 1277/1278/1176 1278/1279/1177 1279/1277/1175
f 1283/1280/1178 1280/1281/1179 1281/1282/1180
f 1281/1282/1180 1282/1283/1181 1283/1280/1178
f 1284/1284/1182 1285/1285/1183 1286/1286/1157
f 1287/1287/1184 1288/1288/1185 1289/1289/1165
f 1202/1203/1101 1255/1255/1153 1290/1290/1186
f 1291/1291/1187 1292/1292/1188 1293/1293/1189
f 1221/1222/1120 1223/1221/1119 1294/1294/1190
f 1224/1225/1123 1295/1295/1191 1296/1296/1192
f 1297/1297/1193 1298/1298/1194 1299/1299/1195
f 1303/1300/1196 1300/1301/1197 1301/1302/1198
f 1301/1302/1198 1302/1303/1199 1303/1300/1196
f 1306/1304/1200 1304/1305/1201 1301/1302/1198
f 1301/1302/1198 1305/1306/1202 1306/1304/1200
f 1310/1307/1203 1307/1308/1204 1308/1309/1205
f 1308/1309/1205 1309/1310/1206 1310/1307/1203
f 1314/1311/1207 1311/1312/1208 1312/1313/1209
f 1312/1313/1209 1313/1314/1210 1314/1311/1207
f 1318/1315/1211 1315/1316/1212 1316/1317/1213
f 1316/1317/1213 1317/1318/1214 1318/1315/1211
f 1320/1319/1215 1182/1183/1081 1185/1182/1080
f 1185/1182/1080 1319/1320/1216 1320/1319/1215
f 1324/1321/1217 1321/1322/1218 1322/1323/1219
f 1322/1323/1219 1323/1324/1220 1324/1321/1217
f 1328/1325/1221 1325/1326/1222 1326/1327/1223
f 1326/1327/1223 1327/1328/1224 1328/1325/1221
f 1331/1329/1225 1300/1301/1197 1329/1330/1226
f 1329/1330/1226 1330/1331/1227 1331/1329/1225
f 1334/1332/1228 1175/1175/1073 1332/1333/1229
f 1332/1333/1229 1333/1334/1230 1334/1332/1228
f 1336/1335/1231 1178/1178/1076 1176/1176/1074
f 1176/1176/1074 1335/1336/1232 1336/1335/1231
f 1339/1337/1233 1206/1207/1105 1337/1338/1231
f 1337/1338/1231 1338/1339/1234 1339/1337/1233
f 1231/1228/1126 1340/1340/1235 1341/1341/1236
f 1341/1341/1236 1342/1342/1237 1231/1228/1126
f 1343/1343/1238 1344/1344/1239 1345/1345/1240
f 1349/1346/1241 1346/1347/1242 1347/1348/1243
f 1347/1348/1243 1348/1349/1244 1349/1346/1241
f 1353/1350/1245 1350/1351/1246 1351/1352/1247
f 1351/1352/1247 1352/1353/1248 1353/1350/1245
f 1357/1354/1249 1354/1355/1250 1355/1356/1251
f 1355/1356/1251 1356/1357/1252 1357/1354/1249
f 1360/1358/1253 1304/1305/1201 1358/1359/1254
f 1358/1359/1254 1359/1360/1255 1360/1358/1253
f 1364/1361/1256 1361/1362/1257 1362/1363/1258
f 1362/1363/1258 1363/1364/1259 1364/1361/1256
f 1304/1305/1201 1306/1304/1200 1363/1364/1259
f 1363/1364/1259 1358/1359/1254 1304/1305/1201
f 1365/1365/1260 1358/1359/1254 1363/1364/1259
f 1363/1364/1259 1362/1363/1258 1365/1365/1260
f 1366/1366/1261 1364/1361/1256 1363/1364/1259
f 1363/1364/1259 1306/1304/1200 1366/1366/1261
f 1321/1322/1218 1355/1356/1251 1359/1360/1255
f 1359/1360/1255 1322/1323/1219 1321/1322/1218
f 1365/1365/1260 1322/1323/1219 1359/1360/1255
f 1359/1360/1255 1358/1359/1254 1365/1365/1260
f 1354/1355/1250 1360/1358/1253 1359/1360/1255
f 1359/1360/1255 1355/1356/1251 1354/1355/1250
f 1325/1326/1222 1367/1367/1247 1356/1357/1252
f 1356/1357/1252 1326/1327/1223 1325/1326/1222
f 1321/1322/1218 1326/1327/1223 1356/1357/1252
f 1356/1357/1252 1355/1356/1251 1321/1322/1218
f 1368/1368/1262 1357/1354/1249 1356/1357/1252
f 1356/1357/1252 1367/1367/1247 1368/1368/1262
f 1346/1347/1242 1349/1346/1241 1352/1353/1248
f 1352/1353/1248 1369/1369/1236 1346/1347/1242
f 1370/1370/1263 1369/1369/1236 1352/1353/1248
f 1352/1353/1248 1351/1352/1247 1370/1370/1263
f 1343/1343/1238 1353/1350/1245 1352/1353/1248
f 1352/1353/1248 1349/1346/1241 1343/1343/1238
f 1315/1316/1212 1318/1315/1211 1348/1349/1244
f 1348/1349/1244 1371/1371/1264 1315/1316/1212
f 1372/1372/1265 1371/1371/1264 1348/1349/1244
f 1348/1349/1244 1347/1348/1243 1372/1372/1265
f 1343/1343/1238 1349/1346/1241 1348/1349/1244
f 1348/1349/1244 1318/1315/1211 1343/1343/1238
f 1345/1345/1240 1242/1242/1140 1373/1373/1266
f 1242/1242/1140 1344/1344/1239 1240/1240/1138
f 1345/1345/1240 1344/1344/1239 1242/1242/1140
f 1246/1247/1145 1249/1246/1144 1342/1342/1237
f 1342/1342/1237 1374/1374/1221 1246/1247/1145
f 1375/1375/1222 1374/1374/1221 1342/1342/1237
f 1342/1342/1237 1341/1341/1236 1375/1375/1222
f 1228/1229/1127 1231/1228/1126 1342/1342/1237
f 1342/1342/1237 1249/1246/1144 1228/1229/1127
f 1373/1373/1266 1244/1244/1142 1338/1339/1234
f 1338/1339/1234 1314/1311/1207 1373/1373/1266
f 1311/1312/1208 1314/1311/1207 1338/1339/1234
f 1338/1339/1234 1337/1338/1231 1311/1312/1208
f 1243/1243/1141 1339/1337/1233 1338/1339/1234
f 1338/1339/1234 1244/1244/1142 1243/1243/1141
f 1307/1308/1204 1310/1307/1203 1335/1336/1232
f 1335/1336/1232 1334/1332/1228 1307/1308/1204
f 1175/1175/1073 1334/1332/1228 1335/1336/1232
f 1335/1336/1232 1176/1176/1074 1175/1175/1073
f 1376/1376/1208 1336/1335/1231 1335/1336/1232
f 1335/1336/1232 1310/1307/1203 1376/1376/1208
f 1300/1301/1197 1303/1300/1196 1333/1334/1230
f 1333/1334/1230 1329/1330/1226 1300/1301/1197
f 1377/1377/1267 1329/1330/1226 1333/1334/1230
f 1333/1334/1230 1332/1333/1229 1377/1377/1267
f 1307/1308/1204 1334/1332/1228 1333/1334/1230
f 1333/1334/1230 1303/1300/1196 1307/1308/1204
f 1136/1137/1035 1378/1378/1268 1330/1331/1227
f 1330/1331/1227 1137/1138/1036 1136/1137/1035
f 1377/1377/1267 1137/1138/1036 1330/1331/1227
f 1330/1331/1227 1329/1330/1226 1377/1377/1267
f 1379/1379/1269 1331/1329/1225 1330/1331/1227
f 1330/1331/1227 1378/1378/1268 1379/1379/1269
f 1186/1187/1085 1189/1186/1084 1327/1328/1224
f 1327/1328/1224 1324/1321/1217 1186/1187/1085
f 1321/1322/1218 1324/1321/1217 1327/1328/1224
f 1327/1328/1224 1326/1327/1223 1321/1322/1218
f 1380/1380/1270 1328/1325/1221 1327/1328/1224
f 1327/1328/1224 1189/1186/1084 1380/1380/1270
f 1190/1191/1089 1193/1190/1088 1323/1324/1220
f 1323/1324/1220 1381/1381/1271 1190/1191/1089
f 1365/1365/1260 1381/1381/1271 1323/1324/1220
f 1323/1324/1220 1322/1323/1219 1365/1365/1260
f 1186/1187/1085 1324/1321/1217 1323/1324/1220
f 1323/1324/1220 1193/1190/1088 1186/1187/1085
f 1365/1365/1260 1362/1363/1258 1319/1320/1216
f 1319/1320/1216 1381/1381/1271 1365/1365/1260
f 1190/1191/1089 1381/1381/1271 1319/1320/1216
f 1319/1320/1216 1185/1182/1080 1190/1191/1089
f 1361/1362/1257 1320/1319/1215 1319/1320/1216
f 1319/1320/1216 1362/1363/1258 1361/1362/1257
f 1240/1240/1138 1344/1344/1239 1317/1318/1214
f 1317/1318/1214 1382/1382/1272 1240/1240/1138
f 1383/1383/1273 1382/1382/1272 1317/1318/1214
f 1317/1318/1214 1316/1317/1213 1383/1383/1273
f 1343/1343/1238 1318/1315/1211 1317/1318/1214
f 1317/1318/1214 1344/1344/1239 1343/1343/1238
f 1343/1343/1238 1345/1345/1240 1313/1314/1210
f 1313/1314/1210 1353/1350/1245 1343/1343/1238
f 1350/1351/1246 1353/1350/1245 1313/1314/1210
f 1313/1314/1210 1312/1313/1209 1350/1351/1246
f 1373/1373/1266 1314/1311/1207 1313/1314/1210
f 1313/1314/1210 1345/1345/1240 1373/1373/1266
f 1368/1368/1262 1384/1384/1209 1309/1310/1206
f 1309/1310/1206 1357/1354/1249 1368/1368/1262
f 1354/1355/1250 1357/1354/1249 1309/1310/1206
f 1309/1310/1206 1308/1309/1205 1354/1355/1250
f 1376/1376/1208 1310/1307/1203 1309/1310/1206
f 1309/1310/1206 1384/1384/1209 1376/1376/1208
f 1379/1379/1269 1385/1385/1274 1305/1306/1202
f 1305/1306/1202 1331/1329/1225 1379/1379/1269
f 1300/1301/1197 1331/1329/1225 1305/1306/1202
f 1305/1306/1202 1301/1302/1198 1300/1301/1197
f 1366/1366/1261 1306/1304/1200 1305/1306/1202
f 1305/1306/1202 1385/1385/1274 1366/1366/1261
f 1354/1355/1250 1308/1309/1205 1302/1303/1199
f 1302/1303/1199 1360/1358/1253 1354/1355/1250
f 1304/1305/1201 1360/1358/1253 1302/1303/1199
f 1302/1303/1199 1301/1302/1198 1304/1305/1201
f 1307/1308/1204 1303/1300/1196 1302/1303/1199
f 1302/1303/1199 1308/1309/1205 1307/1308/1204
f 1299/1299/1195 1386/1386/1264 1387/1387/1275
f 1386/1386/1264 1298/1298/1194 1388/1388/1212
f 1299/1299/1195 1298/1298/1194 1386/1386/1264
f 1296/1296/1192 1299/1299/1195 1387/1387/1275
f 1299/1299/1195 1295/1295/1191 1297/1297/1193
f 1296/1296/1192 1295/1295/1191 1299/1299/1195
f 1294/1294/1190 1296/1296/1192 1387/1387/1275
f 1296/1296/1192 1223/1221/1119 1224/1225/1123
f 1294/1294/1190 1223/1221/1119 1296/1296/1192
f 1293/1293/1189 1294/1294/1190 1387/1387/1275
f 1294/1294/1190 1292/1292/1188 1221/1222/1120
f 1293/1293/1189 1292/1292/1188 1294/1294/1190
f 1290/1290/1186 1389/1389/1276 1390/1390/1277
f 1389/1389/1276 1255/1255/1153 1254/1254/1152
f 1290/1290/1186 1255/1255/1153 1389/1389/1276
f 1289/1289/1165 1391/1391/1278 1392/1392/1279
f 1391/1391/1278 1288/1288/1185 1393/1393/1280
f 1289/1289/1165 1288/1288/1185 1391/1391/1278
f 1286/1286/1157 1168/1168/1066 1169/1169/1067
f 1168/1168/1066 1285/1285/1183 1166/1166/1064
f 1286/1286/1157 1285/1285/1183 1168/1168/1066
f 1396/1394/1164 1394/1395/1281 1282/1283/1181
f 1282/1283/1181 1395/1396/1282 1396/1394/1164
f 1397/1397/1283 1395/1396/1282 1282/1283/1181
f 1282/1283/1181 1281/1282/1180 1397/1397/1283
f 1398/1398/1277 1283/1280/1178 1282/1283/1181
f 1282/1283/1181 1394/1395/1281 1398/1398/1277
f 1261/1262/1160 1270/1271/1169 1278/1279/1177
f 1278/1279/1177 1260/1257/1155 1261/1262/1160
f 1257/1258/1156 1260/1257/1155 1278/1279/1177
f 1278/1279/1177 1277/1278/1176 1257/1258/1156
f 1269/1270/1168 1279/1277/1175 1278/1279/1177
f 1278/1279/1177 1270/1271/1169 1269/1270/1168
f 1251/1251/1149 1399/1399/1284 1275/1276/1174
f 1275/1276/1174 1400/1400/1285 1251/1251/1149
f 1401/1401/1152 1400/1400/1285 1275/1276/1174
f 1275/1276/1174 1274/1275/1173 1401/1401/1152
f 1402/1402/1286 1276/1273/1171 1275/1276/1174
f 1275/1276/1174 1399/1399/1284 1402/1402/1286
f 1402/1402/1286 1403/1403/1287 1271/1272/1170
f 1271/1272/1170 1404/1404/1288 1402/1402/1286
f 1261/1262/1160 1404/1404/1288 1271/1272/1170
f 1271/1272/1170 1270/1271/1169 1261/1262/1160
f 1405/1405/1289 1272/1269/1167 1271/1272/1170
f 1271/1272/1170 1403/1403/1287 1405/1405/1289
f 1202/1203/1101 1290/1290/1186 1267/1268/1166
f 1267/1268/1166 1203/1204/1102 1202/1203/1101
f 1406/1406/1290 1203/1204/1102 1267/1268/1166
f 1267/1268/1166 1266/1267/1165 1406/1406/1290
f 1390/1390/1277 1268/1265/1163 1267/1268/1166
f 1267/1268/1166 1290/1290/1186 1390/1390/1277
f 1398/1398/1277 1407/1407/1291 1263/1264/1162
f 1263/1264/1162 1283/1280/1178 1398/1398/1277
f 1280/1281/1179 1283/1280/1178 1263/1264/1162
f 1263/1264/1162 1262/1263/1161 1280/1281/1179
f 1408/1408/1152 1264/1261/1159 1263/1264/1162
f 1263/1264/1162 1407/1407/1291 1408/1408/1152
f 1280/1281/1179 1262/1263/1161 1259/1260/1158
f 1259/1260/1158 1281/1282/1180 1280/1281/1179
f 1397/1397/1283 1281/1282/1180 1259/1260/1158
f 1259/1260/1158 1258/1259/1157 1397/1397/1283
f 1261/1262/1160 1260/1257/1155 1259/1260/1158
f 1259/1260/1158 1262/1263/1161 1261/1262/1160
f 1256/1256/1154 1205/1202/1100 1409/1409/1292
f 1205/1202/1100 1255/1255/1153 1202/1203/1101
f 1256/1256/1154 1255/1255/1153 1205/1202/1100
f 1253/1253/1151 1256/1256/1154 1409/1409/1292
f 1256/1256/1154 1252/1252/1150 1254/1254/1152
f 1253/1253/1151 1252/1252/1150 1256/1256/1154
f 1250/1250/1148 1253/1253/1151 1409/1409/1292
f 1253/1253/1151 1135/1132/1030 1251/1251/1149
f 1250/1250/1148 1135/1132/1030 1253/1253/1151
f 1410/1410/1293 1235/1235/1133 1248/1249/1147
f 1248/1249/1147 1214/1212/1110 1410/1410/1293
f 1212/1213/1111 1214/1212/1110 1248/1249/1147
f 1248/1249/1147 1247/1248/1146 1212/1213/1111
f 1228/1229/1127 1249/1246/1144 1248/1249/1147
f 1248/1249/1147 1235/1235/1133 1228/1229/1127
f 1245/1245/1143 1411/1411/1294 1412/1412/1295
f 1411/1411/1294 1244/1244/1142 1373/1373/1266
f 1245/1245/1143 1244/1244/1142 1411/1411/1294
f 1242/1242/1140 1411/1411/1294 1373/1373/1266
f 1411/1411/1294 1241/1241/1139 1412/1412/1295
f 1242/1242/1140 1241/1241/1139 1411/1411/1294
f 1239/1239/1137 1245/1245/1143 1412/1412/1295
f 1245/1245/1143 1238/1238/1136 1243/1243/1141
f 1239/1239/1137 1238/1238/1136 1245/1245/1143
f 1414/1413/1296 1232/1233/1131 1236/1236/1134
f 1236/1236/1134 1413/1414/1297 1414/1413/1296
f 1410/1410/1293 1413/1414/1297 1236/1236/1134
f 1236/1236/1134 1235/1235/1133 1410/1410/1293
f 1217/1218/1116 1220/1217/1115 1236/1236/1134
f 1236/1236/1134 1232/1233/1131 1217/1218/1116
f 1237/1237/1135 1239/1239/1137 1233/1234/1132
f 1233/1234/1132 1415/1415/1298 1237/1237/1135
f 1414/1413/1296 1415/1415/1298 1233/1234/1132
f 1233/1234/1132 1232/1233/1131 1414/1413/1296
f 1412/1412/1295 1234/1232/1130 1233/1234/1132
f 1233/1234/1132 1239/1239/1137 1412/1412/1295
f 1418/1416/1275 1416/1417/1243 1230/1231/1129
f 1230/1231/1129 1417/1418/1189 1418/1416/1275
f 1419/1419/1299 1417/1418/1189 1230/1231/1129
f 1230/1231/1129 1229/1230/1128 1419/1419/1299
f 1340/1340/1235 1231/1228/1126 1230/1231/1129
f 1230/1231/1129 1416/1417/1243 1340/1340/1235
f 1240/1240/1138 1382/1382/1272 1226/1227/1125
f 1226/1227/1125 1241/1241/1139 1240/1240/1138
f 1412/1412/1295 1241/1241/1139 1226/1227/1125
f 1226/1227/1125 1225/1226/1124 1412/1412/1295
f 1383/1383/1273 1227/1224/1122 1226/1227/1125
f 1226/1227/1125 1382/1382/1272 1383/1383/1273
f 1412/1412/1295 1225/1226/1124 1222/1223/1121
f 1222/1223/1121 1234/1232/1130 1412/1412/1295
f 1217/1218/1116 1234/1232/1130 1222/1223/1121
f 1222/1223/1121 1218/1219/1117 1217/1218/1116
f 1224/1225/1123 1223/1221/1119 1222/1223/1121
f 1222/1223/1121 1225/1226/1124 1224/1225/1123
f 1419/1419/1299 1229/1230/1128 1219/1220/1118
f 1219/1220/1118 1420/1420/1188 1419/1419/1299
f 1221/1222/1120 1420/1420/1188 1219/1220/1118
f 1219/1220/1118 1218/1219/1117 1221/1222/1120
f 1228/1229/1127 1220/1217/1115 1219/1220/1118
f 1219/1220/1118 1229/1230/1128 1228/1229/1127
f 1243/1243/1141 1238/1238/1136 1215/1216/1114
f 1215/1216/1114 1339/1337/1233 1243/1243/1141
f 1206/1207/1105 1339/1337/1233 1215/1216/1114
f 1215/1216/1114 1207/1208/1106 1206/1207/1105
f 1237/1237/1135 1216/1215/1113 1215/1216/1114
f 1215/1216/1114 1238/1238/1136 1237/1237/1135
f 1414/1413/1296 1413/1414/1297 1213/1214/1112
f 1213/1214/1112 1211/1210/1108 1414/1413/1296
f 1198/1199/1097 1211/1210/1108 1213/1214/1112
f 1213/1214/1112 1199/1200/1098 1198/1199/1097
f 1410/1410/1293 1214/1212/1110 1213/1214/1112
f 1213/1214/1112 1413/1414/1297 1410/1410/1293
f 1237/1237/1135 1415/1415/1298 1210/1211/1109
f 1210/1211/1109 1216/1215/1113 1237/1237/1135
f 1194/1195/1093 1216/1215/1113 1210/1211/1109
f 1210/1211/1109 1195/1196/1094 1194/1195/1093
f 1414/1413/1296 1211/1210/1108 1210/1211/1109
f 1210/1211/1109 1415/1415/1298 1414/1413/1296
f 1132/1133/1031 1250/1250/1148 1208/1209/1107
f 1208/1209/1107 1197/1194/1092 1132/1133/1031
f 1194/1195/1093 1197/1194/1092 1208/1209/1107
f 1208/1209/1107 1207/1208/1106 1194/1195/1093
f 1409/1409/1292 1209/1206/1104 1208/1209/1107
f 1208/1209/1107 1250/1250/1148 1409/1409/1292
f 1206/1207/1105 1209/1206/1104 1204/1205/1103
f 1204/1205/1103 1421/1421/1300 1206/1207/1105
f 1406/1406/1290 1421/1421/1300 1204/1205/1103
f 1204/1205/1103 1203/1204/1102 1406/1406/1290
f 1409/1409/1292 1205/1202/1100 1204/1205/1103
f 1204/1205/1103 1209/1206/1104 1409/1409/1292
f 1269/1270/1168 1272/1269/1167 1200/1201/1099
f 1200/1201/1099 1279/1277/1175 1269/1270/1168
f 1212/1213/1111 1279/1277/1175 1200/1201/1099
f 1200/1201/1099 1199/1200/1098 1212/1213/1111
f 1405/1405/1289 1201/1198/1096 1200/1201/1099
f 1200/1201/1099 1272/1269/1167 1405/1405/1289
f 1405/1405/1289 1133/1134/1032 1196/1197/1095
f 1196/1197/1095 1201/1198/1096 1405/1405/1289
f 1198/1199/1097 1201/1198/1096 1196/1197/1095
f 1196/1197/1095 1195/1196/1094 1198/1199/1097
f 1132/1133/1031 1197/1194/1092 1196/1197/1095
f 1196/1197/1095 1133/1134/1032 1132/1133/1031
f 1423/1422/1047 1187/1188/1086 1192/1193/1091
f 1192/1193/1091 1422/1423/1048 1423/1422/1047
f 1424/1424/1301 1422/1423/1048 1192/1193/1091
f 1192/1193/1091 1191/1192/1090 1424/1424/1301
f 1186/1187/1085 1193/1190/1088 1192/1193/1091
f 1192/1193/1091 1187/1188/1086 1186/1187/1085
f 1427/1425/1111 1425/1426/1146 1188/1189/1087
f 1188/1189/1087 1426/1427/1302 1427/1425/1111
f 1423/1422/1047 1426/1427/1302 1188/1189/1087
f 1188/1189/1087 1187/1188/1086 1423/1422/1047
f 1380/1380/1270 1189/1186/1084 1188/1189/1087
f 1188/1189/1087 1425/1426/1146 1380/1380/1270
f 1424/1424/1301 1191/1192/1090 1184/1185/1083
f 1184/1185/1083 1428/1428/1040 1424/1424/1301
f 1429/1429/1303 1428/1428/1040 1184/1185/1083
f 1184/1185/1083 1183/1184/1082 1429/1429/1303
f 1190/1191/1089 1185/1182/1080 1184/1185/1083
f 1184/1185/1083 1191/1192/1090 1190/1191/1089
f 1173/1173/1071 1391/1391/1278 1393/1393/1280
f 1391/1391/1278 1181/1181/1079 1392/1392/1279
f 1173/1173/1071 1181/1181/1079 1391/1391/1278
f 1180/1180/1078 1181/1181/1079 1172/1172/1070
f 1181/1181/1079 1179/1179/1077 1392/1392/1279
f 1180/1180/1078 1179/1179/1077 1181/1181/1079
f 1177/1177/1075 1180/1180/1078 1172/1172/1070
f 1180/1180/1078 1176/1176/1074 1178/1178/1076
f 1177/1177/1075 1176/1176/1074 1180/1180/1078
f 1174/1174/1072 1288/1288/1185 1287/1287/1184
f 1288/1288/1185 1173/1173/1071 1393/1393/1280
f 1174/1174/1072 1173/1173/1071 1288/1288/1185
f 1171/1171/1069 1174/1174/1072 1287/1287/1184
f 1174/1174/1072 1170/1170/1068 1172/1172/1070
f 1171/1171/1069 1170/1170/1068 1174/1174/1072
f 1168/1168/1066 1170/1170/1068 1169/1169/1067
f 1170/1170/1068 1167/1167/1065 1172/1172/1070
f 1168/1168/1066 1167/1167/1065 1170/1170/1068
f 1163/1163/1061 1167/1167/1065 1166/1166/1064
f 1167/1167/1065 1165/1165/1063 1172/1172/1070
f 1163/1163/1061 1165/1165/1063 1167/1167/1065
f 1164/1164/1062 1285/1285/1183 1284/1284/1182
f 1285/1285/1183 1163/1163/1061 1166/1166/1064
f 1164/1164/1062 1163/1163/1061 1285/1285/1183
f 1161/1161/1059 1164/1164/1062 1284/1284/1182
f 1164/1164/1062 1160/1160/1058 1162/1162/1060
f 1161/1161/1059 1160/1160/1058 1164/1164/1062
f 1158/1158/1056 1160/1160/1058 1159/1159/1057
f 1160/1160/1058 1151/1148/1046 1162/1162/1060
f 1158/1158/1056 1151/1148/1046 1160/1160/1058
f 1175/1175/1073 1177/1177/1075 1156/1157/1055
f 1156/1157/1055 1332/1333/1229 1175/1175/1073
f 1377/1377/1267 1332/1333/1229 1156/1157/1055
f 1156/1157/1055 1155/1156/1054 1377/1377/1267
f 1172/1172/1070 1157/1154/1052 1156/1157/1055
f 1156/1157/1055 1177/1177/1075 1172/1172/1070
f 1172/1172/1070 1165/1165/1063 1152/1153/1051
f 1152/1153/1051 1157/1154/1052 1172/1172/1070
f 1154/1155/1053 1157/1154/1052 1152/1153/1051
f 1152/1153/1051 1147/1144/1042 1154/1155/1053
f 1162/1162/1060 1153/1152/1050 1152/1153/1051
f 1152/1153/1051 1165/1165/1063 1162/1162/1060
f 1144/1145/1043 1153/1152/1050 1150/1151/1049
f 1150/1151/1049 1143/1140/1038 1144/1145/1043
f 1140/1141/1039 1143/1140/1038 1150/1151/1049
f 1150/1151/1049 1149/1150/1048 1140/1141/1039
f 1162/1162/1060 1151/1148/1046 1150/1151/1049
f 1150/1151/1049 1153/1152/1050 1162/1162/1060
f 1432/1430/1304 1430/1431/1305 1146/1147/1045
f 1146/1147/1045 1431/1432/1306 1432/1430/1304
f 1433/1433/1307 1431/1432/1306 1146/1147/1045
f 1146/1147/1045 1145/1146/1044 1433/1433/1307
f 1154/1155/1053 1147/1144/1042 1146/1147/1045
f 1146/1147/1045 1430/1431/1305 1154/1155/1053
f 1433/1433/1307 1145/1146/1044 1142/1143/1041
f 1142/1143/1041 1434/1434/1308 1433/1433/1307
f 1435/1435/1303 1434/1434/1308 1142/1143/1041
f 1142/1143/1041 1141/1142/1040 1435/1435/1303
f 1144/1145/1043 1143/1140/1038 1142/1143/1041
f 1142/1143/1041 1145/1146/1044 1144/1145/1043
f 1154/1155/1053 1430/1431/1305 1138/1139/1037
f 1138/1139/1037 1155/1156/1054 1154/1155/1053
f 1377/1377/1267 1155/1156/1054 1138/1139/1037
f 1138/1139/1037 1137/1138/1036 1377/1377/1267
f 1432/1430/1304 1139/1136/1034 1138/1139/1037
f 1138/1139/1037 1430/1431/1305 1432/1430/1304
f 1402/1402/1286 1399/1399/1284 1134/1135/1033
f 1134/1135/1033 1403/1403/1287 1402/1402/1286
f 1405/1405/1289 1403/1403/1287 1134/1135/1033
f 1134/1135/1033 1133/1134/1032 1405/1405/1289
f 1251/1251/1149 1135/1132/1030 1134/1135/1033
f 1134/1135/1033 1399/1399/1284 1251/1251/1149
f 1439/1436/1309 1436/1437/1310 1437/1438/1311
f 1437/1438/1311 1438/1439/1312 1439/1436/1309
f 1443/1440/1313 1440/1441/1314 1441/1442/1315
f 1441/1442/1315 1442/1443/1316 1443/1440/1313
f 1447/1444/1317 1444/1445/1318 1445/1446/1319
f 1445/1446/1319 1446/1447/1320 1447/1444/1317
f 1450/1448/1321 1448/1449/1322 1446/1447/1320
f 1446/1447/1320 1449/1450/1323 1450/1448/1321
f 1452/1451/1324 1444/1445/1318 1447/1444/1317
f 1447/1444/1317 1451/1452/1325 1452/1451/1324
f 1455/1453/1326 1453/1454/1327 1448/1449/1322
f 1448/1449/1322 1454/1455/1328 1455/1453/1326
f 1454/1455/1328 1448/1449/1322 1450/1448/1321
f 1450/1448/1321 1456/1456/1329 1454/1455/1328
f 1460/1457/1330 1457/1458/1314 1458/1459/1331
f 1458/1459/1331 1459/1460/1332 1460/1457/1330
f 1464/1461/1333 1461/1462/1334 1462/1463/1335
f 1462/1463/1335 1463/1464/1336 1464/1461/1333
f 1463/1464/1336 1462/1463/1335 1465/1465/1337
f 1465/1465/1337 1438/1439/1312 1463/1464/1336
f 1469/1466/1338 1466/1467/1339 1467/1468/1340
f 1467/1468/1340 1468/1469/1309 1469/1466/1338
f 1473/1470/1341 1470/1471/1342 1471/1472/1343
f 1471/1472/1343 1472/1473/1344 1473/1470/1341
f 1472/1473/1344 1474/1474/1343 1475/1475/1345
f 1475/1475/1345 1476/1476/1346 1472/1473/1344
f 1480/1477/1347 1477/1478/1348 1478/1479/1349
f 1478/1479/1349 1479/1480/1350 1480/1477/1347
f 1479/1480/1350 1478/1479/1349 1481/1481/1351
f 1481/1481/1351 1482/1482/1352 1479/1480/1350
f 1484/1483/1353 1444/1445/1318 1452/1451/1324
f 1452/1451/1324 1483/1484/1354 1484/1483/1353
f 1487/1485/1342 1485/1486/1341 1483/1484/1354
f 1483/1484/1354 1486/1487/1347 1487/1485/1342
f 1488/1488/1355 1486/1487/1347 1483/1484/1354
f 1483/1484/1354 1452/1451/1324 1488/1488/1355
f 1489/1489/1356 1484/1483/1353 1483/1484/1354
f 1483/1484/1354 1485/1486/1341 1489/1489/1356
f 1489/1489/1356 1490/1490/1357 1491/1491/1358
f 1491/1491/1358 1484/1483/1353 1489/1489/1356
f 1444/1445/1318 1484/1483/1353 1491/1491/1358
f 1491/1491/1358 1445/1446/1319 1444/1445/1318
f 1490/1490/1357 1492/1492/1359 1482/1482/1352
f 1482/1482/1352 1491/1491/1358 1490/1490/1357
f 1445/1446/1319 1491/1491/1358 1482/1482/1352
f 1482/1482/1352 1481/1481/1351 1445/1446/1319
f 1493/1493/1360 1479/1480/1350 1482/1482/1352
f 1482/1482/1352 1492/1492/1359 1493/1493/1360
f 1494/1494/1361 1480/1477/1347 1479/1480/1350
f 1479/1480/1350 1493/1493/1360 1494/1494/1361
f 1496/1495/1362 1472/1473/1344 1476/1476/1346
f 1476/1476/1346 1495/1496/1363 1496/1495/1362
f 1497/1497/1356 1496/1495/1362 1495/1496/1363
f 1495/1496/1363 1490/1490/1357 1497/1497/1356
f 1490/1490/1357 1495/1496/1363 1476/1476/1346
f 1476/1476/1346 1492/1492/1359 1490/1490/1357
f 1493/1493/1360 1492/1492/1359 1476/1476/1346
f 1476/1476/1346 1475/1475/1345 1493/1493/1360
f 1499/1498/1364 1498/1499/1365 1475/1475/1345
f 1475/1475/1345 1474/1474/1343 1499/1498/1364
f 1497/1497/1356 1473/1470/1341 1472/1473/1344
f 1472/1473/1344 1496/1495/1362 1497/1497/1356
f 1461/1462/1334 1464/1461/1333 1468/1469/1309
f 1468/1469/1309 1467/1468/1340 1461/1462/1334
f 1503/1500/1366 1500/1501/1338 1501/1502/1367
f 1501/1502/1367 1502/1503/1368 1503/1500/1366
f 1502/1503/1368 1504/1504/1367 1438/1439/1312
f 1438/1439/1312 1465/1465/1337 1502/1503/1368
f 1461/1462/1334 1467/1468/1340 1459/1460/1332
f 1459/1460/1332 1455/1453/1326 1461/1462/1334
f 1453/1454/1327 1455/1453/1326 1459/1460/1332
f 1459/1460/1332 1458/1459/1331 1453/1454/1327
f 1466/1467/1339 1460/1457/1330 1459/1460/1332
f 1459/1460/1332 1467/1468/1340 1466/1467/1339
f 1503/1500/1366 1502/1503/1368 1505/1505/1369
f 1505/1505/1369 1506/1506/1370 1503/1500/1366
f 1440/1441/1314 1506/1506/1370 1505/1505/1369
f 1505/1505/1369 1441/1442/1315 1440/1441/1314
f 1502/1503/1368 1465/1465/1337 1456/1456/1329
f 1456/1456/1329 1505/1505/1369 1502/1503/1368
f 1441/1442/1315 1505/1505/1369 1456/1456/1329
f 1456/1456/1329 1450/1448/1321 1441/1442/1315
f 1462/1463/1335 1454/1455/1328 1456/1456/1329
f 1456/1456/1329 1465/1465/1337 1462/1463/1335
f 1461/1462/1334 1455/1453/1326 1454/1455/1328
f 1454/1455/1328 1462/1463/1335 1461/1462/1334
f 1457/1458/1314 1507/1507/1371 1451/1452/1325
f 1451/1452/1325 1458/1459/1331 1457/1458/1314
f 1453/1454/1327 1458/1459/1331 1451/1452/1325
f 1451/1452/1325 1447/1444/1317 1453/1454/1327
f 1488/1488/1355 1452/1451/1324 1451/1452/1325
f 1451/1452/1325 1507/1507/1371 1488/1488/1355
f 1478/1479/1349 1442/1443/1316 1449/1450/1323
f 1449/1450/1323 1481/1481/1351 1478/1479/1349
f 1445/1446/1319 1481/1481/1351 1449/1450/1323
f 1449/1450/1323 1446/1447/1320 1445/1446/1319
f 1441/1442/1315 1450/1448/1321 1449/1450/1323
f 1449/1450/1323 1442/1443/1316 1441/1442/1315
f 1453/1454/1327 1447/1444/1317 1446/1447/1320
f 1446/1447/1320 1448/1449/1322 1453/1454/1327
f 1477/1478/1348 1443/1440/1313 1442/1443/1316
f 1442/1443/1316 1478/1479/1349 1477/1478/1348
f 1508/1508/1338 1439/1436/1309 1438/1439/1312
f 1438/1439/1312 1504/1504/1367 1508/1508/1338
f 1512/1509/1372 1509/1510/1373 1510/1511/1374
f 1510/1511/1374 1511/1512/1375 1512/1509/1372
f 1516/1513/1376 1513/1514/1377 1514/1515/1378
f 1514/1515/1378 1515/1516/1379 1516/1513/1376
f 1520/1517/1380 1517/1518/1381 1518/1519/1382
f 1518/1519/1382 1519/1520/1383 1520/1517/1380
f 1523/1521/1384 1521/1522/1385 1519/1520/1383
f 1519/1520/1383 1522/1523/1386 1523/1521/1384
f 1525/1524/1387 1517/1518/1381 1520/1517/1380
f 1520/1517/1380 1524/1525/1388 1525/1524/1387
f 1528/1526/1389 1526/1527/1390 1521/1522/1385
f 1521/1522/1385 1527/1528/1391 1528/1526/1389
f 1527/1528/1391 1521/1522/1385 1523/1521/1384
f 1523/1521/1384 1529/1529/1392 1527/1528/1391
f 1533/1530/1393 1530/1531/1377 1531/1532/1394
f 1531/1532/1394 1532/1533/1395 1533/1530/1393
f 1537/1534/1396 1534/1535/1397 1535/1536/1398
f 1535/1536/1398 1536/1537/1374 1537/1534/1396
f 1536/1537/1374 1535/1536/1398 1538/1538/1399
f 1538/1538/1399 1511/1512/1375 1536/1537/1374
f 1542/1539/1400 1539/1540/1401 1540/1541/1402
f 1540/1541/1402 1541/1542/1403 1542/1539/1400
f 1546/1543/1404 1543/1544/1405 1544/1545/1406
f 1544/1545/1406 1545/1546/1407 1546/1543/1404
f 1545/1546/1407 1547/1547/1408 1548/1548/1409
f 1548/1548/1409 1549/1549/1410 1545/1546/1407
f 1553/1550/1411 1550/1551/1412 1551/1552/1413
f 1551/1552/1413 1552/1553/1414 1553/1550/1411
f 1552/1553/1414 1551/1552/1413 1554/1554/1415
f 1554/1554/1415 1555/1555/1416 1552/1553/1414
f 1557/1556/1417 1517/1518/1381 1525/1524/1387
f 1525/1524/1387 1556/1557/1418 1557/1556/1417
f 1560/1558/1419 1558/1559/1404 1556/1557/1418
f 1556/1557/1418 1559/1560/1411 1560/1558/1419
f 1561/1561/1412 1559/1560/1411 1556/1557/1418
f 1556/1557/1418 1525/1524/1387 1561/1561/1412
f 1562/1562/1420 1557/1556/1417 1556/1557/1418
f 1556/1557/1418 1558/1559/1404 1562/1562/1420
f 1562/1562/1420 1563/1563/1421 1564/1564/1422
f 1564/1564/1422 1557/1556/1417 1562/1562/1420
f 1517/1518/1381 1557/1556/1417 1564/1564/1422
f 1564/1564/1422 1518/1519/1382 1517/1518/1381
f 1563/1563/1421 1565/1565/1423 1555/1555/1416
f 1555/1555/1416 1564/1564/1422 1563/1563/1421
f 1518/1519/1382 1564/1564/1422 1555/1555/1416
f 1555/1555/1416 1554/1554/1415 1518/1519/1382
f 1566/1566/1424 1552/1553/1414 1555/1555/1416
f 1555/1555/1416 1565/1565/1423 1566/1566/1424
f 1567/1567/1405 1553/1550/1411 1552/1553/1414
f 1552/1553/1414 1566/1566/1424 1567/1567/1405
f 1569/1568/1425 1545/1546/1407 1549/1549/1410
f 1549/1549/1410 1568/1569/1426 1569/1568/1425
f 1570/1570/1420 1569/1568/1425 1568/1569/1426
f 1568/1569/1426 1563/1563/1421 1570/1570/1420
f 1563/1563/1421 1568/1569/1426 1549/1549/1410
f 1549/1549/1410 1565/1565/1423 1563/1563/1421
f 1566/1566/1424 1565/1565/1423 1549/1549/1410
f 1549/1549/1410 1548/1548/1409 1566/1566/1424
f 1572/1571/1405 1571/1572/1424 1548/1548/1409
f 1548/1548/1409 1547/1547/1408 1572/1571/1405
f 1570/1570/1420 1546/1543/1404 1545/1546/1407
f 1545/1546/1407 1569/1568/1425 1570/1570/1420
f 1534/1535/1397 1537/1534/1396 1541/1542/1403
f 1541/1542/1403 1540/1541/1402 1534/1535/1397
f 1576/1573/1427 1573/1574/1400 1574/1575/1428
f 1574/1575/1428 1575/1576/1429 1576/1573/1427
f 1575/1576/1429 1577/1577/1430 1511/1512/1375
f 1511/1512/1375 1538/1538/1399 1575/1576/1429
f 1534/1535/1397 1540/1541/1402 1532/1533/1395
f 1532/1533/1395 1528/1526/1389 1534/1535/1397
f 1526/1527/1390 1528/1526/1389 1532/1533/1395
f 1532/1533/1395 1531/1532/1394 1526/1527/1390
f 1539/1540/1401 1533/1530/1393 1532/1533/1395
f 1532/1533/1395 1540/1541/1402 1539/1540/1401
f 1576/1573/1427 1575/1576/1429 1578/1578/1431
f 1578/1578/1431 1579/1579/1393 1576/1573/1427
f 1513/1514/1377 1579/1579/1393 1578/1578/1431
f 1578/1578/1431 1514/1515/1378 1513/1514/1377
f 1575/1576/1429 1538/1538/1399 1529/1529/1392
f 1529/1529/1392 1578/1578/1431 1575/1576/1429
f 1514/1515/1378 1578/1578/1431 1529/1529/1392
f 1529/1529/1392 1523/1521/1384 1514/1515/1378
f 1535/1536/1398 1527/1528/1391 1529/1529/1392
f 1529/1529/1392 1538/1538/1399 1535/1536/1398
f 1534/1535/1397 1528/1526/1389 1527/1528/1391
f 1527/1528/1391 1535/1536/1398 1534/1535/1397
f 1530/1531/1377 1580/1580/1376 1524/1525/1388
f 1524/1525/1388 1531/1532/1394 1530/1531/1377
f 1526/1527/1390 1531/1532/1394 1524/1525/1388
f 1524/1525/1388 1520/1517/1380 1526/1527/1390
f 1561/1561/1412 1525/1524/1387 1524/1525/1388
f 1524/1525/1388 1580/1580/1376 1561/1561/1412
f 1551/1552/1413 1515/1516/1379 1522/1523/1386
f 1522/1523/1386 1554/1554/1415 1551/1552/1413
f 1518/1519/1382 1554/1554/1415 1522/1523/1386
f 1522/1523/1386 1519/1520/1383 1518/1519/1382
f 1514/1515/1378 1523/1521/1384 1522/1523/1386
f 1522/1523/1386 1515/1516/1379 1514/1515/1378
f 1526/1527/1390 1520/1517/1380 1519/1520/1383
f 1519/1520/1383 1521/1522/1385 1526/1527/1390
f 1550/1551/1412 1516/1513/1376 1515/1516/1379
f 1515/1516/1379 1551/1552/1413 1550/1551/1412
f 1581/1581/1432 1512/1509/1372 1511/1512/1375
f 1511/1512/1375 1577/1577/1430 1581/1581/1432
