# Blender 5.2.0 LTS
# www.blender.org
mtllib kingsizebed.mtl
o defaultMaterial
v 0.850281 5.220029 17.226084
v 0.850281 6.264864 16.501112
v -42.372238 6.007489 16.488731
v -42.360809 4.940790 16.894674
v -42.077599 1.341392 17.163857
v 0.850281 1.750673 18.070105
v 0.850281 -2.918867 17.538563
v -42.833435 -3.535254 17.002039
v -42.405495 -4.015555 16.703609
v 0.850281 -3.556976 17.059906
v -42.227783 6.430933 15.761392
v 0.850281 6.662692 15.563303
v -43.643280 -3.382776 16.657898
v -43.387573 -4.052049 16.513668
v -43.445961 0.984797 16.276917
v -43.668839 4.934657 16.423840
v -43.361916 5.933547 16.217403
v -42.882286 6.385634 15.606922
v -36.878784 6.838862 9.730464
v -43.017899 6.418508 15.070049
v -42.882286 6.385634 15.606922
v -36.878784 6.838862 9.730464
v 0.850281 6.842192 9.744862
v -43.530983 6.133459 15.387982
v -43.361916 5.933547 16.217403
v -44.059906 4.860450 15.628294
v -43.668839 4.934657 16.423840
v -44.095406 1.042789 15.470113
v -43.445961 0.984797 16.276917
v -43.981537 -3.381082 16.060741
v -43.643280 -3.382776 16.657898
v -43.601875 -4.108098 15.551944
v -43.387573 -4.052049 16.513668
v -40.914177 -4.113752 13.924884
v -40.914177 -4.113752 13.924884
v 0.850281 -4.154905 14.565833
v -43.547173 6.024537 -31.494091
v -42.939880 6.419591 -31.472420
v -44.237545 5.079550 -31.660244
v -45.204025 1.600935 -31.614410
v -44.592445 -3.130133 -31.341137
v -43.777023 -3.943364 -31.543663
v -40.974434 -4.191124 -31.694122
v -44.126667 -3.529599 -78.619690
v -43.757568 -4.078429 -78.526520
v -44.395329 0.436988 -77.855682
v -44.063995 5.069740 -77.741837
v -43.693794 5.712791 -77.411270
v -37.320400 6.782813 -31.379501
v -43.216408 6.134540 -77.066757
v -42.761593 6.269227 -77.664856
v -43.303173 5.871711 -78.243042
v -43.579903 5.230831 -78.686447
v -43.652420 0.406149 -79.109177
v -43.859001 -3.251024 -79.417572
v -43.490726 -4.067244 -79.175934
v -37.237724 6.992116 -72.634918
v -41.756203 6.374553 -78.345169
v -42.260193 5.976876 -78.916367
v -43.303173 5.871711 -78.243042
v -42.761593 6.269227 -77.664856
v -43.579903 5.230831 -78.686447
v -42.611031 5.369524 -79.302979
v 0.850281 6.256783 -79.280807
v 0.850281 5.654959 -79.873932
v -43.652420 0.406149 -79.109177
v -42.782539 0.600351 -79.706284
v 0.850281 0.815753 -80.987694
v -42.999214 -3.353980 -79.872437
v -43.859001 -3.251024 -79.417572
v 0.850281 -3.056971 -80.294685
v -42.778336 -3.959332 -79.536392
v -43.490726 -4.067244 -79.175934
v 0.850281 -3.760895 -79.511734
v -40.203796 -4.183777 -77.297928
v -40.203796 -4.183777 -77.297928
v 0.850281 -4.108372 -77.817810
v -37.237724 6.992116 -72.634918
v 0.850281 6.809355 -72.892746
v 0.850281 6.570572 -78.661285
v 44.061417 4.940790 16.894674
v 44.072876 6.007489 16.488731
v 43.778183 1.341392 17.163857
v 44.534218 -3.535254 17.002039
v 44.106255 -4.015555 16.703609
v 43.928391 6.430933 15.761392
v 45.088234 -4.052049 16.513668
v 45.343819 -3.382776 16.657898
v 45.146523 0.984797 16.276917
v 45.369469 4.934657 16.423840
v 45.062576 5.933547 16.217403
v 44.583038 6.385634 15.606922
v 38.579346 6.838862 9.730464
v 44.718559 6.418508 15.070049
v 38.579346 6.838862 9.730464
v 44.583038 6.385634 15.606922
v 45.062576 5.933547 16.217403
v 45.231712 6.133459 15.387982
v 45.369469 4.934657 16.423840
v 45.760567 4.860450 15.628294
v 45.795937 1.042789 15.470113
v 45.146523 0.984797 16.276917
v 45.343819 -3.382776 16.657898
v 45.682098 -3.381082 16.060741
v 45.088234 -4.052049 16.513668
v 45.302467 -4.108098 15.551944
v 42.614861 -4.113752 13.924884
v 42.614861 -4.113752 13.924884
v 45.247902 6.024537 -31.494091
v 44.640594 6.419591 -31.472420
v 45.938179 5.079550 -31.660244
v 46.904709 1.600935 -31.614410
v 46.293159 -3.130133 -31.341137
v 45.477577 -3.943364 -31.543663
v 42.675140 -4.191124 -31.694122
v 45.458153 -4.078429 -78.526520
v 45.827332 -3.529599 -78.619690
v 46.095863 0.436988 -77.855682
v 45.764549 5.069740 -77.741837
v 45.394379 5.712791 -77.411270
v 39.021011 6.782813 -31.379501
v 44.917091 6.134540 -77.066757
v 44.462234 6.269227 -77.664856
v 45.003784 5.871711 -78.243042
v 45.280540 5.230831 -78.686447
v 45.353027 0.406149 -79.109177
v 45.559784 -3.251024 -79.417572
v 45.191360 -4.067244 -79.175934
v 38.938309 6.992116 -72.634918
v 43.456841 6.374553 -78.345169
v 44.462234 6.269227 -77.664856
v 45.003784 5.871711 -78.243042
v 43.960777 5.976876 -78.916367
v 45.280540 5.230831 -78.686447
v 44.311768 5.369524 -79.302979
v 45.353027 0.406149 -79.109177
v 44.483154 0.600351 -79.706284
v 45.559784 -3.251024 -79.417572
v 44.699867 -3.353980 -79.872437
v 45.191360 -4.067244 -79.175934
v 44.478920 -3.959332 -79.536392
v 41.904411 -4.183777 -77.297928
v 41.904411 -4.183777 -77.297928
v 38.938309 6.992116 -72.634918
v -37.113396 -6.471241 37.165215
v -37.113419 -6.471664 24.710625
v -37.115135 -3.503045 24.708397
v -37.115135 -3.503019 37.167007
v -36.462082 -6.471241 37.164814
v -37.113396 -6.471241 37.165215
v -37.115135 -3.503019 37.167007
v -36.460686 -3.503019 37.167007
v -36.462402 -6.471664 24.710625
v -36.460686 -3.503045 24.708397
v -37.115135 -3.503045 24.708397
v -37.113419 -6.471664 24.710625
v 39.722244 -6.471241 24.710304
v 39.722244 -6.471664 37.164917
v 39.723991 -3.503045 37.167133
v 39.723740 -3.503019 24.708496
v 39.070831 -6.471241 24.710724
v 39.722244 -6.471241 24.710304
v 39.723740 -3.503019 24.708496
v 39.069336 -3.503019 24.708496
v 39.071083 -6.471664 37.164917
v 39.069336 -3.503045 37.167133
v 39.723991 -3.503045 37.167133
v 39.722244 -6.471664 37.164917
v -37.113396 -6.471241 37.165215
v -37.115135 -3.503019 37.167007
v -37.115135 -3.503045 24.708397
v -37.113419 -6.471664 24.710625
v -36.462082 -6.471241 37.164814
v -36.460686 -3.503019 37.167007
v -37.115135 -3.503019 37.167007
v -37.113396 -6.471241 37.165215
v -36.462402 -6.471664 24.710625
v -37.113419 -6.471664 24.710625
v -37.115135 -3.503045 24.708397
v -36.460686 -3.503045 24.708397
v 39.722244 -6.471241 24.710304
v 39.723740 -3.503019 24.708496
v 39.723991 -3.503045 37.167133
v 39.722244 -6.471664 37.164917
v 39.070831 -6.471241 24.710724
v 39.069336 -3.503019 24.708496
v 39.723740 -3.503019 24.708496
v 39.722244 -6.471241 24.710304
v 39.071083 -6.471664 37.164917
v 39.722244 -6.471664 37.164917
v 39.723991 -3.503045 37.167133
v 39.069336 -3.503045 37.167133
v -37.113396 -6.471340 -67.364838
v -37.115135 -4.113777 -67.363342
v -37.115135 -4.113777 -77.854431
v -37.113419 -6.471689 -77.852692
v -36.462082 -6.471340 -67.365082
v -36.460686 -4.113777 -67.363342
v -37.115135 -4.113777 -67.363342
v -37.113396 -6.471340 -67.364838
v -36.462402 -6.471689 -77.852692
v -37.113419 -6.471689 -77.852692
v -37.115135 -4.113777 -77.854431
v -36.460686 -4.113777 -77.854431
v 39.722244 -6.471340 -77.852936
v 39.723740 -4.113777 -77.854431
v 39.723991 -4.113777 -67.363342
v 39.722244 -6.471689 -67.365082
v 39.070831 -6.471340 -77.852432
v 39.069336 -4.113777 -77.854431
v 39.723740 -4.113777 -77.854431
v 39.722244 -6.471340 -77.852936
v 39.071083 -6.471689 -67.365082
v 39.722244 -6.471689 -67.365082
v 39.723991 -4.113777 -67.363342
v 39.069336 -4.113777 -67.363342
v -38.772285 -6.471664 14.577591
v 41.360863 -6.471340 14.577641
v 41.362350 -4.113752 14.579360
v -38.774155 -4.113752 14.579335
v 41.360611 -6.471340 13.926303
v 41.362350 -4.113752 13.924909
v 41.362350 -4.113752 14.579360
v 41.360863 -6.471340 14.577641
v -38.772285 -6.471664 13.926602
v -38.772285 -6.471664 14.577591
v -38.774155 -4.113752 14.579335
v -38.774155 -4.113752 13.924884
v 66.079132 8.923402 -69.434402
v 66.079132 17.275324 -69.434402
v 66.241798 17.277617 -69.390808
v 66.241798 8.923402 -69.390808
v 66.360870 8.923402 -69.271744
v 66.360870 17.283918 -69.271744
v 66.404465 17.292513 -69.109070
v 66.404465 8.923402 -69.109070
v 66.360870 8.923402 -68.946411
v 66.360870 17.301130 -68.946411
v 66.241798 17.307409 -68.827332
v 66.241798 8.923402 -68.827332
v 66.079132 17.309725 -68.783737
v 66.079132 8.923402 -68.783737
v 65.916466 8.923402 -68.827332
v 66.079132 8.923402 -68.783737
v 66.079132 17.309725 -68.783737
v 65.916466 17.307409 -68.827332
v 65.797394 17.301130 -68.946411
v 65.797394 8.923402 -68.946411
v 65.753799 17.292513 -69.109070
v 65.753799 8.923402 -69.109070
v 65.797394 8.923402 -69.271744
v 65.797394 17.283918 -69.271744
v 65.916466 17.277617 -69.390808
v 65.916466 8.923402 -69.390808
v 66.241798 18.191160 -69.487717
v 66.079132 18.182642 -69.530563
v 66.360870 18.214502 -69.370392
v 66.404465 18.246363 -69.210205
v 66.360870 18.278223 -69.050034
v 66.241798 18.301538 -68.932709
v 66.079132 18.310061 -68.889862
v 65.916466 18.301538 -68.932709
v 66.079132 18.310061 -68.889862
v 65.797394 18.278223 -69.050034
v 65.753799 18.246363 -69.210205
v 65.797394 18.214502 -69.370392
v 65.916466 18.191160 -69.487717
v 66.079132 19.094219 -69.799591
v 66.241798 19.110834 -69.758987
v 66.360870 19.156221 -69.648392
v 66.404465 19.218225 -69.496933
v 66.360870 19.280252 -69.345718
v 66.241798 19.325640 -69.234863
v 66.079132 19.342230 -69.194519
v 66.079132 19.342230 -69.194519
v 65.916466 19.325640 -69.234863
v 65.797394 19.280252 -69.345718
v 65.753799 19.218225 -69.496933
v 65.797394 19.156221 -69.648392
v 65.916466 19.110834 -69.758987
v 66.241798 19.974310 -70.220581
v 66.079132 19.949102 -70.256454
v 66.360870 20.043140 -70.122437
v 66.404465 20.137203 -69.988174
v 66.360870 20.231239 -69.853897
v 66.241798 20.300093 -69.755753
v 66.079132 20.325302 -69.719879
v 66.079132 20.325302 -69.719879
v 65.916466 20.300093 -69.755753
v 65.797394 20.231239 -69.853897
v 65.753799 20.137203 -69.988174
v 65.797394 20.043140 -70.122437
v 65.916466 19.974310 -70.220581
v 66.079132 20.681026 -70.913849
v 66.241798 20.714680 -70.885452
v 66.360870 20.806650 -70.808228
v 66.404465 20.932297 -70.702347
v 66.360870 21.057949 -70.596481
v 66.241798 21.149918 -70.519012
v 66.079132 21.183571 -70.490616
v 66.079132 21.183571 -70.490616
v 65.916466 21.149918 -70.519012
v 65.797394 21.057949 -70.596481
v 65.753799 20.932297 -70.702347
v 65.797394 20.806650 -70.808228
v 65.916466 20.714680 -70.885452
v 66.079132 21.231598 -71.790451
v 66.241798 21.271904 -71.772766
v 66.360870 21.382084 -71.724182
v 66.404465 21.532570 -71.657928
v 66.360870 21.683079 -71.591660
v 66.241798 21.793232 -71.543335
v 66.079132 21.833565 -71.525391
v 66.079132 21.833565 -71.525391
v 65.916466 21.793232 -71.543335
v 65.797394 21.683079 -71.591660
v 65.753799 21.532570 -71.657928
v 65.797394 21.382084 -71.724182
v 65.916466 21.271904 -71.772766
v 66.241798 21.585255 -72.911682
v 66.079132 21.541660 -72.917404
v 66.360870 21.704376 -72.895737
v 66.404465 21.867092 -72.873810
v 66.360870 22.029785 -72.851898
v 66.241798 22.148907 -72.835938
v 66.079132 22.192497 -72.830215
v 66.079132 22.192497 -72.830215
v 65.916466 22.148907 -72.835938
v 65.797394 22.029785 -72.851898
v 65.753799 21.867092 -72.873810
v 65.797394 21.704376 -72.895737
v 65.916466 21.585255 -72.911682
v 66.079132 21.539494 -74.367950
v 66.241798 21.583088 -74.368195
v 66.360870 21.702187 -74.368195
v 66.404465 21.864853 -74.368439
v 66.360870 22.027515 -74.368698
v 66.241798 22.146614 -74.368942
v 66.079132 22.190208 -74.368942
v 66.079132 22.190208 -74.368942
v 65.916466 22.146614 -74.368942
v 65.797394 22.027515 -74.368698
v 65.753799 21.864853 -74.368439
v 65.797394 21.702187 -74.368195
v 65.916466 21.583088 -74.368195
v 64.918549 8.923402 -68.591187
v 64.918549 17.275324 -68.591187
v 65.010216 17.277639 -68.732422
v 65.010216 8.923402 -68.732422
v 65.160179 8.923402 -68.808899
v 65.160179 17.283918 -68.808899
v 65.328575 17.292513 -68.800186
v 65.328575 8.923402 -68.800186
v 65.469818 17.301130 -68.708511
v 65.469818 8.923402 -68.708511
v 65.546295 17.307409 -68.558304
v 65.546295 8.923402 -68.558304
v 65.537323 17.309725 -68.390152
v 65.537323 8.923402 -68.390152
v 65.445656 8.923402 -68.248917
v 65.537323 8.923402 -68.390152
v 65.537323 17.309725 -68.390152
v 65.445656 17.307409 -68.248917
v 65.295692 8.923402 -68.172440
v 65.295692 17.301130 -68.172440
v 65.127304 17.292513 -68.181152
v 65.127304 8.923402 -68.181152
v 64.986053 8.923402 -68.273071
v 64.986053 17.283918 -68.273071
v 64.909576 17.277639 -68.423035
v 64.909576 8.923402 -68.423035
v 64.918053 18.191187 -68.762329
v 64.827126 18.182642 -68.621078
v 65.066513 18.214502 -68.839539
v 65.232422 18.246363 -68.831314
v 65.371170 18.278223 -68.740402
v 65.445908 18.301538 -68.590927
v 65.436440 18.310083 -68.423035
v 65.345512 18.301538 -68.281555
v 65.436440 18.310083 -68.423035
v 65.197052 18.278223 -68.204575
v 65.031143 18.246363 -68.212540
v 64.892395 18.214502 -68.303467
v 64.817657 18.191187 -68.452927
v 64.571297 19.094219 -68.704025
v 64.659973 19.110834 -68.846268
v 64.802216 19.156221 -68.925232
v 64.959648 19.218225 -68.920013
v 65.089928 19.280252 -68.831818
v 65.158440 19.325640 -68.684341
v 65.146729 19.342253 -68.516953
v 65.146729 19.342253 -68.516953
v 65.058044 19.325640 -68.374954
v 64.915810 19.280252 -68.295746
v 64.758369 19.218225 -68.301224
v 64.628090 19.156221 -68.389404
v 64.559586 19.110834 -68.536880
v 64.136604 19.949102 -68.845276
v 64.221054 19.974310 -68.988754
v 64.351334 20.043165 -69.071701
v 64.492325 20.137203 -69.071701
v 64.606667 20.231239 -68.988754
v 64.663216 20.300093 -68.845276
v 64.647026 20.325302 -68.679367
v 64.647026 20.325302 -68.679367
v 64.562576 20.300093 -68.535889
v 64.432541 20.231239 -68.452927
v 64.291298 20.137203 -68.452927
v 64.177208 20.043165 -68.535889
v 64.120659 19.974310 -68.679367
v 63.511345 20.681026 -69.048538
v 63.588570 20.714680 -69.194275
v 63.699173 20.806650 -69.283691
v 63.813263 20.932297 -69.292419
v 63.900452 21.057949 -69.218185
v 63.937317 21.149918 -69.081177
v 63.913902 21.183598 -68.917511
v 63.913902 21.183598 -68.917511
v 63.836678 21.149918 -68.771790
v 63.726326 21.057949 -68.682358
v 63.612244 20.932297 -68.673630
v 63.525047 20.806650 -68.747864
v 63.488182 20.714680 -68.884872
v 62.744850 21.271931 -69.468536
v 62.677841 21.231598 -69.319321
v 62.827805 21.382084 -69.566681
v 62.904282 21.532570 -69.587860
v 62.953850 21.683079 -69.525833
v 62.963310 21.793232 -69.397537
v 62.929939 21.833565 -69.237366
v 62.862679 21.793232 -69.088150
v 62.929939 21.833565 -69.237366
v 62.779724 21.683079 -68.990005
v 62.703247 21.532570 -68.968826
v 62.653679 21.382084 -69.030853
v 62.644463 21.271931 -69.159149
v 61.605934 21.541660 -69.667572
v 61.661736 21.585255 -69.820526
v 61.713799 21.704376 -69.928879
v 61.747925 21.867092 -69.963501
v 61.755402 22.029785 -69.915176
v 61.733734 22.148907 -69.797104
v 61.689140 22.192497 -69.640671
v 61.689140 22.192497 -69.640671
v 61.633095 22.148907 -69.487717
v 61.581276 22.029785 -69.379349
v 61.546906 21.867092 -69.344727
v 61.539680 21.704376 -69.392807
v 61.561096 21.585255 -69.511124
v 60.276711 21.583088 -70.270660
v 60.226395 21.539494 -70.115707
v 60.313324 21.702187 -70.383743
v 60.326530 21.864853 -70.425354
v 60.312828 22.027542 -70.384003
v 60.275711 22.146614 -70.270905
v 60.225388 22.190208 -70.116211
v 60.225388 22.190208 -70.116211
v 60.175323 22.146614 -69.961258
v 60.138710 22.027542 -69.848175
v 60.125504 21.864853 -69.806580
v 60.139206 21.702187 -69.847931
v 60.176071 21.583088 -69.961014
v 67.248436 17.277639 -68.423035
v 67.248436 8.923402 -68.423035
v 67.239716 8.923402 -68.591187
v 67.239716 17.275324 -68.591187
v 67.171959 17.283918 -68.273071
v 67.171959 8.923402 -68.273071
v 67.030716 17.292513 -68.181152
v 67.030716 8.923402 -68.181152
v 66.862572 17.301130 -68.172440
v 66.862572 8.923402 -68.172440
v 66.712608 17.307409 -68.248917
v 66.712608 8.923402 -68.248917
v 66.620934 17.309725 -68.390152
v 66.620934 8.923402 -68.390152
v 66.611969 17.307409 -68.558304
v 66.611969 8.923402 -68.558304
v 66.688446 17.301130 -68.708511
v 66.688446 8.923402 -68.708511
v 66.829689 17.292513 -68.800186
v 66.829689 8.923402 -68.800186
v 66.688446 8.923402 -68.708511
v 66.688446 17.301130 -68.708511
v 66.997833 8.923402 -68.808899
v 66.997833 17.283918 -68.808899
v 67.148041 17.277639 -68.732422
v 67.148041 8.923402 -68.732422
v 67.331139 18.182642 -68.620834
v 67.340607 18.191160 -68.452927
v 67.265869 18.214502 -68.303467
v 67.126869 18.246363 -68.212540
v 66.961212 18.278223 -68.204575
v 66.812752 18.301538 -68.281555
v 66.721573 18.310061 -68.423035
v 66.712357 18.301538 -68.590927
v 66.787094 18.278223 -68.740402
v 66.787094 18.278223 -68.740402
v 66.925842 18.246363 -68.831314
v 67.091751 18.214502 -68.839539
v 67.239967 18.191160 -68.762329
v 67.586967 19.094219 -68.704025
v 67.598679 19.110834 -68.536880
v 67.530174 19.156221 -68.389404
v 67.399643 19.218225 -68.301224
v 67.242455 19.280252 -68.295746
v 67.100220 19.325640 -68.374954
v 67.011284 19.342230 -68.516953
v 66.999580 19.325640 -68.684341
v 67.068329 19.280252 -68.831818
v 67.068329 19.280252 -68.831818
v 67.198616 19.218225 -68.920013
v 67.356049 19.156221 -68.925232
v 67.498291 19.110834 -68.846268
v 68.021660 19.949102 -68.845276
v 68.037598 19.974310 -68.679367
v 67.981056 20.043140 -68.535889
v 67.866959 20.137203 -68.452927
v 67.725723 20.231239 -68.452927
v 67.595436 20.300093 -68.535889
v 67.510994 20.325302 -68.679367
v 67.495049 20.300093 -68.845276
v 67.551590 20.231239 -68.988754
v 67.551590 20.231239 -68.988754
v 67.665688 20.137203 -69.071701
v 67.806931 20.043140 -69.071701
v 67.937218 19.974310 -68.988754
v 68.646667 20.681026 -69.048294
v 68.670082 20.714680 -68.884872
v 68.633217 20.806650 -68.747620
v 68.546028 20.932297 -68.673630
v 68.431938 21.057949 -68.682358
v 68.321335 21.149918 -68.771790
v 68.244110 21.183571 -68.917511
v 68.220940 21.149918 -69.081177
v 68.257812 21.057949 -69.218185
v 68.257812 21.057949 -69.218185
v 68.344994 20.932297 -69.292419
v 68.459084 20.806650 -69.283691
v 68.569443 20.714680 -69.194275
v 69.513802 21.271904 -69.159149
v 69.480423 21.231598 -69.319321
v 69.504341 21.382084 -69.030853
v 69.455017 21.532570 -68.968826
v 69.378540 21.683079 -68.990005
v 69.295586 21.793232 -69.088150
v 69.228325 21.833565 -69.237366
v 69.194946 21.793232 -69.397537
v 69.204414 21.683079 -69.525833
v 69.253738 21.532570 -69.587860
v 69.204414 21.683079 -69.525833
v 69.330208 21.382084 -69.566681
v 69.413170 21.271904 -69.468536
v 70.552322 21.541660 -69.667572
v 70.596909 21.585255 -69.511124
v 70.618584 21.704376 -69.392807
v 70.611359 21.867092 -69.344727
v 70.576988 22.029785 -69.379349
v 70.524925 22.148907 -69.487717
v 70.469124 22.192497 -69.640671
v 70.424538 22.148907 -69.797104
v 70.402855 22.029785 -69.915176
v 70.402855 22.029785 -69.915176
v 70.410080 21.867092 -69.963501
v 70.444458 21.704376 -69.928879
v 70.496529 21.585255 -69.820526
v 71.931870 21.539494 -70.115707
v 71.982185 21.583088 -69.961014
v 72.019066 21.702187 -69.847931
v 72.032761 21.864853 -69.806580
v 72.019562 22.027542 -69.847931
v 71.982941 22.146614 -69.961258
v 71.932617 22.190208 -70.116211
v 71.882301 22.146614 -70.270905
v 71.845428 22.027542 -70.384003
v 71.845428 22.027542 -70.384003
v 71.831734 21.864853 -70.425354
v 71.844933 21.702187 -70.383743
v 71.881546 21.583088 -70.270401
v 66.796303 17.275324 -67.226837
v 66.639114 17.277617 -67.166550
v 66.639114 8.923402 -67.166550
v 66.796303 8.923402 -67.226837
v 66.472717 17.283918 -67.192947
v 66.472717 8.923402 -67.192947
v 66.341934 17.292513 -67.298813
v 66.341934 8.923402 -67.298813
v 66.281654 17.301130 -67.456009
v 66.281654 8.923402 -67.456009
v 66.307808 17.307409 -67.622421
v 66.307808 8.923402 -67.622421
v 66.413925 17.309725 -67.753189
v 66.413925 8.923402 -67.753189
v 66.571114 17.307409 -67.813721
v 66.571114 8.923402 -67.813721
v 66.737518 8.923402 -67.787323
v 66.737518 17.301130 -67.787323
v 66.737518 8.923402 -67.787323
v 66.737518 17.301130 -67.787323
v 66.868301 17.292513 -67.681198
v 66.868301 8.923402 -67.681198
v 66.928833 17.283918 -67.524017
v 66.928833 8.923402 -67.524017
v 66.902420 17.277617 -67.357864
v 66.902420 8.923402 -67.357864
v 66.852852 18.182642 -67.149109
v 66.696167 18.191160 -67.088074
v 66.530762 18.214502 -67.112991
v 66.401474 18.246363 -67.217117
v 66.342438 18.278200 -67.372314
v 66.369835 18.301538 -67.537216
v 66.476204 18.310061 -67.667496
v 66.633141 18.301538 -67.728287
v 66.798302 18.278223 -67.703613
v 66.798302 18.278223 -67.703613
v 66.927834 18.246363 -67.599487
v 66.986626 18.214502 -67.444305
v 66.959221 18.191160 -67.279388
v 67.011032 19.094219 -66.931396
v 66.855591 19.110834 -66.868622
v 66.694176 19.156221 -66.888306
v 66.569870 19.218225 -66.984955
v 66.516312 19.280228 -67.133163
v 66.547447 19.325640 -67.292587
v 66.655312 19.342230 -67.421143
v 66.810753 19.325640 -67.483902
v 66.972176 19.280228 -67.464218
v 66.972176 19.280228 -67.464218
v 67.096474 19.218225 -67.367569
v 67.150040 19.156221 -67.219360
v 67.118896 19.110834 -67.059937
v 67.279572 19.949102 -66.561722
v 67.126869 19.974310 -66.495209
v 66.972672 20.043140 -66.504669
v 66.858582 20.137203 -66.587616
v 66.814987 20.231239 -66.721893
v 66.853600 20.300093 -66.871353
v 66.964203 20.325302 -66.995911
v 67.116905 20.300093 -67.062668
v 67.270851 20.231239 -67.052948
v 67.270851 20.231239 -67.052948
v 67.385193 20.137203 -66.970001
v 67.428787 20.043140 -66.835983
v 67.390175 19.974310 -66.686523
v 67.665939 20.681026 -66.029877
v 67.517715 20.714680 -65.957397
v 67.375725 20.806650 -65.949921
v 67.278328 20.932297 -66.009949
v 67.251419 21.057949 -66.121048
v 67.302238 21.149918 -66.253815
v 67.417320 21.183571 -66.372391
v 67.565544 21.149918 -66.445129
v 67.707291 21.057949 -66.452362
v 67.804932 20.932297 -66.392334
v 67.707291 21.057949 -66.452362
v 67.831841 20.806650 -66.281219
v 67.781021 20.714680 -66.148453
v 68.039093 21.271904 -65.239471
v 68.181084 21.231573 -65.320923
v 67.914299 21.382084 -65.208832
v 67.840057 21.532570 -65.236725
v 67.836327 21.683079 -65.315933
v 67.904327 21.793232 -65.425293
v 68.025398 21.833565 -65.535156
v 68.167389 21.793232 -65.616364
v 68.292435 21.683079 -65.647247
v 68.366425 21.532570 -65.619354
v 68.292435 21.683079 -65.647247
v 68.370155 21.382084 -65.540131
v 68.302399 21.271904 -65.430786
v 68.843704 21.541660 -64.408951
v 68.708694 21.585255 -64.318024
v 68.602821 21.704376 -64.260971
v 68.554741 21.867092 -64.253006
v 68.577164 22.029785 -64.296356
v 68.664101 22.148907 -64.379303
v 68.792389 22.192497 -64.479691
v 68.927406 22.148907 -64.570618
v 69.033028 22.029785 -64.627655
v 69.033028 22.029785 -64.627655
v 69.081108 21.867092 -64.635635
v 69.058685 21.704376 -64.592285
v 68.971748 21.585255 -64.509338
v 69.696144 21.539494 -63.235409
v 69.564621 21.583088 -63.139751
v 69.468468 21.702187 -63.069752
v 69.433334 21.864853 -63.043842
v 69.468712 22.027515 -63.069256
v 69.565117 22.146614 -63.139248
v 69.696892 22.190208 -63.234661
v 69.828423 22.146614 -63.330318
v 69.924576 22.027515 -63.400562
v 69.924576 22.027515 -63.400562
v 69.959702 21.864853 -63.426472
v 69.924324 21.702187 -63.401066
v 69.827927 21.583088 -63.331066
v 65.361702 8.923402 -67.226837
v 65.361702 17.275324 -67.226837
v 65.255836 17.277617 -67.357864
v 65.255836 8.923402 -67.357864
v 65.229431 17.283918 -67.524017
v 65.229431 8.923402 -67.524017
v 65.289711 8.923402 -67.681198
v 65.289711 17.292513 -67.681198
v 65.420746 17.301130 -67.787323
v 65.420746 8.923402 -67.787323
v 65.587143 8.923402 -67.813721
v 65.587143 17.307409 -67.813721
v 65.744331 17.309725 -67.753189
v 65.744331 8.923402 -67.753189
v 65.850204 17.307409 -67.622421
v 65.850204 8.923402 -67.622421
v 65.850204 8.923402 -67.622421
v 65.850204 17.307409 -67.622421
v 65.876602 17.301130 -67.456009
v 65.876602 8.923402 -67.456009
v 65.816322 8.923402 -67.298813
v 65.816322 17.292513 -67.298813
v 65.685295 17.283918 -67.192947
v 65.685295 8.923402 -67.192947
v 65.519142 17.277617 -67.166550
v 65.519142 8.923402 -67.166550
v 65.305153 18.182642 -67.149109
v 65.198792 18.191160 -67.279388
v 65.171394 18.214502 -67.444305
v 65.230431 18.246363 -67.599487
v 65.359718 18.278223 -67.703613
v 65.525116 18.301538 -67.728287
v 65.682053 18.310061 -67.667496
v 65.788422 18.301538 -67.537216
v 65.788422 18.301538 -67.537216
v 65.815826 18.278223 -67.372314
v 65.756790 18.246363 -67.217117
v 65.627502 18.214502 -67.112991
v 65.462097 18.191160 -67.088074
v 65.039368 19.110834 -67.059937
v 65.147224 19.094219 -66.931396
v 65.008232 19.156221 -67.219360
v 65.061783 19.218225 -67.367569
v 65.186081 19.280252 -67.464218
v 65.347511 19.325640 -67.483902
v 65.502953 19.342230 -67.421143
v 65.610565 19.325640 -67.292587
v 65.610565 19.325640 -67.292587
v 65.641953 19.280252 -67.133163
v 65.588142 19.218225 -66.984955
v 65.464088 19.156221 -66.888306
v 65.302666 19.110834 -66.868622
v 64.768089 19.974310 -66.686523
v 64.878685 19.949102 -66.561722
v 64.729477 20.043140 -66.835983
v 64.773071 20.137203 -66.970245
v 64.887161 20.231239 -67.052948
v 65.041351 20.300093 -67.062668
v 65.194054 20.325302 -66.995911
v 65.304657 20.300093 -66.871353
v 65.304657 20.300093 -66.871353
v 65.343269 20.231239 -66.721893
v 65.299431 20.137203 -66.587616
v 65.185341 20.043140 -66.504669
v 65.031395 19.974310 -66.495209
v 64.492325 20.681026 -66.029877
v 64.377235 20.714680 -66.148453
v 64.326424 20.806650 -66.281219
v 64.353325 20.932297 -66.392334
v 64.450729 21.057949 -66.452362
v 64.592720 21.149918 -66.445129
v 64.740936 21.183571 -66.372391
v 64.856026 21.149918 -66.253815
v 64.856026 21.149918 -66.253815
v 64.906837 21.057949 -66.121048
v 64.879684 20.932297 -66.009949
v 64.782288 20.806650 -65.949921
v 64.640541 20.714680 -65.957397
v 63.855865 21.271904 -65.430786
v 63.976929 21.231598 -65.320923
v 63.787849 21.382084 -65.540131
v 63.791595 21.532570 -65.619354
v 63.865829 21.683079 -65.647247
v 63.990631 21.793232 -65.616364
v 64.132622 21.833565 -65.535156
v 64.253937 21.793232 -65.425293
v 64.253937 21.793232 -65.425293
v 64.321693 21.683079 -65.315933
v 64.317955 21.532570 -65.236725
v 64.243973 21.382084 -65.208832
v 64.118919 21.271904 -65.239471
v 63.314552 21.541660 -64.408951
v 63.186264 21.585255 -64.509338
v 63.099327 21.704376 -64.592285
v 63.076904 21.867092 -64.635635
v 63.124985 22.029785 -64.627655
v 63.230858 22.148907 -64.570618
v 63.365868 22.192497 -64.479691
v 63.494164 22.148907 -64.379303
v 63.494164 22.148907 -64.379303
v 63.581093 22.029785 -64.296356
v 63.603516 21.867092 -64.253006
v 63.555191 21.704376 -64.260971
v 63.449570 21.585255 -64.318024
v 62.330338 21.583088 -63.331066
v 62.461868 21.539494 -63.235409
v 62.233932 21.702187 -63.401066
v 62.198318 21.864853 -63.426472
v 62.233437 22.027515 -63.400562
v 62.329834 22.146614 -63.330318
v 62.461365 22.190208 -63.234661
v 62.592896 22.146614 -63.139248
v 62.592896 22.146614 -63.139248
v 62.689552 22.027515 -63.069256
v 62.724922 21.864853 -63.043842
v 62.689796 21.702187 -63.069752
v 62.593391 21.583088 -63.139751
v 71.403267 8.736822 -68.214035
v 71.403267 8.928160 -68.214035
v 71.082169 8.928160 -66.393066
v 71.082169 8.736822 -66.393066
v 70.157486 8.736822 -64.791824
v 70.157486 8.928160 -64.791824
v 68.741081 8.736822 -63.603336
v 68.741081 8.928160 -63.603336
v 67.003563 8.736822 -62.970860
v 67.003563 8.928160 -62.970860
v 65.154701 8.736822 -62.970860
v 65.154701 8.928160 -62.970860
v 63.416939 8.928160 -63.603336
v 63.416939 8.736822 -63.603336
v 62.000519 8.736822 -64.791824
v 62.000519 8.928160 -64.791824
v 61.076088 8.928160 -66.393066
v 61.076088 8.736822 -66.393066
v 60.754990 8.928160 -68.214035
v 60.754990 8.736822 -68.214035
v 61.076088 8.928160 -70.035004
v 61.076088 8.736822 -70.035004
v 62.000519 8.928160 -71.636505
v 62.000519 8.736822 -71.636505
v 63.416939 8.928160 -72.824982
v 63.416939 8.736822 -72.824982
v 65.154701 8.928160 -73.457214
v 65.154701 8.736822 -73.457214
v 67.003563 8.928160 -73.457214
v 67.003563 8.736822 -73.457214
v 68.741081 8.928160 -72.824982
v 68.741081 8.736822 -72.824982
v 70.157486 8.928160 -71.636505
v 70.157486 8.736822 -71.636505
v 71.082169 8.928160 -70.035004
v 71.082169 8.736822 -70.035004
v 71.082169 8.928160 -66.393066
v 71.403267 8.928160 -68.214035
v 66.079132 8.928160 -68.214035
v 70.157486 8.928160 -64.791824
v 68.741081 8.928160 -63.603336
v 67.003563 8.928160 -62.970860
v 65.154701 8.928160 -62.970860
v 63.416939 8.928160 -63.603336
v 62.000519 8.928160 -64.791824
v 61.076088 8.928160 -66.393066
v 60.754990 8.928160 -68.214035
v 61.076088 8.928160 -70.035004
v 62.000519 8.928160 -71.636505
v 63.416939 8.928160 -72.824982
v 65.154701 8.928160 -73.457214
v 68.741081 8.928160 -72.824982
v 67.003563 8.928160 -73.457214
v 70.157486 8.928160 -71.636505
v 71.082169 8.928160 -70.035004
v 71.403267 8.736822 -68.214035
v 71.082169 8.736822 -66.393066
v 69.863297 8.736822 -66.836731
v 70.106178 8.736822 -68.214035
v 69.164055 8.736822 -65.625580
v 70.157486 8.736822 -64.791824
v 68.741081 8.736822 -63.603336
v 68.092659 8.736822 -64.726547
v 67.003563 8.736822 -62.970860
v 66.778366 8.736822 -64.248276
v 65.154701 8.736822 -62.970860
v 65.379890 8.736822 -64.248276
v 63.416939 8.736822 -63.603336
v 64.065613 8.736822 -64.726547
v 62.994202 8.736822 -65.625580
v 62.000519 8.736822 -64.791824
v 62.294968 8.736822 -66.836731
v 61.076088 8.736822 -66.393066
v 60.754990 8.736822 -68.214035
v 62.052086 8.736822 -68.214035
v 61.076088 8.736822 -70.035004
v 62.294968 8.736822 -69.591339
v 62.994202 8.736822 -70.802750
v 62.000519 8.736822 -71.636505
v 63.416939 8.736822 -72.824982
v 64.065613 8.736822 -71.701767
v 65.154701 8.736822 -73.457214
v 65.379890 8.736822 -72.180054
v 67.003563 8.736822 -73.457214
v 66.778366 8.736822 -72.180054
v 68.741081 8.736822 -72.824982
v 68.092659 8.736822 -71.701767
v 70.157486 8.736822 -71.636505
v 69.164055 8.736822 -70.802750
v 71.082169 8.736822 -70.035004
v 69.863297 8.736822 -69.591339
v 70.106178 8.736822 -68.214035
v 69.863297 8.736822 -66.836731
v 69.863297 8.463827 -66.836731
v 70.106178 8.463827 -68.214035
v 69.863297 8.463827 -66.836731
v 69.863297 8.736822 -66.836731
v 69.164055 8.736822 -65.625580
v 69.164055 8.463827 -65.625580
v 68.092659 8.736822 -64.726547
v 68.092659 8.463827 -64.726547
v 69.164055 8.463827 -65.625580
v 69.164055 8.736822 -65.625580
v 66.778366 8.463827 -64.248276
v 68.092659 8.463827 -64.726547
v 68.092659 8.736822 -64.726547
v 66.778366 8.736822 -64.248276
v 66.778366 8.463827 -64.248276
v 66.778366 8.736822 -64.248276
v 65.379890 8.736822 -64.248276
v 65.379890 8.463827 -64.248276
v 65.379890 8.463827 -64.248276
v 65.379890 8.736822 -64.248276
v 64.065613 8.736822 -64.726547
v 64.065613 8.463827 -64.726547
v 62.994202 8.736822 -65.625580
v 62.994202 8.463827 -65.625580
v 64.065613 8.463827 -64.726547
v 64.065613 8.736822 -64.726547
v 62.294968 8.736822 -66.836731
v 62.294968 8.463827 -66.836731
v 62.994202 8.463827 -65.625580
v 62.994202 8.736822 -65.625580
v 62.294968 8.736822 -66.836731
v 62.052086 8.736822 -68.214035
v 62.052086 8.463827 -68.214035
v 62.294968 8.463827 -66.836731
v 62.294968 8.463827 -69.591339
v 62.052086 8.463827 -68.214035
v 62.052086 8.736822 -68.214035
v 62.294968 8.736822 -69.591339
v 62.294968 8.463827 -69.591339
v 62.294968 8.736822 -69.591339
v 62.994202 8.736822 -70.802750
v 62.994202 8.463827 -70.802750
v 64.065613 8.463827 -71.701767
v 62.994202 8.463827 -70.802750
v 62.994202 8.736822 -70.802750
v 64.065613 8.736822 -71.701767
v 64.065613 8.736822 -71.701767
v 65.379890 8.736822 -72.180054
v 65.379890 8.463827 -72.180054
v 64.065613 8.463827 -71.701767
v 66.778366 8.463827 -72.180054
v 65.379890 8.463827 -72.180054
v 65.379890 8.736822 -72.180054
v 66.778366 8.736822 -72.180054
v 68.092659 8.463827 -71.701767
v 66.778366 8.463827 -72.180054
v 66.778366 8.736822 -72.180054
v 68.092659 8.736822 -71.701767
v 68.092659 8.463827 -71.701767
v 68.092659 8.736822 -71.701767
v 69.164055 8.736822 -70.802750
v 69.164055 8.463827 -70.802750
v 69.863297 8.463827 -69.591339
v 69.164055 8.463827 -70.802750
v 69.164055 8.736822 -70.802750
v 69.863297 8.736822 -69.591339
v 70.106178 8.463827 -68.214035
v 69.863297 8.463827 -69.591339
v 69.863297 8.736822 -69.591339
v 70.106178 8.736822 -68.214035
v 77.764183 9.050272 -51.392418
v 71.944328 9.050272 -55.501167
v 78.003075 9.050272 -64.082870
v 83.822937 9.050272 -59.973866
v 71.944328 9.617809 -55.501167
v 77.764183 9.617809 -51.392418
v 83.822937 9.617809 -59.973866
v 78.003075 9.617809 -64.082870
v 78.026993 9.557102 -63.943363
v 78.026993 9.110953 -63.943363
v 72.083832 9.110953 -55.525085
v 72.083832 9.557102 -55.525085
v 72.083832 9.110953 -55.525085
v 77.796318 9.110953 -51.542870
v 77.796318 9.557102 -51.542870
v 72.083832 9.557102 -55.525085
v 83.691658 9.110953 -59.893406
v 78.026993 9.110953 -63.943363
v 78.026993 9.557102 -63.943363
v 83.691658 9.557102 -59.893406
v 78.003075 9.050272 -64.082870
v 71.944328 9.050272 -55.501167
v 71.944328 9.110953 -55.501167
v 78.003075 9.110953 -64.082870
v 71.944328 9.050272 -55.501167
v 77.764183 9.050272 -51.392418
v 77.714615 9.110953 -51.427292
v 71.944328 9.110953 -55.501167
v 77.764183 9.617809 -51.392418
v 77.714615 9.557102 -51.427292
v 71.944328 9.617809 -55.501167
v 71.944328 9.557102 -55.501167
v 71.944328 9.617809 -55.501167
v 78.003075 9.617809 -64.082870
v 78.003075 9.557102 -64.082870
v 71.944328 9.557102 -55.501167
v 83.773369 9.557102 -60.008984
v 78.003075 9.557102 -64.082870
v 78.003075 9.617809 -64.082870
v 83.822937 9.617809 -59.973866
v 83.822937 9.050272 -59.973866
v 83.773369 9.110953 -60.008984
v 78.003075 9.050272 -64.082870
v 78.003075 9.110953 -64.082870
v 72.083832 9.110953 -55.525085
v 78.026993 9.110953 -63.943363
v 78.003075 9.110953 -64.082870
v 71.944328 9.110953 -55.501167
v 77.714615 9.110953 -51.427292
v 77.796318 9.110953 -51.542870
v 72.083832 9.110953 -55.525085
v 71.944328 9.110953 -55.501167
v 77.714615 9.557102 -51.427292
v 77.796318 9.557102 -51.542870
v 77.796318 9.110953 -51.542870
v 77.714615 9.110953 -51.427292
v 77.714615 9.557102 -51.427292
v 71.944328 9.557102 -55.501167
v 72.083832 9.557102 -55.525085
v 77.796318 9.557102 -51.542870
v 72.083832 9.557102 -55.525085
v 71.944328 9.557102 -55.501167
v 78.003075 9.557102 -64.082870
v 78.026993 9.557102 -63.943363
v 83.773369 9.557102 -60.008984
v 83.691658 9.557102 -59.893406
v 78.026993 9.557102 -63.943363
v 78.003075 9.557102 -64.082870
v 83.691658 9.110953 -59.893406
v 83.691658 9.557102 -59.893406
v 83.773369 9.557102 -60.008984
v 83.773369 9.110953 -60.008984
v 78.026993 9.110953 -63.943363
v 83.691658 9.110953 -59.893406
v 83.773369 9.110953 -60.008984
v 78.003075 9.110953 -64.082870
v 78.651253 8.488762 -50.369843
v 72.121933 8.488762 -53.220352
v 76.325096 8.488762 -62.847805
v 82.854164 8.488762 -59.997280
v 72.121933 9.056299 -53.220352
v 78.651253 9.056299 -50.369843
v 82.854164 9.056299 -59.997280
v 76.325096 9.056299 -62.847805
v 76.376915 8.995618 -62.716022
v 76.376915 8.549469 -62.716022
v 72.253960 8.549469 -53.272163
v 72.253960 8.995618 -53.272163
v 72.253960 8.549469 -53.272163
v 78.652252 8.549469 -50.524033
v 78.652252 8.995618 -50.524033
v 72.253960 8.995618 -53.272163
v 82.742073 8.549469 -59.891911
v 76.376915 8.549469 -62.716022
v 76.376915 8.995618 -62.716022
v 82.742073 8.995618 -59.891911
v 76.325096 8.488762 -62.847805
v 72.121933 8.488762 -53.220352
v 72.121933 8.549469 -53.220352
v 76.325096 8.549469 -62.847805
v 72.121933 8.488762 -53.220352
v 78.651253 8.488762 -50.369843
v 78.595459 8.549469 -50.394249
v 72.121933 8.549469 -53.220352
v 78.651253 9.056299 -50.369843
v 78.595459 8.995618 -50.394249
v 72.121933 9.056299 -53.220352
v 72.121933 8.995618 -53.220352
v 72.121933 9.056299 -53.220352
v 76.325096 9.056299 -62.847805
v 76.325096 8.995618 -62.847805
v 72.121933 8.995618 -53.220352
v 82.798615 8.995618 -60.021694
v 76.325096 8.995618 -62.847805
v 76.325096 9.056299 -62.847805
v 82.854164 9.056299 -59.997280
v 82.854164 8.488762 -59.997280
v 82.798615 8.549469 -60.021694
v 76.325096 8.488762 -62.847805
v 76.325096 8.549469 -62.847805
v 72.253960 8.549469 -53.272163
v 76.376915 8.549469 -62.716022
v 76.325096 8.549469 -62.847805
v 72.121933 8.549469 -53.220352
v 78.595459 8.549469 -50.394249
v 78.652252 8.549469 -50.524033
v 72.253960 8.549469 -53.272163
v 72.121933 8.549469 -53.220352
v 78.595459 8.995618 -50.394249
v 78.652252 8.995618 -50.524033
v 78.652252 8.549469 -50.524033
v 78.595459 8.549469 -50.394249
v 78.595459 8.995618 -50.394249
v 72.121933 8.995618 -53.220352
v 72.253960 8.995618 -53.272163
v 78.652252 8.995618 -50.524033
v 72.253960 8.995618 -53.272163
v 72.121933 8.995618 -53.220352
v 76.325096 8.995618 -62.847805
v 76.376915 8.995618 -62.716022
v 82.798615 8.995618 -60.021694
v 82.742073 8.995618 -59.891911
v 76.376915 8.995618 -62.716022
v 76.325096 8.995618 -62.847805
v 82.742073 8.549469 -59.891911
v 82.742073 8.995618 -59.891911
v 82.798615 8.995618 -60.021694
v 82.798615 8.549469 -60.021694
v 76.376915 8.549469 -62.716022
v 82.742073 8.549469 -59.891911
v 82.798615 8.549469 -60.021694
v 76.325096 8.549469 -62.847805
v -41.140663 -2.557638 39.033882
v -41.147163 2.405696 39.071945
v -42.111351 2.832161 37.069981
v -41.675816 -2.293138 37.081566
v -41.180069 -2.275500 23.107050
v -41.686798 -2.148083 24.795385
v -42.041306 2.716606 24.816402
v -41.174866 2.744481 23.079126
v -41.115700 -3.667829 23.519299
v -41.289703 -3.646231 24.781801
v -42.622589 2.798913 31.221424
v -41.883171 -2.149553 31.302809
v -41.004974 -3.680134 31.510860
v 0.831100 10.280606 31.493025
v -25.628046 10.525453 31.623657
v -25.771332 10.163426 37.549957
v 0.831100 9.990372 37.211224
v -25.684868 9.369800 38.712559
v 0.831100 9.345462 38.473915
v -25.858618 7.400887 39.316071
v 0.831100 7.528069 38.933865
v -26.036230 2.300474 39.614670
v 0.831100 2.376377 38.999928
v -41.147163 2.405696 39.071945
v -41.211884 7.665771 38.988594
v -26.347862 -2.466640 39.177589
v 0.831100 -2.493344 38.988342
v -41.140663 -2.557638 39.033882
v -26.455700 -3.671515 38.531532
v 0.831100 -3.549129 38.610676
v -41.129776 -3.518265 38.757050
v -25.825462 10.206596 24.907570
v 0.831100 10.006266 25.056145
v 0.831100 9.308694 23.612099
v -26.008656 9.209624 23.370419
v 0.831100 7.658849 23.221369
v -26.053917 7.881144 22.914709
v 0.831100 3.115790 23.141926
v -26.248070 3.016938 22.513943
v -41.174866 2.744481 23.079126
v -41.281754 7.753527 23.214682
v 0.831100 -2.383114 23.290045
v -25.988029 -2.222964 22.895851
v -41.180069 -2.275500 23.107050
v 0.831100 -3.673608 23.716290
v -25.993982 -3.661326 23.484930
v -41.115700 -3.667829 23.519299
v 0.831100 -3.673981 24.735865
v -25.785406 -3.655273 24.527569
v -41.289703 -3.646231 24.781801
v -41.129128 -3.672710 37.004017
v -41.129776 -3.518265 38.757050
v -41.129128 -3.672710 37.004017
v -26.464668 -3.671565 37.157417
v 0.831100 -3.659733 37.621403
v -41.265884 9.374333 23.585430
v -41.154564 10.063560 24.737139
v -40.944588 10.288104 31.210217
v -41.218605 9.328074 38.591446
v -41.141136 10.072304 37.407219
v -41.798351 7.977921 24.763374
v -41.281754 7.753527 23.214682
v -41.555771 9.248734 24.669970
v -42.202301 8.143377 31.149035
v -41.770851 9.673012 31.170956
v -41.821243 7.918434 37.181805
v -41.572334 9.313551 37.196377
v -41.211884 7.665771 38.988594
v 42.802933 -2.557638 39.033882
v 43.338013 -2.293138 37.081566
v 43.773697 2.832161 37.069981
v 42.809410 2.405696 39.071945
v 42.842293 -2.275500 23.107050
v 42.837059 2.744481 23.079126
v 43.703453 2.716606 24.816402
v 43.348976 -2.148083 24.795385
v 42.951897 -3.646231 24.781801
v 42.778023 -3.667829 23.519299
v 43.545517 -2.149553 31.302809
v 44.284866 2.798913 31.221424
v 42.667168 -3.680134 31.510860
v 27.433603 10.163426 37.549957
v 27.290377 10.525453 31.623657
v 27.347170 9.369800 38.712559
v 27.520792 7.400887 39.316071
v 27.698404 2.300474 39.614670
v 42.809410 2.405696 39.071945
v 42.874176 7.665771 38.988594
v 28.010035 -2.466640 39.177589
v 42.802933 -2.557638 39.033882
v 28.117899 -3.671515 38.531532
v 42.791969 -3.518265 38.757050
v 27.487665 10.206596 24.907570
v 27.671007 9.209624 23.370419
v 27.716097 7.881144 22.914709
v 27.910395 3.016938 22.513943
v 42.943924 7.753527 23.214682
v 42.837059 2.744481 23.079126
v 27.650331 -2.222964 22.895851
v 42.842293 -2.275500 23.107050
v 27.656313 -3.661326 23.484930
v 42.778023 -3.667829 23.519299
v 27.447557 -3.655273 24.527569
v 42.951897 -3.646231 24.781801
v 42.791473 -3.672710 37.004017
v 42.791969 -3.518265 38.757050
v 42.791473 -3.672710 37.004017
v 28.126871 -3.671565 37.157417
v 42.928230 9.374333 23.585430
v 42.816887 10.063560 24.737139
v 42.606888 10.288104 31.210217
v 42.880905 9.328074 38.591446
v 42.803436 10.072304 37.407219
v 42.943924 7.753527 23.214682
v 43.460571 7.977921 24.763374
v 43.217941 9.248734 24.669970
v 43.864616 8.143377 31.149035
v 43.433167 9.673012 31.170956
v 43.483490 7.918434 37.181805
v 43.234634 9.313551 37.196377
v 42.874176 7.665771 38.988594
v 17.361261 21.817867 -45.537186
v 17.828585 20.553831 -44.665070
v 20.146517 19.170771 -46.427238
v 19.953455 19.173536 -47.004669
v 18.650881 20.413984 -47.010399
v 15.664852 22.834770 -48.247208
v 15.090168 23.805309 -46.605347
v 13.299095 23.128941 -41.836472
v 14.077801 21.213017 -40.966095
v 9.592152 23.023540 -37.598179
v 10.767681 21.312981 -36.969437
v 7.102837 21.748196 -34.300518
v 8.232037 20.571495 -33.591064
v 12.634483 25.068901 -51.022247
v 11.666954 26.161503 -49.635475
v 11.837593 24.859127 -43.255875
v 7.842182 24.658997 -39.215370
v 9.139275 26.808952 -45.983833
v 9.588913 26.534912 -54.105927
v 8.344631 27.535297 -52.977722
v 5.420624 26.373692 -41.873093
v 5.560123 27.808838 -49.209007
v 2.024319 27.636208 -45.027267
v 4.676300 23.283211 -36.785347
v 1.588131 25.265095 -39.778103
v -1.234484 26.804321 -42.202400
v 6.474842 20.260584 -32.783463
v 7.063728 19.781702 -31.995289
v 3.557812 21.885326 -36.314785
v 0.389935 23.627625 -39.368572
v -2.334536 25.212585 -41.393059
v 6.771778 26.582516 -58.782146
v 7.111557 26.427322 -59.158291
v 6.877396 26.033436 -59.914082
v 6.552315 26.062061 -59.712559
v 8.067623 26.762295 -56.934772
v 6.814873 27.373352 -55.758247
v 3.729198 27.461037 -51.137337
v -0.670759 27.549145 -46.976768
v -3.504335 27.738468 -44.478485
v -4.576239 26.904285 -43.247902
v -6.648800 27.258068 -44.277206
v 6.226482 25.336140 -59.023281
v 5.078606 25.442905 -56.821430
v 1.626991 25.903328 -52.520119
v -2.460583 26.517525 -48.390938
v -4.986765 26.962502 -46.130310
v -6.312008 26.809601 -45.355835
v -7.416544 26.864254 -44.778412
v -7.550064 27.066231 -44.488197
v -7.214518 26.397728 -44.402504
v 8.296551 25.663391 -57.204563
v 10.521816 25.083572 -54.394646
v 13.014866 23.912926 -52.076958
v 15.944101 21.857452 -48.979080
v 18.409502 19.792738 -47.773903
v 13.752468 21.327080 -51.410599
v 13.150379 22.385258 -52.288696
v 14.846291 18.934519 -49.675827
v 11.068104 20.288136 -50.550941
v 12.559250 18.351112 -48.743675
v 16.971659 18.211065 -48.471649
v 20.624300 18.271597 -47.118759
v 20.746859 18.403574 -46.768768
v 16.971659 18.211065 -48.471649
v 18.409502 19.792738 -47.773903
v 19.668230 18.001143 -47.336472
v 17.664423 18.986631 -44.384567
v 19.755671 18.259939 -46.438698
v 19.518267 18.041647 -46.452148
v 14.330891 19.439032 -40.968338
v 17.494783 18.249151 -44.708412
v 16.724054 17.790972 -44.750259
v 10.862343 19.465612 -37.017017
v 8.489361 19.305460 -33.836929
v 6.921490 18.893339 -31.347614
v 6.652454 17.972197 -33.203949
v 6.722454 18.505632 -31.501064
v 6.536121 18.737326 -31.228542
v 6.163956 19.018740 -32.334576
v 6.652454 17.972197 -33.203949
v 5.987839 18.219086 -32.627270
v 2.500854 20.168989 -37.152031
v -0.808266 22.269573 -40.093979
v -3.288860 23.894539 -41.934868
v -5.684759 25.247009 -43.714722
v -7.214518 26.397728 -44.402504
v -7.211279 26.257931 -44.745033
v -6.416384 25.695274 -45.355583
v -5.220177 25.235500 -46.495995
v -5.576149 24.622604 -44.311333
v -7.211279 26.257931 -44.745033
v -6.416384 25.695274 -45.355583
v -3.301565 25.533482 -48.690369
v -1.329147 24.289272 -50.260231
v 1.306644 23.467472 -52.683029
v 0.090759 22.349537 -49.476540
v 2.382282 21.601196 -51.666183
v 4.956795 23.988152 -56.985592
v 6.923981 24.493565 -58.509373
v 6.923981 24.493565 -58.509373
v 8.110722 23.865841 -56.872997
v 12.096413 23.624386 -53.590271
v 10.383560 21.179359 -51.015770
v 8.980846 22.079979 -51.441734
v 10.608753 23.632954 -54.875168
v 7.975704 22.175484 -52.320335
v 5.994068 22.609352 -55.832481
v 7.138458 22.093678 -54.222008
v 5.994068 22.609352 -55.832481
v 7.567673 17.952566 -34.546631
v 9.945137 17.896568 -37.775791
v 4.155666 18.050192 -36.379803
v 7.567673 17.952566 -34.546631
v 13.605495 17.922949 -41.430428
v 15.059277 17.765863 -46.948120
v 15.059277 17.765863 -46.948120
v 11.290054 17.802008 -45.029755
v 6.922737 17.833645 -40.234970
v 6.922737 17.833645 -40.234970
v 9.945137 17.896568 -37.775791
v 2.032539 19.131710 -38.710938
v 3.604393 18.243773 -42.043228
v -0.804277 21.164740 -40.748375
v 0.913555 20.090843 -43.608360
v -3.496864 23.125725 -42.626381
v -5.220177 25.235500 -46.495995
v -4.078276 24.296146 -45.443275
v -4.078276 24.296146 -45.443275
v -1.878174 23.806480 -47.359642
v -1.861235 22.984833 -45.127655
v -1.861235 22.984833 -45.127655
v -1.959881 21.660061 -41.316330
v -1.386938 20.165154 -40.132835
v 1.209492 19.369928 -40.447205
v 0.390434 20.489189 -41.883797
v -0.544712 21.676304 -44.473007
v -2.703213 23.037941 -43.603622
v -5.948563 22.047916 -40.445961
v -5.442131 20.147964 -39.433094
v -10.154465 20.245388 -38.641182
v -10.478626 22.131645 -40.036179
v -13.602888 21.901173 -39.773624
v -13.422060 20.165726 -38.197029
v -10.823837 23.856976 -42.304039
v -13.822872 23.374458 -42.005112
v -6.439302 23.784111 -42.876488
v -1.182673 23.097351 -47.413452
v -3.453020 24.660839 -46.706238
v -6.952959 25.548279 -46.154716
v -1.791985 24.695515 -50.743744
v -3.887711 25.957958 -49.702736
v -11.333931 25.611526 -45.423836
v -14.595997 25.064541 -44.907944
v -2.341263 26.215084 -54.071304
v -4.332863 27.351330 -53.075867
v -7.351526 26.798565 -49.045837
v -12.051655 26.809052 -48.415855
v -15.246214 26.454250 -48.053146
v -7.883368 27.585888 -52.341011
v -12.650904 27.386456 -51.774048
v -15.852510 27.361145 -51.395157
v -2.430191 27.288754 -56.143864
v -3.951233 27.856220 -55.821770
v -8.084173 27.276924 -54.855484
v -12.796505 27.166447 -53.871765
v -16.079472 27.395473 -53.508072
v -7.491276 26.602070 -56.998547
v -13.216473 26.451286 -56.399448
v -16.558527 26.707218 -55.593834
v -16.981533 20.672207 -39.625645
v -17.047472 19.206018 -37.584728
v -18.697598 18.534754 -37.485336
v -16.922272 22.550838 -42.215607
v -17.465271 23.761021 -45.400421
v -18.324089 25.248306 -48.542152
v -19.092480 26.546295 -51.414093
v -20.227333 27.131172 -55.493942
v -19.284790 27.289005 -53.519775
v -21.260921 27.006817 -55.798851
v -20.941444 26.530975 -54.337341
v -21.705677 26.842258 -56.157063
v -21.723736 26.641655 -55.791626
v -20.398020 25.286442 -52.437920
v -19.475830 23.400837 -49.837502
v -18.734591 21.886051 -46.683823
v -18.448742 20.560658 -43.207550
v -18.592251 19.069235 -40.777275
v -18.977966 18.179777 -37.937958
v -18.479208 18.830242 -43.782478
v -18.737530 18.355223 -40.880157
v -18.697424 20.097794 -47.442093
v -17.706432 19.107821 -47.969452
v -17.894283 18.033926 -44.065224
v -19.531803 21.961304 -50.560150
v -18.491886 20.930630 -51.062607
v -20.495495 23.845741 -53.259964
v -20.106318 23.175297 -53.439316
v -21.072273 25.390198 -54.706520
v -20.306450 24.305290 -55.349709
v -20.979458 25.118546 -55.830978
v -21.804522 26.431782 -56.263180
v -19.852604 25.266640 -56.257954
v -20.979458 25.118546 -55.830978
v -21.652939 26.503448 -56.415638
v -21.241119 26.492466 -56.360340
v -16.551851 24.811749 -56.561863
v -20.306450 24.305290 -55.349709
v -17.900635 24.233124 -55.856140
v -13.239592 25.059509 -57.098438
v -13.097874 24.529335 -56.673466
v -7.369961 25.318378 -57.935680
v -1.039434 26.947807 -59.229290
v -3.259716 27.344582 -57.801159
v -3.422382 25.589481 -58.604778
v -1.798958 26.330173 -59.223812
v -1.358292 27.043587 -59.387470
v -1.586222 24.944519 -57.584942
v -1.798958 26.330173 -59.223812
v -1.358292 27.043587 -59.387470
v -1.367508 24.953613 -55.791870
v -0.761932 23.149986 -52.064003
v -0.502361 21.389782 -48.663208
v -0.012867 20.122978 -45.519997
v 1.088177 18.966253 -42.461723
v 2.118729 18.415133 -40.439980
v 1.925423 18.308016 -40.183403
v -1.410603 18.315939 -40.446709
v -5.505404 18.550720 -40.050133
v -10.311676 18.676893 -39.319752
v -13.209373 18.608513 -38.707447
v -16.771461 18.279146 -37.725471
v -18.779579 17.930498 -37.479603
v -18.712172 18.060406 -37.113914
v -18.841408 17.988539 -38.469803
v -18.448269 17.872406 -40.868690
v -18.049126 17.850634 -38.379379
v -16.971123 17.849438 -38.447632
v -18.841408 17.988539 -38.469803
v -18.977966 18.179777 -37.937958
v -18.448269 17.872406 -40.868690
v -16.829155 17.833593 -41.091896
v -13.620274 17.866451 -39.309284
v -13.921843 17.836185 -41.576157
v -10.348394 17.882942 -40.058853
v -10.321142 17.846796 -41.968994
v -5.740311 17.931692 -40.808655
v -5.627714 17.854895 -42.573822
v -0.148632 17.937048 -40.961357
v -0.148632 17.937048 -40.961357
v 1.494968 18.022219 -41.220428
v 0.876938 18.067530 -42.963921
v -1.335123 17.874746 -42.942749
v -1.335123 17.874746 -42.942749
v -0.521545 18.598700 -46.291725
v -2.073473 18.133369 -46.638725
v -0.875771 20.282009 -48.890396
v -3.050467 19.872601 -49.871628
v -1.281815 22.112885 -52.401299
v -3.996571 22.090466 -51.890129
v -1.698071 23.493183 -55.378609
v -2.395815 24.455624 -57.873158
v -3.422382 25.589481 -58.604778
v -5.277719 24.144493 -57.382664
v -3.469461 23.417999 -55.621239
v -7.802059 24.571735 -57.490284
v -5.277719 24.144493 -57.382664
v -5.806822 24.085205 -56.670971
v -5.806822 24.085205 -56.670971
v 8.656757 22.989613 -53.222099
v 5.918839 21.430061 -50.872032
v 6.072037 21.339737 -50.327484
v 9.552792 21.049702 -51.044167
v 10.519073 23.978264 -58.007671
v 7.580372 22.102371 -58.321049
v 6.922485 22.032623 -54.462395
v 11.660477 24.376484 -62.532436
v 8.201893 22.241798 -62.568806
v 11.107460 24.086948 -66.783173
v 7.977947 22.131195 -66.458344
v 9.848232 23.434616 -70.858551
v 7.347706 21.822975 -71.114120
v 8.726509 22.593136 -73.457718
v 6.638252 21.393318 -73.704575
v 13.365108 23.058567 -53.325226
v 12.762024 21.059269 -51.385696
v 18.710169 20.567135 -51.575012
v 18.741808 22.706978 -53.352631
v 24.768679 20.691338 -51.690346
v 24.666788 22.626789 -53.447784
v 30.145876 22.515938 -53.212135
v 30.537462 20.583700 -51.533165
v 33.682175 20.403198 -51.466400
v 33.419373 22.290348 -52.718407
v 14.417580 24.578358 -57.364483
v 15.136749 25.091618 -62.673176
v 14.666439 24.812943 -67.049713
v 13.892715 24.029705 -70.652542
v 12.877609 22.554226 -73.384232
v 24.659815 24.137966 -56.611683
v 18.844690 24.522511 -57.167439
v 29.429941 23.856651 -56.179241
v 32.639664 23.518066 -56.166782
v 24.662302 25.078041 -62.170734
v 19.004618 25.298698 -62.393932
v 18.560205 24.856438 -67.417145
v 17.957125 23.787048 -70.930038
v 17.379702 22.275726 -73.344116
v 29.060266 24.528763 -61.910168
v 24.066942 24.698032 -67.336182
v 23.481791 23.509945 -71.063812
v 22.926035 21.868786 -73.511032
v 32.448105 23.542652 -61.832447
v 28.623835 24.301704 -67.174515
v 32.211205 23.500629 -67.213379
v 28.544870 23.195374 -71.228973
v 27.678232 21.708187 -73.560349
v 32.114799 22.759937 -71.736893
v 31.960855 21.376232 -73.927780
v 34.779236 22.222317 -71.094940
v 35.087875 21.248314 -74.013962
v 34.813362 22.141506 -66.730865
v 34.897308 22.100330 -61.566402
v 35.304100 22.340096 -56.088314
v 36.001846 21.744633 -52.638687
v 36.929771 20.508869 -50.878761
v 31.408587 19.781279 -75.049011
v 27.172541 20.114334 -74.768509
v 22.439539 20.396845 -74.608582
v 17.003046 21.012886 -74.449661
v 12.468575 21.525967 -74.398834
v 8.194672 21.766155 -74.828049
v 6.180645 20.908981 -75.779129
v 37.045853 20.393955 -70.779083
v 37.275024 20.491730 -73.735458
v 36.987556 20.034595 -66.557480
v 36.978340 20.182690 -61.322025
v 37.203789 20.563099 -55.751015
v 37.514420 20.711840 -53.078362
v 37.486023 20.591671 -51.229500
v 38.331238 19.662603 -49.851944
v 37.926437 19.376656 -53.227829
v 37.779213 19.337023 -55.557968
v 37.867905 18.961546 -61.286160
v 37.877609 18.790434 -66.501938
v 37.567223 18.783434 -70.501572
v 38.059715 18.738297 -73.578033
v 38.573868 18.811958 -76.694092
v 38.936562 18.754812 -76.285065
v 38.191986 19.634853 -49.524376
v 39.858002 17.975386 -49.885323
v 42.499275 17.042833 -50.318275
v 42.443726 17.165543 -50.428123
v 42.395149 17.205923 -50.775879
v 42.513969 17.244535 -51.350815
v 40.068497 17.889519 -53.325974
v 42.543861 17.425459 -52.075211
v 42.448463 17.379301 -52.512650
v 42.263374 16.992016 -53.107758
v 40.222702 17.994865 -55.961021
v 42.128357 17.102644 -55.452095
v 42.149284 17.176455 -56.159061
v 42.090240 16.866617 -54.889862
v 42.141312 17.242617 -56.858547
v 40.764503 17.730814 -57.232700
v 42.035194 17.078131 -57.180637
v 40.736595 17.647985 -57.891338
v 41.892448 16.861532 -57.506474
v 41.918610 16.869032 -57.905788
v 42.214546 17.072329 -59.933262
v 41.233574 17.632166 -59.919315
v 40.902504 17.528215 -58.415707
v 42.035194 17.081594 -58.323795
v 40.260307 17.537682 -61.171314
v 40.861153 17.632566 -66.367661
v 42.395897 17.059622 -61.890232
v 40.771233 17.604193 -70.648300
v 42.556816 16.890379 -65.254913
v 42.383438 16.707388 -70.684418
v 42.118141 16.487801 -72.508865
v 39.329399 16.548582 -73.799484
v 41.798286 16.103754 -74.046112
v 41.630394 15.781809 -74.369690
v 41.451538 15.002581 -74.613312
v 40.050568 16.809172 -75.985397
v 41.354630 14.606428 -74.903778
v 41.185989 14.222582 -75.311310
v 34.379669 18.516270 -51.198860
v 30.688173 18.609011 -51.184914
v 24.827463 18.780695 -51.183922
v 18.800844 18.875305 -51.100212
v 12.612309 19.164318 -51.030716
v 9.016220 19.498842 -50.813492
v 34.152237 18.421434 -75.350922
v 36.080315 16.743881 -74.333328
v 33.802986 16.597857 -74.335815
v 31.032694 18.139994 -75.329742
v 30.756678 16.686411 -74.266815
v 26.668856 18.036093 -75.155869
v 26.309641 16.834730 -74.233673
v 22.000856 18.494249 -75.128967
v 21.355425 16.913374 -73.810944
v 16.418650 18.512932 -75.104553
v 15.939119 17.238905 -73.993042
v 12.127300 18.686010 -75.136185
v 11.880936 17.449472 -74.092178
v 8.691387 19.551180 -75.569138
v 6.994228 19.588247 -75.836670
v 5.740479 19.916891 -76.302505
v 37.433960 17.431314 -75.227859
v 39.744164 16.700836 -76.343109
v 38.649094 16.585897 -75.050247
v 41.186485 14.095039 -75.710617
v 40.640694 14.145782 -75.777893
v 36.858025 17.831951 -51.330139
v 39.207092 18.186354 -49.604340
v 39.959641 17.388268 -49.849449
v 41.038765 16.983271 -49.994934
v 42.401878 16.853289 -50.474213
v 39.067345 16.969221 -51.670914
v 34.813614 17.221094 -51.985542
v 37.511185 17.913084 -51.935463
v 35.913918 17.037153 -53.892944
v 30.496859 17.398605 -52.004715
v 30.486147 17.185968 -54.712502
v 24.771662 17.558558 -51.890877
v 24.567148 17.364828 -55.132240
v 18.540285 17.683783 -51.947426
v 17.949656 17.637449 -55.075447
v 12.165913 18.073160 -51.755119
v 12.000259 17.871084 -55.501915
v 8.731987 18.293993 -51.739670
v 8.470428 17.957026 -54.179161
v 8.044209 18.787546 -51.252419
v 7.483223 18.493475 -52.626244
v 5.999794 20.568851 -54.392899
v 6.228226 20.317007 -58.426670
v 6.375198 20.093609 -62.577274
v 6.452171 19.943645 -66.274002
v 6.497013 19.809652 -71.412308
v 5.908127 19.932360 -73.742188
v 4.997643 20.208073 -76.367020
v 2.827682 17.799192 -73.687637
v 4.979710 19.216928 -73.073090
v 0.945190 17.256666 -73.352097
v 1.052307 17.783375 -73.274124
v 0.768822 18.401680 -73.085052
v 0.742420 18.641443 -72.571640
v 3.168213 18.510340 -71.068787
v 0.872952 18.490709 -71.889832
v 1.148708 17.723764 -70.389725
v 3.952648 18.251270 -66.507156
v 1.404789 18.066284 -66.294174
v 1.412514 17.972296 -65.488068
v 1.318851 18.039705 -68.048386
v 1.469810 18.298849 -64.211411
v 4.258049 18.337187 -62.752888
v 1.642937 18.153971 -63.394337
v 1.511410 17.909472 -62.764095
v 3.733681 18.434637 -58.884274
v 1.520378 18.301317 -60.824810
v 1.275005 18.017460 -60.010487
v 1.224190 17.754827 -58.546490
v 1.174370 17.664103 -57.036663
v 3.939693 18.526110 -54.445702
v 1.088924 17.761679 -56.034008
v 1.024406 18.097349 -55.235123
v 1.052803 18.257498 -54.406845
v 0.939960 18.074305 -53.639099
v 5.593010 20.931925 -49.672340
v 6.714733 19.592058 -50.591537
v 5.126682 20.771400 -49.728394
v 2.852596 18.237146 -49.866150
v 0.903591 17.547098 -50.799049
v 4.842949 20.090446 -49.674088
v 6.336838 19.469698 -51.763092
v 4.038834 18.753792 -49.941124
v 5.164543 18.735657 -52.207741
v 2.969921 18.039530 -49.930916
v 3.894104 17.994715 -51.884903
v 1.098640 17.140383 -50.212898
v 1.585392 17.323675 -51.622093
v 5.943001 19.018068 -75.105301
v 2.468723 17.986372 -75.209930
v 0.938717 16.715258 -74.293716
v 4.143959 17.424463 -75.177048
v 6.824337 18.533808 -74.972534
v 8.593239 17.619612 -73.729233
v 6.662918 17.967615 -72.941559
v 2.518543 15.771397 -74.800385
v 1.511906 17.897264 -62.292049
v 1.440166 18.360479 -61.655575
v 1.543297 18.454592 -61.410465
v 2.290112 18.274137 -64.016861
v -33.001938 22.530289 -53.222099
v -35.668106 20.850891 -50.872032
v -35.511021 20.767441 -50.327484
v -32.020924 20.631977 -51.044167
v -31.185337 23.600521 -58.007671
v -34.038017 21.596191 -58.321049
v -34.692116 21.497345 -54.462395
v -30.062706 24.048935 -62.532436
v -33.423279 21.763016 -62.568806
v -30.602509 23.735161 -66.783173
v -33.642216 21.642601 -66.458344
v -31.831352 23.027653 -70.858551
v -34.258026 21.306755 -71.114120
v -32.914803 22.137299 -73.457718
v -34.947754 20.846058 -73.704575
v -28.301325 22.807892 -53.325226
v -28.815205 20.783833 -51.385696
v -22.851114 20.555874 -51.575012
v -22.914337 22.695023 -53.352631
v -16.803970 20.948566 -51.690346
v -16.991623 22.877590 -53.447784
v -11.513063 23.009739 -53.212135
v -11.036175 21.096783 -51.533165
v -7.886656 21.055830 -51.466400
v -8.232889 22.929504 -52.718407
v -27.317307 24.372871 -57.364483
v -26.621529 24.917519 -62.673176
v -27.079138 24.618244 -67.049713
v -27.817312 23.801476 -70.652542
v -28.766083 22.282429 -73.384232
v -17.065708 24.386948 -56.611683
v -22.892092 24.513317 -57.167439
v -12.287758 24.317398 -56.179241
v -9.066147 24.121449 -56.166782
v -17.104717 25.326225 -62.170734
v -22.766666 25.295834 -62.393932
v -23.191170 24.834293 -67.417145
v -23.746176 23.739246 -70.930038
v -24.255947 22.203808 -73.344116
v -12.686726 24.972446 -61.910168
v -17.682617 24.920208 -67.336182
v -18.214682 23.707336 -71.063812
v -18.697151 22.043137 -73.511032
v -9.258532 24.137516 -61.832447
v -13.112747 24.726280 -67.174515
v -9.493486 24.085033 -67.213379
v -13.142590 23.617561 -71.228973
v -13.942369 22.093403 -73.560349
v -9.556910 23.340778 -71.736893
v -9.649204 21.951637 -73.927780
v -6.871002 22.921833 -71.094940
v -6.519762 21.962475 -74.013962
v -6.833387 22.842617 -66.730865
v -6.747694 22.805199 -61.566402
v -6.352114 23.062775 -56.088314
v -5.628712 22.498798 -52.638687
v -4.646984 21.305408 -50.878761
v -10.130253 20.333773 -75.049011
v -14.376959 20.478703 -74.768509
v -19.117790 20.551092 -74.608582
v -24.576296 20.925499 -74.449661
v -29.129078 21.237053 -74.398834
v -33.409401 21.287525 -74.828049
v -35.383553 20.341917 -75.779129
v -4.525671 21.195753 -70.779083
v -4.301226 21.303593 -73.735458
v -4.568018 20.834148 -66.557480
v -4.583961 20.981697 -61.322025
v -4.375460 21.371746 -55.751015
v -4.071798 21.534088 -53.078362
v -4.094967 21.412773 -51.229500
v -3.209146 20.522121 -49.851944
v -3.600990 20.218487 -53.227829
v -3.746220 20.172375 -55.557968
v -3.641096 19.801182 -61.286160
v -3.623659 19.630693 -66.501938
v -3.933544 19.609919 -70.501572
v -3.439569 19.586676 -73.578033
v -2.929152 19.683031 -76.694092
v -2.564213 19.642054 -76.285065
v -3.347151 20.488194 -49.524376
v -1.609140 18.904226 -49.885323
v 1.070740 18.089701 -50.318275
v 1.009960 18.209818 -50.428123
v 0.959641 18.248007 -50.775879
v 1.076721 18.291849 -51.350815
v -1.395159 18.827776 -53.325974
v 1.098640 18.473921 -52.075211
v 1.004974 18.423578 -52.512650
v 0.837578 18.028471 -53.107758
v -1.245693 18.939875 -55.961021
v 0.697826 18.132994 -55.452095
v 0.715267 18.207651 -56.159061
v 0.670177 17.895498 -54.889862
v 0.704304 18.273417 -56.858547
v -0.692678 18.700083 -57.232700
v 0.605659 18.104372 -57.180637
v -0.716843 18.616110 -57.891338
v 0.472637 17.881672 -57.506474
v 0.498543 17.890316 -57.905788
v 0.785263 18.106539 -59.933262
v -0.219879 18.622339 -59.919315
v -0.545956 18.503790 -58.415707
v 0.605659 18.107861 -58.323795
v -1.187902 18.484781 -61.171314
v -0.591791 18.606222 -66.367661
v 0.966614 18.101856 -61.890232
v -0.680223 18.573889 -70.648300
v 1.135010 17.939938 -65.254913
v 0.970100 17.749447 -70.684418
v 0.714520 17.518301 -72.508865
v -2.073971 17.455402 -73.799484
v 0.412102 17.120455 -74.046112
v 0.258656 16.791410 -74.369690
v 0.114422 16.004984 -74.613312
v -1.365015 17.747704 -75.985397
v 0.035458 15.604944 -74.903778
v -0.115997 15.213999 -75.311310
v -7.106157 19.201708 -51.198860
v -10.798153 19.130690 -51.184914
v -16.660759 19.042379 -51.183922
v -22.685410 18.869726 -51.100212
v -28.880795 18.884098 -51.030716
v -32.488152 19.058870 -50.813492
v -7.329107 19.096884 -75.350922
v -5.328539 17.506468 -74.333328
v -7.597145 17.259604 -74.335815
v -10.433214 18.677416 -75.329742
v -10.644308 17.213047 -74.266815
v -14.787933 18.380159 -75.155869
v -15.093611 17.164047 -74.233673
v -19.471695 18.630934 -75.128967
v -20.046432 17.023005 -73.810944
v -25.049297 18.402105 -75.104553
v -25.472006 17.108074 -73.993042
v -29.344082 18.384768 -75.136185
v -29.535419 17.138514 -74.092178
v -32.814941 19.096762 -75.569138
v -34.512070 19.058548 -75.836670
v -35.779331 19.331268 -76.302505
v -4.006783 18.253214 -75.227859
v -1.666433 17.625864 -76.343109
v -2.755276 17.462526 -75.050247
v -0.110023 15.086580 -75.710617
v -0.657555 15.113085 -75.777893
v -4.599655 18.627943 -51.330139
v -2.268770 19.086149 -49.604340
v -1.481596 18.322191 -49.849449
v -0.385532 17.965446 -49.994934
v 0.981808 17.896021 -50.474213
v -2.354464 17.864010 -51.670914
v -6.615170 17.927034 -51.985542
v -3.950983 18.737947 -51.935463
v -5.507896 17.792068 -53.892944
v -10.935612 17.913010 -52.004715
v -10.936907 17.700098 -54.712502
v -16.662281 17.818972 -51.890877
v -16.857876 17.616375 -55.132240
v -22.893013 17.667814 -51.947426
v -23.481102 17.595350 -55.075447
v -29.278418 17.774233 -51.755119
v -29.434906 17.565008 -55.501915
v -32.718681 17.842588 -51.739670
v -32.965012 17.494387 -54.179161
v -33.427673 18.305201 -51.252419
v -33.975090 17.986546 -52.626244
v -35.549156 19.994114 -54.392899
v -35.309669 19.752630 -58.426670
v -35.153030 19.535982 -62.577274
v -35.069427 19.389559 -66.274002
v -35.018738 19.257708 -71.412308
v -35.612431 19.354185 -73.742188
v -36.534370 19.589218 -76.367020
v -38.595348 17.086527 -73.687637
v -36.508141 18.598276 -73.073090
v -40.451782 16.461096 -73.352097
v -40.368088 16.992041 -73.274124
v -40.678696 17.597143 -73.085052
v -40.715935 17.835512 -72.571640
v -38.286606 17.812071 -71.068787
v -40.578651 17.690733 -71.889832
v -40.269363 16.936739 -70.389725
v -37.491436 17.588051 -66.507156
v -40.028603 17.290297 -66.294174
v -40.016724 17.196730 -65.488068
v -40.113400 17.259905 -68.048386
v -39.974049 17.525476 -64.211411
v -37.190292 17.687418 -62.752888
v -39.794518 17.388441 -63.394337
v -39.915237 17.138340 -62.764095
v -37.718323 17.761528 -58.884274
v -39.923683 17.530184 -60.824810
v -40.156071 17.235741 -60.010487
v -40.195328 16.971115 -58.546490
v -40.240913 16.878298 -57.036663
v -37.516621 17.862043 -54.445702
v -40.330643 16.971964 -56.034008
v -40.410034 17.304445 -55.235123
v -40.388634 17.465715 -54.406845
v -40.493309 17.277689 -53.639099
v -35.971642 20.338779 -49.672340
v -34.791508 19.049978 -50.591537
v -36.430344 20.157728 -49.728394
v -38.589767 17.525175 -49.866150
v -40.506340 16.749388 -50.799049
v -36.683586 19.464865 -49.674088
v -35.163567 18.910978 -51.763092
v -37.427612 18.093885 -49.941124
v -36.302307 18.125671 -52.207741
v -38.463867 17.332941 -49.930916
v -37.538589 17.329130 -51.884903
v -40.293526 16.351713 -50.212898
v -39.815193 16.556404 -51.622093
v -35.537052 18.442335 -75.105301
v -38.962303 17.257612 -75.209930
v -40.434273 15.919912 -74.293716
v -37.263653 16.770536 -75.177048
v -34.635204 17.997606 -74.972534
v -32.827446 17.162729 -73.729233
v -34.771172 17.424812 -72.941559
v -38.814163 15.047022 -74.800385
v -39.914215 17.126184 -62.292049
v -40.006310 17.585760 -61.655575
v -39.907364 17.684355 -61.410465
v -39.153343 17.537184 -64.016861
v 40.328560 17.130941 2.802830
v 40.943855 16.331736 2.743767
v 41.010117 16.372738 -2.648377
v 40.436676 17.245680 -2.475251
v 40.759270 16.663969 -10.027892
v 39.995514 17.374842 -10.103122
v 40.993927 16.598402 -16.692223
v 40.177605 17.328732 -16.806061
v 41.374313 16.565969 -19.104313
v 40.514641 17.385527 -19.258507
v 41.023819 16.273569 -21.365694
v 40.463585 17.186193 -21.417257
v 41.612701 16.021450 -24.704210
v 40.862648 17.078978 -24.700724
v 41.115990 15.920038 9.447878
v 40.398819 16.981131 9.448525
v 39.430786 17.504950 9.599709
v 39.587975 17.458666 10.024858
v 40.348495 16.881039 9.992249
v 38.433868 17.586630 10.003610
v 38.417923 17.676062 9.606658
v 39.204102 17.659893 3.126517
v 38.194481 17.783648 3.074107
v 39.420570 17.617594 -2.231375
v 39.126129 17.656954 -10.118068
v 39.140579 17.713949 -16.902214
v 39.136589 17.722021 -19.571884
v 39.467407 17.753357 -21.620779
v 40.061523 17.733305 -24.899508
v 38.232841 17.824278 -2.184294
v 37.987968 17.822584 -10.380874
v 37.856194 17.847818 -16.936592
v 38.261734 18.210442 -19.345943
v 38.161842 17.902075 -21.859922
v 38.890480 18.142435 -25.094309
v 26.933153 17.884562 9.903791
v 26.828279 17.764393 10.446519
v 27.054224 18.057167 3.351958
v 26.873865 18.029467 -1.932946
v 27.075144 18.011084 -10.178103
v 27.627909 18.066782 -17.110466
v 28.182169 18.058489 -19.688217
v 28.801447 18.422705 -22.845385
v 29.392076 18.925724 -26.036428
v 7.002445 17.958971 9.714770
v 6.912270 17.793589 10.408979
v 7.241341 18.073858 3.666955
v 7.625214 18.085192 -1.331107
v 8.137875 18.083872 -9.438005
v 8.579788 18.097795 -16.835453
v 9.431480 18.094757 -19.929848
v 10.059471 18.713486 -24.048563
v 6.971558 18.791109 -27.468042
v -11.173183 17.781557 10.485230
v -11.303791 17.986345 9.360916
v -11.326208 18.093910 3.471555
v -11.172089 18.052034 -1.540108
v -10.892317 18.081255 -9.436762
v -10.849470 18.095903 -16.761971
v -10.754835 18.053431 -20.193403
v -11.347210 18.600916 -23.804689
v -11.076630 18.572342 -26.369982
v -29.139740 17.925465 9.309874
v -29.082470 17.784346 10.207129
v -29.182388 18.061476 3.058213
v -29.371782 18.000620 -1.568755
v -29.593561 18.050714 -8.948515
v -29.661865 18.032206 -16.009171
v -29.837212 18.196791 -19.853622
v -29.368717 18.617605 -22.738268
v -29.096272 18.686335 -25.683447
v -35.597485 17.861370 2.688763
v -35.826935 17.804674 9.105059
v -35.452454 17.904264 -1.690070
v -35.439552 17.896917 -8.929335
v -35.427170 17.890116 -16.318810
v -35.448273 18.430601 -19.136696
v -35.064373 17.985773 -22.739016
v -35.016418 18.597528 -25.608465
v -35.842281 17.693048 9.861343
v -37.935669 17.366919 9.763794
v -37.784634 17.565781 8.975648
v -38.058372 17.559778 2.130318
v -37.922836 17.706003 -2.060738
v -37.827652 17.668013 -8.637880
v -37.889606 17.665945 -17.042961
v -37.988205 17.600630 -19.264488
v -37.639328 17.779039 -22.565638
v -37.555656 18.003210 -25.199934
v -38.763943 17.199621 2.196806
v -38.789600 16.969622 9.045696
v -38.746353 17.404211 -2.082411
v -38.716965 17.366695 -8.581331
v -38.834488 17.354813 -16.948299
v -38.848190 17.111238 -18.923958
v -38.508137 17.251184 -22.673250
v -38.478989 17.618292 -25.045485
v -36.690239 17.806242 -27.049295
v -37.705589 17.512249 -26.855242
v -38.754452 16.739496 9.617495
v -39.230865 16.577902 2.024624
v -39.287491 16.260292 8.946478
v -39.418568 16.694906 -2.067463
v -39.263527 16.723555 -8.598520
v -39.703270 16.615318 -16.752502
v -39.317032 16.262835 -18.676102
v -39.270275 16.542105 -22.576597
v -39.208549 17.120207 -24.771719
v -38.709564 16.975027 -26.594179
v -39.228027 15.977732 9.469226
v -39.900635 13.824410 8.577752
v -39.930977 14.126153 1.564774
v -40.570358 13.915832 -2.430161
v -40.018265 13.916205 -9.169970
v -40.662132 14.221585 -16.622967
v -40.657722 14.501406 -19.671528
v -40.462795 14.672915 -22.480940
v -40.500160 15.126062 -24.233400
v -39.616356 15.168486 -25.970663
v -40.161972 10.788981 1.611058
v -40.172039 11.141117 7.856018
v -41.058235 10.871585 -2.630940
v -40.433327 10.573704 -9.124384
v -40.965591 11.645905 -17.224808
v -41.487816 11.429806 -19.846149
v -41.225136 12.391055 -22.598768
v -41.338974 12.816703 -23.595690
v -40.619583 12.748099 -25.261961
v -39.948593 8.830187 0.675717
v -40.309845 9.484537 7.190357
v -39.501545 7.757637 -2.725850
v -42.037865 8.939320 -16.751759
v -39.593712 8.207646 -9.893122
v -42.491341 9.306203 -19.078651
v -41.281006 10.120530 -22.103792
v -42.037567 10.512399 -23.131609
v -42.001595 10.571063 -23.506514
v -40.602917 10.932691 -24.588377
v -42.295090 7.735058 -22.843393
v -39.910675 7.762295 -23.094740
v -42.026283 6.604540 -21.982981
v -40.374161 8.724566 -23.725973
v -42.507057 8.069592 -22.458273
v -42.370445 6.709362 -21.855688
v -42.759972 6.920412 -21.736864
v -41.276375 7.921972 -20.146074
v -40.796524 6.761798 -21.057550
v -41.025124 6.665210 -20.578520
v -41.096096 6.628849 -19.789104
v -42.208626 7.904584 -19.043530
v -41.568329 7.119230 -18.748837
v -42.992538 7.291241 -18.736629
v -41.864639 6.502743 -18.786205
v -43.054741 7.485812 -18.507702
v -42.929565 6.390882 -18.861683
v -43.007111 6.121240 -18.524391
v -43.568794 7.483974 -16.777664
v -43.722023 6.406459 -17.921558
v -43.780289 6.350537 -17.410389
v -41.252609 7.505972 -10.290946
v -41.573982 6.881566 -9.869955
v -41.252609 7.505972 -10.290946
v -41.570869 7.428308 -10.311374
v -41.509865 7.294872 -10.534823
v -41.570869 7.428308 -10.311374
v -41.573982 6.881566 -9.869955
v -41.590096 7.203172 -7.813841
v -41.590096 7.203172 -7.813841
v -41.459091 7.278855 -7.568468
v -40.423439 7.144279 -7.631243
v -41.548744 6.860394 -7.485018
v -40.386795 7.049596 -7.258581
v -40.923294 8.982066 -3.719035
v -40.757462 7.462803 -4.108638
v -40.967583 6.828237 -4.100167
v -41.016235 6.764628 -2.866347
v -40.331665 7.343832 0.228844
v -41.468384 7.371757 -1.363739
v -41.454758 7.347364 -1.015738
v -41.758793 6.541420 0.295181
v -41.702644 6.766714 1.910634
v -40.063976 7.194239 -2.662827
v -41.140137 6.649399 -0.840616
v -41.420654 7.200190 3.045335
v -41.189758 7.942797 2.810652
v -41.770927 7.331080 3.219859
v -41.966545 6.772911 3.674899
v -41.057861 7.127192 4.515807
v -40.746277 8.295406 6.728714
v -40.518692 7.378333 3.687953
v -40.407043 7.206131 -4.874389
v -41.554672 7.149353 -5.179044
v -40.129395 7.869959 -3.986825
v -40.191345 7.084675 -5.470996
v -41.544090 6.816034 -5.511850
v -42.615791 7.242344 4.700843
v 41.490646 14.892876 9.532699
v 41.442566 15.023657 2.746632
v 41.570854 15.201567 -2.600053
v 41.249268 15.502960 -10.025649
v 41.442566 15.636930 -16.658340
v 41.931061 15.724241 -18.958832
v 41.540466 15.424044 -21.221712
v 42.044655 15.200373 -24.584890
v 43.496445 12.244082 -21.108366
v 43.333282 12.369607 -24.463079
v 43.894020 12.360316 -18.876129
v 43.400040 11.904601 -16.116535
v 42.412338 11.503467 -10.522613
v 42.771294 12.138437 -2.016646
v 42.083267 11.995524 2.242117
v 42.325897 11.932252 8.652383
v 43.453842 8.468286 7.524508
v 44.988586 6.841089 7.792496
v 45.417297 6.332868 7.196486
v 44.854568 6.344043 7.849939
v 43.054779 8.204034 3.701007
v 45.155739 6.163494 6.524124
v 44.780342 6.369604 4.544679
v 44.419876 6.583950 2.703736
v 44.340919 6.654912 2.563988
v 42.739410 8.942857 -1.091717
v 43.905472 6.677040 -0.065649
v 43.396553 8.489161 -9.881662
v 44.349884 9.303438 -14.883213
v 45.699036 9.704449 -18.577953
v 44.142876 9.485010 -20.180201
v 44.232803 10.202063 -24.483755
v 44.699127 6.817680 -24.023657
v 42.921005 6.828813 -24.666098
v 44.724037 7.153555 -24.019670
v 45.441711 7.091094 -22.296354
v 45.356262 6.527277 -21.567221
v 45.412315 6.708850 -22.135931
v 46.395790 7.351447 -20.821398
v 45.597656 6.540926 -20.483610
v 45.418800 6.830556 -19.108295
v 46.697205 7.457220 -18.659657
v 45.419792 6.560431 -19.290890
v 45.737648 8.407230 -18.033157
v 45.189865 6.624668 -18.554283
v 44.719803 6.648721 -17.661987
v 46.774429 7.242872 -17.049934
v 46.587105 6.864226 -15.784977
v 44.531479 6.634296 -17.308258
v 43.245842 6.758988 -15.357014
v 44.714569 6.528727 -14.125931
v 45.395126 6.160061 -11.464980
v 42.418312 6.980670 -11.920844
v 45.196342 6.181058 -9.797216
v 42.698311 6.823487 -10.428203
v 45.059082 6.227437 -5.886505
v 42.171196 6.835200 -9.069826
v 42.917023 6.811540 -6.134367
v 44.201172 6.591036 -4.339061
v 42.548096 6.817062 -4.543824
v 44.534966 6.740761 -2.741294
v 44.222839 6.707598 -1.298972
v 44.467461 6.537576 -3.065131
v 42.692825 6.812419 -3.041964
v 42.452438 6.829238 -1.603629
v 43.768219 6.663837 -0.536209
v 42.160492 6.847647 -0.786562
v -11.242111 18.715578 -29.126087
v 10.904194 18.424324 -29.215771
v 10.598289 18.049570 -29.192352
v -3.674973 18.095978 -29.479820
v -11.739998 18.002338 -28.994316
v -29.030109 18.269381 -28.030273
v -29.454435 17.896893 -26.450193
v -34.615490 18.273863 -27.255800
v -35.011936 17.779165 -26.325891
v 29.384104 18.494671 -27.669317
v 43.308617 7.680765 -24.982210
v 42.438744 6.871554 -24.192549
v 44.291595 7.078444 -18.448914
v 43.244347 10.478845 -25.435087
v 42.364754 9.848407 -24.531580
v 42.134583 13.029189 -25.900915
v 41.994583 12.183425 -24.363436
v 41.774872 14.666937 -26.233969
v 41.549683 13.955664 -24.789156
v 41.383026 15.595703 -26.289770
v 41.304062 14.893175 -24.958548
v 40.710693 16.900595 -26.454679
v 40.724396 16.510595 -25.398470
v 39.893127 17.449324 -26.606134
v 40.078468 17.175482 -25.775366
v 38.780380 17.787386 -26.797201
v 29.273752 17.898436 -26.660440
v 39.015030 17.624620 -24.982466
v -41.509865 7.294872 -10.534823
v -42.098972 6.880963 -11.186980
v -43.750839 6.322585 -16.023869
v -43.269295 6.235066 -14.190449
v 44.398705 6.622493 9.078155
v 45.195595 6.126893 8.882832
v 43.448616 8.591792 9.378528
v 43.162643 6.881179 8.514081
v 42.816887 8.584843 8.944585
v 42.202583 11.969170 9.698055
v 42.278069 11.292947 9.746830
v 41.406944 14.834585 9.936275
v 41.043503 15.877867 9.978698
v 41.441071 14.446428 9.912361
v -41.532608 8.447361 7.449726
v -43.233849 5.931920 5.658805
v -42.290436 6.976117 6.758405
v -42.719894 6.784016 4.717309
v -39.939720 7.169233 6.429712
v -40.413246 7.001902 6.240615
v -40.179688 8.790504 7.111589
v -40.811646 10.124665 8.057421
v -40.047188 10.097215 7.506123
v -40.472786 11.480649 8.575310
v -39.895008 13.582529 9.057180
v -40.037720 10.893456 7.643232
v 45.441711 7.091094 -22.296354
v 45.412315 6.708850 -22.135931
v 44.699127 6.817680 -24.023657
v 44.724037 7.153555 -24.019670
v 87.222237 8.403992 -78.923340
v 52.335213 8.403992 -78.923340
v 52.335213 8.403992 -43.867676
v 87.222237 8.403992 -43.867676
v 87.305687 8.638450 -43.491280
v 87.233192 8.640492 -43.857216
v 52.324257 8.640492 -43.857216
v 51.937141 8.638450 -43.491280
v 87.233192 8.640492 -43.857216
v 87.305687 8.638450 -43.491280
v 87.305687 8.638450 -79.299744
v 87.233192 8.640492 -78.933563
v 52.324257 8.640492 -78.933563
v 87.233192 8.640492 -78.933563
v 87.305687 8.638450 -79.299744
v 51.937141 8.638450 -79.299744
v 51.937141 8.638450 -79.299744
v 51.937141 8.638450 -43.491280
v 52.324257 8.640492 -43.857216
v 52.324257 8.640492 -78.933563
v 87.222237 8.403992 -43.867676
v 52.335213 8.403992 -43.867676
v 52.324257 8.640492 -43.857216
v 87.233192 8.640492 -43.857216
v 87.233192 8.640492 -43.857216
v 87.233192 8.640492 -78.933563
v 87.222237 8.403992 -78.923340
v 87.222237 8.403992 -43.867676
v 87.222237 8.403992 -78.923340
v 87.233192 8.640492 -78.933563
v 52.324257 8.640492 -78.933563
v 52.335213 8.403992 -78.923340
v 52.335213 8.403992 -43.867676
v 52.335213 8.403992 -78.923340
v 52.324257 8.640492 -78.933563
v 52.324257 8.640492 -43.857216
v 51.935905 -3.276831 -43.491280
v 51.937141 8.638450 -43.491280
v 51.937141 8.638450 -79.299744
v 51.934158 -3.275861 -79.299744
v 87.305687 8.638450 -43.491280
v 87.305687 -3.278949 -79.299744
v 87.305687 8.638450 -79.299744
v 87.306938 -3.276831 -43.491280
v 86.777336 -1.962101 -66.552505
v 74.633919 7.508946 -66.552505
v 74.620972 -1.238847 -66.558487
v 74.620972 -1.962101 -66.552505
v 86.777336 7.508946 -66.552505
v 74.633919 7.508946 -66.552505
v 86.777336 -1.962101 -66.552505
v 86.782066 7.513256 -43.490280
v 87.305687 8.638450 -43.491280
v 51.937141 8.638450 -43.491280
v 52.563393 7.513256 -43.490280
v 51.937141 8.638450 -43.491280
v 51.935905 -3.276831 -43.491280
v 52.563393 -2.785969 -43.490280
v 52.563393 7.513256 -43.490280
v 87.306938 -3.276831 -43.491280
v 86.782066 -2.785969 -43.490280
v 52.563393 -2.785969 -43.490280
v 51.935905 -3.276831 -43.491280
v 86.782066 -2.785969 -43.490280
v 87.306938 -3.276831 -43.491280
v 87.305687 8.638450 -43.491280
v 86.782066 7.513256 -43.490280
v 52.563393 7.513256 -43.490280
v 52.563393 -2.785969 -43.490280
v 52.567879 -2.781659 -44.340233
v 52.567879 -1.962101 -44.340233
v 86.782066 -2.785969 -43.490280
v 86.777336 -2.781659 -44.340233
v 52.567879 -2.781659 -44.340233
v 52.563393 -2.785969 -43.490280
v 86.782066 7.513256 -43.490280
v 86.777336 -1.962101 -44.340233
v 86.782066 -2.785969 -43.490280
v 86.777336 -2.781659 -44.340233
v 86.777336 -2.781659 -44.340233
v 86.777336 -1.962101 -44.340233
v 52.567879 -1.962101 -44.340233
v 52.567879 -2.781659 -44.340233
v 52.567879 7.508946 -66.552505
v 74.608017 7.508946 -66.552505
v 74.633919 7.508946 -66.552505
v 52.563393 7.513256 -43.490280
v 52.563393 7.513256 -43.490280
v 74.633919 7.508946 -66.552505
v 86.777336 7.508946 -66.552505
v 86.782066 7.513256 -43.490280
v 52.567879 -1.962101 -44.340233
v 52.567879 -1.962101 -66.552505
v 52.567879 -1.232744 -66.556488
v 52.563393 7.513256 -43.490280
v 52.567879 -1.962101 -44.340233
v 52.567879 -1.232744 -66.556488
v 52.567879 7.508946 -66.552505
v 74.620972 -1.962101 -66.552505
v 52.567879 -1.962101 -44.340233
v 86.777336 -1.962101 -44.340233
v 86.777336 -1.962101 -66.552505
v 52.567879 -1.962101 -66.552505
v 86.777336 -1.962101 -44.340233
v 86.782066 7.513256 -43.490280
v 86.777336 7.508946 -66.552505
v 86.777336 -1.962101 -66.552505
v 52.567879 -1.232744 -66.556488
v 52.567879 -1.962101 -66.552505
v 74.620972 -1.962101 -66.552505
v 74.620972 -1.238847 -66.558487
v 52.567879 -1.232744 -79.294510
v 52.567879 7.508946 -66.552505
v 52.567879 -1.232744 -66.556488
v 52.567879 7.508946 -66.552505
v 52.567879 -1.232744 -79.294510
v 52.561409 7.508946 -79.300491
v 74.627197 -1.233889 -79.300491
v 52.567879 -1.232744 -79.294510
v 52.567879 -1.232744 -66.556488
v 74.620972 -1.238847 -66.558487
v 74.627449 7.515039 -79.300491
v 74.627197 -1.233889 -79.300491
v 74.620972 -1.238847 -66.558487
v 74.620972 7.508946 -66.564697
v 52.567879 7.508946 -66.552505
v 52.561409 7.508946 -79.300491
v 74.627449 7.515039 -79.300491
v 74.608017 7.508946 -66.552505
v 74.620972 7.508946 -66.564697
v 74.608017 7.508946 -66.552505
v 74.627449 7.515039 -79.300491
v 52.561409 7.508946 -79.300491
v 52.563644 -1.244277 -79.306717
v 51.934158 -3.275861 -79.299744
v 51.937141 8.638450 -79.299744
v 74.627197 -1.233889 -79.300491
v 87.305687 -3.278949 -79.299744
v 51.934158 -3.275861 -79.299744
v 52.563644 -1.244277 -79.306717
v 87.305687 8.638450 -79.299744
v 87.305687 -3.278949 -79.299744
v 74.627197 -1.233889 -79.300491
v 74.627449 7.515039 -79.300491
v 74.633919 7.508946 -66.552505
v 74.608017 7.508946 -66.552505
v 74.620972 7.508946 -66.564697
v 74.633919 7.508946 -66.552505
v 74.620972 7.508946 -66.564697
v 74.620972 -1.238847 -66.558487
v 52.567879 -1.232744 -79.294510
v 52.563644 -1.244277 -79.306717
v 52.561409 7.508946 -79.300491
v 74.627197 -1.233889 -79.300491
v 52.563644 -1.244277 -79.306717
v 52.567879 -1.232744 -79.294510
v 51.934158 -3.275861 -79.299744
v 87.305687 -3.278949 -79.299744
v 87.306938 -3.276831 -43.491280
v 51.935905 -3.276831 -43.491280
v 51.937141 8.638450 -79.299744
v 87.305687 8.638450 -79.299744
v 74.627449 7.515039 -79.300491
v 52.561409 7.508946 -79.300491
v -39.632202 13.819279 -71.470596
v -39.089127 13.688075 -73.156052
v -39.021194 10.888824 -73.093018
v -39.772373 11.101036 -71.306442
v -39.084019 8.369390 -70.908112
v -38.852348 8.092061 -73.117935
v -40.039612 11.117328 -38.378376
v -39.781761 13.891668 -38.634708
v -38.833294 8.021141 -37.337864
v -39.449856 10.180715 10.487148
v -39.282108 13.819279 10.999410
v -38.707298 10.187117 11.793285
v -38.695114 13.856171 12.102077
v -38.913879 8.140761 10.195321
v -38.254051 7.693810 11.649975
v -38.928230 16.388182 -71.222244
v -38.987789 16.413542 -73.015808
v -38.582619 17.009604 -37.951164
v -38.636700 16.504814 10.730102
v -38.507561 16.817568 12.098166
v -38.091183 16.680285 12.242149
v -37.247932 17.161407 11.366193
v -38.233398 14.156892 13.128168
v -38.104809 10.063287 13.282240
v -37.631157 7.880097 12.478127
v -36.264938 16.378168 12.310653
v -38.233398 14.156892 13.128168
v -36.159042 13.770255 13.254813
v -36.403519 9.776141 12.983712
v -38.104809 10.063287 13.282240
v -37.631157 7.880097 12.478127
v -36.507393 8.165996 12.710319
v -3.431847 14.065097 13.240067
v -3.380281 16.230101 12.607687
v -3.337685 10.559381 13.455145
v -3.231565 8.084787 12.370737
v 38.450058 14.258378 13.051518
v 38.477211 16.198065 12.327642
v 38.340446 10.999177 13.485834
v 38.688950 8.038877 12.445021
v 40.107361 14.374636 13.362502
v 40.003235 16.278028 12.441110
v 39.828110 11.449186 13.732698
v 39.765839 7.959139 12.203238
v 40.521622 14.493061 11.819142
v 40.499702 16.263132 11.725753
v 40.107361 14.374636 13.362502
v 39.828110 11.449186 13.732698
v 40.319099 11.601988 11.626957
v 40.467567 8.184206 11.292482
v 39.765839 7.959139 12.203238
v 39.690857 16.908964 11.481081
v 38.507103 17.065701 11.530453
v -3.369820 17.055214 12.005598
v -36.169853 17.199795 11.455946
v -38.143520 17.136272 10.501298
v -36.990761 17.444342 10.302312
v -37.898651 17.438189 -38.018173
v -38.117813 17.238234 -71.206787
v -38.002876 17.128027 -73.133133
v -38.408691 15.919714 -74.367447
v -38.395515 13.831061 -74.619537
v -39.089127 13.688075 -73.156052
v -39.021194 10.888824 -73.093018
v -38.248993 10.775754 -74.606094
v -38.083214 8.518579 -74.344528
v -38.852348 8.092061 -73.117935
v -3.384018 17.602573 10.695973
v -36.740105 17.679873 -38.027637
v -37.014923 17.524828 -71.315903
v -36.586311 17.046446 -73.359573
v -36.802261 15.892588 -74.235672
v -36.835739 13.382945 -74.602600
v -36.686325 10.671926 -74.704483
v -36.517059 8.515417 -74.453644
v 38.808777 17.410166 10.331483
v -5.276974 17.938494 -36.810509
v -5.673800 17.763273 -71.145523
v -5.708176 16.593945 -74.034637
v -5.820274 14.249460 -74.803635
v -5.657858 11.054702 -75.141663
v -5.857389 8.296652 -74.133789
v 36.923042 10.712356 -74.663132
v 36.822403 13.532258 -74.816086
v 36.788277 8.165547 -74.085464
v 39.558075 14.108441 -75.385300
v 38.716354 11.233237 -75.006409
v 39.321182 8.329782 -74.149231
v 39.629822 11.239913 -74.732147
v 39.761101 8.258738 -73.487350
v 39.905830 14.124061 -74.926697
v 39.489082 15.854399 -74.344528
v 40.538567 16.452902 -73.478638
v 41.087837 14.835283 -73.532196
v 39.905830 14.124061 -74.926697
v 40.337784 11.220432 -73.622879
v 39.629822 11.239913 -74.732147
v 40.462585 8.238411 -72.587830
v 39.761101 8.258738 -73.487350
v 39.219048 17.539202 -37.093491
v 39.866974 17.079700 9.885657
v 41.294098 15.495314 -71.753830
v 40.519630 16.628744 -71.417297
v 40.297173 16.955845 -37.306725
v 40.523865 16.405148 10.176240
v 39.310471 17.384682 -71.245895
v 36.906853 15.922529 -74.154465
v 38.896202 17.025820 -73.043198
v -5.847925 17.521715 -72.656342
v 41.002647 14.545000 10.506354
v 40.984215 15.590345 -37.652485
v 41.340187 12.001827 -71.408325
v 40.892548 8.522740 -70.972641
v 41.420151 14.141473 -37.639530
v 41.204170 11.989472 10.298526
v 40.761757 8.149754 9.443270
v 40.503937 8.058980 -37.328148
v -37.546837 6.377162 -69.511887
v -37.323788 6.110168 -71.639496
v -37.305450 6.041905 -37.192387
v -37.383026 6.157054 8.569781
v -36.747780 5.726761 9.970228
v -36.148109 5.906103 10.767517
v -35.066216 6.181362 10.991065
v -36.148109 5.906103 10.767517
v -3.030039 6.103182 10.664138
v 37.328339 6.058961 10.735656
v 38.365112 5.982214 10.502867
v 39.040688 6.198872 9.626063
v 38.365112 5.982214 10.502867
v -36.583321 6.520793 -72.820496
v -37.323788 6.110168 -71.639496
v -35.075508 6.517759 -72.925125
v -5.558214 6.307140 -72.617477
v 35.498650 6.180923 -72.570892
v 37.937149 6.339041 -72.632187
v 38.360626 6.270631 -71.994965
v 39.036209 6.251074 -71.128830
v 38.360626 6.270631 -71.994965
v 39.449974 6.524802 -69.573914
v 39.324173 6.165725 7.845728
v 39.075813 6.078327 -37.183167
v 80.978653 -6.471340 -74.824310
v 58.390228 -6.471340 -74.824310
v 58.390228 -3.276557 -74.824310
v 80.978653 -3.276557 -74.824310
v 57.829239 -6.471340 -74.763275
v 57.829239 -3.276557 -74.763275
v 57.313843 -6.471340 -74.588913
v 57.313843 -3.276557 -74.588913
v 56.858978 -3.276557 -74.315384
v 56.858978 -6.471340 -74.315384
v 56.479584 -6.471340 -73.956680
v 56.479584 -3.276557 -73.956680
v 56.190376 -6.471340 -73.526962
v 56.190376 -3.276557 -73.526962
v 56.006042 -6.471340 -73.039719
v 56.006042 -3.276557 -73.039719
v 55.941269 -6.471340 -72.509369
v 55.941269 -3.276557 -72.509125
v 55.941269 -6.471340 -49.752060
v 55.941269 -3.276557 -49.752060
v 56.006042 -6.471340 -49.221710
v 56.006042 -3.276557 -49.221710
v 56.190376 -6.471340 -48.734459
v 56.190376 -3.276557 -48.734459
v 56.479584 -6.471340 -48.304749
v 56.479584 -3.276557 -48.304749
v 56.858978 -6.471340 -47.946037
v 56.858978 -3.276557 -47.946037
v 57.313843 -6.471340 -47.672516
v 57.313843 -3.276557 -47.672516
v 57.829239 -3.276557 -47.498146
v 57.829239 -6.471340 -47.498146
v 58.390228 -6.471340 -47.437111
v 58.390228 -3.276557 -47.437111
v 80.978653 -6.471340 -47.437111
v 80.978653 -3.276557 -47.437111
v 81.539886 -6.471340 -47.498146
v 81.539886 -3.276557 -47.498146
v 82.055283 -6.471340 -47.672516
v 82.055283 -3.276557 -47.672516
v 82.509903 -6.471340 -47.946037
v 82.509903 -3.276557 -47.946037
v 82.889290 -6.471340 -48.304749
v 82.889290 -3.276557 -48.304749
v 83.178749 -6.471340 -48.734459
v 83.178749 -3.276557 -48.734459
v 83.363091 -6.471340 -49.221710
v 83.363091 -3.276557 -49.221710
v 83.427856 -6.471340 -49.752060
v 83.427856 -3.276557 -49.752060
v 83.427856 -6.471340 -72.509125
v 83.427856 -3.276557 -72.509125
v 83.427856 -3.276557 -49.752060
v 83.427856 -6.471340 -49.752060
v 83.363091 -6.471340 -73.039719
v 83.363091 -3.276557 -73.039719
v 83.178749 -6.471340 -73.526962
v 83.178749 -3.276557 -73.526962
v 82.889290 -3.276557 -73.956680
v 82.889290 -6.471340 -73.956680
v 82.509903 -3.276557 -74.315384
v 82.509903 -6.471340 -74.315384
v 82.055283 -6.471340 -74.588913
v 82.055283 -3.276557 -74.588913
v 81.539886 -3.276557 -74.763275
v 81.539886 -6.471340 -74.763275
v 65.761520 29.538782 -71.191589
v 65.653160 29.138018 -73.407654
v 63.928352 29.158396 -72.983170
v 64.831108 29.558710 -70.952713
v 65.539566 27.763527 -75.695679
v 63.002426 27.779942 -75.063950
v 65.439423 25.303135 -77.680801
v 62.198814 25.309162 -76.869720
v 62.002762 23.512737 -77.309891
v 65.414520 23.517517 -78.164078
v 65.436440 22.141632 -77.721405
v 62.182365 22.127285 -76.906342
v 65.489998 21.511642 -76.511993
v 62.671867 21.496696 -75.804291
v 65.567719 21.485439 -72.498154
v 64.269135 21.496426 -72.163849
v 62.210022 29.158396 -71.734909
v 63.862091 29.558687 -70.248734
v 60.517342 27.779942 -73.258438
v 59.048119 25.309162 -74.580933
v 58.690155 23.512737 -74.903275
v 59.018471 22.127308 -74.607590
v 59.915504 21.496696 -73.801483
v 62.884102 21.496426 -71.157471
v 61.273384 29.138071 -70.225571
v 63.347687 29.538755 -69.437653
v 59.132568 27.763626 -71.040894
v 57.275482 25.303185 -71.749344
v 56.823357 23.517517 -71.922470
v 57.237625 22.141655 -71.764786
v 58.371544 21.511692 -71.339813
v 62.164688 21.485439 -70.025787
v 63.151390 29.538782 -68.833557
v 61.010078 29.138018 -69.415466
v 60.880791 29.158396 -67.643829
v 63.090858 29.558710 -67.875000
v 58.799019 27.763527 -70.014328
v 58.615921 27.779942 -67.406433
v 56.649979 25.309162 -67.199921
v 56.880150 25.303135 -70.532455
v 56.412575 23.517517 -70.658264
v 56.170952 23.512737 -67.149612
v 56.840546 22.141632 -70.542435
v 56.610374 22.127308 -67.195694
v 58.007599 21.511642 -70.219589
v 57.809570 21.496696 -67.320740
v 61.848816 21.485439 -69.053268
v 61.765617 21.496426 -67.714828
v 61.537186 29.158396 -65.624084
v 63.461029 29.558710 -66.736099
v 59.565018 27.779942 -64.484924
v 57.853409 25.309162 -63.496220
v 57.436150 23.512737 -63.255581
v 57.818779 22.127308 -63.476299
v 58.862534 21.496696 -64.080124
v 62.294716 21.496426 -66.086670
v 62.683067 29.138071 -64.266708
v 64.073334 29.538755 -65.996002
v 61.246231 27.763626 -62.482609
v 59.998459 25.303185 -60.935413
v 59.694054 23.517517 -60.559017
v 59.972298 22.141655 -60.904278
v 60.726593 21.511692 -61.851124
v 63.148651 21.485439 -65.052643
v 64.587242 29.538782 -65.622589
v 63.372101 29.138018 -63.766003
v 65.017197 29.158396 -63.095661
v 65.480278 29.558710 -65.268860
v 62.119347 27.763527 -61.848141
v 64.543144 27.779919 -60.868160
v 64.131874 25.309162 -58.934597
v 61.033493 25.303135 -60.183361
v 60.769440 23.517517 -59.777569
v 64.031982 23.512737 -58.463291
v 61.011826 22.141632 -60.148739
v 64.123650 22.127285 -58.895741
v 61.679672 21.511642 -61.158863
v 64.375496 21.496696 -60.074757
v 63.975929 21.485439 -64.451797
v 65.222954 21.496426 -63.959064
v 67.140823 29.158396 -63.095661
v 66.677979 29.558687 -65.268860
v 67.615120 27.779942 -60.868160
v 68.026146 25.309162 -58.934597
v 68.126282 23.512737 -58.463291
v 68.034607 22.127308 -58.895741
v 67.782768 21.496696 -60.074757
v 66.935059 21.496426 -63.959064
v 68.785919 29.138071 -63.766003
v 67.571030 29.538755 -65.622589
v 70.038673 27.763626 -61.848141
v 71.124527 25.303158 -60.183361
v 71.388573 23.517517 -59.777569
v 71.146194 22.141655 -60.148739
v 70.478592 21.511692 -61.158863
v 68.182327 21.485439 -64.451797
v 70.621078 29.158396 -65.624084
v 68.697235 29.558710 -66.736099
v 68.084930 29.538782 -65.996002
v 69.474937 29.138018 -64.266708
v 72.593002 27.779919 -64.484924
v 70.911781 27.763527 -62.482609
v 72.159805 25.303135 -60.935413
v 74.304855 25.309162 -63.496220
v 74.722107 23.512737 -63.255581
v 72.463966 23.517517 -60.559017
v 72.185959 22.141632 -60.904278
v 74.339226 22.127285 -63.476299
v 71.431664 21.511642 -61.851376
v 73.295723 21.496696 -64.080124
v 69.009605 21.485439 -65.052643
v 69.863548 21.496426 -66.086670
v 71.277473 29.158396 -67.643829
v 69.067154 29.558687 -67.875000
v 73.542343 27.779942 -67.406433
v 75.508278 25.309162 -67.199921
v 75.987320 23.512737 -67.149612
v 75.547897 22.127308 -67.195694
v 74.348701 21.496696 -67.320740
v 70.392647 21.496426 -67.714828
v 71.147942 29.138071 -69.415466
v 69.006866 29.538755 -68.833817
v 73.359001 27.763626 -70.014328
v 75.278107 25.303158 -70.532455
v 75.745430 23.517517 -70.658264
v 75.317474 22.141655 -70.542435
v 74.150658 21.511692 -70.219589
v 70.309441 21.485439 -69.053268
v 68.810570 29.538782 -69.437653
v 70.884880 29.138018 -70.225571
v 69.947990 29.158396 -71.734909
v 68.295921 29.558710 -70.248734
v 73.025696 27.763527 -71.040634
v 71.640915 27.779919 -73.258438
v 74.882530 25.303135 -71.749344
v 73.109894 25.309162 -74.580933
v 75.334656 23.517517 -71.922470
v 73.467857 23.512737 -74.903275
v 74.920395 22.141632 -71.764786
v 73.139534 22.127285 -74.607590
v 73.786713 21.511642 -71.340073
v 72.242752 21.496696 -73.801727
v 69.993332 21.485439 -70.025787
v 69.274162 21.496426 -71.157471
v 68.229912 29.158396 -72.983170
v 67.327156 29.558687 -70.952713
v 69.155586 27.779942 -75.063950
v 69.959450 25.309162 -76.869720
v 70.155502 23.512737 -77.309891
v 69.975639 22.127308 -76.906342
v 69.486404 21.496696 -75.804291
v 67.888885 21.496426 -72.163849
v 66.396744 29.538755 -71.191589
v 66.505104 29.138071 -73.407654
v 66.618698 27.763626 -75.695679
v 66.718834 25.303185 -77.680801
v 66.743744 23.517517 -78.164078
v 66.721573 22.141655 -77.721405
v 66.668022 21.511692 -76.511993
v 66.590302 21.485439 -72.498154
v 65.971519 29.484053 -71.166946
v 66.079132 29.447783 -71.132568
v 66.079132 29.057386 -73.219070
v 65.976250 29.089346 -73.315231
v 65.979240 27.732113 -75.588806
v 66.078888 27.711861 -75.466507
v 65.980988 25.300442 -77.562485
v 66.078888 25.299248 -77.418503
v 66.079132 23.541012 -77.895294
v 65.981232 23.531620 -78.044006
v 66.079132 22.181713 -77.454361
v 65.980492 22.166096 -77.600601
v 65.974258 21.546444 -76.397415
v 66.079132 21.569286 -76.264145
v 66.079132 21.428020 -72.408234
v 65.888313 21.451012 -72.459045
v 61.261673 29.089396 -69.889771
v 61.320961 29.057386 -69.762222
v 63.305588 29.447783 -69.117538
v 63.306084 29.484053 -69.230637
v 59.098190 27.732166 -70.589508
v 59.183632 27.711861 -70.456741
v 57.220680 25.300468 -71.197586
v 57.327293 25.299248 -71.059814
v 56.762573 23.531620 -71.346542
v 56.873680 23.541012 -71.207291
v 57.184563 22.166145 -71.210022
v 57.293167 22.181713 -71.071030
v 58.330688 21.546467 -70.844101
v 58.425354 21.569286 -70.703094
v 62.102905 21.451035 -69.708923
v 62.092445 21.428020 -69.511627
v 62.998688 29.089396 -64.151627
v 63.138435 29.057386 -64.168808
v 64.365036 29.447783 -65.856995
v 64.257668 29.484053 -65.892624
v 61.664978 27.732166 -62.310482
v 61.817673 27.711861 -62.350582
v 60.506134 25.300468 -60.712719
v 60.670296 25.299248 -60.771503
v 60.223152 23.531620 -60.323116
v 60.389801 23.541012 -60.385883
v 60.483467 22.166119 -60.682323
v 60.649124 22.181713 -60.742603
v 61.185699 21.546467 -61.659069
v 61.348862 21.569286 -61.705654
v 63.430885 21.451012 -64.895950
v 63.615227 21.428020 -64.824951
v 67.793228 29.447783 -65.856995
v 67.726219 29.484053 -65.765823
v 68.992920 29.089396 -64.030807
v 69.019821 29.057386 -64.169052
v 70.331863 27.732166 -62.193150
v 70.340828 27.711861 -62.350834
v 71.493195 25.300468 -60.597378
v 71.487961 25.299248 -60.771755
v 71.776428 23.531620 -60.208019
v 71.768211 23.541012 -60.385883
v 71.515121 22.166119 -60.566242
v 71.508888 22.181686 -60.742603
v 70.803169 21.546467 -61.536007
v 70.809402 21.569263 -61.705654
v 68.418732 21.451012 -64.671753
v 68.543037 21.428020 -64.824951
v 70.837051 29.057386 -69.762222
v 68.852676 29.447783 -69.117294
v 68.918686 29.484053 -69.025620
v 70.960114 29.089396 -69.693970
v 73.121597 27.732166 -70.399689
v 72.974380 27.711861 -70.456985
v 74.998116 25.300468 -71.011246
v 74.830711 25.299248 -71.060074
v 75.455971 23.531620 -71.159958
v 75.284340 23.541012 -71.207291
v 75.034485 22.166119 -71.022461
v 74.864838 22.181686 -71.070786
v 73.892082 21.546467 -70.644806
v 73.732910 21.569286 -70.703094
v 70.173187 21.451012 -69.345978
v 70.065819 21.428020 -69.511627
v 66.182014 29.089396 -73.315231
v 66.186745 29.484053 -71.166946
v 66.079132 29.057386 -73.219070
v 66.079132 29.447783 -71.132568
v 66.178772 27.732166 -75.588806
v 66.078888 27.711861 -75.466507
v 66.177032 25.300468 -77.562485
v 66.078888 25.299248 -77.418503
v 66.177032 23.531620 -78.044006
v 66.079132 23.541012 -77.895294
v 66.177780 22.166119 -77.600601
v 66.079132 22.181713 -77.454361
v 66.183754 21.546467 -76.397415
v 66.079132 21.569286 -76.264145
v 66.269951 21.451012 -72.459045
v 66.079132 21.428020 -72.408234
v 61.197906 29.089346 -69.693970
v 63.239571 29.484053 -69.025620
v 63.305588 29.447783 -69.117538
v 61.320961 29.057386 -69.762222
v 59.183632 27.711861 -70.456741
v 59.036659 27.732113 -70.399445
v 57.160149 25.300442 -71.010986
v 57.327293 25.299248 -71.059814
v 56.873680 23.541012 -71.207291
v 56.702042 23.531620 -71.159958
v 57.293167 22.181713 -71.071030
v 57.123779 22.166119 -71.022461
v 58.425354 21.569286 -70.703094
v 58.265923 21.546444 -70.644806
v 62.092445 21.428020 -69.511627
v 61.984825 21.451035 -69.345978
v 63.165344 29.089346 -64.030807
v 64.431801 29.484053 -65.765823
v 64.365036 29.447783 -65.856995
v 63.138435 29.057386 -64.168808
v 61.817673 27.711861 -62.350582
v 61.826401 27.732113 -62.193150
v 60.670296 25.299248 -60.771503
v 60.664810 25.300442 -60.597378
v 60.389801 23.541012 -60.385883
v 60.381836 23.531620 -60.208019
v 60.649124 22.181713 -60.742603
v 60.642899 22.166096 -60.566486
v 61.348862 21.569286 -61.705654
v 61.355087 21.546444 -61.536007
v 63.739532 21.451012 -64.671753
v 63.615227 21.428020 -64.824951
v 67.900589 29.484053 -65.892624
v 69.159325 29.089346 -64.151627
v 69.019821 29.057386 -64.169052
v 67.793228 29.447783 -65.856995
v 70.340828 27.711861 -62.350834
v 70.493286 27.732113 -62.310482
v 71.487961 25.299248 -60.771755
v 71.652130 25.300442 -60.712719
v 71.934860 23.531620 -60.323116
v 71.768211 23.541012 -60.385883
v 71.508888 22.181686 -60.742603
v 71.674789 22.166096 -60.682072
v 70.972565 21.546444 -61.659069
v 70.809402 21.569263 -61.705654
v 68.543037 21.428020 -64.824951
v 68.727371 21.451012 -64.895950
v 68.851921 29.484053 -69.230392
v 70.896584 29.089346 -69.889771
v 70.837051 29.057386 -69.762222
v 68.852676 29.447783 -69.117294
v 72.974380 27.711861 -70.456985
v 73.059822 27.732113 -70.589508
v 74.937584 25.300442 -71.197830
v 74.830711 25.299248 -71.060074
v 75.284340 23.541012 -71.207291
v 75.395439 23.531620 -71.346542
v 74.864838 22.181686 -71.070786
v 74.973709 22.166096 -71.209778
v 73.732910 21.569286 -70.703094
v 73.827568 21.546444 -70.844101
v 70.065819 21.428020 -69.511627
v 70.055359 21.451012 -69.708923
v -68.737427 8.923402 -69.434402
v -68.737427 17.275324 -69.434402
v -68.574509 17.277617 -69.390808
v -68.574509 8.923402 -69.390808
v -68.455437 8.923402 -69.271744
v -68.455437 17.283918 -69.271744
v -68.411842 17.292513 -69.109070
v -68.411842 8.923402 -69.109070
v -68.455437 8.923402 -68.946411
v -68.455437 17.301130 -68.946411
v -68.574509 17.307409 -68.827332
v -68.574509 8.923402 -68.827332
v -68.737427 17.309725 -68.783737
v -68.737427 8.923402 -68.783737
v -68.900093 8.923402 -68.827332
v -68.737427 8.923402 -68.783737
v -68.737427 17.309725 -68.783737
v -68.900093 17.307409 -68.827332
v -69.019165 17.301130 -68.946411
v -69.019165 8.923402 -68.946411
v -69.062759 17.292513 -69.109070
v -69.062759 8.923402 -69.109070
v -69.019165 8.923402 -69.271744
v -69.019165 17.283918 -69.271744
v -68.900093 17.277617 -69.390808
v -68.900093 8.923402 -69.390808
v -68.574509 18.191160 -69.487717
v -68.737427 18.182642 -69.530563
v -68.455437 18.214502 -69.370392
v -68.411842 18.246363 -69.210205
v -68.455437 18.278223 -69.050034
v -68.574509 18.301538 -68.932709
v -68.737427 18.310061 -68.889862
v -68.900093 18.301538 -68.932709
v -68.737427 18.310061 -68.889862
v -69.019165 18.278223 -69.050034
v -69.062759 18.246363 -69.210205
v -69.019165 18.214502 -69.370392
v -68.900093 18.191160 -69.487717
v -68.737427 19.094219 -69.799591
v -68.574509 19.110834 -69.758987
v -68.455437 19.156221 -69.648392
v -68.411842 19.218225 -69.496933
v -68.455437 19.280252 -69.345718
v -68.574509 19.325640 -69.234863
v -68.737427 19.342230 -69.194519
v -68.737427 19.342230 -69.194519
v -68.900093 19.325640 -69.234863
v -69.019165 19.280252 -69.345718
v -69.062759 19.218225 -69.496933
v -69.019165 19.156221 -69.648392
v -68.900093 19.110834 -69.758987
v -68.574509 19.974310 -70.220581
v -68.737427 19.949102 -70.256454
v -68.455437 20.043140 -70.122437
v -68.411842 20.137203 -69.988174
v -68.455437 20.231239 -69.853897
v -68.574509 20.300093 -69.755753
v -68.737427 20.325302 -69.719879
v -68.737427 20.325302 -69.719879
v -68.900093 20.300093 -69.755753
v -69.019165 20.231239 -69.853897
v -69.062759 20.137203 -69.988174
v -69.019165 20.043140 -70.122437
v -68.900093 19.974310 -70.220581
v -68.737427 20.681026 -70.913849
v -68.574509 20.714680 -70.885452
v -68.455437 20.806650 -70.808228
v -68.411842 20.932297 -70.702347
v -68.455437 21.057949 -70.596481
v -68.574509 21.149918 -70.519012
v -68.737427 21.183571 -70.490616
v -68.737427 21.183571 -70.490616
v -68.900093 21.149918 -70.519012
v -69.019165 21.057949 -70.596481
v -69.062759 20.932297 -70.702347
v -69.019165 20.806650 -70.808228
v -68.900093 20.714680 -70.885452
v -68.737427 21.231598 -71.790451
v -68.574509 21.271904 -71.772766
v -68.455437 21.382084 -71.724182
v -68.411842 21.532570 -71.657928
v -68.455437 21.683079 -71.591660
v -68.574509 21.793232 -71.543335
v -68.737427 21.833565 -71.525391
v -68.737427 21.833565 -71.525391
v -68.900093 21.793232 -71.543335
v -69.019165 21.683079 -71.591660
v -69.062759 21.532570 -71.657928
v -69.019165 21.382084 -71.724182
v -68.900093 21.271904 -71.772766
v -68.574509 21.585255 -72.911682
v -68.737427 21.541660 -72.917404
v -68.455437 21.704376 -72.895737
v -68.411842 21.867092 -72.873810
v -68.455437 22.029785 -72.851898
v -68.574509 22.148907 -72.835938
v -68.737427 22.192497 -72.830215
v -68.737427 22.192497 -72.830215
v -68.900093 22.148907 -72.835938
v -69.019165 22.029785 -72.851898
v -69.062759 21.867092 -72.873810
v -69.019165 21.704376 -72.895737
v -68.900093 21.585255 -72.911682
v -68.737427 21.539494 -74.367950
v -68.574509 21.583088 -74.368195
v -68.455437 21.702187 -74.368195
v -68.411842 21.864853 -74.368439
v -68.455437 22.027515 -74.368698
v -68.574509 22.146614 -74.368942
v -68.737427 22.190208 -74.368942
v -68.737427 22.190208 -74.368942
v -68.900093 22.146614 -74.368942
v -69.019165 22.027515 -74.368698
v -69.062759 21.864853 -74.368439
v -69.019165 21.702187 -74.368195
v -68.900093 21.583088 -74.368195
v -69.898010 8.923402 -68.591187
v -69.898010 17.275324 -68.591187
v -69.806091 17.277639 -68.732422
v -69.806091 8.923402 -68.732422
v -69.656128 8.923402 -68.808899
v -69.656128 17.283918 -68.808899
v -69.487984 17.292513 -68.800186
v -69.487984 8.923402 -68.800186
v -69.346741 17.301130 -68.708511
v -69.346741 8.923402 -68.708511
v -69.270264 17.307409 -68.558304
v -69.270264 8.923402 -68.558304
v -69.278984 17.309725 -68.390152
v -69.278984 8.923402 -68.390152
v -69.370651 8.923402 -68.248917
v -69.278984 8.923402 -68.390152
v -69.278984 17.309725 -68.390152
v -69.370651 17.307409 -68.248917
v -69.520866 8.923402 -68.172440
v -69.520866 17.301130 -68.172440
v -69.689011 17.292513 -68.181152
v -69.689011 8.923402 -68.181152
v -69.830254 8.923402 -68.273071
v -69.830254 17.283918 -68.273071
v -69.906731 17.277639 -68.423035
v -69.906731 8.923402 -68.423035
v -69.898262 18.191187 -68.762329
v -69.989433 18.182642 -68.621078
v -69.750046 18.214502 -68.839539
v -69.584137 18.246363 -68.831314
v -69.445137 18.278223 -68.740402
v -69.370407 18.301538 -68.590927
v -69.379868 18.310083 -68.423035
v -69.471046 18.301538 -68.281555
v -69.379868 18.310083 -68.423035
v -69.619263 18.278223 -68.204575
v -69.785164 18.246363 -68.212540
v -69.924164 18.214502 -68.303467
v -69.998901 18.191187 -68.452927
v -70.245262 19.094219 -68.704025
v -70.156334 19.110834 -68.846268
v -70.014343 19.156221 -68.925232
v -69.856911 19.218225 -68.920013
v -69.726372 19.280252 -68.831818
v -69.657875 19.325640 -68.684341
v -69.669579 19.342253 -68.516953
v -69.669579 19.342253 -68.516953
v -69.758514 19.325640 -68.374954
v -69.900505 19.280252 -68.295746
v -70.057938 19.218225 -68.301224
v -70.188469 19.156221 -68.389404
v -70.256973 19.110834 -68.536880
v -70.679703 19.949102 -68.845276
v -70.595261 19.974310 -68.988754
v -70.464973 20.043165 -69.071701
v -70.323982 20.137203 -69.071701
v -70.209892 20.231239 -68.988754
v -70.153343 20.300093 -68.845276
v -70.169289 20.325302 -68.679367
v -70.169289 20.325302 -68.679367
v -70.253731 20.300093 -68.535889
v -70.384018 20.231239 -68.452927
v -70.525009 20.137203 -68.452927
v -70.639351 20.043165 -68.535889
v -70.695892 19.974310 -68.679367
v -71.304962 20.681026 -69.048538
v -71.227737 20.714680 -69.194275
v -71.117134 20.806650 -69.283691
v -71.003044 20.932297 -69.292419
v -70.915855 21.057949 -69.218185
v -70.879234 21.149918 -69.081177
v -70.902405 21.183598 -68.917511
v -70.902405 21.183598 -68.917511
v -70.979630 21.149918 -68.771790
v -71.090225 21.057949 -68.682358
v -71.204323 20.932297 -68.673630
v -71.291260 20.806650 -68.747864
v -71.328377 20.714680 -68.884872
v -72.071457 21.271931 -69.468536
v -72.138466 21.231598 -69.319321
v -71.988503 21.382084 -69.566681
v -71.912033 21.532570 -69.587860
v -71.862457 21.683079 -69.525833
v -71.853241 21.793232 -69.397537
v -71.886627 21.833565 -69.237366
v -71.953629 21.793232 -69.088150
v -71.886627 21.833565 -69.237366
v -72.036583 21.683079 -68.990005
v -72.113060 21.532570 -68.968826
v -72.162628 21.382084 -69.030853
v -72.172096 21.271931 -69.159149
v -73.210617 21.541660 -69.667572
v -73.154572 21.585255 -69.820526
v -73.102760 21.704376 -69.928879
v -73.068382 21.867092 -69.963501
v -73.061157 22.029785 -69.915176
v -73.082581 22.148907 -69.797104
v -73.127419 22.192497 -69.640671
v -73.127419 22.192497 -69.640671
v -73.183220 22.148907 -69.487717
v -73.235283 22.029785 -69.379349
v -73.269409 21.867092 -69.344727
v -73.276878 21.704376 -69.392807
v -73.255211 21.585255 -69.511124
v -74.539848 21.583088 -70.270660
v -74.589920 21.539494 -70.115707
v -74.503227 21.702187 -70.383743
v -74.490028 21.864853 -70.425354
v -74.503723 22.027542 -70.384003
v -74.540596 22.146614 -70.270905
v -74.590912 22.190208 -70.116211
v -74.590912 22.190208 -70.116211
v -74.641235 22.146614 -69.961258
v -74.677849 22.027542 -69.848175
v -74.691055 21.864853 -69.806580
v -74.677353 21.702187 -69.847931
v -74.640236 21.583088 -69.961014
v -67.567871 17.277639 -68.423035
v -67.567871 8.923402 -68.423035
v -67.576591 8.923402 -68.591187
v -67.576591 17.275324 -68.591187
v -67.644348 17.283918 -68.273071
v -67.644348 8.923402 -68.273071
v -67.785591 17.292513 -68.181152
v -67.785591 8.923402 -68.181152
v -67.953743 17.301130 -68.172440
v -67.953743 8.923402 -68.172440
v -68.103951 17.307409 -68.248917
v -68.103951 8.923402 -68.248917
v -68.195618 17.309725 -68.390152
v -68.195618 8.923402 -68.390152
v -68.204338 17.307409 -68.558304
v -68.204338 8.923402 -68.558304
v -68.127869 17.301130 -68.708511
v -68.127869 8.923402 -68.708511
v -67.986618 17.292513 -68.800186
v -67.986618 8.923402 -68.800186
v -68.127869 8.923402 -68.708511
v -68.127869 17.301130 -68.708511
v -67.818474 8.923402 -68.808899
v -67.818474 17.283918 -68.808899
v -67.668510 17.277639 -68.732422
v -67.668510 8.923402 -68.732422
v -67.485168 18.182642 -68.620834
v -67.475708 18.191160 -68.452927
v -67.550438 18.214502 -68.303467
v -67.689438 18.246363 -68.212540
v -67.855347 18.278223 -68.204575
v -68.003563 18.301538 -68.281555
v -68.094734 18.310061 -68.423035
v -68.104202 18.301538 -68.590927
v -68.029465 18.278223 -68.740402
v -68.029465 18.278223 -68.740402
v -67.890465 18.246363 -68.831314
v -67.724564 18.214502 -68.839539
v -67.576347 18.191160 -68.762329
v -67.229340 19.094219 -68.704025
v -67.217628 19.110834 -68.536880
v -67.286133 19.156221 -68.389404
v -67.416664 19.218225 -68.301224
v -67.574104 19.280252 -68.295746
v -67.716095 19.325640 -68.374954
v -67.805023 19.342230 -68.516953
v -67.816734 19.325640 -68.684341
v -67.748230 19.280252 -68.831818
v -67.748230 19.280252 -68.831818
v -67.617699 19.218225 -68.920013
v -67.460258 19.156221 -68.925232
v -67.318268 19.110834 -68.846268
v -66.794899 19.949102 -68.845276
v -66.778709 19.974310 -68.679367
v -66.835503 20.043140 -68.535889
v -66.949593 20.137203 -68.452927
v -67.090591 20.231239 -68.452927
v -67.220871 20.300093 -68.535889
v -67.305313 20.325302 -68.679367
v -67.321259 20.300093 -68.845276
v -67.264717 20.231239 -68.988754
v -67.264717 20.231239 -68.988754
v -67.150620 20.137203 -69.071701
v -67.009628 20.043140 -69.071701
v -66.879349 19.974310 -68.988754
v -66.169647 20.681026 -69.048294
v -66.146225 20.714680 -68.884872
v -66.183098 20.806650 -68.747620
v -66.270279 20.932297 -68.673630
v -66.384377 21.057949 -68.682358
v -66.494972 21.149918 -68.771790
v -66.572197 21.183571 -68.917511
v -66.595612 21.149918 -69.081177
v -66.558495 21.057949 -69.218185
v -66.558495 21.057949 -69.218185
v -66.471558 20.932297 -69.292419
v -66.357468 20.806650 -69.283691
v -66.246864 20.714680 -69.194275
v -65.302757 21.271904 -69.159149
v -65.336136 21.231598 -69.319321
v -65.311974 21.382084 -69.030853
v -65.361542 21.532570 -68.968826
v -65.438019 21.683079 -68.990005
v -65.520973 21.793232 -69.088150
v -65.587982 21.833565 -69.237366
v -65.621361 21.793232 -69.397537
v -65.612144 21.683079 -69.525833
v -65.562576 21.532570 -69.587860
v -65.612144 21.683079 -69.525833
v -65.486099 21.382084 -69.566681
v -65.403145 21.271904 -69.468536
v -64.263985 21.541660 -69.667572
v -64.219391 21.585255 -69.511124
v -64.197723 21.704376 -69.392807
v -64.205193 21.867092 -69.344727
v -64.239326 22.029785 -69.379349
v -64.291382 22.148907 -69.487717
v -64.347183 22.192497 -69.640671
v -64.392021 22.148907 -69.797104
v -64.413452 22.029785 -69.915176
v -64.413452 22.029785 -69.915176
v -64.406219 21.867092 -69.963501
v -64.371841 21.704376 -69.928879
v -64.320030 21.585255 -69.820526
v -62.884682 21.539494 -70.115707
v -62.834366 21.583088 -69.961014
v -62.797249 21.702187 -69.847931
v -62.783546 21.864853 -69.806580
v -62.796753 22.027542 -69.847931
v -62.833366 22.146614 -69.961258
v -62.883690 22.190208 -70.116211
v -62.934006 22.146614 -70.270905
v -62.970871 22.027542 -70.384003
v -62.970871 22.027542 -70.384003
v -62.984573 21.864853 -70.425354
v -62.971375 21.702187 -70.383743
v -62.934753 21.583088 -70.270401
v -68.020004 17.275324 -67.226837
v -68.177185 17.277617 -67.166550
v -68.177185 8.923402 -67.166550
v -68.020004 8.923402 -67.226837
v -68.343590 17.283918 -67.192947
v -68.343590 8.923402 -67.192947
v -68.474373 17.292513 -67.298813
v -68.474373 8.923402 -67.298813
v -68.534904 17.301130 -67.456009
v -68.534904 8.923402 -67.456009
v -68.508499 17.307409 -67.622421
v -68.508499 8.923402 -67.622421
v -68.402382 17.309725 -67.753189
v -68.402382 8.923402 -67.753189
v -68.245193 17.307409 -67.813721
v -68.245193 8.923402 -67.813721
v -68.078789 8.923402 -67.787323
v -68.078789 17.301130 -67.787323
v -68.078789 8.923402 -67.787323
v -68.078789 17.301130 -67.787323
v -67.948006 17.292513 -67.681198
v -67.948006 8.923402 -67.681198
v -67.887726 17.283918 -67.524017
v -67.887726 8.923402 -67.524017
v -67.914131 17.277617 -67.357864
v -67.913879 8.923402 -67.357864
v -67.963455 18.182642 -67.149109
v -68.120392 18.191160 -67.088074
v -68.285553 18.214502 -67.112991
v -68.415085 18.246363 -67.217117
v -68.473869 18.278200 -67.372314
v -68.446472 18.301538 -67.537216
v -68.340103 18.310061 -67.667496
v -68.183418 18.301538 -67.728287
v -68.018013 18.278223 -67.703613
v -68.018013 18.278223 -67.703613
v -67.888725 18.246363 -67.599487
v -67.829689 18.214502 -67.444305
v -67.857086 18.191160 -67.279388
v -67.805275 19.094219 -66.931396
v -67.960716 19.110834 -66.868622
v -68.122131 19.156221 -66.888306
v -68.246437 19.218225 -66.984955
v -68.299995 19.280228 -67.133163
v -68.268860 19.325640 -67.292587
v -68.160995 19.342230 -67.421143
v -68.005554 19.325640 -67.483902
v -67.844131 19.280228 -67.464218
v -67.844131 19.280228 -67.464218
v -67.720078 19.218225 -67.367569
v -67.666267 19.156221 -67.219360
v -67.697662 19.110834 -67.059937
v -67.536736 19.949102 -66.561722
v -67.689438 19.974310 -66.495209
v -67.843636 20.043140 -66.504669
v -67.957726 20.137203 -66.587616
v -68.001320 20.231239 -66.721893
v -67.962708 20.300093 -66.871353
v -67.852348 20.325302 -66.995911
v -67.699402 20.300093 -67.062668
v -67.545456 20.231239 -67.052948
v -67.545456 20.231239 -67.052948
v -67.431366 20.137203 -66.970001
v -67.387772 20.043140 -66.835983
v -67.426384 19.974310 -66.686523
v -67.150375 20.681026 -66.029877
v -67.298592 20.714680 -65.957397
v -67.440582 20.806650 -65.949921
v -67.537979 20.932297 -66.009949
v -67.564888 21.057949 -66.121048
v -67.514069 21.149918 -66.253815
v -67.399231 21.183571 -66.372391
v -67.251015 21.149918 -66.445129
v -67.109024 21.057949 -66.452362
v -67.011620 20.932297 -66.392334
v -67.109024 21.057949 -66.452362
v -66.984718 20.806650 -66.281219
v -67.035538 20.714680 -66.148453
v -66.777214 21.271904 -65.239471
v -66.635223 21.231573 -65.320923
v -66.902016 21.382084 -65.208832
v -66.976250 21.532570 -65.236725
v -66.979980 21.683079 -65.315933
v -66.911980 21.793232 -65.425293
v -66.790916 21.833565 -65.535156
v -66.648926 21.793232 -65.616364
v -66.524124 21.683079 -65.647247
v -66.449890 21.532570 -65.619354
v -66.524124 21.683079 -65.647247
v -66.446152 21.382084 -65.540131
v -66.513908 21.271904 -65.430786
v -65.972603 21.541660 -64.408951
v -66.107620 21.585255 -64.318024
v -66.213486 21.704376 -64.260971
v -66.261566 21.867092 -64.253006
v -66.239143 22.029785 -64.296356
v -66.152206 22.148907 -64.379303
v -66.024170 22.192497 -64.479691
v -65.888901 22.148907 -64.570618
v -65.783279 22.029785 -64.627655
v -65.783279 22.029785 -64.627655
v -65.735199 21.867092 -64.635635
v -65.757622 21.704376 -64.592285
v -65.844559 21.585255 -64.509338
v -65.120163 21.539494 -63.235409
v -65.251686 21.583088 -63.139751
v -65.347847 21.702187 -63.069752
v -65.382965 21.864853 -63.043842
v -65.347595 22.027515 -63.069256
v -65.251190 22.146614 -63.139248
v -65.119415 22.190208 -63.234661
v -64.987885 22.146614 -63.330318
v -64.891731 22.027515 -63.400562
v -64.891731 22.027515 -63.400562
v -64.856606 21.864853 -63.426472
v -64.891983 21.702187 -63.401066
v -64.988388 21.583088 -63.331066
v -69.454605 8.923402 -67.226837
v -69.454605 17.275324 -67.226837
v -69.560471 17.277617 -67.357864
v -69.560471 8.923402 -67.357864
v -69.586876 17.283918 -67.524017
v -69.586876 8.923402 -67.524017
v -69.526596 8.923402 -67.681198
v -69.526596 17.292513 -67.681198
v -69.395561 17.301130 -67.787323
v -69.395561 8.923402 -67.787323
v -69.229408 8.923402 -67.813721
v -69.229408 17.307409 -67.813721
v -69.071976 17.309725 -67.753189
v -69.071976 8.923402 -67.753189
v -68.966103 17.307409 -67.622421
v -68.966103 8.923402 -67.622421
v -68.966103 8.923402 -67.622421
v -68.966103 17.307409 -67.622421
v -68.939705 17.301130 -67.456009
v -68.939705 8.923402 -67.456009
v -69.000229 8.923402 -67.298813
v -69.000229 17.292513 -67.298813
v -69.131012 17.283918 -67.192947
v -69.131012 8.923402 -67.192947
v -69.297417 17.277617 -67.166550
v -69.297417 8.923402 -67.166550
v -69.511147 18.182642 -67.149109
v -69.617516 18.191160 -67.279388
v -69.644920 18.214502 -67.444305
v -69.585884 18.246363 -67.599487
v -69.456596 18.278223 -67.703613
v -69.291191 18.301538 -67.728287
v -69.134499 18.310061 -67.667496
v -69.028130 18.301538 -67.537216
v -69.028130 18.301538 -67.537216
v -69.000732 18.278223 -67.372314
v -69.059517 18.246363 -67.217117
v -69.189056 18.214502 -67.112991
v -69.354210 18.191160 -67.088074
v -69.776947 19.110834 -67.059937
v -69.669334 19.094219 -66.931396
v -69.808334 19.156221 -67.219360
v -69.754524 19.218225 -67.367569
v -69.630470 19.280252 -67.464218
v -69.468803 19.325640 -67.483902
v -69.313362 19.342230 -67.421143
v -69.205742 19.325640 -67.292587
v -69.205742 19.325640 -67.292587
v -69.174355 19.280252 -67.133163
v -69.228165 19.218225 -66.984955
v -69.352470 19.156221 -66.888306
v -69.513893 19.110834 -66.868622
v -70.048218 19.974310 -66.686523
v -69.937866 19.949102 -66.561722
v -70.086830 20.043140 -66.835983
v -70.043236 20.137203 -66.970245
v -69.929146 20.231239 -67.052948
v -69.774956 20.300093 -67.062668
v -69.622253 20.325302 -66.995911
v -69.511894 20.300093 -66.871353
v -69.511894 20.300093 -66.871353
v -69.473282 20.231239 -66.721893
v -69.516876 20.137203 -66.587616
v -69.630966 20.043140 -66.504669
v -69.785164 19.974310 -66.495209
v -70.324234 20.681026 -66.029877
v -70.439072 20.714680 -66.148453
v -70.489883 20.806650 -66.281219
v -70.462982 20.932297 -66.392334
v -70.365585 21.057949 -66.452362
v -70.223595 21.149918 -66.445129
v -70.075371 21.183571 -66.372391
v -69.960533 21.149918 -66.253815
v -69.960533 21.149918 -66.253815
v -69.909721 21.057949 -66.121048
v -69.936623 20.932297 -66.009949
v -70.034019 20.806650 -65.949921
v -70.176010 20.714680 -65.957397
v -70.960449 21.271904 -65.430786
v -70.839378 21.231598 -65.320923
v -71.028450 21.382084 -65.540131
v -71.024719 21.532570 -65.619354
v -70.950478 21.683079 -65.647247
v -70.825684 21.793232 -65.616364
v -70.683693 21.833565 -65.535156
v -70.562378 21.793232 -65.425293
v -70.562378 21.793232 -65.425293
v -70.494621 21.683079 -65.315933
v -70.498360 21.532570 -65.236725
v -70.572586 21.382084 -65.208832
v -70.697395 21.271904 -65.239471
v -71.501755 21.541660 -64.408951
v -71.630043 21.585255 -64.509338
v -71.716980 21.704376 -64.592285
v -71.739403 21.867092 -64.635635
v -71.691322 22.029785 -64.627655
v -71.585457 22.148907 -64.570618
v -71.450439 22.192497 -64.479691
v -71.322395 22.148907 -64.379303
v -71.322395 22.148907 -64.379303
v -71.235458 22.029785 -64.296356
v -71.213036 21.867092 -64.253006
v -71.261116 21.704376 -64.260971
v -71.366737 21.585255 -64.318024
v -72.486221 21.583088 -63.331066
v -72.354446 21.539494 -63.235409
v -72.582626 21.702187 -63.401066
v -72.617996 21.864853 -63.426472
v -72.582870 22.027515 -63.400562
v -72.486473 22.146614 -63.330318
v -72.354942 22.190208 -63.234661
v -72.223412 22.146614 -63.139248
v -72.223412 22.146614 -63.139248
v -72.127014 22.027515 -63.069256
v -72.091637 21.864853 -63.043842
v -72.126755 21.702187 -63.069752
v -72.222916 21.583088 -63.139751
v -63.413284 8.736822 -68.214035
v -63.413284 8.928160 -68.214035
v -63.734383 8.928160 -66.393066
v -63.734383 8.736822 -66.393066
v -64.658821 8.736822 -64.791824
v -64.658821 8.928160 -64.791824
v -66.075233 8.736822 -63.603336
v -66.075233 8.928160 -63.603336
v -67.812744 8.736822 -62.970860
v -67.812744 8.928160 -62.970860
v -69.661858 8.736822 -62.970860
v -69.661858 8.928160 -62.970860
v -71.399376 8.928160 -63.603336
v -71.399376 8.736822 -63.603336
v -72.815788 8.736822 -64.791824
v -72.815788 8.928160 -64.791824
v -73.740219 8.928160 -66.393066
v -73.740219 8.736822 -66.393066
v -74.061317 8.928160 -68.214035
v -74.061317 8.736822 -68.214035
v -73.740219 8.928160 -70.035004
v -73.740219 8.736822 -70.035004
v -72.815788 8.928160 -71.636505
v -72.815788 8.736822 -71.636505
v -71.399376 8.928160 -72.824982
v -71.399376 8.736822 -72.824982
v -69.661858 8.928160 -73.457214
v -69.661858 8.736822 -73.457214
v -67.812744 8.928160 -73.457214
v -67.812744 8.736822 -73.457214
v -66.075233 8.928160 -72.824982
v -66.075233 8.736822 -72.824982
v -64.658821 8.928160 -71.636505
v -64.658821 8.736822 -71.636505
v -63.734383 8.928160 -70.035004
v -63.734383 8.736822 -70.035004
v -63.734383 8.928160 -66.393066
v -63.413284 8.928160 -68.214035
v -68.737427 8.928160 -68.214035
v -64.658821 8.928160 -64.791824
v -66.075233 8.928160 -63.603336
v -67.812744 8.928160 -62.970860
v -69.661858 8.928160 -62.970860
v -71.399376 8.928160 -63.603336
v -72.815788 8.928160 -64.791824
v -73.740219 8.928160 -66.393066
v -74.061317 8.928160 -68.214035
v -73.740219 8.928160 -70.035004
v -72.815788 8.928160 -71.636505
v -71.399376 8.928160 -72.824982
v -69.661858 8.928160 -73.457214
v -66.075233 8.928160 -72.824982
v -67.812744 8.928160 -73.457214
v -64.658821 8.928160 -71.636505
v -63.734383 8.928160 -70.035004
v -63.413284 8.736822 -68.214035
v -63.734383 8.736822 -66.393066
v -64.953011 8.736822 -66.836731
v -64.710129 8.736822 -68.214035
v -65.652496 8.736822 -65.625580
v -64.658821 8.736822 -64.791824
v -66.075233 8.736822 -63.603336
v -66.723656 8.736822 -64.726547
v -67.812744 8.736822 -62.970860
v -68.037941 8.736822 -64.248276
v -69.661858 8.736822 -62.970860
v -69.436668 8.736822 -64.248276
v -71.399376 8.736822 -63.603336
v -70.750946 8.736822 -64.726547
v -71.822350 8.736822 -65.625580
v -72.815788 8.736822 -64.791824
v -72.521591 8.736822 -66.836731
v -73.740219 8.736822 -66.393066
v -74.061317 8.736822 -68.214035
v -72.764473 8.736822 -68.214035
v -73.740219 8.736822 -70.035004
v -72.521591 8.736822 -69.591339
v -71.822350 8.736822 -70.802750
v -72.815788 8.736822 -71.636505
v -71.399376 8.736822 -72.824982
v -70.750946 8.736822 -71.701767
v -69.661858 8.736822 -73.457214
v -69.436668 8.736822 -72.180054
v -67.812744 8.736822 -73.457214
v -68.037941 8.736822 -72.180054
v -66.075233 8.736822 -72.824982
v -66.723656 8.736822 -71.701767
v -64.658821 8.736822 -71.636505
v -65.652496 8.736822 -70.802750
v -63.734383 8.736822 -70.035004
v -64.953011 8.736822 -69.591339
v -64.710129 8.736822 -68.214035
v -64.953011 8.736822 -66.836731
v -64.953011 8.463827 -66.836731
v -64.710129 8.463827 -68.214035
v -64.953011 8.463827 -66.836731
v -64.953011 8.736822 -66.836731
v -65.652496 8.736822 -65.625580
v -65.652496 8.463827 -65.625580
v -66.723656 8.736822 -64.726547
v -66.723656 8.463827 -64.726547
v -65.652496 8.463827 -65.625580
v -65.652496 8.736822 -65.625580
v -68.037941 8.463827 -64.248276
v -66.723656 8.463827 -64.726547
v -66.723656 8.736822 -64.726547
v -68.037941 8.736822 -64.248276
v -68.037941 8.463827 -64.248276
v -68.037941 8.736822 -64.248276
v -69.436668 8.736822 -64.248276
v -69.436668 8.463827 -64.248276
v -69.436668 8.463827 -64.248276
v -69.436668 8.736822 -64.248276
v -70.750946 8.736822 -64.726547
v -70.750946 8.463827 -64.726547
v -71.822350 8.736822 -65.625580
v -71.822350 8.463827 -65.625580
v -70.750946 8.463827 -64.726547
v -70.750946 8.736822 -64.726547
v -72.521591 8.736822 -66.836731
v -72.521591 8.463827 -66.836731
v -71.822350 8.463827 -65.625580
v -71.822350 8.736822 -65.625580
v -72.521591 8.736822 -66.836731
v -72.764473 8.736822 -68.214035
v -72.764473 8.463827 -68.214035
v -72.521591 8.463827 -66.836731
v -72.521591 8.463827 -69.591339
v -72.764473 8.463827 -68.214035
v -72.764473 8.736822 -68.214035
v -72.521591 8.736822 -69.591339
v -72.521591 8.463827 -69.591339
v -72.521591 8.736822 -69.591339
v -71.822350 8.736822 -70.802750
v -71.822350 8.463827 -70.802750
v -70.750946 8.463827 -71.701767
v -71.822350 8.463827 -70.802750
v -71.822350 8.736822 -70.802750
v -70.750946 8.736822 -71.701767
v -70.750946 8.736822 -71.701767
v -69.436668 8.736822 -72.180054
v -69.436668 8.463827 -72.180054
v -70.750946 8.463827 -71.701767
v -68.037941 8.463827 -72.180054
v -69.436668 8.463827 -72.180054
v -69.436668 8.736822 -72.180054
v -68.037941 8.736822 -72.180054
v -66.723656 8.463827 -71.701767
v -68.037941 8.463827 -72.180054
v -68.037941 8.736822 -72.180054
v -66.723656 8.736822 -71.701767
v -66.723656 8.463827 -71.701767
v -66.723656 8.736822 -71.701767
v -65.652496 8.736822 -70.802750
v -65.652496 8.463827 -70.802750
v -64.953011 8.463827 -69.591339
v -65.652496 8.463827 -70.802750
v -65.652496 8.736822 -70.802750
v -64.953011 8.736822 -69.591339
v -64.710129 8.463827 -68.214035
v -64.953011 8.463827 -69.591339
v -64.953011 8.736822 -69.591339
v -64.710129 8.736822 -68.214035
v -57.052124 9.050272 -51.392418
v -62.871979 9.050272 -55.501167
v -56.813354 9.050272 -64.082870
v -50.993446 9.050272 -59.973866
v -62.871979 9.617809 -55.501167
v -57.052124 9.617809 -51.392418
v -50.993446 9.617809 -59.973866
v -56.813354 9.617809 -64.082870
v -56.789314 9.557102 -63.943363
v -56.789314 9.110953 -63.943363
v -62.732483 9.110953 -55.525085
v -62.732483 9.557102 -55.525085
v -62.732483 9.110953 -55.525085
v -57.020012 9.110953 -51.542870
v -57.020012 9.557102 -51.542870
v -62.732483 9.557102 -55.525085
v -51.124695 9.110953 -59.893406
v -56.789314 9.110953 -63.943363
v -56.789314 9.557102 -63.943363
v -51.124695 9.557102 -59.893406
v -56.813354 9.050272 -64.082870
v -62.871979 9.050272 -55.501167
v -62.871979 9.110953 -55.501167
v -56.813354 9.110953 -64.082870
v -62.871979 9.050272 -55.501167
v -57.052124 9.050272 -51.392418
v -57.101692 9.110953 -51.427292
v -62.871979 9.110953 -55.501167
v -57.052124 9.050272 -51.392418
v -57.052124 9.617809 -51.392418
v -57.101692 9.557102 -51.427292
v -57.101692 9.110953 -51.427292
v -62.871979 9.617809 -55.501167
v -62.871979 9.557102 -55.501167
v -57.101692 9.557102 -51.427292
v -57.052124 9.617809 -51.392418
v -62.871979 9.617809 -55.501167
v -56.813354 9.617809 -64.082870
v -56.813354 9.557102 -64.082870
v -62.871979 9.557102 -55.501167
v -51.043015 9.557102 -60.008984
v -56.813354 9.557102 -64.082870
v -56.813354 9.617809 -64.082870
v -50.993446 9.617809 -59.973866
v -50.993446 9.617809 -59.973866
v -50.993446 9.050272 -59.973866
v -51.043015 9.110953 -60.008984
v -51.043015 9.557102 -60.008984
v -56.813354 9.050272 -64.082870
v -56.813354 9.110953 -64.082870
v -51.043015 9.110953 -60.008984
v -50.993446 9.050272 -59.973866
v -62.732483 9.110953 -55.525085
v -56.789314 9.110953 -63.943363
v -56.813354 9.110953 -64.082870
v -62.871979 9.110953 -55.501167
v -57.101692 9.110953 -51.427292
v -57.020012 9.110953 -51.542870
v -62.732483 9.110953 -55.525085
v -62.871979 9.110953 -55.501167
v -57.101692 9.557102 -51.427292
v -57.020012 9.557102 -51.542870
v -57.020012 9.110953 -51.542870
v -57.101692 9.110953 -51.427292
v -57.101692 9.557102 -51.427292
v -62.871979 9.557102 -55.501167
v -62.732483 9.557102 -55.525085
v -57.020012 9.557102 -51.542870
v -62.732483 9.557102 -55.525085
v -62.871979 9.557102 -55.501167
v -56.813354 9.557102 -64.082870
v -56.789314 9.557102 -63.943363
v -51.043015 9.557102 -60.008984
v -51.124695 9.557102 -59.893406
v -56.789314 9.557102 -63.943363
v -56.813354 9.557102 -64.082870
v -51.124695 9.110953 -59.893406
v -51.124695 9.557102 -59.893406
v -51.043015 9.557102 -60.008984
v -51.043015 9.110953 -60.008984
v -56.789314 9.110953 -63.943363
v -51.124695 9.110953 -59.893406
v -51.043015 9.110953 -60.008984
v -56.813354 9.110953 -64.082870
v -56.165253 8.488762 -50.369843
v -62.694366 8.488762 -53.220352
v -58.491203 8.488762 -62.847805
v -51.962143 8.488762 -59.997280
v -62.694366 9.056299 -53.220352
v -56.165253 9.056299 -50.369843
v -51.962143 9.056299 -59.997280
v -58.491203 9.056299 -62.847805
v -58.439644 8.995618 -62.716022
v -58.439644 8.549469 -62.716022
v -62.562592 8.549469 -53.272163
v -62.562592 8.995618 -53.272163
v -62.562592 8.549469 -53.272163
v -56.164207 8.549469 -50.524033
v -56.164207 8.995618 -50.524033
v -62.562592 8.995618 -53.272163
v -52.074440 8.549469 -59.891911
v -58.439644 8.549469 -62.716022
v -58.439644 8.995618 -62.716022
v -52.074440 8.995618 -59.891911
v -58.491203 8.488762 -62.847805
v -62.694366 8.488762 -53.220352
v -62.694366 8.549469 -53.220352
v -58.491203 8.549469 -62.847805
v -62.694366 8.488762 -53.220352
v -56.165253 8.488762 -50.369843
v -56.220879 8.549469 -50.394249
v -62.694366 8.549469 -53.220352
v -56.165253 8.488762 -50.369843
v -56.165253 9.056299 -50.369843
v -56.220879 8.995618 -50.394249
v -56.220879 8.549469 -50.394249
v -62.694366 9.056299 -53.220352
v -62.694366 8.995618 -53.220352
v -56.220879 8.995618 -50.394249
v -56.165253 9.056299 -50.369843
v -62.694366 9.056299 -53.220352
v -58.491203 9.056299 -62.847805
v -58.491203 8.995618 -62.847805
v -62.694366 8.995618 -53.220352
v -52.017769 8.995618 -60.021694
v -58.491203 8.995618 -62.847805
v -58.491203 9.056299 -62.847805
v -51.962143 9.056299 -59.997280
v -51.962143 9.056299 -59.997280
v -51.962143 8.488762 -59.997280
v -52.017769 8.549469 -60.021694
v -52.017769 8.995618 -60.021694
v -58.491203 8.488762 -62.847805
v -58.491203 8.549469 -62.847805
v -52.017769 8.549469 -60.021694
v -51.962143 8.488762 -59.997280
v -62.562592 8.549469 -53.272163
v -58.439644 8.549469 -62.716022
v -58.491203 8.549469 -62.847805
v -62.694366 8.549469 -53.220352
v -56.220879 8.549469 -50.394249
v -56.164207 8.549469 -50.524033
v -62.562592 8.549469 -53.272163
v -62.694366 8.549469 -53.220352
v -56.220879 8.995618 -50.394249
v -56.164207 8.995618 -50.524033
v -56.164207 8.549469 -50.524033
v -56.220879 8.549469 -50.394249
v -56.220879 8.995618 -50.394249
v -62.694366 8.995618 -53.220352
v -62.562592 8.995618 -53.272163
v -56.164207 8.995618 -50.524033
v -62.562592 8.995618 -53.272163
v -62.694366 8.995618 -53.220352
v -58.491203 8.995618 -62.847805
v -58.439644 8.995618 -62.716022
v -52.017769 8.995618 -60.021694
v -52.074440 8.995618 -59.891911
v -58.439644 8.995618 -62.716022
v -58.491203 8.995618 -62.847805
v -52.074440 8.549469 -59.891911
v -52.074440 8.995618 -59.891911
v -52.017769 8.995618 -60.021694
v -52.017769 8.549469 -60.021694
v -58.439644 8.549469 -62.716022
v -52.074440 8.549469 -59.891911
v -52.017769 8.549469 -60.021694
v -58.491203 8.549469 -62.847805
v -47.594223 8.403992 -78.923340
v -82.481094 8.403992 -78.923340
v -82.481094 8.403992 -43.867676
v -47.594223 8.403992 -43.867676
v -47.510773 8.638450 -43.491280
v -47.583237 8.640492 -43.857216
v -82.492050 8.640492 -43.857216
v -82.879417 8.638450 -43.491280
v -47.583237 8.640492 -43.857216
v -47.510773 8.638450 -43.491280
v -47.510773 8.638450 -79.299744
v -47.583210 8.640492 -78.933563
v -82.492050 8.640492 -78.933563
v -47.583210 8.640492 -78.933563
v -47.510773 8.638450 -79.299744
v -82.879417 8.638450 -79.299744
v -82.879417 8.638450 -79.299744
v -82.879417 8.638450 -43.491280
v -82.492050 8.640492 -43.857216
v -82.492050 8.640492 -78.933563
v -47.594223 8.403992 -43.867676
v -82.481094 8.403992 -43.867676
v -82.492050 8.640492 -43.857216
v -47.583237 8.640492 -43.857216
v -47.583237 8.640492 -43.857216
v -47.583210 8.640492 -78.933563
v -47.594223 8.403992 -78.923340
v -47.594223 8.403992 -43.867676
v -47.594223 8.403992 -78.923340
v -47.583210 8.640492 -78.933563
v -82.492050 8.640492 -78.933563
v -82.481094 8.403992 -78.923340
v -82.481094 8.403992 -43.867676
v -82.481094 8.403992 -78.923340
v -82.492050 8.640492 -78.933563
v -82.492050 8.640492 -43.857216
v -82.880653 -3.276831 -43.491280
v -82.879417 8.638450 -43.491280
v -82.879417 8.638450 -79.299744
v -82.882156 -3.275861 -79.299744
v -47.510773 8.638450 -43.491280
v -47.510696 -3.278949 -79.299744
v -47.510773 8.638450 -79.299744
v -47.509521 -3.276831 -43.491280
v -48.038975 -1.962101 -66.552505
v -60.182632 7.508946 -66.552505
v -60.195587 -1.238847 -66.558487
v -60.195587 -1.962101 -66.552505
v -48.038975 7.508946 -66.552505
v -60.182632 7.508946 -66.552505
v -48.038975 -1.962101 -66.552505
v -48.034439 7.513256 -43.490280
v -47.510773 8.638450 -43.491280
v -82.879417 8.638450 -43.491280
v -82.253159 7.513256 -43.490280
v -82.879417 8.638450 -43.491280
v -82.880653 -3.276831 -43.491280
v -82.253159 -2.785969 -43.490280
v -82.253159 7.513256 -43.490280
v -47.509521 -3.276831 -43.491280
v -48.034439 -2.785969 -43.490280
v -82.253159 -2.785969 -43.490280
v -82.880653 -3.276831 -43.491280
v -48.034439 -2.785969 -43.490280
v -47.509521 -3.276831 -43.491280
v -47.510773 8.638450 -43.491280
v -48.034439 7.513256 -43.490280
v -82.253159 7.513256 -43.490280
v -82.253159 -2.785969 -43.490280
v -82.248428 -2.781659 -44.340233
v -82.248428 -1.962101 -44.340233
v -48.034439 -2.785969 -43.490280
v -48.039001 -2.781659 -44.340233
v -82.248428 -2.781659 -44.340233
v -82.253159 -2.785969 -43.490280
v -48.034439 7.513256 -43.490280
v -48.039001 -1.962101 -44.340233
v -48.034439 -2.785969 -43.490280
v -48.034439 -2.785969 -43.490280
v -48.039001 -1.962101 -44.340233
v -48.039001 -2.781659 -44.340233
v -48.039001 -2.781659 -44.340233
v -48.039001 -1.962101 -44.340233
v -82.248428 -1.962101 -44.340233
v -82.248428 -2.781659 -44.340233
v -82.248428 7.508946 -66.552505
v -60.208290 7.508946 -66.552505
v -60.182632 7.508946 -66.552505
v -82.253159 7.513256 -43.490280
v -82.253159 7.513256 -43.490280
v -60.182632 7.508946 -66.552505
v -48.038975 7.508946 -66.552505
v -48.034439 7.513256 -43.490280
v -82.248428 -1.962101 -44.340233
v -82.248428 -1.962101 -66.552505
v -82.248428 -1.232744 -66.556488
v -82.253159 7.513256 -43.490280
v -82.248428 -1.962101 -44.340233
v -82.248428 -1.232744 -66.556488
v -82.248428 7.508946 -66.552505
v -60.195587 -1.962101 -66.552505
v -82.248428 -1.962101 -44.340233
v -48.039001 -1.962101 -44.340233
v -48.038975 -1.962101 -66.552505
v -82.248428 -1.962101 -66.552505
v -48.039001 -1.962101 -44.340233
v -48.034439 7.513256 -43.490280
v -48.038975 7.508946 -66.552505
v -48.038975 -1.962101 -66.552505
v -82.248428 -1.232744 -66.556488
v -82.248428 -1.962101 -66.552505
v -60.195587 -1.962101 -66.552505
v -60.195587 -1.238847 -66.558487
v -82.248428 -1.232744 -79.294510
v -82.248428 7.508946 -66.552505
v -82.248428 -1.232744 -66.556488
v -82.248428 7.508946 -66.552505
v -82.248428 -1.232744 -79.294510
v -82.254906 7.508946 -79.300491
v -60.189110 -1.233889 -79.300491
v -82.248428 -1.232744 -79.294510
v -82.248428 -1.232744 -66.556488
v -60.195587 -1.238847 -66.558487
v -60.189110 7.515039 -79.300491
v -60.189110 -1.233889 -79.300491
v -60.195587 -1.238847 -66.558487
v -60.195587 7.508946 -66.564697
v -82.248428 7.508946 -66.552505
v -82.254906 7.508946 -79.300491
v -60.189110 7.515039 -79.300491
v -60.208290 7.508946 -66.552505
v -60.195587 7.508946 -66.564697
v -60.208290 7.508946 -66.552505
v -60.189110 7.515039 -79.300491
v -82.254906 7.508946 -79.300491
v -82.252663 -1.244277 -79.306717
v -82.882156 -3.275861 -79.299744
v -82.879417 8.638450 -79.299744
v -60.189110 -1.233889 -79.300491
v -47.510696 -3.278949 -79.299744
v -82.882156 -3.275861 -79.299744
v -82.252663 -1.244277 -79.306717
v -47.510773 8.638450 -79.299744
v -47.510696 -3.278949 -79.299744
v -60.189110 -1.233889 -79.300491
v -60.189110 7.515039 -79.300491
v -60.182632 7.508946 -66.552505
v -60.208290 7.508946 -66.552505
v -60.195587 7.508946 -66.564697
v -60.182632 7.508946 -66.552505
v -60.195587 7.508946 -66.564697
v -60.195587 -1.238847 -66.558487
v -82.248428 -1.232744 -79.294510
v -82.252663 -1.244277 -79.306717
v -82.254906 7.508946 -79.300491
v -60.189110 -1.233889 -79.300491
v -82.252663 -1.244277 -79.306717
v -82.248428 -1.232744 -79.294510
v -82.882156 -3.275861 -79.299744
v -47.510696 -3.278949 -79.299744
v -47.509521 -3.276831 -43.491280
v -82.880653 -3.276831 -43.491280
v -82.879417 8.638450 -79.299744
v -47.510773 8.638450 -79.299744
v -60.189110 7.515039 -79.300491
v -82.254906 7.508946 -79.300491
v -53.837662 -6.471340 -74.824310
v -76.426079 -6.471340 -74.824310
v -76.426079 -3.276557 -74.824310
v -53.837662 -3.276557 -74.824310
v -76.987312 -6.471340 -74.763275
v -76.987312 -3.276557 -74.763275
v -77.502716 -6.471340 -74.588913
v -77.502716 -3.276557 -74.588913
v -77.957329 -3.276557 -74.315384
v -77.957329 -6.471340 -74.315384
v -78.336716 -6.471340 -73.956680
v -78.336716 -3.276557 -73.956680
v -78.625931 -6.471340 -73.526962
v -78.625931 -3.276557 -73.526962
v -78.810516 -6.471340 -73.039719
v -78.810516 -3.276557 -73.039719
v -78.875290 -6.471340 -72.509369
v -78.875290 -3.276557 -72.509125
v -78.875290 -6.471340 -49.752060
v -78.875290 -3.276557 -49.752060
v -78.810516 -6.471340 -49.221710
v -78.810516 -3.276557 -49.221710
v -78.625931 -6.471340 -48.734459
v -78.625931 -3.276557 -48.734459
v -78.336716 -6.471340 -48.304749
v -78.336716 -3.276557 -48.304749
v -77.957329 -6.471340 -47.946037
v -77.957329 -3.276557 -47.946037
v -77.502716 -6.471340 -47.672516
v -77.502716 -3.276557 -47.672516
v -76.987312 -3.276557 -47.498146
v -76.987312 -6.471340 -47.498146
v -76.426079 -6.471340 -47.437111
v -76.426079 -3.276557 -47.437111
v -53.837685 -6.471340 -47.437111
v -53.837685 -3.276557 -47.437111
v -53.276527 -6.471340 -47.498146
v -53.276527 -3.276557 -47.498146
v -52.761177 -6.471340 -47.672516
v -52.761177 -3.276557 -47.672516
v -52.306435 -6.471340 -47.946037
v -52.306435 -3.276557 -47.946037
v -51.927017 -6.471340 -48.304749
v -51.927017 -3.276557 -48.304749
v -51.637756 -6.471340 -48.734459
v -51.637756 -3.276557 -48.734459
v -51.453346 -6.471340 -49.221710
v -51.453346 -3.276557 -49.221710
v -51.388603 -6.471340 -49.752060
v -51.388603 -3.276557 -49.752060
v -51.388603 -6.471340 -72.509125
v -51.388603 -3.276557 -72.509125
v -51.388603 -3.276557 -49.752060
v -51.388603 -6.471340 -49.752060
v -51.453346 -6.471340 -73.039719
v -51.453346 -3.276557 -73.039719
v -51.637733 -6.471340 -73.526962
v -51.637733 -3.276557 -73.526962
v -51.927017 -3.276557 -73.956680
v -51.927017 -6.471340 -73.956680
v -52.306435 -3.276557 -74.315384
v -52.306435 -6.471340 -74.315384
v -52.761177 -6.471340 -74.588913
v -52.761177 -3.276557 -74.588913
v -53.276497 -3.276557 -74.763275
v -53.276497 -6.471340 -74.763275
v -69.054787 29.538782 -71.191589
v -69.163147 29.138018 -73.407654
v -70.888206 29.158396 -72.983170
v -69.985199 29.558710 -70.952713
v -69.276993 27.763527 -75.695679
v -71.813881 27.779942 -75.063950
v -69.377129 25.303135 -77.680801
v -72.617744 25.309162 -76.869720
v -72.813797 23.512737 -77.309891
v -69.402039 23.517517 -78.164078
v -69.379868 22.141632 -77.721405
v -72.633942 22.127285 -76.906342
v -69.326317 21.511642 -76.511993
v -72.144447 21.496696 -75.804291
v -69.248596 21.485439 -72.498154
v -70.547180 21.496426 -72.163849
v -72.606285 29.158396 -71.734909
v -70.954216 29.558687 -70.248734
v -74.299210 27.779942 -73.258438
v -75.768188 25.309162 -74.580933
v -76.126152 23.512737 -74.903275
v -75.797836 22.127308 -74.607590
v -74.901054 21.496696 -73.801483
v -71.932205 21.496426 -71.157471
v -73.542923 29.138071 -70.225571
v -71.468872 29.538755 -69.437653
v -75.683739 27.763626 -71.040894
v -77.540825 25.303185 -71.749344
v -77.992950 23.517517 -71.922470
v -77.578690 22.141655 -71.764786
v -76.445007 21.511692 -71.339813
v -72.651627 21.485439 -70.025787
v -71.665169 29.538782 -68.833557
v -73.806229 29.138018 -69.415466
v -73.935516 29.158396 -67.643829
v -71.725449 29.558710 -67.875000
v -76.017296 27.763527 -70.014328
v -76.200638 27.779942 -67.406433
v -78.166328 25.309162 -67.199921
v -77.936157 25.303135 -70.532455
v -78.403732 23.517517 -70.658264
v -78.645607 23.512737 -67.149612
v -77.975769 22.141632 -70.542435
v -78.206184 22.127308 -67.195694
v -76.808952 21.511642 -70.219589
v -77.006744 21.496696 -67.320740
v -72.967743 21.485439 -69.053268
v -73.050690 21.496426 -67.714828
v -73.279373 29.158396 -65.624084
v -71.355278 29.558710 -66.736099
v -75.251297 27.779942 -64.484924
v -76.963150 25.309162 -63.496220
v -77.380150 23.512737 -63.255581
v -76.997528 22.127308 -63.476299
v -75.954018 21.496696 -64.080124
v -72.521843 21.496426 -66.086670
v -72.133232 29.138071 -64.266708
v -70.742981 29.538755 -65.996002
v -73.570076 27.763626 -62.482609
v -74.817848 25.303185 -60.935413
v -75.122261 23.517517 -60.559017
v -74.844009 22.141655 -60.904278
v -74.089958 21.511692 -61.851124
v -71.667656 21.485439 -65.052643
v -70.229073 29.538782 -65.622589
v -71.444206 29.138018 -63.766003
v -69.799118 29.158396 -63.095661
v -69.336029 29.558710 -65.268860
v -72.696968 27.763527 -61.848141
v -70.273163 27.779919 -60.868160
v -70.684441 25.309162 -58.934597
v -73.782814 25.303135 -60.183361
v -74.046867 23.517517 -59.777569
v -70.784576 23.512737 -58.463291
v -73.804489 22.141632 -60.148739
v -70.692657 22.127285 -58.895741
v -73.136887 21.511642 -61.158863
v -70.440811 21.496696 -60.074757
v -70.840622 21.485439 -64.451797
v -69.593353 21.496426 -63.959064
v -67.675491 29.158396 -63.095661
v -68.138580 29.558687 -65.268860
v -67.201439 27.779942 -60.868160
v -66.790169 25.309162 -58.934597
v -66.690025 23.512737 -58.463291
v -66.781944 22.127308 -58.895741
v -67.033791 21.496696 -60.074757
v -67.881248 21.496426 -63.959064
v -66.030396 29.138071 -63.766003
v -67.245285 29.538755 -65.622589
v -64.777641 27.763626 -61.848141
v -63.691788 25.303158 -60.183361
v -63.427734 23.517517 -59.777569
v -63.670113 22.141655 -60.148739
v -64.337723 21.511692 -61.158863
v -66.633980 21.485439 -64.451797
v -64.195229 29.158396 -65.624084
v -66.119324 29.558710 -66.736099
v -66.731628 29.538782 -65.996002
v -65.341370 29.138018 -64.266708
v -62.223312 27.779919 -64.484924
v -63.904526 27.763527 -62.482609
v -62.656754 25.303135 -60.935413
v -60.511703 25.309162 -63.496220
v -60.094452 23.512737 -63.255581
v -62.352348 23.517517 -60.559017
v -62.630600 22.141632 -60.904278
v -60.477081 22.127285 -63.476299
v -63.384644 21.511642 -61.851376
v -61.520584 21.496696 -64.080124
v -65.806946 21.485439 -65.052643
v -64.952759 21.496426 -66.086670
v -63.539085 29.158396 -67.643829
v -65.749153 29.558687 -67.875000
v -61.273964 27.779942 -67.406433
v -59.308273 25.309162 -67.199921
v -58.828995 23.512737 -67.149612
v -59.268661 22.127308 -67.195694
v -60.467857 21.496696 -67.320740
v -64.423912 21.496426 -67.714828
v -63.668373 29.138071 -69.415466
v -65.809441 29.538755 -68.833817
v -61.457306 27.763626 -70.014328
v -59.538445 25.303158 -70.532455
v -59.070877 23.517517 -70.658264
v -59.498840 22.141655 -70.542435
v -60.665649 21.511692 -70.219589
v -64.507111 21.485439 -69.053268
v -66.005730 29.538782 -69.437653
v -63.931679 29.138018 -70.225571
v -64.868317 29.158396 -71.734909
v -66.520386 29.558710 -70.248734
v -61.790863 27.763527 -71.040634
v -63.175392 27.779919 -73.258438
v -59.933777 25.303135 -71.749344
v -61.706413 25.309162 -74.580933
v -59.481651 23.517517 -71.922470
v -61.348450 23.512737 -74.903275
v -59.895912 22.141632 -71.764786
v -61.676773 22.127285 -74.607590
v -61.029846 21.511642 -71.340073
v -62.573555 21.496696 -73.801727
v -64.822983 21.485439 -70.025787
v -65.542397 21.496426 -71.157471
v -66.586395 29.158396 -72.983170
v -67.489410 29.558687 -70.952713
v -65.660721 27.779942 -75.063950
v -64.856857 25.309162 -76.869720
v -64.660812 23.512737 -77.309891
v -64.840660 22.127308 -76.906342
v -65.330154 21.496696 -75.804291
v -66.927422 21.496426 -72.163849
v -68.419815 29.538755 -71.191589
v -68.311455 29.138071 -73.407654
v -68.197617 27.763626 -75.695679
v -68.097473 25.303185 -77.680801
v -68.072563 23.517517 -78.164078
v -68.094734 22.141655 -77.721405
v -68.148293 21.511692 -76.511993
v -68.226013 21.485439 -72.498154
v -68.845039 29.484053 -71.166946
v -68.737175 29.447783 -71.132568
v -68.737427 29.057386 -73.219070
v -68.840309 29.089346 -73.315231
v -68.837067 27.732113 -75.588806
v -68.737427 27.711861 -75.466507
v -68.835327 25.300442 -77.562485
v -68.737427 25.299248 -77.418503
v -68.737427 23.541012 -77.895294
v -68.835327 23.531620 -78.044006
v -68.737175 22.181713 -77.454361
v -68.835823 22.166096 -77.600601
v -68.842049 21.546444 -76.397415
v -68.737175 21.569286 -76.264145
v -68.737427 21.428020 -72.408234
v -68.927994 21.451012 -72.459045
v -73.554886 29.089396 -69.889771
v -73.495346 29.057386 -69.762222
v -71.510719 29.447783 -69.117538
v -71.510223 29.484053 -69.230637
v -75.718117 27.732166 -70.589508
v -75.632675 27.711861 -70.456741
v -77.595627 25.300468 -71.197586
v -77.489014 25.299248 -71.059814
v -78.053734 23.531620 -71.346542
v -77.942635 23.541012 -71.207291
v -77.631752 22.166145 -71.210022
v -77.523140 22.181713 -71.071030
v -76.485611 21.546467 -70.844101
v -76.391205 21.569286 -70.703094
v -72.713654 21.451035 -69.708923
v -72.724121 21.428020 -69.511627
v -71.817619 29.089396 -64.151627
v -71.677872 29.057386 -64.168808
v -70.451523 29.447783 -65.856995
v -70.558884 29.484053 -65.892624
v -73.151329 27.732166 -62.310482
v -72.998878 27.711861 -62.350582
v -74.310173 25.300468 -60.712719
v -74.146011 25.299248 -60.771503
v -74.593155 23.531620 -60.323116
v -74.426506 23.541012 -60.385883
v -74.333092 22.166119 -60.682323
v -74.167435 22.181713 -60.742603
v -73.630859 21.546467 -61.659069
v -73.467697 21.569286 -61.705654
v -71.385422 21.451012 -64.895950
v -71.201332 21.428020 -64.824951
v -67.023331 29.447783 -65.856995
v -67.090088 29.484053 -65.765823
v -65.823387 29.089396 -64.030807
v -65.796730 29.057386 -64.169052
v -64.484695 27.732166 -62.193150
v -64.475479 27.711861 -62.350834
v -63.323112 25.300468 -60.597378
v -63.328346 25.299248 -60.771755
v -63.039879 23.531620 -60.208019
v -63.048096 23.541012 -60.385883
v -63.301193 22.166119 -60.566242
v -63.307419 22.181686 -60.742603
v -64.013138 21.546467 -61.536007
v -64.006905 21.569263 -61.705654
v -66.397827 21.451012 -64.671753
v -66.273270 21.428020 -64.824951
v -63.979256 29.057386 -69.762222
v -65.963882 29.447783 -69.117294
v -65.897865 29.484053 -69.025620
v -63.856194 29.089396 -69.693970
v -61.694954 27.732166 -70.399689
v -61.841927 27.711861 -70.456985
v -59.818192 25.300468 -71.011246
v -59.985588 25.299248 -71.060074
v -59.360336 23.531620 -71.159958
v -59.531967 23.541012 -71.207291
v -59.781822 22.166119 -71.022461
v -59.951462 22.181686 -71.070786
v -60.924225 21.546467 -70.644806
v -61.083405 21.569286 -70.703094
v -64.643120 21.451012 -69.345978
v -64.750488 21.428020 -69.511627
v -68.634293 29.089396 -73.315231
v -68.629562 29.484053 -71.166946
v -68.737427 29.057386 -73.219070
v -68.737175 29.447783 -71.132568
v -68.637535 27.732166 -75.588806
v -68.737427 27.711861 -75.466507
v -68.639275 25.300468 -77.562485
v -68.737427 25.299248 -77.418503
v -68.639275 23.531620 -78.044006
v -68.737427 23.541012 -77.895294
v -68.638779 22.166119 -77.600601
v -68.737175 22.181713 -77.454361
v -68.632553 21.546467 -76.397415
v -68.737175 21.569286 -76.264145
v -68.546616 21.451012 -72.459045
v -68.737427 21.428020 -72.408234
v -73.618401 29.089346 -69.693970
v -71.576736 29.484053 -69.025620
v -71.510719 29.447783 -69.117538
v -73.495346 29.057386 -69.762222
v -75.632675 27.711861 -70.456741
v -75.779900 27.732113 -70.399445
v -77.656410 25.300442 -71.010986
v -77.489014 25.299248 -71.059814
v -77.942635 23.541012 -71.207291
v -78.114265 23.531620 -71.159958
v -77.523140 22.181713 -71.071030
v -77.692780 22.166119 -71.022461
v -76.391205 21.569286 -70.703094
v -76.550385 21.546444 -70.644806
v -72.724121 21.428020 -69.511627
v -72.831482 21.451035 -69.345978
v -71.650970 29.089346 -64.030807
v -70.384514 29.484053 -65.765823
v -70.451523 29.447783 -65.856995
v -71.677872 29.057386 -64.168808
v -72.998878 27.711861 -62.350582
v -72.989914 27.732113 -62.193150
v -74.146011 25.299248 -60.771503
v -74.151489 25.300442 -60.597378
v -74.426506 23.541012 -60.385883
v -74.434723 23.531620 -60.208019
v -74.167435 22.181713 -60.742603
v -74.173416 22.166096 -60.566486
v -73.467697 21.569286 -61.705654
v -73.461472 21.546444 -61.536007
v -71.076782 21.451012 -64.671753
v -71.201332 21.428020 -64.824951
v -66.915962 29.484053 -65.892624
v -65.656982 29.089346 -64.151627
v -65.796730 29.057386 -64.169052
v -67.023331 29.447783 -65.856995
v -64.475479 27.711861 -62.350834
v -64.323021 27.732113 -62.310482
v -63.328346 25.299248 -60.771755
v -63.164429 25.300442 -60.712719
v -62.881447 23.531620 -60.323116
v -63.048096 23.541012 -60.385883
v -63.307419 22.181686 -60.742603
v -63.141762 22.166096 -60.682072
v -63.843742 21.546444 -61.659069
v -64.006905 21.569263 -61.705654
v -66.273270 21.428020 -64.824951
v -66.089180 21.451012 -64.895950
v -65.964378 29.484053 -69.230392
v -63.919724 29.089346 -69.889771
v -63.979256 29.057386 -69.762222
v -65.963882 29.447783 -69.117294
v -61.841927 27.711861 -70.456985
v -61.756485 27.732113 -70.589508
v -59.878975 25.300442 -71.197830
v -59.985588 25.299248 -71.060074
v -59.531967 23.541012 -71.207291
v -59.420868 23.531620 -71.346542
v -59.951462 22.181686 -71.070786
v -59.842850 22.166096 -71.209778
v -61.083405 21.569286 -70.703094
v -60.988991 21.546444 -70.844101
v -64.750488 21.428020 -69.511627
v -64.760948 21.451012 -69.708923
v -42.053337 31.949652 -78.114746
v -42.410255 31.619089 -76.894379
v -42.075882 29.972075 -76.509003
v -41.647446 30.302813 -77.608322
v -42.983170 30.721060 -68.493286
v -42.714859 29.407503 -68.148026
v -43.710438 30.624159 -67.169281
v -43.548119 29.550814 -66.805847
v -44.919769 30.801275 -66.516129
v -44.855972 29.733732 -66.148956
v -43.646240 31.410089 -68.069061
v -45.030922 31.771044 -67.272171
v -42.965111 32.593590 -77.034882
v -42.549255 32.950562 -78.859573
v -44.152351 32.165878 -68.997726
v -43.705925 33.130417 -77.092667
v -43.177223 33.384499 -79.478851
v -44.768936 33.576561 -79.391418
v -44.850494 33.405678 -77.239136
v -43.360168 33.542686 -80.067741
v -44.750008 33.637093 -80.049812
v -43.684059 33.710579 -81.038521
v -44.693634 33.695885 -80.708687
v -40.639908 32.054276 -78.795547
v -41.024979 32.996895 -79.537888
v -41.449829 33.478416 -80.415993
v 0.826118 32.706932 -79.859741
v 0.826118 33.382256 -80.780937
v -42.058815 33.743462 -81.517296
v 0.826118 31.717737 -79.209320
v -40.278206 30.324984 -78.177765
v -40.410408 15.515690 -73.935501
v -39.931503 15.470701 -75.119995
v -41.039799 15.462931 -65.136826
v -41.820892 15.329634 -63.921444
v -42.985565 15.116499 -63.131527
v -40.119400 6.700991 -63.348499
v -39.561081 6.125515 -72.686981
v -40.210075 6.358589 -63.311634
v -40.992516 6.733386 -62.158276
v -41.304222 6.144252 -62.806950
v -42.091599 6.671171 -61.507114
v -42.144459 5.982817 -62.454716
v -38.682236 15.304972 -75.788605
v -37.769241 6.207867 -74.547806
v -38.778416 6.322488 -73.954926
v 0.826118 6.287845 -75.020355
v 0.826118 14.908445 -76.264633
v -45.175003 32.403275 -68.565277
v -46.196064 32.406761 -68.341583
v -46.164902 32.740562 -69.615265
v -46.162537 31.862963 -67.230820
v -46.067101 30.994329 -66.535568
v -45.966866 29.775133 -66.090652
v 0.826118 30.378294 -78.733276
v -46.164902 32.740562 -69.615265
v -46.196064 32.406761 -68.341583
v -44.345009 15.018898 -62.994770
v -43.409492 6.278979 -61.364872
v -43.331146 5.797064 -61.708889
v -43.351749 5.604552 -62.612644
v -46.239586 33.463470 -77.443909
v -44.538239 14.936346 -66.870865
v -43.592560 6.183512 -65.685608
v -43.440231 5.505271 -65.533157
v -46.233181 33.590263 -79.321915
v -44.538239 14.936346 -66.870865
v -46.164902 32.740562 -69.615265
v -46.239586 33.463470 -77.443909
v -44.483734 14.839018 -75.340210
v -43.584713 6.157351 -74.272781
v -43.592560 6.183512 -65.685608
v -46.117920 33.644821 -80.260292
v -46.233181 33.590263 -79.321915
v -44.354347 14.625536 -77.246613
v -45.809479 33.687912 -81.075386
v -46.117920 33.644821 -80.260292
v -44.072136 14.447001 -78.172791
v -45.809479 33.687912 -81.075386
v -43.297173 14.239347 -79.135330
v -45.144386 33.751930 -81.712593
v -44.091995 33.779831 -82.066322
v -42.474022 33.766876 -82.353783
v -45.144386 33.751930 -81.712593
v -42.106766 14.206191 -79.610870
v -44.091995 33.779831 -82.066322
v -40.122314 13.995296 -79.913040
v -38.370110 13.883249 -79.982544
v -42.474022 33.766876 -82.353783
v 0.826118 33.782074 -82.330864
v 0.826118 14.051969 -80.025398
v 0.826118 33.782074 -82.330864
v -36.980766 6.189786 -78.973663
v -39.192680 6.103965 -78.849121
v -41.030556 6.267358 -78.559402
v -39.006599 5.389469 -78.489655
v -40.817993 5.387614 -78.197205
v -42.402580 6.230147 -78.022827
v -42.089882 5.392411 -77.750809
v -43.140209 6.145192 -77.148972
v -43.453087 6.171669 -76.108948
v -43.069435 5.448335 -76.709793
v -43.276367 5.381722 -74.340805
v -43.440231 5.505271 -65.533157
v -36.624424 5.362849 -78.603241
v 0.826118 6.306458 -79.009033
v 0.826118 5.365502 -78.669250
v 43.705940 31.949652 -78.114746
v 43.299904 30.302813 -77.608322
v 43.728363 29.972075 -76.509003
v 44.062660 31.619089 -76.894379
v 44.635605 30.721060 -68.493286
v 44.367317 29.407503 -68.148026
v 45.200577 29.550814 -66.805847
v 45.362991 30.624159 -67.169281
v 46.508385 29.733732 -66.148956
v 46.572159 30.801275 -66.516129
v 46.683502 31.771044 -67.272171
v 45.298721 31.410089 -68.069061
v 44.617676 32.593590 -77.034882
v 44.201668 32.950562 -78.859573
v 45.804909 32.165878 -68.997726
v 45.358505 33.130417 -77.092667
v 44.829659 33.384499 -79.478851
v 46.502899 33.405678 -77.239136
v 46.421440 33.576561 -79.391418
v 46.402512 33.637093 -80.049812
v 45.012749 33.542686 -80.067741
v 45.336594 33.710579 -81.038521
v 46.346214 33.695885 -80.708687
v 42.677383 32.996895 -79.537888
v 42.292267 32.054276 -78.795547
v 43.102356 33.478416 -80.415993
v 43.711174 33.743462 -81.517296
v 41.930565 30.324984 -78.177765
v 42.062836 15.515690 -73.935501
v 41.584061 15.470701 -75.119995
v 42.692329 15.462931 -65.136826
v 43.473274 15.329634 -63.921444
v 44.638100 15.116499 -63.131527
v 41.771889 6.700991 -63.348499
v 41.213638 6.125515 -72.686981
v 41.862564 6.358589 -63.311634
v 42.645004 6.733386 -62.158276
v 42.956635 6.144252 -62.806950
v 43.744057 6.671171 -61.507114
v 43.796867 5.982817 -62.454716
v 40.334793 15.304972 -75.788605
v 39.421577 6.207867 -74.547806
v 40.430946 6.322488 -73.954926
v 46.827492 32.403275 -68.565277
v 47.848572 32.406761 -68.341583
v 47.817429 32.740562 -69.615265
v 47.719536 30.994329 -66.535568
v 47.814941 31.862963 -67.230820
v 47.619392 29.775133 -66.090652
v 47.817429 32.740562 -69.615265
v 47.848572 32.406761 -68.341583
v 45.997467 15.018898 -62.994770
v 45.062080 6.278979 -61.364872
v 44.983604 5.797064 -61.708889
v 45.004280 5.604552 -62.612644
v 47.892166 33.463470 -77.443909
v 46.190773 14.936346 -66.870865
v 45.244919 6.183512 -65.685608
v 45.092712 5.505271 -65.533157
v 47.885689 33.590263 -79.321915
v 46.190773 14.936346 -66.870865
v 46.136215 14.839018 -75.340210
v 47.892166 33.463470 -77.443909
v 47.817429 32.740562 -69.615265
v 45.237190 6.157351 -74.272781
v 45.244919 6.183512 -65.685608
v 47.770348 33.644821 -80.260292
v 46.006935 14.625536 -77.246613
v 47.885689 33.590263 -79.321915
v 47.461960 33.687912 -81.075386
v 47.770348 33.644821 -80.260292
v 45.724693 14.447001 -78.172791
v 47.461960 33.687912 -81.075386
v 44.949730 14.239347 -79.135330
v 46.796852 33.751930 -81.712593
v 45.744377 33.779831 -82.066322
v 44.126434 33.766876 -82.353783
v 46.796852 33.751930 -81.712593
v 43.759254 14.206191 -79.610870
v 41.774872 13.995296 -79.913040
v 45.744377 33.779831 -82.066322
v 40.022659 13.883249 -79.982544
v 44.126434 33.766876 -82.353783
v 38.633156 6.189786 -78.973663
v 40.845207 6.103965 -78.849121
v 42.683113 6.267358 -78.559402
v 42.470375 5.387614 -78.197205
v 40.659126 5.389469 -78.489655
v 44.054939 6.230147 -78.022827
v 43.742310 5.392411 -77.750809
v 44.792786 6.145192 -77.148972
v 45.105667 6.171669 -76.108948
v 44.721794 5.448335 -76.709793
v 45.092712 5.505271 -65.533157
v 44.928802 5.381722 -74.340805
v 38.276932 5.362849 -78.603241
v -69.051796 29.495512 -71.163193
v -69.973488 29.515265 -70.926804
v -70.867775 29.118738 -72.938080
v -69.159164 29.098562 -73.358322
v -69.271759 27.737122 -75.624680
v -69.159164 29.098562 -73.358322
v -70.867775 29.118738 -72.938080
v -71.784737 27.753365 -74.998932
v -71.784737 27.753365 -74.998932
v -72.580879 25.306049 -76.787766
v -69.370903 25.300095 -77.590881
v -69.271759 27.737122 -75.624680
v -72.774933 23.526661 -77.223694
v -69.395561 23.531418 -78.069656
v -69.370903 25.300095 -77.590881
v -72.580879 25.306049 -76.787766
v -69.395561 23.531418 -78.069656
v -72.774933 23.526661 -77.223694
v -72.596825 22.154362 -76.823883
v -69.373894 22.168583 -77.631226
v -72.596825 22.154362 -76.823883
v -72.112312 21.529755 -75.732300
v -69.320831 21.544575 -76.433289
v -69.373894 22.168583 -77.631226
v -69.320831 21.544575 -76.433289
v -72.112312 21.529755 -75.732300
v -70.529991 21.529507 -72.126251
v -69.243607 21.518593 -72.457550
v -72.569672 29.118738 -71.701523
v -70.867775 29.118738 -72.938080
v -69.973488 29.515265 -70.926804
v -70.933044 29.515242 -70.229553
v -70.867775 29.118738 -72.938080
v -72.569672 29.118738 -71.701523
v -74.246399 27.753387 -73.210602
v -71.784737 27.753365 -74.998932
v -75.701431 25.306049 -74.520401
v -72.580879 25.306049 -76.787766
v -71.784737 27.753365 -74.998932
v -74.246399 27.753387 -73.210602
v -72.774933 23.526661 -77.223694
v -72.580879 25.306049 -76.787766
v -75.701431 25.306049 -74.520401
v -76.056152 23.526661 -74.839752
v -72.596825 22.154362 -76.823883
v -72.774933 23.526661 -77.223694
v -76.056152 23.526661 -74.839752
v -75.730827 22.154388 -74.546799
v -75.730827 22.154388 -74.546799
v -74.842514 21.529778 -73.748672
v -72.112312 21.529755 -75.732300
v -72.596825 22.154362 -76.823883
v -74.842514 21.529778 -73.748672
v -71.901817 21.529507 -71.129562
v -70.529991 21.529507 -72.126251
v -72.112312 21.529755 -75.732300
v -70.933044 29.515242 -70.229553
v -71.442963 29.495489 -69.426178
v -73.497337 29.098612 -70.206635
v -72.569672 29.118738 -71.701523
v -75.617973 27.737221 -71.013992
v -74.246399 27.753387 -73.210602
v -72.569672 29.118738 -71.701523
v -73.497337 29.098612 -70.206635
v -75.617973 27.737221 -71.013992
v -77.457375 25.300121 -71.715958
v -75.701431 25.306049 -74.520401
v -74.246399 27.753387 -73.210602
v -76.056152 23.526661 -74.839752
v -75.701431 25.306049 -74.520401
v -77.457375 25.300121 -71.715958
v -77.905022 23.531395 -71.887344
v -76.056152 23.526661 -74.839752
v -77.905022 23.531395 -71.887344
v -77.494743 22.168610 -71.730911
v -75.730827 22.154388 -74.546799
v -77.494743 22.168610 -71.730911
v -76.371773 21.544624 -71.310165
v -74.842514 21.529778 -73.748672
v -75.730827 22.154388 -74.546799
v -72.614510 21.518593 -70.008591
v -71.901817 21.529507 -71.129562
v -74.842514 21.529778 -73.748672
v -76.371773 21.544624 -71.310165
v -71.637268 29.495512 -68.827835
v -71.697052 29.515265 -67.878250
v -73.886192 29.118738 -67.649307
v -73.758156 29.098562 -69.404266
v -75.948296 27.737122 -69.997375
v -73.758156 29.098562 -69.404266
v -73.886192 29.118738 -67.649307
v -76.129639 27.753365 -67.413910
v -78.076904 25.306049 -67.209641
v -77.848969 25.300095 -70.510544
v -75.948296 27.737122 -69.997375
v -76.129639 27.753365 -67.413910
v -78.076904 25.306049 -67.209641
v -78.551445 23.526661 -67.159576
v -78.312057 23.531418 -70.635101
v -77.848969 25.300095 -70.510544
v -78.551445 23.526661 -67.159576
v -78.116257 22.154388 -67.205399
v -77.888077 22.168583 -70.520264
v -78.312057 23.531418 -70.635101
v -76.732231 21.544575 -70.200653
v -77.888077 22.168583 -70.520264
v -78.116257 22.154388 -67.205399
v -76.928276 21.529755 -67.329208
v -72.927383 21.518593 -69.045303
v -76.732231 21.544575 -70.200653
v -76.928276 21.529755 -67.329208
v -73.009842 21.529507 -67.719559
v -73.236275 29.118738 -65.648743
v -73.886192 29.118738 -67.649307
v -71.697052 29.515265 -67.878250
v -71.330620 29.515242 -66.750046
v -73.886192 29.118738 -67.649307
v -73.236275 29.118738 -65.648743
v -75.189514 27.753387 -64.520294
v -76.129639 27.753365 -67.413910
v -75.189514 27.753387 -64.520294
v -76.884933 25.306049 -63.541065
v -78.076904 25.306049 -67.209641
v -76.129639 27.753365 -67.413910
v -78.076904 25.306049 -67.209641
v -76.884933 25.306049 -63.541065
v -77.298195 23.526661 -63.302670
v -78.551445 23.526661 -67.159576
v -78.551445 23.526661 -67.159576
v -77.298195 23.526661 -63.302670
v -76.919060 22.154388 -63.521381
v -78.116257 22.154388 -67.205399
v -76.919060 22.154388 -63.521381
v -75.885513 21.529778 -64.119492
v -76.928276 21.529755 -67.329208
v -78.116257 22.154388 -67.205399
v -76.928276 21.529755 -67.329208
v -75.885513 21.529778 -64.119492
v -72.485718 21.529507 -66.106842
v -73.009842 21.529507 -67.719559
v -73.236275 29.118738 -65.648743
v -71.330620 29.515242 -66.750046
v -70.724045 29.495489 -66.016922
v -72.101105 29.098612 -64.304321
v -72.101105 29.098612 -64.304321
v -73.524246 27.737221 -62.536915
v -75.189514 27.753387 -64.520294
v -73.236275 29.118738 -65.648743
v -73.524246 27.737221 -62.536915
v -74.760307 25.300121 -61.004665
v -76.884933 25.306049 -63.541065
v -75.189514 27.753387 -64.520294
v -74.760307 25.300121 -61.004665
v -75.061722 23.531395 -60.631748
v -77.298195 23.526661 -63.302670
v -76.884933 25.306049 -63.541065
v -74.786217 22.168610 -60.973530
v -76.919060 22.154388 -63.521381
v -77.298195 23.526661 -63.302670
v -75.061722 23.531395 -60.631748
v -74.786217 22.168610 -60.973530
v -74.039146 21.544624 -61.911655
v -75.885513 21.529778 -64.119492
v -76.919060 22.154388 -63.521381
v -71.640007 21.518593 -65.082779
v -72.485718 21.529507 -66.106842
v -75.885513 21.529778 -64.119492
v -74.039146 21.544624 -61.911655
v -70.215118 29.495512 -65.647247
v -69.330299 29.515265 -65.297012
v -69.789154 29.118738 -63.144230
v -71.418549 29.098562 -63.808353
v -69.789154 29.118738 -63.144230
v -70.258713 27.753365 -60.937908
v -72.659348 27.737122 -61.908665
v -71.418549 29.098562 -63.808353
v -70.666000 25.306049 -59.022778
v -73.734985 25.300095 -60.259586
v -72.659348 27.737122 -61.908665
v -70.258713 27.753365 -60.937908
v -70.666000 25.306049 -59.022778
v -70.765144 23.526661 -58.555950
v -73.996300 23.531418 -59.857784
v -73.734985 25.300095 -60.259586
v -73.756409 22.168583 -60.225460
v -73.996300 23.531418 -59.857784
v -70.765144 23.526661 -58.555950
v -70.674225 22.154362 -58.984165
v -73.756409 22.168583 -60.225460
v -70.674225 22.154362 -58.984165
v -70.424622 21.529755 -60.151981
v -73.095039 21.544575 -61.225872
v -73.095039 21.544575 -61.225872
v -70.424622 21.529755 -60.151981
v -69.585136 21.529507 -63.999416
v -70.820450 21.518593 -64.487411
v -67.685455 29.118738 -63.144230
v -69.789154 29.118738 -63.144230
v -69.330299 29.515265 -65.297012
v -68.144302 29.515242 -65.297012
v -67.215889 27.753387 -60.937908
v -70.258713 27.753365 -60.937908
v -69.789154 29.118738 -63.144230
v -67.685455 29.118738 -63.144230
v -67.215889 27.753387 -60.937908
v -66.808601 25.306049 -59.022778
v -70.666000 25.306049 -59.022778
v -70.258713 27.753365 -60.937908
v -70.765144 23.526661 -58.555950
v -70.666000 25.306049 -59.022778
v -66.808601 25.306049 -59.022778
v -66.709457 23.526661 -58.555950
v -66.800377 22.154388 -58.984165
v -70.674225 22.154362 -58.984165
v -70.765144 23.526661 -58.555950
v -66.709457 23.526661 -58.555950
v -70.674225 22.154362 -58.984165
v -66.800377 22.154388 -58.984165
v -67.049988 21.529778 -60.151981
v -70.424622 21.529755 -60.151981
v -70.424622 21.529755 -60.151981
v -67.049988 21.529778 -60.151981
v -67.889473 21.529507 -63.999416
v -69.585136 21.529507 -63.999416
v -67.685455 29.118738 -63.144230
v -68.144302 29.515242 -65.297012
v -67.259483 29.495489 -65.647247
v -66.056053 29.098612 -63.808353
v -67.685455 29.118738 -63.144230
v -66.056053 29.098612 -63.808353
v -64.815254 27.737221 -61.908665
v -67.215889 27.753387 -60.937908
v -67.215889 27.753387 -60.937908
v -64.815254 27.737221 -61.908665
v -63.739616 25.300121 -60.259586
v -66.808601 25.306049 -59.022778
v -63.478302 23.531395 -59.857784
v -66.709457 23.526661 -58.555950
v -66.808601 25.306049 -59.022778
v -63.739616 25.300121 -60.259586
v -63.478302 23.531395 -59.857784
v -63.718193 22.168610 -60.225460
v -66.800377 22.154388 -58.984165
v -66.709457 23.526661 -58.555950
v -63.718193 22.168610 -60.225460
v -64.379570 21.544601 -61.225872
v -67.049988 21.529778 -60.151981
v -66.800377 22.154388 -58.984165
v -67.889473 21.529507 -63.999416
v -67.049988 21.529778 -60.151981
v -64.379570 21.544601 -61.225872
v -66.654152 21.518593 -64.487411
v -64.238327 29.118738 -65.648499
v -65.373505 29.098562 -64.304077
v -66.750557 29.495512 -66.017181
v -66.143990 29.515265 -66.750046
v -62.285088 27.753365 -64.520294
v -63.950356 27.737122 -62.536915
v -65.373505 29.098562 -64.304077
v -64.238327 29.118738 -65.648499
v -62.285088 27.753365 -64.520294
v -60.589676 25.306049 -63.541065
v -62.714294 25.300095 -61.004665
v -63.950356 27.737122 -62.536915
v -60.176407 23.526661 -63.302670
v -62.412880 23.531418 -60.631748
v -62.714294 25.300095 -61.004665
v -60.589676 25.306049 -63.541065
v -62.688385 22.168560 -60.973530
v -62.412880 23.531418 -60.631748
v -60.176407 23.526661 -63.302670
v -60.555542 22.154362 -63.521381
v -63.435455 21.544575 -61.911655
v -62.688385 22.168560 -60.973530
v -60.555542 22.154362 -63.521381
v -61.589088 21.529755 -64.119492
v -63.435455 21.544575 -61.911655
v -61.589088 21.529755 -64.119492
v -64.988884 21.529507 -66.106842
v -65.834595 21.518593 -65.082779
v -64.238327 29.118738 -65.648499
v -66.143990 29.515265 -66.750046
v -65.777550 29.515242 -67.878250
v -63.588409 29.118738 -67.649307
v -63.588409 29.118738 -67.649307
v -61.344963 27.753387 -67.413910
v -62.285088 27.753365 -64.520294
v -64.238327 29.118738 -65.648499
v -60.589676 25.306049 -63.541065
v -62.285088 27.753365 -64.520294
v -61.344963 27.753387 -67.413910
v -59.397697 25.306049 -67.209641
v -59.397697 25.306049 -67.209641
v -58.923157 23.526661 -67.159576
v -60.176407 23.526661 -63.302670
v -60.589676 25.306049 -63.541065
v -59.358345 22.154388 -67.205399
v -60.555542 22.154362 -63.521381
v -60.176407 23.526661 -63.302670
v -58.923157 23.526661 -67.159576
v -60.555542 22.154362 -63.521381
v -59.358345 22.154388 -67.205399
v -60.546326 21.529778 -67.329208
v -61.589088 21.529755 -64.119492
v -60.546326 21.529778 -67.329208
v -64.464760 21.529507 -67.719559
v -64.988884 21.529507 -66.106842
v -61.589088 21.529755 -64.119492
v -63.588409 29.118738 -67.649307
v -65.777550 29.515242 -67.878250
v -65.837334 29.495489 -68.827835
v -63.716446 29.098612 -69.404022
v -61.526314 27.737221 -69.997131
v -61.344963 27.753387 -67.413910
v -63.588409 29.118738 -67.649307
v -63.716446 29.098612 -69.404022
v -59.625633 25.300121 -70.510544
v -59.397697 25.306049 -67.209641
v -61.344963 27.753387 -67.413910
v -61.526314 27.737221 -69.997131
v -59.162796 23.531395 -70.635101
v -58.923157 23.526661 -67.159576
v -59.397697 25.306049 -67.209641
v -59.625633 25.300121 -70.510544
v -59.586525 22.168610 -70.520264
v -59.358345 22.154388 -67.205399
v -58.923157 23.526661 -67.159576
v -59.162796 23.531395 -70.635101
v -59.358345 22.154388 -67.205399
v -59.586525 22.168610 -70.520264
v -60.742378 21.544601 -70.200653
v -60.546326 21.529778 -67.329208
v -64.547218 21.518593 -69.045303
v -64.464760 21.529507 -67.719559
v -60.546326 21.529778 -67.329208
v -60.742378 21.544601 -70.200653
v -66.031639 29.495512 -69.426178
v -66.541557 29.515265 -70.229553
v -64.904930 29.118738 -71.701523
v -63.977264 29.098562 -70.206390
v -64.904930 29.118738 -71.701523
v -63.228203 27.753365 -73.210602
v -61.856621 27.737122 -71.013992
v -63.977264 29.098562 -70.206390
v -61.856621 27.737122 -71.013992
v -63.228203 27.753365 -73.210602
v -61.773178 25.306049 -74.520401
v -60.017227 25.300095 -71.715958
v -60.017227 25.300095 -71.715958
v -61.773178 25.306049 -74.520401
v -61.418701 23.526661 -74.839752
v -59.569588 23.531418 -71.887344
v -59.569588 23.531418 -71.887344
v -61.418701 23.526661 -74.839752
v -61.743782 22.154362 -74.546799
v -59.979858 22.168583 -71.730911
v -59.979858 22.168583 -71.730911
v -61.743782 22.154362 -74.546799
v -62.632088 21.529755 -73.748672
v -61.102829 21.544575 -71.310425
v -61.102829 21.544575 -71.310425
v -62.632088 21.529755 -73.748672
v -65.572784 21.529507 -71.129562
v -64.860092 21.518593 -70.008591
v -64.904930 29.118738 -71.701523
v -66.541557 29.515265 -70.229553
v -67.501114 29.515242 -70.926804
v -66.606827 29.118738 -72.938080
v -63.228203 27.753365 -73.210602
v -64.904930 29.118738 -71.701523
v -66.606827 29.118738 -72.938080
v -65.689865 27.753387 -74.998932
v -61.773178 25.306049 -74.520401
v -63.228203 27.753365 -73.210602
v -65.689865 27.753387 -74.998932
v -64.893723 25.306049 -76.787766
v -64.699669 23.526661 -77.223694
v -61.418701 23.526661 -74.839752
v -61.773178 25.306049 -74.520401
v -64.893723 25.306049 -76.787766
v -61.418701 23.526661 -74.839752
v -64.699669 23.526661 -77.223694
v -64.877785 22.154388 -76.823883
v -61.743782 22.154362 -74.546799
v -65.362289 21.529778 -75.732300
v -62.632088 21.529755 -73.748672
v -61.743782 22.154362 -74.546799
v -64.877785 22.154388 -76.823883
v -62.632088 21.529755 -73.748672
v -65.362289 21.529778 -75.732300
v -66.944611 21.529507 -72.126251
v -65.572784 21.529507 -71.129562
v -68.422806 29.495489 -71.163193
v -68.315445 29.098612 -73.358322
v -66.606827 29.118738 -72.938080
v -67.501114 29.515242 -70.926804
v -65.689865 27.753387 -74.998932
v -66.606827 29.118738 -72.938080
v -68.315445 29.098612 -73.358322
v -68.202850 27.737221 -75.624680
v -68.202850 27.737221 -75.624680
v -68.103699 25.300121 -77.590881
v -64.893723 25.306049 -76.787766
v -65.689865 27.753387 -74.998932
v -68.079041 23.531395 -78.069656
v -64.699669 23.526661 -77.223694
v -64.893723 25.306049 -76.787766
v -68.103699 25.300121 -77.590881
v -68.100960 22.168610 -77.631226
v -64.877785 22.154388 -76.823883
v -64.699669 23.526661 -77.223694
v -68.079041 23.531395 -78.069656
v -64.877785 22.154388 -76.823883
v -68.100960 22.168610 -77.631226
v -68.154022 21.544601 -76.433289
v -65.362289 21.529778 -75.732300
v -65.362289 21.529778 -75.732300
v -68.154022 21.544601 -76.433289
v -68.230995 21.518593 -72.457550
v -66.944611 21.529507 -72.126251
v -68.844048 29.441305 -71.139038
v -68.839310 29.050337 -73.266891
v -68.737427 29.018698 -73.171738
v -68.737175 29.405386 -71.104904
v -69.159164 29.098562 -73.358322
v -68.839310 29.050337 -73.266891
v -68.844048 29.441305 -71.139038
v -69.051796 29.495512 -71.163193
v -68.836319 27.705982 -75.518814
v -68.737427 27.685955 -75.397751
v -68.737427 29.018698 -73.171738
v -68.839310 29.050337 -73.266891
v -69.271759 27.737122 -75.624680
v -68.836319 27.705982 -75.518814
v -68.839310 29.050337 -73.266891
v -69.159164 29.098562 -73.358322
v -68.834579 25.297405 -77.473801
v -68.737427 25.296234 -77.331055
v -68.737427 27.685955 -75.397751
v -68.836319 27.705982 -75.518814
v -69.271759 27.737122 -75.624680
v -69.370903 25.300095 -77.590881
v -68.834579 25.297405 -77.473801
v -68.836319 27.705982 -75.518814
v -68.737427 23.554661 -77.803360
v -68.737427 25.296234 -77.331055
v -68.834579 25.297405 -77.473801
v -68.834328 23.545368 -77.950836
v -68.834579 25.297405 -77.473801
v -69.370903 25.300095 -77.590881
v -69.395561 23.531418 -78.069656
v -68.834328 23.545368 -77.950836
v -68.834328 23.545368 -77.950836
v -68.834831 22.192825 -77.511414
v -68.737175 22.208267 -77.366684
v -68.737427 23.554661 -77.803360
v -68.834831 22.192825 -77.511414
v -68.834328 23.545368 -77.950836
v -69.395561 23.531418 -78.069656
v -69.373894 22.168583 -77.631226
v -68.841057 21.579052 -76.319931
v -68.737175 21.601646 -76.187668
v -68.737175 22.208267 -77.366684
v -68.834831 22.192825 -77.511414
v -68.841057 21.579052 -76.319931
v -68.834831 22.192825 -77.511414
v -69.373894 22.168583 -77.631226
v -69.320831 21.544575 -76.433289
v -68.841057 21.579052 -76.319931
v -68.926247 21.484516 -72.418945
v -68.737427 21.461750 -72.368378
v -68.737175 21.601646 -76.187668
v -68.926247 21.484516 -72.418945
v -68.841057 21.579052 -76.319931
v -69.320831 21.544575 -76.433289
v -69.243607 21.518593 -72.457550
v -73.509048 29.050383 -69.873825
v -71.483818 29.441305 -69.220917
v -71.484314 29.405386 -69.109070
v -73.450256 29.018698 -69.747528
v -71.483818 29.441305 -69.220917
v -73.509048 29.050383 -69.873825
v -73.497337 29.098612 -70.206635
v -71.442963 29.495489 -69.426178
v -73.509048 29.050383 -69.873825
v -75.651855 27.706059 -70.566849
v -75.617973 27.737221 -71.013992
v -73.497337 29.098612 -70.206635
v -75.651855 27.706059 -70.566849
v -73.509048 29.050383 -69.873825
v -73.450256 29.018698 -69.747528
v -75.567406 27.685955 -70.435318
v -75.651855 27.706059 -70.566849
v -77.511681 25.297428 -71.169434
v -77.457375 25.300121 -71.715958
v -75.617973 27.737221 -71.013992
v -77.511681 25.297428 -71.169434
v -75.651855 27.706059 -70.566849
v -75.567406 27.685955 -70.435318
v -77.406059 25.296234 -71.032913
v -77.511681 25.297428 -71.169434
v -77.965302 23.545368 -71.316650
v -77.905022 23.531395 -71.887344
v -77.457375 25.300121 -71.715958
v -77.855194 23.554661 -71.178894
v -77.965302 23.545368 -71.316650
v -77.511681 25.297428 -71.169434
v -77.406059 25.296234 -71.032913
v -77.905022 23.531395 -71.887344
v -77.965302 23.545368 -71.316650
v -77.547302 22.192848 -71.181625
v -77.494743 22.168610 -71.730911
v -77.439690 22.208267 -71.043884
v -77.547302 22.192848 -71.181625
v -77.965302 23.545368 -71.316650
v -77.855194 23.554661 -71.178894
v -77.494743 22.168610 -71.730911
v -77.547302 22.192848 -71.181625
v -76.412125 21.579075 -70.819183
v -76.371773 21.544624 -71.310165
v -76.318459 21.601646 -70.679688
v -76.412125 21.579075 -70.819183
v -77.547302 22.192848 -71.181625
v -77.439690 22.208267 -71.043884
v -76.412125 21.579075 -70.819183
v -72.675789 21.484543 -69.694717
v -72.614510 21.518593 -70.008591
v -76.371773 21.544624 -71.310165
v -72.686249 21.461750 -69.499420
v -72.675789 21.484543 -69.694717
v -76.412125 21.579075 -70.819183
v -76.318459 21.601646 -70.679688
v -71.788223 29.050383 -64.190231
v -70.541451 29.441305 -65.914536
v -70.435081 29.405386 -65.879410
v -71.649971 29.018698 -64.207428
v -72.101105 29.098612 -64.304321
v -70.724045 29.495489 -66.016922
v -70.541451 29.441305 -65.914536
v -71.788223 29.050383 -64.190231
v -73.109482 27.706059 -62.366528
v -73.524246 27.737221 -62.536915
v -72.101105 29.098612 -64.304321
v -71.788223 29.050383 -64.190231
v -71.788223 29.050383 -64.190231
v -71.649971 29.018698 -64.207428
v -72.958275 27.685955 -62.406384
v -73.109482 27.706059 -62.366528
v -73.524246 27.737221 -62.536915
v -73.109482 27.706059 -62.366528
v -74.257362 25.297428 -60.783955
v -74.760307 25.300121 -61.004665
v -73.109482 27.706059 -62.366528
v -72.958275 27.685955 -62.406384
v -74.094696 25.296234 -60.842251
v -74.257362 25.297428 -60.783955
v -74.537605 23.545368 -60.398090
v -75.061722 23.531395 -60.631748
v -74.760307 25.300121 -61.004665
v -74.257362 25.297428 -60.783955
v -74.257362 25.297428 -60.783955
v -74.094696 25.296234 -60.842251
v -74.372452 23.554661 -60.460117
v -74.537605 23.545368 -60.398090
v -74.537605 23.545368 -60.398090
v -74.280029 22.192848 -60.753819
v -74.786217 22.168610 -60.973530
v -75.061722 23.531395 -60.631748
v -74.537605 23.545368 -60.398090
v -74.372452 23.554661 -60.460117
v -74.115868 22.208267 -60.813602
v -74.280029 22.192848 -60.753819
v -74.039146 21.544624 -61.911655
v -74.786217 22.168610 -60.973530
v -74.280029 22.192848 -60.753819
v -73.584274 21.579075 -61.721348
v -73.584274 21.579075 -61.721348
v -74.280029 22.192848 -60.753819
v -74.115868 22.208267 -60.813602
v -73.422859 21.601646 -61.767429
v -73.584274 21.579075 -61.721348
v -71.360260 21.484516 -64.927338
v -71.640007 21.518593 -65.082779
v -74.039146 21.544624 -61.911655
v -73.584274 21.579075 -61.721348
v -73.422859 21.601646 -61.767429
v -71.177917 21.461750 -64.857086
v -71.360260 21.484516 -64.927338
v -67.039520 29.405386 -65.879410
v -65.824631 29.018698 -64.207428
v -65.851036 29.050383 -64.070419
v -67.105782 29.441305 -65.789246
v -66.056053 29.098612 -63.808353
v -67.259483 29.495489 -65.647247
v -67.105782 29.441305 -65.789246
v -65.851036 29.050383 -64.070419
v -64.815254 27.737221 -61.908665
v -66.056053 29.098612 -63.808353
v -65.851036 29.050383 -64.070419
v -64.525047 27.706059 -62.250446
v -64.516075 27.685955 -62.406384
v -64.525047 27.706059 -62.250446
v -65.851036 29.050383 -64.070419
v -65.824631 29.018698 -64.207428
v -63.739616 25.300121 -60.259586
v -64.815254 27.737221 -61.908665
v -64.525047 27.706059 -62.250446
v -63.374428 25.297428 -60.669865
v -63.379662 25.296234 -60.842251
v -63.374428 25.297428 -60.669865
v -64.525047 27.706059 -62.250446
v -64.516075 27.685955 -62.406384
v -63.374428 25.297428 -60.669865
v -63.093933 23.545368 -60.284000
v -63.478302 23.531395 -59.857784
v -63.739616 25.300121 -60.259586
v -63.379662 25.296234 -60.842251
v -63.102158 23.554661 -60.460117
v -63.093933 23.545368 -60.284000
v -63.374428 25.297428 -60.669865
v -63.478302 23.531395 -59.857784
v -63.093933 23.545368 -60.284000
v -63.352753 22.192848 -60.638981
v -63.718193 22.168610 -60.225460
v -63.358986 22.208267 -60.813602
v -63.352753 22.192848 -60.638981
v -63.093933 23.545368 -60.284000
v -63.102158 23.554661 -60.460117
v -64.057976 21.579075 -61.599529
v -64.379570 21.544601 -61.225872
v -63.718193 22.168610 -60.225460
v -63.352753 22.192848 -60.638981
v -63.352753 22.192848 -60.638981
v -63.358986 22.208267 -60.813602
v -64.051994 21.601646 -61.767429
v -64.057976 21.579075 -61.599529
v -66.654152 21.518593 -64.487411
v -64.379570 21.544601 -61.225872
v -64.057976 21.579075 -61.599529
v -66.419998 21.484516 -64.705383
v -64.057976 21.579075 -61.599529
v -64.051994 21.601646 -61.767429
v -66.296692 21.461750 -64.857086
v -66.419998 21.484516 -64.705383
v -64.024597 29.018698 -69.747787
v -63.902527 29.050383 -69.680023
v -65.924774 29.441305 -69.017899
v -65.990044 29.405386 -69.108826
v -63.716446 29.098612 -69.404022
v -65.837334 29.495489 -68.827835
v -65.924774 29.441305 -69.017899
v -63.902527 29.050383 -69.680023
v -61.526314 27.737221 -69.997131
v -63.716446 29.098612 -69.404022
v -63.902527 29.050383 -69.680023
v -61.761719 27.706059 -70.379013
v -61.761719 27.706059 -70.379013
v -63.902527 29.050383 -69.680023
v -64.024597 29.018698 -69.747787
v -61.907440 27.685955 -70.435562
v -59.902885 25.297428 -70.984589
v -59.625633 25.300121 -70.510544
v -61.526314 27.737221 -69.997131
v -61.761719 27.706059 -70.379013
v -61.907440 27.685955 -70.435562
v -60.068794 25.296234 -71.032913
v -59.902885 25.297428 -70.984589
v -61.761719 27.706059 -70.379013
v -59.625633 25.300121 -70.510544
v -59.902885 25.297428 -70.984589
v -59.449265 23.545368 -71.132065
v -59.162796 23.531395 -70.635101
v -59.619408 23.554661 -71.178894
v -59.449265 23.545368 -71.132065
v -59.902885 25.297428 -70.984589
v -60.068794 25.296234 -71.032913
v -59.449265 23.545368 -71.132065
v -59.866768 22.192848 -70.995804
v -59.586525 22.168610 -70.520264
v -59.162796 23.531395 -70.635101
v -59.449265 23.545368 -71.132065
v -59.619408 23.554661 -71.178894
v -60.034912 22.208267 -71.043884
v -59.866768 22.192848 -70.995804
v -60.742378 21.544601 -70.200653
v -59.586525 22.168610 -70.520264
v -59.866768 22.192848 -70.995804
v -60.998451 21.579075 -70.621887
v -61.156136 21.601646 -70.679688
v -60.998451 21.579075 -70.621887
v -59.866768 22.192848 -70.995804
v -60.034912 22.208267 -71.043884
v -64.547218 21.518593 -69.045303
v -60.742378 21.544601 -70.200653
v -60.998451 21.579075 -70.621887
v -64.681984 21.484516 -69.335266
v -60.998451 21.579075 -70.621887
v -61.156136 21.601646 -70.679688
v -64.788353 21.461750 -69.499420
v -64.681984 21.484516 -69.335266
v -68.315445 29.098612 -73.358322
v -68.422806 29.495489 -71.163193
v -68.630562 29.441305 -71.139038
v -68.635292 29.050383 -73.266647
v -68.635292 29.050383 -73.266647
v -68.630562 29.441305 -71.139038
v -68.737175 29.405386 -71.104904
v -68.737427 29.018698 -73.171738
v -68.635292 29.050383 -73.266647
v -68.638535 27.706059 -75.518814
v -68.202850 27.737221 -75.624680
v -68.315445 29.098612 -73.358322
v -68.635292 29.050383 -73.266647
v -68.737427 29.018698 -73.171738
v -68.737427 27.685955 -75.397751
v -68.638535 27.706059 -75.518814
v -68.640274 25.297428 -77.473801
v -68.103699 25.300121 -77.590881
v -68.202850 27.737221 -75.624680
v -68.638535 27.706059 -75.518814
v -68.737427 25.296234 -77.331055
v -68.640274 25.297428 -77.473801
v -68.638535 27.706059 -75.518814
v -68.737427 27.685955 -75.397751
v -68.079041 23.531395 -78.069656
v -68.103699 25.300121 -77.590881
v -68.640274 25.297428 -77.473801
v -68.640274 23.545368 -77.950836
v -68.737427 23.554661 -77.803360
v -68.640274 23.545368 -77.950836
v -68.640274 25.297428 -77.473801
v -68.737427 25.296234 -77.331055
v -68.640274 23.545368 -77.950836
v -68.639526 22.192848 -77.511414
v -68.100960 22.168610 -77.631226
v -68.079041 23.531395 -78.069656
v -68.640274 23.545368 -77.950836
v -68.737427 23.554661 -77.803360
v -68.737175 22.208267 -77.366684
v -68.639526 22.192848 -77.511414
v -68.154022 21.544601 -76.433289
v -68.100960 22.168610 -77.631226
v -68.639526 22.192848 -77.511414
v -68.633553 21.579075 -76.319931
v -68.633553 21.579075 -76.319931
v -68.639526 22.192848 -77.511414
v -68.737175 22.208267 -77.366684
v -68.737175 21.601646 -76.187668
v -68.154022 21.544601 -76.433289
v -68.633553 21.579075 -76.319931
v -68.548355 21.484516 -72.418945
v -68.230995 21.518593 -72.457550
v -68.548355 21.484516 -72.418945
v -68.633553 21.579075 -76.319931
v -68.737175 21.601646 -76.187668
v -68.737427 21.461750 -72.368378
v -73.572075 29.050337 -69.680023
v -71.549828 29.441305 -69.017899
v -71.637268 29.495512 -68.827835
v -73.758156 29.098562 -69.404266
v -71.549828 29.441305 -69.017899
v -73.572075 29.050337 -69.680023
v -73.450256 29.018698 -69.747528
v -71.484314 29.405386 -69.109070
v -73.572075 29.050337 -69.680023
v -75.712891 27.705982 -70.378769
v -75.567406 27.685955 -70.435318
v -73.450256 29.018698 -69.747528
v -75.712891 27.705982 -70.378769
v -73.572075 29.050337 -69.680023
v -73.758156 29.098562 -69.404266
v -75.948296 27.737122 -69.997375
v -77.571716 25.297405 -70.984589
v -77.406059 25.296234 -71.032913
v -75.567406 27.685955 -70.435318
v -75.712891 27.705982 -70.378769
v -77.848969 25.300095 -70.510544
v -77.571716 25.297405 -70.984589
v -75.712891 27.705982 -70.378769
v -75.948296 27.737122 -69.997375
v -77.855194 23.554661 -71.178894
v -77.406059 25.296234 -71.032913
v -77.571716 25.297405 -70.984589
v -78.025337 23.545368 -71.132065
v -77.571716 25.297405 -70.984589
v -77.848969 25.300095 -70.510544
v -78.312057 23.531418 -70.635101
v -78.025337 23.545368 -71.132065
v -78.025337 23.545368 -71.132065
v -77.607590 22.192825 -70.995804
v -77.439690 22.208267 -71.043884
v -77.855194 23.554661 -71.178894
v -77.607590 22.192825 -70.995804
v -78.025337 23.545368 -71.132065
v -78.312057 23.531418 -70.635101
v -77.888077 22.168583 -70.520264
v -77.607590 22.192825 -70.995804
v -76.476143 21.579052 -70.621887
v -76.318459 21.601646 -70.679688
v -77.439690 22.208267 -71.043884
v -76.476143 21.579052 -70.621887
v -77.607590 22.192825 -70.995804
v -77.888077 22.168583 -70.520264
v -76.732231 21.544575 -70.200653
v -76.476143 21.579052 -70.621887
v -72.792618 21.484543 -69.335266
v -72.686249 21.461750 -69.499420
v -76.318459 21.601646 -70.679688
v -72.792618 21.484543 -69.335266
v -76.476143 21.579052 -70.621887
v -76.732231 21.544575 -70.200653
v -72.927383 21.518593 -69.045303
v -71.623314 29.050337 -64.070419
v -70.368820 29.441305 -65.789246
v -70.215118 29.495512 -65.647247
v -71.418549 29.098562 -63.808353
v -71.623314 29.050337 -64.070419
v -71.649971 29.018698 -64.207428
v -70.435081 29.405386 -65.879410
v -70.368820 29.441305 -65.789246
v -71.649971 29.018698 -64.207428
v -71.623314 29.050337 -64.070419
v -72.949554 27.705982 -62.250195
v -72.958275 27.685955 -62.406384
v -72.949554 27.705982 -62.250195
v -71.623314 29.050337 -64.070419
v -71.418549 29.098562 -63.808353
v -72.659348 27.737122 -61.908665
v -72.949554 27.705982 -62.250195
v -74.100174 25.297405 -60.669621
v -74.094696 25.296234 -60.842251
v -72.958275 27.685955 -62.406384
v -74.100174 25.297405 -60.669621
v -72.949554 27.705982 -62.250195
v -72.659348 27.737122 -61.908665
v -73.734985 25.300095 -60.259586
v -74.100174 25.297405 -60.669621
v -74.380669 23.545368 -60.284000
v -74.372452 23.554661 -60.460117
v -74.094696 25.296234 -60.842251
v -74.380669 23.545368 -60.284000
v -74.100174 25.297405 -60.669621
v -73.734985 25.300095 -60.259586
v -73.996300 23.531418 -59.857784
v -74.380669 23.545368 -60.284000
v -74.121849 22.192825 -60.638981
v -74.115868 22.208267 -60.813602
v -74.372452 23.554661 -60.460117
v -74.121849 22.192825 -60.638981
v -74.380669 23.545368 -60.284000
v -73.996300 23.531418 -59.857784
v -73.756409 22.168583 -60.225460
v -74.121849 22.192825 -60.638981
v -73.416626 21.579052 -61.599529
v -73.422859 21.601646 -61.767429
v -74.115868 22.208267 -60.813602
v -73.416626 21.579052 -61.599529
v -74.121849 22.192825 -60.638981
v -73.756409 22.168583 -60.225460
v -73.095039 21.544575 -61.225872
v -71.054611 21.484516 -64.705383
v -71.177917 21.461750 -64.857086
v -73.422859 21.601646 -61.767429
v -73.416626 21.579052 -61.599529
v -73.416626 21.579052 -61.599529
v -73.095039 21.544575 -61.225872
v -70.820450 21.518593 -64.487411
v -71.054611 21.484516 -64.705383
v -66.933151 29.441305 -65.914536
v -66.750557 29.495512 -66.017181
v -65.373505 29.098562 -64.304077
v -65.686127 29.050337 -64.190231
v -65.824631 29.018698 -64.207428
v -67.039520 29.405386 -65.879410
v -66.933151 29.441305 -65.914536
v -65.686127 29.050337 -64.190231
v -64.516075 27.685955 -62.406384
v -65.824631 29.018698 -64.207428
v -65.686127 29.050337 -64.190231
v -64.364868 27.705982 -62.366528
v -65.373505 29.098562 -64.304077
v -63.950356 27.737122 -62.536915
v -64.364868 27.705982 -62.366528
v -65.686127 29.050337 -64.190231
v -63.379662 25.296234 -60.842251
v -64.516075 27.685955 -62.406384
v -64.364868 27.705982 -62.366528
v -63.217239 25.297405 -60.783955
v -63.950356 27.737122 -62.536915
v -62.714294 25.300095 -61.004665
v -63.217239 25.297405 -60.783955
v -64.364868 27.705982 -62.366528
v -62.936996 23.545368 -60.398090
v -63.102158 23.554661 -60.460117
v -63.379662 25.296234 -60.842251
v -63.217239 25.297405 -60.783955
v -62.714294 25.300095 -61.004665
v -62.412880 23.531418 -60.631748
v -62.936996 23.545368 -60.398090
v -63.217239 25.297405 -60.783955
v -63.358986 22.208267 -60.813602
v -63.102158 23.554661 -60.460117
v -62.936996 23.545368 -60.398090
v -63.194824 22.192825 -60.753819
v -62.688385 22.168560 -60.973530
v -63.194824 22.192825 -60.753819
v -62.936996 23.545368 -60.398090
v -62.412880 23.531418 -60.631748
v -63.890327 21.579052 -61.721348
v -64.051994 21.601646 -61.767429
v -63.358986 22.208267 -60.813602
v -63.194824 22.192825 -60.753819
v -63.890327 21.579052 -61.721348
v -63.194824 22.192825 -60.753819
v -62.688385 22.168560 -60.973530
v -63.435455 21.544575 -61.911655
v -66.296692 21.461750 -64.857086
v -64.051994 21.601646 -61.767429
v -63.890327 21.579052 -61.721348
v -66.114342 21.484516 -64.927338
v -63.435455 21.544575 -61.911655
v -65.834595 21.518593 -65.082779
v -66.114342 21.484516 -64.927338
v -63.890327 21.579052 -61.721348
v -65.990784 29.441305 -69.220917
v -66.031639 29.495512 -69.426178
v -63.977264 29.098562 -70.206390
v -63.965553 29.050337 -69.874084
v -64.024597 29.018698 -69.747787
v -65.990044 29.405386 -69.108826
v -65.990784 29.441305 -69.220917
v -63.965553 29.050337 -69.874084
v -64.024597 29.018698 -69.747787
v -63.965553 29.050337 -69.874084
v -61.822746 27.705982 -70.567093
v -61.907440 27.685955 -70.435562
v -63.977264 29.098562 -70.206390
v -61.856621 27.737122 -71.013992
v -61.822746 27.705982 -70.567093
v -63.965553 29.050337 -69.874084
v -59.962921 25.297405 -71.169434
v -60.068794 25.296234 -71.032913
v -61.907440 27.685955 -70.435562
v -61.822746 27.705982 -70.567093
v -61.856621 27.737122 -71.013992
v -60.017227 25.300095 -71.715958
v -59.962921 25.297405 -71.169434
v -61.822746 27.705982 -70.567093
v -59.962921 25.297405 -71.169434
v -59.509300 23.545368 -71.316650
v -59.619408 23.554661 -71.178894
v -60.068794 25.296234 -71.032913
v -59.509300 23.545368 -71.316650
v -59.962921 25.297405 -71.169434
v -60.017227 25.300095 -71.715958
v -59.569588 23.531418 -71.887344
v -60.034912 22.208267 -71.043884
v -59.619408 23.554661 -71.178894
v -59.509300 23.545368 -71.316650
v -59.927299 22.192825 -71.181381
v -59.569588 23.531418 -71.887344
v -59.979858 22.168583 -71.730911
v -59.927299 22.192825 -71.181381
v -59.509300 23.545368 -71.316650
v -61.156136 21.601646 -70.679688
v -60.034912 22.208267 -71.043884
v -59.927299 22.192825 -71.181381
v -61.062477 21.579052 -70.819183
v -59.927299 22.192825 -71.181381
v -59.979858 22.168583 -71.730911
v -61.102829 21.544575 -71.310425
v -61.062477 21.579052 -70.819183
v -64.788353 21.461750 -69.499420
v -61.156136 21.601646 -70.679688
v -61.062477 21.579052 -70.819183
v -64.798813 21.484516 -69.694717
v -61.062477 21.579052 -70.819183
v -61.102829 21.544575 -71.310425
v -64.860092 21.518593 -70.008591
v -64.798813 21.484516 -69.694717
v 65.764511 29.495089 -71.162949
v 64.843071 29.514841 -70.926544
v 63.948784 29.118364 -72.937576
v 65.657394 29.098162 -73.358063
v 65.544548 27.736847 -75.623932
v 65.657394 29.098162 -73.358063
v 63.948784 29.118364 -72.937576
v 63.032066 27.753117 -74.998428
v 63.032066 27.753117 -74.998428
v 62.235924 25.305996 -76.787018
v 65.445412 25.300045 -77.590134
v 65.544548 27.736847 -75.623932
v 62.041870 23.526810 -77.222702
v 65.420746 23.531544 -78.068909
v 65.445412 25.300045 -77.590134
v 62.235924 25.305996 -76.787018
v 65.420746 23.531544 -78.068909
v 62.041870 23.526810 -77.222702
v 62.219734 22.154636 -76.822891
v 65.442665 22.168835 -77.630478
v 62.219734 22.154636 -76.822891
v 62.704491 21.530079 -75.731552
v 65.495728 21.544876 -76.432297
v 65.442665 22.168835 -77.630478
v 65.495728 21.544876 -76.432297
v 62.704491 21.530079 -75.731552
v 64.286560 21.529804 -72.125992
v 65.572701 21.518917 -72.457062
v 62.247131 29.118364 -71.701263
v 63.948784 29.118364 -72.937576
v 64.843071 29.514841 -70.926544
v 63.883507 29.514818 -70.229309
v 63.948784 29.118364 -72.937576
v 62.247131 29.118364 -71.701263
v 60.570656 27.753117 -73.210098
v 63.032066 27.753117 -74.998428
v 59.115623 25.305996 -74.519897
v 62.235924 25.305996 -76.787018
v 63.032066 27.753117 -74.998428
v 60.570656 27.753117 -73.210098
v 62.041870 23.526810 -77.222702
v 62.235924 25.305996 -76.787018
v 59.115623 25.305996 -74.519897
v 58.760902 23.526810 -74.839249
v 62.219734 22.154636 -76.822891
v 62.041870 23.526810 -77.222702
v 58.760902 23.526810 -74.839249
v 59.086235 22.154663 -74.546310
v 59.086235 22.154663 -74.546310
v 59.974541 21.530102 -73.748169
v 62.704491 21.530079 -75.731552
v 62.219734 22.154636 -76.822891
v 59.974541 21.530102 -73.748169
v 62.914742 21.529827 -71.129074
v 64.286560 21.529804 -72.125992
v 62.704491 21.530079 -75.731552
v 63.883507 29.514818 -70.229309
v 63.373840 29.495089 -69.425934
v 61.319473 29.098238 -70.206390
v 62.247131 29.118364 -71.701263
v 59.199074 27.736946 -71.013748
v 60.570656 27.753117 -73.210098
v 62.247131 29.118364 -71.701263
v 61.319473 29.098238 -70.206390
v 59.199074 27.736946 -71.013748
v 57.359932 25.300095 -71.715714
v 59.115623 25.305996 -74.519897
v 60.570656 27.753117 -73.210098
v 58.760902 23.526810 -74.839249
v 59.115623 25.305996 -74.519897
v 57.359932 25.300095 -71.715714
v 56.912292 23.531544 -71.886856
v 58.760902 23.526810 -74.839249
v 56.912292 23.531544 -71.886856
v 57.322311 22.168861 -71.730667
v 59.086235 22.154663 -74.546310
v 57.322311 22.168861 -71.730667
v 58.445290 21.544926 -71.309921
v 59.974541 21.530102 -73.748169
v 59.086235 22.154663 -74.546310
v 62.202293 21.518917 -70.008347
v 62.914742 21.529827 -71.129074
v 59.974541 21.530102 -73.748169
v 58.445290 21.544926 -71.309921
v 63.179291 29.495089 -68.827835
v 63.119507 29.514841 -67.878250
v 60.930611 29.118364 -67.649307
v 61.058655 29.098162 -69.404022
v 58.868767 27.736847 -69.997131
v 61.058655 29.098162 -69.404022
v 60.930611 29.118364 -67.649307
v 58.687408 27.753117 -67.414154
v 56.740402 25.305996 -67.209641
v 56.968330 25.300045 -70.510300
v 58.868767 27.736847 -69.997131
v 58.687408 27.753117 -67.414154
v 56.740402 25.305996 -67.209641
v 56.265862 23.526810 -67.159821
v 56.505249 23.531544 -70.634842
v 56.968330 25.300045 -70.510300
v 56.265862 23.526810 -67.159821
v 56.701042 22.154636 -67.205399
v 56.929222 22.168835 -70.520264
v 56.505249 23.531544 -70.634842
v 58.084824 21.544876 -70.200409
v 56.929222 22.168835 -70.520264
v 56.701042 22.154636 -67.205399
v 57.888779 21.530079 -67.329208
v 61.889420 21.518917 -69.045303
v 58.084824 21.544876 -70.200409
v 57.888779 21.530079 -67.329208
v 61.806969 21.529827 -67.719559
v 61.580536 29.118364 -65.648743
v 60.930611 29.118364 -67.649307
v 63.119507 29.514841 -67.878250
v 63.486191 29.514841 -66.750290
v 60.930611 29.118364 -67.649307
v 61.580536 29.118364 -65.648743
v 59.627541 27.753117 -64.520554
v 58.687408 27.753117 -67.414154
v 59.627541 27.753117 -64.520554
v 57.932121 25.305996 -63.541561
v 56.740402 25.305996 -67.209641
v 58.687408 27.753117 -67.414154
v 56.740402 25.305996 -67.209641
v 57.932121 25.305996 -63.541561
v 57.518860 23.526810 -63.302921
v 56.265862 23.526810 -67.159821
v 56.265862 23.526810 -67.159821
v 57.518860 23.526810 -63.302921
v 57.897995 22.154663 -63.521877
v 56.701042 22.154636 -67.205399
v 57.897995 22.154663 -63.521877
v 58.931541 21.530102 -64.119736
v 57.888779 21.530079 -67.329208
v 56.701042 22.154636 -67.205399
v 57.888779 21.530079 -67.329208
v 58.931541 21.530102 -64.119736
v 62.330841 21.529827 -66.106842
v 61.806969 21.529827 -67.719559
v 61.580536 29.118364 -65.648743
v 63.486191 29.514841 -66.750290
v 64.092506 29.495089 -66.017181
v 62.715706 29.098238 -64.304565
v 62.715706 29.098238 -64.304565
v 61.292564 27.736946 -62.537418
v 59.627541 27.753117 -64.520554
v 61.580536 29.118364 -65.648743
v 61.292564 27.736946 -62.537418
v 60.056747 25.300095 -61.005169
v 57.932121 25.305996 -63.541561
v 59.627541 27.753117 -64.520554
v 60.056747 25.300095 -61.005169
v 59.755333 23.531544 -60.632259
v 57.518860 23.526810 -63.302921
v 57.932121 25.305996 -63.541561
v 60.030838 22.168861 -60.974277
v 57.897995 22.154663 -63.521877
v 57.518860 23.526810 -63.302921
v 59.755333 23.531544 -60.632259
v 60.030838 22.168861 -60.974277
v 60.777908 21.544926 -61.912159
v 58.931541 21.530102 -64.119736
v 57.897995 22.154663 -63.521877
v 63.176796 21.518917 -65.083023
v 62.330841 21.529827 -66.106842
v 58.931541 21.530102 -64.119736
v 60.777908 21.544926 -61.912159
v 64.601433 29.495089 -65.647507
v 65.486008 29.514841 -65.297256
v 65.027405 29.118364 -63.144733
v 63.398010 29.098162 -63.808598
v 65.027405 29.118364 -63.144733
v 64.557838 27.753117 -60.938404
v 62.157211 27.736847 -61.909176
v 63.398010 29.098162 -63.808598
v 64.150558 25.305996 -59.023525
v 61.081825 25.300045 -60.260342
v 62.157211 27.736847 -61.909176
v 64.557838 27.753117 -60.938404
v 64.150558 25.305996 -59.023525
v 64.051407 23.526810 -58.556957
v 60.820511 23.531544 -59.858532
v 61.081825 25.300045 -60.260342
v 61.060394 22.168835 -60.226208
v 60.820511 23.531544 -59.858532
v 64.051407 23.526810 -58.556957
v 64.142334 22.154636 -58.984913
v 61.060394 22.168835 -60.226208
v 64.142334 22.154636 -58.984913
v 64.391937 21.530079 -60.152721
v 61.721771 21.544876 -61.226368
v 61.721771 21.544876 -61.226368
v 64.391937 21.530079 -60.152721
v 65.231178 21.529804 -63.999660
v 63.996109 21.518917 -64.487671
v 67.130859 29.118364 -63.144733
v 65.027405 29.118364 -63.144733
v 65.486008 29.514841 -65.297256
v 66.672249 29.514818 -65.297256
v 67.600166 27.753117 -60.938404
v 64.557838 27.753117 -60.938404
v 65.027405 29.118364 -63.144733
v 67.130859 29.118364 -63.144733
v 67.600166 27.753117 -60.938404
v 68.007462 25.305996 -59.023525
v 64.150558 25.305996 -59.023525
v 64.557838 27.753117 -60.938404
v 64.051407 23.526810 -58.556957
v 64.150558 25.305996 -59.023525
v 68.007462 25.305996 -59.023525
v 68.106606 23.526810 -58.556957
v 68.015678 22.154663 -58.984913
v 64.142334 22.154636 -58.984913
v 64.051407 23.526810 -58.556957
v 68.106606 23.526810 -58.556957
v 64.142334 22.154636 -58.984913
v 68.015678 22.154663 -58.984913
v 67.766319 21.530102 -60.152721
v 64.391937 21.530079 -60.152721
v 64.391937 21.530079 -60.152721
v 67.766319 21.530102 -60.152721
v 66.926842 21.529804 -63.999660
v 65.231178 21.529804 -63.999660
v 67.130859 29.118364 -63.144733
v 66.672249 29.514818 -65.297256
v 67.556572 29.495089 -65.647507
v 68.760010 29.098238 -63.808598
v 67.130859 29.118364 -63.144733
v 68.760010 29.098238 -63.808598
v 70.000801 27.736946 -61.909176
v 67.600166 27.753117 -60.938404
v 67.600166 27.753117 -60.938404
v 70.000801 27.736946 -61.909176
v 71.076195 25.300095 -60.260342
v 68.007462 25.305996 -59.023525
v 71.337753 23.531544 -59.858532
v 68.106606 23.526810 -58.556957
v 68.007462 25.305996 -59.023525
v 71.076195 25.300095 -60.260342
v 71.337753 23.531544 -59.858532
v 71.097618 22.168861 -60.226208
v 68.015678 22.154663 -58.984913
v 68.106606 23.526810 -58.556957
v 71.097618 22.168861 -60.226208
v 70.436485 21.544926 -61.226368
v 67.766319 21.530102 -60.152721
v 68.015678 22.154663 -58.984913
v 66.926842 21.529804 -63.999660
v 67.766319 21.530102 -60.152721
v 70.436485 21.544926 -61.226368
v 68.162155 21.518917 -64.487671
v 70.577484 29.118364 -65.648743
v 69.442558 29.098162 -64.304565
v 68.065498 29.495089 -66.017181
v 68.672073 29.514841 -66.750290
v 72.530724 27.753117 -64.520554
v 70.865448 27.736847 -62.537418
v 69.442558 29.098162 -64.304565
v 70.577484 29.118364 -65.648743
v 72.530724 27.753117 -64.520554
v 74.225883 25.305996 -63.541561
v 72.101517 25.300045 -61.005169
v 70.865448 27.736847 -62.537418
v 74.639153 23.526810 -63.302921
v 72.402931 23.531544 -60.632259
v 72.101517 25.300045 -61.005169
v 74.225883 25.305996 -63.541561
v 72.127426 22.168835 -60.974277
v 72.402931 23.531544 -60.632259
v 74.639153 23.526810 -63.302921
v 74.260269 22.154636 -63.521877
v 71.380356 21.544876 -61.912159
v 72.127426 22.168835 -60.974277
v 74.260269 22.154636 -63.521877
v 73.226479 21.530079 -64.119980
v 71.380356 21.544876 -61.912159
v 73.226479 21.530079 -64.119980
v 69.827179 21.529804 -66.106842
v 68.981468 21.518917 -65.083023
v 70.577484 29.118364 -65.648743
v 68.672073 29.514841 -66.750290
v 69.038513 29.514818 -67.878250
v 71.227646 29.118364 -67.649307
v 71.227646 29.118364 -67.649307
v 73.470848 27.753117 -67.414154
v 72.530724 27.753117 -64.520554
v 70.577484 29.118364 -65.648743
v 74.225883 25.305996 -63.541561
v 72.530724 27.753117 -64.520554
v 73.470848 27.753117 -67.414154
v 75.417854 25.305996 -67.209641
v 75.417854 25.305996 -67.209641
v 75.892403 23.526810 -67.159821
v 74.639153 23.526810 -63.302921
v 74.225883 25.305996 -63.541561
v 75.457222 22.154663 -67.205399
v 74.260269 22.154636 -63.521877
v 74.639153 23.526810 -63.302921
v 75.892403 23.526810 -67.159821
v 74.260269 22.154636 -63.521877
v 75.457222 22.154663 -67.205399
v 74.269234 21.530102 -67.329208
v 73.226479 21.530079 -64.119980
v 74.269234 21.530102 -67.329208
v 70.351295 21.529804 -67.719559
v 69.827179 21.529804 -66.106842
v 73.226479 21.530079 -64.119980
v 71.227646 29.118364 -67.649307
v 69.038513 29.514818 -67.878250
v 68.978722 29.495089 -68.827835
v 71.099365 29.098238 -69.404022
v 73.289253 27.736946 -69.997131
v 73.470848 27.753117 -67.414154
v 71.227646 29.118364 -67.649307
v 71.099365 29.098238 -69.404022
v 75.189926 25.300095 -70.510300
v 75.417854 25.305996 -67.209641
v 73.470848 27.753117 -67.414154
v 73.289253 27.736946 -69.997131
v 75.652763 23.531544 -70.634842
v 75.892403 23.526810 -67.159821
v 75.417854 25.305996 -67.209641
v 75.189926 25.300095 -70.510300
v 75.229034 22.168861 -70.520264
v 75.457222 22.154663 -67.205399
v 75.892403 23.526810 -67.159821
v 75.652763 23.531544 -70.634842
v 75.457222 22.154663 -67.205399
v 75.229034 22.168861 -70.520264
v 74.073433 21.544926 -70.200409
v 74.269234 21.530102 -67.329208
v 70.268845 21.518917 -69.045303
v 70.351295 21.529804 -67.719559
v 74.269234 21.530102 -67.329208
v 74.073433 21.544926 -70.200409
v 68.784416 29.495089 -69.425934
v 68.274750 29.514841 -70.229309
v 69.910873 29.118364 -71.701263
v 70.838799 29.098162 -70.206390
v 69.910873 29.118364 -71.701263
v 71.587608 27.753117 -73.210098
v 72.959183 27.736847 -71.013748
v 70.838799 29.098162 -70.206390
v 72.959183 27.736847 -71.013748
v 71.587608 27.753117 -73.210098
v 73.042641 25.305996 -74.519897
v 74.798332 25.300045 -71.715469
v 74.798332 25.300045 -71.715469
v 73.042641 25.305996 -74.519897
v 73.397118 23.526810 -74.839249
v 75.245979 23.531544 -71.886856
v 75.245979 23.531544 -71.886856
v 73.397118 23.526810 -74.839249
v 73.072029 22.154636 -74.546310
v 74.835693 22.168835 -71.730667
v 74.835693 22.168835 -71.730667
v 73.072029 22.154636 -74.546310
v 72.183716 21.530079 -73.748169
v 73.712730 21.544876 -71.310165
v 73.712730 21.544876 -71.310165
v 72.183716 21.530079 -73.748169
v 69.243523 21.529804 -71.129074
v 69.955971 21.518917 -70.008347
v 69.910873 29.118364 -71.701263
v 68.274750 29.514841 -70.229309
v 67.315193 29.514818 -70.926544
v 68.209236 29.118364 -72.937576
v 71.587608 27.753117 -73.210098
v 69.910873 29.118364 -71.701263
v 68.209236 29.118364 -72.937576
v 69.126198 27.753117 -74.998428
v 73.042641 25.305996 -74.519897
v 71.587608 27.753117 -73.210098
v 69.126198 27.753117 -74.998428
v 69.922340 25.305996 -76.787018
v 70.116394 23.526810 -77.222702
v 73.397118 23.526810 -74.839249
v 73.042641 25.305996 -74.519897
v 69.922340 25.305996 -76.787018
v 73.397118 23.526810 -74.839249
v 70.116394 23.526810 -77.222702
v 69.938278 22.154663 -76.822891
v 73.072029 22.154636 -74.546310
v 69.453766 21.530102 -75.731552
v 72.183716 21.530079 -73.748169
v 73.072029 22.154636 -74.546310
v 69.938278 22.154663 -76.822891
v 72.183716 21.530079 -73.748169
v 69.453766 21.530102 -75.731552
v 67.871696 21.529804 -72.125992
v 69.243523 21.529804 -71.129074
v 66.393501 29.495089 -71.162949
v 66.500870 29.098238 -73.357819
v 68.209236 29.118364 -72.937576
v 67.315193 29.514818 -70.926544
v 69.126198 27.753117 -74.998428
v 68.209236 29.118364 -72.937576
v 66.500870 29.098238 -73.357819
v 66.613464 27.736946 -75.623932
v 66.613464 27.736946 -75.623932
v 66.712860 25.300095 -77.590134
v 69.922340 25.305996 -76.787018
v 69.126198 27.753117 -74.998428
v 66.737267 23.531544 -78.068909
v 70.116394 23.526810 -77.222702
v 69.922340 25.305996 -76.787018
v 66.712860 25.300095 -77.590134
v 66.715599 22.168861 -77.630478
v 69.938278 22.154663 -76.822891
v 70.116394 23.526810 -77.222702
v 66.737267 23.531544 -78.068909
v 69.938278 22.154663 -76.822891
v 66.715599 22.168861 -77.630478
v 66.662537 21.544926 -76.432541
v 69.453766 21.530102 -75.731552
v 69.453766 21.530102 -75.731552
v 66.662537 21.544926 -76.432541
v 66.585320 21.518917 -72.457062
v 67.871696 21.529804 -72.125992
v 65.972519 29.440908 -71.138535
v 65.977242 29.049959 -73.266403
v 66.079132 29.018324 -73.171234
v 66.079132 29.404985 -71.104660
v 65.657394 29.098162 -73.358063
v 65.977242 29.049959 -73.266403
v 65.972519 29.440908 -71.138535
v 65.764511 29.495089 -71.162949
v 65.980240 27.705734 -75.518066
v 66.078888 27.685707 -75.397247
v 66.079132 29.018324 -73.171234
v 65.977242 29.049959 -73.266403
v 65.544548 27.736847 -75.623932
v 65.980240 27.705734 -75.518066
v 65.977242 29.049959 -73.266403
v 65.657394 29.098162 -73.358063
v 65.981979 25.297379 -77.472794
v 66.078888 25.296207 -77.330307
v 66.078888 27.685707 -75.397247
v 65.980240 27.705734 -75.518066
v 65.544548 27.736847 -75.623932
v 65.445412 25.300045 -77.590134
v 65.981979 25.297379 -77.472794
v 65.980240 27.705734 -75.518066
v 66.079132 23.554810 -77.802612
v 66.078888 25.296207 -77.330307
v 65.981979 25.297379 -77.472794
v 65.981979 23.545517 -77.949844
v 65.981979 25.297379 -77.472794
v 65.445412 25.300045 -77.590134
v 65.420746 23.531544 -78.068909
v 65.981979 23.545517 -77.949844
v 65.981979 23.545517 -77.949844
v 65.981483 22.193073 -77.510666
v 66.079132 22.208519 -77.365692
v 66.079132 23.554810 -77.802612
v 65.981483 22.193073 -77.510666
v 65.981979 23.545517 -77.949844
v 65.420746 23.531544 -78.068909
v 65.442665 22.168835 -77.630478
v 65.975502 21.579376 -76.319199
v 66.079132 21.601971 -76.186920
v 66.079132 22.208519 -77.365692
v 65.981483 22.193073 -77.510666
v 65.975502 21.579376 -76.319199
v 65.981483 22.193073 -77.510666
v 65.442665 22.168835 -77.630478
v 65.495728 21.544876 -76.432297
v 65.975502 21.579376 -76.319199
v 65.890060 21.484840 -72.418442
v 66.079132 21.462070 -72.367874
v 66.079132 21.601971 -76.186920
v 65.890060 21.484840 -72.418442
v 65.975502 21.579376 -76.319199
v 65.495728 21.544876 -76.432297
v 65.572701 21.518917 -72.457062
v 61.307755 29.050013 -69.873825
v 63.332733 29.440882 -69.220917
v 63.332237 29.404985 -69.108826
v 61.366547 29.018324 -69.747284
v 63.332733 29.440882 -69.220917
v 61.307755 29.050013 -69.873825
v 61.319473 29.098238 -70.206390
v 63.373840 29.495089 -69.425934
v 61.307755 29.050013 -69.873825
v 59.165199 27.705811 -70.566589
v 59.199074 27.736946 -71.013748
v 61.319473 29.098238 -70.206390
v 59.165199 27.705811 -70.566589
v 61.307755 29.050013 -69.873825
v 61.366547 29.018324 -69.747284
v 59.249649 27.685707 -70.435318
v 59.165199 27.705811 -70.566589
v 57.305626 25.297405 -71.169189
v 57.359932 25.300095 -71.715714
v 59.199074 27.736946 -71.013748
v 57.305626 25.297405 -71.169189
v 59.165199 27.705811 -70.566589
v 59.249649 27.685707 -70.435318
v 57.411247 25.296207 -71.032669
v 57.305626 25.297405 -71.169189
v 56.851997 23.545490 -71.316406
v 56.912292 23.531544 -71.886856
v 57.359932 25.300095 -71.715714
v 56.962105 23.554810 -71.178650
v 56.851997 23.545490 -71.316406
v 57.305626 25.297405 -71.169189
v 57.411247 25.296207 -71.032669
v 56.912292 23.531544 -71.886856
v 56.851997 23.545490 -71.316406
v 57.269753 22.193096 -71.181381
v 57.322311 22.168861 -71.730667
v 57.377373 22.208519 -71.043625
v 57.269753 22.193096 -71.181381
v 56.851997 23.545490 -71.316406
v 56.962105 23.554810 -71.178650
v 57.322311 22.168861 -71.730667
v 57.269753 22.193096 -71.181381
v 58.404930 21.579403 -70.818939
v 58.445290 21.544926 -71.309921
v 58.498589 21.601971 -70.679428
v 58.404930 21.579403 -70.818939
v 57.269753 22.193096 -71.181381
v 57.377373 22.208519 -71.043625
v 58.404930 21.579403 -70.818939
v 62.141014 21.484840 -69.694473
v 62.202293 21.518917 -70.008347
v 58.445290 21.544926 -71.309921
v 62.130554 21.462070 -69.499176
v 62.141014 21.484840 -69.694473
v 58.404930 21.579403 -70.818939
v 58.498589 21.601971 -70.679428
v 63.028336 29.050013 -64.190735
v 64.275108 29.440882 -65.914795
v 64.381477 29.404963 -65.879669
v 63.166832 29.018324 -64.207672
v 62.715706 29.098238 -64.304565
v 64.092506 29.495089 -66.017181
v 64.275108 29.440882 -65.914795
v 63.028336 29.050013 -64.190735
v 61.707329 27.705811 -62.367031
v 61.292564 27.736946 -62.537418
v 62.715706 29.098238 -64.304565
v 63.028336 29.050013 -64.190735
v 63.028336 29.050013 -64.190735
v 63.166832 29.018324 -64.207672
v 61.858284 27.685707 -62.406879
v 61.707329 27.705811 -62.367031
v 61.292564 27.736946 -62.537418
v 61.707329 27.705811 -62.367031
v 60.559700 25.297405 -60.784710
v 60.056747 25.300095 -61.005169
v 61.707329 27.705811 -62.367031
v 61.858284 27.685707 -62.406879
v 60.722115 25.296207 -60.842999
v 60.559700 25.297405 -60.784710
v 60.279449 23.545490 -60.398838
v 59.755333 23.531544 -60.632259
v 60.056747 25.300095 -61.005169
v 60.559700 25.297405 -60.784710
v 60.559700 25.297405 -60.784710
v 60.722115 25.296207 -60.842999
v 60.444359 23.554810 -60.460865
v 60.279449 23.545490 -60.398838
v 60.279449 23.545490 -60.398838
v 60.537025 22.193096 -60.754566
v 60.030838 22.168861 -60.974277
v 59.755333 23.531544 -60.632259
v 60.279449 23.545490 -60.398838
v 60.444359 23.554810 -60.460865
v 60.701180 22.208519 -60.814350
v 60.537025 22.193096 -60.754566
v 60.777908 21.544926 -61.912159
v 60.030838 22.168861 -60.974277
v 60.537025 22.193096 -60.754566
v 61.232529 21.579403 -61.721844
v 61.232529 21.579403 -61.721844
v 60.537025 22.193096 -60.754566
v 60.701180 22.208519 -60.814350
v 61.393944 21.601971 -61.767925
v 61.232529 21.579403 -61.721844
v 63.456291 21.484840 -64.927582
v 63.176796 21.518917 -65.083023
v 60.777908 21.544926 -61.912159
v 61.232529 21.579403 -61.721844
v 61.393944 21.601971 -61.767925
v 63.638893 21.462070 -64.857590
v 63.456291 21.484840 -64.927582
v 67.776794 29.404985 -65.879669
v 68.991676 29.018324 -64.207672
v 68.965019 29.050013 -64.070908
v 67.710526 29.440882 -65.789246
v 68.760010 29.098238 -63.808598
v 67.556572 29.495089 -65.647507
v 67.710526 29.440882 -65.789246
v 68.965019 29.050013 -64.070908
v 70.000801 27.736946 -61.909176
v 68.760010 29.098238 -63.808598
v 68.965019 29.050013 -64.070908
v 70.291008 27.705811 -62.250942
v 70.299980 27.685707 -62.406879
v 70.291008 27.705811 -62.250942
v 68.965019 29.050013 -64.070908
v 68.991676 29.018324 -64.207672
v 71.076195 25.300095 -60.260342
v 70.000801 27.736946 -61.909176
v 70.291008 27.705811 -62.250942
v 71.441383 25.297405 -60.670361
v 71.436150 25.296207 -60.842999
v 71.441383 25.297405 -60.670361
v 70.291008 27.705811 -62.250942
v 70.299980 27.685707 -62.406879
v 71.441383 25.297405 -60.670361
v 71.721878 23.545490 -60.284748
v 71.337753 23.531544 -59.858532
v 71.076195 25.300095 -60.260342
v 71.436150 25.296207 -60.842999
v 71.713654 23.554810 -60.460865
v 71.721878 23.545490 -60.284748
v 71.441383 25.297405 -60.670361
v 71.337753 23.531544 -59.858532
v 71.721878 23.545490 -60.284748
v 71.463058 22.193096 -60.639721
v 71.097618 22.168861 -60.226208
v 71.456825 22.208519 -60.814098
v 71.463058 22.193096 -60.639721
v 71.721878 23.545490 -60.284748
v 71.713654 23.554810 -60.460865
v 70.757835 21.579403 -61.600033
v 70.436485 21.544926 -61.226368
v 71.097618 22.168861 -60.226208
v 71.463058 22.193096 -60.639721
v 71.463058 22.193096 -60.639721
v 71.456825 22.208519 -60.814098
v 70.764061 21.601971 -61.767925
v 70.757835 21.579403 -61.600033
v 68.162155 21.518917 -64.487671
v 70.436485 21.544926 -61.226368
v 70.757835 21.579403 -61.600033
v 68.396309 21.484840 -64.705627
v 70.757835 21.579403 -61.600033
v 70.764061 21.601971 -61.767925
v 68.519371 21.462070 -64.857590
v 68.396309 21.484840 -64.705627
v 70.791466 29.018324 -69.747528
v 70.913528 29.050013 -69.680023
v 68.891289 29.440882 -69.017899
v 68.826019 29.404963 -69.108826
v 71.099365 29.098238 -69.404022
v 68.978722 29.495089 -68.827835
v 68.891289 29.440882 -69.017899
v 70.913528 29.050013 -69.680023
v 73.289253 27.736946 -69.997131
v 71.099365 29.098238 -69.404022
v 70.913528 29.050013 -69.680023
v 73.054092 27.705811 -70.378769
v 73.054092 27.705811 -70.378769
v 70.913528 29.050013 -69.680023
v 70.791466 29.018324 -69.747528
v 72.908371 27.685707 -70.435318
v 74.912674 25.297405 -70.984344
v 75.189926 25.300095 -70.510300
v 73.289253 27.736946 -69.997131
v 73.054092 27.705811 -70.378769
v 72.908371 27.685707 -70.435318
v 74.747017 25.296207 -71.032669
v 74.912674 25.297405 -70.984344
v 73.054092 27.705811 -70.378769
v 75.189926 25.300095 -70.510300
v 74.912674 25.297405 -70.984344
v 75.366287 23.545490 -71.131805
v 75.652763 23.531544 -70.634842
v 75.196159 23.554810 -71.178650
v 75.366287 23.545490 -71.131805
v 74.912674 25.297405 -70.984344
v 74.747017 25.296207 -71.032669
v 75.366287 23.545490 -71.131805
v 74.948792 22.193096 -70.995560
v 75.229034 22.168861 -70.520264
v 75.652763 23.531544 -70.634842
v 75.366287 23.545490 -71.131805
v 75.196159 23.554810 -71.178650
v 74.780891 22.208519 -71.043625
v 74.948792 22.193096 -70.995560
v 74.073433 21.544926 -70.200409
v 75.229034 22.168861 -70.520264
v 74.948792 22.193096 -70.995560
v 73.817352 21.579403 -70.621643
v 73.659668 21.601971 -70.679428
v 73.817352 21.579403 -70.621643
v 74.948792 22.193096 -70.995560
v 74.780891 22.208519 -71.043625
v 70.268845 21.518917 -69.045303
v 74.073433 21.544926 -70.200409
v 73.817352 21.579403 -70.621643
v 70.134071 21.484840 -69.335266
v 73.817352 21.579403 -70.621643
v 73.659668 21.601971 -70.679428
v 70.027458 21.462070 -69.499176
v 70.134071 21.484840 -69.335266
v 66.500870 29.098238 -73.357819
v 66.393501 29.495089 -71.162949
v 66.185745 29.440882 -71.138794
v 66.181015 29.050013 -73.266403
v 66.181015 29.050013 -73.266403
v 66.185745 29.440882 -71.138794
v 66.079132 29.404985 -71.104660
v 66.079132 29.018324 -73.171234
v 66.181015 29.050013 -73.266403
v 66.177780 27.705811 -75.518066
v 66.613464 27.736946 -75.623932
v 66.500870 29.098238 -73.357819
v 66.181015 29.050013 -73.266403
v 66.079132 29.018324 -73.171234
v 66.078888 27.685707 -75.397247
v 66.177780 27.705811 -75.518066
v 66.176277 25.297405 -77.472794
v 66.712860 25.300095 -77.590134
v 66.613464 27.736946 -75.623932
v 66.177780 27.705811 -75.518066
v 66.078888 25.296207 -77.330307
v 66.176277 25.297405 -77.472794
v 66.177780 27.705811 -75.518066
v 66.078888 27.685707 -75.397247
v 66.737267 23.531544 -78.068909
v 66.712860 25.300095 -77.590134
v 66.176277 25.297405 -77.472794
v 66.176033 23.545490 -77.949844
v 66.079132 23.554810 -77.802612
v 66.176033 23.545490 -77.949844
v 66.176277 25.297405 -77.472794
v 66.078888 25.296207 -77.330307
v 66.176033 23.545490 -77.949844
v 66.176781 22.193096 -77.510666
v 66.715599 22.168861 -77.630478
v 66.737267 23.531544 -78.068909
v 66.176033 23.545490 -77.949844
v 66.079132 23.554810 -77.802612
v 66.079132 22.208519 -77.365692
v 66.176781 22.193096 -77.510666
v 66.662537 21.544926 -76.432541
v 66.715599 22.168861 -77.630478
v 66.176781 22.193096 -77.510666
v 66.182762 21.579403 -76.319199
v 66.182762 21.579403 -76.319199
v 66.176781 22.193096 -77.510666
v 66.079132 22.208519 -77.365692
v 66.079132 21.601971 -76.186920
v 66.662537 21.544926 -76.432541
v 66.182762 21.579403 -76.319199
v 66.267952 21.484840 -72.418442
v 66.585320 21.518917 -72.457062
v 66.267952 21.484840 -72.418442
v 66.182762 21.579403 -76.319199
v 66.079132 21.601971 -76.186920
v 66.079132 21.462070 -72.367874
v 61.244736 29.049959 -69.679779
v 63.266731 29.440908 -69.017899
v 63.179291 29.495089 -68.827835
v 61.058655 29.098162 -69.404022
v 63.266731 29.440908 -69.017899
v 61.244736 29.049959 -69.679779
v 61.366547 29.018324 -69.747284
v 63.332237 29.404985 -69.108826
v 61.244736 29.049959 -69.679779
v 59.104172 27.705734 -70.378525
v 59.249649 27.685707 -70.435318
v 61.366547 29.018324 -69.747284
v 59.104172 27.705734 -70.378525
v 61.244736 29.049959 -69.679779
v 61.058655 29.098162 -69.404022
v 58.868767 27.736847 -69.997131
v 57.245590 25.297379 -70.984344
v 57.411247 25.296207 -71.032669
v 59.249649 27.685707 -70.435318
v 59.104172 27.705734 -70.378525
v 56.968330 25.300045 -70.510300
v 57.245590 25.297379 -70.984344
v 59.104172 27.705734 -70.378525
v 58.868767 27.736847 -69.997131
v 56.962105 23.554810 -71.178650
v 57.411247 25.296207 -71.032669
v 57.245590 25.297379 -70.984344
v 56.791969 23.545517 -71.131805
v 57.245590 25.297379 -70.984344
v 56.968330 25.300045 -70.510300
v 56.505249 23.531544 -70.634842
v 56.791969 23.545517 -71.131805
v 56.791969 23.545517 -71.131805
v 57.209473 22.193073 -70.995560
v 57.377373 22.208519 -71.043625
v 56.962105 23.554810 -71.178650
v 57.209473 22.193073 -70.995560
v 56.791969 23.545517 -71.131805
v 56.505249 23.531544 -70.634842
v 56.929222 22.168835 -70.520264
v 57.209473 22.193073 -70.995560
v 58.340904 21.579376 -70.621643
v 58.498589 21.601971 -70.679428
v 57.377373 22.208519 -71.043625
v 58.340904 21.579376 -70.621643
v 57.209473 22.193073 -70.995560
v 56.929222 22.168835 -70.520264
v 58.084824 21.544876 -70.200409
v 58.340904 21.579376 -70.621643
v 62.024185 21.484840 -69.335266
v 62.130554 21.462070 -69.499176
v 58.498589 21.601971 -70.679428
v 62.024185 21.484840 -69.335266
v 58.340904 21.579376 -70.621643
v 58.084824 21.544876 -70.200409
v 61.889420 21.518917 -69.045303
v 63.193237 29.049959 -64.070908
v 64.447739 29.440908 -65.789490
v 64.601433 29.495089 -65.647507
v 63.398010 29.098162 -63.808598
v 63.193237 29.049959 -64.070908
v 63.166832 29.018324 -64.207672
v 64.381477 29.404963 -65.879669
v 64.447739 29.440908 -65.789490
v 63.166832 29.018324 -64.207672
v 63.193237 29.049959 -64.070908
v 61.867249 27.705734 -62.250942
v 61.858284 27.685707 -62.406879
v 61.867249 27.705734 -62.250942
v 63.193237 29.049959 -64.070908
v 63.398010 29.098162 -63.808598
v 62.157211 27.736847 -61.909176
v 61.867249 27.705734 -62.250942
v 60.716873 25.297379 -60.670361
v 60.722115 25.296207 -60.842999
v 61.858284 27.685707 -62.406879
v 60.716873 25.297379 -60.670361
v 61.867249 27.705734 -62.250942
v 62.157211 27.736847 -61.909176
v 61.081825 25.300045 -60.260342
v 60.716873 25.297379 -60.670361
v 60.436386 23.545517 -60.284748
v 60.444359 23.554810 -60.460865
v 60.722115 25.296207 -60.842999
v 60.436386 23.545517 -60.284748
v 60.716873 25.297379 -60.670361
v 61.081825 25.300045 -60.260342
v 60.820511 23.531544 -59.858532
v 60.436386 23.545517 -60.284748
v 60.694962 22.193073 -60.639721
v 60.701180 22.208519 -60.814350
v 60.444359 23.554810 -60.460865
v 60.694962 22.193073 -60.639721
v 60.436386 23.545517 -60.284748
v 60.820511 23.531544 -59.858532
v 61.060394 22.168835 -60.226208
v 60.694962 22.193073 -60.639721
v 61.400177 21.579376 -61.600033
v 61.393944 21.601971 -61.767925
v 60.701180 22.208519 -60.814350
v 61.400177 21.579376 -61.600033
v 60.694962 22.193073 -60.639721
v 61.060394 22.168835 -60.226208
v 61.721771 21.544876 -61.226368
v 63.761948 21.484840 -64.705627
v 63.638893 21.462070 -64.857590
v 61.393944 21.601971 -61.767925
v 61.400177 21.579376 -61.600033
v 61.400177 21.579376 -61.600033
v 61.721771 21.544876 -61.226368
v 63.996109 21.518917 -64.487671
v 63.761948 21.484840 -64.705627
v 67.883156 29.440908 -65.914795
v 68.065498 29.495089 -66.017181
v 69.442558 29.098162 -64.304565
v 69.129929 29.049959 -64.190735
v 68.991676 29.018324 -64.207672
v 67.776794 29.404985 -65.879669
v 67.883156 29.440908 -65.914795
v 69.129929 29.049959 -64.190735
v 70.299980 27.685707 -62.406879
v 68.991676 29.018324 -64.207672
v 69.129929 29.049959 -64.190735
v 70.450935 27.705734 -62.367031
v 69.442558 29.098162 -64.304565
v 70.865448 27.736847 -62.537418
v 70.450935 27.705734 -62.367031
v 69.129929 29.049959 -64.190735
v 71.436150 25.296207 -60.842999
v 70.299980 27.685707 -62.406879
v 70.450935 27.705734 -62.367031
v 71.598572 25.297379 -60.784710
v 70.865448 27.736847 -62.537418
v 72.101517 25.300045 -61.005169
v 71.598572 25.297379 -60.784710
v 70.450935 27.705734 -62.367031
v 71.878807 23.545517 -60.398838
v 71.713654 23.554810 -60.460865
v 71.436150 25.296207 -60.842999
v 71.598572 25.297379 -60.784710
v 72.101517 25.300045 -61.005169
v 72.402931 23.531544 -60.632259
v 71.878807 23.545517 -60.398838
v 71.598572 25.297379 -60.784710
v 71.456825 22.208519 -60.814098
v 71.713654 23.554810 -60.460865
v 71.878807 23.545517 -60.398838
v 71.620995 22.193073 -60.754314
v 72.127426 22.168835 -60.974277
v 71.620995 22.193073 -60.754314
v 71.878807 23.545517 -60.398838
v 72.402931 23.531544 -60.632259
v 70.925735 21.579350 -61.722088
v 70.764061 21.601971 -61.767925
v 71.456825 22.208519 -60.814098
v 71.620995 22.193073 -60.754314
v 70.925735 21.579350 -61.722088
v 71.620995 22.193073 -60.754314
v 72.127426 22.168835 -60.974277
v 71.380356 21.544876 -61.912159
v 68.519371 21.462070 -64.857590
v 70.764061 21.601971 -61.767925
v 70.925735 21.579350 -61.722088
v 68.701965 21.484840 -64.927582
v 71.380356 21.544876 -61.912159
v 68.981468 21.518917 -65.083023
v 68.701965 21.484840 -64.927582
v 70.925735 21.579350 -61.722088
v 68.825523 29.440908 -69.220673
v 68.784416 29.495089 -69.425934
v 70.838799 29.098162 -70.206390
v 70.850510 29.049959 -69.873825
v 70.791466 29.018324 -69.747528
v 68.826019 29.404963 -69.108826
v 68.825523 29.440908 -69.220673
v 70.850510 29.049959 -69.873825
v 70.791466 29.018324 -69.747528
v 70.850510 29.049959 -69.873825
v 72.993057 27.705734 -70.566849
v 72.908371 27.685707 -70.435318
v 70.838799 29.098162 -70.206390
v 72.959183 27.736847 -71.013748
v 72.993057 27.705734 -70.566849
v 70.850510 29.049959 -69.873825
v 74.852638 25.297379 -71.169189
v 74.747017 25.296207 -71.032669
v 72.908371 27.685707 -70.435318
v 72.993057 27.705734 -70.566849
v 72.959183 27.736847 -71.013748
v 74.798332 25.300045 -71.715469
v 74.852638 25.297379 -71.169189
v 72.993057 27.705734 -70.566849
v 74.852638 25.297379 -71.169189
v 75.306259 23.545517 -71.316406
v 75.196159 23.554810 -71.178650
v 74.747017 25.296207 -71.032669
v 75.306259 23.545517 -71.316406
v 74.852638 25.297379 -71.169189
v 74.798332 25.300045 -71.715469
v 75.245979 23.531544 -71.886856
v 74.780891 22.208519 -71.043625
v 75.196159 23.554810 -71.178650
v 75.306259 23.545517 -71.316406
v 74.888260 22.193073 -71.181137
v 75.245979 23.531544 -71.886856
v 74.835693 22.168835 -71.730667
v 74.888260 22.193073 -71.181137
v 75.306259 23.545517 -71.316406
v 73.659668 21.601971 -70.679428
v 74.780891 22.208519 -71.043625
v 74.888260 22.193073 -71.181137
v 73.753334 21.579350 -70.818939
v 74.888260 22.193073 -71.181137
v 74.835693 22.168835 -71.730667
v 73.712730 21.544876 -71.310165
v 73.753334 21.579350 -70.818939
v 70.027458 21.462070 -69.499176
v 73.659668 21.601971 -70.679428
v 73.753334 21.579350 -70.818939
v 70.017242 21.484840 -69.694473
v 73.753334 21.579350 -70.818939
v 73.712730 21.544876 -71.310165
v 69.955971 21.518917 -70.008347
v 70.017242 21.484840 -69.694473
vn -0.2048 0.2349 0.9502
vn -0.0000 0.3183 0.9480
vn -0.0000 0.7194 0.6945
vn -0.1375 0.6681 0.7313
vn -0.2323 0.0315 0.9721
vn -0.0000 0.0427 0.9991
vn -0.2440 -0.2731 0.9305
vn -0.0000 -0.3302 0.9439
vn -0.0000 -0.8520 0.5236
vn -0.0439 -0.8490 0.5266
vn -0.0000 0.9683 0.2497
vn -0.0699 0.9636 0.2582
vn -0.6795 -0.2086 0.7033
vn -0.3943 -0.7968 0.4578
vn -0.6712 0.0263 0.7408
vn -0.6781 0.1727 0.7144
vn -0.5425 0.5925 0.5955
vn -0.2268 0.9395 0.2566
vn -0.0349 0.9991 0.0243
vn -0.2807 0.9571 0.0724
vn -0.2268 0.9395 0.2565
vn -0.0000 0.9988 0.0483
vn -0.7017 0.6949 0.1572
vn -0.9393 0.2375 0.2475
vn -0.9580 0.0196 0.2862
vn -0.6796 -0.2086 0.7033
vn -0.9179 -0.2795 0.2817
vn -0.4678 -0.8802 0.0798
vn -0.0162 -0.9979 0.0630
vn -0.0000 -0.9913 0.1318
vn -0.3327 0.9430 -0.0011
vn -0.7258 0.6879 -0.0008
vn -0.9398 0.3417 0.0004
vn -0.9995 0.0304 0.0017
vn -0.9268 -0.3754 0.0028
vn -0.4492 -0.8934 0.0009
vn -0.0512 -0.9987 0.0001
vn -0.9099 -0.3400 -0.2376
vn -0.4867 -0.8648 -0.1232
vn -0.9723 0.0392 -0.2305
vn -0.9163 0.3300 -0.2271
vn -0.7183 0.6868 -0.1113
vn -0.0853 0.9964 -0.0005
vn -0.4208 0.9069 -0.0233
vn -0.3087 0.9434 -0.1214
vn -0.5596 0.7439 -0.3654
vn -0.7147 0.3505 -0.6053
vn -0.7358 0.0739 -0.6731
vn -0.7210 -0.1774 -0.6698
vn -0.3854 -0.8155 -0.4319
vn -0.0576 0.9977 -0.0346
vn -0.3087 0.9434 -0.1215
vn -0.1090 0.9532 -0.2820
vn -0.2103 0.7756 -0.5952
vn -0.5595 0.7439 -0.3654
vn -0.3085 0.4028 -0.8617
vn -0.0000 0.4081 -0.9129
vn -0.0000 0.7574 -0.6530
vn -0.2911 0.0651 -0.9545
vn -0.7357 0.0739 -0.6732
vn -0.0000 0.0454 -0.9990
vn -0.7210 -0.1774 -0.6699
vn -0.2701 -0.2946 -0.9167
vn -0.0000 -0.3754 -0.9269
vn -0.3854 -0.8154 -0.4319
vn -0.0942 -0.8249 -0.5573
vn -0.0000 -0.8751 -0.4839
vn -0.0194 -0.9964 -0.0831
vn -0.0194 -0.9964 -0.0830
vn -0.0000 -0.9894 -0.1455
vn -0.0000 0.9973 -0.0741
vn -0.0000 0.9536 -0.3010
vn 0.2048 0.2349 0.9502
vn 0.1375 0.6681 0.7313
vn 0.2323 0.0315 0.9721
vn 0.2440 -0.2732 0.9305
vn 0.0439 -0.8490 0.5266
vn 0.0699 0.9636 0.2582
vn 0.6795 -0.2086 0.7034
vn 0.3943 -0.7968 0.4578
vn 0.6712 0.0263 0.7408
vn 0.6781 0.1727 0.7144
vn 0.5425 0.5925 0.5955
vn 0.2268 0.9396 0.2565
vn 0.0349 0.9991 0.0243
vn 0.2807 0.9571 0.0724
vn 0.2268 0.9395 0.2566
vn 0.5425 0.5926 0.5955
vn 0.7017 0.6949 0.1572
vn 0.9393 0.2376 0.2475
vn 0.9580 0.0197 0.2862
vn 0.6796 -0.2086 0.7033
vn 0.9179 -0.2794 0.2817
vn 0.3944 -0.7968 0.4577
vn 0.4679 -0.8802 0.0798
vn 0.0162 -0.9979 0.0630
vn 0.7259 0.6878 -0.0008
vn 0.3327 0.9430 -0.0012
vn 0.9398 0.3418 0.0004
vn 0.9995 0.0304 0.0017
vn 0.9269 -0.3754 0.0028
vn 0.4492 -0.8934 0.0009
vn 0.0512 -0.9987 0.0001
vn 0.9099 -0.3400 -0.2376
vn 0.4867 -0.8648 -0.1232
vn 0.9723 0.0392 -0.2305
vn 0.9163 0.3300 -0.2270
vn 0.7183 0.6868 -0.1113
vn 0.0853 0.9964 -0.0005
vn 0.4208 0.9068 -0.0233
vn 0.5596 0.7439 -0.3654
vn 0.3087 0.9434 -0.1215
vn 0.7147 0.3505 -0.6052
vn 0.7358 0.0739 -0.6731
vn 0.7210 -0.1774 -0.6698
vn 0.3854 -0.8155 -0.4319
vn 0.0576 0.9977 -0.0346
vn 0.2103 0.7756 -0.5952
vn 0.1090 0.9532 -0.2820
vn 0.5595 0.7439 -0.3654
vn 0.7147 0.3505 -0.6053
vn 0.3085 0.4028 -0.8618
vn 0.7357 0.0739 -0.6732
vn 0.2911 0.0651 -0.9545
vn 0.2701 -0.2946 -0.9167
vn 0.3853 -0.8154 -0.4320
vn 0.0942 -0.8249 -0.5573
vn 0.0194 -0.9964 -0.0831
vn 0.0194 -0.9964 -0.0830
vn 1.0000 0.0006 -0.0000
vn -0.0006 0.0007 -1.0000
vn -0.0000 0.0006 -1.0000
vn -0.0000 0.0007 1.0000
vn -0.0000 0.0008 1.0000
vn -1.0000 0.0005 -0.0000
vn -1.0000 0.0006 -0.0000
vn 0.0002 0.0006 1.0000
vn 0.0003 0.0007 1.0000
vn -0.0000 0.0007 -1.0000
vn -1.0000 -0.0006 -0.0000
vn 0.0006 -0.0007 1.0000
vn -0.0000 -0.0006 1.0000
vn -0.0000 -0.0008 -1.0000
vn 1.0000 -0.0005 -0.0000
vn 1.0000 -0.0006 -0.0000
vn -0.0002 -0.0006 -1.0000
vn -0.0003 -0.0007 -1.0000
vn -0.0000 -0.0007 1.0000
vn -1.0000 -0.0007 -0.0000
vn 0.0004 -0.0007 1.0000
vn -0.0000 -0.0007 -1.0000
vn 1.0000 -0.0007 -0.0000
vn -0.0004 -0.0008 -1.0000
vn -0.0000 -0.0006 -1.0000
vn 1.0000 -0.0007 -0.0004
vn 1.0000 -0.0008 -0.0004
vn -1.0000 -0.0008 -0.0000
vn 0.5000 -0.0000 -0.8660
vn -0.0000 -0.0000 -1.0000
vn -0.0000 -0.0528 -0.9986
vn 0.5043 -0.0456 -0.8623
vn 0.8700 -0.0260 -0.4923
vn 0.8660 -0.0000 -0.5001
vn 1.0000 0.0005 0.0087
vn 1.0000 -0.0000 -0.0000
vn 0.8625 0.0267 0.5053
vn 0.8660 -0.0000 0.5000
vn 0.4967 0.0458 0.8667
vn 0.5000 -0.0000 0.8660
vn 0.0001 -0.0000 1.0000
vn 0.0001 0.0528 0.9986
vn -0.4967 0.0458 0.8667
vn -0.5000 -0.0000 0.8660
vn -0.0001 -0.0000 1.0000
vn -0.0001 0.0528 0.9986
vn -0.8660 -0.0000 0.5000
vn -0.8625 0.0267 0.5054
vn -1.0000 -0.0000 -0.0000
vn -1.0000 0.0005 0.0087
vn -0.8700 -0.0260 -0.4923
vn -0.8660 -0.0000 -0.5000
vn -0.5043 -0.0456 -0.8623
vn -0.5000 -0.0000 -0.8660
vn -0.0000 -0.1950 -0.9808
vn 0.5078 -0.1680 -0.8449
vn 0.8733 -0.0950 -0.4779
vn 0.9999 0.0029 0.0146
vn 0.8604 0.0994 0.4998
vn 0.4949 0.1695 0.8523
vn -0.0000 0.1950 0.9808
vn -0.4949 0.1695 0.8523
vn -0.8604 0.0994 0.4998
vn -0.9999 0.0029 0.0146
vn -0.8733 -0.0950 -0.4779
vn -0.5078 -0.1680 -0.8449
vn 0.5090 -0.3264 -0.7965
vn 0.0001 -0.3792 -0.9253
vn 0.8741 -0.1842 -0.4494
vn 0.9999 0.0064 0.0156
vn 0.8598 0.1936 0.4725
vn 0.4945 0.3296 0.8043
vn -0.0000 0.3792 0.9253
vn -0.4942 0.3296 0.8044
vn -0.8598 0.1936 0.4725
vn -0.9999 0.0064 0.0156
vn -0.8741 -0.1842 -0.4494
vn -0.5090 -0.3263 -0.7965
vn -0.0000 -0.5739 -0.8189
vn 0.5109 -0.4934 -0.7039
vn 0.8759 -0.2770 -0.3952
vn 0.9998 0.0113 0.0161
vn 0.8590 0.2939 0.4192
vn 0.4937 0.4991 0.7121
vn 0.0001 0.5739 0.8189
vn -0.0001 0.5739 0.8189
vn -0.4937 0.4991 0.7121
vn -0.8588 0.2940 0.4195
vn -0.9998 0.0113 0.0161
vn -0.8759 -0.2770 -0.3952
vn -0.5109 -0.4934 -0.7039
vn -0.0000 -0.7649 -0.6441
vn 0.5135 -0.6564 -0.5527
vn 0.8775 -0.3668 -0.3088
vn 0.9997 0.0174 0.0146
vn 0.8580 0.3928 0.3308
vn 0.4935 0.6653 0.5603
vn -0.0000 0.7649 0.6442
vn -0.0001 0.7649 0.6442
vn -0.4935 0.6653 0.5602
vn -0.8580 0.3928 0.3309
vn -0.9997 0.0174 0.0146
vn -0.8775 -0.3668 -0.3089
vn -0.5132 -0.6565 -0.5529
vn 0.5143 -0.7850 -0.3455
vn -0.0000 -0.9153 -0.4029
vn 0.8784 -0.4375 -0.1926
vn 0.9997 0.0218 0.0096
vn 0.8576 0.4707 0.2072
vn 0.4934 0.7962 0.3503
vn 0.0001 0.9153 0.4029
vn -0.4934 0.7961 0.3504
vn -0.0001 0.9153 0.4029
vn -0.8576 0.4707 0.2072
vn -0.9997 0.0218 0.0096
vn -0.8784 -0.4375 -0.1926
vn -0.5143 -0.7850 -0.3454
vn -0.0000 -0.9911 -0.1332
vn 0.5129 -0.8508 -0.1142
vn 0.8773 -0.4757 -0.0639
vn 0.9998 0.0219 0.0029
vn 0.8582 0.5087 0.0683
vn 0.4935 0.8620 0.1158
vn -0.0000 0.9911 0.1331
vn -0.4935 0.8620 0.1158
vn -0.8582 0.5087 0.0683
vn -0.9998 0.0219 0.0029
vn -0.8773 -0.4757 -0.0639
vn -0.5129 -0.8508 -0.1142
vn -0.0000 -1.0000 0.0015
vn 0.5001 -0.8660 0.0013
vn 0.8660 -0.5000 0.0007
vn 0.8660 0.5000 -0.0008
vn 0.5001 0.8660 -0.0013
vn -0.0000 1.0000 -0.0015
vn -0.5001 0.8660 -0.0013
vn -0.8660 0.5000 -0.0007
vn -0.8660 -0.5000 0.0007
vn -0.5001 -0.8660 0.0013
vn -0.6691 -0.0000 -0.7432
vn -0.9509 -0.0000 -0.3094
vn -0.9496 -0.0527 -0.3088
vn -0.6642 -0.0456 -0.7462
vn -0.1993 -0.0260 -0.9796
vn -0.2081 -0.0000 -0.9781
vn 0.3173 0.0005 -0.9483
vn 0.3089 -0.0000 -0.9511
vn 0.7471 0.0268 -0.6641
vn 0.7432 -0.0000 -0.6691
vn 0.9778 0.0458 -0.2047
vn 0.9781 -0.0000 -0.2080
vn 0.9511 -0.0000 0.3090
vn 0.9497 0.0528 0.3086
vn 0.6708 0.0458 0.7403
vn 0.6690 -0.0000 0.7433
vn 0.9510 -0.0000 0.3091
vn 0.2140 0.0267 0.9765
vn 0.2081 -0.0000 0.9781
vn -0.3008 0.0005 0.9537
vn -0.3092 -0.0000 0.9510
vn -0.7373 -0.0260 0.6751
vn -0.7430 -0.0000 0.6693
vn -0.9760 -0.0455 0.2128
vn -0.9782 -0.0000 0.2076
vn -0.9328 -0.1950 -0.3031
vn -0.6465 -0.1680 -0.7442
vn -0.1845 -0.0950 -0.9782
vn 0.3227 0.0028 -0.9465
vn 0.7414 0.0995 -0.6637
vn 0.9635 0.1695 -0.2073
vn 0.9328 0.1950 0.3031
vn 0.6575 0.1695 0.7341
vn 0.2095 0.0994 0.9727
vn -0.2950 0.0030 0.9555
vn -0.7245 -0.0950 0.6827
vn -0.9605 -0.1679 0.2220
vn -0.6003 -0.3263 -0.7302
vn -0.8802 -0.3791 -0.2855
vn -0.1571 -0.1840 -0.9703
vn 0.3237 0.0064 -0.9462
vn 0.7152 0.1938 -0.6715
vn 0.9177 0.3296 -0.2218
vn 0.8800 0.3792 0.2860
vn 0.6124 0.3297 0.7186
vn 0.8800 0.3793 0.2860
vn 0.1837 0.1936 0.9637
vn -0.2945 0.0062 0.9556
vn -0.6976 -0.1842 0.6924
vn -0.9148 -0.3264 0.2380
vn -0.7788 -0.5738 -0.2533
vn -0.5113 -0.4933 -0.7037
vn -0.1052 -0.2770 -0.9551
vn 0.3241 0.0112 -0.9459
vn 0.6642 0.2938 -0.6874
vn 0.8299 0.4991 -0.2495
vn 0.7789 0.5739 0.2530
vn 0.5246 0.4991 0.6897
vn 0.7788 0.5739 0.2531
vn 0.1336 0.2940 0.9464
vn -0.2937 0.0113 0.9558
vn -0.6465 -0.2770 0.7108
vn -0.8273 -0.4932 0.2690
vn -0.6126 -0.7649 -0.1991
vn -0.3670 -0.6564 -0.6591
vn -0.0225 -0.3667 -0.9301
vn 0.3227 0.0172 -0.9463
vn 0.5798 0.3928 -0.7139
vn 0.6853 0.6653 -0.2962
vn 0.6126 0.7649 0.1990
vn 0.6126 0.7649 0.1991
vn 0.3804 0.6653 0.6424
vn 0.0497 0.3931 0.9182
vn -0.2952 0.0172 0.9553
vn -0.5648 -0.3666 0.7394
vn -0.6844 -0.6562 0.3179
vn -0.3832 -0.9152 -0.1244
vn -0.1695 -0.7849 -0.5960
vn 0.0883 -0.4376 -0.8948
vn 0.3179 0.0216 -0.9479
vn 0.4620 0.4706 -0.7517
vn 0.4856 0.7963 -0.3607
vn 0.3832 0.9153 0.1245
vn 0.3832 0.9152 0.1245
vn 0.1809 0.7962 0.5773
vn -0.0679 0.4707 0.8797
vn -0.2996 0.0222 0.9538
vn -0.4546 -0.4377 0.7757
vn -0.4875 -0.7849 0.3825
vn -0.1266 -0.9911 -0.0411
vn 0.0498 -0.8509 -0.5230
vn 0.2104 -0.4755 -0.8542
vn 0.3117 0.0217 -0.9499
vn 0.3302 0.5087 -0.7951
vn 0.2626 0.8619 -0.4338
vn 0.1266 0.9911 0.0411
vn 0.1266 0.9911 0.0412
vn -0.0425 0.8620 0.5051
vn -0.2002 0.5087 0.8374
vn -0.3060 0.0215 0.9518
vn -0.3319 -0.4755 0.8147
vn -0.2670 -0.8509 0.4525
vn 0.0014 -1.0000 0.0007
vn 0.1557 -0.8660 -0.4751
vn 0.2684 -0.4997 -0.8235
vn 0.3090 -0.0003 -0.9511
vn 0.2670 0.4999 -0.8239
vn 0.1533 0.8660 -0.4759
vn -0.0014 1.0000 -0.0004
vn -0.1557 0.8661 0.4750
vn -0.2684 0.4997 0.8236
vn -0.3090 0.0002 0.9511
vn -0.2669 -0.5001 0.8238
vn -0.1533 -0.8659 0.4762
vn 0.9499 -0.0527 -0.3082
vn 0.9759 -0.0456 0.2135
vn 0.9781 -0.0000 0.2080
vn 0.9512 -0.0000 -0.3087
vn 0.7373 -0.0261 0.6751
vn 0.7430 -0.0000 0.6692
vn 0.3009 0.0005 0.9537
vn 0.3092 -0.0000 0.9510
vn -0.2139 0.0267 0.9765
vn -0.2084 -0.0000 0.9781
vn -0.6693 -0.0000 0.7430
vn -0.6710 0.0458 0.7401
vn -0.9496 0.0528 0.3089
vn -0.9511 -0.0000 0.3088
vn -0.9778 0.0458 -0.2046
vn -0.9781 -0.0000 -0.2080
vn -0.7431 0.0001 -0.6691
vn -0.7471 0.0267 -0.6642
vn -0.3172 0.0005 -0.9483
vn -0.3090 -0.0000 -0.9511
vn -0.7432 -0.0000 -0.6691
vn 0.1995 -0.0261 -0.9795
vn 0.2077 -0.0000 -0.9782
vn 0.6643 -0.0455 -0.7461
vn 0.6691 -0.0000 -0.7432
vn 0.9327 -0.1951 -0.3033
vn 0.9605 -0.1680 0.2220
vn 0.7245 -0.0950 0.6827
vn 0.2947 0.0031 0.9556
vn -0.2095 0.0994 0.9727
vn -0.6573 0.1694 0.7343
vn -0.9330 0.1949 0.3026
vn -0.9634 0.1694 -0.2076
vn -0.7413 0.0994 -0.6637
vn -0.3229 0.0029 -0.9464
vn -0.7413 0.0994 -0.6638
vn 0.1848 -0.0951 -0.9782
vn 0.6465 -0.1680 -0.7442
vn 0.8801 -0.3792 -0.2858
vn 0.9146 -0.3265 0.2384
vn 0.6973 -0.1840 0.6927
vn 0.2946 0.0061 0.9556
vn -0.1836 0.1936 0.9638
vn -0.6120 0.3295 0.7190
vn -0.8799 0.3791 0.2864
vn -0.9177 0.3296 -0.2217
vn -0.7151 0.1937 -0.6716
vn -0.3236 0.0063 -0.9462
vn -0.7151 0.1936 -0.6717
vn 0.1571 -0.1840 -0.9703
vn 0.6002 -0.3264 -0.7302
vn 0.7789 -0.5740 -0.2529
vn 0.8273 -0.4932 0.2690
vn 0.6465 -0.2771 0.7108
vn 0.2937 0.0112 0.9558
vn -0.1337 0.2941 0.9464
vn -0.5245 0.4990 0.6898
vn -0.7788 0.5739 0.2532
vn -0.8298 0.4991 -0.2497
vn -0.6643 0.2940 -0.6872
vn -0.6643 0.2940 -0.6873
vn -0.3244 0.0114 -0.9459
vn 0.1052 -0.2770 -0.9551
vn 0.5114 -0.4932 -0.7037
vn 0.6844 -0.6564 0.3175
vn 0.6126 -0.7648 -0.1992
vn 0.5647 -0.3664 0.7395
vn 0.2948 0.0176 0.9554
vn -0.0496 0.3930 0.9182
vn -0.3804 0.6653 0.6425
vn -0.6126 0.7649 0.1991
vn -0.6853 0.6652 -0.2966
vn -0.5798 0.3929 -0.7138
vn -0.3230 0.0176 -0.9462
vn 0.0226 -0.3667 -0.9301
vn 0.3671 -0.6564 -0.6591
vn 0.3831 -0.9153 -0.1246
vn 0.4875 -0.7851 0.3820
vn 0.4547 -0.4376 0.7757
vn 0.2997 0.0220 0.9538
vn 0.0680 0.4707 0.8797
vn -0.1809 0.7962 0.5773
vn -0.3831 0.9153 0.1246
vn -0.4858 0.7961 -0.3609
vn -0.4620 0.4706 -0.7517
vn -0.3182 0.0219 -0.9478
vn -0.0882 -0.4378 -0.8947
vn 0.1694 -0.7848 -0.5961
vn 0.1266 -0.9911 -0.0410
vn 0.2671 -0.8509 0.4523
vn 0.3319 -0.4757 0.8146
vn 0.3062 0.0220 0.9517
vn 0.2002 0.5087 0.8373
vn 0.0423 0.8621 0.5050
vn -0.1266 0.9911 0.0410
vn -0.2626 0.8619 -0.4338
vn -0.3302 0.5088 -0.7950
vn -0.3302 0.5087 -0.7951
vn -0.3117 0.0217 -0.9499
vn -0.2103 -0.4757 -0.8541
vn -0.0498 -0.8509 -0.5230
vn -0.0014 -1.0000 0.0005
vn 0.1533 -0.8660 0.4759
vn 0.2669 -0.4999 0.8239
vn 0.3090 -0.0001 0.9511
vn 0.2683 0.4996 0.8237
vn 0.1556 0.8661 0.4750
vn 0.0014 1.0000 -0.0006
vn -0.1534 0.8659 -0.4762
vn -0.2669 0.5001 -0.8238
vn -0.2669 0.4999 -0.8240
vn -0.3090 -0.0002 -0.9511
vn -0.2682 -0.5001 -0.8233
vn -0.1557 -0.8661 -0.4751
vn 0.5877 -0.0000 0.8091
vn 0.5868 -0.0528 0.8080
vn 0.0987 -0.0456 0.9941
vn 0.1043 -0.0000 0.9946
vn -0.4067 -0.0000 0.9135
vn -0.4146 -0.0261 0.9096
vn -0.8141 0.0004 0.5807
vn -0.8091 -0.0000 0.5877
vn -0.9945 -0.0000 0.1049
vn -0.9948 0.0267 0.0980
vn -0.9113 0.0458 -0.4092
vn -0.9136 -0.0000 -0.4067
vn -0.5878 -0.0000 -0.8090
vn -0.5870 0.0528 -0.8079
vn -0.1076 0.0458 -0.9931
vn -0.1046 -0.0000 -0.9945
vn 0.4007 0.0267 -0.9158
vn 0.4067 -0.0000 -0.9136
vn 0.8090 -0.0000 -0.5878
vn 0.4069 -0.0000 -0.9135
vn 0.4008 0.0267 -0.9158
vn 0.8039 0.0004 -0.5948
vn 0.9932 -0.0260 -0.1131
vn 0.9945 -0.0000 -0.1048
vn 0.9147 -0.0456 0.4016
vn 0.9134 -0.0000 0.4070
vn 0.5764 -0.1950 0.7935
vn 0.0857 -0.1680 0.9821
vn -0.4254 -0.0950 0.9000
vn -0.8175 0.0030 0.5759
vn -0.9899 0.0993 0.1016
vn -0.9013 0.1695 -0.3986
vn -0.5764 0.1950 -0.7935
vn -0.1007 0.1695 -0.9804
vn 0.4022 0.0994 -0.9101
vn 0.4023 0.0994 -0.9101
vn 0.8003 0.0029 -0.5996
vn 0.9874 -0.0951 -0.1264
vn 0.9075 -0.1680 0.3851
vn 0.5439 -0.3792 0.7486
vn 0.0559 -0.3263 0.9436
vn -0.4433 -0.1841 0.8773
vn -0.8180 0.0063 0.5751
vn -0.9733 0.1937 0.1228
vn -0.8729 0.3295 -0.3598
vn -0.5438 0.3791 -0.7487
vn -0.0723 0.3294 -0.9414
vn 0.4178 0.1936 -0.8877
vn 0.7998 0.0064 -0.6003
vn 0.9713 -0.1841 -0.1504
vn 0.8801 -0.3264 0.3448
vn 0.4812 -0.5739 0.6626
vn 0.0003 -0.4933 0.8699
vn -0.4764 -0.2769 0.8345
vn -0.8183 0.0113 0.5747
vn -0.9414 0.2940 0.1653
vn -0.8181 0.4991 -0.2858
vn -0.4812 0.5738 -0.6628
vn -0.0188 0.4990 -0.8664
vn 0.4483 0.2940 -0.8442
vn 0.4483 0.2940 -0.8441
vn 0.7991 0.0116 -0.6011
vn 0.9408 -0.2769 -0.1953
vn 0.8272 -0.4933 0.2690
vn 0.3785 -0.7649 0.5212
vn -0.0903 -0.6564 0.7490
vn -0.5284 -0.3667 0.7657
vn -0.8174 0.0174 0.5757
vn -0.8886 0.3928 0.2367
vn -0.7284 0.6654 -0.1635
vn -0.3785 0.7649 -0.5212
vn 0.0700 0.6653 -0.7433
vn 0.4996 0.3929 -0.7720
vn 0.4998 0.3928 -0.7720
vn 0.8001 0.0176 -0.5996
vn 0.8915 -0.3665 -0.2661
vn 0.7401 -0.6565 0.1457
vn 0.2369 -0.9152 0.3260
vn -0.2131 -0.7850 0.5817
vn -0.5974 -0.4376 0.6720
vn -0.8144 0.0214 0.5800
vn -0.8156 0.4709 0.3364
vn -0.6049 0.7963 0.0062
vn -0.2368 0.9152 -0.3259
vn 0.1931 0.7961 -0.5735
vn 0.5722 0.4706 -0.6717
vn 0.8030 0.0220 -0.5955
vn 0.8239 -0.4373 -0.3605
vn 0.6191 -0.7850 -0.0227
vn 0.0781 -0.9911 0.1078
vn -0.3477 -0.8509 0.3938
vn -0.6721 -0.4758 0.5673
vn -0.8105 0.0220 0.5853
vn -0.7344 0.5088 0.4491
vn -0.4673 0.8620 0.1964
vn -0.0781 0.9911 -0.1077
vn 0.3314 0.8619 -0.3838
vn 0.6541 0.5088 -0.5597
vn 0.6541 0.5087 -0.5597
vn 0.8071 0.0218 -0.5900
vn 0.7472 -0.4758 -0.4639
vn 0.4822 -0.8508 -0.2091
vn -0.0010 -1.0000 -0.0011
vn -0.4055 -0.8659 0.2930
vn -0.7011 -0.4999 0.5085
vn -0.8090 -0.0002 0.5878
vn -0.7002 0.4999 0.5097
vn -0.4037 0.8661 0.2949
vn 0.0010 1.0000 0.0011
vn 0.4053 0.8660 -0.2929
vn 0.7011 0.5000 -0.5084
vn 0.8090 0.0003 -0.5878
vn 0.7011 0.5001 -0.5083
vn 0.7001 -0.5000 -0.5097
vn 0.4036 -0.8661 -0.2948
vn -0.9137 -0.0000 0.4064
vn -0.5879 -0.0000 0.8089
vn -0.5871 -0.0528 0.8078
vn -0.9149 -0.0456 0.4010
vn -0.9933 -0.0261 -0.1127
vn -0.9946 -0.0000 -0.1042
vn -0.8038 0.0006 -0.5949
vn -0.8091 -0.0000 -0.5877
vn -0.4069 -0.0000 -0.9135
vn -0.4009 0.0266 -0.9157
vn 0.1076 0.0458 -0.9931
vn 0.1049 -0.0000 -0.9945
vn 0.5869 0.0528 -0.8079
vn 0.5878 -0.0000 -0.8090
vn 0.9113 0.0458 -0.4093
vn 0.9135 -0.0000 -0.4069
vn 0.9946 -0.0000 0.1042
vn 0.9136 -0.0000 -0.4067
vn 0.9113 0.0458 -0.4091
vn 0.9948 0.0267 0.0983
vn 0.8139 0.0004 0.5810
vn 0.8088 -0.0000 0.5881
vn 0.4147 -0.0259 0.9096
vn 0.4065 -0.0000 0.9137
vn -0.0990 -0.0456 0.9940
vn -0.1042 -0.0000 0.9946
vn -0.5767 -0.1950 0.7933
vn -0.9075 -0.1680 0.3851
vn -0.9874 -0.0950 -0.1267
vn -0.8003 0.0029 -0.5996
vn -0.4020 0.0995 -0.9102
vn 0.1008 0.1695 -0.9804
vn 0.5765 0.1950 -0.7935
vn 0.9014 0.1695 -0.3985
vn 0.9899 0.0993 0.1016
vn 0.8176 0.0030 0.5758
vn 0.4256 -0.0950 0.8999
vn -0.0855 -0.1679 0.9821
vn -0.5438 -0.3791 0.7487
vn -0.8802 -0.3262 0.3448
vn -0.9714 -0.1842 -0.1501
vn -0.7998 0.0063 -0.6002
vn -0.4178 0.1936 -0.8877
vn 0.0723 0.3294 -0.9414
vn 0.5438 0.3792 -0.7486
vn 0.8728 0.3296 -0.3600
vn 0.9733 0.1938 0.1227
vn 0.8178 0.0062 0.5754
vn 0.4434 -0.1840 0.8772
vn -0.0559 -0.3262 0.9436
vn -0.4812 -0.5739 0.6626
vn -0.8274 -0.4931 0.2686
vn -0.9408 -0.2771 -0.1951
vn -0.7992 0.0114 -0.6010
vn -0.4484 0.2939 -0.8441
vn 0.0189 0.4990 -0.8664
vn 0.4814 0.5740 -0.6624
vn 0.8181 0.4991 -0.2857
vn 0.8182 0.4990 -0.2856
vn 0.9414 0.2937 0.1658
vn 0.8184 0.0113 0.5746
vn 0.4765 -0.2768 0.8344
vn -0.0001 -0.4933 0.8699
vn -0.3785 -0.7649 0.5212
vn -0.7401 -0.6566 0.1456
vn -0.8915 -0.3666 -0.2662
vn -0.8003 0.0173 -0.5994
vn -0.4999 0.3927 -0.7719
vn -0.0698 0.6653 -0.7433
vn 0.3785 0.7649 -0.5212
vn 0.7285 0.6653 -0.1633
vn 0.8886 0.3929 0.2367
vn 0.8172 0.0169 0.5761
vn 0.5286 -0.3666 0.7656
vn 0.0904 -0.6563 0.7491
vn -0.2371 -0.9152 0.3258
vn -0.6189 -0.7851 -0.0224
vn -0.8237 -0.4377 -0.3603
vn -0.8032 0.0216 -0.5953
vn -0.5719 0.4709 -0.6717
vn -0.1930 0.7962 -0.5734
vn 0.2368 0.9153 -0.3259
vn 0.6050 0.7962 0.0063
vn 0.6051 0.7961 0.0064
vn 0.8157 0.4704 0.3367
vn 0.8145 0.0218 0.5798
vn 0.5974 -0.4375 0.6721
vn 0.2128 -0.7852 0.5816
vn -0.0782 -0.9911 0.1077
vn -0.4820 -0.8509 -0.2090
vn -0.7472 -0.4758 -0.4639
vn -0.8071 0.0218 -0.5900
vn -0.6541 0.5089 -0.5596
vn -0.3311 0.8621 -0.3837
vn 0.0782 0.9911 -0.1077
vn 0.4672 0.8620 0.1964
vn 0.7345 0.5088 0.4491
vn 0.4673 0.8620 0.1965
vn 0.8106 0.0215 0.5853
vn 0.6720 -0.4760 0.5672
vn 0.3477 -0.8509 0.3938
vn 0.0009 -1.0000 -0.0011
vn -0.4037 -0.8661 -0.2948
vn -0.7000 -0.5005 -0.5094
vn -0.8090 -0.0002 -0.5878
vn -0.7011 0.5001 -0.5084
vn -0.4051 0.8662 -0.2927
vn -0.0008 1.0000 0.0013
vn 0.4037 0.8661 0.2949
vn 0.7000 0.5003 0.5096
vn 0.4037 0.8660 0.2950
vn 0.8090 -0.0002 0.5878
vn 0.7011 -0.5000 0.5084
vn 0.4052 -0.8661 0.2928
vn 0.9397 -0.0000 0.3421
vn 0.7660 -0.0000 0.6428
vn 0.1737 -0.0000 0.9848
vn -0.1736 -0.0000 0.9848
vn -0.7660 -0.0000 0.6428
vn -0.9397 -0.0000 0.3420
vn -0.9397 -0.0000 -0.3420
vn -0.7661 -0.0000 -0.6428
vn -0.4999 -0.0000 -0.8661
vn -0.1736 -0.0000 -0.9848
vn 0.1736 -0.0000 -0.9848
vn 0.5000 -0.0000 -0.8661
vn 0.7660 -0.0000 -0.6428
vn 0.9397 -0.0000 -0.3420
vn -0.0000 1.0000 -0.0000
vn -0.0000 -1.0000 -0.0000
vn 0.9848 -0.0000 0.1737
vn 0.6428 -0.0000 0.7660
vn 0.3420 -0.0000 0.9397
vn -0.0000 -0.0000 1.0000
vn -0.3420 -0.0000 0.9397
vn -0.6428 -0.0000 0.7660
vn -0.9848 -0.0000 0.1737
vn -0.9848 -0.0000 -0.1737
vn -0.8658 -0.0000 -0.5003
vn -0.8661 -0.0000 -0.4999
vn -0.6428 -0.0000 -0.7660
vn -0.3420 -0.0000 -0.9397
vn 0.3420 -0.0000 -0.9397
vn 0.6428 -0.0000 -0.7660
vn 0.8658 -0.0000 -0.5003
vn 0.8661 -0.0000 -0.4999
vn 0.9848 -0.0000 -0.1737
vn 0.5776 -0.7071 0.4078
vn 0.5776 0.7071 0.4078
vn -0.8169 -0.0000 -0.5767
vn -0.5719 -0.0000 0.8203
vn 0.5816 -0.0000 -0.8135
vn -0.5767 -0.0000 0.8169
vn -0.5768 -0.0001 0.8169
vn -0.5767 -0.0001 0.8169
vn -0.5768 -0.0000 0.8169
vn -0.5767 0.0001 0.8169
vn -0.8169 -0.0000 -0.5768
vn 0.5768 0.0001 -0.8169
vn 0.5767 -0.0000 -0.8170
vn 0.5767 0.0001 -0.8169
vn 0.5768 -0.0000 -0.8169
vn 0.5767 -0.0001 -0.8170
vn 0.5767 -0.0000 -0.8169
vn -0.8168 -0.0000 -0.5770
vn 0.6480 -0.7071 0.2829
vn 0.6481 -0.7071 0.2829
vn 0.6480 0.7071 0.2829
vn -0.9165 -0.0000 -0.4001
vn -0.3946 -0.0000 0.9188
vn 0.4056 -0.0000 -0.9141
vn -0.4001 -0.0000 0.9165
vn -0.4001 -0.0001 0.9165
vn -0.4002 0.0001 0.9164
vn -0.4001 -0.0002 0.9165
vn -0.4003 -0.0001 0.9164
vn -0.4001 0.0001 0.9165
vn 0.4000 -0.0000 -0.9165
vn 0.4001 -0.0000 -0.9165
vn 0.4001 -0.0001 -0.9165
vn -0.9164 -0.0000 -0.4002
vn -0.9165 -0.0000 -0.4000
vn -0.9669 -0.2106 0.1443
vn -0.5822 -0.2332 0.7789
vn -0.5710 -0.0122 0.8208
vn -0.9757 -0.0157 0.2186
vn -0.5629 -0.0012 -0.8265
vn -0.5734 -0.1814 -0.7989
vn -0.9697 -0.1806 -0.1644
vn -0.9742 -0.0176 -0.2252
vn -0.7894 -0.6082 -0.0839
vn -0.4840 -0.7062 -0.5167
vn -0.9646 -0.2637 0.0025
vn -0.9997 -0.0241 -0.0003
vn -0.9094 -0.4160 0.0031
vn -0.0000 0.9571 0.2897
vn -0.0000 1.0000 0.0053
vn -0.0014 1.0000 0.0048
vn -0.0010 0.9534 0.3016
vn -0.0000 0.6097 0.7926
vn 0.0003 0.5987 0.8010
vn -0.0000 0.1542 0.9880
vn -0.0029 0.1521 0.9884
vn -0.0043 -0.0058 1.0000
vn -0.0000 -0.0058 1.0000
vn -0.5602 0.1300 0.8181
vn -0.5711 -0.0122 0.8208
vn -0.0014 -0.2285 0.9735
vn -0.0000 -0.2342 0.9722
vn -0.5823 -0.2332 0.7788
vn 0.0003 -0.8261 0.5635
vn -0.0000 -0.8266 0.5628
vn -0.5025 -0.7162 0.4844
vn -0.0000 0.9609 -0.2770
vn 0.0004 0.9585 -0.2852
vn -0.0000 0.6188 -0.7855
vn -0.0001 0.6051 -0.7961
vn -0.0042 0.1635 -0.9865
vn -0.0000 0.1625 -0.9867
vn -0.0000 0.0010 -1.0000
vn -0.0052 0.0042 -1.0000
vn -0.5645 0.1335 -0.8145
vn -0.0006 -0.1946 -0.9809
vn -0.0000 -0.2020 -0.9794
vn -0.0000 -0.8235 -0.5673
vn 0.0007 -0.8202 -0.5721
vn -0.0003 -1.0000 0.0068
vn -0.0000 -1.0000 0.0028
vn -0.7893 -0.6082 -0.0839
vn -0.7331 -0.6767 0.0687
vn -0.5024 -0.7162 0.4844
vn -0.0016 -0.9988 0.0481
vn -0.0000 -0.9989 0.0468
vn -0.5229 0.5135 -0.6804
vn -0.4219 0.8766 -0.2315
vn -0.4058 0.9140 0.0015
vn -0.5254 0.4976 0.6902
vn -0.4300 0.8665 0.2536
vn -0.9731 0.1097 -0.2026
vn -0.5645 0.1335 -0.8146
vn -0.9218 0.3559 -0.1536
vn -0.9889 0.1485 -0.0010
vn -0.8858 0.4641 -0.0003
vn -0.9730 0.1084 0.2040
vn -0.9142 0.3772 0.1485
vn 0.5711 -0.0122 0.8208
vn 0.5822 -0.2331 0.7789
vn 0.9669 -0.2106 0.1443
vn 0.9757 -0.0157 0.2186
vn 0.9697 -0.1806 -0.1644
vn 0.5734 -0.1814 -0.7989
vn 0.5629 -0.0011 -0.8265
vn 0.9742 -0.0176 -0.2252
vn 0.7893 -0.6082 -0.0839
vn 0.4840 -0.7062 -0.5167
vn 0.9646 -0.2637 0.0025
vn 0.9997 -0.0241 -0.0003
vn 0.9093 -0.4160 0.0031
vn 0.0014 1.0000 0.0048
vn 0.0010 0.9534 0.3016
vn -0.0003 0.5987 0.8010
vn 0.0029 0.1521 0.9884
vn 0.0043 -0.0058 1.0000
vn 0.5602 0.1300 0.8181
vn 0.0014 -0.2285 0.9735
vn 0.5823 -0.2332 0.7788
vn -0.0003 -0.8261 0.5635
vn 0.5025 -0.7162 0.4844
vn -0.0004 0.9585 -0.2852
vn 0.0001 0.6051 -0.7961
vn 0.0042 0.1635 -0.9865
vn 0.0052 0.0042 -1.0000
vn 0.5645 0.1335 -0.8145
vn 0.0006 -0.1946 -0.9809
vn -0.0007 -0.8202 -0.5721
vn 0.4840 -0.7062 -0.5168
vn 0.0003 -1.0000 0.0069
vn 0.7894 -0.6082 -0.0839
vn 0.5024 -0.7162 0.4844
vn 0.7331 -0.6767 0.0687
vn 0.0016 -0.9988 0.0481
vn 0.5229 0.5135 -0.6804
vn 0.4219 0.8766 -0.2315
vn 0.4058 0.9140 0.0015
vn 0.5254 0.4975 0.6902
vn 0.4300 0.8665 0.2536
vn 0.9731 0.1097 -0.2026
vn 0.5645 0.1336 -0.8146
vn 0.9218 0.3559 -0.1536
vn 0.9889 0.1485 -0.0010
vn 0.8858 0.4641 -0.0003
vn 0.9730 0.1084 0.2040
vn 0.9142 0.3772 0.1485
vn 0.5601 0.1300 0.8181
vn 0.6702 0.7111 0.2124
vn 0.6926 0.3638 0.6229
vn 0.7912 0.5193 0.3231
vn 0.6374 0.6130 -0.4669
vn 0.6607 0.6611 -0.3555
vn 0.7109 0.6416 -0.2881
vn 0.6069 0.7924 0.0622
vn 0.7139 0.3253 0.6201
vn 0.5810 0.6704 0.4616
vn 0.4095 0.7403 0.5332
vn 0.7010 0.3504 0.6211
vn 0.0829 0.7825 0.6171
vn 0.5953 0.4532 0.6635
vn 0.6737 0.6828 -0.2827
vn 0.4877 0.8727 -0.0241
vn 0.4426 0.8345 0.3283
vn 0.2220 0.8490 0.4796
vn 0.2943 0.9382 0.1823
vn 0.6046 0.7284 -0.3224
vn 0.2693 0.9584 -0.0948
vn 0.1148 0.9173 0.3812
vn 0.0572 0.9983 0.0140
vn 0.0085 0.9834 0.1815
vn -0.1639 0.7371 0.6556
vn -0.1725 0.7366 0.6540
vn -0.0837 0.8390 0.5377
vn -0.3181 0.6506 0.6896
vn 0.1583 0.6273 0.7625
vn -0.5754 0.3810 0.7237
vn -0.5074 0.2957 0.8094
vn -0.4527 0.3260 0.8299
vn -0.7021 0.3256 -0.6333
vn -0.3658 0.8775 -0.3100
vn 0.4668 0.7463 -0.4745
vn 0.1912 0.1385 -0.9717
vn 0.6169 0.7098 -0.3399
vn -0.1301 0.9617 -0.2412
vn -0.2291 0.9456 -0.2310
vn -0.1313 0.9803 -0.1475
vn -0.0607 0.9936 0.0957
vn -0.3323 0.5580 0.7604
vn -0.3936 0.8125 0.4300
vn -0.7638 0.4477 -0.4648
vn -0.7197 -0.2188 -0.6590
vn -0.5808 0.5604 -0.5905
vn -0.3603 0.7425 -0.5647
vn -0.4294 0.6983 -0.5728
vn -0.4793 0.4682 -0.7423
vn -0.7474 0.2184 -0.6274
vn -0.8267 0.5277 0.1952
vn -0.7136 -0.3300 0.6179
vn 0.8431 0.0467 -0.5357
vn 0.7056 0.4130 -0.5758
vn 0.7781 0.3978 -0.4862
vn 0.7132 0.2916 -0.6374
vn 0.5274 0.2710 -0.8053
vn 0.4315 -0.3496 -0.8316
vn 0.5635 -0.3329 -0.7561
vn 0.2715 -0.5919 -0.7589
vn -0.0311 -0.8112 -0.5840
vn -0.0690 -0.5774 -0.8135
vn 0.2672 -0.6608 -0.7014
vn 0.7596 -0.4334 -0.4849
vn 0.9612 -0.2038 0.1859
vn 0.3139 -0.7661 -0.5609
vn 0.5273 0.2710 -0.8053
vn 0.6512 -0.1987 0.7324
vn 0.4121 -0.7871 0.4591
vn 0.4311 -0.8412 0.3263
vn 0.7079 -0.1941 0.6791
vn 0.5071 -0.5999 0.6189
vn 0.2268 -0.9507 0.2116
vn 0.7392 -0.2982 0.6039
vn 0.7758 -0.3220 0.5426
vn 0.5837 -0.0048 0.8120
vn -0.0349 -0.9993 -0.0150
vn 0.3433 -0.8218 0.4547
vn -0.3824 -0.1001 0.9186
vn -0.8194 0.2521 0.5148
vn -0.6591 -0.6459 0.3852
vn -0.7633 -0.1879 0.6181
vn -0.6696 -0.1521 0.7270
vn -0.6511 -0.1406 0.7459
vn -0.6495 -0.2702 0.7108
vn -0.8289 -0.4744 -0.2964
vn -0.7137 -0.3300 0.6179
vn -0.7033 -0.3956 -0.5907
vn -0.6624 -0.4291 -0.6141
vn -0.6420 -0.7657 0.0391
vn -0.8288 -0.4745 -0.2964
vn -0.6609 -0.0512 -0.7487
vn -0.7549 -0.2673 -0.5989
vn -0.6920 -0.3152 -0.6495
vn -0.5775 -0.6214 -0.5295
vn -0.6685 -0.6365 -0.3845
vn -0.6435 -0.4053 -0.6494
vn 0.2481 -0.6748 -0.6951
vn 0.5363 -0.5733 -0.6194
vn 0.6303 -0.1902 -0.7527
vn -0.1101 -0.6224 -0.7749
vn 0.0462 -0.8522 -0.5212
vn 0.5906 -0.4183 -0.6901
vn 0.2828 -0.9290 -0.2385
vn -0.1097 -0.8301 -0.5467
vn 0.3279 -0.8868 -0.3256
vn 0.3068 -0.9156 0.2599
vn 0.3265 -0.9009 0.2858
vn -0.4962 -0.8393 0.2220
vn 0.3563 -0.8609 0.3632
vn 0.0402 -0.9850 -0.1677
vn 0.0402 -0.9850 -0.1676
vn 0.0063 -0.9997 0.0254
vn -0.0833 -0.9964 0.0168
vn 0.3265 -0.9010 0.2858
vn -0.6118 -0.7521 0.2450
vn -0.3861 -0.9203 0.0631
vn -0.7096 -0.6482 0.2762
vn -0.6136 -0.7856 -0.0790
vn -0.6636 -0.7173 0.2124
vn -0.4293 -0.8438 -0.3219
vn -0.5843 -0.7478 -0.3152
vn -0.5017 -0.8286 -0.2484
vn 0.6948 0.7001 0.1646
vn 0.3464 0.7701 0.5358
vn 0.2325 0.3328 0.9139
vn 0.5076 0.6066 0.6118
vn 0.7790 0.6213 0.0845
vn 0.4171 0.8331 0.3633
vn 0.1695 0.6886 0.7051
vn 0.1829 0.0847 0.9795
vn 0.0365 0.7149 0.6983
vn 0.1362 0.1295 0.9822
vn -0.1048 0.7451 0.6587
vn 0.0766 0.2888 0.9543
vn -0.1522 0.8216 0.5494
vn 0.0088 0.8367 0.5476
vn 0.1708 0.8504 0.4976
vn 0.7977 0.5887 0.1307
vn 0.4388 0.8382 0.3238
vn 0.1821 0.8950 0.4071
vn 0.7541 0.6314 0.1807
vn 0.4213 0.8609 0.2851
vn 0.0001 0.9009 0.4341
vn -0.2351 0.8570 0.4585
vn 0.2899 0.9290 0.2301
vn 0.7222 0.6583 0.2124
vn 0.1634 0.9442 0.2859
vn -0.0287 0.9574 0.2874
vn -0.2259 0.9047 0.3612
vn 0.0519 0.9964 0.0669
vn -0.0169 0.9981 0.0596
vn -0.1399 0.9729 0.1840
vn 0.6025 0.7586 0.2481
vn 0.0992 0.9950 0.0113
vn -0.0737 0.9789 -0.1907
vn -0.0150 0.9817 -0.1899
vn -0.0404 0.9920 -0.1194
vn -0.1668 0.7751 -0.6095
vn -0.0982 0.7551 -0.6482
vn -0.0326 0.7797 -0.6253
vn -0.4803 0.7420 0.4677
vn -0.0447 0.4176 0.9075
vn -0.5662 0.5769 0.5887
vn -0.5678 0.6894 0.4498
vn -0.6728 0.6283 0.3906
vn -0.6602 0.6175 0.4276
vn -0.5404 0.7386 0.4030
vn -0.2694 0.9413 0.2033
vn 0.0745 0.8755 -0.4775
vn -0.2548 0.9541 -0.1573
vn -0.9109 0.2267 0.3447
vn -0.7744 0.4443 0.4504
vn -0.5365 0.7715 -0.3419
vn -0.8897 0.2286 0.3951
vn -0.9406 0.1094 0.3213
vn -0.9619 0.1518 0.2275
vn -0.9452 0.2731 0.1787
vn -0.9192 0.3866 0.0749
vn -0.9942 -0.0231 0.1051
vn -0.9819 -0.1657 -0.0917
vn -0.9521 -0.2953 -0.0795
vn -0.9160 -0.3978 -0.0522
vn -0.7437 -0.6379 -0.1999
vn -0.8125 -0.5597 -0.1630
vn -0.9147 -0.4024 0.0382
vn -0.7350 -0.6562 -0.1708
vn -0.9486 -0.3103 0.0628
vn -0.8568 -0.5056 -0.1015
vn -0.9434 -0.2884 0.1639
vn -0.6137 -0.6499 -0.4484
vn -0.6422 -0.6288 -0.4384
vn -0.9230 -0.2186 -0.3167
vn -0.3413 0.1150 -0.9329
vn -0.0674 -0.1879 -0.9799
vn 0.2211 0.4100 -0.8849
vn -0.1190 -0.1724 -0.9778
vn -0.1490 -0.6179 -0.7720
vn -0.1417 -0.0976 -0.9851
vn -0.0955 -0.6415 -0.7611
vn -0.1396 0.0392 -0.9894
vn 0.7923 0.2455 -0.5586
vn -0.2052 0.8061 -0.5551
vn -0.1609 -0.1596 -0.9740
vn 0.0323 -0.3216 -0.9463
vn 0.1849 0.4866 -0.8538
vn 0.7251 -0.5290 -0.4409
vn 0.1848 0.4865 -0.8539
vn 0.9953 0.0951 0.0187
vn 0.9938 0.0751 -0.0820
vn 0.9917 0.0489 -0.1192
vn 0.9689 0.1263 -0.2128
vn 0.9360 0.2229 -0.2723
vn 0.9878 -0.0538 0.1462
vn 0.0349 -0.5128 0.8578
vn 0.4832 -0.3788 0.7893
vn 0.1005 -0.5772 0.8104
vn 0.1533 -0.5469 0.8230
vn 0.2121 -0.5016 0.8387
vn 0.1761 -0.5405 0.8227
vn -0.5764 -0.7436 0.3388
vn -0.3900 -0.2615 0.8829
vn -0.7059 -0.7017 -0.0962
vn -0.6117 -0.7851 -0.0971
vn -0.0077 -0.9927 0.1201
vn 0.0431 -0.9612 0.2725
vn -0.9942 -0.0232 0.1051
vn -0.7060 -0.7017 -0.0962
vn -0.0049 -1.0000 0.0042
vn 0.1148 -0.9209 0.3725
vn 0.0050 -0.9999 0.0136
vn 0.0739 -0.9174 0.3910
vn 0.0090 -0.9997 0.0220
vn 0.0381 -0.9417 0.3342
vn 0.0079 -0.9990 0.0440
vn 0.0145 -0.9657 0.2594
vn 0.5363 -0.8253 -0.1772
vn 0.0145 -0.9657 0.2593
vn 0.6612 -0.6911 -0.2919
vn 0.0723 -0.9959 -0.0550
vn 0.6585 -0.6592 -0.3631
vn 0.3501 -0.8534 -0.3862
vn 0.7196 -0.5602 -0.4104
vn 0.2524 -0.7883 -0.5612
vn 0.5479 -0.7052 -0.4500
vn -0.0961 -0.8317 -0.5468
vn 0.5923 -0.7053 -0.3896
vn 0.2913 -0.6413 -0.7098
vn -0.1070 -0.8273 -0.5514
vn 0.0316 -0.9243 -0.3804
vn -0.0927 -0.5428 -0.8348
vn -0.1070 -0.8273 -0.5515
vn -0.1656 -0.9650 -0.2034
vn 0.0903 0.4701 0.8780
vn -0.2537 0.9144 0.3156
vn -0.4824 0.8717 0.0863
vn 0.0311 0.8787 0.4764
vn -0.6858 0.7239 -0.0746
vn -0.3791 0.9249 0.0287
vn -0.6885 0.7216 -0.0720
vn -0.3741 0.9274 -0.0029
vn -0.6701 0.7418 -0.0274
vn -0.7020 0.7118 0.0223
vn -0.3845 0.9221 -0.0429
vn -0.3394 0.9288 -0.1486
vn -0.7627 0.6458 0.0358
vn -0.2653 0.9102 -0.3181
vn -0.7304 0.6828 0.0145
vn -0.0011 0.7947 0.6070
vn 0.0133 0.8354 0.5495
vn 0.0636 0.4595 0.8859
vn 0.0100 0.4604 0.8877
vn -0.0172 0.4777 0.8784
vn -0.0184 0.8053 0.5926
vn -0.0297 0.4215 0.9064
vn -0.0282 0.8159 0.5774
vn 0.0815 0.8223 0.5632
vn -0.0464 0.3803 0.9237
vn -0.0878 0.9747 0.2055
vn -0.1438 0.9895 0.0170
vn -0.1354 0.9820 -0.1316
vn -0.0810 0.9423 -0.3249
vn -0.0107 0.8090 -0.5877
vn 0.0085 0.9558 0.2939
vn -0.0236 0.9585 0.2840
vn 0.0452 0.9680 0.2467
vn 0.2089 0.9675 0.1423
vn -0.0423 0.9986 0.0325
vn 0.0450 0.9980 0.0443
vn -0.0319 0.9809 -0.1919
vn -0.0059 0.9106 -0.4133
vn 0.0174 0.7582 -0.6517
vn 0.1529 0.9874 0.0396
vn 0.0240 0.9810 -0.1924
vn 0.0048 0.8998 -0.4364
vn -0.0028 0.7222 -0.6917
vn 0.3484 0.9373 0.0063
vn 0.1229 0.9790 -0.1629
vn 0.2794 0.9562 -0.0874
vn 0.0411 0.9186 -0.3930
vn -0.0114 0.7325 -0.6807
vn 0.0899 0.9359 -0.3407
vn 0.0052 0.6995 -0.7146
vn 0.1418 0.8199 -0.5547
vn 0.4273 0.8930 -0.1416
vn 0.5540 0.8325 0.0086
vn 0.5643 0.8249 -0.0318
vn 0.4943 0.8691 0.0163
vn 0.2951 0.8961 0.3316
vn -0.1004 0.7740 0.6252
vn 0.0125 0.3998 -0.9165
vn -0.0293 0.4077 -0.9126
vn -0.0025 0.4317 -0.9020
vn 0.0145 0.4668 -0.8842
vn 0.0522 0.5132 -0.8567
vn -0.0970 0.7277 -0.6790
vn -0.2490 0.7851 -0.5671
vn 0.6027 0.7962 -0.0531
vn 0.7750 0.6311 0.0325
vn 0.7484 0.6633 -0.0007
vn 0.7257 0.6863 -0.0480
vn 0.7748 0.6287 -0.0663
vn 0.7637 0.6455 0.0042
vn 0.3924 0.9123 0.1169
vn 0.6296 0.7562 0.1781
vn 0.7816 0.6216 -0.0516
vn 0.7307 0.6812 -0.0449
vn 0.6508 0.7580 -0.0437
vn 0.5894 0.8077 -0.0178
vn 0.6955 0.7170 0.0463
vn 0.8108 0.5832 0.0501
vn 0.6276 0.7629 -0.1554
vn 0.1797 0.3901 -0.9031
vn 0.1053 0.3983 0.9112
vn 0.5137 0.6036 0.6098
vn 0.3374 -0.0077 0.9413
vn 0.3199 0.8656 0.3852
vn 0.2907 0.9510 0.1049
vn 0.1903 0.9752 0.1130
vn 0.4249 0.9051 -0.0187
vn 0.0908 0.9885 0.1209
vn 0.2721 0.9073 -0.3207
vn 0.3542 0.8559 -0.3767
vn 0.4150 0.9095 0.0228
vn 0.3166 0.9079 0.2747
vn 0.3669 0.9255 0.0939
vn 0.3739 0.9202 0.1162
vn 0.3776 0.9057 -0.1928
vn 0.3036 0.9412 -0.1480
vn 0.3702 0.7351 -0.5680
vn 0.4087 0.9095 -0.0757
vn 0.4834 0.8289 -0.2815
vn 0.4350 0.8730 0.2204
vn 0.3265 0.8943 0.3059
vn 0.4665 0.8834 0.0449
vn 0.1551 0.9879 0.0079
vn 0.3544 0.9347 0.0260
vn 0.3063 0.9502 -0.0581
vn 0.3574 0.9339 0.0083
vn 0.2100 0.9758 -0.0611
vn 0.4013 0.9049 -0.1418
vn 0.3318 0.9433 0.0102
vn 0.4450 0.8902 -0.0974
vn 0.2272 0.9256 -0.3027
vn 0.6371 0.7564 -0.1482
vn 0.0774 0.8657 -0.4945
vn -0.0593 0.5095 -0.8584
vn 0.6199 0.4954 -0.6084
vn 0.8279 0.4994 -0.2553
vn 0.8034 0.2393 -0.5452
vn 0.8866 0.3426 -0.3108
vn -0.1067 -0.2575 0.9604
vn -0.0002 -0.2113 0.9774
vn 0.0058 -0.1381 0.9904
vn 0.0064 -0.1707 0.9853
vn 0.0399 -0.2076 0.9774
vn 0.1067 -0.2809 0.9538
vn -0.0708 -0.0688 -0.9951
vn -0.0807 -0.6010 -0.7952
vn 0.0390 -0.5085 -0.8602
vn -0.0199 -0.2177 -0.9758
vn -0.0074 -0.5892 -0.8079
vn -0.0291 -0.2351 -0.9715
vn -0.0292 -0.6039 -0.7965
vn -0.0134 -0.1924 -0.9812
vn -0.0141 -0.6342 -0.7730
vn 0.0034 -0.2315 -0.9728
vn 0.0046 -0.6525 -0.7578
vn 0.0246 -0.2631 -0.9645
vn -0.0495 -0.6372 -0.7691
vn 0.1139 -0.1729 -0.9783
vn 0.1697 -0.2707 -0.9476
vn 0.0925 -0.3057 -0.9476
vn -0.2713 -0.6317 -0.7262
vn 0.0942 -0.1378 -0.9860
vn -0.5317 -0.6637 -0.5261
vn 0.7527 0.2187 -0.6210
vn -0.0637 -0.2416 -0.9683
vn 0.0405 -0.8854 0.4630
vn -0.0172 -0.2193 0.9755
vn -0.1483 -0.5181 0.8424
vn 0.0683 -0.6020 0.7955
vn 0.1460 -0.8153 0.5603
vn -0.4278 -0.7813 0.4545
vn 0.0407 -0.8705 0.4905
vn -0.1318 -0.9123 0.3876
vn 0.0440 -0.9689 0.2435
vn 0.0020 -0.8624 0.5063
vn -0.0012 -0.9972 0.0749
vn 0.0143 -0.8493 0.5277
vn 0.0028 -0.9985 0.0554
vn -0.0067 -0.8840 0.4675
vn -0.0156 -0.9994 0.0300
vn 0.0028 -0.8652 0.5014
vn 0.0081 -0.9985 0.0549
vn -0.1015 -0.8769 0.4698
vn -0.0631 -0.9914 0.1149
vn -0.1414 -0.7797 0.6100
vn -0.3210 -0.9090 0.2658
vn -0.7387 0.6710 -0.0643
vn -0.7980 0.5916 -0.1148
vn -0.7289 0.6825 -0.0537
vn -0.7414 0.6710 -0.0058
vn -0.7494 0.6554 0.0938
vn -0.7310 0.6500 0.2074
vn -0.4627 0.4237 -0.7787
vn -0.4673 0.8002 -0.3760
vn -0.4725 0.8808 0.0304
vn -0.3256 0.5955 -0.7344
vn -0.2306 0.1809 -0.9561
vn -0.2099 0.6691 -0.7129
vn -0.1736 0.9805 -0.0919
vn -0.2705 0.9495 0.1593
vn -0.1531 0.9355 0.3184
vn -0.3445 0.9263 0.1528
vn -0.3452 0.9384 0.0131
vn -0.1008 0.9934 0.0548
vn -0.1806 0.9785 -0.0997
vn -0.1987 0.9800 0.0138
vn -0.0887 0.9961 0.0002
vn -0.4043 0.9136 -0.0435
vn -0.1266 0.9666 0.2230
vn -0.1846 0.9684 0.1677
vn -0.4345 0.9006 0.0068
vn -0.0941 0.9849 0.1450
vn -0.2874 0.9346 0.2098
vn -0.2795 0.9550 0.0997
vn -0.2874 0.9576 -0.0201
vn -0.4970 0.8654 -0.0640
vn -0.1731 0.9618 -0.2122
vn -0.0880 0.9475 -0.3075
vn -0.1253 0.9918 0.0254
vn -0.1998 0.9718 0.1251
vn 0.0297 0.4678 0.8833
vn -0.0663 -0.7991 0.5975
vn -0.5857 0.5928 0.5528
vn -0.3338 0.4030 0.8521
vn -0.4813 0.8080 0.3400
vn -0.2558 -0.2020 0.9454
vn -0.0927 -0.9332 0.3471
vn 0.4879 -0.5149 0.7049
vn 0.5330 -0.7498 0.3921
vn 0.3204 -0.6681 0.6716
vn 0.4888 -0.8393 0.2378
vn -0.2017 -0.2123 0.9562
vn 0.3978 -0.9129 0.0912
vn 0.1663 -0.7254 -0.6679
vn -0.6334 0.4359 -0.6394
vn -0.5541 0.5519 -0.6232
vn 0.3300 -0.5202 -0.7877
vn -0.1510 -0.8062 -0.5720
vn -0.0602 -0.7803 -0.6225
vn 0.1057 -0.9005 -0.4218
vn -0.0409 -0.3429 -0.9385
vn -0.2335 0.9148 -0.3295
vn -0.1931 0.8773 -0.4395
vn 0.0176 0.9997 0.0153
vn -0.0578 0.9969 0.0534
vn -0.4825 0.8717 0.0863
vn -0.6701 0.7417 -0.0274
vn -0.0297 0.4215 0.9063
vn 0.1529 0.9875 0.0396
vn 0.1797 0.3900 -0.9031
vn 0.3374 -0.0076 0.9413
vn 0.6199 0.4954 -0.6085
vn 0.8034 0.2392 -0.5452
vn 0.0065 -0.1707 0.9853
vn 0.0246 -0.2631 -0.9644
vn -0.5316 -0.6638 -0.5261
vn -0.0636 -0.2416 -0.9683
vn 0.0683 -0.6021 0.7955
vn -0.1318 -0.9124 0.3876
vn -0.7311 0.6500 0.2074
vn -0.4044 0.9135 -0.0434
vn -0.0942 0.9849 0.1450
vn -0.5857 0.5927 0.5528
vn -0.4813 0.8079 0.3400
vn 0.5330 -0.7498 0.3920
vn 0.1663 -0.7254 -0.6680
vn -0.1510 -0.8062 -0.5721
vn 0.6203 0.7843 0.0065
vn 0.6245 0.7809 0.0158
vn 0.8718 0.4895 0.0162
vn 0.8722 0.4892 -0.0006
vn 0.5016 0.8651 -0.0021
vn 0.8190 0.5738 0.0018
vn 0.5089 0.8595 0.0482
vn 0.7885 0.6098 0.0796
vn 0.5130 0.8577 -0.0336
vn 0.7729 0.6329 -0.0458
vn 0.8441 0.5356 -0.0257
vn 0.6692 0.7429 0.0176
vn 0.8630 0.5021 -0.0561
vn 0.7299 0.6834 -0.0111
vn 0.6842 0.7252 0.0772
vn 0.8866 0.4556 0.0803
vn 0.7183 0.6702 0.1868
vn 0.2941 0.9556 0.0190
vn 0.3609 0.9322 0.0268
vn 0.0891 0.9763 0.1974
vn 0.0933 0.9888 0.1163
vn 0.2788 0.9603 0.0115
vn 0.0712 0.9974 0.0100
vn 0.2651 0.9642 0.0050
vn 0.2285 0.9735 0.0007
vn 0.2408 0.9695 0.0465
vn 0.3559 0.9339 -0.0341
vn 0.3171 0.9462 0.0646
vn 0.4949 0.8678 -0.0455
vn 0.0937 0.9956 0.0013
vn 0.0797 0.9968 0.0025
vn 0.0495 0.9961 0.0731
vn 0.2326 0.9726 0.0028
vn 0.1067 0.9942 0.0146
vn 0.2070 0.9761 -0.0664
vn 0.0120 0.9922 0.1239
vn 0.0111 0.9758 0.2184
vn 0.0124 0.9999 0.0099
vn 0.0116 0.9999 -0.0027
vn 0.0101 0.9999 0.0032
vn 0.0104 0.9999 0.0033
vn 0.0025 0.9980 0.0639
vn 0.0108 0.9918 0.1275
vn 0.0432 0.9975 -0.0556
vn 0.0014 0.9920 0.1260
vn 0.0006 0.9728 0.2318
vn 0.0009 0.9999 0.0106
vn 0.0004 1.0000 0.0010
vn 0.0017 1.0000 0.0008
vn 0.0007 1.0000 0.0005
vn -0.0010 0.9973 0.0738
vn -0.0040 0.9959 0.0900
vn 0.0025 0.9971 -0.0764
vn -0.0018 0.9951 0.0986
vn -0.0023 0.9836 0.1801
vn -0.0010 1.0000 0.0050
vn -0.0014 1.0000 -0.0022
vn -0.0015 1.0000 0.0024
vn 0.0007 1.0000 -0.0035
vn 0.0030 0.9976 0.0698
vn 0.0006 0.9975 0.0700
vn -0.0094 0.9998 0.0156
vn -0.0119 0.9959 0.0893
vn -0.0120 0.9876 0.1566
vn -0.0149 0.9999 0.0033
vn -0.0118 0.9999 -0.0007
vn -0.0129 0.9999 0.0011
vn -0.0139 0.9997 0.0203
vn -0.0168 0.9971 0.0748
vn -0.0321 0.9949 0.0953
vn -0.0086 0.9970 -0.0775
vn -0.0747 0.9972 0.0044
vn -0.0749 0.9942 0.0776
vn -0.0535 0.9985 0.0092
vn -0.0600 0.9982 -0.0023
vn -0.0550 0.9958 0.0735
vn -0.0915 0.9951 0.0385
vn -0.0864 0.9952 0.0467
vn -0.1454 0.9889 -0.0312
vn -0.0791 0.9850 0.1533
vn -0.3103 0.9465 0.0883
vn -0.3777 0.9035 0.2026
vn -0.2891 0.9571 0.0197
vn -0.2144 0.9767 0.0104
vn -0.2088 0.9780 -0.0039
vn -0.2591 0.9658 0.0071
vn -0.4122 0.9111 -0.0036
vn -0.3215 0.9466 0.0242
vn -0.2965 0.9533 -0.0577
vn -0.6876 0.7114 0.1453
vn -0.6468 0.7622 0.0264
vn -0.5534 0.8328 0.0148
vn -0.5574 0.8302 0.0020
vn -0.5188 0.8509 -0.0820
vn -0.7046 0.7093 -0.0194
vn -0.5919 0.8031 0.0677
vn -0.4992 0.8631 -0.0769
vn -0.3941 0.8847 -0.2489
vn -0.2695 0.9342 -0.2337
vn -0.7275 0.6112 0.3118
vn -0.8953 0.4445 0.0285
vn -0.9041 0.4023 0.1439
vn -0.8468 0.5307 0.0345
vn -0.8786 0.4775 -0.0027
vn -0.8210 0.5621 -0.0995
vn -0.8471 0.5291 -0.0504
vn -0.7680 0.6366 0.0694
vn -0.7446 0.6629 -0.0784
vn -0.6997 0.6601 -0.2733
vn -0.9106 0.3155 0.2669
vn -0.9801 0.1876 0.0647
vn -0.9760 0.2122 0.0487
vn -0.9676 0.2473 0.0501
vn -0.9794 0.2021 -0.0016
vn -0.9625 0.2695 0.0304
vn -0.9090 0.4157 0.0318
vn -0.8980 0.4364 0.0557
vn -0.9001 0.4097 -0.1484
vn -0.8605 0.3371 -0.3820
vn -0.9977 -0.0166 0.0663
vn -0.9331 0.2192 -0.2850
vn -0.9941 -0.0563 0.0927
vn -0.9976 -0.0688 0.0029
vn -0.9554 0.2709 0.1174
vn -0.9567 0.2908 -0.0076
vn -0.9566 0.2495 0.1505
vn -0.9634 0.2277 -0.1412
vn -0.9099 0.0739 -0.4082
vn -0.9996 0.0122 -0.0261
vn -0.8661 0.3285 -0.3769
vn -0.9649 0.1602 0.2082
vn -0.8493 0.5011 0.1663
vn -0.9289 0.3463 0.1310
vn -0.9676 0.1732 -0.1839
vn -0.9477 0.1873 0.2586
vn -0.9331 0.2420 0.2660
vn -0.8450 0.0521 -0.5322
vn -0.6969 -0.1229 -0.7066
vn -0.5564 -0.3514 -0.7530
vn -0.0783 -0.5865 -0.8061
vn -0.2780 -0.6227 -0.7314
vn -0.2807 -0.3883 -0.8778
vn -0.9807 0.1946 -0.0166
vn -0.4699 -0.5941 -0.6528
vn -0.9669 -0.2526 0.0353
vn -0.9569 -0.2733 -0.0981
vn -0.7713 -0.5586 0.3050
vn -0.9505 -0.0874 -0.2983
vn -0.9583 -0.1921 -0.2118
vn -0.5229 -0.3029 -0.7967
vn -0.4487 -0.3341 -0.8289
vn -0.6710 0.1086 -0.7335
vn 0.0180 0.0883 -0.9959
vn -0.8499 0.3385 -0.4039
vn -0.6901 0.0538 -0.7217
vn -0.8230 -0.0218 -0.5676
vn -0.8606 0.5088 0.0204
vn -0.8801 0.2256 -0.4177
vn -0.9770 0.2081 -0.0462
vn -0.7230 0.6650 0.1871
vn -0.1993 0.6163 0.7619
vn -0.5669 0.8060 0.1700
vn -0.0492 0.9971 -0.0583
vn -0.5669 0.8060 0.1701
vn -0.1666 0.8257 -0.5390
vn -0.0358 0.9462 0.3215
vn -0.9058 0.4174 -0.0724
vn -0.2394 0.7833 0.5737
vn -0.9196 -0.3542 0.1700
vn -0.7142 0.6684 0.2077
vn -0.7420 0.6567 -0.1350
vn -0.8199 0.5708 -0.0446
vn -0.5079 0.8599 -0.0513
vn -0.7486 0.6548 -0.1042
vn -0.0256 0.9944 -0.1023
vn -0.3842 0.8547 0.3491
vn -0.4903 0.8607 -0.1371
vn -0.5372 0.8294 -0.1534
vn -0.5187 0.8524 0.0658
vn -0.8385 0.3899 0.3807
vn -0.5381 0.8361 -0.1066
vn -0.3980 0.9133 0.0864
vn -0.2942 0.9487 0.1156
vn -0.4252 0.9016 0.0796
vn -0.3523 0.9110 -0.2146
vn -0.6151 0.6805 -0.3982
vn -0.7685 0.6350 0.0787
vn -0.4403 0.8530 -0.2802
vn 0.0652 0.9078 -0.4144
vn -0.9849 0.0934 0.1456
vn -0.7916 0.6092 -0.0483
vn -0.0783 0.9547 -0.2871
vn -0.5977 0.7903 -0.1350
vn 0.9480 0.2959 0.1169
vn 0.9535 0.3003 0.0261
vn 0.9186 0.3951 -0.0002
vn 0.8840 0.4512 0.1226
vn 0.9334 0.3584 0.0196
vn 0.8545 0.5194 -0.0104
vn 0.8530 0.5182 -0.0627
vn 0.9011 0.4193 -0.1104
vn 0.9271 0.3685 -0.0685
vn 0.8840 0.3577 -0.3010
vn 0.8858 0.4622 -0.0417
vn 0.8647 0.4570 0.2084
vn 0.9483 0.3060 0.0838
vn 0.9792 0.1943 0.0589
vn 0.9803 0.1922 0.0451
vn 0.9586 0.2837 0.0231
vn 0.8791 0.4740 -0.0501
vn 0.8545 0.4734 0.2137
vn 0.8046 0.5799 -0.1280
vn 0.9644 -0.2503 0.0858
vn 0.8840 0.4629 -0.0653
vn 0.7186 0.6525 -0.2406
vn 0.7425 0.6662 -0.0702
vn 0.7404 0.6683 -0.0722
vn 0.7298 0.6768 -0.0966
vn 0.9538 0.2912 0.0745
vn 0.8783 0.4653 -0.1098
vn 0.8869 0.4506 0.1016
vn 0.8267 0.4900 0.2765
vn 0.8639 0.4600 -0.2051
vn 0.8769 0.3868 -0.2852
vn 0.8836 0.2026 -0.4221
vn 0.3397 -0.0140 -0.9404
vn -0.3385 -0.1590 -0.9274
vn 0.6655 -0.0328 -0.7457
vn 0.9024 0.2474 -0.3529
vn 0.6794 -0.7174 -0.1544
vn 0.8024 -0.4665 -0.3723
vn 0.9939 0.1010 -0.0446
vn 0.7475 -0.6605 0.0706
vn 0.9341 -0.3543 -0.0444
vn 0.9486 -0.3143 0.0362
vn 0.9718 -0.1298 0.1968
vn 0.9276 -0.3302 -0.1748
vn 0.7047 -0.5629 0.4319
vn 0.5702 -0.8213 -0.0188
vn 0.9318 -0.2581 -0.2552
vn 0.9045 -0.3987 0.1513
vn 0.1526 -0.9881 -0.0212
vn -0.1342 -0.9906 -0.0251
vn -0.0346 -0.9953 -0.0910
vn 0.7697 -0.6097 0.1892
vn -0.2568 -0.9646 -0.0596
vn 0.8328 -0.5510 0.0536
vn -0.2427 -0.9682 -0.0599
vn 0.8184 -0.4482 0.3597
vn -0.2296 -0.9731 -0.0173
vn -0.2377 -0.9704 0.0434
vn 0.5590 -0.8247 -0.0855
vn -0.1343 -0.9909 -0.0093
vn 0.9583 0.2267 -0.1740
vn 0.8163 -0.4633 0.3450
vn -0.1485 -0.9889 -0.0063
vn 0.8131 -0.5736 -0.0990
vn -0.1054 -0.9944 -0.0032
vn -0.1109 -0.9937 -0.0173
vn 0.9763 -0.2139 0.0321
vn -0.0550 0.6757 -0.7351
vn 0.0697 0.5638 -0.8229
vn 0.0348 -0.0822 -0.9960
vn 0.0153 0.6304 -0.7761
vn -0.0576 -0.1686 -0.9840
vn -0.1037 0.0351 -0.9940
vn -0.0289 -0.9670 -0.2530
vn -0.1638 0.6182 -0.7688
vn 0.0084 -0.8843 -0.4669
vn 0.0897 0.1566 -0.9836
vn -0.2823 -0.1923 -0.9399
vn -0.7158 0.6941 -0.0771
vn -0.9877 0.0362 0.1520
vn 0.0800 -0.0033 -0.9968
vn -0.8225 -0.2168 -0.5258
vn -0.1336 -0.0834 -0.9875
vn -0.8654 -0.3204 -0.3853
vn 0.1072 -0.1146 -0.9876
vn -0.9222 -0.2798 -0.2671
vn 0.0214 -0.0083 -0.9997
vn -0.8998 -0.3417 -0.2712
vn 0.1899 0.0364 -0.9811
vn -0.8119 -0.5376 -0.2275
vn 0.2581 -0.0022 -0.9661
vn -0.4809 -0.8602 -0.1694
vn 0.1509 0.0045 -0.9885
vn 0.0139 -0.8715 -0.4901
vn -0.2021 -0.9774 -0.0615
vn -0.7603 0.5933 0.2645
vn -0.9398 0.2807 0.1950
vn -0.8719 0.4216 0.2491
vn -0.8221 0.4622 0.3323
vn 0.7542 0.6057 0.2535
vn 0.5549 0.5515 0.6228
vn 0.4483 0.0435 0.8928
vn -0.5337 -0.3217 0.7821
vn -0.4684 -0.3348 0.8176
vn 0.8460 0.2198 0.4858
vn 0.4842 0.0886 0.8705
vn 0.5738 0.1395 0.8070
vn 0.8717 0.4535 0.1858
vn 0.1101 -0.0496 0.9927
vn -0.4848 0.4179 0.7683
vn -0.8551 0.5094 0.0968
vn -0.6144 -0.0534 0.7872
vn -0.8976 0.4198 0.1345
vn 0.0448 -0.6203 0.7831
vn 0.0690 -0.5684 0.8198
vn 0.3552 -0.3681 0.8593
vn -0.6333 0.2764 0.7229
vn 0.5646 -0.2247 0.7942
vn -0.5781 -0.4384 0.6882
vn -0.9531 0.2192 0.2086
vn 0.6867 -0.3101 0.6575
vn -0.5849 -0.2840 0.7598
vn -0.9506 0.2101 0.2287
vn 0.6911 -0.3191 0.6485
vn 0.9167 -0.1500 -0.3704
vn -0.0000 1.0000 0.0056
vn 0.0282 0.9996 -0.0000
vn -0.0000 1.0000 -0.0056
vn -0.0053 1.0000 -0.0000
vn -0.0000 0.0439 -0.9990
vn -0.0000 0.0442 -0.9990
vn -0.9989 0.0463 -0.0000
vn -0.9989 0.0468 -0.0000
vn -0.0000 0.0441 0.9990
vn 0.9989 0.0468 -0.0000
vn 0.9989 0.0463 -0.0000
vn -1.0000 0.0001 -0.0000
vn -1.0000 0.0003 -0.0000
vn 1.0000 0.0001 -0.0000
vn -0.0005 -0.0000 1.0000
vn -0.0006 -0.0000 1.0000
vn -0.0002 -0.0000 1.0000
vn -0.0000 0.0009 1.0000
vn -0.0000 0.0006 1.0000
vn -0.0016 -0.0000 1.0000
vn -0.0000 -0.0020 1.0000
vn 0.0016 -0.0000 1.0000
vn 1.0000 -0.0000 0.0053
vn -0.0000 1.0000 0.0051
vn -1.0000 -0.0000 0.0056
vn -0.0000 -1.0000 0.0002
vn 1.0000 0.0005 0.0002
vn -1.0000 0.0003 0.0001
vn -0.0000 0.0070 1.0000
vn -0.0000 0.0069 1.0000
vn 1.0000 0.0007 -0.0005
vn 0.0003 1.0000 0.0001
vn 0.0002 1.0000 0.0003
vn -1.0000 -0.0000 -0.0005
vn 0.0002 -1.0000 -0.0003
vn 0.0003 -1.0000 -0.0005
vn -0.0005 -1.0000 -0.0005
vn -0.0064 0.0003 -1.0000
vn 0.0001 -0.0016 -1.0000
vn 0.0001 -0.0000 -1.0000
vn -0.6870 0.0005 0.7267
vn 0.9460 0.0005 -0.3242
vn -0.0002 0.7258 -0.6879
vn -0.0001 -1.0000 -0.0000
vn -0.0000 -1.0000 0.0001
vn -0.9760 -0.1155 -0.1848
vn -0.9841 0.1193 -0.1319
vn -0.9254 0.0146 -0.3786
vn -0.9169 -0.0889 -0.3892
vn -0.8257 -0.4358 -0.3583
vn -0.9114 -0.4079 -0.0548
vn -0.9742 0.2256 0.0031
vn -0.9908 -0.1356 0.0026
vn -0.8709 -0.4915 0.0018
vn -0.9588 -0.1350 0.2498
vn -0.9582 0.1244 0.2577
vn -0.8906 -0.1452 0.4309
vn -0.9124 0.0510 0.4060
vn -0.8887 -0.4307 0.1570
vn -0.7413 -0.5091 0.4374
vn -0.8702 0.4924 0.0164
vn -0.8392 0.4788 -0.2578
vn -0.7718 0.6359 0.0017
vn -0.8728 0.4782 0.0982
vn -0.6169 0.6588 0.4306
vn -0.0163 0.5946 0.8039
vn -0.1328 0.9213 0.3656
vn -0.5252 0.1470 0.8382
vn -0.4985 -0.2030 0.8428
vn -0.3997 -0.4971 0.7701
vn 0.0043 0.5511 0.8344
vn -0.0037 0.1482 0.9890
vn 0.0399 -0.1530 0.9874
vn -0.3997 -0.4971 0.7702
vn -0.0502 -0.4008 0.9148
vn 0.0021 0.1726 0.9850
vn 0.0022 0.4422 0.8969
vn 0.0037 -0.1734 0.9848
vn 0.0041 -0.5322 0.8466
vn -0.0893 0.2547 0.9629
vn -0.0156 0.5447 0.8385
vn -0.0413 -0.1411 0.9891
vn 0.0885 -0.5001 0.8614
vn 0.4033 0.5631 0.7213
vn 0.5229 0.2133 0.8253
vn 0.5051 -0.1088 0.8562
vn 0.5348 -0.4927 0.6865
vn 0.9388 0.0248 0.3437
vn 0.8311 0.4519 0.3241
vn 0.9114 -0.0691 0.4057
vn 0.5050 -0.1088 0.8562
vn 0.5349 -0.4927 0.6864
vn 0.8512 -0.3698 0.3725
vn 0.3349 0.8717 0.3578
vn 0.0645 0.8458 0.5296
vn 0.0016 0.7843 0.6204
vn -0.0339 0.8784 0.4767
vn -0.5403 0.8133 0.2159
vn -0.1232 0.9868 0.1052
vn -0.3744 0.9273 -0.0014
vn -0.4967 0.8677 -0.0203
vn -0.2877 0.8702 -0.4000
vn -0.4468 0.3781 -0.8108
vn -0.5130 0.0487 -0.8570
vn -0.5414 -0.0699 -0.8378
vn -0.4628 -0.3736 -0.8039
vn -0.8256 -0.4358 -0.3584
vn 0.0010 0.9800 0.1991
vn -0.1065 0.9943 0.0005
vn -0.1090 0.9898 -0.0914
vn -0.0190 0.8297 -0.5579
vn 0.0171 0.4075 -0.9130
vn 0.0033 0.0766 -0.9971
vn -0.0331 -0.0454 -0.9984
vn -0.0327 -0.3823 -0.9235
vn 0.1516 0.9794 0.1337
vn 0.0006 1.0000 0.0008
vn -0.0000 0.9966 -0.0825
vn -0.0002 0.6062 -0.7953
vn -0.0032 0.2073 -0.9783
vn -0.0054 -0.1209 -0.9926
vn -0.0013 -0.4779 -0.8784
vn -0.1032 0.0964 -0.9900
vn -0.0493 -0.1621 -0.9855
vn 0.0066 -0.4324 -0.9017
vn 0.3457 0.1628 -0.9241
vn 0.0369 -0.1871 -0.9816
vn 0.4249 -0.4544 -0.7829
vn 0.5980 -0.1860 -0.7796
vn 0.6890 -0.4906 -0.5335
vn 0.7677 0.0862 -0.6350
vn 0.5824 0.6774 -0.4493
vn 0.1838 0.5782 -0.7949
vn 0.8914 0.0965 -0.4429
vn 0.8769 -0.1458 -0.4581
vn 0.8282 -0.4240 -0.3665
vn 0.2489 0.9685 0.0001
vn 0.5252 0.8488 0.0606
vn 0.6616 0.7473 -0.0614
vn 0.9543 0.2920 -0.0636
vn 0.7170 0.6970 0.0003
vn 0.8542 0.5173 0.0521
vn 0.2818 0.9519 -0.1203
vn -0.0460 0.5365 -0.8427
vn 0.1179 0.9001 -0.4194
vn -0.0021 0.9300 -0.3675
vn 0.9801 0.1252 0.1539
vn 0.9305 0.3663 -0.0029
vn 0.9828 -0.0981 -0.1567
vn 0.9279 -0.3562 -0.1099
vn 0.9970 0.0771 -0.0025
vn 0.9688 -0.0367 0.2449
vn 0.9172 -0.3905 0.0795
vn 0.9256 -0.3785 0.0012
vn -0.6872 -0.6929 -0.2184
vn -0.7909 -0.6119 -0.0024
vn -0.7916 -0.6111 -0.0001
vn -0.7696 -0.6364 0.0518
vn -0.6194 -0.7271 0.2961
vn -0.2243 -0.7290 0.6467
vn -0.2242 -0.7289 0.6468
vn 0.0072 -0.6517 0.7584
vn 0.0018 -0.6525 0.7578
vn 0.0410 -0.6690 0.7422
vn 0.3710 -0.7425 0.5577
vn 0.3711 -0.7425 0.5577
vn 0.7028 -0.6801 0.2085
vn -0.2459 -0.6979 -0.6727
vn -0.0162 -0.6149 -0.7884
vn 0.0013 -0.6060 -0.7954
vn 0.0061 -0.6091 -0.7930
vn 0.2748 -0.6963 -0.6630
vn 0.5447 -0.7139 -0.4400
vn 0.6869 -0.6804 -0.2552
vn 0.5447 -0.7139 -0.4399
vn 0.7979 -0.6017 -0.0366
vn 0.7928 -0.6080 0.0417
vn 0.8111 -0.5849 -0.0011
vn 0.0541 -0.0000 -0.9985
vn 0.0545 -0.0000 -0.9985
vn -0.0542 -0.0000 -0.9985
vn -0.2156 -0.0000 -0.9765
vn -0.4203 -0.0000 -0.9074
vn -0.6047 -0.0000 -0.7965
vn -0.7630 -0.0000 -0.6464
vn -0.8884 -0.0000 -0.4591
vn -0.9710 -0.0000 -0.2393
vn -0.9710 -0.0000 -0.2392
vn -0.9982 -0.0000 -0.0607
vn -0.9982 -0.0000 0.0607
vn -0.9710 -0.0000 0.2393
vn -0.8884 -0.0000 0.4591
vn -0.8884 -0.0000 0.4592
vn -0.7630 -0.0000 0.6464
vn -0.6047 -0.0000 0.7965
vn -0.4203 -0.0000 0.9074
vn -0.2156 -0.0000 0.9765
vn -0.0542 -0.0000 0.9985
vn 0.0541 -0.0000 0.9985
vn 0.0545 -0.0000 0.9985
vn 0.2156 -0.0000 0.9765
vn 0.4204 -0.0000 0.9073
vn 0.6045 -0.0000 0.7966
vn 0.6048 -0.0000 0.7964
vn 0.7628 -0.0000 0.6466
vn 0.8883 -0.0000 0.4593
vn 0.9710 -0.0000 0.2393
vn 0.9982 -0.0000 0.0607
vn 0.9982 -0.0000 -0.0607
vn 0.9710 -0.0000 -0.2392
vn 0.8883 -0.0000 -0.4593
vn 0.7628 -0.0000 -0.6466
vn 0.6048 -0.0000 -0.7964
vn 0.4204 -0.0000 -0.9073
vn 0.2156 -0.0000 -0.9765
vn -0.0677 0.9844 -0.1621
vn 0.1194 0.9760 -0.1823
vn 0.0821 0.9229 -0.3762
vn -0.1531 0.9283 -0.3389
vn 0.0278 0.7428 -0.6689
vn -0.2820 0.7417 -0.6085
vn -0.3787 0.4423 -0.8130
vn -0.0110 0.4442 -0.8959
vn -0.0185 -0.0239 -0.9995
vn -0.4223 -0.0227 -0.9062
vn 0.0019 -0.6222 -0.7829
vn -0.3303 -0.6217 -0.7102
vn -0.1108 -0.9641 -0.2413
vn 0.0329 -0.9622 -0.2703
vn -0.0495 -0.9987 -0.0155
vn -0.0021 -1.0000 -0.0023
vn -0.2749 0.9285 -0.2497
vn -0.1357 0.9841 -0.1142
vn -0.4921 0.7415 -0.4561
vn -0.6562 0.4422 -0.6115
vn -0.7312 -0.0227 -0.6818
vn -0.5732 -0.6219 -0.5335
vn -0.1954 -0.9639 -0.1809
vn 0.0027 -1.0000 -0.0031
vn -0.2056 0.9772 0.0530
vn -0.3793 0.9243 -0.0414
vn -0.6436 0.7429 -0.1841
vn -0.8482 0.4437 -0.2893
vn -0.9450 -0.0257 -0.3261
vn -0.7456 -0.6226 -0.2377
vn -0.2732 -0.9605 -0.0527
vn 0.0142 -0.9986 -0.0516
vn -0.1751 0.9844 0.0143
vn -0.1365 0.9760 -0.1699
vn -0.3326 0.9229 -0.1942
vn -0.3695 0.9283 0.0409
vn -0.6264 0.7446 -0.2306
vn -0.6659 0.7418 0.0801
vn -0.8562 0.4436 -0.2648
vn -0.8905 0.4418 0.1092
vn -0.9923 -0.0226 0.1216
vn -0.9562 -0.0257 -0.2917
vn -0.7774 -0.6218 0.0948
vn -0.7428 -0.6226 -0.2460
vn -0.2516 -0.9607 -0.1172
vn -0.2637 -0.9641 0.0309
vn -0.0227 -0.9984 0.0525
vn -0.0029 -1.0000 0.0013
vn -0.3225 0.9285 0.1842
vn -0.1506 0.9841 0.0938
vn -0.5859 0.7417 0.3265
vn -0.7846 0.4419 0.4349
vn -0.8744 -0.0227 0.4847
vn -0.6846 -0.6219 0.3803
vn -0.2323 -0.9639 0.1301
vn -0.0021 -1.0000 -0.0035
vn -0.1565 0.9244 0.3479
vn -0.0131 0.9772 0.2119
vn -0.3732 0.7432 0.5553
vn -0.5372 0.4434 0.7175
vn -0.6020 -0.0255 0.7981
vn -0.4562 -0.6228 0.6357
vn -0.1348 -0.9605 0.2434
vn -0.0447 -0.9986 -0.0294
vn -0.0405 0.9844 0.1710
vn -0.2037 0.9760 0.0773
vn -0.2875 0.9229 0.2561
vn -0.0753 0.9283 0.3641
vn -0.1295 0.7417 0.6581
vn -0.4156 0.7428 0.5249
vn -0.5169 0.4450 0.7313
vn -0.1713 0.4418 0.8806
vn -0.1910 -0.0226 0.9813
vn -0.5729 -0.0256 0.8192
vn -0.4629 -0.6213 0.6322
vn -0.1501 -0.6219 0.7685
vn -0.1854 -0.9622 0.1994
vn -0.0522 -0.9641 0.2603
vn 0.0309 -0.9987 0.0416
vn 0.0003 -1.0000 0.0031
vn 0.0757 0.9285 0.3636
vn 0.0427 0.9841 0.1722
vn 0.1295 0.7417 0.6581
vn 0.1711 0.4419 0.8806
vn 0.1911 -0.0227 0.9813
vn 0.1503 -0.6218 0.7686
vn 0.0519 -0.9639 0.2612
vn -0.0040 -1.0000 0.0009
vn 0.2825 0.9243 0.2565
vn 0.1975 0.9772 0.0779
vn 0.4128 0.7432 0.5266
vn 0.5164 0.4434 0.7326
vn 0.5729 -0.0257 0.8192
vn 0.4635 -0.6226 0.6305
vn 0.1900 -0.9605 0.2034
vn -0.0418 -0.9986 0.0334
vn 0.1561 0.9225 0.3530
vn 0.3230 0.9283 0.1842
vn 0.1501 0.9844 0.0914
vn 0.0104 0.9773 0.2118
vn 0.3707 0.7428 0.5575
vn 0.5859 0.7416 0.3267
vn 0.7846 0.4419 0.4349
vn 0.5355 0.4442 0.7183
vn 0.6016 -0.0248 0.7984
vn 0.8744 -0.0228 0.4848
vn 0.4564 -0.6226 0.6356
vn 0.6846 -0.6218 0.3803
vn 0.1348 -0.9605 0.2435
vn 0.2324 -0.9639 0.1299
vn 0.0447 -0.9986 -0.0294
vn 0.0021 -1.0000 -0.0035
vn 0.3700 0.9282 0.0397
vn 0.1769 0.9842 0.0126
vn 0.6660 0.7417 0.0792
vn 0.8903 0.4421 0.1088
vn 0.9923 -0.0226 0.1216
vn 0.7774 -0.6218 0.0948
vn 0.2642 -0.9640 0.0313
vn -0.0003 -1.0000 0.0041
vn 0.3322 0.9241 -0.1889
vn 0.1351 0.9772 -0.1638
vn 0.6286 0.7432 -0.2289
vn 0.8563 0.4437 -0.2642
vn 0.9562 -0.0256 -0.2916
vn 0.7427 -0.6227 -0.2462
vn 0.2522 -0.9605 -0.1178
vn 0.0189 -0.9986 0.0501
vn 0.1333 0.9844 -0.1145
vn 0.2047 0.9773 0.0555
vn 0.3840 0.9225 -0.0394
vn 0.2749 0.9283 -0.2503
vn 0.4916 0.7418 -0.4561
vn 0.6446 0.7430 -0.1804
vn 0.8480 0.4450 -0.2879
vn 0.6561 0.4419 -0.6118
vn 0.9450 -0.0257 -0.3261
vn 0.7313 -0.0228 -0.6817
vn 0.7456 -0.6226 -0.2376
vn 0.5734 -0.6218 -0.5335
vn 0.2725 -0.9607 -0.0531
vn 0.1953 -0.9641 -0.1800
vn -0.0125 -0.9984 -0.0558
vn 0.0016 -1.0000 -0.0027
vn 0.1528 0.9284 -0.3386
vn 0.0667 0.9841 -0.1644
vn 0.2818 0.7415 -0.6090
vn 0.3789 0.4421 -0.8130
vn 0.4223 -0.0226 -0.9062
vn 0.3304 -0.6218 -0.7101
vn 0.1114 -0.9639 -0.2417
vn 0.0038 -1.0000 0.0016
vn -0.0817 0.9232 -0.3756
vn -0.1174 0.9759 -0.1840
vn -0.0252 0.7442 -0.6675
vn 0.0125 0.4430 -0.8964
vn 0.0184 -0.0240 -0.9995
vn -0.0033 -0.6236 -0.7817
vn -0.0341 -0.9605 -0.2762
vn 0.0534 -0.9986 -0.0025
vn 0.3899 0.8563 -0.3387
vn 0.3167 0.9322 -0.1751
vn -0.0000 0.9837 -0.1800
vn -0.0000 0.9577 -0.2879
vn -0.0000 0.7971 -0.6039
vn 0.4621 0.6622 -0.5899
vn -0.0003 0.5071 -0.8619
vn 0.5119 0.3859 -0.7675
vn -0.0001 -0.0163 -0.9999
vn 0.5345 -0.0181 -0.8450
vn 0.4939 -0.5534 -0.6707
vn -0.0002 -0.7629 -0.6465
vn -0.0109 -0.9918 -0.1276
vn 0.3285 -0.9096 -0.2545
vn -0.1041 -0.9941 -0.0318
vn -0.0024 -0.9995 -0.0318
vn -0.2632 0.9312 0.2520
vn -0.4412 0.8561 0.2693
vn -0.2716 0.9582 -0.0900
vn -0.1728 0.9833 -0.0570
vn -0.7042 0.6609 0.2595
vn -0.5751 0.7966 -0.1862
vn -0.8884 0.3842 0.2511
vn -0.8197 0.5073 -0.2660
vn -0.9688 -0.0207 0.2469
vn -0.9510 -0.0168 -0.3088
vn -0.7900 -0.5551 0.2602
vn -0.6171 -0.7610 -0.2002
vn -0.3487 -0.9079 0.2328
vn -0.1174 -0.9918 -0.0498
vn 0.0090 -0.9949 -0.1009
vn -0.0294 -0.9995 -0.0121
vn 0.1582 0.9313 0.3281
vn 0.1197 0.8561 0.5027
vn -0.1671 0.9587 0.2300
vn -0.1080 0.9829 0.1488
vn 0.0291 0.6610 0.7498
vn -0.3557 0.7964 0.4891
vn -0.0358 0.3839 0.9227
vn -0.5069 0.5065 0.6975
vn -0.0645 -0.0206 0.9977
vn -0.5878 -0.0165 0.8088
vn 0.0036 -0.5552 0.8317
vn -0.3817 -0.7619 0.5233
vn 0.1142 -0.9074 0.4045
vn -0.0839 -0.9918 0.0964
vn -0.0931 -0.9949 -0.0397
vn -0.0206 -0.9995 0.0243
vn 0.1671 0.9588 0.2300
vn 0.1081 0.9830 0.1487
vn 0.3610 0.9313 -0.0491
vn 0.5151 0.8561 0.0416
vn 0.7222 0.6609 0.2040
vn 0.3553 0.7964 0.4895
vn 0.8664 0.3839 0.3194
vn 0.5066 0.5066 0.6976
vn 0.9289 -0.0207 0.3697
vn 0.5878 -0.0166 0.8088
vn 0.7921 -0.5553 0.2536
vn 0.3797 -0.7620 0.5245
vn 0.4208 -0.9070 0.0183
vn 0.0836 -0.9918 0.0966
vn -0.0733 -0.9945 0.0746
vn 0.0206 -0.9995 0.0243
vn 0.1994 0.8556 -0.4777
vn 0.2735 0.9578 -0.0887
vn 0.1712 0.9837 -0.0557
vn 0.0634 0.9320 -0.3568
vn 0.4169 0.6611 -0.6238
vn 0.5749 0.7969 -0.1857
vn 0.5714 0.3841 -0.7253
vn 0.8200 0.5067 -0.2663
vn 0.6386 -0.0208 -0.7693
vn 0.9509 -0.0171 -0.3091
vn 0.4856 -0.5551 -0.6753
vn 0.6164 -0.7619 -0.1992
vn 0.1475 -0.9069 -0.3946
vn 0.1278 -0.9909 -0.0415
vn 0.0483 -0.9945 0.0927
vn 0.0256 -0.9996 -0.0083
vn -0.3898 0.8564 -0.3386
vn -0.3168 0.9322 -0.1751
vn -0.4626 0.6638 -0.5877
vn 0.0001 0.7971 -0.6039
vn -0.5129 0.3832 -0.7682
vn -0.0003 0.5072 -0.8618
vn -0.5345 -0.0182 -0.8450
vn -0.0000 -0.0163 -0.9999
vn -0.4924 -0.5561 -0.6695
vn -0.0002 -0.7630 -0.6465
vn -0.3297 -0.9070 -0.2622
vn -0.0111 -0.9918 -0.1276
vn 0.1031 -0.9945 -0.0173
vn -0.0687 0.9322 -0.3554
vn -0.2016 0.8564 -0.4754
vn -0.1728 0.9833 -0.0571
vn -0.4159 0.6633 -0.6222
vn -0.8197 0.5073 -0.2659
vn -0.5713 0.3843 -0.7252
vn -0.6385 -0.0205 -0.7693
vn -0.4863 -0.5550 -0.6749
vn -0.1472 -0.9076 -0.3932
vn -0.0483 -0.9945 0.0927
vn -0.3617 0.9313 -0.0440
vn -0.5138 0.8568 0.0443
vn -0.1671 0.9587 0.2301
vn -0.3556 0.7963 0.4893
vn -0.7202 0.6625 0.2060
vn -0.8653 0.3862 0.3195
vn -0.9290 -0.0204 0.3696
vn -0.7939 -0.5525 0.2539
vn -0.3815 -0.7620 0.5233
vn -0.4147 -0.9098 0.0147
vn -0.0840 -0.9918 0.0964
vn 0.0723 -0.9937 0.0852
vn -0.1583 0.9313 0.3282
vn -0.1168 0.8554 0.5046
vn 0.1670 0.9587 0.2300
vn 0.3554 0.7963 0.4894
vn -0.0270 0.6624 0.7487
vn 0.5067 0.5066 0.6976
vn 0.0372 0.3856 0.9219
vn 0.0649 -0.0196 0.9977
vn 0.3798 -0.7620 0.5245
vn -0.0031 -0.5552 0.8317
vn -0.1136 -0.9079 0.4035
vn 0.0931 -0.9949 -0.0397
vn 0.2609 0.9322 0.2509
vn 0.4441 0.8554 0.2666
vn 0.5749 0.7968 -0.1860
vn 0.7037 0.6625 0.2568
vn 0.8200 0.5066 -0.2664
vn 0.8878 0.3863 0.2501
vn 0.9688 -0.0205 0.2471
vn 0.6164 -0.7618 -0.1992
vn 0.7901 -0.5551 0.2601
vn 0.1278 -0.9909 -0.0414
vn 0.3503 -0.9076 0.2316
vn -0.0154 -0.9945 -0.1034
vn 0.4999 -0.0000 -0.8661
vn -0.0002 -0.0000 -1.0000
vn -0.0002 -0.0528 -0.9986
vn 0.5041 -0.0456 -0.8625
vn 0.8660 -0.0000 -0.5000
vn 1.0000 -0.0000 0.0001
vn 0.4969 0.0458 0.8666
vn 0.4998 -0.0000 0.8661
vn -0.0000 0.0528 0.9986
vn -0.8625 0.0267 0.5053
vn -0.0002 -0.1950 -0.9808
vn 0.5080 -0.1680 -0.8448
vn 0.4947 0.1695 0.8524
vn -0.4948 0.1695 0.8523
vn 0.5092 -0.3263 -0.7964
vn -0.0002 -0.3792 -0.9253
vn 0.9999 0.0063 0.0153
vn 0.8598 0.1936 0.4724
vn 0.4943 0.3296 0.8044
vn -0.0000 0.3791 0.9253
vn -0.4942 0.3296 0.8045
vn -0.8743 -0.1840 -0.4491
vn -0.0002 -0.5739 -0.8189
vn 0.5112 -0.4933 -0.7038
vn 0.8588 0.2940 0.4195
vn 0.4935 0.4992 0.7122
vn -0.0000 0.5739 0.8189
vn -0.0001 0.5740 0.8189
vn -0.9998 0.0113 0.0162
vn -0.8759 -0.2770 -0.3951
vn -0.0002 -0.7649 -0.6441
vn 0.5134 -0.6564 -0.5528
vn 0.4933 0.6653 0.5603
vn -0.8580 0.3928 0.3308
vn 0.5141 -0.7850 -0.3455
vn -0.0002 -0.9153 -0.4029
vn 0.4932 0.7962 0.3504
vn -0.0000 0.9153 0.4029
vn -0.0002 -0.9911 -0.1332
vn 0.5127 -0.8509 -0.1142
vn 0.4933 0.8621 0.1158
vn -0.0002 -1.0000 0.0015
vn 0.4999 -0.8661 0.0013
vn 0.8660 0.5000 -0.0007
vn 0.4999 0.8661 -0.0013
vn -0.6689 -0.0000 -0.7434
vn -0.9510 -0.0000 -0.3092
vn -0.9497 -0.0528 -0.3088
vn -0.6641 -0.0456 -0.7463
vn -0.1998 -0.0260 -0.9795
vn -0.2079 -0.0000 -0.9781
vn 0.3172 0.0005 -0.9484
vn 0.3086 -0.0000 -0.9512
vn 0.7471 0.0267 -0.6641
vn 0.9777 0.0458 -0.2047
vn 0.9498 0.0528 0.3085
vn 0.6691 -0.0000 0.7432
vn 0.2141 0.0268 0.9764
vn 0.2080 -0.0000 0.9781
vn -0.3009 0.0005 0.9537
vn -0.7373 -0.0261 0.6751
vn -0.7434 -0.0000 0.6689
vn -0.9760 -0.0456 0.2129
vn -0.9781 -0.0000 0.2080
vn -0.6467 -0.1681 -0.7440
vn -0.1848 -0.0951 -0.9782
vn 0.3229 0.0029 -0.9464
vn 0.7412 0.0993 -0.6639
vn 0.9635 0.1694 -0.2073
vn 0.9328 0.1950 0.3030
vn 0.9327 0.1950 0.3032
vn 0.2099 0.0995 0.9727
vn -0.2946 0.0031 0.9556
vn -0.7242 -0.0950 0.6830
vn -0.9605 -0.1680 0.2220
vn -0.6001 -0.3262 -0.7304
vn -0.8800 -0.3791 -0.2861
vn -0.1574 -0.1841 -0.9702
vn 0.3237 0.0064 -0.9461
vn 0.7151 0.1937 -0.6717
vn 0.8801 0.3792 0.2858
vn 0.6121 0.3296 0.7188
vn 0.1839 0.1936 0.9637
vn -0.2940 0.0065 0.9558
vn -0.6973 -0.1841 0.6927
vn -0.7787 -0.5739 -0.2535
vn -0.1051 -0.2769 -0.9551
vn 0.3244 0.0114 -0.9458
vn 0.6644 0.2941 -0.6871
vn 0.8297 0.4990 -0.2501
vn 0.5245 0.4991 0.6898
vn 0.7788 0.5740 0.2530
vn 0.1336 0.2941 0.9464
vn -0.2935 0.0114 0.9559
vn -0.6463 -0.2768 0.7111
vn -0.8273 -0.4932 0.2689
vn -0.6126 -0.7649 -0.1990
vn 0.3231 0.0175 -0.9462
vn 0.5800 0.3931 -0.7135
vn 0.6853 0.6653 -0.2963
vn 0.6127 0.7649 0.1990
vn 0.3803 0.6653 0.6425
vn 0.0496 0.3930 0.9182
vn -0.2951 0.0172 0.9553
vn -0.5648 -0.3664 0.7394
vn -0.6843 -0.6562 0.3179
vn -0.3832 -0.9152 -0.1247
vn 0.0880 -0.4378 -0.8947
vn 0.4622 0.4709 -0.7514
vn 0.4857 0.7963 -0.3606
vn 0.3832 0.9153 0.1244
vn 0.1809 0.7961 0.5775
vn -0.2998 0.0218 0.9538
vn -0.4546 -0.4377 0.7758
vn -0.4874 -0.7851 0.3822
vn -0.1266 -0.9911 -0.0410
vn 0.0498 -0.8508 -0.5231
vn 0.2104 -0.4756 -0.8541
vn 0.3301 0.5087 -0.7951
vn 0.2627 0.8618 -0.4338
vn -0.0425 0.8619 0.5052
vn -0.2003 0.5086 0.8374
vn -0.3062 0.0220 0.9517
vn -0.2672 -0.8509 0.4523
vn 0.0014 -1.0000 0.0005
vn 0.2683 -0.5001 -0.8234
vn 0.3091 0.0002 -0.9510
vn 0.2670 0.4997 -0.8240
vn 0.1534 0.8659 -0.4762
vn -0.0014 1.0000 -0.0005
vn -0.1557 0.8661 0.4751
vn -0.2669 -0.5000 0.8238
vn 0.9496 -0.0528 -0.3089
vn 0.9782 -0.0000 0.2078
vn 0.9510 -0.0000 -0.3092
vn 0.7433 -0.0000 0.6689
vn -0.2141 0.0268 0.9764
vn -0.2080 -0.0000 0.9781
vn -0.6691 -0.0000 0.7432
vn -0.6708 0.0459 0.7402
vn -0.9499 0.0528 0.3082
vn -0.9510 -0.0000 0.3091
vn -0.9778 0.0458 -0.2047
vn -0.7432 0.0001 -0.6691
vn -0.7472 0.0267 -0.6641
vn -0.7470 0.0267 -0.6642
vn -0.3172 0.0005 -0.9484
vn -0.7431 -0.0000 -0.6692
vn 0.1993 -0.0260 -0.9796
vn 0.2079 -0.0000 -0.9781
vn 0.6641 -0.0456 -0.7463
vn 0.6689 -0.0000 -0.7433
vn 0.9327 -0.1950 -0.3032
vn 0.7242 -0.0950 0.6830
vn 0.2952 0.0029 0.9554
vn -0.2099 0.0995 0.9727
vn -0.6576 0.1695 0.7341
vn -0.9327 0.1951 0.3033
vn -0.9635 0.1694 -0.2073
vn -0.3230 0.0030 -0.9464
vn 0.1848 -0.0950 -0.9782
vn 0.6466 -0.1680 -0.7441
vn 0.8800 -0.3792 -0.2861
vn 0.9147 -0.3263 0.2383
vn 0.2942 0.0064 0.9557
vn -0.1836 0.1936 0.9637
vn -0.6122 0.3296 0.7188
vn -0.8800 0.3792 0.2861
vn -0.9177 0.3297 -0.2217
vn -0.7152 0.1936 -0.6716
vn -0.3237 0.0064 -0.9461
vn 0.1574 -0.1842 -0.9702
vn 0.6001 -0.3263 -0.7304
vn 0.7788 -0.5739 -0.2530
vn 0.6464 -0.2769 0.7109
vn -0.1336 0.2941 0.9464
vn -0.7789 0.5739 0.2529
vn -0.8298 0.4990 -0.2500
vn -0.3242 0.0112 -0.9459
vn 0.1052 -0.2769 -0.9551
vn 0.5113 -0.4932 -0.7037
vn 0.6844 -0.6565 0.3172
vn 0.6126 -0.7649 -0.1992
vn 0.2949 0.0176 0.9554
vn -0.3804 0.6653 0.6424
vn -0.6126 0.7649 0.1990
vn -0.6854 0.6651 -0.2965
vn -0.5798 0.3929 -0.7137
vn -0.3230 0.0175 -0.9462
vn 0.0225 -0.3666 -0.9301
vn 0.3672 -0.6565 -0.6589
vn 0.3832 -0.9152 -0.1244
vn 0.4875 -0.7849 0.3825
vn 0.4546 -0.4376 0.7758
vn 0.2997 0.0222 0.9538
vn -0.1808 0.7961 0.5775
vn -0.3831 0.9153 0.1244
vn -0.4856 0.7963 -0.3607
vn -0.4621 0.4706 -0.7517
vn -0.3180 0.0216 -0.9478
vn 0.1695 -0.7849 -0.5960
vn 0.1265 -0.9911 -0.0410
vn 0.3318 -0.4755 0.8147
vn 0.3061 0.0220 0.9517
vn 0.2002 0.5086 0.8374
vn 0.0425 0.8619 0.5053
vn -0.1265 0.9911 0.0411
vn -0.2628 0.8618 -0.4339
vn -0.3117 0.0219 -0.9499
vn -0.2104 -0.4756 -0.8541
vn -0.0497 -0.8508 -0.5231
vn -0.0014 -1.0000 0.0004
vn 0.1534 -0.8659 0.4761
vn 0.2670 -0.4997 0.8240
vn 0.2683 0.5001 0.8234
vn -0.2669 0.4998 -0.8240
vn -0.2685 -0.4999 -0.8234
vn -0.1557 -0.8661 -0.4749
vn 0.5876 -0.0000 0.8091
vn 0.5873 -0.0528 0.8077
vn 0.1043 -0.0000 0.9945
vn -0.4068 -0.0000 0.9135
vn -0.8142 0.0005 0.5806
vn -0.8090 -0.0000 0.5878
vn -0.9948 0.0267 0.0982
vn -0.9112 0.0458 -0.4094
vn -0.9135 -0.0000 -0.4069
vn -0.1080 0.0459 -0.9931
vn 0.4068 -0.0000 -0.9135
vn 0.8039 0.0005 -0.5948
vn 0.9933 -0.0261 -0.1127
vn 0.9945 -0.0000 -0.1049
vn 0.9149 -0.0457 0.4010
vn 0.9137 -0.0000 0.4064
vn 0.5767 -0.1950 0.7934
vn 0.0858 -0.1680 0.9820
vn -0.4258 -0.0950 0.8998
vn -0.8175 0.0029 0.5760
vn -0.9899 0.0995 0.1011
vn -0.5766 0.1951 -0.7934
vn -0.1005 0.1695 -0.9804
vn 0.8005 0.0028 -0.5994
vn 0.9873 -0.0949 -0.1270
vn 0.9075 -0.1679 0.3850
vn 0.5443 -0.3792 0.7483
vn -0.4429 -0.1843 0.8774
vn -0.8180 0.0063 0.5752
vn -0.9733 0.1936 0.1233
vn 0.4178 0.1937 -0.8877
vn 0.4178 0.1936 -0.8876
vn 0.7997 0.0065 -0.6003
vn 0.9714 -0.1842 -0.1501
vn 0.8800 -0.3264 0.3450
vn -0.8185 0.0115 0.5744
vn -0.8181 0.4990 -0.2857
vn -0.4817 0.5740 -0.6622
vn -0.0186 0.4989 -0.8664
vn 0.7994 0.0113 -0.6007
vn 0.9409 -0.2768 -0.1953
vn 0.8274 -0.4932 0.2686
vn -0.7286 0.6653 -0.1631
vn -0.3789 0.7649 -0.5210
vn 0.0698 0.6653 -0.7433
vn 0.4996 0.3930 -0.7720
vn 0.4997 0.3929 -0.7720
vn 0.8003 0.0172 -0.5994
vn 0.8915 -0.3666 -0.2661
vn 0.7403 -0.6564 0.1454
vn -0.5974 -0.4375 0.6720
vn -0.8144 0.0218 0.5799
vn -0.8156 0.4708 0.3364
vn -0.2368 0.9153 -0.3259
vn 0.1930 0.7962 -0.5734
vn 0.5721 0.4706 -0.6717
vn 0.8030 0.0221 -0.5955
vn 0.8237 -0.4377 -0.3603
vn 0.6191 -0.7850 -0.0228
vn 0.0783 -0.9911 0.1076
vn -0.4674 0.8619 0.1965
vn -0.0784 0.9911 -0.1076
vn 0.3313 0.8620 -0.3837
vn 0.6542 0.5087 -0.5597
vn -0.7011 -0.4999 0.5086
vn 0.7011 0.4999 -0.5085
vn 0.7011 0.5000 -0.5085
vn -0.9136 -0.0000 0.4065
vn -0.5878 -0.0000 0.8090
vn -0.5870 -0.0528 0.8078
vn -0.9148 -0.0455 0.4014
vn -0.9933 -0.0261 -0.1128
vn -0.9946 -0.0000 -0.1041
vn -0.8040 0.0004 -0.5946
vn -0.8091 -0.0000 -0.5876
vn -0.4067 -0.0000 -0.9136
vn -0.4010 0.0266 -0.9157
vn 0.1046 -0.0000 -0.9945
vn 0.5872 0.0528 -0.8077
vn 0.5881 -0.0000 -0.8088
vn 0.9112 0.0458 -0.4093
vn 0.9135 -0.0000 -0.4068
vn 0.9945 -0.0000 0.1049
vn 0.9136 -0.0000 -0.4066
vn 0.9948 0.0267 0.0982
vn 0.8140 0.0004 0.5809
vn 0.8091 -0.0000 0.5877
vn 0.4146 -0.0261 0.9096
vn 0.4068 -0.0000 0.9135
vn -0.0992 -0.0455 0.9940
vn -0.1046 -0.0000 0.9945
vn -0.5767 -0.1951 0.7933
vn -0.9075 -0.1681 0.3850
vn -0.9874 -0.0951 -0.1265
vn -0.8005 0.0029 -0.5993
vn 0.1010 0.1696 -0.9803
vn 0.5766 0.1950 -0.7934
vn 0.9013 0.1695 -0.3986
vn 0.9899 0.0995 0.1010
vn 0.8177 0.0030 0.5757
vn 0.4257 -0.0950 0.8999
vn -0.0857 -0.1680 0.9821
vn -0.5442 -0.3791 0.7484
vn -0.8801 -0.3263 0.3450
vn -0.9713 -0.1842 -0.1502
vn -0.7997 0.0064 -0.6003
vn -0.4178 0.1937 -0.8877
vn 0.0725 0.3295 -0.9414
vn 0.5439 0.3792 -0.7486
vn 0.8729 0.3296 -0.3599
vn 0.9733 0.1938 0.1228
vn 0.8179 0.0062 0.5754
vn 0.4429 -0.1843 0.8774
vn -0.0565 -0.3264 0.9435
vn -0.4816 -0.5740 0.6623
vn -0.8272 -0.4933 0.2690
vn -0.9408 -0.2769 -0.1954
vn -0.7994 0.0113 -0.6007
vn 0.8181 0.4991 -0.2858
vn 0.8181 0.4990 -0.2858
vn 0.9414 0.2941 0.1653
vn 0.8185 0.0115 0.5745
vn 0.4764 -0.2769 0.8345
vn -0.0003 -0.4933 0.8698
vn -0.7403 -0.6564 0.1453
vn -0.8915 -0.3666 -0.2661
vn -0.8003 0.0172 -0.5993
vn -0.4996 0.3929 -0.7720
vn 0.3789 0.7649 -0.5210
vn 0.7285 0.6653 -0.1632
vn 0.7286 0.6652 -0.1632
vn 0.8886 0.3928 0.2367
vn 0.8174 0.0174 0.5757
vn 0.5287 -0.3665 0.7656
vn 0.0902 -0.6564 0.7490
vn -0.6189 -0.7851 -0.0225
vn -0.8238 -0.4377 -0.3603
vn -0.8030 0.0221 -0.5955
vn -0.5719 0.4709 -0.6718
vn 0.2368 0.9152 -0.3259
vn 0.6050 0.7962 0.0064
vn 0.8144 0.0218 0.5799
vn 0.5974 -0.4375 0.6720
vn 0.2128 -0.7849 0.5819
vn 0.0783 0.9911 -0.1076
vn 0.4673 0.8620 0.1964
vn 0.7344 0.5088 0.4492
vn 0.8105 0.0220 0.5853
vn 0.6723 -0.4755 0.5674
vn 0.3480 -0.8507 0.3940
vn 0.0010 -1.0000 -0.0011
vn -0.4036 -0.8661 -0.2948
vn -0.7001 -0.5000 -0.5097
vn -0.8090 0.0003 -0.5878
vn -0.7011 0.5000 -0.5084
vn -0.4053 0.8660 -0.2929
vn 0.4037 0.8660 0.2949
vn 0.7002 0.4999 0.5097
vn 0.4038 0.8660 0.2950
vn 0.8090 0.0002 0.5878
vn 0.7011 -0.4998 0.5085
vn 0.4055 -0.8659 0.2930
vn 0.9397 -0.0000 0.3420
vn -0.1737 -0.0000 0.9848
vn -0.5000 -0.0000 -0.8661
vn 0.7661 -0.0000 -0.6428
vn 0.8662 -0.0000 0.4997
vn 0.6429 -0.0000 0.7660
vn 0.6429 -0.0000 -0.7660
vn 0.5777 0.7071 0.4078
vn 0.5767 0.0002 -0.8169
vn 0.5768 -0.0001 -0.8169
vn -0.8168 -0.0000 -0.5769
vn -0.4001 0.0002 0.9165
vn -0.9989 0.0464 -0.0000
vn -0.9989 0.0465 -0.0000
vn -0.0000 0.0439 0.9990
vn -0.0000 0.0440 0.9990
vn 0.9989 0.0466 -0.0000
vn -1.0000 0.0002 -0.0000
vn 0.0029 -0.0000 1.0000
vn -0.0013 -0.0000 1.0000
vn 0.0019 -0.0000 1.0000
vn 1.0000 -0.0000 0.0056
vn 1.0000 -0.0000 0.0052
vn -1.0000 -0.0000 0.0054
vn -0.0000 0.0071 1.0000
vn 0.0002 1.0000 0.0001
vn 0.0003 1.0000 -0.0000
vn 0.0001 -0.0015 -1.0000
vn -0.6861 0.0005 0.7275
vn 0.9456 0.0005 -0.3254
vn -0.0002 0.7263 -0.6874
vn -0.0545 -0.0000 -0.9985
vn -0.0541 -0.0000 -0.9985
vn -0.4201 -0.0000 -0.9075
vn -0.4200 -0.0000 -0.9075
vn -0.6048 -0.0000 -0.7964
vn -0.8883 -0.0000 -0.4593
vn -0.8883 -0.0000 -0.4594
vn -0.9709 -0.0000 -0.2395
vn -0.9710 -0.0000 -0.2391
vn -0.9709 -0.0000 0.2395
vn -0.8885 -0.0000 0.4589
vn -0.8884 -0.0000 0.4590
vn -0.6048 -0.0000 0.7964
vn -0.4204 -0.0000 0.9073
vn -0.0541 -0.0000 0.9985
vn 0.6047 -0.0000 0.7964
vn 0.7629 -0.0000 0.6465
vn 0.8883 -0.0000 0.4592
vn 0.9709 -0.0000 0.2393
vn 0.9710 -0.0000 -0.2393
vn 0.8883 -0.0000 -0.4592
vn 0.7629 -0.0000 -0.6465
vn 0.6047 -0.0000 -0.7964
vn -0.0686 0.9843 -0.1624
vn 0.0953 0.9789 -0.1806
vn 0.0716 0.9238 -0.3761
vn -0.1526 0.9284 -0.3387
vn 0.0248 0.7425 -0.6694
vn -0.2815 0.7420 -0.6085
vn -0.0081 0.4435 -0.8962
vn -0.0154 -0.0247 -0.9996
vn -0.4223 -0.0228 -0.9062
vn 0.0040 -0.6224 -0.7827
vn -0.3302 -0.6217 -0.7102
vn -0.1118 -0.9640 -0.2414
vn 0.0146 -0.9620 -0.2728
vn 0.0017 -1.0000 -0.0092
vn -0.0000 -1.0000 -0.0017
vn -0.2750 0.9284 -0.2498
vn -0.1333 0.9843 -0.1155
vn -0.4916 0.7421 -0.4557
vn -0.6561 0.4422 -0.6115
vn -0.1950 -0.9640 -0.1809
vn -0.0017 -1.0000 -0.0006
vn -0.2012 0.9789 0.0348
vn -0.3798 0.9238 -0.0481
vn -0.6442 0.7425 -0.1833
vn -0.8499 0.4435 -0.2846
vn -0.9459 -0.0247 -0.3235
vn -0.7456 -0.6224 -0.2380
vn -0.2640 -0.9619 -0.0703
vn -0.0093 -1.0000 -0.0013
vn -0.1757 0.9843 0.0150
vn -0.1423 0.9789 -0.1465
vn -0.3356 0.9238 -0.1843
vn -0.3693 0.9284 0.0405
vn -0.6289 0.7425 -0.2304
vn -0.6656 0.7421 0.0797
vn -0.8549 0.4435 -0.2693
vn -0.8903 0.4422 0.1090
vn -0.9923 -0.0229 0.1215
vn -0.9554 -0.0247 -0.2942
vn -0.7432 -0.6224 -0.2457
vn -0.2549 -0.9620 -0.0983
vn -0.2641 -0.9640 0.0317
vn -0.0083 -1.0000 -0.0045
vn -0.0016 -1.0000 -0.0006
vn -0.3230 0.9283 0.1841
vn -0.1510 0.9843 0.0911
vn -0.5854 0.7420 0.3267
vn -0.7844 0.4421 0.4350
vn -0.8743 -0.0227 0.4848
vn -0.6846 -0.6218 0.3803
vn -0.2323 -0.9640 0.1296
vn -0.0010 -1.0000 0.0014
vn -0.1632 0.9238 0.3464
vn -0.0290 0.9789 0.2021
vn -0.3734 0.7425 0.5561
vn -0.5334 0.4435 0.7203
vn -0.6000 -0.0247 0.7996
vn -0.4566 -0.6225 0.6356
vn -0.1485 -0.9620 0.2293
vn -0.0041 -1.0000 0.0084
vn -0.0400 0.9843 0.1717
vn -0.1833 0.9789 0.0901
vn -0.2790 0.9238 0.2622
vn -0.0757 0.9284 0.3638
vn -0.1298 0.7421 0.6576
vn -0.4135 0.7425 0.5270
vn -0.5203 0.4435 0.7298
vn -0.1715 0.4423 0.8803
vn -0.5750 -0.0247 0.8177
vn -0.4633 -0.6224 0.6309
vn -0.1722 -0.9620 0.2121
vn -0.0512 -0.9640 0.2610
vn -0.0068 -1.0000 0.0065
vn 0.0756 0.9284 0.3637
vn 0.0400 0.9843 0.1717
vn 0.1298 0.7420 0.6577
vn 0.1716 0.4422 0.8804
vn 0.1503 -0.6219 0.7686
vn 0.0514 -0.9640 0.2611
vn 0.0011 -1.0000 0.0014
vn 0.2790 0.9238 0.2622
vn 0.1833 0.9789 0.0901
vn 0.4134 0.7425 0.5270
vn 0.5203 0.4435 0.7298
vn 0.5751 -0.0247 0.8177
vn 0.4634 -0.6224 0.6308
vn 0.1723 -0.9619 0.2121
vn 0.0068 -1.0000 0.0065
vn 0.1631 0.9238 0.3464
vn 0.3227 0.9284 0.1843
vn 0.1509 0.9843 0.0911
vn 0.0290 0.9789 0.2022
vn 0.3733 0.7425 0.5562
vn 0.5854 0.7420 0.3267
vn 0.7843 0.4422 0.4351
vn 0.5333 0.4435 0.7204
vn 0.6000 -0.0247 0.7996
vn 0.8744 -0.0227 0.4848
vn 0.4568 -0.6224 0.6356
vn 0.6847 -0.6218 0.3803
vn 0.1485 -0.9620 0.2293
vn 0.2324 -0.9640 0.1293
vn 0.0041 -1.0000 0.0085
vn 0.0010 -1.0000 0.0014
vn 0.3693 0.9284 0.0405
vn 0.1757 0.9843 0.0150
vn 0.6656 0.7420 0.0798
vn 0.8903 0.4422 0.1088
vn 0.9923 -0.0229 0.1215
vn 0.7774 -0.6219 0.0948
vn 0.2642 -0.9640 0.0318
vn 0.0016 -1.0000 -0.0006
vn 0.3356 0.9238 -0.1843
vn 0.1423 0.9789 -0.1465
vn 0.6290 0.7425 -0.2304
vn 0.8549 0.4435 -0.2693
vn 0.9554 -0.0247 -0.2942
vn 0.7432 -0.6224 -0.2457
vn 0.2549 -0.9619 -0.0983
vn 0.0083 -1.0000 -0.0044
vn 0.1333 0.9843 -0.1155
vn 0.2013 0.9789 0.0348
vn 0.3799 0.9238 -0.0481
vn 0.2750 0.9284 -0.2498
vn 0.4916 0.7421 -0.4557
vn 0.6443 0.7425 -0.1833
vn 0.8499 0.4435 -0.2847
vn 0.6562 0.4424 -0.6113
vn 0.9459 -0.0247 -0.3235
vn 0.7456 -0.6224 -0.2380
vn 0.2640 -0.9620 -0.0704
vn 0.1955 -0.9639 -0.1808
vn 0.0093 -1.0000 -0.0012
vn 0.0016 -1.0000 -0.0005
vn 0.1527 0.9284 -0.3387
vn 0.0686 0.9843 -0.1624
vn 0.2817 0.7419 -0.6084
vn 0.3788 0.4422 -0.8130
vn 0.1119 -0.9639 -0.2414
vn -0.0716 0.9238 -0.3761
vn -0.0953 0.9789 -0.1806
vn -0.0248 0.7425 -0.6694
vn 0.0081 0.4435 -0.8962
vn 0.0154 -0.0247 -0.9996
vn -0.0041 -0.6224 -0.7827
vn -0.0146 -0.9620 -0.2728
vn -0.0017 -1.0000 -0.0092
vn 0.3896 0.8568 -0.3377
vn 0.3195 0.9316 -0.1735
vn -0.0000 0.9833 -0.1818
vn -0.0000 0.9588 -0.2839
vn 0.0001 0.7980 -0.6027
vn 0.4676 0.6598 -0.5883
vn 0.0001 0.5091 -0.8607
vn 0.5157 0.3840 -0.7659
vn -0.0000 -0.0166 -0.9999
vn 0.5361 -0.0193 -0.8439
vn 0.4933 -0.5537 -0.6708
vn -0.0002 -0.7634 -0.6459
vn 0.0001 -0.9920 -0.1260
vn 0.2861 -0.9220 -0.2608
vn 0.0116 -0.9997 -0.0235
vn 0.0001 -0.9995 -0.0302
vn -0.2637 0.9316 0.2503
vn -0.4416 0.8569 0.2660
vn -0.2700 0.9588 -0.0877
vn -0.1730 0.9833 -0.0562
vn -0.7039 0.6599 0.2627
vn -0.5731 0.7980 -0.1864
vn -0.8878 0.3840 0.2537
vn -0.8185 0.5092 -0.2662
vn -0.9683 -0.0193 0.2490
vn -0.9509 -0.0166 -0.3090
vn -0.7904 -0.5537 0.2620
vn -0.6144 -0.7634 -0.1994
vn -0.3365 -0.9220 0.1917
vn -0.1199 -0.9920 -0.0390
vn -0.0259 -0.9997 0.0037
vn -0.0287 -0.9995 -0.0094
vn 0.1565 0.9315 0.3282
vn 0.1166 0.8568 0.5022
vn -0.1669 0.9588 0.2297
vn -0.1068 0.9833 0.1471
vn 0.0324 0.6599 0.7507
vn -0.3544 0.7980 0.4874
vn -0.0330 0.3840 0.9227
vn -0.5061 0.5092 0.6962
vn -0.0625 -0.0193 0.9979
vn -0.5877 -0.0166 0.8089
vn 0.0047 -0.5538 0.8326
vn -0.3796 -0.7634 0.5227
vn 0.0783 -0.9220 0.3792
vn -0.0741 -0.9920 0.1020
vn -0.0045 -0.9997 0.0258
vn -0.0178 -0.9995 0.0244
vn 0.1669 0.9588 0.2297
vn 0.1069 0.9833 0.1470
vn 0.3605 0.9316 -0.0475
vn 0.5136 0.8569 0.0443
vn 0.7239 0.6599 0.2012
vn 0.3540 0.7980 0.4877
vn 0.8674 0.3840 0.3166
vn 0.5058 0.5091 0.6964
vn 0.9297 -0.0193 0.3678
vn 0.5877 -0.0166 0.8089
vn 0.7935 -0.5537 0.2527
vn 0.3798 -0.7634 0.5225
vn 0.3849 -0.9220 0.0427
vn 0.0741 -0.9920 0.1020
vn 0.0231 -0.9997 0.0122
vn 0.0177 -0.9995 0.0244
vn 0.2009 0.8568 -0.4749
vn 0.2701 0.9588 -0.0878
vn 0.1729 0.9833 -0.0563
vn 0.0663 0.9315 -0.3575
vn 0.4151 0.6599 -0.6264
vn 0.5732 0.7980 -0.1860
vn 0.5691 0.3840 -0.7271
vn 0.8186 0.5092 -0.2657
vn 0.6370 -0.0193 -0.7706
vn 0.9509 -0.0166 -0.3090
vn 0.4855 -0.5537 -0.6765
vn 0.6143 -0.7634 -0.1997
vn 0.1595 -0.9220 -0.3529
vn 0.1199 -0.9920 -0.0390
vn 0.0188 -0.9997 -0.0182
vn 0.0287 -0.9995 -0.0093
vn -0.3895 0.8569 -0.3378
vn -0.3195 0.9316 -0.1735
vn -0.0000 0.9588 -0.2840
vn -0.4674 0.6599 -0.5883
vn 0.0002 0.7980 -0.6026
vn -0.5157 0.3840 -0.7659
vn 0.0002 0.5091 -0.8607
vn -0.5361 -0.0193 -0.8440
vn -0.0000 -0.0167 -0.9999
vn -0.4933 -0.5538 -0.6708
vn -0.0001 -0.7634 -0.6459
vn -0.2863 -0.9220 -0.2608
vn -0.0001 -0.9920 -0.1260
vn -0.0115 -0.9997 -0.0235
vn -0.0663 0.9316 -0.3575
vn -0.2009 0.8568 -0.4749
vn -0.1729 0.9833 -0.0562
vn -0.2701 0.9588 -0.0877
vn -0.4149 0.6598 -0.6265
vn -0.8185 0.5091 -0.2661
vn -0.5690 0.3840 -0.7272
vn -0.6370 -0.0193 -0.7706
vn -0.4856 -0.5537 -0.6765
vn -0.6144 -0.7633 -0.1995
vn -0.1595 -0.9220 -0.3528
vn -0.1198 -0.9920 -0.0391
vn -0.0188 -0.9997 -0.0182
vn -0.0287 -0.9995 -0.0093
vn -0.3605 0.9316 -0.0474
vn -0.1669 0.9588 0.2298
vn -0.1069 0.9833 0.1471
vn -0.7241 0.6598 0.2010
vn -0.8674 0.3840 0.3165
vn -0.5059 0.5091 0.6963
vn -0.9297 -0.0192 0.3677
vn -0.7935 -0.5536 0.2526
vn -0.3795 -0.7634 0.5227
vn -0.3848 -0.9220 0.0427
vn -0.0742 -0.9920 0.1019
vn -0.0177 -0.9995 0.0244
vn -0.0232 -0.9997 0.0122
vn -0.1564 0.9316 0.3282
vn -0.1167 0.8568 0.5023
vn 0.1069 0.9833 0.1471
vn 0.1669 0.9588 0.2298
vn 0.3542 0.7980 0.4876
vn -0.0325 0.6598 0.7508
vn 0.0329 0.3840 0.9228
vn 0.0624 -0.0193 0.9979
vn 0.3799 -0.7634 0.5224
vn -0.0047 -0.5537 0.8327
vn 0.0740 -0.9920 0.1020
vn -0.0782 -0.9220 0.3791
vn 0.0044 -0.9997 0.0258
vn 0.2638 0.9316 0.2502
vn 0.4416 0.8568 0.2661
vn 0.1729 0.9833 -0.0562
vn 0.5732 0.7980 -0.1861
vn 0.7039 0.6598 0.2630
vn 0.8186 0.5091 -0.2658
vn 0.8878 0.3840 0.2538
vn 0.9683 -0.0193 0.2490
vn 0.6143 -0.7633 -0.1998
vn 0.7904 -0.5538 0.2618
vn 0.1199 -0.9920 -0.0389
vn 0.3364 -0.9220 0.1916
vn 0.0259 -0.9997 0.0038
vn 0.6864 0.2861 0.6686
vn 0.6121 0.5268 0.5897
vn 0.8723 0.4227 0.2457
vn 0.9504 0.2035 0.2352
vn 0.8842 0.3945 0.2501
vn 0.9292 0.2153 0.3004
vn 0.6711 0.2715 0.6899
vn 0.6383 0.4341 0.6357
vn 0.2719 0.2840 0.9195
vn 0.2776 0.4804 0.8320
vn 0.2709 0.7563 0.5955
vn 0.6423 0.6582 0.3929
vn 0.6914 0.6906 0.2124
vn 0.4070 0.8086 0.4249
vn 0.3886 0.9084 0.1540
vn 0.4662 0.8587 0.2127
vn 0.1875 0.9545 0.2318
vn 0.1353 0.9852 0.1049
vn 0.0735 0.9918 0.1046
vn 0.0352 0.9937 0.1064
vn 0.0686 0.9829 0.1711
vn 0.0210 0.9948 0.0994
vn 0.0079 0.9964 0.0850
vn 0.1707 0.5123 0.8417
vn 0.1213 0.7768 0.6180
vn 0.0624 0.9394 0.3370
vn -0.0000 0.7269 0.6867
vn -0.0000 0.9185 0.3955
vn 0.0181 0.9929 0.1177
vn -0.0000 0.4661 0.8847
vn 0.2073 0.2733 0.9393
vn 0.9578 0.1436 0.2489
vn 0.7142 0.1812 0.6761
vn 0.9346 0.1661 0.3146
vn 0.6724 0.2190 0.7071
vn 0.2924 0.2187 0.9310
vn 0.9270 -0.1383 0.3487
vn 0.9607 0.1269 0.2470
vn 0.7787 -0.4928 0.3882
vn 0.6357 -0.2554 0.7285
vn 0.4509 -0.7007 0.5529
vn 0.3743 -0.2511 0.8926
vn 0.3756 -0.8005 0.4670
vn 0.2461 0.1691 0.9544
vn 0.7143 0.1677 0.6794
vn 0.2463 0.1581 0.9562
vn -0.0000 0.1488 0.9889
vn -0.0000 0.1395 0.9902
vn 0.2095 0.9311 0.2985
vn -0.7045 0.6601 0.2608
vn -0.6853 0.7205 0.1062
vn -0.6776 0.5541 0.4836
vn -0.6723 0.3231 0.6660
vn -0.6943 0.1278 0.7082
vn -0.0000 0.2487 0.9686
vn -0.7044 0.6601 0.2607
vn -0.6852 0.7206 0.1061
vn -0.6663 0.0791 0.7414
vn -0.5313 -0.2690 0.8033
vn -0.4013 -0.7772 0.4847
vn -0.8028 -0.5829 0.1254
vn -0.7189 0.6931 0.0528
vn -0.9952 -0.0951 0.0237
vn -0.9838 -0.1781 0.0194
vn -0.9711 -0.2377 0.0206
vn -0.7495 0.6606 -0.0418
vn -0.9944 -0.1025 -0.0255
vn -0.6852 0.7206 0.1062
vn -0.9732 -0.2272 -0.0366
vn -0.7314 0.6380 -0.2409
vn -0.9826 -0.1187 -0.1426
vn -0.7495 0.6607 -0.0418
vn -0.5871 0.6090 -0.5333
vn -0.7313 0.6381 -0.2409
vn -0.9021 -0.1478 -0.4053
vn -0.5871 0.6091 -0.5332
vn -0.6398 -0.1679 -0.7500
vn -0.3172 0.6234 -0.7146
vn -0.1333 0.6629 -0.7368
vn -0.0466 0.6530 -0.7559
vn -0.3173 0.6234 -0.7146
vn -0.3138 -0.1571 -0.9364
vn -0.1342 -0.1422 -0.9807
vn -0.1332 0.6629 -0.7367
vn -0.0465 0.6530 -0.7559
vn -0.0371 -0.1301 -0.9908
vn -0.0000 0.7500 -0.6614
vn -0.0000 -0.1235 -0.9923
vn -0.0241 -0.2747 -0.9612
vn -0.1070 -0.3004 -0.9478
vn -0.2541 -0.2888 -0.9231
vn -0.2318 -0.4282 -0.8734
vn -0.0939 -0.4403 -0.8929
vn -0.5554 -0.3016 -0.7750
vn -0.4851 -0.4372 -0.7573
vn -0.8354 -0.2748 -0.4760
vn -0.9593 -0.2400 -0.1490
vn -0.8557 -0.3771 -0.3544
vn -0.9363 -0.3482 -0.0464
vn -0.0160 -0.3986 -0.9170
vn -0.0000 -0.2533 -0.9674
vn -0.0000 -0.3729 -0.9279
vn -0.8723 0.4228 0.2457
vn -0.6122 0.5268 0.5897
vn -0.6864 0.2861 0.6686
vn -0.9504 0.2035 0.2352
vn -0.9292 0.2153 0.3004
vn -0.8842 0.3945 0.2501
vn -0.6711 0.2715 0.6899
vn -0.6383 0.4340 0.6357
vn -0.2719 0.2840 0.9195
vn -0.2776 0.4804 0.8320
vn -0.2709 0.7563 0.5955
vn -0.6422 0.6582 0.3929
vn -0.6914 0.6906 0.2124
vn -0.4070 0.8086 0.4249
vn -0.4662 0.8587 0.2127
vn -0.3886 0.9084 0.1540
vn -0.1875 0.9545 0.2318
vn -0.1353 0.9852 0.1049
vn -0.0735 0.9918 0.1046
vn -0.0352 0.9937 0.1064
vn -0.0686 0.9829 0.1711
vn -0.0078 0.9964 0.0850
vn -0.0210 0.9948 0.0994
vn -0.1707 0.5123 0.8417
vn -0.1213 0.7768 0.6180
vn -0.0624 0.9394 0.3370
vn -0.0181 0.9929 0.1177
vn -0.2074 0.2733 0.9393
vn -0.7142 0.1812 0.6761
vn -0.9578 0.1436 0.2489
vn -0.9346 0.1661 0.3146
vn -0.6724 0.2190 0.7071
vn -0.2923 0.2187 0.9310
vn -0.9607 0.1269 0.2470
vn -0.9270 -0.1383 0.3487
vn -0.7787 -0.4928 0.3882
vn -0.6357 -0.2554 0.7285
vn -0.4509 -0.7008 0.5529
vn -0.3743 -0.2511 0.8926
vn -0.3756 -0.8005 0.4670
vn -0.2461 0.1691 0.9544
vn -0.2463 0.1581 0.9562
vn -0.7143 0.1677 0.6794
vn -0.2095 0.9311 0.2985
vn 0.7045 0.6601 0.2608
vn 0.6853 0.7205 0.1062
vn 0.6776 0.5541 0.4836
vn 0.6724 0.3231 0.6660
vn 0.6944 0.1280 0.7081
vn 0.7044 0.6601 0.2608
vn 0.6663 0.0791 0.7415
vn 0.5313 -0.2690 0.8034
vn 0.4012 -0.7772 0.4847
vn 0.8028 -0.5829 0.1254
vn 0.7189 0.6931 0.0528
vn 0.9838 -0.1781 0.0194
vn 0.9952 -0.0951 0.0237
vn 0.9711 -0.2377 0.0206
vn 0.7495 0.6606 -0.0418
vn 0.6852 0.7205 0.1062
vn 0.9944 -0.1025 -0.0256
vn 0.7189 0.6931 0.0529
vn 0.9731 -0.2273 -0.0366
vn 0.7314 0.6380 -0.2409
vn 0.9826 -0.1187 -0.1426
vn 0.7495 0.6607 -0.0418
vn 0.5871 0.6090 -0.5333
vn 0.9021 -0.1478 -0.4054
vn 0.7313 0.6381 -0.2409
vn 0.6397 -0.1678 -0.7500
vn 0.5871 0.6091 -0.5333
vn 0.3173 0.6234 -0.7146
vn 0.1332 0.6629 -0.7368
vn 0.0465 0.6530 -0.7559
vn 0.3138 -0.1571 -0.9364
vn 0.1342 -0.1422 -0.9807
vn 0.1332 0.6629 -0.7367
vn 0.0371 -0.1301 -0.9908
vn 0.1070 -0.3004 -0.9478
vn 0.0241 -0.2747 -0.9612
vn 0.2541 -0.2888 -0.9231
vn 0.2318 -0.4282 -0.8734
vn 0.0939 -0.4403 -0.8929
vn 0.5553 -0.3016 -0.7750
vn 0.4852 -0.4371 -0.7573
vn 0.8354 -0.2748 -0.4761
vn 0.9593 -0.2400 -0.1490
vn 0.8557 -0.3771 -0.3544
vn 0.9363 -0.3482 -0.0464
vn 0.0160 -0.3986 -0.9170
vn 0.0297 -0.9835 0.1785
vn 0.0296 -0.9835 0.1785
vn 0.1189 -0.8526 0.5088
vn 0.1188 -0.8526 0.5090
vn 0.1187 -0.8525 0.5091
vn 0.1877 -0.6199 0.7619
vn 0.1878 -0.6200 0.7618
vn 0.2347 -0.2562 0.9377
vn 0.2346 -0.2563 0.9377
vn 0.2347 -0.2561 0.9377
vn 0.2309 0.3006 0.9254
vn 0.2309 0.3005 0.9254
vn 0.1099 0.8834 0.4556
vn 0.1101 0.8832 0.4559
vn 0.1102 0.8831 0.4560
vn 0.1101 0.8832 0.4558
vn -0.0001 1.0000 0.0035
vn 0.1065 -0.9835 0.1465
vn 0.3093 -0.8503 0.4257
vn 0.3093 -0.8504 0.4257
vn 0.4629 -0.6162 0.6371
vn 0.4629 -0.6163 0.6371
vn 0.5686 -0.2537 0.7825
vn 0.5686 -0.2538 0.7825
vn 0.5611 0.2978 0.7723
vn 0.5611 0.2979 0.7723
vn 0.2772 0.8818 0.3815
vn -0.0000 1.0000 0.0001
vn 0.1605 -0.9835 0.0834
vn 0.1606 -0.9835 0.0833
vn 0.1605 -0.9835 0.0833
vn 0.4473 -0.8526 0.2703
vn 0.4474 -0.8525 0.2702
vn 0.4472 -0.8526 0.2703
vn 0.6664 -0.6201 0.4138
vn 0.6664 -0.6200 0.4140
vn 0.6664 -0.6201 0.4140
vn 0.8193 -0.2561 0.5130
vn 0.8193 -0.2562 0.5130
vn 0.8193 -0.2563 0.5129
vn 0.8193 -0.2562 0.5129
vn 0.8088 0.3002 0.5058
vn 0.8088 0.3005 0.5056
vn 0.3998 0.8831 0.2455
vn 0.3994 0.8833 0.2455
vn 0.3992 0.8834 0.2455
vn 0.0033 1.0000 0.0010
vn 0.1790 -0.9835 0.0267
vn 0.1789 -0.9835 0.0270
vn 0.1789 -0.9835 0.0269
vn 0.5207 -0.8526 0.0441
vn 0.5208 -0.8526 0.0443
vn 0.5208 -0.8525 0.0444
vn 0.5208 -0.8525 0.0443
vn 0.7824 -0.6202 0.0569
vn 0.7825 -0.6201 0.0568
vn 0.9643 -0.2562 0.0666
vn 0.9644 -0.2559 0.0667
vn 0.9643 -0.2563 0.0665
vn 0.9515 0.3004 0.0663
vn 0.9515 0.3006 0.0664
vn 0.9514 0.3006 0.0664
vn 0.9515 0.3005 0.0663
vn 0.4674 0.8833 0.0362
vn 0.4675 0.8833 0.0362
vn 0.4676 0.8832 0.0361
vn 0.0033 1.0000 0.0012
vn 0.0033 1.0000 0.0011
vn 0.1723 -0.9835 -0.0560
vn 0.5005 -0.8504 -0.1626
vn 0.5005 -0.8503 -0.1626
vn 0.7490 -0.6163 -0.2433
vn 0.7490 -0.6163 -0.2434
vn 0.9199 -0.2537 -0.2989
vn 0.9079 0.2978 -0.2950
vn 0.9079 0.2979 -0.2950
vn 0.4485 0.8818 -0.1458
vn 0.4485 0.8818 -0.1457
vn 0.0001 1.0000 -0.0000
vn 0.1289 -0.9835 -0.1269
vn 0.1288 -0.9835 -0.1270
vn 0.3953 -0.8525 -0.3419
vn 0.3951 -0.8526 -0.3420
vn 0.3953 -0.8526 -0.3419
vn 0.5995 -0.6202 -0.5059
vn 0.5997 -0.6200 -0.5059
vn 0.7410 -0.2563 -0.6207
vn 0.7411 -0.2561 -0.6207
vn 0.7308 0.3005 -0.6129
vn 0.7308 0.3004 -0.6129
vn 0.7307 0.3006 -0.6130
vn 0.3571 0.8831 -0.3044
vn 0.3569 0.8833 -0.3040
vn 0.3569 0.8834 -0.3038
vn 0.3570 0.8832 -0.3042
vn 0.0019 1.0000 -0.0029
vn 0.0020 1.0000 -0.0029
vn 0.0809 -0.9835 -0.1618
vn 0.2033 -0.8524 -0.4816
vn 0.2031 -0.8525 -0.4816
vn 0.2029 -0.8526 -0.4815
vn 0.2031 -0.8526 -0.4816
vn 0.2959 -0.6202 -0.7265
vn 0.2958 -0.6201 -0.7267
vn 0.2958 -0.6201 -0.7266
vn 0.2958 -0.6200 -0.7267
vn 0.3611 -0.2565 -0.8965
vn 0.3614 -0.2561 -0.8966
vn 0.3613 -0.2562 -0.8966
vn 0.3613 -0.2563 -0.8966
vn 0.3571 0.3004 -0.8844
vn 0.3571 0.3006 -0.8844
vn 0.3573 0.3010 -0.8842
vn 0.3571 0.3005 -0.8844
vn 0.1787 0.8834 -0.4333
vn 0.1788 0.8833 -0.4334
vn 0.1791 0.8831 -0.4337
vn 0.1790 0.8832 -0.4336
vn 0.0021 1.0000 -0.0028
vn -0.0000 -0.9835 -0.1811
vn -0.0000 -0.8503 -0.5262
vn -0.0000 -0.6163 -0.7875
vn -0.0000 -0.2538 -0.9673
vn -0.0000 0.2979 -0.9546
vn -0.0000 0.8818 -0.4716
vn -0.0000 1.0000 -0.0001
vn -0.0809 -0.9835 -0.1618
vn -0.2029 -0.8526 -0.4815
vn -0.2031 -0.8526 -0.4816
vn -0.2030 -0.8526 -0.4816
vn -0.2958 -0.6200 -0.7267
vn -0.2960 -0.6199 -0.7267
vn -0.2958 -0.6201 -0.7267
vn -0.3613 -0.2562 -0.8966
vn -0.3572 0.3004 -0.8844
vn -0.3571 0.3007 -0.8844
vn -0.3569 0.3010 -0.8843
vn -0.1791 0.8831 -0.4337
vn -0.1789 0.8833 -0.4334
vn -0.1787 0.8834 -0.4333
vn -0.1789 0.8832 -0.4335
vn -0.0021 1.0000 -0.0028
vn -0.0022 1.0000 -0.0028
vn -0.1288 -0.9835 -0.1270
vn -0.1289 -0.9835 -0.1270
vn -0.1291 -0.9835 -0.1269
vn -0.3953 -0.8525 -0.3420
vn -0.3952 -0.8526 -0.3420
vn -0.3951 -0.8526 -0.3420
vn -0.3953 -0.8525 -0.3419
vn -0.5997 -0.6201 -0.5058
vn -0.5997 -0.6200 -0.5059
vn -0.5997 -0.6201 -0.5059
vn -0.7410 -0.2563 -0.6207
vn -0.7410 -0.2562 -0.6207
vn -0.7310 0.3001 -0.6129
vn -0.7307 0.3006 -0.6130
vn -0.7306 0.3009 -0.6130
vn -0.7308 0.3005 -0.6129
vn -0.3573 0.8831 -0.3042
vn -0.3569 0.8833 -0.3041
vn -0.3567 0.8834 -0.3040
vn -0.3570 0.8832 -0.3041
vn -0.0020 1.0000 -0.0029
vn -0.1723 -0.9835 -0.0560
vn -0.1723 -0.9835 -0.0559
vn -0.5005 -0.8504 -0.1626
vn -0.5005 -0.8503 -0.1626
vn -0.7490 -0.6163 -0.2434
vn -0.9199 -0.2537 -0.2989
vn -0.9079 0.2978 -0.2950
vn -0.4485 0.8818 -0.1458
vn -0.4485 0.8818 -0.1457
vn -0.0001 1.0000 -0.0000
vn -0.1789 -0.9835 0.0269
vn -0.1789 -0.9835 0.0270
vn -0.5208 -0.8525 0.0444
vn -0.5207 -0.8526 0.0443
vn -0.5207 -0.8526 0.0441
vn -0.5208 -0.8526 0.0443
vn -0.7826 -0.6199 0.0569
vn -0.7825 -0.6201 0.0568
vn -0.7825 -0.6200 0.0568
vn -0.9643 -0.2565 0.0664
vn -0.9643 -0.2563 0.0665
vn -0.9643 -0.2562 0.0666
vn -0.9643 -0.2561 0.0666
vn -0.9513 0.3009 0.0666
vn -0.9514 0.3006 0.0664
vn -0.9515 0.3004 0.0663
vn -0.4678 0.8831 0.0361
vn -0.4675 0.8832 0.0362
vn -0.4672 0.8834 0.0363
vn -0.4675 0.8833 0.0362
vn -0.0033 1.0000 0.0012
vn -0.1606 -0.9835 0.0834
vn -0.1606 -0.9835 0.0833
vn -0.4475 -0.8525 0.2702
vn -0.4474 -0.8525 0.2702
vn -0.4472 -0.8526 0.2703
vn -0.4473 -0.8526 0.2702
vn -0.6664 -0.6200 0.4140
vn -0.6664 -0.6202 0.4138
vn -0.6664 -0.6201 0.4140
vn -0.8193 -0.2565 0.5128
vn -0.8193 -0.2562 0.5130
vn -0.8193 -0.2559 0.5132
vn -0.8193 -0.2561 0.5130
vn -0.8088 0.3005 0.5056
vn -0.8087 0.3006 0.5056
vn -0.8088 0.3004 0.5055
vn -0.3997 0.8831 0.2455
vn -0.3995 0.8832 0.2455
vn -0.3994 0.8833 0.2455
vn -0.3995 0.8833 0.2455
vn -0.0033 1.0000 0.0010
vn -0.1065 -0.9835 0.1465
vn -0.3093 -0.8504 0.4257
vn -0.3093 -0.8503 0.4257
vn -0.4629 -0.6162 0.6371
vn -0.4629 -0.6163 0.6371
vn -0.5686 -0.2537 0.7825
vn -0.5611 0.2978 0.7723
vn -0.2772 0.8818 0.3815
vn -0.0296 -0.9835 0.1784
vn -0.0297 -0.9835 0.1784
vn -0.1189 -0.8525 0.5090
vn -0.1188 -0.8525 0.5090
vn -0.1876 -0.6202 0.7617
vn -0.1878 -0.6200 0.7618
vn -0.1878 -0.6201 0.7618
vn -0.2347 -0.2562 0.9377
vn -0.2346 -0.2562 0.9377
vn -0.2308 0.3006 0.9254
vn -0.2309 0.3005 0.9254
vn -0.1100 0.8833 0.4558
vn -0.1101 0.8832 0.4558
vn -0.1099 0.8834 0.4556
vn -0.1100 0.8832 0.4558
vn 0.0001 1.0000 0.0035
vn -0.3959 -0.9030 0.1670
vn -0.3960 -0.9030 0.1669
vn -0.2254 -0.9575 0.1799
vn -0.2253 -0.9575 0.1799
vn -0.6118 -0.6791 0.4056
vn -0.6117 -0.6792 0.4056
vn -0.2197 -0.8346 0.5051
vn -0.7441 -0.4208 0.5189
vn -0.1967 -0.6144 0.7641
vn -0.8196 -0.1503 0.5529
vn -0.8195 -0.1503 0.5530
vn -0.2008 -0.2554 0.9458
vn -0.2009 -0.2554 0.9457
vn -0.2009 -0.2554 0.9458
vn -0.8262 0.1741 0.5358
vn -0.8261 0.1741 0.5359
vn -0.2123 0.2991 0.9303
vn -0.6226 0.6965 0.3569
vn -0.6225 0.6965 0.3569
vn -0.1550 0.8760 0.4567
vn -0.1550 0.8760 0.4568
vn -0.0183 0.9994 0.0301
vn -0.0182 0.9994 0.0301
vn -0.0034 0.9999 0.0153
vn 0.2811 -0.9030 -0.3250
vn 0.2407 -0.9575 -0.1588
vn 0.2407 -0.9575 -0.1587
vn 0.5483 -0.8346 -0.0528
vn 0.5483 -0.8346 -0.0529
vn 0.5748 -0.6793 -0.4562
vn 0.5748 -0.6794 -0.4562
vn 0.7875 -0.6144 0.0491
vn 0.7237 -0.4209 -0.5469
vn 0.7236 -0.4209 -0.5470
vn 0.7236 -0.4210 -0.5470
vn 0.9615 -0.2554 0.1012
vn 0.7793 -0.1503 -0.6084
vn 0.7792 -0.1503 -0.6085
vn 0.9504 0.2991 0.0856
vn 0.7648 0.1741 -0.6203
vn 0.7648 0.1741 -0.6202
vn 0.4823 0.8760 -0.0063
vn 0.5319 0.6963 -0.4820
vn 0.5318 0.6963 -0.4820
vn 0.0156 0.9999 0.0015
vn 0.0343 0.9994 -0.0080
vn 0.0343 0.9994 -0.0079
vn -0.2223 -0.9029 -0.3678
vn -0.2223 -0.9029 -0.3679
vn -0.0766 -0.9575 -0.2779
vn -0.0766 -0.9575 -0.2780
vn 0.1192 -0.8346 -0.5378
vn -0.2563 -0.6793 -0.6877
vn -0.2563 -0.6793 -0.6876
vn 0.2901 -0.6144 -0.7338
vn 0.2900 -0.6144 -0.7338
vn -0.2966 -0.4210 -0.8572
vn -0.2966 -0.4209 -0.8572
vn 0.3934 -0.2553 -0.8832
vn 0.3934 -0.2554 -0.8832
vn 0.3935 -0.2554 -0.8832
vn -0.3379 -0.1503 -0.9291
vn -0.3380 -0.1503 -0.9291
vn 0.3751 0.2991 -0.8774
vn 0.3750 0.2991 -0.8774
vn -0.3537 0.1741 -0.9190
vn -0.3536 0.1741 -0.9190
vn -0.3536 0.1741 -0.9191
vn 0.1431 0.8760 -0.4606
vn 0.1431 0.8760 -0.4607
vn -0.2941 0.6963 -0.6548
vn -0.2941 0.6963 -0.6547
vn 0.0062 0.9999 -0.0144
vn 0.0063 0.9999 -0.0144
vn 0.0031 0.9994 -0.0351
vn 0.0030 0.9994 -0.0351
vn -0.4184 -0.9030 0.0977
vn -0.4185 -0.9029 0.0977
vn -0.2880 -0.9575 -0.0130
vn -0.4746 -0.8346 -0.2795
vn -0.7332 -0.6793 0.0312
vn -0.7331 -0.6794 0.0312
vn -0.7332 -0.6793 0.0311
vn -0.6084 -0.6141 -0.5027
vn -0.6082 -0.6144 -0.5026
vn -0.9069 -0.4209 0.0172
vn -0.7184 -0.2554 -0.6470
vn -0.7184 -0.2553 -0.6471
vn -0.7184 -0.2554 -0.6471
vn -0.9880 -0.1503 0.0343
vn -0.9880 -0.1503 0.0342
vn -0.7186 0.2991 -0.6279
vn -0.7186 0.2991 -0.6278
vn -0.9833 0.1741 0.0524
vn -0.9833 0.1741 0.0523
vn -0.3939 0.8760 -0.2784
vn -0.7136 0.6963 0.0773
vn -0.0117 0.9999 -0.0104
vn -0.0118 0.9999 -0.0104
vn -0.0324 0.9994 -0.0138
vn -0.0324 0.9994 -0.0137
vn -0.0323 0.9994 -0.0138
vn -0.0364 -0.9030 0.4282
vn -0.1014 -0.9575 0.2699
vn -0.4125 -0.8346 0.3650
vn -0.4125 -0.8346 0.3651
vn -0.1968 -0.6794 0.7069
vn -0.1969 -0.6793 0.7070
vn -0.6659 -0.6144 0.4231
vn -0.6660 -0.6144 0.4231
vn -0.6659 -0.6144 0.4232
vn -0.2639 -0.4209 0.8679
vn -0.2639 -0.4210 0.8678
vn -0.8374 -0.2554 0.4833
vn -0.8374 -0.2553 0.4833
vn -0.8374 -0.2554 0.4832
vn -0.2728 -0.1503 0.9503
vn -0.2727 -0.1503 0.9503
vn -0.8192 0.2991 0.4894
vn -0.2542 0.1741 0.9514
vn -0.2541 0.1741 0.9514
vn -0.3865 0.8760 0.2886
vn -0.1470 0.6963 0.7025
vn -0.1470 0.6963 0.7026
vn -0.0135 0.9999 0.0080
vn -0.0135 0.9999 0.0079
vn -0.0231 0.9994 0.0265
vn -0.0230 0.9994 0.0266
vn -0.0231 0.9994 0.0266
vn 0.2253 -0.9575 0.1798
vn 0.2253 -0.9575 0.1799
vn 0.2254 -0.9575 0.1798
vn 0.3960 -0.9030 0.1669
vn 0.3960 -0.9029 0.1669
vn 0.2197 -0.8346 0.5051
vn 0.2196 -0.8346 0.5051
vn 0.6116 -0.6793 0.4056
vn 0.6115 -0.6794 0.4057
vn 0.1966 -0.6144 0.7641
vn 0.1967 -0.6144 0.7641
vn 0.7438 -0.4209 0.5192
vn 0.7438 -0.4210 0.5192
vn 0.2008 -0.2553 0.9458
vn 0.2009 -0.2554 0.9458
vn 0.8195 -0.1503 0.5531
vn 0.2123 0.2991 0.9303
vn 0.8263 0.1741 0.5357
vn 0.1550 0.8760 0.4568
vn 0.6227 0.6963 0.3569
vn 0.6228 0.6963 0.3569
vn 0.0034 0.9999 0.0153
vn 0.0181 0.9994 0.0301
vn 0.0182 0.9994 0.0302
vn 0.1014 -0.9575 0.2699
vn 0.0364 -0.9030 0.4281
vn 0.0364 -0.9030 0.4282
vn 0.1967 -0.6791 0.7072
vn 0.1967 -0.6792 0.7071
vn 0.4125 -0.8346 0.3651
vn 0.2636 -0.4208 0.8680
vn 0.6659 -0.6144 0.4231
vn 0.6659 -0.6144 0.4232
vn 0.2726 -0.1503 0.9503
vn 0.2726 -0.1504 0.9503
vn 0.8374 -0.2554 0.4833
vn 0.2543 0.1741 0.9513
vn 0.2544 0.1741 0.9513
vn 0.8192 0.2991 0.4894
vn 0.1471 0.6965 0.7023
vn 0.1471 0.6964 0.7024
vn 0.3865 0.8760 0.2886
vn 0.0230 0.9994 0.0267
vn 0.0230 0.9994 0.0266
vn 0.0231 0.9994 0.0266
vn 0.0135 0.9999 0.0080
vn 0.2880 -0.9575 -0.0131
vn 0.2881 -0.9575 -0.0131
vn 0.4184 -0.9030 0.0976
vn 0.4185 -0.9030 0.0976
vn 0.7333 -0.6792 0.0315
vn 0.7333 -0.6792 0.0314
vn 0.4747 -0.8346 -0.2795
vn 0.9070 -0.4208 0.0176
vn 0.9070 -0.4208 0.0174
vn 0.6083 -0.6144 -0.5026
vn 0.6082 -0.6144 -0.5026
vn 0.9880 -0.1503 0.0343
vn 0.9880 -0.1503 0.0345
vn 0.7184 -0.2554 -0.6471
vn 0.9833 0.1741 0.0521
vn 0.9834 0.1741 0.0520
vn 0.7186 0.2991 -0.6278
vn 0.7186 0.2991 -0.6279
vn 0.7134 0.6965 0.0772
vn 0.7134 0.6964 0.0773
vn 0.3939 0.8760 -0.2784
vn 0.0325 0.9994 -0.0137
vn 0.0324 0.9994 -0.0137
vn 0.0325 0.9994 -0.0136
vn 0.0117 0.9999 -0.0104
vn 0.0118 0.9999 -0.0104
vn 0.0766 -0.9575 -0.2780
vn 0.2222 -0.9029 -0.3679
vn 0.2221 -0.9030 -0.3677
vn 0.2222 -0.9030 -0.3678
vn 0.2566 -0.6792 -0.6877
vn 0.2566 -0.6791 -0.6878
vn 0.2566 -0.6790 -0.6878
vn -0.1192 -0.8346 -0.5378
vn -0.1191 -0.8346 -0.5378
vn 0.2970 -0.4207 -0.8572
vn 0.2969 -0.4207 -0.8572
vn 0.2969 -0.4208 -0.8572
vn -0.2900 -0.6144 -0.7338
vn 0.3380 -0.1503 -0.9291
vn 0.3380 -0.1503 -0.9290
vn -0.3934 -0.2554 -0.8832
vn 0.3534 0.1741 -0.9191
vn 0.3535 0.1741 -0.9191
vn -0.3751 0.2991 -0.8774
vn 0.2939 0.6965 -0.6546
vn 0.2939 0.6965 -0.6547
vn -0.1431 0.8760 -0.4606
vn -0.0030 0.9994 -0.0351
vn -0.0029 0.9994 -0.0351
vn -0.0029 0.9994 -0.0352
vn -0.0062 0.9999 -0.0144
vn -0.2407 -0.9575 -0.1587
vn -0.2407 -0.9575 -0.1588
vn -0.2812 -0.9030 -0.3250
vn -0.2811 -0.9030 -0.3249
vn -0.5748 -0.6791 -0.4565
vn -0.5748 -0.6792 -0.4565
vn -0.5483 -0.8346 -0.0529
vn -0.7235 -0.4208 -0.5473
vn -0.7875 -0.6144 0.0491
vn -0.7791 -0.1503 -0.6086
vn -0.9615 -0.2554 0.1013
vn -0.9615 -0.2553 0.1012
vn -0.9615 -0.2554 0.1012
vn -0.7649 0.1741 -0.6202
vn -0.7649 0.1741 -0.6201
vn -0.9504 0.2991 0.0856
vn -0.5318 0.6965 -0.4818
vn -0.5318 0.6965 -0.4817
vn -0.5318 0.6964 -0.4818
vn -0.4823 0.8760 -0.0063
vn -0.0343 0.9994 -0.0080
vn -0.0343 0.9994 -0.0081
vn -0.0156 0.9999 0.0015
vn 0.1189 -0.8526 0.5089
vn 0.1188 -0.8525 0.5090
vn 0.1188 -0.8526 0.5089
vn 0.1876 -0.6199 0.7619
vn 0.1878 -0.6201 0.7618
vn 0.1878 -0.6201 0.7617
vn 0.2308 0.3001 0.9256
vn 0.2309 0.3004 0.9254
vn 0.1100 0.8833 0.4558
vn 0.5685 -0.2536 0.7826
vn 0.5610 0.2979 0.7723
vn 0.0001 1.0000 0.0001
vn 0.6664 -0.6202 0.4139
vn 0.8193 -0.2565 0.5128
vn 0.8193 -0.2559 0.5131
vn 0.8088 0.3004 0.5056
vn 0.8088 0.3006 0.5056
vn 0.8088 0.3009 0.5054
vn 0.3995 0.8833 0.2455
vn 0.3997 0.8831 0.2455
vn 0.3996 0.8832 0.2455
vn 0.3995 0.8832 0.2455
vn 0.0033 1.0000 0.0009
vn 0.5208 -0.8525 0.0445
vn 0.7826 -0.6199 0.0566
vn 0.7825 -0.6200 0.0568
vn 0.9515 0.3005 0.0664
vn 0.4675 0.8832 0.0362
vn 0.4674 0.8833 0.0363
vn 0.4673 0.8834 0.0363
vn 0.4676 0.8832 0.0362
vn 0.9199 -0.2538 -0.2989
vn 0.9079 0.2977 -0.2950
vn 0.1291 -0.9835 -0.1269
vn 0.1288 -0.9835 -0.1269
vn 0.3954 -0.8525 -0.3419
vn 0.3950 -0.8527 -0.3420
vn 0.3952 -0.8526 -0.3419
vn 0.5996 -0.6201 -0.5059
vn 0.7412 -0.2560 -0.6206
vn 0.7410 -0.2562 -0.6207
vn 0.7408 -0.2566 -0.6208
vn 0.7305 0.3011 -0.6130
vn 0.7307 0.3006 -0.6129
vn 0.7309 0.3002 -0.6129
vn 0.3569 0.8833 -0.3039
vn 0.3570 0.8832 -0.3041
vn 0.3570 0.8832 -0.3043
vn 0.0807 -0.9835 -0.1621
vn 0.2033 -0.8525 -0.4816
vn 0.3611 -0.2565 -0.8966
vn 0.3572 0.3006 -0.8843
vn 0.3573 0.3009 -0.8842
vn 0.1787 0.8833 -0.4333
vn 0.1790 0.8832 -0.4335
vn -0.0000 -0.8504 -0.5262
vn -0.0000 -0.2537 -0.9673
vn -0.0000 0.2977 -0.9546
vn -0.0809 -0.9835 -0.1619
vn -0.0809 -0.9835 -0.1617
vn -0.2029 -0.8526 -0.4816
vn -0.2031 -0.8525 -0.4816
vn -0.3614 -0.2561 -0.8966
vn -0.3613 -0.2563 -0.8965
vn -0.3571 0.3006 -0.8844
vn -0.3570 0.3007 -0.8844
vn -0.3954 -0.8525 -0.3419
vn -0.7412 -0.2560 -0.6206
vn -0.7411 -0.2562 -0.6206
vn -0.7409 -0.2566 -0.6207
vn -0.7308 0.3004 -0.6129
vn -0.7307 0.3006 -0.6129
vn -0.7307 0.3007 -0.6130
vn -0.3572 0.8831 -0.3041
vn -0.3568 0.8833 -0.3040
vn -0.0020 1.0000 -0.0028
vn -0.7490 -0.6162 -0.2434
vn -0.7490 -0.6163 -0.2433
vn -0.9199 -0.2538 -0.2989
vn -0.9079 0.2977 -0.2950
vn -0.4484 0.8819 -0.1457
vn -0.1790 -0.9835 0.0268
vn -0.5208 -0.8525 0.0443
vn -0.5207 -0.8526 0.0442
vn -0.7826 -0.6199 0.0570
vn -0.7825 -0.6201 0.0567
vn -0.9644 -0.2559 0.0668
vn -0.9515 0.3005 0.0664
vn -0.4673 0.8834 0.0363
vn -0.4674 0.8833 0.0362
vn -0.0033 1.0000 0.0011
vn -0.1606 -0.9835 0.0832
vn -0.6664 -0.6200 0.4141
vn -0.8193 -0.2562 0.5129
vn -0.8193 -0.2564 0.5129
vn -0.8087 0.3007 0.5056
vn -0.3992 0.8834 0.2455
vn -0.3998 0.8831 0.2456
vn -0.5685 -0.2536 0.7826
vn -0.5611 0.2979 0.7723
vn -0.2772 0.8818 0.3816
vn -0.0297 -0.9835 0.1785
vn -0.1186 -0.8526 0.5089
vn -0.1188 -0.8526 0.5090
vn -0.1878 -0.6201 0.7617
vn -0.2348 -0.2565 0.9376
vn -0.2347 -0.2563 0.9377
vn -0.2346 -0.2561 0.9377
vn -0.2307 0.3009 0.9253
vn -0.2308 0.3008 0.9254
vn -0.2312 0.3001 0.9255
vn -0.2310 0.3004 0.9254
vn -0.1103 0.8831 0.4561
vn -0.1100 0.8833 0.4557
vn -0.3960 -0.9030 0.1670
vn -0.6118 -0.6792 0.4056
vn -0.7441 -0.4208 0.5190
vn -0.7440 -0.4208 0.5190
vn -0.8196 -0.1503 0.5528
vn -0.8195 -0.1503 0.5531
vn -0.8263 0.1741 0.5357
vn -0.8261 0.1741 0.5360
vn -0.6226 0.6964 0.3569
vn -0.0182 0.9994 0.0302
vn 0.5747 -0.6794 -0.4562
vn 0.9615 -0.2554 0.1013
vn 0.9504 0.2991 0.0855
vn 0.7647 0.1741 -0.6204
vn 0.7649 0.1742 -0.6202
vn 0.7649 0.1741 -0.6202
vn 0.5318 0.6964 -0.4819
vn -0.2562 -0.6793 -0.6877
vn -0.2941 0.6962 -0.6548
vn 0.0031 0.9994 -0.0350
vn -0.4185 -0.9030 0.0977
vn -0.2880 -0.9575 -0.0131
vn -0.4746 -0.8346 -0.2796
vn -0.7332 -0.6793 0.0313
vn -0.7331 -0.6794 0.0313
vn -0.9069 -0.4210 0.0171
vn -0.9069 -0.4209 0.0171
vn -0.9881 -0.1503 0.0341
vn -0.9880 -0.1503 0.0344
vn -0.9833 0.1741 0.0522
vn -0.0364 -0.9029 0.4283
vn -0.4126 -0.8346 0.3650
vn -0.1968 -0.6793 0.7070
vn -0.8374 -0.2553 0.4832
vn -0.2542 0.1741 0.9513
vn -0.2540 0.1741 0.9514
vn -0.1469 0.6963 0.7026
vn 0.3959 -0.9030 0.1669
vn 0.6115 -0.6793 0.4057
vn 0.6116 -0.6793 0.4057
vn 0.7438 -0.4209 0.5191
vn 0.8195 -0.1503 0.5530
vn 0.8262 0.1741 0.5358
vn 0.8263 0.1741 0.5356
vn 0.8264 0.1741 0.5356
vn 0.6228 0.6963 0.3568
vn 0.6227 0.6963 0.3570
vn 0.0033 0.9999 0.0153
vn 0.0182 0.9994 0.0301
vn 0.0365 -0.9030 0.4282
vn 0.0365 -0.9029 0.4282
vn 0.2636 -0.4207 0.8681
vn 0.2725 -0.1503 0.9503
vn 0.8374 -0.2553 0.4833
vn 0.1470 0.6964 0.7024
vn 0.2881 -0.9575 -0.0130
vn 0.7333 -0.6791 0.0315
vn 0.7333 -0.6791 0.0314
vn 0.9070 -0.4208 0.0175
vn 0.9834 0.1741 0.0521
vn 0.9834 0.1741 0.0519
vn 0.0324 0.9994 -0.0136
vn 0.2222 -0.9030 -0.3679
vn 0.2565 -0.6792 -0.6877
vn 0.2565 -0.6791 -0.6878
vn 0.2565 -0.6790 -0.6878
vn 0.3381 -0.1503 -0.9290
vn -0.3934 -0.2553 -0.8832
vn 0.2939 0.6964 -0.6547
vn 0.2938 0.6965 -0.6546
vn -0.0063 0.9999 -0.0144
vn -0.7234 -0.4208 -0.5473
vn -0.7235 -0.4208 -0.5472
vn -0.7234 -0.4208 -0.5474
vn -0.7875 -0.6144 0.0490
vn -0.7791 -0.1503 -0.6085
vn -0.7650 0.1741 -0.6201
vn -0.0156 0.9999 0.0014
vt 0.551600 0.219200
vt 0.551700 0.023300
vt 0.545900 0.023400
vt 0.546600 0.219300
vt 0.567800 0.218100
vt 0.567800 0.023400
vt 0.589800 0.221700
vt 0.589200 0.022300
vt 0.592800 0.023800
vt 0.592300 0.219900
vt 0.541300 0.023400
vt 0.542800 0.218700
vt 0.589400 0.225600
vt 0.592800 0.224400
vt 0.569300 0.225500
vt 0.551100 0.225500
vt 0.546200 0.223900
vt 0.542400 0.221800
vt 0.515400 0.194600
vt 0.651600 0.023700
vt 0.651300 0.021200
vt 0.623200 0.047300
vt 0.514900 0.023500
vt 0.654600 0.018500
vt 0.654300 0.022400
vt 0.659700 0.017500
vt 0.660400 0.021400
vt 0.677500 0.022400
vt 0.677900 0.017700
vt 0.698100 0.017200
vt 0.697500 0.020200
vt 0.701600 0.018200
vt 0.701000 0.022600
vt 0.713100 0.030000
vt 0.604400 0.024000
vt 0.604900 0.213400
vt 0.646200 0.234800
vt 0.649400 0.235000
vt 0.654700 0.235800
vt 0.671000 0.235900
vt 0.692600 0.235200
vt 0.697800 0.236200
vt 0.710500 0.237200
vt 0.688700 0.449600
vt 0.691500 0.449300
vt 0.671000 0.445800
vt 0.650100 0.444700
vt 0.646800 0.443300
vt 0.620700 0.233900
vt 0.644100 0.441700
vt 0.642000 0.444500
vt 0.645300 0.447200
vt 0.648800 0.449400
vt 0.670800 0.452400
vt 0.687800 0.453500
vt 0.692300 0.452300
vt 0.617100 0.421100
vt 0.541100 0.250700
vt 0.543600 0.255700
vt 0.546600 0.253600
vt 0.544900 0.248200
vt 0.549600 0.252200
vt 0.549200 0.247000
vt 0.548500 0.449100
vt 0.544600 0.449000
vt 0.571000 0.251200
vt 0.571700 0.246300
vt 0.571000 0.449100
vt 0.588700 0.245900
vt 0.588800 0.250200
vt 0.588800 0.449000
vt 0.593000 0.247600
vt 0.591700 0.251100
vt 0.593600 0.448800
vt 0.602000 0.262500
vt 0.707800 0.444200
vt 0.601400 0.448700
vt 0.517300 0.275500
vt 0.515300 0.448300
vt 0.541400 0.448800
vt 0.986300 0.961700
vt 0.986300 0.994400
vt 0.841300 0.994300
vt 0.841300 0.961800
vt 0.995700 0.961600
vt 0.995700 0.994400
vt 0.832200 0.994300
vt 0.832200 0.961800
vt 0.985500 0.526900
vt 0.973100 0.526900
vt 0.973100 0.946000
vt 0.985400 0.946000
vt 0.973300 0.949600
vt 0.985500 0.949600
vt 0.985400 0.523400
vt 0.973100 0.523400
vt 0.204200 0.974800
vt 0.204900 0.974800
vt 0.204900 0.936700
vt 0.204200 0.936700
vt 0.203400 0.936700
vt 0.203400 0.974800
vt 0.202600 0.936700
vt 0.202600 0.974800
vt 0.201900 0.936700
vt 0.201900 0.974800
vt 0.201100 0.936700
vt 0.201100 0.974800
vt 0.200300 0.974800
vt 0.200300 0.936700
vt 0.208700 0.936700
vt 0.208700 0.974800
vt 0.209500 0.974800
vt 0.209500 0.936700
vt 0.208000 0.974800
vt 0.208000 0.936700
vt 0.207200 0.974800
vt 0.207200 0.936700
vt 0.206500 0.936700
vt 0.206500 0.974800
vt 0.205700 0.936700
vt 0.205700 0.974800
vt 0.204900 0.932200
vt 0.204200 0.932200
vt 0.203400 0.932200
vt 0.202600 0.932200
vt 0.201900 0.932200
vt 0.201100 0.932200
vt 0.200300 0.932200
vt 0.209500 0.932200
vt 0.208700 0.932200
vt 0.208000 0.932200
vt 0.207200 0.932200
vt 0.206500 0.932200
vt 0.205700 0.932200
vt 0.204200 0.927300
vt 0.204900 0.927300
vt 0.203400 0.927300
vt 0.202600 0.927300
vt 0.201900 0.927300
vt 0.201100 0.927300
vt 0.200300 0.927300
vt 0.209500 0.927300
vt 0.208700 0.927300
vt 0.208000 0.927300
vt 0.207200 0.927300
vt 0.206500 0.927300
vt 0.205700 0.927300
vt 0.204900 0.922200
vt 0.204200 0.922200
vt 0.203400 0.922200
vt 0.202600 0.922200
vt 0.201900 0.922200
vt 0.201100 0.922200
vt 0.200300 0.922200
vt 0.209500 0.922200
vt 0.208700 0.922200
vt 0.208000 0.922200
vt 0.207200 0.922200
vt 0.206500 0.922200
vt 0.205700 0.922200
vt 0.204900 0.917000
vt 0.204200 0.917000
vt 0.203400 0.917000
vt 0.202600 0.917000
vt 0.201900 0.917000
vt 0.201100 0.917000
vt 0.200300 0.917000
vt 0.209500 0.917000
vt 0.208700 0.917000
vt 0.208000 0.917000
vt 0.207200 0.917000
vt 0.206500 0.917000
vt 0.205700 0.917000
vt 0.204200 0.911500
vt 0.204900 0.911500
vt 0.203400 0.911500
vt 0.202600 0.911500
vt 0.201900 0.911500
vt 0.201100 0.911500
vt 0.200300 0.911500
vt 0.208700 0.911500
vt 0.209500 0.911500
vt 0.208000 0.911500
vt 0.207200 0.911500
vt 0.206500 0.911500
vt 0.205700 0.911500
vt 0.204900 0.905300
vt 0.204200 0.905300
vt 0.203400 0.905300
vt 0.202600 0.905300
vt 0.201900 0.905300
vt 0.201100 0.905300
vt 0.200300 0.905300
vt 0.208700 0.905300
vt 0.209500 0.905300
vt 0.208000 0.905300
vt 0.207200 0.905300
vt 0.206500 0.905300
vt 0.205700 0.905300
vt 0.204900 0.898400
vt 0.204200 0.898400
vt 0.203400 0.898400
vt 0.202600 0.898400
vt 0.201900 0.898400
vt 0.201100 0.898400
vt 0.200300 0.898400
vt 0.209500 0.898400
vt 0.208700 0.898400
vt 0.208000 0.898400
vt 0.207200 0.898400
vt 0.206500 0.898400
vt 0.205700 0.898400
vt 0.265600 0.973600
vt 0.266300 0.973600
vt 0.266300 0.935600
vt 0.265600 0.935600
vt 0.264800 0.935600
vt 0.264800 0.973600
vt 0.264000 0.935600
vt 0.264000 0.973600
vt 0.263300 0.935600
vt 0.263300 0.973600
vt 0.262500 0.935600
vt 0.262500 0.973600
vt 0.261800 0.973600
vt 0.261800 0.935600
vt 0.270200 0.935600
vt 0.270200 0.973600
vt 0.270900 0.973600
vt 0.270900 0.935600
vt 0.269400 0.935600
vt 0.269400 0.973600
vt 0.268600 0.935600
vt 0.268600 0.973600
vt 0.267900 0.935600
vt 0.267900 0.973600
vt 0.267100 0.935600
vt 0.267100 0.973600
vt 0.266300 0.931000
vt 0.265600 0.931000
vt 0.264800 0.931000
vt 0.264000 0.931000
vt 0.263300 0.931000
vt 0.262500 0.931000
vt 0.261800 0.931000
vt 0.270900 0.931000
vt 0.270200 0.931000
vt 0.269400 0.931000
vt 0.268600 0.931000
vt 0.267900 0.931000
vt 0.267100 0.931000
vt 0.265600 0.926100
vt 0.266300 0.926100
vt 0.264800 0.926100
vt 0.264100 0.926100
vt 0.263300 0.926100
vt 0.262500 0.926100
vt 0.261800 0.926100
vt 0.270200 0.926100
vt 0.270900 0.926100
vt 0.269400 0.926100
vt 0.268600 0.926100
vt 0.267900 0.926100
vt 0.267100 0.926100
vt 0.266300 0.921100
vt 0.265600 0.921100
vt 0.264800 0.921100
vt 0.264100 0.921100
vt 0.263300 0.921100
vt 0.262500 0.921100
vt 0.261800 0.921100
vt 0.270200 0.921100
vt 0.270900 0.921100
vt 0.269400 0.921100
vt 0.268600 0.921100
vt 0.267900 0.921100
vt 0.267100 0.921100
vt 0.266300 0.915800
vt 0.265600 0.915800
vt 0.264800 0.915800
vt 0.264100 0.915800
vt 0.263300 0.915800
vt 0.262500 0.915800
vt 0.261800 0.915800
vt 0.270900 0.915800
vt 0.270200 0.915800
vt 0.269400 0.915800
vt 0.268600 0.915800
vt 0.267900 0.915800
vt 0.267100 0.915800
vt 0.266300 0.910300
vt 0.265600 0.910300
vt 0.264800 0.910300
vt 0.264100 0.910300
vt 0.263300 0.910300
vt 0.262500 0.910300
vt 0.261800 0.910300
vt 0.270900 0.910300
vt 0.270200 0.910300
vt 0.269400 0.910300
vt 0.268600 0.910300
vt 0.267900 0.910300
vt 0.267100 0.910300
vt 0.266300 0.904200
vt 0.265600 0.904200
vt 0.264800 0.904200
vt 0.264100 0.904200
vt 0.263300 0.904200
vt 0.262500 0.904200
vt 0.261800 0.904200
vt 0.270900 0.904200
vt 0.270200 0.904200
vt 0.269400 0.904200
vt 0.268600 0.904200
vt 0.267900 0.904200
vt 0.267100 0.904200
vt 0.266300 0.897200
vt 0.265600 0.897200
vt 0.264800 0.897200
vt 0.264100 0.897200
vt 0.263300 0.897200
vt 0.262500 0.897200
vt 0.261800 0.897200
vt 0.270900 0.897200
vt 0.270200 0.897200
vt 0.269400 0.897200
vt 0.268600 0.897200
vt 0.267900 0.897200
vt 0.267100 0.897200
vt 0.238200 0.936300
vt 0.237400 0.936300
vt 0.237400 0.974300
vt 0.238200 0.974300
vt 0.236700 0.936300
vt 0.236700 0.974300
vt 0.235900 0.936300
vt 0.235900 0.974300
vt 0.235100 0.936300
vt 0.235100 0.974300
vt 0.234400 0.974300
vt 0.234400 0.936300
vt 0.233600 0.936300
vt 0.233600 0.974300
vt 0.232800 0.936300
vt 0.232800 0.974300
vt 0.232100 0.974300
vt 0.232100 0.936300
vt 0.241200 0.936300
vt 0.240500 0.936300
vt 0.240500 0.974300
vt 0.241200 0.974300
vt 0.239700 0.936300
vt 0.239700 0.974300
vt 0.238900 0.936300
vt 0.238900 0.974300
vt 0.238200 0.931800
vt 0.237400 0.931800
vt 0.236700 0.931800
vt 0.235900 0.931800
vt 0.235100 0.931800
vt 0.234400 0.931800
vt 0.233600 0.931800
vt 0.232800 0.931800
vt 0.232100 0.931800
vt 0.240500 0.931800
vt 0.241200 0.931800
vt 0.239700 0.931800
vt 0.238900 0.931800
vt 0.238200 0.927100
vt 0.237400 0.927100
vt 0.236700 0.927100
vt 0.235900 0.927100
vt 0.235100 0.927100
vt 0.234400 0.927100
vt 0.233600 0.927100
vt 0.232800 0.927100
vt 0.232100 0.927100
vt 0.240500 0.927100
vt 0.241200 0.927100
vt 0.239700 0.927100
vt 0.238900 0.927100
vt 0.238200 0.922200
vt 0.237400 0.922200
vt 0.236700 0.922200
vt 0.235900 0.922200
vt 0.235100 0.922200
vt 0.234400 0.922200
vt 0.233600 0.922200
vt 0.232800 0.922200
vt 0.232100 0.922200
vt 0.241200 0.922200
vt 0.240500 0.922200
vt 0.239700 0.922200
vt 0.238900 0.922200
vt 0.237400 0.917100
vt 0.238200 0.917100
vt 0.236700 0.917100
vt 0.235900 0.917100
vt 0.235100 0.917100
vt 0.234400 0.917100
vt 0.233600 0.917100
vt 0.232800 0.917100
vt 0.232100 0.917100
vt 0.241200 0.917100
vt 0.240500 0.917100
vt 0.239700 0.917100
vt 0.238900 0.917100
vt 0.238200 0.911800
vt 0.237400 0.911800
vt 0.236700 0.911800
vt 0.235900 0.911800
vt 0.235100 0.911800
vt 0.234400 0.911800
vt 0.233600 0.911800
vt 0.232800 0.911800
vt 0.232100 0.911800
vt 0.241200 0.911800
vt 0.240500 0.911800
vt 0.239700 0.911800
vt 0.238900 0.911800
vt 0.238200 0.905900
vt 0.237400 0.905900
vt 0.236700 0.905900
vt 0.235900 0.905900
vt 0.235100 0.905900
vt 0.234400 0.905900
vt 0.233600 0.905900
vt 0.232800 0.905900
vt 0.232100 0.905900
vt 0.241200 0.905900
vt 0.240500 0.905900
vt 0.239700 0.905900
vt 0.238900 0.905900
vt 0.238200 0.899000
vt 0.237400 0.899000
vt 0.236700 0.899000
vt 0.235900 0.899000
vt 0.235100 0.899000
vt 0.234400 0.899000
vt 0.233600 0.899000
vt 0.232800 0.899000
vt 0.232100 0.899000
vt 0.241200 0.899000
vt 0.240500 0.899000
vt 0.239700 0.899000
vt 0.238900 0.899000
vt 0.223100 0.973500
vt 0.223100 0.935500
vt 0.222300 0.935500
vt 0.222300 0.973500
vt 0.221500 0.973500
vt 0.221500 0.935500
vt 0.220800 0.935500
vt 0.220800 0.973500
vt 0.220000 0.973500
vt 0.220000 0.935500
vt 0.219200 0.935500
vt 0.219200 0.973500
vt 0.218500 0.973500
vt 0.218500 0.935500
vt 0.217700 0.935500
vt 0.217700 0.973500
vt 0.217000 0.935500
vt 0.217000 0.973500
vt 0.225400 0.973500
vt 0.226100 0.973500
vt 0.226100 0.935500
vt 0.225400 0.935500
vt 0.224600 0.935500
vt 0.224600 0.973500
vt 0.223800 0.935500
vt 0.223800 0.973500
vt 0.223100 0.931000
vt 0.222300 0.931000
vt 0.221500 0.931000
vt 0.220800 0.931000
vt 0.220000 0.931000
vt 0.219200 0.931000
vt 0.218500 0.931000
vt 0.217700 0.931000
vt 0.217000 0.931000
vt 0.226100 0.931000
vt 0.225400 0.931000
vt 0.224600 0.931000
vt 0.223800 0.931000
vt 0.223100 0.926300
vt 0.222300 0.926300
vt 0.221500 0.926300
vt 0.220800 0.926300
vt 0.220000 0.926300
vt 0.219200 0.926300
vt 0.218500 0.926300
vt 0.217700 0.926300
vt 0.217000 0.926300
vt 0.226100 0.926300
vt 0.225400 0.926300
vt 0.224600 0.926300
vt 0.223800 0.926300
vt 0.223100 0.921400
vt 0.222300 0.921400
vt 0.221500 0.921400
vt 0.220800 0.921400
vt 0.220000 0.921400
vt 0.219200 0.921400
vt 0.218500 0.921400
vt 0.217700 0.921400
vt 0.217000 0.921400
vt 0.226100 0.921400
vt 0.225400 0.921400
vt 0.224600 0.921400
vt 0.223800 0.921400
vt 0.223100 0.916300
vt 0.222300 0.916300
vt 0.221500 0.916300
vt 0.220800 0.916300
vt 0.220000 0.916300
vt 0.219200 0.916300
vt 0.218500 0.916300
vt 0.217700 0.916300
vt 0.217000 0.916300
vt 0.226100 0.916300
vt 0.225400 0.916300
vt 0.224600 0.916300
vt 0.223800 0.916300
vt 0.223100 0.911000
vt 0.222300 0.911000
vt 0.221500 0.911000
vt 0.220800 0.911000
vt 0.220000 0.911000
vt 0.219200 0.911000
vt 0.218500 0.911000
vt 0.217700 0.911000
vt 0.217000 0.911000
vt 0.226100 0.911000
vt 0.225400 0.911000
vt 0.224600 0.911000
vt 0.223800 0.911000
vt 0.223100 0.905100
vt 0.222300 0.905100
vt 0.221500 0.905100
vt 0.220800 0.905100
vt 0.220000 0.905100
vt 0.219200 0.905100
vt 0.218500 0.905100
vt 0.217700 0.905100
vt 0.217000 0.905100
vt 0.226100 0.905100
vt 0.225400 0.905100
vt 0.224600 0.905100
vt 0.223800 0.905100
vt 0.223100 0.898200
vt 0.222300 0.898200
vt 0.221500 0.898200
vt 0.220800 0.898200
vt 0.220000 0.898200
vt 0.219200 0.898200
vt 0.218500 0.898200
vt 0.217700 0.898200
vt 0.217000 0.898200
vt 0.225400 0.898200
vt 0.226100 0.898200
vt 0.224600 0.898200
vt 0.223800 0.898200
vt 0.252500 0.974200
vt 0.253300 0.974200
vt 0.253300 0.936100
vt 0.252500 0.936100
vt 0.251800 0.936100
vt 0.251800 0.974200
vt 0.251000 0.936100
vt 0.251000 0.974200
vt 0.250300 0.974200
vt 0.250300 0.936100
vt 0.249500 0.936100
vt 0.249500 0.974200
vt 0.248700 0.936100
vt 0.248700 0.974200
vt 0.248000 0.936100
vt 0.248000 0.974200
vt 0.256400 0.974200
vt 0.257100 0.974200
vt 0.257100 0.936100
vt 0.256400 0.936100
vt 0.255600 0.936100
vt 0.255600 0.974200
vt 0.254800 0.936100
vt 0.254800 0.974200
vt 0.254100 0.936100
vt 0.254100 0.974200
vt 0.253300 0.931600
vt 0.252500 0.931600
vt 0.251800 0.931600
vt 0.251000 0.931600
vt 0.250300 0.931600
vt 0.249500 0.931600
vt 0.248700 0.931600
vt 0.248000 0.931600
vt 0.256400 0.931600
vt 0.257100 0.931600
vt 0.255600 0.931600
vt 0.254800 0.931600
vt 0.254100 0.931600
vt 0.253300 0.926800
vt 0.252500 0.926800
vt 0.251800 0.926800
vt 0.251000 0.926800
vt 0.250300 0.926800
vt 0.249500 0.926800
vt 0.248700 0.926800
vt 0.248000 0.926800
vt 0.257100 0.926800
vt 0.256400 0.926800
vt 0.255600 0.926800
vt 0.254800 0.926800
vt 0.254100 0.926800
vt 0.253300 0.921800
vt 0.252500 0.921800
vt 0.251800 0.921800
vt 0.251000 0.921800
vt 0.250200 0.921800
vt 0.249500 0.921800
vt 0.248700 0.921800
vt 0.248000 0.921800
vt 0.257100 0.921800
vt 0.256400 0.921800
vt 0.255600 0.921800
vt 0.254800 0.921800
vt 0.254100 0.921800
vt 0.253300 0.916600
vt 0.252500 0.916600
vt 0.251800 0.916600
vt 0.251000 0.916600
vt 0.250200 0.916600
vt 0.249500 0.916600
vt 0.248700 0.916600
vt 0.248000 0.916600
vt 0.257100 0.916600
vt 0.256400 0.916600
vt 0.255600 0.916600
vt 0.254800 0.916600
vt 0.254100 0.916600
vt 0.253300 0.911100
vt 0.252500 0.911100
vt 0.251800 0.911100
vt 0.251000 0.911100
vt 0.250200 0.911100
vt 0.249500 0.911100
vt 0.248700 0.911100
vt 0.248000 0.911100
vt 0.257100 0.911100
vt 0.256400 0.911100
vt 0.255600 0.911100
vt 0.254800 0.911100
vt 0.254100 0.911100
vt 0.253300 0.905000
vt 0.252500 0.905000
vt 0.251800 0.905000
vt 0.251000 0.905000
vt 0.250200 0.905000
vt 0.249500 0.905000
vt 0.248700 0.905000
vt 0.248000 0.905000
vt 0.256400 0.905000
vt 0.257100 0.905000
vt 0.255600 0.905000
vt 0.254800 0.905000
vt 0.254100 0.905000
vt 0.253300 0.898100
vt 0.252500 0.898100
vt 0.251800 0.898100
vt 0.251000 0.898100
vt 0.250300 0.898100
vt 0.249500 0.898100
vt 0.248700 0.898100
vt 0.248000 0.898100
vt 0.256400 0.898100
vt 0.257100 0.898100
vt 0.255600 0.898100
vt 0.254800 0.898100
vt 0.254100 0.898100
vt 0.295700 0.917700
vt 0.294100 0.927000
vt 0.294700 0.927000
vt 0.296300 0.918000
vt 0.300900 0.910000
vt 0.300400 0.909500
vt 0.308000 0.904000
vt 0.307700 0.903500
vt 0.316700 0.900900
vt 0.316600 0.900200
vt 0.325900 0.900900
vt 0.326000 0.900200
vt 0.334600 0.904000
vt 0.334900 0.903500
vt 0.341700 0.910000
vt 0.342200 0.909500
vt 0.346300 0.918000
vt 0.346900 0.917700
vt 0.347900 0.927000
vt 0.348500 0.927000
vt 0.346300 0.936100
vt 0.346900 0.936400
vt 0.341600 0.944100
vt 0.342100 0.944500
vt 0.334600 0.950100
vt 0.334900 0.950600
vt 0.325900 0.953200
vt 0.326000 0.953900
vt 0.316700 0.953200
vt 0.316600 0.953900
vt 0.307700 0.950600
vt 0.308000 0.950100
vt 0.300900 0.944100
vt 0.300400 0.944500
vt 0.296300 0.936100
vt 0.295700 0.936400
vt 0.321300 0.927000
vt 0.289000 0.927000
vt 0.291000 0.916000
vt 0.296600 0.906300
vt 0.305200 0.899100
vt 0.315700 0.895300
vt 0.326900 0.895300
vt 0.337400 0.899100
vt 0.346000 0.906300
vt 0.351600 0.916000
vt 0.353600 0.927000
vt 0.351600 0.938100
vt 0.346000 0.947800
vt 0.337400 0.955000
vt 0.326900 0.958800
vt 0.315700 0.958800
vt 0.305200 0.955000
vt 0.296600 0.947800
vt 0.291000 0.938100
vt 0.288200 0.927000
vt 0.290200 0.915700
vt 0.295900 0.905800
vt 0.304700 0.898400
vt 0.315500 0.894400
vt 0.327000 0.894400
vt 0.337900 0.898400
vt 0.346700 0.905800
vt 0.352400 0.915700
vt 0.354400 0.927000
vt 0.352400 0.938400
vt 0.346700 0.948300
vt 0.337800 0.955700
vt 0.327000 0.959600
vt 0.315500 0.959600
vt 0.304700 0.955700
vt 0.295900 0.948300
vt 0.290200 0.938400
vt 0.131700 0.979800
vt 0.131700 0.932200
vt 0.099500 0.932200
vt 0.099500 0.979800
vt 0.166300 0.979800
vt 0.166300 0.932200
vt 0.134100 0.932200
vt 0.134100 0.979800
vt 0.096400 0.988400
vt 0.049700 0.988400
vt 0.049700 0.990400
vt 0.096400 0.990400
vt 0.128000 0.990400
vt 0.128000 0.988400
vt 0.018100 0.988400
vt 0.018100 0.990400
vt 0.099200 0.979800
vt 0.099200 0.932200
vt 0.099700 0.931900
vt 0.131800 0.931900
vt 0.134000 0.931900
vt 0.166100 0.931900
vt 0.166500 0.932200
vt 0.166500 0.979800
vt 0.134000 0.980100
vt 0.166100 0.980100
vt 0.131800 0.980100
vt 0.099700 0.980100
vt 0.098800 0.932600
vt 0.098800 0.979400
vt 0.131800 0.931300
vt 0.100200 0.931400
vt 0.134000 0.931300
vt 0.165600 0.931400
vt 0.167000 0.979400
vt 0.167000 0.932600
vt 0.134000 0.980800
vt 0.165600 0.980600
vt 0.131800 0.980800
vt 0.100200 0.980600
vt 0.055800 0.980000
vt 0.055800 0.932400
vt 0.023600 0.932400
vt 0.023600 0.980000
vt 0.090300 0.980000
vt 0.090300 0.932400
vt 0.058100 0.932400
vt 0.058100 0.980000
vt 0.210000 0.987200
vt 0.163300 0.987200
vt 0.163300 0.989300
vt 0.210000 0.989300
vt 0.241600 0.989300
vt 0.241600 0.987200
vt 0.131700 0.987200
vt 0.131700 0.989300
vt 0.023300 0.980000
vt 0.023300 0.932400
vt 0.023700 0.932100
vt 0.055900 0.932100
vt 0.058100 0.932100
vt 0.090200 0.932100
vt 0.090600 0.932400
vt 0.090600 0.980000
vt 0.058100 0.980300
vt 0.090200 0.980300
vt 0.055900 0.980300
vt 0.023700 0.980300
vt 0.022800 0.932800
vt 0.022800 0.979600
vt 0.055900 0.931500
vt 0.024300 0.931600
vt 0.058000 0.931500
vt 0.089700 0.931600
vt 0.091100 0.979600
vt 0.091100 0.932800
vt 0.058000 0.981000
vt 0.089700 0.980800
vt 0.055900 0.981000
vt 0.024300 0.980800
vt 0.824900 0.518800
vt 0.815800 0.517300
vt 0.814800 0.540100
vt 0.824800 0.542100
vt 0.889300 0.542000
vt 0.888700 0.519000
vt 0.880700 0.519700
vt 0.880600 0.541800
vt 0.880900 0.512800
vt 0.886800 0.512600
vt 0.851100 0.519400
vt 0.851400 0.541800
vt 0.850200 0.511400
vt 0.822200 0.764700
vt 0.848400 0.765000
vt 0.848900 0.645100
vt 0.822100 0.644100
vt 0.815600 0.764400
vt 0.815900 0.644100
vt 0.806900 0.764200
vt 0.806700 0.643100
vt 0.783700 0.642000
vt 0.783400 0.763900
vt 0.809400 0.573500
vt 0.785400 0.573500
vt 0.762000 0.640400
vt 0.761300 0.763700
vt 0.762800 0.573300
vt 0.755800 0.639800
vt 0.756200 0.763600
vt 0.758300 0.573300
vt 0.877800 0.765100
vt 0.879300 0.644300
vt 0.885300 0.765000
vt 0.887500 0.643200
vt 0.893700 0.643000
vt 0.893100 0.764900
vt 0.913800 0.765100
vt 0.915800 0.642200
vt 0.917000 0.574500
vt 0.894000 0.573900
vt 0.939500 0.643600
vt 0.938800 0.765300
vt 0.939800 0.574600
vt 0.945000 0.765300
vt 0.946600 0.643600
vt 0.946400 0.575000
vt 0.951300 0.644600
vt 0.949600 0.765400
vt 0.952200 0.574200
vt 0.825100 0.512100
vt 0.817100 0.513000
vt 0.750300 0.573200
vt 0.749600 0.639700
vt 0.751700 0.763600
vt 0.886200 0.573500
vt 0.880400 0.575000
vt 0.851300 0.576100
vt 0.817500 0.573100
vt 0.823500 0.574700
vt 0.880800 0.565700
vt 0.888300 0.565300
vt 0.881100 0.571500
vt 0.851600 0.565700
vt 0.851500 0.572200
vt 0.824100 0.565100
vt 0.824100 0.571300
vt 0.815300 0.564600
vt 0.880300 0.906700
vt 0.878900 0.913900
vt 0.892200 0.919500
vt 0.894100 0.917900
vt 0.890500 0.910500
vt 0.886300 0.892400
vt 0.877100 0.892900
vt 0.854900 0.912000
vt 0.855400 0.901900
vt 0.830100 0.902100
vt 0.831300 0.911800
vt 0.811300 0.906300
vt 0.812100 0.914300
vt 0.885600 0.871000
vt 0.876600 0.869900
vt 0.855700 0.890100
vt 0.830200 0.889400
vt 0.856600 0.871100
vt 0.886400 0.850100
vt 0.877700 0.848000
vt 0.831800 0.871700
vt 0.856600 0.849100
vt 0.831900 0.850200
vt 0.811200 0.889100
vt 0.811900 0.867600
vt 0.812200 0.849300
vt 0.803300 0.911900
vt 0.803100 0.916600
vt 0.802800 0.889700
vt 0.802400 0.867900
vt 0.802800 0.850600
vt 0.897300 0.823500
vt 0.894100 0.826800
vt 0.896400 0.826900
vt 0.899000 0.823800
vt 0.891200 0.836400
vt 0.882900 0.835000
vt 0.857700 0.837000
vt 0.830000 0.835400
vt 0.812800 0.834300
vt 0.804700 0.835400
vt 0.801900 0.825100
vt 0.881800 0.822300
vt 0.893300 0.820900
vt 0.856300 0.823600
vt 0.829300 0.824000
vt 0.813400 0.823800
vt 0.806500 0.821900
vt 0.801000 0.820900
vt 0.799500 0.821600
vt 0.797300 0.824300
vt 0.896300 0.837900
vt 0.893200 0.854400
vt 0.892800 0.871200
vt 0.892100 0.893300
vt 0.894900 0.909300
vt 0.901100 0.880900
vt 0.899100 0.874200
vt 0.906600 0.894300
vt 0.917500 0.890600
vt 0.914300 0.877400
vt 0.904500 0.905700
vt 0.896500 0.923100
vt 0.895700 0.922000
vt 0.893800 0.926900
vt 0.889200 0.939300
vt 0.898700 0.935600
vt 0.877800 0.921200
vt 0.891400 0.923700
vt 0.890600 0.924800
vt 0.855800 0.920100
vt 0.878400 0.924900
vt 0.876100 0.928300
vt 0.831600 0.920200
vt 0.813300 0.920100
vt 0.799700 0.920100
vt 0.805100 0.927500
vt 0.798200 0.921400
vt 0.798300 0.920100
vt 0.798000 0.914800
vt 0.794300 0.914800
vt 0.790400 0.915900
vt 0.793200 0.887000
vt 0.794100 0.864600
vt 0.795300 0.848600
vt 0.795600 0.833500
vt 0.802200 0.818300
vt 0.800500 0.818200
vt 0.807100 0.816900
vt 0.814800 0.816000
vt 0.791700 0.833600
vt 0.795800 0.823900
vt 0.791000 0.825900
vt 0.827700 0.818200
vt 0.839900 0.814400
vt 0.856500 0.812300
vt 0.857100 0.801400
vt 0.842800 0.803300
vt 0.882100 0.815500
vt 0.893700 0.815500
vt 0.904200 0.831700
vt 0.904000 0.841400
vt 0.897500 0.864500
vt 0.913800 0.872100
vt 0.916100 0.864900
vt 0.899900 0.855600
vt 0.917500 0.859200
vt 0.916200 0.841000
vt 0.916500 0.850000
vt 0.881600 0.806100
vt 0.813000 0.928300
vt 0.831600 0.929100
vt 0.783000 0.915000
vt 0.786300 0.897800
vt 0.855300 0.928000
vt 0.915600 0.904500
vt 0.878000 0.940600
vt 0.860000 0.946900
vt 0.830600 0.946700
vt 0.764800 0.914000
vt 0.765000 0.896200
vt 0.785200 0.882900
vt 0.768400 0.879500
vt 0.788200 0.864700
vt 0.772300 0.863900
vt 0.790600 0.847500
vt 0.783400 0.827300
vt 0.783300 0.835500
vt 0.828700 0.806500
vt 0.815400 0.807800
vt 0.777300 0.845400
vt 0.822000 0.798100
vt 0.651600 0.832900
vt 0.663300 0.834900
vt 0.661200 0.826200
vt 0.649200 0.824300
vt 0.652500 0.846700
vt 0.664800 0.847200
vt 0.681600 0.834500
vt 0.679800 0.824800
vt 0.702000 0.835400
vt 0.701500 0.824800
vt 0.716100 0.835400
vt 0.716400 0.824900
vt 0.715800 0.847500
vt 0.702100 0.848200
vt 0.682300 0.848000
vt 0.653200 0.862000
vt 0.666100 0.863300
vt 0.682500 0.864800
vt 0.654300 0.879100
vt 0.666300 0.878200
vt 0.702500 0.864300
vt 0.717500 0.862800
vt 0.666600 0.894800
vt 0.655200 0.896000
vt 0.682600 0.878900
vt 0.704000 0.878900
vt 0.718400 0.878400
vt 0.683000 0.894300
vt 0.704800 0.894400
vt 0.719300 0.894100
vt 0.655700 0.906600
vt 0.663100 0.906800
vt 0.682400 0.905700
vt 0.704400 0.904000
vt 0.719500 0.903700
vt 0.678600 0.915700
vt 0.705000 0.916000
vt 0.720800 0.913900
vt 0.732300 0.833500
vt 0.733200 0.822200
vt 0.741000 0.820600
vt 0.730300 0.848000
vt 0.732000 0.863700
vt 0.733400 0.880000
vt 0.734300 0.894600
vt 0.733900 0.904500
vt 0.737800 0.913500
vt 0.742300 0.914900
vt 0.744800 0.915100
vt 0.742200 0.908000
vt 0.744200 0.916400
vt 0.743100 0.897500
vt 0.744600 0.882200
vt 0.743800 0.865700
vt 0.742400 0.848400
vt 0.743800 0.835300
vt 0.743600 0.821300
vt 0.747000 0.834400
vt 0.750600 0.847400
vt 0.752700 0.865100
vt 0.759500 0.864500
vt 0.755200 0.846900
vt 0.751900 0.882100
vt 0.758800 0.880900
vt 0.750600 0.897800
vt 0.753900 0.896700
vt 0.747600 0.907500
vt 0.754200 0.907000
vt 0.751200 0.911500
vt 0.745600 0.917400
vt 0.744600 0.917900
vt 0.735500 0.922300
vt 0.740900 0.923900
vt 0.742700 0.918100
vt 0.720300 0.923600
vt 0.726700 0.927300
vt 0.737900 0.928200
vt 0.704900 0.923000
vt 0.704600 0.926100
vt 0.677900 0.922900
vt 0.646500 0.918900
vt 0.658400 0.915200
vt 0.659600 0.923800
vt 0.651100 0.922500
vt 0.648000 0.920000
vt 0.641800 0.908000
vt 0.642600 0.917700
vt 0.645800 0.919800
vt 0.645400 0.900600
vt 0.644300 0.881300
vt 0.643200 0.863700
vt 0.643600 0.847800
vt 0.643900 0.831900
vt 0.644600 0.821300
vt 0.660400 0.817800
vt 0.644900 0.820100
vt 0.679300 0.817100
vt 0.701700 0.817100
vt 0.715300 0.817400
vt 0.732200 0.817900
vt 0.742500 0.818200
vt 0.741000 0.818100
vt 0.745100 0.823500
vt 0.749400 0.833600
vt 0.737800 0.813700
vt 0.732600 0.814100
vt 0.742800 0.815200
vt 0.741400 0.812900
vt 0.737600 0.802300
vt 0.730000 0.802500
vt 0.716800 0.812900
vt 0.716300 0.802500
vt 0.701300 0.812200
vt 0.699700 0.803700
vt 0.679900 0.812500
vt 0.678100 0.804700
vt 0.654500 0.815500
vt 0.641800 0.824900
vt 0.634500 0.823700
vt 0.639400 0.832800
vt 0.658600 0.805800
vt 0.629500 0.833500
vt 0.635500 0.848800
vt 0.628300 0.850800
vt 0.637700 0.862900
vt 0.627900 0.867700
vt 0.638900 0.881100
vt 0.626500 0.881200
vt 0.639500 0.896200
vt 0.637800 0.908400
vt 0.634500 0.915100
vt 0.624600 0.908000
vt 0.631600 0.898200
vt 0.680400 0.926600
vt 0.669600 0.930600
vt 0.672800 0.933000
vt 0.621800 0.905200
vt 0.567700 0.822300
vt 0.571400 0.835900
vt 0.584400 0.824800
vt 0.583800 0.822300
vt 0.580700 0.841300
vt 0.563600 0.858000
vt 0.579500 0.858900
vt 0.559200 0.878500
vt 0.577700 0.878300
vt 0.579000 0.895900
vt 0.562200 0.897400
vt 0.568200 0.915700
vt 0.581500 0.916900
vt 0.573800 0.927300
vt 0.584500 0.928400
vt 0.525900 0.835800
vt 0.550300 0.836000
vt 0.552800 0.823300
vt 0.525500 0.823100
vt 0.497800 0.825300
vt 0.499000 0.837100
vt 0.471500 0.826300
vt 0.474200 0.837700
vt 0.459500 0.836900
vt 0.457000 0.826900
vt 0.545700 0.855600
vt 0.543300 0.879600
vt 0.546000 0.899100
vt 0.550000 0.915400
vt 0.555300 0.929100
vt 0.499900 0.853000
vt 0.526100 0.854900
vt 0.478600 0.852100
vt 0.464400 0.852800
vt 0.526100 0.878800
vt 0.500900 0.878500
vt 0.528800 0.901400
vt 0.531900 0.917900
vt 0.534900 0.930700
vt 0.481300 0.878000
vt 0.504200 0.901800
vt 0.507100 0.919400
vt 0.509700 0.932800
vt 0.465600 0.878200
vt 0.483900 0.901600
vt 0.467600 0.902300
vt 0.484300 0.920500
vt 0.488100 0.933100
vt 0.468400 0.922800
vt 0.468500 0.934500
vt 0.454700 0.933900
vt 0.456300 0.920200
vt 0.454400 0.900700
vt 0.452800 0.877500
vt 0.451600 0.852700
vt 0.447900 0.837400
vt 0.442200 0.829200
vt 0.470600 0.943400
vt 0.490100 0.942200
vt 0.511900 0.941200
vt 0.536800 0.938300
vt 0.557500 0.935600
vt 0.576900 0.933900
vt 0.586200 0.937500
vt 0.444200 0.932500
vt 0.443200 0.919600
vt 0.440600 0.900600
vt 0.439900 0.876800
vt 0.439800 0.851400
vt 0.439800 0.839500
vt 0.440100 0.831500
vt 0.434800 0.825500
vt 0.433500 0.840300
vt 0.433600 0.850700
vt 0.433000 0.876800
vt 0.433600 0.900700
vt 0.435500 0.918900
vt 0.435300 0.932600
vt 0.436200 0.945200
vt 0.437000 0.946300
vt 0.434900 0.825200
vt 0.425200 0.823500
vt 0.412800 0.820400
vt 0.412800 0.822300
vt 0.412700 0.825000
vt 0.411800 0.828300
vt 0.421700 0.839400
vt 0.411200 0.832100
vt 0.411200 0.834500
vt 0.411000 0.838200
vt 0.420800 0.852200
vt 0.411300 0.849500
vt 0.411300 0.852900
vt 0.411200 0.846600
vt 0.411400 0.856200
vt 0.418000 0.858100
vt 0.411600 0.857900
vt 0.418100 0.861200
vt 0.411700 0.859700
vt 0.411700 0.861500
vt 0.411700 0.863600
vt 0.410900 0.871100
vt 0.415900 0.870900
vt 0.417200 0.863900
vt 0.420400 0.876500
vt 0.419100 0.900600
vt 0.410600 0.880300
vt 0.420300 0.920400
vt 0.410500 0.895900
vt 0.411900 0.920900
vt 0.412600 0.929500
vt 0.424600 0.936400
vt 0.413300 0.937300
vt 0.413900 0.939900
vt 0.414800 0.944200
vt 0.426600 0.947100
vt 0.414200 0.946300
vt 0.413900 0.949800
vt 0.452900 0.818300
vt 0.470000 0.817300
vt 0.496900 0.816400
vt 0.524600 0.815200
vt 0.553000 0.814500
vt 0.569700 0.814600
vt 0.457200 0.949200
vt 0.448700 0.958800
vt 0.459100 0.958800
vt 0.472000 0.950900
vt 0.473100 0.959000
vt 0.492200 0.951900
vt 0.493800 0.958700
vt 0.513800 0.950200
vt 0.516800 0.959500
vt 0.539600 0.950000
vt 0.541900 0.957700
vt 0.559600 0.949100
vt 0.560900 0.956500
vt 0.575700 0.944900
vt 0.583500 0.944000
vt 0.588700 0.941700
vt 0.441100 0.954800
vt 0.427900 0.949600
vt 0.431900 0.956400
vt 0.414700 0.952300
vt 0.416700 0.953800
vt 0.441000 0.814800
vt 0.428700 0.822300
vt 0.424600 0.820600
vt 0.419700 0.819600
vt 0.413500 0.818300
vt 0.429100 0.811900
vt 0.450600 0.811400
vt 0.437800 0.812800
vt 0.445000 0.802900
vt 0.470400 0.810600
vt 0.470000 0.798300
vt 0.496700 0.810000
vt 0.497000 0.795300
vt 0.525200 0.808500
vt 0.527300 0.794300
vt 0.554500 0.808300
vt 0.554400 0.791200
vt 0.570200 0.807600
vt 0.570900 0.796400
vt 0.574000 0.810000
vt 0.576400 0.803500
vt 0.589800 0.859200
vt 0.588500 0.841000
vt 0.590700 0.878100
vt 0.591200 0.895100
vt 0.591200 0.918200
vt 0.592000 0.928600
vt 0.590800 0.940400
vt 0.607700 0.935000
vt 0.597900 0.927000
vt 0.616200 0.938000
vt 0.615900 0.934800
vt 0.617100 0.930900
vt 0.617400 0.927300
vt 0.607300 0.917900
vt 0.617200 0.923300
vt 0.617200 0.915100
vt 0.604900 0.896300
vt 0.616500 0.895800
vt 0.616600 0.891900
vt 0.616500 0.904100
vt 0.616100 0.885700
vt 0.603400 0.878700
vt 0.615300 0.881700
vt 0.616000 0.878600
vt 0.604200 0.860400
vt 0.615000 0.868400
vt 0.616000 0.864400
vt 0.615800 0.857500
vt 0.615700 0.850400
vt 0.601600 0.839700
vt 0.615600 0.845600
vt 0.615300 0.841400
vt 0.614500 0.837400
vt 0.614400 0.833500
vt 0.586100 0.819600
vt 0.581200 0.813300
vt 0.588100 0.820000
vt 0.602800 0.817900
vt 0.612700 0.820200
vt 0.590700 0.818200
vt 0.583800 0.808300
vt 0.596900 0.816000
vt 0.591500 0.805800
vt 0.602600 0.816700
vt 0.599100 0.807400
vt 0.612000 0.816500
vt 0.610100 0.809700
vt 0.589000 0.948100
vt 0.605300 0.942300
vt 0.614800 0.943400
vt 0.599800 0.948800
vt 0.585200 0.950000
vt 0.576900 0.957100
vt 0.587600 0.959100
vt 0.610000 0.951500
vt 0.616000 0.876300
vt 0.615700 0.872600
vt 0.615100 0.871300
vt 0.612300 0.884700
vt 0.856300 0.080200
vt 0.880300 0.080400
vt 0.880100 0.075700
vt 0.855600 0.075500
vt 0.821700 0.081800
vt 0.822000 0.076800
vt 0.791200 0.080800
vt 0.791700 0.075500
vt 0.780000 0.079600
vt 0.780700 0.074200
vt 0.770300 0.074200
vt 0.770200 0.079300
vt 0.755000 0.072100
vt 0.755200 0.077900
vt 0.910500 0.080000
vt 0.910600 0.074100
vt 0.913000 0.079900
vt 0.911200 0.085100
vt 0.913100 0.084400
vt 0.913000 0.089800
vt 0.911200 0.089900
vt 0.881800 0.086200
vt 0.881500 0.090900
vt 0.857400 0.085200
vt 0.821600 0.086200
vt 0.790800 0.086000
vt 0.778700 0.086000
vt 0.769300 0.084700
vt 0.754400 0.082400
vt 0.857700 0.090700
vt 0.820500 0.091600
vt 0.790700 0.092200
vt 0.779700 0.090500
vt 0.768300 0.090900
vt 0.753600 0.087900
vt 0.912500 0.142200
vt 0.915000 0.142700
vt 0.882800 0.141600
vt 0.858800 0.142400
vt 0.821400 0.141400
vt 0.790000 0.138800
vt 0.778300 0.136300
vt 0.763900 0.133600
vt 0.749300 0.131000
vt 0.911700 0.232800
vt 0.914900 0.233200
vt 0.884200 0.231700
vt 0.861600 0.229900
vt 0.824800 0.227500
vt 0.791200 0.225400
vt 0.777200 0.221500
vt 0.758300 0.218700
vt 0.742800 0.232700
vt 0.910100 0.316100
vt 0.915300 0.315500
vt 0.883400 0.316100
vt 0.860600 0.315300
vt 0.824800 0.314000
vt 0.791600 0.313700
vt 0.776000 0.313200
vt 0.759400 0.315900
vt 0.747800 0.314600
vt 0.909700 0.397200
vt 0.913900 0.397000
vt 0.881400 0.397300
vt 0.860300 0.398000
vt 0.826800 0.399000
vt 0.794800 0.399200
vt 0.777400 0.400000
vt 0.764300 0.397700
vt 0.751000 0.396400
vt 0.879600 0.426600
vt 0.908700 0.427800
vt 0.859700 0.425700
vt 0.826900 0.425700
vt 0.793300 0.425600
vt 0.780500 0.425500
vt 0.764200 0.423800
vt 0.751000 0.423200
vt 0.912200 0.428000
vt 0.908100 0.437000
vt 0.911700 0.438000
vt 0.877000 0.438000
vt 0.858000 0.437000
vt 0.828100 0.436800
vt 0.790000 0.437000
vt 0.779900 0.437700
vt 0.764900 0.435700
vt 0.752900 0.434800
vt 0.908400 0.442500
vt 0.877300 0.441700
vt 0.857900 0.441000
vt 0.828300 0.441200
vt 0.790400 0.441700
vt 0.781400 0.442400
vt 0.764400 0.440500
vt 0.753600 0.439200
vt 0.745100 0.436400
vt 0.744200 0.431400
vt 0.911100 0.443100
vt 0.876600 0.445500
vt 0.908000 0.446700
vt 0.857900 0.445300
vt 0.828200 0.445200
vt 0.791200 0.446900
vt 0.782400 0.447100
vt 0.764800 0.445400
vt 0.754800 0.442900
vt 0.746400 0.441700
vt 0.910600 0.447600
vt 0.874700 0.457200
vt 0.906600 0.458300
vt 0.856400 0.458800
vt 0.825600 0.458400
vt 0.791500 0.458700
vt 0.777700 0.457300
vt 0.765000 0.455700
vt 0.757100 0.453500
vt 0.748600 0.451200
vt 0.875200 0.472500
vt 0.903600 0.470800
vt 0.855600 0.472600
vt 0.825900 0.473700
vt 0.788700 0.470700
vt 0.776300 0.472000
vt 0.763900 0.466900
vt 0.759200 0.464600
vt 0.751100 0.462900
vt 0.871300 0.481600
vt 0.900800 0.478400
vt 0.856600 0.487700
vt 0.790600 0.483800
vt 0.823100 0.484200
vt 0.779400 0.483200
vt 0.765200 0.477400
vt 0.759500 0.475500
vt 0.758000 0.474900
vt 0.751000 0.471100
vt 0.757200 0.487800
vt 0.746500 0.486900
vt 0.756300 0.494200
vt 0.748900 0.481600
vt 0.759500 0.487200
vt 0.758200 0.494000
vt 0.760100 0.492800
vt 0.771000 0.489400
vt 0.767600 0.495100
vt 0.769200 0.495200
vt 0.771700 0.495300
vt 0.777700 0.489800
vt 0.775800 0.493900
vt 0.781500 0.492900
vt 0.776300 0.496300
vt 0.782200 0.492000
vt 0.780500 0.496900
vt 0.781300 0.498200
vt 0.789800 0.493200
vt 0.784800 0.498000
vt 0.787000 0.498400
vt 0.820900 0.490600
vt 0.822000 0.494300
vt 0.820200 0.492000
vt 0.819500 0.491800
vt 0.831100 0.495900
vt 0.832500 0.495900
vt 0.833700 0.491400
vt 0.834500 0.496900
vt 0.835300 0.491500
vt 0.850700 0.481500
vt 0.849600 0.490300
vt 0.849900 0.493000
vt 0.855300 0.493700
vt 0.869700 0.488700
vt 0.862800 0.494400
vt 0.864200 0.494100
vt 0.872000 0.495900
vt 0.878500 0.494100
vt 0.856400 0.489700
vt 0.866900 0.495100
vt 0.883100 0.491800
vt 0.881700 0.489100
vt 0.883600 0.492800
vt 0.886800 0.494600
vt 0.889300 0.489400
vt 0.899100 0.484200
vt 0.885400 0.487100
vt 0.846000 0.490300
vt 0.845500 0.495600
vt 0.850000 0.486500
vt 0.843300 0.490200
vt 0.843600 0.496300
vt 0.892900 0.495600
vt 0.880200 0.069200
vt 0.911000 0.069100
vt 0.855900 0.069500
vt 0.822100 0.070900
vt 0.791900 0.070500
vt 0.781200 0.069500
vt 0.770700 0.069400
vt 0.755400 0.067900
vt 0.770700 0.052200
vt 0.755200 0.053800
vt 0.781200 0.051600
vt 0.794400 0.051500
vt 0.820300 0.051900
vt 0.858800 0.054700
vt 0.878200 0.055100
vt 0.907300 0.055000
vt 0.902600 0.038200
vt 0.904300 0.028100
vt 0.901800 0.024900
vt 0.905300 0.026300
vt 0.885100 0.037400
vt 0.898600 0.024900
vt 0.889500 0.026200
vt 0.881000 0.027600
vt 0.880300 0.028100
vt 0.863400 0.040400
vt 0.868200 0.028800
vt 0.823500 0.037600
vt 0.800600 0.039600
vt 0.782900 0.036900
vt 0.773400 0.038800
vt 0.754300 0.043300
vt 0.753200 0.027800
vt 0.745000 0.029200
vt 0.753500 0.029300
vt 0.761700 0.026800
vt 0.764300 0.021500
vt 0.761600 0.024300
vt 0.768900 0.025800
vt 0.770600 0.021300
vt 0.777500 0.024100
vt 0.782300 0.027100
vt 0.776700 0.022700
vt 0.785200 0.029600
vt 0.780400 0.021300
vt 0.786000 0.019200
vt 0.791900 0.026700
vt 0.796100 0.025600
vt 0.788500 0.017400
vt 0.797900 0.011900
vt 0.803600 0.018900
vt 0.815600 0.023700
vt 0.815300 0.009600
vt 0.823300 0.024000
vt 0.822100 0.011800
vt 0.840800 0.025200
vt 0.829000 0.010000
vt 0.842500 0.016000
vt 0.848400 0.026200
vt 0.850000 0.017700
vt 0.855500 0.027800
vt 0.862000 0.028500
vt 0.854200 0.027200
vt 0.856400 0.019700
vt 0.863400 0.020600
vt 0.865800 0.028700
vt 0.867500 0.021000
vt 0.735300 0.315300
vt 0.734800 0.214800
vt 0.733200 0.216100
vt 0.732300 0.281000
vt 0.732700 0.317800
vt 0.740300 0.396000
vt 0.733700 0.399200
vt 0.743300 0.421400
vt 0.739000 0.424100
vt 0.741600 0.130900
vt 0.746300 0.033700
vt 0.743000 0.028000
vt 0.716300 0.030300
vt 0.748800 0.046300
vt 0.743800 0.044400
vt 0.747900 0.059200
vt 0.741600 0.054400
vt 0.747700 0.066800
vt 0.741600 0.062900
vt 0.747500 0.071400
vt 0.741700 0.067600
vt 0.747100 0.078100
vt 0.742500 0.075800
vt 0.746500 0.082700
vt 0.743100 0.080500
vt 0.745900 0.088100
vt 0.736400 0.130300
vt 0.738200 0.085100
vt 0.816100 0.494600
vt 0.793100 0.498500
vt 0.801700 0.498600
vt 0.910500 0.029200
vt 0.909800 0.025300
vt 0.911000 0.039100
vt 0.916100 0.031800
vt 0.914400 0.039700
vt 0.912100 0.055500
vt 0.912500 0.052500
vt 0.912900 0.069000
vt 0.913000 0.074100
vt 0.913200 0.067300
vt 0.903700 0.485300
vt 0.898900 0.500700
vt 0.902500 0.493400
vt 0.893800 0.497400
vt 0.911100 0.492100
vt 0.912700 0.490500
vt 0.909900 0.483100
vt 0.905700 0.476300
vt 0.909900 0.477000
vt 0.907000 0.469400
vt 0.908900 0.459400
vt 0.910500 0.473300
vt 0.025500 0.653400
vt 0.184400 0.652800
vt 0.183800 0.494600
vt 0.024800 0.495300
vt 0.022000 0.493800
vt 0.023400 0.654200
vt 0.025000 0.653900
vt 0.023700 0.495500
vt 0.184300 0.653900
vt 0.185800 0.654300
vt 0.396400 0.837600
vt 0.401300 0.835900
vt 0.398200 0.702100
vt 0.396500 0.669600
vt 0.184200 0.924600
vt 0.185900 0.922800
vt 0.023500 0.922900
vt 0.025100 0.924700
vt 0.403600 0.835500
vt 0.400600 0.701300
vt 0.025200 0.925800
vt 0.184200 0.925700
vt 0.185800 0.868800
vt 0.023400 0.868800
vt 0.185800 0.708300
vt 0.023400 0.708300
vt 0.359400 0.648500
vt 0.304200 0.648900
vt 0.359600 0.691500
vt 0.359400 0.651800
vt 0.304500 0.691900
vt 0.203200 0.849900
vt 0.199900 0.693500
vt 0.196100 0.695500
vt 0.198200 0.853400
vt 0.229300 0.840800
vt 0.226600 0.835300
vt 0.225600 0.889300
vt 0.228600 0.887100
vt 0.195200 0.486800
vt 0.196100 0.645600
vt 0.198400 0.646000
vt 0.197400 0.490300
vt 0.232900 0.883500
vt 0.232600 0.887200
vt 0.201600 0.646100
vt 0.201200 0.491500
vt 0.203300 0.648900
vt 0.204800 0.492700
vt 0.334400 0.841600
vt 0.332000 0.749000
vt 0.331300 0.748200
vt 0.305700 0.747000
vt 0.305200 0.494000
vt 0.306200 0.491900
vt 0.334300 0.881000
vt 0.304600 0.593500
vt 0.308100 0.592600
vt 0.392500 0.879400
vt 0.392700 0.838900
vt 0.365900 0.591100
vt 0.364000 0.491000
vt 0.331900 0.748100
vt 0.390800 0.752600
vt 0.361500 0.696300
vt 0.318000 0.697200
vt 0.391800 0.879800
vt 0.393900 0.889600
vt 0.364200 0.491000
vt 0.376300 0.648400
vt 0.373300 0.488000
vt 0.363800 0.647900
vt 0.446100 0.041700
vt 0.447000 0.053900
vt 0.455000 0.053500
vt 0.454700 0.040400
vt 0.454400 0.027500
vt 0.444400 0.028900
vt 0.297900 0.052300
vt 0.296800 0.039700
vt 0.292100 0.024600
vt 0.075300 0.036900
vt 0.072800 0.053000
vt 0.068600 0.036600
vt 0.067200 0.053400
vt 0.076500 0.027700
vt 0.069600 0.025100
vt 0.446000 0.065900
vt 0.455100 0.066300
vt 0.294700 0.067400
vt 0.073700 0.065300
vt 0.067400 0.066600
vt 0.066000 0.067700
vt 0.070400 0.072300
vt 0.062100 0.054900
vt 0.061500 0.035600
vt 0.065000 0.024700
vt 0.064500 0.076500
vt 0.051900 0.077100
vt 0.053600 0.067600
vt 0.035100 0.068100
vt 0.033600 0.075900
vt 0.024600 0.070400
vt 0.026200 0.075500
vt 0.050900 0.225700
vt 0.061100 0.225900
vt 0.035000 0.226000
vt 0.022700 0.226400
vt 0.051800 0.415800
vt 0.061300 0.416100
vt 0.036700 0.415100
vt 0.022400 0.416500
vt 0.061800 0.423700
vt 0.051900 0.423600
vt 0.038700 0.422000
vt 0.021500 0.421400
vt 0.057400 0.433500
vt 0.064700 0.433400
vt 0.065600 0.425500
vt 0.065000 0.446700
vt 0.055300 0.447400
vt 0.062300 0.463800
vt 0.067200 0.462000
vt 0.066800 0.421100
vt 0.066500 0.415900
vt 0.065800 0.225900
vt 0.069900 0.077200
vt 0.074600 0.068500
vt 0.075400 0.073700
vt 0.294700 0.071100
vt 0.445300 0.071200
vt 0.453600 0.072200
vt 0.460700 0.071000
vt 0.469400 0.063400
vt 0.469600 0.070800
vt 0.483200 0.071400
vt 0.483400 0.063700
vt 0.493100 0.072300
vt 0.496800 0.066900
vt 0.072200 0.225900
vt 0.294600 0.076500
vt 0.445300 0.076500
vt 0.454400 0.078800
vt 0.460600 0.078100
vt 0.471800 0.077900
vt 0.483900 0.078600
vt 0.493600 0.079300
vt 0.072200 0.417000
vt 0.287800 0.219200
vt 0.443500 0.218800
vt 0.458000 0.219000
vt 0.469200 0.218600
vt 0.483700 0.219300
vt 0.497000 0.218300
vt 0.469200 0.412200
vt 0.482100 0.412500
vt 0.494000 0.411800
vt 0.466800 0.425000
vt 0.479600 0.420900
vt 0.493200 0.423200
vt 0.479900 0.425100
vt 0.494900 0.426100
vt 0.466400 0.427300
vt 0.452900 0.429500
vt 0.458000 0.424400
vt 0.452200 0.437500
vt 0.460200 0.440900
vt 0.459200 0.454700
vt 0.453200 0.454200
vt 0.447700 0.467500
vt 0.452600 0.468500
vt 0.287300 0.421000
vt 0.074100 0.421600
vt 0.443100 0.428800
vt 0.444300 0.434700
vt 0.288200 0.426500
vt 0.072700 0.425400
vt 0.442200 0.422700
vt 0.457800 0.412400
vt 0.450500 0.421300
vt 0.450500 0.218200
vt 0.071100 0.433700
vt 0.289600 0.433400
vt 0.442400 0.450200
vt 0.440300 0.465900
vt 0.289400 0.440200
vt 0.072000 0.444900
vt 0.075500 0.462300
vt 0.287600 0.468100
vt 0.447900 0.016000
vt 0.438200 0.017400
vt 0.291400 0.013200
vt 0.083400 0.016100
vt 0.076200 0.013300
vt 0.071500 0.012400
vt 0.012700 0.076900
vt 0.014200 0.081800
vt 0.010800 0.227200
vt 0.010500 0.410300
vt 0.009600 0.415100
vt 0.068800 0.475900
vt 0.073600 0.473700
vt 0.505000 0.077600
vt 0.509500 0.072400
vt 0.505300 0.085200
vt 0.508400 0.219700
vt 0.505500 0.406100
vt 0.504600 0.417400
vt 0.506800 0.420100
vt 0.441900 0.478900
vt 0.446800 0.480500
vt 0.434200 0.477200
vt 0.082200 0.473700
vt 0.286800 0.479200
vt 0.431200 0.975500
vt 0.431200 0.990000
vt 0.533600 0.990000
vt 0.533600 0.975500
vt 0.536200 0.990000
vt 0.536200 0.975500
vt 0.538700 0.975500
vt 0.538700 0.990000
vt 0.541100 0.990000
vt 0.541100 0.975500
vt 0.543400 0.990000
vt 0.543400 0.975500
vt 0.545800 0.975500
vt 0.545800 0.990000
vt 0.548100 0.990000
vt 0.548100 0.975500
vt 0.550600 0.990000
vt 0.550600 0.975500
vt 0.653800 0.990000
vt 0.653800 0.975500
vt 0.656200 0.975500
vt 0.656200 0.990000
vt 0.658600 0.975500
vt 0.658600 0.990000
vt 0.660900 0.990000
vt 0.660900 0.975500
vt 0.663300 0.990000
vt 0.663300 0.975500
vt 0.665700 0.990000
vt 0.665700 0.975500
vt 0.668200 0.990000
vt 0.668200 0.975500
vt 0.670700 0.990000
vt 0.670700 0.975500
vt 0.773200 0.990000
vt 0.773200 0.975500
vt 0.775700 0.975500
vt 0.775700 0.990000
vt 0.778200 0.990000
vt 0.778200 0.975500
vt 0.780600 0.990000
vt 0.780600 0.975500
vt 0.783000 0.990000
vt 0.783000 0.975500
vt 0.785300 0.990000
vt 0.785300 0.975500
vt 0.787700 0.975500
vt 0.787700 0.990000
vt 0.790100 0.990000
vt 0.790100 0.975500
vt 0.311000 0.990000
vt 0.414300 0.990000
vt 0.414300 0.975500
vt 0.311000 0.975500
vt 0.416700 0.975500
vt 0.416700 0.990000
vt 0.419000 0.990000
vt 0.419000 0.975500
vt 0.421400 0.990000
vt 0.421400 0.975500
vt 0.423800 0.990000
vt 0.423800 0.975500
vt 0.426200 0.990000
vt 0.426200 0.975500
vt 0.428600 0.990000
vt 0.428600 0.975500
vt 0.948900 0.029600
vt 0.943100 0.028500
vt 0.937400 0.038900
vt 0.946800 0.041100
vt 0.931100 0.051700
vt 0.944600 0.054300
vt 0.942700 0.069600
vt 0.925800 0.067700
vt 0.924600 0.077600
vt 0.942400 0.077900
vt 0.925700 0.085300
vt 0.942700 0.084100
vt 0.943500 0.090000
vt 0.928300 0.092400
vt 0.938400 0.111100
vt 0.946900 0.110000
vt 0.958500 0.041100
vt 0.956400 0.029600
vt 0.960700 0.054300
vt 0.962600 0.069600
vt 0.962900 0.077900
vt 0.962600 0.084100
vt 0.961700 0.090000
vt 0.958400 0.110000
vt 0.962200 0.028500
vt 0.967800 0.038900
vt 0.974100 0.051700
vt 0.979500 0.067700
vt 0.980600 0.077600
vt 0.979600 0.085300
vt 0.977000 0.092400
vt 0.966900 0.111100
vt 0.951200 0.132900
vt 0.945400 0.131800
vt 0.939700 0.142200
vt 0.949100 0.144400
vt 0.933400 0.155000
vt 0.946900 0.157600
vt 0.928100 0.171000
vt 0.945000 0.173000
vt 0.944600 0.181200
vt 0.926900 0.180900
vt 0.945000 0.187400
vt 0.928000 0.188600
vt 0.930600 0.195700
vt 0.945800 0.193300
vt 0.940700 0.214400
vt 0.949200 0.213300
vt 0.960800 0.144400
vt 0.958700 0.132900
vt 0.963000 0.157600
vt 0.964800 0.173000
vt 0.965200 0.181200
vt 0.964900 0.187400
vt 0.964000 0.193300
vt 0.960700 0.213300
vt 0.970100 0.142200
vt 0.964500 0.131800
vt 0.976400 0.155000
vt 0.981800 0.171000
vt 0.982900 0.180900
vt 0.981900 0.188600
vt 0.979300 0.195700
vt 0.969200 0.214400
vt 0.951000 0.326100
vt 0.945200 0.324900
vt 0.939500 0.335400
vt 0.948900 0.337600
vt 0.946600 0.350800
vt 0.933200 0.348100
vt 0.927900 0.364200
vt 0.944800 0.366100
vt 0.944400 0.374400
vt 0.926700 0.374000
vt 0.927700 0.381700
vt 0.944800 0.380600
vt 0.930400 0.388800
vt 0.945600 0.386400
vt 0.940500 0.407600
vt 0.949000 0.406500
vt 0.960500 0.337600
vt 0.958500 0.326100
vt 0.962800 0.350800
vt 0.964600 0.366100
vt 0.965000 0.374400
vt 0.964600 0.380600
vt 0.963800 0.386400
vt 0.960500 0.406500
vt 0.969900 0.335400
vt 0.964400 0.324900
vt 0.976200 0.348100
vt 0.981600 0.364100
vt 0.982700 0.374000
vt 0.981700 0.381700
vt 0.979100 0.388800
vt 0.969000 0.407600
vt 0.941600 0.437500
vt 0.951000 0.439700
vt 0.952900 0.428200
vt 0.947100 0.427100
vt 0.935300 0.450300
vt 0.948700 0.452900
vt 0.946900 0.468300
vt 0.929900 0.466300
vt 0.928800 0.476200
vt 0.946500 0.476500
vt 0.929800 0.483900
vt 0.946900 0.482700
vt 0.932400 0.491000
vt 0.947700 0.488600
vt 0.942500 0.509700
vt 0.951000 0.508600
vt 0.962600 0.439700
vt 0.960500 0.428200
vt 0.964900 0.452900
vt 0.966700 0.468300
vt 0.967100 0.476500
vt 0.966700 0.482700
vt 0.965900 0.488600
vt 0.962500 0.508600
vt 0.972000 0.437500
vt 0.966300 0.427100
vt 0.978300 0.450300
vt 0.983600 0.466300
vt 0.984800 0.476200
vt 0.983800 0.483900
vt 0.981100 0.491000
vt 0.971000 0.509700
vt 0.949500 0.228400
vt 0.943800 0.227300
vt 0.938100 0.237700
vt 0.947500 0.239900
vt 0.945200 0.253100
vt 0.931800 0.250500
vt 0.926500 0.266500
vt 0.943400 0.268500
vt 0.925300 0.276400
vt 0.943000 0.276700
vt 0.926400 0.284100
vt 0.943400 0.282900
vt 0.929000 0.291200
vt 0.944200 0.288800
vt 0.939100 0.310000
vt 0.947600 0.308800
vt 0.959100 0.239900
vt 0.957100 0.228500
vt 0.961400 0.253100
vt 0.963200 0.268500
vt 0.963600 0.276700
vt 0.963300 0.282900
vt 0.962400 0.288800
vt 0.959100 0.308800
vt 0.968500 0.237700
vt 0.962800 0.227300
vt 0.974800 0.250500
vt 0.980200 0.266500
vt 0.981300 0.276400
vt 0.980300 0.284100
vt 0.977700 0.291200
vt 0.967600 0.310000
vt 0.935800 0.038200
vt 0.941700 0.028200
vt 0.941200 0.027900
vt 0.935400 0.037700
vt 0.928500 0.050400
vt 0.929000 0.050900
vt 0.922600 0.066700
vt 0.923300 0.067100
vt 0.921300 0.077500
vt 0.922000 0.077500
vt 0.923200 0.085900
vt 0.922600 0.086300
vt 0.925500 0.093900
vt 0.925900 0.093300
vt 0.936400 0.111400
vt 0.935400 0.111900
vt 0.963500 0.028200
vt 0.969500 0.038200
vt 0.969900 0.037700
vt 0.964100 0.027900
vt 0.976200 0.050900
vt 0.976800 0.050400
vt 0.982000 0.067100
vt 0.982700 0.066700
vt 0.983300 0.077500
vt 0.984000 0.077500
vt 0.982100 0.085900
vt 0.982700 0.086300
vt 0.979400 0.093300
vt 0.979800 0.093800
vt 0.968900 0.111400
vt 0.969900 0.111900
vt 0.965800 0.131500
vt 0.971800 0.141500
vt 0.972200 0.141000
vt 0.966400 0.131200
vt 0.978500 0.154200
vt 0.979100 0.153700
vt 0.984300 0.170400
vt 0.985000 0.170000
vt 0.985600 0.180800
vt 0.986300 0.180800
vt 0.984400 0.189200
vt 0.985000 0.189600
vt 0.981700 0.196600
vt 0.982100 0.197100
vt 0.971200 0.214700
vt 0.972200 0.215200
vt 0.971900 0.334100
vt 0.965700 0.324500
vt 0.965100 0.324800
vt 0.971500 0.334600
vt 0.978300 0.347300
vt 0.978800 0.346800
vt 0.984100 0.363500
vt 0.984700 0.363100
vt 0.985300 0.374000
vt 0.986100 0.374000
vt 0.984200 0.382400
vt 0.984700 0.382800
vt 0.981500 0.389700
vt 0.981900 0.390300
vt 0.971000 0.407900
vt 0.971900 0.408300
vt 0.973600 0.436800
vt 0.974100 0.436300
vt 0.968200 0.426500
vt 0.967700 0.426800
vt 0.980400 0.449500
vt 0.980900 0.449000
vt 0.986200 0.465700
vt 0.986800 0.465300
vt 0.987400 0.476100
vt 0.988200 0.476100
vt 0.986200 0.484500
vt 0.986800 0.484900
vt 0.983500 0.491900
vt 0.984000 0.492500
vt 0.973100 0.510000
vt 0.974000 0.510500
vt 0.970100 0.237000
vt 0.964200 0.227000
vt 0.970600 0.236500
vt 0.964800 0.226700
vt 0.976900 0.249700
vt 0.977400 0.249200
vt 0.982700 0.265900
vt 0.983400 0.265500
vt 0.983900 0.276400
vt 0.984700 0.276400
vt 0.982800 0.284700
vt 0.983400 0.285100
vt 0.980100 0.292100
vt 0.980500 0.292700
vt 0.969600 0.310200
vt 0.970500 0.310700
vt 0.944000 0.131500
vt 0.938100 0.141500
vt 0.943500 0.131200
vt 0.937600 0.141000
vt 0.931300 0.154200
vt 0.930800 0.153700
vt 0.924900 0.170000
vt 0.925500 0.170400
vt 0.923600 0.180800
vt 0.924300 0.180800
vt 0.925500 0.189200
vt 0.924900 0.189600
vt 0.928200 0.196600
vt 0.927800 0.197200
vt 0.938600 0.214700
vt 0.937700 0.215200
vt 0.943800 0.324600
vt 0.937900 0.334600
vt 0.937400 0.334100
vt 0.943200 0.324300
vt 0.930600 0.346800
vt 0.931100 0.347300
vt 0.925300 0.363500
vt 0.924700 0.363100
vt 0.924100 0.374000
vt 0.923300 0.374000
vt 0.925200 0.382400
vt 0.924700 0.382800
vt 0.927900 0.389700
vt 0.927500 0.390300
vt 0.937500 0.408300
vt 0.938400 0.407900
vt 0.946400 0.427000
vt 0.940000 0.436700
vt 0.945800 0.426700
vt 0.939600 0.436200
vt 0.932700 0.448900
vt 0.933200 0.449500
vt 0.926700 0.465300
vt 0.927400 0.465700
vt 0.925400 0.476100
vt 0.926200 0.476100
vt 0.926700 0.484900
vt 0.927300 0.484500
vt 0.929600 0.492500
vt 0.930000 0.491900
vt 0.939600 0.510500
vt 0.940500 0.510000
vt 0.942400 0.227000
vt 0.936500 0.237000
vt 0.941800 0.226700
vt 0.936000 0.236500
vt 0.929200 0.249200
vt 0.929700 0.249700
vt 0.923300 0.265500
vt 0.923900 0.265900
vt 0.922700 0.276400
vt 0.922000 0.276400
vt 0.923300 0.285100
vt 0.923900 0.284700
vt 0.926200 0.292700
vt 0.926600 0.292100
vt 0.936100 0.310700
vt 0.937000 0.310200
vt 0.707700 0.549800
vt 0.717200 0.548400
vt 0.713300 0.542200
vt 0.704400 0.543600
vt 0.696000 0.501900
vt 0.689500 0.502500
vt 0.688900 0.494300
vt 0.694000 0.494400
vt 0.690100 0.486700
vt 0.695300 0.487200
vt 0.700600 0.489500
vt 0.698700 0.497300
vt 0.718600 0.539600
vt 0.724600 0.547700
vt 0.722500 0.536400
vt 0.704200 0.498600
vt 0.730000 0.546300
vt 0.727500 0.532500
vt 0.735300 0.539600
vt 0.737700 0.541100
vt 0.733400 0.546700
vt 0.738700 0.547500
vt 0.740200 0.542700
vt 0.718200 0.557200
vt 0.724800 0.556700
vt 0.730600 0.556400
vt 0.718300 0.772700
vt 0.724000 0.774500
vt 0.737100 0.555500
vt 0.712500 0.771400
vt 0.708300 0.558200
vt 0.628500 0.551700
vt 0.629800 0.558200
vt 0.616000 0.508000
vt 0.614300 0.501000
vt 0.613200 0.494000
vt 0.569600 0.510900
vt 0.579700 0.558100
vt 0.567700 0.510900
vt 0.568900 0.503700
vt 0.564300 0.504500
vt 0.569000 0.498100
vt 0.562800 0.497900
vt 0.629600 0.565700
vt 0.582300 0.564800
vt 0.582200 0.570200
vt 0.625000 0.769500
vt 0.580100 0.769000
vt 0.706800 0.492900
vt 0.709000 0.487800
vt 0.713800 0.493800
vt 0.703100 0.485300
vt 0.698800 0.481300
vt 0.691300 0.481500
vt 0.705500 0.770700
vt 0.706500 0.472000
vt 0.708800 0.465600
vt 0.613300 0.487000
vt 0.568700 0.492400
vt 0.566100 0.491700
vt 0.563200 0.488100
vt 0.733500 0.528600
vt 0.615100 0.467100
vt 0.568500 0.470800
vt 0.564500 0.471800
vt 0.739900 0.533700
vt 0.470500 0.734900
vt 0.462900 0.776600
vt 0.553600 0.780000
vt 0.564500 0.742100
vt 0.426500 0.731700
vt 0.418400 0.774000
vt 0.742900 0.536200
vt 0.471200 0.725300
vt 0.567000 0.732900
vt 0.745100 0.539200
vt 0.568100 0.728300
vt 0.471100 0.720500
vt 0.568900 0.724000
vt 0.470700 0.714300
vt 0.745800 0.543300
vt 0.744400 0.548100
vt 0.741800 0.554700
vt 0.569600 0.719400
vt 0.470600 0.708000
vt 0.469200 0.698000
vt 0.569700 0.713800
vt 0.569500 0.705600
vt 0.468300 0.689400
vt 0.732100 0.776100
vt 0.560000 0.489000
vt 0.460500 0.493100
vt 0.429200 0.684200
vt 0.429200 0.695300
vt 0.430200 0.704500
vt 0.425300 0.704100
vt 0.425100 0.694700
vt 0.430000 0.711800
vt 0.425400 0.711100
vt 0.429000 0.717400
vt 0.428300 0.722700
vt 0.425100 0.718600
vt 0.414900 0.774000
vt 0.422500 0.730500
vt 0.424500 0.682600
vt 0.421400 0.494800
vt 0.416400 0.495100
s 1
usemtl BED_06
f 4/1/1 1/2/2 2/3/3
f 2/3/3 3/4/4 4/1/1
f 1/2/2 4/1/1 5/5/5
f 5/5/5 6/6/6 1/2/2
f 8/7/7 7/8/8 6/6/6
f 6/6/6 5/5/5 8/7/7
f 10/9/9 7/8/8 8/7/7
f 8/7/7 9/10/10 10/9/9
f 12/11/11 11/12/12 3/4/4
f 3/4/4 2/3/3 12/11/11
f 9/10/10 8/7/7 13/13/13
f 13/13/13 14/14/14 9/10/10
f 13/13/13 8/7/7 5/5/5
f 5/5/5 15/15/15 13/13/13
f 4/1/1 16/16/16 15/15/15
f 15/15/15 5/5/5 4/1/1
f 4/1/1 3/4/4 17/17/17
f 17/17/17 16/16/16 4/1/1
f 17/17/17 3/4/4 18/18/18
f 3/4/4 11/12/12 18/18/18
f 19/19/19 18/18/18 11/12/12
f 20/20/20 21/21/21 22/22/19
f 19/19/19 11/12/12 12/11/11
f 12/11/11 23/23/22 19/19/19
f 25/24/17 21/21/21 20/20/20
f 20/20/20 24/25/23 25/24/17
f 27/26/16 25/24/17 24/25/23
f 24/25/23 26/27/24 27/26/16
f 26/27/24 28/28/25 29/29/15
f 29/29/15 27/26/16 26/27/24
f 31/30/26 29/29/15 28/28/25
f 28/28/25 30/31/27 31/30/26
f 33/32/14 31/30/26 30/31/27
f 30/31/27 32/33/28 33/32/14
f 34/34/29 33/32/14 32/33/28
f 36/35/30 10/9/9 9/10/10
f 9/10/10 35/36/29 36/35/30
f 35/36/29 9/10/10 14/14/14
f 38/37/31 37/38/32 24/25/23
f 24/25/23 20/20/20 38/37/31
f 24/25/23 37/38/32 39/39/33
f 39/39/33 26/27/24 24/25/23
f 39/39/33 40/40/34 28/28/25
f 28/28/25 26/27/24 39/39/33
f 28/28/25 40/40/34 41/41/35
f 41/41/35 30/31/27 28/28/25
f 41/41/35 42/42/36 32/33/28
f 32/33/28 30/31/27 41/41/35
f 43/43/37 34/34/29 32/33/28
f 32/33/28 42/42/36 43/43/37
f 42/42/36 41/41/35 44/44/38
f 44/44/38 45/45/39 42/42/36
f 40/40/34 46/46/40 44/44/38
f 44/44/38 41/41/35 40/40/34
f 47/47/41 46/46/40 40/40/34
f 40/40/34 39/39/33 47/47/41
f 47/47/41 39/39/33 37/38/32
f 37/38/32 48/48/42 47/47/41
f 38/37/31 20/20/20 22/22/19
f 22/22/19 49/49/43 38/37/31
f 48/48/42 37/38/32 38/37/31
f 38/37/31 50/50/44 48/48/42
f 50/50/44 51/51/45 52/52/46
f 52/52/46 48/48/42 50/50/44
f 53/53/47 47/47/41 48/48/42
f 48/48/42 52/52/46 53/53/47
f 46/46/40 47/47/41 53/53/47
f 53/53/47 54/54/48 46/46/40
f 46/46/40 54/54/48 55/55/49
f 55/55/49 44/44/38 46/46/40
f 44/44/38 55/55/49 56/56/50
f 56/56/50 45/45/39 44/44/38
f 57/57/51 50/50/44 38/37/31
f 38/37/31 49/49/43 57/57/51
f 51/51/45 50/50/44 57/57/51
f 61/58/52 58/59/53 59/60/54
f 59/60/54 60/61/55 61/58/52
f 63/62/56 62/63/47 60/61/55
f 60/61/55 59/60/54 63/62/56
f 65/64/57 63/62/56 59/60/54
f 59/60/54 64/65/58 65/64/57
f 67/66/59 66/67/60 62/63/47
f 62/63/47 63/62/56 67/66/59
f 68/68/61 67/66/59 63/62/56
f 63/62/56 65/64/57 68/68/61
f 70/69/62 66/67/60 67/66/59
f 67/66/59 69/70/63 70/69/62
f 69/70/63 67/66/59 68/68/61
f 68/68/61 71/71/64 69/70/63
f 73/72/65 70/69/62 69/70/63
f 69/70/63 72/73/66 73/72/65
f 71/71/64 74/74/67 72/73/66
f 72/73/66 69/70/63 71/71/64
f 75/75/68 73/72/65 72/73/66
f 76/76/69 43/43/37 42/42/36
f 42/42/36 45/45/39 76/76/69
f 76/76/69 45/45/39 56/56/50
f 72/73/66 74/74/67 77/77/70
f 77/77/70 75/75/68 72/73/66
f 61/58/52 78/78/51 58/59/53
f 58/59/53 78/78/51 79/79/71
f 79/79/71 80/80/72 58/59/53
f 80/80/72 64/65/58 59/60/54
f 59/60/54 58/59/53 80/80/72
f 2/3/3 1/2/2 81/1/73
f 81/1/73 82/4/74 2/3/3
f 83/5/75 81/1/73 1/2/2
f 1/2/2 6/6/6 83/5/75
f 6/6/6 7/8/8 84/7/76
f 84/7/76 83/5/75 6/6/6
f 84/7/76 7/8/8 10/9/9
f 10/9/9 85/10/77 84/7/76
f 82/4/74 86/12/78 12/11/11
f 12/11/11 2/3/3 82/4/74
f 88/13/79 84/7/76 85/10/77
f 85/10/77 87/14/80 88/13/79
f 83/5/75 84/7/76 88/13/79
f 88/13/79 89/15/81 83/5/75
f 89/15/81 90/16/82 81/1/73
f 81/1/73 83/5/75 89/15/81
f 91/17/83 82/4/74 81/1/73
f 81/1/73 90/16/82 91/17/83
f 91/17/83 92/18/84 82/4/74
f 82/4/74 92/18/84 86/12/78
f 93/19/85 86/12/78 92/18/84
f 94/20/86 95/22/85 96/21/87
f 12/11/11 86/12/78 93/19/85
f 93/19/85 23/23/22 12/11/11
f 94/20/86 96/21/87 97/24/88
f 97/24/88 98/25/89 94/20/86
f 98/25/89 97/24/88 99/26/82
f 99/26/82 100/27/90 98/25/89
f 102/29/81 101/28/91 100/27/90
f 100/27/90 99/26/82 102/29/81
f 101/28/91 102/29/81 103/30/92
f 103/30/92 104/31/93 101/28/91
f 104/31/93 103/30/92 105/32/94
f 105/32/94 106/33/95 104/31/93
f 107/34/96 106/33/95 105/32/94
f 85/10/77 10/9/9 36/35/30
f 36/35/30 108/36/96 85/10/77
f 108/36/96 87/14/80 85/10/77
f 98/25/89 109/38/97 110/37/98
f 110/37/98 94/20/86 98/25/89
f 111/39/99 109/38/97 98/25/89
f 98/25/89 100/27/90 111/39/99
f 101/28/91 112/40/100 111/39/99
f 111/39/99 100/27/90 101/28/91
f 113/41/101 112/40/100 101/28/91
f 101/28/91 104/31/93 113/41/101
f 106/33/95 114/42/102 113/41/101
f 113/41/101 104/31/93 106/33/95
f 106/33/95 107/34/96 115/43/103
f 115/43/103 114/42/102 106/33/95
f 117/44/104 113/41/101 114/42/102
f 114/42/102 116/45/105 117/44/104
f 117/44/104 118/46/106 112/40/100
f 112/40/100 113/41/101 117/44/104
f 112/40/100 118/46/106 119/47/107
f 119/47/107 111/39/99 112/40/100
f 109/38/97 111/39/99 119/47/107
f 119/47/107 120/48/108 109/38/97
f 95/22/85 94/20/86 110/37/98
f 110/37/98 121/49/109 95/22/85
f 110/37/98 109/38/97 120/48/108
f 120/48/108 122/50/110 110/37/98
f 124/52/111 123/51/112 122/50/110
f 122/50/110 120/48/108 124/52/111
f 120/48/108 119/47/107 125/53/113
f 125/53/113 124/52/111 120/48/108
f 125/53/113 119/47/107 118/46/106
f 118/46/106 126/54/114 125/53/113
f 127/55/115 126/54/114 118/46/106
f 118/46/106 117/44/104 127/55/115
f 128/56/116 127/55/115 117/44/104
f 117/44/104 116/45/105 128/56/116
f 110/37/98 122/50/110 129/57/117
f 129/57/117 121/49/109 110/37/98
f 123/51/112 129/57/117 122/50/110
f 133/60/118 130/59/119 131/58/112
f 131/58/112 132/61/120 133/60/118
f 132/61/120 134/63/121 135/62/122
f 135/62/122 133/60/118 132/61/120
f 133/60/118 135/62/122 65/64/57
f 65/64/57 64/65/58 133/60/118
f 134/63/121 136/67/123 137/66/124
f 137/66/124 135/62/122 134/63/121
f 135/62/122 137/66/124 68/68/61
f 68/68/61 65/64/57 135/62/122
f 137/66/124 136/67/123 138/69/115
f 138/69/115 139/70/125 137/66/124
f 68/68/61 137/66/124 139/70/125
f 139/70/125 71/71/64 68/68/61
f 139/70/125 138/69/115 140/72/126
f 140/72/126 141/73/127 139/70/125
f 141/73/127 74/74/67 71/71/64
f 71/71/64 139/70/125 141/73/127
f 142/75/128 141/73/127 140/72/126
f 114/42/102 115/43/103 143/76/129
f 143/76/129 116/45/105 114/42/102
f 143/76/129 128/56/116 116/45/105
f 77/77/70 74/74/67 141/73/127
f 141/73/127 142/75/128 77/77/70
f 131/58/112 130/59/119 144/78/117
f 79/79/71 144/78/117 130/59/119
f 130/59/119 80/80/72 79/79/71
f 133/60/118 64/65/58 80/80/72
f 80/80/72 130/59/119 133/60/118
s 0
f 148/81/130 145/82/130 146/83/130
f 146/83/130 147/84/130 148/81/130
f 152/85/131 149/86/131 150/82/131
f 150/82/132 151/81/132 152/85/132
f 156/83/133 153/87/133 154/88/133
f 154/88/134 155/84/134 156/83/134
f 160/81/135 157/82/135 158/83/135
f 158/83/136 159/84/136 160/81/136
s 1
f 164/85/137 161/86/137 162/82/137
s 0
f 162/82/138 163/81/138 164/85/138
f 168/83/139 165/87/139 166/88/139
f 166/88/139 167/84/139 168/83/139
f 172/83/140 169/82/140 170/81/140
f 170/81/140 171/84/140 172/83/140
f 176/82/141 173/86/141 174/85/141
f 174/85/142 175/81/142 176/82/142
f 180/88/143 177/87/143 178/83/143
f 178/83/143 179/84/143 180/88/143
f 184/83/144 181/82/144 182/81/144
f 182/81/145 183/84/145 184/83/145
s 1
f 188/82/146 185/86/146 186/85/146
s 0
f 186/85/147 187/81/147 188/82/147
f 192/88/148 189/87/148 190/83/148
f 190/83/148 191/84/148 192/88/148
f 196/83/149 193/82/149 194/81/149
f 194/81/149 195/84/149 196/83/149
f 200/82/150 197/86/150 198/85/150
f 198/85/142 199/81/142 200/82/142
f 204/88/151 201/87/151 202/83/151
f 202/83/151 203/84/151 204/88/151
f 208/83/145 205/82/145 206/81/145
f 206/81/152 207/84/152 208/83/152
f 212/82/153 209/86/153 210/85/153
f 210/85/154 211/81/154 212/82/154
f 216/88/148 213/87/148 214/83/148
f 214/83/148 215/84/148 216/88/148
f 220/89/148 217/90/148 218/91/148
f 218/91/148 219/92/148 220/89/148
f 224/91/155 221/93/155 222/94/155
s 1
f 222/94/145 223/92/145 224/91/156
s 0
f 228/95/157 225/96/157 226/90/157
f 226/90/157 227/89/157 228/95/157
s 1
f 232/97/158 229/98/159 230/99/160
f 230/99/160 231/100/161 232/97/158
f 234/101/162 233/102/163 232/97/158
f 232/97/158 231/100/161 234/101/162
f 233/102/163 234/101/162 235/103/164
f 235/103/164 236/104/165 233/102/163
f 238/105/166 237/106/167 236/104/165
f 236/104/165 235/103/164 238/105/166
f 237/106/167 238/105/166 239/107/168
f 239/107/168 240/108/169 237/106/167
f 242/109/170 240/108/169 239/107/168
f 239/107/168 241/110/171 242/109/170
f 246/111/172 243/112/173 244/113/174
f 244/113/174 245/114/175 246/111/172
f 248/115/176 243/112/173 246/111/172
f 246/111/172 247/116/177 248/115/176
f 250/117/178 248/115/176 247/116/177
f 247/116/177 249/118/179 250/117/178
f 252/119/180 251/120/181 250/117/178
f 250/117/178 249/118/179 252/119/180
f 251/120/181 252/119/180 253/121/182
f 253/121/182 254/122/183 251/120/181
f 230/99/160 229/98/159 254/122/183
f 254/122/183 253/121/182 230/99/160
f 256/123/184 255/124/185 231/100/161
f 231/100/161 230/99/160 256/123/184
f 257/125/186 234/101/162 231/100/161
f 231/100/161 255/124/185 257/125/186
f 234/101/162 257/125/186 258/126/187
f 258/126/187 235/103/164 234/101/162
f 235/103/164 258/126/187 259/127/188
f 259/127/188 238/105/166 235/103/164
f 238/105/166 259/127/188 260/128/189
f 260/128/189 239/107/168 238/105/166
f 261/129/190 241/110/171 239/107/168
f 239/107/168 260/128/189 261/129/190
f 263/130/190 262/131/191 246/111/172
f 246/111/172 245/114/175 263/130/190
f 264/132/192 247/116/177 246/111/172
f 246/111/172 262/131/191 264/132/192
f 265/133/193 249/118/179 247/116/177
f 247/116/177 264/132/192 265/133/193
f 249/118/179 265/133/193 266/134/194
f 266/134/194 252/119/180 249/118/179
f 267/135/195 253/121/182 252/119/180
f 252/119/180 266/134/194 267/135/195
f 230/99/160 253/121/182 267/135/195
f 267/135/195 256/123/184 230/99/160
f 269/136/196 255/124/185 256/123/184
f 256/123/184 268/137/197 269/136/196
f 270/138/198 257/125/186 255/124/185
f 255/124/185 269/136/196 270/138/198
f 257/125/186 270/138/198 271/139/199
f 271/139/199 258/126/187 257/125/186
f 259/127/188 258/126/187 271/139/199
f 271/139/199 272/140/200 259/127/188
f 259/127/188 272/140/200 273/141/201
f 273/141/201 260/128/189 259/127/188
f 273/141/201 274/142/202 261/129/190
f 261/129/190 260/128/189 273/141/201
f 262/131/191 263/130/190 275/143/202
f 275/143/202 276/144/203 262/131/191
f 262/131/191 276/144/203 277/145/204
f 277/145/204 264/132/192 262/131/191
f 265/133/193 264/132/192 277/145/204
f 277/145/204 278/146/205 265/133/193
f 278/146/205 279/147/206 266/134/194
f 266/134/194 265/133/193 278/146/205
f 279/147/206 280/148/207 267/135/195
f 267/135/195 266/134/194 279/147/206
f 268/137/197 256/123/184 267/135/195
f 267/135/195 280/148/207 268/137/197
f 282/149/208 281/150/209 269/136/196
f 269/136/196 268/137/197 282/149/208
f 283/151/210 270/138/198 269/136/196
f 269/136/196 281/150/209 283/151/210
f 283/151/210 284/152/211 271/139/199
f 271/139/199 270/138/198 283/151/210
f 285/153/212 272/140/200 271/139/199
f 271/139/199 284/152/211 285/153/212
f 285/153/212 286/154/213 273/141/201
f 273/141/201 272/140/200 285/153/212
f 286/154/213 287/155/214 274/142/202
f 274/142/202 273/141/201 286/154/213
f 276/144/203 275/143/202 288/156/215
f 288/156/215 289/157/216 276/144/203
f 276/144/203 289/157/216 290/158/217
f 290/158/217 277/145/204 276/144/203
f 277/145/204 290/158/217 291/159/218
f 291/159/218 278/146/205 277/145/204
f 291/159/218 292/160/219 279/147/206
f 279/147/206 278/146/205 291/159/218
f 292/160/219 293/161/220 280/148/207
f 280/148/207 279/147/206 292/160/219
f 293/161/220 282/149/208 268/137/197
f 268/137/197 280/148/207 293/161/220
f 282/149/208 294/162/221 295/163/222
f 295/163/222 281/150/209 282/149/208
f 281/150/209 295/163/222 296/164/223
f 296/164/223 283/151/210 281/150/209
f 296/164/223 297/165/224 284/152/211
f 284/152/211 283/151/210 296/164/223
f 285/153/212 284/152/211 297/165/224
f 297/165/224 298/166/225 285/153/212
f 286/154/213 285/153/212 298/166/225
f 298/166/225 299/167/226 286/154/213
f 287/155/214 286/154/213 299/167/226
f 299/167/226 300/168/227 287/155/214
f 289/157/216 288/156/215 301/169/228
f 301/169/228 302/170/229 289/157/216
f 289/157/216 302/170/229 303/171/230
f 303/171/230 290/158/217 289/157/216
f 303/171/230 304/172/231 291/159/218
f 291/159/218 290/158/217 303/171/230
f 304/172/231 305/173/232 292/160/219
f 292/160/219 291/159/218 304/172/231
f 292/160/219 305/173/232 306/174/233
f 306/174/233 293/161/220 292/160/219
f 306/174/233 294/162/221 282/149/208
f 282/149/208 293/161/220 306/174/233
f 308/175/234 295/163/222 294/162/221
f 294/162/221 307/176/235 308/175/234
f 308/175/234 309/177/236 296/164/223
f 296/164/223 295/163/222 308/175/234
f 309/177/236 310/178/237 297/165/224
f 297/165/224 296/164/223 309/177/236
f 311/179/238 298/166/225 297/165/224
f 297/165/224 310/178/237 311/179/238
f 311/179/238 312/180/239 299/167/226
f 299/167/226 298/166/225 311/179/238
f 313/181/240 300/168/227 299/167/226
f 299/167/226 312/180/239 313/181/240
f 315/182/241 302/170/229 301/169/228
f 301/169/228 314/183/242 315/182/241
f 316/184/243 303/171/230 302/170/229
f 302/170/229 315/182/241 316/184/243
f 303/171/230 316/184/243 317/185/244
f 317/185/244 304/172/231 303/171/230
f 305/173/232 304/172/231 317/185/244
f 317/185/244 318/186/245 305/173/232
f 306/174/233 305/173/232 318/186/245
f 318/186/245 319/187/246 306/174/233
f 294/162/221 306/174/233 319/187/246
f 319/187/246 307/176/235 294/162/221
f 321/188/247 320/189/248 308/175/234
f 308/175/234 307/176/235 321/188/247
f 309/177/236 308/175/234 320/189/248
f 320/189/248 322/190/249 309/177/236
f 323/191/250 310/178/237 309/177/236
f 309/177/236 322/190/249 323/191/250
f 324/192/251 311/179/238 310/178/237
f 310/178/237 323/191/250 324/192/251
f 325/193/252 312/180/239 311/179/238
f 311/179/238 324/192/251 325/193/252
f 326/194/253 313/181/240 312/180/239
f 312/180/239 325/193/252 326/194/253
f 328/195/254 315/182/241 314/183/242
f 314/183/242 327/196/253 328/195/254
f 329/197/255 316/184/243 315/182/241
f 315/182/241 328/195/254 329/197/255
f 330/198/256 317/185/244 316/184/243
f 316/184/243 329/197/255 330/198/256
f 331/199/257 318/186/245 317/185/244
f 317/185/244 330/198/256 331/199/257
f 332/200/258 319/187/246 318/186/245
f 318/186/245 331/199/257 332/200/258
f 319/187/246 332/200/258 321/188/247
f 321/188/247 307/176/235 319/187/246
f 320/189/248 321/188/247 333/201/259
f 333/201/259 334/202/260 320/189/248
f 322/190/249 320/189/248 334/202/260
f 334/202/260 335/203/261 322/190/249
f 322/190/249 335/203/261 336/204/165
f 336/204/165 323/191/250 322/190/249
f 337/205/262 324/192/251 323/191/250
f 323/191/250 336/204/165 337/205/262
f 338/206/263 325/193/252 324/192/251
f 324/192/251 337/205/262 338/206/263
f 326/194/253 325/193/252 338/206/263
f 338/206/263 339/207/264 326/194/253
f 327/196/253 340/208/264 341/209/265
f 341/209/265 328/195/254 327/196/253
f 329/197/255 328/195/254 341/209/265
f 341/209/265 342/210/266 329/197/255
f 343/211/178 330/198/256 329/197/255
f 329/197/255 342/210/266 343/211/178
f 330/198/256 343/211/178 344/212/267
f 344/212/267 331/199/257 330/198/256
f 345/213/268 332/200/258 331/199/257
f 331/199/257 344/212/267 345/213/268
f 333/201/259 321/188/247 332/200/258
f 332/200/258 345/213/268 333/201/259
f 349/214/269 346/215/270 347/216/271
f 347/216/271 348/217/272 349/214/269
f 351/218/273 350/219/274 349/214/269
f 349/214/269 348/217/272 351/218/273
f 351/218/273 352/220/275 353/221/276
f 353/221/276 350/219/274 351/218/273
f 353/221/276 352/220/275 354/222/277
f 354/222/277 355/223/278 353/221/276
f 355/223/278 354/222/277 356/224/279
f 356/224/279 357/225/280 355/223/278
f 359/226/281 357/225/280 356/224/279
f 356/224/279 358/227/282 359/226/281
f 363/228/283 360/229/284 361/230/285
f 361/230/285 362/231/282 363/228/283
f 365/232/286 364/233/287 360/229/284
f 360/229/284 363/228/283 365/232/286
f 365/232/286 366/234/288 367/235/289
f 367/235/289 364/233/287 365/232/286
f 369/236/290 368/237/291 367/235/289
f 367/235/289 366/234/288 369/236/290
f 368/237/291 369/236/290 370/238/292
f 370/238/292 371/239/293 368/237/291
f 346/215/270 371/239/293 370/238/292
f 370/238/292 347/216/271 346/215/270
f 373/240/294 372/241/295 348/217/272
f 348/217/272 347/216/271 373/240/294
f 351/218/273 348/217/272 372/241/295
f 372/241/295 374/242/296 351/218/273
f 351/218/273 374/242/296 375/243/297
f 375/243/297 352/220/275 351/218/273
f 376/244/298 354/222/277 352/220/275
f 352/220/275 375/243/297 376/244/298
f 376/244/298 377/245/299 356/224/279
f 356/224/279 354/222/277 376/244/298
f 377/245/299 378/246/300 358/227/282
f 358/227/282 356/224/279 377/245/299
f 380/247/300 379/248/301 363/228/283
f 363/228/283 362/231/282 380/247/300
f 381/249/302 365/232/286 363/228/283
f 363/228/283 379/248/301 381/249/302
f 365/232/286 381/249/302 382/250/303
f 382/250/303 366/234/288 365/232/286
f 383/251/304 369/236/290 366/234/288
f 366/234/288 382/250/303 383/251/304
f 369/236/290 383/251/304 384/252/305
f 384/252/305 370/238/292 369/236/290
f 384/252/305 373/240/294 347/216/271
f 347/216/271 370/238/292 384/252/305
f 386/253/306 372/241/295 373/240/294
f 373/240/294 385/254/307 386/253/306
f 374/242/296 372/241/295 386/253/306
f 386/253/306 387/255/308 374/242/296
f 387/255/308 388/256/309 375/243/297
f 375/243/297 374/242/296 387/255/308
f 376/244/298 375/243/297 388/256/309
f 388/256/309 389/257/310 376/244/298
f 377/245/299 376/244/298 389/257/310
f 389/257/310 390/258/311 377/245/299
f 377/245/299 390/258/311 391/259/312
f 391/259/312 378/246/300 377/245/299
f 393/260/313 379/248/301 380/247/300
f 380/247/300 392/261/314 393/260/313
f 394/262/315 381/249/302 379/248/301
f 379/248/301 393/260/313 394/262/315
f 381/249/302 394/262/315 395/263/316
f 395/263/316 382/250/303 381/249/302
f 382/250/303 395/263/316 396/264/317
f 396/264/317 383/251/304 382/250/303
f 397/265/318 384/252/305 383/251/304
f 383/251/304 396/264/317 397/265/318
f 373/240/294 384/252/305 397/265/318
f 397/265/318 385/254/307 373/240/294
f 385/254/307 398/266/319 399/267/320
f 399/267/320 386/253/306 385/254/307
f 387/255/308 386/253/306 399/267/320
f 399/267/320 400/268/321 387/255/308
f 400/268/321 401/269/322 388/256/309
f 388/256/309 387/255/308 400/268/321
f 389/257/310 388/256/309 401/269/322
f 401/269/322 402/270/323 389/257/310
f 390/258/311 389/257/310 402/270/323
f 402/270/323 403/271/324 390/258/311
f 404/272/325 391/259/312 390/258/311
f 390/258/311 403/271/324 404/272/325
f 406/273/326 393/260/313 392/261/314
f 392/261/314 405/274/327 406/273/326
f 394/262/315 393/260/313 406/273/326
f 406/273/326 407/275/328 394/262/315
f 408/276/329 395/263/316 394/262/315
f 394/262/315 407/275/328 408/276/329
f 396/264/317 395/263/316 408/276/329
f 408/276/329 409/277/330 396/264/317
f 396/264/317 409/277/330 410/278/331
f 410/278/331 397/265/318 396/264/317
f 385/254/307 397/265/318 410/278/331
f 410/278/331 398/266/319 385/254/307
f 399/267/320 398/266/319 411/279/332
f 411/279/332 412/280/333 399/267/320
f 412/280/333 413/281/334 400/268/321
f 400/268/321 399/267/320 412/280/333
f 413/281/334 414/282/335 401/269/322
f 401/269/322 400/268/321 413/281/334
f 401/269/322 414/282/335 415/283/336
f 415/283/336 402/270/323 401/269/322
f 402/270/323 415/283/336 416/284/337
f 416/284/337 403/271/324 402/270/323
f 416/284/337 417/285/338 404/272/325
f 404/272/325 403/271/324 416/284/337
f 406/273/326 405/274/327 418/286/339
f 418/286/339 419/287/340 406/273/326
f 407/275/328 406/273/326 419/287/340
f 419/287/340 420/288/341 407/275/328
f 420/288/341 421/289/342 408/276/329
f 408/276/329 407/275/328 420/288/341
f 421/289/342 422/290/343 409/277/330
f 409/277/330 408/276/329 421/289/342
f 409/277/330 422/290/343 423/291/344
f 423/291/344 410/278/331 409/277/330
f 398/266/319 410/278/331 423/291/344
f 423/291/344 411/279/332 398/266/319
f 425/292/345 424/293/346 412/280/333
f 412/280/333 411/279/332 425/292/345
f 426/294/347 413/281/334 412/280/333
f 412/280/333 424/293/346 426/294/347
f 427/295/348 414/282/335 413/281/334
f 413/281/334 426/294/347 427/295/348
f 427/295/348 428/296/349 415/283/336
f 415/283/336 414/282/335 427/295/348
f 429/297/350 416/284/337 415/283/336
f 415/283/336 428/296/349 429/297/350
f 417/285/338 416/284/337 429/297/350
f 429/297/350 430/298/351 417/285/338
f 432/299/352 431/300/353 419/287/340
f 419/287/340 418/286/339 432/299/352
f 419/287/340 431/300/353 433/301/354
f 433/301/354 420/288/341 419/287/340
f 433/301/354 434/302/355 421/289/342
f 421/289/342 420/288/341 433/301/354
f 421/289/342 434/302/355 435/303/356
f 435/303/356 422/290/343 421/289/342
f 435/303/356 436/304/357 423/291/344
f 423/291/344 422/290/343 435/303/356
f 436/304/357 425/292/345 411/279/332
f 411/279/332 423/291/344 436/304/357
f 424/293/346 425/292/345 437/305/358
f 437/305/358 438/306/359 424/293/346
f 426/294/347 424/293/346 438/306/359
f 438/306/359 439/307/360 426/294/347
f 440/308/361 427/295/348 426/294/347
f 426/294/347 439/307/360 440/308/361
f 441/309/362 428/296/349 427/295/348
f 427/295/348 440/308/361 441/309/362
f 442/310/363 429/297/350 428/296/349
f 428/296/349 441/309/362 442/310/363
f 443/311/364 430/298/351 429/297/350
f 429/297/350 442/310/363 443/311/364
f 431/300/353 432/299/352 444/312/365
f 444/312/365 445/313/366 431/300/353
f 431/300/353 445/313/366 446/314/367
f 446/314/367 433/301/354 431/300/353
f 433/301/354 446/314/367 447/315/368
f 447/315/368 434/302/355 433/301/354
f 448/316/369 435/303/356 434/302/355
f 434/302/355 447/315/368 448/316/369
f 436/304/357 435/303/356 448/316/369
f 448/316/369 449/317/370 436/304/357
f 437/305/358 425/292/345 436/304/357
f 436/304/357 449/317/370 437/305/358
f 451/318/371 450/319/372 438/306/359
f 438/306/359 437/305/358 451/318/371
f 438/306/359 450/319/372 452/320/373
f 452/320/373 439/307/360 438/306/359
f 440/308/361 439/307/360 452/320/373
f 452/320/373 453/321/374 440/308/361
f 454/322/375 441/309/362 440/308/361
f 440/308/361 453/321/374 454/322/375
f 455/323/376 442/310/363 441/309/362
f 441/309/362 454/322/375 455/323/376
f 442/310/363 455/323/376 456/324/377
f 456/324/377 443/311/364 442/310/363
f 444/312/365 457/325/377 458/326/378
f 458/326/378 445/313/366 444/312/365
f 446/314/367 445/313/366 458/326/378
f 458/326/378 459/327/379 446/314/367
f 447/315/368 446/314/367 459/327/379
f 459/327/379 460/328/380 447/315/368
f 461/329/381 448/316/369 447/315/368
f 447/315/368 460/328/380 461/329/381
f 449/317/370 448/316/369 461/329/381
f 461/329/381 462/330/382 449/317/370
f 437/305/358 449/317/370 462/330/382
f 462/330/382 451/318/371 437/305/358
f 466/331/383 463/332/384 464/333/385
f 464/333/385 465/334/386 466/331/383
f 464/333/385 463/332/384 467/335/387
f 467/335/387 468/336/388 464/333/385
f 468/336/388 467/335/387 469/337/389
f 469/337/389 470/338/390 468/336/388
f 470/338/390 469/337/389 471/339/391
f 471/339/391 472/340/392 470/338/390
f 474/341/393 472/340/392 471/339/391
f 471/339/391 473/342/394 474/341/393
f 474/341/393 473/342/394 475/343/395
f 475/343/395 476/344/396 474/341/393
f 475/343/395 477/345/397 478/346/398
f 478/346/398 476/344/396 475/343/395
f 480/347/399 478/346/398 477/345/397
f 477/345/397 479/348/400 480/347/399
f 484/349/400 481/350/401 482/351/402
f 482/351/402 483/352/403 484/349/400
f 486/353/404 485/354/405 482/351/402
f 482/351/402 481/350/401 486/353/404
f 485/354/405 486/353/404 487/355/406
f 487/355/406 488/356/407 485/354/405
f 487/355/406 466/331/383 465/334/386
f 465/334/386 488/356/407 487/355/406
f 463/332/384 466/331/383 489/357/408
f 489/357/408 490/358/409 463/332/384
f 467/335/387 463/332/384 490/358/409
f 490/358/409 491/359/410 467/335/387
f 469/337/389 467/335/387 491/359/410
f 491/359/410 492/360/411 469/337/389
f 469/337/389 492/360/411 493/361/412
f 493/361/412 471/339/391 469/337/389
f 493/361/412 494/362/413 473/342/394
f 473/342/394 471/339/391 493/361/412
f 494/362/413 495/363/414 475/343/395
f 475/343/395 473/342/394 494/362/413
f 496/364/415 477/345/397 475/343/395
f 475/343/395 495/363/414 496/364/415
f 497/365/416 479/348/400 477/345/397
f 477/345/397 496/364/415 497/365/416
f 499/366/417 481/350/401 484/349/400
f 484/349/400 498/367/418 499/366/417
f 500/368/419 486/353/404 481/350/401
f 481/350/401 499/366/417 500/368/419
f 486/353/404 500/368/419 501/369/420
f 501/369/420 487/355/406 486/353/404
f 501/369/420 489/357/408 466/331/383
f 466/331/383 487/355/406 501/369/420
f 490/358/409 489/357/408 502/370/421
f 502/370/421 503/371/422 490/358/409
f 490/358/409 503/371/422 504/372/423
f 504/372/423 491/359/410 490/358/409
f 492/360/411 491/359/410 504/372/423
f 504/372/423 505/373/424 492/360/411
f 505/373/424 506/374/425 493/361/412
f 493/361/412 492/360/411 505/373/424
f 494/362/413 493/361/412 506/374/425
f 506/374/425 507/375/426 494/362/413
f 507/375/426 508/376/427 495/363/414
f 495/363/414 494/362/413 507/375/426
f 496/364/415 495/363/414 508/376/427
f 508/376/427 509/377/428 496/364/415
f 496/364/415 509/377/428 510/378/429
f 510/378/429 497/365/416 496/364/415
f 512/379/430 499/366/417 498/367/418
f 498/367/418 511/380/431 512/379/430
f 513/381/432 500/368/419 499/366/417
f 499/366/417 512/379/430 513/381/432
f 500/368/419 513/381/432 514/382/433
f 514/382/433 501/369/420 500/368/419
f 489/357/408 501/369/420 514/382/433
f 514/382/433 502/370/421 489/357/408
f 502/370/421 515/383/434 516/384/435
f 516/384/435 503/371/422 502/370/421
f 504/372/423 503/371/422 516/384/435
f 516/384/435 517/385/436 504/372/423
f 505/373/424 504/372/423 517/385/436
f 517/385/436 518/386/437 505/373/424
f 506/374/425 505/373/424 518/386/437
f 518/386/437 519/387/438 506/374/425
f 507/375/426 506/374/425 519/387/438
f 519/387/438 520/388/439 507/375/426
f 508/376/427 507/375/426 520/388/439
f 520/388/439 521/389/440 508/376/427
f 508/376/427 521/389/440 522/390/441
f 522/390/441 509/377/428 508/376/427
f 510/378/429 509/377/428 522/390/441
f 522/390/441 523/391/442 510/378/429
f 511/380/431 524/392/443 525/393/444
f 525/393/444 512/379/430 511/380/431
f 512/379/430 525/393/444 526/394/445
f 526/394/445 513/381/432 512/379/430
f 514/382/433 513/381/432 526/394/445
f 526/394/445 527/395/446 514/382/433
f 515/383/434 502/370/421 514/382/433
f 514/382/433 527/395/446 515/383/434
f 529/396/447 516/384/435 515/383/434
f 515/383/434 528/397/448 529/396/447
f 517/385/436 516/384/435 529/396/447
f 529/396/447 530/398/449 517/385/436
f 530/398/449 531/399/450 518/386/437
f 518/386/437 517/385/436 530/398/449
f 532/400/451 519/387/438 518/386/437
f 518/386/437 531/399/450 532/400/451
f 520/388/439 519/387/438 532/400/451
f 532/400/451 533/401/452 520/388/439
f 533/401/452 534/402/453 521/389/440
f 521/389/440 520/388/439 533/401/452
f 522/390/441 521/389/440 534/402/453
f 534/402/453 535/403/454 522/390/441
f 523/391/442 522/390/441 535/403/454
f 535/403/454 536/404/455 523/391/442
f 524/392/443 537/405/455 538/406/456
f 538/406/456 525/393/444 524/392/443
f 539/407/457 526/394/445 525/393/444
f 525/393/444 538/406/456 539/407/457
f 539/407/457 540/408/458 527/395/446
f 527/395/446 526/394/445 539/407/457
f 515/383/434 527/395/446 540/408/458
f 540/408/458 528/397/448 515/383/434
f 542/409/459 541/410/460 529/396/447
f 529/396/447 528/397/448 542/409/459
f 529/396/447 541/410/460 543/411/461
f 543/411/461 530/398/449 529/396/447
f 544/412/462 531/399/450 530/398/449
f 530/398/449 543/411/461 544/412/462
f 545/413/463 532/400/451 531/399/450
f 531/399/450 544/412/462 545/413/463
f 546/414/464 533/401/452 532/400/451
f 532/400/451 545/413/463 546/414/464
f 546/414/464 547/415/465 534/402/453
f 534/402/453 533/401/452 546/414/464
f 547/415/465 548/416/466 535/403/454
f 535/403/454 534/402/453 547/415/465
f 549/417/467 536/404/455 535/403/454
f 535/403/454 548/416/466 549/417/467
f 551/418/467 550/419/468 538/406/456
f 538/406/456 537/405/455 551/418/467
f 538/406/456 550/419/468 552/420/469
f 552/420/469 539/407/457 538/406/456
f 552/420/469 553/421/470 540/408/458
f 540/408/458 539/407/457 552/420/469
f 553/421/470 542/409/459 528/397/448
f 528/397/448 540/408/458 553/421/470
f 541/410/460 542/409/459 554/422/471
f 554/422/471 555/423/472 541/410/460
f 555/423/472 556/424/473 543/411/461
f 543/411/461 541/410/460 555/423/472
f 544/412/462 543/411/461 556/424/473
f 556/424/473 557/425/474 544/412/462
f 557/425/474 558/426/475 545/413/463
f 545/413/463 544/412/462 557/425/474
f 546/414/464 545/413/463 558/426/475
f 558/426/475 559/427/476 546/414/464
f 547/415/465 546/414/464 559/427/476
f 559/427/476 560/428/477 547/415/465
f 561/429/478 548/416/466 547/415/465
f 547/415/465 560/428/477 561/429/478
f 562/430/479 549/417/467 548/416/466
f 548/416/466 561/429/478 562/430/479
f 550/419/468 551/418/467 563/431/480
f 563/431/480 564/432/481 550/419/468
f 565/433/482 552/420/469 550/419/468
f 550/419/468 564/432/481 565/433/482
f 553/421/470 552/420/469 565/433/482
f 565/433/482 566/434/483 553/421/470
f 554/422/471 542/409/459 553/421/470
f 553/421/470 566/434/483 554/422/471
f 554/422/471 567/435/484 568/436/485
f 568/436/485 555/423/472 554/422/471
f 568/436/485 569/437/486 556/424/473
f 556/424/473 555/423/472 568/436/485
f 556/424/473 569/437/486 570/438/487
f 570/438/487 557/425/474 556/424/473
f 558/426/475 557/425/474 570/438/487
f 570/438/487 571/439/488 558/426/475
f 558/426/475 571/439/488 572/440/489
f 572/440/489 559/427/476 558/426/475
f 559/427/476 572/440/489 573/441/490
f 573/441/490 560/428/477 559/427/476
f 560/428/477 573/441/490 574/442/491
f 574/442/491 561/429/478 560/428/477
f 561/429/478 574/442/491 575/443/492
f 575/443/492 562/430/479 561/429/478
f 563/431/480 576/444/493 577/445/494
f 577/445/494 564/432/481 563/431/480
f 578/446/495 565/433/482 564/432/481
f 564/432/481 577/445/494 578/446/495
f 566/434/483 565/433/482 578/446/495
f 578/446/495 579/447/496 566/434/483
f 567/435/484 554/422/471 566/434/483
f 566/434/483 579/447/496 567/435/484
f 583/448/497 580/449/498 581/450/499
f 581/450/499 582/451/500 583/448/497
f 585/452/501 582/451/500 581/450/499
f 581/450/499 584/453/502 585/452/501
f 584/453/502 586/454/503 587/455/504
f 587/455/504 585/452/501 584/453/502
f 589/456/505 587/455/504 586/454/503
f 586/454/503 588/457/506 589/456/505
f 588/457/506 590/458/507 591/459/508
f 591/459/508 589/456/505 588/457/506
f 593/460/509 591/459/508 590/458/507
f 590/458/507 592/461/510 593/460/509
f 592/461/510 594/462/511 595/463/512
f 595/463/512 593/460/509 592/461/510
f 597/464/513 596/465/514 595/463/512
f 595/463/512 594/462/511 597/464/513
f 601/466/515 598/467/516 599/468/517
f 599/468/517 600/469/518 601/466/515
f 600/469/518 602/470/519 603/471/520
f 603/471/520 601/466/515 600/469/518
f 603/471/520 602/470/519 604/472/521
f 604/472/521 605/473/522 603/471/520
f 604/472/521 580/449/498 583/448/497
f 583/448/497 605/473/522 604/472/521
f 581/450/499 580/449/498 606/474/523
f 606/474/523 607/475/524 581/450/499
f 607/475/524 608/476/525 584/453/502
f 584/453/502 581/450/499 607/475/524
f 608/476/525 609/477/526 586/454/503
f 586/454/503 584/453/502 608/476/525
f 610/478/527 588/457/506 586/454/503
f 586/454/503 609/477/526 610/478/527
f 611/479/528 590/458/507 588/457/506
f 588/457/506 610/478/527 611/479/528
f 611/479/528 612/480/529 592/461/510
f 592/461/510 590/458/507 611/479/528
f 613/481/530 594/462/511 592/461/510
f 592/461/510 612/480/529 613/481/530
f 613/481/530 614/482/531 597/464/513
f 597/464/513 594/462/511 613/481/530
f 599/468/517 615/483/532 616/484/533
f 616/484/533 600/469/518 599/468/517
f 617/485/534 602/470/519 600/469/518
f 600/469/518 616/484/533 617/485/534
f 618/486/535 604/472/521 602/470/519
f 602/470/519 617/485/534 618/486/535
f 580/449/498 604/472/521 618/486/535
f 618/486/535 606/474/523 580/449/498
f 607/475/524 606/474/523 619/487/536
f 619/487/536 620/488/537 607/475/524
f 620/488/537 621/489/538 608/476/525
f 608/476/525 607/475/524 620/488/537
f 621/489/538 622/490/539 609/477/526
f 609/477/526 608/476/525 621/489/538
f 622/490/539 623/491/540 610/478/527
f 610/478/527 609/477/526 622/490/539
f 623/491/540 624/492/541 611/479/528
f 611/479/528 610/478/527 623/491/540
f 612/480/529 611/479/528 624/492/541
f 624/492/541 625/493/542 612/480/529
f 625/493/542 626/494/543 613/481/530
f 613/481/530 612/480/529 625/493/542
f 627/495/544 614/482/531 613/481/530
f 613/481/530 626/494/543 627/495/544
f 615/483/532 628/496/544 629/497/545
f 629/497/545 616/484/533 615/483/532
f 630/498/546 617/485/534 616/484/533
f 616/484/533 629/497/545 630/498/546
f 617/485/534 630/498/546 631/499/547
f 631/499/547 618/486/535 617/485/534
f 631/499/547 619/487/536 606/474/523
f 606/474/523 618/486/535 631/499/547
f 620/488/537 619/487/536 632/500/548
f 632/500/548 633/501/549 620/488/537
f 620/488/537 633/501/549 634/502/550
f 634/502/550 621/489/538 620/488/537
f 622/490/539 621/489/538 634/502/550
f 634/502/550 635/503/551 622/490/539
f 623/491/540 622/490/539 635/503/551
f 635/503/551 636/504/552 623/491/540
f 624/492/541 623/491/540 636/504/552
f 636/504/552 637/505/553 624/492/541
f 637/505/553 638/506/554 625/493/542
f 625/493/542 624/492/541 637/505/553
f 625/493/542 638/506/554 639/507/555
f 639/507/555 626/494/543 625/493/542
f 626/494/543 639/507/555 640/508/556
f 640/508/556 627/495/544 626/494/543
f 628/496/544 641/509/557 642/510/558
f 642/510/558 629/497/545 628/496/544
f 629/497/545 642/510/558 643/511/559
f 643/511/559 630/498/546 629/497/545
f 644/512/560 631/499/547 630/498/546
f 630/498/546 643/511/559 644/512/560
f 619/487/536 631/499/547 644/512/560
f 644/512/560 632/500/548 619/487/536
f 632/500/548 645/513/561 646/514/562
f 646/514/562 633/501/549 632/500/548
f 646/514/562 647/515/563 634/502/550
f 634/502/550 633/501/549 646/514/562
f 648/516/564 635/503/551 634/502/550
f 634/502/550 647/515/563 648/516/564
f 648/516/564 649/517/565 636/504/552
f 636/504/552 635/503/551 648/516/564
f 637/505/553 636/504/552 649/517/565
f 649/517/565 650/518/566 637/505/553
f 651/519/567 638/506/554 637/505/553
f 637/505/553 650/518/566 651/519/567
f 638/506/554 651/519/567 652/520/568
f 652/520/568 639/507/555 638/506/554
f 639/507/555 652/520/568 653/521/569
f 653/521/569 640/508/556 639/507/555
f 655/522/570 654/523/571 642/510/558
f 642/510/558 641/509/557 655/522/570
f 654/523/571 656/524/572 643/511/559
f 643/511/559 642/510/558 654/523/571
f 657/525/573 644/512/560 643/511/559
f 643/511/559 656/524/572 657/525/573
f 644/512/560 657/525/573 645/513/561
f 645/513/561 632/500/548 644/512/560
f 659/526/574 658/527/575 646/514/562
f 646/514/562 645/513/561 659/526/574
f 646/514/562 658/527/575 660/528/576
f 660/528/576 647/515/563 646/514/562
f 660/528/576 661/529/577 648/516/564
f 648/516/564 647/515/563 660/528/576
f 662/530/578 649/517/565 648/516/564
f 648/516/564 661/529/577 662/530/578
f 662/530/578 663/531/579 650/518/566
f 650/518/566 649/517/565 662/530/578
f 650/518/566 663/531/579 664/532/580
f 664/532/580 651/519/567 650/518/566
f 665/533/581 652/520/568 651/519/567
f 651/519/567 664/532/580 665/533/581
f 665/533/581 666/534/582 653/521/569
f 653/521/569 652/520/568 665/533/581
f 668/535/582 667/536/583 654/523/571
f 654/523/571 655/522/570 668/535/582
f 654/523/571 667/536/583 669/537/584
f 669/537/584 656/524/572 654/523/571
f 657/525/573 656/524/572 669/537/584
f 669/537/584 670/538/585 657/525/573
f 657/525/573 670/538/585 659/526/574
f 659/526/574 645/513/561 657/525/573
f 658/527/575 659/526/574 671/539/586
f 671/539/586 672/540/587 658/527/575
f 658/527/575 672/540/587 673/541/588
f 673/541/588 660/528/576 658/527/575
f 660/528/576 673/541/588 674/542/589
f 674/542/589 661/529/577 660/528/576
f 662/530/578 661/529/577 674/542/589
f 674/542/589 675/543/590 662/530/578
f 675/543/590 676/544/591 663/531/579
f 663/531/579 662/530/578 675/543/590
f 664/532/580 663/531/579 676/544/591
f 676/544/591 677/545/592 664/532/580
f 678/546/593 665/533/581 664/532/580
f 664/532/580 677/545/592 678/546/593
f 666/534/582 665/533/581 678/546/593
f 678/546/593 679/547/594 666/534/582
f 668/535/582 680/548/595 681/549/596
f 681/549/596 667/536/583 668/535/582
f 682/550/597 669/537/584 667/536/583
f 667/536/583 681/549/596 682/550/597
f 670/538/585 669/537/584 682/550/597
f 682/550/597 683/551/598 670/538/585
f 683/551/598 671/539/586 659/526/574
f 659/526/574 670/538/585 683/551/598
f 672/540/587 671/539/586 684/552/599
f 684/552/599 685/553/600 672/540/587
f 673/541/588 672/540/587 685/553/600
f 685/553/600 686/554/601 673/541/588
f 673/541/588 686/554/601 687/555/602
f 687/555/602 674/542/589 673/541/588
f 675/543/590 674/542/589 687/555/602
f 687/555/602 688/556/603 675/543/590
f 689/557/604 676/544/591 675/543/590
f 675/543/590 688/556/603 689/557/604
f 690/558/605 677/545/592 676/544/591
f 676/544/591 689/557/604 690/558/605
f 691/559/606 678/546/593 677/545/592
f 677/545/592 690/558/605 691/559/606
f 679/547/594 678/546/593 691/559/606
f 691/559/606 692/560/607 679/547/594
f 694/561/608 681/549/596 680/548/595
f 680/548/595 693/562/609 694/561/608
f 695/563/610 682/550/597 681/549/596
f 681/549/596 694/561/608 695/563/610
f 683/551/598 682/550/597 695/563/610
f 695/563/610 696/564/611 683/551/598
f 684/552/599 671/539/586 683/551/598
f 683/551/598 696/564/611 684/552/599
f 700/565/612 697/566/613 698/567/614
f 698/567/614 699/568/615 700/565/612
f 700/565/612 699/568/615 701/569/616
f 701/569/616 702/570/617 700/565/612
f 704/571/618 703/572/619 702/570/617
f 702/570/617 701/569/616 704/571/618
f 706/573/620 703/572/619 704/571/618
f 704/571/618 705/574/621 706/573/620
f 708/575/622 707/576/623 706/573/620
f 706/573/620 705/574/621 708/575/622
f 707/576/623 708/575/622 709/577/624
f 709/577/624 710/578/625 707/576/623
f 709/577/624 711/579/626 712/580/627
f 712/580/627 710/578/625 709/577/624
f 716/581/628 713/582/629 714/583/630
f 714/583/630 715/584/631 716/581/628
f 718/585/632 717/586/633 716/581/628
f 716/581/628 715/584/631 718/585/632
f 718/585/632 719/587/634 720/588/635
f 720/588/635 717/586/633 718/585/632
f 720/588/635 719/587/634 721/589/636
f 721/589/636 722/590/637 720/588/635
f 722/590/637 721/589/636 698/567/614
f 698/567/614 697/566/613 722/590/637
f 699/568/615 698/567/614 723/591/638
f 723/591/638 724/592/639 699/568/615
f 701/569/616 699/568/615 724/592/639
f 724/592/639 725/593/640 701/569/616
f 704/571/618 701/569/616 725/593/640
f 725/593/640 726/594/641 704/571/618
f 727/595/642 705/574/621 704/571/618
f 704/571/618 726/594/641 727/595/642
f 727/595/642 728/596/643 708/575/622
f 708/575/622 705/574/621 727/595/642
f 728/596/643 729/597/644 709/577/624
f 709/577/624 708/575/622 728/596/643
f 730/598/645 711/579/626 709/577/624
f 709/577/624 729/597/644 730/598/645
f 732/599/646 715/584/631 714/583/630
f 714/583/630 731/600/645 732/599/646
f 715/584/631 732/599/646 733/601/647
f 733/601/647 718/585/632 715/584/631
f 718/585/632 733/601/647 734/602/648
f 734/602/648 719/587/634 718/585/632
f 719/587/634 734/602/648 735/603/649
f 735/603/649 721/589/636 719/587/634
f 735/603/649 723/591/638 698/567/614
f 698/567/614 721/589/636 735/603/649
f 737/604/650 736/605/651 724/592/639
f 724/592/639 723/591/638 737/604/650
f 736/605/651 738/606/652 725/593/640
f 725/593/640 724/592/639 736/605/651
f 726/594/641 725/593/640 738/606/652
f 738/606/652 739/607/653 726/594/641
f 727/595/642 726/594/641 739/607/653
f 739/607/653 740/608/654 727/595/642
f 728/596/643 727/595/642 740/608/654
f 740/608/654 741/609/655 728/596/643
f 742/610/656 729/597/644 728/596/643
f 728/596/643 741/609/655 742/610/656
f 743/611/657 730/598/645 729/597/644
f 729/597/644 742/610/656 743/611/657
f 731/600/645 744/612/657 745/613/658
f 745/613/658 732/599/646 731/600/645
f 732/599/646 745/613/658 746/614/659
f 746/614/659 733/601/647 732/599/646
f 747/615/660 734/602/648 733/601/647
f 733/601/647 746/614/659 747/615/660
f 734/602/648 747/615/660 748/616/661
f 748/616/661 735/603/649 734/602/648
f 737/604/650 723/591/638 735/603/649
f 735/603/649 748/616/661 737/604/650
f 750/617/662 749/618/663 736/605/651
f 736/605/651 737/604/650 750/617/662
f 738/606/652 736/605/651 749/618/663
f 749/618/663 751/619/664 738/606/652
f 738/606/652 751/619/664 752/620/665
f 752/620/665 739/607/653 738/606/652
f 752/620/665 753/621/666 740/608/654
f 740/608/654 739/607/653 752/620/665
f 741/609/655 740/608/654 753/621/666
f 753/621/666 754/622/667 741/609/655
f 742/610/656 741/609/655 754/622/667
f 754/622/667 755/623/668 742/610/656
f 742/610/656 755/623/668 756/624/669
f 756/624/669 743/611/657 742/610/656
f 744/612/657 757/625/670 758/626/671
f 758/626/671 745/613/658 744/612/657
f 746/614/659 745/613/658 758/626/671
f 758/626/671 759/627/672 746/614/659
f 746/614/659 759/627/672 760/628/673
f 760/628/673 747/615/660 746/614/659
f 748/616/661 747/615/660 760/628/673
f 760/628/673 761/629/674 748/616/661
f 750/617/662 737/604/650 748/616/661
f 748/616/661 761/629/674 750/617/662
f 749/618/663 750/617/662 762/630/675
f 762/630/675 763/631/676 749/618/663
f 751/619/664 749/618/663 763/631/676
f 763/631/676 764/632/677 751/619/664
f 752/620/665 751/619/664 764/632/677
f 764/632/677 765/633/678 752/620/665
f 752/620/665 765/633/678 766/634/679
f 766/634/679 753/621/666 752/620/665
f 754/622/667 753/621/666 766/634/679
f 766/634/679 767/635/680 754/622/667
f 755/623/668 754/622/667 767/635/680
f 767/635/680 768/636/681 755/623/668
f 755/623/668 768/636/681 769/637/682
f 769/637/682 756/624/669 755/623/668
f 757/625/670 770/638/682 771/639/683
f 771/639/683 758/626/671 757/625/670
f 771/639/683 772/640/684 759/627/672
f 759/627/672 758/626/671 771/639/683
f 772/640/684 773/641/685 760/628/673
f 760/628/673 759/627/672 772/640/684
f 773/641/685 774/642/686 761/629/674
f 761/629/674 760/628/673 773/641/685
f 750/617/662 761/629/674 774/642/686
f 774/642/686 762/630/675 750/617/662
f 776/643/687 775/644/688 763/631/676
f 763/631/676 762/630/675 776/643/687
f 763/631/676 775/644/688 777/645/689
f 777/645/689 764/632/677 763/631/676
f 778/646/690 765/633/678 764/632/677
f 764/632/677 777/645/689 778/646/690
f 779/647/691 766/634/679 765/633/678
f 765/633/678 778/646/690 779/647/691
f 766/634/679 779/647/691 780/648/692
f 780/648/692 767/635/680 766/634/679
f 780/648/692 781/649/693 768/636/681
f 768/636/681 767/635/680 780/648/692
f 782/650/694 769/637/682 768/636/681
f 768/636/681 781/649/693 782/650/694
f 771/639/683 770/638/682 783/651/695
f 783/651/695 784/652/696 771/639/683
f 784/652/696 785/653/697 772/640/684
f 772/640/684 771/639/683 784/652/696
f 772/640/684 785/653/697 786/654/698
f 786/654/698 773/641/685 772/640/684
f 774/642/686 773/641/685 786/654/698
f 786/654/698 787/655/699 774/642/686
f 776/643/687 762/630/675 774/642/686
f 774/642/686 787/655/699 776/643/687
f 775/644/688 776/643/687 788/656/700
f 788/656/700 789/657/701 775/644/688
f 790/658/702 777/645/689 775/644/688
f 775/644/688 789/657/701 790/658/702
f 791/659/703 778/646/690 777/645/689
f 777/645/689 790/658/702 791/659/703
f 778/646/690 791/659/703 792/660/704
f 792/660/704 779/647/691 778/646/690
f 793/661/705 780/648/692 779/647/691
f 779/647/691 792/660/704 793/661/705
f 794/662/706 781/649/693 780/648/692
f 780/648/692 793/661/705 794/662/706
f 795/663/707 782/650/694 781/649/693
f 781/649/693 794/662/706 795/663/707
f 797/664/708 784/652/696 783/651/695
f 783/651/695 796/665/709 797/664/708
f 798/666/710 785/653/697 784/652/696
f 784/652/696 797/664/708 798/666/710
f 799/667/711 786/654/698 785/653/697
f 785/653/697 798/666/710 799/667/711
f 800/668/712 787/655/699 786/654/698
f 786/654/698 799/667/711 800/668/712
f 776/643/687 787/655/699 800/668/712
f 800/668/712 788/656/700 776/643/687
f 802/669/713 801/670/714 789/657/701
f 789/657/701 788/656/700 802/669/713
f 789/657/701 801/670/714 803/671/715
f 803/671/715 790/658/702 789/657/701
f 804/672/716 791/659/703 790/658/702
f 790/658/702 803/671/715 804/672/716
f 805/673/717 792/660/704 791/659/703
f 791/659/703 804/672/716 805/673/717
f 806/674/718 793/661/705 792/660/704
f 792/660/704 805/673/717 806/674/718
f 807/675/719 794/662/706 793/661/705
f 793/661/705 806/674/718 807/675/719
f 808/676/720 795/663/707 794/662/706
f 794/662/706 807/675/719 808/676/720
f 810/677/721 797/664/708 796/665/709
f 796/665/709 809/678/722 810/677/721
f 797/664/708 810/677/721 811/679/723
f 811/679/723 798/666/710 797/664/708
f 812/680/724 799/667/711 798/666/710
f 798/666/710 811/679/723 812/680/724
f 813/681/725 800/668/712 799/667/711
f 799/667/711 812/680/724 813/681/725
f 802/669/713 788/656/700 800/668/712
f 800/668/712 813/681/725 802/669/713
f 817/682/726 814/683/165 815/684/165
f 815/684/165 816/685/726 817/682/726
f 819/686/727 818/687/727 817/682/726
f 817/682/726 816/685/726 819/686/727
f 821/688/169 820/689/169 818/687/727
f 818/687/727 819/686/727 821/688/169
f 823/690/728 822/691/728 820/689/169
f 820/689/169 821/688/169 823/690/728
f 825/692/729 824/693/729 822/691/728
f 822/691/728 823/690/728 825/692/729
f 825/692/729 826/694/173 827/695/173
f 827/695/173 824/693/729 825/692/729
f 829/696/730 828/697/730 827/695/173
f 827/695/173 826/694/173 829/696/730
f 829/696/730 830/698/731 831/699/731
f 831/699/731 828/697/730 829/696/730
f 830/698/731 832/700/178 833/701/178
f 833/701/178 831/699/731 830/698/731
f 832/700/178 834/702/732 835/703/732
f 835/703/732 833/701/178 832/700/178
f 834/702/732 836/704/733 837/705/733
f 837/705/733 835/703/732 834/702/732
f 837/705/733 836/704/733 838/706/734
f 838/706/734 839/707/734 837/705/733
f 838/706/734 840/708/735 841/709/735
f 841/709/735 839/707/734 838/706/734
f 840/708/735 842/710/736 843/711/736
f 843/711/736 841/709/735 840/708/735
f 845/712/737 843/711/736 842/710/736
f 842/710/736 844/713/158 845/712/737
f 844/713/158 846/714/738 847/715/738
f 847/715/738 845/712/737 844/713/158
f 846/714/738 848/716/739 849/717/739
f 849/717/739 847/715/738 846/714/738
f 814/683/165 849/717/739 848/716/739
f 848/716/739 815/684/165 814/683/165
s 0
f 850/685/740 851/684/740 852/718/740
f 853/686/740 850/685/740 852/718/740
f 854/688/740 853/686/740 852/718/740
f 855/690/740 854/688/740 852/718/740
f 856/692/740 855/690/740 852/718/740
f 857/694/740 856/692/740 852/718/740
f 858/696/740 857/694/740 852/718/740
f 859/698/740 858/696/740 852/718/740
f 860/700/740 859/698/740 852/718/740
f 861/702/740 860/700/740 852/718/740
f 862/704/740 861/702/740 852/718/740
f 863/706/740 862/704/740 852/718/740
f 864/708/740 863/706/740 852/718/740
f 865/713/740 866/710/740 852/718/740
f 867/714/740 865/713/740 852/718/740
f 868/716/740 867/714/740 852/718/740
f 851/684/740 868/716/740 852/718/740
f 872/719/741 869/683/741 870/682/741
f 870/682/741 871/720/741 872/719/741
f 874/687/741 873/721/741 871/720/741
f 871/720/741 870/682/741 874/687/741
f 874/687/741 875/689/741 876/722/741
f 876/722/741 873/721/741 874/687/741
f 878/723/741 876/722/741 875/689/741
f 875/689/741 877/691/741 878/723/741
f 880/724/741 878/723/741 877/691/741
f 877/691/741 879/693/741 880/724/741
f 879/693/741 881/695/741 882/725/741
f 882/725/741 880/724/741 879/693/741
f 884/697/741 883/726/741 882/725/741
f 882/725/741 881/695/741 884/697/741
f 886/699/741 885/727/741 883/726/741
f 883/726/741 884/697/741 886/699/741
f 886/699/741 887/701/741 888/728/741
f 888/728/741 885/727/741 886/699/741
f 890/729/741 888/728/741 887/701/741
f 887/701/741 889/703/741 890/729/741
f 892/705/741 891/730/741 890/729/741
f 890/729/741 889/703/741 892/705/741
f 891/730/741 892/705/741 893/707/741
f 893/707/741 894/731/741 891/730/741
f 893/707/741 895/709/741 896/732/741
f 896/732/741 894/731/741 893/707/741
f 898/733/741 896/732/741 895/709/741
f 895/709/741 897/711/741 898/733/741
f 898/733/741 897/711/741 899/712/741
f 899/712/741 900/734/741 898/733/741
f 899/712/741 901/715/741 902/735/741
f 902/735/741 900/734/741 899/712/741
f 902/735/741 901/715/741 903/717/741
f 903/717/741 904/736/741 902/735/741
f 904/736/741 903/717/741 869/683/741
f 869/683/741 872/719/741 904/736/741
f 908/737/742 905/719/742 906/720/742
f 906/720/742 907/738/742 908/737/742
f 912/739/167 909/738/167 910/720/167
f 910/720/167 911/721/167 912/739/167
f 916/721/743 913/722/743 914/740/743
f 914/740/743 915/739/743 916/721/743
f 920/723/744 917/741/744 918/740/744
f 918/740/744 919/722/744 920/723/744
f 924/742/745 921/741/745 922/723/745
f 922/723/745 923/724/745 924/742/745
f 928/743/746 925/742/746 926/724/746
f 926/724/746 927/725/746 928/743/746
f 932/725/747 929/726/747 930/744/747
f 930/744/747 931/743/747 932/725/747
f 936/726/176 933/727/176 934/745/176
f 934/745/176 935/744/176 936/726/176
f 940/745/748 937/727/748 938/728/748
f 938/728/748 939/746/748 940/745/748
f 944/729/749 941/747/749 942/746/749
f 942/746/749 943/728/749 944/729/749
f 948/748/750 945/747/750 946/729/750
f 946/729/751 947/730/751 948/748/751
f 952/731/752 949/749/752 950/748/752
f 950/748/752 951/730/752 952/731/752
f 956/749/753 953/731/753 954/732/753
f 954/732/753 955/750/753 956/749/753
f 960/733/159 957/751/159 958/750/159
f 958/750/159 959/732/159 960/733/159
f 964/734/754 961/752/754 962/751/754
f 962/751/754 963/733/754 964/734/754
f 968/753/755 965/752/755 966/734/755
f 966/734/755 967/735/755 968/753/755
f 972/736/756 969/754/756 970/753/756
f 970/753/757 971/735/757 972/736/757
f 976/719/758 973/737/758 974/754/758
f 974/754/758 975/736/758 976/719/758
f 864/708/740 852/718/740 866/710/740
s 1
f 980/755/759 977/756/759 978/757/741
f 978/757/741 979/758/741 980/755/759
f 984/759/740 981/760/740 982/761/760
f 982/761/760 983/762/760 984/759/740
f 977/756/759 980/755/759 983/762/760
f 983/762/760 982/761/760 977/756/759
s 0
f 988/763/761 985/764/761 986/765/761
f 986/765/761 987/766/761 988/763/761
f 992/763/762 989/766/762 990/767/762
f 990/767/762 991/768/762 992/763/762
f 996/769/763 993/770/763 994/765/763
f 994/765/763 995/764/763 996/769/763
f 1000/771/761 997/758/761 998/757/761
f 998/757/761 999/772/761 1000/771/761
f 1004/773/764 1001/757/764 1002/756/764
s 1
f 1002/756/765 1003/774/765 1004/773/766
f 1003/774/765 1002/756/765 1005/761/767
f 1005/761/767 1006/775/768 1003/774/765
s 0
f 1005/761/764 1007/760/764 1008/776/764
s 1
f 1008/776/764 1006/775/768 1005/761/767
s 0
f 1012/777/769 1009/760/769 1010/759/769
f 1010/759/761 1011/778/761 1012/777/761
s 1
f 1016/762/770 1013/779/771 1014/780/772
s 0
f 1014/780/773 1015/759/773 1016/762/773
s 1
f 1013/779/771 1016/762/770 1017/755/771
f 1017/755/771 1018/781/774 1013/779/771
s 0
f 1017/755/773 1019/758/773 1020/782/773
s 1
f 1020/782/775 1018/781/774 1017/755/771
s 0
f 1024/772/740 1021/783/740 1022/784/740
f 1022/784/740 1023/771/740 1024/772/740
f 1028/773/740 1025/774/740 1026/785/740
f 1026/785/740 1027/786/740 1028/773/740
s 1
f 1032/774/761 1029/775/761 1030/787/761
s 0
f 1030/787/776 1031/785/776 1032/774/776
f 1036/787/741 1033/775/741 1034/776/741
f 1034/776/741 1035/788/741 1036/787/741
f 1040/789/741 1037/790/741 1038/777/741
f 1038/777/741 1039/778/741 1040/789/741
f 1044/780/741 1041/779/741 1042/791/741
f 1042/791/741 1043/792/741 1044/780/741
s 1
f 1048/781/761 1045/793/761 1046/791/761
s 0
f 1046/791/776 1047/779/776 1048/781/776
f 1052/782/740 1049/794/740 1050/793/740
f 1050/793/740 1051/781/740 1052/782/740
s 1
f 1056/795/777 1053/796/778 1054/797/741
f 1054/797/741 1055/798/741 1056/795/777
f 1060/799/740 1057/800/740 1058/801/779
f 1058/801/779 1059/802/779 1060/799/740
f 1053/796/778 1056/795/777 1059/802/779
f 1059/802/779 1058/801/779 1053/796/778
s 0
f 1064/803/780 1061/804/780 1062/805/780
f 1062/805/780 1063/806/780 1064/803/780
f 1068/803/781 1065/806/781 1066/807/781
f 1066/807/781 1067/808/781 1068/803/781
f 1072/809/782 1069/810/782 1070/805/782
f 1070/805/782 1071/804/782 1072/809/782
f 1076/811/780 1073/798/780 1074/797/780
f 1074/797/780 1075/812/780 1076/811/780
f 1080/813/783 1077/797/783 1078/796/783
s 1
f 1078/796/784 1079/814/785 1080/813/786
f 1079/814/785 1078/796/784 1081/801/787
f 1081/801/787 1082/815/788 1079/814/785
s 0
f 1081/801/783 1083/800/783 1084/816/783
s 1
f 1084/816/783 1082/815/788 1081/801/787
s 0
f 1088/817/780 1085/800/780 1086/799/780
f 1086/799/780 1087/818/780 1088/817/780
s 1
f 1092/802/789 1089/819/790 1090/820/790
s 0
f 1090/820/790 1091/799/790 1092/802/790
s 1
f 1089/819/790 1092/802/789 1093/795/791
f 1093/795/791 1094/821/791 1089/819/790
s 0
f 1093/795/790 1095/798/790 1096/822/790
s 1
f 1096/822/791 1094/821/791 1093/795/791
s 0
f 1100/812/740 1097/823/740 1098/824/740
f 1098/824/740 1099/811/740 1100/812/740
f 1104/813/740 1101/814/740 1102/825/740
f 1102/825/740 1103/826/740 1104/813/740
s 1
f 1108/814/780 1105/815/792 1106/827/793
f 1106/827/793 1107/825/793 1108/814/780
s 0
f 1112/827/741 1109/815/741 1110/816/741
f 1110/816/741 1111/828/741 1112/827/741
f 1116/829/741 1113/830/741 1114/817/741
f 1114/817/741 1115/818/741 1116/829/741
f 1120/820/741 1117/819/741 1118/831/741
f 1118/831/741 1119/832/741 1120/820/741
s 1
f 1124/821/792 1121/833/780 1122/831/780
f 1122/831/780 1123/819/780 1124/821/792
s 0
f 1128/822/740 1125/834/740 1126/833/740
f 1126/833/740 1127/821/740 1128/822/740
s 1
f 1132/835/794 1129/836/795 1130/837/796
f 1130/837/796 1131/838/797 1132/835/794
f 1136/839/798 1133/840/799 1134/841/800
f 1134/841/800 1135/842/801 1136/839/798
f 1138/843/802 1134/841/800 1133/840/799
f 1133/840/799 1137/844/803 1138/843/802
f 1140/845/804 1132/835/794 1131/838/797
f 1131/838/797 1139/846/805 1140/845/804
f 1135/842/801 1134/841/800 1140/845/804
f 1140/845/804 1139/846/805 1135/842/801
f 1138/843/802 1141/847/806 1140/845/804
f 1140/845/804 1134/841/800 1138/843/802
f 1145/848/807 1142/849/808 1143/850/809
f 1143/850/809 1144/851/810 1145/848/807
f 1147/852/811 1145/848/807 1144/851/810
f 1144/851/810 1146/853/812 1147/852/811
f 1149/854/813 1147/852/811 1146/853/812
f 1146/853/812 1148/855/814 1149/854/813
f 1149/854/813 1148/855/814 1150/856/815
f 1150/856/815 1151/857/816 1149/854/813
f 1153/858/817 1152/859/818 1150/856/815
f 1150/856/815 1148/855/814 1153/858/817
f 1151/857/816 1150/856/815 1154/860/819
f 1154/860/819 1155/861/820 1151/857/816
f 1154/860/819 1150/856/815 1152/859/818
f 1152/859/818 1156/862/821 1154/860/819
f 1154/860/819 1157/863/822 1158/864/823
f 1158/864/823 1155/861/820 1154/860/819
f 1159/865/824 1157/863/822 1154/860/819
f 1154/860/819 1156/862/821 1159/865/824
f 1161/866/825 1160/867/826 1143/850/809
f 1143/850/809 1142/849/808 1161/866/825
f 1160/867/826 1161/866/825 1162/868/827
f 1162/868/827 1163/869/828 1160/867/826
f 1165/870/829 1163/869/828 1162/868/827
f 1162/868/827 1164/871/830 1165/870/829
f 1164/871/830 1166/872/831 1167/873/832
f 1167/873/832 1165/870/829 1164/871/830
f 1165/870/829 1167/873/832 1168/874/798
f 1168/874/798 1169/875/833 1165/870/829
f 1171/876/834 1167/873/832 1166/872/831
f 1166/872/831 1170/877/835 1171/876/834
f 1167/873/832 1171/876/834 1172/878/799
f 1172/878/799 1168/874/798 1167/873/832
f 1170/877/835 1173/879/836 1174/880/837
f 1174/880/837 1171/876/834 1170/877/835
f 1174/880/837 1175/881/803 1172/878/799
f 1172/878/799 1171/876/834 1174/880/837
f 1177/882/838 1174/880/837 1173/879/836
f 1173/879/836 1176/883/839 1177/882/838
f 1178/884/840 1175/881/803 1174/880/837
f 1174/880/837 1177/882/838 1178/884/840
f 1132/835/794 1179/885/841 1180/886/842
f 1180/886/842 1129/836/795 1132/835/794
f 1159/865/824 1181/887/841 1182/888/843
f 1182/888/843 1157/863/822 1159/865/824
f 1141/847/806 1179/885/841 1132/835/794
f 1132/835/794 1140/845/804 1141/847/806
f 1183/889/844 1158/864/823 1157/863/822
f 1157/863/822 1182/888/843 1183/889/844
f 1165/870/829 1169/875/833 1184/890/845
f 1184/890/845 1163/869/828 1165/870/829
f 1163/869/828 1184/890/845 1185/891/846
f 1185/891/846 1160/867/826 1163/869/828
f 1185/891/846 1186/892/847 1143/850/809
f 1143/850/809 1160/867/826 1185/891/846
f 1153/858/817 1148/855/814 1146/853/812
f 1146/853/812 1187/893/848 1153/858/817
f 1143/850/809 1186/892/847 1188/894/849
f 1188/894/849 1144/851/810 1143/850/809
f 1146/853/812 1144/851/810 1188/894/849
f 1188/894/849 1187/893/848 1146/853/812
f 1136/839/798 1135/842/801 1189/895/850
f 1189/895/850 1190/896/851 1136/839/798
f 1185/891/846 1184/890/845 1191/897/852
f 1191/897/852 1184/890/845 1190/896/851
f 1190/896/851 1189/895/850 1191/897/852
f 1135/842/801 1139/846/805 1192/898/853
f 1192/898/853 1189/895/850 1135/842/801
f 1186/892/847 1185/891/846 1191/897/852
f 1191/897/852 1193/899/854 1186/892/847
f 1131/838/797 1194/900/855 1192/898/853
f 1192/898/853 1139/846/805 1131/838/797
f 1191/897/852 1189/895/850 1192/898/853
f 1192/898/853 1193/899/854 1191/897/852
f 1187/893/848 1195/901/856 1194/900/855
f 1194/900/855 1196/902/817 1187/893/848
f 1130/837/796 1196/902/817 1194/900/855
f 1194/900/855 1131/838/797 1130/837/796
f 1194/900/855 1195/901/856 1193/899/854
f 1193/899/854 1192/898/853 1194/900/855
f 1186/892/847 1193/899/854 1195/901/856
f 1195/901/856 1188/894/849 1186/892/847
f 1195/901/856 1187/893/848 1188/894/849
f 1200/837/857 1197/836/858 1198/835/859
f 1198/835/859 1199/838/860 1200/837/857
f 1204/841/861 1201/840/862 1202/839/863
f 1202/839/863 1203/842/864 1204/841/861
f 1201/840/862 1204/841/861 1205/843/865
f 1205/843/865 1206/844/866 1201/840/862
f 1199/838/860 1198/835/859 1207/845/867
f 1207/845/867 1208/846/868 1199/838/860
f 1207/845/867 1204/841/861 1203/842/864
f 1203/842/864 1208/846/868 1207/845/867
f 1207/845/867 1209/847/869 1205/843/865
f 1205/843/865 1204/841/861 1207/845/867
f 1211/850/870 1142/849/808 1145/848/807
f 1145/848/807 1210/851/871 1211/850/870
f 1210/851/871 1145/848/807 1147/852/811
f 1147/852/811 1212/853/872 1210/851/871
f 1212/853/872 1147/852/811 1149/854/813
f 1149/854/813 1213/855/873 1212/853/872
f 1214/856/874 1213/855/873 1149/854/813
f 1149/854/813 1151/857/816 1214/856/874
f 1214/856/874 1215/859/857 1216/858/875
f 1216/858/875 1213/855/873 1214/856/874
f 1217/860/876 1214/856/874 1151/857/816
f 1151/857/816 1155/861/820 1217/860/876
f 1215/859/857 1214/856/874 1217/860/876
f 1217/860/876 1218/862/877 1215/859/857
f 1158/864/823 1219/863/878 1217/860/876
f 1217/860/876 1155/861/820 1158/864/823
f 1217/860/876 1219/863/878 1220/865/879
f 1220/865/879 1218/862/877 1217/860/876
f 1211/850/870 1221/867/880 1161/866/825
f 1161/866/825 1142/849/808 1211/850/870
f 1162/868/827 1161/866/825 1221/867/880
f 1221/867/880 1222/869/881 1162/868/827
f 1162/868/827 1222/869/881 1223/870/882
f 1223/870/882 1164/871/830 1162/868/827
f 1224/873/883 1166/872/831 1164/871/830
f 1164/871/830 1223/870/882 1224/873/883
f 1226/874/863 1224/873/883 1223/870/882
f 1223/870/882 1225/875/884 1226/874/863
f 1166/872/831 1224/873/883 1227/876/885
f 1227/876/885 1170/877/835 1166/872/831
f 1228/878/862 1227/876/885 1224/873/883
f 1224/873/883 1226/874/863 1228/878/862
f 1229/880/886 1173/879/836 1170/877/835
f 1170/877/835 1227/876/885 1229/880/886
f 1228/878/862 1230/881/887 1229/880/886
f 1229/880/886 1227/876/885 1228/878/862
f 1173/879/836 1229/880/886 1231/882/888
f 1231/882/888 1176/883/839 1173/879/836
f 1229/880/886 1230/881/887 1232/884/889
f 1232/884/889 1231/882/888 1229/880/886
f 1234/886/890 1233/885/891 1198/835/859
f 1198/835/859 1197/836/858 1234/886/890
f 1236/888/892 1235/887/891 1220/865/879
f 1220/865/879 1219/863/878 1236/888/892
f 1198/835/859 1233/885/891 1209/847/869
f 1209/847/869 1207/845/867 1198/835/859
f 1219/863/878 1158/864/823 1183/889/844
f 1183/889/844 1236/888/892 1219/863/878
f 1237/890/893 1225/875/884 1223/870/882
f 1223/870/882 1222/869/881 1237/890/893
f 1238/891/894 1237/890/893 1222/869/881
f 1222/869/881 1221/867/880 1238/891/894
f 1211/850/870 1239/892/895 1238/891/894
f 1238/891/894 1221/867/880 1211/850/870
f 1212/853/872 1213/855/873 1216/858/875
f 1216/858/875 1240/893/896 1212/853/872
f 1241/894/897 1239/892/895 1211/850/870
f 1211/850/870 1210/851/871 1241/894/897
f 1241/894/897 1210/851/871 1212/853/872
f 1212/853/872 1240/893/896 1241/894/897
f 1243/895/898 1203/842/864 1202/839/863
f 1202/839/863 1242/896/899 1243/895/898
f 1238/891/894 1244/897/900 1237/890/893
f 1242/896/899 1237/890/893 1244/897/900
f 1244/897/900 1243/895/898 1242/896/899
f 1245/898/901 1208/846/868 1203/842/864
f 1203/842/864 1243/895/898 1245/898/901
f 1244/897/900 1238/891/894 1239/892/895
f 1239/892/895 1246/899/902 1244/897/900
f 1245/898/901 1247/900/903 1199/838/860
f 1199/838/860 1208/846/868 1245/898/901
f 1245/898/901 1243/895/898 1244/897/900
f 1244/897/900 1246/899/902 1245/898/901
f 1247/900/903 1248/901/904 1240/893/896
f 1240/893/896 1249/902/905 1247/900/903
f 1247/900/903 1249/902/905 1200/837/857
f 1200/837/857 1199/838/860 1247/900/903
f 1246/899/902 1248/901/904 1247/900/903
f 1247/900/903 1245/898/901 1246/899/902
f 1248/901/904 1246/899/902 1239/892/895
f 1239/892/895 1241/894/897 1248/901/904
f 1248/901/904 1241/894/897 1240/893/896
f 1250/903/906 1251/904/907 1252/905/908
f 1252/905/908 1253/906/909 1254/907/910
f 1254/907/910 1250/903/906 1252/905/908
f 1250/903/906 1254/907/910 1255/908/911
f 1255/908/911 1256/909/912 1250/903/906
f 1258/910/913 1251/904/907 1250/903/906
f 1250/903/906 1257/911/914 1258/910/913
f 1257/911/914 1259/912/915 1260/913/916
f 1260/913/916 1258/910/913 1257/911/914
f 1259/912/915 1261/914/917 1262/915/918
f 1262/915/918 1260/913/916 1259/912/915
f 1255/908/911 1263/916/919 1264/917/920
f 1264/917/920 1256/909/912 1255/908/911
f 1256/909/912 1265/918/921 1257/911/914
f 1257/911/914 1250/903/906 1256/909/912
f 1266/919/922 1259/912/915 1257/911/914
f 1257/911/914 1265/918/921 1266/919/922
f 1267/920/923 1265/918/921 1256/909/912
f 1256/909/912 1264/917/920 1267/920/923
f 1264/917/920 1263/916/919 1268/921/924
f 1268/921/924 1269/922/925 1264/917/920
f 1265/918/921 1267/920/923 1270/923/926
f 1270/923/926 1266/919/922 1265/918/921
f 1264/917/920 1269/922/925 1271/924/927
f 1271/924/927 1267/920/923 1264/917/920
f 1267/920/923 1271/924/927 1272/925/928
f 1272/925/928 1270/923/926 1267/920/923
f 1261/914/917 1259/912/915 1266/919/922
f 1266/919/922 1273/926/929 1261/914/917
f 1273/926/929 1266/919/922 1270/923/926
f 1270/923/926 1274/927/930 1273/926/929
f 1275/928/931 1274/927/930 1270/923/926
f 1270/923/926 1272/925/928 1275/928/931
f 1261/914/917 1276/929/932 1277/930/933
f 1277/930/933 1262/915/918 1261/914/917
f 1276/929/932 1261/914/917 1273/926/929
f 1273/926/929 1278/931/934 1276/929/932
f 1273/926/929 1274/927/930 1279/932/935
f 1279/932/935 1278/931/934 1273/926/929
f 1280/933/936 1279/932/935 1274/927/930
f 1274/927/930 1275/928/931 1280/933/936
f 1284/934/937 1281/935/938 1282/936/939
f 1282/936/939 1283/937/940 1284/934/937
f 1268/921/924 1285/938/941 1286/939/942
f 1286/939/942 1269/922/925 1268/921/924
f 1281/935/938 1286/939/942 1285/938/941
f 1285/938/941 1282/936/939 1281/935/938
f 1271/924/927 1269/922/925 1286/939/942
f 1286/939/942 1287/940/943 1271/924/927
f 1287/940/943 1288/941/944 1272/925/928
f 1272/925/928 1271/924/927 1287/940/943
f 1289/942/945 1275/928/931 1272/925/928
f 1272/925/928 1288/941/944 1289/942/945
f 1275/928/931 1289/942/945 1290/943/946
f 1290/943/946 1280/933/936 1275/928/931
f 1291/944/947 1290/943/946 1289/942/945
f 1293/945/948 1286/939/942 1281/935/938
f 1281/935/938 1292/946/949 1293/945/948
f 1286/939/942 1293/945/948 1294/947/950
f 1294/947/950 1287/940/943 1286/939/942
f 1294/947/950 1295/948/951 1288/941/944
f 1288/941/944 1287/940/943 1294/947/950
f 1289/942/945 1288/941/944 1295/948/951
f 1295/948/951 1296/949/952 1289/942/945
f 1291/944/947 1289/942/945 1296/949/952
f 1296/949/952 1297/950/953 1291/944/947
f 1297/950/953 1298/951/954 1299/952/955
f 1299/952/955 1291/944/947 1297/950/953
f 1300/953/956 1291/944/947 1299/952/955
f 1283/937/940 1282/936/939 1285/938/941
f 1285/938/941 1301/954/957 1283/937/940
f 1285/938/941 1268/921/924 1302/955/958
f 1302/955/958 1301/954/957 1285/938/941
f 1303/956/959 1302/955/958 1268/921/924
f 1268/921/924 1263/916/919 1303/956/959
f 1255/908/911 1304/957/960 1303/956/959
f 1303/956/959 1263/916/919 1255/908/911
f 1254/907/910 1305/958/961 1304/957/960
f 1304/957/960 1255/908/911 1254/907/910
f 1304/957/960 1306/959/962 1307/960/963
f 1307/960/963 1303/956/959 1304/957/960
f 1308/961/964 1306/959/962 1304/957/960
f 1310/962/965 1309/963/966 1306/959/962
f 1306/959/962 1308/961/964 1310/962/965
f 1308/961/964 1304/957/960 1305/958/961
f 1305/958/961 1311/964/967 1308/961/964
f 1254/907/910 1253/906/909 1312/965/968
f 1312/965/968 1305/958/961 1254/907/910
f 1252/905/908 1313/966/969 1312/965/968
f 1312/965/968 1253/906/909 1252/905/908
f 1316/967/970 1314/968/967 1315/969/971
f 1315/969/971 1312/965/968 1316/967/970
f 1317/970/972 1313/966/969 1252/905/908
f 1252/905/908 1251/904/907 1317/970/972
f 1318/971/973 1312/965/968 1313/966/969
f 1316/967/970 1312/965/968 1318/971/973
f 1318/971/973 1319/972/974 1316/967/970
f 1317/970/972 1318/971/973 1313/966/969
f 1320/973/975 1317/970/972 1251/904/907
f 1251/904/907 1258/910/913 1320/973/975
f 1321/974/976 1319/972/974 1318/971/973
f 1318/971/973 1317/970/972 1321/974/976
f 1322/975/977 1316/967/970 1319/972/974
f 1319/972/974 1321/974/976 1322/975/977
f 1323/976/978 1320/973/975 1258/910/913
f 1258/910/913 1260/913/916 1323/976/978
f 1262/915/918 1324/977/979 1323/976/978
f 1323/976/978 1260/913/916 1262/915/918
f 1324/977/979 1262/915/918 1277/930/933
f 1277/930/933 1325/978/980 1324/977/979
f 1326/979/981 1325/978/980 1327/980/982
f 1325/978/980 1277/930/933 1328/981/983
f 1327/980/982 1325/978/980 1328/981/983
f 1328/981/983 1277/930/933 1276/929/932
f 1276/929/932 1329/982/984 1328/981/983
f 1331/983/985 1330/984/981 1327/980/982
f 1327/980/982 1328/981/983 1331/983/985
f 1331/983/985 1328/981/983 1329/982/984
f 1332/985/986 1329/982/984 1276/929/932
f 1276/929/932 1278/931/934 1332/985/986
f 1333/986/987 1332/985/986 1278/931/934
f 1278/931/934 1279/932/935 1333/986/987
f 1279/932/935 1280/933/936 1334/987/988
f 1334/987/988 1333/986/987 1279/932/935
f 1280/933/936 1290/943/946 1335/988/989
f 1335/988/989 1334/987/988 1280/933/936
f 1300/953/956 1335/988/989 1290/943/946
f 1290/943/946 1291/944/947 1300/953/956
f 1337/989/990 1336/990/991 1299/952/955
f 1299/952/955 1298/951/954 1337/989/990
f 1337/989/990 1298/951/954 1297/950/953
f 1297/950/953 1338/991/992 1337/989/990
f 1296/949/952 1339/992/993 1338/991/992
f 1338/991/992 1297/950/953 1296/949/952
f 1340/993/994 1341/994/995 1342/995/992
f 1300/953/956 1341/994/995 1340/993/994
f 1340/993/994 1335/988/989 1300/953/956
f 1343/996/996 1339/992/993 1296/949/952
f 1296/949/952 1295/948/951 1343/996/996
f 1343/996/996 1295/948/951 1344/997/997
f 1344/997/997 1295/948/951 1294/947/950
f 1294/947/950 1345/998/998 1344/997/997
f 1347/999/999 1346/1000/1000 1344/997/997
f 1344/997/997 1345/998/998 1347/999/999
f 1348/1001/1001 1345/998/998 1294/947/950
f 1294/947/950 1293/945/948 1348/1001/1001
f 1281/935/938 1284/934/937 1292/946/949
f 1348/1001/1001 1293/945/948 1292/946/949
f 1292/946/949 1284/934/937 1283/937/940
f 1283/937/940 1349/1002/1002 1292/946/949
f 1350/1003/1002 1283/937/940 1301/954/957
f 1350/1003/1002 1301/954/957 1351/1004/1003
f 1352/1005/1004 1303/956/959 1307/960/963
f 1353/1006/1005 1306/959/962 1309/963/966
f 1307/960/963 1306/959/962 1353/1006/1005
f 1354/1007/1006 1352/1005/1004 1307/960/963
f 1307/960/963 1353/1006/1005 1354/1007/1006
f 1352/1005/1004 1355/1008/1007 1302/955/958
f 1302/955/958 1303/956/959 1352/1005/1004
f 1351/1004/1003 1301/954/957 1302/955/958
f 1302/955/958 1355/1008/1007 1351/1004/1003
f 1352/1005/1004 1354/1007/1006 1356/1009/1008
f 1356/1009/1008 1355/1008/1007 1352/1005/1004
f 1350/1003/1002 1351/1004/1003 1357/1010/1009
f 1355/1008/1007 1356/1009/1008 1358/1011/1010
f 1347/999/999 1345/998/998 1348/1001/1001
f 1348/1001/1001 1359/1012/1009 1347/999/999
f 1292/946/949 1349/1002/1002 1359/1012/1009
f 1359/1012/1009 1348/1001/1001 1292/946/949
f 1358/1011/1010 1357/1010/1009 1351/1004/1003
f 1351/1004/1003 1355/1008/1007 1358/1011/1010
f 1325/978/980 1326/979/981 1360/1013/1011
f 1360/1013/1011 1324/977/979 1325/978/980
f 1323/976/978 1324/977/979 1360/1013/1011
f 1360/1013/1011 1361/1014/1012 1323/976/978
f 1363/1015/1011 1330/984/981 1331/983/985
f 1331/983/985 1362/1016/1013 1363/1015/1011
f 1331/983/985 1329/982/984 1332/985/986
f 1332/985/986 1362/1016/1013 1331/983/985
f 1361/1014/1012 1364/1017/1014 1320/973/975
f 1320/973/975 1323/976/978 1361/1014/1012
f 1364/1017/1014 1322/975/977 1321/974/976
f 1317/970/972 1320/973/975 1364/1017/1014
f 1364/1017/1014 1321/974/976 1317/970/972
f 1308/961/964 1311/964/967 1365/1018/1015
f 1365/1018/1015 1310/962/965 1308/961/964
f 1366/1019/1016 1314/968/967 1316/967/970
f 1316/967/970 1322/975/977 1366/1019/1016
f 1367/1020/1017 1366/1019/1016 1322/975/977
f 1322/975/977 1364/1017/1014 1367/1020/1017
f 1364/1017/1014 1361/1014/1012 1368/1021/1018
f 1368/1021/1018 1367/1020/1017 1364/1017/1014
f 1370/1022/1019 1363/1015/1011 1362/1016/1013
f 1362/1016/1013 1369/1023/1018 1370/1022/1019
f 1371/1024/1020 1362/1016/1013 1332/985/986
f 1371/1024/1020 1372/1025/1021 1369/1023/1018
f 1369/1023/1018 1362/1016/1013 1371/1024/1020
f 1332/985/986 1333/986/987 1373/1026/1022
f 1373/1026/1022 1371/1024/1020 1332/985/986
f 1373/1026/1022 1374/1027/1023 1372/1025/1021
f 1372/1025/1021 1371/1024/1020 1373/1026/1022
f 1333/986/987 1334/987/988 1375/1028/1024
f 1375/1028/1024 1373/1026/1022 1333/986/987
f 1375/1028/1024 1334/987/988 1335/988/989
f 1335/988/989 1340/993/994 1375/1028/1024
f 1342/995/992 1376/1029/993 1377/1030/1025
f 1377/1030/1025 1340/993/994 1342/995/992
f 1379/1031/1026 1378/1032/1025 1339/992/993
f 1339/992/993 1343/996/996 1379/1031/1026
f 1377/1030/1025 1380/1033/1027 1375/1028/1024
f 1375/1028/1024 1340/993/994 1377/1030/1025
f 1379/1031/1026 1343/996/996 1344/997/997
f 1344/997/997 1346/1000/1000 1379/1031/1026
f 1381/1034/1027 1378/1032/1025 1379/1031/1026
f 1374/1027/1023 1373/1026/1022 1375/1028/1024
f 1375/1028/1024 1380/1033/1027 1374/1027/1023
f 1385/1035/1028 1382/1036/1029 1383/1037/1030
f 1383/1037/1030 1384/1038/1031 1385/1035/1028
f 1382/1036/1029 1385/1035/1028 1386/1039/1032
f 1386/1039/1032 1387/1040/1033 1382/1036/1029
f 1382/1036/1029 1388/1041/1034 1389/1042/1035
f 1389/1042/1035 1383/1037/1030 1382/1036/1029
f 1391/1043/1036 1390/1044/1037 1389/1042/1035
f 1389/1042/1035 1388/1041/1034 1391/1043/1036
f 1390/1044/1037 1391/1043/1036 1392/1045/1038
f 1392/1045/1038 1393/1046/1039 1390/1044/1037
f 1395/1047/1040 1392/1045/1038 1391/1043/1036
f 1391/1043/1036 1394/1048/1041 1395/1047/1040
f 1396/1049/1042 1394/1048/1041 1391/1043/1036
f 1391/1043/1036 1388/1041/1034 1396/1049/1042
f 1387/1040/1033 1396/1049/1042 1388/1041/1034
f 1388/1041/1034 1382/1036/1029 1387/1040/1033
f 1386/1039/1032 1397/1050/1043 1398/1051/1044
f 1398/1051/1044 1387/1040/1033 1386/1039/1032
f 1399/1052/1045 1396/1049/1042 1387/1040/1033
f 1387/1040/1033 1398/1051/1044 1399/1052/1045
f 1398/1051/1044 1397/1050/1043 1400/1053/1046
f 1400/1053/1046 1401/1054/1047 1398/1051/1044
f 1396/1049/1042 1399/1052/1045 1402/1055/1048
f 1402/1055/1048 1394/1048/1041 1396/1049/1042
f 1403/1056/1049 1395/1047/1040 1394/1048/1041
f 1394/1048/1041 1402/1055/1048 1403/1056/1049
f 1405/1057/1050 1401/1054/1047 1400/1053/1046
f 1400/1053/1046 1404/1058/1051 1405/1057/1050
f 1401/1054/1047 1406/1059/1052 1399/1052/1045
f 1399/1052/1045 1398/1051/1044 1401/1054/1047
f 1402/1055/1048 1399/1052/1045 1406/1059/1052
f 1406/1059/1052 1407/1060/1053 1402/1055/1048
f 1407/1060/1053 1408/1061/1054 1403/1056/1049
f 1403/1056/1049 1402/1055/1048 1407/1060/1053
f 1409/1062/1055 1406/1059/1052 1401/1054/1047
f 1401/1054/1047 1405/1057/1050 1409/1062/1055
f 1407/1060/1053 1406/1059/1052 1409/1062/1055
f 1409/1062/1055 1410/1063/1056 1407/1060/1053
f 1408/1061/1054 1407/1060/1053 1410/1063/1056
f 1410/1063/1056 1411/1064/1057 1408/1061/1054
f 1405/1057/1050 1404/1058/1051 1412/1065/1058
f 1412/1065/1058 1413/1066/1059 1405/1057/1050
f 1405/1057/1050 1413/1066/1059 1414/1067/1060
f 1414/1067/1060 1409/1062/1055 1405/1057/1050
f 1414/1067/1060 1415/1068/1061 1410/1063/1056
f 1410/1063/1056 1409/1062/1055 1414/1067/1060
f 1410/1063/1056 1415/1068/1061 1416/1069/1062
f 1416/1069/1062 1411/1064/1057 1410/1063/1056
f 1415/1068/1061 1414/1067/1060 1417/1070/1063
f 1417/1070/1063 1418/1071/1064 1415/1068/1061
f 1418/1071/1064 1419/1072/1065 1416/1069/1062
f 1416/1069/1062 1415/1068/1061 1418/1071/1064
f 1392/1045/1038 1420/1073/1066 1421/1074/1067
f 1421/1074/1067 1393/1046/1039 1392/1045/1038
f 1422/1075/1068 1421/1074/1067 1420/1073/1066
f 1395/1047/1040 1423/1076/1069 1420/1073/1066
f 1420/1073/1066 1392/1045/1038 1395/1047/1040
f 1403/1056/1049 1424/1077/1070 1423/1076/1069
f 1423/1076/1069 1395/1047/1040 1403/1056/1049
f 1425/1078/1071 1424/1077/1070 1403/1056/1049
f 1403/1056/1049 1408/1061/1054 1425/1078/1071
f 1411/1064/1057 1426/1079/1072 1425/1078/1071
f 1425/1078/1071 1408/1061/1054 1411/1064/1057
f 1428/1080/1073 1416/1069/1062 1419/1072/1065
f 1419/1072/1065 1427/1081/1074 1428/1080/1073
f 1411/1064/1057 1416/1069/1062 1428/1080/1073
f 1428/1080/1073 1426/1079/1072 1411/1064/1057
f 1428/1080/1073 1427/1081/1074 1429/1082/1075
f 1432/1083/1076 1430/1084/1077 1429/1082/1075
f 1429/1082/1075 1431/1085/1078 1432/1083/1076
f 1430/1084/1077 1428/1080/1073 1429/1082/1075
f 1430/1084/1077 1433/1086/1079 1426/1079/1072
f 1426/1079/1072 1428/1080/1073 1430/1084/1077
f 1433/1086/1079 1434/1087/1080 1425/1078/1071
f 1425/1078/1071 1426/1079/1072 1433/1086/1079
f 1424/1077/1070 1425/1078/1071 1434/1087/1080
f 1434/1087/1080 1435/1088/1081 1424/1077/1070
f 1423/1076/1069 1424/1077/1070 1435/1088/1081
f 1435/1088/1081 1436/1089/1082 1423/1076/1069
f 1436/1089/1082 1437/1090/1083 1420/1073/1066
f 1420/1073/1066 1423/1076/1069 1436/1089/1082
f 1422/1075/1068 1420/1073/1066 1437/1090/1083
f 1437/1090/1083 1438/1091/1084 1422/1075/1068
f 1440/1092/1085 1437/1090/1083 1436/1089/1082
f 1436/1089/1082 1439/1093/1086 1440/1092/1085
f 1441/1094/1087 1439/1093/1086 1436/1089/1082
f 1436/1089/1082 1435/1088/1081 1441/1094/1087
f 1441/1094/1087 1442/1095/1088 1443/1096/1089
f 1443/1096/1089 1439/1093/1086 1441/1094/1087
f 1435/1088/1081 1434/1087/1080 1444/1097/1090
f 1444/1097/1090 1441/1094/1087 1435/1088/1081
f 1444/1097/1090 1445/1098/1091 1442/1095/1088
f 1442/1095/1088 1441/1094/1087 1444/1097/1090
f 1434/1087/1080 1433/1086/1079 1446/1099/1092
f 1446/1099/1092 1444/1097/1090 1434/1087/1080
f 1447/1100/1093 1445/1098/1091 1444/1097/1090
f 1444/1097/1090 1446/1099/1092 1447/1100/1093
f 1433/1086/1079 1430/1084/1077 1448/1101/1094
f 1448/1101/1094 1446/1099/1092 1433/1086/1079
f 1430/1084/1077 1432/1083/1076 1448/1101/1094
f 1449/1102/1095 1448/1101/1094 1450/1103/1096
f 1432/1083/1076 1451/1104/1097 1450/1103/1096
f 1450/1103/1096 1448/1101/1094 1432/1083/1076
f 1454/1105/1098 1452/1106/1099 1453/1107/1096
f 1453/1107/1096 1451/1104/1097 1454/1105/1098
f 1429/1082/1075 1455/1108/1100 1454/1105/1098
f 1454/1105/1098 1431/1085/1078 1429/1082/1075
f 1454/1105/1098 1451/1104/1097 1432/1083/1076
f 1432/1083/1076 1431/1085/1078 1454/1105/1098
f 1447/1100/1093 1446/1099/1092 1448/1101/1094
f 1448/1101/1094 1449/1102/1095 1447/1100/1093
f 1419/1072/1065 1456/1109/1101 1452/1106/1099
f 1452/1106/1099 1427/1081/1074 1419/1072/1065
f 1429/1082/1075 1427/1081/1074 1452/1106/1099
f 1452/1106/1099 1455/1108/1100 1429/1082/1075
f 1454/1105/1098 1455/1108/1100 1452/1106/1099
f 1458/1110/1102 1457/1111/1095 1453/1107/1096
f 1453/1107/1096 1452/1106/1099 1458/1110/1102
f 1452/1106/1099 1456/1109/1101 1458/1110/1102
f 1459/1112/1103 1456/1109/1101 1419/1072/1065
f 1419/1072/1065 1418/1071/1064 1459/1112/1103
f 1459/1112/1103 1460/1113/1104 1458/1110/1102
f 1458/1110/1102 1456/1109/1101 1459/1112/1103
f 1461/1114/1105 1459/1112/1103 1418/1071/1064
f 1418/1071/1064 1417/1070/1063 1461/1114/1105
f 1413/1066/1059 1412/1065/1058 1462/1115/1106
f 1417/1070/1063 1414/1067/1060 1413/1066/1059
f 1413/1066/1059 1463/1116/1107 1417/1070/1063
f 1417/1070/1063 1463/1116/1107 1464/1117/1108
f 1464/1117/1108 1461/1114/1105 1417/1070/1063
f 1464/1117/1108 1463/1116/1107 1465/1118/1109
f 1413/1066/1059 1462/1115/1106 1466/1119/1110
f 1466/1119/1110 1463/1116/1107 1413/1066/1059
f 1465/1118/1109 1463/1116/1107 1466/1119/1110
f 1467/1120/1111 1468/1121/1109 1469/1122/1112
f 1467/1120/1111 1469/1122/1112 1462/1115/1106
f 1467/1120/1111 1462/1115/1106 1470/1123/1113
f 1412/1065/1058 1404/1058/1051 1470/1123/1113
f 1470/1123/1113 1462/1115/1106 1412/1065/1058
f 1471/1124/1114 1470/1123/1113 1404/1058/1051
f 1404/1058/1051 1400/1053/1046 1471/1124/1114
f 1471/1124/1114 1400/1053/1046 1397/1050/1043
f 1397/1050/1043 1472/1125/1115 1471/1124/1114
f 1473/1126/1116 1472/1125/1115 1397/1050/1043
f 1397/1050/1043 1386/1039/1032 1473/1126/1116
f 1474/1127/1117 1473/1126/1116 1386/1039/1032
f 1386/1039/1032 1385/1035/1028 1474/1127/1117
f 1475/1128/1118 1474/1127/1117 1385/1035/1028
f 1385/1035/1028 1384/1038/1031 1475/1128/1118
f 1477/1129/1119 1476/1130/1120 1384/1038/1031
f 1384/1038/1031 1383/1037/1030 1477/1129/1119
f 1476/1130/1120 1475/1128/1118 1384/1038/1031
f 1478/1131/1121 1477/1129/1119 1383/1037/1030
f 1383/1037/1030 1389/1042/1035 1478/1131/1121
f 1479/1132/1122 1478/1131/1121 1389/1042/1035
f 1389/1042/1035 1390/1044/1037 1479/1132/1122
f 1480/1133/1123 1479/1132/1122 1390/1044/1037
f 1390/1044/1037 1393/1046/1039 1480/1133/1123
f 1481/1134/1124 1480/1133/1123 1393/1046/1039
f 1393/1046/1039 1421/1074/1067 1481/1134/1124
f 1482/1135/1125 1422/1075/1068 1438/1091/1084
f 1483/1136/1126 1422/1075/1068 1482/1135/1125
f 1483/1136/1126 1481/1134/1124 1421/1074/1067
f 1421/1074/1067 1422/1075/1068 1483/1136/1126
f 1437/1090/1083 1440/1092/1085 1484/1137/1127
f 1484/1137/1127 1438/1091/1084 1437/1090/1083
f 1485/1138/1128 1484/1137/1127 1440/1092/1085
f 1443/1096/1089 1485/1138/1128 1440/1092/1085
f 1440/1092/1085 1439/1093/1086 1443/1096/1089
f 1481/1134/1124 1483/1136/1126 1486/1139/1129
f 1486/1139/1129 1487/1140/1130 1481/1134/1124
f 1483/1136/1126 1482/1135/1125 1486/1139/1129
f 1489/1141/1131 1488/1142/1132 1486/1139/1129
f 1486/1139/1129 1482/1135/1125 1489/1141/1131
f 1488/1142/1132 1490/1143/1128 1491/1144/1133
f 1491/1144/1133 1486/1139/1129 1488/1142/1132
f 1491/1144/1133 1487/1140/1130 1486/1139/1129
f 1487/1140/1130 1492/1145/1134 1480/1133/1123
f 1480/1133/1123 1481/1134/1124 1487/1140/1130
f 1493/1146/1135 1492/1145/1134 1487/1140/1130
f 1487/1140/1130 1491/1144/1133 1493/1146/1135
f 1479/1132/1122 1480/1133/1123 1492/1145/1134
f 1492/1145/1134 1494/1147/1136 1479/1132/1122
f 1492/1145/1134 1493/1146/1135 1495/1148/1137
f 1495/1148/1137 1494/1147/1136 1492/1145/1134
f 1478/1131/1121 1479/1132/1122 1494/1147/1136
f 1494/1147/1136 1496/1149/1138 1478/1131/1121
f 1494/1147/1136 1495/1148/1137 1497/1150/1139
f 1497/1150/1139 1496/1149/1138 1494/1147/1136
f 1498/1151/1140 1477/1129/1119 1478/1131/1121
f 1478/1131/1121 1496/1149/1138 1498/1151/1140
f 1500/1152/1141 1475/1128/1118 1476/1130/1120
f 1476/1130/1120 1499/1153/1142 1500/1152/1141
f 1476/1130/1120 1477/1129/1119 1498/1151/1140
f 1501/1154/1143 1474/1127/1117 1475/1128/1118
f 1475/1128/1118 1500/1152/1141 1501/1154/1143
f 1502/1155/1144 1498/1151/1140 1496/1149/1138
f 1496/1149/1138 1497/1150/1139 1502/1155/1144
f 1499/1153/1142 1503/1156/1144 1501/1154/1143
f 1501/1154/1143 1500/1152/1141 1499/1153/1142
f 1473/1126/1116 1474/1127/1117 1501/1154/1143
f 1501/1154/1143 1504/1157/1145 1473/1126/1116
f 1501/1154/1143 1503/1156/1144 1505/1158/1146
f 1505/1158/1146 1504/1157/1145 1501/1154/1143
f 1506/1159/1147 1472/1125/1115 1473/1126/1116
f 1473/1126/1116 1504/1157/1145 1506/1159/1147
f 1507/1160/1148 1506/1159/1147 1504/1157/1145
f 1504/1157/1145 1505/1158/1146 1507/1160/1148
f 1506/1159/1147 1508/1161/1149 1471/1124/1114
f 1471/1124/1114 1472/1125/1115 1506/1159/1147
f 1509/1162/1150 1508/1161/1149 1506/1159/1147
f 1506/1159/1147 1507/1160/1148 1509/1162/1150
f 1508/1161/1149 1510/1163/1151 1470/1123/1113
f 1470/1123/1113 1471/1124/1114 1508/1161/1149
f 1510/1163/1151 1467/1120/1111 1470/1123/1113
f 1467/1120/1111 1511/1164/1152 1512/1165/1108
f 1512/1165/1108 1468/1121/1109 1467/1120/1111
f 1513/1166/1153 1512/1165/1108 1511/1164/1152
f 1508/1161/1149 1509/1162/1150 1514/1167/1154
f 1514/1167/1154 1510/1163/1151 1508/1161/1149
f 1514/1167/1154 1511/1164/1152 1467/1120/1111
f 1467/1120/1111 1510/1163/1151 1514/1167/1154
f 1460/1113/1104 1459/1112/1103 1461/1114/1105
f 1461/1114/1105 1515/1168/1155 1460/1113/1104
f 1515/1168/1155 1461/1114/1105 1464/1117/1108
f 1464/1117/1108 1516/1169/1156 1515/1168/1155
f 1515/1168/1155 1516/1169/1156 1517/1170/1157
f 1513/1166/1153 1511/1164/1152 1514/1167/1154
f 1514/1167/1154 1518/1171/1157 1513/1166/1153
f 1522/1172/1158 1519/1173/1159 1520/1174/1160
f 1520/1174/1160 1521/1175/1161 1522/1172/1158
f 1525/1176/1162 1519/1173/1159 1523/1177/1163
f 1523/1177/1163 1524/1178/1164 1525/1176/1162
f 1524/1178/1164 1523/1177/1163 1526/1179/1165
f 1526/1179/1165 1527/1180/1166 1524/1178/1164
f 1529/1181/1167 1527/1180/1166 1526/1179/1165
f 1526/1179/1165 1528/1182/1168 1529/1181/1167
f 1528/1182/1168 1530/1183/1169 1531/1184/1170
f 1531/1184/1170 1529/1181/1167 1528/1182/1168
f 1530/1183/1169 1532/1185/1171 1533/1186/1172
f 1533/1186/1172 1531/1184/1170 1530/1183/1169
f 1537/1187/1173 1534/1188/1174 1535/1189/1175
f 1535/1189/1175 1536/1190/1176 1537/1187/1173
f 1536/1190/1176 1538/1191/1177 1539/1192/1178
f 1539/1192/1178 1537/1187/1173 1536/1190/1176
f 1541/1193/1179 1540/1194/1180 1539/1192/1178
f 1539/1192/1178 1538/1191/1177 1541/1193/1179
f 1543/1195/1181 1540/1194/1180 1541/1193/1179
f 1541/1193/1179 1542/1196/1182 1543/1195/1181
f 1526/1179/1165 1523/1177/1163 1544/1197/1183
f 1544/1197/1183 1545/1198/1184 1526/1179/1165
f 1528/1182/1168 1526/1179/1165 1545/1198/1184
f 1545/1198/1184 1546/1199/1185 1528/1182/1168
f 1546/1199/1185 1547/1200/1186 1530/1183/1169
f 1530/1183/1169 1528/1182/1168 1546/1199/1185
f 1530/1183/1169 1547/1200/1186 1548/1201/1187
f 1548/1201/1187 1532/1185/1171 1530/1183/1169
f 1539/1192/1178 1549/1202/1188 1550/1203/1189
f 1550/1203/1189 1537/1187/1173 1539/1192/1178
f 1549/1202/1188 1539/1192/1178 1540/1194/1180
f 1540/1194/1180 1551/1204/1190 1549/1202/1188
f 1543/1195/1181 1552/1205/1191 1551/1204/1190
f 1551/1204/1190 1540/1194/1180 1543/1195/1181
f 1554/1206/1192 1550/1203/1189 1549/1202/1188
f 1549/1202/1188 1553/1207/1193 1554/1206/1192
f 1554/1206/1192 1555/1208/1194 1546/1199/1185
f 1546/1199/1185 1545/1198/1184 1554/1206/1192
f 1547/1200/1186 1546/1199/1185 1555/1208/1194
f 1555/1208/1194 1556/1209/1195 1547/1200/1186
f 1556/1209/1195 1557/1210/1196 1548/1201/1187
f 1548/1201/1187 1547/1200/1186 1556/1209/1195
f 1558/1211/1197 1553/1207/1193 1549/1202/1188
f 1549/1202/1188 1551/1204/1190 1558/1211/1197
f 1555/1208/1194 1554/1206/1192 1553/1207/1193
f 1553/1207/1193 1559/1212/1198 1555/1208/1194
f 1559/1212/1198 1560/1213/1199 1556/1209/1195
f 1556/1209/1195 1555/1208/1194 1559/1212/1198
f 1557/1210/1196 1556/1209/1195 1560/1213/1199
f 1560/1213/1199 1561/1214/1200 1557/1210/1196
f 1552/1205/1191 1562/1215/1201 1558/1211/1197
f 1558/1211/1197 1551/1204/1190 1552/1205/1191
f 1559/1212/1198 1553/1207/1193 1558/1211/1197
f 1558/1211/1197 1563/1216/1202 1559/1212/1198
f 1558/1211/1197 1562/1215/1201 1564/1217/1203
f 1564/1217/1203 1563/1216/1202 1558/1211/1197
f 1559/1212/1198 1563/1216/1202 1565/1218/1204
f 1565/1218/1204 1560/1213/1199 1559/1212/1198
f 1560/1213/1199 1565/1218/1204 1566/1219/1205
f 1566/1219/1205 1561/1214/1200 1560/1213/1199
f 1519/1173/1159 1525/1176/1162 1520/1174/1160
f 1544/1197/1183 1523/1177/1163 1519/1173/1159
f 1535/1189/1175 1534/1188/1174 1519/1173/1159
f 1519/1173/1159 1522/1172/1158 1535/1189/1175
f 1519/1173/1159 1534/1188/1174 1544/1197/1183
f 1550/1203/1189 1544/1197/1183 1534/1188/1174
f 1534/1188/1174 1537/1187/1173 1550/1203/1189
f 1550/1203/1189 1554/1206/1192 1545/1198/1184
f 1545/1198/1184 1544/1197/1183 1550/1203/1189
f 1563/1216/1202 1564/1217/1203 1567/1220/1206
f 1567/1220/1206 1565/1218/1204 1563/1216/1202
f 1568/1221/1207 1566/1219/1205 1565/1218/1204
f 1565/1218/1204 1567/1220/1206 1568/1221/1207
f 1570/1222/1208 1568/1221/1207 1567/1220/1206
f 1567/1220/1206 1569/1223/1209 1570/1222/1208
f 1564/1217/1203 1571/1224/1210 1569/1223/1209
f 1569/1223/1209 1567/1220/1206 1564/1217/1203
f 1571/1224/1210 1564/1217/1203 1562/1215/1201
f 1562/1215/1201 1572/1225/1211 1571/1224/1210
f 1573/1226/1212 1572/1225/1211 1562/1215/1201
f 1562/1215/1201 1552/1205/1191 1573/1226/1212
f 1543/1195/1181 1574/1227/1213 1573/1226/1212
f 1573/1226/1212 1552/1205/1191 1543/1195/1181
f 1543/1195/1181 1542/1196/1182 1575/1228/1214
f 1575/1228/1214 1574/1227/1213 1543/1195/1181
f 1568/1221/1207 1576/1229/1215 1577/1230/1216
f 1577/1230/1216 1566/1219/1205 1568/1221/1207
f 1561/1214/1200 1566/1219/1205 1577/1230/1216
f 1577/1230/1216 1578/1231/1217 1561/1214/1200
f 1578/1231/1217 1579/1232/1218 1557/1210/1196
f 1557/1210/1196 1561/1214/1200 1578/1231/1217
f 1580/1233/1219 1548/1201/1187 1557/1210/1196
f 1557/1210/1196 1579/1232/1218 1580/1233/1219
f 1580/1233/1219 1581/1234/1220 1532/1185/1171
f 1532/1185/1171 1548/1201/1187 1580/1233/1219
f 1533/1186/1172 1532/1185/1171 1581/1234/1220
f 1581/1234/1220 1582/1235/1221 1533/1186/1172
f 1584/1236/1222 1570/1222/1208 1569/1223/1209
f 1569/1223/1209 1583/1237/1223 1584/1236/1222
f 1571/1224/1210 1585/1238/1224 1583/1237/1223
f 1583/1237/1223 1569/1223/1209 1571/1224/1210
f 1571/1224/1210 1572/1225/1211 1586/1239/1225
f 1586/1239/1225 1585/1238/1224 1571/1224/1210
f 1587/1240/1226 1586/1239/1225 1572/1225/1211
f 1572/1225/1211 1573/1226/1212 1587/1240/1226
f 1588/1241/1227 1587/1240/1226 1573/1226/1212
f 1573/1226/1212 1574/1227/1213 1588/1241/1227
f 1588/1241/1227 1574/1227/1213 1575/1228/1214
f 1575/1228/1214 1589/1242/1228 1588/1241/1227
f 1588/1241/1227 1589/1242/1228 1590/1243/1229
f 1590/1243/1229 1591/1244/1230 1588/1241/1227
f 1587/1240/1226 1588/1241/1227 1591/1244/1230
f 1591/1244/1230 1592/1245/1231 1587/1240/1226
f 1586/1239/1225 1587/1240/1226 1592/1245/1231
f 1592/1245/1231 1593/1246/1232 1586/1239/1225
f 1586/1239/1225 1593/1246/1232 1594/1247/1233
f 1594/1247/1233 1585/1238/1224 1586/1239/1225
f 1585/1238/1224 1594/1247/1233 1595/1248/1234
f 1595/1248/1234 1583/1237/1223 1585/1238/1224
f 1595/1248/1234 1596/1249/1235 1584/1236/1222
f 1584/1236/1222 1583/1237/1223 1595/1248/1234
f 1598/1250/1236 1597/1251/1237 1584/1236/1222
f 1584/1236/1222 1596/1249/1235 1598/1250/1236
f 1590/1243/1229 1589/1242/1228 1575/1228/1214
f 1575/1228/1214 1599/1252/1238 1590/1243/1229
f 1600/1253/1239 1601/1254/1240 1602/1255/1241
f 1591/1244/1230 1590/1243/1229 1600/1253/1239
f 1600/1253/1239 1602/1255/1241 1603/1256/1242
f 1600/1253/1239 1603/1256/1242 1604/1257/1243
f 1604/1257/1243 1605/1258/1244 1600/1253/1239
f 1605/1258/1244 1604/1257/1243 1606/1259/1245
f 1591/1244/1230 1600/1253/1239 1605/1258/1244
f 1605/1258/1244 1606/1259/1245 1607/1260/1246
f 1605/1258/1244 1607/1260/1246 1608/1261/1247
f 1609/1262/1248 1610/1263/1249 1611/1264/1250
f 1609/1262/1248 1612/1265/1251 1610/1263/1249
f 1609/1262/1248 1613/1266/1252 1614/1267/1253
f 1615/1268/1254 1614/1267/1253 1613/1266/1252
f 1616/1269/1255 1617/1270/1256 1618/1271/1257
f 1622/1272/1258 1619/1273/1259 1620/1274/1260
f 1620/1274/1260 1621/1275/1261 1622/1272/1258
f 1594/1247/1233 1593/1246/1232 1623/1276/1262
f 1623/1276/1262 1624/1277/1263 1594/1247/1233
f 1620/1274/1260 1619/1273/1259 1625/1278/1264
f 1595/1248/1234 1594/1247/1233 1624/1277/1263
f 1624/1277/1263 1626/1279/1265 1595/1248/1234
f 1624/1277/1263 1627/1280/1266 1628/1281/1267
f 1628/1281/1267 1626/1279/1265 1624/1277/1263
f 1626/1279/1265 1628/1281/1267 1629/1282/1268
f 1629/1282/1268 1630/1283/1269 1626/1279/1265
f 1630/1283/1269 1629/1282/1268 1631/1284/1270
f 1596/1249/1235 1595/1248/1234 1626/1279/1265
f 1626/1279/1265 1630/1283/1269 1596/1249/1235
f 1630/1283/1269 1631/1284/1270 1632/1285/1271
f 1630/1283/1269 1632/1285/1271 1633/1286/1272
f 1634/1287/1273 1598/1250/1236 1596/1249/1235
f 1596/1249/1235 1630/1283/1269 1634/1287/1273
f 1635/1288/1274 1634/1287/1273 1630/1283/1269
f 1630/1283/1269 1633/1286/1272 1635/1288/1274
f 1634/1287/1273 1635/1288/1274 1636/1289/1275
f 1624/1277/1263 1623/1276/1262 1625/1278/1264
f 1625/1278/1264 1627/1280/1266 1624/1277/1263
f 1621/1275/1261 1620/1274/1260 1623/1276/1262
f 1623/1276/1262 1620/1274/1260 1625/1278/1264
f 1609/1262/1248 1592/1245/1231 1591/1244/1230
f 1591/1244/1230 1605/1258/1244 1609/1262/1248
f 1605/1258/1244 1608/1261/1247 1612/1265/1251
f 1612/1265/1251 1609/1262/1248 1605/1258/1244
f 1593/1246/1232 1592/1245/1231 1609/1262/1248
f 1609/1262/1248 1623/1276/1262 1593/1246/1232
f 1623/1276/1262 1609/1262/1248 1616/1269/1255
f 1623/1276/1262 1616/1269/1255 1621/1275/1261
f 1609/1262/1248 1611/1264/1250 1613/1266/1252
f 1609/1262/1248 1614/1267/1253 1616/1269/1255
f 1617/1270/1256 1616/1269/1255 1614/1267/1253
f 1614/1267/1253 1615/1268/1254 1617/1270/1256
f 1621/1275/1261 1616/1269/1255 1618/1271/1257
f 1618/1271/1257 1622/1272/1258 1621/1275/1261
f 1599/1252/1238 1575/1228/1214 1542/1196/1182
f 1542/1196/1182 1637/1290/1276 1599/1252/1238
f 1638/1291/1277 1637/1290/1276 1542/1196/1182
f 1542/1196/1182 1541/1193/1179 1638/1291/1277
f 1639/1292/1278 1638/1291/1277 1541/1193/1179
f 1541/1193/1179 1538/1191/1177 1639/1292/1278
f 1640/1293/1279 1639/1292/1278 1538/1191/1177
f 1538/1191/1177 1536/1190/1176 1640/1293/1279
f 1641/1294/1280 1640/1293/1279 1536/1190/1176
f 1536/1190/1176 1535/1189/1175 1641/1294/1280
f 1641/1294/1280 1535/1189/1175 1522/1172/1158
f 1522/1172/1158 1642/1295/1281 1641/1294/1280
f 1597/1251/1237 1570/1222/1208 1584/1236/1222
f 1643/1296/1282 1570/1222/1208 1597/1251/1237
f 1576/1229/1215 1568/1221/1207 1570/1222/1208
f 1570/1222/1208 1643/1296/1282 1576/1229/1215
f 1643/1296/1282 1644/1297/1283 1645/1298/1284
f 1576/1229/1215 1643/1296/1282 1646/1299/1285
f 1647/1300/1286 1646/1299/1285 1643/1296/1282
f 1643/1296/1282 1645/1298/1284 1647/1300/1286
f 1646/1299/1285 1648/1301/1287 1577/1230/1216
f 1577/1230/1216 1576/1229/1215 1646/1299/1285
f 1646/1299/1285 1647/1300/1286 1649/1302/1288
f 1649/1302/1288 1648/1301/1287 1646/1299/1285
f 1578/1231/1217 1577/1230/1216 1648/1301/1287
f 1648/1301/1287 1650/1303/1289 1578/1231/1217
f 1648/1301/1287 1649/1302/1288 1651/1304/1290
f 1651/1304/1290 1650/1303/1289 1648/1301/1287
f 1579/1232/1218 1578/1231/1217 1650/1303/1289
f 1650/1303/1289 1652/1305/1291 1579/1232/1218
f 1650/1303/1289 1651/1304/1290 1653/1306/1292
f 1653/1306/1292 1652/1305/1291 1650/1303/1289
f 1654/1307/1293 1580/1233/1219 1579/1232/1218
f 1579/1232/1218 1652/1305/1291 1654/1307/1293
f 1655/1308/1294 1654/1307/1293 1652/1305/1291
f 1652/1305/1291 1653/1306/1292 1655/1308/1294
f 1580/1233/1219 1654/1307/1293 1656/1309/1295
f 1656/1309/1295 1581/1234/1220 1580/1233/1219
f 1656/1309/1295 1657/1310/1296 1582/1235/1221
f 1582/1235/1221 1581/1234/1220 1656/1309/1295
f 1582/1235/1221 1657/1310/1296 1658/1311/1297
f 1643/1296/1282 1597/1251/1237 1659/1312/1298
f 1644/1297/1283 1643/1296/1282 1659/1312/1298
f 1597/1251/1237 1598/1250/1236 1634/1287/1273
f 1634/1287/1273 1660/1313/1299 1597/1251/1237
f 1660/1313/1299 1661/1314/1300 1659/1312/1298
f 1659/1312/1298 1597/1251/1237 1660/1313/1299
f 1634/1287/1273 1636/1289/1275 1662/1315/1301
f 1662/1315/1301 1660/1313/1299 1634/1287/1273
f 1660/1313/1299 1662/1315/1301 1663/1316/1302
f 1663/1316/1302 1661/1314/1300 1660/1313/1299
f 1664/1317/1303 1599/1252/1238 1637/1290/1276
f 1590/1243/1229 1599/1252/1238 1665/1318/1304
f 1665/1318/1304 1600/1253/1239 1590/1243/1229
f 1601/1254/1240 1600/1253/1239 1666/1319/1305
f 1666/1319/1305 1600/1253/1239 1665/1318/1304
f 1667/1320/1306 1601/1254/1240 1666/1319/1305
f 1601/1254/1240 1667/1320/1306 1668/1321/1307
f 1667/1320/1306 1666/1319/1305 1669/1322/1308
f 1668/1321/1307 1667/1320/1306 1669/1322/1308
f 1670/1323/1309 1664/1317/1303 1637/1290/1276
f 1599/1252/1238 1664/1317/1303 1671/1324/1310
f 1671/1324/1310 1665/1318/1304 1599/1252/1238
f 1671/1324/1310 1669/1322/1308 1666/1319/1305
f 1666/1319/1305 1665/1318/1304 1671/1324/1310
f 1672/1325/1311 1669/1322/1308 1671/1324/1310
f 1672/1325/1311 1671/1324/1310 1664/1317/1303
f 1664/1317/1303 1670/1323/1309 1672/1325/1311
f 1638/1291/1277 1673/1326/1312 1670/1323/1309
f 1670/1323/1309 1637/1290/1276 1638/1291/1277
f 1673/1326/1312 1674/1327/1313 1672/1325/1311
f 1672/1325/1311 1670/1323/1309 1673/1326/1312
f 1638/1291/1277 1639/1292/1278 1675/1328/1314
f 1675/1328/1314 1673/1326/1312 1638/1291/1277
f 1673/1326/1312 1675/1328/1314 1676/1329/1315
f 1676/1329/1315 1674/1327/1313 1673/1326/1312
f 1675/1328/1314 1639/1292/1278 1640/1293/1279
f 1640/1293/1279 1677/1330/1316 1675/1328/1314
f 1677/1330/1316 1678/1331/1317 1676/1329/1315
f 1676/1329/1315 1675/1328/1314 1677/1330/1316
f 1641/1294/1280 1679/1332/1318 1677/1330/1316
f 1677/1330/1316 1640/1293/1279 1641/1294/1280
f 1680/1333/1319 1678/1331/1317 1677/1330/1316
f 1677/1330/1316 1679/1332/1318 1680/1333/1319
f 1679/1332/1318 1641/1294/1280 1642/1295/1281
f 1642/1295/1281 1681/1334/1320 1679/1332/1318
f 1680/1333/1319 1679/1332/1318 1681/1334/1320
f 1681/1334/1320 1682/1335/1321 1680/1333/1319
f 1683/1336/1322 1681/1334/1320 1642/1295/1281
f 1681/1334/1320 1683/1336/1322 1684/1337/1323
f 1684/1337/1323 1682/1335/1321 1681/1334/1320
f 1686/1338/1324 1685/1339/1325 1525/1176/1162
f 1525/1176/1162 1524/1178/1164 1686/1338/1324
f 1524/1178/1164 1527/1180/1166 1687/1340/1326
f 1687/1340/1326 1686/1338/1324 1524/1178/1164
f 1529/1181/1167 1688/1341/1327 1687/1340/1326
f 1687/1340/1326 1527/1180/1166 1529/1181/1167
f 1531/1184/1170 1689/1342/1328 1688/1341/1327
f 1688/1341/1327 1529/1181/1167 1531/1184/1170
f 1690/1343/1329 1689/1342/1328 1531/1184/1170
f 1531/1184/1170 1533/1186/1172 1690/1343/1329
f 1691/1344/1330 1690/1343/1329 1533/1186/1172
f 1533/1186/1172 1582/1235/1221 1691/1344/1330
f 1691/1344/1330 1582/1235/1221 1658/1311/1297
f 1692/1345/1331 1693/1346/1332 1690/1343/1329
f 1694/1347/1333 1695/1348/1334 1692/1345/1331
f 1696/1349/1335 1693/1346/1332 1692/1345/1331
f 1696/1349/1335 1692/1345/1331 1695/1348/1334
f 1697/1350/1336 1693/1346/1332 1696/1349/1335
f 1693/1346/1332 1698/1351/1337 1689/1342/1328
f 1689/1342/1328 1690/1343/1329 1693/1346/1332
f 1699/1352/1338 1698/1351/1337 1693/1346/1332
f 1693/1346/1332 1697/1350/1336 1699/1352/1338
f 1698/1351/1337 1699/1352/1338 1700/1353/1339
f 1701/1354/1340 1702/1355/1341 1703/1356/1342
f 1704/1357/1343 1701/1354/1340 1698/1351/1337
f 1698/1351/1337 1700/1353/1339 1704/1357/1343
f 1689/1342/1328 1698/1351/1337 1701/1354/1340
f 1701/1354/1340 1688/1341/1327 1689/1342/1328
f 1701/1354/1340 1704/1357/1343 1702/1355/1341
f 1701/1354/1340 1703/1356/1342 1705/1358/1344
f 1706/1359/1345 1707/1360/1346 1708/1361/1347
f 1709/1362/1348 1710/1363/1349 1711/1364/1350
f 1709/1362/1348 1711/1364/1350 1712/1365/1351
f 1709/1362/1348 1712/1365/1351 1713/1366/1352
f 1713/1366/1352 1714/1367/1353 1709/1362/1348
f 1714/1367/1353 1715/1368/1354 1716/1369/1355
f 1686/1338/1324 1709/1362/1348 1714/1367/1353
f 1714/1367/1353 1685/1339/1325 1686/1338/1324
f 1714/1367/1353 1713/1366/1352 1715/1368/1354
f 1714/1367/1353 1716/1369/1355 1717/1370/1356
f 1714/1367/1353 1717/1370/1356 1718/1371/1357
f 1719/1372/1358 1642/1295/1281 1522/1172/1158
f 1522/1172/1158 1521/1175/1161 1719/1372/1358
f 1642/1295/1281 1719/1372/1358 1720/1373/1359
f 1720/1373/1359 1683/1336/1322 1642/1295/1281
f 1525/1176/1162 1685/1339/1325 1721/1374/1360
f 1721/1374/1360 1520/1174/1160 1525/1176/1162
f 1719/1372/1358 1521/1175/1161 1520/1174/1160
f 1520/1174/1160 1721/1374/1360 1719/1372/1358
f 1722/1375/1361 1721/1374/1360 1685/1339/1325
f 1722/1375/1361 1685/1339/1325 1714/1367/1353
f 1723/1376/1362 1722/1375/1361 1714/1367/1353
f 1714/1367/1353 1718/1371/1357 1723/1376/1362
f 1719/1372/1358 1724/1377/1363 1725/1378/1364
f 1725/1378/1364 1720/1373/1359 1719/1372/1358
f 1719/1372/1358 1721/1374/1360 1724/1377/1363
f 1720/1373/1359 1725/1378/1364 1684/1337/1323
f 1684/1337/1323 1683/1336/1322 1720/1373/1359
f 1726/1379/1365 1724/1377/1363 1721/1374/1360
f 1721/1374/1360 1722/1375/1361 1726/1379/1365
f 1726/1379/1365 1727/1380/1366 1725/1378/1364
f 1725/1378/1364 1724/1377/1363 1726/1379/1365
f 1728/1381/1367 1726/1379/1365 1722/1375/1361
f 1728/1381/1367 1729/1382/1368 1727/1380/1366
f 1727/1380/1366 1726/1379/1365 1728/1381/1367
f 1730/1383/1369 1728/1381/1367 1722/1375/1361
f 1722/1375/1361 1723/1376/1362 1730/1383/1369
f 1729/1382/1368 1728/1381/1367 1730/1383/1369
f 1730/1383/1369 1731/1384/1370 1729/1382/1368
f 1691/1344/1330 1658/1311/1297 1732/1385/1371
f 1733/1386/1372 1692/1345/1331 1690/1343/1329
f 1690/1343/1329 1691/1344/1330 1733/1386/1372
f 1733/1386/1372 1734/1387/1373 1694/1347/1333
f 1694/1347/1333 1692/1345/1331 1733/1386/1372
f 1735/1388/1374 1733/1386/1372 1691/1344/1330
f 1691/1344/1330 1732/1385/1371 1735/1388/1374
f 1658/1311/1297 1657/1310/1296 1736/1389/1375
f 1736/1389/1375 1732/1385/1371 1658/1311/1297
f 1654/1307/1293 1655/1308/1294 1737/1390/1376
f 1737/1390/1376 1656/1309/1295 1654/1307/1293
f 1736/1389/1375 1657/1310/1296 1656/1309/1295
f 1656/1309/1295 1737/1390/1376 1736/1389/1375
f 1736/1389/1375 1738/1391/1377 1735/1388/1374
f 1735/1388/1374 1732/1385/1371 1736/1389/1375
f 1734/1387/1373 1733/1386/1372 1735/1388/1374
f 1735/1388/1374 1739/1392/1378 1734/1387/1373
f 1739/1392/1378 1735/1388/1374 1738/1391/1377
f 1738/1391/1377 1736/1389/1375 1737/1390/1376
f 1706/1359/1345 1687/1340/1326 1688/1341/1327
f 1688/1341/1327 1701/1354/1340 1706/1359/1345
f 1706/1359/1345 1740/1393/1379 1741/1394/1380
f 1706/1359/1345 1709/1362/1348 1686/1338/1324
f 1686/1338/1324 1687/1340/1326 1706/1359/1345
f 1742/1395/1381 1710/1363/1349 1709/1362/1348
f 1709/1362/1348 1706/1359/1345 1742/1395/1381
f 1706/1359/1345 1701/1354/1340 1743/1396/1382
f 1707/1360/1346 1706/1359/1345 1743/1396/1382
f 1743/1396/1382 1705/1358/1344 1707/1360/1346
f 1706/1359/1345 1708/1361/1347 1740/1393/1379
f 1706/1359/1345 1741/1394/1380 1742/1395/1381
f 1701/1354/1340 1705/1358/1344 1743/1396/1382
f 1747/1172/1158 1744/1173/1159 1745/1174/1383
f 1745/1174/1383 1746/1175/1161 1747/1172/1158
f 1750/1176/1162 1744/1173/1159 1748/1177/1163
f 1748/1177/1163 1749/1178/1164 1750/1176/1162
f 1749/1178/1164 1748/1177/1163 1751/1179/1165
f 1751/1179/1165 1752/1180/1384 1749/1178/1164
f 1754/1181/1167 1752/1180/1384 1751/1179/1165
f 1751/1179/1165 1753/1182/1168 1754/1181/1167
f 1753/1182/1168 1755/1183/1169 1756/1184/1170
f 1756/1184/1170 1754/1181/1167 1753/1182/1168
f 1755/1183/1169 1757/1185/1171 1758/1186/1172
f 1758/1186/1172 1756/1184/1170 1755/1183/1169
f 1762/1187/1173 1759/1188/1174 1760/1189/1175
f 1760/1189/1175 1761/1190/1176 1762/1187/1173
f 1761/1190/1176 1763/1191/1177 1764/1192/1178
f 1764/1192/1178 1762/1187/1173 1761/1190/1176
f 1766/1193/1385 1765/1194/1180 1764/1192/1178
f 1764/1192/1178 1763/1191/1177 1766/1193/1385
f 1768/1195/1181 1765/1194/1180 1766/1193/1385
f 1766/1193/1385 1767/1196/1182 1768/1195/1181
f 1751/1179/1165 1748/1177/1163 1769/1197/1183
f 1769/1197/1183 1770/1198/1184 1751/1179/1165
f 1753/1182/1168 1751/1179/1165 1770/1198/1184
f 1770/1198/1184 1771/1199/1185 1753/1182/1168
f 1771/1199/1185 1772/1200/1186 1755/1183/1169
f 1755/1183/1169 1753/1182/1168 1771/1199/1185
f 1755/1183/1169 1772/1200/1186 1773/1201/1187
f 1773/1201/1187 1757/1185/1171 1755/1183/1169
f 1764/1192/1178 1774/1202/1188 1775/1203/1189
f 1775/1203/1189 1762/1187/1173 1764/1192/1178
f 1774/1202/1188 1764/1192/1178 1765/1194/1180
f 1765/1194/1180 1776/1204/1190 1774/1202/1188
f 1768/1195/1181 1777/1205/1191 1776/1204/1190
f 1776/1204/1190 1765/1194/1180 1768/1195/1181
f 1779/1206/1192 1775/1203/1189 1774/1202/1188
f 1774/1202/1188 1778/1207/1193 1779/1206/1192
f 1779/1206/1192 1780/1208/1194 1771/1199/1185
f 1771/1199/1185 1770/1198/1184 1779/1206/1192
f 1772/1200/1186 1771/1199/1185 1780/1208/1194
f 1780/1208/1194 1781/1209/1195 1772/1200/1186
f 1781/1209/1195 1782/1210/1196 1773/1201/1187
f 1773/1201/1187 1772/1200/1186 1781/1209/1195
f 1783/1211/1386 1778/1207/1193 1774/1202/1188
f 1774/1202/1188 1776/1204/1190 1783/1211/1386
f 1780/1208/1194 1779/1206/1192 1778/1207/1193
f 1778/1207/1193 1784/1212/1198 1780/1208/1194
f 1784/1212/1198 1785/1213/1199 1781/1209/1195
f 1781/1209/1195 1780/1208/1194 1784/1212/1198
f 1782/1210/1196 1781/1209/1195 1785/1213/1199
f 1785/1213/1199 1786/1214/1200 1782/1210/1196
f 1777/1205/1191 1787/1215/1201 1783/1211/1386
f 1783/1211/1386 1776/1204/1190 1777/1205/1191
f 1784/1212/1198 1778/1207/1193 1783/1211/1386
f 1783/1211/1386 1788/1216/1202 1784/1212/1198
f 1783/1211/1386 1787/1215/1201 1789/1217/1203
f 1789/1217/1203 1788/1216/1202 1783/1211/1386
f 1784/1212/1198 1788/1216/1202 1790/1218/1204
f 1790/1218/1204 1785/1213/1199 1784/1212/1198
f 1785/1213/1199 1790/1218/1204 1791/1219/1205
f 1791/1219/1205 1786/1214/1200 1785/1213/1199
f 1744/1173/1159 1750/1176/1162 1745/1174/1383
f 1769/1197/1183 1748/1177/1163 1744/1173/1159
f 1760/1189/1175 1759/1188/1174 1744/1173/1159
f 1744/1173/1159 1747/1172/1158 1760/1189/1175
f 1744/1173/1159 1759/1188/1174 1769/1197/1183
f 1775/1203/1189 1769/1197/1183 1759/1188/1174
f 1759/1188/1174 1762/1187/1173 1775/1203/1189
f 1775/1203/1189 1779/1206/1192 1770/1198/1184
f 1770/1198/1184 1769/1197/1183 1775/1203/1189
f 1788/1216/1202 1789/1217/1203 1792/1220/1206
f 1792/1220/1206 1790/1218/1204 1788/1216/1202
f 1793/1221/1207 1791/1219/1205 1790/1218/1204
f 1790/1218/1204 1792/1220/1206 1793/1221/1207
f 1795/1222/1208 1793/1221/1207 1792/1220/1206
f 1792/1220/1206 1794/1223/1209 1795/1222/1208
f 1789/1217/1203 1796/1224/1210 1794/1223/1209
f 1794/1223/1209 1792/1220/1206 1789/1217/1203
f 1796/1224/1210 1789/1217/1203 1787/1215/1201
f 1787/1215/1201 1797/1225/1211 1796/1224/1210
f 1798/1226/1212 1797/1225/1211 1787/1215/1201
f 1787/1215/1201 1777/1205/1191 1798/1226/1212
f 1768/1195/1181 1799/1227/1213 1798/1226/1212
f 1798/1226/1212 1777/1205/1191 1768/1195/1181
f 1768/1195/1181 1767/1196/1182 1800/1228/1214
f 1800/1228/1214 1799/1227/1213 1768/1195/1181
f 1793/1221/1207 1801/1229/1215 1802/1230/1216
f 1802/1230/1216 1791/1219/1205 1793/1221/1207
f 1786/1214/1200 1791/1219/1205 1802/1230/1216
f 1802/1230/1216 1803/1231/1217 1786/1214/1200
f 1803/1231/1217 1804/1232/1218 1782/1210/1196
f 1782/1210/1196 1786/1214/1200 1803/1231/1217
f 1805/1233/1219 1773/1201/1187 1782/1210/1196
f 1782/1210/1196 1804/1232/1218 1805/1233/1219
f 1805/1233/1219 1806/1234/1220 1757/1185/1171
f 1757/1185/1171 1773/1201/1187 1805/1233/1219
f 1758/1186/1172 1757/1185/1171 1806/1234/1220
f 1806/1234/1220 1807/1235/1221 1758/1186/1172
f 1809/1236/1222 1795/1222/1208 1794/1223/1209
f 1794/1223/1209 1808/1237/1223 1809/1236/1222
f 1796/1224/1210 1810/1238/1224 1808/1237/1223
f 1808/1237/1223 1794/1223/1209 1796/1224/1210
f 1796/1224/1210 1797/1225/1211 1811/1239/1225
f 1811/1239/1225 1810/1238/1224 1796/1224/1210
f 1812/1240/1226 1811/1239/1225 1797/1225/1211
f 1797/1225/1211 1798/1226/1212 1812/1240/1226
f 1813/1241/1227 1812/1240/1226 1798/1226/1212
f 1798/1226/1212 1799/1227/1213 1813/1241/1227
f 1813/1241/1227 1799/1227/1213 1800/1228/1214
f 1800/1228/1214 1814/1242/1228 1813/1241/1227
f 1813/1241/1227 1814/1242/1228 1815/1243/1229
f 1815/1243/1229 1816/1244/1230 1813/1241/1227
f 1812/1240/1226 1813/1241/1227 1816/1244/1230
f 1816/1244/1230 1817/1245/1231 1812/1240/1226
f 1811/1239/1225 1812/1240/1226 1817/1245/1231
f 1817/1245/1231 1818/1246/1232 1811/1239/1225
f 1811/1239/1225 1818/1246/1232 1819/1247/1233
f 1819/1247/1233 1810/1238/1224 1811/1239/1225
f 1810/1238/1224 1819/1247/1233 1820/1248/1234
f 1820/1248/1234 1808/1237/1223 1810/1238/1224
f 1820/1248/1234 1821/1249/1235 1809/1236/1222
f 1809/1236/1222 1808/1237/1223 1820/1248/1234
f 1823/1250/1236 1822/1251/1387 1809/1236/1222
f 1809/1236/1222 1821/1249/1235 1823/1250/1236
f 1815/1243/1229 1814/1242/1228 1800/1228/1214
f 1800/1228/1214 1824/1252/1238 1815/1243/1229
f 1825/1253/1239 1826/1254/1388 1827/1255/1241
f 1816/1244/1230 1815/1243/1229 1825/1253/1239
f 1825/1253/1239 1827/1255/1241 1828/1256/1242
f 1825/1253/1239 1828/1256/1242 1829/1257/1243
f 1829/1257/1243 1830/1258/1244 1825/1253/1239
f 1830/1258/1244 1829/1257/1243 1831/1259/1245
f 1816/1244/1230 1825/1253/1239 1830/1258/1244
f 1830/1258/1244 1831/1259/1245 1832/1260/1246
f 1830/1258/1244 1832/1260/1246 1833/1261/1247
f 1834/1262/1248 1835/1263/1249 1836/1264/1250
f 1834/1262/1248 1837/1265/1251 1835/1263/1249
f 1834/1262/1248 1838/1266/1252 1839/1267/1253
f 1840/1268/1254 1839/1267/1253 1838/1266/1252
f 1841/1269/1255 1842/1270/1256 1843/1271/1257
f 1847/1272/1258 1844/1273/1259 1845/1274/1260
f 1845/1274/1260 1846/1275/1261 1847/1272/1258
f 1819/1247/1233 1818/1246/1232 1848/1276/1262
f 1848/1276/1262 1849/1277/1263 1819/1247/1233
f 1845/1274/1260 1844/1273/1259 1850/1278/1264
f 1820/1248/1234 1819/1247/1233 1849/1277/1263
f 1849/1277/1263 1851/1279/1265 1820/1248/1234
f 1849/1277/1263 1852/1280/1266 1853/1281/1267
f 1853/1281/1267 1851/1279/1265 1849/1277/1263
f 1851/1279/1265 1853/1281/1267 1854/1282/1268
f 1854/1282/1268 1855/1283/1269 1851/1279/1265
f 1855/1283/1269 1854/1282/1268 1856/1284/1270
f 1821/1249/1235 1820/1248/1234 1851/1279/1265
f 1851/1279/1265 1855/1283/1269 1821/1249/1235
f 1855/1283/1269 1856/1284/1270 1857/1285/1271
f 1855/1283/1269 1857/1285/1271 1858/1286/1389
f 1859/1287/1273 1823/1250/1236 1821/1249/1235
f 1821/1249/1235 1855/1283/1269 1859/1287/1273
f 1860/1288/1390 1859/1287/1273 1855/1283/1269
f 1855/1283/1269 1858/1286/1389 1860/1288/1390
f 1859/1287/1273 1860/1288/1390 1861/1289/1275
f 1849/1277/1263 1848/1276/1262 1850/1278/1264
f 1850/1278/1264 1852/1280/1266 1849/1277/1263
f 1846/1275/1261 1845/1274/1260 1848/1276/1262
f 1848/1276/1262 1845/1274/1260 1850/1278/1264
f 1834/1262/1248 1817/1245/1231 1816/1244/1230
f 1816/1244/1230 1830/1258/1244 1834/1262/1248
f 1830/1258/1244 1833/1261/1247 1837/1265/1251
f 1837/1265/1251 1834/1262/1248 1830/1258/1244
f 1818/1246/1232 1817/1245/1231 1834/1262/1248
f 1834/1262/1248 1848/1276/1262 1818/1246/1232
f 1848/1276/1262 1834/1262/1248 1841/1269/1255
f 1848/1276/1262 1841/1269/1255 1846/1275/1261
f 1834/1262/1248 1836/1264/1250 1838/1266/1252
f 1834/1262/1248 1839/1267/1253 1841/1269/1255
f 1842/1270/1256 1841/1269/1255 1839/1267/1253
f 1839/1267/1253 1840/1268/1254 1842/1270/1256
f 1846/1275/1261 1841/1269/1255 1843/1271/1257
f 1843/1271/1257 1847/1272/1258 1846/1275/1261
f 1824/1252/1238 1800/1228/1214 1767/1196/1182
f 1767/1196/1182 1862/1290/1276 1824/1252/1238
f 1863/1291/1277 1862/1290/1276 1767/1196/1182
f 1767/1196/1182 1766/1193/1385 1863/1291/1277
f 1864/1292/1278 1863/1291/1277 1766/1193/1385
f 1766/1193/1385 1763/1191/1177 1864/1292/1278
f 1865/1293/1391 1864/1292/1278 1763/1191/1177
f 1763/1191/1177 1761/1190/1176 1865/1293/1391
f 1866/1294/1280 1865/1293/1391 1761/1190/1176
f 1761/1190/1176 1760/1189/1175 1866/1294/1280
f 1866/1294/1280 1760/1189/1175 1747/1172/1158
f 1747/1172/1158 1867/1295/1281 1866/1294/1280
f 1822/1251/1387 1795/1222/1208 1809/1236/1222
f 1868/1296/1282 1795/1222/1208 1822/1251/1387
f 1801/1229/1215 1793/1221/1207 1795/1222/1208
f 1795/1222/1208 1868/1296/1282 1801/1229/1215
f 1868/1296/1282 1869/1297/1283 1870/1298/1284
f 1801/1229/1215 1868/1296/1282 1871/1299/1285
f 1872/1300/1286 1871/1299/1285 1868/1296/1282
f 1868/1296/1282 1870/1298/1284 1872/1300/1286
f 1871/1299/1285 1873/1301/1287 1802/1230/1216
f 1802/1230/1216 1801/1229/1215 1871/1299/1285
f 1871/1299/1285 1872/1300/1286 1874/1302/1288
f 1874/1302/1288 1873/1301/1287 1871/1299/1285
f 1803/1231/1217 1802/1230/1216 1873/1301/1287
f 1873/1301/1287 1875/1303/1289 1803/1231/1217
f 1873/1301/1287 1874/1302/1288 1876/1304/1290
f 1876/1304/1290 1875/1303/1289 1873/1301/1287
f 1804/1232/1218 1803/1231/1217 1875/1303/1289
f 1875/1303/1289 1877/1305/1291 1804/1232/1218
f 1875/1303/1289 1876/1304/1290 1878/1306/1292
f 1878/1306/1292 1877/1305/1291 1875/1303/1289
f 1879/1307/1392 1805/1233/1219 1804/1232/1218
f 1804/1232/1218 1877/1305/1291 1879/1307/1392
f 1880/1308/1294 1879/1307/1392 1877/1305/1291
f 1877/1305/1291 1878/1306/1292 1880/1308/1294
f 1805/1233/1219 1879/1307/1392 1881/1309/1295
f 1881/1309/1295 1806/1234/1220 1805/1233/1219
f 1881/1309/1295 1882/1310/1296 1807/1235/1221
f 1807/1235/1221 1806/1234/1220 1881/1309/1295
f 1807/1235/1221 1882/1310/1296 1883/1311/1297
f 1868/1296/1282 1822/1251/1387 1884/1312/1298
f 1869/1297/1283 1868/1296/1282 1884/1312/1298
f 1822/1251/1387 1823/1250/1236 1859/1287/1273
f 1859/1287/1273 1885/1313/1299 1822/1251/1387
f 1885/1313/1299 1886/1314/1393 1884/1312/1298
f 1884/1312/1298 1822/1251/1387 1885/1313/1299
f 1859/1287/1273 1861/1289/1275 1887/1315/1301
f 1887/1315/1301 1885/1313/1299 1859/1287/1273
f 1885/1313/1299 1887/1315/1301 1888/1316/1394
f 1888/1316/1394 1886/1314/1393 1885/1313/1299
f 1889/1317/1303 1824/1252/1238 1862/1290/1276
f 1815/1243/1229 1824/1252/1238 1890/1318/1304
f 1890/1318/1304 1825/1253/1239 1815/1243/1229
f 1826/1254/1388 1825/1253/1239 1891/1319/1305
f 1891/1319/1305 1825/1253/1239 1890/1318/1304
f 1892/1320/1395 1826/1254/1388 1891/1319/1305
f 1826/1254/1388 1892/1320/1395 1893/1321/1307
f 1892/1320/1395 1891/1319/1305 1894/1322/1308
f 1893/1321/1307 1892/1320/1395 1894/1322/1308
f 1895/1323/1309 1889/1317/1303 1862/1290/1276
f 1824/1252/1238 1889/1317/1303 1896/1324/1396
f 1896/1324/1396 1890/1318/1304 1824/1252/1238
f 1896/1324/1396 1894/1322/1308 1891/1319/1305
f 1891/1319/1305 1890/1318/1304 1896/1324/1396
f 1897/1325/1311 1894/1322/1308 1896/1324/1396
f 1897/1325/1311 1896/1324/1396 1889/1317/1303
f 1889/1317/1303 1895/1323/1309 1897/1325/1311
f 1863/1291/1277 1898/1326/1312 1895/1323/1309
f 1895/1323/1309 1862/1290/1276 1863/1291/1277
f 1898/1326/1312 1899/1327/1313 1897/1325/1311
f 1897/1325/1311 1895/1323/1309 1898/1326/1312
f 1863/1291/1277 1864/1292/1278 1900/1328/1314
f 1900/1328/1314 1898/1326/1312 1863/1291/1277
f 1898/1326/1312 1900/1328/1314 1901/1329/1315
f 1901/1329/1315 1899/1327/1313 1898/1326/1312
f 1900/1328/1314 1864/1292/1278 1865/1293/1391
f 1865/1293/1391 1902/1330/1316 1900/1328/1314
f 1902/1330/1316 1903/1331/1317 1901/1329/1315
f 1901/1329/1315 1900/1328/1314 1902/1330/1316
f 1866/1294/1280 1904/1332/1318 1902/1330/1316
f 1902/1330/1316 1865/1293/1391 1866/1294/1280
f 1905/1333/1319 1903/1331/1317 1902/1330/1316
f 1902/1330/1316 1904/1332/1318 1905/1333/1319
f 1904/1332/1318 1866/1294/1280 1867/1295/1281
f 1867/1295/1281 1906/1334/1320 1904/1332/1318
f 1905/1333/1319 1904/1332/1318 1906/1334/1320
f 1906/1334/1320 1907/1335/1321 1905/1333/1319
f 1908/1336/1322 1906/1334/1320 1867/1295/1281
f 1906/1334/1320 1908/1336/1322 1909/1337/1323
f 1909/1337/1323 1907/1335/1321 1906/1334/1320
f 1911/1338/1324 1910/1339/1325 1750/1176/1162
f 1750/1176/1162 1749/1178/1164 1911/1338/1324
f 1749/1178/1164 1752/1180/1384 1912/1340/1326
f 1912/1340/1326 1911/1338/1324 1749/1178/1164
f 1754/1181/1167 1913/1341/1327 1912/1340/1326
f 1912/1340/1326 1752/1180/1384 1754/1181/1167
f 1756/1184/1170 1914/1342/1328 1913/1341/1327
f 1913/1341/1327 1754/1181/1167 1756/1184/1170
f 1915/1343/1397 1914/1342/1328 1756/1184/1170
f 1756/1184/1170 1758/1186/1172 1915/1343/1397
f 1916/1344/1330 1915/1343/1397 1758/1186/1172
f 1758/1186/1172 1807/1235/1221 1916/1344/1330
f 1916/1344/1330 1807/1235/1221 1883/1311/1297
f 1917/1345/1331 1918/1346/1332 1915/1343/1397
f 1919/1347/1333 1920/1348/1334 1917/1345/1331
f 1921/1349/1335 1918/1346/1332 1917/1345/1331
f 1921/1349/1335 1917/1345/1331 1920/1348/1334
f 1922/1350/1336 1918/1346/1332 1921/1349/1335
f 1918/1346/1332 1923/1351/1337 1914/1342/1328
f 1914/1342/1328 1915/1343/1397 1918/1346/1332
f 1924/1352/1338 1923/1351/1337 1918/1346/1332
f 1918/1346/1332 1922/1350/1336 1924/1352/1338
f 1923/1351/1337 1924/1352/1338 1925/1353/1339
f 1926/1354/1340 1927/1355/1341 1928/1356/1342
f 1929/1357/1343 1926/1354/1340 1923/1351/1337
f 1923/1351/1337 1925/1353/1339 1929/1357/1343
f 1914/1342/1328 1923/1351/1337 1926/1354/1340
f 1926/1354/1340 1913/1341/1327 1914/1342/1328
f 1926/1354/1340 1929/1357/1343 1927/1355/1341
f 1926/1354/1340 1928/1356/1342 1930/1358/1344
f 1931/1359/1398 1932/1360/1346 1933/1361/1347
f 1934/1362/1348 1935/1363/1399 1936/1364/1350
f 1934/1362/1348 1936/1364/1350 1937/1365/1351
f 1934/1362/1348 1937/1365/1351 1938/1366/1352
f 1938/1366/1352 1939/1367/1353 1934/1362/1348
f 1939/1367/1353 1940/1368/1354 1941/1369/1355
f 1911/1338/1324 1934/1362/1348 1939/1367/1353
f 1939/1367/1353 1910/1339/1325 1911/1338/1324
f 1939/1367/1353 1938/1366/1352 1940/1368/1354
f 1939/1367/1353 1941/1369/1355 1942/1370/1356
f 1939/1367/1353 1942/1370/1356 1943/1371/1357
f 1944/1372/1358 1867/1295/1281 1747/1172/1158
f 1747/1172/1158 1746/1175/1161 1944/1372/1358
f 1867/1295/1281 1944/1372/1358 1945/1373/1359
f 1945/1373/1359 1908/1336/1322 1867/1295/1281
f 1750/1176/1162 1910/1339/1325 1946/1374/1400
f 1946/1374/1400 1745/1174/1383 1750/1176/1162
f 1944/1372/1358 1746/1175/1161 1745/1174/1383
f 1745/1174/1383 1946/1374/1400 1944/1372/1358
f 1947/1375/1361 1946/1374/1400 1910/1339/1325
f 1947/1375/1361 1910/1339/1325 1939/1367/1353
f 1948/1376/1401 1947/1375/1361 1939/1367/1353
f 1939/1367/1353 1943/1371/1357 1948/1376/1401
f 1944/1372/1358 1949/1377/1363 1950/1378/1364
f 1950/1378/1364 1945/1373/1359 1944/1372/1358
f 1944/1372/1358 1946/1374/1400 1949/1377/1363
f 1945/1373/1359 1950/1378/1364 1909/1337/1323
f 1909/1337/1323 1908/1336/1322 1945/1373/1359
f 1951/1379/1365 1949/1377/1363 1946/1374/1400
f 1946/1374/1400 1947/1375/1361 1951/1379/1365
f 1951/1379/1365 1952/1380/1402 1950/1378/1364
f 1950/1378/1364 1949/1377/1363 1951/1379/1365
f 1953/1381/1367 1951/1379/1365 1947/1375/1361
f 1953/1381/1367 1954/1382/1368 1952/1380/1402
f 1952/1380/1402 1951/1379/1365 1953/1381/1367
f 1955/1383/1369 1953/1381/1367 1947/1375/1361
f 1947/1375/1361 1948/1376/1401 1955/1383/1369
f 1954/1382/1368 1953/1381/1367 1955/1383/1369
f 1955/1383/1369 1956/1384/1370 1954/1382/1368
f 1916/1344/1330 1883/1311/1297 1957/1385/1403
f 1958/1386/1372 1917/1345/1331 1915/1343/1397
f 1915/1343/1397 1916/1344/1330 1958/1386/1372
f 1958/1386/1372 1959/1387/1373 1919/1347/1333
f 1919/1347/1333 1917/1345/1331 1958/1386/1372
f 1960/1388/1374 1958/1386/1372 1916/1344/1330
f 1916/1344/1330 1957/1385/1403 1960/1388/1374
f 1883/1311/1297 1882/1310/1296 1961/1389/1404
f 1961/1389/1404 1957/1385/1403 1883/1311/1297
f 1879/1307/1392 1880/1308/1294 1962/1390/1376
f 1962/1390/1376 1881/1309/1295 1879/1307/1392
f 1961/1389/1404 1882/1310/1296 1881/1309/1295
f 1881/1309/1295 1962/1390/1376 1961/1389/1404
f 1961/1389/1404 1963/1391/1377 1960/1388/1374
f 1960/1388/1374 1957/1385/1403 1961/1389/1404
f 1959/1387/1373 1958/1386/1372 1960/1388/1374
f 1960/1388/1374 1964/1392/1378 1959/1387/1373
f 1964/1392/1378 1960/1388/1374 1963/1391/1377
f 1963/1391/1377 1961/1389/1404 1962/1390/1376
f 1931/1359/1398 1912/1340/1326 1913/1341/1327
f 1913/1341/1327 1926/1354/1340 1931/1359/1398
f 1931/1359/1398 1965/1393/1379 1966/1394/1380
f 1931/1359/1398 1934/1362/1348 1911/1338/1324
f 1911/1338/1324 1912/1340/1326 1931/1359/1398
f 1967/1395/1381 1935/1363/1399 1934/1362/1348
f 1934/1362/1348 1931/1359/1398 1967/1395/1381
f 1931/1359/1398 1926/1354/1340 1968/1396/1382
f 1932/1360/1346 1931/1359/1398 1968/1396/1382
f 1968/1396/1382 1930/1358/1344 1932/1360/1346
f 1931/1359/1398 1933/1361/1347 1965/1393/1379
f 1931/1359/1398 1966/1394/1380 1967/1395/1381
f 1926/1354/1340 1930/1358/1344 1968/1396/1382
f 1972/1397/1405 1969/1398/1406 1970/1399/1407
f 1970/1399/1407 1971/1400/1408 1972/1397/1405
f 1974/1401/1409 1972/1397/1405 1971/1400/1408
f 1971/1400/1408 1973/1402/1410 1974/1401/1409
f 1976/1403/1411 1974/1401/1409 1973/1402/1410
f 1973/1402/1410 1975/1404/1412 1976/1403/1411
f 1978/1405/1413 1976/1403/1411 1975/1404/1412
f 1975/1404/1412 1977/1406/1414 1978/1405/1413
f 1978/1405/1413 1977/1406/1414 1979/1407/1415
f 1979/1407/1415 1980/1408/1416 1978/1405/1413
f 1979/1407/1415 1981/1409/1417 1982/1410/1418
f 1982/1410/1418 1980/1408/1416 1979/1407/1415
f 1984/1411/1419 1983/1412/1420 1970/1399/1407
f 1970/1399/1407 1969/1398/1406 1984/1411/1419
f 1987/1413/1421 1984/1411/1419 1985/1414/1422
f 1985/1414/1422 1986/1415/1423 1987/1413/1421
f 1988/1416/1424 1986/1415/1423 1985/1414/1422
f 1989/1417/1425 1988/1416/1424 1985/1414/1422
f 1969/1398/1406 1990/1418/1426 1985/1414/1422
f 1985/1414/1422 1984/1411/1419 1969/1398/1406
f 1985/1414/1422 1990/1418/1426 1991/1419/1427
f 1991/1419/1427 1989/1417/1425 1985/1414/1422
f 1969/1398/1406 1972/1397/1405 1992/1420/1428
f 1992/1420/1428 1990/1418/1426 1969/1398/1406
f 1992/1420/1428 1972/1397/1405 1974/1401/1409
f 1974/1401/1409 1993/1421/1429 1992/1420/1428
f 1994/1422/1430 1993/1421/1429 1974/1401/1409
f 1974/1401/1409 1976/1403/1411 1994/1422/1430
f 1978/1405/1413 1995/1423/1431 1994/1422/1430
f 1994/1422/1430 1976/1403/1411 1978/1405/1413
f 1980/1408/1416 1996/1424/1432 1995/1423/1431
f 1995/1423/1431 1978/1405/1413 1980/1408/1416
f 1996/1424/1432 1980/1408/1416 1982/1410/1418
f 1982/1410/1418 1997/1425/1433 1996/1424/1432
f 1990/1418/1426 1992/1420/1428 1998/1426/1434
f 1998/1426/1434 1991/1419/1427 1990/1418/1426
f 1992/1420/1428 1993/1421/1429 1999/1427/1435
f 1999/1427/1435 1998/1426/1434 1992/1420/1428
f 1994/1422/1430 2000/1428/1436 1999/1427/1435
f 1999/1427/1435 1993/1421/1429 1994/1422/1430
f 2000/1428/1436 1994/1422/1430 1995/1423/1431
f 1995/1423/1431 2001/1429/1437 2000/1428/1436
f 2001/1429/1437 1995/1423/1431 1996/1424/1432
f 1996/1424/1432 2002/1430/1438 2001/1429/1437
f 2003/1431/1439 2002/1430/1438 1996/1424/1432
f 1996/1424/1432 1997/1425/1433 2003/1431/1439
f 1989/1417/1425 2004/1432/1440 2005/1433/1441
f 2005/1433/1441 1988/1416/1424 1989/1417/1425
f 2004/1432/1440 1989/1417/1425 1991/1419/1427
f 1991/1419/1427 2006/1434/1442 2004/1432/1440
f 1998/1426/1434 2007/1435/1443 2006/1434/1442
f 2006/1434/1442 1991/1419/1427 1998/1426/1434
f 1998/1426/1434 1999/1427/1435 2008/1436/1444
f 2008/1436/1444 2007/1435/1443 1998/1426/1434
f 2009/1437/1445 2008/1436/1444 1999/1427/1435
f 1999/1427/1435 2000/1428/1436 2009/1437/1445
f 2010/1438/1446 2009/1437/1445 2000/1428/1436
f 2000/1428/1436 2001/1429/1437 2010/1438/1446
f 2002/1430/1438 2011/1439/1447 2010/1438/1446
f 2010/1438/1446 2001/1429/1437 2002/1430/1438
f 2002/1430/1438 2003/1431/1439 2012/1440/1448
f 2012/1440/1448 2011/1439/1447 2002/1430/1438
f 2005/1433/1441 2004/1432/1440 2013/1441/1449
f 2013/1441/1449 2014/1442/1450 2005/1433/1441
f 2004/1432/1440 2006/1434/1442 2015/1443/1451
f 2015/1443/1451 2013/1441/1449 2004/1432/1440
f 2006/1434/1442 2007/1435/1443 2016/1444/1452
f 2016/1444/1452 2015/1443/1451 2006/1434/1442
f 2007/1435/1443 2008/1436/1444 2017/1445/1453
f 2017/1445/1453 2016/1444/1452 2007/1435/1443
f 2018/1446/1454 2017/1445/1453 2008/1436/1444
f 2008/1436/1444 2009/1437/1445 2018/1446/1454
f 2018/1446/1454 2009/1437/1445 2010/1438/1446
f 2010/1438/1446 2019/1447/1455 2018/1446/1454
f 2019/1447/1455 2010/1438/1446 2011/1439/1447
f 2011/1439/1447 2020/1448/1456 2019/1447/1455
f 2011/1439/1447 2012/1440/1448 2021/1449/1457
f 2021/1449/1457 2020/1448/1456 2011/1439/1447
f 2023/1450/1458 2022/1451/1459 2014/1442/1450
f 2014/1442/1450 2013/1441/1449 2023/1450/1458
f 2023/1450/1458 2013/1441/1449 2015/1443/1451
f 2015/1443/1451 2024/1452/1460 2023/1450/1458
f 2015/1443/1451 2016/1444/1452 2025/1453/1461
f 2025/1453/1461 2024/1452/1460 2015/1443/1451
f 2025/1453/1461 2016/1444/1452 2017/1445/1453
f 2017/1445/1453 2026/1454/1462 2025/1453/1461
f 2017/1445/1453 2018/1446/1454 2027/1455/1463
f 2027/1455/1463 2026/1454/1462 2017/1445/1453
f 2019/1447/1455 2028/1456/1464 2027/1455/1463
f 2027/1455/1463 2018/1446/1454 2019/1447/1455
f 2029/1457/1465 2028/1456/1464 2019/1447/1455
f 2019/1447/1455 2020/1448/1456 2029/1457/1465
f 2020/1448/1456 2021/1449/1457 2030/1458/1466
f 2030/1458/1466 2029/1457/1465 2020/1448/1456
f 2023/1450/1458 2031/1459/1467 2032/1460/1468
f 2032/1460/1468 2022/1451/1459 2023/1450/1458
f 2024/1452/1460 2033/1461/1469 2031/1459/1467
f 2031/1459/1467 2023/1450/1458 2024/1452/1460
f 2034/1462/1470 2033/1461/1469 2024/1452/1460
f 2024/1452/1460 2025/1453/1461 2034/1462/1470
f 2034/1462/1470 2025/1453/1461 2026/1454/1462
f 2026/1454/1462 2035/1463/1471 2034/1462/1470
f 2036/1464/1472 2035/1463/1471 2026/1454/1462
f 2026/1454/1462 2027/1455/1463 2036/1464/1472
f 2027/1455/1463 2028/1456/1464 2037/1465/1473
f 2037/1465/1473 2036/1464/1472 2027/1455/1463
f 2028/1456/1464 2029/1457/1465 2038/1466/1474
f 2038/1466/1474 2037/1465/1473 2028/1456/1464
f 2039/1467/1475 2038/1466/1474 2029/1457/1465
f 2029/1457/1465 2030/1458/1466 2039/1467/1475
f 2031/1459/1467 2033/1461/1469 2040/1468/1476
f 2040/1468/1476 2041/1469/1477 2031/1459/1467
f 2033/1461/1469 2034/1462/1470 2042/1470/1478
f 2042/1470/1478 2040/1468/1476 2033/1461/1469
f 2042/1470/1478 2034/1462/1470 2035/1463/1471
f 2035/1463/1471 2043/1471/1479 2042/1470/1478
f 2036/1464/1472 2044/1472/1480 2043/1471/1479
f 2043/1471/1479 2035/1463/1471 2036/1464/1472
f 2045/1473/1481 2044/1472/1480 2036/1464/1472
f 2036/1464/1472 2037/1465/1473 2045/1473/1481
f 2037/1465/1473 2038/1466/1474 2046/1474/1482
f 2046/1474/1482 2045/1473/1481 2037/1465/1473
f 2046/1474/1482 2038/1466/1474 2039/1467/1475
f 2039/1467/1475 2047/1475/1483 2046/1474/1482
f 2048/1476/1484 2032/1460/1468 2031/1459/1467
f 2031/1459/1467 2041/1469/1477 2048/1476/1484
f 2050/1477/1485 2049/1478/1486 2048/1476/1484
f 2048/1476/1484 2041/1469/1477 2050/1477/1485
f 2050/1477/1485 2041/1469/1477 2040/1468/1476
f 2040/1468/1476 2051/1479/1487 2050/1477/1485
f 2051/1479/1487 2040/1468/1476 2042/1470/1478
f 2042/1470/1478 2052/1480/1488 2051/1479/1487
f 2052/1480/1488 2042/1470/1478 2043/1471/1479
f 2043/1471/1479 2053/1481/1489 2052/1480/1488
f 2044/1472/1480 2054/1482/1490 2053/1481/1489
f 2053/1481/1489 2043/1471/1479 2044/1472/1480
f 2045/1473/1481 2055/1483/1491 2054/1482/1490
f 2054/1482/1490 2044/1472/1480 2045/1473/1481
f 2055/1483/1491 2045/1473/1481 2046/1474/1482
f 2046/1474/1482 2056/1484/1492 2055/1483/1491
f 2056/1484/1492 2046/1474/1482 2047/1475/1483
f 2047/1475/1483 2057/1485/1493 2056/1484/1492
f 2059/1486/1494 2050/1477/1485 2051/1479/1487
f 2051/1479/1487 2058/1487/1495 2059/1486/1494
f 2051/1479/1487 2052/1480/1488 2060/1488/1496
f 2060/1488/1496 2058/1487/1495 2051/1479/1487
f 2053/1481/1489 2061/1489/1497 2060/1488/1496
f 2060/1488/1496 2052/1480/1488 2053/1481/1489
f 2062/1490/1498 2061/1489/1497 2053/1481/1489
f 2053/1481/1489 2054/1482/1490 2062/1490/1498
f 2063/1491/1499 2062/1490/1498 2054/1482/1490
f 2054/1482/1490 2055/1483/1491 2063/1491/1499
f 2055/1483/1491 2056/1484/1492 2064/1492/1500
f 2064/1492/1500 2063/1491/1499 2055/1483/1491
f 2057/1485/1493 2065/1493/1501 2064/1492/1500
f 2064/1492/1500 2056/1484/1492 2057/1485/1493
f 2067/1494/1502 2065/1493/1501 2057/1485/1493
f 2057/1485/1493 2066/1495/1503 2067/1494/1502
f 2068/1496/1504 2049/1478/1486 2050/1477/1485
f 2050/1477/1485 2059/1486/1494 2068/1496/1504
f 2059/1486/1494 2058/1487/1495 2069/1497/1505
f 2069/1497/1505 2070/1498/1506 2059/1486/1494
f 2060/1488/1496 2071/1499/1507 2069/1497/1505
f 2069/1497/1505 2058/1487/1495 2060/1488/1496
f 2061/1489/1497 2072/1500/1508 2071/1499/1507
f 2071/1499/1507 2060/1488/1496 2061/1489/1497
f 2072/1500/1508 2061/1489/1497 2062/1490/1498
f 2062/1490/1498 2073/1501/1509 2072/1500/1508
f 2073/1501/1509 2062/1490/1498 2063/1491/1499
f 2063/1491/1499 2074/1502/1510 2073/1501/1509
f 2074/1502/1510 2063/1491/1499 2064/1492/1500
f 2064/1492/1500 2075/1503/1511 2074/1502/1510
f 2065/1493/1501 2076/1504/1512 2075/1503/1511
f 2075/1503/1511 2064/1492/1500 2065/1493/1501
f 2067/1494/1502 2077/1505/1513 2076/1504/1512
f 2076/1504/1512 2065/1493/1501 2067/1494/1502
f 2059/1486/1494 2070/1498/1506 2078/1506/1514
f 2078/1506/1514 2068/1496/1504 2059/1486/1494
f 2080/1507/1515 2079/1508/1516 2070/1498/1506
f 2070/1498/1506 2069/1497/1505 2080/1507/1515
f 2071/1499/1507 2081/1509/1517 2080/1507/1515
f 2080/1507/1515 2069/1497/1505 2071/1499/1507
f 2072/1500/1508 2082/1510/1518 2081/1509/1517
f 2081/1509/1517 2071/1499/1507 2072/1500/1508
f 2073/1501/1509 2083/1511/1519 2082/1510/1518
f 2082/1510/1518 2072/1500/1508 2073/1501/1509
f 2074/1502/1510 2084/1512/1520 2083/1511/1519
f 2083/1511/1519 2073/1501/1509 2074/1502/1510
f 2075/1503/1511 2085/1513/1521 2084/1512/1520
f 2084/1512/1520 2074/1502/1510 2075/1503/1511
f 2085/1513/1521 2075/1503/1511 2076/1504/1512
f 2076/1504/1512 2086/1514/1522 2085/1513/1521
f 2077/1505/1513 2087/1515/1523 2086/1514/1522
f 2086/1514/1522 2076/1504/1512 2077/1505/1513
f 2080/1507/1515 2088/1516/1524 2089/1517/1525
f 2089/1517/1525 2079/1508/1516 2080/1507/1515
f 2088/1516/1524 2080/1507/1515 2081/1509/1517
f 2081/1509/1517 2090/1518/1526 2088/1516/1524
f 2082/1510/1518 2091/1519/1527 2090/1518/1526
f 2090/1518/1526 2081/1509/1517 2082/1510/1518
f 2083/1511/1519 2092/1520/1528 2091/1519/1527
f 2091/1519/1527 2082/1510/1518 2083/1511/1519
f 2084/1512/1520 2093/1521/1529 2092/1520/1528
f 2092/1520/1528 2083/1511/1519 2084/1512/1520
f 2093/1521/1529 2084/1512/1520 2085/1513/1521
f 2085/1513/1521 2094/1522/1530 2093/1521/1529
f 2094/1522/1530 2085/1513/1521 2086/1514/1522
f 2086/1514/1522 2095/1523/1531 2094/1522/1530
f 2095/1523/1531 2086/1514/1522 2087/1515/1523
f 2087/1515/1523 2096/1524/1532 2095/1523/1531
f 2088/1516/1524 2097/1525/1533 2098/1526/1534
f 2098/1526/1534 2089/1517/1525 2088/1516/1524
f 2088/1516/1524 2090/1518/1526 2099/1527/1535
f 2099/1527/1535 2097/1525/1533 2088/1516/1524
f 2092/1520/1528 2100/1528/1536 2101/1529/1537
f 2101/1529/1537 2091/1519/1527 2092/1520/1528
f 2093/1521/1529 2102/1530/1538 2100/1528/1536
f 2100/1528/1536 2092/1520/1528 2093/1521/1529
f 2102/1530/1538 2093/1521/1529 2094/1522/1530
f 2094/1522/1530 2103/1531/1539 2102/1530/1538
f 2103/1531/1539 2094/1522/1530 2095/1523/1531
f 2095/1523/1531 2104/1532/1540 2103/1531/1539
f 2105/1533/1541 2104/1532/1540 2095/1523/1531
f 2105/1533/1541 2095/1523/1531 2096/1524/1532
f 2096/1524/1532 2106/1534/1542 2105/1533/1541
f 2107/1535/1543 2108/1536/1544 2109/1537/1545
f 2107/1535/1543 2110/1538/1546 2108/1536/1544
f 2105/1533/1541 2106/1534/1542 2110/1538/1546
f 2110/1538/1546 2107/1535/1543 2105/1533/1541
f 2105/1533/1541 2107/1535/1543 2111/1539/1547
f 2111/1539/1547 2104/1532/1540 2105/1533/1541
f 2107/1535/1543 2109/1537/1545 2112/1540/1548
f 2113/1541/1549 2111/1539/1547 2107/1535/1543
f 2107/1535/1543 2112/1540/1548 2113/1541/1549
f 2114/1542/1550 2115/1543/1551 2116/1544/1552
f 2115/1543/1551 2114/1542/1550 2111/1539/1547
f 2111/1539/1547 2113/1541/1549 2115/1543/1551
f 2114/1542/1550 2103/1531/1539 2104/1532/1540
f 2104/1532/1540 2111/1539/1547 2114/1542/1550
f 2114/1542/1550 2116/1544/1552 2117/1545/1553
f 2102/1530/1538 2103/1531/1539 2114/1542/1550
f 2114/1542/1550 2118/1546/1554 2102/1530/1538
f 2119/1547/1555 2118/1546/1554 2114/1542/1550
f 2114/1542/1550 2117/1545/1553 2119/1547/1555
f 2120/1548/1556 2119/1547/1555 2121/1549/1557
f 2122/1550/1558 2102/1530/1538 2118/1546/1554
f 2119/1547/1555 2120/1548/1556 2122/1550/1558
f 2122/1550/1558 2118/1546/1554 2119/1547/1555
f 2120/1548/1556 2121/1549/1557 2123/1551/1559
f 2123/1551/1559 2124/1552/1560 2122/1550/1558
f 2122/1550/1558 2120/1548/1556 2123/1551/1559
f 2125/1553/1561 2126/1554/1562 2127/1555/1563
f 2126/1554/1562 2125/1553/1561 2122/1550/1558
f 2122/1550/1558 2124/1552/1560 2126/1554/1562
f 2102/1530/1538 2122/1550/1558 2125/1553/1561
f 2125/1553/1561 2100/1528/1536 2102/1530/1538
f 2100/1528/1536 2125/1553/1561 2128/1556/1564
f 2128/1556/1564 2101/1529/1537 2100/1528/1536
f 2129/1557/1565 2130/1556/1566 2131/1558/1567
f 2130/1556/1568 2132/1559/1569 2133/1558/1569
f 2130/1556/1568 2134/1557/1570 2135/1560/1571
f 2128/1556/1564 2136/1560/1572 2137/1561/1573
f 2137/1561/1573 2138/1562/1574 2128/1556/1564
f 2137/1561/1573 2139/1563/1575 2140/1564/1576
f 2141/1565/1577 2099/1527/1535 2090/1518/1526
f 2141/1565/1577 2090/1518/1526 2091/1519/1527
f 2091/1519/1527 2101/1529/1537 2141/1565/1577
f 2142/1566/1578 2143/1567/1579 2144/1568/1580
f 2145/1569/1581 2146/1570/1582 2147/1571/1583
f 2145/1569/1581 2148/1572/1584 2149/1573/1585
f 2097/1525/1533 2099/1527/1535 2150/1574/1586
f 2150/1574/1586 2145/1569/1581 2097/1525/1533
f 2144/1568/1580 2146/1570/1582 2145/1569/1581
f 2145/1569/1581 2150/1574/1586 2144/1568/1580
f 2145/1569/1581 2147/1571/1583 2151/1575/1587
f 2145/1569/1581 2151/1575/1587 2148/1572/1584
f 2145/1569/1581 2149/1573/1585 2152/1576/1588
f 2153/1577/1589 2145/1569/1581 2152/1576/1588
f 2154/1578/1590 2155/1579/1591 2156/1580/1592
f 2098/1526/1534 2097/1525/1533 2145/1569/1581
f 2145/1569/1581 2157/1581/1593 2098/1526/1534
f 2157/1581/1593 2145/1569/1581 2153/1577/1589
f 2153/1577/1589 2158/1582/1594 2157/1581/1593
f 2158/1582/1594 2156/1580/1592 2157/1581/1593
f 2158/1582/1594 2154/1578/1590 2156/1580/1592
f 2158/1582/1594 2153/1577/1589 2152/1576/1588
f 2152/1576/1588 2154/1578/1590 2158/1582/1594
f 2142/1566/1578 2159/1583/1595 2160/1584/1596
f 2160/1584/1596 2143/1567/1579 2142/1566/1578
f 2142/1566/1578 2144/1568/1580 2150/1574/1586
f 2150/1574/1586 2161/1585/1597 2142/1566/1578
f 2162/1586/1598 2159/1583/1595 2161/1585/1597
f 2160/1584/1596 2159/1583/1595 2162/1586/1598
f 2162/1586/1598 2163/1587/1599 2160/1584/1596
f 2099/1527/1535 2141/1565/1577 2161/1585/1597
f 2161/1585/1597 2150/1574/1586 2099/1527/1535
f 2141/1565/1577 2101/1529/1537 2128/1556/1564
f 2128/1556/1564 2161/1585/1597 2141/1565/1577
f 2138/1562/1574 2140/1564/1576 2161/1585/1597
f 2161/1585/1597 2128/1556/1564 2138/1562/1574
f 2159/1583/1595 2142/1566/1578 2161/1585/1597
f 2140/1564/1576 2162/1586/1598 2161/1585/1597
f 2163/1587/1599 2162/1586/1598 2140/1564/1576
f 2140/1564/1576 2139/1563/1575 2163/1587/1599
f 2140/1564/1576 2138/1562/1574 2137/1561/1573
f 2164/1588/1600 2157/1581/1593 2156/1580/1592
f 2164/1588/1600 2156/1580/1592 2155/1579/1591
f 2166/1589/1601 1970/1399/1407 1983/1412/1420
f 1983/1412/1420 2165/1590/1602 2166/1589/1601
f 1970/1399/1407 2166/1589/1601 2167/1591/1603
f 2167/1591/1603 1971/1400/1408 1970/1399/1407
f 1971/1400/1408 2167/1591/1603 2168/1592/1604
f 2168/1592/1604 1973/1402/1410 1971/1400/1408
f 2168/1592/1604 2169/1593/1605 1975/1404/1412
f 1975/1404/1412 1973/1402/1410 2168/1592/1604
f 1975/1404/1412 2169/1593/1605 2170/1594/1606
f 2170/1594/1606 1977/1406/1414 1975/1404/1412
f 2170/1594/1606 2171/1595/1607 1979/1407/1415
f 1979/1407/1415 1977/1406/1414 2170/1594/1606
f 1981/1409/1417 1979/1407/1415 2171/1595/1607
f 2171/1595/1607 2172/1596/1608 1981/1409/1417
f 2172/1596/1608 2171/1595/1607 2173/1597/1609
f 2173/1597/1609 2174/1598/1610 2172/1596/1608
f 2171/1595/1607 2170/1594/1606 2175/1599/1611
f 2175/1599/1611 2173/1597/1609 2171/1595/1607
f 2175/1599/1611 2170/1594/1606 2169/1593/1605
f 2169/1593/1605 2176/1600/1612 2175/1599/1611
f 2177/1601/1613 2176/1600/1612 2169/1593/1605
f 2169/1593/1605 2168/1592/1604 2177/1601/1613
f 2178/1602/1614 2177/1601/1613 2168/1592/1604
f 2168/1592/1604 2167/1591/1603 2178/1602/1614
f 2179/1603/1615 2178/1602/1614 2167/1591/1603
f 2167/1591/1603 2166/1589/1601 2179/1603/1615
f 2180/1604/1616 2179/1603/1615 2166/1589/1601
f 2166/1589/1601 2165/1590/1602 2180/1604/1616
f 2181/1605/1617 2182/1606/1618 2183/1607/1619
f 2183/1607/1619 2182/1606/1618 2184/1608/1620
f 2180/1604/1616 2181/1605/1617 2185/1609/1621
f 2185/1609/1621 2179/1603/1615 2180/1604/1616
f 2185/1609/1621 2186/1610/1622 2187/1611/1623
f 2186/1610/1622 2185/1609/1621 2181/1605/1617
f 2181/1605/1617 2183/1607/1619 2186/1610/1622
f 2185/1609/1621 2187/1611/1623 2188/1612/1624
f 2185/1609/1621 2188/1612/1624 2189/1613/1625
f 2190/1614/1626 2178/1602/1614 2179/1603/1615
f 2179/1603/1615 2185/1609/1621 2190/1614/1626
f 2191/1615/1627 2190/1614/1626 2185/1609/1621
f 2185/1609/1621 2189/1613/1625 2191/1615/1627
f 2177/1601/1613 2178/1602/1614 2190/1614/1626
f 2190/1614/1626 2192/1616/1628 2177/1601/1613
f 2176/1600/1612 2177/1601/1613 2192/1616/1628
f 2192/1616/1628 2193/1617/1629 2176/1600/1612
f 2194/1618/1630 2175/1599/1611 2176/1600/1612
f 2176/1600/1612 2193/1617/1629 2194/1618/1630
f 2173/1597/1609 2175/1599/1611 2194/1618/1630
f 2194/1618/1630 2195/1619/1631 2173/1597/1609
f 2174/1598/1610 2173/1597/1609 2195/1619/1631
f 2195/1619/1631 2196/1620/1632 2174/1598/1610
f 2197/1621/1633 2198/1622/1634 2199/1623/1635
f 2199/1623/1635 2196/1620/1632 2200/1624/1636
f 2201/1625/1637 2202/1626/1638 2203/1627/1639
f 2202/1626/1638 2200/1624/1636 2203/1627/1639
f 2196/1620/1632 2195/1619/1631 2203/1627/1639
f 2203/1627/1639 2200/1624/1636 2196/1620/1632
f 2204/1628/1640 2201/1625/1637 2203/1627/1639
f 2203/1627/1639 2195/1619/1631 2205/1629/1641
f 2195/1619/1631 2206/1630/1642 2205/1629/1641
f 2204/1628/1640 2203/1627/1639 2205/1629/1641
f 2205/1629/1641 2207/1631/1643 2204/1628/1640
f 2195/1619/1631 2194/1618/1630 2208/1632/1644
f 2208/1632/1644 2206/1630/1642 2195/1619/1631
f 2209/1633/1645 2207/1631/1643 2205/1629/1641
f 2205/1629/1641 2206/1630/1642 2209/1633/1645
f 2210/1634/1646 2209/1633/1645 2206/1630/1642
f 2206/1630/1642 2208/1632/1644 2210/1634/1646
f 2208/1632/1644 2194/1618/1630 2211/1635/1647
f 2211/1635/1647 2194/1618/1630 2193/1617/1629
f 2193/1617/1629 2212/1636/1648 2211/1635/1647
f 2210/1634/1646 2208/1632/1644 2211/1635/1647
f 2210/1634/1646 2211/1635/1647 2213/1637/1649
f 2213/1637/1649 2211/1635/1647 2212/1636/1648
f 2214/1638/1650 2213/1637/1649 2215/1639/1651
f 2212/1636/1648 2216/1640/1652 2215/1639/1651
f 2215/1639/1651 2213/1637/1649 2212/1636/1648
f 2212/1636/1648 2193/1617/1629 2216/1640/1652
f 2217/1641/1653 2215/1639/1651 2216/1640/1652
f 2193/1617/1629 2192/1616/1628 2218/1642/1654
f 2218/1642/1654 2216/1640/1652 2193/1617/1629
f 2218/1642/1654 2219/1643/1655 2217/1641/1653
f 2217/1641/1653 2216/1640/1652 2218/1642/1654
f 2218/1642/1654 2192/1616/1628 2220/1644/1656
f 2219/1643/1655 2218/1642/1654 2220/1644/1656
f 2220/1644/1656 2221/1645/1657 2219/1643/1655
f 2222/1646/1658 2221/1645/1657 2220/1644/1656
f 2220/1644/1656 2192/1616/1628 2223/1647/1659
f 2223/1647/1659 2224/1648/1660 2222/1646/1658
f 2222/1646/1658 2220/1644/1656 2223/1647/1659
f 2225/1649/1661 2190/1614/1626 2226/1650/1662
f 2223/1647/1659 2227/1651/1663 2228/1652/1664
f 2228/1652/1664 2224/1648/1660 2223/1647/1659
f 2225/1649/1661 2227/1651/1663 2192/1616/1628
f 2192/1616/1628 2190/1614/1626 2225/1649/1661
f 2223/1647/1659 2192/1616/1628 2227/1651/1663
f 2229/1653/1665 2228/1652/1664 2227/1651/1663
f 2225/1649/1661 2226/1650/1662 2229/1653/1665
f 2229/1653/1665 2227/1651/1663 2225/1649/1661
f 2226/1650/1662 2190/1614/1626 2230/1654/1666
f 2190/1614/1626 2191/1615/1627 2230/1654/1666
f 2230/1654/1666 2231/1655/1667 2229/1653/1665
f 2229/1653/1665 2226/1650/1662 2230/1654/1666
f 2232/1656/1668 2233/1657/1669 2234/1658/1670
f 2232/1656/1668 2030/1458/1466 2021/1449/1457
f 2021/1449/1457 2233/1657/1669 2232/1656/1668
f 2232/1656/1668 2235/1659/1671 2236/1660/1672
f 2039/1467/1475 2030/1458/1466 2232/1656/1668
f 2232/1656/1668 2237/1661/1673 2039/1467/1475
f 2232/1656/1668 2236/1660/1672 2238/1662/1674
f 2238/1662/1674 2237/1661/1673 2232/1656/1668
f 2057/1485/1493 2047/1475/1483 2239/1663/1675
f 2239/1663/1675 2066/1495/1503 2057/1485/1493
f 2047/1475/1483 2039/1467/1475 2237/1661/1673
f 2237/1661/1673 2239/1663/1675 2047/1475/1483
f 2237/1661/1673 2238/1662/1674 2240/1664/1676
f 2240/1664/1676 2239/1663/1675 2237/1661/1673
f 2235/1659/1671 2232/1656/1668 2234/1658/1670
f 2233/1657/1669 2021/1449/1457 2012/1440/1448
f 2012/1440/1448 2241/1665/1677 2233/1657/1669
f 2242/1666/1678 2199/1623/1635 2198/1622/1634
f 2242/1666/1678 2198/1622/1634 2243/1667/1679
f 2242/1666/1678 2243/1667/1679 2244/1668/1680
f 2242/1666/1678 2245/1669/1681 2196/1620/1632
f 2196/1620/1632 2199/1623/1635 2242/1666/1678
f 2245/1669/1681 2174/1598/1610 2196/1620/1632
f 2246/1670/1682 2245/1669/1681 2242/1666/1678
f 2246/1670/1682 2242/1666/1678 2244/1668/1680
f 2247/1671/1683 2174/1598/1610 2245/1669/1681
f 2246/1670/1682 2248/1672/1684 2247/1671/1683
f 2247/1671/1683 2245/1669/1681 2246/1670/1682
f 2172/1596/1608 2174/1598/1610 2247/1671/1683
f 2247/1671/1683 2249/1673/1685 2172/1596/1608
f 2247/1671/1683 2248/1672/1684 2250/1674/1686
f 2250/1674/1686 2249/1673/1685 2247/1671/1683
f 2251/1675/1687 1981/1409/1417 2172/1596/1608
f 2172/1596/1608 2249/1673/1685 2251/1675/1687
f 2251/1675/1687 2249/1673/1685 2250/1674/1686
f 2250/1674/1686 2252/1676/1688 2251/1675/1687
f 1981/1409/1417 2251/1675/1687 2253/1677/1689
f 2253/1677/1689 1982/1410/1418 1981/1409/1417
f 2253/1677/1689 2251/1675/1687 2252/1676/1688
f 2252/1676/1688 2254/1678/1690 2253/1677/1689
f 1982/1410/1418 2253/1677/1689 2255/1679/1691
f 2255/1679/1691 1997/1425/1433 1982/1410/1418
f 2256/1680/1692 2255/1679/1691 2253/1677/1689
f 2253/1677/1689 2254/1678/1690 2256/1680/1692
f 2012/1440/1448 2003/1431/1439 2257/1681/1693
f 2257/1681/1693 2241/1665/1677 2012/1440/1448
f 2255/1679/1691 2257/1681/1693 2003/1431/1439
f 2003/1431/1439 1997/1425/1433 2255/1679/1691
f 2258/1682/1694 2241/1665/1677 2257/1681/1693
f 2259/1683/1695 2257/1681/1693 2255/1679/1691
f 2255/1679/1691 2256/1680/1692 2259/1683/1695
f 2233/1657/1669 2241/1665/1677 2258/1682/1694
f 2258/1682/1694 2234/1658/1670 2233/1657/1669
f 2258/1682/1694 2257/1681/1693 2259/1683/1695
f 2260/1559/1696 2128/1556/1564 2261/1684/1697
f 2128/1556/1564 2125/1553/1561 2262/1685/1698
f 2262/1685/1698 2261/1684/1697 2128/1556/1564
f 2125/1553/1561 2127/1555/1563 2262/1685/1698
f 2263/1686/1699 2261/1684/1697 2262/1685/1698
f 2184/1608/1620 2182/1606/1618 2264/1687/1700
f 2264/1687/1700 2265/1688/1701 2184/1608/1620
f 2181/1605/1617 2266/1689/1702 2264/1687/1700
f 2264/1687/1700 2182/1606/1618 2181/1605/1617
f 2267/1690/1703 2264/1687/1700 2266/1689/1702
f 2268/1691/1704 2267/1690/1703 2266/1689/1702
f 2180/1604/1616 2269/1692/1705 2266/1689/1702
f 2266/1689/1702 2181/1605/1617 2180/1604/1616
f 2180/1604/1616 2165/1590/1602 2269/1692/1705
f 2269/1692/1705 2270/1693/1706 2268/1691/1704
f 2268/1691/1704 2266/1689/1702 2269/1692/1705
f 2269/1692/1705 2165/1590/1602 2271/1694/1707
f 2272/1695/1708 1983/1412/1420 1984/1411/1419
f 1984/1411/1419 1987/1413/1421 2272/1695/1708
f 2165/1590/1602 1983/1412/1420 2272/1695/1708
f 2272/1695/1708 2271/1694/1707 2165/1590/1602
f 2273/1696/1709 2271/1694/1707 2272/1695/1708
f 2270/1693/1706 2269/1692/1705 2271/1694/1707
f 2271/1694/1707 2273/1696/1709 2270/1693/1706
f 2274/1697/1710 2098/1526/1534 2157/1581/1593
f 2274/1697/1710 2275/1698/1711 2276/1699/1712
f 2274/1697/1710 2157/1581/1593 2164/1588/1600
f 2274/1697/1710 2164/1588/1600 2277/1700/1713
f 2274/1697/1710 2277/1700/1713 2275/1698/1711
f 2279/1701/1714 2278/1702/1715 2274/1697/1710
f 2274/1697/1710 2276/1699/1712 2279/1701/1714
f 2274/1697/1710 2278/1702/1715 2280/1703/1716
f 2281/1704/1717 2098/1526/1534 2274/1697/1710
f 2281/1704/1717 2089/1517/1525 2098/1526/1534
f 2282/1705/1718 2281/1704/1717 2274/1697/1710
f 2274/1697/1710 2280/1703/1716 2282/1705/1718
f 2283/1706/1719 2089/1517/1525 2281/1704/1717
f 2283/1706/1719 2079/1508/1516 2089/1517/1525
f 2078/1506/1514 2070/1498/1506 2079/1508/1516
f 2079/1508/1516 2284/1707/1720 2078/1506/1514
f 2284/1707/1720 2079/1508/1516 2283/1706/1719
f 2284/1707/1720 2283/1706/1719 2285/1708/1721
f 2281/1704/1717 2282/1705/1718 2285/1708/1721
f 2285/1708/1721 2283/1706/1719 2281/1704/1717
f 2289/1623/1722 2286/1624/1722 2287/1626/1722
f 2287/1626/1722 2288/1621/1722 2289/1623/1722
s 0
f 2293/1709/740 2290/1710/740 2291/1711/740
f 2291/1711/740 2292/1712/740 2293/1709/740
f 2297/1713/1723 2294/1714/1723 2295/1715/1723
f 2295/1715/1723 2296/1716/1723 2297/1713/1723
f 2301/1717/1724 2298/1715/1724 2299/1714/1724
f 2299/1714/1724 2300/1718/1724 2301/1717/1724
f 2305/1719/1725 2302/1720/1725 2303/1721/1725
f 2303/1721/1725 2304/1722/1725 2305/1719/1725
f 2309/1723/1726 2306/1724/1726 2307/1725/1726
f 2307/1725/1726 2308/1726/1726 2309/1723/1726
f 2313/1715/1727 2310/1709/1727 2311/1712/1727
f 2311/1712/1728 2312/1716/1728 2313/1715/1728
f 2317/1709/1729 2314/1715/1729 2315/1717/1729
s 1
f 2315/1717/1730 2316/1710/1730 2317/1709/1730
f 2321/1727/1731 2318/1728/1731 2319/1721/1731
f 2319/1721/1731 2320/1720/1731 2321/1727/1731
f 2325/1726/1732 2322/1729/1732 2323/1730/1732
s 0
f 2323/1730/1733 2324/1723/1733 2325/1726/1733
f 2329/1731/1734 2326/1732/1734 2327/1725/1734
f 2327/1725/1735 2328/1724/1735 2329/1731/1735
f 2330/1714/165 2331/1733/165 2332/1718/165
f 2330/1714/1736 2333/1734/1736 2331/1733/1736
s 1
f 2337/1735/1737 2334/1736/1738 2335/1737/1739
f 2335/1737/1739 2336/1738/1738 2337/1735/1737
s 0
f 2338/1739/745 2339/1737/745 2340/1736/745
f 2344/1740/1740 2341/1741/1740 2342/1742/1740
f 2342/1742/1741 2343/1743/1741 2344/1740/1741
f 2348/1744/1742 2345/1745/1742 2346/1746/1742
f 2346/1746/1742 2347/1747/1742 2348/1744/1742
f 2352/1748/1743 2349/1749/1743 2350/1750/1743
f 2350/1750/1743 2351/1751/1743 2352/1748/1743
f 2356/1741/1744 2353/1750/1744 2354/1749/1744
f 2354/1749/1744 2355/1742/1744 2356/1741/1744
f 2360/1752/1745 2357/1744/1745 2358/1747/1745
f 2358/1747/1745 2359/1753/1745 2360/1752/1745
f 2364/1751/1746 2361/1750/1746 2362/1754/1746
f 2362/1754/1746 2363/1755/1746 2364/1751/1746
f 2365/1741/1747 2366/1756/1747 2367/1750/1747
f 2367/1750/1747 2366/1756/1747 2368/1754/1747
f 2372/1755/745 2369/1754/745 2370/1756/745
f 2370/1756/745 2371/1757/745 2372/1755/745
f 2376/1744/1748 2373/1758/1748 2374/1759/1748
f 2374/1759/1748 2375/1760/1748 2376/1744/1748
f 2380/1741/1748 2377/1740/1748 2378/1761/1748
f 2378/1761/1748 2379/1739/1748 2380/1741/1748
f 2381/1757/165 2382/1762/165 2383/1763/165
f 2387/1758/1749 2384/1744/1749 2385/1752/1749
f 2385/1752/165 2386/1764/165 2387/1758/165
f 2391/1736/740 2388/1765/740 2389/1757/740
f 2389/1757/740 2390/1756/740 2391/1736/740
f 2389/1757/740 2388/1765/740 2392/1762/740
f 2396/1736/135 2393/1756/135 2394/1741/135
f 2394/1741/1750 2395/1739/1750 2396/1736/1750
s 1
f 2400/1766/1751 2397/1763/1751 2398/1762/1751
f 2398/1762/1751 2399/1765/1752 2400/1766/1751
s 0
f 2401/1767/165 2402/1758/165 2403/1764/165
f 2404/1758/1753 2405/1767/1753 2406/1768/1753
f 2410/1766/1754 2407/1769/1754 2408/1770/1754
f 2408/1770/1755 2409/1763/1755 2410/1766/1755
f 2414/1771/1756 2411/1772/1756 2412/1773/1756
f 2412/1773/1756 2413/1774/1756 2414/1771/1756
f 2418/1759/1757 2415/1758/1757 2416/1768/1757
f 2416/1768/1758 2417/1772/1758 2418/1759/1758
f 2419/1771/1759 2420/1759/1759 2421/1772/1759
s 1
f 2425/1719/1760 2422/1768/1760 2423/1775/1760
f 2423/1775/1760 2424/1776/1760 2425/1719/1760
f 2429/1777/1761 2426/1769/1761 2427/1778/1761
f 2427/1778/1761 2428/1779/1761 2429/1777/1761
s 0
f 2433/1772/1762 2430/1722/1762 2431/1780/1762
f 2431/1780/1762 2432/1773/1762 2433/1772/1762
f 2434/1760/741 2435/1759/741 2436/1771/741
s 1
f 2437/1760/1763 2438/1771/1763 2439/1774/1763
f 2440/1767/1764 2441/1775/1764 2442/1768/1764
f 2443/1769/1765 2444/1777/1765 2445/1770/1765
s 0
f 2449/1732/1766 2446/1731/1766 2447/1733/1766
f 2447/1733/1767 2448/1734/1767 2449/1732/1767
f 2453/1768/139 2450/1719/139 2451/1722/139
f 2451/1722/139 2452/1772/139 2453/1768/139
s 1
f 2457/1781/1768 2454/1782/1769 2455/1783/1770
f 2455/1783/1770 2456/1784/1771 2457/1781/1768
f 2459/1785/1772 2458/1786/1773 2457/1781/1768
f 2457/1781/1768 2456/1784/1771 2459/1785/1772
f 2461/1787/1774 2454/1782/1769 2457/1781/1768
f 2457/1781/1768 2460/1788/1775 2461/1787/1774
f 2460/1788/1775 2457/1781/1768 2458/1786/1773
f 2458/1786/1773 2462/1789/1776 2460/1788/1775
f 2460/1788/1775 2463/1790/1777 2464/1791/1778
f 2464/1791/1778 2461/1787/1774 2460/1788/1775
f 2463/1790/1777 2465/1792/1779 2466/1793/1780
f 2466/1793/1780 2464/1791/1778 2463/1790/1777
f 2462/1789/1776 2467/1794/1781 2463/1790/1777
f 2463/1790/1777 2460/1788/1775 2462/1789/1776
f 2467/1794/1781 2468/1795/1782 2465/1792/1779
f 2465/1792/1779 2463/1790/1777 2467/1794/1781
f 2454/1782/1769 2469/1796/1783 2470/1797/1784
f 2470/1797/1784 2455/1783/1770 2454/1782/1769
f 2471/1798/1785 2469/1796/1783 2454/1782/1769
f 2454/1782/1769 2461/1787/1774 2471/1798/1785
f 2461/1787/1774 2464/1791/1778 2472/1799/1786
f 2472/1799/1786 2471/1798/1785 2461/1787/1774
f 2473/1800/1787 2472/1799/1786 2464/1791/1778
f 2464/1791/1778 2466/1793/1780 2473/1800/1787
f 2473/1800/1787 2474/1801/1788 2475/1802/1789
f 2476/1803/1790 2474/1801/1788 2473/1800/1787
f 2473/1800/1787 2466/1793/1780 2476/1803/1790
f 2476/1803/1790 2466/1793/1780 2465/1792/1779
f 2465/1792/1779 2477/1804/1791 2476/1803/1790
f 2477/1804/1791 2465/1792/1779 2468/1795/1782
f 2468/1795/1782 2478/1805/1792 2477/1804/1791
f 2475/1802/1789 2474/1801/1788 2479/1806/1793
f 2481/1807/1794 2479/1806/1793 2474/1801/1788
f 2474/1801/1788 2480/1808/1790 2481/1807/1794
f 2483/1809/1791 2482/1810/1795 2481/1807/1794
f 2481/1807/1794 2480/1808/1790 2483/1809/1791
f 2482/1810/1795 2483/1809/1791 2484/1811/1796
f 2484/1811/1796 2485/1812/1797 2482/1810/1795
f 2481/1807/1794 2486/1813/1798 2487/1814/1799
f 2487/1814/1799 2479/1806/1793 2481/1807/1794
f 2488/1815/1800 2486/1813/1798 2481/1807/1794
f 2481/1807/1794 2482/1810/1795 2488/1815/1800
f 2482/1810/1795 2485/1812/1797 2489/1816/1801
f 2489/1816/1801 2488/1815/1800 2482/1810/1795
f 2487/1814/1799 2486/1813/1798 2490/1817/1802
f 2490/1817/1802 2491/1818/1803 2487/1814/1799
f 2490/1817/1802 2486/1813/1798 2488/1815/1800
f 2488/1815/1800 2492/1819/1804 2490/1817/1802
f 2492/1819/1804 2488/1815/1800 2489/1816/1801
f 2489/1816/1801 2493/1820/1805 2492/1819/1804
f 2495/1821/1806 2491/1818/1803 2490/1817/1802
f 2490/1817/1802 2494/1822/1807 2495/1821/1806
f 2492/1819/1804 2496/1823/1808 2494/1822/1807
f 2494/1822/1807 2490/1817/1802 2492/1819/1804
f 2493/1820/1805 2497/1824/1809 2496/1823/1808
f 2496/1823/1808 2492/1819/1804 2493/1820/1805
f 2500/1825/1807 2498/1826/1810 2499/1827/1811
f 2499/1827/1811 2495/1821/1806 2500/1825/1807
f 2502/1828/1812 2498/1826/1810 2500/1825/1807
f 2500/1825/1807 2501/1829/1813 2502/1828/1812
f 2504/1830/1814 2503/1831/1815 2502/1828/1812
f 2502/1828/1812 2501/1829/1813 2504/1830/1814
f 2499/1827/1811 2505/1832/1816 2495/1821/1806
f 2506/1833/1817 2491/1818/1803 2495/1821/1806
f 2495/1821/1806 2505/1832/1816 2506/1833/1817
f 2506/1833/1817 2507/1834/1818 2487/1814/1799
f 2487/1814/1799 2491/1818/1803 2506/1833/1817
f 2508/1835/1819 2479/1806/1793 2487/1814/1799
f 2487/1814/1799 2507/1834/1818 2508/1835/1819
f 2475/1802/1789 2479/1806/1793 2508/1835/1819
f 2473/1800/1787 2475/1802/1789 2509/1836/1820
f 2509/1836/1820 2472/1799/1786 2473/1800/1787
f 2475/1802/1789 2508/1835/1819 2510/1837/1821
f 2510/1837/1821 2509/1836/1820 2475/1802/1789
f 2511/1838/1822 2471/1798/1785 2472/1799/1786
f 2472/1799/1786 2509/1836/1820 2511/1838/1822
f 2511/1838/1822 2512/1839/1823 2469/1796/1783
f 2469/1796/1783 2471/1798/1785 2511/1838/1822
f 2513/1840/1824 2470/1797/1784 2469/1796/1783
f 2469/1796/1783 2512/1839/1823 2513/1840/1824
f 2470/1797/1784 2513/1840/1824 2514/1841/1825
f 2516/1842/1770 2470/1797/1784 2514/1841/1825
f 2514/1841/1825 2515/1843/1826 2516/1842/1770
f 2518/1844/1827 2517/1845/1771 2516/1842/1770
f 2516/1842/1770 2515/1843/1826 2518/1844/1827
f 2518/1844/1827 2519/1846/1828 2520/1847/1829
f 2520/1847/1829 2517/1845/1771 2518/1844/1827
f 2510/1837/1821 2508/1835/1819 2507/1834/1818
f 2507/1834/1818 2521/1848/1830 2510/1837/1821
f 2509/1836/1820 2510/1837/1821 2522/1849/1831
f 2522/1849/1831 2511/1838/1822 2509/1836/1820
f 2523/1850/1832 2512/1839/1823 2511/1838/1822
f 2511/1838/1822 2522/1849/1831 2523/1850/1832
f 2512/1839/1823 2523/1850/1832 2524/1851/1833
f 2524/1851/1833 2513/1840/1824 2512/1839/1823
f 2525/1852/1834 2514/1841/1825 2513/1840/1824
f 2513/1840/1824 2524/1851/1833 2525/1852/1834
f 2514/1841/1825 2525/1852/1834 2526/1853/1835
f 2526/1853/1835 2515/1843/1826 2514/1841/1825
f 2518/1844/1827 2515/1843/1826 2526/1853/1835
f 2526/1853/1835 2527/1854/1836 2518/1844/1827
f 2518/1844/1827 2527/1854/1836 2528/1855/1837
f 2528/1855/1837 2519/1846/1828 2518/1844/1827
f 2529/1856/1838 2521/1848/1830 2507/1834/1818
f 2507/1834/1818 2506/1833/1817 2529/1856/1838
f 2510/1837/1821 2521/1848/1830 2530/1857/1839
f 2530/1857/1839 2522/1849/1831 2510/1837/1821
f 2523/1850/1832 2522/1849/1831 2530/1857/1839
f 2530/1857/1839 2531/1858/1840 2523/1850/1832
f 2526/1853/1835 2525/1852/1834 2532/1859/1841
f 2532/1859/1841 2533/1860/1842 2526/1853/1835
f 2533/1860/1842 2534/1861/1843 2527/1854/1836
f 2527/1854/1836 2526/1853/1835 2533/1860/1842
f 2528/1855/1837 2527/1854/1836 2534/1861/1843
f 2534/1861/1843 2535/1862/1844 2528/1855/1837
f 2537/1863/1845 2536/1864/1846 2534/1861/1843
f 2534/1861/1843 2533/1860/1842 2537/1863/1845
f 2534/1861/1843 2536/1864/1846 2538/1865/1847
f 2538/1865/1847 2535/1862/1844 2534/1861/1843
f 2537/1863/1845 2539/1866/1848 2540/1867/1849
f 2540/1867/1849 2536/1864/1846 2537/1863/1845
f 2540/1867/1849 2541/1868/1850 2538/1865/1847
f 2538/1865/1847 2536/1864/1846 2540/1867/1849
f 2541/1868/1850 2540/1867/1849 2542/1869/1851
f 2542/1869/1851 2543/1870/1852 2541/1868/1850
f 2540/1867/1849 2539/1866/1848 2544/1871/1853
f 2544/1871/1853 2542/1869/1851 2540/1867/1849
f 2546/1872/1854 2544/1871/1853 2539/1866/1848
f 2539/1866/1848 2545/1873/1855 2546/1872/1854
f 2547/1874/1856 2548/1875/1853 2546/1872/1854
f 2550/1876/1851 2548/1875/1853 2547/1874/1856
f 2547/1874/1856 2549/1877/1857 2550/1876/1851
f 2551/1878/1858 2550/1876/1851 2549/1877/1857
f 2551/1878/1858 2552/1879/1852 2550/1876/1851
f 2521/1848/1830 2529/1856/1838 2553/1880/1859
f 2553/1880/1859 2530/1857/1839 2521/1848/1830
f 2554/1881/1860 2529/1856/1838 2506/1833/1817
f 2506/1833/1817 2505/1832/1816 2554/1881/1860
f 2556/1882/1861 2555/1883/1862 2547/1874/1856
f 2547/1874/1856 2546/1872/1854 2556/1882/1861
f 2554/1881/1860 2557/1884/1863 2553/1880/1859
f 2553/1880/1859 2529/1856/1838 2554/1881/1860
f 2554/1881/1860 2505/1832/1816 2499/1827/1811
f 2499/1827/1811 2558/1885/1864 2554/1881/1860
f 2557/1884/1863 2556/1882/1861 2559/1886/1865
f 2559/1886/1865 2553/1880/1859 2557/1884/1863
f 2530/1857/1839 2553/1880/1859 2559/1886/1865
f 2559/1886/1865 2531/1858/1840 2530/1857/1839
f 2539/1866/1848 2537/1863/1845 2560/1887/1866
f 2560/1887/1866 2545/1873/1855 2539/1866/1848
f 2533/1860/1842 2532/1859/1841 2560/1887/1866
f 2560/1887/1866 2537/1863/1845 2533/1860/1842
f 2545/1873/1855 2560/1887/1866 2561/1888/1867
f 2523/1850/1832 2531/1858/1840 2562/1889/1868
f 2562/1889/1868 2524/1851/1833 2523/1850/1832
f 2562/1889/1868 2531/1858/1840 2559/1886/1865
f 2559/1886/1865 2561/1888/1867 2562/1889/1868
f 2525/1852/1834 2524/1851/1833 2562/1889/1868
f 2562/1889/1868 2532/1859/1841 2525/1852/1834
f 2560/1887/1866 2532/1859/1841 2562/1889/1868
f 2562/1889/1868 2561/1888/1867 2560/1887/1866
f 2546/1872/1854 2545/1873/1855 2561/1888/1867
f 2546/1872/1854 2561/1888/1867 2559/1886/1865
f 2559/1886/1865 2556/1882/1861 2546/1872/1854
f 2563/1890/1869 2558/1885/1864 2499/1827/1811
f 2499/1827/1811 2498/1826/1810 2563/1890/1869
f 2555/1883/1862 2556/1882/1861 2557/1884/1863
f 2557/1884/1863 2564/1891/1870 2555/1883/1862
f 2557/1884/1863 2554/1881/1860 2558/1885/1864
f 2558/1885/1864 2564/1891/1870 2557/1884/1863
f 2547/1874/1856 2555/1883/1862 2565/1892/1871
f 2565/1892/1871 2549/1877/1857 2547/1874/1856
f 2566/1893/1872 2551/1878/1858 2549/1877/1857
f 2549/1877/1857 2565/1892/1871 2566/1893/1872
f 2567/1894/1873 2564/1891/1870 2558/1885/1864
f 2558/1885/1864 2563/1890/1869 2567/1894/1873
f 2567/1894/1873 2565/1892/1871 2555/1883/1862
f 2555/1883/1862 2564/1891/1870 2567/1894/1873
f 2563/1890/1869 2498/1826/1810 2502/1828/1812
f 2502/1828/1812 2568/1895/1874 2563/1890/1869
f 2502/1828/1812 2503/1831/1815 2569/1896/1875
f 2569/1896/1875 2568/1895/1874 2502/1828/1812
f 2570/1897/1876 2568/1895/1874 2569/1896/1875
f 2566/1893/1872 2565/1892/1871 2567/1894/1873
f 2567/1894/1873 2570/1897/1876 2566/1893/1872
f 2568/1895/1874 2570/1897/1876 2567/1894/1873
f 2567/1894/1873 2563/1890/1869 2568/1895/1874
f 2572/1898/1877 2571/1899/1878 2458/1786/1773
f 2458/1786/1773 2459/1785/1772 2572/1898/1877
f 2571/1899/1878 2573/1900/1879 2462/1789/1776
f 2462/1789/1776 2458/1786/1773 2571/1899/1878
f 2573/1900/1879 2574/1901/1880 2467/1794/1781
f 2467/1794/1781 2462/1789/1776 2573/1900/1879
f 2575/1902/1881 2468/1795/1782 2467/1794/1781
f 2467/1794/1781 2574/1901/1880 2575/1902/1881
f 2575/1902/1881 2576/1903/1882 2478/1805/1792
f 2478/1805/1792 2468/1795/1782 2575/1902/1881
f 2578/1904/1883 2577/1905/1884 2485/1812/1797
f 2485/1812/1797 2484/1811/1796 2578/1904/1883
f 2489/1816/1801 2485/1812/1797 2577/1905/1884
f 2577/1905/1884 2579/1906/1885 2489/1816/1801
f 2579/1906/1885 2580/1907/1886 2493/1820/1805
f 2493/1820/1805 2489/1816/1801 2579/1906/1885
f 2580/1907/1886 2581/1908/1887 2497/1824/1809
f 2497/1824/1809 2493/1820/1805 2580/1907/1886
f 2583/1909/1888 2582/1910/1889 2503/1831/1815
f 2503/1831/1815 2504/1830/1814 2583/1909/1888
f 2520/1847/1829 2519/1846/1828 2584/1911/1890
f 2584/1911/1890 2585/1912/1877 2520/1847/1829
f 2584/1911/1890 2519/1846/1828 2528/1855/1837
f 2528/1855/1837 2586/1913/1891 2584/1911/1890
f 2587/1914/1892 2586/1913/1891 2528/1855/1837
f 2528/1855/1837 2535/1862/1844 2587/1914/1892
f 2587/1914/1892 2535/1862/1844 2538/1865/1847
f 2538/1865/1847 2588/1915/1893 2587/1914/1892
f 2589/1916/1894 2588/1915/1893 2538/1865/1847
f 2538/1865/1847 2541/1868/1850 2589/1916/1894
f 2590/1917/1895 2589/1916/1894 2541/1868/1850
f 2541/1868/1850 2543/1870/1852 2590/1917/1895
f 2552/1879/1852 2551/1878/1858 2591/1918/1896
f 2591/1918/1896 2592/1919/1897 2552/1879/1852
f 2551/1878/1858 2566/1893/1872 2593/1920/1898
f 2593/1920/1898 2591/1918/1896 2551/1878/1858
f 2582/1910/1889 2594/1921/1899 2569/1896/1875
f 2569/1896/1875 2503/1831/1815 2582/1910/1889
f 2595/1922/1900 2570/1897/1876 2569/1896/1875
f 2569/1896/1875 2594/1921/1899 2595/1922/1900
f 2595/1922/1900 2593/1920/1898 2566/1893/1872
f 2566/1893/1872 2570/1897/1876 2595/1922/1900
f 2599/1923/1901 2596/1924/1902 2597/1925/1903
f 2597/1925/1903 2598/1926/1903 2599/1923/1901
f 2597/1925/1903 2600/1927/1904 2601/1928/1904
f 2601/1928/1904 2598/1926/1903 2597/1925/1903
f 2603/1929/1905 2601/1928/1904 2600/1927/1904
f 2600/1927/1904 2602/1930/1905 2603/1929/1905
f 2605/1931/1906 2604/1932/1906 2603/1929/1905
f 2603/1929/1905 2602/1930/1905 2605/1931/1906
f 2604/1932/1906 2605/1931/1906 2606/1933/1907
f 2606/1933/1907 2607/1934/1907 2604/1932/1906
f 2609/1935/1908 2607/1934/1907 2606/1933/1907
f 2606/1933/1907 2608/1936/1908 2609/1935/1908
f 2608/1936/1908 2610/1937/1909 2611/1938/1910
f 2611/1938/1910 2609/1935/1908 2608/1936/1908
f 2610/1937/1909 2612/1939/1911 2613/1940/1911
f 2613/1940/1911 2611/1938/1910 2610/1937/1909
f 2612/1939/1911 2614/1941/1912 2615/1942/1912
f 2615/1942/1912 2613/1940/1911 2612/1939/1911
f 2617/1943/1913 2615/1942/1912 2614/1941/1912
f 2614/1941/1912 2616/1944/1913 2617/1943/1913
f 2619/1945/1914 2617/1943/1913 2616/1944/1913
f 2616/1944/1913 2618/1946/1915 2619/1945/1914
f 2619/1945/1914 2618/1946/1915 2620/1947/1916
f 2620/1947/1916 2621/1948/1916 2619/1945/1914
f 2621/1948/1916 2620/1947/1916 2622/1949/1917
f 2622/1949/1917 2623/1950/1917 2621/1948/1916
f 2623/1950/1917 2622/1949/1917 2624/1951/1918
f 2624/1951/1918 2625/1952/1918 2623/1950/1917
f 2627/1953/1919 2626/1954/1919 2625/1952/1918
f 2625/1952/1918 2624/1951/1918 2627/1953/1919
f 2627/1953/1919 2628/1955/1920 2629/1956/1920
f 2629/1956/1920 2626/1954/1919 2627/1953/1919
f 2628/1955/1920 2630/1957/1921 2631/1958/1922
f 2631/1958/1922 2629/1956/1920 2628/1955/1920
f 2633/1959/1923 2631/1958/1922 2630/1957/1921
f 2630/1957/1921 2632/1960/1923 2633/1959/1923
f 2632/1960/1923 2634/1961/1924 2635/1962/1924
f 2635/1962/1924 2633/1959/1923 2632/1960/1923
f 2634/1961/1924 2636/1963/1925 2637/1964/1926
f 2637/1964/1926 2635/1962/1924 2634/1961/1924
f 2636/1963/1925 2638/1965/1927 2639/1966/1927
f 2639/1966/1927 2637/1964/1926 2636/1963/1925
f 2638/1965/1927 2640/1967/1928 2641/1968/1928
f 2641/1968/1928 2639/1966/1927 2638/1965/1927
f 2643/1969/1929 2641/1968/1928 2640/1967/1928
f 2640/1967/1928 2642/1970/1929 2643/1969/1929
f 2642/1970/1929 2644/1971/1930 2645/1972/1930
f 2645/1972/1930 2643/1969/1929 2642/1970/1929
f 2649/1973/1930 2646/1974/1931 2647/1975/1931
f 2647/1975/1931 2648/1976/1930 2649/1973/1930
f 2651/1977/1932 2647/1975/1931 2646/1974/1931
f 2646/1974/1931 2650/1978/1932 2651/1977/1932
f 2651/1977/1932 2650/1978/1932 2652/1979/1933
f 2652/1979/1933 2653/1980/1933 2651/1977/1932
f 2655/1981/1934 2654/1982/1934 2653/1980/1933
f 2653/1980/1933 2652/1979/1933 2655/1981/1934
f 2657/1983/1935 2656/1984/1935 2654/1982/1934
f 2654/1982/1934 2655/1981/1934 2657/1983/1935
f 2656/1984/1935 2657/1983/1935 2658/1985/1936
f 2658/1985/1936 2659/1986/1936 2656/1984/1935
f 2661/1987/1937 2660/1988/1937 2659/1986/1936
f 2659/1986/1936 2658/1985/1936 2661/1987/1937
f 2661/1987/1937 2596/1924/1902 2599/1923/1901
f 2599/1923/1901 2660/1988/1937 2661/1987/1937
f 2665/1989/1938 2662/1990/1939 2663/1991/1940
f 2663/1991/1940 2664/1992/1941 2665/1989/1938
f 2663/1991/1940 2666/1993/1942 2667/1994/1943
f 2667/1994/1943 2664/1992/1941 2663/1991/1940
f 2669/1995/1944 2667/1994/1943 2666/1993/1942
f 2666/1993/1942 2668/1996/1945 2669/1995/1944
f 2671/1997/1946 2670/1998/1947 2669/1995/1944
f 2669/1995/1944 2668/1996/1945 2671/1997/1946
f 2670/1998/1947 2671/1997/1946 2672/1999/1948
f 2672/1999/1948 2673/2000/1949 2670/1998/1947
f 2675/2001/1950 2673/2000/1949 2672/1999/1948
f 2672/1999/1948 2674/2002/1951 2675/2001/1950
f 2675/2001/1950 2674/2002/1951 2676/2003/1952
f 2676/2003/1952 2677/2004/1953 2675/2001/1950
f 2664/1992/1941 2678/2005/1954 2679/2006/1955
f 2679/2006/1955 2665/1989/1938 2664/1992/1941
f 2678/2005/1954 2664/1992/1941 2667/1994/1943
f 2667/1994/1943 2680/2007/1956 2678/2005/1954
f 2669/1995/1944 2681/2008/1957 2680/2007/1956
f 2680/2007/1956 2667/1994/1943 2669/1995/1944
f 2669/1995/1944 2670/1998/1947 2682/2009/1958
f 2682/2009/1958 2681/2008/1957 2669/1995/1944
f 2670/1998/1947 2673/2000/1949 2683/2010/1959
f 2683/2010/1959 2682/2009/1958 2670/1998/1947
f 2684/2011/1960 2683/2010/1959 2673/2000/1949
f 2673/2000/1949 2675/2001/1950 2684/2011/1960
f 2685/2012/1961 2684/2011/1960 2675/2001/1950
f 2675/2001/1950 2677/2004/1953 2685/2012/1961
f 2687/2013/1962 2679/2006/1955 2678/2005/1954
f 2678/2005/1954 2686/2014/1963 2687/2013/1962
f 2680/2007/1956 2688/2015/1964 2686/2014/1963
f 2686/2014/1963 2678/2005/1954 2680/2007/1956
f 2689/2016/1965 2688/2015/1964 2680/2007/1956
f 2680/2007/1956 2681/2008/1957 2689/2016/1965
f 2681/2008/1957 2682/2009/1958 2690/2017/1966
f 2690/2017/1966 2689/2016/1965 2681/2008/1957
f 2690/2017/1966 2682/2009/1958 2683/2010/1959
f 2683/2010/1959 2691/2018/1967 2690/2017/1966
f 2692/2019/1968 2691/2018/1967 2683/2010/1959
f 2683/2010/1959 2684/2011/1960 2692/2019/1968
f 2685/2012/1961 2693/2020/1969 2692/2019/1968
f 2692/2019/1968 2684/2011/1960 2685/2012/1961
f 2697/2021/1970 2694/2022/1971 2695/2023/1972
f 2695/2023/1972 2696/2024/1973 2697/2021/1970
f 2695/2023/1972 2698/2025/1974 2699/2026/1975
f 2699/2026/1975 2696/2024/1973 2695/2023/1972
f 2701/2027/1976 2700/2028/1977 2699/2026/1975
f 2699/2026/1975 2698/2025/1974 2701/2027/1976
f 2703/2029/1978 2700/2028/1977 2701/2027/1976
f 2701/2027/1976 2702/2030/1979 2703/2029/1978
f 2705/2031/1980 2703/2029/1978 2702/2030/1979
f 2702/2030/1979 2704/2032/1981 2705/2031/1980
f 2704/2032/1981 2706/2033/1982 2707/2034/1983
f 2707/2034/1983 2705/2031/1980 2704/2032/1981
f 2706/2033/1982 2708/2035/1984 2709/2036/1985
f 2709/2036/1985 2707/2034/1983 2706/2033/1982
f 2696/2024/1973 2710/2037/1986 2711/2038/1987
f 2711/2038/1987 2697/2021/1970 2696/2024/1973
f 2710/2037/1986 2696/2024/1973 2699/2026/1975
f 2699/2026/1975 2712/2039/1988 2710/2037/1986
f 2713/2040/1989 2712/2039/1988 2699/2026/1975
f 2699/2026/1975 2700/2028/1977 2713/2040/1989
f 2713/2040/1989 2700/2028/1977 2703/2029/1978
f 2703/2029/1978 2714/2041/1990 2713/2040/1989
f 2714/2041/1990 2703/2029/1978 2705/2031/1980
f 2705/2031/1980 2715/2042/1991 2714/2041/1990
f 2716/2043/1992 2715/2042/1991 2705/2031/1980
f 2705/2031/1980 2707/2034/1983 2716/2043/1992
f 2716/2043/1992 2707/2034/1983 2709/2036/1985
f 2709/2036/1985 2717/2044/1993 2716/2043/1992
f 2711/2038/1987 2710/2037/1986 2718/2045/1994
f 2718/2045/1994 2719/2046/1995 2711/2038/1987
f 2720/2047/1996 2718/2045/1994 2710/2037/1986
f 2710/2037/1986 2712/2039/1988 2720/2047/1996
f 2721/2048/1997 2720/2047/1996 2712/2039/1988
f 2712/2039/1988 2713/2040/1989 2721/2048/1997
f 2722/2049/1998 2721/2048/1997 2713/2040/1989
f 2713/2040/1989 2714/2041/1990 2722/2049/1998
f 2715/2042/1991 2723/2050/1999 2722/2049/1998
f 2722/2049/1998 2714/2041/1990 2715/2042/1991
f 2724/2051/2000 2723/2050/1999 2715/2042/1991
f 2715/2042/1991 2716/2043/1992 2724/2051/2000
f 2717/2044/1993 2725/2052/2001 2724/2051/2000
f 2724/2051/2000 2716/2043/1992 2717/2044/1993
f 2729/2053/2002 2726/2054/2003 2727/2055/2004
f 2727/2055/2004 2728/2056/2005 2729/2053/2002
f 2731/2057/2006 2728/2056/2005 2727/2055/2004
f 2727/2055/2004 2730/2058/2007 2731/2057/2006
f 2733/2059/2008 2732/2060/2009 2731/2057/2006
f 2731/2057/2006 2730/2058/2007 2733/2059/2008
f 2735/2061/2010 2732/2060/2009 2733/2059/2008
f 2733/2059/2008 2734/2062/2011 2735/2061/2010
f 2734/2062/2011 2736/2063/2012 2737/2064/2013
f 2737/2064/2013 2735/2061/2010 2734/2062/2011
f 2737/2064/2013 2736/2063/2012 2738/2065/2014
f 2738/2065/2014 2739/2066/2015 2737/2064/2013
f 2739/2066/2015 2738/2065/2014 2740/2067/2016
f 2740/2067/2016 2741/2068/2017 2739/2066/2015
f 2728/2056/2005 2742/2069/2018 2743/2070/2019
f 2743/2070/2019 2729/2053/2002 2728/2056/2005
f 2731/2057/2006 2744/2071/2020 2742/2069/2018
f 2742/2069/2018 2728/2056/2005 2731/2057/2006
f 2745/2072/2021 2744/2071/2020 2731/2057/2006
f 2731/2057/2006 2732/2060/2009 2745/2072/2021
f 2732/2060/2009 2735/2061/2010 2746/2073/2022
f 2746/2073/2022 2745/2072/2021 2732/2060/2009
f 2737/2064/2013 2747/2074/2023 2746/2073/2022
f 2746/2073/2022 2735/2061/2010 2737/2064/2013
f 2747/2074/2023 2737/2064/2013 2739/2066/2015
f 2739/2066/2015 2748/2075/2024 2747/2074/2023
f 2748/2075/2024 2739/2066/2015 2741/2068/2017
f 2741/2068/2017 2749/2076/2025 2748/2075/2024
f 2743/2070/2019 2742/2069/2018 2750/2077/2026
f 2750/2077/2026 2751/2078/2027 2743/2070/2019
f 2750/2077/2026 2742/2069/2018 2744/2071/2020
f 2744/2071/2020 2752/2079/2028 2750/2077/2026
f 2752/2079/2028 2744/2071/2020 2745/2072/2021
f 2745/2072/2021 2753/2080/2029 2752/2079/2028
f 2746/2073/2022 2754/2081/2030 2753/2080/2029
f 2753/2080/2029 2745/2072/2021 2746/2073/2022
f 2755/2082/2031 2754/2081/2030 2746/2073/2022
f 2746/2073/2022 2747/2074/2023 2755/2082/2031
f 2756/2083/2032 2755/2082/2031 2747/2074/2023
f 2747/2074/2023 2748/2075/2024 2756/2083/2032
f 2748/2075/2024 2749/2076/2025 2757/2084/2033
f 2757/2084/2033 2756/2083/2032 2748/2075/2024
f 2761/2085/2034 2758/2086/2035 2759/2087/2036
f 2759/2087/2036 2760/2088/2037 2761/2085/2034
f 2763/2089/2038 2762/2090/2039 2758/2086/2035
f 2758/2086/2035 2761/2085/2034 2763/2089/2038
f 2765/2091/2040 2762/2090/2039 2763/2089/2038
f 2763/2089/2038 2764/2092/2041 2765/2091/2040
f 2767/2093/2042 2766/2094/2043 2765/2091/2040
f 2765/2091/2040 2764/2092/2041 2767/2093/2042
f 2767/2093/2042 2768/2095/2044 2769/2096/2045
f 2769/2096/2045 2766/2094/2043 2767/2093/2042
f 2768/2095/2044 2770/2097/2046 2771/2098/2047
f 2771/2098/2047 2769/2096/2045 2768/2095/2044
f 2771/2098/2047 2770/2097/2046 2772/2099/2048
f 2772/2099/2048 2773/2100/2049 2771/2098/2047
f 2759/2087/2036 2758/2086/2035 2774/2101/2050
f 2774/2101/2050 2775/2102/2051 2759/2087/2036
f 2776/2103/2052 2774/2101/2050 2758/2086/2035
f 2758/2086/2035 2762/2090/2039 2776/2103/2052
f 2762/2090/2039 2765/2091/2040 2777/2104/2053
f 2777/2104/2053 2776/2103/2052 2762/2090/2039
f 2778/2105/2054 2777/2104/2053 2765/2091/2040
f 2765/2091/2040 2766/2094/2043 2778/2105/2054
f 2769/2096/2045 2779/2106/2055 2778/2105/2054
f 2778/2105/2054 2766/2094/2043 2769/2096/2045
f 2779/2106/2055 2769/2096/2045 2771/2098/2047
f 2771/2098/2047 2780/2107/2056 2779/2106/2055
f 2781/2108/2057 2780/2107/2056 2771/2098/2047
f 2771/2098/2047 2773/2100/2049 2781/2108/2057
f 2775/2102/2051 2774/2101/2050 2782/2109/2058
f 2782/2109/2058 2783/2110/2059 2775/2102/2051
f 2776/2103/2052 2784/2111/2060 2782/2109/2058
f 2782/2109/2058 2774/2101/2050 2776/2103/2052
f 2777/2104/2053 2785/2112/2061 2784/2111/2060
f 2784/2111/2060 2776/2103/2052 2777/2104/2053
f 2778/2105/2054 2786/2113/2062 2785/2112/2061
f 2785/2112/2061 2777/2104/2053 2778/2105/2054
f 2779/2106/2055 2787/2114/2063 2786/2113/2062
f 2786/2113/2062 2778/2105/2054 2779/2106/2055
f 2787/2114/2063 2779/2106/2055 2780/2107/2056
f 2780/2107/2056 2788/2115/2064 2787/2114/2063
f 2781/2108/2057 2789/2116/2065 2788/2115/2064
f 2788/2115/2064 2780/2107/2056 2781/2108/2057
f 2793/2117/2066 2790/2118/2067 2791/2119/2068
f 2791/2119/2068 2792/2120/2069 2793/2117/2066
f 2795/2121/2070 2792/2120/2069 2791/2119/2068
f 2791/2119/2068 2794/2122/2071 2795/2121/2070
f 2795/2121/2070 2794/2122/2071 2796/2123/2072
f 2796/2123/2072 2797/2124/2073 2795/2121/2070
f 2797/2124/2073 2796/2123/2072 2798/2125/2074
f 2798/2125/2074 2799/2126/2075 2797/2124/2073
f 2799/2126/2075 2798/2125/2074 2800/2127/2076
f 2800/2127/2076 2801/2128/2077 2799/2126/2075
f 2801/2128/2077 2800/2127/2076 2802/2129/2078
f 2802/2129/2078 2803/2130/2079 2801/2128/2077
f 2803/2130/2079 2802/2129/2078 2804/2131/2080
f 2804/2131/2080 2805/2132/2081 2803/2130/2079
f 2793/2117/2066 2792/2120/2069 2806/2133/2082
f 2806/2133/2082 2807/2134/2083 2793/2117/2066
f 2792/2120/2069 2795/2121/2070 2808/2135/2084
f 2808/2135/2084 2806/2133/2082 2792/2120/2069
f 2795/2121/2070 2797/2124/2073 2809/2136/2085
f 2809/2136/2085 2808/2135/2084 2795/2121/2070
f 2799/2126/2075 2810/2137/2086 2809/2136/2085
f 2809/2136/2085 2797/2124/2073 2799/2126/2075
f 2810/2137/2086 2799/2126/2075 2801/2128/2077
f 2801/2128/2077 2811/2138/2087 2810/2137/2086
f 2803/2130/2079 2812/2139/2088 2811/2138/2087
f 2811/2138/2087 2801/2128/2077 2803/2130/2079
f 2812/2139/2088 2803/2130/2079 2805/2132/2081
f 2805/2132/2081 2813/2140/2089 2812/2139/2088
f 2815/2141/2090 2814/2142/2091 2807/2134/2083
f 2807/2134/2083 2806/2133/2082 2815/2141/2090
f 2806/2133/2082 2808/2135/2084 2816/2143/2092
f 2816/2143/2092 2815/2141/2090 2806/2133/2082
f 2817/2144/2093 2816/2143/2092 2808/2135/2084
f 2808/2135/2084 2809/2136/2085 2817/2144/2093
f 2810/2137/2086 2818/2145/2094 2817/2144/2093
f 2817/2144/2093 2809/2136/2085 2810/2137/2086
f 2811/2138/2087 2819/2146/2095 2818/2145/2094
f 2818/2145/2094 2810/2137/2086 2811/2138/2087
f 2819/2146/2095 2811/2138/2087 2812/2139/2088
f 2812/2139/2088 2820/2147/2096 2819/2146/2095
f 2820/2147/2096 2812/2139/2088 2813/2140/2089
f 2813/2140/2089 2821/2148/2097 2820/2147/2096
f 2825/2149/2098 2822/2150/2099 2823/2151/2100
f 2823/2151/2100 2824/2152/2101 2825/2149/2098
f 2825/2149/2098 2663/1991/1940 2662/1990/1939
f 2662/1990/1939 2822/2150/2099 2825/2149/2098
f 2827/2153/2102 2826/2154/2103 2825/2149/2098
f 2825/2149/2098 2824/2152/2101 2827/2153/2102
f 2826/2154/2103 2666/1993/1942 2663/1991/1940
f 2663/1991/1940 2825/2149/2098 2826/2154/2103
f 2829/2155/2104 2828/2156/2105 2826/2154/2103
f 2826/2154/2103 2827/2153/2102 2829/2155/2104
f 2668/1996/1945 2666/1993/1942 2826/2154/2103
f 2826/2154/2103 2828/2156/2105 2668/1996/1945
f 2829/2155/2104 2830/2157/2106 2831/2158/2107
f 2831/2158/2107 2828/2156/2105 2829/2155/2104
f 2668/1996/1945 2828/2156/2105 2831/2158/2107
f 2831/2158/2107 2671/1997/1946 2668/1996/1945
f 2833/2159/2108 2831/2158/2107 2830/2157/2106
f 2830/2157/2106 2832/2160/2109 2833/2159/2108
f 2831/2158/2107 2833/2159/2108 2672/1999/1948
f 2672/1999/1948 2671/1997/1946 2831/2158/2107
f 2835/2161/2110 2834/2162/2111 2833/2159/2108
f 2833/2159/2108 2832/2160/2109 2835/2161/2110
f 2833/2159/2108 2834/2162/2111 2674/2002/1951
f 2674/2002/1951 2672/1999/1948 2833/2159/2108
f 2837/2163/2112 2834/2162/2111 2835/2161/2110
f 2835/2161/2110 2836/2164/2113 2837/2163/2112
f 2834/2162/2111 2837/2163/2112 2676/2003/1952
f 2676/2003/1952 2674/2002/1951 2834/2162/2111
f 2841/2165/2114 2838/2166/2115 2839/2167/2116
f 2839/2167/2116 2840/2168/2117 2841/2165/2114
f 2838/2166/2115 2841/2165/2114 2687/2013/1962
f 2687/2013/1962 2686/2014/1963 2838/2166/2115
f 2842/2169/2118 2838/2166/2115 2686/2014/1963
f 2686/2014/1963 2688/2015/1964 2842/2169/2118
f 2838/2166/2115 2842/2169/2118 2843/2170/2119
f 2843/2170/2119 2839/2167/2116 2838/2166/2115
f 2844/2171/2120 2842/2169/2118 2688/2015/1964
f 2688/2015/1964 2689/2016/1965 2844/2171/2120
f 2842/2169/2118 2844/2171/2120 2845/2172/2121
f 2845/2172/2121 2843/2170/2119 2842/2169/2118
f 2846/2173/2122 2844/2171/2120 2689/2016/1965
f 2689/2016/1965 2690/2017/1966 2846/2173/2122
f 2846/2173/2122 2847/2174/2123 2845/2172/2121
f 2845/2172/2121 2844/2171/2120 2846/2173/2122
f 2846/2173/2122 2690/2017/1966 2691/2018/1967
f 2691/2018/1967 2848/2175/2124 2846/2173/2122
f 2848/2175/2124 2849/2176/2125 2847/2174/2123
f 2847/2174/2123 2846/2173/2122 2848/2175/2124
f 2848/2175/2124 2691/2018/1967 2692/2019/1968
f 2692/2019/1968 2850/2177/2126 2848/2175/2124
f 2850/2177/2126 2851/2178/2127 2849/2176/2125
f 2849/2176/2125 2848/2175/2124 2850/2177/2126
f 2852/2179/2128 2850/2177/2126 2692/2019/1968
f 2692/2019/1968 2693/2020/1969 2852/2179/2128
f 2852/2179/2128 2853/2180/2129 2851/2178/2127
f 2851/2178/2127 2850/2177/2126 2852/2179/2128
f 2857/2181/2130 2854/2182/2131 2855/2183/2132
f 2855/2183/2132 2856/2184/2133 2857/2181/2130
f 2719/2046/1995 2718/2045/1994 2854/2182/2131
f 2854/2182/2131 2857/2181/2130 2719/2046/1995
f 2720/2047/1996 2858/2185/2134 2854/2182/2131
f 2854/2182/2131 2718/2045/1994 2720/2047/1996
f 2855/2183/2132 2854/2182/2131 2858/2185/2134
f 2858/2185/2134 2859/2186/2135 2855/2183/2132
f 2858/2185/2134 2720/2047/1996 2721/2048/1997
f 2721/2048/1997 2860/2187/2136 2858/2185/2134
f 2859/2186/2135 2858/2185/2134 2860/2187/2136
f 2860/2187/2136 2861/2188/2137 2859/2186/2135
f 2722/2049/1998 2862/2189/2138 2860/2187/2136
f 2860/2187/2136 2721/2048/1997 2722/2049/1998
f 2861/2188/2137 2860/2187/2136 2862/2189/2138
f 2862/2189/2138 2863/2190/2139 2861/2188/2137
f 2864/2191/2140 2862/2189/2138 2722/2049/1998
f 2722/2049/1998 2723/2050/1999 2864/2191/2140
f 2863/2190/2139 2862/2189/2138 2864/2191/2140
f 2864/2191/2140 2865/2192/2141 2863/2190/2139
f 2723/2050/1999 2724/2051/2000 2866/2193/2142
f 2866/2193/2142 2864/2191/2140 2723/2050/1999
f 2864/2191/2140 2866/2193/2142 2867/2194/2143
f 2867/2194/2143 2865/2192/2141 2864/2191/2140
f 2868/2195/2144 2866/2193/2142 2724/2051/2000
f 2724/2051/2000 2725/2052/2001 2868/2195/2144
f 2867/2194/2143 2866/2193/2142 2868/2195/2144
f 2868/2195/2144 2869/2196/2145 2867/2194/2143
f 2873/2197/2146 2870/2198/2147 2871/2199/2148
f 2871/2199/2148 2872/2200/2149 2873/2197/2146
f 2751/2078/2027 2750/2077/2026 2872/2200/2149
f 2872/2200/2149 2871/2199/2148 2751/2078/2027
f 2750/2077/2026 2752/2079/2028 2874/2201/2150
f 2874/2201/2150 2872/2200/2149 2750/2077/2026
f 2874/2201/2150 2875/2202/2151 2873/2197/2146
f 2873/2197/2146 2872/2200/2149 2874/2201/2150
f 2752/2079/2028 2753/2080/2029 2876/2203/2152
f 2876/2203/2152 2874/2201/2150 2752/2079/2028
f 2876/2203/2152 2877/2204/2153 2875/2202/2151
f 2875/2202/2151 2874/2201/2150 2876/2203/2152
f 2878/2205/2154 2876/2203/2152 2753/2080/2029
f 2753/2080/2029 2754/2081/2030 2878/2205/2154
f 2879/2206/2155 2877/2204/2153 2876/2203/2152
f 2876/2203/2152 2878/2205/2154 2879/2206/2155
f 2878/2205/2154 2754/2081/2030 2755/2082/2031
f 2755/2082/2031 2880/2207/2156 2878/2205/2154
f 2880/2207/2156 2881/2208/2157 2879/2206/2155
f 2879/2206/2155 2878/2205/2154 2880/2207/2156
f 2756/2083/2032 2882/2209/2158 2880/2207/2156
f 2880/2207/2156 2755/2082/2031 2756/2083/2032
f 2881/2208/2157 2880/2207/2156 2882/2209/2158
f 2882/2209/2158 2883/2210/2159 2881/2208/2157
f 2756/2083/2032 2757/2084/2033 2884/2211/2160
f 2884/2211/2160 2882/2209/2158 2756/2083/2032
f 2883/2210/2159 2882/2209/2158 2884/2211/2160
f 2884/2211/2160 2885/2212/2161 2883/2210/2159
f 2889/2213/2162 2886/2214/2163 2887/2215/2164
f 2887/2215/2164 2888/2216/2165 2889/2213/2162
f 2783/2110/2059 2782/2109/2058 2889/2213/2162
f 2889/2213/2162 2888/2216/2165 2783/2110/2059
f 2782/2109/2058 2784/2111/2060 2890/2217/2166
f 2890/2217/2166 2889/2213/2162 2782/2109/2058
f 2889/2213/2162 2890/2217/2166 2891/2218/2167
f 2891/2218/2167 2886/2214/2163 2889/2213/2162
f 2785/2112/2061 2892/2219/2168 2890/2217/2166
f 2890/2217/2166 2784/2111/2060 2785/2112/2061
f 2893/2220/2169 2891/2218/2167 2890/2217/2166
f 2890/2217/2166 2892/2219/2168 2893/2220/2169
f 2892/2219/2168 2785/2112/2061 2786/2113/2062
f 2786/2113/2062 2894/2221/2170 2892/2219/2168
f 2894/2221/2170 2895/2222/2171 2893/2220/2169
f 2893/2220/2169 2892/2219/2168 2894/2221/2170
f 2896/2223/2172 2894/2221/2170 2786/2113/2062
f 2786/2113/2062 2787/2114/2063 2896/2223/2172
f 2895/2222/2171 2894/2221/2170 2896/2223/2172
f 2896/2223/2172 2897/2224/2173 2895/2222/2171
f 2787/2114/2063 2788/2115/2064 2898/2225/2174
f 2898/2225/2174 2896/2223/2172 2787/2114/2063
f 2898/2225/2174 2899/2226/2175 2897/2224/2173
f 2897/2224/2173 2896/2223/2172 2898/2225/2174
f 2788/2115/2064 2789/2116/2065 2900/2227/2176
f 2900/2227/2176 2898/2225/2174 2788/2115/2064
f 2899/2226/2175 2898/2225/2174 2900/2227/2176
f 2900/2227/2176 2901/2228/2177 2899/2226/2175
f 2814/2142/2091 2815/2141/2090 2902/2229/2178
f 2902/2229/2178 2903/2230/2179 2814/2142/2091
f 2903/2230/2179 2902/2229/2178 2904/2231/2101
f 2904/2231/2101 2905/2232/2100 2903/2230/2179
f 2906/2233/2180 2902/2229/2178 2815/2141/2090
f 2815/2141/2090 2816/2143/2092 2906/2233/2180
f 2904/2231/2101 2902/2229/2178 2906/2233/2180
f 2906/2233/2180 2907/2234/2181 2904/2231/2101
f 2817/2144/2093 2908/2235/2182 2906/2233/2180
f 2906/2233/2180 2816/2143/2092 2817/2144/2093
f 2908/2235/2182 2909/2236/2183 2907/2234/2181
f 2907/2234/2181 2906/2233/2180 2908/2235/2182
f 2817/2144/2093 2818/2145/2094 2910/2237/2184
f 2910/2237/2184 2908/2235/2182 2817/2144/2093
f 2910/2237/2184 2911/2238/2185 2909/2236/2183
f 2909/2236/2183 2908/2235/2182 2910/2237/2184
f 2912/2239/2186 2910/2237/2184 2818/2145/2094
f 2818/2145/2094 2819/2146/2095 2912/2239/2186
f 2911/2238/2185 2910/2237/2184 2912/2239/2186
f 2912/2239/2186 2913/2240/2187 2911/2238/2185
f 2819/2146/2095 2820/2147/2096 2914/2241/2188
f 2914/2241/2188 2912/2239/2186 2819/2146/2095
f 2912/2239/2186 2914/2241/2188 2915/2242/2189
f 2915/2242/2189 2913/2240/2187 2912/2239/2186
f 2914/2241/2188 2820/2147/2096 2821/2148/2097
f 2821/2148/2097 2916/2243/2190 2914/2241/2188
f 2914/2241/2188 2916/2243/2190 2917/2244/2113
f 2917/2244/2113 2915/2242/2189 2914/2241/2188
f 2919/2245/2191 2918/2246/2192 2695/2023/1972
f 2695/2023/1972 2694/2022/1971 2919/2245/2191
f 2918/2246/2192 2919/2245/2191 2920/2247/2193
f 2920/2247/2193 2921/2248/2116 2918/2246/2192
f 2923/2249/2194 2918/2246/2192 2921/2248/2116
f 2921/2248/2116 2922/2250/2119 2923/2249/2194
f 2918/2246/2192 2923/2249/2194 2698/2025/1974
f 2698/2025/1974 2695/2023/1972 2918/2246/2192
f 2925/2251/2195 2924/2252/2196 2923/2249/2194
f 2923/2249/2194 2922/2250/2119 2925/2251/2195
f 2924/2252/2196 2701/2027/1976 2698/2025/1974
f 2698/2025/1974 2923/2249/2194 2924/2252/2196
f 2925/2251/2195 2926/2253/2123 2927/2254/2197
f 2927/2254/2197 2924/2252/2196 2925/2251/2195
f 2701/2027/1976 2924/2252/2196 2927/2254/2197
f 2927/2254/2197 2702/2030/1979 2701/2027/1976
f 2929/2255/2198 2927/2254/2197 2926/2253/2123
f 2926/2253/2123 2928/2256/2125 2929/2255/2198
f 2927/2254/2197 2929/2255/2198 2704/2032/1981
f 2704/2032/1981 2702/2030/1979 2927/2254/2197
f 2931/2257/2199 2929/2255/2198 2928/2256/2125
f 2928/2256/2125 2930/2258/2127 2931/2257/2199
f 2929/2255/2198 2931/2257/2199 2706/2033/1982
f 2706/2033/1982 2704/2032/1981 2929/2255/2198
f 2933/2259/2200 2931/2257/2199 2930/2258/2127
f 2930/2258/2127 2932/2260/2129 2933/2259/2200
f 2931/2257/2199 2933/2259/2200 2708/2035/1984
f 2708/2035/1984 2706/2033/1982 2931/2257/2199
f 2935/2261/2201 2934/2262/2202 2727/2055/2004
f 2727/2055/2004 2726/2054/2003 2935/2261/2201
f 2937/2263/2203 2934/2262/2202 2935/2261/2201
f 2935/2261/2201 2936/2264/2133 2937/2263/2203
f 2934/2262/2202 2937/2263/2203 2938/2265/2204
f 2938/2265/2204 2939/2266/2205 2934/2262/2202
f 2934/2262/2202 2939/2266/2205 2730/2058/2007
f 2730/2058/2007 2727/2055/2004 2934/2262/2202
f 2941/2267/2206 2939/2266/2205 2938/2265/2204
f 2938/2265/2204 2940/2268/2137 2941/2267/2206
f 2939/2266/2205 2941/2267/2206 2733/2059/2008
f 2733/2059/2008 2730/2058/2007 2939/2266/2205
f 2943/2269/2207 2941/2267/2206 2940/2268/2137
f 2940/2268/2137 2942/2270/2139 2943/2269/2207
f 2941/2267/2206 2943/2269/2207 2734/2062/2011
f 2734/2062/2011 2733/2059/2008 2941/2267/2206
f 2945/2271/2208 2943/2269/2207 2942/2270/2139
f 2942/2270/2139 2944/2272/2209 2945/2271/2208
f 2943/2269/2207 2945/2271/2208 2736/2063/2012
f 2736/2063/2012 2734/2062/2011 2943/2269/2207
f 2947/2273/2210 2945/2271/2208 2944/2272/2209
f 2944/2272/2209 2946/2274/2211 2947/2273/2210
f 2945/2271/2208 2947/2273/2210 2738/2065/2014
f 2738/2065/2014 2736/2063/2012 2945/2271/2208
f 2949/2275/2145 2948/2276/2212 2947/2273/2210
f 2947/2273/2210 2946/2274/2211 2949/2275/2145
f 2738/2065/2014 2947/2273/2210 2948/2276/2212
f 2948/2276/2212 2740/2067/2016 2738/2065/2014
f 2760/2088/2037 2950/2277/2213 2951/2278/2214
f 2951/2278/2214 2761/2085/2034 2760/2088/2037
f 2953/2279/2147 2952/2280/2215 2951/2278/2214
f 2951/2278/2214 2950/2277/2213 2953/2279/2147
f 2952/2280/2215 2954/2281/2216 2955/2282/2217
f 2955/2282/2217 2951/2278/2214 2952/2280/2215
f 2763/2089/2038 2761/2085/2034 2951/2278/2214
f 2951/2278/2214 2955/2282/2217 2763/2089/2038
f 2954/2281/2216 2956/2283/2218 2957/2284/2219
f 2957/2284/2219 2955/2282/2217 2954/2281/2216
f 2764/2092/2041 2763/2089/2038 2955/2282/2217
f 2955/2282/2217 2957/2284/2219 2764/2092/2041
f 2959/2285/2155 2958/2286/2220 2957/2284/2219
f 2957/2284/2219 2956/2283/2218 2959/2285/2155
f 2767/2093/2042 2764/2092/2041 2957/2284/2219
f 2957/2284/2219 2958/2286/2220 2767/2093/2042
f 2959/2285/2155 2960/2287/2221 2961/2288/2222
f 2961/2288/2222 2958/2286/2220 2959/2285/2155
f 2961/2288/2222 2768/2095/2044 2767/2093/2042
f 2767/2093/2042 2958/2286/2220 2961/2288/2222
f 2963/2289/2159 2962/2290/2223 2961/2288/2222
f 2961/2288/2222 2960/2287/2221 2963/2289/2159
f 2961/2288/2222 2962/2290/2223 2770/2097/2046
f 2770/2097/2046 2768/2095/2044 2961/2288/2222
f 2963/2289/2159 2964/2291/2161 2965/2292/2224
f 2965/2292/2224 2962/2290/2223 2963/2289/2159
f 2772/2099/2048 2770/2097/2046 2962/2290/2223
f 2962/2290/2223 2965/2292/2224 2772/2099/2048
f 2790/2118/2067 2966/2293/2225 2967/2294/2226
f 2967/2294/2226 2791/2119/2068 2790/2118/2067
f 2969/2295/2164 2968/2296/2163 2967/2294/2226
f 2967/2294/2226 2966/2293/2225 2969/2295/2164
f 2967/2294/2226 2968/2296/2163 2970/2297/2227
f 2970/2297/2227 2971/2298/2228 2967/2294/2226
f 2794/2122/2071 2791/2119/2068 2967/2294/2226
f 2967/2294/2226 2971/2298/2228 2794/2122/2071
f 2973/2299/2229 2972/2300/2230 2971/2298/2228
f 2971/2298/2228 2970/2297/2227 2973/2299/2229
f 2796/2123/2072 2794/2122/2071 2971/2298/2228
f 2971/2298/2228 2972/2300/2230 2796/2123/2072
f 2975/2301/2231 2972/2300/2230 2973/2299/2229
f 2973/2299/2229 2974/2302/2171 2975/2301/2231
f 2972/2300/2230 2975/2301/2231 2798/2125/2074
f 2798/2125/2074 2796/2123/2072 2972/2300/2230
f 2974/2302/2171 2976/2303/2232 2977/2304/2233
f 2977/2304/2233 2975/2301/2231 2974/2302/2171
f 2800/2127/2076 2798/2125/2074 2975/2301/2231
f 2975/2301/2231 2977/2304/2233 2800/2127/2076
f 2976/2303/2232 2978/2305/2234 2979/2306/2235
f 2979/2306/2235 2977/2304/2233 2976/2303/2232
f 2800/2127/2076 2977/2304/2233 2979/2306/2235
f 2979/2306/2235 2802/2129/2078 2800/2127/2076
f 2978/2305/2234 2980/2307/2177 2981/2308/2236
f 2981/2308/2236 2979/2306/2235 2978/2305/2234
f 2802/2129/2078 2979/2306/2235 2981/2308/2236
f 2981/2308/2236 2804/2131/2080 2802/2129/2078
f 2985/97/2237 2982/98/2238 2983/99/2239
f 2983/99/2239 2984/100/2240 2985/97/2237
f 2987/101/162 2986/102/2241 2985/97/2237
f 2985/97/2237 2984/100/2240 2987/101/162
f 2986/102/2241 2987/101/162 2988/103/164
f 2988/103/164 2989/104/2242 2986/102/2241
f 2991/105/166 2990/106/167 2989/104/2242
f 2989/104/2242 2988/103/164 2991/105/166
f 2990/106/167 2991/105/166 2992/107/2243
f 2992/107/2243 2993/108/2244 2990/106/167
f 2995/109/170 2993/108/2244 2992/107/2243
f 2992/107/2243 2994/110/2245 2995/109/170
f 2999/111/172 2996/112/173 2997/113/745
f 2997/113/745 2998/114/2245 2999/111/172
f 3001/115/176 2996/112/173 2999/111/172
f 2999/111/172 3000/116/2246 3001/115/176
f 3003/117/178 3001/115/176 3000/116/2246
f 3000/116/2246 3002/118/179 3003/117/178
f 3005/119/180 3004/120/181 3003/117/178
f 3003/117/178 3002/118/179 3005/119/180
f 3004/120/181 3005/119/180 3006/121/182
f 3006/121/182 3007/122/183 3004/120/181
f 2983/99/2239 2982/98/2238 3007/122/183
f 3007/122/183 3006/121/182 2983/99/2239
f 3009/123/2247 3008/124/2248 2984/100/2240
f 2984/100/2240 2983/99/2239 3009/123/2247
f 3010/125/186 2987/101/162 2984/100/2240
f 2984/100/2240 3008/124/2248 3010/125/186
f 2987/101/162 3010/125/186 3011/126/187
f 3011/126/187 2988/103/164 2987/101/162
f 2988/103/164 3011/126/187 3012/127/188
f 3012/127/188 2991/105/166 2988/103/164
f 2991/105/166 3012/127/188 3013/128/2249
f 3013/128/2249 2992/107/2243 2991/105/166
f 3014/129/190 2994/110/2245 2992/107/2243
f 2992/107/2243 3013/128/2249 3014/129/190
f 3016/130/190 3015/131/2250 2999/111/172
f 2999/111/172 2998/114/2245 3016/130/190
f 3017/132/192 3000/116/2246 2999/111/172
f 2999/111/172 3015/131/2250 3017/132/192
f 3018/133/193 3002/118/179 3000/116/2246
f 3000/116/2246 3017/132/192 3018/133/193
f 3002/118/179 3018/133/193 3019/134/194
f 3019/134/194 3005/119/180 3002/118/179
f 3020/135/195 3006/121/182 3005/119/180
f 3005/119/180 3019/134/194 3020/135/195
f 2983/99/2239 3006/121/182 3020/135/195
f 3020/135/195 3009/123/2247 2983/99/2239
f 3022/136/2251 3008/124/2248 3009/123/2247
f 3009/123/2247 3021/137/2252 3022/136/2251
f 3023/138/198 3010/125/186 3008/124/2248
f 3008/124/2248 3022/136/2251 3023/138/198
f 3010/125/186 3023/138/198 3024/139/2253
f 3024/139/2253 3011/126/187 3010/125/186
f 3012/127/188 3011/126/187 3024/139/2253
f 3024/139/2253 3025/140/2254 3012/127/188
f 3012/127/188 3025/140/2254 3026/141/2255
f 3026/141/2255 3013/128/2249 3012/127/188
f 3026/141/2255 3027/142/2256 3014/129/190
f 3014/129/190 3013/128/2249 3026/141/2255
f 3015/131/2250 3016/130/190 3028/143/202
f 3028/143/202 3029/144/2257 3015/131/2250
f 3015/131/2250 3029/144/2257 3030/145/204
f 3030/145/204 3017/132/192 3015/131/2250
f 3018/133/193 3017/132/192 3030/145/204
f 3030/145/204 3031/146/205 3018/133/193
f 3031/146/205 3032/147/2258 3019/134/194
f 3019/134/194 3018/133/193 3031/146/205
f 3032/147/2258 3033/148/207 3020/135/195
f 3020/135/195 3019/134/194 3032/147/2258
f 3021/137/2252 3009/123/2247 3020/135/195
f 3020/135/195 3033/148/207 3021/137/2252
f 3035/149/2259 3034/150/2260 3022/136/2251
f 3022/136/2251 3021/137/2252 3035/149/2259
f 3036/151/210 3023/138/198 3022/136/2251
f 3022/136/2251 3034/150/2260 3036/151/210
f 3036/151/210 3037/152/211 3024/139/2253
f 3024/139/2253 3023/138/198 3036/151/210
f 3038/153/2261 3025/140/2254 3024/139/2253
f 3024/139/2253 3037/152/211 3038/153/2261
f 3038/153/2261 3039/154/2262 3026/141/2255
f 3026/141/2255 3025/140/2254 3038/153/2261
f 3039/154/2262 3040/155/2263 3027/142/2256
f 3027/142/2256 3026/141/2255 3039/154/2262
f 3029/144/2257 3028/143/202 3041/156/2264
f 3041/156/2264 3042/157/216 3029/144/2257
f 3029/144/2257 3042/157/216 3043/158/217
f 3043/158/217 3030/145/204 3029/144/2257
f 3030/145/204 3043/158/217 3044/159/2265
f 3044/159/2265 3031/146/205 3030/145/204
f 3044/159/2265 3045/160/2266 3032/147/2258
f 3032/147/2258 3031/146/205 3044/159/2265
f 3045/160/2266 3046/161/220 3033/148/207
f 3033/148/207 3032/147/2258 3045/160/2266
f 3046/161/220 3035/149/2259 3021/137/2252
f 3021/137/2252 3033/148/207 3046/161/220
f 3035/149/2259 3047/162/2267 3048/163/2268
f 3048/163/2268 3034/150/2260 3035/149/2259
f 3034/150/2260 3048/163/2268 3049/164/223
f 3049/164/223 3036/151/210 3034/150/2260
f 3049/164/223 3050/165/224 3037/152/211
f 3037/152/211 3036/151/210 3049/164/223
f 3038/153/2261 3037/152/211 3050/165/224
f 3050/165/224 3051/166/225 3038/153/2261
f 3039/154/2262 3038/153/2261 3051/166/225
f 3051/166/225 3052/167/2269 3039/154/2262
f 3040/155/2263 3039/154/2262 3052/167/2269
f 3052/167/2269 3053/168/227 3040/155/2263
f 3042/157/216 3041/156/2264 3054/169/228
f 3054/169/228 3055/170/229 3042/157/216
f 3042/157/216 3055/170/229 3056/171/2270
f 3056/171/2270 3043/158/217 3042/157/216
f 3056/171/2270 3057/172/231 3044/159/2265
f 3044/159/2265 3043/158/217 3056/171/2270
f 3057/172/231 3058/173/232 3045/160/2266
f 3045/160/2266 3044/159/2265 3057/172/231
f 3045/160/2266 3058/173/232 3059/174/233
f 3059/174/233 3046/161/220 3045/160/2266
f 3059/174/233 3047/162/2267 3035/149/2259
f 3035/149/2259 3046/161/220 3059/174/233
f 3061/175/2271 3048/163/2268 3047/162/2267
f 3047/162/2267 3060/176/2272 3061/175/2271
f 3061/175/2271 3062/177/236 3049/164/223
f 3049/164/223 3048/163/2268 3061/175/2271
f 3062/177/236 3063/178/237 3050/165/224
f 3050/165/224 3049/164/223 3062/177/236
f 3064/179/238 3051/166/225 3050/165/224
f 3050/165/224 3063/178/237 3064/179/238
f 3064/179/238 3065/180/2273 3052/167/2269
f 3052/167/2269 3051/166/225 3064/179/238
f 3066/181/240 3053/168/227 3052/167/2269
f 3052/167/2269 3065/180/2273 3066/181/240
f 3068/182/241 3055/170/229 3054/169/228
f 3054/169/228 3067/183/2274 3068/182/241
f 3069/184/243 3056/171/2270 3055/170/229
f 3055/170/229 3068/182/241 3069/184/243
f 3056/171/2270 3069/184/243 3070/185/244
f 3070/185/244 3057/172/231 3056/171/2270
f 3058/173/232 3057/172/231 3070/185/244
f 3070/185/244 3071/186/245 3058/173/232
f 3059/174/233 3058/173/232 3071/186/245
f 3071/186/245 3072/187/246 3059/174/233
f 3047/162/2267 3059/174/233 3072/187/246
f 3072/187/246 3060/176/2272 3047/162/2267
f 3074/188/2275 3073/189/2276 3061/175/2271
f 3061/175/2271 3060/176/2272 3074/188/2275
f 3062/177/236 3061/175/2271 3073/189/2276
f 3073/189/2276 3075/190/249 3062/177/236
f 3076/191/250 3063/178/237 3062/177/236
f 3062/177/236 3075/190/249 3076/191/250
f 3077/192/251 3064/179/238 3063/178/237
f 3063/178/237 3076/191/250 3077/192/251
f 3078/193/2277 3065/180/2273 3064/179/238
f 3064/179/238 3077/192/251 3078/193/2277
f 3079/194/253 3066/181/240 3065/180/2273
f 3065/180/2273 3078/193/2277 3079/194/253
f 3081/195/254 3068/182/241 3067/183/2274
f 3067/183/2274 3080/196/253 3081/195/254
f 3082/197/255 3069/184/243 3068/182/241
f 3068/182/241 3081/195/254 3082/197/255
f 3083/198/256 3070/185/244 3069/184/243
f 3069/184/243 3082/197/255 3083/198/256
f 3084/199/257 3071/186/245 3070/185/244
f 3070/185/244 3083/198/256 3084/199/257
f 3085/200/258 3072/187/246 3071/186/245
f 3071/186/245 3084/199/257 3085/200/258
f 3072/187/246 3085/200/258 3074/188/2275
f 3074/188/2275 3060/176/2272 3072/187/246
f 3073/189/2276 3074/188/2275 3086/201/2278
f 3086/201/2278 3087/202/2279 3073/189/2276
f 3075/190/249 3073/189/2276 3087/202/2279
f 3087/202/2279 3088/203/261 3075/190/249
f 3075/190/249 3088/203/261 3089/204/165
f 3089/204/165 3076/191/250 3075/190/249
f 3090/205/2280 3077/192/251 3076/191/250
f 3076/191/250 3089/204/165 3090/205/2280
f 3091/206/2281 3078/193/2277 3077/192/251
f 3077/192/251 3090/205/2280 3091/206/2281
f 3079/194/253 3078/193/2277 3091/206/2281
f 3091/206/2281 3092/207/264 3079/194/253
f 3080/196/253 3093/208/264 3094/209/265
f 3094/209/265 3081/195/254 3080/196/253
f 3082/197/255 3081/195/254 3094/209/265
f 3094/209/265 3095/210/266 3082/197/255
f 3096/211/178 3083/198/256 3082/197/255
f 3082/197/255 3095/210/266 3096/211/178
f 3083/198/256 3096/211/178 3097/212/267
f 3097/212/267 3084/199/257 3083/198/256
f 3098/213/268 3085/200/258 3084/199/257
f 3084/199/257 3097/212/267 3098/213/268
f 3086/201/2278 3074/188/2275 3085/200/258
f 3085/200/258 3098/213/268 3086/201/2278
f 3102/214/2282 3099/215/2283 3100/216/2284
f 3100/216/2284 3101/217/2285 3102/214/2282
f 3104/218/2286 3103/219/2287 3102/214/2282
f 3102/214/2282 3101/217/2285 3104/218/2286
f 3104/218/2286 3105/220/2288 3106/221/2289
f 3106/221/2289 3103/219/2287 3104/218/2286
f 3106/221/2289 3105/220/2288 3107/222/2290
f 3107/222/2290 3108/223/278 3106/221/2289
f 3108/223/278 3107/222/2290 3109/224/2291
f 3109/224/2291 3110/225/280 3108/223/278
f 3112/226/285 3110/225/280 3109/224/2291
f 3109/224/2291 3111/227/2292 3112/226/285
f 3116/228/283 3113/229/2293 3114/230/285
f 3114/230/285 3115/231/282 3116/228/283
f 3118/232/2294 3117/233/2295 3113/229/2293
f 3113/229/2293 3116/228/283 3118/232/2294
f 3118/232/2294 3119/234/2296 3120/235/289
f 3120/235/289 3117/233/2295 3118/232/2294
f 3122/236/2297 3121/237/2298 3120/235/289
f 3120/235/289 3119/234/2296 3122/236/2297
f 3121/237/2298 3122/236/2297 3123/238/2299
f 3123/238/2299 3124/239/2300 3121/237/2298
f 3099/215/2283 3124/239/2300 3123/238/2299
f 3123/238/2299 3100/216/2284 3099/215/2283
f 3126/240/294 3125/241/2301 3101/217/2285
f 3101/217/2285 3100/216/2284 3126/240/294
f 3104/218/2286 3101/217/2285 3125/241/2301
f 3125/241/2301 3127/242/2302 3104/218/2286
f 3104/218/2286 3127/242/2302 3128/243/2303
f 3128/243/2303 3105/220/2288 3104/218/2286
f 3129/244/2304 3107/222/2290 3105/220/2288
f 3105/220/2288 3128/243/2303 3129/244/2304
f 3129/244/2304 3130/245/2305 3109/224/2291
f 3109/224/2291 3107/222/2290 3129/244/2304
f 3130/245/2305 3131/246/2306 3111/227/2292
f 3111/227/2292 3109/224/2291 3130/245/2305
f 3133/247/2307 3132/248/301 3116/228/283
f 3116/228/283 3115/231/282 3133/247/2307
f 3134/249/2308 3118/232/2294 3116/228/283
f 3116/228/283 3132/248/301 3134/249/2308
f 3118/232/2294 3134/249/2308 3135/250/2309
f 3135/250/2309 3119/234/2296 3118/232/2294
f 3136/251/2310 3122/236/2297 3119/234/2296
f 3119/234/2296 3135/250/2309 3136/251/2310
f 3122/236/2297 3136/251/2310 3137/252/2311
f 3137/252/2311 3123/238/2299 3122/236/2297
f 3137/252/2311 3126/240/294 3100/216/2284
f 3100/216/2284 3123/238/2299 3137/252/2311
f 3139/253/2312 3125/241/2301 3126/240/294
f 3126/240/294 3138/254/2313 3139/253/2312
f 3127/242/2302 3125/241/2301 3139/253/2312
f 3139/253/2312 3140/255/2314 3127/242/2302
f 3140/255/2314 3141/256/2315 3128/243/2303
f 3128/243/2303 3127/242/2302 3140/255/2314
f 3129/244/2304 3128/243/2303 3141/256/2315
f 3141/256/2315 3142/257/2316 3129/244/2304
f 3130/245/2305 3129/244/2304 3142/257/2316
f 3142/257/2316 3143/258/311 3130/245/2305
f 3130/245/2305 3143/258/311 3144/259/2317
f 3144/259/2317 3131/246/2306 3130/245/2305
f 3146/260/2318 3132/248/301 3133/247/2307
f 3133/247/2307 3145/261/312 3146/260/2318
f 3147/262/2319 3134/249/2308 3132/248/301
f 3132/248/301 3146/260/2318 3147/262/2319
f 3134/249/2308 3147/262/2319 3148/263/2320
f 3148/263/2320 3135/250/2309 3134/249/2308
f 3135/250/2309 3148/263/2320 3149/264/2321
f 3149/264/2321 3136/251/2310 3135/250/2309
f 3150/265/318 3137/252/2311 3136/251/2310
f 3136/251/2310 3149/264/2321 3150/265/318
f 3126/240/294 3137/252/2311 3150/265/318
f 3150/265/318 3138/254/2313 3126/240/294
f 3138/254/2313 3151/266/2322 3152/267/320
f 3152/267/320 3139/253/2312 3138/254/2313
f 3140/255/2314 3139/253/2312 3152/267/320
f 3152/267/320 3153/268/2323 3140/255/2314
f 3153/268/2323 3154/269/2324 3141/256/2315
f 3141/256/2315 3140/255/2314 3153/268/2323
f 3142/257/2316 3141/256/2315 3154/269/2324
f 3154/269/2324 3155/270/2325 3142/257/2316
f 3143/258/311 3142/257/2316 3155/270/2325
f 3155/270/2325 3156/271/2326 3143/258/311
f 3157/272/325 3144/259/2317 3143/258/311
f 3143/258/311 3156/271/2326 3157/272/325
f 3159/273/2327 3146/260/2318 3145/261/312
f 3145/261/312 3158/274/2328 3159/273/2327
f 3147/262/2319 3146/260/2318 3159/273/2327
f 3159/273/2327 3160/275/2329 3147/262/2319
f 3161/276/2330 3148/263/2320 3147/262/2319
f 3147/262/2319 3160/275/2329 3161/276/2330
f 3149/264/2321 3148/263/2320 3161/276/2330
f 3161/276/2330 3162/277/2331 3149/264/2321
f 3149/264/2321 3162/277/2331 3163/278/2332
f 3163/278/2332 3150/265/318 3149/264/2321
f 3138/254/2313 3150/265/318 3163/278/2332
f 3163/278/2332 3151/266/2322 3138/254/2313
f 3152/267/320 3151/266/2322 3164/279/2333
f 3164/279/2333 3165/280/333 3152/267/320
f 3165/280/333 3166/281/334 3153/268/2323
f 3153/268/2323 3152/267/320 3165/280/333
f 3166/281/334 3167/282/2334 3154/269/2324
f 3154/269/2324 3153/268/2323 3166/281/334
f 3154/269/2324 3167/282/2334 3168/283/2335
f 3168/283/2335 3155/270/2325 3154/269/2324
f 3155/270/2325 3168/283/2335 3169/284/2336
f 3169/284/2336 3156/271/2326 3155/270/2325
f 3169/284/2336 3170/285/2337 3157/272/325
f 3157/272/325 3156/271/2326 3169/284/2336
f 3159/273/2327 3158/274/2328 3171/286/339
f 3171/286/339 3172/287/2338 3159/273/2327
f 3160/275/2329 3159/273/2327 3172/287/2338
f 3172/287/2338 3173/288/2339 3160/275/2329
f 3173/288/2339 3174/289/2340 3161/276/2330
f 3161/276/2330 3160/275/2329 3173/288/2339
f 3174/289/2340 3175/290/2341 3162/277/2331
f 3162/277/2331 3161/276/2330 3174/289/2340
f 3162/277/2331 3175/290/2341 3176/291/2342
f 3176/291/2342 3163/278/2332 3162/277/2331
f 3151/266/2322 3163/278/2332 3176/291/2342
f 3176/291/2342 3164/279/2333 3151/266/2322
f 3178/292/2343 3177/293/346 3165/280/333
f 3165/280/333 3164/279/2333 3178/292/2343
f 3179/294/2344 3166/281/334 3165/280/333
f 3165/280/333 3177/293/346 3179/294/2344
f 3180/295/348 3167/282/2334 3166/281/334
f 3166/281/334 3179/294/2344 3180/295/348
f 3180/295/348 3181/296/2345 3168/283/2335
f 3168/283/2335 3167/282/2334 3180/295/348
f 3182/297/2346 3169/284/2336 3168/283/2335
f 3168/283/2335 3181/296/2345 3182/297/2346
f 3170/285/2337 3169/284/2336 3182/297/2346
f 3182/297/2346 3183/298/2347 3170/285/2337
f 3185/299/351 3184/300/2348 3172/287/2338
f 3172/287/2338 3171/286/339 3185/299/351
f 3172/287/2338 3184/300/2348 3186/301/354
f 3186/301/354 3173/288/2339 3172/287/2338
f 3186/301/354 3187/302/2349 3174/289/2340
f 3174/289/2340 3173/288/2339 3186/301/354
f 3174/289/2340 3187/302/2349 3188/303/2350
f 3188/303/2350 3175/290/2341 3174/289/2340
f 3188/303/2350 3189/304/2351 3176/291/2342
f 3176/291/2342 3175/290/2341 3188/303/2350
f 3189/304/2351 3178/292/2343 3164/279/2333
f 3164/279/2333 3176/291/2342 3189/304/2351
f 3177/293/346 3178/292/2343 3190/305/2352
f 3190/305/2352 3191/306/2353 3177/293/346
f 3179/294/2344 3177/293/346 3191/306/2353
f 3191/306/2353 3192/307/2354 3179/294/2344
f 3193/308/361 3180/295/348 3179/294/2344
f 3179/294/2344 3192/307/2354 3193/308/361
f 3194/309/2355 3181/296/2345 3180/295/348
f 3180/295/348 3193/308/361 3194/309/2355
f 3195/310/2356 3182/297/2346 3181/296/2345
f 3181/296/2345 3194/309/2355 3195/310/2356
f 3196/311/364 3183/298/2347 3182/297/2346
f 3182/297/2346 3195/310/2356 3196/311/364
f 3184/300/2348 3185/299/351 3197/312/364
f 3197/312/364 3198/313/2357 3184/300/2348
f 3184/300/2348 3198/313/2357 3199/314/2358
f 3199/314/2358 3186/301/354 3184/300/2348
f 3186/301/354 3199/314/2358 3200/315/2359
f 3200/315/2359 3187/302/2349 3186/301/354
f 3201/316/369 3188/303/2350 3187/302/2349
f 3187/302/2349 3200/315/2359 3201/316/369
f 3189/304/2351 3188/303/2350 3201/316/369
f 3201/316/369 3202/317/2360 3189/304/2351
f 3190/305/2352 3178/292/2343 3189/304/2351
f 3189/304/2351 3202/317/2360 3190/305/2352
f 3204/318/2361 3203/319/372 3191/306/2353
f 3191/306/2353 3190/305/2352 3204/318/2361
f 3191/306/2353 3203/319/372 3205/320/2362
f 3205/320/2362 3192/307/2354 3191/306/2353
f 3193/308/361 3192/307/2354 3205/320/2362
f 3205/320/2362 3206/321/2363 3193/308/361
f 3207/322/2364 3194/309/2355 3193/308/361
f 3193/308/361 3206/321/2363 3207/322/2364
f 3208/323/2365 3195/310/2356 3194/309/2355
f 3194/309/2355 3207/322/2364 3208/323/2365
f 3195/310/2356 3208/323/2365 3209/324/2366
f 3209/324/2366 3196/311/364 3195/310/2356
f 3197/312/364 3210/325/377 3211/326/2367
f 3211/326/2367 3198/313/2357 3197/312/364
f 3199/314/2358 3198/313/2357 3211/326/2367
f 3211/326/2367 3212/327/379 3199/314/2358
f 3200/315/2359 3199/314/2358 3212/327/379
f 3212/327/379 3213/328/380 3200/315/2359
f 3214/329/2368 3201/316/369 3200/315/2359
f 3200/315/2359 3213/328/380 3214/329/2368
f 3202/317/2360 3201/316/369 3214/329/2368
f 3214/329/2368 3215/330/382 3202/317/2360
f 3190/305/2352 3202/317/2360 3215/330/382
f 3215/330/382 3204/318/2361 3190/305/2352
f 3219/331/2369 3216/332/384 3217/333/2370
f 3217/333/2370 3218/334/2371 3219/331/2369
f 3217/333/2370 3216/332/384 3220/335/387
f 3220/335/387 3221/336/2372 3217/333/2370
f 3221/336/2372 3220/335/387 3222/337/389
f 3222/337/389 3223/338/390 3221/336/2372
f 3223/338/390 3222/337/389 3224/339/2373
f 3224/339/2373 3225/340/2374 3223/338/390
f 3227/341/2375 3225/340/2374 3224/339/2373
f 3224/339/2373 3226/342/2376 3227/341/2375
f 3227/341/2375 3226/342/2376 3228/343/2377
f 3228/343/2377 3229/344/2378 3227/341/2375
f 3228/343/2377 3230/345/2379 3231/346/398
f 3231/346/398 3229/344/2378 3228/343/2377
f 3233/347/2380 3231/346/398 3230/345/2379
f 3230/345/2379 3232/348/2381 3233/347/2380
f 3237/349/2382 3234/350/2383 3235/351/402
f 3235/351/402 3236/352/2384 3237/349/2382
f 3239/353/2385 3238/354/2386 3235/351/402
f 3235/351/402 3234/350/2383 3239/353/2385
f 3238/354/2386 3239/353/2385 3240/355/2387
f 3240/355/2387 3241/356/2388 3238/354/2386
f 3240/355/2387 3219/331/2369 3218/334/2371
f 3218/334/2371 3241/356/2388 3240/355/2387
f 3216/332/384 3219/331/2369 3242/357/2389
f 3242/357/2389 3243/358/409 3216/332/384
f 3220/335/387 3216/332/384 3243/358/409
f 3243/358/409 3244/359/2390 3220/335/387
f 3222/337/389 3220/335/387 3244/359/2390
f 3244/359/2390 3245/360/2391 3222/337/389
f 3222/337/389 3245/360/2391 3246/361/2392
f 3246/361/2392 3224/339/2373 3222/337/389
f 3246/361/2392 3247/362/2393 3226/342/2376
f 3226/342/2376 3224/339/2373 3246/361/2392
f 3247/362/2393 3248/363/2394 3228/343/2377
f 3228/343/2377 3226/342/2376 3247/362/2393
f 3249/364/2395 3230/345/2379 3228/343/2377
f 3228/343/2377 3248/363/2394 3249/364/2395
f 3250/365/416 3232/348/2381 3230/345/2379
f 3230/345/2379 3249/364/2395 3250/365/416
f 3252/366/2396 3234/350/2383 3237/349/2382
f 3237/349/2382 3251/367/418 3252/366/2396
f 3253/368/2397 3239/353/2385 3234/350/2383
f 3234/350/2383 3252/366/2396 3253/368/2397
f 3239/353/2385 3253/368/2397 3254/369/2398
f 3254/369/2398 3240/355/2387 3239/353/2385
f 3254/369/2398 3242/357/2389 3219/331/2369
f 3219/331/2369 3240/355/2387 3254/369/2398
f 3243/358/409 3242/357/2389 3255/370/2399
f 3255/370/2399 3256/371/2400 3243/358/409
f 3243/358/409 3256/371/2400 3257/372/423
f 3257/372/423 3244/359/2390 3243/358/409
f 3245/360/2391 3244/359/2390 3257/372/423
f 3257/372/423 3258/373/2401 3245/360/2391
f 3258/373/2401 3259/374/2402 3246/361/2392
f 3246/361/2392 3245/360/2391 3258/373/2401
f 3247/362/2393 3246/361/2392 3259/374/2402
f 3259/374/2402 3260/375/2403 3247/362/2393
f 3260/375/2403 3261/376/2404 3248/363/2394
f 3248/363/2394 3247/362/2393 3260/375/2403
f 3249/364/2395 3248/363/2394 3261/376/2404
f 3261/376/2404 3262/377/2405 3249/364/2395
f 3249/364/2395 3262/377/2405 3263/378/2406
f 3263/378/2406 3250/365/416 3249/364/2395
f 3265/379/2407 3252/366/2396 3251/367/418
f 3251/367/418 3264/380/431 3265/379/2407
f 3266/381/2408 3253/368/2397 3252/366/2396
f 3252/366/2396 3265/379/2407 3266/381/2408
f 3253/368/2397 3266/381/2408 3267/382/2409
f 3267/382/2409 3254/369/2398 3253/368/2397
f 3242/357/2389 3254/369/2398 3267/382/2409
f 3267/382/2409 3255/370/2399 3242/357/2389
f 3255/370/2399 3268/383/2410 3269/384/435
f 3269/384/435 3256/371/2400 3255/370/2399
f 3257/372/423 3256/371/2400 3269/384/435
f 3269/384/435 3270/385/2411 3257/372/423
f 3258/373/2401 3257/372/423 3270/385/2411
f 3270/385/2411 3271/386/437 3258/373/2401
f 3259/374/2402 3258/373/2401 3271/386/437
f 3271/386/437 3272/387/2412 3259/374/2402
f 3260/375/2403 3259/374/2402 3272/387/2412
f 3272/387/2412 3273/388/439 3260/375/2403
f 3261/376/2404 3260/375/2403 3273/388/439
f 3273/388/439 3274/389/2413 3261/376/2404
f 3261/376/2404 3274/389/2413 3275/390/2414
f 3275/390/2414 3262/377/2405 3261/376/2404
f 3263/378/2406 3262/377/2405 3275/390/2414
f 3275/390/2414 3276/391/442 3263/378/2406
f 3264/380/431 3277/392/442 3278/393/2415
f 3278/393/2415 3265/379/2407 3264/380/431
f 3265/379/2407 3278/393/2415 3279/394/2416
f 3279/394/2416 3266/381/2408 3265/379/2407
f 3267/382/2409 3266/381/2408 3279/394/2416
f 3279/394/2416 3280/395/2417 3267/382/2409
f 3268/383/2410 3255/370/2399 3267/382/2409
f 3267/382/2409 3280/395/2417 3268/383/2410
f 3282/396/2418 3269/384/435 3268/383/2410
f 3268/383/2410 3281/397/2419 3282/396/2418
f 3270/385/2411 3269/384/435 3282/396/2418
f 3282/396/2418 3283/398/449 3270/385/2411
f 3283/398/449 3284/399/2420 3271/386/437
f 3271/386/437 3270/385/2411 3283/398/449
f 3285/400/451 3272/387/2412 3271/386/437
f 3271/386/437 3284/399/2420 3285/400/451
f 3273/388/439 3272/387/2412 3285/400/451
f 3285/400/451 3286/401/2421 3273/388/439
f 3286/401/2421 3287/402/2422 3274/389/2413
f 3274/389/2413 3273/388/439 3286/401/2421
f 3275/390/2414 3274/389/2413 3287/402/2422
f 3287/402/2422 3288/403/2423 3275/390/2414
f 3276/391/442 3275/390/2414 3288/403/2423
f 3288/403/2423 3289/404/2424 3276/391/442
f 3277/392/442 3290/405/455 3291/406/2425
f 3291/406/2425 3278/393/2415 3277/392/442
f 3292/407/2426 3279/394/2416 3278/393/2415
f 3278/393/2415 3291/406/2425 3292/407/2426
f 3292/407/2426 3293/408/2427 3280/395/2417
f 3280/395/2417 3279/394/2416 3292/407/2426
f 3268/383/2410 3280/395/2417 3293/408/2427
f 3293/408/2427 3281/397/2419 3268/383/2410
f 3295/409/2428 3294/410/2429 3282/396/2418
f 3282/396/2418 3281/397/2419 3295/409/2428
f 3282/396/2418 3294/410/2429 3296/411/2430
f 3296/411/2430 3283/398/449 3282/396/2418
f 3297/412/2431 3284/399/2420 3283/398/449
f 3283/398/449 3296/411/2430 3297/412/2431
f 3298/413/463 3285/400/451 3284/399/2420
f 3284/399/2420 3297/412/2431 3298/413/463
f 3299/414/2432 3286/401/2421 3285/400/451
f 3285/400/451 3298/413/463 3299/414/2432
f 3299/414/2432 3300/415/2433 3287/402/2422
f 3287/402/2422 3286/401/2421 3299/414/2432
f 3300/415/2433 3301/416/2434 3288/403/2423
f 3288/403/2423 3287/402/2422 3300/415/2433
f 3302/417/2435 3289/404/2424 3288/403/2423
f 3288/403/2423 3301/416/2434 3302/417/2435
f 3304/418/467 3303/419/2436 3291/406/2425
f 3291/406/2425 3290/405/455 3304/418/467
f 3291/406/2425 3303/419/2436 3305/420/469
f 3305/420/469 3292/407/2426 3291/406/2425
f 3305/420/469 3306/421/2437 3293/408/2427
f 3293/408/2427 3292/407/2426 3305/420/469
f 3306/421/2437 3295/409/2428 3281/397/2419
f 3281/397/2419 3293/408/2427 3306/421/2437
f 3294/410/2429 3295/409/2428 3307/422/2438
f 3307/422/2438 3308/423/472 3294/410/2429
f 3308/423/472 3309/424/2439 3296/411/2430
f 3296/411/2430 3294/410/2429 3308/423/472
f 3297/412/2431 3296/411/2430 3309/424/2439
f 3309/424/2439 3310/425/2440 3297/412/2431
f 3310/425/2440 3311/426/2441 3298/413/463
f 3298/413/463 3297/412/2431 3310/425/2440
f 3299/414/2432 3298/413/463 3311/426/2441
f 3311/426/2441 3312/427/2442 3299/414/2432
f 3300/415/2433 3299/414/2432 3312/427/2442
f 3312/427/2442 3313/428/2443 3300/415/2433
f 3314/429/2444 3301/416/2434 3300/415/2433
f 3300/415/2433 3313/428/2443 3314/429/2444
f 3315/430/479 3302/417/2435 3301/416/2434
f 3301/416/2434 3314/429/2444 3315/430/479
f 3303/419/2436 3304/418/467 3316/431/480
f 3316/431/480 3317/432/2445 3303/419/2436
f 3318/433/2446 3305/420/469 3303/419/2436
f 3303/419/2436 3317/432/2445 3318/433/2446
f 3306/421/2437 3305/420/469 3318/433/2446
f 3318/433/2446 3319/434/2447 3306/421/2437
f 3307/422/2438 3295/409/2428 3306/421/2437
f 3306/421/2437 3319/434/2447 3307/422/2438
f 3307/422/2438 3320/435/2448 3321/436/2449
f 3321/436/2449 3308/423/472 3307/422/2438
f 3321/436/2449 3322/437/2450 3309/424/2439
f 3309/424/2439 3308/423/472 3321/436/2449
f 3309/424/2439 3322/437/2450 3323/438/487
f 3323/438/487 3310/425/2440 3309/424/2439
f 3311/426/2441 3310/425/2440 3323/438/487
f 3323/438/487 3324/439/2451 3311/426/2441
f 3311/426/2441 3324/439/2451 3325/440/489
f 3325/440/489 3312/427/2442 3311/426/2441
f 3312/427/2442 3325/440/489 3326/441/490
f 3326/441/490 3313/428/2443 3312/427/2442
f 3313/428/2443 3326/441/490 3327/442/491
f 3327/442/491 3314/429/2444 3313/428/2443
f 3314/429/2444 3327/442/491 3328/443/492
f 3328/443/492 3315/430/479 3314/429/2444
f 3316/431/480 3329/444/2452 3330/445/494
f 3330/445/494 3317/432/2445 3316/431/480
f 3331/446/2453 3318/433/2446 3317/432/2445
f 3317/432/2445 3330/445/494 3331/446/2453
f 3319/434/2447 3318/433/2446 3331/446/2453
f 3331/446/2453 3332/447/2454 3319/434/2447
f 3320/435/2448 3307/422/2438 3319/434/2447
f 3319/434/2447 3332/447/2454 3320/435/2448
f 3336/448/2455 3333/449/2456 3334/450/499
f 3334/450/499 3335/451/2457 3336/448/2455
f 3338/452/2458 3335/451/2457 3334/450/499
f 3334/450/499 3337/453/502 3338/452/2458
f 3337/453/502 3339/454/2459 3340/455/2460
f 3340/455/2460 3338/452/2458 3337/453/502
f 3342/456/505 3340/455/2460 3339/454/2459
f 3339/454/2459 3341/457/2461 3342/456/505
f 3341/457/2461 3343/458/2462 3344/459/2463
f 3344/459/2463 3342/456/505 3341/457/2461
f 3346/460/509 3344/459/2463 3343/458/2462
f 3343/458/2462 3345/461/510 3346/460/509
f 3345/461/510 3347/462/2464 3348/463/512
f 3348/463/512 3346/460/509 3345/461/510
f 3350/464/513 3349/465/514 3348/463/512
f 3348/463/512 3347/462/2464 3350/464/513
f 3354/466/515 3351/467/2465 3352/468/517
f 3352/468/517 3353/469/2466 3354/466/515
f 3353/469/2466 3355/470/2467 3356/471/2468
f 3356/471/2468 3354/466/515 3353/469/2466
f 3356/471/2468 3355/470/2467 3357/472/2469
f 3357/472/2469 3358/473/2470 3356/471/2468
f 3357/472/2469 3333/449/2456 3336/448/2455
f 3336/448/2455 3358/473/2470 3357/472/2469
f 3334/450/499 3333/449/2456 3359/474/2471
f 3359/474/2471 3360/475/2472 3334/450/499
f 3360/475/2472 3361/476/2473 3337/453/502
f 3337/453/502 3334/450/499 3360/475/2472
f 3361/476/2473 3362/477/2474 3339/454/2459
f 3339/454/2459 3337/453/502 3361/476/2473
f 3363/478/2475 3341/457/2461 3339/454/2459
f 3339/454/2459 3362/477/2474 3363/478/2475
f 3364/479/528 3343/458/2462 3341/457/2461
f 3341/457/2461 3363/478/2475 3364/479/528
f 3364/479/528 3365/480/2476 3345/461/510
f 3345/461/510 3343/458/2462 3364/479/528
f 3366/481/2477 3347/462/2464 3345/461/510
f 3345/461/510 3365/480/2476 3366/481/2477
f 3366/481/2477 3367/482/531 3350/464/513
f 3350/464/513 3347/462/2464 3366/481/2477
f 3352/468/517 3368/483/531 3369/484/2478
f 3369/484/2478 3353/469/2466 3352/468/517
f 3370/485/2479 3355/470/2467 3353/469/2466
f 3353/469/2466 3369/484/2478 3370/485/2479
f 3371/486/2480 3357/472/2469 3355/470/2467
f 3355/470/2467 3370/485/2479 3371/486/2480
f 3333/449/2456 3357/472/2469 3371/486/2480
f 3371/486/2480 3359/474/2471 3333/449/2456
f 3360/475/2472 3359/474/2471 3372/487/2481
f 3372/487/2481 3373/488/537 3360/475/2472
f 3373/488/537 3374/489/2482 3361/476/2473
f 3361/476/2473 3360/475/2472 3373/488/537
f 3374/489/2482 3375/490/2483 3362/477/2474
f 3362/477/2474 3361/476/2473 3374/489/2482
f 3375/490/2483 3376/491/2484 3363/478/2475
f 3363/478/2475 3362/477/2474 3375/490/2483
f 3376/491/2484 3377/492/541 3364/479/528
f 3364/479/528 3363/478/2475 3376/491/2484
f 3365/480/2476 3364/479/528 3377/492/541
f 3377/492/541 3378/493/542 3365/480/2476
f 3378/493/542 3379/494/543 3366/481/2477
f 3366/481/2477 3365/480/2476 3378/493/542
f 3380/495/2485 3367/482/531 3366/481/2477
f 3366/481/2477 3379/494/543 3380/495/2485
f 3368/483/531 3381/496/2486 3382/497/2487
f 3382/497/2487 3369/484/2478 3368/483/531
f 3383/498/2488 3370/485/2479 3369/484/2478
f 3369/484/2478 3382/497/2487 3383/498/2488
f 3370/485/2479 3383/498/2488 3384/499/2489
f 3384/499/2489 3371/486/2480 3370/485/2479
f 3384/499/2489 3372/487/2481 3359/474/2471
f 3359/474/2471 3371/486/2480 3384/499/2489
f 3373/488/537 3372/487/2481 3385/500/548
f 3385/500/548 3386/501/549 3373/488/537
f 3373/488/537 3386/501/549 3387/502/550
f 3387/502/550 3374/489/2482 3373/488/537
f 3375/490/2483 3374/489/2482 3387/502/550
f 3387/502/550 3388/503/2490 3375/490/2483
f 3376/491/2484 3375/490/2483 3388/503/2490
f 3388/503/2490 3389/504/552 3376/491/2484
f 3377/492/541 3376/491/2484 3389/504/552
f 3389/504/552 3390/505/2491 3377/492/541
f 3390/505/2491 3391/506/2492 3378/493/542
f 3378/493/542 3377/492/541 3390/505/2491
f 3378/493/542 3391/506/2492 3392/507/2493
f 3392/507/2493 3379/494/543 3378/493/542
f 3379/494/543 3392/507/2493 3393/508/556
f 3393/508/556 3380/495/2485 3379/494/543
f 3381/496/2486 3394/509/556 3395/510/2494
f 3395/510/2494 3382/497/2487 3381/496/2486
f 3382/497/2487 3395/510/2494 3396/511/2495
f 3396/511/2495 3383/498/2488 3382/497/2487
f 3397/512/2496 3384/499/2489 3383/498/2488
f 3383/498/2488 3396/511/2495 3397/512/2496
f 3372/487/2481 3384/499/2489 3397/512/2496
f 3397/512/2496 3385/500/548 3372/487/2481
f 3385/500/548 3398/513/561 3399/514/562
f 3399/514/562 3386/501/549 3385/500/548
f 3399/514/562 3400/515/563 3387/502/550
f 3387/502/550 3386/501/549 3399/514/562
f 3401/516/564 3388/503/2490 3387/502/550
f 3387/502/550 3400/515/563 3401/516/564
f 3401/516/564 3402/517/565 3389/504/552
f 3389/504/552 3388/503/2490 3401/516/564
f 3390/505/2491 3389/504/552 3402/517/565
f 3402/517/565 3403/518/2497 3390/505/2491
f 3404/519/2498 3391/506/2492 3390/505/2491
f 3390/505/2491 3403/518/2497 3404/519/2498
f 3391/506/2492 3404/519/2498 3405/520/2499
f 3405/520/2499 3392/507/2493 3391/506/2492
f 3392/507/2493 3405/520/2499 3406/521/2500
f 3406/521/2500 3393/508/556 3392/507/2493
f 3408/522/2501 3407/523/2502 3395/510/2494
f 3395/510/2494 3394/509/556 3408/522/2501
f 3407/523/2502 3409/524/2503 3396/511/2495
f 3396/511/2495 3395/510/2494 3407/523/2502
f 3410/525/2504 3397/512/2496 3396/511/2495
f 3396/511/2495 3409/524/2503 3410/525/2504
f 3397/512/2496 3410/525/2504 3398/513/561
f 3398/513/561 3385/500/548 3397/512/2496
f 3412/526/574 3411/527/575 3399/514/562
f 3399/514/562 3398/513/561 3412/526/574
f 3399/514/562 3411/527/575 3413/528/2505
f 3413/528/2505 3400/515/563 3399/514/562
f 3413/528/2505 3414/529/2506 3401/516/564
f 3401/516/564 3400/515/563 3413/528/2505
f 3415/530/2507 3402/517/565 3401/516/564
f 3401/516/564 3414/529/2506 3415/530/2507
f 3415/530/2507 3416/531/579 3403/518/2497
f 3403/518/2497 3402/517/565 3415/530/2507
f 3403/518/2497 3416/531/579 3417/532/2508
f 3417/532/2508 3404/519/2498 3403/518/2497
f 3418/533/2509 3405/520/2499 3404/519/2498
f 3404/519/2498 3417/532/2508 3418/533/2509
f 3418/533/2509 3419/534/2510 3406/521/2500
f 3406/521/2500 3405/520/2499 3418/533/2509
f 3421/535/582 3420/536/2511 3407/523/2502
f 3407/523/2502 3408/522/2501 3421/535/582
f 3407/523/2502 3420/536/2511 3422/537/2512
f 3422/537/2512 3409/524/2503 3407/523/2502
f 3410/525/2504 3409/524/2503 3422/537/2512
f 3422/537/2512 3423/538/2513 3410/525/2504
f 3410/525/2504 3423/538/2513 3412/526/574
f 3412/526/574 3398/513/561 3410/525/2504
f 3411/527/575 3412/526/574 3424/539/2514
f 3424/539/2514 3425/540/587 3411/527/575
f 3411/527/575 3425/540/587 3426/541/588
f 3426/541/588 3413/528/2505 3411/527/575
f 3413/528/2505 3426/541/588 3427/542/589
f 3427/542/589 3414/529/2506 3413/528/2505
f 3415/530/2507 3414/529/2506 3427/542/589
f 3427/542/589 3428/543/590 3415/530/2507
f 3428/543/590 3429/544/2515 3416/531/579
f 3416/531/579 3415/530/2507 3428/543/590
f 3417/532/2508 3416/531/579 3429/544/2515
f 3429/544/2515 3430/545/2516 3417/532/2508
f 3431/546/2517 3418/533/2509 3417/532/2508
f 3417/532/2508 3430/545/2516 3431/546/2517
f 3419/534/2510 3418/533/2509 3431/546/2517
f 3431/546/2517 3432/547/594 3419/534/2510
f 3421/535/582 3433/548/2518 3434/549/596
f 3434/549/596 3420/536/2511 3421/535/582
f 3435/550/597 3422/537/2512 3420/536/2511
f 3420/536/2511 3434/549/596 3435/550/597
f 3423/538/2513 3422/537/2512 3435/550/597
f 3435/550/597 3436/551/598 3423/538/2513
f 3436/551/598 3424/539/2514 3412/526/574
f 3412/526/574 3423/538/2513 3436/551/598
f 3425/540/587 3424/539/2514 3437/552/599
f 3437/552/599 3438/553/600 3425/540/587
f 3426/541/588 3425/540/587 3438/553/600
f 3438/553/600 3439/554/2519 3426/541/588
f 3426/541/588 3439/554/2519 3440/555/602
f 3440/555/602 3427/542/589 3426/541/588
f 3428/543/590 3427/542/589 3440/555/602
f 3440/555/602 3441/556/603 3428/543/590
f 3442/557/604 3429/544/2515 3428/543/590
f 3428/543/590 3441/556/603 3442/557/604
f 3443/558/605 3430/545/2516 3429/544/2515
f 3429/544/2515 3442/557/604 3443/558/605
f 3444/559/606 3431/546/2517 3430/545/2516
f 3430/545/2516 3443/558/605 3444/559/606
f 3432/547/594 3431/546/2517 3444/559/606
f 3444/559/606 3445/560/2520 3432/547/594
f 3447/561/608 3434/549/596 3433/548/2518
f 3433/548/2518 3446/562/2521 3447/561/608
f 3448/563/610 3435/550/597 3434/549/596
f 3434/549/596 3447/561/608 3448/563/610
f 3436/551/598 3435/550/597 3448/563/610
f 3448/563/610 3449/564/611 3436/551/598
f 3437/552/599 3424/539/2514 3436/551/598
f 3436/551/598 3449/564/611 3437/552/599
f 3453/565/2522 3450/566/2523 3451/567/2524
f 3451/567/2524 3452/568/2525 3453/565/2522
f 3453/565/2522 3452/568/2525 3454/569/2526
f 3454/569/2526 3455/570/2527 3453/565/2522
f 3457/571/2528 3456/572/2529 3455/570/2527
f 3455/570/2527 3454/569/2526 3457/571/2528
f 3459/573/2530 3456/572/2529 3457/571/2528
f 3457/571/2528 3458/574/2531 3459/573/2530
f 3461/575/622 3460/576/2532 3459/573/2530
f 3459/573/2530 3458/574/2531 3461/575/622
f 3460/576/2532 3461/575/622 3462/577/2533
f 3462/577/2533 3463/578/2534 3460/576/2532
f 3462/577/2533 3464/579/2535 3465/580/2536
f 3465/580/2536 3463/578/2534 3462/577/2533
f 3469/581/2537 3466/582/2538 3467/583/630
f 3467/583/630 3468/584/2539 3469/581/2537
f 3471/585/2540 3470/586/2541 3469/581/2537
f 3469/581/2537 3468/584/2539 3471/585/2540
f 3471/585/2540 3472/587/2542 3473/588/2543
f 3473/588/2543 3470/586/2541 3471/585/2540
f 3473/588/2543 3472/587/2542 3474/589/2544
f 3474/589/2544 3475/590/2545 3473/588/2543
f 3475/590/2545 3474/589/2544 3451/567/2524
f 3451/567/2524 3450/566/2523 3475/590/2545
f 3452/568/2525 3451/567/2524 3476/591/2546
f 3476/591/2546 3477/592/2547 3452/568/2525
f 3454/569/2526 3452/568/2525 3477/592/2547
f 3477/592/2547 3478/593/2548 3454/569/2526
f 3457/571/2528 3454/569/2526 3478/593/2548
f 3478/593/2548 3479/594/2549 3457/571/2528
f 3480/595/642 3458/574/2531 3457/571/2528
f 3457/571/2528 3479/594/2549 3480/595/642
f 3480/595/642 3481/596/2550 3461/575/622
f 3461/575/622 3458/574/2531 3480/595/642
f 3481/596/2550 3482/597/2551 3462/577/2533
f 3462/577/2533 3461/575/622 3481/596/2550
f 3483/598/2552 3464/579/2535 3462/577/2533
f 3462/577/2533 3482/597/2551 3483/598/2552
f 3485/599/2553 3468/584/2539 3467/583/630
f 3467/583/630 3484/600/645 3485/599/2553
f 3468/584/2539 3485/599/2553 3486/601/2554
f 3486/601/2554 3471/585/2540 3468/584/2539
f 3471/585/2540 3486/601/2554 3487/602/2555
f 3487/602/2555 3472/587/2542 3471/585/2540
f 3472/587/2542 3487/602/2555 3488/603/2556
f 3488/603/2556 3474/589/2544 3472/587/2542
f 3488/603/2556 3476/591/2546 3451/567/2524
f 3451/567/2524 3474/589/2544 3488/603/2556
f 3490/604/2557 3489/605/2558 3477/592/2547
f 3477/592/2547 3476/591/2546 3490/604/2557
f 3489/605/2558 3491/606/2559 3478/593/2548
f 3478/593/2548 3477/592/2547 3489/605/2558
f 3479/594/2549 3478/593/2548 3491/606/2559
f 3491/606/2559 3492/607/2560 3479/594/2549
f 3480/595/642 3479/594/2549 3492/607/2560
f 3492/607/2560 3493/608/2561 3480/595/642
f 3481/596/2550 3480/595/642 3493/608/2561
f 3493/608/2561 3494/609/2562 3481/596/2550
f 3495/610/2563 3482/597/2551 3481/596/2550
f 3481/596/2550 3494/609/2562 3495/610/2563
f 3496/611/657 3483/598/2552 3482/597/2551
f 3482/597/2551 3495/610/2563 3496/611/657
f 3484/600/645 3497/612/2564 3498/613/2565
f 3498/613/2565 3485/599/2553 3484/600/645
f 3485/599/2553 3498/613/2565 3499/614/2566
f 3499/614/2566 3486/601/2554 3485/599/2553
f 3500/615/2567 3487/602/2555 3486/601/2554
f 3486/601/2554 3499/614/2566 3500/615/2567
f 3487/602/2555 3500/615/2567 3501/616/2568
f 3501/616/2568 3488/603/2556 3487/602/2555
f 3490/604/2557 3476/591/2546 3488/603/2556
f 3488/603/2556 3501/616/2568 3490/604/2557
f 3503/617/2569 3502/618/2570 3489/605/2558
f 3489/605/2558 3490/604/2557 3503/617/2569
f 3491/606/2559 3489/605/2558 3502/618/2570
f 3502/618/2570 3504/619/2571 3491/606/2559
f 3491/606/2559 3504/619/2571 3505/620/2572
f 3505/620/2572 3492/607/2560 3491/606/2559
f 3505/620/2572 3506/621/666 3493/608/2561
f 3493/608/2561 3492/607/2560 3505/620/2572
f 3494/609/2562 3493/608/2561 3506/621/666
f 3506/621/666 3507/622/667 3494/609/2562
f 3495/610/2563 3494/609/2562 3507/622/667
f 3507/622/667 3508/623/668 3495/610/2563
f 3495/610/2563 3508/623/668 3509/624/2573
f 3509/624/2573 3496/611/657 3495/610/2563
f 3497/612/2564 3510/625/2574 3511/626/2575
f 3511/626/2575 3498/613/2565 3497/612/2564
f 3499/614/2566 3498/613/2565 3511/626/2575
f 3511/626/2575 3512/627/2576 3499/614/2566
f 3499/614/2566 3512/627/2576 3513/628/2577
f 3513/628/2577 3500/615/2567 3499/614/2566
f 3501/616/2568 3500/615/2567 3513/628/2577
f 3513/628/2577 3514/629/2578 3501/616/2568
f 3503/617/2569 3490/604/2557 3501/616/2568
f 3501/616/2568 3514/629/2578 3503/617/2569
f 3502/618/2570 3503/617/2569 3515/630/675
f 3515/630/675 3516/631/2579 3502/618/2570
f 3504/619/2571 3502/618/2570 3516/631/2579
f 3516/631/2579 3517/632/2580 3504/619/2571
f 3505/620/2572 3504/619/2571 3517/632/2580
f 3517/632/2580 3518/633/2581 3505/620/2572
f 3505/620/2572 3518/633/2581 3519/634/2582
f 3519/634/2582 3506/621/666 3505/620/2572
f 3507/622/667 3506/621/666 3519/634/2582
f 3519/634/2582 3520/635/680 3507/622/667
f 3508/623/668 3507/622/667 3520/635/680
f 3520/635/680 3521/636/2583 3508/623/668
f 3508/623/668 3521/636/2583 3522/637/2584
f 3522/637/2584 3509/624/2573 3508/623/668
f 3510/625/2574 3523/638/2585 3524/639/2586
f 3524/639/2586 3511/626/2575 3510/625/2574
f 3524/639/2586 3525/640/2587 3512/627/2576
f 3512/627/2576 3511/626/2575 3524/639/2586
f 3525/640/2587 3526/641/2588 3513/628/2577
f 3513/628/2577 3512/627/2576 3525/640/2587
f 3526/641/2588 3527/642/2589 3514/629/2578
f 3514/629/2578 3513/628/2577 3526/641/2588
f 3503/617/2569 3514/629/2578 3527/642/2589
f 3527/642/2589 3515/630/675 3503/617/2569
f 3529/643/687 3528/644/2590 3516/631/2579
f 3516/631/2579 3515/630/675 3529/643/687
f 3516/631/2579 3528/644/2590 3530/645/2591
f 3530/645/2591 3517/632/2580 3516/631/2579
f 3531/646/2592 3518/633/2581 3517/632/2580
f 3517/632/2580 3530/645/2591 3531/646/2592
f 3532/647/2593 3519/634/2582 3518/633/2581
f 3518/633/2581 3531/646/2592 3532/647/2593
f 3519/634/2582 3532/647/2593 3533/648/692
f 3533/648/692 3520/635/680 3519/634/2582
f 3533/648/692 3534/649/2594 3521/636/2583
f 3521/636/2583 3520/635/680 3533/648/692
f 3535/650/2595 3522/637/2584 3521/636/2583
f 3521/636/2583 3534/649/2594 3535/650/2595
f 3524/639/2586 3523/638/2585 3536/651/695
f 3536/651/695 3537/652/696 3524/639/2586
f 3537/652/696 3538/653/2596 3525/640/2587
f 3525/640/2587 3524/639/2586 3537/652/696
f 3525/640/2587 3538/653/2596 3539/654/2597
f 3539/654/2597 3526/641/2588 3525/640/2587
f 3527/642/2589 3526/641/2588 3539/654/2597
f 3539/654/2597 3540/655/2598 3527/642/2589
f 3529/643/687 3515/630/675 3527/642/2589
f 3527/642/2589 3540/655/2598 3529/643/687
f 3528/644/2590 3529/643/687 3541/656/700
f 3541/656/700 3542/657/701 3528/644/2590
f 3543/658/702 3530/645/2591 3528/644/2590
f 3528/644/2590 3542/657/701 3543/658/702
f 3544/659/703 3531/646/2592 3530/645/2591
f 3530/645/2591 3543/658/702 3544/659/703
f 3531/646/2592 3544/659/703 3545/660/704
f 3545/660/704 3532/647/2593 3531/646/2592
f 3546/661/705 3533/648/692 3532/647/2593
f 3532/647/2593 3545/660/704 3546/661/705
f 3547/662/2599 3534/649/2594 3533/648/692
f 3533/648/692 3546/661/705 3547/662/2599
f 3548/663/2600 3535/650/2595 3534/649/2594
f 3534/649/2594 3547/662/2599 3548/663/2600
f 3550/664/2601 3537/652/696 3536/651/695
f 3536/651/695 3549/665/709 3550/664/2601
f 3551/666/2602 3538/653/2596 3537/652/696
f 3537/652/696 3550/664/2601 3551/666/2602
f 3552/667/2603 3539/654/2597 3538/653/2596
f 3538/653/2596 3551/666/2602 3552/667/2603
f 3553/668/2604 3540/655/2598 3539/654/2597
f 3539/654/2597 3552/667/2603 3553/668/2604
f 3529/643/687 3540/655/2598 3553/668/2604
f 3553/668/2604 3541/656/700 3529/643/687
f 3555/669/2605 3554/670/2606 3542/657/701
f 3542/657/701 3541/656/700 3555/669/2605
f 3542/657/701 3554/670/2606 3556/671/2607
f 3556/671/2607 3543/658/702 3542/657/701
f 3557/672/2608 3544/659/703 3543/658/702
f 3543/658/702 3556/671/2607 3557/672/2608
f 3558/673/2609 3545/660/704 3544/659/703
f 3544/659/703 3557/672/2608 3558/673/2609
f 3559/674/2610 3546/661/705 3545/660/704
f 3545/660/704 3558/673/2609 3559/674/2610
f 3560/675/719 3547/662/2599 3546/661/705
f 3546/661/705 3559/674/2610 3560/675/719
f 3561/676/2611 3548/663/2600 3547/662/2599
f 3547/662/2599 3560/675/719 3561/676/2611
f 3563/677/2612 3550/664/2601 3549/665/709
f 3549/665/709 3562/678/2613 3563/677/2612
f 3550/664/2601 3563/677/2612 3564/679/2614
f 3564/679/2614 3551/666/2602 3550/664/2601
f 3565/680/2615 3552/667/2603 3551/666/2602
f 3551/666/2602 3564/679/2614 3565/680/2615
f 3566/681/2616 3553/668/2604 3552/667/2603
f 3552/667/2603 3565/680/2615 3566/681/2616
f 3555/669/2605 3541/656/700 3553/668/2604
f 3553/668/2604 3566/681/2616 3555/669/2605
f 3570/682/2617 3567/683/165 3568/684/165
f 3568/684/165 3569/685/2617 3570/682/2617
f 3572/686/727 3571/687/727 3570/682/2617
f 3570/682/2617 3569/685/2617 3572/686/727
f 3574/688/169 3573/689/169 3571/687/727
f 3571/687/727 3572/686/727 3574/688/169
f 3576/690/728 3575/691/728 3573/689/169
f 3573/689/169 3574/688/169 3576/690/728
f 3578/692/2618 3577/693/2618 3575/691/728
f 3575/691/728 3576/690/728 3578/692/2618
f 3578/692/2618 3579/694/173 3580/695/173
f 3580/695/173 3577/693/2618 3578/692/2618
f 3582/696/730 3581/697/730 3580/695/173
f 3580/695/173 3579/694/173 3582/696/730
f 3582/696/730 3583/698/731 3584/699/731
f 3584/699/731 3581/697/730 3582/696/730
f 3583/698/731 3585/700/178 3586/701/178
f 3586/701/178 3584/699/731 3583/698/731
f 3585/700/178 3587/702/732 3588/703/732
f 3588/703/732 3586/701/178 3585/700/178
f 3587/702/732 3589/704/733 3590/705/733
f 3590/705/733 3588/703/732 3587/702/732
f 3590/705/733 3589/704/733 3591/706/2619
f 3591/706/2619 3592/707/2619 3590/705/733
f 3591/706/2619 3593/708/735 3594/709/735
f 3594/709/735 3592/707/2619 3591/706/2619
f 3593/708/735 3595/710/736 3596/711/736
f 3596/711/736 3594/709/735 3593/708/735
f 3598/712/737 3596/711/736 3595/710/736
f 3595/710/736 3597/713/737 3598/712/737
f 3597/713/737 3599/714/2620 3600/715/2620
f 3600/715/2620 3598/712/737 3597/713/737
f 3599/714/2620 3601/716/739 3602/717/739
f 3602/717/739 3600/715/2620 3599/714/2620
f 3567/683/165 3602/717/739 3601/716/739
f 3601/716/739 3568/684/165 3567/683/165
s 0
f 3603/685/740 3604/684/740 3605/718/740
f 3606/686/740 3603/685/740 3605/718/740
f 3607/688/740 3606/686/740 3605/718/740
f 3608/690/740 3607/688/740 3605/718/740
f 3609/692/740 3608/690/740 3605/718/740
f 3610/694/740 3609/692/740 3605/718/740
f 3611/696/740 3610/694/740 3605/718/740
f 3612/698/740 3611/696/740 3605/718/740
f 3613/700/740 3612/698/740 3605/718/740
f 3614/702/740 3613/700/740 3605/718/740
f 3615/704/740 3614/702/740 3605/718/740
f 3616/706/740 3615/704/740 3605/718/740
f 3617/708/740 3616/706/740 3605/718/740
f 3618/713/740 3619/710/740 3605/718/740
f 3620/714/740 3618/713/740 3605/718/740
f 3621/716/740 3620/714/740 3605/718/740
f 3604/684/740 3621/716/740 3605/718/740
f 3625/719/741 3622/683/741 3623/682/741
f 3623/682/741 3624/720/741 3625/719/741
f 3627/687/741 3626/721/741 3624/720/741
f 3624/720/741 3623/682/741 3627/687/741
f 3627/687/741 3628/689/741 3629/722/741
f 3629/722/741 3626/721/741 3627/687/741
f 3631/723/741 3629/722/741 3628/689/741
f 3628/689/741 3630/691/741 3631/723/741
f 3633/724/741 3631/723/741 3630/691/741
f 3630/691/741 3632/693/741 3633/724/741
f 3632/693/741 3634/695/741 3635/725/741
f 3635/725/741 3633/724/741 3632/693/741
f 3637/697/741 3636/726/741 3635/725/741
f 3635/725/741 3634/695/741 3637/697/741
f 3639/699/741 3638/727/741 3636/726/741
f 3636/726/741 3637/697/741 3639/699/741
f 3639/699/741 3640/701/741 3641/728/741
f 3641/728/741 3638/727/741 3639/699/741
f 3643/729/741 3641/728/741 3640/701/741
f 3640/701/741 3642/703/741 3643/729/741
f 3645/705/741 3644/730/741 3643/729/741
f 3643/729/741 3642/703/741 3645/705/741
f 3644/730/741 3645/705/741 3646/707/741
f 3646/707/741 3647/731/741 3644/730/741
f 3646/707/741 3648/709/741 3649/732/741
f 3649/732/741 3647/731/741 3646/707/741
f 3651/733/741 3649/732/741 3648/709/741
f 3648/709/741 3650/711/741 3651/733/741
f 3651/733/741 3650/711/741 3652/712/741
f 3652/712/741 3653/734/741 3651/733/741
f 3652/712/741 3654/715/741 3655/735/741
f 3655/735/741 3653/734/741 3652/712/741
f 3655/735/741 3654/715/741 3656/717/741
f 3656/717/741 3657/736/741 3655/735/741
f 3657/736/741 3656/717/741 3622/683/741
f 3622/683/741 3625/719/741 3657/736/741
f 3661/737/742 3658/719/742 3659/720/742
f 3659/720/742 3660/738/742 3661/737/742
f 3665/739/2621 3662/738/2621 3663/720/2621
f 3663/720/2621 3664/721/2621 3665/739/2621
f 3669/721/2622 3666/722/2622 3667/740/2622
f 3667/740/2622 3668/739/2622 3669/721/2622
f 3673/723/744 3670/741/744 3671/740/744
f 3671/740/744 3672/722/744 3673/723/744
f 3677/742/745 3674/741/745 3675/723/745
f 3675/723/745 3676/724/745 3677/742/745
f 3681/743/746 3678/742/746 3679/724/746
f 3679/724/746 3680/725/746 3681/743/746
f 3685/725/747 3682/726/747 3683/744/747
f 3683/744/747 3684/743/747 3685/725/747
f 3689/726/176 3686/727/176 3687/745/176
f 3687/745/176 3688/744/176 3689/726/176
f 3693/745/748 3690/727/748 3691/728/748
f 3691/728/748 3692/746/748 3693/745/748
f 3697/729/749 3694/747/749 3695/746/749
f 3695/746/749 3696/728/749 3697/729/749
f 3701/748/751 3698/747/751 3699/729/751
f 3699/729/751 3700/730/751 3701/748/751
f 3705/731/752 3702/749/752 3703/748/752
f 3703/748/752 3704/730/752 3705/731/752
f 3709/749/753 3706/731/753 3707/732/753
f 3707/732/753 3708/750/753 3709/749/753
f 3713/733/159 3710/751/159 3711/750/159
f 3711/750/159 3712/732/159 3713/733/159
f 3717/734/754 3714/752/754 3715/751/754
f 3715/751/754 3716/733/754 3717/734/754
s 1
f 3721/753/2623 3718/752/2623 3719/734/2623
s 0
f 3719/734/2623 3720/735/2623 3721/753/2623
f 3725/736/2241 3722/754/2241 3723/753/2241
f 3723/753/2241 3724/735/2241 3725/736/2241
f 3729/719/758 3726/737/758 3727/754/758
f 3727/754/758 3728/736/758 3729/719/758
f 3617/708/740 3605/718/740 3619/710/740
s 1
f 3733/755/759 3730/756/759 3731/757/741
f 3731/757/741 3732/758/741 3733/755/759
f 3737/759/740 3734/760/740 3735/761/760
f 3735/761/760 3736/762/2624 3737/759/740
f 3730/756/759 3733/755/759 3736/762/2624
f 3736/762/2624 3735/761/760 3730/756/759
s 0
f 3741/763/761 3738/764/761 3739/765/761
f 3739/765/761 3740/766/761 3741/763/761
f 3745/763/762 3742/766/762 3743/767/762
f 3743/767/762 3744/768/762 3745/763/762
f 3749/769/763 3746/770/763 3747/765/763
f 3747/765/763 3748/764/763 3749/769/763
f 3753/771/761 3750/758/761 3751/757/761
f 3751/757/761 3752/772/761 3753/771/761
f 3757/773/764 3754/757/764 3755/756/764
s 1
f 3755/756/765 3756/774/765 3757/773/765
f 3761/774/767 3758/756/767 3759/761/767
f 3759/761/767 3760/775/767 3761/774/767
s 0
f 3765/761/764 3762/760/764 3763/776/764
s 1
f 3763/776/764 3764/775/764 3765/761/764
s 0
f 3769/777/761 3766/760/761 3767/759/761
f 3767/759/761 3768/778/761 3769/777/761
s 1
f 3773/762/2625 3770/779/2625 3771/780/2625
s 0
f 3771/780/773 3772/759/773 3773/762/773
s 1
f 3777/779/773 3774/762/773 3775/755/773
f 3775/755/773 3776/781/773 3777/779/773
s 0
f 3781/755/773 3778/758/773 3779/782/773
s 1
f 3779/782/2626 3780/781/2626 3781/755/2626
s 0
f 3785/772/740 3782/783/740 3783/784/740
f 3783/784/740 3784/771/740 3785/772/740
f 3789/773/740 3786/774/740 3787/785/740
f 3787/785/740 3788/786/740 3789/773/740
s 1
f 3793/774/761 3790/775/761 3791/787/761
f 3791/787/761 3792/785/761 3793/774/761
s 0
f 3797/787/741 3794/775/741 3795/776/741
f 3795/776/741 3796/788/741 3797/787/741
f 3801/789/741 3798/790/741 3799/777/741
f 3799/777/741 3800/778/741 3801/789/741
f 3805/780/741 3802/779/741 3803/791/741
f 3803/791/741 3804/792/741 3805/780/741
f 3809/781/2627 3806/793/2627 3807/791/2627
s 1
f 3807/791/761 3808/779/761 3809/781/761
s 0
f 3813/782/740 3810/794/740 3811/793/740
f 3811/793/740 3812/781/740 3813/782/740
s 1
f 3817/795/777 3814/796/777 3815/797/741
f 3815/797/741 3816/798/741 3817/795/777
f 3821/799/740 3818/800/740 3819/801/779
f 3819/801/779 3820/802/779 3821/799/740
f 3814/796/777 3817/795/777 3820/802/779
f 3820/802/779 3819/801/779 3814/796/777
s 0
f 3825/803/780 3822/804/780 3823/805/780
f 3823/805/780 3824/806/780 3825/803/780
f 3829/803/781 3826/806/781 3827/807/781
f 3827/807/781 3828/808/781 3829/803/781
f 3833/809/782 3830/810/782 3831/805/782
f 3831/805/782 3832/804/782 3833/809/782
f 3837/811/780 3834/798/780 3835/797/780
f 3835/797/780 3836/812/780 3837/811/780
f 3841/813/783 3838/797/783 3839/796/783
s 1
f 3839/796/2628 3840/814/2628 3841/813/2628
f 3845/814/783 3842/796/783 3843/801/783
f 3843/801/783 3844/815/783 3845/814/783
s 0
f 3849/801/783 3846/800/783 3847/816/783
s 1
f 3847/816/784 3848/815/784 3849/801/784
s 0
f 3853/817/780 3850/800/780 3851/799/780
f 3851/799/780 3852/818/780 3853/817/780
s 1
f 3857/802/790 3854/819/790 3855/820/790
s 0
f 3855/820/790 3856/799/790 3857/802/790
s 1
f 3861/819/789 3858/802/789 3859/795/790
f 3859/795/790 3860/821/790 3861/819/789
s 0
f 3865/795/790 3862/798/790 3863/822/790
s 1
f 3863/822/790 3864/821/790 3865/795/790
s 0
f 3869/812/740 3866/823/740 3867/824/740
f 3867/824/740 3868/811/740 3869/812/740
f 3873/813/740 3870/814/740 3871/825/740
f 3871/825/740 3872/826/740 3873/813/740
f 3877/814/792 3874/815/792 3875/827/792
f 3875/827/792 3876/825/792 3877/814/792
f 3881/827/741 3878/815/741 3879/816/741
f 3879/816/741 3880/828/741 3881/827/741
f 3885/829/741 3882/830/741 3883/817/741
f 3883/817/741 3884/818/741 3885/829/741
f 3889/820/741 3886/819/741 3887/831/741
f 3887/831/741 3888/832/741 3889/820/741
f 3893/821/792 3890/833/792 3891/831/792
f 3891/831/792 3892/819/792 3893/821/792
f 3897/822/740 3894/834/740 3895/833/740
f 3895/833/740 3896/821/740 3897/822/740
f 3901/1709/740 3898/1710/740 3899/1711/740
f 3899/1711/740 3900/1712/740 3901/1709/740
f 3905/1713/1723 3902/1714/1723 3903/1715/1723
f 3903/1715/1723 3904/1716/1723 3905/1713/1723
f 3909/1717/1724 3906/1715/1724 3907/1714/1724
f 3907/1714/1724 3908/1718/1724 3909/1717/1724
f 3913/1719/1725 3910/1720/1725 3911/1721/1725
f 3911/1721/1725 3912/1722/1725 3913/1719/1725
f 3917/1723/1726 3914/1724/1726 3915/1725/1726
f 3915/1725/1726 3916/1726/1726 3917/1723/1726
f 3921/1715/1728 3918/1709/1728 3919/1712/1728
f 3919/1712/1728 3920/1716/1728 3921/1715/1728
f 3925/1709/2629 3922/1715/2629 3923/1717/2629
f 3923/1717/2630 3924/1710/2630 3925/1709/2630
s 1
f 3929/1727/2631 3926/1728/2632 3927/1721/2632
f 3927/1721/2632 3928/1720/2631 3929/1727/2631
s 0
f 3933/1726/2633 3930/1729/2633 3931/1730/2633
f 3931/1730/1733 3932/1723/1733 3933/1726/1733
f 3937/1731/1734 3934/1732/1734 3935/1725/1734
f 3935/1725/2634 3936/1724/2634 3937/1731/2634
f 3938/1714/165 3939/1733/165 3940/1718/165
f 3938/1714/1736 3941/1734/1736 3939/1733/1736
s 1
f 3945/1735/1737 3942/1736/1737 3943/1737/1738
f 3943/1737/1738 3944/1738/2635 3945/1735/1737
s 0
f 3946/1739/745 3947/1737/745 3948/1736/745
f 3952/1740/1740 3949/1741/1740 3950/1742/1740
f 3950/1742/1740 3951/1743/1740 3952/1740/1740
f 3956/1744/2636 3953/1745/2636 3954/1746/2636
f 3954/1746/1742 3955/1747/1742 3956/1744/1742
f 3960/1748/1743 3957/1749/1743 3958/1750/1743
f 3958/1750/1743 3959/1751/1743 3960/1748/1743
f 3964/1741/2637 3961/1750/2637 3962/1749/2637
f 3962/1749/2637 3963/1742/2637 3964/1741/2637
f 3968/1752/2638 3965/1744/2638 3966/1747/2638
f 3966/1747/2639 3967/1753/2639 3968/1752/2639
f 3972/1751/1746 3969/1750/1746 3970/1754/1746
f 3970/1754/1746 3971/1755/1746 3972/1751/1746
f 3973/1741/2640 3974/1756/2640 3975/1750/2640
f 3976/1750/2640 3977/1756/2640 3978/1754/2640
f 3982/1755/745 3979/1754/745 3980/1756/745
f 3980/1756/745 3981/1757/745 3982/1755/745
f 3986/1744/1748 3983/1758/1748 3984/1759/1748
f 3984/1759/1748 3985/1760/1748 3986/1744/1748
f 3990/1741/1748 3987/1740/1748 3988/1761/1748
f 3988/1761/1748 3989/1739/1748 3990/1741/1748
f 3991/1757/165 3992/1762/165 3993/1763/165
f 3997/1758/1749 3994/1744/1749 3995/1752/1749
f 3995/1752/165 3996/1764/165 3997/1758/165
f 4001/1736/740 3998/1765/740 3999/1757/740
f 3999/1757/740 4000/1756/740 4001/1736/740
f 3999/1757/740 3998/1765/740 4002/1762/740
f 4006/1736/135 4003/1756/135 4004/1741/135
f 4004/1741/1750 4005/1739/1750 4006/1736/1750
s 1
f 4010/1766/1751 4007/1763/1751 4008/1762/1751
f 4008/1762/1751 4009/1765/2641 4010/1766/1751
s 0
f 4011/1767/165 4012/1758/165 4013/1764/165
f 4014/1758/1753 4015/1767/1753 4016/1768/1753
f 4020/1766/2642 4017/1769/2642 4018/1770/2642
f 4018/1770/2643 4019/1763/2643 4020/1766/2643
f 4024/1771/1756 4021/1772/1756 4022/1773/1756
f 4022/1773/1756 4023/1774/1756 4024/1771/1756
f 4028/1759/741 4025/1758/741 4026/1768/741
f 4026/1768/1758 4027/1772/1758 4028/1759/1758
f 4029/1771/1759 4030/1759/1759 4031/1772/1759
s 1
f 4035/1719/1760 4032/1768/1760 4033/1775/1760
f 4033/1775/1760 4034/1776/1760 4035/1719/1760
f 4039/1777/1761 4036/1769/2644 4037/1778/1761
f 4037/1778/1761 4038/1779/1761 4039/1777/1761
s 0
f 4043/1772/1762 4040/1722/1762 4041/1780/1762
f 4041/1780/1762 4042/1773/1762 4043/1772/1762
f 4044/1760/741 4045/1759/741 4046/1771/741
s 1
f 4047/1760/2645 4048/1771/2645 4049/1774/2645
f 4050/1767/2646 4051/1775/2646 4052/1768/2646
f 4053/1769/2647 4054/1777/2647 4055/1770/2647
s 0
f 4059/1732/1766 4056/1731/1766 4057/1733/1766
f 4057/1733/1767 4058/1734/1767 4059/1732/1767
f 4063/1768/139 4060/1719/139 4061/1722/139
f 4061/1722/139 4062/1772/139 4063/1768/139
s 1
f 4067/1923/1901 4064/1924/1901 4065/1925/2648
f 4065/1925/2648 4066/1926/2649 4067/1923/1901
f 4065/1925/2648 4068/1927/1904 4069/1928/1904
f 4069/1928/1904 4066/1926/2649 4065/1925/2648
f 4071/1929/2650 4069/1928/1904 4068/1927/1904
f 4068/1927/1904 4070/1930/2651 4071/1929/2650
f 4073/1931/2652 4072/1932/2652 4071/1929/2650
f 4071/1929/2650 4070/1930/2651 4073/1931/2652
f 4072/1932/2652 4073/1931/2652 4074/1933/1907
f 4074/1933/1907 4075/1934/1907 4072/1932/2652
f 4077/1935/2653 4075/1934/1907 4074/1933/1907
f 4074/1933/1907 4076/1936/2654 4077/1935/2653
f 4076/1936/2654 4078/1937/2655 4079/1938/2656
f 4079/1938/2656 4077/1935/2653 4076/1936/2654
f 4078/1937/2655 4080/1939/1911 4081/1940/1911
f 4081/1940/1911 4079/1938/2656 4078/1937/2655
f 4080/1939/1911 4082/1941/1912 4083/1942/1912
f 4083/1942/1912 4081/1940/1911 4080/1939/1911
f 4085/1943/2657 4083/1942/1912 4082/1941/1912
f 4082/1941/1912 4084/1944/2657 4085/1943/2657
f 4087/1945/2658 4085/1943/2657 4084/1944/2657
f 4084/1944/2657 4086/1946/2659 4087/1945/2658
f 4087/1945/2658 4086/1946/2659 4088/1947/1916
f 4088/1947/1916 4089/1948/1916 4087/1945/2658
f 4089/1948/1916 4088/1947/1916 4090/1949/2660
f 4090/1949/2660 4091/1950/2660 4089/1948/1916
f 4091/1950/2660 4090/1949/2660 4092/1951/2661
f 4092/1951/2661 4093/1952/2661 4091/1950/2660
f 4095/1953/1919 4094/1954/1919 4093/1952/2661
f 4093/1952/2661 4092/1951/2661 4095/1953/1919
f 4095/1953/1919 4096/1955/2662 4097/1956/2662
f 4097/1956/2662 4094/1954/1919 4095/1953/1919
f 4096/1955/2662 4098/1957/1921 4099/1958/1921
f 4099/1958/1921 4097/1956/2662 4096/1955/2662
f 4101/1959/1923 4099/1958/1921 4098/1957/1921
f 4098/1957/1921 4100/1960/1923 4101/1959/1923
f 4100/1960/1923 4102/1961/1924 4103/1962/1924
f 4103/1962/1924 4101/1959/1923 4100/1960/1923
f 4102/1961/1924 4104/1963/2663 4105/1964/2663
f 4105/1964/2663 4103/1962/1924 4102/1961/1924
f 4104/1963/2663 4106/1965/2664 4107/1966/2664
f 4107/1966/2664 4105/1964/2663 4104/1963/2663
f 4106/1965/2664 4108/1967/1928 4109/1968/2665
f 4109/1968/2665 4107/1966/2664 4106/1965/2664
f 4111/1969/2666 4109/1968/2665 4108/1967/1928
f 4108/1967/1928 4110/1970/2666 4111/1969/2666
f 4110/1970/2666 4112/1971/1930 4113/1972/1930
f 4113/1972/1930 4111/1969/2666 4110/1970/2666
f 4117/1973/1930 4114/1974/1931 4115/1975/1931
f 4115/1975/1931 4116/1976/1930 4117/1973/1930
f 4119/1977/2667 4115/1975/1931 4114/1974/1931
f 4114/1974/1931 4118/1978/1932 4119/1977/2667
f 4119/1977/2667 4118/1978/1932 4120/1979/2668
f 4120/1979/2668 4121/1980/2668 4119/1977/2667
f 4123/1981/2669 4122/1982/2669 4121/1980/2668
f 4121/1980/2668 4120/1979/2668 4123/1981/2669
f 4125/1983/2670 4124/1984/2670 4122/1982/2669
f 4122/1982/2669 4123/1981/2669 4125/1983/2670
f 4124/1984/2670 4125/1983/2670 4126/1985/1936
f 4126/1985/1936 4127/1986/1936 4124/1984/2670
f 4129/1987/1937 4128/1988/1937 4127/1986/1936
f 4127/1986/1936 4126/1985/1936 4129/1987/1937
f 4129/1987/1937 4064/1924/1901 4067/1923/1901
f 4067/1923/1901 4128/1988/1937 4129/1987/1937
f 4133/1989/2671 4130/1990/2672 4131/1991/2673
f 4131/1991/2673 4132/1992/2674 4133/1989/2671
f 4131/1991/2673 4134/1993/2675 4135/1994/2676
f 4135/1994/2676 4132/1992/2674 4131/1991/2673
f 4137/1995/1944 4135/1994/2676 4134/1993/2675
f 4134/1993/2675 4136/1996/2677 4137/1995/1944
f 4139/1997/2678 4138/1998/2679 4137/1995/1944
f 4137/1995/1944 4136/1996/2677 4139/1997/2678
f 4138/1998/2679 4139/1997/2678 4140/1999/2680
f 4140/1999/2680 4141/2000/2681 4138/1998/2679
f 4143/2001/2682 4141/2000/2681 4140/1999/2680
f 4140/1999/2680 4142/2002/2683 4143/2001/2682
f 4143/2001/2682 4142/2002/2683 4144/2003/2684
f 4144/2003/2684 4145/2004/2685 4143/2001/2682
f 4132/1992/2674 4146/2005/2686 4147/2006/2687
f 4147/2006/2687 4133/1989/2671 4132/1992/2674
f 4146/2005/2686 4132/1992/2674 4135/1994/2676
f 4135/1994/2676 4148/2007/2688 4146/2005/2686
f 4137/1995/1944 4149/2008/2689 4148/2007/2688
f 4148/2007/2688 4135/1994/2676 4137/1995/1944
f 4137/1995/1944 4138/1998/2679 4150/2009/1958
f 4150/2009/1958 4149/2008/2689 4137/1995/1944
f 4138/1998/2679 4141/2000/2681 4151/2010/1959
f 4151/2010/1959 4150/2009/1958 4138/1998/2679
f 4152/2011/2690 4151/2010/1959 4141/2000/2681
f 4141/2000/2681 4143/2001/2682 4152/2011/2690
f 4153/2012/2691 4152/2011/2690 4143/2001/2682
f 4143/2001/2682 4145/2004/2685 4153/2012/2691
f 4155/2013/2692 4147/2006/2687 4146/2005/2686
f 4146/2005/2686 4154/2014/2693 4155/2013/2692
f 4148/2007/2688 4156/2015/2694 4154/2014/2693
f 4154/2014/2693 4146/2005/2686 4148/2007/2688
f 4157/2016/2695 4156/2015/2694 4148/2007/2688
f 4148/2007/2688 4149/2008/2689 4157/2016/2695
f 4149/2008/2689 4150/2009/1958 4158/2017/2696
f 4158/2017/2696 4157/2016/2695 4149/2008/2689
f 4158/2017/2696 4150/2009/1958 4151/2010/1959
f 4151/2010/1959 4159/2018/2697 4158/2017/2696
f 4160/2019/2698 4159/2018/2697 4151/2010/1959
f 4151/2010/1959 4152/2011/2690 4160/2019/2698
f 4153/2012/2691 4161/2020/2699 4160/2019/2698
f 4160/2019/2698 4152/2011/2690 4153/2012/2691
f 4165/2021/2700 4162/2022/2701 4163/2023/2702
f 4163/2023/2702 4164/2024/2703 4165/2021/2700
f 4163/2023/2702 4166/2025/2704 4167/2026/2705
f 4167/2026/2705 4164/2024/2703 4163/2023/2702
f 4169/2027/2706 4168/2028/2707 4167/2026/2705
f 4167/2026/2705 4166/2025/2704 4169/2027/2706
f 4171/2029/2708 4168/2028/2707 4169/2027/2706
f 4169/2027/2706 4170/2030/2709 4171/2029/2708
f 4173/2031/1980 4171/2029/2708 4170/2030/2709
f 4170/2030/2709 4172/2032/2710 4173/2031/1980
f 4172/2032/2710 4174/2033/2711 4175/2034/2712
f 4175/2034/2712 4173/2031/1980 4172/2032/2710
f 4174/2033/2711 4176/2035/2713 4177/2036/2714
f 4177/2036/2714 4175/2034/2712 4174/2033/2711
f 4164/2024/2703 4178/2037/2715 4179/2038/2716
f 4179/2038/2716 4165/2021/2700 4164/2024/2703
f 4178/2037/2715 4164/2024/2703 4167/2026/2705
f 4167/2026/2705 4180/2039/2717 4178/2037/2715
f 4181/2040/2718 4180/2039/2717 4167/2026/2705
f 4167/2026/2705 4168/2028/2707 4181/2040/2718
f 4181/2040/2718 4168/2028/2707 4171/2029/2708
f 4171/2029/2708 4182/2041/2719 4181/2040/2718
f 4182/2041/2719 4171/2029/2708 4173/2031/1980
f 4173/2031/1980 4183/2042/2720 4182/2041/2719
f 4184/2043/2721 4183/2042/2720 4173/2031/1980
f 4173/2031/1980 4175/2034/2712 4184/2043/2721
f 4184/2043/2721 4175/2034/2712 4177/2036/2714
f 4177/2036/2714 4185/2044/2722 4184/2043/2721
f 4179/2038/2716 4178/2037/2715 4186/2045/2723
f 4186/2045/2723 4187/2046/2724 4179/2038/2716
f 4188/2047/2725 4186/2045/2723 4178/2037/2715
f 4178/2037/2715 4180/2039/2717 4188/2047/2725
f 4189/2048/2726 4188/2047/2725 4180/2039/2717
f 4180/2039/2717 4181/2040/2718 4189/2048/2726
f 4190/2049/2727 4189/2048/2726 4181/2040/2718
f 4181/2040/2718 4182/2041/2719 4190/2049/2727
f 4183/2042/2720 4191/2050/2728 4190/2049/2727
f 4190/2049/2727 4182/2041/2719 4183/2042/2720
f 4192/2051/2729 4191/2050/2728 4183/2042/2720
f 4183/2042/2720 4184/2043/2721 4192/2051/2729
f 4185/2044/2722 4193/2052/2730 4192/2051/2729
f 4192/2051/2729 4184/2043/2721 4185/2044/2722
f 4197/2053/2731 4194/2054/2732 4195/2055/2733
f 4195/2055/2733 4196/2056/2734 4197/2053/2731
f 4199/2057/2735 4196/2056/2734 4195/2055/2733
f 4195/2055/2733 4198/2058/2736 4199/2057/2735
f 4201/2059/2737 4200/2060/2738 4199/2057/2735
f 4199/2057/2735 4198/2058/2736 4201/2059/2737
f 4203/2061/2010 4200/2060/2738 4201/2059/2737
f 4201/2059/2737 4202/2062/2739 4203/2061/2010
f 4202/2062/2739 4204/2063/2740 4205/2064/2013
f 4205/2064/2013 4203/2061/2010 4202/2062/2739
f 4205/2064/2013 4204/2063/2740 4206/2065/2741
f 4206/2065/2741 4207/2066/2742 4205/2064/2013
f 4207/2066/2742 4206/2065/2741 4208/2067/2743
f 4208/2067/2743 4209/2068/2722 4207/2066/2742
f 4196/2056/2734 4210/2069/2744 4211/2070/2745
f 4211/2070/2745 4197/2053/2731 4196/2056/2734
f 4199/2057/2735 4212/2071/2746 4210/2069/2744
f 4210/2069/2744 4196/2056/2734 4199/2057/2735
f 4213/2072/2747 4212/2071/2746 4199/2057/2735
f 4199/2057/2735 4200/2060/2738 4213/2072/2747
f 4200/2060/2738 4203/2061/2010 4214/2073/2022
f 4214/2073/2022 4213/2072/2747 4200/2060/2738
f 4205/2064/2013 4215/2074/2748 4214/2073/2022
f 4214/2073/2022 4203/2061/2010 4205/2064/2013
f 4215/2074/2748 4205/2064/2013 4207/2066/2742
f 4207/2066/2742 4216/2075/2749 4215/2074/2748
f 4216/2075/2749 4207/2066/2742 4209/2068/2722
f 4209/2068/2722 4217/2076/2750 4216/2075/2749
f 4211/2070/2745 4210/2069/2744 4218/2077/2751
f 4218/2077/2751 4219/2078/2752 4211/2070/2745
f 4218/2077/2751 4210/2069/2744 4212/2071/2746
f 4212/2071/2746 4220/2079/2753 4218/2077/2751
f 4220/2079/2753 4212/2071/2746 4213/2072/2747
f 4213/2072/2747 4221/2080/2754 4220/2079/2753
f 4214/2073/2022 4222/2081/2755 4221/2080/2754
f 4221/2080/2754 4213/2072/2747 4214/2073/2022
f 4223/2082/2756 4222/2081/2755 4214/2073/2022
f 4214/2073/2022 4215/2074/2748 4223/2082/2756
f 4224/2083/2757 4223/2082/2756 4215/2074/2748
f 4215/2074/2748 4216/2075/2749 4224/2083/2757
f 4216/2075/2749 4217/2076/2750 4225/2084/2758
f 4225/2084/2758 4224/2083/2757 4216/2075/2749
f 4229/2085/2759 4226/2086/2760 4227/2087/2761
f 4227/2087/2761 4228/2088/2762 4229/2085/2759
f 4231/2089/2763 4230/2090/2764 4226/2086/2760
f 4226/2086/2760 4229/2085/2759 4231/2089/2763
f 4233/2091/2765 4230/2090/2764 4231/2089/2763
f 4231/2089/2763 4232/2092/2766 4233/2091/2765
f 4235/2093/2767 4234/2094/2768 4233/2091/2765
f 4233/2091/2765 4232/2092/2766 4235/2093/2767
f 4235/2093/2767 4236/2095/2769 4237/2096/2770
f 4237/2096/2770 4234/2094/2768 4235/2093/2767
f 4236/2095/2769 4238/2097/2771 4239/2098/2772
f 4239/2098/2772 4237/2096/2770 4236/2095/2769
f 4239/2098/2772 4238/2097/2771 4240/2099/2773
f 4240/2099/2773 4241/2100/2774 4239/2098/2772
f 4227/2087/2761 4226/2086/2760 4242/2101/2775
f 4242/2101/2775 4243/2102/2776 4227/2087/2761
f 4244/2103/2777 4242/2101/2775 4226/2086/2760
f 4226/2086/2760 4230/2090/2764 4244/2103/2777
f 4230/2090/2764 4233/2091/2765 4245/2104/2778
f 4245/2104/2778 4244/2103/2777 4230/2090/2764
f 4246/2105/2779 4245/2104/2778 4233/2091/2765
f 4233/2091/2765 4234/2094/2768 4246/2105/2779
f 4237/2096/2770 4247/2106/2780 4246/2105/2779
f 4246/2105/2779 4234/2094/2768 4237/2096/2770
f 4247/2106/2780 4237/2096/2770 4239/2098/2772
f 4239/2098/2772 4248/2107/2781 4247/2106/2780
f 4249/2108/2782 4248/2107/2781 4239/2098/2772
f 4239/2098/2772 4241/2100/2774 4249/2108/2782
f 4243/2102/2776 4242/2101/2775 4250/2109/2783
f 4250/2109/2783 4251/2110/2784 4243/2102/2776
f 4244/2103/2777 4252/2111/2785 4250/2109/2783
f 4250/2109/2783 4242/2101/2775 4244/2103/2777
f 4245/2104/2778 4253/2112/2786 4252/2111/2785
f 4252/2111/2785 4244/2103/2777 4245/2104/2778
f 4246/2105/2779 4254/2113/2787 4253/2112/2786
f 4253/2112/2786 4245/2104/2778 4246/2105/2779
f 4247/2106/2780 4255/2114/2788 4254/2113/2787
f 4254/2113/2787 4246/2105/2779 4247/2106/2780
f 4255/2114/2788 4247/2106/2780 4248/2107/2781
f 4248/2107/2781 4256/2115/2789 4255/2114/2788
f 4249/2108/2782 4257/2116/2790 4256/2115/2789
f 4256/2115/2789 4248/2107/2781 4249/2108/2782
f 4261/2117/2791 4258/2118/2792 4259/2119/2793
f 4259/2119/2793 4260/2120/2794 4261/2117/2791
f 4263/2121/2795 4260/2120/2794 4259/2119/2793
f 4259/2119/2793 4262/2122/2796 4263/2121/2795
f 4263/2121/2795 4262/2122/2796 4264/2123/2797
f 4264/2123/2797 4265/2124/2798 4263/2121/2795
f 4265/2124/2798 4264/2123/2797 4266/2125/2799
f 4266/2125/2799 4267/2126/2075 4265/2124/2798
f 4267/2126/2075 4266/2125/2799 4268/2127/2800
f 4268/2127/2800 4269/2128/2077 4267/2126/2075
f 4269/2128/2077 4268/2127/2800 4270/2129/2801
f 4270/2129/2801 4271/2130/2802 4269/2128/2077
f 4271/2130/2802 4270/2129/2801 4272/2131/2803
f 4272/2131/2803 4273/2132/2804 4271/2130/2802
f 4261/2117/2791 4260/2120/2794 4274/2133/2805
f 4274/2133/2805 4275/2134/2806 4261/2117/2791
f 4260/2120/2794 4263/2121/2795 4276/2135/2807
f 4276/2135/2807 4274/2133/2805 4260/2120/2794
f 4263/2121/2795 4265/2124/2798 4277/2136/2808
f 4277/2136/2808 4276/2135/2807 4263/2121/2795
f 4267/2126/2075 4278/2137/2086 4277/2136/2808
f 4277/2136/2808 4265/2124/2798 4267/2126/2075
f 4278/2137/2086 4267/2126/2075 4269/2128/2077
f 4269/2128/2077 4279/2138/2087 4278/2137/2086
f 4271/2130/2802 4280/2139/2809 4279/2138/2087
f 4279/2138/2087 4269/2128/2077 4271/2130/2802
f 4280/2139/2809 4271/2130/2802 4273/2132/2804
f 4273/2132/2804 4281/2140/2685 4280/2139/2809
f 4283/2141/2810 4282/2142/2811 4275/2134/2806
f 4275/2134/2806 4274/2133/2805 4283/2141/2810
f 4274/2133/2805 4276/2135/2807 4284/2143/2812
f 4284/2143/2812 4283/2141/2810 4274/2133/2805
f 4285/2144/2813 4284/2143/2812 4276/2135/2807
f 4276/2135/2807 4277/2136/2808 4285/2144/2813
f 4278/2137/2086 4286/2145/2814 4285/2144/2813
f 4285/2144/2813 4277/2136/2808 4278/2137/2086
f 4279/2138/2087 4287/2146/2815 4286/2145/2814
f 4286/2145/2814 4278/2137/2086 4279/2138/2087
f 4287/2146/2815 4279/2138/2087 4280/2139/2809
f 4280/2139/2809 4288/2147/2816 4287/2146/2815
f 4288/2147/2816 4280/2139/2809 4281/2140/2685
f 4281/2140/2685 4289/2148/2817 4288/2147/2816
f 4293/2149/2818 4290/2150/2819 4291/2151/2820
f 4291/2151/2820 4292/2152/2821 4293/2149/2818
f 4293/2149/2818 4131/1991/2673 4130/1990/2672
f 4130/1990/2672 4290/2150/2819 4293/2149/2818
f 4295/2153/2822 4294/2154/2823 4293/2149/2818
f 4293/2149/2818 4292/2152/2821 4295/2153/2822
f 4294/2154/2823 4134/1993/2675 4131/1991/2673
f 4131/1991/2673 4293/2149/2818 4294/2154/2823
f 4297/2155/2824 4296/2156/2825 4294/2154/2823
f 4294/2154/2823 4295/2153/2822 4297/2155/2824
f 4136/1996/2677 4134/1993/2675 4294/2154/2823
f 4294/2154/2823 4296/2156/2825 4136/1996/2677
f 4297/2155/2824 4298/2157/2826 4299/2158/2827
f 4299/2158/2827 4296/2156/2825 4297/2155/2824
f 4136/1996/2677 4296/2156/2825 4299/2158/2827
f 4299/2158/2827 4139/1997/2678 4136/1996/2677
f 4301/2159/2828 4299/2158/2827 4298/2157/2826
f 4298/2157/2826 4300/2160/2829 4301/2159/2828
f 4299/2158/2827 4301/2159/2828 4140/1999/2680
f 4140/1999/2680 4139/1997/2678 4299/2158/2827
f 4303/2161/2830 4302/2162/2831 4301/2159/2828
f 4301/2159/2828 4300/2160/2829 4303/2161/2830
f 4301/2159/2828 4302/2162/2831 4142/2002/2683
f 4142/2002/2683 4140/1999/2680 4301/2159/2828
f 4305/2163/2832 4302/2162/2831 4303/2161/2830
f 4303/2161/2830 4304/2164/2833 4305/2163/2832
f 4302/2162/2831 4305/2163/2832 4144/2003/2684
f 4144/2003/2684 4142/2002/2683 4302/2162/2831
f 4309/2165/2834 4306/2166/2835 4307/2167/2836
f 4307/2167/2836 4308/2168/2837 4309/2165/2834
f 4306/2166/2835 4309/2165/2834 4155/2013/2692
f 4155/2013/2692 4154/2014/2693 4306/2166/2835
f 4310/2169/2838 4306/2166/2835 4154/2014/2693
f 4154/2014/2693 4156/2015/2694 4310/2169/2838
f 4306/2166/2835 4310/2169/2838 4311/2170/2839
f 4311/2170/2839 4307/2167/2836 4306/2166/2835
f 4312/2171/2840 4310/2169/2838 4156/2015/2694
f 4156/2015/2694 4157/2016/2695 4312/2171/2840
f 4310/2169/2838 4312/2171/2840 4313/2172/2841
f 4313/2172/2841 4311/2170/2839 4310/2169/2838
f 4314/2173/2842 4312/2171/2840 4157/2016/2695
f 4157/2016/2695 4158/2017/2696 4314/2173/2842
f 4314/2173/2842 4315/2174/2843 4313/2172/2841
f 4313/2172/2841 4312/2171/2840 4314/2173/2842
f 4314/2173/2842 4158/2017/2696 4159/2018/2697
f 4159/2018/2697 4316/2175/2844 4314/2173/2842
f 4316/2175/2844 4317/2176/2845 4315/2174/2843
f 4315/2174/2843 4314/2173/2842 4316/2175/2844
f 4316/2175/2844 4159/2018/2697 4160/2019/2698
f 4160/2019/2698 4318/2177/2846 4316/2175/2844
f 4318/2177/2846 4319/2178/2847 4317/2176/2845
f 4317/2176/2845 4316/2175/2844 4318/2177/2846
f 4320/2179/2848 4318/2177/2846 4160/2019/2698
f 4160/2019/2698 4161/2020/2699 4320/2179/2848
f 4320/2179/2848 4321/2180/2849 4319/2178/2847
f 4319/2178/2847 4318/2177/2846 4320/2179/2848
f 4325/2181/2850 4322/2182/2851 4323/2183/2852
f 4323/2183/2852 4324/2184/2853 4325/2181/2850
f 4187/2046/2724 4186/2045/2723 4322/2182/2851
f 4322/2182/2851 4325/2181/2850 4187/2046/2724
f 4188/2047/2725 4326/2185/2854 4322/2182/2851
f 4322/2182/2851 4186/2045/2723 4188/2047/2725
f 4323/2183/2852 4322/2182/2851 4326/2185/2854
f 4326/2185/2854 4327/2186/2855 4323/2183/2852
f 4326/2185/2854 4188/2047/2725 4189/2048/2726
f 4189/2048/2726 4328/2187/2856 4326/2185/2854
f 4327/2186/2855 4326/2185/2854 4328/2187/2856
f 4328/2187/2856 4329/2188/2857 4327/2186/2855
f 4190/2049/2727 4330/2189/2858 4328/2187/2856
f 4328/2187/2856 4189/2048/2726 4190/2049/2727
f 4329/2188/2857 4328/2187/2856 4330/2189/2858
f 4330/2189/2858 4331/2190/2859 4329/2188/2857
f 4332/2191/2860 4330/2189/2858 4190/2049/2727
f 4190/2049/2727 4191/2050/2728 4332/2191/2860
f 4331/2190/2859 4330/2189/2858 4332/2191/2860
f 4332/2191/2860 4333/2192/2861 4331/2190/2859
f 4191/2050/2728 4192/2051/2729 4334/2193/2862
f 4334/2193/2862 4332/2191/2860 4191/2050/2728
f 4332/2191/2860 4334/2193/2862 4335/2194/2863
f 4335/2194/2863 4333/2192/2861 4332/2191/2860
f 4336/2195/2864 4334/2193/2862 4192/2051/2729
f 4192/2051/2729 4193/2052/2730 4336/2195/2864
f 4335/2194/2863 4334/2193/2862 4336/2195/2864
f 4336/2195/2864 4337/2196/2865 4335/2194/2863
f 4341/2197/2866 4338/2198/2867 4339/2199/2868
f 4339/2199/2868 4340/2200/2869 4341/2197/2866
f 4219/2078/2752 4218/2077/2751 4340/2200/2869
f 4340/2200/2869 4339/2199/2868 4219/2078/2752
f 4218/2077/2751 4220/2079/2753 4342/2201/2870
f 4342/2201/2870 4340/2200/2869 4218/2077/2751
f 4342/2201/2870 4343/2202/2871 4341/2197/2866
f 4341/2197/2866 4340/2200/2869 4342/2201/2870
f 4220/2079/2753 4221/2080/2754 4344/2203/2872
f 4344/2203/2872 4342/2201/2870 4220/2079/2753
f 4344/2203/2872 4345/2204/2873 4343/2202/2871
f 4343/2202/2871 4342/2201/2870 4344/2203/2872
f 4346/2205/2874 4344/2203/2872 4221/2080/2754
f 4221/2080/2754 4222/2081/2755 4346/2205/2874
f 4347/2206/2875 4345/2204/2873 4344/2203/2872
f 4344/2203/2872 4346/2205/2874 4347/2206/2875
f 4346/2205/2874 4222/2081/2755 4223/2082/2756
f 4223/2082/2756 4348/2207/2876 4346/2205/2874
f 4348/2207/2876 4349/2208/2877 4347/2206/2875
f 4347/2206/2875 4346/2205/2874 4348/2207/2876
f 4224/2083/2757 4350/2209/2878 4348/2207/2876
f 4348/2207/2876 4223/2082/2756 4224/2083/2757
f 4349/2208/2877 4348/2207/2876 4350/2209/2878
f 4350/2209/2878 4351/2210/2879 4349/2208/2877
f 4224/2083/2757 4225/2084/2758 4352/2211/2880
f 4352/2211/2880 4350/2209/2878 4224/2083/2757
f 4351/2210/2879 4350/2209/2878 4352/2211/2880
f 4352/2211/2880 4353/2212/2881 4351/2210/2879
f 4357/2213/2882 4354/2214/2883 4355/2215/2884
f 4355/2215/2884 4356/2216/2885 4357/2213/2882
f 4251/2110/2784 4250/2109/2783 4357/2213/2882
f 4357/2213/2882 4356/2216/2885 4251/2110/2784
f 4250/2109/2783 4252/2111/2785 4358/2217/2886
f 4358/2217/2886 4357/2213/2882 4250/2109/2783
f 4357/2213/2882 4358/2217/2886 4359/2218/2887
f 4359/2218/2887 4354/2214/2883 4357/2213/2882
f 4253/2112/2786 4360/2219/2888 4358/2217/2886
f 4358/2217/2886 4252/2111/2785 4253/2112/2786
f 4361/2220/2889 4359/2218/2887 4358/2217/2886
f 4358/2217/2886 4360/2219/2888 4361/2220/2889
f 4360/2219/2888 4253/2112/2786 4254/2113/2787
f 4254/2113/2787 4362/2221/2890 4360/2219/2888
f 4362/2221/2890 4363/2222/2891 4361/2220/2889
f 4361/2220/2889 4360/2219/2888 4362/2221/2890
f 4364/2223/2892 4362/2221/2890 4254/2113/2787
f 4254/2113/2787 4255/2114/2788 4364/2223/2892
f 4363/2222/2891 4362/2221/2890 4364/2223/2892
f 4364/2223/2892 4365/2224/2893 4363/2222/2891
f 4255/2114/2788 4256/2115/2789 4366/2225/2894
f 4366/2225/2894 4364/2223/2892 4255/2114/2788
f 4366/2225/2894 4367/2226/2895 4365/2224/2893
f 4365/2224/2893 4364/2223/2892 4366/2225/2894
f 4256/2115/2789 4257/2116/2790 4368/2227/2896
f 4368/2227/2896 4366/2225/2894 4256/2115/2789
f 4367/2226/2895 4366/2225/2894 4368/2227/2896
f 4368/2227/2896 4369/2228/2897 4367/2226/2895
f 4282/2142/2811 4283/2141/2810 4370/2229/2898
f 4370/2229/2898 4371/2230/2899 4282/2142/2811
f 4371/2230/2899 4370/2229/2898 4372/2231/2900
f 4372/2231/2900 4373/2232/2820 4371/2230/2899
f 4374/2233/2901 4370/2229/2898 4283/2141/2810
f 4283/2141/2810 4284/2143/2812 4374/2233/2901
f 4372/2231/2900 4370/2229/2898 4374/2233/2901
f 4374/2233/2901 4375/2234/2902 4372/2231/2900
f 4285/2144/2813 4376/2235/2903 4374/2233/2901
f 4374/2233/2901 4284/2143/2812 4285/2144/2813
f 4376/2235/2903 4377/2236/2904 4375/2234/2902
f 4375/2234/2902 4374/2233/2901 4376/2235/2903
f 4285/2144/2813 4286/2145/2814 4378/2237/2905
f 4378/2237/2905 4376/2235/2903 4285/2144/2813
f 4378/2237/2905 4379/2238/2906 4377/2236/2904
f 4377/2236/2904 4376/2235/2903 4378/2237/2905
f 4380/2239/2907 4378/2237/2905 4286/2145/2814
f 4286/2145/2814 4287/2146/2815 4380/2239/2907
f 4379/2238/2906 4378/2237/2905 4380/2239/2907
f 4380/2239/2907 4381/2240/2908 4379/2238/2906
f 4287/2146/2815 4288/2147/2816 4382/2241/2909
f 4382/2241/2909 4380/2239/2907 4287/2146/2815
f 4380/2239/2907 4382/2241/2909 4383/2242/2910
f 4383/2242/2910 4381/2240/2908 4380/2239/2907
f 4382/2241/2909 4288/2147/2816 4289/2148/2817
f 4289/2148/2817 4384/2243/2911 4382/2241/2909
f 4382/2241/2909 4384/2243/2911 4385/2244/2833
f 4385/2244/2833 4383/2242/2910 4382/2241/2909
f 4387/2245/2912 4386/2246/2913 4163/2023/2702
f 4163/2023/2702 4162/2022/2701 4387/2245/2912
f 4386/2246/2913 4387/2245/2912 4388/2247/2914
f 4388/2247/2914 4389/2248/2915 4386/2246/2913
f 4391/2249/2916 4386/2246/2913 4389/2248/2915
f 4389/2248/2915 4390/2250/2839 4391/2249/2916
f 4386/2246/2913 4391/2249/2916 4166/2025/2704
f 4166/2025/2704 4163/2023/2702 4386/2246/2913
f 4393/2251/2917 4392/2252/2918 4391/2249/2916
f 4391/2249/2916 4390/2250/2839 4393/2251/2917
f 4392/2252/2918 4169/2027/2706 4166/2025/2704
f 4166/2025/2704 4391/2249/2916 4392/2252/2918
f 4393/2251/2917 4394/2253/2843 4395/2254/2919
f 4395/2254/2919 4392/2252/2918 4393/2251/2917
f 4169/2027/2706 4392/2252/2918 4395/2254/2919
f 4395/2254/2919 4170/2030/2709 4169/2027/2706
f 4397/2255/2920 4395/2254/2919 4394/2253/2843
f 4394/2253/2843 4396/2256/2921 4397/2255/2920
f 4395/2254/2919 4397/2255/2920 4172/2032/2710
f 4172/2032/2710 4170/2030/2709 4395/2254/2919
f 4399/2257/2922 4397/2255/2920 4396/2256/2921
f 4396/2256/2921 4398/2258/2923 4399/2257/2922
f 4397/2255/2920 4399/2257/2922 4174/2033/2711
f 4174/2033/2711 4172/2032/2710 4397/2255/2920
f 4401/2259/2924 4399/2257/2922 4398/2258/2923
f 4398/2258/2923 4400/2260/2925 4401/2259/2924
f 4399/2257/2922 4401/2259/2924 4176/2035/2713
f 4176/2035/2713 4174/2033/2711 4399/2257/2922
f 4403/2261/2926 4402/2262/2202 4195/2055/2733
f 4195/2055/2733 4194/2054/2732 4403/2261/2926
f 4405/2263/2927 4402/2262/2202 4403/2261/2926
f 4403/2261/2926 4404/2264/2928 4405/2263/2927
f 4402/2262/2202 4405/2263/2927 4406/2265/2855
f 4406/2265/2855 4407/2266/2929 4402/2262/2202
f 4402/2262/2202 4407/2266/2929 4198/2058/2736
f 4198/2058/2736 4195/2055/2733 4402/2262/2202
f 4409/2267/2930 4407/2266/2929 4406/2265/2855
f 4406/2265/2855 4408/2268/2931 4409/2267/2930
f 4407/2266/2929 4409/2267/2930 4201/2059/2737
f 4201/2059/2737 4198/2058/2736 4407/2266/2929
f 4411/2269/2932 4409/2267/2930 4408/2268/2931
f 4408/2268/2931 4410/2270/2859 4411/2269/2932
f 4409/2267/2930 4411/2269/2932 4202/2062/2739
f 4202/2062/2739 4201/2059/2737 4409/2267/2930
f 4413/2271/2933 4411/2269/2932 4410/2270/2859
f 4410/2270/2859 4412/2272/2934 4413/2271/2933
f 4411/2269/2932 4413/2271/2933 4204/2063/2740
f 4204/2063/2740 4202/2062/2739 4411/2269/2932
f 4415/2273/2935 4413/2271/2933 4412/2272/2934
f 4412/2272/2934 4414/2274/2936 4415/2273/2935
f 4413/2271/2933 4415/2273/2935 4206/2065/2741
f 4206/2065/2741 4204/2063/2740 4413/2271/2933
f 4417/2275/2937 4416/2276/2938 4415/2273/2935
f 4415/2273/2935 4414/2274/2936 4417/2275/2937
f 4206/2065/2741 4415/2273/2935 4416/2276/2938
f 4416/2276/2938 4208/2067/2743 4206/2065/2741
f 4228/2088/2762 4418/2277/2939 4419/2278/2940
f 4419/2278/2940 4229/2085/2759 4228/2088/2762
f 4421/2279/2941 4420/2280/2942 4419/2278/2940
f 4419/2278/2940 4418/2277/2939 4421/2279/2941
f 4420/2280/2942 4422/2281/2943 4423/2282/2944
f 4423/2282/2944 4419/2278/2940 4420/2280/2942
f 4231/2089/2763 4229/2085/2759 4419/2278/2940
f 4419/2278/2940 4423/2282/2944 4231/2089/2763
f 4422/2281/2943 4424/2283/2873 4425/2284/2945
f 4425/2284/2945 4423/2282/2944 4422/2281/2943
f 4232/2092/2766 4231/2089/2763 4423/2282/2944
f 4423/2282/2944 4425/2284/2945 4232/2092/2766
f 4427/2285/2875 4426/2286/2946 4425/2284/2945
f 4425/2284/2945 4424/2283/2873 4427/2285/2875
f 4235/2093/2767 4232/2092/2766 4425/2284/2945
f 4425/2284/2945 4426/2286/2946 4235/2093/2767
f 4427/2285/2875 4428/2287/2947 4429/2288/2948
f 4429/2288/2948 4426/2286/2946 4427/2285/2875
f 4429/2288/2948 4236/2095/2769 4235/2093/2767
f 4235/2093/2767 4426/2286/2946 4429/2288/2948
f 4431/2289/2949 4430/2290/2950 4429/2288/2948
f 4429/2288/2948 4428/2287/2947 4431/2289/2949
f 4429/2288/2948 4430/2290/2950 4238/2097/2771
f 4238/2097/2771 4236/2095/2769 4429/2288/2948
f 4431/2289/2949 4432/2291/2881 4433/2292/2951
f 4433/2292/2951 4430/2290/2950 4431/2289/2949
f 4240/2099/2773 4238/2097/2771 4430/2290/2950
f 4430/2290/2950 4433/2292/2951 4240/2099/2773
f 4258/2118/2792 4434/2293/2952 4435/2294/2953
f 4435/2294/2953 4259/2119/2793 4258/2118/2792
f 4437/2295/2954 4436/2296/2883 4435/2294/2953
f 4435/2294/2953 4434/2293/2952 4437/2295/2954
f 4435/2294/2953 4436/2296/2883 4438/2297/2955
f 4438/2297/2955 4439/2298/2956 4435/2294/2953
f 4262/2122/2796 4259/2119/2793 4435/2294/2953
f 4435/2294/2953 4439/2298/2956 4262/2122/2796
f 4441/2299/2957 4440/2300/2958 4439/2298/2956
f 4439/2298/2956 4438/2297/2955 4441/2299/2957
f 4264/2123/2797 4262/2122/2796 4439/2298/2956
f 4439/2298/2956 4440/2300/2958 4264/2123/2797
f 4443/2301/2959 4440/2300/2958 4441/2299/2957
f 4441/2299/2957 4442/2302/2891 4443/2301/2959
f 4440/2300/2958 4443/2301/2959 4266/2125/2799
f 4266/2125/2799 4264/2123/2797 4440/2300/2958
f 4442/2302/2891 4444/2303/2960 4445/2304/2961
f 4445/2304/2961 4443/2301/2959 4442/2302/2891
f 4268/2127/2800 4266/2125/2799 4443/2301/2959
f 4443/2301/2959 4445/2304/2961 4268/2127/2800
f 4444/2303/2960 4446/2305/2962 4447/2306/2963
f 4447/2306/2963 4445/2304/2961 4444/2303/2960
f 4268/2127/2800 4445/2304/2961 4447/2306/2963
f 4447/2306/2963 4270/2129/2801 4268/2127/2800
f 4446/2305/2962 4448/2307/2897 4449/2308/2964
f 4449/2308/2964 4447/2306/2963 4446/2305/2962
f 4270/2129/2801 4447/2306/2963 4449/2308/2964
f 4449/2308/2964 4272/2131/2803 4270/2129/2801
f 4453/2309/2965 4450/2310/2966 4451/2311/2967
f 4451/2311/2967 4452/2312/2968 4453/2309/2965
f 4451/2311/2967 4454/2313/2969 4455/2314/2970
f 4455/2314/2970 4452/2312/2968 4451/2311/2967
f 4457/2315/2971 4455/2314/2970 4454/2313/2969
f 4454/2313/2969 4456/2316/2972 4457/2315/2971
f 4459/2317/2973 4457/2315/2971 4456/2316/2972
f 4456/2316/2972 4458/2318/2974 4459/2317/2973
f 4461/2319/2975 4458/2318/2974 4456/2316/2972
f 4456/2316/2972 4460/2320/2976 4461/2319/2975
f 4456/2316/2972 4454/2313/2969 4460/2320/2976
f 4454/2313/2969 4451/2311/2967 4462/2321/2977
f 4462/2321/2977 4460/2320/2976 4454/2313/2969
f 4463/2322/2978 4462/2321/2977 4451/2311/2967
f 4451/2311/2967 4450/2310/2966 4463/2322/2978
f 4465/2323/2979 4464/2324/2980 4460/2320/2976
f 4460/2320/2976 4462/2321/2977 4465/2323/2979
f 4463/2322/2978 4466/2325/2981 4465/2323/2979
f 4465/2323/2979 4462/2321/2977 4463/2322/2978
f 4468/2326/2982 4465/2323/2979 4466/2325/2981
f 4466/2325/2981 4467/2327/2983 4468/2326/2982
f 4470/2328/2984 4467/2327/2983 4466/2325/2981
f 4466/2325/2981 4469/2329/2985 4470/2328/2984
f 4469/2329/2985 4471/2330/2986 4472/2331/2987
f 4472/2331/2987 4470/2328/2984 4469/2329/2985
f 4463/2322/2978 4450/2310/2966 4473/2332/2988
f 4473/2332/2988 4474/2333/2989 4463/2322/2978
f 4474/2333/2989 4475/2334/2990 4466/2325/2981
f 4466/2325/2981 4463/2322/2978 4474/2333/2989
f 4475/2334/2990 4474/2333/2989 4476/2335/2991
f 4476/2335/2991 4477/2336/2992 4475/2334/2990
f 4478/2337/2993 4471/2330/2986 4469/2329/2985
f 4478/2337/2993 4469/2329/2985 4466/2325/2981
f 4466/2325/2981 4475/2334/2990 4478/2337/2993
f 4473/2332/2988 4479/2338/2994 4476/2335/2991
f 4476/2335/2991 4474/2333/2989 4473/2332/2988
f 4473/2332/2988 4450/2310/2966 4453/2309/2965
f 4453/2309/2965 4480/2339/2995 4473/2332/2988
f 4452/2312/2968 4481/2340/2996 4482/2341/2997
f 4482/2341/2997 4453/2309/2965 4452/2312/2968
f 4455/2314/2970 4483/2342/2998 4481/2340/2996
f 4481/2340/2996 4452/2312/2968 4455/2314/2970
f 4483/2342/2998 4455/2314/2970 4457/2315/2971
f 4457/2315/2971 4484/2343/2999 4483/2342/2998
f 4485/2344/3000 4484/2343/2999 4457/2315/2971
f 4457/2315/2971 4459/2317/2973 4485/2344/3000
f 4483/2342/2998 4486/2345/3001 4487/2346/3002
f 4487/2346/3002 4481/2340/2996 4483/2342/2998
f 4488/2347/3003 4487/2346/3002 4486/2345/3001
f 4486/2345/3001 4483/2342/2998 4484/2343/2999
f 4484/2343/2999 4489/2348/3004 4486/2345/3001
f 4490/2349/3005 4488/2347/3003 4486/2345/3001
f 4486/2345/3001 4489/2348/3004 4490/2349/3005
f 4491/2350/3006 4489/2348/3004 4484/2343/2999
f 4484/2343/2999 4485/2344/3000 4491/2350/3006
f 4490/2349/3005 4489/2348/3004 4491/2350/3006
f 4491/2350/3006 4492/2351/3007 4490/2349/3005
f 4453/2309/2965 4482/2341/2997 4493/2352/3008
f 4493/2352/3008 4480/2339/2995 4453/2309/2965
f 4495/2353/3009 4494/2354/3010 4493/2352/3008
f 4493/2352/3008 4482/2341/2997 4495/2353/3009
f 4481/2340/2996 4487/2346/3002 4495/2353/3009
f 4495/2353/3009 4482/2341/2997 4481/2340/2996
f 4497/2355/3011 4493/2352/3008 4494/2354/3010
f 4494/2354/3010 4496/2356/3012 4497/2355/3011
f 4464/2324/2980 4498/2357/3013 4461/2319/2975
f 4461/2319/2975 4460/2320/2976 4464/2324/2980
f 4465/2323/2979 4468/2326/2982 4498/2357/3013
f 4498/2357/3013 4464/2324/2980 4465/2323/2979
f 4499/2358/3014 4498/2357/3013 4500/2359/3015
f 4458/2318/2974 4461/2319/2975 4501/2360/3016
f 4501/2360/3016 4502/2361/3017 4458/2318/2974
f 4458/2318/2974 4502/2361/3017 4503/2362/3018
f 4503/2362/3018 4459/2317/2973 4458/2318/2974
f 4501/2360/3016 4499/2358/3014 4502/2361/3017
f 4499/2358/3014 4501/2360/3016 4461/2319/2975
f 4461/2319/2975 4498/2357/3013 4499/2358/3014
f 4493/2352/3008 4497/2355/3011 4504/2363/3019
f 4504/2363/3019 4480/2339/2995 4493/2352/3008
f 4473/2332/2988 4480/2339/2995 4504/2363/3019
f 4504/2363/3019 4479/2338/2994 4473/2332/2988
f 4506/2364/3020 4505/2365/3021 4503/2362/3018
f 4503/2362/3018 4502/2361/3017 4506/2364/3020
f 4485/2344/3000 4459/2317/2973 4503/2362/3018
f 4503/2362/3018 4507/2366/3022 4485/2344/3000
f 4508/2367/3023 4491/2350/3006 4485/2344/3000
f 4485/2344/3000 4507/2366/3022 4508/2367/3023
f 4491/2350/3006 4509/2368/3024 4492/2351/3007
f 4510/2369/3025 4509/2368/3024 4508/2367/3023
f 4492/2351/3007 4509/2368/3024 4510/2369/3025
f 4505/2365/3021 4507/2366/3022 4503/2362/3018
f 4468/2326/2982 4511/2370/3026 4500/2359/3015
f 4500/2359/3015 4498/2357/3013 4468/2326/2982
f 4507/2366/3022 4512/2371/3027 4513/2372/3028
f 4513/2372/3028 4508/2367/3023 4507/2366/3022
f 4513/2372/3028 4514/2373/3029 4510/2369/3025
f 4510/2369/3025 4508/2367/3023 4513/2372/3028
f 4515/2374/3030 4511/2370/3026 4468/2326/2982
f 4468/2326/2982 4467/2327/2983 4515/2374/3030
f 4519/2375/3031 4516/2376/3027 4517/2377/3032
f 4517/2377/3032 4518/2378/3026 4519/2375/3031
f 4519/2375/3031 4520/2379/3033 4521/2380/3028
f 4521/2380/3028 4516/2376/3027 4519/2375/3031
f 4515/2374/3030 4467/2327/2983 4470/2328/2984
f 4470/2328/2984 4522/2381/3034 4515/2374/3030
f 4524/2382/3035 4519/2375/3031 4518/2378/3026
f 4518/2378/3026 4523/2383/3036 4524/2382/3035
f 4472/2331/2987 4525/2384/3037 4522/2381/3034
f 4522/2381/3034 4470/2328/2984 4472/2331/2987
f 4523/2383/3036 4526/2385/3038 4527/2386/3039
f 4527/2386/3039 4524/2382/3035 4523/2383/3036
f 4526/2385/3038 4528/2387/3040 4529/2388/3041
f 4529/2388/3041 4527/2386/3039 4526/2385/3038
f 4525/2384/3037 4472/2331/2987 4530/2389/3042
f 4531/2390/3043 4530/2389/3042 4472/2331/2987
f 4472/2331/2987 4471/2330/2986 4531/2390/3043
f 4532/2391/3044 4531/2390/3043 4471/2330/2986
f 4471/2330/2986 4478/2337/2993 4532/2391/3044
f 4528/2387/3040 4533/2392/3045 4534/2393/3046
f 4534/2393/3046 4529/2388/3041 4528/2387/3040
f 4536/2394/3047 4534/2393/3046 4533/2392/3045
f 4533/2392/3045 4535/2395/3048 4536/2394/3047
f 4538/2396/3049 4537/2397/3050 4536/2394/3047
f 4536/2394/3047 4535/2395/3048 4538/2396/3049
f 4532/2391/3044 4478/2337/2993 4539/2398/3051
f 4539/2398/3051 4478/2337/2993 4475/2334/2990
f 4475/2334/2990 4477/2336/2992 4539/2398/3051
f 4541/2399/3051 4540/2400/3052 4537/2397/3050
f 4537/2397/3050 4538/2396/3049 4541/2399/3051
f 4537/2397/3050 4542/2401/3053 4543/2402/3054
f 4543/2402/3054 4536/2394/3047 4537/2397/3050
f 4543/2402/3054 4544/2403/3055 4534/2393/3046
f 4534/2393/3046 4536/2394/3047 4543/2402/3054
f 4546/2404/3056 4544/2403/3055 4543/2402/3054
f 4543/2402/3054 4545/2405/3057 4546/2404/3056
f 4544/2403/3055 4547/2406/3058 4529/2388/3041
f 4529/2388/3041 4534/2393/3046 4544/2403/3055
f 4548/2407/3059 4547/2406/3058 4544/2403/3055
f 4544/2403/3055 4546/2404/3056 4548/2407/3059
f 4529/2388/3041 4547/2406/3058 4549/2408/3060
f 4549/2408/3060 4527/2386/3039 4529/2388/3041
f 4527/2386/3039 4549/2408/3060 4550/2409/3061
f 4550/2409/3061 4524/2382/3035 4527/2386/3039
f 4547/2406/3058 4548/2407/3059 4551/2410/3062
f 4551/2410/3062 4549/2408/3060 4547/2406/3058
f 4553/2411/3029 4521/2380/3028 4520/2379/3033
f 4520/2379/3033 4552/2412/3063 4553/2411/3029
f 4520/2379/3033 4550/2409/3061 4551/2410/3062
f 4551/2410/3062 4552/2412/3063 4520/2379/3033
f 4519/2375/3031 4524/2382/3035 4550/2409/3061
f 4550/2409/3061 4520/2379/3033 4519/2375/3031
f 4550/2409/3061 4549/2408/3060 4551/2410/3062
f 4543/2402/3054 4542/2401/3053 4554/2413/3064
f 4554/2413/3064 4545/2405/3057 4543/2402/3054
f 4555/2414/3065 4542/2401/3053 4537/2397/3050
f 4537/2397/3050 4540/2400/3052 4555/2414/3065
f 4555/2414/3065 4556/2415/3066 4554/2413/3064
f 4554/2413/3064 4542/2401/3053 4555/2414/3065
f 4491/2350/3006 4508/2367/3023 4509/2368/3024
f 4505/2365/3021 4512/2371/3027 4507/2366/3022
f 4560/2311/3067 4557/2310/3068 4558/2309/3069
f 4558/2309/3069 4559/2312/3070 4560/2311/3067
f 4562/2314/3071 4561/2313/3072 4560/2311/3067
f 4560/2311/3067 4559/2312/3070 4562/2314/3071
f 4561/2313/3072 4562/2314/3071 4563/2315/3073
f 4563/2315/3073 4564/2316/3074 4561/2313/3072
f 4564/2316/3074 4563/2315/3073 4565/2317/3075
f 4565/2317/3075 4566/2318/3076 4564/2316/3074
f 4564/2316/3074 4566/2318/3076 4567/2319/3077
f 4567/2319/3077 4568/2320/3078 4564/2316/3074
f 4564/2316/3074 4568/2320/3078 4561/2313/3072
f 4569/2321/3079 4560/2311/3067 4561/2313/3072
f 4561/2313/3072 4568/2320/3078 4569/2321/3079
f 4560/2311/3067 4569/2321/3079 4570/2322/3080
f 4570/2322/3080 4557/2310/3068 4560/2311/3067
f 4568/2320/3078 4571/2324/3081 4572/2323/3082
f 4572/2323/3082 4569/2321/3079 4568/2320/3078
f 4572/2323/3082 4573/2325/3083 4570/2322/3080
f 4570/2322/3080 4569/2321/3079 4572/2323/3082
f 4573/2325/3083 4572/2323/3082 4574/2326/3084
f 4574/2326/3084 4575/2327/3085 4573/2325/3083
f 4573/2325/3083 4575/2327/3085 4576/2328/3086
f 4576/2328/3086 4577/2329/3087 4573/2325/3083
f 4579/2331/3088 4578/2330/3089 4577/2329/3087
f 4577/2329/3087 4576/2328/3086 4579/2331/3088
f 4581/2332/3090 4557/2310/3068 4570/2322/3080
f 4570/2322/3080 4580/2333/3091 4581/2332/3090
f 4573/2325/3083 4582/2334/3092 4580/2333/3091
f 4580/2333/3091 4570/2322/3080 4573/2325/3083
f 4476/2335/2991 4580/2333/3091 4582/2334/3092
f 4582/2334/3092 4477/2336/2992 4476/2335/2991
f 4583/2337/3093 4577/2329/3087 4578/2330/3089
f 4573/2325/3083 4577/2329/3087 4583/2337/3093
f 4583/2337/3093 4582/2334/3092 4573/2325/3083
f 4476/2335/2991 4479/2338/2994 4581/2332/3090
f 4581/2332/3090 4580/2333/3091 4476/2335/2991
f 4558/2309/3069 4557/2310/3068 4581/2332/3090
f 4581/2332/3090 4584/2339/3094 4558/2309/3069
f 4586/2341/3095 4585/2340/3096 4559/2312/3070
f 4559/2312/3070 4558/2309/3069 4586/2341/3095
f 4585/2340/3096 4587/2342/3097 4562/2314/3071
f 4562/2314/3071 4559/2312/3070 4585/2340/3096
f 4563/2315/3073 4562/2314/3071 4587/2342/3097
f 4587/2342/3097 4588/2343/3098 4563/2315/3073
f 4563/2315/3073 4588/2343/3098 4589/2344/3099
f 4589/2344/3099 4565/2317/3075 4563/2315/3073
f 4591/2346/3100 4590/2345/3101 4587/2342/3097
f 4587/2342/3097 4585/2340/3096 4591/2346/3100
f 4592/2347/3102 4590/2345/3101 4591/2346/3100
f 4588/2343/3098 4587/2342/3097 4590/2345/3101
f 4590/2345/3101 4593/2348/3103 4588/2343/3098
f 4590/2345/3101 4592/2347/3102 4594/2349/3104
f 4594/2349/3104 4593/2348/3103 4590/2345/3101
f 4588/2343/3098 4593/2348/3103 4595/2350/3105
f 4595/2350/3105 4589/2344/3099 4588/2343/3098
f 4595/2350/3105 4593/2348/3103 4594/2349/3104
f 4594/2349/3104 4596/2351/3106 4595/2350/3105
f 4597/2352/3107 4586/2341/3095 4558/2309/3069
f 4558/2309/3069 4584/2339/3094 4597/2352/3107
f 4597/2352/3107 4598/2354/3108 4599/2353/3109
f 4599/2353/3109 4586/2341/3095 4597/2352/3107
f 4599/2353/3109 4591/2346/3100 4585/2340/3096
f 4585/2340/3096 4586/2341/3095 4599/2353/3109
f 4598/2354/3108 4597/2352/3107 4497/2355/3011
f 4497/2355/3011 4496/2356/3012 4598/2354/3108
f 4567/2319/3077 4600/2357/3110 4571/2324/3081
f 4571/2324/3081 4568/2320/3078 4567/2319/3077
f 4600/2357/3110 4574/2326/3084 4572/2323/3082
f 4572/2323/3082 4571/2324/3081 4600/2357/3110
f 4601/2358/3111 4602/2359/3112 4600/2357/3110
f 4604/2360/3113 4567/2319/3077 4566/2318/3076
f 4566/2318/3076 4603/2361/3114 4604/2360/3113
f 4605/2362/3115 4603/2361/3114 4566/2318/3076
f 4566/2318/3076 4565/2317/3075 4605/2362/3115
f 4604/2360/3113 4603/2361/3114 4601/2358/3111
f 4567/2319/3077 4604/2360/3113 4601/2358/3111
f 4601/2358/3111 4600/2357/3110 4567/2319/3077
f 4504/2363/3019 4497/2355/3011 4597/2352/3107
f 4597/2352/3107 4584/2339/3094 4504/2363/3019
f 4504/2363/3019 4584/2339/3094 4581/2332/3090
f 4581/2332/3090 4479/2338/2994 4504/2363/3019
f 4605/2362/3115 4606/2365/3112 4607/2364/3116
f 4607/2364/3116 4603/2361/3114 4605/2362/3115
f 4605/2362/3115 4565/2317/3075 4589/2344/3099
f 4589/2344/3099 4608/2366/3117 4605/2362/3115
f 4589/2344/3099 4595/2350/3105 4609/2367/3118
f 4609/2367/3118 4608/2366/3117 4589/2344/3099
f 4595/2350/3105 4596/2351/3106 4610/2368/3119
f 4611/2369/3120 4609/2367/3118 4610/2368/3119
f 4596/2351/3106 4611/2369/3120 4610/2368/3119
f 4606/2365/3112 4605/2362/3115 4608/2366/3117
f 4602/2359/3112 4612/2370/3121 4574/2326/3084
f 4574/2326/3084 4600/2357/3110 4602/2359/3112
f 4614/2372/3122 4613/2371/3123 4608/2366/3117
f 4608/2366/3117 4609/2367/3118 4614/2372/3122
f 4611/2369/3120 4615/2373/3124 4614/2372/3122
f 4614/2372/3122 4609/2367/3118 4611/2369/3120
f 4574/2326/3084 4612/2370/3121 4616/2374/3125
f 4616/2374/3125 4575/2327/3085 4574/2326/3084
f 4620/2377/3126 4617/2376/3123 4618/2375/3127
f 4618/2375/3127 4619/2378/3128 4620/2377/3126
f 4622/2380/3122 4621/2379/3129 4618/2375/3127
f 4618/2375/3127 4617/2376/3123 4622/2380/3122
f 4576/2328/3086 4575/2327/3085 4616/2374/3125
f 4616/2374/3125 4623/2381/3130 4576/2328/3086
f 4619/2378/3128 4618/2375/3127 4624/2382/3131
f 4624/2382/3131 4625/2383/3132 4619/2378/3128
f 4623/2381/3130 4626/2384/3133 4579/2331/3088
f 4579/2331/3088 4576/2328/3086 4623/2381/3130
f 4628/2386/3134 4627/2385/3135 4625/2383/3132
f 4625/2383/3132 4624/2382/3131 4628/2386/3134
f 4630/2388/3136 4629/2387/3137 4627/2385/3135
f 4627/2385/3135 4628/2386/3134 4630/2388/3136
f 4626/2384/3133 4631/2389/3138 4579/2331/3088
f 4579/2331/3088 4631/2389/3138 4632/2390/3139
f 4632/2390/3139 4578/2330/3089 4579/2331/3088
f 4578/2330/3089 4632/2390/3139 4633/2391/3140
f 4633/2391/3140 4583/2337/3093 4578/2330/3089
f 4635/2393/3141 4634/2392/3138 4629/2387/3137
f 4629/2387/3137 4630/2388/3136 4635/2393/3141
f 4634/2392/3138 4635/2393/3141 4636/2394/3142
f 4636/2394/3142 4637/2395/3143 4634/2392/3138
f 4636/2394/3142 4638/2397/3144 4639/2396/3140
f 4639/2396/3140 4637/2395/3143 4636/2394/3142
f 4633/2391/3140 4539/2398/3051 4583/2337/3093
f 4582/2334/3092 4583/2337/3093 4539/2398/3051
f 4539/2398/3051 4477/2336/2992 4582/2334/3092
f 4638/2397/3144 4540/2400/3052 4541/2399/3051
f 4541/2399/3051 4639/2396/3140 4638/2397/3144
f 4641/2402/3145 4640/2401/3146 4638/2397/3144
f 4638/2397/3144 4636/2394/3142 4641/2402/3145
f 4635/2393/3141 4642/2403/3147 4641/2402/3145
f 4641/2402/3145 4636/2394/3142 4635/2393/3141
f 4641/2402/3145 4642/2403/3147 4643/2404/3148
f 4643/2404/3148 4644/2405/3149 4641/2402/3145
f 4630/2388/3136 4645/2406/3150 4642/2403/3147
f 4642/2403/3147 4635/2393/3141 4630/2388/3136
f 4642/2403/3147 4645/2406/3150 4646/2407/3151
f 4646/2407/3151 4643/2404/3148 4642/2403/3147
f 4647/2408/3152 4645/2406/3150 4630/2388/3136
f 4630/2388/3136 4628/2386/3134 4647/2408/3152
f 4648/2409/3153 4647/2408/3152 4628/2386/3134
f 4628/2386/3134 4624/2382/3131 4648/2409/3153
f 4649/2410/3154 4646/2407/3151 4645/2406/3150
f 4645/2406/3150 4647/2408/3152 4649/2410/3154
f 4621/2379/3129 4622/2380/3122 4650/2411/3124
f 4650/2411/3124 4651/2412/3155 4621/2379/3129
f 4649/2410/3154 4648/2409/3153 4621/2379/3129
f 4621/2379/3129 4651/2412/3155 4649/2410/3154
f 4648/2409/3153 4624/2382/3131 4618/2375/3127
f 4618/2375/3127 4621/2379/3129 4648/2409/3153
f 4648/2409/3153 4649/2410/3154 4647/2408/3152
f 4652/2413/3156 4640/2401/3146 4641/2402/3145
f 4641/2402/3145 4644/2405/3149 4652/2413/3156
f 4638/2397/3144 4640/2401/3146 4555/2414/3065
f 4555/2414/3065 4540/2400/3052 4638/2397/3144
f 4652/2413/3156 4556/2415/3066 4555/2414/3065
f 4555/2414/3065 4640/2401/3146 4652/2413/3156
f 4595/2350/3105 4610/2368/3119 4609/2367/3118
f 4606/2365/3112 4608/2366/3117 4613/2371/3123
f 4656/1991/3157 4653/1990/3158 4654/1989/3158
f 4654/1989/3158 4655/1992/3157 4656/1991/3157
f 4660/1994/3159 4657/1993/3160 4658/1991/3161
f 4658/1991/3161 4659/1992/3160 4660/1994/3159
f 4664/1993/3162 4661/1994/3163 4662/1995/3163
f 4662/1995/3163 4663/1996/3163 4664/1993/3162
f 4668/1995/3164 4665/1998/3164 4666/1997/3165
f 4666/1997/3165 4667/1996/3166 4668/1995/3164
f 4672/1999/3167 4669/1997/3168 4670/1998/3168
f 4670/1998/3168 4671/2000/3168 4672/1999/3167
f 4676/1999/3169 4673/2000/3170 4674/2001/3171
f 4674/2001/3171 4675/2002/3172 4676/1999/3169
f 4680/2003/3173 4677/2002/3173 4678/2001/3173
f 4678/2001/3173 4679/2004/3173 4680/2003/3173
s 0
f 4684/2006/3174 4681/2005/3174 4682/1992/3174
f 4682/1992/3174 4683/1989/3174 4684/2006/3174
f 4688/1994/3175 4685/1992/3175 4686/2005/3175
f 4686/2005/3176 4687/2007/3176 4688/1994/3176
f 4692/2007/3177 4689/2008/3177 4690/1995/3177
f 4690/1995/3178 4691/1994/3178 4692/2007/3178
f 4696/2009/3179 4693/1998/3179 4694/1995/3179
f 4694/1995/3180 4695/2008/3180 4696/2009/3180
f 4700/2010/3181 4697/2000/3181 4698/1998/3181
f 4698/1998/3182 4699/2009/3182 4700/2010/3182
f 4704/2000/3183 4701/2010/3183 4702/2011/3183
f 4702/2011/3183 4703/2001/3183 4704/2000/3183
f 4708/2001/3184 4705/2011/3184 4706/2012/3184
f 4706/2012/3184 4707/2004/3184 4708/2001/3184
s 1
f 4712/2005/3185 4709/2006/3186 4710/2013/3187
f 4710/2013/3187 4711/2014/3187 4712/2005/3185
f 4716/2014/3188 4713/2015/3189 4714/2007/3190
f 4714/2007/3190 4715/2005/3189 4716/2014/3188
f 4720/2007/3191 4717/2015/3192 4718/2016/3192
f 4718/2016/3192 4719/2008/3193 4720/2007/3191
f 4724/2017/3194 4721/2009/3195 4722/2008/3196
f 4722/2008/3196 4723/2016/3197 4724/2017/3194
f 4728/2010/3198 4725/2009/3199 4726/2017/3199
f 4726/2017/3199 4727/2018/3199 4728/2010/3198
f 4732/2010/3200 4729/2018/3201 4730/2019/3202
f 4730/2019/3202 4731/2011/3201 4732/2010/3200
f 4736/2019/3203 4733/2020/3203 4734/2012/3203
f 4734/2012/3203 4735/2011/3203 4736/2019/3203
f 4740/2023/3204 4737/2022/3205 4738/2021/3205
f 4738/2021/3205 4739/2024/3206 4740/2023/3204
f 4744/2026/3207 4741/2025/3208 4742/2023/3209
f 4742/2023/3209 4743/2024/3210 4744/2026/3207
f 4748/2026/3211 4745/2028/3212 4746/2027/3212
f 4746/2027/3212 4747/2025/3212 4748/2026/3211
f 4752/2027/3213 4749/2028/3213 4750/2029/3214
f 4750/2029/3214 4751/2030/3215 4752/2027/3213
f 4756/2030/3216 4753/2029/3217 4754/2031/3218
f 4754/2031/3218 4755/2032/3219 4756/2030/3216
f 4760/2034/3220 4757/2033/3221 4758/2032/3222
f 4758/2032/3222 4759/2031/3221 4760/2034/3220
f 4764/2036/3223 4761/2035/3223 4762/2033/3223
f 4762/2033/3223 4763/2034/3224 4764/2036/3223
s 0
f 4768/2038/3225 4765/2037/3225 4766/2024/3225
f 4766/2024/3225 4767/2021/3225 4768/2038/3225
f 4772/2026/3226 4769/2024/3226 4770/2037/3226
f 4770/2037/3227 4771/2039/3227 4772/2026/3227
f 4776/2026/3228 4773/2039/3228 4774/2040/3228
f 4774/2040/3229 4775/2028/3229 4776/2026/3229
f 4780/2029/3230 4777/2028/3230 4778/2040/3230
f 4778/2040/3230 4779/2041/3230 4780/2029/3230
f 4784/2031/3231 4781/2029/3231 4782/2041/3231
f 4782/2041/3232 4783/2042/3232 4784/2031/3232
f 4788/2031/3233 4785/2042/3233 4786/2043/3233
f 4786/2043/3234 4787/2034/3234 4788/2031/3234
f 4792/2036/3235 4789/2034/3235 4790/2043/3235
f 4790/2043/3235 4791/2044/3235 4792/2036/3235
s 1
f 4796/2045/3236 4793/2037/3236 4794/2038/3236
f 4794/2038/3236 4795/2046/3237 4796/2045/3236
f 4800/2037/3238 4797/2045/3238 4798/2047/3239
f 4798/2047/3239 4799/2039/3240 4800/2037/3238
f 4804/2039/3241 4801/2047/3242 4802/2048/3242
f 4802/2048/3242 4803/2040/3242 4804/2039/3241
f 4808/2040/3243 4805/2048/3244 4806/2049/3244
f 4806/2049/3244 4807/2041/3243 4808/2040/3243
f 4812/2049/3245 4809/2050/3246 4810/2042/3247
f 4810/2042/3247 4811/2041/3245 4812/2049/3245
f 4816/2042/3248 4813/2050/3249 4814/2051/3250
f 4814/2051/3250 4815/2043/3251 4816/2042/3248
f 4820/2051/3252 4817/2052/3253 4818/2044/3253
f 4818/2044/3253 4819/2043/3253 4820/2051/3252
f 4824/2055/3254 4821/2054/3254 4822/2053/3254
f 4822/2053/3254 4823/2056/3254 4824/2055/3254
f 4828/2055/3255 4825/2056/3256 4826/2057/3257
f 4826/2057/3257 4827/2058/3258 4828/2055/3255
f 4832/2057/3259 4829/2060/3260 4830/2059/3261
f 4830/2059/3261 4831/2058/3262 4832/2057/3259
f 4836/2059/3263 4833/2060/3264 4834/2061/3265
f 4834/2061/3265 4835/2062/3266 4836/2059/3263
f 4840/2064/3267 4837/2063/3268 4838/2062/3269
f 4838/2062/3269 4839/2061/3270 4840/2064/3267
f 4844/2065/3271 4841/2063/3272 4842/2064/3273
f 4842/2064/3273 4843/2066/3274 4844/2065/3271
f 4848/2067/3275 4845/2065/3275 4846/2066/3275
f 4846/2066/3275 4847/2068/3275 4848/2067/3275
s 0
f 4852/2070/3276 4849/2069/3276 4850/2056/3276
f 4850/2056/3276 4851/2053/3276 4852/2070/3276
f 4856/2069/3277 4853/2071/3277 4854/2057/3277
f 4854/2057/3277 4855/2056/3277 4856/2069/3277
f 4860/2057/3278 4857/2071/3278 4858/2072/3278
f 4858/2072/3278 4859/2060/3278 4860/2057/3278
f 4864/2073/3279 4861/2061/3279 4862/2060/3279
f 4862/2060/3279 4863/2072/3279 4864/2073/3279
f 4868/2073/3280 4865/2074/3280 4866/2064/3280
f 4866/2064/3280 4867/2061/3280 4868/2073/3280
f 4872/2066/3281 4869/2064/3281 4870/2074/3281
f 4870/2074/3281 4871/2075/3281 4872/2066/3281
f 4876/2068/3282 4873/2066/3282 4874/2075/3282
f 4874/2075/3282 4875/2076/3282 4876/2068/3282
s 1
f 4880/2077/3283 4877/2069/3283 4878/2070/3283
f 4878/2070/3283 4879/2078/3283 4880/2077/3283
f 4884/2071/3284 4881/2069/3285 4882/2077/3285
f 4882/2077/3285 4883/2079/3286 4884/2071/3284
f 4888/2072/3287 4885/2071/3287 4886/2079/3288
f 4886/2079/3288 4887/2080/3289 4888/2072/3287
f 4892/2080/3290 4889/2081/3290 4890/2073/3290
f 4890/2073/3290 4891/2072/3290 4892/2080/3290
f 4896/2073/3291 4893/2081/3292 4894/2082/3293
f 4894/2082/3293 4895/2074/3291 4896/2073/3291
f 4900/2074/3294 4897/2082/3295 4898/2083/3296
f 4898/2083/3296 4899/2075/3297 4900/2074/3294
f 4904/2084/3298 4901/2076/3298 4902/2075/3299
f 4902/2075/3299 4903/2083/3298 4904/2084/3298
f 4908/2087/3300 4905/2086/3301 4906/2085/3302
f 4906/2085/3302 4907/2088/3300 4908/2087/3300
f 4912/2086/3303 4909/2090/3304 4910/2089/3305
f 4910/2089/3305 4911/2085/3306 4912/2086/3303
f 4916/2089/3307 4913/2090/3308 4914/2091/3308
f 4914/2091/3308 4915/2092/3309 4916/2089/3307
f 4920/2091/3310 4917/2094/3311 4918/2093/3311
f 4918/2093/3311 4919/2092/3311 4920/2091/3310
f 4924/2096/3312 4921/2095/3313 4922/2093/3314
f 4922/2093/3314 4923/2094/3315 4924/2096/3312
f 4928/2098/3316 4925/2097/3317 4926/2095/3318
f 4926/2095/3318 4927/2096/3319 4928/2098/3316
f 4932/2099/3320 4929/2097/3320 4930/2098/3320
f 4930/2098/3320 4931/2100/3320 4932/2099/3320
s 0
f 4936/2101/3321 4933/2086/3321 4934/2087/3321
f 4934/2087/3322 4935/2102/3322 4936/2101/3322
f 4940/2086/3323 4937/2101/3323 4938/2103/3323
f 4938/2103/3324 4939/2090/3324 4940/2086/3324
f 4944/2104/3325 4941/2091/3325 4942/2090/3325
f 4942/2090/3325 4943/2103/3325 4944/2104/3325
f 4948/2091/3326 4945/2104/3326 4946/2105/3326
f 4946/2105/3326 4947/2094/3326 4948/2091/3326
f 4952/2105/3327 4949/2106/3327 4950/2096/3327
f 4950/2096/3327 4951/2094/3327 4952/2105/3327
f 4956/2098/3328 4953/2096/3328 4954/2106/3328
s 1
f 4954/2106/3329 4955/2107/3329 4956/2098/3329
s 0
f 4960/2098/3330 4957/2107/3330 4958/2108/3330
f 4958/2108/3330 4959/2100/3330 4960/2098/3330
s 1
f 4964/2109/3331 4961/2101/3331 4962/2102/3332
f 4962/2102/3332 4963/2110/3331 4964/2109/3331
f 4968/2109/3333 4965/2111/3334 4966/2103/3335
f 4966/2103/3335 4967/2101/3336 4968/2109/3333
f 4972/2111/3337 4969/2112/3338 4970/2104/3339
f 4970/2104/3339 4971/2103/3339 4972/2111/3337
f 4976/2112/3340 4973/2113/3341 4974/2105/3342
f 4974/2105/3342 4975/2104/3343 4976/2112/3340
f 4980/2113/3344 4977/2114/3345 4978/2106/3345
f 4978/2106/3345 4979/2105/3346 4980/2113/3344
f 4984/2107/3347 4981/2106/3348 4982/2114/3349
f 4982/2114/3349 4983/2115/3350 4984/2107/3347
f 4988/2115/3351 4985/2116/3351 4986/2108/3351
f 4986/2108/3351 4987/2107/3351 4988/2115/3351
f 4992/2119/3352 4989/2118/3353 4990/2117/3353
f 4990/2117/3353 4991/2120/3353 4992/2119/3352
f 4996/2119/3354 4993/2120/3355 4994/2121/3356
f 4994/2121/3356 4995/2122/3357 4996/2119/3354
f 5000/2123/3358 4997/2122/3358 4998/2121/3359
f 4998/2121/3359 4999/2124/3360 5000/2123/3358
f 5004/2125/3361 5001/2123/3362 5002/2124/3363
f 5002/2124/3363 5003/2126/3364 5004/2125/3361
f 5008/2127/3365 5005/2125/3366 5006/2126/3367
f 5006/2126/3367 5007/2128/3366 5008/2127/3365
f 5012/2129/3368 5009/2127/3369 5010/2128/3370
f 5010/2128/3370 5011/2130/3371 5012/2129/3368
f 5016/2131/3372 5013/2129/3372 5014/2130/3372
f 5014/2130/3372 5015/2132/3372 5016/2131/3372
s 0
f 5020/2133/3373 5017/2120/3373 5018/2117/3373
f 5018/2117/3373 5019/2134/3373 5020/2133/3373
f 5024/2135/3374 5021/2121/3374 5022/2120/3374
f 5022/2120/3375 5023/2133/3375 5024/2135/3375
f 5028/2136/3376 5025/2124/3376 5026/2121/3376
f 5026/2121/3377 5027/2135/3377 5028/2136/3377
f 5032/2136/3378 5029/2137/3378 5030/2126/3378
s 1
f 5030/2126/3378 5031/2124/3378 5032/2136/3378
s 0
f 5036/2128/3379 5033/2126/3379 5034/2137/3379
f 5034/2137/3379 5035/2138/3379 5036/2128/3379
f 5040/2138/3380 5037/2139/3380 5038/2130/3380
f 5038/2130/3380 5039/2128/3380 5040/2138/3380
f 5044/2132/3184 5041/2130/3184 5042/2139/3184
f 5042/2139/3184 5043/2140/3184 5044/2132/3184
s 1
f 5048/2134/3381 5045/2142/3382 5046/2141/3381
f 5046/2141/3381 5047/2133/3382 5048/2134/3381
f 5052/2143/3383 5049/2135/3384 5050/2133/3384
f 5050/2133/3384 5051/2141/3384 5052/2143/3383
f 5056/2135/3385 5053/2143/3386 5054/2144/3387
f 5054/2144/3387 5055/2136/3386 5056/2135/3385
f 5060/2144/3388 5057/2145/3388 5058/2137/3389
f 5058/2137/3389 5059/2136/3388 5060/2144/3388
f 5064/2145/3390 5061/2146/3391 5062/2138/3391
f 5062/2138/3391 5063/2137/3391 5064/2145/3390
f 5068/2139/3392 5065/2138/3393 5066/2146/3394
f 5066/2146/3394 5067/2147/3395 5068/2139/3392
f 5072/2140/3396 5069/2139/3396 5070/2147/3396
f 5070/2147/3396 5071/2148/3396 5072/2140/3396
f 5076/2151/3397 5073/2150/3397 5074/2149/3398
f 5074/2149/3398 5075/2152/3398 5076/2151/3397
f 5080/1990/3399 5077/1991/3400 5078/2149/3400
f 5078/2149/3400 5079/2150/3399 5080/1990/3399
f 5084/2149/3401 5081/2154/3402 5082/2153/3402
f 5082/2153/3402 5083/2152/3401 5084/2149/3401
f 5088/1991/3403 5085/1993/3403 5086/2154/3403
f 5086/2154/3403 5087/2149/3403 5088/1991/3403
f 5092/2154/3404 5089/2156/3404 5090/2155/3404
f 5090/2155/3404 5091/2153/3404 5092/2154/3404
f 5096/2154/3405 5093/1993/3405 5094/1996/3405
f 5094/1996/3405 5095/2156/3405 5096/2154/3405
f 5100/2158/3406 5097/2157/3406 5098/2155/3407
f 5098/2155/3407 5099/2156/3407 5100/2158/3406
f 5104/2158/3408 5101/2156/3409 5102/1996/3410
f 5102/1996/3410 5103/1997/3408 5104/2158/3408
f 5108/2157/3411 5105/2158/3411 5106/2159/3412
f 5106/2159/3412 5107/2160/3412 5108/2157/3411
f 5112/1999/3413 5109/2159/3413 5110/2158/3413
f 5110/2158/3413 5111/1997/3413 5112/1999/3413
f 5116/2159/3414 5113/2162/3415 5114/2161/3415
f 5114/2161/3415 5115/2160/3414 5116/2159/3414
f 5120/2002/3416 5117/2162/3416 5118/2159/3417
f 5118/2159/3417 5119/1999/3417 5120/2002/3416
f 5124/2161/3418 5121/2162/3418 5122/2163/3419
f 5122/2163/3419 5123/2164/3419 5124/2161/3418
f 5128/2003/3420 5125/2163/3420 5126/2162/3420
f 5126/2162/3420 5127/2002/3420 5128/2003/3420
f 5132/2167/3421 5129/2166/3421 5130/2165/3421
f 5130/2165/3421 5131/2168/3421 5132/2167/3421
f 5136/2013/3422 5133/2165/3422 5134/2166/3423
f 5134/2166/3423 5135/2014/3423 5136/2013/3422
f 5140/2014/3424 5137/2166/3425 5138/2169/3424
f 5138/2169/3424 5139/2015/3424 5140/2014/3424
f 5144/2170/3426 5141/2169/3427 5142/2166/3426
f 5142/2166/3426 5143/2167/3426 5144/2170/3426
f 5148/2015/3428 5145/2169/3428 5146/2171/3428
f 5146/2171/3428 5147/2016/3428 5148/2015/3428
f 5152/2172/3429 5149/2171/3429 5150/2169/3430
f 5150/2169/3430 5151/2170/3431 5152/2172/3429
f 5156/2016/3432 5153/2171/3432 5154/2173/3432
f 5154/2173/3432 5155/2017/3432 5156/2016/3432
f 5160/2172/3433 5157/2174/3434 5158/2173/3434
f 5158/2173/3434 5159/2171/3433 5160/2172/3433
f 5164/2018/3435 5161/2017/3435 5162/2173/3435
f 5162/2173/3435 5163/2175/3435 5164/2018/3435
f 5168/2174/3436 5165/2176/3437 5166/2175/3437
f 5166/2175/3437 5167/2173/3436 5168/2174/3436
f 5172/2019/3438 5169/2018/3438 5170/2175/3438
f 5170/2175/3438 5171/2177/3438 5172/2019/3438
f 5176/2176/3439 5173/2178/3440 5174/2177/3440
f 5174/2177/3440 5175/2175/3439 5176/2176/3439
f 5180/2019/3441 5177/2177/3441 5178/2179/3441
f 5178/2179/3441 5179/2020/3441 5180/2019/3441
f 5184/2178/3442 5181/2180/3443 5182/2179/3443
f 5182/2179/3443 5183/2177/3442 5184/2178/3442
f 5188/2183/3444 5185/2182/3445 5186/2181/3445
f 5186/2181/3445 5187/2184/3445 5188/2183/3444
f 5192/2182/3446 5189/2045/3446 5190/2046/3447
f 5190/2046/3447 5191/2181/3447 5192/2182/3446
f 5196/2182/3448 5193/2185/3448 5194/2047/3448
f 5194/2047/3448 5195/2045/3448 5196/2182/3448
f 5200/2185/3449 5197/2182/3449 5198/2183/3449
f 5198/2183/3449 5199/2186/3450 5200/2185/3449
f 5204/2048/3451 5201/2047/3452 5202/2185/3452
f 5202/2185/3452 5203/2187/3451 5204/2048/3451
f 5208/2187/3453 5205/2185/3454 5206/2186/3454
f 5206/2186/3454 5207/2188/3453 5208/2187/3453
f 5212/2187/3455 5209/2189/3456 5210/2049/3457
f 5210/2049/3457 5211/2048/3455 5212/2187/3455
f 5216/2189/3458 5213/2187/3459 5214/2188/3459
f 5214/2188/3459 5215/2190/3459 5216/2189/3458
f 5220/2049/3460 5217/2189/3460 5218/2191/3461
f 5218/2191/3461 5219/2050/3460 5220/2049/3460
f 5224/2191/3462 5221/2189/3463 5222/2190/3462
f 5222/2190/3462 5223/2192/3464 5224/2191/3462
f 5228/2193/3465 5225/2051/3466 5226/2050/3466
f 5226/2050/3466 5227/2191/3465 5228/2193/3465
f 5232/2194/3467 5229/2193/3467 5230/2191/3468
f 5230/2191/3468 5231/2192/3468 5232/2194/3467
f 5236/2051/3469 5233/2193/3469 5234/2195/3470
f 5234/2195/3470 5235/2052/3470 5236/2051/3469
f 5240/2195/3471 5237/2193/3472 5238/2194/3472
f 5238/2194/3472 5239/2196/3471 5240/2195/3471
f 5244/2199/3473 5241/2198/3473 5242/2197/3474
f 5242/2197/3474 5243/2200/3474 5244/2199/3473
f 5248/2200/3475 5245/2077/3475 5246/2078/3475
f 5246/2078/3475 5247/2199/3475 5248/2200/3475
f 5252/2201/3476 5249/2079/3476 5250/2077/3476
f 5250/2077/3476 5251/2200/3476 5252/2201/3476
f 5256/2197/3477 5253/2202/3478 5254/2201/3478
f 5254/2201/3478 5255/2200/3479 5256/2197/3477
f 5260/2203/3480 5257/2080/3481 5258/2079/3481
f 5258/2079/3481 5259/2201/3481 5260/2203/3480
f 5264/2202/3482 5261/2204/3482 5262/2203/3482
f 5262/2203/3482 5263/2201/3482 5264/2202/3482
f 5268/2080/3483 5265/2203/3484 5266/2205/3485
f 5266/2205/3485 5267/2081/3485 5268/2080/3483
f 5272/2203/3486 5269/2204/3486 5270/2206/3487
f 5270/2206/3487 5271/2205/3487 5272/2203/3486
f 5276/2082/3488 5273/2081/3489 5274/2205/3488
f 5274/2205/3488 5275/2207/3489 5276/2082/3488
f 5280/2206/3490 5277/2208/3491 5278/2207/3490
f 5278/2207/3490 5279/2205/3490 5280/2206/3490
f 5284/2207/3492 5281/2209/3492 5282/2083/3492
f 5282/2083/3492 5283/2082/3492 5284/2207/3492
f 5288/2209/3493 5285/2207/3493 5286/2208/3493
f 5286/2208/3493 5287/2210/3493 5288/2209/3493
f 5292/2211/3494 5289/2084/3494 5290/2083/3495
f 5290/2083/3495 5291/2209/3495 5292/2211/3494
f 5296/2211/3496 5293/2209/3497 5294/2210/3497
f 5294/2210/3497 5295/2212/3498 5296/2211/3496
f 5300/2215/3499 5297/2214/3499 5298/2213/3499
f 5298/2213/3499 5299/2216/3499 5300/2215/3499
f 5304/2213/3500 5301/2109/3500 5302/2110/3500
f 5302/2110/3500 5303/2216/3500 5304/2213/3500
f 5308/2217/3501 5305/2111/3501 5306/2109/3501
f 5306/2109/3501 5307/2213/3502 5308/2217/3501
f 5312/2218/3503 5309/2217/3503 5310/2213/3504
f 5310/2213/3504 5311/2214/3504 5312/2218/3503
f 5316/2217/3505 5313/2219/3506 5314/2112/3506
f 5314/2112/3506 5315/2111/3507 5316/2217/3505
f 5320/2217/3508 5317/2218/3508 5318/2220/3509
f 5318/2220/3509 5319/2219/3509 5320/2217/3508
f 5324/2113/3510 5321/2112/3511 5322/2219/3511
f 5322/2219/3511 5323/2221/3512 5324/2113/3510
f 5328/2220/3513 5325/2222/3514 5326/2221/3514
f 5326/2221/3514 5327/2219/3513 5328/2220/3513
f 5332/2113/3515 5329/2221/3515 5330/2223/3515
f 5330/2223/3515 5331/2114/3515 5332/2113/3515
f 5336/2223/3516 5333/2221/3517 5334/2222/3517
f 5334/2222/3517 5335/2224/3516 5336/2223/3516
f 5340/2225/3518 5337/2115/3518 5338/2114/3518
f 5338/2114/3518 5339/2223/3518 5340/2225/3518
f 5344/2224/3519 5341/2226/3520 5342/2225/3520
f 5342/2225/3520 5343/2223/3519 5344/2224/3519
f 5348/2227/3521 5345/2116/3522 5346/2115/3521
f 5346/2115/3521 5347/2225/3521 5348/2227/3521
f 5352/2227/3523 5349/2225/3524 5350/2226/3525
f 5350/2226/3525 5351/2228/3523 5352/2227/3523
f 5356/2229/3526 5353/2141/3527 5354/2142/3526
f 5354/2142/3526 5355/2230/3528 5356/2229/3526
f 5360/2231/3529 5357/2229/3529 5358/2230/3529
f 5358/2230/3529 5359/2232/3530 5360/2231/3529
f 5364/2141/3531 5361/2229/3531 5362/2233/3531
f 5362/2233/3531 5363/2143/3532 5364/2141/3531
f 5368/2233/3533 5365/2229/3534 5366/2231/3534
f 5366/2231/3534 5367/2234/3533 5368/2233/3533
f 5372/2233/3535 5369/2235/3535 5370/2144/3536
f 5370/2144/3536 5371/2143/3535 5372/2233/3535
f 5376/2234/3537 5373/2236/3538 5374/2235/3538
f 5374/2235/3538 5375/2233/3538 5376/2234/3537
f 5380/2237/3539 5377/2145/3539 5378/2144/3540
f 5378/2144/3540 5379/2235/3540 5380/2237/3539
f 5384/2236/3541 5381/2238/3541 5382/2237/3541
f 5382/2237/3541 5383/2235/3541 5384/2236/3541
f 5388/2145/3542 5385/2237/3542 5386/2239/3542
f 5386/2239/3542 5387/2146/3542 5388/2145/3542
f 5392/2239/3543 5389/2237/3543 5390/2238/3543
f 5390/2238/3543 5391/2240/3543 5392/2239/3543
f 5396/2241/3544 5393/2147/3544 5394/2146/3544
f 5394/2146/3544 5395/2239/3544 5396/2241/3544
f 5400/2242/3545 5397/2241/3545 5398/2239/3546
f 5398/2239/3546 5399/2240/3546 5400/2242/3545
f 5404/2148/3547 5401/2147/3547 5402/2241/3547
f 5402/2241/3547 5403/2243/3547 5404/2148/3547
f 5408/2244/3548 5405/2243/3548 5406/2241/3549
f 5406/2241/3549 5407/2242/3549 5408/2244/3548
f 5412/2023/3550 5409/2246/3550 5410/2245/3550
f 5410/2245/3550 5411/2022/3550 5412/2023/3550
f 5416/2247/3551 5413/2245/3551 5414/2246/3552
f 5414/2246/3552 5415/2248/3552 5416/2247/3551
f 5420/2248/3553 5417/2246/3553 5418/2249/3554
f 5418/2249/3554 5419/2250/3554 5420/2248/3553
f 5424/2025/3555 5421/2249/3555 5422/2246/3555
f 5422/2246/3555 5423/2023/3555 5424/2025/3555
f 5428/2249/3556 5425/2252/3556 5426/2251/3556
f 5426/2251/3556 5427/2250/3556 5428/2249/3556
f 5432/2025/3557 5429/2027/3558 5430/2252/3558
f 5430/2252/3558 5431/2249/3558 5432/2025/3557
f 5436/2254/3559 5433/2253/3559 5434/2251/3560
f 5434/2251/3560 5435/2252/3559 5436/2254/3559
f 5440/2254/3561 5437/2252/3561 5438/2027/3561
f 5438/2027/3561 5439/2030/3561 5440/2254/3561
f 5444/2253/3562 5441/2254/3562 5442/2255/3563
f 5442/2255/3563 5443/2256/3562 5444/2253/3562
f 5448/2032/3564 5445/2255/3564 5446/2254/3564
f 5446/2254/3564 5447/2030/3564 5448/2032/3564
f 5452/2256/3565 5449/2255/3565 5450/2257/3566
f 5450/2257/3566 5451/2258/3566 5452/2256/3565
f 5456/2033/3567 5453/2257/3567 5454/2255/3567
f 5454/2255/3567 5455/2032/3567 5456/2033/3567
f 5460/2258/3568 5457/2257/3568 5458/2259/3569
f 5458/2259/3569 5459/2260/3570 5460/2258/3568
f 5464/2035/3571 5461/2259/3571 5462/2257/3571
f 5462/2257/3571 5463/2033/3571 5464/2035/3571
f 5468/2055/3572 5465/2262/3572 5466/2261/3573
f 5466/2261/3573 5467/2054/3572 5468/2055/3572
f 5472/2261/3574 5469/2262/3575 5470/2263/3575
f 5470/2263/3575 5471/2264/3574 5472/2261/3574
f 5476/2265/3576 5473/2263/3577 5474/2262/3577
f 5474/2262/3577 5475/2266/3576 5476/2265/3576
f 5480/2058/3578 5477/2266/3578 5478/2262/3578
f 5478/2262/3578 5479/2055/3578 5480/2058/3578
f 5484/2265/3579 5481/2266/3579 5482/2267/3580
f 5482/2267/3580 5483/2268/3580 5484/2265/3579
f 5488/2059/3581 5485/2267/3581 5486/2266/3581
f 5486/2266/3581 5487/2058/3582 5488/2059/3581
f 5492/2268/3583 5489/2267/3583 5490/2269/3584
f 5490/2269/3584 5491/2270/3584 5492/2268/3583
f 5496/2062/3585 5493/2269/3585 5494/2267/3585
f 5494/2267/3585 5495/2059/3585 5496/2062/3585
f 5500/2270/3586 5497/2269/3586 5498/2271/3587
f 5498/2271/3587 5499/2272/3587 5500/2270/3586
f 5504/2063/3588 5501/2271/3589 5502/2269/3589
f 5502/2269/3589 5503/2062/3589 5504/2063/3588
f 5508/2272/3590 5505/2271/3591 5506/2273/3590
f 5506/2273/3590 5507/2274/3590 5508/2272/3590
f 5512/2065/3592 5509/2273/3592 5510/2271/3592
f 5510/2271/3592 5511/2063/3592 5512/2065/3592
f 5516/2273/3593 5513/2276/3594 5514/2275/3593
f 5514/2275/3593 5515/2274/3595 5516/2273/3593
f 5520/2276/3596 5517/2273/3597 5518/2065/3597
f 5518/2065/3597 5519/2067/3597 5520/2276/3596
f 5524/2278/3598 5521/2277/3598 5522/2088/3598
f 5522/2088/3598 5523/2085/3598 5524/2278/3598
f 5528/2278/3599 5525/2280/3599 5526/2279/3600
f 5526/2279/3600 5527/2277/3601 5528/2278/3599
f 5532/2282/3602 5529/2281/3602 5530/2280/3603
f 5530/2280/3603 5531/2278/3604 5532/2282/3602
f 5536/2278/3605 5533/2085/3605 5534/2089/3605
f 5534/2089/3605 5535/2282/3606 5536/2278/3605
f 5540/2284/3607 5537/2283/3608 5538/2281/3609
f 5538/2281/3609 5539/2282/3609 5540/2284/3607
f 5544/2282/3610 5541/2089/3610 5542/2092/3610
f 5542/2092/3610 5543/2284/3610 5544/2282/3610
f 5548/2284/3611 5545/2286/3612 5546/2285/3612
f 5546/2285/3612 5547/2283/3611 5548/2284/3611
f 5552/2284/3613 5549/2092/3613 5550/2093/3613
f 5550/2093/3613 5551/2286/3613 5552/2284/3613
f 5556/2288/3614 5553/2287/3615 5554/2285/3614
f 5554/2285/3614 5555/2286/3614 5556/2288/3614
f 5560/2093/3616 5557/2095/3616 5558/2288/3616
f 5558/2288/3616 5559/2286/3616 5560/2093/3616
f 5564/2288/3617 5561/2290/3618 5562/2289/3618
f 5562/2289/3618 5563/2287/3617 5564/2288/3617
f 5568/2097/3619 5565/2290/3619 5566/2288/3619
f 5566/2288/3619 5567/2095/3619 5568/2097/3619
f 5572/2292/3620 5569/2291/3620 5570/2289/3621
f 5570/2289/3621 5571/2290/3622 5572/2292/3620
f 5576/2290/3623 5573/2097/3623 5574/2099/3623
f 5574/2099/3623 5575/2292/3623 5576/2290/3623
f 5580/2294/3624 5577/2293/3624 5578/2118/3625
f 5578/2118/3625 5579/2119/3624 5580/2294/3624
f 5584/2294/3626 5581/2296/3626 5582/2295/3627
f 5582/2295/3627 5583/2293/3627 5584/2294/3626
f 5588/2297/3628 5585/2296/3629 5586/2294/3629
f 5586/2294/3629 5587/2298/3628 5588/2297/3628
f 5592/2294/3630 5589/2119/3630 5590/2122/3630
f 5590/2122/3630 5591/2298/3630 5592/2294/3630
f 5596/2298/3631 5593/2300/3631 5594/2299/3631
f 5594/2299/3631 5595/2297/3631 5596/2298/3631
f 5600/2298/3632 5597/2122/3632 5598/2123/3632
f 5598/2123/3632 5599/2300/3632 5600/2298/3632
f 5604/2299/3633 5601/2300/3633 5602/2301/3633
f 5602/2301/3633 5603/2302/3633 5604/2299/3633
f 5608/2125/3634 5605/2301/3634 5606/2300/3635
f 5606/2300/3635 5607/2123/3636 5608/2125/3634
f 5612/2304/3637 5609/2303/3638 5610/2302/3638
f 5610/2302/3638 5611/2301/3637 5612/2304/3637
f 5616/2301/3639 5613/2125/3639 5614/2127/3639
f 5614/2127/3639 5615/2304/3639 5616/2301/3639
f 5620/2306/3640 5617/2305/3641 5618/2303/3642
f 5618/2303/3642 5619/2304/3642 5620/2306/3640
f 5624/2306/3643 5621/2304/3643 5622/2127/3643
f 5622/2127/3643 5623/2129/3643 5624/2306/3643
f 5628/2308/3644 5625/2307/3644 5626/2305/3645
f 5626/2305/3645 5627/2306/3645 5628/2308/3644
f 5632/2308/3646 5629/2306/3646 5630/2129/3646
f 5630/2129/3646 5631/2131/3646 5632/2308/3646
f 5636/1991/3157 5633/1990/3158 5634/1989/3158
f 5634/1989/3158 5635/1992/3157 5636/1991/3157
f 5640/1994/3647 5637/1993/3648 5638/1991/3649
f 5638/1991/3649 5639/1992/3648 5640/1994/3647
f 5644/1993/3650 5641/1994/3163 5642/1995/3651
f 5642/1995/3651 5643/1996/3652 5644/1993/3650
f 5648/1995/3166 5645/1998/3164 5646/1997/3164
f 5646/1997/3164 5647/1996/3165 5648/1995/3166
f 5652/1999/3168 5649/1997/3168 5650/1998/3653
f 5650/1998/3653 5651/2000/3654 5652/1999/3168
f 5656/1999/3169 5653/2000/3655 5654/2001/3655
f 5654/2001/3655 5655/2002/3170 5656/1999/3169
f 5660/2003/3173 5657/2002/3173 5658/2001/3173
f 5658/2001/3173 5659/2004/3173 5660/2003/3173
s 0
f 5664/2006/3174 5661/2005/3174 5662/1992/3174
f 5662/1992/3174 5663/1989/3174 5664/2006/3174
f 5668/1994/3175 5665/1992/3175 5666/2005/3175
s 1
f 5666/2005/3175 5667/2007/3175 5668/1994/3175
s 0
f 5672/2007/3178 5669/2008/3178 5670/1995/3178
f 5670/1995/3178 5671/1994/3178 5672/2007/3178
f 5676/2009/3656 5673/1998/3656 5674/1995/3656
f 5674/1995/3180 5675/2008/3180 5676/2009/3180
f 5680/2010/3181 5677/2000/3181 5678/1998/3181
f 5678/1998/3657 5679/2009/3657 5680/2010/3657
f 5684/2000/3183 5681/2010/3183 5682/2011/3183
f 5682/2011/3183 5683/2001/3183 5684/2000/3183
f 5688/2001/3184 5685/2011/3184 5686/2012/3184
f 5686/2012/3658 5687/2004/3658 5688/2001/3658
s 1
f 5692/2005/3185 5689/2006/3186 5690/2013/3187
f 5690/2013/3187 5691/2014/3187 5692/2005/3185
f 5696/2014/3189 5693/2015/3188 5694/2007/3190
f 5694/2007/3190 5695/2005/3188 5696/2014/3189
f 5700/2007/3659 5697/2015/3193 5698/2016/3192
f 5698/2016/3192 5699/2008/3192 5700/2007/3659
f 5704/2017/3660 5701/2009/3195 5702/2008/3661
f 5702/2008/3661 5703/2016/3195 5704/2017/3660
f 5708/2010/3662 5705/2009/3663 5706/2017/3664
f 5706/2017/3664 5707/2018/3199 5708/2010/3662
f 5712/2010/3665 5709/2018/3666 5710/2019/3667
f 5710/2019/3667 5711/2011/3668 5712/2010/3665
f 5716/2019/3669 5713/2020/3203 5714/2012/3203
f 5714/2012/3203 5715/2011/3203 5716/2019/3669
f 5720/2023/3205 5717/2022/3206 5718/2021/3205
f 5718/2021/3205 5719/2024/3206 5720/2023/3205
f 5724/2026/3670 5721/2025/3208 5722/2023/3209
f 5722/2023/3209 5723/2024/3210 5724/2026/3670
f 5728/2026/3671 5725/2028/3212 5726/2027/3672
f 5726/2027/3672 5727/2025/3212 5728/2026/3671
f 5732/2027/3215 5729/2028/3213 5730/2029/3214
f 5730/2029/3214 5731/2030/3213 5732/2027/3215
f 5736/2030/3216 5733/2029/3218 5734/2031/3673
f 5734/2031/3673 5735/2032/3673 5736/2030/3216
f 5740/2034/3674 5737/2033/3675 5738/2032/3676
f 5738/2032/3676 5739/2031/3677 5740/2034/3674
f 5744/2036/3223 5741/2035/3223 5742/2033/3223
f 5742/2033/3223 5743/2034/3224 5744/2036/3223
s 0
f 5748/2038/3225 5745/2037/3225 5746/2024/3225
f 5746/2024/3225 5747/2021/3225 5748/2038/3225
f 5752/2026/3227 5749/2024/3227 5750/2037/3227
f 5750/2037/3227 5751/2039/3227 5752/2026/3227
f 5756/2026/3228 5753/2039/3228 5754/2040/3228
f 5754/2040/3228 5755/2028/3228 5756/2026/3228
f 5760/2029/3230 5757/2028/3230 5758/2040/3230
f 5758/2040/3678 5759/2041/3678 5760/2029/3678
f 5764/2031/3679 5761/2029/3679 5762/2041/3679
f 5762/2041/3232 5763/2042/3232 5764/2031/3232
f 5768/2031/3233 5765/2042/3233 5766/2043/3233
f 5766/2043/3234 5767/2034/3234 5768/2031/3234
f 5772/2036/3235 5769/2034/3235 5770/2043/3235
f 5770/2043/3235 5771/2044/3235 5772/2036/3235
s 1
f 5776/2045/3680 5773/2037/3236 5774/2038/3236
f 5774/2038/3236 5775/2046/3681 5776/2045/3680
f 5780/2037/3682 5777/2045/3238 5778/2047/3683
f 5778/2047/3683 5779/2039/3684 5780/2037/3682
f 5784/2039/3241 5781/2047/3685 5782/2048/3242
f 5782/2048/3242 5783/2040/3242 5784/2039/3241
f 5788/2040/3686 5785/2048/3687 5786/2049/3688
f 5786/2049/3688 5787/2041/3687 5788/2040/3686
f 5792/2049/3689 5789/2050/3690 5790/2042/3691
f 5790/2042/3691 5791/2041/3246 5792/2049/3689
f 5796/2042/3692 5793/2050/3693 5794/2051/3694
f 5794/2051/3694 5795/2043/3249 5796/2042/3692
f 5800/2051/3252 5797/2052/3253 5798/2044/3253
f 5798/2044/3253 5799/2043/3253 5800/2051/3252
f 5804/2055/3695 5801/2054/3254 5802/2053/3254
f 5802/2053/3254 5803/2056/3254 5804/2055/3695
f 5808/2055/3696 5805/2056/3256 5806/2057/3257
f 5806/2057/3257 5807/2058/3256 5808/2055/3696
f 5812/2057/3259 5809/2060/3262 5810/2059/3262
f 5810/2059/3262 5811/2058/3261 5812/2057/3259
f 5816/2059/3697 5813/2060/3265 5814/2061/3264
f 5814/2061/3264 5815/2062/3265 5816/2059/3697
f 5820/2064/3270 5817/2063/3698 5818/2062/3699
f 5818/2062/3699 5819/2061/3267 5820/2064/3270
s 0
f 5824/2065/3700 5821/2063/3700 5822/2064/3700
s 1
f 5822/2064/3701 5823/2066/3701 5824/2065/3701
f 5828/2067/3275 5825/2065/3275 5826/2066/3275
f 5826/2066/3275 5827/2068/3275 5828/2067/3275
s 0
f 5832/2070/3276 5829/2069/3276 5830/2056/3276
f 5830/2056/3276 5831/2053/3276 5832/2070/3276
f 5836/2069/3702 5833/2071/3702 5834/2057/3702
f 5834/2057/3702 5835/2056/3702 5836/2069/3702
f 5840/2057/3278 5837/2071/3278 5838/2072/3278
f 5838/2072/3278 5839/2060/3278 5840/2057/3278
f 5844/2073/3703 5841/2061/3703 5842/2060/3703
f 5842/2060/3703 5843/2072/3703 5844/2073/3703
f 5848/2073/3704 5845/2074/3704 5846/2064/3704
f 5846/2064/3704 5847/2061/3704 5848/2073/3704
f 5852/2066/3281 5849/2064/3281 5850/2074/3281
f 5850/2074/3281 5851/2075/3281 5852/2066/3281
f 5856/2068/3282 5853/2066/3282 5854/2075/3282
f 5854/2075/3282 5855/2076/3282 5856/2068/3282
s 1
f 5860/2077/3705 5857/2069/3283 5858/2070/3706
f 5858/2070/3706 5859/2078/3283 5860/2077/3705
f 5864/2071/3707 5861/2069/3285 5862/2077/3708
f 5862/2077/3708 5863/2079/3285 5864/2071/3707
f 5868/2072/3287 5865/2071/3287 5866/2079/3288
f 5866/2079/3288 5867/2080/3289 5868/2072/3287
f 5872/2080/3709 5869/2081/3709 5870/2073/3710
f 5870/2073/3710 5871/2072/3290 5872/2080/3709
f 5876/2073/3291 5873/2081/3711 5874/2082/3712
f 5874/2082/3712 5875/2074/3291 5876/2073/3291
s 0
f 5880/2074/3295 5877/2082/3295 5878/2083/3295
s 1
f 5878/2083/3297 5879/2075/3297 5880/2074/3297
f 5884/2084/3298 5881/2076/3298 5882/2075/3298
f 5882/2075/3298 5883/2083/3299 5884/2084/3298
f 5888/2087/3301 5885/2086/3301 5886/2085/3302
f 5886/2085/3302 5887/2088/3300 5888/2087/3301
f 5892/2086/3305 5889/2090/3303 5890/2089/3713
f 5890/2089/3713 5891/2085/3304 5892/2086/3305
f 5896/2089/3307 5893/2090/3308 5894/2091/3308
f 5894/2091/3308 5895/2092/3308 5896/2089/3307
f 5900/2091/3714 5897/2094/3715 5898/2093/3716
f 5898/2093/3716 5899/2092/3310 5900/2091/3714
f 5904/2096/3717 5901/2095/3718 5902/2093/3719
f 5902/2093/3719 5903/2094/3315 5904/2096/3717
f 5908/2098/3720 5905/2097/3721 5906/2095/3318
f 5906/2095/3318 5907/2096/3319 5908/2098/3720
f 5912/2099/3722 5909/2097/3320 5910/2098/3320
f 5910/2098/3320 5911/2100/3722 5912/2099/3722
s 0
f 5916/2101/3321 5913/2086/3321 5914/2087/3321
f 5914/2087/3322 5915/2102/3322 5916/2101/3322
f 5920/2086/3324 5917/2101/3324 5918/2103/3324
f 5918/2103/3323 5919/2090/3323 5920/2086/3323
f 5924/2104/3723 5921/2091/3723 5922/2090/3723
s 1
f 5922/2090/3724 5923/2103/3724 5924/2104/3724
s 0
f 5928/2091/3326 5925/2104/3326 5926/2105/3326
f 5926/2105/3725 5927/2094/3725 5928/2091/3725
f 5932/2105/3726 5929/2106/3726 5930/2096/3726
f 5930/2096/3327 5931/2094/3327 5932/2105/3327
f 5936/2098/3329 5933/2096/3329 5934/2106/3329
f 5934/2106/3727 5935/2107/3727 5936/2098/3727
f 5940/2098/3330 5937/2107/3330 5938/2108/3330
f 5938/2108/3330 5939/2100/3330 5940/2098/3330
s 1
f 5944/2109/3728 5941/2101/3331 5942/2102/3332
f 5942/2102/3332 5943/2110/3331 5944/2109/3728
f 5948/2109/3333 5945/2111/3729 5946/2103/3730
f 5946/2103/3730 5947/2101/3334 5948/2109/3333
f 5952/2111/3731 5949/2112/3732 5950/2104/3339
f 5950/2104/3339 5951/2103/3339 5952/2111/3731
f 5956/2112/3340 5953/2113/3341 5954/2105/3733
f 5954/2105/3733 5955/2104/3342 5956/2112/3340
f 5960/2113/3734 5957/2114/3345 5958/2106/3734
f 5958/2106/3734 5959/2105/3734 5960/2113/3734
f 5964/2107/3350 5961/2106/3350 5962/2114/3735
f 5962/2114/3735 5963/2115/3736 5964/2107/3350
f 5968/2115/3351 5965/2116/3737 5966/2108/3351
f 5966/2108/3351 5967/2107/3351 5968/2115/3351
f 5972/2119/3738 5969/2118/3353 5970/2117/3352
f 5970/2117/3352 5971/2120/3352 5972/2119/3738
f 5976/2119/3355 5973/2120/3355 5974/2121/3356
f 5974/2121/3356 5975/2122/3357 5976/2119/3355
f 5980/2123/3358 5977/2122/3360 5978/2121/3739
f 5978/2121/3739 5979/2124/3358 5980/2123/3358
f 5984/2125/3740 5981/2123/3362 5982/2124/3741
f 5982/2124/3741 5983/2126/3362 5984/2125/3740
f 5988/2127/3367 5985/2125/3365 5986/2126/3366
f 5986/2126/3366 5987/2128/3742 5988/2127/3367
f 5992/2129/3743 5989/2127/3370 5990/2128/3744
f 5990/2128/3744 5991/2130/3369 5992/2129/3743
f 5996/2131/3372 5993/2129/3372 5994/2130/3372
f 5994/2130/3372 5995/2132/3372 5996/2131/3372
s 0
f 6000/2133/3373 5997/2120/3373 5998/2117/3373
f 5998/2117/3373 5999/2134/3373 6000/2133/3373
s 1
f 6004/2135/3374 6001/2121/3374 6002/2120/3374
s 0
f 6002/2120/3374 6003/2133/3374 6004/2135/3374
f 6008/2136/3377 6005/2124/3377 6006/2121/3377
f 6006/2121/3377 6007/2135/3377 6008/2136/3377
f 6012/2136/3745 6009/2137/3745 6010/2126/3745
f 6010/2126/3378 6011/2124/3378 6012/2136/3378
f 6016/2128/3379 6013/2126/3379 6014/2137/3379
f 6014/2137/3746 6015/2138/3746 6016/2128/3746
f 6020/2138/3747 6017/2139/3747 6018/2130/3747
f 6018/2130/3380 6019/2128/3380 6020/2138/3380
f 6024/2132/3184 6021/2130/3184 6022/2139/3184
f 6022/2139/3184 6023/2140/3184 6024/2132/3184
s 1
f 6028/2134/3382 6025/2142/3381 6026/2141/3748
f 6026/2141/3748 6027/2133/3381 6028/2134/3382
f 6032/2143/3383 6029/2135/3384 6030/2133/3749
f 6030/2133/3749 6031/2141/3750 6032/2143/3383
f 6036/2135/3385 6033/2143/3386 6034/2144/3751
f 6034/2144/3751 6035/2136/3387 6036/2135/3385
f 6040/2144/3752 6037/2145/3753 6038/2137/3754
f 6038/2137/3754 6039/2136/3753 6040/2144/3752
f 6044/2145/3755 6041/2146/3756 6042/2138/3757
f 6042/2138/3757 6043/2137/3758 6044/2145/3755
f 6048/2139/3759 6045/2138/3395 6046/2146/3394
f 6046/2146/3394 6047/2147/3760 6048/2139/3759
f 6052/2140/3396 6049/2139/3396 6050/2147/3396
f 6050/2147/3396 6051/2148/3396 6052/2140/3396
f 6056/2151/3761 6053/2150/3761 6054/2149/3397
f 6054/2149/3397 6055/2152/3397 6056/2151/3761
f 6060/1990/3400 6057/1991/3399 6058/2149/3400
f 6058/2149/3400 6059/2150/3400 6060/1990/3400
f 6064/2149/3402 6061/2154/3762 6062/2153/3401
f 6062/2153/3401 6063/2152/3402 6064/2149/3402
f 6068/1991/3403 6065/1993/3403 6066/2154/3403
f 6066/2154/3403 6067/2149/3403 6068/1991/3403
f 6072/2154/3404 6069/2156/3763 6070/2155/3764
f 6070/2155/3764 6071/2153/3404 6072/2154/3404
f 6076/2154/3405 6073/1993/3405 6074/1996/3405
f 6074/1996/3405 6075/2156/3405 6076/2154/3405
f 6080/2158/3765 6077/2157/3765 6078/2155/3407
f 6078/2155/3407 6079/2156/3766 6080/2158/3765
f 6084/2158/3408 6081/2156/3409 6082/1996/3409
f 6082/1996/3409 6083/1997/3408 6084/2158/3408
f 6088/2157/3411 6085/2158/3767 6086/2159/3768
f 6086/2159/3768 6087/2160/3412 6088/2157/3411
f 6092/1999/3413 6089/2159/3413 6090/2158/3413
f 6090/2158/3413 6091/1997/3413 6092/1999/3413
f 6096/2159/3415 6093/2162/3769 6094/2161/3769
f 6094/2161/3769 6095/2160/3415 6096/2159/3415
f 6100/2002/3417 6097/2162/3417 6098/2159/3416
f 6098/2159/3416 6099/1999/3417 6100/2002/3417
f 6104/2161/3418 6101/2162/3418 6102/2163/3419
f 6102/2163/3419 6103/2164/3770 6104/2161/3418
f 6108/2003/3420 6105/2163/3420 6106/2162/3420
f 6106/2162/3420 6107/2002/3420 6108/2003/3420
f 6112/2167/3421 6109/2166/3421 6110/2165/3421
f 6110/2165/3421 6111/2168/3421 6112/2167/3421
f 6116/2013/3423 6113/2165/3423 6114/2166/3423
f 6114/2166/3423 6115/2014/3423 6116/2013/3423
f 6120/2014/3424 6117/2166/3424 6118/2169/3424
f 6118/2169/3424 6119/2015/3424 6120/2014/3424
f 6124/2170/3426 6121/2169/3426 6122/2166/3771
f 6122/2166/3771 6123/2167/3771 6124/2170/3426
f 6128/2015/3428 6125/2169/3428 6126/2171/3428
f 6126/2171/3428 6127/2016/3428 6128/2015/3428
f 6132/2172/3430 6129/2171/3430 6130/2169/3430
f 6130/2169/3430 6131/2170/3430 6132/2172/3430
f 6136/2016/3432 6133/2171/3772 6134/2173/3772
f 6134/2173/3772 6135/2017/3432 6136/2016/3432
f 6140/2172/3433 6137/2174/3434 6138/2173/3434
f 6138/2173/3434 6139/2171/3433 6140/2172/3433
f 6144/2018/3435 6141/2017/3435 6142/2173/3435
f 6142/2173/3435 6143/2175/3773 6144/2018/3435
f 6148/2174/3774 6145/2176/3775 6146/2175/3776
f 6146/2175/3776 6147/2173/3774 6148/2174/3774
f 6152/2019/3438 6149/2018/3438 6150/2175/3438
f 6150/2175/3438 6151/2177/3438 6152/2019/3438
f 6156/2176/3439 6153/2178/3777 6154/2177/3777
f 6154/2177/3777 6155/2175/3439 6156/2176/3439
f 6160/2019/3441 6157/2177/3441 6158/2179/3441
f 6158/2179/3441 6159/2020/3441 6160/2019/3441
f 6164/2178/3442 6161/2180/3443 6162/2179/3443
f 6162/2179/3443 6163/2177/3442 6164/2178/3442
f 6168/2183/3444 6165/2182/3444 6166/2181/3444
f 6166/2181/3444 6167/2184/3444 6168/2183/3444
f 6172/2182/3446 6169/2045/3447 6170/2046/3446
f 6170/2046/3446 6171/2181/3446 6172/2182/3446
f 6176/2182/3448 6173/2185/3448 6174/2047/3448
f 6174/2047/3448 6175/2045/3448 6176/2182/3448
f 6180/2185/3449 6177/2182/3450 6178/2183/3450
f 6178/2183/3450 6179/2186/3778 6180/2185/3449
f 6184/2048/3452 6181/2047/3451 6182/2185/3452
f 6182/2185/3452 6183/2187/3452 6184/2048/3452
f 6188/2187/3453 6185/2185/3454 6186/2186/3454
f 6186/2186/3454 6187/2188/3453 6188/2187/3453
f 6192/2187/3455 6189/2189/3457 6190/2049/3456
f 6190/2049/3456 6191/2048/3455 6192/2187/3455
f 6196/2189/3458 6193/2187/3458 6194/2188/3458
f 6194/2188/3458 6195/2190/3458 6196/2189/3458
f 6200/2049/3460 6197/2189/3460 6198/2191/3460
f 6198/2191/3460 6199/2050/3460 6200/2049/3460
f 6204/2191/3463 6201/2189/3463 6202/2190/3463
f 6202/2190/3463 6203/2192/3463 6204/2191/3463
f 6208/2193/3465 6205/2051/3466 6206/2050/3466
f 6206/2050/3466 6207/2191/3465 6208/2193/3465
f 6212/2194/3467 6209/2193/3467 6210/2191/3779
f 6210/2191/3779 6211/2192/3779 6212/2194/3467
f 6216/2051/3469 6213/2193/3469 6214/2195/3470
f 6214/2195/3470 6215/2052/3470 6216/2051/3469
f 6220/2195/3780 6217/2193/3472 6218/2194/3472
f 6218/2194/3472 6219/2196/3780 6220/2195/3780
f 6224/2199/3473 6221/2198/3473 6222/2197/3781
f 6222/2197/3781 6223/2200/3474 6224/2199/3473
f 6228/2200/3782 6225/2077/3475 6226/2078/3475
f 6226/2078/3475 6227/2199/3475 6228/2200/3782
f 6232/2201/3783 6229/2079/3783 6230/2077/3783
f 6230/2077/3783 6231/2200/3476 6232/2201/3783
f 6236/2197/3478 6233/2202/3784 6234/2201/3785
f 6234/2201/3785 6235/2200/3478 6236/2197/3478
f 6240/2203/3480 6237/2080/3481 6238/2079/3481
f 6238/2079/3481 6239/2201/3481 6240/2203/3480
f 6244/2202/3786 6241/2204/3787 6242/2203/3787
f 6242/2203/3787 6243/2201/3786 6244/2202/3786
f 6248/2080/3484 6245/2203/3484 6246/2205/3484
f 6246/2205/3484 6247/2081/3484 6248/2080/3484
f 6252/2203/3788 6249/2204/3788 6250/2206/3486
f 6250/2206/3486 6251/2205/3789 6252/2203/3788
f 6256/2082/3488 6253/2081/3488 6254/2205/3489
f 6254/2205/3489 6255/2207/3489 6256/2082/3488
f 6260/2206/3491 6257/2208/3491 6258/2207/3790
f 6258/2207/3790 6259/2205/3491 6260/2206/3491
f 6264/2207/3492 6261/2209/3492 6262/2083/3492
f 6262/2083/3492 6263/2082/3492 6264/2207/3492
f 6268/2209/3493 6265/2207/3493 6266/2208/3493
f 6266/2208/3493 6267/2210/3493 6268/2209/3493
f 6272/2211/3494 6269/2084/3494 6270/2083/3495
f 6270/2083/3495 6271/2209/3495 6272/2211/3494
f 6276/2211/3496 6273/2209/3497 6274/2210/3497
f 6274/2210/3497 6275/2212/3496 6276/2211/3496
f 6280/2215/3499 6277/2214/3791 6278/2213/3791
f 6278/2213/3791 6279/2216/3499 6280/2215/3499
f 6284/2213/3500 6281/2109/3500 6282/2110/3500
f 6282/2110/3500 6283/2216/3500 6284/2213/3500
f 6288/2217/3501 6285/2111/3792 6286/2109/3501
f 6286/2109/3501 6287/2213/3501 6288/2217/3501
f 6292/2218/3793 6289/2217/3793 6290/2213/3793
f 6290/2213/3793 6291/2214/3793 6292/2218/3793
f 6296/2217/3506 6293/2219/3505 6294/2112/3505
f 6294/2112/3505 6295/2111/3506 6296/2217/3506
f 6300/2217/3509 6297/2218/3509 6298/2220/3508
f 6298/2220/3508 6299/2219/3508 6300/2217/3509
f 6304/2113/3794 6301/2112/3511 6302/2219/3511
f 6302/2219/3511 6303/2221/3511 6304/2113/3794
f 6308/2220/3514 6305/2222/3513 6306/2221/3514
f 6306/2221/3514 6307/2219/3514 6308/2220/3514
f 6312/2113/3515 6309/2221/3515 6310/2223/3515
f 6310/2223/3515 6311/2114/3515 6312/2113/3515
f 6316/2223/3517 6313/2221/3795 6314/2222/3795
f 6314/2222/3795 6315/2224/3796 6316/2223/3517
f 6320/2225/3518 6317/2115/3518 6318/2114/3518
f 6318/2114/3518 6319/2223/3518 6320/2225/3518
f 6324/2224/3797 6321/2226/3520 6322/2225/3520
f 6322/2225/3520 6323/2223/3797 6324/2224/3797
f 6328/2227/3521 6325/2116/3522 6326/2115/3521
f 6326/2115/3521 6327/2225/3521 6328/2227/3521
f 6332/2227/3525 6329/2225/3525 6330/2226/3524
f 6330/2226/3524 6331/2228/3525 6332/2227/3525
f 6336/2229/3526 6333/2141/3527 6334/2142/3528
f 6334/2142/3528 6335/2230/3528 6336/2229/3526
f 6340/2231/3530 6337/2229/3530 6338/2230/3529
f 6338/2230/3529 6339/2232/3798 6340/2231/3530
f 6344/2141/3531 6341/2229/3531 6342/2233/3531
f 6342/2233/3531 6343/2143/3532 6344/2141/3531
f 6348/2233/3799 6345/2229/3799 6346/2231/3800
f 6346/2231/3800 6347/2234/3799 6348/2233/3799
f 6352/2233/3535 6349/2235/3536 6350/2144/3535
f 6350/2144/3535 6351/2143/3535 6352/2233/3535
f 6356/2234/3538 6353/2236/3538 6354/2235/3801
f 6354/2235/3801 6355/2233/3537 6356/2234/3538
f 6360/2237/3539 6357/2145/3539 6358/2144/3540
f 6358/2144/3540 6359/2235/3540 6360/2237/3539
f 6364/2236/3541 6361/2238/3802 6362/2237/3802
f 6362/2237/3802 6363/2235/3541 6364/2236/3541
f 6368/2145/3542 6365/2237/3542 6366/2239/3542
f 6366/2239/3542 6367/2146/3542 6368/2145/3542
f 6372/2239/3803 6369/2237/3804 6370/2238/3805
f 6370/2238/3805 6371/2240/3803 6372/2239/3803
f 6376/2241/3544 6373/2147/3544 6374/2146/3544
f 6374/2146/3544 6375/2239/3544 6376/2241/3544
f 6380/2242/3806 6377/2241/3806 6378/2239/3807
f 6378/2239/3807 6379/2240/3807 6380/2242/3806
f 6384/2148/3547 6381/2147/3547 6382/2241/3547
f 6382/2241/3547 6383/2243/3808 6384/2148/3547
f 6388/2244/3548 6385/2243/3548 6386/2241/3809
f 6386/2241/3809 6387/2242/3549 6388/2244/3548
f 6392/2023/3550 6389/2246/3550 6390/2245/3550
f 6390/2245/3550 6391/2022/3550 6392/2023/3550
f 6396/2247/3551 6393/2245/3551 6394/2246/3810
f 6394/2246/3810 6395/2248/3811 6396/2247/3551
f 6400/2248/3554 6397/2246/3553 6398/2249/3553
f 6398/2249/3553 6399/2250/3553 6400/2248/3554
f 6404/2025/3555 6401/2249/3555 6402/2246/3555
f 6402/2246/3555 6403/2023/3555 6404/2025/3555
f 6408/2249/3556 6405/2252/3812 6406/2251/3812
f 6406/2251/3812 6407/2250/3556 6408/2249/3556
f 6412/2025/3558 6409/2027/3558 6410/2252/3558
f 6410/2252/3558 6411/2249/3557 6412/2025/3558
f 6416/2254/3813 6413/2253/3813 6414/2251/3559
f 6414/2251/3559 6415/2252/3559 6416/2254/3813
f 6420/2254/3814 6417/2252/3561 6418/2027/3561
f 6418/2027/3561 6419/2030/3561 6420/2254/3814
f 6424/2253/3563 6421/2254/3562 6422/2255/3562
f 6422/2255/3562 6423/2256/3562 6424/2253/3563
f 6428/2032/3564 6425/2255/3564 6426/2254/3564
f 6426/2254/3564 6427/2030/3564 6428/2032/3564
f 6432/2256/3815 6429/2255/3815 6430/2257/3815
f 6430/2257/3815 6431/2258/3815 6432/2256/3815
f 6436/2033/3567 6433/2257/3567 6434/2255/3567
f 6434/2255/3567 6435/2032/3567 6436/2033/3567
f 6440/2258/3568 6437/2257/3568 6438/2259/3569
f 6438/2259/3569 6439/2260/3569 6440/2258/3568
f 6444/2035/3571 6441/2259/3571 6442/2257/3571
f 6442/2257/3571 6443/2033/3571 6444/2035/3571
f 6448/2055/3572 6445/2262/3572 6446/2261/3573
f 6446/2261/3573 6447/2054/3816 6448/2055/3572
f 6452/2261/3574 6449/2262/3575 6450/2263/3575
f 6450/2263/3575 6451/2264/3574 6452/2261/3574
f 6456/2265/3817 6453/2263/3576 6454/2262/3576
f 6454/2262/3576 6455/2266/3818 6456/2265/3817
f 6460/2058/3578 6457/2266/3578 6458/2262/3578
f 6458/2262/3578 6459/2055/3578 6460/2058/3578
f 6464/2265/3579 6461/2266/3579 6462/2267/3819
f 6462/2267/3819 6463/2268/3579 6464/2265/3579
f 6468/2059/3582 6465/2267/3582 6466/2266/3581
f 6466/2266/3581 6467/2058/3582 6468/2059/3582
f 6472/2268/3584 6469/2267/3584 6470/2269/3583
f 6470/2269/3583 6471/2270/3583 6472/2268/3584
f 6476/2062/3585 6473/2269/3585 6474/2267/3585
f 6474/2267/3585 6475/2059/3585 6476/2062/3585
f 6480/2270/3587 6477/2269/3820 6478/2271/3587
f 6478/2271/3587 6479/2272/3821 6480/2270/3587
f 6484/2063/3589 6481/2271/3589 6482/2269/3589
f 6482/2269/3589 6483/2062/3589 6484/2063/3589
f 6488/2272/3590 6485/2271/3590 6486/2273/3590
f 6486/2273/3590 6487/2274/3590 6488/2272/3590
f 6492/2065/3592 6489/2273/3592 6490/2271/3592
f 6490/2271/3592 6491/2063/3592 6492/2065/3592
f 6496/2273/3822 6493/2276/3594 6494/2275/3593
f 6494/2275/3593 6495/2274/3594 6496/2273/3822
f 6500/2276/3596 6497/2273/3597 6498/2065/3597
f 6498/2065/3597 6499/2067/3596 6500/2276/3596
f 6504/2278/3598 6501/2277/3598 6502/2088/3598
f 6502/2088/3598 6503/2085/3598 6504/2278/3598
f 6508/2278/3599 6505/2280/3823 6506/2279/3601
f 6506/2279/3601 6507/2277/3601 6508/2278/3599
f 6512/2282/3824 6509/2281/3602 6510/2280/3825
f 6510/2280/3825 6511/2278/3826 6512/2282/3824
f 6516/2278/3606 6513/2085/3606 6514/2089/3605
f 6514/2089/3605 6515/2282/3605 6516/2278/3606
f 6520/2284/3609 6517/2283/3609 6518/2281/3609
f 6518/2281/3609 6519/2282/3609 6520/2284/3609
f 6524/2282/3610 6521/2089/3610 6522/2092/3610
f 6522/2092/3610 6523/2284/3610 6524/2282/3610
f 6528/2284/3611 6525/2286/3611 6526/2285/3827
f 6526/2285/3827 6527/2283/3611 6528/2284/3611
f 6532/2284/3828 6529/2092/3828 6530/2093/3613
f 6530/2093/3613 6531/2286/3613 6532/2284/3828
f 6536/2288/3614 6533/2287/3614 6534/2285/3615
f 6534/2285/3615 6535/2286/3614 6536/2288/3614
f 6540/2093/3616 6537/2095/3616 6538/2288/3616
f 6538/2288/3616 6539/2286/3616 6540/2093/3616
f 6544/2288/3617 6541/2290/3829 6542/2289/3829
f 6542/2289/3829 6543/2287/3830 6544/2288/3617
f 6548/2097/3619 6545/2290/3619 6546/2288/3619
f 6546/2288/3619 6547/2095/3619 6548/2097/3619
f 6552/2292/3620 6549/2291/3620 6550/2289/3621
f 6550/2289/3621 6551/2290/3621 6552/2292/3620
f 6556/2290/3623 6553/2097/3623 6554/2099/3831
f 6554/2099/3831 6555/2292/3831 6556/2290/3623
f 6560/2294/3624 6557/2293/3624 6558/2118/3625
f 6558/2118/3625 6559/2119/3624 6560/2294/3624
f 6564/2294/3627 6561/2296/3627 6562/2295/3627
f 6562/2295/3627 6563/2293/3627 6564/2294/3627
f 6568/2297/3629 6565/2296/3628 6566/2294/3628
f 6566/2294/3628 6567/2298/3629 6568/2297/3629
f 6572/2294/3630 6569/2119/3630 6570/2122/3630
f 6570/2122/3630 6571/2298/3630 6572/2294/3630
f 6576/2298/3832 6573/2300/3833 6574/2299/3833
f 6574/2299/3833 6575/2297/3834 6576/2298/3832
f 6580/2298/3835 6577/2122/3835 6578/2123/3632
f 6578/2123/3632 6579/2300/3632 6580/2298/3835
f 6584/2299/3836 6581/2300/3633 6582/2301/3633
f 6582/2301/3633 6583/2302/3633 6584/2299/3836
f 6588/2125/3636 6585/2301/3636 6586/2300/3636
f 6586/2300/3636 6587/2123/3635 6588/2125/3636
f 6592/2304/3837 6589/2303/3837 6590/2302/3837
f 6590/2302/3837 6591/2301/3837 6592/2304/3837
f 6596/2301/3639 6593/2125/3639 6594/2127/3639
f 6594/2127/3639 6595/2304/3639 6596/2301/3639
f 6600/2306/3640 6597/2305/3640 6598/2303/3642
f 6598/2303/3642 6599/2304/3642 6600/2306/3640
f 6604/2306/3643 6601/2304/3643 6602/2127/3643
f 6602/2127/3643 6603/2129/3643 6604/2306/3643
f 6608/2308/3644 6605/2307/3644 6606/2305/3645
f 6606/2305/3645 6607/2306/3645 6608/2308/3644
f 6612/2308/3646 6609/2306/3646 6610/2129/3838
f 6610/2129/3838 6611/2131/3646 6612/2308/3646
