# Blender 5.2.0 LTS
# www.blender.org
mtllib kingsizebed2.mtl
o defaultMaterial
v 1.408038 18.812458 28.525862
v 1.408038 20.542677 27.325329
v -70.167107 20.116468 27.304829
v -70.148186 18.350048 27.977057
v -69.679192 12.389557 28.422815
v 1.408038 13.067313 29.923534
v 1.408038 5.334701 29.043318
v -70.930840 4.313982 28.154852
v -70.222183 3.518618 27.660660
v 1.408038 4.278011 28.250677
v -69.927895 20.817682 26.100376
v 1.408038 21.201466 25.772346
v -72.271912 4.566481 27.584963
v -71.848473 3.458186 27.346123
v -71.945160 11.799047 26.954069
v -72.314240 18.339891 27.197369
v -71.805984 19.994022 26.855516
v -71.011734 20.742666 25.844580
v -61.070118 21.493198 16.113348
v -71.236305 20.797106 24.955534
v -71.011734 20.742666 25.844580
v -61.070118 21.493198 16.113348
v 1.408038 21.498713 16.137190
v -72.085953 20.325071 25.482021
v -71.805984 19.994022 26.855516
v -72.961838 18.217009 25.879971
v -72.314240 18.339891 27.197369
v -73.020622 11.895080 25.618027
v -71.945160 11.799047 26.954069
v -72.832054 4.569285 26.596090
v -72.271912 4.566481 27.584963
v -72.203346 3.365370 25.753536
v -71.848473 3.458186 27.346123
v -67.752602 3.356007 23.059177
v -67.752602 3.356007 23.059177
v 1.408038 3.287859 24.120567
v -72.112762 20.144701 -52.153236
v -71.107109 20.798899 -52.117352
v -73.255997 18.579830 -52.428383
v -74.856461 12.819352 -52.352482
v -73.843704 4.984849 -51.899952
v -72.493393 3.638165 -52.235329
v -67.852386 3.227882 -52.484482
v -73.072388 4.323347 -130.191772
v -72.461174 3.414501 -130.037491
v -73.517281 10.891892 -128.926605
v -72.968605 18.563583 -128.738083
v -72.355568 19.628458 -128.190674
v -61.801422 21.400381 -51.963482
v -71.565025 20.326862 -127.620171
v -70.811867 20.549898 -128.610596
v -71.708710 19.891624 -129.568054
v -72.166962 18.830345 -130.302322
v -72.287048 10.840824 -131.002350
v -72.629143 4.784658 -131.513046
v -72.019287 3.433024 -131.112900
v -61.664513 21.746983 -120.281181
v -69.146973 20.724318 -129.737183
v -69.981567 20.065775 -130.683060
v -71.708710 19.891624 -129.568054
v -70.811867 20.549898 -128.610596
v -72.166962 18.830345 -130.302322
v -70.562538 19.060017 -131.323288
v 1.408038 20.529295 -131.286560
v 1.408038 19.532688 -132.268768
v -72.287048 10.840824 -131.002350
v -70.846558 11.162417 -131.991135
v 1.408038 11.519115 -134.113098
v -71.205360 4.614166 -132.266281
v -72.629143 4.784658 -131.513046
v 1.408038 5.106004 -132.965500
v -70.839592 3.611723 -131.709808
v -72.019287 3.433024 -131.112900
v 1.408038 3.940328 -131.668976
v -66.576233 3.240049 -128.002975
v -66.576233 3.240049 -128.002975
v 1.408038 3.364917 -128.863892
v -61.664513 21.746983 -120.281181
v 1.408038 21.444336 -120.708138
v 1.408038 21.048918 -130.260651
v 72.964333 18.350048 27.977057
v 72.983315 20.116468 27.304829
v 72.495308 12.389557 28.422815
v 73.747276 4.313982 28.154852
v 73.038589 3.518618 27.660660
v 72.744049 20.817682 26.100376
v 74.664711 3.458186 27.346123
v 75.087952 4.566481 27.584963
v 74.761238 11.799047 26.954069
v 75.130432 18.339891 27.197369
v 74.622223 19.994022 26.855516
v 73.828125 20.742666 25.844580
v 63.886196 21.493198 16.113348
v 74.052544 20.797106 24.955534
v 63.886196 21.493198 16.113348
v 73.828125 20.742666 25.844580
v 74.622223 19.994022 26.855516
v 74.902306 20.325071 25.482021
v 75.130432 18.339891 27.197369
v 75.778076 18.217009 25.879971
v 75.836647 11.895080 25.618027
v 74.761238 11.799047 26.954069
v 75.087952 4.566481 27.584963
v 75.648132 4.569285 26.596090
v 74.664711 3.458186 27.346123
v 75.019478 3.365370 25.753536
v 70.568886 3.356007 23.059177
v 70.568886 3.356007 23.059177
v 74.929115 20.144701 -52.153236
v 73.923439 20.798899 -52.117352
v 76.072197 18.579830 -52.428383
v 77.672737 12.819352 -52.352482
v 76.660034 4.984849 -51.899952
v 75.309456 3.638165 -52.235329
v 70.668709 3.227882 -52.484482
v 75.277290 3.414501 -130.037491
v 75.888634 4.323347 -130.191772
v 76.333313 10.891892 -128.926605
v 75.784668 18.563583 -128.738083
v 75.171677 19.628458 -128.190674
v 64.617584 21.400381 -51.963482
v 74.381310 20.326862 -127.620171
v 73.628075 20.549898 -128.610596
v 74.524864 19.891624 -129.568054
v 74.983170 18.830345 -130.302322
v 75.103203 10.840824 -131.002350
v 75.445587 4.784658 -131.513046
v 74.835487 3.433024 -131.112900
v 64.480629 21.746983 -120.281181
v 71.963173 20.724318 -129.737183
v 73.628075 20.549898 -128.610596
v 74.524864 19.891624 -129.568054
v 72.797684 20.065775 -130.683060
v 74.983170 18.830345 -130.302322
v 73.378906 19.060017 -131.323288
v 75.103203 10.840824 -131.002350
v 73.662720 11.162417 -131.991135
v 75.445587 4.784658 -131.513046
v 74.021591 4.614166 -132.266281
v 74.835487 3.433024 -131.112900
v 73.655708 3.611723 -131.709808
v 69.392403 3.240049 -128.002975
v 69.392403 3.240049 -128.002975
v 64.480629 21.746983 -120.281181
v -61.458630 -0.547920 61.544445
v -61.458668 -0.548621 40.920033
v -61.461510 4.367320 40.916344
v -61.461510 4.367362 61.547417
v -60.380074 -0.547920 61.543785
v -61.458630 -0.547920 61.544445
v -61.461510 4.367362 61.547417
v -60.377762 4.367362 61.547417
v -60.380604 -0.548621 40.920033
v -60.377762 4.367320 40.916344
v -61.461510 4.367320 40.916344
v -61.458668 -0.548621 40.920033
v 65.778801 -0.547920 40.919502
v 65.778801 -0.548621 61.543953
v 65.781693 4.367320 61.547623
v 65.781281 4.367362 40.916508
v 64.700081 -0.547920 40.920197
v 65.778801 -0.547920 40.919502
v 65.781281 4.367362 40.916508
v 64.697609 4.367362 40.916508
v 64.700500 -0.548621 61.543953
v 64.697609 4.367320 61.547623
v 65.781693 4.367320 61.547623
v 65.778801 -0.548621 61.543953
v -61.458630 -0.547920 61.544445
v -61.461510 4.367362 61.547417
v -61.461510 4.367320 40.916344
v -61.458668 -0.548621 40.920033
v -60.380074 -0.547920 61.543785
v -60.377762 4.367362 61.547417
v -61.461510 4.367362 61.547417
v -61.458630 -0.547920 61.544445
v -60.380604 -0.548621 40.920033
v -61.458668 -0.548621 40.920033
v -61.461510 4.367320 40.916344
v -60.377762 4.367320 40.916344
v 65.778801 -0.547920 40.919502
v 65.781281 4.367362 40.916508
v 65.781693 4.367320 61.547623
v 65.778801 -0.548621 61.543953
v 64.700081 -0.547920 40.920197
v 64.697609 4.367362 40.916508
v 65.781281 4.367362 40.916508
v 65.778801 -0.547920 40.919502
v 64.700500 -0.548621 61.543953
v 65.778801 -0.548621 61.543953
v 65.781693 4.367320 61.547623
v 64.697609 4.367320 61.547623
v -61.458630 -0.548084 -111.554085
v -61.461510 3.355966 -111.551605
v -61.461510 3.355966 -128.924530
v -61.458668 -0.548663 -128.921646
v -60.380074 -0.548084 -111.554489
v -60.377762 3.355966 -111.551605
v -61.461510 3.355966 -111.551605
v -61.458630 -0.548084 -111.554085
v -60.380604 -0.548663 -128.921646
v -61.458668 -0.548663 -128.921646
v -61.461510 3.355966 -128.924530
v -60.377762 3.355966 -128.924530
v 65.778801 -0.548084 -128.922058
v 65.781281 3.355966 -128.924530
v 65.781693 3.355966 -111.551605
v 65.778801 -0.548663 -111.554489
v 64.700081 -0.548084 -128.921219
v 64.697609 3.355966 -128.924530
v 65.781281 3.355966 -128.924530
v 65.778801 -0.548084 -128.922058
v 64.700500 -0.548663 -111.554489
v 65.778801 -0.548663 -111.554489
v 65.781693 3.355966 -111.551605
v 64.697609 3.355966 -111.551605
v -64.205696 -0.548621 24.140038
v 68.492302 -0.548084 24.140121
v 68.494766 3.356007 24.142967
v -64.208794 3.356007 24.142927
v 68.491882 -0.548084 23.061527
v 68.494766 3.356007 23.059217
v 68.494766 3.356007 24.142967
v 68.492302 -0.548084 24.140121
v -64.205696 -0.548621 23.062023
v -64.205696 -0.548621 24.140038
v -64.208794 3.356007 24.142927
v -64.208794 3.356007 23.059177
v 109.424988 24.945131 -114.981224
v 109.424988 38.775654 -114.981224
v 109.694359 38.779449 -114.909035
v 109.694359 24.945131 -114.909035
v 109.891541 24.945131 -114.711868
v 109.891541 38.789886 -114.711868
v 109.963730 38.804115 -114.442482
v 109.963730 24.945131 -114.442482
v 109.891541 24.945131 -114.173126
v 109.891541 38.818390 -114.173126
v 109.694359 38.828789 -113.975937
v 109.694359 24.945131 -113.975937
v 109.424988 38.832619 -113.903740
v 109.424988 24.945131 -113.903740
v 109.155617 24.945131 -113.975937
v 109.424988 24.945131 -113.903740
v 109.424988 38.832619 -113.903740
v 109.155617 38.828789 -113.975937
v 108.958435 38.818390 -114.173126
v 108.958435 24.945131 -114.173126
v 108.886246 38.804115 -114.442482
v 108.886246 24.945131 -114.442482
v 108.958435 24.945131 -114.711868
v 108.958435 38.789886 -114.711868
v 109.155617 38.779449 -114.909035
v 109.155617 24.945131 -114.909035
v 109.694359 40.292255 -115.069511
v 109.424988 40.278149 -115.140465
v 109.891541 40.330906 -114.875229
v 109.963730 40.383667 -114.609962
v 109.891541 40.436428 -114.344719
v 109.694359 40.475037 -114.150436
v 109.424988 40.489147 -114.079483
v 109.155617 40.475037 -114.150436
v 109.424988 40.489147 -114.079483
v 108.958435 40.436428 -114.344719
v 108.886246 40.383667 -114.609962
v 108.958435 40.330906 -114.875229
v 109.155617 40.292255 -115.069511
v 109.424988 41.787693 -115.585968
v 109.694359 41.815205 -115.518730
v 109.891541 41.890366 -115.335587
v 109.963730 41.993042 -115.084770
v 109.891541 42.095757 -114.834366
v 109.694359 42.170918 -114.650795
v 109.424988 42.198391 -114.583984
v 109.424988 42.198391 -114.583984
v 109.155617 42.170918 -114.650795
v 108.958435 42.095757 -114.834366
v 108.886246 41.993042 -115.084770
v 108.958435 41.890366 -115.335587
v 109.155617 41.815205 -115.518730
v 109.694359 43.245094 -116.283112
v 109.424988 43.203350 -116.342514
v 109.891541 43.359074 -116.120590
v 109.963730 43.514839 -115.898254
v 109.891541 43.670559 -115.675896
v 109.694359 43.784576 -115.513374
v 109.424988 43.826324 -115.453964
v 109.424988 43.826324 -115.453964
v 109.155617 43.784576 -115.513374
v 108.958435 43.670559 -115.675896
v 108.886246 43.514839 -115.898254
v 108.958435 43.359074 -116.120590
v 109.155617 43.245094 -116.283112
v 109.424988 44.415394 -117.431145
v 109.694359 44.471123 -117.384117
v 109.891541 44.623421 -117.256233
v 109.963730 44.831490 -117.080902
v 109.891541 45.039566 -116.905594
v 109.694359 45.191860 -116.777306
v 109.424988 45.247589 -116.730278
v 109.424988 45.247589 -116.730278
v 109.155617 45.191860 -116.777306
v 108.958435 45.039566 -116.905594
v 108.886246 44.831490 -117.080902
v 108.958435 44.623421 -117.256233
v 109.155617 44.471123 -117.384117
v 109.424988 45.327122 -118.882767
v 109.694359 45.393867 -118.853485
v 109.891541 45.576321 -118.773026
v 109.963730 45.825523 -118.663315
v 109.891541 46.074760 -118.553574
v 109.694359 46.257172 -118.473549
v 109.424988 46.323959 -118.443840
v 109.424988 46.323959 -118.443840
v 109.155617 46.257172 -118.473549
v 108.958435 46.074760 -118.553574
v 108.886246 45.825523 -118.663315
v 108.958435 45.576321 -118.773026
v 109.155617 45.393867 -118.853485
v 109.694359 45.912766 -120.739494
v 109.424988 45.840576 -120.748970
v 109.891541 46.110027 -120.713089
v 109.963730 46.379478 -120.676781
v 109.891541 46.648895 -120.640495
v 109.694359 46.846157 -120.614059
v 109.424988 46.918343 -120.604584
v 109.424988 46.918343 -120.604584
v 109.155617 46.846157 -120.614059
v 108.958435 46.648895 -120.640495
v 108.886246 46.379478 -120.676781
v 108.958435 46.110027 -120.713089
v 109.155617 45.912766 -120.739494
v 109.424988 45.836987 -123.151024
v 109.694359 45.909180 -123.151428
v 109.891541 46.106403 -123.151428
v 109.963730 46.375771 -123.151833
v 109.891541 46.645138 -123.152267
v 109.694359 46.842361 -123.152672
v 109.424988 46.914551 -123.152672
v 109.424988 46.914551 -123.152672
v 109.155617 46.842361 -123.152672
v 108.958435 46.645138 -123.152267
v 108.886246 46.375771 -123.151833
v 108.958435 46.106403 -123.151428
v 109.155617 45.909180 -123.151428
v 107.503098 24.945131 -113.584885
v 107.503098 38.775654 -113.584885
v 107.654892 38.779488 -113.818764
v 107.654892 24.945131 -113.818764
v 107.903229 24.945131 -113.945412
v 107.903229 38.789886 -113.945412
v 108.182091 38.804115 -113.930984
v 108.182091 24.945131 -113.930984
v 108.415985 38.818390 -113.779175
v 108.415985 24.945131 -113.779175
v 108.542625 38.828789 -113.530434
v 108.542625 24.945131 -113.530434
v 108.527771 38.832619 -113.251976
v 108.527771 24.945131 -113.251976
v 108.375969 24.945131 -113.018097
v 108.527771 24.945131 -113.251976
v 108.527771 38.832619 -113.251976
v 108.375969 38.828789 -113.018097
v 108.127640 24.945131 -112.891457
v 108.127640 38.818390 -112.891457
v 107.848793 38.804115 -112.905884
v 107.848793 24.945131 -112.905884
v 107.614883 24.945131 -113.058098
v 107.614883 38.789886 -113.058098
v 107.488243 38.779488 -113.306435
v 107.488243 24.945131 -113.306435
v 107.502274 40.292297 -113.868294
v 107.351707 40.278149 -113.634384
v 107.748123 40.330906 -113.996147
v 108.022865 40.383667 -113.982529
v 108.252625 40.436428 -113.831985
v 108.376389 40.475037 -113.584457
v 108.360710 40.489185 -113.306435
v 108.210136 40.475037 -113.072144
v 108.360710 40.489185 -113.306435
v 107.964294 40.436428 -112.944672
v 107.689552 40.383667 -112.957855
v 107.459785 40.330906 -113.108429
v 107.336021 40.292297 -113.355934
v 106.928062 41.787693 -113.771744
v 107.074905 41.815205 -114.007294
v 107.310455 41.890366 -114.138054
v 107.571159 41.993042 -114.129410
v 107.786896 42.095757 -113.983360
v 107.900352 42.170918 -113.739143
v 107.880959 42.198429 -113.461960
v 107.880959 42.198429 -113.461960
v 107.734100 42.170918 -113.226814
v 107.498566 42.095757 -113.095642
v 107.237846 41.993042 -113.104713
v 107.022110 41.890366 -113.250740
v 106.908669 41.815205 -113.494957
v 106.208221 43.203350 -114.005646
v 106.348068 43.245094 -114.243248
v 106.563805 43.359116 -114.380600
v 106.797287 43.514839 -114.380600
v 106.986633 43.670559 -114.243248
v 107.080276 43.784576 -114.005646
v 107.053467 43.826324 -113.730911
v 107.053467 43.826324 -113.730911
v 106.913620 43.784576 -113.493317
v 106.698288 43.670559 -113.355934
v 106.464394 43.514839 -113.355934
v 106.275459 43.359116 -113.493317
v 106.181816 43.245094 -113.730911
v 105.172813 44.415394 -114.342247
v 105.300697 44.471123 -114.583580
v 105.483849 44.623421 -114.731651
v 105.672783 44.831490 -114.746109
v 105.817162 45.039566 -114.623177
v 105.878212 45.191860 -114.396294
v 105.839432 45.247635 -114.125267
v 105.839432 45.247635 -114.125267
v 105.711555 45.191860 -113.883957
v 105.528816 45.039566 -113.735863
v 105.339897 44.831490 -113.721413
v 105.195503 44.623421 -113.844337
v 105.134453 44.471123 -114.071220
v 103.903519 45.393909 -115.037750
v 103.792557 45.327122 -114.790649
v 104.040894 45.576321 -115.200272
v 104.167534 45.825523 -115.235344
v 104.249619 46.074760 -115.132629
v 104.265282 46.257172 -114.920174
v 104.210022 46.323959 -114.654938
v 104.098640 46.257172 -114.407845
v 104.210022 46.323959 -114.654938
v 103.961273 46.074760 -114.245316
v 103.834625 45.825523 -114.210243
v 103.752541 45.576321 -114.312958
v 103.737282 45.393909 -114.525414
v 102.017509 45.840576 -115.367348
v 102.109917 45.912766 -115.620636
v 102.196129 46.110027 -115.800064
v 102.252640 46.379478 -115.857399
v 102.265022 46.648895 -115.777374
v 102.229141 46.846157 -115.581848
v 102.155296 46.918343 -115.322800
v 102.155296 46.918343 -115.322800
v 102.062485 46.846157 -115.069511
v 101.976677 46.648895 -114.890060
v 101.919762 46.379478 -114.832726
v 101.907799 46.110027 -114.912346
v 101.943260 45.912766 -115.108276
v 99.816360 45.909180 -116.366043
v 99.733040 45.836987 -116.109444
v 99.876991 46.106403 -116.553307
v 99.898857 46.375771 -116.622208
v 99.876167 46.645180 -116.553734
v 99.814705 46.842361 -116.366447
v 99.731369 46.914551 -116.110275
v 99.731369 46.914551 -116.110275
v 99.648468 46.842361 -115.853683
v 99.587837 46.645180 -115.666420
v 99.565964 46.375771 -115.597542
v 99.588654 46.106403 -115.666016
v 99.649704 45.909180 -115.853279
v 111.361320 38.779488 -113.306435
v 111.361320 24.945131 -113.306435
v 111.346878 24.945131 -113.584885
v 111.346878 38.775654 -113.584885
v 111.234673 38.789886 -113.058098
v 111.234673 24.945131 -113.058098
v 111.000778 38.804115 -112.905884
v 111.000778 24.945131 -112.905884
v 110.722343 38.818390 -112.891457
v 110.722343 24.945131 -112.891457
v 110.474007 38.828789 -113.018097
v 110.474007 24.945131 -113.018097
v 110.322197 38.832619 -113.251976
v 110.322197 24.945131 -113.251976
v 110.307350 38.828789 -113.530434
v 110.307350 24.945131 -113.530434
v 110.433990 38.818390 -113.779175
v 110.433990 24.945131 -113.779175
v 110.667885 38.804115 -113.930984
v 110.667885 24.945131 -113.930984
v 110.433990 24.945131 -113.779175
v 110.433990 38.818390 -113.779175
v 110.946327 24.945131 -113.945412
v 110.946327 38.789886 -113.945412
v 111.195068 38.779488 -113.818764
v 111.195068 24.945131 -113.818764
v 111.498268 40.278149 -113.633980
v 111.513954 40.292255 -113.355934
v 111.390190 40.330906 -113.108429
v 111.160011 40.383667 -112.957855
v 110.885689 40.436428 -112.944672
v 110.639839 40.475037 -113.072144
v 110.488853 40.489147 -113.306435
v 110.473587 40.475037 -113.584457
v 110.597351 40.436428 -113.831985
v 110.597351 40.436428 -113.831985
v 110.827110 40.383667 -113.982529
v 111.101852 40.330906 -113.996147
v 111.347298 40.292255 -113.868294
v 111.921913 41.787693 -113.771744
v 111.941307 41.815205 -113.494957
v 111.827866 41.890366 -113.250740
v 111.611710 41.993042 -113.104713
v 111.351418 42.095757 -113.095642
v 111.115875 42.170918 -113.226814
v 110.968605 42.198391 -113.461960
v 110.949219 42.170918 -113.739143
v 111.063065 42.095757 -113.983360
v 111.063065 42.095757 -113.983360
v 111.278816 41.993042 -114.129410
v 111.539520 41.890366 -114.138054
v 111.775070 41.815205 -114.007294
v 112.641754 43.203350 -114.005646
v 112.668144 43.245094 -113.730911
v 112.574516 43.359074 -113.493317
v 112.385574 43.514839 -113.355934
v 112.151695 43.670559 -113.355934
v 111.935944 43.784576 -113.493317
v 111.796104 43.826324 -113.730911
v 111.769699 43.784576 -114.005646
v 111.863335 43.670559 -114.243248
v 111.863335 43.670559 -114.243248
v 112.052277 43.514839 -114.380600
v 112.286171 43.359074 -114.380600
v 112.501923 43.245094 -114.243248
v 113.676750 44.415394 -114.341843
v 113.715523 44.471123 -114.071220
v 113.654472 44.623421 -113.843933
v 113.510094 44.831490 -113.721413
v 113.321159 45.039566 -113.735863
v 113.138008 45.191860 -113.883957
v 113.010124 45.247589 -114.125267
v 112.971756 45.191860 -114.396294
v 113.032814 45.039566 -114.623177
v 113.032814 45.039566 -114.623177
v 113.177185 44.831490 -114.746109
v 113.366112 44.623421 -114.731651
v 113.548866 44.471123 -114.583580
v 115.112694 45.393867 -114.525414
v 115.057419 45.327122 -114.790649
v 115.097031 45.576321 -114.312958
v 115.015350 45.825523 -114.210243
v 114.888702 46.074760 -114.245316
v 114.751335 46.257172 -114.407845
v 114.639954 46.323959 -114.654938
v 114.584679 46.257172 -114.920174
v 114.600357 46.074760 -115.132629
v 114.682037 45.825523 -115.235344
v 114.600357 46.074760 -115.132629
v 114.808670 45.576321 -115.200272
v 114.946053 45.393867 -115.037750
v 116.832451 45.840576 -115.367348
v 116.906288 45.912766 -115.108276
v 116.942177 46.110027 -114.912346
v 116.930214 46.379478 -114.832726
v 116.873299 46.648895 -114.890060
v 116.787086 46.846157 -115.069511
v 116.694679 46.918343 -115.322800
v 116.620842 46.846157 -115.581848
v 116.584938 46.648895 -115.777374
v 116.584938 46.648895 -115.777374
v 116.596901 46.379478 -115.857399
v 116.653831 46.110027 -115.800064
v 116.740059 45.912766 -115.620636
v 119.116936 45.836987 -116.109444
v 119.200264 45.909180 -115.853279
v 119.261337 46.106403 -115.666016
v 119.284012 46.375771 -115.597542
v 119.262154 46.645180 -115.666016
v 119.201515 46.842361 -115.853683
v 119.118179 46.914551 -116.110275
v 119.034859 46.842361 -116.366447
v 118.973793 46.645180 -116.553734
v 118.973793 46.645180 -116.553734
v 118.951118 46.375771 -116.622208
v 118.972977 46.106403 -116.553307
v 119.033607 45.909180 -116.365616
v 110.612602 38.775654 -111.325554
v 110.352303 38.779449 -111.225723
v 110.352303 24.945131 -111.225723
v 110.612602 24.945131 -111.325554
v 110.076752 38.789886 -111.269440
v 110.076752 24.945131 -111.269440
v 109.860184 38.804115 -111.444748
v 109.860184 24.945131 -111.444748
v 109.760361 38.818390 -111.705055
v 109.760361 24.945131 -111.705055
v 109.803665 38.828789 -111.980629
v 109.803665 24.945131 -111.980629
v 109.979393 38.832619 -112.197189
v 109.979393 24.945131 -112.197189
v 110.239693 38.828789 -112.297424
v 110.239693 24.945131 -112.297424
v 110.515259 24.945131 -112.253716
v 110.515259 38.818390 -112.253716
v 110.515259 24.945131 -112.253716
v 110.515259 38.818390 -112.253716
v 110.731827 38.804115 -112.077972
v 110.731827 24.945131 -112.077972
v 110.832069 38.789886 -111.817680
v 110.832069 24.945131 -111.817680
v 110.788330 38.779449 -111.542534
v 110.788330 24.945131 -111.542534
v 110.706245 40.278149 -111.196838
v 110.446777 40.292255 -111.095772
v 110.172874 40.330906 -111.137032
v 109.958778 40.383667 -111.309464
v 109.861015 40.436390 -111.566460
v 109.906380 40.475037 -111.839539
v 110.082527 40.489147 -112.055283
v 110.342407 40.475037 -112.155952
v 110.615913 40.436428 -112.115089
v 110.615913 40.436428 -112.115089
v 110.830414 40.383667 -111.942657
v 110.927773 40.330906 -111.685677
v 110.882385 40.292255 -111.412582
v 110.968185 41.787693 -110.836319
v 110.710777 41.815205 -110.732361
v 110.443481 41.890366 -110.764961
v 110.237633 41.993042 -110.925011
v 110.148941 42.095715 -111.170433
v 110.200500 42.170918 -111.434441
v 110.379120 42.198391 -111.647324
v 110.636528 42.170918 -111.751251
v 110.903839 42.095715 -111.718651
v 110.903839 42.095715 -111.718651
v 111.109673 41.993042 -111.558601
v 111.198380 41.890366 -111.313179
v 111.146805 41.815205 -111.049171
v 111.412880 43.203350 -110.224144
v 111.160011 43.245094 -110.114006
v 110.904663 43.359074 -110.129669
v 110.715729 43.514839 -110.267029
v 110.643539 43.670559 -110.489388
v 110.707481 43.784576 -110.736885
v 110.890640 43.826324 -110.943153
v 111.143509 43.784576 -111.053696
v 111.398438 43.670559 -111.037605
v 111.398438 43.670559 -111.037605
v 111.587784 43.514839 -110.900246
v 111.659973 43.359074 -110.678314
v 111.596031 43.245094 -110.430817
v 112.052689 44.415394 -109.343430
v 111.807236 44.471123 -109.223404
v 111.572105 44.623421 -109.211021
v 111.410820 44.831490 -109.310425
v 111.366257 45.039566 -109.494408
v 111.450417 45.191860 -109.714264
v 111.640984 45.247589 -109.910622
v 111.886436 45.191860 -110.031075
v 112.121170 45.039566 -110.043053
v 112.282860 44.831490 -109.943649
v 112.121170 45.039566 -110.043053
v 112.327415 44.623421 -109.759644
v 112.243263 44.471123 -109.539787
v 112.670624 45.393867 -108.034538
v 112.905754 45.327080 -108.169426
v 112.463966 45.576321 -107.983803
v 112.341026 45.825523 -108.029991
v 112.334846 46.074760 -108.161163
v 112.447456 46.257172 -108.342255
v 112.647942 46.323959 -108.524185
v 112.883080 46.257172 -108.658661
v 113.090149 46.074760 -108.709808
v 113.212669 45.825523 -108.663612
v 113.090149 46.074760 -108.709808
v 113.218849 45.576321 -108.532425
v 113.106651 45.393867 -108.351349
v 114.003036 45.840576 -106.659225
v 113.779465 45.912766 -106.508652
v 113.604141 46.110027 -106.414177
v 113.524521 46.379478 -106.400986
v 113.561653 46.648895 -106.472771
v 113.705612 46.846157 -106.610130
v 113.918060 46.918343 -106.776367
v 114.141640 46.846157 -106.926941
v 114.316544 46.648895 -107.021393
v 114.316544 46.648895 -107.021393
v 114.396164 46.379478 -107.034607
v 114.359032 46.110027 -106.962822
v 114.215073 45.912766 -106.825462
v 115.414650 45.836987 -104.715874
v 115.196846 45.909180 -104.557472
v 115.037621 46.106403 -104.441551
v 114.979446 46.375771 -104.398651
v 115.038025 46.645138 -104.440735
v 115.197670 46.842361 -104.556633
v 115.415886 46.914551 -104.714638
v 115.633698 46.842361 -104.873047
v 115.792923 46.645138 -104.989365
v 115.792923 46.645138 -104.989365
v 115.851089 46.375771 -105.032272
v 115.792503 46.106403 -104.990196
v 115.632874 45.909180 -104.874283
v 108.236946 24.945131 -111.325554
v 108.236946 38.775654 -111.325554
v 108.061638 38.779449 -111.542534
v 108.061638 24.945131 -111.542534
v 108.017906 38.789886 -111.817680
v 108.017906 24.945131 -111.817680
v 108.117729 24.945131 -112.077972
v 108.117729 38.804115 -112.077972
v 108.334724 38.818390 -112.253716
v 108.334724 24.945131 -112.253716
v 108.610268 24.945131 -112.297424
v 108.610268 38.828789 -112.297424
v 108.870567 38.832619 -112.197189
v 108.870567 24.945131 -112.197189
v 109.045891 38.828789 -111.980629
v 109.045891 24.945131 -111.980629
v 109.045891 24.945131 -111.980629
v 109.045891 38.828789 -111.980629
v 109.089607 38.818390 -111.705055
v 109.089607 24.945131 -111.705055
v 108.989784 24.945131 -111.444748
v 108.989784 38.804115 -111.444748
v 108.772804 38.789886 -111.269440
v 108.772804 24.945131 -111.269440
v 108.497665 38.779449 -111.225723
v 108.497665 24.945131 -111.225723
v 108.143303 40.278149 -111.196838
v 107.967171 40.292255 -111.412582
v 107.921799 40.330906 -111.685677
v 108.019562 40.383667 -111.942657
v 108.233658 40.436428 -112.115089
v 108.507553 40.475037 -112.155952
v 108.767433 40.489147 -112.055283
v 108.943581 40.475037 -111.839539
v 108.943581 40.475037 -111.839539
v 108.988960 40.436428 -111.566460
v 108.891197 40.383667 -111.309464
v 108.677101 40.330906 -111.137032
v 108.403198 40.292255 -111.095772
v 107.703171 41.815205 -111.049171
v 107.881775 41.787693 -110.836319
v 107.651611 41.890366 -111.313179
v 107.740288 41.993042 -111.558601
v 107.946121 42.095757 -111.718651
v 108.213448 42.170918 -111.751251
v 108.470856 42.198391 -111.647324
v 108.649055 42.170918 -111.434441
v 108.649055 42.170918 -111.434441
v 108.701035 42.095757 -111.170433
v 108.611923 41.993042 -110.925011
v 108.406494 41.890366 -110.764961
v 108.139183 41.815205 -110.732361
v 107.253944 43.245094 -110.430817
v 107.437088 43.203350 -110.224144
v 107.190002 43.359074 -110.678314
v 107.262192 43.514839 -110.900650
v 107.451118 43.670559 -111.037605
v 107.706459 43.784576 -111.053696
v 107.959328 43.826324 -110.943153
v 108.142479 43.784576 -110.736885
v 108.142479 43.784576 -110.736885
v 108.206421 43.670559 -110.489388
v 108.133827 43.514839 -110.267029
v 107.944901 43.359074 -110.129669
v 107.689964 43.245094 -110.114006
v 106.797287 44.415394 -109.343430
v 106.606697 44.471123 -109.539787
v 106.522560 44.623421 -109.759644
v 106.567108 44.831490 -109.943649
v 106.728401 45.039566 -110.043053
v 106.963539 45.191860 -110.031075
v 107.208977 45.247589 -109.910622
v 107.399559 45.191860 -109.714264
v 107.399559 45.191860 -109.714264
v 107.483704 45.039566 -109.494408
v 107.438744 44.831490 -109.310425
v 107.277451 44.623421 -109.211021
v 107.042725 44.471123 -109.223404
v 105.743324 45.393867 -108.351349
v 105.943802 45.327122 -108.169426
v 105.630692 45.576321 -108.532425
v 105.636902 45.825523 -108.663612
v 105.759827 46.074760 -108.709808
v 105.966492 46.257172 -108.658661
v 106.201630 46.323959 -108.524185
v 106.402519 46.257172 -108.342255
v 106.402519 46.257172 -108.342255
v 106.514725 46.074760 -108.161163
v 106.508537 45.825523 -108.029991
v 106.386024 45.576321 -107.983803
v 106.178940 45.393867 -108.034538
v 104.846931 45.840576 -106.659225
v 104.634491 45.912766 -106.825462
v 104.490524 46.110027 -106.962822
v 104.453392 46.379478 -107.034607
v 104.533012 46.648895 -107.021393
v 104.708336 46.846157 -106.926941
v 104.931908 46.918343 -106.776367
v 105.144363 46.846157 -106.610130
v 105.144363 46.846157 -106.610130
v 105.288315 46.648895 -106.472771
v 105.325447 46.379478 -106.400986
v 105.245422 46.110027 -106.414177
v 105.070511 45.912766 -106.508652
v 103.217102 45.909180 -104.874283
v 103.434914 45.836987 -104.715874
v 103.057457 46.106403 -104.990196
v 102.998482 46.375771 -105.032272
v 103.056633 46.645138 -104.989365
v 103.216270 46.842361 -104.873047
v 103.434074 46.914551 -104.714638
v 103.651886 46.842361 -104.556633
v 103.651886 46.842361 -104.556633
v 103.811951 46.645138 -104.440735
v 103.870522 46.375771 -104.398651
v 103.812355 46.106403 -104.441551
v 103.652710 45.909180 -104.557472
v 118.241592 24.636160 -112.960335
v 118.241592 24.953009 -112.960335
v 117.709862 24.953009 -109.944862
v 117.709862 24.636160 -109.944862
v 116.178612 24.636160 -107.293251
v 116.178612 24.953009 -107.293251
v 113.833092 24.636160 -105.325150
v 113.833092 24.953009 -105.325150
v 110.955818 24.636160 -104.277794
v 110.955818 24.953009 -104.277794
v 107.894157 24.636160 -104.277794
v 107.894157 24.953009 -104.277794
v 105.016479 24.953009 -105.325150
v 105.016479 24.636160 -105.325150
v 102.670929 24.636160 -107.293251
v 102.670929 24.953009 -107.293251
v 101.140106 24.953009 -109.944862
v 101.140106 24.636160 -109.944862
v 100.608376 24.953009 -112.960335
v 100.608376 24.636160 -112.960335
v 101.140106 24.953009 -115.975800
v 101.140106 24.636160 -115.975800
v 102.670929 24.953009 -118.627838
v 102.670929 24.636160 -118.627838
v 105.016479 24.953009 -120.595917
v 105.016479 24.636160 -120.595917
v 107.894157 24.953009 -121.642876
v 107.894157 24.636160 -121.642876
v 110.955818 24.953009 -121.642876
v 110.955818 24.636160 -121.642876
v 113.833092 24.953009 -120.595917
v 113.833092 24.636160 -120.595917
v 116.178612 24.953009 -118.627838
v 116.178612 24.636160 -118.627838
v 117.709862 24.953009 -115.975800
v 117.709862 24.636160 -115.975800
v 117.709862 24.953009 -109.944862
v 118.241592 24.953009 -112.960335
v 109.424988 24.953009 -112.960335
v 116.178612 24.953009 -107.293251
v 113.833092 24.953009 -105.325150
v 110.955818 24.953009 -104.277794
v 107.894157 24.953009 -104.277794
v 105.016479 24.953009 -105.325150
v 102.670929 24.953009 -107.293251
v 101.140106 24.953009 -109.944862
v 100.608376 24.953009 -112.960335
v 101.140106 24.953009 -115.975800
v 102.670929 24.953009 -118.627838
v 105.016479 24.953009 -120.595917
v 107.894157 24.953009 -121.642876
v 113.833092 24.953009 -120.595917
v 110.955818 24.953009 -121.642876
v 116.178612 24.953009 -118.627838
v 117.709862 24.953009 -115.975800
v 118.241592 24.636160 -112.960335
v 117.709862 24.636160 -109.944862
v 115.691444 24.636160 -110.679550
v 116.093651 24.636160 -112.960335
v 114.533524 24.636160 -108.673927
v 116.178612 24.636160 -107.293251
v 113.833092 24.636160 -105.325150
v 112.759323 24.636160 -107.185158
v 110.955818 24.636160 -104.277794
v 110.582901 24.636160 -106.393150
v 107.894157 24.636160 -104.277794
v 108.267067 24.636160 -106.393150
v 105.016479 24.636160 -105.325150
v 106.090660 24.636160 -107.185158
v 104.316437 24.636160 -108.673927
v 102.670929 24.636160 -107.293251
v 103.158531 24.636160 -110.679550
v 101.140106 24.636160 -109.944862
v 100.608376 24.636160 -112.960335
v 102.756325 24.636160 -112.960335
v 101.140106 24.636160 -115.975800
v 103.158531 24.636160 -115.241104
v 104.316437 24.636160 -117.247162
v 102.670929 24.636160 -118.627838
v 105.016479 24.636160 -120.595917
v 106.090660 24.636160 -118.735909
v 107.894157 24.636160 -121.642876
v 108.267067 24.636160 -119.527939
v 110.955818 24.636160 -121.642876
v 110.582901 24.636160 -119.527939
v 113.833092 24.636160 -120.595917
v 112.759323 24.636160 -118.735909
v 116.178612 24.636160 -118.627838
v 114.533524 24.636160 -117.247162
v 117.709862 24.636160 -115.975800
v 115.691444 24.636160 -115.241104
v 116.093651 24.636160 -112.960335
v 115.691444 24.636160 -110.679550
v 115.691444 24.184088 -110.679550
v 116.093651 24.184088 -112.960335
v 115.691444 24.184088 -110.679550
v 115.691444 24.636160 -110.679550
v 114.533524 24.636160 -108.673927
v 114.533524 24.184088 -108.673927
v 112.759323 24.636160 -107.185158
v 112.759323 24.184088 -107.185158
v 114.533524 24.184088 -108.673927
v 114.533524 24.636160 -108.673927
v 110.582901 24.184088 -106.393150
v 112.759323 24.184088 -107.185158
v 112.759323 24.636160 -107.185158
v 110.582901 24.636160 -106.393150
v 110.582901 24.184088 -106.393150
v 110.582901 24.636160 -106.393150
v 108.267067 24.636160 -106.393150
v 108.267067 24.184088 -106.393150
v 108.267067 24.184088 -106.393150
v 108.267067 24.636160 -106.393150
v 106.090660 24.636160 -107.185158
v 106.090660 24.184088 -107.185158
v 104.316437 24.636160 -108.673927
v 104.316437 24.184088 -108.673927
v 106.090660 24.184088 -107.185158
v 106.090660 24.636160 -107.185158
v 103.158531 24.636160 -110.679550
v 103.158531 24.184088 -110.679550
v 104.316437 24.184088 -108.673927
v 104.316437 24.636160 -108.673927
v 103.158531 24.636160 -110.679550
v 102.756325 24.636160 -112.960335
v 102.756325 24.184088 -112.960335
v 103.158531 24.184088 -110.679550
v 103.158531 24.184088 -115.241104
v 102.756325 24.184088 -112.960335
v 102.756325 24.636160 -112.960335
v 103.158531 24.636160 -115.241104
v 103.158531 24.184088 -115.241104
v 103.158531 24.636160 -115.241104
v 104.316437 24.636160 -117.247162
v 104.316437 24.184088 -117.247162
v 106.090660 24.184088 -118.735909
v 104.316437 24.184088 -117.247162
v 104.316437 24.636160 -117.247162
v 106.090660 24.636160 -118.735909
v 106.090660 24.636160 -118.735909
v 108.267067 24.636160 -119.527939
v 108.267067 24.184088 -119.527939
v 106.090660 24.184088 -118.735909
v 110.582901 24.184088 -119.527939
v 108.267067 24.184088 -119.527939
v 108.267067 24.636160 -119.527939
v 110.582901 24.636160 -119.527939
v 112.759323 24.184088 -118.735909
v 110.582901 24.184088 -119.527939
v 110.582901 24.636160 -119.527939
v 112.759323 24.636160 -118.735909
v 112.759323 24.184088 -118.735909
v 112.759323 24.636160 -118.735909
v 114.533524 24.636160 -117.247162
v 114.533524 24.184088 -117.247162
v 115.691444 24.184088 -115.241104
v 114.533524 24.184088 -117.247162
v 114.533524 24.636160 -117.247162
v 115.691444 24.636160 -115.241104
v 116.093651 24.184088 -112.960335
v 115.691444 24.184088 -115.241104
v 115.691444 24.636160 -115.241104
v 116.093651 24.636160 -112.960335
v 128.775070 25.155224 -85.104256
v 119.137573 25.155224 -91.908218
v 129.170670 25.155224 -106.119247
v 138.808182 25.155224 -99.314857
v 119.137573 26.095049 -91.908218
v 128.775070 26.095049 -85.104256
v 138.808182 26.095049 -99.314857
v 129.170670 26.095049 -106.119247
v 129.210281 25.994520 -105.888229
v 129.210281 25.255709 -105.888229
v 119.368584 25.255709 -91.947823
v 119.368584 25.994520 -91.947823
v 119.368584 25.255709 -91.947823
v 128.828278 25.255709 -85.353401
v 128.828278 25.994520 -85.353401
v 119.368584 25.994520 -91.947823
v 138.590790 25.255709 -99.181625
v 129.210281 25.255709 -105.888229
v 129.210281 25.994520 -105.888229
v 138.590790 25.994520 -99.181625
v 129.170670 25.155224 -106.119247
v 119.137573 25.155224 -91.908218
v 119.137573 25.255709 -91.908218
v 129.170670 25.255709 -106.119247
v 119.137573 25.155224 -91.908218
v 128.775070 25.155224 -85.104256
v 128.692993 25.255709 -85.162003
v 119.137573 25.255709 -91.908218
v 128.775070 26.095049 -85.104256
v 128.692993 25.994520 -85.162003
v 119.137573 26.095049 -91.908218
v 119.137573 25.994520 -91.908218
v 119.137573 26.095049 -91.908218
v 129.170670 26.095049 -106.119247
v 129.170670 25.994520 -106.119247
v 119.137573 25.994520 -91.908218
v 138.726089 25.994520 -99.373016
v 129.170670 25.994520 -106.119247
v 129.170670 26.095049 -106.119247
v 138.808182 26.095049 -99.314857
v 138.808182 25.155224 -99.314857
v 138.726089 25.255709 -99.373016
v 129.170670 25.155224 -106.119247
v 129.170670 25.255709 -106.119247
v 119.368584 25.255709 -91.947823
v 129.210281 25.255709 -105.888229
v 129.170670 25.255709 -106.119247
v 119.137573 25.255709 -91.908218
v 128.692993 25.255709 -85.162003
v 128.828278 25.255709 -85.353401
v 119.368584 25.255709 -91.947823
v 119.137573 25.255709 -91.908218
v 128.692993 25.994520 -85.162003
v 128.828278 25.994520 -85.353401
v 128.828278 25.255709 -85.353401
v 128.692993 25.255709 -85.162003
v 128.692993 25.994520 -85.162003
v 119.137573 25.994520 -91.908218
v 119.368584 25.994520 -91.947823
v 128.828278 25.994520 -85.353401
v 119.368584 25.994520 -91.947823
v 119.137573 25.994520 -91.908218
v 129.170670 25.994520 -106.119247
v 129.210281 25.994520 -105.888229
v 138.726089 25.994520 -99.373016
v 138.590790 25.994520 -99.181625
v 129.210281 25.994520 -105.888229
v 129.170670 25.994520 -106.119247
v 138.590790 25.255709 -99.181625
v 138.590790 25.994520 -99.181625
v 138.726089 25.994520 -99.373016
v 138.726089 25.255709 -99.373016
v 129.210281 25.255709 -105.888229
v 138.590790 25.255709 -99.181625
v 138.726089 25.255709 -99.373016
v 129.170670 25.255709 -106.119247
v 130.244034 24.225380 -83.410904
v 119.431679 24.225380 -88.131256
v 126.391983 24.225380 -104.074013
v 137.203918 24.225380 -99.353638
v 119.431679 25.165205 -88.131256
v 130.244034 25.165205 -83.410904
v 137.203918 25.165205 -99.353638
v 126.391983 25.165205 -104.074013
v 126.477798 25.064718 -103.855789
v 126.477798 24.325911 -103.855789
v 119.650307 24.325911 -88.217056
v 119.650307 25.064718 -88.217056
v 119.650307 24.325911 -88.217056
v 130.245682 24.325911 -83.666237
v 130.245682 25.064718 -83.666237
v 119.650307 25.064718 -88.217056
v 137.018295 24.325911 -99.179146
v 126.477798 24.325911 -103.855789
v 126.477798 25.064718 -103.855789
v 137.018295 25.064718 -99.179146
v 126.391983 24.225380 -104.074013
v 119.431679 24.225380 -88.131256
v 119.431679 24.325911 -88.131256
v 126.391983 24.325911 -104.074013
v 119.431679 24.225380 -88.131256
v 130.244034 24.225380 -83.410904
v 130.151642 24.325911 -83.451317
v 119.431679 24.325911 -88.131256
v 130.244034 25.165205 -83.410904
v 130.151642 25.064718 -83.451317
v 119.431679 25.165205 -88.131256
v 119.431679 25.064718 -88.131256
v 119.431679 25.165205 -88.131256
v 126.391983 25.165205 -104.074013
v 126.391983 25.064718 -104.074013
v 119.431679 25.064718 -88.131256
v 137.111938 25.064718 -99.394066
v 126.391983 25.064718 -104.074013
v 126.391983 25.165205 -104.074013
v 137.203918 25.165205 -99.353638
v 137.203918 24.225380 -99.353638
v 137.111938 24.325911 -99.394066
v 126.391983 24.225380 -104.074013
v 126.391983 24.325911 -104.074013
v 119.650307 24.325911 -88.217056
v 126.477798 24.325911 -103.855789
v 126.391983 24.325911 -104.074013
v 119.431679 24.325911 -88.131256
v 130.151642 24.325911 -83.451317
v 130.245682 24.325911 -83.666237
v 119.650307 24.325911 -88.217056
v 119.431679 24.325911 -88.131256
v 130.151642 25.064718 -83.451317
v 130.245682 25.064718 -83.666237
v 130.245682 24.325911 -83.666237
v 130.151642 24.325911 -83.451317
v 130.151642 25.064718 -83.451317
v 119.431679 25.064718 -88.131256
v 119.650307 25.064718 -88.217056
v 130.245682 25.064718 -83.666237
v 119.650307 25.064718 -88.217056
v 119.431679 25.064718 -88.131256
v 126.391983 25.064718 -104.074013
v 126.477798 25.064718 -103.855789
v 137.111938 25.064718 -99.394066
v 137.018295 25.064718 -99.179146
v 126.477798 25.064718 -103.855789
v 126.391983 25.064718 -104.074013
v 137.018295 24.325911 -99.179146
v 137.018295 25.064718 -99.179146
v 137.111938 25.064718 -99.394066
v 137.111938 24.325911 -99.394066
v 126.477798 24.325911 -103.855789
v 137.018295 24.325911 -99.179146
v 137.111938 24.325911 -99.394066
v 126.391983 24.325911 -104.074013
v -68.127663 5.932884 64.638901
v -68.138420 14.152013 64.701935
v -69.735085 14.858224 61.386742
v -69.013855 6.370888 61.405926
v -68.192917 6.400095 38.264557
v -69.032043 6.611094 41.060390
v -69.619095 14.666868 41.095196
v -68.184296 14.713029 38.218315
v -68.086319 4.094443 38.947227
v -68.374466 4.130208 41.037899
v -70.581680 14.803166 51.701710
v -69.357231 6.608660 51.836479
v -67.902962 4.074066 52.181007
v 1.376276 27.192617 52.151474
v -42.439247 27.598076 52.367794
v -42.676525 26.998571 62.181568
v 1.376276 26.712000 61.620636
v -42.533344 25.684351 64.106804
v 1.376276 25.644049 63.711613
v -42.821068 22.423895 65.106201
v 1.376276 22.634501 64.473274
v -43.115189 13.977767 65.600670
v 1.376276 14.103460 64.582672
v -68.138420 14.152013 64.701935
v -68.245598 22.862534 64.563904
v -43.631241 6.083575 64.876877
v 1.376276 6.039353 64.563492
v -68.127663 5.932884 64.638901
v -43.809818 4.088338 63.807026
v 1.376276 4.291005 63.938087
v -68.109627 4.342116 64.180473
v -42.766163 27.070059 41.246166
v 1.376276 26.738317 41.492203
v 1.376276 25.583162 39.100903
v -43.069527 25.419107 38.700687
v 1.376276 22.851068 38.453865
v -43.144478 23.219183 37.946045
v 1.376276 15.327906 38.322311
v -43.465988 15.164209 37.282391
v -68.184296 14.713029 38.218315
v -68.361298 23.007853 38.442791
v 1.376276 6.221890 38.567593
v -43.035370 6.487093 37.914818
v -68.192917 6.400095 38.264557
v 1.376276 4.084873 39.273438
v -43.045227 4.105210 38.890316
v -68.086319 4.094443 38.947227
v 1.376276 4.084255 40.961826
v -42.699829 4.115234 40.616898
v -68.374466 4.130208 41.037899
v -68.108559 4.086359 61.277508
v -68.109627 4.342116 64.180473
v -68.108559 4.086359 61.277508
v -43.824669 4.088255 61.531536
v 1.376276 4.107850 62.299881
v -68.335022 25.691858 39.056740
v -68.150681 26.833195 40.963936
v -67.802963 27.205034 51.683151
v -68.256729 25.615255 63.906242
v -68.128441 26.847675 61.945198
v -69.216766 23.379442 41.007381
v -68.361298 23.007853 38.442791
v -68.815063 25.483870 40.852707
v -69.885696 23.653433 51.581837
v -69.171234 26.186462 51.618137
v -69.254677 23.280935 61.571918
v -68.842491 25.591206 61.596050
v -68.245598 22.862534 64.563904
v 70.880325 5.932884 64.638901
v 71.766403 6.370888 61.405926
v 72.487885 14.858224 61.386742
v 70.891052 14.152013 64.701935
v 70.945503 6.400095 38.264557
v 70.936836 14.713029 38.218315
v 72.371559 14.666868 41.095196
v 71.784554 6.611094 41.060390
v 71.127007 4.130208 41.037899
v 70.839073 4.094443 38.947227
v 72.110023 6.608660 51.836479
v 73.334358 14.803166 51.701710
v 70.655502 4.074066 52.181007
v 45.429195 26.998571 62.181568
v 45.192017 27.598076 52.367794
v 45.286064 25.684351 64.106804
v 45.573574 22.423895 65.106201
v 45.867695 13.977767 65.600670
v 70.891052 14.152013 64.701935
v 70.998299 22.862534 64.563904
v 46.383747 6.083575 64.876877
v 70.880325 5.932884 64.638901
v 46.562366 4.088338 63.807026
v 70.862167 4.342116 64.180473
v 45.518719 27.070059 41.246166
v 45.822327 25.419107 38.700687
v 45.896996 23.219183 37.946045
v 46.218746 15.164209 37.282391
v 71.113800 23.007853 38.442791
v 70.936836 14.713029 38.218315
v 45.788090 6.487093 37.914818
v 70.945503 6.400095 38.264557
v 45.797993 4.105210 38.890316
v 70.839073 4.094443 38.947227
v 45.452301 4.115234 40.616898
v 71.127007 4.130208 41.037899
v 70.861351 4.086359 61.277508
v 70.862167 4.342116 64.180473
v 70.861351 4.086359 61.277508
v 46.577225 4.088255 61.531536
v 71.087814 25.691858 39.056740
v 70.903435 26.833195 40.963936
v 70.555679 27.205034 51.683151
v 71.009445 25.615255 63.906242
v 70.881157 26.847675 61.945198
v 71.113800 23.007853 38.442791
v 71.969353 23.379442 41.007381
v 71.567566 25.483870 40.852707
v 72.638443 23.653433 51.581837
v 71.923973 26.186462 51.618137
v 72.007309 23.280935 61.571918
v 71.595207 25.591206 61.596050
v 70.998299 22.862534 64.563904
v 28.749708 46.297966 -75.408165
v 29.523582 44.204762 -73.963966
v 33.362007 41.914459 -76.882065
v 33.042301 41.919041 -77.838272
v 30.885279 43.973179 -77.847763
v 25.940508 47.981926 -79.895874
v 24.988850 49.589108 -77.177010
v 22.022888 48.469063 -69.279900
v 23.312401 45.296352 -67.838577
v 15.884305 48.294521 -62.261421
v 17.830946 45.461887 -61.220245
v 11.762076 46.182590 -56.800598
v 13.631996 44.234013 -55.625759
v 20.922312 51.681576 -84.491264
v 19.320112 53.490891 -82.194817
v 19.602686 51.334198 -71.630386
v 12.986410 51.002789 -64.939438
v 15.134355 54.563049 -76.147797
v 15.878942 54.109245 -89.597740
v 13.818450 55.765854 -87.729469
v 8.976384 53.842270 -69.340538
v 9.207392 56.218830 -81.488594
v 3.352209 55.932957 -74.563759
v 7.743807 48.724529 -60.915398
v 2.629895 52.006466 -65.871307
v -2.044267 54.555378 -69.885864
v 10.722137 43.719151 -54.288399
v 11.697314 42.926144 -52.983208
v 5.891625 46.409676 -60.136162
v 0.645719 49.294868 -65.193138
v -3.865918 51.919514 -68.545616
v 11.213854 54.188076 -97.341408
v 11.776517 53.931080 -97.964294
v 11.388753 53.278816 -99.215858
v 10.850430 53.326218 -98.882149
v 13.359733 54.485783 -94.282219
v 11.285217 55.497677 -92.333931
v 6.175436 55.642879 -84.681847
v -1.110756 55.788784 -77.792068
v -5.803071 56.102303 -73.654991
v -7.578109 54.720917 -71.617180
v -11.010206 55.306770 -73.321678
v 10.310862 52.124115 -97.740723
v 8.410013 52.300915 -94.094528
v 2.694247 53.063362 -86.971695
v -4.074648 54.080452 -80.133896
v -8.257928 54.817322 -76.390358
v -10.452489 54.564121 -75.107857
v -12.281567 54.654625 -74.151657
v -12.502671 54.989094 -73.671074
v -11.947017 53.882072 -73.529167
v 13.738830 52.666035 -94.728981
v 17.423801 51.705872 -90.075851
v 21.552214 49.767319 -86.237831
v 26.402937 46.363518 -81.107841
v 30.485563 42.944416 -79.112099
v 22.773659 45.485237 -85.134361
v 21.776619 47.237545 -86.588463
v 24.584995 41.523235 -82.261635
v 18.328436 43.764778 -83.710800
v 20.797728 40.557129 -80.718018
v 28.104540 40.325214 -80.267555
v 34.153198 40.425457 -78.027199
v 34.356152 40.644005 -77.447624
v 28.104540 40.325214 -80.267555
v 30.485563 42.944416 -79.112099
v 32.569977 39.977585 -78.387726
v 29.251736 41.609531 -73.499466
v 32.714775 40.406147 -76.901039
v 32.321644 40.044666 -76.923317
v 23.731510 42.358692 -67.842293
v 28.970818 40.388287 -74.035744
v 27.694513 39.629551 -74.105042
v 17.987701 42.402706 -61.299038
v 14.058118 42.137501 -56.032909
v 11.461772 41.455040 -51.910679
v 11.016257 39.929653 -54.984711
v 11.132174 40.813007 -52.164787
v 10.823614 41.196690 -51.713497
v 10.207319 41.662701 -53.545055
v 11.016257 39.929653 -54.984711
v 9.915675 40.338497 -54.029747
v 4.141337 43.567474 -61.522614
v -1.338463 47.045975 -66.394386
v -5.446250 49.736870 -69.442841
v -9.413784 51.976517 -72.390221
v -11.947017 53.882072 -73.529167
v -11.941653 53.650574 -74.096382
v -10.625332 52.718830 -75.107437
v -8.644450 51.957458 -76.995926
v -9.233930 50.942524 -73.378189
v -11.941653 53.650574 -74.096382
v -10.625332 52.718830 -75.107437
v -5.467289 52.450909 -80.629745
v -2.201027 50.390537 -83.229393
v 2.163763 49.029659 -87.241470
v 0.150295 47.178394 -81.931618
v 3.944985 45.939163 -85.557602
v 8.208298 49.891888 -94.366371
v 11.465897 50.728836 -96.889709
v 11.465897 50.728836 -96.889709
v 13.431103 49.689346 -94.179916
v 20.031282 49.289505 -88.743835
v 17.194853 45.240616 -84.480537
v 14.872003 46.732014 -85.185921
v 17.567766 49.303692 -90.871582
v 13.207519 46.890167 -86.640862
v 9.925990 47.608639 -92.456863
v 11.821065 46.754700 -89.789970
v 9.925990 47.608639 -92.456863
v 12.531831 39.897148 -57.208153
v 16.468838 39.804413 -62.555542
v 6.881654 40.058815 -60.243828
v 12.531831 39.897148 -57.208153
v 22.530277 39.848099 -68.607498
v 24.937695 39.587975 -77.744629
v 24.937695 39.587975 -77.744629
v 18.695978 39.647827 -74.567879
v 11.463838 39.700218 -66.627861
v 11.463838 39.700218 -66.627861
v 16.468838 39.804413 -62.555542
v 3.365822 41.849773 -64.104118
v 5.968763 40.379375 -69.622276
v -1.331858 45.216408 -67.478043
v 1.512819 43.438068 -72.214088
v -5.790699 48.463737 -70.587959
v -8.644450 51.957458 -76.995926
v -6.753498 50.401920 -75.252655
v -6.753498 50.401920 -75.252655
v -3.110198 49.591045 -78.426094
v -3.082147 48.230423 -74.729996
v -3.082147 48.230423 -74.729996
v -3.245502 46.036644 -68.418556
v -2.296726 43.561123 -66.458725
v 2.002881 42.244259 -66.979317
v 0.646547 44.097717 -69.358269
v -0.902026 46.063541 -73.645920
v -4.476436 48.318371 -72.206245
v -9.850635 46.678921 -66.977257
v -9.012000 43.532658 -65.299988
v -16.815477 43.693989 -63.988602
v -17.352280 46.817574 -66.298668
v -22.525959 46.435917 -65.863892
v -22.226515 43.562069 -63.253101
v -17.923939 49.674667 -70.054176
v -22.890247 48.875633 -69.559158
v -10.663284 49.554005 -71.002129
v -1.958469 48.416752 -78.515205
v -5.718094 51.005840 -77.344078
v -11.513884 52.475410 -76.430779
v -2.967471 51.063259 -84.030075
v -6.437928 53.153828 -82.306198
v -18.768637 52.580147 -75.220459
v -24.170517 51.674355 -74.366158
v -3.877059 53.579620 -89.540405
v -7.175086 55.461208 -87.891998
v -12.173899 54.545845 -81.218391
v -19.957165 54.563213 -80.175163
v -25.247255 53.975674 -79.574516
v -13.054611 55.849628 -86.675095
v -20.949503 55.519375 -85.736221
v -26.251265 55.477463 -85.108795
v -4.024321 55.357582 -92.972496
v -6.543119 56.297295 -92.439125
v -13.387139 55.337994 -90.838989
v -21.190615 55.155048 -89.209976
v -26.627106 55.534309 -88.607712
v -12.405320 54.220455 -94.387825
v -21.886068 53.970764 -93.395737
v -27.420406 54.394581 -92.061668
v -28.120892 44.400787 -65.618843
v -28.230083 41.972828 -62.239147
v -30.962641 40.861233 -62.074558
v -28.022757 47.511742 -69.907730
v -28.921946 49.515766 -75.181686
v -30.344122 51.978664 -80.384308
v -31.616552 54.128094 -85.140152
v -33.495834 55.096634 -91.896255
v -31.935013 55.358002 -88.627090
v -35.207424 54.890705 -92.401176
v -34.678379 54.102726 -89.980957
v -35.943928 54.618202 -92.994354
v -35.973831 54.286007 -92.389206
v -33.778488 52.041817 -86.835571
v -32.251369 48.919315 -82.529366
v -31.023899 46.410877 -77.306961
v -30.550543 44.216064 -71.550362
v -30.788189 41.746319 -67.525902
v -31.426922 40.273403 -62.824085
v -30.600994 41.350552 -72.502426
v -31.028767 40.563938 -67.696274
v -30.962353 43.449577 -78.562630
v -29.321301 41.810215 -79.435921
v -29.632378 40.031879 -72.970642
v -32.344059 46.535492 -83.726044
v -30.621988 44.828728 -84.558098
v -33.939903 49.656063 -88.196854
v -33.295437 48.545826 -88.493858
v -34.895031 52.213634 -90.592308
v -33.626850 50.417061 -91.657410
v -34.741329 51.763786 -92.454376
v -36.107609 53.938465 -93.170082
v -32.875294 52.009026 -93.161423
v -34.741329 51.763786 -92.454376
v -35.856594 54.057144 -93.422546
v -35.174633 54.038956 -93.330978
v -27.409351 51.255741 -93.664688
v -33.626850 50.417061 -91.657410
v -29.642895 50.297554 -92.496040
v -21.924353 51.666023 -94.553246
v -21.689672 50.788071 -93.849503
v -12.204426 52.094704 -95.939690
v -1.721271 54.792988 -98.081863
v -5.397988 55.450031 -95.716927
v -5.667359 52.543640 -97.047691
v -2.979018 53.770206 -98.072800
v -2.249289 54.951595 -98.343811
v -2.626734 51.475605 -95.358879
v -2.979018 53.770206 -98.072800
v -2.249289 54.951595 -98.343811
v -2.264551 51.490665 -92.389610
v -1.261736 48.503914 -86.216377
v -0.831895 45.589069 -80.584770
v -0.021307 43.491283 -75.379700
v 1.801987 41.575787 -70.315292
v 3.508549 40.663143 -66.967346
v 3.188440 40.485764 -66.542465
v -2.335914 40.498882 -66.978493
v -9.116777 40.887676 -66.321777
v -17.075815 41.096615 -65.112297
v -21.874311 40.983379 -64.098335
v -27.773018 40.437954 -62.472214
v -31.098398 39.860603 -62.065063
v -30.986774 40.075729 -61.459496
v -31.200785 39.956715 -63.704803
v -30.549759 39.764404 -67.677284
v -29.888790 39.728348 -63.555065
v -28.103651 39.726368 -63.668091
v -31.200785 39.956715 -63.704803
v -31.426922 40.273403 -62.824085
v -30.549759 39.764404 -67.677284
v -27.868557 39.700130 -68.046906
v -22.554750 39.754539 -65.094963
v -23.054138 39.704422 -68.848824
v -17.136620 39.781853 -66.336220
v -17.091490 39.721992 -69.499352
v -9.505776 39.862579 -67.577866
v -9.319320 39.735405 -70.500923
v -0.246130 39.871449 -67.830734
v -0.246130 39.871449 -67.830734
v 2.475621 40.012493 -68.259750
v 1.452182 40.087528 -71.146919
v -2.210922 39.768280 -71.111862
v -2.210922 39.768280 -71.111862
v -0.863663 40.967129 -76.657661
v -3.433607 40.196552 -77.232277
v -1.450249 43.754631 -80.960983
v -5.051478 43.076668 -82.585876
v -2.122645 46.786507 -86.774933
v -6.618196 46.749378 -85.928452
v -2.811952 49.072235 -91.705261
v -3.967395 50.666008 -95.836151
v -5.667359 52.543640 -97.047691
v -8.739739 50.150787 -95.023911
v -5.745320 48.947735 -92.107056
v -12.919968 50.858284 -95.202126
v -8.739739 50.150787 -95.023911
v -9.615916 50.052605 -93.845367
v -9.615916 50.052605 -93.845367
v 14.335321 48.238338 -88.134155
v 9.801413 45.655769 -84.242516
v 10.055104 45.506195 -83.340759
v 15.819126 45.025906 -84.527565
v 17.419258 49.875515 -96.058907
v 12.552860 46.769096 -96.577850
v 11.463421 46.653595 -90.188042
v 19.309387 50.534954 -103.551773
v 13.582080 46.999981 -103.612000
v 18.393608 50.055492 -110.590866
v 13.211232 46.816826 -110.052956
v 16.308367 48.975250 -117.339569
v 12.167572 46.306423 -117.762787
v 14.450828 47.581787 -121.643707
v 10.992740 45.594925 -122.052498
v 22.132204 48.352528 -88.304924
v 21.133514 45.041752 -85.093124
v 30.983458 44.226791 -85.406624
v 31.035851 47.770306 -88.350311
v 41.016163 44.432468 -85.597618
v 40.847435 47.637516 -88.507881
v 49.920631 47.453949 -88.117653
v 50.569088 44.254223 -85.337326
v 55.776634 43.955318 -85.226768
v 55.341442 47.080379 -87.300049
v 23.875063 50.869251 -94.993805
v 25.065987 51.719196 -103.784836
v 24.287167 51.257717 -111.032242
v 23.005905 49.960701 -116.998428
v 21.324921 47.517353 -121.522018
v 40.835888 50.139977 -93.747192
v 31.206221 50.776772 -94.667503
v 48.735069 49.674129 -93.031082
v 54.050266 49.113441 -93.010452
v 40.840004 51.696712 -102.952805
v 31.471056 52.062115 -103.322418
v 30.735123 51.329742 -111.640701
v 29.736441 49.558868 -117.457954
v 28.780245 47.056168 -121.455589
v 48.122898 50.787125 -102.521317
v 39.854107 51.067429 -111.506630
v 38.885117 49.099995 -117.679474
v 37.964802 46.382286 -121.731995
v 53.733051 49.154156 -102.392616
v 47.400181 50.411121 -111.238914
v 53.340752 49.084568 -111.303268
v 47.269417 48.579075 -117.952980
v 45.834293 46.116337 -121.813667
v 53.181110 47.858006 -118.794075
v 52.926182 45.566631 -122.422119
v 57.593334 46.967720 -117.731026
v 58.104431 45.354801 -122.564835
v 57.649845 46.833900 -110.504242
v 57.788857 46.765717 -101.952049
v 58.462490 47.162758 -92.880508
v 59.617939 46.176693 -87.168037
v 61.154552 44.130306 -84.253654
v 52.011642 42.925442 -124.278847
v 44.996883 43.476967 -123.814339
v 37.159180 43.944798 -123.549507
v 28.156515 44.964943 -123.286339
v 20.647572 45.814587 -123.202171
v 13.570122 46.212334 -123.912933
v 10.234956 44.792877 -125.487892
v 61.346779 43.940010 -117.207977
v 61.726280 44.101921 -122.103638
v 61.250244 43.344921 -110.217125
v 61.234982 43.590160 -101.547371
v 61.608318 44.220108 -92.321960
v 62.122711 44.466419 -87.896126
v 62.075687 44.267422 -84.834465
v 63.475338 42.728920 -82.553276
v 62.805000 42.255398 -88.143639
v 62.561203 42.189766 -92.002281
v 62.708073 41.567989 -101.487976
v 62.724144 41.284634 -110.125145
v 62.210152 41.273041 -116.748421
v 63.025703 41.198296 -121.842949
v 63.877125 41.320278 -127.003044
v 64.477737 41.225643 -126.325706
v 63.244740 42.682964 -82.010834
v 66.003609 39.934937 -82.608551
v 70.377480 38.390656 -83.325508
v 70.285492 38.593857 -83.507416
v 70.205048 38.660728 -84.083290
v 70.401810 38.724670 -85.035362
v 66.352188 39.792740 -88.306168
v 70.451309 39.024273 -86.234940
v 70.293335 38.947838 -86.959328
v 69.986832 38.306503 -87.944809
v 66.607544 39.967194 -92.669724
v 69.763252 38.489700 -91.826958
v 69.797905 38.611931 -92.997665
v 69.700127 38.098846 -90.895912
v 69.784698 38.721489 -94.155991
v 67.504753 39.529930 -94.775574
v 69.608978 38.449108 -94.689362
v 67.458534 39.392769 -95.866264
v 69.372589 38.090427 -95.228935
v 69.415916 38.102844 -95.890190
v 69.905975 38.439499 -99.247620
v 68.281517 39.366573 -99.224525
v 67.733276 39.194435 -96.734596
v 69.608978 38.454842 -96.582397
v 66.669815 39.210110 -101.297798
v 67.664795 39.367237 -109.902786
v 70.206284 38.418457 -102.488304
v 67.515892 39.320251 -116.991402
v 70.472763 38.138199 -108.060112
v 70.185654 37.835167 -117.051208
v 69.746330 37.471539 -120.072441
v 65.128265 37.572189 -122.209663
v 69.216660 36.835571 -122.618073
v 68.938637 36.302437 -123.153908
v 68.642456 35.012062 -123.557335
v 66.322495 38.003719 -125.829468
v 68.481979 34.356045 -124.038338
v 68.202721 33.720406 -124.713203
v 56.931664 40.830624 -84.783730
v 50.818661 40.984203 -84.760635
v 41.113506 41.268505 -84.758995
v 31.133614 41.425175 -84.620369
v 20.885592 41.903774 -84.505287
v 14.930580 42.457733 -84.145569
v 56.555042 40.673580 -124.778801
v 59.747879 37.895599 -123.093697
v 55.976692 37.653790 -123.097816
v 51.389175 40.207523 -124.743729
v 50.932102 37.800430 -122.983551
v 44.162796 40.035465 -124.455795
v 43.567947 38.046043 -122.928665
v 36.432735 40.794163 -124.411247
v 35.363918 38.176277 -122.228638
v 27.188774 40.825100 -124.370819
v 26.394686 38.715347 -122.530190
v 20.082432 41.111710 -124.423203
v 19.674459 39.064037 -122.694359
v 14.392667 42.544403 -125.140160
v 11.582225 42.605785 -125.583183
v 9.506054 43.150009 -126.354591
v 61.989475 39.033970 -124.575012
v 65.815102 37.824318 -126.421829
v 64.001694 37.633987 -124.280891
v 68.203537 33.509201 -125.374443
v 67.299728 33.593231 -125.485847
v 61.035744 39.697411 -85.001122
v 64.925728 40.284294 -82.143257
v 66.171921 38.962685 -82.549149
v 67.958916 38.292023 -82.790070
v 70.216194 38.076775 -83.583740
v 64.694305 38.268757 -85.565437
v 57.650261 38.685852 -86.086449
v 62.117355 39.831764 -86.003525
v 59.472332 38.381248 -89.245049
v 50.501850 38.979805 -86.118202
v 50.484112 38.627686 -90.602211
v 41.021103 39.244682 -85.929688
v 40.682434 38.923870 -91.297287
v 30.702135 39.452049 -86.023331
v 29.724072 39.375320 -91.203239
v 20.146374 40.096851 -85.704880
v 19.872057 39.762215 -91.909454
v 14.459899 40.462543 -85.679291
v 14.026766 39.904530 -89.719017
v 13.320959 41.279850 -84.872421
v 12.391985 40.792877 -87.147430
v 9.935472 44.229633 -90.072960
v 10.313748 43.812588 -96.752754
v 10.557130 43.442646 -103.626022
v 10.684595 43.194317 -109.747696
v 10.758852 42.972427 -118.256577
v 9.783674 43.175625 -122.114784
v 8.275941 43.632195 -126.461426
v 4.682554 39.643166 -122.024452
v 8.246244 41.990894 -121.006775
v 1.565206 38.744759 -121.468803
v 1.742588 39.616970 -121.339684
v 1.273145 40.640869 -121.026588
v 1.229425 41.037907 -120.176392
v 5.246462 40.820805 -117.687714
v 1.445581 40.788296 -119.047340
v 1.902225 39.518257 -116.563210
v 6.545463 40.391796 -110.133789
v 2.326287 40.085461 -109.781097
v 2.339079 39.929817 -108.446213
v 2.183977 40.041447 -112.686028
v 2.433960 40.470585 -106.332108
v 7.051197 40.534069 -103.916840
v 2.720652 40.230671 -104.979057
v 2.502848 39.825783 -103.935394
v 6.182859 40.695446 -97.510529
v 2.517699 40.474670 -100.723999
v 2.111369 40.004612 -99.375504
v 2.027220 39.569695 -96.951172
v 1.944720 39.419456 -94.450943
v 6.524010 40.846920 -90.160400
v 1.803225 39.581039 -92.790581
v 1.696385 40.136906 -91.467659
v 1.743409 40.402107 -90.096054
v 1.556545 40.098743 -88.824692
v 9.261850 44.830872 -82.255859
v 11.119390 42.612099 -83.778023
v 8.489627 44.565048 -82.348686
v 4.723811 40.368404 -82.576805
v 1.496319 39.225704 -84.121658
v 8.019773 43.437408 -82.258751
v 10.493607 42.409473 -85.718079
v 6.688183 41.223957 -82.700958
v 8.552323 41.193924 -86.454407
v 4.918097 40.041157 -82.684052
v 6.448515 39.966942 -85.919800
v 1.819314 38.552193 -83.151009
v 2.625360 38.855721 -85.484589
v 9.841425 41.661587 -124.372055
v 4.088129 39.953125 -124.545319
v 1.554486 37.848202 -123.028099
v 6.862267 39.022621 -124.490868
v 11.300890 40.859669 -124.152199
v 14.230136 39.345783 -122.093330
v 11.033586 39.922066 -120.788971
v 4.170630 36.285194 -123.867126
v 2.503669 39.805569 -103.153702
v 2.384871 40.572643 -102.099716
v 2.555651 40.728489 -101.693825
v 3.792353 40.429661 -106.009933
v -54.650185 47.477715 -88.134155
v -59.065273 44.696682 -84.242516
v -58.805145 44.558491 -83.340759
v -53.025654 44.334167 -84.527565
v -51.641949 49.249985 -96.058907
v -56.365898 45.930878 -96.577850
v -57.449066 45.767189 -90.188042
v -49.782906 49.992546 -103.551773
v -55.347912 46.207134 -103.612000
v -50.676804 49.472942 -110.590866
v -55.710464 46.007729 -110.052956
v -52.711731 48.301334 -117.339569
v -56.730225 45.451580 -117.762787
v -54.505890 46.826935 -121.643707
v -57.872395 44.688679 -122.052498
v -46.866116 47.937416 -88.304924
v -47.717083 44.585636 -85.093124
v -37.840736 44.208145 -85.406624
v -37.945431 47.750507 -88.350311
v -27.826853 44.858429 -85.597618
v -28.137600 48.052834 -88.507881
v -19.065275 48.271667 -88.117653
v -18.275562 45.103870 -85.337326
v -13.060057 45.036057 -85.226768
v -13.633409 48.138802 -87.300049
v -45.236610 50.528973 -94.993805
v -44.084423 51.430893 -103.784836
v -44.842209 50.935303 -111.032242
v -46.064606 49.582760 -116.998428
v -47.635738 47.067265 -121.522018
v -28.260283 50.552284 -93.747192
v -37.908592 50.761547 -94.667503
v -20.348145 50.437111 -93.031082
v -15.013257 50.112625 -93.010452
v -28.324881 52.107697 -102.952805
v -37.700893 52.057369 -103.322418
v -38.403854 51.293072 -111.640701
v -39.322929 49.479710 -117.457954
v -40.167095 46.937073 -121.455589
v -21.008823 51.521851 -102.521317
v -29.281864 51.435345 -111.506630
v -30.162947 49.426868 -117.679474
v -30.961901 46.671005 -121.731995
v -15.331841 50.139233 -102.392616
v -21.714302 51.114208 -111.238914
v -15.720919 50.052322 -111.303268
v -21.763720 49.278202 -117.952980
v -23.088131 46.754242 -121.813667
v -15.825945 48.819859 -118.794075
v -15.978783 46.519485 -122.422119
v -11.378166 48.126099 -117.731026
v -10.796523 46.537430 -122.564835
v -11.315877 47.994919 -110.504242
v -11.173971 47.932957 -101.952049
v -10.518903 48.359493 -92.880508
v -9.320971 47.425568 -87.168037
v -7.695261 45.449348 -84.253654
v -16.775383 43.840351 -124.278847
v -23.807796 44.080349 -123.814339
v -31.658466 44.200226 -123.549507
v -40.697582 44.820232 -123.286339
v -48.236847 45.336155 -123.202171
v -55.324928 45.419735 -123.912933
v -58.594063 43.853836 -125.487892
v -7.494370 45.267765 -117.207977
v -7.122696 45.446342 -122.103638
v -7.564496 44.668957 -110.217125
v -7.590898 44.913292 -101.547371
v -7.245625 45.559204 -92.321960
v -6.742772 45.828037 -87.896126
v -6.781138 45.627144 -84.834465
v -5.314247 44.152252 -82.553276
v -5.963128 43.649441 -88.143639
v -6.203623 43.573082 -92.002281
v -6.029542 42.958401 -101.487976
v -6.000667 42.676075 -110.125145
v -6.513827 42.641674 -116.748421
v -5.695820 42.603184 -121.842949
v -4.850584 42.762745 -127.003044
v -4.246257 42.694889 -126.325706
v -5.542778 44.096066 -82.010834
v -2.664686 41.473072 -82.608551
v 1.773112 40.124241 -83.325508
v 1.672463 40.323151 -83.507416
v 1.589135 40.386391 -84.083290
v 1.783017 40.458992 -85.035362
v -2.310339 41.346470 -88.306168
v 1.819314 40.760494 -86.234940
v 1.664206 40.677132 -86.959328
v 1.387003 40.022846 -87.944809
v -2.062829 41.532101 -92.669724
v 1.155579 40.195934 -91.826958
v 1.184460 40.319561 -92.997665
v 1.109793 39.802643 -90.895912
v 1.166305 40.428471 -94.155991
v -1.147054 41.135014 -94.775574
v 1.002953 40.148533 -94.689362
v -1.187069 40.995960 -95.866264
v 0.782672 39.779747 -95.228935
v 0.825571 39.794060 -95.890190
v 1.300371 40.152126 -99.247620
v -0.364113 41.006275 -99.224525
v -0.904086 40.809959 -96.734596
v 1.002953 40.154312 -96.582397
v -1.967129 40.778481 -101.297798
v -0.979988 40.979584 -109.902786
v 1.600682 40.144367 -102.488304
v -1.126429 40.926041 -116.991402
v 1.879541 39.876236 -108.060112
v 1.606456 39.560787 -117.051208
v 1.183222 39.178017 -120.072441
v -3.434431 39.073860 -122.209663
v 0.682428 38.519196 -122.618073
v 0.428326 37.974308 -123.153908
v 0.189479 36.672012 -123.557335
v -2.260422 39.557899 -125.829468
v 0.058717 36.009556 -124.038338
v -0.192088 35.362164 -124.713203
v -11.767575 41.965687 -84.783730
v -17.881405 41.848087 -84.760635
v -27.589699 41.701847 -84.758995
v -37.566334 41.415936 -84.620369
v -47.825699 41.439739 -84.505287
v -53.799370 41.729153 -84.145569
v -12.136774 41.792103 -124.778801
v -8.823895 39.158421 -123.093697
v -12.580636 38.749619 -123.097816
v -17.277079 41.097477 -124.743729
v -17.626644 38.672523 -122.983551
v -24.488358 40.605228 -124.455795
v -24.994551 38.591385 -122.928665
v -32.244522 41.020504 -124.411247
v -33.196270 38.357819 -122.228638
v -41.480858 40.641575 -124.370819
v -42.180851 38.498695 -122.530190
v -48.592888 40.612862 -124.423203
v -48.909737 38.549103 -122.694359
v -54.340523 41.791904 -125.140160
v -57.150913 41.728619 -125.583183
v -59.249458 42.180237 -126.354591
v -6.635108 40.395016 -124.575012
v -2.759562 39.356136 -126.421829
v -4.562651 39.085655 -124.280891
v -0.182195 35.151161 -125.374443
v -1.088890 35.195053 -125.485847
v -7.616886 41.015553 -85.001122
v -3.757013 41.774326 -82.143257
v -2.453477 40.509235 -82.549149
v -0.638430 39.918476 -82.790070
v 1.625843 39.803509 -83.583740
v -3.898918 39.750500 -85.565437
v -10.954515 39.854866 -86.086449
v -6.542705 41.197720 -86.003525
v -9.120905 39.631367 -89.245049
v -18.109034 39.831642 -86.118202
v -18.111177 39.479065 -90.602211
v -27.592218 39.675919 -85.929688
v -27.916119 39.340424 -91.297287
v -37.910118 39.425606 -86.023331
v -38.883976 39.305607 -91.203239
v -48.484150 39.601830 -85.704880
v -48.743290 39.255363 -91.909454
v -54.181118 39.715027 -85.679291
v -54.589035 39.138412 -89.719017
v -55.355186 40.481102 -84.872421
v -56.261692 39.953415 -87.147430
v -58.868298 43.277889 -90.072960
v -58.471714 42.877998 -96.752754
v -58.212326 42.519238 -103.626022
v -58.073883 42.276764 -109.747696
v -57.989941 42.058422 -118.256577
v -58.973076 42.218185 -122.114784
v -60.499783 42.607395 -126.461426
v -63.912697 38.463013 -122.024452
v -60.456345 40.966427 -121.006775
v -66.986893 37.427315 -121.468803
v -66.848297 38.306545 -121.339684
v -67.362656 39.308578 -121.026588
v -67.424324 39.703308 -120.176392
v -63.401428 39.664490 -117.687714
v -67.196983 39.463558 -119.047340
v -66.684814 38.214966 -116.563210
v -62.084652 39.293518 -110.133789
v -66.286118 38.800446 -109.781097
v -66.266449 38.645504 -108.446213
v -66.426544 38.750122 -112.686028
v -66.195778 39.189896 -106.332108
v -61.585968 39.458069 -103.916840
v -65.898483 38.962975 -104.979057
v -66.098389 38.548813 -103.935394
v -62.460369 39.580795 -97.510529
v -66.112381 39.197693 -100.723999
v -66.497208 38.710106 -99.375504
v -66.562210 38.271893 -96.951172
v -66.637703 38.118191 -94.450943
v -62.126358 39.747242 -90.160400
v -66.786293 38.273300 -92.790581
v -66.917763 38.823875 -91.467659
v -66.882324 39.090935 -90.096054
v -67.055664 38.779572 -88.824692
v -59.567921 43.848640 -82.255859
v -57.613655 41.714428 -83.778023
v -60.327515 43.548828 -82.348686
v -63.903454 39.189400 -82.576805
v -67.077240 37.904720 -84.121658
v -60.746880 42.401470 -82.258751
v -58.229774 41.484249 -85.718079
v -61.978962 40.131168 -82.700958
v -60.115490 40.183807 -86.454407
v -63.694969 38.871063 -82.684052
v -62.162739 38.864754 -85.919800
v -66.724823 37.246185 -83.151009
v -65.932724 37.585144 -85.484589
v -58.848255 40.708191 -124.372055
v -64.520363 38.746323 -124.545319
v -66.957901 36.531136 -123.028099
v -61.707451 37.939743 -124.490868
v -57.354820 39.971733 -124.152199
v -54.361229 38.589203 -122.093330
v -57.579979 39.023201 -120.788971
v -64.275047 35.085655 -123.867126
v -66.096703 38.528683 -103.153702
v -66.249207 39.289726 -102.099716
v -66.085350 39.452995 -101.693825
v -64.836716 39.209286 -106.009933
v 66.782845 38.536560 4.641400
v 67.801750 37.213100 4.543594
v 67.911476 37.280998 -4.385630
v 66.961876 38.726562 -4.098938
v 67.496086 37.763268 -16.605877
v 66.231331 38.940453 -16.730455
v 67.884666 37.654694 -27.641804
v 66.532867 38.864098 -27.830315
v 68.514580 37.600983 -31.636152
v 67.090988 38.958145 -31.891493
v 67.934166 37.116779 -35.380924
v 67.006439 38.628056 -35.466312
v 68.909340 36.699280 -40.909409
v 67.667274 38.450508 -40.903637
v 68.086800 36.531342 15.645393
v 66.899185 38.288479 15.646466
v 65.296158 39.155907 15.896821
v 65.556458 39.079262 16.600855
v 66.815857 38.122730 16.546854
v 63.645290 39.291168 16.565666
v 63.618885 39.439262 15.908329
v 64.920776 39.412491 5.177416
v 63.248871 39.617424 5.090626
v 65.279236 39.342442 -3.695088
v 64.791656 39.407623 -16.755205
v 64.815582 39.502003 -27.989542
v 64.808975 39.515369 -32.410435
v 65.356796 39.567261 -35.803337
v 66.340637 39.534058 -41.232815
v 63.312397 39.684704 -3.617124
v 62.906895 39.681900 -17.190405
v 62.688679 39.723686 -28.046473
v 63.360241 40.324184 -32.036285
v 63.194824 39.813534 -36.199352
v 64.401428 40.211567 -41.555401
v 44.600464 39.784531 16.400372
v 44.426796 39.585537 17.299110
v 44.800953 40.070366 5.550739
v 44.502285 40.024494 -3.200898
v 44.835598 39.994049 -16.854624
v 45.750957 40.086288 -28.334402
v 46.668797 40.072552 -32.603081
v 47.694302 40.675686 -37.831249
v 48.672363 41.508671 -43.115520
v 11.595832 39.907753 16.087358
v 11.446504 39.633884 17.236946
v 11.991435 40.098003 6.072364
v 12.627116 40.116772 -2.204271
v 13.476068 40.114590 -15.629045
v 14.207863 40.137646 -27.878988
v 15.618238 40.132614 -33.003212
v 16.658171 41.157207 -39.823673
v 11.544683 41.285751 -45.486229
v -18.502445 39.613960 17.363216
v -18.718727 39.953083 15.501388
v -18.755848 40.131210 5.748787
v -18.500631 40.061867 -2.550371
v -18.037338 40.110256 -15.626986
v -17.966385 40.134510 -27.757303
v -17.809673 40.064178 -33.439648
v -18.790627 40.970798 -39.419827
v -18.342554 40.923481 -43.667873
v -48.254505 39.852264 15.416862
v -48.159664 39.618576 16.902687
v -48.325127 40.077503 5.064306
v -48.638760 39.976723 -2.597809
v -49.006016 40.059681 -14.818464
v -49.119125 40.029030 -26.510691
v -49.409496 40.301579 -32.876984
v -48.633682 40.998432 -37.653866
v -48.182522 41.112247 -42.530994
v -58.948326 39.746128 4.452508
v -59.328289 39.652241 15.077696
v -58.708160 39.817162 -2.798703
v -58.686798 39.804993 -14.786702
v -58.666290 39.793732 -27.023443
v -58.701237 40.688763 -31.689777
v -58.065510 39.952133 -37.655102
v -57.986099 40.965187 -42.406826
v -59.353703 39.467392 16.330080
v -62.820290 38.927330 16.168541
v -62.570179 39.256641 14.863396
v -63.023483 39.246700 3.527741
v -62.799038 39.488846 -3.412518
v -62.641415 39.425934 -14.304063
v -62.744011 39.422508 -28.222616
v -62.907288 39.314350 -31.901398
v -62.329556 39.609791 -37.367996
v -62.190998 39.981010 -41.730312
v -64.191887 38.650291 3.637844
v -64.234375 38.269421 14.979393
v -64.162758 38.989086 -3.448409
v -64.114090 38.926964 -14.210420
v -64.308708 38.907284 -28.065861
v -64.331398 38.503933 -31.337490
v -63.768276 38.735680 -37.546200
v -63.720009 39.343597 -41.474548
v -60.757896 39.654839 -44.792797
v -62.439285 39.167992 -44.471451
v -64.176170 37.888340 15.926273
v -64.965096 37.620743 3.352715
v -65.058861 37.094791 14.815091
v -65.275925 37.814499 -3.423655
v -65.019180 37.861938 -14.238884
v -65.747383 37.682705 -27.741625
v -65.107780 37.099003 -30.927048
v -65.030357 37.561466 -37.386143
v -64.928139 38.518784 -41.021202
v -64.101837 38.278374 -44.039139
v -64.960396 36.626881 15.680745
v -66.074211 33.061050 14.204493
v -66.124458 33.560722 2.591217
v -67.183250 33.212440 -4.024271
v -66.269005 33.213058 -15.185186
v -67.335228 33.718758 -27.527117
v -67.327927 34.182129 -32.575443
v -67.005127 34.466145 -37.227737
v -67.067009 35.216545 -40.129761
v -65.603455 35.286797 -43.006615
v -66.506973 28.034473 2.667862
v -66.523651 28.617599 13.009322
v -67.991158 28.171261 -4.356755
v -66.956329 27.677979 -15.109697
v -67.837746 29.453512 -28.523750
v -68.702530 29.095657 -32.864609
v -68.267540 30.687458 -37.422859
v -68.456055 31.392317 -39.073730
v -67.264763 31.278711 -41.833027
v -66.153625 24.790770 1.118966
v -66.751846 25.874353 11.907008
v -65.413330 23.014660 -4.513923
v -69.613396 24.971491 -27.740393
v -65.565956 23.759863 -16.382704
v -70.364342 25.579039 -31.593657
v -68.360062 26.927536 -36.603195
v -69.612907 27.576458 -38.305225
v -69.553337 27.673605 -38.926056
v -67.237167 28.272451 -40.717594
v -70.039352 22.977270 -37.827950
v -66.090836 23.022373 -38.244171
v -69.594215 21.105169 -36.403133
v -66.858353 24.615864 -39.289474
v -70.390366 23.531248 -37.190201
v -70.164139 21.278749 -36.192341
v -70.809181 21.628241 -35.995571
v -68.352394 23.286795 -33.361275
v -67.557777 21.365583 -34.870651
v -67.936333 21.205637 -34.077389
v -68.053856 21.145422 -32.770145
v -69.896172 23.257999 -31.535496
v -68.835861 21.957479 -31.047493
v -71.194305 22.242323 -31.027279
v -69.326538 20.936596 -31.109375
v -71.297310 22.564528 -30.648182
v -71.090027 20.751356 -31.234364
v -71.218437 20.304838 -30.675819
v -72.148567 22.561483 -27.783291
v -72.402313 20.777153 -29.677547
v -72.498795 20.684546 -28.831066
v -68.313042 22.597910 -17.041487
v -68.845222 21.563913 -16.344341
v -68.313042 22.597910 -17.041487
v -68.840065 22.469301 -17.075315
v -68.739044 22.248335 -17.445341
v -68.840065 22.469301 -17.075315
v -68.845222 21.563913 -16.344341
v -68.871902 22.096483 -12.939478
v -68.871902 22.096483 -12.939478
v -68.654968 22.221811 -12.533149
v -66.939957 21.998957 -12.637101
v -68.803429 21.528854 -12.394958
v -66.879280 21.842165 -12.019985
v -67.767700 25.042276 -6.158607
v -67.493088 22.526424 -6.803777
v -67.841042 21.475603 -6.789750
v -67.921608 21.370268 -4.746582
v -66.787987 22.329412 0.378958
v -68.670357 22.375654 -2.258310
v -68.647789 22.335260 -1.682030
v -69.151260 21.000643 0.488811
v -69.058281 21.373722 3.163950
v -66.344696 22.081690 -4.409559
v -68.126785 21.179453 -1.392035
v -68.591316 22.091543 5.042980
v -68.208961 23.321280 4.654353
v -69.171356 22.308294 5.331987
v -69.495293 21.383986 6.085519
v -67.990540 21.970663 7.478037
v -67.474571 23.905190 11.142542
v -67.097694 22.386545 6.107136
v -66.912811 22.101383 -8.071837
v -68.813248 22.007360 -8.576336
v -66.453026 23.200663 -6.602058
v -66.555618 21.900255 -9.059800
v -68.795723 21.455397 -9.127452
v -70.570427 22.161352 7.784451
v 68.707222 34.830391 15.785854
v 68.627602 35.046963 4.548338
v 68.840042 35.341576 -4.305606
v 68.307503 35.840675 -16.602163
v 68.627602 36.062523 -27.585695
v 69.436531 36.207108 -31.395239
v 68.789719 35.709991 -35.142494
v 69.624641 35.339600 -40.711819
v 72.028763 30.444075 -34.954800
v 71.758568 30.651939 -40.510105
v 72.687134 30.636555 -31.258286
v 71.869118 29.881905 -26.688482
v 70.233513 29.217638 -17.425119
v 70.827934 30.269131 -3.339503
v 69.688583 30.032471 3.712877
v 70.090370 29.927694 14.328078
v 71.958214 24.191473 12.460351
v 74.499702 21.496885 12.904131
v 75.209633 20.655287 11.917157
v 74.277771 20.673794 12.999256
v 71.297379 23.753880 6.128753
v 74.776497 20.374809 10.803747
v 74.154854 20.716120 7.525847
v 73.557930 21.071070 4.477303
v 73.427185 21.188583 4.245885
v 70.775131 24.977346 -1.807850
v 72.706093 21.225225 -0.108713
v 71.863342 24.226042 -16.363728
v 73.442032 25.574459 -24.646139
v 75.676186 26.238520 -30.764517
v 73.099228 25.875135 -33.417786
v 73.248146 27.062551 -40.544342
v 74.020363 21.458120 -39.782429
v 71.075851 21.476557 -40.846294
v 74.061615 22.014318 -39.775829
v 75.250061 21.910887 -36.922070
v 75.108559 20.977224 -35.714649
v 75.201385 21.277903 -36.656414
v 76.829987 22.342022 -34.479588
v 75.508301 20.999826 -33.920223
v 75.212120 21.479445 -31.642746
v 77.329117 22.517179 -30.899815
v 75.213760 21.032125 -31.945118
v 75.740120 24.090366 -29.862350
v 74.833008 21.138498 -30.725319
v 74.054604 21.178331 -29.247705
v 77.457001 22.162226 -28.234165
v 77.146797 21.535200 -26.139433
v 73.742744 21.154444 -28.661940
v 71.613770 21.360929 -25.430738
v 74.045937 20.979624 -23.392103
v 75.172920 20.369123 -18.985651
v 70.243408 21.728029 -19.740547
v 74.843735 20.403894 -16.223888
v 70.707077 21.467737 -17.268780
v 74.616440 20.480696 -9.747869
v 69.834190 21.487135 -15.019352
v 71.069252 21.447954 -10.158321
v 73.195763 21.082808 -7.185350
v 70.458321 21.457098 -7.524433
v 73.748520 21.330748 -4.539497
v 73.231644 21.275829 -2.151057
v 73.636734 20.994278 -5.075762
v 70.697990 21.449409 -5.037399
v 70.299919 21.477262 -2.655559
v 72.478813 21.203362 -0.887946
v 69.816467 21.507746 -1.302523
v -18.616587 41.160671 -48.231895
v 18.057007 40.678364 -48.380409
v 17.550438 40.057785 -48.341629
v -6.085640 40.134632 -48.817669
v -19.441071 39.979568 -48.013687
v -48.072960 40.421787 -46.417263
v -48.775627 39.804955 -43.800701
v -57.322174 40.429207 -45.134762
v -57.978676 39.610001 -43.594864
v 48.659161 40.794857 -45.819534
v 71.717720 22.887362 -41.369766
v 70.277237 21.547335 -40.062115
v 73.345505 21.889938 -30.550831
v 71.611290 27.520895 -42.119717
v 70.154716 26.476910 -40.623539
v 69.773560 31.744188 -42.891113
v 69.541725 30.343628 -40.345097
v 69.177887 34.456245 -43.442642
v 68.804985 33.278400 -41.050076
v 68.529007 35.994255 -43.535046
v 68.398239 34.830887 -41.330585
v 67.415642 38.155113 -43.808132
v 67.438332 37.509285 -42.059082
v 66.061775 39.063789 -44.058937
v 66.368698 38.610317 -42.683208
v 64.219101 39.623611 -44.375336
v 48.476425 39.807507 -44.148865
v 64.607674 39.354080 -41.370190
v -68.739044 22.248335 -17.445341
v -69.714592 21.562916 -18.525291
v -72.450027 20.638258 -26.535028
v -71.652603 20.493330 -23.498943
v 73.522873 21.134897 15.033143
v 74.842499 20.314199 14.709695
v 71.949554 24.395994 15.530552
v 71.475998 21.563274 14.099055
v 70.903435 24.384487 14.811956
v 69.886169 29.988829 16.059679
v 70.011169 28.869024 16.140450
v 68.568611 34.733864 16.454165
v 67.966766 36.461510 16.524416
v 68.625122 34.091087 16.414564
v -68.776711 24.156822 12.336515
v -71.593910 19.991327 9.370806
v -70.031647 21.720488 11.191710
v -70.742813 21.402376 7.811718
v -66.138931 22.040281 10.647404
v -66.923080 21.763186 10.334267
v -66.536316 24.725058 11.776571
v -67.582817 26.934383 13.342839
v -66.316895 26.888927 12.429906
v -67.021675 29.179853 14.200448
v -66.064896 32.660500 14.998411
v -66.301216 28.207479 12.656956
v 75.250061 21.910887 -36.922070
v 75.201385 21.277903 -36.656414
v 74.020363 21.458120 -39.782429
v 74.061615 22.014318 -39.775829
v 144.437317 24.085005 -130.694611
v 86.665482 24.085005 -130.694611
v 86.665482 24.085005 -72.643509
v 144.437317 24.085005 -72.643509
v 144.575500 24.473259 -72.020210
v 144.455460 24.476641 -72.626190
v 86.647339 24.476641 -72.626190
v 86.006294 24.473259 -72.020210
v 144.455460 24.476641 -72.626190
v 144.575500 24.473259 -72.020210
v 144.575500 24.473259 -131.317917
v 144.455460 24.476641 -130.711548
v 86.647339 24.476641 -130.711548
v 144.455460 24.476641 -130.711548
v 144.575500 24.473259 -131.317917
v 86.006294 24.473259 -131.317917
v 86.006294 24.473259 -131.317917
v 86.006294 24.473259 -72.020210
v 86.647339 24.476641 -72.626190
v 86.647339 24.476641 -130.711548
v 144.437317 24.085005 -72.643509
v 86.665482 24.085005 -72.643509
v 86.647339 24.476641 -72.626190
v 144.455460 24.476641 -72.626190
v 144.455460 24.476641 -72.626190
v 144.455460 24.476641 -130.711548
v 144.437317 24.085005 -130.694611
v 144.437317 24.085005 -72.643509
v 144.437317 24.085005 -130.694611
v 144.455460 24.476641 -130.711548
v 86.647339 24.476641 -130.711548
v 86.665482 24.085005 -130.694611
v 86.665482 24.085005 -72.643509
v 86.665482 24.085005 -130.694611
v 86.647339 24.476641 -130.711548
v 86.647339 24.476641 -72.626190
v 86.004242 4.741922 -72.020210
v 86.006294 24.473259 -72.020210
v 86.006294 24.473259 -131.317917
v 86.001350 4.743530 -131.317917
v 144.575500 24.473259 -72.020210
v 144.575500 4.738416 -131.317917
v 144.575500 24.473259 -131.317917
v 144.577576 4.741922 -72.020210
v 143.700577 6.919075 -110.208885
v 123.591446 22.602837 -110.208885
v 123.570007 8.116762 -110.218788
v 123.570007 6.919075 -110.208885
v 143.700577 22.602837 -110.208885
v 123.591446 22.602837 -110.208885
v 143.700577 6.919075 -110.208885
v 143.708405 22.609972 -72.018555
v 144.575500 24.473259 -72.020210
v 86.006294 24.473259 -72.020210
v 87.043343 22.609972 -72.018555
v 86.006294 24.473259 -72.020210
v 86.004242 4.741922 -72.020210
v 87.043343 5.554776 -72.018555
v 87.043343 22.609972 -72.018555
v 144.577576 4.741922 -72.020210
v 143.708405 5.554776 -72.018555
v 87.043343 5.554776 -72.018555
v 86.004242 4.741922 -72.020210
v 143.708405 5.554776 -72.018555
v 144.577576 4.741922 -72.020210
v 144.575500 24.473259 -72.020210
v 143.708405 22.609972 -72.018555
v 87.043343 22.609972 -72.018555
v 87.043343 5.554776 -72.018555
v 87.050774 5.561913 -73.426048
v 87.050774 6.919075 -73.426048
v 143.708405 5.554776 -72.018555
v 143.700577 5.561913 -73.426048
v 87.050774 5.561913 -73.426048
v 87.043343 5.554776 -72.018555
v 143.708405 22.609972 -72.018555
v 143.700577 6.919075 -73.426048
v 143.708405 5.554776 -72.018555
v 143.700577 5.561913 -73.426048
v 143.700577 5.561913 -73.426048
v 143.700577 6.919075 -73.426048
v 87.050774 6.919075 -73.426048
v 87.050774 5.561913 -73.426048
v 87.050774 22.602837 -110.208885
v 123.548553 22.602837 -110.208885
v 123.591446 22.602837 -110.208885
v 87.043343 22.609972 -72.018555
v 87.043343 22.609972 -72.018555
v 123.591446 22.602837 -110.208885
v 143.700577 22.602837 -110.208885
v 143.708405 22.609972 -72.018555
v 87.050774 6.919075 -73.426048
v 87.050774 6.919075 -110.208885
v 87.050774 8.126868 -110.215477
v 87.043343 22.609972 -72.018555
v 87.050774 6.919075 -73.426048
v 87.050774 8.126868 -110.215477
v 87.050774 22.602837 -110.208885
v 123.570007 6.919075 -110.208885
v 87.050774 6.919075 -73.426048
v 143.700577 6.919075 -73.426048
v 143.700577 6.919075 -110.208885
v 87.050774 6.919075 -110.208885
v 143.700577 6.919075 -73.426048
v 143.708405 22.609972 -72.018555
v 143.700577 22.602837 -110.208885
v 143.700577 6.919075 -110.208885
v 87.050774 8.126868 -110.215477
v 87.050774 6.919075 -110.208885
v 123.570007 6.919075 -110.208885
v 123.570007 8.116762 -110.218788
v 87.050774 8.126868 -131.309250
v 87.050774 22.602837 -110.208885
v 87.050774 8.126868 -110.215477
v 87.050774 22.602837 -110.208885
v 87.050774 8.126868 -131.309250
v 87.040062 22.602837 -131.319168
v 123.580315 8.124971 -131.319168
v 87.050774 8.126868 -131.309250
v 87.050774 8.126868 -110.215477
v 123.570007 8.116762 -110.218788
v 123.580734 22.612926 -131.319168
v 123.580315 8.124971 -131.319168
v 123.570007 8.116762 -110.218788
v 123.570007 22.602837 -110.229073
v 87.050774 22.602837 -110.208885
v 87.040062 22.602837 -131.319168
v 123.580734 22.612926 -131.319168
v 123.548553 22.602837 -110.208885
v 123.570007 22.602837 -110.229073
v 123.548553 22.602837 -110.208885
v 123.580734 22.612926 -131.319168
v 87.040062 22.602837 -131.319168
v 87.043762 8.107769 -131.329468
v 86.001350 4.743530 -131.317917
v 86.006294 24.473259 -131.317917
v 123.580315 8.124971 -131.319168
v 144.575500 4.738416 -131.317917
v 86.001350 4.743530 -131.317917
v 87.043762 8.107769 -131.329468
v 144.575500 24.473259 -131.317917
v 144.575500 4.738416 -131.317917
v 123.580315 8.124971 -131.319168
v 123.580734 22.612926 -131.319168
v 123.591446 22.602837 -110.208885
v 123.548553 22.602837 -110.208885
v 123.570007 22.602837 -110.229073
v 123.591446 22.602837 -110.208885
v 123.570007 22.602837 -110.229073
v 123.570007 8.116762 -110.218788
v 87.050774 8.126868 -131.309250
v 87.043762 8.107769 -131.329468
v 87.040062 22.602837 -131.319168
v 123.580315 8.124971 -131.319168
v 87.043762 8.107769 -131.329468
v 87.050774 8.126868 -131.309250
v 86.001350 4.743530 -131.317917
v 144.575500 4.738416 -131.317917
v 144.577576 4.741922 -72.020210
v 86.004242 4.741922 -72.020210
v 86.006294 24.473259 -131.317917
v 144.575500 24.473259 -131.317917
v 123.580734 22.612926 -131.319168
v 87.040062 22.602837 -131.319168
v -65.629692 33.052551 -118.353096
v -64.730377 32.835281 -121.144157
v -64.617882 28.199808 -121.039780
v -65.861816 28.551226 -118.081268
v -64.721916 24.027704 -117.421638
v -64.338280 23.568457 -121.081039
v -66.304352 28.578205 -63.553406
v -65.877357 33.172424 -63.977882
v -64.306725 23.451014 -61.830349
v -65.327736 27.027201 17.366392
v -65.049950 33.052551 18.214682
v -64.098083 27.037802 19.529314
v -64.077904 33.113644 20.040665
v -64.440178 23.649103 16.883135
v -63.347519 22.908964 19.291996
v -64.463936 37.306572 -117.941833
v -64.562569 37.348572 -120.911919
v -63.891617 38.335629 -62.845955
v -63.981174 37.499714 17.768715
v -63.767323 38.017624 20.034189
v -63.077812 37.790287 20.272621
v -61.681419 38.587013 18.822062
v -63.313320 33.611626 21.739841
v -63.100380 26.832743 21.994978
v -62.316025 23.217451 20.663391
v -60.053612 37.289993 20.386061
v -63.313320 33.611626 21.739841
v -59.878250 32.971371 21.949560
v -60.283096 26.357241 21.500626
v -63.100380 26.832743 21.994978
v -62.316025 23.217451 20.663391
v -60.455109 23.690889 21.047895
v -5.683031 33.459618 21.925140
v -5.597641 37.044796 20.877939
v -5.527102 27.654259 22.281303
v -5.351372 23.556410 20.485558
v 63.672100 33.779686 21.612911
v 63.717064 36.991745 20.414194
v 63.490585 28.382551 22.332125
v 64.067696 23.480387 20.608570
v 66.416542 33.972206 22.127890
v 66.244110 37.124161 20.602093
v 65.954109 29.127752 22.740925
v 65.850990 23.348341 20.208185
v 67.102547 34.168312 19.572132
v 67.066246 37.099495 19.417482
v 66.416542 33.972206 22.127890
v 65.954109 29.127752 22.740925
v 66.767174 29.380787 19.253880
v 67.013031 23.721045 18.700001
v 65.850990 23.348341 20.208185
v 65.726822 38.168976 19.012314
v 63.766563 38.428524 19.094072
v -5.580317 38.411156 19.880898
v -59.896152 38.650581 18.970692
v -63.164482 38.545387 17.389824
v -61.255550 39.055542 17.060308
v -62.758987 39.045353 -62.956921
v -63.121914 38.714233 -117.916237
v -62.931580 38.531734 -121.106209
v -63.603600 36.530807 -123.150192
v -63.581779 33.072063 -123.567650
v -64.730377 32.835281 -121.144157
v -64.617882 28.199808 -121.039780
v -63.339142 28.012569 -123.545387
v -63.064617 24.274757 -123.112244
v -64.338280 23.568457 -121.081039
v -5.603828 39.317566 17.712200
v -60.840469 39.445572 -62.972591
v -61.295563 39.188824 -118.096931
v -60.585793 38.396637 -121.481186
v -60.943401 36.485886 -122.931976
v -60.998840 32.329994 -123.539597
v -60.751415 27.840630 -123.708313
v -60.471115 24.269522 -123.292931
v 64.266129 38.998947 17.108614
v -8.738504 39.873840 -60.957066
v -9.395636 39.583683 -117.814789
v -9.452561 37.647308 -122.599075
v -9.638193 33.764915 -123.872505
v -9.369237 28.474497 -124.432274
v -9.699655 23.907251 -122.763260
v 61.143410 27.907581 -123.639839
v 60.976753 32.577255 -123.893127
v 60.920242 23.690147 -122.683243
v 65.506943 33.531395 -124.835724
v 64.113075 28.770147 -124.208298
v 65.114655 23.962114 -122.788834
v 65.625755 28.781202 -123.754128
v 65.843147 23.844467 -121.692780
v 66.082817 33.557259 -124.076294
v 65.392693 36.422646 -123.112244
v 67.130608 37.413750 -121.678352
v 68.040184 34.735023 -121.767044
v 66.082817 33.557259 -124.076294
v 66.798119 28.748941 -121.917213
v 65.625755 28.781202 -123.754128
v 67.004784 23.810808 -120.203201
v 65.843147 23.844467 -121.692780
v 64.945526 39.212627 -61.425674
v 66.018471 38.451706 16.370342
v 68.381744 35.828011 -118.822128
v 67.099251 37.704937 -118.264839
v 66.730865 38.246605 -61.778782
v 67.106262 37.334671 16.851538
v 65.096916 38.956749 -117.981003
v 61.116600 36.535469 -122.797501
v 64.410904 38.362480 -120.957275
v -9.683982 39.183670 -120.316658
v 67.899109 34.254322 17.398197
v 67.868584 35.985382 -62.351353
v 68.458061 30.042908 -118.249977
v 67.716789 24.281649 -117.528503
v 68.590485 33.586094 -62.329899
v 68.232826 30.022449 17.054039
v 67.500198 23.663992 15.637763
v 67.073257 23.513674 -61.814259
v -62.176395 20.728636 -115.109535
v -61.807034 20.286503 -118.632790
v -61.776665 20.173462 -61.589443
v -61.905128 20.364145 14.191293
v -60.853180 19.651592 16.510389
v -59.860146 19.948576 17.830673
v -58.068562 20.404398 18.200863
v -59.860146 19.948576 17.830673
v -5.017650 20.274935 17.659481
v 61.814568 20.201708 17.777912
v 63.531433 20.074615 17.392422
v 64.650162 20.433393 15.940463
v 63.531433 20.074615 17.392422
v -60.580841 20.966486 -120.588493
v -61.807034 20.286503 -118.632790
v -58.083950 20.961462 -120.761757
v -9.204230 20.612684 -120.252296
v 58.784660 20.403673 -120.175156
v 62.822739 20.665510 -120.276657
v 63.524006 20.552225 -119.221436
v 64.642746 20.519840 -117.787148
v 63.524006 20.552225 -119.221436
v 65.327927 20.973124 -115.212250
v 65.119606 20.378504 12.992282
v 64.708328 20.233774 -61.574173
v 134.098129 -0.548084 -123.906746
v 96.692406 -0.548084 -123.906746
v 96.692406 4.742377 -123.906746
v 134.098129 4.742377 -123.906746
v 95.763420 -0.548084 -123.805672
v 95.763420 4.742377 -123.805672
v 94.909943 -0.548084 -123.516937
v 94.909943 4.742377 -123.516937
v 94.156700 4.742377 -123.063980
v 94.156700 -0.548084 -123.063980
v 93.528435 -0.548084 -122.469978
v 93.528435 4.742377 -122.469978
v 93.049515 -0.548084 -121.758377
v 93.049515 4.742377 -121.758377
v 92.744263 -0.548084 -120.951515
v 92.744263 4.742377 -120.951515
v 92.637001 -0.548084 -120.073273
v 92.637001 4.742377 -120.072868
v 92.637001 -0.548084 -82.387871
v 92.637001 4.742377 -82.387871
v 92.744263 -0.548084 -81.509628
v 92.744263 4.742377 -81.509628
v 93.049515 -0.548084 -80.702759
v 93.049515 4.742377 -80.702759
v 93.528435 -0.548084 -79.991165
v 93.528435 4.742377 -79.991165
v 94.156700 -0.548084 -79.397148
v 94.156700 4.742377 -79.397148
v 94.909943 -0.548084 -78.944206
v 94.909943 4.742377 -78.944206
v 95.763420 4.742377 -78.655457
v 95.763420 -0.548084 -78.655457
v 96.692406 -0.548084 -78.554382
v 96.692406 4.742377 -78.554382
v 134.098129 -0.548084 -78.554382
v 134.098129 4.742377 -78.554382
v 135.027512 -0.548084 -78.655457
v 135.027512 4.742377 -78.655457
v 135.880997 -0.548084 -78.944206
v 135.880997 4.742377 -78.944206
v 136.633835 -0.548084 -79.397148
v 136.633835 4.742377 -79.397148
v 137.262085 -0.548084 -79.991165
v 137.262085 4.742377 -79.991165
v 137.741425 -0.548084 -80.702759
v 137.741425 4.742377 -80.702759
v 138.046692 -0.548084 -81.509628
v 138.046692 4.742377 -81.509628
v 138.153931 -0.548084 -82.387871
v 138.153931 4.742377 -82.387871
v 138.153931 -0.548084 -120.072868
v 138.153931 4.742377 -120.072868
v 138.153931 4.742377 -82.387871
v 138.153931 -0.548084 -82.387871
v 138.046692 -0.548084 -120.951515
v 138.046692 4.742377 -120.951515
v 137.741425 -0.548084 -121.758377
v 137.741425 4.742377 -121.758377
v 137.262085 4.742377 -122.469978
v 137.262085 -0.548084 -122.469978
v 136.633835 4.742377 -123.063980
v 136.633835 -0.548084 -123.063980
v 135.880997 -0.548084 -123.516937
v 135.880997 4.742377 -123.516937
v 135.027512 4.742377 -123.805672
v 135.027512 -0.548084 -123.805672
v 108.899033 59.083561 -117.891075
v 108.719589 58.419907 -121.560806
v 105.863365 58.453655 -120.857872
v 107.358299 59.116562 -117.495499
v 108.531487 56.143799 -125.349701
v 104.330055 56.170979 -124.303581
v 108.365646 52.069462 -128.637009
v 102.999306 52.079441 -127.293884
v 102.674644 49.104618 -128.022797
v 108.324409 49.112534 -129.437302
v 108.360710 46.834110 -128.704239
v 102.972061 46.810352 -127.354523
v 108.449402 45.790867 -126.701500
v 103.782661 45.766117 -125.529564
v 108.578102 45.747475 -120.054703
v 106.427689 45.765667 -119.501106
v 103.017860 58.453655 -118.790794
v 105.753639 59.116524 -116.329735
v 100.214836 56.170979 -121.313713
v 97.781845 52.079441 -123.503723
v 97.189072 49.104618 -124.037506
v 97.732750 46.810390 -123.547859
v 99.218216 45.766117 -122.212975
v 104.134117 45.765667 -117.834572
v 101.466820 58.419998 -116.291374
v 104.901802 59.083519 -114.986610
v 97.921692 56.143963 -117.641525
v 94.846420 52.069542 -118.814697
v 94.097710 49.112534 -119.101387
v 94.783730 46.834148 -118.840271
v 96.661461 45.790947 -118.136528
v 102.942787 45.747475 -115.960541
v 104.576736 59.083561 -113.986244
v 101.030792 58.419907 -114.949867
v 100.816696 58.453655 -112.016090
v 104.476501 59.116562 -112.398903
v 97.369347 56.143799 -115.941566
v 97.066139 56.170979 -111.622963
v 93.810600 52.079441 -111.280983
v 94.191757 52.069462 -116.799568
v 93.417473 49.112534 -117.007904
v 93.017349 49.104618 -111.197678
v 94.126175 46.834110 -116.816093
v 93.745018 46.810390 -111.273987
v 96.058777 45.790867 -116.281471
v 95.730850 45.766117 -111.481056
v 102.419716 45.747475 -114.350082
v 102.281944 45.765667 -112.133667
v 101.903664 58.453655 -108.671448
v 105.089493 59.116562 -110.512909
v 98.637817 56.170979 -106.785034
v 95.803444 52.079441 -105.147774
v 95.112480 49.104618 -104.749283
v 95.746101 46.810390 -105.114784
v 97.474525 45.766117 -106.114700
v 103.158112 45.765667 -109.437477
v 103.801208 58.419998 -106.423676
v 106.103447 59.083519 -109.287331
v 101.421852 56.143963 -103.469261
v 99.355583 52.069542 -100.907158
v 98.851494 49.112534 -100.283852
v 99.312263 46.834148 -100.855598
v 100.561348 45.790947 -102.423546
v 104.572205 45.747475 -107.725159
v 106.954468 59.083561 -108.668976
v 104.942230 58.419907 -105.594521
v 107.666458 58.453655 -104.484459
v 108.433304 59.116562 -108.083206
v 102.867706 56.143799 -102.418602
v 106.881439 56.170940 -100.795784
v 106.200386 52.079441 -97.593864
v 101.069565 52.069462 -99.661781
v 100.632301 49.112534 -98.989799
v 106.034973 49.104618 -96.813400
v 101.033684 46.834110 -99.604446
v 106.186768 46.810352 -97.529518
v 102.139618 45.790867 -101.277184
v 106.603821 45.766117 -99.481934
v 105.942146 45.747475 -106.730179
v 108.007187 45.765667 -105.914230
v 111.183113 58.453655 -104.484459
v 110.416656 59.116524 -108.083206
v 111.968536 56.170979 -100.795784
v 112.649185 52.079441 -97.593864
v 112.815002 49.104618 -96.813400
v 112.663193 46.810390 -97.529518
v 112.246155 45.766117 -99.481934
v 110.842377 45.765667 -105.914230
v 113.907341 58.419998 -105.594521
v 111.895523 59.083519 -108.668976
v 115.981865 56.143963 -102.418602
v 117.780006 52.069500 -99.661781
v 118.217255 49.112534 -98.989799
v 117.815887 46.834148 -99.604446
v 116.710358 45.790947 -101.277184
v 112.907814 45.747475 -106.730179
v 116.946312 58.453655 -108.671448
v 113.760483 59.116562 -110.512909
v 112.746529 59.083561 -109.287331
v 115.048340 58.419907 -106.423676
v 120.211754 56.170940 -106.785034
v 117.427704 56.143799 -103.469261
v 119.494392 52.069462 -100.907158
v 123.046532 52.079441 -105.147774
v 123.737488 49.104618 -104.749283
v 119.998077 49.112534 -100.283852
v 119.537704 46.834110 -100.855598
v 123.103447 46.810352 -105.114784
v 118.288612 45.790867 -102.423958
v 121.375435 45.766117 -106.114700
v 114.277763 45.747475 -107.725159
v 115.691864 45.765667 -109.437477
v 118.033279 58.453655 -112.016090
v 114.373062 59.116524 -112.398903
v 121.783836 56.170979 -111.622963
v 125.039360 52.079441 -111.280983
v 125.832642 49.104618 -111.197678
v 125.104965 46.810390 -111.273987
v 123.119141 45.766117 -111.481056
v 116.568031 45.765667 -112.133667
v 117.818779 58.419998 -114.949867
v 114.273224 59.083519 -113.986671
v 121.480225 56.143963 -115.941566
v 124.658203 52.069500 -116.799568
v 125.432076 49.112534 -117.007904
v 124.723396 46.834148 -116.816093
v 122.791183 45.790947 -116.281471
v 116.430244 45.747475 -114.350082
v 113.948166 59.083561 -114.986610
v 117.383156 58.419907 -116.291374
v 115.831696 58.453655 -118.790794
v 113.095924 59.116562 -116.329735
v 120.928284 56.143799 -117.641098
v 118.635124 56.170940 -121.313713
v 124.003143 52.069462 -118.814697
v 121.067711 52.079441 -123.503723
v 124.751846 49.112534 -119.101387
v 121.660484 49.104618 -124.037506
v 124.065842 46.834110 -118.840271
v 121.116791 46.810352 -123.547859
v 122.188499 45.790867 -118.136955
v 119.631752 45.766117 -122.213379
v 115.906784 45.747475 -115.960541
v 114.715858 45.765667 -117.834572
v 112.986610 58.453655 -120.857872
v 111.491676 59.116524 -117.495499
v 114.519501 56.170979 -124.303581
v 115.850670 52.079441 -127.293884
v 116.175331 49.104618 -128.022797
v 115.877480 46.810390 -127.354523
v 115.067322 45.766117 -125.529564
v 112.421883 45.765667 -119.501106
v 109.950943 59.083519 -117.891075
v 110.130386 58.419998 -121.560806
v 110.318489 56.143963 -125.349701
v 110.484314 52.069542 -128.637009
v 110.525566 49.112534 -129.437302
v 110.488853 46.834148 -128.704239
v 110.400169 45.790947 -126.701500
v 110.271469 45.747475 -120.054703
v 109.246788 58.992931 -117.850266
v 109.424988 58.932869 -117.793335
v 109.424988 58.286385 -121.248520
v 109.254616 58.339310 -121.407761
v 109.259567 56.091778 -125.172729
v 109.424583 56.058239 -124.970200
v 109.262466 52.065002 -128.441071
v 109.424583 52.063023 -128.202652
v 109.424988 49.151440 -128.992203
v 109.262871 49.135887 -129.238464
v 109.424988 46.900482 -128.262024
v 109.261642 46.874622 -128.504196
v 109.251320 45.848495 -126.511757
v 109.424988 45.886322 -126.291069
v 109.424988 45.652390 -119.905800
v 109.109001 45.690464 -119.989937
v 101.447426 58.339390 -115.735298
v 101.545601 58.286385 -115.524086
v 104.832085 58.932869 -114.456505
v 104.832909 58.992931 -114.643791
v 97.864769 56.091866 -116.894043
v 98.006256 56.058239 -116.674187
v 94.755669 52.065044 -117.901001
v 94.932213 52.063023 -117.672859
v 93.997055 49.135887 -118.147667
v 94.181046 49.151440 -117.917076
v 94.695854 46.874702 -117.921593
v 94.875702 46.900482 -117.691429
v 96.593803 45.848534 -117.315643
v 96.750572 45.886322 -117.082138
v 102.840477 45.690502 -115.435822
v 102.823158 45.652390 -115.109108
v 104.323868 58.339390 -106.233101
v 104.555283 58.286385 -106.261559
v 106.586494 58.932869 -109.057144
v 106.408699 58.992931 -109.116142
v 102.115288 56.091866 -103.184227
v 102.368141 56.058239 -103.250633
v 100.196274 52.065044 -100.538376
v 100.468124 52.063023 -100.635727
v 99.727669 49.135887 -99.893211
v 100.003632 49.151440 -99.997147
v 100.158737 46.874660 -100.488045
v 100.433067 46.900482 -100.587868
v 101.321617 45.848534 -102.105507
v 101.591805 45.886322 -102.182648
v 105.039574 45.690464 -107.465683
v 105.344841 45.652390 -107.348106
v 112.263481 58.932869 -109.057144
v 112.152512 58.992931 -108.906166
v 114.250130 58.339390 -106.033028
v 114.294678 58.286385 -106.261963
v 116.467377 56.091866 -102.989929
v 116.482224 56.058239 -103.251045
v 118.390511 52.065044 -100.347382
v 118.381844 52.063023 -100.636139
v 118.859535 49.135887 -99.702614
v 118.845924 49.151440 -99.997147
v 118.426819 46.874660 -100.295822
v 118.416496 46.900440 -100.587868
v 117.247849 45.848534 -101.901718
v 117.258171 45.886284 -102.182648
v 113.299294 45.690464 -107.094414
v 113.505142 45.652390 -107.348106
v 117.303955 58.286385 -115.524086
v 114.017891 58.932869 -114.456100
v 114.127197 58.992931 -114.304291
v 117.507744 58.339390 -115.411057
v 121.087090 56.091866 -116.579712
v 120.843307 56.058239 -116.674591
v 124.194550 52.065044 -117.592430
v 123.917328 52.063023 -117.673286
v 124.952744 49.135887 -117.838692
v 124.668526 49.151440 -117.917076
v 124.254776 46.874660 -117.611000
v 123.973846 46.900440 -117.691025
v 122.362991 45.848534 -116.985619
v 122.099403 45.886322 -117.082138
v 116.204613 45.690464 -114.834793
v 116.026817 45.652390 -115.109108
v 109.595360 58.339390 -121.407761
v 109.603188 58.992931 -117.850266
v 109.424988 58.286385 -121.248520
v 109.424988 58.932869 -117.793335
v 109.589989 56.091866 -125.172729
v 109.424583 56.058239 -124.970200
v 109.587105 52.065044 -128.441071
v 109.424583 52.063023 -128.202652
v 109.587105 49.135887 -129.238464
v 109.424988 49.151440 -128.992203
v 109.588348 46.874660 -128.504196
v 109.424988 46.900482 -128.262024
v 109.598236 45.848534 -126.511757
v 109.424988 45.886322 -126.291069
v 109.740974 45.690464 -119.989937
v 109.424988 45.652390 -119.905800
v 101.341827 58.339310 -115.411057
v 104.722763 58.992931 -114.304291
v 104.832085 58.932869 -114.456505
v 101.545601 58.286385 -115.524086
v 98.006256 56.058239 -116.674187
v 97.762871 56.091778 -116.579308
v 94.655426 52.065002 -117.591995
v 94.932213 52.063023 -117.672859
v 94.181046 49.151440 -117.917076
v 93.896820 49.135887 -117.838692
v 94.875702 46.900482 -117.691429
v 94.595200 46.874660 -117.611000
v 96.750572 45.886322 -117.082138
v 96.486557 45.848495 -116.985619
v 102.823158 45.652390 -115.109108
v 102.644943 45.690502 -114.834793
v 104.599846 58.339310 -106.033028
v 106.697060 58.992931 -108.906166
v 106.586494 58.932869 -109.057144
v 104.555283 58.286385 -106.261559
v 102.368141 56.058239 -103.250633
v 102.382599 56.091778 -102.989929
v 100.468124 52.063023 -100.635727
v 100.459038 52.065002 -100.347382
v 100.003632 49.151440 -99.997147
v 99.990440 49.135887 -99.702614
v 100.433067 46.900482 -100.587868
v 100.422752 46.874622 -100.296227
v 101.591805 45.886322 -102.182648
v 101.602119 45.848495 -101.901718
v 105.550682 45.690464 -107.094414
v 105.344841 45.652390 -107.348106
v 112.441261 58.992931 -109.116142
v 114.525688 58.339310 -106.233101
v 114.294678 58.286385 -106.261963
v 112.263481 58.932869 -109.057144
v 116.482224 56.058239 -103.251045
v 116.734688 56.091778 -103.184227
v 118.381844 52.063023 -100.636139
v 118.653702 52.065002 -100.538376
v 119.121895 49.135887 -99.893211
v 118.845924 49.151440 -99.997147
v 118.416496 46.900440 -100.587868
v 118.691223 46.874622 -100.487625
v 117.528358 45.848495 -102.105507
v 117.258171 45.886284 -102.182648
v 113.505142 45.652390 -107.348106
v 113.810387 45.690464 -107.465683
v 114.016640 58.992931 -114.643394
v 117.402534 58.339310 -115.735298
v 117.303955 58.286385 -115.524086
v 114.017891 58.932869 -114.456100
v 120.843307 56.058239 -116.674591
v 120.984795 56.091778 -116.894043
v 124.094307 52.065002 -117.901405
v 123.917328 52.063023 -117.673286
v 124.668526 49.151440 -117.917076
v 124.852501 49.135887 -118.147667
v 123.973846 46.900440 -117.691025
v 124.154129 46.874622 -117.921188
v 122.099403 45.886322 -117.082138
v 122.256157 45.848495 -117.315643
v 116.026817 45.652390 -115.109108
v 116.009499 45.690464 -115.435822
v -113.827042 24.945131 -114.981224
v -113.827042 38.775654 -114.981224
v -113.557251 38.779449 -114.909035
v -113.557251 24.945131 -114.909035
v -113.360077 24.945131 -114.711868
v -113.360077 38.789886 -114.711868
v -113.287880 38.804115 -114.442482
v -113.287880 24.945131 -114.442482
v -113.360077 24.945131 -114.173126
v -113.360077 38.818390 -114.173126
v -113.557251 38.828789 -113.975937
v -113.557251 24.945131 -113.975937
v -113.827042 38.832619 -113.903740
v -113.827042 24.945131 -113.903740
v -114.096413 24.945131 -113.975937
v -113.827042 24.945131 -113.903740
v -113.827042 38.832619 -113.903740
v -114.096413 38.828789 -113.975937
v -114.293594 38.818390 -114.173126
v -114.293594 24.945131 -114.173126
v -114.365784 38.804115 -114.442482
v -114.365784 24.945131 -114.442482
v -114.293594 24.945131 -114.711868
v -114.293594 38.789886 -114.711868
v -114.096413 38.779449 -114.909035
v -114.096413 24.945131 -114.909035
v -113.557251 40.292255 -115.069511
v -113.827042 40.278149 -115.140465
v -113.360077 40.330906 -114.875229
v -113.287880 40.383667 -114.609962
v -113.360077 40.436428 -114.344719
v -113.557251 40.475037 -114.150436
v -113.827042 40.489147 -114.079483
v -114.096413 40.475037 -114.150436
v -113.827042 40.489147 -114.079483
v -114.293594 40.436428 -114.344719
v -114.365784 40.383667 -114.609962
v -114.293594 40.330906 -114.875229
v -114.096413 40.292255 -115.069511
v -113.827042 41.787693 -115.585968
v -113.557251 41.815205 -115.518730
v -113.360077 41.890366 -115.335587
v -113.287880 41.993042 -115.084770
v -113.360077 42.095757 -114.834366
v -113.557251 42.170918 -114.650795
v -113.827042 42.198391 -114.583984
v -113.827042 42.198391 -114.583984
v -114.096413 42.170918 -114.650795
v -114.293594 42.095757 -114.834366
v -114.365784 41.993042 -115.084770
v -114.293594 41.890366 -115.335587
v -114.096413 41.815205 -115.518730
v -113.557251 43.245094 -116.283112
v -113.827042 43.203350 -116.342514
v -113.360077 43.359074 -116.120590
v -113.287880 43.514839 -115.898254
v -113.360077 43.670559 -115.675896
v -113.557251 43.784576 -115.513374
v -113.827042 43.826324 -115.453964
v -113.827042 43.826324 -115.453964
v -114.096413 43.784576 -115.513374
v -114.293594 43.670559 -115.675896
v -114.365784 43.514839 -115.898254
v -114.293594 43.359074 -116.120590
v -114.096413 43.245094 -116.283112
v -113.827042 44.415394 -117.431145
v -113.557251 44.471123 -117.384117
v -113.360077 44.623421 -117.256233
v -113.287880 44.831490 -117.080902
v -113.360077 45.039566 -116.905594
v -113.557251 45.191860 -116.777306
v -113.827042 45.247589 -116.730278
v -113.827042 45.247589 -116.730278
v -114.096413 45.191860 -116.777306
v -114.293594 45.039566 -116.905594
v -114.365784 44.831490 -117.080902
v -114.293594 44.623421 -117.256233
v -114.096413 44.471123 -117.384117
v -113.827042 45.327122 -118.882767
v -113.557251 45.393867 -118.853485
v -113.360077 45.576321 -118.773026
v -113.287880 45.825523 -118.663315
v -113.360077 46.074760 -118.553574
v -113.557251 46.257172 -118.473549
v -113.827042 46.323959 -118.443840
v -113.827042 46.323959 -118.443840
v -114.096413 46.257172 -118.473549
v -114.293594 46.074760 -118.553574
v -114.365784 45.825523 -118.663315
v -114.293594 45.576321 -118.773026
v -114.096413 45.393867 -118.853485
v -113.557251 45.912766 -120.739494
v -113.827042 45.840576 -120.748970
v -113.360077 46.110027 -120.713089
v -113.287880 46.379478 -120.676781
v -113.360077 46.648895 -120.640495
v -113.557251 46.846157 -120.614059
v -113.827042 46.918343 -120.604584
v -113.827042 46.918343 -120.604584
v -114.096413 46.846157 -120.614059
v -114.293594 46.648895 -120.640495
v -114.365784 46.379478 -120.676781
v -114.293594 46.110027 -120.713089
v -114.096413 45.912766 -120.739494
v -113.827042 45.836987 -123.151024
v -113.557251 45.909180 -123.151428
v -113.360077 46.106403 -123.151428
v -113.287880 46.375771 -123.151833
v -113.360077 46.645138 -123.152267
v -113.557251 46.842361 -123.152672
v -113.827042 46.914551 -123.152672
v -113.827042 46.914551 -123.152672
v -114.096413 46.842361 -123.152672
v -114.293594 46.645138 -123.152267
v -114.365784 46.375771 -123.151833
v -114.293594 46.106403 -123.151428
v -114.096413 45.909180 -123.151428
v -115.748932 24.945131 -113.584885
v -115.748932 38.775654 -113.584885
v -115.596718 38.779488 -113.818764
v -115.596718 24.945131 -113.818764
v -115.348381 24.945131 -113.945412
v -115.348381 38.789886 -113.945412
v -115.069939 38.804115 -113.930984
v -115.069939 24.945131 -113.930984
v -114.836044 38.818390 -113.779175
v -114.836044 24.945131 -113.779175
v -114.709404 38.828789 -113.530434
v -114.709404 24.945131 -113.530434
v -114.723846 38.832619 -113.251976
v -114.723846 24.945131 -113.251976
v -114.875641 24.945131 -113.018097
v -114.723846 24.945131 -113.251976
v -114.723846 38.832619 -113.251976
v -114.875641 38.828789 -113.018097
v -115.124390 24.945131 -112.891457
v -115.124390 38.818390 -112.891457
v -115.402832 38.804115 -112.905884
v -115.402832 24.945131 -112.905884
v -115.636726 24.945131 -113.058098
v -115.636726 38.789886 -113.058098
v -115.763374 38.779488 -113.306435
v -115.763374 24.945131 -113.306435
v -115.749352 40.292297 -113.868294
v -115.900322 40.278149 -113.634384
v -115.503906 40.330906 -113.996147
v -115.229164 40.383667 -113.982529
v -114.998985 40.436428 -113.831985
v -114.875237 40.475037 -113.584457
v -114.890900 40.489185 -113.306435
v -115.041893 40.475037 -113.072144
v -114.890900 40.489185 -113.306435
v -115.287331 40.436428 -112.944672
v -115.562065 40.383667 -112.957855
v -115.792244 40.330906 -113.108429
v -115.916000 40.292297 -113.355934
v -116.323967 41.787693 -113.771744
v -116.176704 41.815205 -114.007294
v -115.941574 41.890366 -114.138054
v -115.680870 41.993042 -114.129410
v -115.464706 42.095757 -113.983360
v -115.351273 42.170918 -113.739143
v -115.370659 42.198429 -113.461960
v -115.370659 42.198429 -113.461960
v -115.517929 42.170918 -113.226814
v -115.753059 42.095757 -113.095642
v -116.013763 41.993042 -113.104713
v -116.229919 41.890366 -113.250740
v -116.343361 41.815205 -113.494957
v -117.043388 43.203350 -114.005646
v -116.903557 43.245094 -114.243248
v -116.687805 43.359116 -114.380600
v -116.454330 43.514839 -114.380600
v -116.265396 43.670559 -114.243248
v -116.171753 43.784576 -114.005646
v -116.198158 43.826324 -113.730911
v -116.198158 43.826324 -113.730911
v -116.337990 43.784576 -113.493317
v -116.553741 43.670559 -113.355934
v -116.787224 43.514839 -113.355934
v -116.976570 43.359116 -113.493317
v -117.070198 43.245094 -113.730911
v -118.078796 44.415394 -114.342247
v -117.950920 44.471123 -114.583580
v -117.767761 44.623421 -114.731651
v -117.578835 44.831490 -114.746109
v -117.434448 45.039566 -114.623177
v -117.373810 45.191860 -114.396294
v -117.412178 45.247635 -114.125267
v -117.412178 45.247635 -114.125267
v -117.540062 45.191860 -113.883957
v -117.723206 45.039566 -113.735863
v -117.912148 44.831490 -113.721413
v -118.056107 44.623421 -113.844337
v -118.117577 44.471123 -114.071220
v -119.348091 45.393909 -115.037750
v -119.459053 45.327122 -114.790649
v -119.210724 45.576321 -115.200272
v -119.084091 45.825523 -115.235344
v -119.001991 46.074760 -115.132629
v -118.986732 46.257172 -114.920174
v -119.042023 46.323959 -114.654938
v -119.152969 46.257172 -114.407845
v -119.042023 46.323959 -114.654938
v -119.290344 46.074760 -114.245316
v -119.416985 45.825523 -114.210243
v -119.499069 45.576321 -114.312958
v -119.514748 45.393909 -114.525414
v -121.234505 45.840576 -115.367348
v -121.141693 45.912766 -115.620636
v -121.055901 46.110027 -115.800064
v -120.998970 46.379478 -115.857399
v -120.987007 46.648895 -115.777374
v -121.022484 46.846157 -115.581848
v -121.096733 46.918343 -115.322800
v -121.096733 46.918343 -115.322800
v -121.189133 46.846157 -115.069511
v -121.275352 46.648895 -114.890060
v -121.331863 46.379478 -114.832726
v -121.344231 46.110027 -114.912346
v -121.308350 45.912766 -115.108276
v -123.435669 45.909180 -116.366043
v -123.518585 45.836987 -116.109444
v -123.375031 46.106403 -116.553307
v -123.353172 46.375771 -116.622208
v -123.375847 46.645180 -116.553734
v -123.436913 46.842361 -116.366447
v -123.520233 46.914551 -116.110275
v -123.520233 46.914551 -116.110275
v -123.603561 46.842361 -115.853683
v -123.664192 46.645180 -115.666420
v -123.686066 46.375771 -115.597542
v -123.663376 46.106403 -115.666016
v -123.601913 45.909180 -115.853279
v -111.890297 38.779488 -113.306435
v -111.890297 24.945131 -113.306435
v -111.904732 24.945131 -113.584885
v -111.904732 38.775654 -113.584885
v -112.016937 38.789886 -113.058098
v -112.016937 24.945131 -113.058098
v -112.250832 38.804115 -112.905884
v -112.250832 24.945131 -112.905884
v -112.529282 38.818390 -112.891457
v -112.529282 24.945131 -112.891457
v -112.778023 38.828789 -113.018097
v -112.778023 24.945131 -113.018097
v -112.929825 38.832619 -113.251976
v -112.929825 24.945131 -113.251976
v -112.944260 38.828789 -113.530434
v -112.944260 24.945131 -113.530434
v -112.817635 38.818390 -113.779175
v -112.817635 24.945131 -113.779175
v -112.583725 38.804115 -113.930984
v -112.583725 24.945131 -113.930984
v -112.817635 24.945131 -113.779175
v -112.817635 38.818390 -113.779175
v -112.305283 24.945131 -113.945412
v -112.305283 38.789886 -113.945412
v -112.056946 38.779488 -113.818764
v -112.056946 24.945131 -113.818764
v -111.753342 40.278149 -113.633980
v -111.737671 40.292255 -113.355934
v -111.861427 40.330906 -113.108429
v -112.091606 40.383667 -112.957855
v -112.366341 40.436428 -112.944672
v -112.611786 40.475037 -113.072144
v -112.762764 40.489147 -113.306435
v -112.778442 40.475037 -113.584457
v -112.654678 40.436428 -113.831985
v -112.654678 40.436428 -113.831985
v -112.424500 40.383667 -113.982529
v -112.149773 40.330906 -113.996147
v -111.904327 40.292255 -113.868294
v -111.329697 41.787693 -113.771744
v -111.310303 41.815205 -113.494957
v -111.423744 41.890366 -113.250740
v -111.639900 41.993042 -113.104713
v -111.900612 42.095757 -113.095642
v -112.135750 42.170918 -113.226814
v -112.283012 42.198391 -113.461960
v -112.302406 42.170918 -113.739143
v -112.188965 42.095757 -113.983360
v -112.188965 42.095757 -113.983360
v -111.972809 41.993042 -114.129410
v -111.712090 41.890366 -114.138054
v -111.476959 41.815205 -114.007294
v -110.610275 43.203350 -114.005646
v -110.583466 43.245094 -113.730911
v -110.677513 43.359074 -113.493317
v -110.866440 43.514839 -113.355934
v -111.099930 43.670559 -113.355934
v -111.315674 43.784576 -113.493317
v -111.455505 43.826324 -113.730911
v -111.481911 43.784576 -114.005646
v -111.388283 43.670559 -114.243248
v -111.388283 43.670559 -114.243248
v -111.199341 43.514839 -114.380600
v -110.965858 43.359074 -114.380600
v -110.750122 43.245094 -114.243248
v -109.574875 44.415394 -114.341843
v -109.536095 44.471123 -114.071220
v -109.597153 44.623421 -113.843933
v -109.741524 44.831490 -113.721413
v -109.930466 45.039566 -113.735863
v -110.113609 45.191860 -113.883957
v -110.241486 45.247589 -114.125267
v -110.280258 45.191860 -114.396294
v -110.218796 45.039566 -114.623177
v -110.218796 45.039566 -114.623177
v -110.074829 44.831490 -114.746109
v -109.885902 44.623421 -114.731651
v -109.702744 44.471123 -114.583580
v -108.139336 45.393867 -114.525414
v -108.194611 45.327122 -114.790649
v -108.154594 45.576321 -114.312958
v -108.236679 45.825523 -114.210243
v -108.363327 46.074760 -114.245316
v -108.500694 46.257172 -114.407845
v -108.611656 46.323959 -114.654938
v -108.666931 46.257172 -114.920174
v -108.651672 46.074760 -115.132629
v -108.569588 45.825523 -115.235344
v -108.651672 46.074760 -115.132629
v -108.442947 45.576321 -115.200272
v -108.305573 45.393867 -115.037750
v -106.419159 45.840576 -115.367348
v -106.345314 45.912766 -115.108276
v -106.309433 46.110027 -114.912346
v -106.321800 46.379478 -114.832726
v -106.378326 46.648895 -114.890060
v -106.464531 46.846157 -115.069511
v -106.556938 46.918343 -115.322800
v -106.631187 46.846157 -115.581848
v -106.666672 46.648895 -115.777374
v -106.666672 46.648895 -115.777374
v -106.654694 46.379478 -115.857399
v -106.597771 46.110027 -115.800064
v -106.511971 45.912766 -115.620636
v -104.135078 45.836987 -116.109444
v -104.051758 45.909180 -115.853279
v -103.990288 46.106403 -115.666016
v -103.967598 46.375771 -115.597542
v -103.989471 46.645180 -115.666016
v -104.050102 46.842361 -115.853683
v -104.133438 46.914551 -116.110275
v -104.216759 46.842361 -116.366447
v -104.277802 46.645180 -116.553734
v -104.277802 46.645180 -116.553734
v -104.300491 46.375771 -116.622208
v -104.278641 46.106403 -116.553307
v -104.217995 45.909180 -116.365616
v -112.639015 38.775654 -111.325554
v -112.899300 38.779449 -111.225723
v -112.899300 24.945131 -111.225723
v -112.639015 24.945131 -111.325554
v -113.174858 38.789886 -111.269440
v -113.174858 24.945131 -111.269440
v -113.391434 38.804115 -111.444748
v -113.391434 24.945131 -111.444748
v -113.491669 38.818390 -111.705055
v -113.491669 24.945131 -111.705055
v -113.447945 38.828789 -111.980629
v -113.447945 24.945131 -111.980629
v -113.272217 38.832619 -112.197189
v -113.272217 24.945131 -112.197189
v -113.011917 38.828789 -112.297424
v -113.011917 24.945131 -112.297424
v -112.736359 24.945131 -112.253716
v -112.736359 38.818390 -112.253716
v -112.736359 24.945131 -112.253716
v -112.736359 38.818390 -112.253716
v -112.519783 38.804115 -112.077972
v -112.519783 24.945131 -112.077972
v -112.419960 38.789886 -111.817680
v -112.419960 24.945131 -111.817680
v -112.463692 38.779449 -111.542534
v -112.463272 24.945131 -111.542534
v -112.545372 40.278149 -111.196838
v -112.805252 40.292255 -111.095772
v -113.078751 40.330906 -111.137032
v -113.293251 40.383667 -111.309464
v -113.390602 40.436390 -111.566460
v -113.345230 40.475037 -111.839539
v -113.169083 40.489147 -112.055283
v -112.909622 40.475037 -112.155952
v -112.635712 40.436428 -112.115089
v -112.635712 40.436428 -112.115089
v -112.421616 40.383667 -111.942657
v -112.323853 40.330906 -111.685677
v -112.369225 40.292255 -111.412582
v -112.283424 41.787693 -110.836319
v -112.540833 41.815205 -110.732361
v -112.808128 41.890366 -110.764961
v -113.013977 41.993042 -110.925011
v -113.102669 42.095715 -111.170433
v -113.051109 42.170918 -111.434441
v -112.872490 42.198391 -111.647324
v -112.615082 42.170918 -111.751251
v -112.347771 42.095715 -111.718651
v -112.347771 42.095715 -111.718651
v -112.142342 41.993042 -111.558601
v -112.053238 41.890366 -111.313179
v -112.105225 41.815205 -111.049171
v -111.838737 43.203350 -110.224144
v -112.091606 43.245094 -110.114006
v -112.346954 43.359074 -110.129669
v -112.535881 43.514839 -110.267029
v -112.608070 43.670559 -110.489388
v -112.544128 43.784576 -110.736885
v -112.361382 43.826324 -110.943153
v -112.108101 43.784576 -111.053696
v -111.853172 43.670559 -111.037605
v -111.853172 43.670559 -111.037605
v -111.664246 43.514839 -110.900246
v -111.592056 43.359074 -110.678314
v -111.655998 43.245094 -110.430817
v -111.198936 44.415394 -109.343430
v -111.444374 44.471123 -109.223404
v -111.679504 44.623421 -109.211021
v -111.840790 44.831490 -109.310425
v -111.885353 45.039566 -109.494408
v -111.801201 45.191860 -109.714264
v -111.611031 45.247589 -109.910622
v -111.365593 45.191860 -110.031075
v -111.130455 45.039566 -110.043053
v -110.969162 44.831490 -109.943649
v -111.130455 45.039566 -110.043053
v -110.924614 44.623421 -109.759644
v -111.008766 44.471123 -109.539787
v -110.580994 45.393867 -108.034538
v -110.345856 45.327080 -108.169426
v -110.787659 45.576321 -107.983803
v -110.910583 45.825523 -108.029991
v -110.916763 46.074760 -108.161163
v -110.804161 46.257172 -108.342255
v -110.603683 46.323959 -108.524185
v -110.368546 46.257172 -108.658661
v -110.161880 46.074760 -108.709808
v -110.038948 45.825523 -108.663612
v -110.161880 46.074760 -108.709808
v -110.032761 45.576321 -108.532425
v -110.144966 45.393867 -108.351349
v -109.248581 45.840576 -106.659225
v -109.472160 45.912766 -106.508652
v -109.647476 46.110027 -106.414177
v -109.727097 46.379478 -106.400986
v -109.689964 46.648895 -106.472771
v -109.545998 46.846157 -106.610130
v -109.333969 46.918343 -106.776367
v -109.109970 46.846157 -106.926941
v -108.935066 46.648895 -107.021393
v -108.935066 46.648895 -107.021393
v -108.855446 46.379478 -107.034607
v -108.892578 46.110027 -106.962822
v -109.036545 45.912766 -106.825462
v -107.836967 45.836987 -104.715874
v -108.054764 45.909180 -104.557472
v -108.214005 46.106403 -104.441551
v -108.272156 46.375771 -104.398651
v -108.213585 46.645138 -104.440735
v -108.053940 46.842361 -104.556633
v -107.835724 46.914551 -104.714638
v -107.617912 46.842361 -104.873047
v -107.458687 46.645138 -104.989365
v -107.458687 46.645138 -104.989365
v -107.400520 46.375771 -105.032272
v -107.459106 46.106403 -104.990196
v -107.618752 45.909180 -104.874283
v -115.014664 24.945131 -111.325554
v -115.014664 38.775654 -111.325554
v -115.189980 38.779449 -111.542534
v -115.189980 24.945131 -111.542534
v -115.233704 38.789886 -111.817680
v -115.233704 24.945131 -111.817680
v -115.133881 24.945131 -112.077972
v -115.133881 38.804115 -112.077972
v -114.916893 38.818390 -112.253716
v -114.916893 24.945131 -112.253716
v -114.641747 24.945131 -112.297424
v -114.641747 38.828789 -112.297424
v -114.381042 38.832619 -112.197189
v -114.381042 24.945131 -112.197189
v -114.205719 38.828789 -111.980629
v -114.205719 24.945131 -111.980629
v -114.205719 24.945131 -111.980629
v -114.205719 38.828789 -111.980629
v -114.162010 38.818390 -111.705055
v -114.162010 24.945131 -111.705055
v -114.262230 24.945131 -111.444748
v -114.262230 38.804115 -111.444748
v -114.478806 38.789886 -111.269440
v -114.478806 24.945131 -111.269440
v -114.754364 38.779449 -111.225723
v -114.754364 24.945131 -111.225723
v -115.108299 40.278149 -111.196838
v -115.284439 40.292255 -111.412582
v -115.329819 40.330906 -111.685677
v -115.232063 40.383667 -111.942657
v -115.017967 40.436428 -112.115089
v -114.744057 40.475037 -112.155952
v -114.484581 40.489147 -112.055283
v -114.308434 40.475037 -111.839539
v -114.308434 40.475037 -111.839539
v -114.263069 40.436428 -111.566460
v -114.360413 40.383667 -111.309464
v -114.574928 40.330906 -111.137032
v -114.848412 40.292255 -111.095772
v -115.548454 41.815205 -111.049171
v -115.370255 41.787693 -110.836319
v -115.600433 41.890366 -111.313179
v -115.511322 41.993042 -111.558601
v -115.305893 42.095757 -111.718651
v -115.038177 42.170918 -111.751251
v -114.780769 42.198391 -111.647324
v -114.602554 42.170918 -111.434441
v -114.602554 42.170918 -111.434441
v -114.550583 42.095757 -111.170433
v -114.639687 41.993042 -110.925011
v -114.845535 41.890366 -110.764961
v -115.112846 41.815205 -110.732361
v -115.997673 43.245094 -110.430817
v -115.814934 43.203350 -110.224144
v -116.061615 43.359074 -110.678314
v -115.989418 43.514839 -110.900650
v -115.800491 43.670559 -111.037605
v -115.545158 43.784576 -111.053696
v -115.292290 43.826324 -110.943153
v -115.109535 43.784576 -110.736885
v -115.109535 43.784576 -110.736885
v -115.045593 43.670559 -110.489388
v -115.117783 43.514839 -110.267029
v -115.306717 43.359074 -110.129669
v -115.562065 43.245094 -110.114006
v -116.454742 44.415394 -109.343430
v -116.644913 44.471123 -109.539787
v -116.729057 44.623421 -109.759644
v -116.684509 44.831490 -109.943649
v -116.523224 45.039566 -110.043053
v -116.288086 45.191860 -110.031075
v -116.042633 45.247589 -109.910622
v -115.852470 45.191860 -109.714264
v -115.852470 45.191860 -109.714264
v -115.768326 45.039566 -109.494408
v -115.812874 44.831490 -109.310425
v -115.974159 44.623421 -109.211021
v -116.209290 44.471123 -109.223404
v -117.508301 45.393867 -108.351349
v -117.307808 45.327122 -108.169426
v -117.620903 45.576321 -108.532425
v -117.614723 45.825523 -108.663612
v -117.491783 46.074760 -108.709808
v -117.285133 46.257172 -108.658661
v -117.049995 46.323959 -108.524185
v -116.849106 46.257172 -108.342255
v -116.849106 46.257172 -108.342255
v -116.736900 46.074760 -108.161163
v -116.743088 45.825523 -108.029991
v -116.866005 45.576321 -107.983803
v -117.072685 45.393867 -108.034538
v -118.404686 45.840576 -106.659225
v -118.617126 45.912766 -106.825462
v -118.761086 46.110027 -106.962822
v -118.798218 46.379478 -107.034607
v -118.718597 46.648895 -107.021393
v -118.543289 46.846157 -106.926941
v -118.319702 46.918343 -106.776367
v -118.107666 46.846157 -106.610130
v -118.107666 46.846157 -106.610130
v -117.963707 46.648895 -106.472771
v -117.926575 46.379478 -106.400986
v -118.006195 46.110027 -106.414177
v -118.181099 45.912766 -106.508652
v -120.034927 45.909180 -104.874283
v -119.816711 45.836987 -104.715874
v -120.194572 46.106403 -104.990196
v -120.253143 46.375771 -105.032272
v -120.194977 46.645138 -104.989365
v -120.035347 46.842361 -104.873047
v -119.817535 46.914551 -104.714638
v -119.599724 46.842361 -104.556633
v -119.599724 46.842361 -104.556633
v -119.440094 46.645138 -104.440735
v -119.381508 46.375771 -104.398651
v -119.439667 46.106403 -104.441551
v -119.598900 45.909180 -104.557472
v -105.010429 24.636160 -112.960335
v -105.010429 24.953009 -112.960335
v -105.542152 24.953009 -109.944862
v -105.542152 24.636160 -109.944862
v -107.072998 24.636160 -107.293251
v -107.072998 24.953009 -107.293251
v -109.418533 24.636160 -105.325150
v -109.418533 24.953009 -105.325150
v -112.295799 24.636160 -104.277794
v -112.295799 24.953009 -104.277794
v -115.357872 24.636160 -104.277794
v -115.357872 24.953009 -104.277794
v -118.235146 24.953009 -105.325150
v -118.235146 24.636160 -105.325150
v -120.580681 24.636160 -107.293251
v -120.580681 24.953009 -107.293251
v -122.111511 24.953009 -109.944862
v -122.111511 24.636160 -109.944862
v -122.643242 24.953009 -112.960335
v -122.643242 24.636160 -112.960335
v -122.111511 24.953009 -115.975800
v -122.111511 24.636160 -115.975800
v -120.580681 24.953009 -118.627838
v -120.580681 24.636160 -118.627838
v -118.235146 24.953009 -120.595917
v -118.235146 24.636160 -120.595917
v -115.357872 24.953009 -121.642876
v -115.357872 24.636160 -121.642876
v -112.295799 24.953009 -121.642876
v -112.295799 24.636160 -121.642876
v -109.418533 24.953009 -120.595917
v -109.418533 24.636160 -120.595917
v -107.072998 24.953009 -118.627838
v -107.072998 24.636160 -118.627838
v -105.542152 24.953009 -115.975800
v -105.542152 24.636160 -115.975800
v -105.542152 24.953009 -109.944862
v -105.010429 24.953009 -112.960335
v -113.827042 24.953009 -112.960335
v -107.072998 24.953009 -107.293251
v -109.418533 24.953009 -105.325150
v -112.295799 24.953009 -104.277794
v -115.357872 24.953009 -104.277794
v -118.235146 24.953009 -105.325150
v -120.580681 24.953009 -107.293251
v -122.111511 24.953009 -109.944862
v -122.643242 24.953009 -112.960335
v -122.111511 24.953009 -115.975800
v -120.580681 24.953009 -118.627838
v -118.235146 24.953009 -120.595917
v -115.357872 24.953009 -121.642876
v -109.418533 24.953009 -120.595917
v -112.295799 24.953009 -121.642876
v -107.072998 24.953009 -118.627838
v -105.542152 24.953009 -115.975800
v -105.010429 24.636160 -112.960335
v -105.542152 24.636160 -109.944862
v -107.560165 24.636160 -110.679550
v -107.157959 24.636160 -112.960335
v -108.718491 24.636160 -108.673927
v -107.072998 24.636160 -107.293251
v -109.418533 24.636160 -105.325150
v -110.492302 24.636160 -107.185158
v -112.295799 24.636160 -104.277794
v -112.668716 24.636160 -106.393150
v -115.357872 24.636160 -104.277794
v -114.984962 24.636160 -106.393150
v -118.235146 24.636160 -105.325150
v -117.161369 24.636160 -107.185158
v -118.935577 24.636160 -108.673927
v -120.580681 24.636160 -107.293251
v -120.093498 24.636160 -110.679550
v -122.111511 24.636160 -109.944862
v -122.643242 24.636160 -112.960335
v -120.495705 24.636160 -112.960335
v -122.111511 24.636160 -115.975800
v -120.093498 24.636160 -115.241104
v -118.935577 24.636160 -117.247162
v -120.580681 24.636160 -118.627838
v -118.235146 24.636160 -120.595917
v -117.161369 24.636160 -118.735909
v -115.357872 24.636160 -121.642876
v -114.984962 24.636160 -119.527939
v -112.295799 24.636160 -121.642876
v -112.668716 24.636160 -119.527939
v -109.418533 24.636160 -120.595917
v -110.492302 24.636160 -118.735909
v -107.072998 24.636160 -118.627838
v -108.718491 24.636160 -117.247162
v -105.542152 24.636160 -115.975800
v -107.560165 24.636160 -115.241104
v -107.157959 24.636160 -112.960335
v -107.560165 24.636160 -110.679550
v -107.560165 24.184088 -110.679550
v -107.157959 24.184088 -112.960335
v -107.560165 24.184088 -110.679550
v -107.560165 24.636160 -110.679550
v -108.718491 24.636160 -108.673927
v -108.718491 24.184088 -108.673927
v -110.492302 24.636160 -107.185158
v -110.492302 24.184088 -107.185158
v -108.718491 24.184088 -108.673927
v -108.718491 24.636160 -108.673927
v -112.668716 24.184088 -106.393150
v -110.492302 24.184088 -107.185158
v -110.492302 24.636160 -107.185158
v -112.668716 24.636160 -106.393150
v -112.668716 24.184088 -106.393150
v -112.668716 24.636160 -106.393150
v -114.984962 24.636160 -106.393150
v -114.984962 24.184088 -106.393150
v -114.984962 24.184088 -106.393150
v -114.984962 24.636160 -106.393150
v -117.161369 24.636160 -107.185158
v -117.161369 24.184088 -107.185158
v -118.935577 24.636160 -108.673927
v -118.935577 24.184088 -108.673927
v -117.161369 24.184088 -107.185158
v -117.161369 24.636160 -107.185158
v -120.093498 24.636160 -110.679550
v -120.093498 24.184088 -110.679550
v -118.935577 24.184088 -108.673927
v -118.935577 24.636160 -108.673927
v -120.093498 24.636160 -110.679550
v -120.495705 24.636160 -112.960335
v -120.495705 24.184088 -112.960335
v -120.093498 24.184088 -110.679550
v -120.093498 24.184088 -115.241104
v -120.495705 24.184088 -112.960335
v -120.495705 24.636160 -112.960335
v -120.093498 24.636160 -115.241104
v -120.093498 24.184088 -115.241104
v -120.093498 24.636160 -115.241104
v -118.935577 24.636160 -117.247162
v -118.935577 24.184088 -117.247162
v -117.161369 24.184088 -118.735909
v -118.935577 24.184088 -117.247162
v -118.935577 24.636160 -117.247162
v -117.161369 24.636160 -118.735909
v -117.161369 24.636160 -118.735909
v -114.984962 24.636160 -119.527939
v -114.984962 24.184088 -119.527939
v -117.161369 24.184088 -118.735909
v -112.668716 24.184088 -119.527939
v -114.984962 24.184088 -119.527939
v -114.984962 24.636160 -119.527939
v -112.668716 24.636160 -119.527939
v -110.492302 24.184088 -118.735909
v -112.668716 24.184088 -119.527939
v -112.668716 24.636160 -119.527939
v -110.492302 24.636160 -118.735909
v -110.492302 24.184088 -118.735909
v -110.492302 24.636160 -118.735909
v -108.718491 24.636160 -117.247162
v -108.718491 24.184088 -117.247162
v -107.560165 24.184088 -115.241104
v -108.718491 24.184088 -117.247162
v -108.718491 24.636160 -117.247162
v -107.560165 24.636160 -115.241104
v -107.157959 24.184088 -112.960335
v -107.560165 24.184088 -115.241104
v -107.560165 24.636160 -115.241104
v -107.157959 24.636160 -112.960335
v -94.476540 25.155224 -85.104256
v -104.114044 25.155224 -91.908218
v -94.081146 25.155224 -106.119247
v -84.443558 25.155224 -99.314857
v -104.114044 26.095049 -91.908218
v -94.476540 26.095049 -85.104256
v -84.443558 26.095049 -99.314857
v -94.081146 26.095049 -106.119247
v -94.041336 25.994520 -105.888229
v -94.041336 25.255709 -105.888229
v -103.883041 25.255709 -91.947823
v -103.883041 25.994520 -91.947823
v -103.883041 25.255709 -91.947823
v -94.423370 25.255709 -85.353401
v -94.423370 25.994520 -85.353401
v -103.883041 25.994520 -91.947823
v -84.660904 25.255709 -99.181625
v -94.041336 25.255709 -105.888229
v -94.041336 25.994520 -105.888229
v -84.660904 25.994520 -99.181625
v -94.081146 25.155224 -106.119247
v -104.114044 25.155224 -91.908218
v -104.114044 25.255709 -91.908218
v -94.081146 25.255709 -106.119247
v -104.114044 25.155224 -91.908218
v -94.476540 25.155224 -85.104256
v -94.558624 25.255709 -85.162003
v -104.114044 25.255709 -91.908218
v -94.476540 25.155224 -85.104256
v -94.476540 26.095049 -85.104256
v -94.558624 25.994520 -85.162003
v -94.558624 25.255709 -85.162003
v -104.114044 26.095049 -91.908218
v -104.114044 25.994520 -91.908218
v -94.558624 25.994520 -85.162003
v -94.476540 26.095049 -85.104256
v -104.114044 26.095049 -91.908218
v -94.081146 26.095049 -106.119247
v -94.081146 25.994520 -106.119247
v -104.114044 25.994520 -91.908218
v -84.525642 25.994520 -99.373016
v -94.081146 25.994520 -106.119247
v -94.081146 26.095049 -106.119247
v -84.443558 26.095049 -99.314857
v -84.443558 26.095049 -99.314857
v -84.443558 25.155224 -99.314857
v -84.525642 25.255709 -99.373016
v -84.525642 25.994520 -99.373016
v -94.081146 25.155224 -106.119247
v -94.081146 25.255709 -106.119247
v -84.525642 25.255709 -99.373016
v -84.443558 25.155224 -99.314857
v -103.883041 25.255709 -91.947823
v -94.041336 25.255709 -105.888229
v -94.081146 25.255709 -106.119247
v -104.114044 25.255709 -91.908218
v -94.558624 25.255709 -85.162003
v -94.423370 25.255709 -85.353401
v -103.883041 25.255709 -91.947823
v -104.114044 25.255709 -91.908218
v -94.558624 25.994520 -85.162003
v -94.423370 25.994520 -85.353401
v -94.423370 25.255709 -85.353401
v -94.558624 25.255709 -85.162003
v -94.558624 25.994520 -85.162003
v -104.114044 25.994520 -91.908218
v -103.883041 25.994520 -91.947823
v -94.423370 25.994520 -85.353401
v -103.883041 25.994520 -91.947823
v -104.114044 25.994520 -91.908218
v -94.081146 25.994520 -106.119247
v -94.041336 25.994520 -105.888229
v -84.525642 25.994520 -99.373016
v -84.660904 25.994520 -99.181625
v -94.041336 25.994520 -105.888229
v -94.081146 25.994520 -106.119247
v -84.660904 25.255709 -99.181625
v -84.660904 25.994520 -99.181625
v -84.525642 25.994520 -99.373016
v -84.525642 25.255709 -99.373016
v -94.041336 25.255709 -105.888229
v -84.660904 25.255709 -99.181625
v -84.525642 25.255709 -99.373016
v -94.081146 25.255709 -106.119247
v -93.007912 24.225380 -83.410904
v -103.819923 24.225380 -88.131256
v -96.859612 24.225380 -104.074013
v -86.047691 24.225380 -99.353638
v -103.819923 25.165205 -88.131256
v -93.007912 25.165205 -83.410904
v -86.047691 25.165205 -99.353638
v -96.859612 25.165205 -104.074013
v -96.774231 25.064718 -103.855789
v -96.774231 24.325911 -103.855789
v -103.601707 24.325911 -88.217056
v -103.601707 25.064718 -88.217056
v -103.601707 24.325911 -88.217056
v -93.006180 24.325911 -83.666237
v -93.006180 25.064718 -83.666237
v -103.601707 25.064718 -88.217056
v -86.233650 24.325911 -99.179146
v -96.774231 24.325911 -103.855789
v -96.774231 25.064718 -103.855789
v -86.233650 25.064718 -99.179146
v -96.859612 24.225380 -104.074013
v -103.819923 24.225380 -88.131256
v -103.819923 24.325911 -88.131256
v -96.859612 24.325911 -104.074013
v -103.819923 24.225380 -88.131256
v -93.007912 24.225380 -83.410904
v -93.100029 24.325911 -83.451317
v -103.819923 24.325911 -88.131256
v -93.007912 24.225380 -83.410904
v -93.007912 25.165205 -83.410904
v -93.100029 25.064718 -83.451317
v -93.100029 24.325911 -83.451317
v -103.819923 25.165205 -88.131256
v -103.819923 25.064718 -88.131256
v -93.100029 25.064718 -83.451317
v -93.007912 25.165205 -83.410904
v -103.819923 25.165205 -88.131256
v -96.859612 25.165205 -104.074013
v -96.859612 25.064718 -104.074013
v -103.819923 25.064718 -88.131256
v -86.139809 25.064718 -99.394066
v -96.859612 25.064718 -104.074013
v -96.859612 25.165205 -104.074013
v -86.047691 25.165205 -99.353638
v -86.047691 25.165205 -99.353638
v -86.047691 24.225380 -99.353638
v -86.139809 24.325911 -99.394066
v -86.139809 25.064718 -99.394066
v -96.859612 24.225380 -104.074013
v -96.859612 24.325911 -104.074013
v -86.139809 24.325911 -99.394066
v -86.047691 24.225380 -99.353638
v -103.601707 24.325911 -88.217056
v -96.774231 24.325911 -103.855789
v -96.859612 24.325911 -104.074013
v -103.819923 24.325911 -88.131256
v -93.100029 24.325911 -83.451317
v -93.006180 24.325911 -83.666237
v -103.601707 24.325911 -88.217056
v -103.819923 24.325911 -88.131256
v -93.100029 25.064718 -83.451317
v -93.006180 25.064718 -83.666237
v -93.006180 24.325911 -83.666237
v -93.100029 24.325911 -83.451317
v -93.100029 25.064718 -83.451317
v -103.819923 25.064718 -88.131256
v -103.601707 25.064718 -88.217056
v -93.006180 25.064718 -83.666237
v -103.601707 25.064718 -88.217056
v -103.819923 25.064718 -88.131256
v -96.859612 25.064718 -104.074013
v -96.774231 25.064718 -103.855789
v -86.139809 25.064718 -99.394066
v -86.233650 25.064718 -99.179146
v -96.774231 25.064718 -103.855789
v -96.859612 25.064718 -104.074013
v -86.233650 24.325911 -99.179146
v -86.233650 25.064718 -99.179146
v -86.139809 25.064718 -99.394066
v -86.139809 24.325911 -99.394066
v -96.774231 24.325911 -103.855789
v -86.233650 24.325911 -99.179146
v -86.139809 24.325911 -99.394066
v -96.859612 24.325911 -104.074013
v -78.814552 24.085005 -130.694611
v -136.586121 24.085005 -130.694611
v -136.586121 24.085005 -72.643509
v -78.814552 24.085005 -72.643509
v -78.676361 24.473259 -72.020210
v -78.796364 24.476641 -72.626190
v -136.604263 24.476641 -72.626190
v -137.245743 24.473259 -72.020210
v -78.796364 24.476641 -72.626190
v -78.676361 24.473259 -72.020210
v -78.676361 24.473259 -131.317917
v -78.796318 24.476641 -130.711548
v -136.604263 24.476641 -130.711548
v -78.796318 24.476641 -130.711548
v -78.676361 24.473259 -131.317917
v -137.245743 24.473259 -131.317917
v -137.245743 24.473259 -131.317917
v -137.245743 24.473259 -72.020210
v -136.604263 24.476641 -72.626190
v -136.604263 24.476641 -130.711548
v -78.814552 24.085005 -72.643509
v -136.586121 24.085005 -72.643509
v -136.604263 24.476641 -72.626190
v -78.796364 24.476641 -72.626190
v -78.796364 24.476641 -72.626190
v -78.796318 24.476641 -130.711548
v -78.814552 24.085005 -130.694611
v -78.814552 24.085005 -72.643509
v -78.814552 24.085005 -130.694611
v -78.796318 24.476641 -130.711548
v -136.604263 24.476641 -130.711548
v -136.586121 24.085005 -130.694611
v -136.586121 24.085005 -72.643509
v -136.586121 24.085005 -130.694611
v -136.604263 24.476641 -130.711548
v -136.604263 24.476641 -72.626190
v -137.247787 4.741922 -72.020210
v -137.245743 24.473259 -72.020210
v -137.245743 24.473259 -131.317917
v -137.250275 4.743530 -131.317917
v -78.676361 24.473259 -72.020210
v -78.676239 4.738416 -131.317917
v -78.676361 24.473259 -131.317917
v -78.674294 4.741922 -72.020210
v -79.551048 6.919075 -110.208885
v -99.660568 22.602837 -110.208885
v -99.682022 8.116762 -110.218788
v -99.682022 6.919075 -110.208885
v -79.551048 22.602837 -110.208885
v -99.660568 22.602837 -110.208885
v -79.551048 6.919075 -110.208885
v -79.543541 22.609972 -72.018555
v -78.676361 24.473259 -72.020210
v -137.245743 24.473259 -72.020210
v -136.208679 22.609972 -72.018555
v -137.245743 24.473259 -72.020210
v -137.247787 4.741922 -72.020210
v -136.208679 5.554776 -72.018555
v -136.208679 22.609972 -72.018555
v -78.674294 4.741922 -72.020210
v -79.543541 5.554776 -72.018555
v -136.208679 5.554776 -72.018555
v -137.247787 4.741922 -72.020210
v -79.543541 5.554776 -72.018555
v -78.674294 4.741922 -72.020210
v -78.676361 24.473259 -72.020210
v -79.543541 22.609972 -72.018555
v -136.208679 22.609972 -72.018555
v -136.208679 5.554776 -72.018555
v -136.200836 5.561913 -73.426048
v -136.200836 6.919075 -73.426048
v -79.543541 5.554776 -72.018555
v -79.551094 5.561913 -73.426048
v -136.200836 5.561913 -73.426048
v -136.208679 5.554776 -72.018555
v -79.543541 22.609972 -72.018555
v -79.551094 6.919075 -73.426048
v -79.543541 5.554776 -72.018555
v -79.543541 5.554776 -72.018555
v -79.551094 6.919075 -73.426048
v -79.551094 5.561913 -73.426048
v -79.551094 5.561913 -73.426048
v -79.551094 6.919075 -73.426048
v -136.200836 6.919075 -73.426048
v -136.200836 5.561913 -73.426048
v -136.200836 22.602837 -110.208885
v -99.703056 22.602837 -110.208885
v -99.660568 22.602837 -110.208885
v -136.208679 22.609972 -72.018555
v -136.208679 22.609972 -72.018555
v -99.660568 22.602837 -110.208885
v -79.551048 22.602837 -110.208885
v -79.543541 22.609972 -72.018555
v -136.200836 6.919075 -73.426048
v -136.200836 6.919075 -110.208885
v -136.200836 8.126868 -110.215477
v -136.208679 22.609972 -72.018555
v -136.200836 6.919075 -73.426048
v -136.200836 8.126868 -110.215477
v -136.200836 22.602837 -110.208885
v -99.682022 6.919075 -110.208885
v -136.200836 6.919075 -73.426048
v -79.551094 6.919075 -73.426048
v -79.551048 6.919075 -110.208885
v -136.200836 6.919075 -110.208885
v -79.551094 6.919075 -73.426048
v -79.543541 22.609972 -72.018555
v -79.551048 22.602837 -110.208885
v -79.551048 6.919075 -110.208885
v -136.200836 8.126868 -110.215477
v -136.200836 6.919075 -110.208885
v -99.682022 6.919075 -110.208885
v -99.682022 8.116762 -110.218788
v -136.200836 8.126868 -131.309250
v -136.200836 22.602837 -110.208885
v -136.200836 8.126868 -110.215477
v -136.200836 22.602837 -110.208885
v -136.200836 8.126868 -131.309250
v -136.211563 22.602837 -131.319168
v -99.671295 8.124971 -131.319168
v -136.200836 8.126868 -131.309250
v -136.200836 8.126868 -110.215477
v -99.682022 8.116762 -110.218788
v -99.671295 22.612926 -131.319168
v -99.671295 8.124971 -131.319168
v -99.682022 8.116762 -110.218788
v -99.682022 22.602837 -110.229073
v -136.200836 22.602837 -110.208885
v -136.211563 22.602837 -131.319168
v -99.671295 22.612926 -131.319168
v -99.703056 22.602837 -110.208885
v -99.682022 22.602837 -110.229073
v -99.703056 22.602837 -110.208885
v -99.671295 22.612926 -131.319168
v -136.211563 22.602837 -131.319168
v -136.207855 8.107769 -131.329468
v -137.250275 4.743530 -131.317917
v -137.245743 24.473259 -131.317917
v -99.671295 8.124971 -131.319168
v -78.676239 4.738416 -131.317917
v -137.250275 4.743530 -131.317917
v -136.207855 8.107769 -131.329468
v -78.676361 24.473259 -131.317917
v -78.676239 4.738416 -131.317917
v -99.671295 8.124971 -131.319168
v -99.671295 22.612926 -131.319168
v -99.660568 22.602837 -110.208885
v -99.703056 22.602837 -110.208885
v -99.682022 22.602837 -110.229073
v -99.660568 22.602837 -110.208885
v -99.682022 22.602837 -110.229073
v -99.682022 8.116762 -110.218788
v -136.200836 8.126868 -131.309250
v -136.207855 8.107769 -131.329468
v -136.211563 22.602837 -131.319168
v -99.671295 8.124971 -131.319168
v -136.207855 8.107769 -131.329468
v -136.200836 8.126868 -131.309250
v -137.250275 4.743530 -131.317917
v -78.676239 4.738416 -131.317917
v -78.674294 4.741922 -72.020210
v -137.247787 4.741922 -72.020210
v -137.245743 24.473259 -131.317917
v -78.676361 24.473259 -131.317917
v -99.671295 22.612926 -131.319168
v -136.211563 22.602837 -131.319168
v -89.153496 -0.548084 -123.906746
v -126.559212 -0.548084 -123.906746
v -126.559212 4.742377 -123.906746
v -89.153496 4.742377 -123.906746
v -127.488594 -0.548084 -123.805672
v -127.488594 4.742377 -123.805672
v -128.342087 -0.548084 -123.516937
v -128.342087 4.742377 -123.516937
v -129.094910 4.742377 -123.063980
v -129.094910 -0.548084 -123.063980
v -129.723160 -0.548084 -122.469978
v -129.723160 4.742377 -122.469978
v -130.202103 -0.548084 -121.758377
v -130.202103 4.742377 -121.758377
v -130.507767 -0.548084 -120.951515
v -130.507767 4.742377 -120.951515
v -130.615021 -0.548084 -120.073273
v -130.615021 4.742377 -120.072868
v -130.615021 -0.548084 -82.387871
v -130.615021 4.742377 -82.387871
v -130.507767 -0.548084 -81.509628
v -130.507767 4.742377 -81.509628
v -130.202103 -0.548084 -80.702759
v -130.202103 4.742377 -80.702759
v -129.723160 -0.548084 -79.991165
v -129.723160 4.742377 -79.991165
v -129.094910 -0.548084 -79.397148
v -129.094910 4.742377 -79.397148
v -128.342087 -0.548084 -78.944206
v -128.342087 4.742377 -78.944206
v -127.488594 4.742377 -78.655457
v -127.488594 -0.548084 -78.655457
v -126.559212 -0.548084 -78.554382
v -126.559212 4.742377 -78.554382
v -89.153534 -0.548084 -78.554382
v -89.153534 4.742377 -78.554382
v -88.224274 -0.548084 -78.655457
v -88.224274 4.742377 -78.655457
v -87.370865 -0.548084 -78.944206
v -87.370865 4.742377 -78.944206
v -86.617828 -0.548084 -79.397148
v -86.617828 4.742377 -79.397148
v -85.989525 -0.548084 -79.991165
v -85.989525 4.742377 -79.991165
v -85.510521 -0.548084 -80.702759
v -85.510521 4.742377 -80.702759
v -85.205139 -0.548084 -81.509628
v -85.205139 4.742377 -81.509628
v -85.097931 -0.548084 -82.387871
v -85.097931 4.742377 -82.387871
v -85.097931 -0.548084 -120.072868
v -85.097931 4.742377 -120.072868
v -85.097931 4.742377 -82.387871
v -85.097931 -0.548084 -82.387871
v -85.205139 -0.548084 -120.951515
v -85.205139 4.742377 -120.951515
v -85.510483 -0.548084 -121.758377
v -85.510483 4.742377 -121.758377
v -85.989525 4.742377 -122.469978
v -85.989525 -0.548084 -122.469978
v -86.617828 4.742377 -123.063980
v -86.617828 -0.548084 -123.063980
v -87.370865 -0.548084 -123.516937
v -87.370865 4.742377 -123.516937
v -88.224220 4.742377 -123.805672
v -88.224220 -0.548084 -123.805672
v -114.352577 59.083561 -117.891075
v -114.532021 58.419907 -121.560806
v -117.388664 58.453655 -120.857872
v -115.893311 59.116562 -117.495499
v -114.720543 56.143799 -125.349701
v -118.921555 56.170979 -124.303581
v -114.886368 52.069462 -128.637009
v -120.252724 52.079441 -127.293884
v -120.577385 49.104618 -128.022797
v -114.927620 49.112534 -129.437302
v -114.890900 46.834110 -128.704239
v -120.279549 46.810352 -127.354523
v -114.802223 45.790867 -126.701500
v -119.468964 45.766117 -125.529564
v -114.673523 45.747475 -120.054703
v -116.823936 45.765667 -119.501106
v -120.233749 58.453655 -118.790794
v -117.497978 59.116524 -116.329735
v -123.037178 56.170979 -121.313713
v -125.469765 52.079441 -123.503723
v -126.062538 49.104618 -124.037506
v -125.518860 46.810390 -123.547859
v -124.033813 45.766117 -122.212975
v -119.117493 45.765667 -117.834572
v -121.784790 58.419998 -116.291374
v -118.350227 59.083519 -114.986610
v -125.329918 56.143963 -117.641525
v -128.405197 52.069542 -118.814697
v -129.153900 49.112534 -119.101387
v -128.467896 46.834148 -118.840271
v -126.590553 45.790947 -118.136528
v -120.308838 45.747475 -115.960541
v -118.675293 59.083561 -113.986244
v -122.220818 58.419907 -114.949867
v -122.434914 58.453655 -112.016090
v -118.775116 59.116562 -112.398903
v -125.882278 56.143799 -115.941566
v -126.185890 56.170979 -111.622963
v -129.441010 52.079441 -111.280983
v -129.059860 52.069462 -116.799568
v -129.834137 49.112534 -117.007904
v -130.234680 49.104618 -111.197678
v -129.125443 46.834110 -116.816093
v -129.507004 46.810390 -111.273987
v -127.193237 45.790867 -116.281471
v -127.520775 45.766117 -111.481056
v -120.832314 45.747475 -114.350082
v -120.969673 45.765667 -112.133667
v -121.348366 58.453655 -108.671448
v -118.162125 59.116562 -110.512909
v -124.613808 56.170979 -106.785034
v -127.448586 52.079441 -105.147774
v -128.139114 49.104618 -104.749283
v -127.505508 46.810390 -105.114784
v -125.777489 45.766117 -106.114700
v -120.093918 45.765667 -109.437477
v -119.450386 58.419998 -106.423676
v -117.148178 59.083519 -109.287331
v -121.829758 56.143963 -103.469261
v -123.896027 52.069542 -100.907158
v -124.400131 49.112534 -100.283852
v -123.939354 46.834148 -100.855598
v -122.690666 45.790947 -102.423546
v -118.679413 45.747475 -107.725159
v -116.297157 59.083561 -108.668976
v -118.309387 58.419907 -105.594521
v -115.585167 58.453655 -104.484459
v -114.818306 59.116562 -108.083206
v -120.383919 56.143799 -102.418602
v -116.370171 56.170940 -100.795784
v -117.051239 52.079441 -97.593864
v -122.182045 52.069462 -99.661781
v -122.619308 49.112534 -98.989799
v -117.217056 49.104618 -96.813400
v -122.217941 46.834110 -99.604446
v -117.064842 46.810352 -97.529518
v -121.112411 45.790867 -101.277184
v -116.647797 45.766117 -99.481934
v -117.309868 45.747475 -106.730179
v -115.244431 45.765667 -105.914230
v -112.068512 58.453655 -104.484459
v -112.835373 59.116524 -108.083206
v -111.283493 56.170979 -100.795784
v -110.602440 52.079441 -97.593864
v -110.436607 49.104618 -96.813400
v -110.588821 46.810390 -97.529518
v -111.005875 45.766117 -99.481934
v -112.409233 45.765667 -105.914230
v -109.344284 58.419998 -105.594521
v -111.356102 59.083519 -108.668976
v -107.269760 56.143963 -102.418602
v -105.471619 52.069500 -99.661781
v -105.034355 49.112534 -98.989799
v -105.435730 46.834148 -99.604446
v -106.541267 45.790947 -101.277184
v -110.343796 45.747475 -106.730179
v -106.305305 58.453655 -108.671448
v -109.491547 59.116562 -110.512909
v -110.505501 59.083561 -109.287331
v -108.203278 58.419907 -106.423676
v -103.039871 56.170940 -106.785034
v -105.823906 56.143799 -103.469261
v -103.757637 52.069462 -100.907158
v -100.205498 52.079441 -105.147774
v -99.514542 49.104618 -104.749283
v -103.253548 49.112534 -100.283852
v -103.714325 46.834110 -100.855598
v -100.148163 46.810352 -105.114784
v -104.962997 45.790867 -102.423958
v -101.876175 45.766117 -106.114700
v -108.974258 45.747475 -107.725159
v -107.559746 45.765667 -109.437477
v -105.218750 58.453655 -112.016090
v -108.878555 59.116524 -112.398903
v -101.467781 56.170979 -111.622963
v -98.212654 52.079441 -111.280983
v -97.418983 49.104618 -111.197678
v -98.147064 46.810390 -111.273987
v -100.132889 45.766117 -111.481056
v -106.683998 45.765667 -112.133667
v -105.432846 58.419998 -114.949867
v -108.978386 59.083519 -113.986671
v -101.771385 56.143963 -115.941566
v -98.593811 52.069500 -116.799568
v -97.819534 49.112534 -117.007904
v -98.528229 46.834148 -116.816093
v -100.460426 45.790947 -116.281471
v -106.821770 45.747475 -114.350082
v -109.303436 59.083561 -114.986610
v -105.868874 58.419907 -116.291374
v -107.419914 58.453655 -118.790794
v -110.155693 59.116562 -116.329735
v -102.323746 56.143799 -117.641098
v -104.616486 56.170940 -121.313713
v -99.248474 52.069462 -118.814697
v -102.183899 52.079441 -123.503723
v -98.499763 49.112534 -119.101387
v -101.591125 49.104618 -124.037506
v -99.185768 46.834110 -118.840271
v -102.134819 46.810352 -123.547859
v -101.063530 45.790867 -118.136955
v -103.619858 45.766117 -122.213379
v -107.344841 45.747475 -115.960541
v -108.536171 45.765667 -117.834572
v -110.264999 58.453655 -120.857872
v -111.760368 59.116524 -117.495499
v -108.732109 56.170979 -124.303581
v -107.400940 52.079441 -127.293884
v -107.076294 49.104618 -128.022797
v -107.374115 46.810390 -127.354523
v -108.184708 45.766117 -125.529564
v -110.829727 45.765667 -119.501106
v -113.301086 59.083519 -117.891075
v -113.121643 58.419998 -121.560806
v -112.933136 56.143963 -125.349701
v -112.767296 52.069542 -128.637009
v -112.726051 49.112534 -129.437302
v -112.762764 46.834148 -128.704239
v -112.851456 45.790947 -126.701500
v -112.980156 45.747475 -120.054703
v -114.005241 58.992931 -117.850266
v -113.826622 58.932869 -117.793335
v -113.827042 58.286385 -121.248520
v -113.997414 58.339310 -121.407761
v -113.992043 56.091778 -125.172729
v -113.827042 56.058239 -124.970200
v -113.989159 52.065002 -128.441071
v -113.827042 52.063023 -128.202652
v -113.827042 49.151440 -128.992203
v -113.989159 49.135887 -129.238464
v -113.826622 46.900482 -128.262024
v -113.989983 46.874622 -128.504196
v -114.000290 45.848495 -126.511757
v -113.826622 45.886322 -126.291069
v -113.827042 45.652390 -119.905800
v -114.142616 45.690464 -119.989937
v -121.804604 58.339390 -115.735298
v -121.706009 58.286385 -115.524086
v -118.419525 58.932869 -114.456505
v -118.418709 58.992931 -114.643791
v -125.386848 56.091866 -116.894043
v -125.245361 56.058239 -116.674187
v -128.495941 52.065044 -117.901001
v -128.319397 52.063023 -117.672859
v -129.254562 49.135887 -118.147667
v -129.070572 49.151440 -117.917076
v -128.555771 46.874702 -117.921593
v -128.375916 46.900482 -117.691429
v -126.657791 45.848534 -117.315643
v -126.501457 45.886322 -117.082138
v -120.411552 45.690502 -115.435822
v -120.428886 45.652390 -115.109108
v -118.927742 58.339390 -106.233101
v -118.696327 58.286385 -106.261559
v -116.665527 58.932869 -109.057144
v -116.843315 58.992931 -109.116142
v -121.136330 56.091866 -103.184227
v -120.883873 56.058239 -103.250633
v -123.055336 52.065044 -100.538376
v -122.783485 52.063023 -100.635727
v -123.523949 49.135887 -99.893211
v -123.247978 49.151440 -99.997147
v -123.093292 46.874660 -100.488045
v -122.818962 46.900482 -100.587868
v -121.930412 45.848534 -102.105507
v -121.660225 45.886322 -102.182648
v -118.212036 45.690464 -107.465683
v -117.907188 45.652390 -107.348106
v -110.988548 58.932869 -109.057144
v -111.099098 58.992931 -108.906166
v -109.001480 58.339390 -106.033028
v -108.957336 58.286385 -106.261963
v -106.784653 56.091866 -102.989929
v -106.769386 56.058239 -103.251045
v -104.861107 52.065044 -100.347382
v -104.869774 52.063023 -100.636139
v -104.392082 49.135887 -99.702614
v -104.405685 49.151440 -99.997147
v -104.824806 46.874660 -100.295822
v -104.835114 46.900440 -100.587868
v -106.003769 45.848534 -101.901718
v -105.993446 45.886284 -102.182648
v -109.952736 45.690464 -107.094414
v -109.746475 45.652390 -107.348106
v -105.947655 58.286385 -115.524086
v -109.234138 58.932869 -114.456100
v -109.124817 58.992931 -114.304291
v -105.743874 58.339390 -115.411057
v -102.164925 56.091866 -116.579712
v -102.408310 56.058239 -116.674591
v -99.057068 52.065044 -117.592430
v -99.334267 52.063023 -117.673286
v -98.298874 49.135887 -117.838692
v -98.583084 49.151440 -117.917076
v -98.996841 46.874660 -117.611000
v -99.277756 46.900440 -117.691025
v -100.888618 45.848534 -116.985619
v -101.152222 45.886322 -117.082138
v -107.046997 45.690464 -114.834793
v -107.224792 45.652390 -115.109108
v -113.656258 58.339390 -121.407761
v -113.648422 58.992931 -117.850266
v -113.827042 58.286385 -121.248520
v -113.826622 58.932869 -117.793335
v -113.661621 56.091866 -125.172729
v -113.827042 56.058239 -124.970200
v -113.664505 52.065044 -128.441071
v -113.827042 52.063023 -128.202652
v -113.664505 49.135887 -129.238464
v -113.827042 49.151440 -128.992203
v -113.663681 46.874660 -128.504196
v -113.826622 46.900482 -128.262024
v -113.653374 45.848534 -126.511757
v -113.826622 45.886322 -126.291069
v -113.511063 45.690464 -119.989937
v -113.827042 45.652390 -119.905800
v -121.909782 58.339310 -115.411057
v -118.528847 58.992931 -114.304291
v -118.419525 58.932869 -114.456505
v -121.706009 58.286385 -115.524086
v -125.245361 56.058239 -116.674187
v -125.489159 56.091778 -116.579308
v -128.596603 52.065002 -117.591995
v -128.319397 52.063023 -117.672859
v -129.070572 49.151440 -117.917076
v -129.354797 49.135887 -117.838692
v -128.375916 46.900482 -117.691429
v -128.656830 46.874660 -117.611000
v -126.501457 45.886322 -117.082138
v -126.765053 45.848495 -116.985619
v -120.428886 45.652390 -115.109108
v -120.606667 45.690502 -114.834793
v -118.651779 58.339310 -106.033028
v -116.554565 58.992931 -108.906166
v -116.665527 58.932869 -109.057144
v -118.696327 58.286385 -106.261559
v -120.883873 56.058239 -103.250633
v -120.869026 56.091778 -102.989929
v -122.783485 52.063023 -100.635727
v -122.792557 52.065002 -100.347382
v -123.247978 49.151440 -99.997147
v -123.261589 49.135887 -99.702614
v -122.818962 46.900482 -100.587868
v -122.828873 46.874622 -100.296227
v -121.660225 45.886322 -102.182648
v -121.649910 45.848495 -101.901718
v -117.700943 45.690464 -107.094414
v -117.907188 45.652390 -107.348106
v -110.810753 58.992931 -109.116142
v -108.725922 58.339310 -106.233101
v -108.957336 58.286385 -106.261963
v -110.988548 58.932869 -109.057144
v -106.769386 56.058239 -103.251045
v -106.516922 56.091778 -103.184227
v -104.869774 52.063023 -100.636139
v -104.598328 52.065002 -100.538376
v -104.129723 49.135887 -99.893211
v -104.405685 49.151440 -99.997147
v -104.835114 46.900440 -100.587868
v -104.560791 46.874622 -100.487625
v -105.723251 45.848495 -102.105507
v -105.993446 45.886284 -102.182648
v -109.746475 45.652390 -107.348106
v -109.441628 45.690464 -107.465683
v -109.234962 58.992931 -114.643394
v -105.849075 58.339310 -115.735298
v -105.947655 58.286385 -115.524086
v -109.234138 58.932869 -114.456100
v -102.408310 56.058239 -116.674591
v -102.266815 56.091778 -116.894043
v -99.157722 52.065002 -117.901405
v -99.334267 52.063023 -117.673286
v -98.583084 49.151440 -117.917076
v -98.399109 49.135887 -118.147667
v -99.277756 46.900440 -117.691025
v -99.097900 46.874622 -117.921188
v -101.152222 45.886322 -117.082138
v -100.995872 45.848495 -117.315643
v -107.224792 45.652390 -115.109108
v -107.242119 45.690464 -115.435822
v -69.639015 63.075886 -129.355606
v -70.230064 62.528484 -127.334717
v -69.676353 59.801079 -126.696541
v -68.966873 60.348774 -128.516983
v -71.178795 61.041378 -113.422768
v -70.734482 58.866169 -112.851021
v -72.383125 60.880913 -111.230247
v -72.114326 59.103485 -110.628410
v -74.385742 61.174210 -110.148643
v -74.280098 59.406395 -109.540619
v -72.276817 62.182388 -112.720261
v -74.569809 62.780117 -111.400627
v -71.148888 64.142227 -127.567383
v -70.460243 64.733368 -130.589020
v -73.114922 63.433952 -114.258102
v -72.375656 65.031197 -127.663071
v -71.500137 65.451950 -131.614517
v -74.135963 65.770004 -131.469742
v -74.271027 65.487022 -127.905624
v -71.803093 65.713898 -132.589691
v -74.104622 65.870239 -132.559998
v -72.339447 65.991928 -134.197266
v -74.011269 65.967590 -133.651077
v -67.298424 63.249142 -130.482986
v -67.936089 64.810089 -131.712280
v -68.639626 65.607475 -133.166382
v 1.368026 64.329926 -132.245270
v 1.368026 65.448235 -133.770721
v -69.648087 66.046379 -134.990112
v 1.368026 62.691845 -131.168182
v -66.699455 60.385487 -129.459961
v -66.918381 35.861755 -122.434906
v -66.125328 35.787254 -124.396393
v -67.960632 35.774387 -107.864563
v -69.254097 35.553650 -105.851929
v -71.182762 35.200706 -104.543854
v -66.436478 21.264887 -104.903152
v -65.511917 20.311918 -120.367393
v -66.586632 20.697882 -104.842102
v -67.882332 21.318533 -102.932175
v -68.398506 20.342947 -104.006363
v -69.702377 21.215506 -101.853874
v -69.789917 20.075613 -103.423073
v -64.056580 35.512810 -125.503586
v -62.544689 20.448290 -123.448860
v -64.215851 20.638098 -122.467072
v 1.368026 20.580730 -124.231392
v 1.368026 34.856178 -126.291878
v -74.808403 63.827072 -113.541977
v -76.499245 63.832848 -113.171547
v -76.447639 64.385612 -115.280731
v -76.443726 62.932331 -111.332153
v -76.285683 61.493904 -110.180840
v -76.119698 59.474953 -109.444069
v 1.368026 60.473766 -130.379868
v -76.447639 64.385612 -115.280731
v -76.499245 63.832848 -113.171547
v -73.433952 35.039082 -104.317383
v -71.884773 20.566050 -101.618324
v -71.755028 19.768009 -102.188004
v -71.789146 19.449219 -103.684593
v -76.571320 65.582726 -128.244720
v -73.753937 34.902378 -110.736076
v -72.187927 20.407957 -108.773331
v -71.935669 19.284811 -108.520874
v -76.560707 65.792694 -131.354645
v -73.753937 34.902378 -110.736076
v -76.447639 64.385612 -115.280731
v -76.571320 65.582726 -128.244720
v -73.663681 34.741207 -124.761063
v -72.174927 20.364637 -122.993431
v -72.187927 20.407957 -108.773331
v -76.369843 65.883034 -132.908554
v -76.560707 65.792694 -131.354645
v -73.449417 34.387688 -127.917999
v -75.859070 65.954391 -134.258316
v -76.369843 65.883034 -132.908554
v -72.982086 34.092037 -129.451721
v -75.859070 65.954391 -134.258316
v -71.698769 33.748169 -131.045654
v -74.757698 66.060410 -135.313522
v -73.014977 66.106606 -135.899277
v -70.335663 66.085159 -136.375305
v -74.757698 66.060410 -135.313522
v -69.727493 33.693264 -131.833145
v -73.014977 66.106606 -135.899277
v -66.441307 33.344032 -132.333527
v -63.539707 33.158485 -132.448624
v -70.335663 66.085159 -136.375305
v 1.368026 66.110321 -136.337357
v 1.368026 33.437878 -132.519577
v 1.368026 66.110321 -136.337357
v -61.238998 20.418348 -130.777939
v -64.901863 20.276232 -130.571701
v -67.945328 20.546804 -130.091949
v -64.593719 19.093046 -129.976440
v -67.593330 19.089973 -129.492157
v -70.217354 20.485186 -129.203384
v -69.699539 19.097918 -128.752930
v -71.438843 20.344501 -127.756310
v -71.956963 20.388346 -126.034065
v -71.321648 19.190527 -127.029045
v -71.664322 19.080219 -123.106079
v -71.935669 19.284811 -108.520874
v -60.648907 19.048964 -130.164536
v 1.368026 20.611553 -130.836517
v 1.368026 19.053356 -130.273849
v 72.375679 63.075886 -129.355606
v 71.703293 60.348774 -128.516983
v 72.412811 59.801079 -126.696541
v 72.966393 62.528484 -127.334717
v 73.915176 61.041378 -113.422768
v 73.470894 58.866169 -112.851021
v 74.850746 59.103485 -110.628410
v 75.119705 60.880913 -111.230247
v 77.016441 59.406395 -109.540619
v 77.122047 61.174210 -110.148643
v 77.306427 62.780117 -111.400627
v 75.013275 62.182388 -112.720261
v 73.885483 64.142227 -127.567383
v 73.196587 64.733368 -130.589020
v 75.851501 63.433952 -114.258102
v 75.112274 65.031197 -127.663071
v 74.236519 65.451950 -131.614517
v 77.007355 65.487022 -127.905624
v 76.872459 65.770004 -131.469742
v 76.841118 65.870239 -132.559998
v 74.539711 65.713898 -132.589691
v 75.075989 65.991928 -134.197266
v 76.747887 65.967590 -133.651077
v 70.672417 64.810089 -131.712280
v 70.034676 63.249142 -130.482986
v 71.376160 65.607475 -133.166382
v 72.384346 66.046379 -134.990112
v 69.435715 60.385487 -129.459961
v 69.654747 35.861755 -122.434906
v 68.861908 35.787254 -124.396393
v 70.697166 35.774387 -107.864563
v 71.990387 35.553650 -105.851929
v 73.919304 35.200706 -104.543854
v 69.172951 21.264887 -104.903152
v 68.248505 20.311918 -120.367393
v 69.323105 20.697882 -104.842102
v 70.618797 21.318533 -102.932175
v 71.134850 20.342947 -104.006363
v 72.438797 21.215506 -101.853874
v 72.526253 20.075613 -103.423073
v 66.793159 35.512810 -125.503586
v 65.280907 20.448290 -123.448860
v 66.952393 20.638098 -122.467072
v 77.544868 63.827072 -113.541977
v 79.235748 63.832848 -113.171547
v 79.184174 64.385612 -115.280731
v 79.022064 61.493904 -110.180840
v 79.180054 62.932331 -111.332153
v 78.856232 59.474953 -109.444069
v 79.184174 64.385612 -115.280731
v 79.235748 63.832848 -113.171547
v 76.170372 35.039082 -104.317383
v 74.621407 20.566050 -101.618324
v 74.491447 19.768009 -102.188004
v 74.525688 19.449219 -103.684593
v 79.307938 65.582726 -128.244720
v 76.490486 34.902378 -110.736076
v 74.924179 20.407957 -108.773331
v 74.672127 19.284811 -108.520874
v 79.297211 65.792694 -131.354645
v 76.490486 34.902378 -110.736076
v 76.400139 34.741207 -124.761063
v 79.307938 65.582726 -128.244720
v 79.184174 64.385612 -115.280731
v 74.911377 20.364637 -122.993431
v 74.924179 20.407957 -108.773331
v 79.106209 65.883034 -132.908554
v 76.186050 34.387688 -127.917999
v 79.297211 65.792694 -131.354645
v 78.595528 65.954391 -134.258316
v 79.106209 65.883034 -132.908554
v 75.718674 34.092037 -129.451721
v 78.595528 65.954391 -134.258316
v 74.435356 33.748169 -131.045654
v 77.494133 66.060410 -135.313522
v 75.751266 66.106606 -135.899277
v 73.072006 66.085159 -136.375305
v 77.494133 66.060410 -135.313522
v 72.463966 33.693264 -131.833145
v 69.177887 33.344032 -132.333527
v 75.751266 66.106606 -135.899277
v 66.276276 33.158485 -132.448624
v 73.072006 66.085159 -136.375305
v 63.975304 20.418348 -130.777939
v 67.638390 20.276232 -130.571701
v 70.681908 20.546804 -130.091949
v 70.329620 19.089973 -129.492157
v 67.330246 19.093046 -129.976440
v 72.953613 20.485186 -129.203384
v 72.435905 19.097918 -128.752930
v 74.175461 20.344501 -127.756310
v 74.693581 20.388346 -126.034065
v 74.057899 19.190527 -127.029045
v 74.672127 19.284811 -108.520874
v 74.400703 19.080219 -123.106079
v 63.385410 19.048964 -130.164536
v -114.347626 59.011909 -117.844048
v -115.873917 59.044617 -117.452599
v -117.354828 58.387981 -120.783203
v -114.525429 58.354572 -121.479111
v -114.711876 56.100071 -125.232132
v -114.525429 58.354572 -121.479111
v -117.354828 58.387981 -120.783203
v -118.873291 56.126968 -124.195915
v -118.873291 56.126968 -124.195915
v -120.191681 52.074287 -127.158165
v -114.876060 52.064426 -128.488098
v -114.711876 56.100071 -125.232132
v -120.513023 49.127674 -127.880051
v -114.916893 49.135551 -129.280945
v -114.876060 52.064426 -128.488098
v -120.191681 52.074287 -127.158165
v -114.916893 49.135551 -129.280945
v -120.513023 49.127674 -127.880051
v -120.218086 46.855190 -127.217979
v -114.881012 46.878738 -128.554916
v -120.218086 46.855190 -127.217979
v -119.415749 45.820858 -125.410347
v -114.793144 45.845402 -126.571167
v -114.881012 46.878738 -128.554916
v -114.793144 45.845402 -126.571167
v -119.415749 45.820858 -125.410347
v -116.795471 45.820450 -119.438843
v -114.665260 45.802376 -119.987465
v -120.173119 58.387981 -118.735504
v -117.354828 58.387981 -120.783203
v -115.873917 59.044617 -117.452599
v -117.462914 59.044579 -116.297974
v -117.354828 58.387981 -120.783203
v -120.173119 58.387981 -118.735504
v -122.949730 56.127007 -121.234497
v -118.873291 56.126968 -124.195915
v -125.359215 52.074287 -123.403481
v -120.191681 52.074287 -127.158165
v -118.873291 56.126968 -124.195915
v -122.949730 56.127007 -121.234497
v -120.513023 49.127674 -127.880051
v -120.191681 52.074287 -127.158165
v -125.359215 52.074287 -123.403481
v -125.946625 49.127674 -123.932320
v -120.218086 46.855190 -127.217979
v -120.513023 49.127674 -127.880051
v -125.946625 49.127674 -123.932320
v -125.407898 46.855232 -123.447197
v -125.407898 46.855232 -123.447197
v -123.936874 45.820896 -122.125519
v -119.415749 45.820858 -125.410347
v -120.218086 46.855190 -127.217979
v -123.936874 45.820896 -122.125519
v -119.067177 45.820450 -117.788361
v -116.795471 45.820450 -119.438843
v -119.415749 45.820858 -125.410347
v -117.462914 59.044579 -116.297974
v -118.307327 59.011871 -114.967606
v -121.709305 58.354652 -116.260017
v -120.173119 58.387981 -118.735504
v -125.221016 56.100235 -117.596977
v -122.949730 56.127007 -121.234497
v -120.173119 58.387981 -118.735504
v -121.709305 58.354652 -116.260017
v -125.221016 56.100235 -117.596977
v -128.266998 52.064468 -118.759407
v -125.359215 52.074287 -123.403481
v -122.949730 56.127007 -121.234497
v -125.946625 49.127674 -123.932320
v -125.359215 52.074287 -123.403481
v -128.266998 52.064468 -118.759407
v -129.008301 49.135513 -119.043221
v -125.946625 49.127674 -123.932320
v -129.008301 49.135513 -119.043221
v -128.328888 46.878784 -118.784172
v -125.407898 46.855232 -123.447197
v -128.328888 46.878784 -118.784172
v -126.469284 45.845482 -118.087433
v -123.936874 45.820896 -122.125519
v -125.407898 46.855232 -123.447197
v -120.247368 45.802376 -115.932060
v -119.067177 45.820450 -117.788361
v -123.936874 45.820896 -122.125519
v -126.469284 45.845482 -118.087433
v -118.629089 59.011909 -113.976768
v -118.728088 59.044617 -112.404282
v -122.353233 58.387981 -112.025162
v -122.141212 58.354572 -114.931320
v -125.768013 56.100071 -115.913490
v -122.141212 58.354572 -114.931320
v -122.353233 58.387981 -112.025162
v -126.068314 56.126968 -111.635345
v -129.292923 52.074287 -111.297081
v -128.915466 52.064426 -116.763283
v -125.768013 56.100071 -115.913490
v -126.068314 56.126968 -111.635345
v -129.292923 52.074287 -111.297081
v -130.078751 49.127674 -111.214172
v -129.682327 49.135551 -116.969543
v -128.915466 52.064426 -116.763283
v -130.078751 49.127674 -111.214172
v -129.358093 46.855232 -111.290054
v -128.980240 46.878738 -116.779381
v -129.682327 49.135551 -116.969543
v -127.066185 45.845402 -116.250114
v -128.980240 46.878738 -116.779381
v -129.358093 46.855232 -111.290054
v -127.390831 45.820858 -111.495079
v -120.765480 45.802376 -114.336891
v -127.066185 45.845402 -116.250114
v -127.390831 45.820858 -111.495079
v -120.902031 45.820450 -112.141495
v -121.276993 58.387981 -108.712280
v -122.353233 58.387981 -112.025162
v -118.728088 59.044617 -112.404282
v -118.121292 59.044579 -110.536003
v -122.353233 58.387981 -112.025162
v -121.276993 58.387981 -108.712280
v -124.511497 56.127007 -106.843605
v -126.068314 56.126968 -111.635345
v -124.511497 56.127007 -106.843605
v -127.319061 52.074287 -105.222031
v -129.292923 52.074287 -111.297081
v -126.068314 56.126968 -111.635345
v -129.292923 52.074287 -111.297081
v -127.319061 52.074287 -105.222031
v -128.003403 49.127674 -104.827255
v -130.078751 49.127674 -111.214172
v -130.078751 49.127674 -111.214172
v -128.003403 49.127674 -104.827255
v -127.375572 46.855232 -105.189438
v -129.358093 46.855232 -111.290054
v -127.375572 46.855232 -105.189438
v -125.664047 45.820896 -106.179886
v -127.390831 45.820858 -111.495079
v -129.358093 46.855232 -111.290054
v -127.390831 45.820858 -111.495079
v -125.664047 45.820896 -106.179886
v -120.034096 45.820450 -109.470879
v -120.902031 45.820450 -112.141495
v -121.276993 58.387981 -108.712280
v -118.121292 59.044579 -110.536003
v -117.116821 59.011871 -109.321976
v -119.397186 58.354652 -106.485962
v -119.397186 58.354652 -106.485962
v -121.753868 56.100235 -103.559189
v -124.511497 56.127007 -106.843605
v -121.276993 58.387981 -108.712280
v -121.753868 56.100235 -103.559189
v -123.800743 52.064468 -101.021835
v -127.319061 52.074287 -105.222031
v -124.511497 56.127007 -106.843605
v -123.800743 52.064468 -101.021835
v -124.299881 49.135513 -100.404297
v -128.003403 49.127674 -104.827255
v -127.319061 52.074287 -105.222031
v -123.843651 46.878784 -100.970276
v -127.375572 46.855232 -105.189438
v -128.003403 49.127674 -104.827255
v -124.299881 49.135513 -100.404297
v -123.843651 46.878784 -100.970276
v -122.606522 45.845482 -102.523781
v -125.664047 45.820896 -106.179886
v -127.375572 46.855232 -105.189438
v -118.633621 45.802376 -107.775063
v -120.034096 45.820450 -109.470879
v -125.664047 45.820896 -106.179886
v -122.606522 45.845482 -102.523781
v -116.274055 59.011909 -108.709808
v -114.808823 59.044617 -108.129829
v -115.568672 58.387981 -104.564888
v -118.266899 58.354572 -105.664658
v -115.568672 58.387981 -104.564888
v -116.346245 56.126968 -100.911285
v -120.321617 56.100071 -102.518829
v -118.266899 58.354572 -105.664658
v -117.020699 52.074287 -97.739891
v -122.102844 52.064426 -99.788010
v -120.321617 56.100071 -102.518829
v -116.346245 56.126968 -100.911285
v -117.020699 52.074287 -97.739891
v -117.184875 49.127674 -96.966835
v -122.535568 49.135551 -99.122635
v -122.102844 52.064426 -99.788010
v -122.138321 46.878738 -99.731491
v -122.535568 49.135551 -99.122635
v -117.184875 49.127674 -96.966835
v -117.034317 46.855190 -97.675949
v -122.138321 46.878738 -99.731491
v -117.034317 46.855190 -97.675949
v -116.620987 45.820858 -99.609818
v -121.043114 45.845402 -101.388145
v -121.043114 45.845402 -101.388145
v -116.620987 45.820858 -99.609818
v -115.230820 45.820450 -105.981049
v -117.276466 45.802376 -106.789154
v -112.085007 58.387981 -104.564888
v -115.568672 58.387981 -104.564888
v -114.808823 59.044617 -108.129829
v -112.844849 59.044579 -108.129829
v -111.307419 56.127007 -100.911285
v -116.346245 56.126968 -100.911285
v -115.568672 58.387981 -104.564888
v -112.085007 58.387981 -104.564888
v -111.307419 56.127007 -100.911285
v -110.632965 52.074287 -97.739891
v -117.020699 52.074287 -97.739891
v -116.346245 56.126968 -100.911285
v -117.184875 49.127674 -96.966835
v -117.020699 52.074287 -97.739891
v -110.632965 52.074287 -97.739891
v -110.468788 49.127674 -96.966835
v -110.619347 46.855232 -97.675949
v -117.034317 46.855190 -97.675949
v -117.184875 49.127674 -96.966835
v -110.468788 49.127674 -96.966835
v -117.034317 46.855190 -97.675949
v -110.619347 46.855232 -97.675949
v -111.032692 45.820896 -99.609818
v -116.620987 45.820858 -99.609818
v -116.620987 45.820858 -99.609818
v -111.032692 45.820896 -99.609818
v -112.422859 45.820450 -105.981049
v -115.230820 45.820450 -105.981049
v -112.085007 58.387981 -104.564888
v -112.844849 59.044579 -108.129829
v -111.379616 59.011871 -108.709808
v -109.386772 58.354652 -105.664658
v -112.085007 58.387981 -104.564888
v -109.386772 58.354652 -105.664658
v -107.332047 56.100235 -102.518829
v -111.307419 56.127007 -100.911285
v -111.307419 56.127007 -100.911285
v -107.332047 56.100235 -102.518829
v -105.550819 52.064468 -99.788010
v -110.632965 52.074287 -97.739891
v -105.118095 49.135513 -99.122635
v -110.468788 49.127674 -96.966835
v -110.632965 52.074287 -97.739891
v -105.550819 52.064468 -99.788010
v -105.118095 49.135513 -99.122635
v -105.515343 46.878784 -99.731491
v -110.619347 46.855232 -97.675949
v -110.468788 49.127674 -96.966835
v -105.515343 46.878784 -99.731491
v -106.610565 45.845444 -101.388145
v -111.032692 45.820896 -99.609818
v -110.619347 46.855232 -97.675949
v -112.422859 45.820450 -105.981049
v -111.032692 45.820896 -99.609818
v -106.610565 45.845444 -101.388145
v -110.377205 45.802376 -106.789154
v -106.376671 58.387981 -108.711876
v -108.256493 58.354572 -106.485558
v -110.536850 59.011909 -109.322403
v -109.532387 59.044617 -110.536003
v -103.142166 56.126968 -106.843605
v -105.899803 56.100071 -103.559189
v -108.256493 58.354572 -106.485558
v -106.376671 58.387981 -108.711876
v -103.142166 56.126968 -106.843605
v -100.334618 52.074287 -105.222031
v -103.852921 52.064426 -101.021835
v -105.899803 56.100071 -103.559189
v -99.650261 49.127674 -104.827255
v -103.353790 49.135551 -100.404297
v -103.852921 52.064426 -101.021835
v -100.334618 52.074287 -105.222031
v -103.810013 46.878700 -100.970276
v -103.353790 49.135551 -100.404297
v -99.650261 49.127674 -104.827255
v -100.278091 46.855190 -105.189438
v -105.047142 45.845402 -102.523781
v -103.810013 46.878700 -100.970276
v -100.278091 46.855190 -105.189438
v -101.989616 45.820858 -106.179886
v -105.047142 45.845402 -102.523781
v -101.989616 45.820858 -106.179886
v -107.619568 45.820450 -109.470879
v -109.020042 45.802376 -107.775063
v -106.376671 58.387981 -108.711876
v -109.532387 59.044617 -110.536003
v -108.925575 59.044579 -112.404282
v -105.300430 58.387981 -112.025162
v -105.300430 58.387981 -112.025162
v -101.585350 56.127007 -111.635345
v -103.142166 56.126968 -106.843605
v -106.376671 58.387981 -108.711876
v -100.334618 52.074287 -105.222031
v -103.142166 56.126968 -106.843605
v -101.585350 56.127007 -111.635345
v -98.360741 52.074287 -111.297081
v -98.360741 52.074287 -111.297081
v -97.574913 49.127674 -111.214172
v -99.650261 49.127674 -104.827255
v -100.334618 52.074287 -105.222031
v -98.295570 46.855232 -111.290054
v -100.278091 46.855190 -105.189438
v -99.650261 49.127674 -104.827255
v -97.574913 49.127674 -111.214172
v -100.278091 46.855190 -105.189438
v -98.295570 46.855232 -111.290054
v -100.262833 45.820896 -111.495079
v -101.989616 45.820858 -106.179886
v -100.262833 45.820896 -111.495079
v -106.751640 45.820450 -112.141495
v -107.619568 45.820450 -109.470879
v -101.989616 45.820858 -106.179886
v -105.300430 58.387981 -112.025162
v -108.925575 59.044579 -112.404282
v -109.024574 59.011871 -113.976768
v -105.512451 58.354652 -114.930916
v -101.885666 56.100235 -115.913086
v -101.585350 56.127007 -111.635345
v -105.300430 58.387981 -112.025162
v -105.512451 58.354652 -114.930916
v -98.738197 52.064468 -116.763283
v -98.360741 52.074287 -111.297081
v -101.585350 56.127007 -111.635345
v -101.885666 56.100235 -115.913086
v -97.971748 49.135513 -116.969543
v -97.574913 49.127674 -111.214172
v -98.360741 52.074287 -111.297081
v -98.738197 52.064468 -116.763283
v -98.673431 46.878784 -116.779381
v -98.295570 46.855232 -111.290054
v -97.574913 49.127674 -111.214172
v -97.971748 49.135513 -116.969543
v -98.295570 46.855232 -111.290054
v -98.673431 46.878784 -116.779381
v -100.587486 45.845444 -116.250114
v -100.262833 45.820896 -111.495079
v -106.888184 45.802376 -114.336891
v -106.751640 45.820450 -112.141495
v -100.262833 45.820896 -111.495079
v -100.587486 45.845444 -116.250114
v -109.346344 59.011909 -114.967606
v -110.190750 59.044617 -116.297974
v -107.480545 58.387981 -118.735504
v -105.944359 58.354572 -116.259613
v -107.480545 58.387981 -118.735504
v -104.703941 56.126968 -121.234497
v -102.432640 56.100071 -117.596977
v -105.944359 58.354572 -116.259613
v -102.432640 56.100071 -117.596977
v -104.703941 56.126968 -121.234497
v -102.294464 52.074287 -123.403481
v -99.386665 52.064426 -118.759407
v -99.386665 52.064426 -118.759407
v -102.294464 52.074287 -123.403481
v -101.707458 49.127674 -123.932320
v -98.645386 49.135551 -119.043221
v -98.645386 49.135551 -119.043221
v -101.707458 49.127674 -123.932320
v -102.245781 46.855190 -123.447197
v -99.324783 46.878738 -118.784172
v -99.324783 46.878738 -118.784172
v -102.245781 46.855190 -123.447197
v -103.716789 45.820858 -122.125519
v -101.184387 45.845402 -118.087860
v -101.184387 45.845402 -118.087860
v -103.716789 45.820858 -122.125519
v -108.586494 45.820450 -117.788361
v -107.406296 45.802376 -115.932060
v -107.480545 58.387981 -118.735504
v -110.190750 59.044617 -116.297974
v -111.779747 59.044579 -117.452599
v -110.298836 58.387981 -120.783203
v -104.703941 56.126968 -121.234497
v -107.480545 58.387981 -118.735504
v -110.298836 58.387981 -120.783203
v -108.780373 56.127007 -124.195915
v -102.294464 52.074287 -123.403481
v -104.703941 56.126968 -121.234497
v -108.780373 56.127007 -124.195915
v -107.461990 52.074287 -127.158165
v -107.140640 49.127674 -127.880051
v -101.707458 49.127674 -123.932320
v -102.294464 52.074287 -123.403481
v -107.461990 52.074287 -127.158165
v -101.707458 49.127674 -123.932320
v -107.140640 49.127674 -127.880051
v -107.435593 46.855232 -127.217979
v -102.245781 46.855190 -123.447197
v -108.237915 45.820896 -125.410347
v -103.716789 45.820858 -122.125519
v -102.245781 46.855190 -123.447197
v -107.435593 46.855232 -127.217979
v -103.716789 45.820858 -122.125519
v -108.237915 45.820896 -125.410347
v -110.858192 45.820450 -119.438843
v -108.586494 45.820450 -117.788361
v -113.306038 59.011871 -117.844048
v -113.128250 58.354652 -121.479111
v -110.298836 58.387981 -120.783203
v -111.779747 59.044579 -117.452599
v -108.780373 56.127007 -124.195915
v -110.298836 58.387981 -120.783203
v -113.128250 58.354652 -121.479111
v -112.941803 56.100235 -125.232132
v -112.941803 56.100235 -125.232132
v -112.777611 52.064468 -128.488098
v -107.461990 52.074287 -127.158165
v -108.780373 56.127007 -124.195915
v -112.736771 49.135513 -129.280945
v -107.140640 49.127674 -127.880051
v -107.461990 52.074287 -127.158165
v -112.777611 52.064468 -128.488098
v -112.773071 46.878784 -128.554916
v -107.435593 46.855232 -127.217979
v -107.140640 49.127674 -127.880051
v -112.736771 49.135513 -129.280945
v -107.435593 46.855232 -127.217979
v -112.773071 46.878784 -128.554916
v -112.860939 45.845444 -126.571167
v -108.237915 45.820896 -125.410347
v -108.237915 45.820896 -125.410347
v -112.860939 45.845444 -126.571167
v -112.988403 45.802376 -119.987465
v -110.858192 45.820450 -119.438843
v -114.003601 58.922142 -117.804047
v -113.995758 58.274712 -121.327705
v -113.827042 58.222317 -121.170135
v -113.826622 58.862663 -117.747520
v -114.525429 58.354572 -121.479111
v -113.995758 58.274712 -121.327705
v -114.003601 58.922142 -117.804047
v -114.347626 59.011909 -117.844048
v -113.990807 56.048504 -125.056824
v -113.827042 56.015339 -124.856346
v -113.827042 58.222317 -121.170135
v -113.995758 58.274712 -121.327705
v -114.711876 56.100071 -125.232132
v -113.990807 56.048504 -125.056824
v -113.995758 58.274712 -121.327705
v -114.525429 58.354572 -121.479111
v -113.987923 52.059971 -128.294220
v -113.827042 52.058033 -128.057831
v -113.827042 56.015339 -124.856346
v -113.990807 56.048504 -125.056824
v -114.711876 56.100071 -125.232132
v -114.876060 52.064426 -128.488098
v -113.987923 52.059971 -128.294220
v -113.990807 56.048504 -125.056824
v -113.827042 49.174042 -128.839966
v -113.827042 52.058033 -128.057831
v -113.987923 52.059971 -128.294220
v -113.987503 49.158653 -129.084183
v -113.987923 52.059971 -128.294220
v -114.876060 52.064426 -128.488098
v -114.916893 49.135551 -129.280945
v -113.987503 49.158653 -129.084183
v -113.987503 49.158653 -129.084183
v -113.988342 46.918884 -128.356506
v -113.826622 46.944454 -128.116837
v -113.827042 49.174042 -128.839966
v -113.988342 46.918884 -128.356506
v -113.987503 49.158653 -129.084183
v -114.916893 49.135551 -129.280945
v -114.881012 46.878738 -128.554916
v -113.998650 45.902496 -126.383446
v -113.826622 45.939911 -126.164421
v -113.826622 46.944454 -128.116837
v -113.988342 46.918884 -128.356506
v -113.998650 45.902496 -126.383446
v -113.988342 46.918884 -128.356506
v -114.881012 46.878738 -128.554916
v -114.793144 45.845402 -126.571167
v -113.998650 45.902496 -126.383446
v -114.139725 45.745945 -119.923538
v -113.827042 45.708248 -119.839798
v -113.826622 45.939911 -126.164421
v -114.139725 45.745945 -119.923538
v -113.998650 45.902496 -126.383446
v -114.793144 45.845402 -126.571167
v -114.665260 45.802376 -119.987465
v -121.728699 58.274788 -115.708893
v -118.374977 58.922142 -114.627701
v -118.375801 58.862663 -114.442482
v -121.631340 58.222317 -115.499748
v -118.374977 58.922142 -114.627701
v -121.728699 58.274788 -115.708893
v -121.709305 58.354652 -116.260017
v -118.307327 59.011871 -114.967606
v -121.728699 58.274788 -115.708893
v -125.277122 56.048630 -116.856522
v -125.221016 56.100235 -117.596977
v -121.709305 58.354652 -116.260017
v -125.277122 56.048630 -116.856522
v -121.728699 58.274788 -115.708893
v -121.631340 58.222317 -115.499748
v -125.137276 56.015339 -116.638710
v -125.277122 56.048630 -116.856522
v -128.356934 52.060009 -117.854385
v -128.266998 52.064468 -118.759407
v -125.221016 56.100235 -117.596977
v -128.356934 52.060009 -117.854385
v -125.277122 56.048630 -116.856522
v -125.137276 56.015339 -116.638710
v -128.182022 52.058033 -117.628311
v -128.356934 52.060009 -117.854385
v -129.108109 49.158653 -118.098167
v -129.008301 49.135513 -119.043221
v -128.266998 52.064468 -118.759407
v -128.925781 49.174042 -117.870049
v -129.108109 49.158653 -118.098167
v -128.356934 52.060009 -117.854385
v -128.182022 52.058033 -117.628311
v -129.008301 49.135513 -119.043221
v -129.108109 49.158653 -118.098167
v -128.415924 46.918922 -117.874573
v -128.328888 46.878784 -118.784172
v -128.237717 46.944454 -117.646477
v -128.415924 46.918922 -117.874573
v -129.108109 49.158653 -118.098167
v -128.925781 49.174042 -117.870049
v -128.328888 46.878784 -118.784172
v -128.415924 46.918922 -117.874573
v -126.536102 45.902531 -117.274376
v -126.469284 45.845482 -118.087433
v -126.380997 45.939911 -117.043381
v -126.536102 45.902531 -117.274376
v -128.415924 46.918922 -117.874573
v -128.237717 46.944454 -117.646477
v -126.536102 45.902531 -117.274376
v -120.348846 45.745991 -115.412300
v -120.247368 45.802376 -115.932060
v -126.469284 45.845482 -118.087433
v -120.366165 45.708248 -115.088890
v -120.348846 45.745991 -115.412300
v -126.536102 45.902531 -117.274376
v -126.380997 45.939911 -117.043381
v -118.879066 58.274788 -106.297035
v -116.814445 58.922142 -109.152428
v -116.638306 58.862663 -109.094261
v -118.650124 58.222317 -106.325508
v -119.397186 58.354652 -106.485962
v -117.116821 59.011871 -109.321976
v -116.814445 58.922142 -109.152428
v -118.879066 58.274788 -106.297035
v -121.067032 56.048630 -103.277039
v -121.753868 56.100235 -103.559189
v -119.397186 58.354652 -106.485962
v -118.879066 58.274788 -106.297035
v -118.879066 58.274788 -106.297035
v -118.650124 58.222317 -106.325508
v -120.816635 56.015339 -103.343033
v -121.067032 56.048630 -103.277039
v -121.753868 56.100235 -103.559189
v -121.067032 56.048630 -103.277039
v -122.967880 52.060009 -100.656342
v -123.800743 52.064468 -101.021835
v -121.067032 56.048630 -103.277039
v -120.816635 56.015339 -103.343033
v -122.698509 52.058033 -100.752884
v -122.967880 52.060009 -100.656342
v -123.431953 49.158653 -100.017365
v -124.299881 49.135513 -100.404297
v -123.800743 52.064468 -101.021835
v -122.967880 52.060009 -100.656342
v -122.967880 52.060009 -100.656342
v -122.698509 52.058033 -100.752884
v -123.158470 49.174042 -100.120079
v -123.431953 49.158653 -100.017365
v -123.431953 49.158653 -100.017365
v -123.005417 46.918922 -100.606438
v -123.843651 46.878784 -100.970276
v -124.299881 49.135513 -100.404297
v -123.431953 49.158653 -100.017365
v -123.158470 49.174042 -100.120079
v -122.733574 46.944454 -100.705437
v -123.005417 46.918922 -100.606438
v -122.606522 45.845482 -102.523781
v -123.843651 46.878784 -100.970276
v -123.005417 46.918922 -100.606438
v -121.853271 45.902531 -102.208641
v -121.853271 45.902531 -102.208641
v -123.005417 46.918922 -100.606438
v -122.733574 46.944454 -100.705437
v -121.585968 45.939911 -102.284950
v -121.853271 45.902531 -102.208641
v -118.170372 45.745945 -107.517654
v -118.633621 45.802376 -107.775063
v -122.606522 45.845482 -102.523781
v -121.853271 45.902531 -102.208641
v -121.585968 45.939911 -102.284950
v -117.868416 45.708248 -107.401321
v -118.170372 45.745945 -107.517654
v -111.015358 58.862663 -109.094261
v -109.003540 58.222317 -106.325508
v -109.047272 58.274788 -106.098625
v -111.125084 58.922142 -108.944954
v -109.386772 58.354652 -105.664658
v -111.379616 59.011871 -108.709808
v -111.125084 58.922142 -108.944954
v -109.047272 58.274788 -106.098625
v -107.332047 56.100235 -102.518829
v -109.386772 58.354652 -105.664658
v -109.047272 58.274788 -106.098625
v -106.851471 56.048630 -103.084808
v -106.836617 56.015339 -103.343033
v -106.851471 56.048630 -103.084808
v -109.047272 58.274788 -106.098625
v -109.003540 58.222317 -106.325508
v -105.550819 52.064468 -99.788010
v -107.332047 56.100235 -102.518829
v -106.851471 56.048630 -103.084808
v -104.946083 52.060009 -100.467415
v -104.954750 52.058033 -100.752884
v -104.946083 52.060009 -100.467415
v -106.851471 56.048630 -103.084808
v -106.836617 56.015339 -103.343033
v -104.946083 52.060009 -100.467415
v -104.481590 49.158653 -99.828438
v -105.118095 49.135513 -99.122635
v -105.550819 52.064468 -99.788010
v -104.954750 52.058033 -100.752884
v -104.495209 49.174042 -100.120079
v -104.481590 49.158653 -99.828438
v -104.946083 52.060009 -100.467415
v -105.118095 49.135513 -99.122635
v -104.481590 49.158653 -99.828438
v -104.910187 46.918922 -100.416275
v -105.515343 46.878784 -99.731491
v -104.920509 46.944454 -100.705437
v -104.910187 46.918922 -100.416275
v -104.481590 49.158653 -99.828438
v -104.495209 49.174042 -100.120079
v -106.078018 45.902531 -102.006912
v -106.610565 45.845444 -101.388145
v -105.515343 46.878784 -99.731491
v -104.910187 46.918922 -100.416275
v -104.910187 46.918922 -100.416275
v -104.920509 46.944454 -100.705437
v -106.068108 45.939911 -102.284950
v -106.078018 45.902531 -102.006912
v -110.377205 45.802376 -106.789154
v -106.610565 45.845444 -101.388145
v -106.078018 45.902531 -102.006912
v -109.989449 45.745945 -107.150108
v -106.078018 45.902531 -102.006912
v -106.068108 45.939911 -102.284950
v -109.785263 45.708248 -107.401321
v -109.989449 45.745945 -107.150108
v -106.022743 58.222317 -115.500183
v -105.820595 58.274788 -115.387962
v -109.169373 58.922142 -114.291504
v -109.277458 58.862663 -114.442078
v -105.512451 58.354652 -114.930916
v -109.024574 59.011871 -113.976768
v -109.169373 58.922142 -114.291504
v -105.820595 58.274788 -115.387962
v -101.885666 56.100235 -115.913086
v -105.512451 58.354652 -114.930916
v -105.820595 58.274788 -115.387962
v -102.275482 56.048630 -116.545471
v -102.275482 56.048630 -116.545471
v -105.820595 58.274788 -115.387962
v -106.022743 58.222317 -115.500183
v -102.516792 56.015339 -116.639114
v -99.197319 52.060009 -117.548286
v -98.738197 52.064468 -116.763283
v -101.885666 56.100235 -115.913086
v -102.275482 56.048630 -116.545471
v -102.516792 56.015339 -116.639114
v -99.472054 52.058033 -117.628311
v -99.197319 52.060009 -117.548286
v -102.275482 56.048630 -116.545471
v -98.738197 52.064468 -116.763283
v -99.197319 52.060009 -117.548286
v -98.446136 49.158653 -117.792503
v -97.971748 49.135513 -116.969543
v -98.727882 49.174042 -117.870049
v -98.446136 49.158653 -117.792503
v -99.197319 52.060009 -117.548286
v -99.472054 52.058033 -117.628311
v -98.446136 49.158653 -117.792503
v -99.137505 46.918922 -117.566856
v -98.673431 46.878784 -116.779381
v -97.971748 49.135513 -116.969543
v -98.446136 49.158653 -117.792503
v -98.727882 49.174042 -117.870049
v -99.415947 46.944454 -117.646477
v -99.137505 46.918922 -117.566856
v -100.587486 45.845444 -116.250114
v -98.673431 46.878784 -116.779381
v -99.137505 46.918922 -117.566856
v -101.011536 45.902531 -116.947662
v -101.272659 45.939911 -117.043381
v -101.011536 45.902531 -116.947662
v -99.137505 46.918922 -117.566856
v -99.415947 46.944454 -117.646477
v -106.888184 45.802376 -114.336891
v -100.587486 45.845444 -116.250114
v -101.011536 45.902531 -116.947662
v -107.111351 45.745945 -114.817055
v -101.011536 45.902531 -116.947662
v -101.272659 45.939911 -117.043381
v -107.287498 45.708248 -115.088890
v -107.111351 45.745945 -114.817055
v -113.128250 58.354652 -121.479111
v -113.306038 59.011871 -117.844048
v -113.650078 58.922142 -117.804047
v -113.657906 58.274788 -121.327301
v -113.657906 58.274788 -121.327301
v -113.650078 58.922142 -117.804047
v -113.826622 58.862663 -117.747520
v -113.827042 58.222317 -121.170135
v -113.657906 58.274788 -121.327301
v -113.663277 56.048630 -125.056824
v -112.941803 56.100235 -125.232132
v -113.128250 58.354652 -121.479111
v -113.657906 58.274788 -121.327301
v -113.827042 58.222317 -121.170135
v -113.827042 56.015339 -124.856346
v -113.663277 56.048630 -125.056824
v -113.666161 52.060009 -128.294220
v -112.777611 52.064468 -128.488098
v -112.941803 56.100235 -125.232132
v -113.663277 56.048630 -125.056824
v -113.827042 52.058033 -128.057831
v -113.666161 52.060009 -128.294220
v -113.663277 56.048630 -125.056824
v -113.827042 56.015339 -124.856346
v -112.736771 49.135513 -129.280945
v -112.777611 52.064468 -128.488098
v -113.666161 52.060009 -128.294220
v -113.666161 49.158653 -129.084183
v -113.827042 49.174042 -128.839966
v -113.666161 49.158653 -129.084183
v -113.666161 52.060009 -128.294220
v -113.827042 52.058033 -128.057831
v -113.666161 49.158653 -129.084183
v -113.664925 46.918922 -128.356506
v -112.773071 46.878784 -128.554916
v -112.736771 49.135513 -129.280945
v -113.666161 49.158653 -129.084183
v -113.827042 49.174042 -128.839966
v -113.826622 46.944454 -128.116837
v -113.664925 46.918922 -128.356506
v -112.860939 45.845444 -126.571167
v -112.773071 46.878784 -128.554916
v -113.664925 46.918922 -128.356506
v -113.655029 45.902531 -126.383446
v -113.655029 45.902531 -126.383446
v -113.664925 46.918922 -128.356506
v -113.826622 46.944454 -128.116837
v -113.826622 45.939911 -126.164421
v -112.860939 45.845444 -126.571167
v -113.655029 45.902531 -126.383446
v -113.513947 45.745945 -119.923538
v -112.988403 45.802376 -119.987465
v -113.513947 45.745945 -119.923538
v -113.655029 45.902531 -126.383446
v -113.826622 45.939911 -126.164421
v -113.827042 45.708248 -119.839798
v -121.833069 58.274712 -115.387962
v -118.484291 58.922142 -114.291504
v -118.629089 59.011909 -113.976768
v -122.141212 58.354572 -114.931320
v -118.484291 58.922142 -114.291504
v -121.833069 58.274712 -115.387962
v -121.631340 58.222317 -115.499748
v -118.375801 58.862663 -114.442482
v -121.833069 58.274712 -115.387962
v -125.378189 56.048504 -116.545067
v -125.137276 56.015339 -116.638710
v -121.631340 58.222317 -115.499748
v -125.378189 56.048504 -116.545067
v -121.833069 58.274712 -115.387962
v -122.141212 58.354572 -114.931320
v -125.768013 56.100071 -115.913490
v -128.456345 52.059971 -117.548286
v -128.182022 52.058033 -117.628311
v -125.137276 56.015339 -116.638710
v -125.378189 56.048504 -116.545067
v -128.915466 52.064426 -116.763283
v -128.456345 52.059971 -117.548286
v -125.378189 56.048504 -116.545067
v -125.768013 56.100071 -115.913490
v -128.925781 49.174042 -117.870049
v -128.182022 52.058033 -117.628311
v -128.456345 52.059971 -117.548286
v -129.207535 49.158653 -117.792503
v -128.456345 52.059971 -117.548286
v -128.915466 52.064426 -116.763283
v -129.682327 49.135551 -116.969543
v -129.207535 49.158653 -117.792503
v -129.207535 49.158653 -117.792503
v -128.515762 46.918884 -117.566856
v -128.237717 46.944454 -117.646477
v -128.925781 49.174042 -117.870049
v -128.515762 46.918884 -117.566856
v -129.207535 49.158653 -117.792503
v -129.682327 49.135551 -116.969543
v -128.980240 46.878738 -116.779381
v -128.515762 46.918884 -117.566856
v -126.642113 45.902496 -116.947662
v -126.380997 45.939911 -117.043381
v -128.237717 46.944454 -117.646477
v -126.642113 45.902496 -116.947662
v -128.515762 46.918884 -117.566856
v -128.980240 46.878738 -116.779381
v -127.066185 45.845402 -116.250114
v -126.642113 45.902496 -116.947662
v -120.542313 45.745991 -114.817055
v -120.366165 45.708248 -115.088890
v -126.380997 45.939911 -117.043381
v -120.542313 45.745991 -114.817055
v -126.642113 45.902496 -116.947662
v -127.066185 45.845402 -116.250114
v -120.765480 45.802376 -114.336891
v -118.605980 58.274712 -106.098625
v -116.528580 58.922142 -108.944954
v -116.274055 59.011909 -108.709808
v -118.266899 58.354572 -105.664658
v -118.605980 58.274712 -106.098625
v -118.650124 58.222317 -106.325508
v -116.638306 58.862663 -109.094261
v -116.528580 58.922142 -108.944954
v -118.650124 58.222317 -106.325508
v -118.605980 58.274712 -106.098625
v -120.802193 56.048504 -103.084389
v -120.816635 56.015339 -103.343033
v -120.802193 56.048504 -103.084389
v -118.605980 58.274712 -106.098625
v -118.266899 58.354572 -105.664658
v -120.321617 56.100071 -102.518829
v -120.802193 56.048504 -103.084389
v -122.707581 52.059971 -100.467010
v -122.698509 52.058033 -100.752884
v -120.816635 56.015339 -103.343033
v -122.707581 52.059971 -100.467010
v -120.802193 56.048504 -103.084389
v -120.321617 56.100071 -102.518829
v -122.102844 52.064426 -99.788010
v -122.707581 52.059971 -100.467010
v -123.172073 49.158653 -99.828438
v -123.158470 49.174042 -100.120079
v -122.698509 52.058033 -100.752884
v -123.172073 49.158653 -99.828438
v -122.707581 52.059971 -100.467010
v -122.102844 52.064426 -99.788010
v -122.535568 49.135551 -99.122635
v -123.172073 49.158653 -99.828438
v -122.743477 46.918884 -100.416275
v -122.733574 46.944454 -100.705437
v -123.158470 49.174042 -100.120079
v -122.743477 46.918884 -100.416275
v -123.172073 49.158653 -99.828438
v -122.535568 49.135551 -99.122635
v -122.138321 46.878738 -99.731491
v -122.743477 46.918884 -100.416275
v -121.575653 45.902496 -102.006912
v -121.585968 45.939911 -102.284950
v -122.733574 46.944454 -100.705437
v -121.575653 45.902496 -102.006912
v -122.743477 46.918884 -100.416275
v -122.138321 46.878738 -99.731491
v -121.043114 45.845402 -101.388145
v -117.664230 45.745945 -107.150108
v -117.868416 45.708248 -107.401321
v -121.585968 45.939911 -102.284950
v -121.575653 45.902496 -102.006912
v -121.575653 45.902496 -102.006912
v -121.043114 45.845402 -101.388145
v -117.276466 45.802376 -106.789154
v -117.664230 45.745945 -107.150108
v -110.839218 58.922142 -109.152428
v -110.536850 59.011909 -109.322403
v -108.256493 58.354572 -106.485558
v -108.774185 58.274712 -106.297035
v -109.003540 58.222317 -106.325508
v -111.015358 58.862663 -109.094261
v -110.839218 58.922142 -109.152428
v -108.774185 58.274712 -106.297035
v -106.836617 56.015339 -103.343033
v -109.003540 58.222317 -106.325508
v -108.774185 58.274712 -106.297035
v -106.586220 56.048504 -103.277039
v -108.256493 58.354572 -106.485558
v -105.899803 56.100071 -103.559189
v -106.586220 56.048504 -103.277039
v -108.774185 58.274712 -106.297035
v -104.954750 52.058033 -100.752884
v -106.836617 56.015339 -103.343033
v -106.586220 56.048504 -103.277039
v -104.685783 52.059971 -100.656342
v -105.899803 56.100071 -103.559189
v -103.852921 52.064426 -101.021835
v -104.685783 52.059971 -100.656342
v -106.586220 56.048504 -103.277039
v -104.221710 49.158653 -100.017365
v -104.495209 49.174042 -100.120079
v -104.954750 52.058033 -100.752884
v -104.685783 52.059971 -100.656342
v -103.852921 52.064426 -101.021835
v -103.353790 49.135551 -100.404297
v -104.221710 49.158653 -100.017365
v -104.685783 52.059971 -100.656342
v -104.920509 46.944454 -100.705437
v -104.495209 49.174042 -100.120079
v -104.221710 49.158653 -100.017365
v -104.648666 46.918884 -100.606438
v -103.810013 46.878700 -100.970276
v -104.648666 46.918884 -100.606438
v -104.221710 49.158653 -100.017365
v -103.353790 49.135551 -100.404297
v -105.800392 45.902496 -102.208641
v -106.068108 45.939911 -102.284950
v -104.920509 46.944454 -100.705437
v -104.648666 46.918884 -100.606438
v -105.800392 45.902496 -102.208641
v -104.648666 46.918884 -100.606438
v -103.810013 46.878700 -100.970276
v -105.047142 45.845402 -102.523781
v -109.785263 45.708248 -107.401321
v -106.068108 45.939911 -102.284950
v -105.800392 45.902496 -102.208641
v -109.483292 45.745945 -107.517654
v -105.047142 45.845402 -102.523781
v -109.020042 45.802376 -107.775063
v -109.483292 45.745945 -107.517654
v -105.800392 45.902496 -102.208641
v -109.278687 58.922142 -114.627701
v -109.346344 59.011909 -114.967606
v -105.944359 58.354572 -116.259613
v -105.924965 58.274712 -115.709328
v -106.022743 58.222317 -115.500183
v -109.277458 58.862663 -114.442078
v -109.278687 58.922142 -114.627701
v -105.924965 58.274712 -115.709328
v -106.022743 58.222317 -115.500183
v -105.924965 58.274712 -115.709328
v -102.376549 56.048504 -116.856926
v -102.516792 56.015339 -116.639114
v -105.944359 58.354572 -116.259613
v -102.432640 56.100071 -117.596977
v -102.376549 56.048504 -116.856926
v -105.924965 58.274712 -115.709328
v -99.296730 52.059971 -117.854385
v -99.472054 52.058033 -117.628311
v -102.516792 56.015339 -116.639114
v -102.376549 56.048504 -116.856926
v -102.432640 56.100071 -117.596977
v -99.386665 52.064426 -118.759407
v -99.296730 52.059971 -117.854385
v -102.376549 56.048504 -116.856926
v -99.296730 52.059971 -117.854385
v -98.545547 49.158653 -118.098167
v -98.727882 49.174042 -117.870049
v -99.472054 52.058033 -117.628311
v -98.545547 49.158653 -118.098167
v -99.296730 52.059971 -117.854385
v -99.386665 52.064426 -118.759407
v -98.645386 49.135551 -119.043221
v -99.415947 46.944454 -117.646477
v -98.727882 49.174042 -117.870049
v -98.545547 49.158653 -118.098167
v -99.237747 46.918884 -117.874168
v -98.645386 49.135551 -119.043221
v -99.324783 46.878738 -118.784172
v -99.237747 46.918884 -117.874168
v -98.545547 49.158653 -118.098167
v -101.272659 45.939911 -117.043381
v -99.415947 46.944454 -117.646477
v -99.237747 46.918884 -117.874168
v -101.117561 45.902496 -117.274376
v -99.237747 46.918884 -117.874168
v -99.324783 46.878738 -118.784172
v -101.184387 45.845402 -118.087860
v -101.117561 45.902496 -117.274376
v -107.287498 45.708248 -115.088890
v -101.272659 45.939911 -117.043381
v -101.117561 45.902496 -117.274376
v -107.304817 45.745945 -115.412300
v -101.117561 45.902496 -117.274376
v -101.184387 45.845402 -118.087860
v -107.406296 45.802376 -115.932060
v -107.304817 45.745945 -115.412300
v 108.903984 59.011208 -117.843643
v 107.378113 59.043915 -117.452164
v 105.897194 58.387363 -120.782372
v 108.726601 58.353909 -121.478683
v 108.539734 56.099617 -125.230896
v 108.726601 58.353909 -121.478683
v 105.897194 58.387363 -120.782372
v 104.379143 56.126556 -124.195076
v 104.379143 56.126556 -124.195076
v 103.060753 52.074200 -127.156929
v 108.375565 52.064342 -128.486862
v 108.539734 56.099617 -125.230896
v 102.739410 49.127922 -127.878410
v 108.334724 49.135761 -129.279694
v 108.375565 52.064342 -128.486862
v 103.060753 52.074200 -127.156929
v 108.334724 49.135761 -129.279694
v 102.739410 49.127922 -127.878410
v 103.033943 46.855644 -127.216331
v 108.371017 46.879158 -128.553665
v 103.033943 46.855644 -127.216331
v 103.836685 45.821396 -125.409111
v 108.458885 45.845901 -126.569519
v 108.371017 46.879158 -128.553665
v 108.458885 45.845901 -126.569519
v 103.836685 45.821396 -125.409111
v 106.456543 45.820942 -119.438416
v 108.586349 45.802914 -119.986656
v 103.079315 58.387363 -118.735077
v 105.897194 58.387363 -120.782372
v 107.378113 59.043915 -117.452164
v 105.789101 59.043877 -116.297569
v 105.897194 58.387363 -120.782372
v 103.079315 58.387363 -118.735077
v 100.303123 56.126556 -121.233658
v 104.379143 56.126556 -124.195076
v 97.893631 52.074200 -123.402649
v 103.060753 52.074200 -127.156929
v 104.379143 56.126556 -124.195076
v 100.303123 56.126556 -121.233658
v 102.739410 49.127922 -127.878410
v 103.060753 52.074200 -127.156929
v 97.893631 52.074200 -123.402649
v 97.306229 49.127922 -123.931480
v 103.033943 46.855644 -127.216331
v 102.739410 49.127922 -127.878410
v 97.306229 49.127922 -123.931480
v 97.844971 46.855690 -123.446388
v 97.844971 46.855690 -123.446388
v 99.315971 45.821434 -122.124687
v 103.836685 45.821396 -125.409111
v 103.033943 46.855644 -127.216331
v 99.315971 45.821434 -122.124687
v 104.184853 45.820980 -117.787552
v 106.456543 45.820942 -119.438416
v 103.836685 45.821396 -125.409111
v 105.789101 59.043877 -116.297569
v 104.945107 59.011208 -114.967201
v 101.543144 58.354034 -116.259613
v 103.079315 58.387363 -118.735077
v 98.031822 56.099781 -117.596573
v 100.303123 56.126556 -121.233658
v 103.079315 58.387363 -118.735077
v 101.543144 58.354034 -116.259613
v 98.031822 56.099781 -117.596573
v 94.986267 52.064426 -118.759003
v 97.893631 52.074200 -123.402649
v 100.303123 56.126556 -121.233658
v 97.306229 49.127922 -123.931480
v 97.893631 52.074200 -123.402649
v 94.986267 52.064426 -118.759003
v 94.244987 49.135761 -119.042412
v 97.306229 49.127922 -123.931480
v 94.244987 49.135761 -119.042412
v 94.923965 46.879200 -118.783768
v 97.844971 46.855690 -123.446388
v 94.923965 46.879200 -118.783768
v 96.783585 45.845982 -118.087029
v 99.315971 45.821434 -122.124687
v 97.844971 46.855690 -123.446388
v 103.005066 45.802914 -115.931656
v 104.184853 45.820980 -117.787552
v 99.315971 45.821434 -122.124687
v 96.783585 45.845982 -118.087029
v 104.622940 59.011208 -113.976768
v 104.523941 59.043915 -112.404282
v 100.899193 58.387363 -112.025162
v 101.111237 58.353909 -114.930916
v 97.484848 56.099617 -115.913086
v 101.111237 58.353909 -114.930916
v 100.899193 58.387363 -112.025162
v 97.184525 56.126556 -111.635750
v 93.960342 52.074200 -111.297081
v 94.337784 52.064342 -116.762878
v 97.484848 56.099617 -115.913086
v 97.184525 56.126556 -111.635750
v 93.960342 52.074200 -111.297081
v 93.174515 49.127922 -111.214577
v 93.570938 49.135761 -116.969116
v 94.337784 52.064342 -116.762878
v 93.174515 49.127922 -111.214577
v 93.895164 46.855644 -111.290054
v 94.273018 46.879158 -116.779381
v 93.570938 49.135761 -116.969116
v 96.186661 45.845901 -116.249710
v 94.273018 46.879158 -116.779381
v 93.895164 46.855644 -111.290054
v 95.862015 45.821396 -111.495079
v 102.486954 45.802914 -114.336891
v 96.186661 45.845901 -116.249710
v 95.862015 45.821396 -111.495079
v 102.350418 45.820980 -112.141495
v 101.975456 58.387363 -108.712280
v 100.899193 58.387363 -112.025162
v 104.523941 59.043915 -112.404282
v 105.131157 59.043915 -110.536407
v 100.899193 58.387363 -112.025162
v 101.975456 58.387363 -108.712280
v 98.741356 56.126556 -106.844032
v 97.184525 56.126556 -111.635750
v 98.741356 56.126556 -106.844032
v 95.933792 52.074200 -105.222855
v 93.960342 52.074200 -111.297081
v 97.184525 56.126556 -111.635750
v 93.960342 52.074200 -111.297081
v 95.933792 52.074200 -105.222855
v 95.249443 49.127922 -104.827675
v 93.174515 49.127922 -111.214577
v 93.174515 49.127922 -111.214577
v 95.249443 49.127922 -104.827675
v 95.877281 46.855690 -105.190262
v 93.895164 46.855644 -111.290054
v 95.877281 46.855690 -105.190262
v 97.588799 45.821434 -106.180290
v 95.862015 45.821396 -111.495079
v 93.895164 46.855644 -111.290054
v 95.862015 45.821396 -111.495079
v 97.588799 45.821434 -106.180290
v 103.217934 45.820980 -109.470879
v 102.350418 45.820980 -112.141495
v 101.975456 58.387363 -108.712280
v 105.131157 59.043915 -110.536407
v 106.135201 59.011208 -109.322403
v 103.855255 58.354034 -106.486366
v 103.855255 58.354034 -106.486366
v 101.498581 56.099781 -103.560028
v 98.741356 56.126556 -106.844032
v 101.975456 58.387363 -108.712280
v 101.498581 56.099781 -103.560028
v 99.452103 52.064426 -101.022667
v 95.933792 52.074200 -105.222855
v 98.741356 56.126556 -106.844032
v 99.452103 52.064426 -101.022667
v 98.952972 49.135761 -100.405144
v 95.249443 49.127922 -104.827675
v 95.933792 52.074200 -105.222855
v 99.409203 46.879200 -100.971512
v 95.877281 46.855690 -105.190262
v 95.249443 49.127922 -104.827675
v 98.952972 49.135761 -100.405144
v 99.409203 46.879200 -100.971512
v 100.646324 45.845982 -102.524612
v 97.588799 45.821434 -106.180290
v 95.877281 46.855690 -105.190262
v 104.618813 45.802914 -107.775467
v 103.217934 45.820980 -109.470879
v 97.588799 45.821434 -106.180290
v 100.646324 45.845982 -102.524612
v 106.977966 59.011208 -108.710236
v 108.442795 59.043915 -108.130234
v 107.683357 58.387363 -104.565720
v 104.985130 58.353909 -105.665062
v 107.683357 58.387363 -104.565720
v 106.905769 56.126556 -100.912109
v 102.930412 56.099617 -102.519676
v 104.985130 58.353909 -105.665062
v 106.231331 52.074200 -97.741127
v 101.149605 52.064342 -99.789253
v 102.930412 56.099617 -102.519676
v 106.905769 56.126556 -100.912109
v 106.231331 52.074200 -97.741127
v 106.067139 49.127922 -96.968506
v 100.716873 49.135761 -99.123871
v 101.149605 52.064342 -99.789253
v 101.114113 46.879158 -99.732735
v 100.716873 49.135761 -99.123871
v 106.067139 49.127922 -96.968506
v 106.217712 46.855644 -97.677185
v 101.114113 46.879158 -99.732735
v 106.217712 46.855644 -97.677185
v 106.631042 45.821396 -99.611038
v 102.209335 45.845901 -101.388969
v 102.209335 45.845901 -101.388969
v 106.631042 45.821396 -99.611038
v 108.020805 45.820942 -105.981453
v 105.975563 45.802914 -106.789581
v 111.166618 58.387363 -104.565720
v 107.683357 58.387363 -104.565720
v 108.442795 59.043915 -108.130234
v 110.407173 59.043877 -108.130234
v 111.943771 56.126556 -100.912109
v 106.905769 56.126556 -100.912109
v 107.683357 58.387363 -104.565720
v 111.166618 58.387363 -104.565720
v 111.943771 56.126556 -100.912109
v 112.618240 52.074200 -97.741127
v 106.231331 52.074200 -97.741127
v 106.905769 56.126556 -100.912109
v 106.067139 49.127922 -96.968506
v 106.231331 52.074200 -97.741127
v 112.618240 52.074200 -97.741127
v 112.782417 49.127922 -96.968506
v 112.631851 46.855690 -97.677185
v 106.217712 46.855644 -97.677185
v 106.067139 49.127922 -96.968506
v 112.782417 49.127922 -96.968506
v 106.217712 46.855644 -97.677185
v 112.631851 46.855690 -97.677185
v 112.218918 45.821434 -99.611038
v 106.631042 45.821396 -99.611038
v 106.631042 45.821396 -99.611038
v 112.218918 45.821434 -99.611038
v 110.828766 45.820942 -105.981453
v 108.020805 45.820942 -105.981453
v 111.166618 58.387363 -104.565720
v 110.407173 59.043877 -108.130234
v 111.871582 59.011208 -108.710236
v 113.864441 58.354034 -105.665062
v 111.166618 58.387363 -104.565720
v 113.864441 58.354034 -105.665062
v 115.919151 56.099781 -102.519676
v 111.943771 56.126556 -100.912109
v 111.943771 56.126556 -100.912109
v 115.919151 56.099781 -102.519676
v 117.699966 52.064426 -99.789253
v 112.618240 52.074200 -97.741127
v 118.133102 49.135761 -99.123871
v 112.782417 49.127922 -96.968506
v 112.618240 52.074200 -97.741127
v 117.699966 52.064426 -99.789253
v 118.133102 49.135761 -99.123871
v 117.735443 46.879200 -99.732735
v 112.631851 46.855690 -97.677185
v 112.782417 49.127922 -96.968506
v 117.735443 46.879200 -99.732735
v 116.640633 45.845982 -101.388969
v 112.218918 45.821434 -99.611038
v 112.631851 46.855690 -97.677185
v 110.828766 45.820942 -105.981453
v 112.218918 45.821434 -99.611038
v 116.640633 45.845982 -101.388969
v 112.874413 45.802914 -106.789581
v 116.874123 58.387363 -108.712280
v 114.994720 58.353909 -106.486366
v 112.714348 59.011208 -109.322403
v 113.718819 59.043915 -110.536407
v 120.108620 56.126556 -106.844032
v 117.350975 56.099617 -103.560028
v 114.994720 58.353909 -106.486366
v 116.874123 58.387363 -108.712280
v 120.108620 56.126556 -106.844032
v 122.915756 52.074200 -105.222855
v 119.397873 52.064342 -101.022667
v 117.350975 56.099617 -103.560028
v 123.600113 49.127922 -104.827675
v 119.897003 49.135761 -100.405144
v 119.397873 52.064342 -101.022667
v 122.915756 52.074200 -105.222855
v 119.440773 46.879158 -100.971512
v 119.897003 49.135761 -100.405144
v 123.600113 49.127922 -104.827675
v 122.972694 46.855644 -105.190262
v 118.203651 45.845901 -102.524612
v 119.440773 46.879158 -100.971512
v 122.972694 46.855644 -105.190262
v 121.260773 45.821396 -106.180695
v 118.203651 45.845901 -102.524612
v 121.260773 45.821396 -106.180695
v 115.631638 45.820942 -109.470879
v 114.231163 45.802914 -107.775467
v 116.874123 58.387363 -108.712280
v 113.718819 59.043915 -110.536407
v 114.325630 59.043877 -112.404282
v 117.950768 58.387363 -112.025162
v 117.950768 58.387363 -112.025162
v 121.665443 56.126556 -111.635750
v 120.108620 56.126556 -106.844032
v 116.874123 58.387363 -108.712280
v 122.915756 52.074200 -105.222855
v 120.108620 56.126556 -106.844032
v 121.665443 56.126556 -111.635750
v 124.889618 52.074200 -111.297081
v 124.889618 52.074200 -111.297081
v 125.675461 49.127922 -111.214577
v 123.600113 49.127922 -104.827675
v 122.915756 52.074200 -105.222855
v 124.954811 46.855690 -111.290054
v 122.972694 46.855644 -105.190262
v 123.600113 49.127922 -104.827675
v 125.675461 49.127922 -111.214577
v 122.972694 46.855644 -105.190262
v 124.954811 46.855690 -111.290054
v 122.987541 45.821434 -111.495079
v 121.260773 45.821396 -106.180695
v 122.987541 45.821434 -111.495079
v 116.499557 45.820942 -112.141495
v 115.631638 45.820942 -109.470879
v 121.260773 45.821396 -106.180695
v 117.950768 58.387363 -112.025162
v 114.325630 59.043877 -112.404282
v 114.226616 59.011208 -113.976768
v 117.738335 58.354034 -114.930916
v 121.364723 56.099781 -115.913086
v 121.665443 56.126556 -111.635750
v 117.950768 58.387363 -112.025162
v 117.738335 58.354034 -114.930916
v 124.512177 52.064426 -116.762878
v 124.889618 52.074200 -111.297081
v 121.665443 56.126556 -111.635750
v 121.364723 56.099781 -115.913086
v 125.278625 49.135761 -116.969116
v 125.675461 49.127922 -111.214577
v 124.889618 52.074200 -111.297081
v 124.512177 52.064426 -116.762878
v 124.576942 46.879200 -116.779381
v 124.954811 46.855690 -111.290054
v 125.675461 49.127922 -111.214577
v 125.278625 49.135761 -116.969116
v 124.954811 46.855690 -111.290054
v 124.576942 46.879200 -116.779381
v 122.663300 45.845982 -116.249710
v 122.987541 45.821434 -111.495079
v 116.363022 45.802914 -114.336891
v 116.499557 45.820942 -112.141495
v 122.987541 45.821434 -111.495079
v 122.663300 45.845982 -116.249710
v 113.904854 59.011208 -114.967201
v 113.060860 59.043915 -116.297569
v 115.770233 58.387363 -118.735077
v 117.306847 58.353909 -116.259613
v 115.770233 58.387363 -118.735077
v 118.546852 56.126556 -121.233658
v 120.818138 56.099617 -117.596573
v 117.306847 58.353909 -116.259613
v 120.818138 56.099617 -117.596573
v 118.546852 56.126556 -121.233658
v 120.956345 52.074200 -123.402649
v 123.863708 52.064342 -118.758598
v 123.863708 52.064342 -118.758598
v 120.956345 52.074200 -123.402649
v 121.543343 49.127922 -123.931480
v 124.605003 49.135761 -119.042412
v 124.605003 49.135761 -119.042412
v 121.543343 49.127922 -123.931480
v 121.005005 46.855644 -123.446388
v 123.925583 46.879158 -118.783768
v 123.925583 46.879158 -118.783768
v 121.005005 46.855644 -123.446388
v 119.533989 45.821396 -122.124687
v 122.065987 45.845901 -118.087433
v 122.065987 45.845901 -118.087433
v 119.533989 45.821396 -122.124687
v 114.665123 45.820942 -117.787552
v 115.844910 45.802914 -115.931656
v 115.770233 58.387363 -118.735077
v 113.060860 59.043915 -116.297569
v 111.471870 59.043877 -117.452164
v 112.952377 58.387363 -120.782372
v 118.546852 56.126556 -121.233658
v 115.770233 58.387363 -118.735077
v 112.952377 58.387363 -120.782372
v 114.470833 56.126556 -124.195076
v 120.956345 52.074200 -123.402649
v 118.546852 56.126556 -121.233658
v 114.470833 56.126556 -124.195076
v 115.789223 52.074200 -127.156929
v 116.110565 49.127922 -127.878410
v 121.543343 49.127922 -123.931480
v 120.956345 52.074200 -123.402649
v 115.789223 52.074200 -127.156929
v 121.543343 49.127922 -123.931480
v 116.110565 49.127922 -127.878410
v 115.815613 46.855690 -127.216331
v 121.005005 46.855644 -123.446388
v 115.013275 45.821434 -125.409111
v 119.533989 45.821396 -122.124687
v 121.005005 46.855644 -123.446388
v 115.815613 46.855690 -127.216331
v 119.533989 45.821396 -122.124687
v 115.013275 45.821434 -125.409111
v 112.393417 45.820942 -119.438416
v 114.665123 45.820942 -117.787552
v 109.945572 59.011208 -117.843643
v 110.123375 58.354034 -121.478279
v 112.952377 58.387363 -120.782372
v 111.471870 59.043877 -117.452164
v 114.470833 56.126556 -124.195076
v 112.952377 58.387363 -120.782372
v 110.123375 58.354034 -121.478279
v 110.309822 56.099781 -125.230896
v 110.309822 56.099781 -125.230896
v 110.474419 52.064426 -128.486862
v 115.789223 52.074200 -127.156929
v 114.470833 56.126556 -124.195076
v 110.514839 49.135761 -129.279694
v 116.110565 49.127922 -127.878410
v 115.789223 52.074200 -127.156929
v 110.474419 52.064426 -128.486862
v 110.478958 46.879200 -128.553665
v 115.815613 46.855690 -127.216331
v 116.110565 49.127922 -127.878410
v 110.514839 49.135761 -129.279694
v 115.815613 46.855690 -127.216331
v 110.478958 46.879200 -128.553665
v 110.391090 45.845982 -126.569923
v 115.013275 45.821434 -125.409111
v 115.013275 45.821434 -125.409111
v 110.391090 45.845982 -126.569923
v 110.263222 45.802914 -119.986656
v 112.393417 45.820942 -119.438416
v 109.248444 58.921486 -117.803215
v 109.256264 58.274086 -121.326897
v 109.424988 58.221699 -121.169304
v 109.424988 58.862000 -117.747116
v 108.726601 58.353909 -121.478683
v 109.256264 58.274086 -121.326897
v 109.248444 58.921486 -117.803215
v 108.903984 59.011208 -117.843643
v 109.261223 56.048096 -125.055580
v 109.424583 56.014931 -124.855515
v 109.424988 58.221699 -121.169304
v 109.256264 58.274086 -121.326897
v 108.539734 56.099617 -125.230896
v 109.261223 56.048096 -125.055580
v 109.256264 58.274086 -121.326897
v 108.726601 58.353909 -121.478683
v 109.264107 52.059929 -128.292557
v 109.424583 52.057987 -128.056595
v 109.424583 56.014931 -124.855515
v 109.261223 56.048096 -125.055580
v 108.539734 56.099617 -125.230896
v 108.375565 52.064342 -128.486862
v 109.264107 52.059929 -128.292557
v 109.261223 56.048096 -125.055580
v 109.424988 49.174290 -128.838715
v 109.424583 52.057987 -128.056595
v 109.264107 52.059929 -128.292557
v 109.264107 49.158901 -129.082535
v 109.264107 52.059929 -128.292557
v 108.375565 52.064342 -128.486862
v 108.334724 49.135761 -129.279694
v 109.264107 49.158901 -129.082535
v 109.264107 49.158901 -129.082535
v 109.263283 46.919296 -128.355270
v 109.424988 46.944874 -128.115189
v 109.424988 49.174290 -128.838715
v 109.263283 46.919296 -128.355270
v 109.264107 49.158901 -129.082535
v 108.334724 49.135761 -129.279694
v 108.371017 46.879158 -128.553665
v 109.253380 45.903030 -126.382233
v 109.424988 45.940449 -126.163185
v 109.424988 46.944874 -128.115189
v 109.263283 46.919296 -128.355270
v 109.253380 45.903030 -126.382233
v 109.263283 46.919296 -128.355270
v 108.371017 46.879158 -128.553665
v 108.458885 45.845901 -126.569519
v 109.253380 45.903030 -126.382233
v 109.111893 45.746483 -119.922699
v 109.424988 45.708778 -119.838966
v 109.424988 45.940449 -126.163185
v 109.111893 45.746483 -119.922699
v 109.253380 45.903030 -126.382233
v 108.458885 45.845901 -126.569519
v 108.586349 45.802914 -119.986656
v 101.523735 58.274174 -115.708893
v 104.877037 58.921440 -114.627701
v 104.876213 58.862000 -114.442078
v 101.621094 58.221699 -115.499344
v 104.877037 58.921440 -114.627701
v 101.523735 58.274174 -115.708893
v 101.543144 58.354034 -116.259613
v 104.945107 59.011208 -114.967201
v 101.523735 58.274174 -115.708893
v 97.975731 56.048222 -116.856094
v 98.031822 56.099781 -117.596573
v 101.543144 58.354034 -116.259613
v 97.975731 56.048222 -116.856094
v 101.523735 58.274174 -115.708893
v 101.621094 58.221699 -115.499344
v 98.115578 56.014931 -116.638710
v 97.975731 56.048222 -116.856094
v 94.896332 52.059971 -117.853981
v 94.986267 52.064426 -118.759003
v 98.031822 56.099781 -117.596573
v 94.896332 52.059971 -117.853981
v 97.975731 56.048222 -116.856094
v 98.115578 56.014931 -116.638710
v 95.071243 52.057987 -117.627907
v 94.896332 52.059971 -117.853981
v 94.145142 49.158855 -118.097763
v 94.244987 49.135761 -119.042412
v 94.986267 52.064426 -118.759003
v 94.327477 49.174290 -117.869644
v 94.145142 49.158855 -118.097763
v 94.896332 52.059971 -117.853981
v 95.071243 52.057987 -117.627907
v 94.244987 49.135761 -119.042412
v 94.145142 49.158855 -118.097763
v 94.836929 46.919334 -117.874168
v 94.923965 46.879200 -118.783768
v 95.015144 46.944874 -117.646049
v 94.836929 46.919334 -117.874168
v 94.145142 49.158855 -118.097763
v 94.327477 49.174290 -117.869644
v 94.923965 46.879200 -118.783768
v 94.836929 46.919334 -117.874168
v 96.716751 45.903076 -117.273972
v 96.783585 45.845982 -118.087029
v 96.871841 45.940449 -117.042946
v 96.716751 45.903076 -117.273972
v 94.836929 46.919334 -117.874168
v 95.015144 46.944874 -117.646049
v 96.716751 45.903076 -117.273972
v 102.903587 45.746483 -115.411896
v 103.005066 45.802914 -115.931656
v 96.783585 45.845982 -118.087029
v 102.886269 45.708778 -115.088486
v 102.903587 45.746483 -115.411896
v 96.716751 45.903076 -117.273972
v 96.871841 45.940449 -117.042946
v 104.372963 58.274174 -106.297867
v 106.437584 58.921440 -109.152855
v 106.613724 58.861961 -109.094688
v 104.602310 58.221699 -106.325912
v 103.855255 58.354034 -106.486366
v 106.135201 59.011208 -109.322403
v 106.437584 58.921440 -109.152855
v 104.372963 58.274174 -106.297867
v 102.185417 56.048222 -103.277870
v 101.498581 56.099781 -103.560028
v 103.855255 58.354034 -106.486366
v 104.372963 58.274174 -106.297867
v 104.372963 58.274174 -106.297867
v 104.602310 58.221699 -106.325912
v 102.435394 56.014931 -103.343857
v 102.185417 56.048222 -103.277870
v 101.498581 56.099781 -103.560028
v 102.185417 56.048222 -103.277870
v 100.284981 52.059971 -100.657593
v 99.452103 52.064426 -101.022667
v 102.185417 56.048222 -103.277870
v 102.435394 56.014931 -103.343857
v 100.553932 52.057987 -100.754120
v 100.284981 52.059971 -100.657593
v 99.820892 49.158855 -100.018600
v 98.952972 49.135761 -100.405144
v 99.452103 52.064426 -101.022667
v 100.284981 52.059971 -100.657593
v 100.284981 52.059971 -100.657593
v 100.553932 52.057987 -100.754120
v 100.093979 49.174290 -100.121315
v 99.820892 49.158855 -100.018600
v 99.820892 49.158855 -100.018600
v 100.247429 46.919334 -100.607674
v 99.409203 46.879200 -100.971512
v 98.952972 49.135761 -100.405144
v 99.820892 49.158855 -100.018600
v 100.093979 49.174290 -100.121315
v 100.519264 46.944874 -100.706680
v 100.247429 46.919334 -100.607674
v 100.646324 45.845982 -102.524612
v 99.409203 46.879200 -100.971512
v 100.247429 46.919334 -100.607674
v 101.399162 45.903076 -102.209457
v 101.399162 45.903076 -102.209457
v 100.247429 46.919334 -100.607674
v 100.519264 46.944874 -100.706680
v 101.666458 45.940449 -102.285767
v 101.399162 45.903076 -102.209457
v 105.081642 45.746483 -107.518059
v 104.618813 45.802914 -107.775467
v 100.646324 45.845982 -102.524612
v 101.399162 45.903076 -102.209457
v 101.666458 45.940449 -102.285767
v 105.384026 45.708778 -107.402161
v 105.081642 45.746483 -107.518059
v 112.236267 58.862000 -109.094688
v 114.248070 58.221699 -106.325912
v 114.203926 58.274174 -106.099434
v 112.126526 58.921440 -108.944954
v 113.864441 58.354034 -105.665062
v 111.871582 59.011208 -108.710236
v 112.126526 58.921440 -108.944954
v 114.203926 58.274174 -106.099434
v 115.919151 56.099781 -102.519676
v 113.864441 58.354034 -105.665062
v 114.203926 58.274174 -106.099434
v 116.399727 56.048222 -103.085632
v 116.414581 56.014931 -103.343857
v 116.399727 56.048222 -103.085632
v 114.203926 58.274174 -106.099434
v 114.248070 58.221699 -106.325912
v 117.699966 52.064426 -99.789253
v 115.919151 56.099781 -102.519676
v 116.399727 56.048222 -103.085632
v 118.304710 52.059971 -100.468239
v 118.296043 52.057987 -100.754120
v 118.304710 52.059971 -100.468239
v 116.399727 56.048222 -103.085632
v 116.414581 56.014931 -103.343857
v 118.304710 52.059971 -100.468239
v 118.769203 49.158855 -99.829674
v 118.133102 49.135761 -99.123871
v 117.699966 52.064426 -99.789253
v 118.296043 52.057987 -100.754120
v 118.755577 49.174290 -100.121315
v 118.769203 49.158855 -99.829674
v 118.304710 52.059971 -100.468239
v 118.133102 49.135761 -99.123871
v 118.769203 49.158855 -99.829674
v 118.340599 46.919334 -100.417496
v 117.735443 46.879200 -99.732735
v 118.330284 46.944874 -100.706261
v 118.340599 46.919334 -100.417496
v 118.769203 49.158855 -99.829674
v 118.755577 49.174290 -100.121315
v 117.172775 45.903076 -102.007744
v 116.640633 45.845982 -101.388969
v 117.735443 46.879200 -99.732735
v 118.340599 46.919334 -100.417496
v 118.340599 46.919334 -100.417496
v 118.330284 46.944874 -100.706261
v 117.183083 45.940449 -102.285767
v 117.172775 45.903076 -102.007744
v 112.874413 45.802914 -106.789581
v 116.640633 45.845982 -101.388969
v 117.172775 45.903076 -102.007744
v 113.262161 45.746483 -107.150513
v 117.172775 45.903076 -102.007744
v 117.183083 45.940449 -102.285767
v 113.465950 45.708778 -107.402161
v 113.262161 45.746483 -107.150513
v 117.228462 58.221699 -115.499748
v 117.430595 58.274174 -115.387962
v 114.081833 58.921440 -114.291504
v 113.973747 58.861961 -114.442078
v 117.738335 58.354034 -114.930916
v 114.226616 59.011208 -113.976768
v 114.081833 58.921440 -114.291504
v 117.430595 58.274174 -115.387962
v 121.364723 56.099781 -115.913086
v 117.738335 58.354034 -114.930916
v 117.430595 58.274174 -115.387962
v 120.975304 56.048222 -116.545067
v 120.975304 56.048222 -116.545067
v 117.430595 58.274174 -115.387962
v 117.228462 58.221699 -115.499748
v 120.733994 56.014931 -116.638710
v 124.053055 52.059971 -117.547882
v 124.512177 52.064426 -116.762878
v 121.364723 56.099781 -115.913086
v 120.975304 56.048222 -116.545067
v 120.733994 56.014931 -116.638710
v 123.778732 52.057987 -117.627907
v 124.053055 52.059971 -117.547882
v 120.975304 56.048222 -116.545067
v 124.512177 52.064426 -116.762878
v 124.053055 52.059971 -117.547882
v 124.804230 49.158855 -117.792068
v 125.278625 49.135761 -116.969116
v 124.522499 49.174290 -117.869644
v 124.804230 49.158855 -117.792068
v 124.053055 52.059971 -117.547882
v 123.778732 52.057987 -117.627907
v 124.804230 49.158855 -117.792068
v 124.112869 46.919334 -117.566452
v 124.576942 46.879200 -116.779381
v 125.278625 49.135761 -116.969116
v 124.804230 49.158855 -117.792068
v 124.522499 49.174290 -117.869644
v 123.834831 46.944874 -117.646049
v 124.112869 46.919334 -117.566452
v 122.663300 45.845982 -116.249710
v 124.576942 46.879200 -116.779381
v 124.112869 46.919334 -117.566452
v 122.239243 45.903076 -116.947258
v 121.978119 45.940449 -117.042946
v 122.239243 45.903076 -116.947258
v 124.112869 46.919334 -117.566452
v 123.834831 46.944874 -117.646049
v 116.363022 45.802914 -114.336891
v 122.663300 45.845982 -116.249710
v 122.239243 45.903076 -116.947258
v 116.139839 45.746483 -114.817055
v 122.239243 45.903076 -116.947258
v 121.978119 45.940449 -117.042946
v 115.963295 45.708778 -115.088486
v 116.139839 45.746483 -114.817055
v 110.123375 58.354034 -121.478279
v 109.945572 59.011208 -117.843643
v 109.601540 58.921440 -117.803642
v 109.593704 58.274174 -121.326897
v 109.593704 58.274174 -121.326897
v 109.601540 58.921440 -117.803642
v 109.424988 58.862000 -117.747116
v 109.424988 58.221699 -121.169304
v 109.593704 58.274174 -121.326897
v 109.588348 56.048222 -125.055580
v 110.309822 56.099781 -125.230896
v 110.123375 58.354034 -121.478279
v 109.593704 58.274174 -121.326897
v 109.424988 58.221699 -121.169304
v 109.424583 56.014931 -124.855515
v 109.588348 56.048222 -125.055580
v 109.585854 52.059971 -128.292557
v 110.474419 52.064426 -128.486862
v 110.309822 56.099781 -125.230896
v 109.588348 56.048222 -125.055580
v 109.424583 52.057987 -128.056595
v 109.585854 52.059971 -128.292557
v 109.588348 56.048222 -125.055580
v 109.424583 56.014931 -124.855515
v 110.514839 49.135761 -129.279694
v 110.474419 52.064426 -128.486862
v 109.585854 52.059971 -128.292557
v 109.585449 49.158855 -129.082535
v 109.424988 49.174290 -128.838715
v 109.585449 49.158855 -129.082535
v 109.585854 52.059971 -128.292557
v 109.424583 52.057987 -128.056595
v 109.585449 49.158855 -129.082535
v 109.586693 46.919334 -128.355270
v 110.478958 46.879200 -128.553665
v 110.514839 49.135761 -129.279694
v 109.585449 49.158855 -129.082535
v 109.424988 49.174290 -128.838715
v 109.424988 46.944874 -128.115189
v 109.586693 46.919334 -128.355270
v 110.391090 45.845982 -126.569923
v 110.478958 46.879200 -128.553665
v 109.586693 46.919334 -128.355270
v 109.596596 45.903076 -126.382233
v 109.596596 45.903076 -126.382233
v 109.586693 46.919334 -128.355270
v 109.424988 46.944874 -128.115189
v 109.424988 45.940449 -126.163185
v 110.391090 45.845982 -126.569923
v 109.596596 45.903076 -126.382233
v 109.737671 45.746483 -119.922699
v 110.263222 45.802914 -119.986656
v 109.737671 45.746483 -119.922699
v 109.596596 45.903076 -126.382233
v 109.424988 45.940449 -126.163185
v 109.424988 45.708778 -119.838966
v 101.419380 58.274086 -115.387558
v 104.767738 58.921486 -114.291504
v 104.622940 59.011208 -113.976768
v 101.111237 58.353909 -114.930916
v 104.767738 58.921486 -114.291504
v 101.419380 58.274086 -115.387558
v 101.621094 58.221699 -115.499344
v 104.876213 58.862000 -114.442078
v 101.419380 58.274086 -115.387558
v 97.874672 56.048096 -116.544662
v 98.115578 56.014931 -116.638710
v 101.621094 58.221699 -115.499344
v 97.874672 56.048096 -116.544662
v 101.419380 58.274086 -115.387558
v 101.111237 58.353909 -114.930916
v 97.484848 56.099617 -115.913086
v 94.796921 52.059929 -117.547882
v 95.071243 52.057987 -117.627907
v 98.115578 56.014931 -116.638710
v 97.874672 56.048096 -116.544662
v 94.337784 52.064342 -116.762878
v 94.796921 52.059929 -117.547882
v 97.874672 56.048096 -116.544662
v 97.484848 56.099617 -115.913086
v 94.327477 49.174290 -117.869644
v 95.071243 52.057987 -117.627907
v 94.796921 52.059929 -117.547882
v 94.045738 49.158901 -117.792068
v 94.796921 52.059929 -117.547882
v 94.337784 52.064342 -116.762878
v 93.570938 49.135761 -116.969116
v 94.045738 49.158901 -117.792068
v 94.045738 49.158901 -117.792068
v 94.737106 46.919296 -117.566452
v 95.015144 46.944874 -117.646049
v 94.327477 49.174290 -117.869644
v 94.737106 46.919296 -117.566452
v 94.045738 49.158901 -117.792068
v 93.570938 49.135761 -116.969116
v 94.273018 46.879158 -116.779381
v 94.737106 46.919296 -117.566452
v 96.610725 45.903030 -116.947258
v 96.871841 45.940449 -117.042946
v 95.015144 46.944874 -117.646049
v 96.610725 45.903030 -116.947258
v 94.737106 46.919296 -117.566452
v 94.273018 46.879158 -116.779381
v 96.186661 45.845901 -116.249710
v 96.610725 45.903030 -116.947258
v 102.710121 45.746483 -114.817055
v 102.886269 45.708778 -115.088486
v 96.871841 45.940449 -117.042946
v 102.710121 45.746483 -114.817055
v 96.610725 45.903030 -116.947258
v 96.186661 45.845901 -116.249710
v 102.486954 45.802914 -114.336891
v 104.646034 58.274086 -106.099434
v 106.723450 58.921486 -108.945358
v 106.977966 59.011208 -108.710236
v 104.985130 58.353909 -105.665062
v 104.646034 58.274086 -106.099434
v 104.602310 58.221699 -106.325912
v 106.613724 58.861961 -109.094688
v 106.723450 58.921486 -108.945358
v 104.602310 58.221699 -106.325912
v 104.646034 58.274086 -106.099434
v 102.450241 56.048096 -103.085632
v 102.435394 56.014931 -103.343857
v 102.450241 56.048096 -103.085632
v 104.646034 58.274086 -106.099434
v 104.985130 58.353909 -105.665062
v 102.930412 56.099617 -102.519676
v 102.450241 56.048096 -103.085632
v 100.545258 52.059929 -100.468239
v 100.553932 52.057987 -100.754120
v 102.435394 56.014931 -103.343857
v 100.545258 52.059929 -100.468239
v 102.450241 56.048096 -103.085632
v 102.930412 56.099617 -102.519676
v 101.149605 52.064342 -99.789253
v 100.545258 52.059929 -100.468239
v 100.080772 49.158901 -99.829674
v 100.093979 49.174290 -100.121315
v 100.553932 52.057987 -100.754120
v 100.080772 49.158901 -99.829674
v 100.545258 52.059929 -100.468239
v 101.149605 52.064342 -99.789253
v 100.716873 49.135761 -99.123871
v 100.080772 49.158901 -99.829674
v 100.508972 46.919296 -100.417496
v 100.519264 46.944874 -100.706680
v 100.093979 49.174290 -100.121315
v 100.508972 46.919296 -100.417496
v 100.080772 49.158901 -99.829674
v 100.716873 49.135761 -99.123871
v 101.114113 46.879158 -99.732735
v 100.508972 46.919296 -100.417496
v 101.676781 45.903030 -102.007744
v 101.666458 45.940449 -102.285767
v 100.519264 46.944874 -100.706680
v 101.676781 45.903030 -102.007744
v 100.508972 46.919296 -100.417496
v 101.114113 46.879158 -99.732735
v 102.209335 45.845901 -101.388969
v 105.587799 45.746483 -107.150513
v 105.384026 45.708778 -107.402161
v 101.666458 45.940449 -102.285767
v 101.676781 45.903030 -102.007744
v 101.676781 45.903030 -102.007744
v 102.209335 45.845901 -101.388969
v 105.975563 45.802914 -106.789581
v 105.587799 45.746483 -107.150513
v 112.412392 58.921486 -109.152855
v 112.714348 59.011208 -109.322403
v 114.994720 58.353909 -106.486366
v 114.477013 58.274086 -106.297867
v 114.248070 58.221699 -106.325912
v 112.236267 58.862000 -109.094688
v 112.412392 58.921486 -109.152855
v 114.477013 58.274086 -106.297867
v 116.414581 56.014931 -103.343857
v 114.248070 58.221699 -106.325912
v 114.477013 58.274086 -106.297867
v 116.664558 56.048096 -103.277870
v 114.994720 58.353909 -106.486366
v 117.350975 56.099617 -103.560028
v 116.664558 56.048096 -103.277870
v 114.477013 58.274086 -106.297867
v 118.296043 52.057987 -100.754120
v 116.414581 56.014931 -103.343857
v 116.664558 56.048096 -103.277870
v 118.565010 52.059929 -100.657593
v 117.350975 56.099617 -103.560028
v 119.397873 52.064342 -101.022667
v 118.565010 52.059929 -100.657593
v 116.664558 56.048096 -103.277870
v 119.029068 49.158901 -100.018600
v 118.755577 49.174290 -100.121315
v 118.296043 52.057987 -100.754120
v 118.565010 52.059929 -100.657593
v 119.397873 52.064342 -101.022667
v 119.897003 49.135761 -100.405144
v 119.029068 49.158901 -100.018600
v 118.565010 52.059929 -100.657593
v 118.330284 46.944874 -100.706261
v 118.755577 49.174290 -100.121315
v 119.029068 49.158901 -100.018600
v 118.602142 46.919296 -100.607262
v 119.440773 46.879158 -100.971512
v 118.602142 46.919296 -100.607262
v 119.029068 49.158901 -100.018600
v 119.897003 49.135761 -100.405144
v 117.450813 45.902988 -102.209862
v 117.183083 45.940449 -102.285767
v 118.330284 46.944874 -100.706261
v 118.602142 46.919296 -100.607262
v 117.450813 45.902988 -102.209862
v 118.602142 46.919296 -100.607262
v 119.440773 46.879158 -100.971512
v 118.203651 45.845901 -102.524612
v 113.465950 45.708778 -107.402161
v 117.183083 45.940449 -102.285767
v 117.450813 45.902988 -102.209862
v 113.768318 45.746483 -107.518059
v 118.203651 45.845901 -102.524612
v 114.231163 45.802914 -107.775467
v 113.768318 45.746483 -107.518059
v 117.450813 45.902988 -102.209862
v 113.972923 58.921486 -114.627296
v 113.904854 59.011208 -114.967201
v 117.306847 58.353909 -116.259613
v 117.326241 58.274086 -115.708893
v 117.228462 58.221699 -115.499748
v 113.973747 58.861961 -114.442078
v 113.972923 58.921486 -114.627296
v 117.326241 58.274086 -115.708893
v 117.228462 58.221699 -115.499748
v 117.326241 58.274086 -115.708893
v 120.874229 56.048096 -116.856522
v 120.733994 56.014931 -116.638710
v 117.306847 58.353909 -116.259613
v 120.818138 56.099617 -117.596573
v 120.874229 56.048096 -116.856522
v 117.326241 58.274086 -115.708893
v 123.953644 52.059929 -117.853981
v 123.778732 52.057987 -117.627907
v 120.733994 56.014931 -116.638710
v 120.874229 56.048096 -116.856522
v 120.818138 56.099617 -117.596573
v 123.863708 52.064342 -118.758598
v 123.953644 52.059929 -117.853981
v 120.874229 56.048096 -116.856522
v 123.953644 52.059929 -117.853981
v 124.704826 49.158901 -118.097763
v 124.522499 49.174290 -117.869644
v 123.778732 52.057987 -117.627907
v 124.704826 49.158901 -118.097763
v 123.953644 52.059929 -117.853981
v 123.863708 52.064342 -118.758598
v 124.605003 49.135761 -119.042412
v 123.834831 46.944874 -117.646049
v 124.522499 49.174290 -117.869644
v 124.704826 49.158901 -118.097763
v 124.012627 46.919296 -117.873764
v 124.605003 49.135761 -119.042412
v 123.925583 46.879158 -118.783768
v 124.012627 46.919296 -117.873764
v 124.704826 49.158901 -118.097763
v 121.978119 45.940449 -117.042946
v 123.834831 46.944874 -117.646049
v 124.012627 46.919296 -117.873764
v 122.133224 45.902988 -117.273972
v 124.012627 46.919296 -117.873764
v 123.925583 46.879158 -118.783768
v 122.065987 45.845901 -118.087433
v 122.133224 45.902988 -117.273972
v 115.963295 45.708778 -115.088486
v 121.978119 45.940449 -117.042946
v 122.133224 45.902988 -117.273972
v 115.946373 45.746483 -115.411896
v 122.133224 45.902988 -117.273972
v 122.065987 45.845901 -118.087433
v 115.844910 45.802914 -115.931656
v 115.946373 45.746483 -115.411896
vn -0.2048 0.2349 0.9502
vn -0.0000 0.3183 0.9480
vn -0.0000 0.7194 0.6945
vn -0.1375 0.6681 0.7313
vn -0.2323 0.0315 0.9721
vn -0.0000 0.0427 0.9991
vn -0.2440 -0.2731 0.9305
vn -0.0000 -0.3302 0.9439
vn -0.0000 -0.8520 0.5236
vn -0.0439 -0.8490 0.5266
vn -0.0000 0.9683 0.2497
vn -0.0699 0.9636 0.2582
vn -0.6795 -0.2086 0.7033
vn -0.3943 -0.7968 0.4578
vn -0.6712 0.0263 0.7408
vn -0.6781 0.1727 0.7144
vn -0.5425 0.5925 0.5955
vn -0.2268 0.9395 0.2566
vn -0.0349 0.9991 0.0243
vn -0.2807 0.9571 0.0724
vn -0.2268 0.9395 0.2565
vn -0.0000 0.9988 0.0483
vn -0.7017 0.6949 0.1572
vn -0.9393 0.2375 0.2475
vn -0.9580 0.0196 0.2862
vn -0.6796 -0.2086 0.7033
vn -0.9179 -0.2795 0.2817
vn -0.3944 -0.7968 0.4577
vn -0.4678 -0.8802 0.0798
vn -0.0162 -0.9979 0.0630
vn -0.0000 -0.9913 0.1318
vn -0.3327 0.9430 -0.0011
vn -0.7258 0.6879 -0.0008
vn -0.9398 0.3417 0.0004
vn -0.9995 0.0304 0.0017
vn -0.9268 -0.3754 0.0028
vn -0.4492 -0.8934 0.0009
vn -0.0512 -0.9987 0.0001
vn -0.9099 -0.3400 -0.2376
vn -0.4867 -0.8648 -0.1232
vn -0.9723 0.0392 -0.2305
vn -0.9163 0.3300 -0.2271
vn -0.7183 0.6868 -0.1113
vn -0.0853 0.9964 -0.0005
vn -0.4208 0.9069 -0.0233
vn -0.3087 0.9434 -0.1214
vn -0.5596 0.7439 -0.3654
vn -0.7147 0.3505 -0.6053
vn -0.7358 0.0739 -0.6731
vn -0.7211 -0.1774 -0.6698
vn -0.3854 -0.8155 -0.4319
vn -0.0576 0.9977 -0.0346
vn -0.3087 0.9434 -0.1215
vn -0.1090 0.9532 -0.2820
vn -0.2103 0.7756 -0.5952
vn -0.5595 0.7439 -0.3654
vn -0.3085 0.4028 -0.8617
vn -0.0000 0.4081 -0.9129
vn -0.0000 0.7574 -0.6530
vn -0.2911 0.0651 -0.9545
vn -0.7357 0.0739 -0.6732
vn -0.0000 0.0454 -0.9990
vn -0.7210 -0.1774 -0.6699
vn -0.2701 -0.2946 -0.9167
vn -0.0000 -0.3754 -0.9269
vn -0.3853 -0.8154 -0.4319
vn -0.0942 -0.8249 -0.5573
vn -0.0000 -0.8751 -0.4839
vn -0.0194 -0.9964 -0.0831
vn -0.0194 -0.9964 -0.0830
vn -0.0000 -0.9894 -0.1455
vn -0.0000 0.9973 -0.0741
vn -0.0000 0.9536 -0.3010
vn 0.2048 0.2349 0.9502
vn 0.1375 0.6681 0.7313
vn 0.2323 0.0315 0.9721
vn 0.2440 -0.2732 0.9305
vn 0.0439 -0.8490 0.5266
vn 0.0699 0.9636 0.2582
vn 0.6795 -0.2086 0.7034
vn 0.3943 -0.7968 0.4578
vn 0.6712 0.0263 0.7408
vn 0.6781 0.1727 0.7144
vn 0.5425 0.5925 0.5955
vn 0.2268 0.9396 0.2565
vn 0.0349 0.9991 0.0243
vn 0.2807 0.9571 0.0724
vn 0.2268 0.9395 0.2566
vn 0.5425 0.5926 0.5955
vn 0.7017 0.6949 0.1572
vn 0.9393 0.2376 0.2475
vn 0.9580 0.0196 0.2862
vn 0.6796 -0.2086 0.7033
vn 0.9179 -0.2794 0.2817
vn 0.3944 -0.7968 0.4577
vn 0.4679 -0.8802 0.0798
vn 0.0162 -0.9979 0.0630
vn 0.7259 0.6878 -0.0008
vn 0.3327 0.9430 -0.0012
vn 0.9398 0.3418 0.0004
vn 0.9995 0.0304 0.0017
vn 0.9269 -0.3754 0.0028
vn 0.4492 -0.8934 0.0009
vn 0.0512 -0.9987 0.0001
vn 0.9099 -0.3400 -0.2376
vn 0.4867 -0.8648 -0.1232
vn 0.9723 0.0392 -0.2305
vn 0.9163 0.3300 -0.2270
vn 0.7183 0.6868 -0.1113
vn 0.0853 0.9964 -0.0005
vn 0.4208 0.9068 -0.0233
vn 0.5596 0.7439 -0.3654
vn 0.3087 0.9434 -0.1215
vn 0.7147 0.3505 -0.6052
vn 0.7358 0.0739 -0.6731
vn 0.7210 -0.1774 -0.6698
vn 0.3854 -0.8155 -0.4319
vn 0.0576 0.9977 -0.0346
vn 0.2103 0.7756 -0.5952
vn 0.1090 0.9532 -0.2820
vn 0.5595 0.7439 -0.3654
vn 0.7147 0.3505 -0.6053
vn 0.3085 0.4028 -0.8618
vn 0.7357 0.0739 -0.6732
vn 0.2911 0.0651 -0.9545
vn 0.2700 -0.2946 -0.9167
vn 0.3853 -0.8154 -0.4320
vn 0.0942 -0.8249 -0.5573
vn 0.0194 -0.9964 -0.0831
vn 0.0194 -0.9964 -0.0830
vn 1.0000 0.0006 -0.0000
vn -0.0006 0.0007 -1.0000
vn -0.0000 0.0006 -1.0000
vn -0.0000 0.0008 1.0000
vn -1.0000 0.0005 -0.0000
vn -1.0000 0.0006 -0.0000
vn 0.0002 0.0006 1.0000
vn 0.0003 0.0007 1.0000
vn -0.0000 0.0007 -1.0000
vn -1.0000 -0.0006 -0.0000
vn 0.0006 -0.0007 1.0000
vn -0.0000 -0.0006 1.0000
vn -0.0000 -0.0008 -1.0000
vn 1.0000 -0.0005 -0.0000
vn 1.0000 -0.0006 -0.0000
vn -0.0002 -0.0006 -1.0000
vn -0.0003 -0.0007 -1.0000
vn -0.0000 -0.0007 1.0000
vn -1.0000 -0.0007 -0.0000
vn 0.0004 -0.0007 1.0000
vn -0.0000 -0.0007 -1.0000
vn 1.0000 -0.0007 -0.0000
vn -0.0005 -0.0008 -1.0000
vn -0.0000 -0.0006 -1.0000
vn 1.0000 -0.0007 -0.0004
vn 1.0000 -0.0008 -0.0004
vn -1.0000 -0.0008 -0.0000
vn 0.5000 -0.0000 -0.8660
vn -0.0000 -0.0000 -1.0000
vn -0.0000 -0.0528 -0.9986
vn 0.5043 -0.0456 -0.8623
vn 0.8700 -0.0260 -0.4923
vn 0.8660 -0.0000 -0.5000
vn 1.0000 0.0005 0.0087
vn 1.0000 -0.0000 -0.0000
vn 0.8625 0.0267 0.5053
vn 0.8660 -0.0000 0.5000
vn 0.4967 0.0458 0.8667
vn 0.5000 -0.0000 0.8660
vn 0.0001 -0.0000 1.0000
vn 0.0001 0.0528 0.9986
vn -0.4967 0.0458 0.8667
vn -0.5000 -0.0000 0.8660
vn -0.0001 -0.0000 1.0000
vn -0.0001 0.0528 0.9986
vn -0.8660 -0.0000 0.5000
vn -0.8625 0.0267 0.5053
vn -1.0000 -0.0000 -0.0000
vn -1.0000 0.0005 0.0087
vn -0.8700 -0.0260 -0.4923
vn -0.8660 -0.0000 -0.5000
vn -0.5043 -0.0456 -0.8623
vn -0.5000 -0.0000 -0.8660
vn -0.0000 -0.1950 -0.9808
vn 0.5078 -0.1680 -0.8449
vn 0.8733 -0.0950 -0.4779
vn 0.9999 0.0029 0.0146
vn 0.8604 0.0994 0.4999
vn 0.4948 0.1695 0.8523
vn -0.0000 0.1950 0.9808
vn -0.4948 0.1695 0.8523
vn -0.8604 0.0994 0.4998
vn -0.9999 0.0029 0.0146
vn -0.8733 -0.0950 -0.4778
vn -0.5078 -0.1680 -0.8449
vn 0.5090 -0.3263 -0.7965
vn -0.0000 -0.3792 -0.9253
vn 0.8741 -0.1842 -0.4494
vn 0.9999 0.0064 0.0156
vn 0.8598 0.1936 0.4724
vn 0.4945 0.3296 0.8043
vn -0.0000 0.3792 0.9253
vn -0.4942 0.3296 0.8045
vn -0.8598 0.1936 0.4725
vn -0.9999 0.0064 0.0156
vn -0.8741 -0.1842 -0.4494
vn -0.5090 -0.3263 -0.7965
vn -0.0000 -0.5739 -0.8189
vn 0.5109 -0.4934 -0.7039
vn 0.8759 -0.2770 -0.3951
vn 0.9998 0.0113 0.0161
vn 0.8590 0.2939 0.4192
vn 0.4937 0.4991 0.7122
vn 0.0001 0.5739 0.8189
vn -0.0001 0.5739 0.8189
vn -0.4937 0.4991 0.7121
vn -0.8588 0.2940 0.4195
vn -0.9998 0.0113 0.0162
vn -0.8759 -0.2770 -0.3952
vn -0.5109 -0.4934 -0.7040
vn -0.0000 -0.7649 -0.6441
vn 0.5135 -0.6564 -0.5528
vn 0.8775 -0.3668 -0.3088
vn 0.9997 0.0174 0.0146
vn 0.8580 0.3928 0.3308
vn 0.4935 0.6653 0.5603
vn -0.0000 0.7649 0.6442
vn -0.0001 0.7649 0.6442
vn -0.4935 0.6653 0.5602
vn -0.8580 0.3928 0.3308
vn -0.9997 0.0174 0.0146
vn -0.8775 -0.3668 -0.3089
vn -0.5132 -0.6565 -0.5529
vn 0.5143 -0.7850 -0.3455
vn -0.0000 -0.9152 -0.4029
vn 0.8784 -0.4374 -0.1926
vn 0.9997 0.0218 0.0096
vn 0.8576 0.4707 0.2072
vn 0.4934 0.7962 0.3503
vn 0.0001 0.9153 0.4029
vn -0.4934 0.7961 0.3504
vn -0.0000 0.9153 0.4029
vn -0.8576 0.4707 0.2072
vn -0.9997 0.0218 0.0096
vn -0.8784 -0.4375 -0.1926
vn -0.5143 -0.7850 -0.3455
vn -0.0000 -0.9911 -0.1332
vn 0.5129 -0.8508 -0.1142
vn 0.8773 -0.4757 -0.0639
vn 0.9998 0.0219 0.0029
vn 0.8582 0.5087 0.0683
vn 0.4935 0.8620 0.1158
vn -0.0000 0.9911 0.1331
vn -0.4935 0.8620 0.1158
vn -0.8582 0.5088 0.0683
vn -0.9998 0.0219 0.0029
vn -0.8773 -0.4757 -0.0639
vn -0.5129 -0.8508 -0.1142
vn -0.0000 -1.0000 0.0015
vn 0.5001 -0.8660 0.0013
vn 0.8660 -0.5000 0.0007
vn 0.8660 0.5000 -0.0007
vn 0.5001 0.8660 -0.0013
vn -0.0000 1.0000 -0.0015
vn -0.5001 0.8660 -0.0013
vn -0.8660 0.5000 -0.0007
vn -0.8660 -0.5000 0.0007
vn -0.5001 -0.8660 0.0013
vn -0.6691 -0.0000 -0.7432
vn -0.9510 -0.0000 -0.3093
vn -0.9496 -0.0527 -0.3089
vn -0.6642 -0.0456 -0.7462
vn -0.1993 -0.0260 -0.9796
vn -0.2081 -0.0000 -0.9781
vn 0.3173 0.0005 -0.9483
vn 0.3089 -0.0000 -0.9511
vn 0.7471 0.0268 -0.6641
vn 0.7432 -0.0000 -0.6691
vn 0.9777 0.0458 -0.2047
vn 0.9781 -0.0000 -0.2080
vn 0.9511 -0.0000 0.3088
vn 0.9497 0.0528 0.3085
vn 0.6707 0.0458 0.7403
vn 0.6690 -0.0000 0.7433
vn 0.9510 -0.0000 0.3091
vn 0.9497 0.0528 0.3086
vn 0.2139 0.0267 0.9765
vn 0.2081 -0.0000 0.9781
vn -0.3009 0.0005 0.9537
vn -0.3091 -0.0000 0.9510
vn -0.7373 -0.0260 0.6751
vn -0.7430 -0.0000 0.6693
vn -0.9760 -0.0455 0.2128
vn -0.9782 -0.0000 0.2076
vn -0.9328 -0.1950 -0.3031
vn -0.6465 -0.1680 -0.7442
vn -0.1845 -0.0950 -0.9782
vn 0.3227 0.0028 -0.9465
vn 0.7414 0.0995 -0.6637
vn 0.9635 0.1695 -0.2073
vn 0.9328 0.1950 0.3030
vn 0.9328 0.1950 0.3031
vn 0.6575 0.1695 0.7341
vn 0.2096 0.0994 0.9727
vn -0.2950 0.0030 0.9555
vn -0.7245 -0.0950 0.6827
vn -0.9605 -0.1679 0.2220
vn -0.6002 -0.3263 -0.7302
vn -0.8802 -0.3791 -0.2855
vn -0.1571 -0.1840 -0.9703
vn 0.3237 0.0064 -0.9462
vn 0.7152 0.1937 -0.6715
vn 0.9177 0.3296 -0.2217
vn 0.8800 0.3792 0.2860
vn 0.6124 0.3296 0.7186
vn 0.8800 0.3793 0.2860
vn 0.1837 0.1936 0.9637
vn -0.2945 0.0062 0.9556
vn -0.6976 -0.1842 0.6924
vn -0.9148 -0.3264 0.2380
vn -0.7788 -0.5738 -0.2533
vn -0.5113 -0.4933 -0.7037
vn -0.1051 -0.2770 -0.9551
vn 0.3241 0.0112 -0.9459
vn 0.6642 0.2939 -0.6873
vn 0.8299 0.4991 -0.2495
vn 0.7789 0.5739 0.2530
vn 0.5246 0.4991 0.6897
vn 0.7788 0.5739 0.2531
vn 0.1336 0.2940 0.9464
vn -0.2937 0.0113 0.9558
vn -0.6465 -0.2770 0.7109
vn -0.8273 -0.4932 0.2690
vn -0.6126 -0.7649 -0.1991
vn -0.3670 -0.6563 -0.6592
vn -0.0225 -0.3667 -0.9301
vn 0.3227 0.0172 -0.9463
vn 0.5798 0.3928 -0.7139
vn 0.6853 0.6653 -0.2961
vn 0.6126 0.7649 0.1990
vn 0.6126 0.7649 0.1991
vn 0.3804 0.6653 0.6424
vn 0.0497 0.3931 0.9182
vn -0.2952 0.0172 0.9553
vn -0.5648 -0.3666 0.7393
vn -0.6844 -0.6562 0.3179
vn -0.3832 -0.9152 -0.1244
vn -0.1695 -0.7849 -0.5960
vn 0.0883 -0.4376 -0.8948
vn 0.3179 0.0216 -0.9479
vn 0.4620 0.4707 -0.7517
vn 0.4856 0.7963 -0.3607
vn 0.3832 0.9153 0.1244
vn 0.3832 0.9152 0.1246
vn 0.1809 0.7962 0.5773
vn -0.0679 0.4707 0.8797
vn -0.2996 0.0222 0.9538
vn -0.4546 -0.4376 0.7757
vn -0.4875 -0.7849 0.3825
vn -0.1266 -0.9911 -0.0411
vn 0.0498 -0.8509 -0.5230
vn 0.2104 -0.4755 -0.8542
vn 0.3117 0.0217 -0.9499
vn 0.3302 0.5087 -0.7951
vn 0.2626 0.8619 -0.4338
vn 0.1266 0.9911 0.0410
vn 0.1266 0.9911 0.0412
vn -0.0425 0.8620 0.5051
vn -0.2002 0.5087 0.8374
vn -0.3060 0.0215 0.9518
vn -0.3319 -0.4755 0.8147
vn -0.2670 -0.8509 0.4525
vn 0.0014 -1.0000 0.0007
vn 0.1557 -0.8660 -0.4751
vn 0.2684 -0.4998 -0.8235
vn 0.3090 -0.0003 -0.9511
vn 0.2669 0.4999 -0.8239
vn 0.1533 0.8660 -0.4759
vn -0.0014 1.0000 -0.0004
vn -0.1557 0.8661 0.4751
vn -0.2684 0.4997 0.8235
vn -0.3090 0.0002 0.9511
vn -0.2669 -0.5001 0.8238
vn -0.1533 -0.8659 0.4762
vn 0.9498 -0.0527 -0.3083
vn 0.9759 -0.0456 0.2135
vn 0.9781 -0.0000 0.2080
vn 0.9512 -0.0000 -0.3086
vn 0.7373 -0.0261 0.6751
vn 0.7430 -0.0000 0.6693
vn 0.3009 0.0005 0.9537
vn 0.3092 -0.0000 0.9510
vn -0.2139 0.0267 0.9765
vn -0.2084 -0.0000 0.9781
vn -0.6693 -0.0000 0.7430
vn -0.6710 0.0458 0.7401
vn -0.9496 0.0528 0.3089
vn -0.9511 -0.0000 0.3089
vn -0.9778 0.0458 -0.2047
vn -0.9781 -0.0000 -0.2079
vn -0.7432 0.0001 -0.6691
vn -0.7471 0.0267 -0.6642
vn -0.7471 0.0267 -0.6641
vn -0.3172 0.0005 -0.9483
vn -0.3090 -0.0000 -0.9511
vn -0.7431 -0.0000 -0.6691
vn 0.1995 -0.0261 -0.9795
vn 0.2077 -0.0000 -0.9782
vn 0.6643 -0.0455 -0.7461
vn 0.6691 -0.0000 -0.7432
vn 0.9327 -0.1951 -0.3032
vn 0.9605 -0.1680 0.2220
vn 0.7244 -0.0950 0.6827
vn 0.2947 0.0031 0.9556
vn -0.2095 0.0994 0.9727
vn -0.6574 0.1694 0.7343
vn -0.9330 0.1949 0.3026
vn -0.9634 0.1694 -0.2076
vn -0.7414 0.0994 -0.6637
vn -0.3229 0.0029 -0.9464
vn -0.7412 0.0994 -0.6639
vn 0.1848 -0.0951 -0.9782
vn 0.6465 -0.1680 -0.7442
vn 0.8801 -0.3792 -0.2858
vn 0.9146 -0.3264 0.2384
vn 0.6973 -0.1840 0.6927
vn 0.2946 0.0061 0.9556
vn -0.1836 0.1936 0.9638
vn -0.6120 0.3295 0.7190
vn -0.8799 0.3791 0.2864
vn -0.9177 0.3296 -0.2217
vn -0.7151 0.1936 -0.6716
vn -0.3236 0.0063 -0.9462
vn -0.7151 0.1936 -0.6717
vn 0.1571 -0.1840 -0.9703
vn 0.6002 -0.3264 -0.7302
vn 0.7789 -0.5740 -0.2529
vn 0.8273 -0.4932 0.2690
vn 0.6465 -0.2771 0.7108
vn 0.2937 0.0112 0.9558
vn -0.1337 0.2941 0.9464
vn -0.5245 0.4990 0.6898
vn -0.7788 0.5739 0.2532
vn -0.8298 0.4991 -0.2497
vn -0.6643 0.2940 -0.6872
vn -0.6642 0.2939 -0.6873
vn -0.3244 0.0114 -0.9459
vn 0.1052 -0.2770 -0.9551
vn 0.5114 -0.4932 -0.7037
vn 0.6844 -0.6564 0.3175
vn 0.6126 -0.7648 -0.1992
vn 0.5647 -0.3664 0.7395
vn 0.2948 0.0176 0.9554
vn -0.0496 0.3930 0.9182
vn -0.3803 0.6653 0.6425
vn -0.6127 0.7649 0.1991
vn -0.6853 0.6651 -0.2966
vn -0.5798 0.3929 -0.7138
vn -0.3230 0.0175 -0.9462
vn 0.0226 -0.3667 -0.9301
vn 0.3671 -0.6564 -0.6591
vn 0.3831 -0.9153 -0.1246
vn 0.4875 -0.7851 0.3820
vn 0.4547 -0.4376 0.7757
vn 0.2997 0.0220 0.9538
vn 0.0680 0.4707 0.8797
vn -0.1809 0.7962 0.5773
vn -0.3832 0.9152 0.1246
vn -0.4857 0.7961 -0.3609
vn -0.4620 0.4706 -0.7517
vn -0.3182 0.0218 -0.9478
vn -0.0882 -0.4378 -0.8947
vn 0.1695 -0.7848 -0.5961
vn 0.1266 -0.9911 -0.0410
vn 0.2671 -0.8509 0.4523
vn 0.3319 -0.4757 0.8146
vn 0.3062 0.0220 0.9517
vn 0.2002 0.5088 0.8373
vn 0.0423 0.8621 0.5050
vn -0.1266 0.9911 0.0410
vn -0.2626 0.8619 -0.4338
vn -0.3302 0.5088 -0.7950
vn -0.3302 0.5087 -0.7951
vn -0.3117 0.0217 -0.9499
vn -0.2103 -0.4757 -0.8541
vn -0.0498 -0.8509 -0.5230
vn -0.0014 -1.0000 0.0005
vn 0.1533 -0.8661 0.4759
vn 0.2669 -0.5000 0.8239
vn 0.3090 -0.0001 0.9511
vn 0.2683 0.4995 0.8237
vn 0.1556 0.8661 0.4750
vn 0.0014 1.0000 -0.0006
vn -0.1534 0.8659 -0.4762
vn -0.2669 0.5001 -0.8238
vn -0.2669 0.4999 -0.8240
vn -0.3090 -0.0003 -0.9511
vn -0.2682 -0.5002 -0.8233
vn -0.1557 -0.8661 -0.4751
vn 0.5877 -0.0000 0.8091
vn 0.5868 -0.0528 0.8080
vn 0.0987 -0.0456 0.9941
vn 0.1043 -0.0000 0.9946
vn -0.4068 -0.0000 0.9135
vn -0.4146 -0.0261 0.9096
vn -0.8141 0.0004 0.5807
vn -0.8091 -0.0000 0.5877
vn -0.9945 -0.0000 0.1049
vn -0.9948 0.0267 0.0980
vn -0.9113 0.0458 -0.4091
vn -0.9136 -0.0000 -0.4066
vn -0.5878 -0.0000 -0.8090
vn -0.5870 0.0528 -0.8079
vn -0.1077 0.0458 -0.9931
vn -0.1046 -0.0000 -0.9945
vn 0.4007 0.0267 -0.9158
vn 0.4067 -0.0000 -0.9136
vn 0.8090 -0.0000 -0.5878
vn 0.4068 -0.0000 -0.9135
vn 0.4009 0.0267 -0.9157
vn 0.8039 0.0004 -0.5947
vn 0.9932 -0.0260 -0.1131
vn 0.9945 -0.0000 -0.1048
vn 0.9147 -0.0455 0.4015
vn 0.9134 -0.0000 0.4070
vn 0.5764 -0.1950 0.7935
vn 0.0857 -0.1680 0.9821
vn -0.4254 -0.0950 0.9000
vn -0.8175 0.0030 0.5759
vn -0.9899 0.0993 0.1016
vn -0.9013 0.1695 -0.3986
vn -0.5764 0.1950 -0.7935
vn -0.1006 0.1695 -0.9804
vn 0.4022 0.0994 -0.9101
vn 0.8003 0.0030 -0.5996
vn 0.9874 -0.0951 -0.1264
vn 0.9075 -0.1680 0.3851
vn 0.5438 -0.3792 0.7486
vn 0.0559 -0.3263 0.9436
vn -0.4432 -0.1841 0.8773
vn -0.8180 0.0063 0.5752
vn -0.9733 0.1937 0.1229
vn -0.8729 0.3295 -0.3597
vn -0.5438 0.3791 -0.7487
vn -0.0723 0.3294 -0.9414
vn 0.4178 0.1936 -0.8877
vn 0.7998 0.0064 -0.6003
vn 0.9713 -0.1841 -0.1504
vn 0.8801 -0.3264 0.3448
vn 0.4812 -0.5739 0.6626
vn 0.0003 -0.4933 0.8699
vn -0.4764 -0.2769 0.8345
vn -0.8183 0.0113 0.5747
vn -0.9414 0.2941 0.1653
vn -0.8181 0.4991 -0.2858
vn -0.4812 0.5738 -0.6628
vn -0.0188 0.4990 -0.8664
vn 0.4483 0.2940 -0.8442
vn 0.7991 0.0116 -0.6011
vn 0.9409 -0.2769 -0.1953
vn 0.8272 -0.4933 0.2690
vn 0.3785 -0.7649 0.5212
vn -0.0903 -0.6564 0.7490
vn -0.5284 -0.3667 0.7657
vn -0.8174 0.0174 0.5758
vn -0.8886 0.3928 0.2367
vn -0.7284 0.6654 -0.1635
vn -0.3785 0.7649 -0.5212
vn 0.0700 0.6653 -0.7433
vn 0.4996 0.3930 -0.7720
vn 0.4997 0.3929 -0.7720
vn 0.8001 0.0176 -0.5996
vn 0.8915 -0.3665 -0.2661
vn 0.7401 -0.6565 0.1457
vn 0.2369 -0.9152 0.3260
vn -0.2131 -0.7850 0.5817
vn -0.5974 -0.4376 0.6720
vn -0.8144 0.0214 0.5800
vn -0.8156 0.4709 0.3364
vn -0.6048 0.7963 0.0062
vn -0.2368 0.9153 -0.3259
vn 0.1931 0.7961 -0.5735
vn 0.5722 0.4706 -0.6717
vn 0.8030 0.0220 -0.5955
vn 0.8239 -0.4373 -0.3605
vn 0.6191 -0.7850 -0.0227
vn 0.0781 -0.9911 0.1078
vn -0.3477 -0.8509 0.3938
vn -0.6721 -0.4758 0.5673
vn -0.8105 0.0219 0.5853
vn -0.7344 0.5088 0.4491
vn -0.4673 0.8620 0.1964
vn -0.0781 0.9911 -0.1077
vn 0.3314 0.8619 -0.3838
vn 0.6541 0.5088 -0.5597
vn 0.6541 0.5087 -0.5597
vn 0.8071 0.0218 -0.5900
vn 0.7472 -0.4758 -0.4640
vn 0.4822 -0.8508 -0.2091
vn -0.0010 -1.0000 -0.0011
vn -0.4055 -0.8658 0.2930
vn -0.7011 -0.4999 0.5085
vn -0.8090 -0.0002 0.5878
vn -0.7002 0.4999 0.5097
vn -0.4037 0.8661 0.2949
vn 0.0010 1.0000 0.0011
vn 0.4053 0.8660 -0.2929
vn 0.7011 0.5000 -0.5084
vn 0.8090 0.0003 -0.5878
vn 0.7011 0.5000 -0.5083
vn 0.7001 -0.5001 -0.5097
vn 0.4036 -0.8661 -0.2948
vn -0.9137 -0.0000 0.4065
vn -0.5879 -0.0000 0.8089
vn -0.5871 -0.0528 0.8078
vn -0.9149 -0.0456 0.4011
vn -0.9933 -0.0261 -0.1127
vn -0.9946 -0.0000 -0.1041
vn -0.8038 0.0006 -0.5949
vn -0.8091 -0.0000 -0.5876
vn -0.4069 -0.0000 -0.9135
vn -0.4009 0.0266 -0.9157
vn 0.1076 0.0458 -0.9931
vn 0.1049 -0.0000 -0.9945
vn 0.5869 0.0528 -0.8079
vn 0.5878 -0.0000 -0.8090
vn 0.9113 0.0458 -0.4092
vn 0.9135 -0.0000 -0.4069
vn 0.9946 -0.0000 0.1043
vn 0.9135 -0.0000 -0.4067
vn 0.9113 0.0458 -0.4091
vn 0.9948 0.0267 0.0983
vn 0.8139 0.0004 0.5810
vn 0.8088 -0.0000 0.5881
vn 0.4147 -0.0259 0.9096
vn 0.4065 -0.0000 0.9137
vn -0.0990 -0.0456 0.9940
vn -0.1042 -0.0000 0.9946
vn -0.5767 -0.1950 0.7933
vn -0.9075 -0.1680 0.3850
vn -0.9874 -0.0950 -0.1267
vn -0.8003 0.0029 -0.5996
vn -0.4021 0.0995 -0.9102
vn 0.1008 0.1695 -0.9804
vn 0.5765 0.1950 -0.7935
vn 0.9013 0.1695 -0.3986
vn 0.9899 0.0993 0.1016
vn 0.9014 0.1695 -0.3985
vn 0.8176 0.0030 0.5758
vn 0.4256 -0.0950 0.8999
vn -0.0855 -0.1680 0.9821
vn -0.5438 -0.3791 0.7487
vn -0.8801 -0.3262 0.3449
vn -0.9714 -0.1842 -0.1501
vn -0.7998 0.0063 -0.6002
vn -0.4178 0.1936 -0.8877
vn 0.0723 0.3294 -0.9414
vn 0.5438 0.3792 -0.7486
vn 0.8728 0.3296 -0.3600
vn 0.9733 0.1938 0.1227
vn 0.8178 0.0062 0.5754
vn 0.4434 -0.1840 0.8772
vn -0.0559 -0.3262 0.9436
vn -0.4812 -0.5739 0.6626
vn -0.8274 -0.4932 0.2686
vn -0.9408 -0.2771 -0.1951
vn -0.7992 0.0114 -0.6010
vn -0.4484 0.2939 -0.8441
vn 0.0189 0.4990 -0.8664
vn 0.4814 0.5740 -0.6624
vn 0.8181 0.4990 -0.2857
vn 0.8182 0.4990 -0.2856
vn 0.9414 0.2937 0.1658
vn 0.8184 0.0113 0.5745
vn 0.4765 -0.2768 0.8344
vn -0.0001 -0.4933 0.8699
vn -0.3785 -0.7649 0.5212
vn -0.7401 -0.6565 0.1456
vn -0.8915 -0.3666 -0.2661
vn -0.8003 0.0173 -0.5994
vn -0.4999 0.3927 -0.7719
vn -0.0698 0.6653 -0.7433
vn 0.3785 0.7649 -0.5212
vn 0.7285 0.6653 -0.1634
vn 0.7285 0.6653 -0.1633
vn 0.8886 0.3929 0.2366
vn 0.8172 0.0169 0.5761
vn 0.5286 -0.3666 0.7656
vn 0.0904 -0.6563 0.7491
vn -0.2371 -0.9152 0.3258
vn -0.6189 -0.7851 -0.0224
vn -0.8237 -0.4377 -0.3604
vn -0.8032 0.0216 -0.5953
vn -0.5719 0.4709 -0.6718
vn -0.1930 0.7962 -0.5734
vn 0.2368 0.9153 -0.3259
vn 0.6050 0.7962 0.0063
vn 0.6051 0.7961 0.0064
vn 0.8157 0.4704 0.3367
vn 0.8145 0.0218 0.5798
vn 0.5974 -0.4375 0.6721
vn 0.2128 -0.7852 0.5816
vn -0.0782 -0.9911 0.1077
vn -0.4820 -0.8509 -0.2090
vn -0.7472 -0.4758 -0.4639
vn -0.8071 0.0218 -0.5900
vn -0.6541 0.5089 -0.5596
vn -0.3311 0.8621 -0.3837
vn 0.0782 0.9911 -0.1077
vn 0.4673 0.8620 0.1964
vn 0.7345 0.5088 0.4491
vn 0.4673 0.8620 0.1965
vn 0.8106 0.0215 0.5853
vn 0.6720 -0.4760 0.5672
vn 0.3477 -0.8509 0.3938
vn 0.0009 -1.0000 -0.0011
vn -0.4036 -0.8661 -0.2948
vn -0.7000 -0.5005 -0.5094
vn -0.8090 -0.0002 -0.5878
vn -0.7011 0.5001 -0.5084
vn -0.4050 0.8662 -0.2927
vn -0.0008 1.0000 0.0013
vn 0.4037 0.8661 0.2949
vn 0.7000 0.5003 0.5096
vn 0.4037 0.8660 0.2950
vn 0.8090 -0.0002 0.5878
vn 0.7011 -0.5000 0.5084
vn 0.4052 -0.8661 0.2928
vn 0.9397 -0.0000 0.3421
vn 0.7660 -0.0000 0.6428
vn 0.1737 -0.0000 0.9848
vn -0.1736 -0.0000 0.9848
vn -0.7660 -0.0000 0.6428
vn -0.9397 -0.0000 0.3420
vn -0.9397 -0.0000 -0.3420
vn -0.7661 -0.0000 -0.6428
vn -0.4999 -0.0000 -0.8661
vn -0.1736 -0.0000 -0.9848
vn 0.1736 -0.0000 -0.9848
vn 0.5000 -0.0000 -0.8661
vn 0.7660 -0.0000 -0.6428
vn 0.9397 -0.0000 -0.3420
vn -0.0000 1.0000 -0.0000
vn -0.0000 -1.0000 -0.0000
vn 0.9848 -0.0000 0.1737
vn 0.6428 -0.0000 0.7660
vn 0.3420 -0.0000 0.9397
vn -0.0000 -0.0000 1.0000
vn -0.3420 -0.0000 0.9397
vn -0.6428 -0.0000 0.7660
vn -0.9848 -0.0000 0.1737
vn -0.9848 -0.0000 -0.1737
vn -0.8658 -0.0000 -0.5003
vn -0.8661 -0.0000 -0.4999
vn -0.6428 -0.0000 -0.7660
vn -0.3420 -0.0000 -0.9397
vn 0.3420 -0.0000 -0.9397
vn 0.6428 -0.0000 -0.7660
vn 0.8658 -0.0000 -0.5003
vn 0.8661 -0.0000 -0.4999
vn 0.9848 -0.0000 -0.1737
vn 0.5776 -0.7071 0.4078
vn 0.5776 0.7071 0.4078
vn -0.8169 -0.0000 -0.5767
vn -0.5719 -0.0000 0.8203
vn 0.5816 -0.0000 -0.8135
vn -0.8169 -0.0000 -0.5768
vn -0.5767 -0.0000 0.8169
vn -0.5769 -0.0000 0.8168
vn -0.5767 -0.0000 0.8170
vn -0.5766 -0.0000 0.8170
vn 0.5767 0.0001 -0.8170
vn 0.5766 -0.0000 -0.8170
vn 0.5767 0.0002 -0.8170
vn 0.5768 -0.0000 -0.8169
vn 0.5767 -0.0000 -0.8169
vn 0.5768 -0.0001 -0.8169
vn -0.8170 -0.0000 -0.5766
vn -0.8168 -0.0000 -0.5769
vn -0.8170 -0.0000 -0.5767
vn -0.8168 -0.0000 -0.5770
vn 0.6480 -0.7071 0.2829
vn 0.6481 -0.7071 0.2829
vn 0.6480 0.7071 0.2829
vn -0.9165 -0.0000 -0.4001
vn -0.3946 -0.0000 0.9188
vn 0.4056 -0.0000 -0.9141
vn -0.4001 -0.0000 0.9165
vn -0.4001 -0.0001 0.9165
vn -0.4003 0.0001 0.9164
vn -0.4001 -0.0002 0.9165
vn -0.4002 -0.0001 0.9164
vn -0.4000 0.0001 0.9165
vn -0.4001 0.0001 0.9165
vn 0.4001 -0.0001 -0.9165
vn 0.4001 -0.0002 -0.9165
vn 0.4001 -0.0000 -0.9165
vn 0.4002 -0.0000 -0.9164
vn 0.4001 0.0001 -0.9165
vn -0.9165 -0.0000 -0.4000
vn -0.9164 -0.0000 -0.4002
vn -0.9165 -0.0000 -0.3999
vn -0.9669 -0.2106 0.1443
vn -0.5822 -0.2332 0.7789
vn -0.5710 -0.0122 0.8208
vn -0.9757 -0.0157 0.2186
vn -0.5629 -0.0012 -0.8265
vn -0.5734 -0.1814 -0.7989
vn -0.9697 -0.1806 -0.1644
vn -0.9742 -0.0176 -0.2252
vn -0.7894 -0.6082 -0.0839
vn -0.4840 -0.7062 -0.5168
vn -0.9646 -0.2637 0.0025
vn -0.9997 -0.0241 -0.0003
vn -0.9094 -0.4160 0.0031
vn -0.0000 0.9571 0.2897
vn -0.0000 1.0000 0.0053
vn -0.0014 1.0000 0.0048
vn -0.0010 0.9534 0.3016
vn -0.0000 0.6097 0.7926
vn 0.0003 0.5987 0.8010
vn -0.0000 0.1542 0.9880
vn -0.0029 0.1521 0.9884
vn -0.0043 -0.0058 1.0000
vn -0.0000 -0.0058 1.0000
vn -0.5602 0.1300 0.8181
vn -0.5711 -0.0122 0.8208
vn -0.0014 -0.2285 0.9735
vn -0.0000 -0.2342 0.9722
vn -0.5823 -0.2332 0.7788
vn 0.0003 -0.8261 0.5635
vn -0.0000 -0.8266 0.5628
vn -0.5025 -0.7162 0.4844
vn -0.0000 0.9609 -0.2770
vn 0.0004 0.9585 -0.2852
vn -0.0000 0.6188 -0.7855
vn -0.0001 0.6051 -0.7961
vn -0.0042 0.1635 -0.9865
vn -0.0000 0.1625 -0.9867
vn -0.0000 0.0010 -1.0000
vn -0.0052 0.0042 -1.0000
vn -0.5645 0.1335 -0.8145
vn -0.0006 -0.1946 -0.9809
vn -0.0000 -0.2020 -0.9794
vn -0.0000 -0.8235 -0.5673
vn 0.0007 -0.8202 -0.5721
vn -0.4840 -0.7062 -0.5167
vn -0.0003 -1.0000 0.0068
vn -0.0000 -1.0000 0.0028
vn -0.7893 -0.6082 -0.0840
vn -0.7331 -0.6767 0.0687
vn -0.5024 -0.7162 0.4844
vn -0.0016 -0.9988 0.0481
vn -0.0000 -0.9989 0.0468
vn -0.5229 0.5135 -0.6804
vn -0.4219 0.8766 -0.2315
vn -0.4058 0.9140 0.0015
vn -0.5254 0.4976 0.6902
vn -0.4300 0.8665 0.2536
vn -0.9731 0.1097 -0.2026
vn -0.5645 0.1335 -0.8146
vn -0.9218 0.3559 -0.1536
vn -0.9889 0.1485 -0.0010
vn -0.8858 0.4641 -0.0003
vn -0.9730 0.1084 0.2040
vn -0.9142 0.3772 0.1485
vn 0.5711 -0.0122 0.8208
vn 0.5822 -0.2331 0.7789
vn 0.9669 -0.2106 0.1443
vn 0.9757 -0.0157 0.2186
vn 0.9697 -0.1806 -0.1644
vn 0.5734 -0.1814 -0.7989
vn 0.5629 -0.0011 -0.8265
vn 0.9742 -0.0176 -0.2252
vn 0.7893 -0.6082 -0.0839
vn 0.4840 -0.7062 -0.5167
vn 0.9646 -0.2637 0.0025
vn 0.9997 -0.0241 -0.0002
vn 0.9093 -0.4160 0.0031
vn 0.0014 1.0000 0.0048
vn 0.0010 0.9534 0.3016
vn -0.0003 0.5987 0.8010
vn 0.0029 0.1521 0.9884
vn 0.0043 -0.0058 1.0000
vn 0.5602 0.1300 0.8181
vn 0.0014 -0.2285 0.9735
vn 0.5823 -0.2332 0.7788
vn -0.0003 -0.8261 0.5635
vn 0.5025 -0.7162 0.4844
vn -0.0004 0.9585 -0.2852
vn 0.0001 0.6051 -0.7961
vn 0.0042 0.1635 -0.9865
vn 0.0052 0.0042 -1.0000
vn 0.5645 0.1335 -0.8145
vn 0.0006 -0.1946 -0.9809
vn -0.0007 -0.8202 -0.5721
vn 0.4840 -0.7062 -0.5168
vn 0.0003 -1.0000 0.0069
vn 0.7894 -0.6082 -0.0839
vn 0.5024 -0.7162 0.4844
vn 0.7331 -0.6767 0.0687
vn 0.0016 -0.9988 0.0481
vn 0.5229 0.5135 -0.6804
vn 0.4219 0.8766 -0.2315
vn 0.4058 0.9140 0.0015
vn 0.5254 0.4975 0.6902
vn 0.4300 0.8665 0.2536
vn 0.9731 0.1097 -0.2026
vn 0.5645 0.1336 -0.8146
vn 0.9218 0.3559 -0.1536
vn 0.9889 0.1485 -0.0010
vn 0.8858 0.4641 -0.0003
vn 0.9730 0.1084 0.2040
vn 0.9142 0.3772 0.1485
vn 0.5601 0.1300 0.8181
vn 0.6702 0.7111 0.2124
vn 0.6926 0.3638 0.6229
vn 0.7912 0.5193 0.3231
vn 0.6374 0.6130 -0.4669
vn 0.6607 0.6611 -0.3555
vn 0.7109 0.6416 -0.2881
vn 0.6069 0.7924 0.0622
vn 0.7139 0.3253 0.6201
vn 0.5809 0.6704 0.4616
vn 0.4095 0.7403 0.5332
vn 0.7010 0.3504 0.6211
vn 0.0829 0.7825 0.6171
vn 0.5953 0.4532 0.6635
vn 0.6737 0.6828 -0.2827
vn 0.4877 0.8727 -0.0241
vn 0.4426 0.8345 0.3283
vn 0.2220 0.8490 0.4796
vn 0.2943 0.9382 0.1823
vn 0.6046 0.7284 -0.3224
vn 0.2693 0.9584 -0.0948
vn 0.1148 0.9173 0.3812
vn 0.0572 0.9983 0.0140
vn 0.0085 0.9834 0.1815
vn -0.1639 0.7371 0.6556
vn -0.1725 0.7366 0.6540
vn -0.0837 0.8390 0.5377
vn -0.3181 0.6506 0.6896
vn 0.1583 0.6273 0.7625
vn -0.5754 0.3810 0.7237
vn -0.5074 0.2957 0.8094
vn -0.4527 0.3260 0.8299
vn -0.7021 0.3256 -0.6333
vn -0.3658 0.8775 -0.3100
vn 0.4668 0.7463 -0.4745
vn 0.1912 0.1385 -0.9717
vn 0.6169 0.7098 -0.3399
vn -0.1301 0.9617 -0.2412
vn -0.2291 0.9456 -0.2310
vn -0.1313 0.9803 -0.1475
vn -0.0607 0.9936 0.0957
vn -0.3323 0.5580 0.7604
vn -0.3936 0.8125 0.4300
vn -0.7638 0.4477 -0.4648
vn -0.7197 -0.2188 -0.6590
vn -0.5808 0.5604 -0.5905
vn -0.3603 0.7425 -0.5647
vn -0.4294 0.6983 -0.5728
vn -0.4793 0.4682 -0.7423
vn -0.7474 0.2184 -0.6274
vn -0.8267 0.5277 0.1952
vn -0.7136 -0.3300 0.6179
vn 0.8431 0.0467 -0.5357
vn 0.7056 0.4130 -0.5758
vn 0.7781 0.3978 -0.4862
vn 0.7132 0.2916 -0.6374
vn 0.5274 0.2710 -0.8053
vn 0.4315 -0.3496 -0.8316
vn 0.5635 -0.3329 -0.7561
vn 0.2715 -0.5919 -0.7589
vn -0.0311 -0.8112 -0.5840
vn -0.0690 -0.5774 -0.8135
vn 0.2672 -0.6608 -0.7014
vn 0.7596 -0.4334 -0.4849
vn 0.9612 -0.2038 0.1859
vn 0.3139 -0.7661 -0.5609
vn 0.5273 0.2710 -0.8053
vn 0.6512 -0.1987 0.7324
vn 0.4121 -0.7871 0.4591
vn 0.4311 -0.8412 0.3263
vn 0.7079 -0.1941 0.6791
vn 0.5071 -0.5999 0.6189
vn 0.2268 -0.9507 0.2116
vn 0.7392 -0.2982 0.6039
vn 0.7758 -0.3220 0.5426
vn 0.5837 -0.0048 0.8120
vn -0.0349 -0.9993 -0.0150
vn 0.3433 -0.8218 0.4547
vn -0.3824 -0.1001 0.9186
vn -0.8194 0.2521 0.5148
vn -0.6591 -0.6459 0.3852
vn -0.7633 -0.1879 0.6181
vn -0.6696 -0.1521 0.7270
vn -0.6511 -0.1406 0.7459
vn -0.6495 -0.2702 0.7108
vn -0.8289 -0.4744 -0.2964
vn -0.7137 -0.3299 0.6179
vn -0.7033 -0.3956 -0.5907
vn -0.6624 -0.4291 -0.6141
vn -0.6420 -0.7657 0.0391
vn -0.8289 -0.4745 -0.2964
vn -0.6609 -0.0512 -0.7487
vn -0.7549 -0.2673 -0.5989
vn -0.6920 -0.3152 -0.6495
vn -0.5775 -0.6214 -0.5295
vn -0.6685 -0.6365 -0.3845
vn -0.6435 -0.4053 -0.6494
vn 0.2481 -0.6748 -0.6951
vn 0.5363 -0.5733 -0.6194
vn 0.6303 -0.1902 -0.7527
vn -0.1101 -0.6224 -0.7749
vn 0.0462 -0.8522 -0.5212
vn 0.5906 -0.4183 -0.6901
vn 0.2828 -0.9290 -0.2385
vn -0.1097 -0.8301 -0.5467
vn 0.3279 -0.8868 -0.3256
vn 0.3068 -0.9156 0.2599
vn 0.3265 -0.9009 0.2858
vn -0.4962 -0.8393 0.2220
vn 0.3563 -0.8609 0.3632
vn 0.0402 -0.9850 -0.1677
vn 0.0402 -0.9850 -0.1676
vn 0.0063 -0.9997 0.0254
vn -0.0833 -0.9964 0.0168
vn 0.3265 -0.9010 0.2858
vn -0.6118 -0.7521 0.2450
vn -0.3861 -0.9203 0.0631
vn -0.7096 -0.6482 0.2762
vn -0.6136 -0.7856 -0.0790
vn -0.6636 -0.7173 0.2124
vn -0.4293 -0.8438 -0.3219
vn -0.5843 -0.7478 -0.3152
vn -0.5017 -0.8286 -0.2484
vn 0.6948 0.7001 0.1646
vn 0.3464 0.7701 0.5358
vn 0.2325 0.3328 0.9139
vn 0.5076 0.6066 0.6118
vn 0.7790 0.6213 0.0845
vn 0.4171 0.8331 0.3633
vn 0.1695 0.6886 0.7051
vn 0.1829 0.0847 0.9795
vn 0.0365 0.7149 0.6983
vn 0.1362 0.1295 0.9822
vn -0.1048 0.7451 0.6587
vn 0.0766 0.2888 0.9543
vn -0.1522 0.8216 0.5494
vn 0.0088 0.8367 0.5476
vn 0.1708 0.8504 0.4976
vn 0.7977 0.5887 0.1307
vn 0.4388 0.8382 0.3238
vn 0.1821 0.8950 0.4071
vn 0.7541 0.6314 0.1807
vn 0.4213 0.8609 0.2851
vn 0.0001 0.9009 0.4341
vn -0.2351 0.8570 0.4585
vn 0.2899 0.9290 0.2301
vn 0.7222 0.6583 0.2124
vn 0.1634 0.9442 0.2859
vn -0.0287 0.9574 0.2874
vn -0.2259 0.9047 0.3612
vn 0.0519 0.9964 0.0669
vn -0.0169 0.9981 0.0596
vn -0.1399 0.9729 0.1840
vn 0.6025 0.7586 0.2481
vn 0.0992 0.9950 0.0113
vn -0.0737 0.9789 -0.1907
vn -0.0150 0.9817 -0.1899
vn -0.0404 0.9920 -0.1194
vn -0.1668 0.7751 -0.6095
vn -0.0982 0.7551 -0.6482
vn -0.0326 0.7797 -0.6253
vn -0.4803 0.7420 0.4677
vn -0.0447 0.4176 0.9075
vn -0.5662 0.5769 0.5887
vn -0.5678 0.6894 0.4498
vn -0.6728 0.6283 0.3906
vn -0.6602 0.6175 0.4276
vn -0.5404 0.7386 0.4030
vn -0.2694 0.9413 0.2033
vn 0.0745 0.8755 -0.4775
vn -0.2548 0.9541 -0.1573
vn -0.9109 0.2267 0.3447
vn -0.7744 0.4443 0.4504
vn -0.5365 0.7715 -0.3419
vn -0.8897 0.2286 0.3951
vn -0.9406 0.1094 0.3213
vn -0.9619 0.1518 0.2275
vn -0.9452 0.2731 0.1787
vn -0.9192 0.3866 0.0749
vn -0.9942 -0.0231 0.1051
vn -0.9819 -0.1657 -0.0917
vn -0.9521 -0.2953 -0.0795
vn -0.9160 -0.3978 -0.0522
vn -0.7437 -0.6379 -0.1999
vn -0.8125 -0.5597 -0.1630
vn -0.9147 -0.4024 0.0382
vn -0.7350 -0.6562 -0.1708
vn -0.9486 -0.3103 0.0628
vn -0.8568 -0.5056 -0.1015
vn -0.9434 -0.2884 0.1639
vn -0.6137 -0.6499 -0.4484
vn -0.6422 -0.6288 -0.4384
vn -0.9230 -0.2186 -0.3167
vn -0.3413 0.1150 -0.9329
vn -0.0674 -0.1879 -0.9799
vn 0.2211 0.4100 -0.8849
vn -0.1190 -0.1724 -0.9778
vn -0.1490 -0.6179 -0.7720
vn -0.1417 -0.0976 -0.9851
vn -0.0955 -0.6415 -0.7611
vn -0.1396 0.0392 -0.9894
vn 0.7923 0.2455 -0.5586
vn -0.2052 0.8061 -0.5551
vn -0.1609 -0.1596 -0.9740
vn 0.0323 -0.3216 -0.9463
vn 0.1849 0.4866 -0.8538
vn 0.7251 -0.5290 -0.4409
vn 0.1848 0.4865 -0.8539
vn 0.9953 0.0951 0.0187
vn 0.9938 0.0751 -0.0820
vn 0.9917 0.0489 -0.1192
vn 0.9689 0.1263 -0.2128
vn 0.9360 0.2229 -0.2723
vn 0.9878 -0.0538 0.1462
vn 0.0349 -0.5128 0.8578
vn 0.4832 -0.3788 0.7893
vn 0.1005 -0.5772 0.8104
vn 0.1533 -0.5469 0.8230
vn 0.2121 -0.5016 0.8387
vn 0.1761 -0.5405 0.8227
vn -0.5764 -0.7436 0.3388
vn -0.3900 -0.2615 0.8829
vn -0.7059 -0.7017 -0.0962
vn -0.6117 -0.7851 -0.0971
vn -0.0077 -0.9927 0.1201
vn 0.0431 -0.9612 0.2725
vn -0.9942 -0.0232 0.1051
vn -0.7060 -0.7017 -0.0962
vn -0.0049 -1.0000 0.0042
vn 0.1148 -0.9209 0.3725
vn 0.0050 -0.9999 0.0136
vn 0.0739 -0.9174 0.3910
vn 0.0090 -0.9997 0.0220
vn 0.0381 -0.9417 0.3342
vn 0.0079 -0.9990 0.0440
vn 0.0145 -0.9657 0.2594
vn 0.5363 -0.8253 -0.1772
vn 0.0145 -0.9657 0.2593
vn 0.6612 -0.6911 -0.2919
vn 0.0723 -0.9959 -0.0550
vn 0.6585 -0.6592 -0.3631
vn 0.3501 -0.8534 -0.3862
vn 0.7196 -0.5602 -0.4104
vn 0.2524 -0.7883 -0.5612
vn 0.5479 -0.7052 -0.4500
vn -0.0961 -0.8317 -0.5468
vn 0.5923 -0.7053 -0.3896
vn 0.2913 -0.6413 -0.7098
vn -0.1070 -0.8273 -0.5514
vn 0.0316 -0.9243 -0.3804
vn -0.0927 -0.5428 -0.8348
vn -0.1070 -0.8273 -0.5515
vn -0.1656 -0.9650 -0.2034
vn 0.0903 0.4701 0.8780
vn -0.2537 0.9144 0.3156
vn -0.4824 0.8717 0.0863
vn 0.0311 0.8787 0.4764
vn -0.6858 0.7239 -0.0746
vn -0.3791 0.9249 0.0287
vn -0.6885 0.7216 -0.0720
vn -0.3741 0.9274 -0.0029
vn -0.6701 0.7418 -0.0274
vn -0.7020 0.7118 0.0223
vn -0.3845 0.9221 -0.0429
vn -0.3394 0.9288 -0.1486
vn -0.7627 0.6458 0.0358
vn -0.2653 0.9102 -0.3181
vn -0.7304 0.6828 0.0145
vn -0.0011 0.7947 0.6070
vn 0.0133 0.8354 0.5495
vn 0.0636 0.4595 0.8859
vn 0.0100 0.4604 0.8877
vn -0.0172 0.4777 0.8784
vn -0.0184 0.8053 0.5926
vn -0.0297 0.4215 0.9064
vn -0.0282 0.8159 0.5774
vn 0.0815 0.8223 0.5632
vn -0.0464 0.3803 0.9237
vn -0.0878 0.9747 0.2055
vn -0.1438 0.9895 0.0170
vn -0.1354 0.9820 -0.1316
vn -0.0810 0.9423 -0.3249
vn -0.0107 0.8090 -0.5877
vn 0.0085 0.9558 0.2939
vn -0.0236 0.9585 0.2840
vn 0.0452 0.9680 0.2467
vn 0.2089 0.9675 0.1423
vn -0.0423 0.9986 0.0325
vn 0.0450 0.9980 0.0443
vn -0.0319 0.9809 -0.1919
vn -0.0059 0.9106 -0.4133
vn 0.0174 0.7582 -0.6517
vn 0.1529 0.9874 0.0396
vn 0.0240 0.9810 -0.1924
vn 0.0048 0.8998 -0.4364
vn -0.0028 0.7222 -0.6917
vn 0.3484 0.9373 0.0063
vn 0.1229 0.9790 -0.1629
vn 0.2794 0.9562 -0.0874
vn 0.0411 0.9186 -0.3930
vn -0.0114 0.7325 -0.6807
vn 0.0899 0.9359 -0.3407
vn 0.0052 0.6995 -0.7146
vn 0.1418 0.8199 -0.5547
vn 0.4273 0.8930 -0.1416
vn 0.5540 0.8325 0.0086
vn 0.5643 0.8249 -0.0318
vn 0.4943 0.8691 0.0163
vn 0.2951 0.8961 0.3316
vn -0.1004 0.7740 0.6252
vn 0.0125 0.3998 -0.9165
vn -0.0293 0.4077 -0.9126
vn -0.0025 0.4317 -0.9020
vn 0.0145 0.4668 -0.8842
vn 0.0522 0.5132 -0.8567
vn -0.0970 0.7277 -0.6790
vn -0.2490 0.7851 -0.5671
vn 0.6027 0.7962 -0.0531
vn 0.7750 0.6311 0.0325
vn 0.7484 0.6633 -0.0007
vn 0.7257 0.6863 -0.0480
vn 0.7748 0.6287 -0.0663
vn 0.7637 0.6455 0.0042
vn 0.3924 0.9123 0.1169
vn 0.6296 0.7562 0.1781
vn 0.7816 0.6216 -0.0516
vn 0.7307 0.6812 -0.0449
vn 0.6508 0.7580 -0.0437
vn 0.5894 0.8077 -0.0178
vn 0.6955 0.7170 0.0463
vn 0.8108 0.5832 0.0501
vn 0.6276 0.7629 -0.1554
vn 0.1797 0.3901 -0.9031
vn 0.1053 0.3983 0.9112
vn 0.5137 0.6036 0.6098
vn 0.3374 -0.0077 0.9413
vn 0.3199 0.8656 0.3852
vn 0.2907 0.9510 0.1049
vn 0.1903 0.9752 0.1130
vn 0.4249 0.9051 -0.0187
vn 0.0908 0.9885 0.1209
vn 0.2721 0.9073 -0.3207
vn 0.3542 0.8559 -0.3767
vn 0.4150 0.9095 0.0228
vn 0.3166 0.9079 0.2747
vn 0.3669 0.9255 0.0939
vn 0.3739 0.9202 0.1162
vn 0.3776 0.9057 -0.1928
vn 0.3036 0.9412 -0.1480
vn 0.3702 0.7351 -0.5680
vn 0.4087 0.9095 -0.0757
vn 0.4834 0.8289 -0.2815
vn 0.4350 0.8730 0.2204
vn 0.3265 0.8943 0.3059
vn 0.4665 0.8834 0.0449
vn 0.1551 0.9879 0.0079
vn 0.3544 0.9347 0.0260
vn 0.3063 0.9502 -0.0581
vn 0.3574 0.9339 0.0083
vn 0.2100 0.9758 -0.0611
vn 0.4013 0.9049 -0.1418
vn 0.3318 0.9433 0.0102
vn 0.4450 0.8902 -0.0974
vn 0.2272 0.9256 -0.3027
vn 0.6371 0.7564 -0.1482
vn 0.0774 0.8657 -0.4945
vn -0.0593 0.5095 -0.8584
vn 0.6199 0.4954 -0.6084
vn 0.8279 0.4994 -0.2553
vn 0.8034 0.2393 -0.5452
vn 0.8866 0.3426 -0.3108
vn -0.1067 -0.2575 0.9604
vn -0.0002 -0.2113 0.9774
vn 0.0058 -0.1381 0.9904
vn 0.0064 -0.1707 0.9853
vn 0.0399 -0.2076 0.9774
vn 0.1067 -0.2809 0.9538
vn -0.0708 -0.0688 -0.9951
vn -0.0807 -0.6010 -0.7952
vn 0.0390 -0.5085 -0.8602
vn -0.0199 -0.2177 -0.9758
vn -0.0074 -0.5892 -0.8079
vn -0.0291 -0.2351 -0.9715
vn -0.0292 -0.6039 -0.7965
vn -0.0134 -0.1924 -0.9812
vn -0.0141 -0.6342 -0.7730
vn 0.0034 -0.2315 -0.9728
vn 0.0046 -0.6525 -0.7578
vn 0.0246 -0.2631 -0.9644
vn -0.0495 -0.6372 -0.7691
vn 0.1139 -0.1729 -0.9783
vn 0.1697 -0.2707 -0.9476
vn 0.0925 -0.3057 -0.9476
vn -0.2713 -0.6317 -0.7262
vn 0.0942 -0.1378 -0.9860
vn -0.5317 -0.6637 -0.5261
vn 0.7527 0.2187 -0.6210
vn -0.0637 -0.2416 -0.9683
vn 0.0405 -0.8854 0.4630
vn -0.0172 -0.2193 0.9755
vn -0.1483 -0.5181 0.8424
vn 0.0683 -0.6020 0.7955
vn 0.1460 -0.8153 0.5603
vn -0.4278 -0.7813 0.4545
vn 0.0407 -0.8705 0.4905
vn -0.1318 -0.9123 0.3876
vn 0.0440 -0.9689 0.2435
vn 0.0020 -0.8624 0.5063
vn -0.0012 -0.9972 0.0749
vn 0.0143 -0.8493 0.5277
vn 0.0028 -0.9985 0.0554
vn -0.0067 -0.8840 0.4675
vn -0.0156 -0.9994 0.0300
vn 0.0028 -0.8652 0.5014
vn 0.0081 -0.9985 0.0549
vn -0.1015 -0.8769 0.4698
vn -0.0631 -0.9914 0.1149
vn -0.1414 -0.7797 0.6100
vn -0.3210 -0.9090 0.2658
vn -0.7387 0.6710 -0.0643
vn -0.7980 0.5916 -0.1148
vn -0.7289 0.6825 -0.0537
vn -0.7414 0.6710 -0.0058
vn -0.7494 0.6554 0.0938
vn -0.7310 0.6500 0.2074
vn -0.4627 0.4237 -0.7787
vn -0.4673 0.8002 -0.3760
vn -0.4725 0.8808 0.0304
vn -0.3256 0.5955 -0.7344
vn -0.2306 0.1809 -0.9561
vn -0.2099 0.6691 -0.7129
vn -0.1736 0.9805 -0.0919
vn -0.2705 0.9495 0.1593
vn -0.1531 0.9355 0.3184
vn -0.3445 0.9263 0.1528
vn -0.3452 0.9384 0.0131
vn -0.1008 0.9934 0.0548
vn -0.1806 0.9785 -0.0997
vn -0.1987 0.9800 0.0138
vn -0.0887 0.9961 0.0002
vn -0.4043 0.9136 -0.0435
vn -0.1266 0.9666 0.2230
vn -0.1846 0.9684 0.1677
vn -0.4345 0.9006 0.0068
vn -0.0941 0.9849 0.1450
vn -0.2874 0.9346 0.2098
vn -0.2795 0.9550 0.0997
vn -0.2874 0.9576 -0.0201
vn -0.4970 0.8654 -0.0640
vn -0.1731 0.9618 -0.2122
vn -0.0880 0.9475 -0.3075
vn -0.1253 0.9918 0.0254
vn -0.1998 0.9718 0.1251
vn 0.0297 0.4678 0.8833
vn -0.0663 -0.7991 0.5975
vn -0.5857 0.5928 0.5528
vn -0.3338 0.4030 0.8521
vn -0.4813 0.8080 0.3400
vn -0.2558 -0.2020 0.9454
vn -0.0927 -0.9332 0.3471
vn 0.4879 -0.5149 0.7049
vn 0.5330 -0.7498 0.3921
vn 0.3204 -0.6681 0.6716
vn 0.4888 -0.8393 0.2378
vn -0.2017 -0.2123 0.9562
vn 0.3978 -0.9129 0.0912
vn 0.1663 -0.7254 -0.6679
vn -0.6334 0.4359 -0.6394
vn -0.5541 0.5519 -0.6232
vn 0.3300 -0.5202 -0.7877
vn -0.1510 -0.8062 -0.5720
vn -0.0602 -0.7803 -0.6225
vn 0.1057 -0.9005 -0.4218
vn -0.0409 -0.3429 -0.9385
vn -0.2335 0.9148 -0.3295
vn -0.1931 0.8772 -0.4395
vn 0.0176 0.9997 0.0153
vn -0.0578 0.9969 0.0534
vn -0.4825 0.8717 0.0863
vn -0.6701 0.7417 -0.0274
vn -0.0297 0.4215 0.9063
vn 0.1529 0.9875 0.0396
vn 0.1797 0.3900 -0.9031
vn 0.3374 -0.0076 0.9413
vn 0.6199 0.4954 -0.6085
vn 0.8034 0.2392 -0.5452
vn 0.0065 -0.1707 0.9853
vn -0.5316 -0.6638 -0.5261
vn -0.0636 -0.2416 -0.9683
vn -0.1483 -0.5181 0.8423
vn 0.0683 -0.6021 0.7955
vn -0.1318 -0.9124 0.3876
vn -0.7311 0.6500 0.2074
vn -0.4044 0.9135 -0.0434
vn -0.5857 0.5927 0.5528
vn 0.5330 -0.7498 0.3920
vn -0.1510 -0.8062 -0.5721
vn -0.1931 0.8773 -0.4395
vn 0.6203 0.7843 0.0065
vn 0.6245 0.7809 0.0158
vn 0.8718 0.4895 0.0162
vn 0.8722 0.4892 -0.0006
vn 0.5016 0.8651 -0.0021
vn 0.8190 0.5738 0.0018
vn 0.5089 0.8595 0.0482
vn 0.7885 0.6098 0.0796
vn 0.5130 0.8577 -0.0336
vn 0.7729 0.6329 -0.0458
vn 0.8441 0.5356 -0.0257
vn 0.6692 0.7429 0.0176
vn 0.8630 0.5021 -0.0561
vn 0.7299 0.6834 -0.0111
vn 0.6842 0.7252 0.0772
vn 0.8866 0.4556 0.0803
vn 0.7183 0.6702 0.1868
vn 0.2941 0.9556 0.0190
vn 0.3609 0.9322 0.0268
vn 0.0891 0.9763 0.1974
vn 0.0933 0.9888 0.1163
vn 0.2788 0.9603 0.0115
vn 0.0712 0.9974 0.0100
vn 0.2651 0.9642 0.0050
vn 0.2285 0.9735 0.0007
vn 0.2408 0.9695 0.0465
vn 0.3559 0.9339 -0.0341
vn 0.3171 0.9462 0.0646
vn 0.4949 0.8678 -0.0455
vn 0.0937 0.9956 0.0013
vn 0.0797 0.9968 0.0025
vn 0.0495 0.9961 0.0731
vn 0.2326 0.9726 0.0028
vn 0.1067 0.9942 0.0146
vn 0.2070 0.9761 -0.0664
vn 0.0120 0.9922 0.1239
vn 0.0111 0.9758 0.2184
vn 0.0124 0.9999 0.0099
vn 0.0116 0.9999 -0.0027
vn 0.0101 0.9999 0.0032
vn 0.0104 0.9999 0.0033
vn 0.0025 0.9980 0.0639
vn 0.0108 0.9918 0.1275
vn 0.0432 0.9975 -0.0556
vn 0.0014 0.9920 0.1260
vn 0.0006 0.9728 0.2318
vn 0.0009 0.9999 0.0106
vn 0.0004 1.0000 0.0010
vn 0.0017 1.0000 0.0008
vn 0.0007 1.0000 0.0005
vn -0.0010 0.9973 0.0738
vn -0.0040 0.9959 0.0900
vn 0.0025 0.9971 -0.0764
vn -0.0018 0.9951 0.0986
vn -0.0023 0.9836 0.1801
vn -0.0010 1.0000 0.0050
vn -0.0014 1.0000 -0.0022
vn -0.0015 1.0000 0.0024
vn 0.0007 1.0000 -0.0035
vn 0.0030 0.9976 0.0698
vn 0.0006 0.9975 0.0700
vn -0.0094 0.9998 0.0156
vn -0.0119 0.9959 0.0893
vn -0.0120 0.9876 0.1566
vn -0.0149 0.9999 0.0033
vn -0.0118 0.9999 -0.0007
vn -0.0129 0.9999 0.0011
vn -0.0139 0.9997 0.0203
vn -0.0168 0.9971 0.0748
vn -0.0321 0.9949 0.0953
vn -0.0086 0.9970 -0.0775
vn -0.0747 0.9972 0.0044
vn -0.0749 0.9942 0.0776
vn -0.0535 0.9985 0.0092
vn -0.0600 0.9982 -0.0023
vn -0.0550 0.9958 0.0735
vn -0.0915 0.9951 0.0385
vn -0.0864 0.9952 0.0467
vn -0.1454 0.9889 -0.0312
vn -0.0791 0.9850 0.1533
vn -0.3103 0.9465 0.0883
vn -0.3777 0.9035 0.2026
vn -0.2891 0.9571 0.0197
vn -0.2144 0.9767 0.0104
vn -0.2088 0.9780 -0.0039
vn -0.2591 0.9658 0.0071
vn -0.4122 0.9111 -0.0036
vn -0.3215 0.9466 0.0242
vn -0.2965 0.9533 -0.0577
vn -0.6876 0.7114 0.1453
vn -0.6468 0.7622 0.0264
vn -0.5534 0.8328 0.0148
vn -0.5574 0.8302 0.0020
vn -0.5188 0.8509 -0.0820
vn -0.7046 0.7093 -0.0194
vn -0.5919 0.8031 0.0677
vn -0.4992 0.8631 -0.0769
vn -0.3941 0.8847 -0.2489
vn -0.2695 0.9342 -0.2337
vn -0.7275 0.6112 0.3118
vn -0.8953 0.4445 0.0285
vn -0.9041 0.4023 0.1439
vn -0.8468 0.5307 0.0345
vn -0.8786 0.4775 -0.0027
vn -0.8210 0.5621 -0.0995
vn -0.8471 0.5291 -0.0504
vn -0.7680 0.6366 0.0694
vn -0.7446 0.6629 -0.0784
vn -0.6997 0.6601 -0.2733
vn -0.9106 0.3155 0.2669
vn -0.9801 0.1876 0.0647
vn -0.9760 0.2122 0.0487
vn -0.9676 0.2473 0.0501
vn -0.9794 0.2021 -0.0016
vn -0.9625 0.2695 0.0304
vn -0.9090 0.4157 0.0318
vn -0.8980 0.4364 0.0557
vn -0.9001 0.4097 -0.1484
vn -0.8605 0.3371 -0.3820
vn -0.9977 -0.0166 0.0663
vn -0.9331 0.2192 -0.2850
vn -0.9941 -0.0563 0.0927
vn -0.9976 -0.0688 0.0029
vn -0.9554 0.2709 0.1174
vn -0.9567 0.2908 -0.0076
vn -0.9566 0.2495 0.1505
vn -0.9634 0.2277 -0.1412
vn -0.9099 0.0739 -0.4082
vn -0.9996 0.0122 -0.0261
vn -0.8661 0.3285 -0.3769
vn -0.9649 0.1602 0.2082
vn -0.8493 0.5011 0.1663
vn -0.9289 0.3463 0.1310
vn -0.9676 0.1732 -0.1839
vn -0.9477 0.1873 0.2586
vn -0.9331 0.2420 0.2660
vn -0.8450 0.0521 -0.5322
vn -0.6969 -0.1229 -0.7066
vn -0.5564 -0.3514 -0.7530
vn -0.0783 -0.5865 -0.8061
vn -0.2780 -0.6227 -0.7314
vn -0.2807 -0.3883 -0.8778
vn -0.9807 0.1946 -0.0166
vn -0.4699 -0.5941 -0.6528
vn -0.9669 -0.2526 0.0353
vn -0.9569 -0.2733 -0.0981
vn -0.7713 -0.5586 0.3050
vn -0.9505 -0.0874 -0.2983
vn -0.9583 -0.1921 -0.2118
vn -0.5229 -0.3029 -0.7967
vn -0.4487 -0.3341 -0.8289
vn -0.6710 0.1086 -0.7335
vn 0.0180 0.0883 -0.9959
vn -0.8499 0.3385 -0.4039
vn -0.6901 0.0538 -0.7217
vn -0.8230 -0.0218 -0.5676
vn -0.8606 0.5088 0.0204
vn -0.8801 0.2256 -0.4177
vn -0.9770 0.2081 -0.0462
vn -0.7230 0.6650 0.1871
vn -0.1993 0.6163 0.7619
vn -0.5669 0.8060 0.1700
vn -0.0492 0.9971 -0.0583
vn -0.5669 0.8060 0.1701
vn -0.1666 0.8257 -0.5390
vn -0.0358 0.9462 0.3215
vn -0.9058 0.4174 -0.0724
vn -0.2394 0.7833 0.5737
vn -0.9196 -0.3542 0.1700
vn -0.7142 0.6684 0.2077
vn -0.7420 0.6567 -0.1350
vn -0.8199 0.5708 -0.0447
vn -0.5079 0.8599 -0.0513
vn -0.7486 0.6548 -0.1042
vn -0.0256 0.9944 -0.1023
vn -0.3842 0.8547 0.3491
vn -0.4903 0.8607 -0.1371
vn -0.5372 0.8294 -0.1534
vn -0.5187 0.8524 0.0658
vn -0.8385 0.3899 0.3807
vn -0.5381 0.8361 -0.1066
vn -0.3980 0.9133 0.0864
vn -0.2942 0.9487 0.1156
vn -0.4252 0.9016 0.0796
vn -0.3523 0.9110 -0.2146
vn -0.6151 0.6805 -0.3982
vn -0.7685 0.6350 0.0787
vn -0.4403 0.8530 -0.2802
vn 0.0652 0.9078 -0.4144
vn -0.9849 0.0934 0.1456
vn -0.7916 0.6092 -0.0483
vn -0.0783 0.9547 -0.2871
vn -0.5977 0.7903 -0.1350
vn 0.9480 0.2959 0.1169
vn 0.9535 0.3003 0.0261
vn 0.9186 0.3951 -0.0002
vn 0.8840 0.4512 0.1226
vn 0.9334 0.3584 0.0196
vn 0.8545 0.5194 -0.0104
vn 0.8530 0.5182 -0.0627
vn 0.9011 0.4193 -0.1104
vn 0.9271 0.3685 -0.0685
vn 0.8840 0.3577 -0.3010
vn 0.8858 0.4622 -0.0417
vn 0.8647 0.4570 0.2084
vn 0.9483 0.3060 0.0838
vn 0.9792 0.1943 0.0589
vn 0.9803 0.1922 0.0451
vn 0.9586 0.2837 0.0231
vn 0.8791 0.4740 -0.0501
vn 0.8545 0.4734 0.2137
vn 0.8046 0.5799 -0.1280
vn 0.9644 -0.2503 0.0858
vn 0.8840 0.4629 -0.0653
vn 0.7186 0.6525 -0.2406
vn 0.7425 0.6662 -0.0702
vn 0.7404 0.6683 -0.0722
vn 0.7298 0.6768 -0.0966
vn 0.9538 0.2912 0.0745
vn 0.8783 0.4653 -0.1098
vn 0.8869 0.4506 0.1016
vn 0.8267 0.4900 0.2765
vn 0.8639 0.4600 -0.2051
vn 0.8769 0.3868 -0.2852
vn 0.8836 0.2026 -0.4221
vn 0.3397 -0.0140 -0.9404
vn -0.3385 -0.1590 -0.9274
vn 0.6655 -0.0328 -0.7457
vn 0.9024 0.2475 -0.3529
vn 0.6794 -0.7174 -0.1544
vn 0.8024 -0.4665 -0.3723
vn 0.9939 0.1010 -0.0446
vn 0.7475 -0.6605 0.0706
vn 0.9341 -0.3543 -0.0444
vn 0.9486 -0.3143 0.0362
vn 0.9718 -0.1298 0.1968
vn 0.9276 -0.3302 -0.1748
vn 0.7047 -0.5629 0.4319
vn 0.5701 -0.8213 -0.0188
vn 0.9318 -0.2582 -0.2552
vn 0.9045 -0.3987 0.1513
vn 0.1526 -0.9881 -0.0212
vn -0.1342 -0.9906 -0.0251
vn -0.0346 -0.9953 -0.0910
vn 0.7697 -0.6097 0.1892
vn -0.2568 -0.9646 -0.0596
vn 0.8328 -0.5510 0.0536
vn -0.2427 -0.9682 -0.0599
vn 0.8184 -0.4482 0.3597
vn -0.2296 -0.9731 -0.0173
vn -0.2377 -0.9704 0.0434
vn 0.5590 -0.8247 -0.0855
vn -0.1343 -0.9909 -0.0093
vn 0.9583 0.2267 -0.1740
vn 0.8163 -0.4633 0.3450
vn -0.1485 -0.9889 -0.0063
vn 0.8131 -0.5736 -0.0990
vn -0.1054 -0.9944 -0.0032
vn -0.1109 -0.9937 -0.0173
vn 0.9763 -0.2139 0.0321
vn -0.0550 0.6757 -0.7351
vn 0.0697 0.5638 -0.8229
vn 0.0348 -0.0822 -0.9960
vn 0.0153 0.6304 -0.7761
vn -0.0576 -0.1686 -0.9840
vn -0.1037 0.0351 -0.9940
vn -0.0289 -0.9670 -0.2530
vn -0.1638 0.6182 -0.7688
vn 0.0084 -0.8843 -0.4669
vn 0.0897 0.1566 -0.9836
vn -0.2823 -0.1923 -0.9399
vn -0.7158 0.6941 -0.0771
vn -0.9877 0.0362 0.1520
vn 0.0800 -0.0033 -0.9968
vn -0.8225 -0.2168 -0.5258
vn -0.1336 -0.0834 -0.9875
vn -0.8654 -0.3204 -0.3853
vn 0.1072 -0.1146 -0.9876
vn -0.9222 -0.2798 -0.2671
vn 0.0214 -0.0083 -0.9997
vn -0.8998 -0.3417 -0.2712
vn 0.1899 0.0364 -0.9811
vn -0.8119 -0.5376 -0.2275
vn 0.2581 -0.0022 -0.9661
vn -0.4809 -0.8602 -0.1694
vn 0.1509 0.0044 -0.9885
vn 0.0139 -0.8715 -0.4901
vn -0.2021 -0.9774 -0.0615
vn -0.7603 0.5933 0.2645
vn -0.9398 0.2807 0.1950
vn -0.8719 0.4216 0.2491
vn -0.8222 0.4622 0.3323
vn 0.7543 0.6057 0.2535
vn 0.5549 0.5515 0.6228
vn 0.4483 0.0435 0.8928
vn -0.5337 -0.3218 0.7820
vn -0.4684 -0.3348 0.8176
vn 0.8460 0.2198 0.4858
vn 0.4842 0.0886 0.8705
vn 0.5738 0.1395 0.8070
vn 0.8717 0.4535 0.1858
vn 0.1101 -0.0496 0.9927
vn -0.4848 0.4179 0.7683
vn -0.8551 0.5094 0.0968
vn -0.6144 -0.0534 0.7872
vn -0.8976 0.4198 0.1345
vn 0.0448 -0.6203 0.7831
vn 0.0690 -0.5684 0.8198
vn 0.3552 -0.3681 0.8593
vn -0.6333 0.2764 0.7229
vn 0.5646 -0.2247 0.7942
vn -0.5781 -0.4384 0.6882
vn -0.9531 0.2192 0.2086
vn 0.6867 -0.3101 0.6575
vn -0.5849 -0.2840 0.7598
vn -0.9506 0.2101 0.2287
vn 0.6911 -0.3191 0.6485
vn 0.9167 -0.1500 -0.3704
vn -0.0000 1.0000 0.0056
vn 0.0281 0.9996 -0.0000
vn 0.0282 0.9996 -0.0000
vn -0.0000 1.0000 -0.0056
vn -0.0053 1.0000 -0.0000
vn -0.0000 0.0439 -0.9990
vn -0.0000 0.0442 -0.9990
vn -0.9989 0.0463 -0.0000
vn -0.9989 0.0468 -0.0000
vn -0.0000 0.0441 0.9990
vn 0.9989 0.0468 -0.0000
vn 0.9989 0.0463 -0.0000
vn -1.0000 0.0001 -0.0000
vn -1.0000 0.0003 -0.0000
vn 1.0000 0.0001 -0.0000
vn -0.0005 -0.0000 1.0000
vn -0.0006 -0.0000 1.0000
vn -0.0002 -0.0000 1.0000
vn 0.0011 -0.0000 1.0000
vn -0.0000 0.0009 1.0000
vn -0.0000 0.0006 1.0000
vn -0.0016 -0.0000 1.0000
vn -0.0000 -0.0021 1.0000
vn -0.0000 -0.0020 1.0000
vn 0.0016 -0.0000 1.0000
vn 1.0000 -0.0000 0.0053
vn -0.0000 1.0000 0.0051
vn -1.0000 -0.0000 0.0056
vn -0.0000 -1.0000 0.0002
vn 1.0000 0.0005 0.0002
vn -1.0000 0.0003 0.0001
vn -0.0000 0.0070 1.0000
vn -0.0000 0.0069 1.0000
vn 1.0000 0.0007 -0.0005
vn 0.0003 1.0000 0.0001
vn 0.0002 1.0000 0.0003
vn -1.0000 -0.0000 -0.0005
vn 0.0002 -1.0000 -0.0003
vn 0.0003 -1.0000 -0.0005
vn -0.0004 -1.0000 -0.0005
vn -0.0064 0.0003 -1.0000
vn 0.0001 -0.0016 -1.0000
vn 0.0001 -0.0000 -1.0000
vn -0.6866 0.0005 0.7270
vn 0.9462 0.0005 -0.3236
vn -0.0002 0.7257 -0.6880
vn -0.0001 -1.0000 -0.0000
vn -0.0000 -1.0000 0.0001
vn -0.9760 -0.1155 -0.1848
vn -0.9841 0.1193 -0.1319
vn -0.9254 0.0146 -0.3786
vn -0.9169 -0.0889 -0.3892
vn -0.8257 -0.4358 -0.3583
vn -0.9114 -0.4079 -0.0548
vn -0.9742 0.2256 0.0031
vn -0.9908 -0.1356 0.0026
vn -0.8709 -0.4915 0.0018
vn -0.9588 -0.1350 0.2498
vn -0.9582 0.1244 0.2577
vn -0.8906 -0.1452 0.4309
vn -0.9124 0.0510 0.4060
vn -0.8887 -0.4307 0.1570
vn -0.7413 -0.5091 0.4374
vn -0.8702 0.4924 0.0164
vn -0.8392 0.4788 -0.2578
vn -0.7718 0.6359 0.0017
vn -0.8728 0.4782 0.0982
vn -0.6169 0.6588 0.4306
vn -0.0163 0.5946 0.8039
vn -0.1328 0.9213 0.3656
vn -0.5252 0.1470 0.8382
vn -0.4985 -0.2030 0.8428
vn -0.3997 -0.4971 0.7701
vn 0.0043 0.5511 0.8344
vn -0.0037 0.1482 0.9890
vn 0.0399 -0.1530 0.9874
vn -0.3997 -0.4971 0.7702
vn -0.0502 -0.4008 0.9148
vn 0.0021 0.1726 0.9850
vn 0.0022 0.4422 0.8969
vn 0.0037 -0.1734 0.9848
vn 0.0041 -0.5322 0.8466
vn -0.0893 0.2547 0.9629
vn -0.0156 0.5447 0.8385
vn -0.0413 -0.1411 0.9891
vn 0.0885 -0.5001 0.8614
vn 0.4033 0.5631 0.7213
vn 0.5229 0.2133 0.8253
vn 0.5051 -0.1088 0.8562
vn 0.5348 -0.4927 0.6865
vn 0.9388 0.0248 0.3437
vn 0.8311 0.4519 0.3241
vn 0.9114 -0.0691 0.4057
vn 0.5050 -0.1088 0.8562
vn 0.5349 -0.4927 0.6864
vn 0.8512 -0.3698 0.3725
vn 0.3349 0.8717 0.3578
vn 0.0645 0.8458 0.5296
vn 0.0016 0.7843 0.6204
vn -0.0339 0.8784 0.4767
vn -0.5403 0.8133 0.2159
vn -0.1232 0.9868 0.1052
vn -0.3744 0.9273 -0.0014
vn -0.4967 0.8677 -0.0203
vn -0.2877 0.8702 -0.4000
vn -0.4468 0.3781 -0.8108
vn -0.5130 0.0487 -0.8570
vn -0.5414 -0.0699 -0.8378
vn -0.4628 -0.3736 -0.8039
vn -0.8256 -0.4358 -0.3584
vn 0.0010 0.9800 0.1991
vn -0.1065 0.9943 0.0005
vn -0.1090 0.9898 -0.0914
vn -0.0190 0.8297 -0.5579
vn 0.0171 0.4075 -0.9130
vn 0.0033 0.0766 -0.9971
vn -0.0331 -0.0454 -0.9984
vn -0.0327 -0.3823 -0.9235
vn 0.1516 0.9794 0.1337
vn 0.0006 1.0000 0.0008
vn -0.0000 0.9966 -0.0824
vn -0.0002 0.6062 -0.7953
vn -0.0032 0.2073 -0.9783
vn -0.0054 -0.1209 -0.9926
vn -0.0013 -0.4779 -0.8784
vn -0.1032 0.0964 -0.9900
vn -0.0493 -0.1621 -0.9855
vn 0.0066 -0.4324 -0.9017
vn 0.3457 0.1628 -0.9241
vn 0.0369 -0.1871 -0.9816
vn 0.4249 -0.4544 -0.7829
vn 0.5980 -0.1860 -0.7796
vn 0.6890 -0.4906 -0.5335
vn 0.7677 0.0862 -0.6350
vn 0.5824 0.6774 -0.4493
vn 0.1838 0.5782 -0.7949
vn 0.8914 0.0965 -0.4429
vn 0.8769 -0.1458 -0.4581
vn 0.8282 -0.4240 -0.3665
vn 0.2489 0.9685 0.0001
vn 0.5252 0.8488 0.0606
vn 0.6616 0.7473 -0.0614
vn 0.9543 0.2920 -0.0636
vn 0.7170 0.6970 0.0003
vn 0.8542 0.5173 0.0521
vn 0.2818 0.9519 -0.1203
vn -0.0460 0.5365 -0.8427
vn 0.1179 0.9001 -0.4194
vn -0.0021 0.9300 -0.3675
vn 0.9801 0.1252 0.1539
vn 0.9305 0.3663 -0.0029
vn 0.9828 -0.0981 -0.1567
vn 0.9279 -0.3562 -0.1099
vn 0.9970 0.0771 -0.0025
vn 0.9688 -0.0367 0.2449
vn 0.9172 -0.3905 0.0795
vn 0.9256 -0.3785 0.0012
vn -0.6872 -0.6929 -0.2184
vn -0.7909 -0.6119 -0.0024
vn -0.7916 -0.6111 -0.0001
vn -0.7696 -0.6364 0.0518
vn -0.6194 -0.7271 0.2961
vn -0.2243 -0.7290 0.6467
vn -0.2243 -0.7289 0.6468
vn 0.0072 -0.6517 0.7584
vn 0.0018 -0.6525 0.7578
vn 0.0410 -0.6690 0.7422
vn 0.3710 -0.7425 0.5577
vn 0.3711 -0.7425 0.5577
vn 0.7028 -0.6801 0.2085
vn -0.2459 -0.6979 -0.6727
vn -0.0162 -0.6149 -0.7884
vn 0.0013 -0.6060 -0.7954
vn 0.0061 -0.6091 -0.7930
vn 0.2748 -0.6963 -0.6630
vn 0.5447 -0.7139 -0.4400
vn 0.6869 -0.6804 -0.2552
vn 0.5447 -0.7139 -0.4399
vn 0.7979 -0.6017 -0.0366
vn 0.7928 -0.6080 0.0417
vn 0.8111 -0.5849 -0.0011
vn 0.0541 -0.0000 -0.9985
vn 0.0545 -0.0000 -0.9985
vn -0.0542 -0.0000 -0.9985
vn -0.2156 -0.0000 -0.9765
vn -0.4203 -0.0000 -0.9074
vn -0.6047 -0.0000 -0.7965
vn -0.7630 -0.0000 -0.6464
vn -0.8884 -0.0000 -0.4591
vn -0.9710 -0.0000 -0.2393
vn -0.9710 -0.0000 -0.2392
vn -0.9982 -0.0000 -0.0607
vn -0.9982 -0.0000 0.0607
vn -0.9710 -0.0000 0.2393
vn -0.8884 -0.0000 0.4592
vn -0.8884 -0.0000 0.4591
vn -0.7630 -0.0000 0.6464
vn -0.6047 -0.0000 0.7965
vn -0.4203 -0.0000 0.9074
vn -0.2156 -0.0000 0.9765
vn -0.0542 -0.0000 0.9985
vn 0.0541 -0.0000 0.9985
vn 0.0545 -0.0000 0.9985
vn 0.2156 -0.0000 0.9765
vn 0.4204 -0.0000 0.9073
vn 0.6045 -0.0000 0.7966
vn 0.6048 -0.0000 0.7964
vn 0.7628 -0.0000 0.6466
vn 0.8883 -0.0000 0.4593
vn 0.9710 -0.0000 0.2393
vn 0.9982 -0.0000 0.0607
vn 0.9982 -0.0000 -0.0607
vn 0.9710 -0.0000 -0.2392
vn 0.8883 -0.0000 -0.4593
vn 0.7628 -0.0000 -0.6466
vn 0.6048 -0.0000 -0.7964
vn 0.4204 -0.0000 -0.9073
vn 0.2156 -0.0000 -0.9765
vn -0.0677 0.9844 -0.1621
vn 0.1194 0.9760 -0.1823
vn 0.0821 0.9229 -0.3762
vn -0.1531 0.9283 -0.3389
vn 0.0278 0.7428 -0.6689
vn -0.2820 0.7417 -0.6085
vn -0.3787 0.4423 -0.8130
vn -0.0110 0.4442 -0.8959
vn -0.0185 -0.0239 -0.9995
vn -0.4223 -0.0228 -0.9062
vn 0.0019 -0.6222 -0.7829
vn -0.3303 -0.6217 -0.7102
vn -0.1108 -0.9641 -0.2413
vn 0.0329 -0.9622 -0.2703
vn -0.0495 -0.9987 -0.0155
vn -0.0021 -1.0000 -0.0023
vn -0.2749 0.9285 -0.2497
vn -0.1357 0.9841 -0.1142
vn -0.4921 0.7415 -0.4561
vn -0.6562 0.4422 -0.6115
vn -0.7312 -0.0227 -0.6818
vn -0.5732 -0.6219 -0.5335
vn -0.1954 -0.9639 -0.1809
vn 0.0027 -1.0000 -0.0031
vn -0.2056 0.9772 0.0530
vn -0.3793 0.9243 -0.0414
vn -0.6436 0.7429 -0.1841
vn -0.8482 0.4437 -0.2893
vn -0.9450 -0.0257 -0.3261
vn -0.7456 -0.6226 -0.2377
vn -0.2732 -0.9605 -0.0527
vn 0.0142 -0.9986 -0.0516
vn -0.1751 0.9844 0.0143
vn -0.1365 0.9760 -0.1699
vn -0.3326 0.9229 -0.1942
vn -0.3695 0.9283 0.0409
vn -0.6264 0.7446 -0.2306
vn -0.6659 0.7418 0.0801
vn -0.8562 0.4436 -0.2648
vn -0.8905 0.4418 0.1092
vn -0.9923 -0.0226 0.1216
vn -0.9562 -0.0257 -0.2917
vn -0.7774 -0.6218 0.0948
vn -0.7428 -0.6226 -0.2460
vn -0.2516 -0.9607 -0.1172
vn -0.2637 -0.9641 0.0309
vn -0.0227 -0.9984 0.0525
vn -0.0029 -1.0000 0.0013
vn -0.3225 0.9285 0.1842
vn -0.1506 0.9841 0.0938
vn -0.5859 0.7417 0.3265
vn -0.7846 0.4419 0.4349
vn -0.8744 -0.0227 0.4847
vn -0.6846 -0.6219 0.3803
vn -0.2323 -0.9639 0.1301
vn -0.0021 -1.0000 -0.0035
vn -0.1565 0.9244 0.3479
vn -0.0130 0.9772 0.2119
vn -0.3732 0.7432 0.5553
vn -0.5372 0.4434 0.7175
vn -0.6020 -0.0255 0.7981
vn -0.4562 -0.6228 0.6357
vn -0.1348 -0.9605 0.2434
vn -0.0447 -0.9986 -0.0294
vn -0.0405 0.9844 0.1710
vn -0.2037 0.9760 0.0774
vn -0.2875 0.9229 0.2561
vn -0.0753 0.9283 0.3641
vn -0.1295 0.7417 0.6581
vn -0.4156 0.7428 0.5249
vn -0.5169 0.4450 0.7313
vn -0.1713 0.4418 0.8806
vn -0.1910 -0.0226 0.9813
vn -0.5729 -0.0256 0.8192
vn -0.4629 -0.6213 0.6322
vn -0.1501 -0.6219 0.7685
vn -0.1854 -0.9622 0.1994
vn -0.0522 -0.9641 0.2603
vn 0.0309 -0.9987 0.0416
vn 0.0003 -1.0000 0.0031
vn 0.0757 0.9285 0.3636
vn 0.0427 0.9841 0.1722
vn 0.1295 0.7417 0.6581
vn 0.1711 0.4419 0.8806
vn 0.1911 -0.0227 0.9813
vn 0.1503 -0.6218 0.7686
vn 0.0519 -0.9639 0.2612
vn -0.0040 -1.0000 0.0009
vn 0.2825 0.9243 0.2565
vn 0.1975 0.9772 0.0779
vn 0.4128 0.7432 0.5266
vn 0.5164 0.4434 0.7326
vn 0.5729 -0.0257 0.8192
vn 0.4635 -0.6226 0.6305
vn 0.1900 -0.9605 0.2034
vn -0.0418 -0.9986 0.0334
vn 0.1561 0.9225 0.3530
vn 0.3230 0.9283 0.1841
vn 0.1501 0.9844 0.0914
vn 0.0104 0.9773 0.2118
vn 0.3707 0.7428 0.5575
vn 0.5859 0.7416 0.3267
vn 0.7846 0.4419 0.4349
vn 0.5355 0.4442 0.7183
vn 0.6016 -0.0248 0.7984
vn 0.8744 -0.0228 0.4848
vn 0.4564 -0.6226 0.6356
vn 0.6846 -0.6218 0.3803
vn 0.1348 -0.9605 0.2435
vn 0.2324 -0.9639 0.1299
vn 0.0447 -0.9986 -0.0294
vn 0.0021 -1.0000 -0.0035
vn 0.3700 0.9282 0.0397
vn 0.1769 0.9842 0.0126
vn 0.6660 0.7417 0.0792
vn 0.8903 0.4421 0.1088
vn 0.9923 -0.0226 0.1216
vn 0.7774 -0.6218 0.0948
vn 0.2642 -0.9640 0.0313
vn -0.0003 -1.0000 0.0041
vn 0.3322 0.9241 -0.1889
vn 0.1351 0.9772 -0.1638
vn 0.6286 0.7432 -0.2289
vn 0.8563 0.4437 -0.2642
vn 0.9562 -0.0256 -0.2916
vn 0.7427 -0.6227 -0.2462
vn 0.2522 -0.9605 -0.1178
vn 0.0189 -0.9986 0.0501
vn 0.1333 0.9844 -0.1145
vn 0.2047 0.9773 0.0555
vn 0.3840 0.9225 -0.0394
vn 0.2749 0.9283 -0.2503
vn 0.4916 0.7418 -0.4561
vn 0.6446 0.7430 -0.1804
vn 0.8480 0.4450 -0.2879
vn 0.6561 0.4419 -0.6118
vn 0.9450 -0.0257 -0.3261
vn 0.7313 -0.0228 -0.6817
vn 0.7456 -0.6226 -0.2376
vn 0.5734 -0.6218 -0.5335
vn 0.2725 -0.9607 -0.0531
vn 0.1953 -0.9641 -0.1800
vn -0.0125 -0.9984 -0.0558
vn 0.0016 -1.0000 -0.0027
vn 0.1528 0.9284 -0.3386
vn 0.0667 0.9841 -0.1644
vn 0.2818 0.7415 -0.6090
vn 0.3789 0.4421 -0.8130
vn 0.4223 -0.0226 -0.9062
vn 0.3304 -0.6218 -0.7101
vn 0.1114 -0.9639 -0.2417
vn 0.0038 -1.0000 0.0016
vn -0.0817 0.9232 -0.3756
vn -0.1174 0.9759 -0.1840
vn -0.0252 0.7442 -0.6675
vn 0.0125 0.4430 -0.8964
vn 0.0184 -0.0240 -0.9995
vn -0.0033 -0.6236 -0.7817
vn -0.0341 -0.9605 -0.2762
vn 0.0534 -0.9986 -0.0025
vn 0.3899 0.8563 -0.3387
vn 0.3167 0.9322 -0.1751
vn 0.0001 0.9837 -0.1800
vn -0.0000 0.9577 -0.2879
vn -0.0000 0.7971 -0.6039
vn 0.4621 0.6622 -0.5899
vn -0.0003 0.5071 -0.8619
vn 0.5119 0.3859 -0.7675
vn -0.0001 -0.0163 -0.9999
vn 0.5345 -0.0181 -0.8450
vn 0.4939 -0.5534 -0.6707
vn -0.0002 -0.7629 -0.6465
vn -0.0110 -0.9918 -0.1276
vn 0.3285 -0.9096 -0.2544
vn -0.1041 -0.9941 -0.0318
vn -0.0024 -0.9995 -0.0318
vn -0.2632 0.9312 0.2520
vn -0.4412 0.8561 0.2693
vn -0.2716 0.9582 -0.0900
vn -0.1728 0.9833 -0.0570
vn -0.7042 0.6609 0.2595
vn -0.5751 0.7966 -0.1862
vn -0.8884 0.3843 0.2511
vn -0.8197 0.5073 -0.2660
vn -0.9688 -0.0207 0.2469
vn -0.9510 -0.0168 -0.3088
vn -0.7900 -0.5551 0.2602
vn -0.6171 -0.7610 -0.2001
vn -0.3487 -0.9079 0.2328
vn -0.1174 -0.9918 -0.0498
vn 0.0090 -0.9949 -0.1009
vn -0.0294 -0.9995 -0.0121
vn 0.1582 0.9313 0.3281
vn 0.1197 0.8561 0.5027
vn -0.1671 0.9587 0.2299
vn -0.1080 0.9829 0.1489
vn 0.0291 0.6610 0.7499
vn -0.3557 0.7963 0.4892
vn -0.0358 0.3839 0.9227
vn -0.5069 0.5065 0.6975
vn -0.0645 -0.0206 0.9977
vn -0.5878 -0.0165 0.8088
vn 0.0036 -0.5552 0.8317
vn -0.3817 -0.7619 0.5232
vn 0.1142 -0.9074 0.4046
vn -0.0839 -0.9918 0.0964
vn -0.0931 -0.9949 -0.0397
vn -0.0206 -0.9995 0.0243
vn 0.1670 0.9588 0.2300
vn 0.1081 0.9830 0.1487
vn 0.3610 0.9313 -0.0491
vn 0.5150 0.8562 0.0416
vn 0.7222 0.6609 0.2040
vn 0.3552 0.7964 0.4895
vn 0.8664 0.3839 0.3194
vn 0.5067 0.5066 0.6976
vn 0.9289 -0.0207 0.3697
vn 0.5878 -0.0166 0.8088
vn 0.7921 -0.5553 0.2536
vn 0.3797 -0.7620 0.5245
vn 0.4208 -0.9070 0.0183
vn 0.0837 -0.9918 0.0966
vn -0.0733 -0.9945 0.0746
vn 0.0206 -0.9995 0.0243
vn 0.1994 0.8556 -0.4777
vn 0.2735 0.9578 -0.0887
vn 0.1712 0.9837 -0.0557
vn 0.0634 0.9320 -0.3569
vn 0.4169 0.6611 -0.6238
vn 0.5749 0.7968 -0.1858
vn 0.5714 0.3841 -0.7253
vn 0.8200 0.5067 -0.2663
vn 0.6386 -0.0208 -0.7693
vn 0.9509 -0.0171 -0.3090
vn 0.4856 -0.5551 -0.6753
vn 0.6164 -0.7619 -0.1992
vn 0.1475 -0.9069 -0.3946
vn 0.1278 -0.9909 -0.0415
vn 0.0483 -0.9945 0.0927
vn 0.0256 -0.9996 -0.0083
vn -0.3898 0.8564 -0.3386
vn -0.3168 0.9322 -0.1751
vn -0.0000 0.9837 -0.1800
vn -0.4626 0.6638 -0.5877
vn 0.0001 0.7971 -0.6039
vn -0.5129 0.3832 -0.7682
vn -0.0003 0.5072 -0.8619
vn -0.5345 -0.0182 -0.8450
vn -0.0000 -0.0163 -0.9999
vn -0.4924 -0.5561 -0.6695
vn -0.0002 -0.7630 -0.6464
vn -0.3297 -0.9070 -0.2622
vn -0.0111 -0.9918 -0.1276
vn 0.1031 -0.9945 -0.0173
vn -0.0687 0.9322 -0.3554
vn -0.2016 0.8564 -0.4754
vn -0.1728 0.9833 -0.0571
vn -0.4159 0.6633 -0.6222
vn -0.8197 0.5073 -0.2658
vn -0.5713 0.3843 -0.7252
vn -0.9510 -0.0168 -0.3087
vn -0.6385 -0.0205 -0.7693
vn -0.4863 -0.5550 -0.6749
vn -0.6171 -0.7610 -0.2002
vn -0.1472 -0.9076 -0.3932
vn -0.0483 -0.9945 0.0927
vn -0.3617 0.9313 -0.0440
vn -0.5138 0.8568 0.0443
vn -0.1671 0.9587 0.2300
vn -0.1080 0.9829 0.1488
vn -0.3556 0.7963 0.4893
vn -0.7202 0.6625 0.2060
vn -0.8653 0.3862 0.3195
vn -0.9290 -0.0204 0.3696
vn -0.7939 -0.5525 0.2539
vn -0.3815 -0.7619 0.5233
vn -0.4147 -0.9098 0.0147
vn -0.0840 -0.9918 0.0963
vn 0.0723 -0.9937 0.0852
vn -0.1583 0.9313 0.3282
vn -0.1168 0.8554 0.5046
vn 0.1080 0.9830 0.1487
vn 0.1670 0.9587 0.2301
vn 0.3554 0.7963 0.4895
vn -0.0270 0.6624 0.7487
vn 0.0372 0.3856 0.9219
vn 0.0649 -0.0196 0.9977
vn 0.3798 -0.7620 0.5245
vn -0.0031 -0.5552 0.8317
vn 0.0836 -0.9918 0.0966
vn -0.1136 -0.9079 0.4035
vn 0.0931 -0.9949 -0.0397
vn 0.2609 0.9322 0.2509
vn 0.4441 0.8554 0.2666
vn 0.5749 0.7968 -0.1860
vn 0.7037 0.6625 0.2568
vn 0.8200 0.5066 -0.2664
vn 0.8878 0.3863 0.2501
vn 0.9688 -0.0205 0.2471
vn 0.9509 -0.0171 -0.3091
vn 0.6164 -0.7618 -0.1992
vn 0.7901 -0.5551 0.2601
vn 0.1278 -0.9909 -0.0414
vn 0.3503 -0.9076 0.2316
vn -0.0154 -0.9945 -0.1034
vn 0.4998 -0.0000 -0.8661
vn -0.0002 -0.0000 -1.0000
vn -0.0002 -0.0528 -0.9986
vn 0.5041 -0.0456 -0.8624
vn 0.4969 0.0458 0.8666
vn 0.4999 -0.0000 0.8661
vn -0.0000 0.0528 0.9986
vn -0.0002 -0.1950 -0.9808
vn 0.5080 -0.1680 -0.8448
vn 0.8604 0.0994 0.4998
vn 0.4947 0.1695 0.8524
vn -0.8604 0.0994 0.4999
vn 0.5092 -0.3263 -0.7964
vn -0.0002 -0.3792 -0.9253
vn 0.9999 0.0063 0.0153
vn 0.8598 0.1936 0.4725
vn 0.4943 0.3296 0.8044
vn -0.0000 0.3791 0.9253
vn -0.8743 -0.1840 -0.4491
vn -0.0002 -0.5739 -0.8189
vn 0.5112 -0.4933 -0.7038
vn 0.8759 -0.2770 -0.3952
vn 0.8588 0.2940 0.4195
vn 0.4935 0.4992 0.7122
vn -0.0000 0.5739 0.8189
vn -0.9998 0.0113 0.0161
vn -0.0002 -0.7649 -0.6441
vn 0.5134 -0.6564 -0.5528
vn 0.4933 0.6653 0.5603
vn -0.0001 0.7649 0.6441
vn -0.8580 0.3928 0.3309
vn 0.5141 -0.7850 -0.3455
vn -0.0002 -0.9152 -0.4029
vn 0.4932 0.7962 0.3504
vn -0.0002 -0.9911 -0.1332
vn 0.5127 -0.8509 -0.1142
vn 0.4933 0.8621 0.1158
vn -0.0002 -1.0000 0.0015
vn 0.4999 -0.8661 0.0013
vn 0.4999 0.8661 -0.0013
vn -0.6689 -0.0000 -0.7434
vn -0.9497 -0.0528 -0.3088
vn -0.6641 -0.0456 -0.7463
vn -0.1998 -0.0260 -0.9795
vn -0.2079 -0.0000 -0.9781
vn 0.3172 0.0005 -0.9484
vn 0.3086 -0.0000 -0.9512
vn 0.7471 0.0267 -0.6641
vn 0.9778 0.0458 -0.2047
vn 0.9510 -0.0000 0.3090
vn 0.6708 0.0459 0.7402
vn 0.6691 -0.0000 0.7432
vn 0.9511 -0.0000 0.3090
vn 0.2141 0.0268 0.9764
vn 0.2080 -0.0000 0.9781
vn -0.3092 -0.0000 0.9510
vn -0.7373 -0.0261 0.6751
vn -0.7433 -0.0000 0.6689
vn -0.9760 -0.0456 0.2129
vn -0.9781 -0.0000 0.2080
vn -0.6467 -0.1681 -0.7440
vn -0.1848 -0.0951 -0.9782
vn 0.3229 0.0029 -0.9464
vn 0.7412 0.0994 -0.6639
vn 0.9635 0.1694 -0.2073
vn 0.9327 0.1950 0.3032
vn 0.2099 0.0995 0.9727
vn -0.2946 0.0031 0.9556
vn -0.7242 -0.0950 0.6830
vn -0.9605 -0.1680 0.2220
vn -0.6001 -0.3262 -0.7304
vn -0.8800 -0.3791 -0.2861
vn -0.1574 -0.1842 -0.9702
vn 0.3237 0.0064 -0.9461
vn 0.7151 0.1937 -0.6717
vn 0.9177 0.3296 -0.2218
vn 0.8801 0.3792 0.2859
vn 0.6122 0.3296 0.7188
vn 0.8800 0.3792 0.2859
vn 0.1839 0.1936 0.9637
vn -0.2940 0.0065 0.9558
vn -0.6973 -0.1840 0.6927
vn -0.7787 -0.5739 -0.2535
vn -0.5113 -0.4932 -0.7037
vn -0.1051 -0.2769 -0.9551
vn 0.3244 0.0114 -0.9459
vn 0.6644 0.2941 -0.6871
vn 0.8297 0.4990 -0.2501
vn 0.5245 0.4990 0.6898
vn 0.1336 0.2941 0.9464
vn -0.2935 0.0114 0.9559
vn -0.6463 -0.2768 0.7111
vn -0.8273 -0.4932 0.2689
vn -0.6126 -0.7649 -0.1990
vn -0.3670 -0.6564 -0.6591
vn 0.3231 0.0175 -0.9462
vn 0.5800 0.3930 -0.7135
vn 0.6853 0.6653 -0.2962
vn 0.6127 0.7649 0.1990
vn 0.3803 0.6653 0.6425
vn 0.0496 0.3930 0.9182
vn -0.2951 0.0172 0.9553
vn -0.5648 -0.3665 0.7394
vn -0.6843 -0.6562 0.3179
vn -0.3831 -0.9152 -0.1247
vn 0.0880 -0.4378 -0.8947
vn 0.4621 0.4709 -0.7514
vn 0.4857 0.7963 -0.3606
vn 0.3832 0.9153 0.1245
vn 0.1809 0.7961 0.5775
vn -0.2998 0.0219 0.9538
vn -0.4546 -0.4377 0.7758
vn -0.4874 -0.7851 0.3822
vn -0.1265 -0.9911 -0.0410
vn 0.0498 -0.8508 -0.5232
vn 0.2104 -0.4756 -0.8541
vn 0.3117 0.0216 -0.9499
vn 0.3301 0.5087 -0.7951
vn 0.2627 0.8618 -0.4339
vn 0.1266 0.9911 0.0411
vn -0.0425 0.8619 0.5053
vn -0.2003 0.5086 0.8374
vn -0.3062 0.0220 0.9517
vn -0.2672 -0.8509 0.4523
vn 0.0014 -1.0000 0.0005
vn 0.2683 -0.5001 -0.8234
vn 0.3091 0.0002 -0.9510
vn 0.2670 0.4997 -0.8240
vn 0.1534 0.8659 -0.4762
vn -0.0014 1.0000 -0.0005
vn -0.1557 0.8660 0.4751
vn -0.2684 0.4997 0.8236
vn -0.2669 -0.5000 0.8238
vn 0.9497 -0.0528 -0.3088
vn 0.9782 -0.0000 0.2078
vn 0.9510 -0.0000 -0.3092
vn 0.7433 -0.0000 0.6689
vn -0.2142 0.0268 0.9764
vn -0.2080 -0.0000 0.9781
vn -0.6691 -0.0000 0.7432
vn -0.6708 0.0459 0.7402
vn -0.9498 0.0528 0.3082
vn -0.9510 -0.0000 0.3091
vn -0.9781 -0.0000 -0.2080
vn -0.7472 0.0267 -0.6641
vn -0.7470 0.0267 -0.6643
vn -0.3172 0.0005 -0.9484
vn 0.1993 -0.0260 -0.9796
vn 0.2079 -0.0000 -0.9781
vn 0.6641 -0.0456 -0.7463
vn 0.6689 -0.0000 -0.7433
vn 0.9327 -0.1950 -0.3032
vn 0.7242 -0.0950 0.6830
vn 0.2952 0.0029 0.9554
vn -0.2099 0.0995 0.9727
vn -0.6575 0.1695 0.7341
vn -0.9327 0.1951 0.3033
vn -0.9635 0.1694 -0.2073
vn -0.7413 0.0994 -0.6637
vn -0.3230 0.0030 -0.9464
vn -0.7412 0.0994 -0.6638
vn 0.1848 -0.0950 -0.9782
vn 0.6466 -0.1680 -0.7441
vn 0.8800 -0.3792 -0.2861
vn 0.9147 -0.3263 0.2383
vn 0.2942 0.0063 0.9557
vn -0.1836 0.1936 0.9637
vn -0.6122 0.3296 0.7188
vn -0.8800 0.3792 0.2860
vn -0.9177 0.3297 -0.2217
vn -0.7152 0.1936 -0.6716
vn -0.3237 0.0064 -0.9461
vn 0.1574 -0.1841 -0.9702
vn 0.6001 -0.3262 -0.7304
vn 0.7788 -0.5739 -0.2530
vn 0.6464 -0.2769 0.7109
vn -0.1336 0.2941 0.9464
vn -0.7789 0.5740 0.2529
vn -0.8298 0.4990 -0.2500
vn -0.6644 0.2940 -0.6872
vn -0.3242 0.0112 -0.9459
vn 0.1051 -0.2769 -0.9551
vn 0.5114 -0.4933 -0.7037
vn 0.6844 -0.6565 0.3172
vn 0.6126 -0.7649 -0.1992
vn -0.0496 0.3929 0.9182
vn -0.3804 0.6652 0.6425
vn -0.6126 0.7649 0.1991
vn -0.6854 0.6651 -0.2965
vn -0.5798 0.3929 -0.7137
vn 0.0225 -0.3667 -0.9301
vn 0.3672 -0.6565 -0.6589
vn 0.3832 -0.9152 -0.1244
vn 0.4875 -0.7849 0.3825
vn 0.4546 -0.4376 0.7758
vn 0.2996 0.0223 0.9538
vn -0.1808 0.7961 0.5775
vn -0.3831 0.9153 0.1244
vn -0.4856 0.7963 -0.3607
vn -0.4620 0.4705 -0.7517
vn -0.3180 0.0216 -0.9478
vn 0.1695 -0.7849 -0.5960
vn 0.3318 -0.4755 0.8147
vn 0.3061 0.0220 0.9517
vn 0.2002 0.5086 0.8374
vn 0.0425 0.8619 0.5053
vn -0.1265 0.9911 0.0411
vn -0.2628 0.8618 -0.4339
vn -0.3117 0.0219 -0.9499
vn -0.2104 -0.4756 -0.8541
vn -0.0497 -0.8508 -0.5232
vn -0.0014 -1.0000 0.0004
vn 0.1534 -0.8659 0.4761
vn 0.2670 -0.4997 0.8240
vn 0.2683 0.5001 0.8234
vn -0.2669 0.4998 -0.8240
vn -0.3090 -0.0002 -0.9511
vn -0.2685 -0.4999 -0.8234
vn -0.1557 -0.8661 -0.4749
vn 0.5876 -0.0000 0.8091
vn 0.5873 -0.0528 0.8077
vn 0.1043 -0.0000 0.9945
vn -0.8142 0.0005 0.5806
vn -0.8090 -0.0000 0.5878
vn -0.9948 0.0267 0.0982
vn -0.9112 0.0458 -0.4094
vn -0.9135 -0.0000 -0.4069
vn -0.1080 0.0459 -0.9931
vn 0.4008 0.0267 -0.9158
vn 0.8039 0.0005 -0.5948
vn 0.9933 -0.0261 -0.1127
vn 0.9149 -0.0457 0.4010
vn 0.9137 -0.0000 0.4064
vn 0.5767 -0.1950 0.7934
vn 0.0857 -0.1680 0.9820
vn -0.4258 -0.0950 0.8998
vn -0.8175 0.0029 0.5760
vn -0.9899 0.0995 0.1011
vn -0.5766 0.1951 -0.7934
vn -0.1005 0.1695 -0.9804
vn 0.8005 0.0028 -0.5994
vn 0.9873 -0.0949 -0.1270
vn 0.9075 -0.1679 0.3850
vn 0.5443 -0.3792 0.7483
vn -0.4429 -0.1843 0.8774
vn -0.8180 0.0063 0.5751
vn -0.9733 0.1936 0.1233
vn -0.8729 0.3295 -0.3598
vn 0.4178 0.1937 -0.8877
vn 0.7997 0.0065 -0.6003
vn 0.9714 -0.1842 -0.1501
vn 0.8800 -0.3264 0.3451
vn -0.8185 0.0115 0.5744
vn -0.8181 0.4990 -0.2857
vn -0.4817 0.5739 -0.6623
vn -0.0186 0.4989 -0.8665
vn 0.7994 0.0113 -0.6007
vn 0.9409 -0.2768 -0.1953
vn 0.8274 -0.4931 0.2687
vn -0.7286 0.6652 -0.1632
vn -0.3789 0.7649 -0.5210
vn 0.0698 0.6653 -0.7433
vn 0.8003 0.0172 -0.5994
vn 0.8915 -0.3666 -0.2661
vn 0.7403 -0.6564 0.1454
vn 0.2369 -0.9152 0.3259
vn -0.5974 -0.4375 0.6720
vn -0.8144 0.0218 0.5799
vn -0.8156 0.4708 0.3364
vn -0.6049 0.7963 0.0062
vn 0.1930 0.7962 -0.5734
vn 0.5721 0.4706 -0.6717
vn 0.8030 0.0221 -0.5955
vn 0.8237 -0.4377 -0.3603
vn 0.6190 -0.7850 -0.0228
vn 0.0783 -0.9911 0.1076
vn -0.4674 0.8619 0.1965
vn -0.0784 0.9911 -0.1076
vn 0.3313 0.8620 -0.3837
vn 0.6542 0.5088 -0.5597
vn 0.6542 0.5087 -0.5597
vn 0.8071 0.0218 -0.5901
vn -0.4055 -0.8659 0.2930
vn -0.7011 -0.4998 0.5085
vn 0.7011 0.4999 -0.5085
vn 0.7011 0.5000 -0.5085
vn -0.5878 -0.0000 0.8090
vn -0.5870 -0.0528 0.8078
vn -0.9148 -0.0455 0.4014
vn -0.9933 -0.0261 -0.1128
vn -0.8040 0.0004 -0.5946
vn -0.4067 -0.0000 -0.9136
vn -0.4010 0.0266 -0.9157
vn 0.1077 0.0458 -0.9931
vn 0.1046 -0.0000 -0.9945
vn 0.5872 0.0528 -0.8077
vn 0.5880 -0.0000 -0.8088
vn 0.9112 0.0458 -0.4093
vn 0.9135 -0.0000 -0.4068
vn 0.9945 -0.0000 0.1049
vn 0.9136 -0.0000 -0.4066
vn 0.9948 0.0267 0.0982
vn 0.8140 0.0004 0.5808
vn 0.8091 -0.0000 0.5877
vn 0.4146 -0.0261 0.9096
vn 0.4068 -0.0000 0.9135
vn -0.0992 -0.0455 0.9940
vn -0.1046 -0.0000 0.9945
vn -0.5767 -0.1951 0.7933
vn -0.9874 -0.0951 -0.1265
vn -0.8005 0.0028 -0.5993
vn 0.1010 0.1696 -0.9803
vn 0.5766 0.1950 -0.7934
vn 0.9899 0.0995 0.1011
vn 0.9014 0.1695 -0.3984
vn 0.8177 0.0030 0.5756
vn 0.4257 -0.0950 0.8998
vn -0.0857 -0.1680 0.9821
vn -0.5443 -0.3792 0.7483
vn -0.8801 -0.3263 0.3450
vn -0.9713 -0.1842 -0.1502
vn -0.7997 0.0064 -0.6003
vn -0.4178 0.1937 -0.8877
vn 0.0725 0.3295 -0.9414
vn 0.5439 0.3792 -0.7486
vn 0.8728 0.3296 -0.3599
vn 0.8179 0.0062 0.5754
vn 0.4429 -0.1843 0.8774
vn -0.0565 -0.3264 0.9435
vn -0.4816 -0.5739 0.6623
vn -0.8272 -0.4933 0.2689
vn -0.9408 -0.2769 -0.1954
vn -0.7994 0.0113 -0.6007
vn 0.4814 0.5739 -0.6624
vn 0.8181 0.4991 -0.2858
vn 0.8181 0.4990 -0.2858
vn 0.9414 0.2941 0.1653
vn 0.8185 0.0115 0.5745
vn 0.4764 -0.2769 0.8345
vn -0.0003 -0.4933 0.8698
vn -0.7403 -0.6564 0.1453
vn -0.4996 0.3929 -0.7720
vn 0.3789 0.7649 -0.5210
vn 0.7285 0.6653 -0.1632
vn 0.7286 0.6653 -0.1632
vn 0.8886 0.3928 0.2367
vn 0.8174 0.0174 0.5758
vn 0.5287 -0.3665 0.7656
vn 0.0902 -0.6564 0.7490
vn -0.6189 -0.7851 -0.0225
vn -0.8237 -0.4377 -0.3603
vn -0.8030 0.0221 -0.5955
vn -0.5719 0.4708 -0.6718
vn 0.2368 0.9152 -0.3259
vn 0.6050 0.7962 0.0064
vn 0.8144 0.0218 0.5798
vn 0.5974 -0.4376 0.6720
vn 0.2128 -0.7849 0.5819
vn 0.0784 0.9911 -0.1076
vn 0.7344 0.5088 0.4492
vn 0.8105 0.0220 0.5853
vn 0.6723 -0.4755 0.5674
vn 0.3480 -0.8507 0.3940
vn 0.0010 -1.0000 -0.0011
vn -0.7001 -0.5000 -0.5097
vn -0.8090 0.0003 -0.5878
vn -0.7011 0.5000 -0.5084
vn -0.4053 0.8660 -0.2929
vn 0.7002 0.4999 0.5097
vn 0.4038 0.8660 0.2950
vn 0.8090 0.0002 0.5878
vn 0.7011 -0.4998 0.5085
vn 0.4055 -0.8659 0.2931
vn 0.9397 -0.0000 0.3420
vn -0.1737 -0.0000 0.9848
vn -0.5000 -0.0000 -0.8661
vn 0.7661 -0.0000 -0.6428
vn 0.8662 -0.0000 0.4997
vn 0.6429 -0.0000 0.7660
vn 0.6429 -0.0000 -0.7660
vn 0.5777 0.7071 0.4078
vn -0.5767 -0.0001 0.8169
vn 0.5767 0.0003 -0.8169
vn 0.5768 -0.0002 -0.8169
vn -0.4000 -0.0000 0.9165
vn -0.4001 0.0002 0.9165
vn 0.4000 -0.0000 -0.9165
vn -0.9164 -0.0000 -0.4003
vn -0.9989 0.0464 -0.0000
vn -0.9989 0.0465 -0.0000
vn -0.0000 0.0440 0.9990
vn 0.9989 0.0466 -0.0000
vn -1.0000 0.0002 -0.0000
vn -0.0013 -0.0000 1.0000
vn 0.0019 -0.0000 1.0000
vn 1.0000 -0.0000 0.0056
vn 1.0000 -0.0000 0.0052
vn -1.0000 -0.0000 0.0054
vn -0.0000 0.0071 1.0000
vn 0.0002 1.0000 0.0001
vn 0.0003 1.0000 -0.0000
vn 0.0001 -0.0015 -1.0000
vn -0.6859 0.0005 0.7277
vn 0.9456 0.0005 -0.3255
vn -0.0002 0.7261 -0.6875
vn -0.0545 -0.0000 -0.9985
vn -0.0541 -0.0000 -0.9985
vn -0.4201 -0.0000 -0.9075
vn -0.4200 -0.0000 -0.9075
vn -0.6048 -0.0000 -0.7964
vn -0.8883 -0.0000 -0.4593
vn -0.9709 -0.0000 -0.2395
vn -0.9710 -0.0000 -0.2391
vn -0.9709 -0.0000 0.2395
vn -0.8885 -0.0000 0.4589
vn -0.8884 -0.0000 0.4590
vn -0.6048 -0.0000 0.7964
vn -0.4204 -0.0000 0.9073
vn -0.0541 -0.0000 0.9985
vn 0.6047 -0.0000 0.7964
vn 0.7629 -0.0000 0.6465
vn 0.8883 -0.0000 0.4592
vn 0.9709 -0.0000 0.2393
vn 0.9710 -0.0000 -0.2393
vn 0.8883 -0.0000 -0.4592
vn 0.7629 -0.0000 -0.6465
vn 0.6047 -0.0000 -0.7964
vn -0.0686 0.9843 -0.1624
vn 0.0953 0.9789 -0.1806
vn 0.0716 0.9238 -0.3761
vn -0.1526 0.9284 -0.3387
vn 0.0248 0.7425 -0.6694
vn -0.2815 0.7420 -0.6085
vn -0.0081 0.4435 -0.8962
vn -0.0154 -0.0247 -0.9996
vn 0.0040 -0.6224 -0.7827
vn -0.3302 -0.6217 -0.7102
vn -0.1118 -0.9640 -0.2414
vn 0.0146 -0.9620 -0.2728
vn 0.0017 -1.0000 -0.0092
vn -0.0000 -1.0000 -0.0017
vn -0.2750 0.9284 -0.2498
vn -0.1333 0.9843 -0.1155
vn -0.4916 0.7421 -0.4557
vn -0.6561 0.4422 -0.6115
vn -0.1950 -0.9640 -0.1809
vn -0.0017 -1.0000 -0.0006
vn -0.2012 0.9789 0.0348
vn -0.3798 0.9238 -0.0481
vn -0.6442 0.7425 -0.1833
vn -0.8499 0.4435 -0.2846
vn -0.9459 -0.0247 -0.3235
vn -0.7456 -0.6224 -0.2380
vn -0.2640 -0.9619 -0.0703
vn -0.0093 -1.0000 -0.0013
vn -0.1757 0.9843 0.0150
vn -0.1423 0.9789 -0.1465
vn -0.3356 0.9238 -0.1843
vn -0.3693 0.9284 0.0405
vn -0.6289 0.7425 -0.2304
vn -0.6656 0.7421 0.0797
vn -0.8549 0.4435 -0.2693
vn -0.8903 0.4422 0.1090
vn -0.9923 -0.0229 0.1215
vn -0.9554 -0.0247 -0.2942
vn -0.7432 -0.6224 -0.2457
vn -0.2549 -0.9620 -0.0983
vn -0.2641 -0.9640 0.0317
vn -0.0083 -1.0000 -0.0045
vn -0.0016 -1.0000 -0.0006
vn -0.3230 0.9283 0.1841
vn -0.1510 0.9843 0.0911
vn -0.5854 0.7420 0.3267
vn -0.7844 0.4421 0.4350
vn -0.8744 -0.0227 0.4848
vn -0.6846 -0.6218 0.3803
vn -0.2323 -0.9640 0.1296
vn -0.0010 -1.0000 0.0014
vn -0.1632 0.9238 0.3464
vn -0.0290 0.9789 0.2021
vn -0.3734 0.7425 0.5561
vn -0.5334 0.4435 0.7203
vn -0.6000 -0.0247 0.7996
vn -0.4566 -0.6225 0.6356
vn -0.1485 -0.9620 0.2293
vn -0.0041 -1.0000 0.0084
vn -0.0400 0.9843 0.1717
vn -0.1833 0.9789 0.0901
vn -0.2790 0.9238 0.2622
vn -0.0757 0.9284 0.3638
vn -0.1298 0.7421 0.6576
vn -0.4135 0.7425 0.5270
vn -0.5203 0.4435 0.7298
vn -0.1715 0.4423 0.8803
vn -0.5750 -0.0247 0.8177
vn -0.4633 -0.6224 0.6309
vn -0.1722 -0.9620 0.2121
vn -0.0512 -0.9640 0.2610
vn -0.0068 -1.0000 0.0065
vn 0.0756 0.9284 0.3637
vn 0.0400 0.9843 0.1717
vn 0.1298 0.7420 0.6577
vn 0.1716 0.4422 0.8804
vn 0.0514 -0.9640 0.2611
vn 0.0011 -1.0000 0.0014
vn 0.2790 0.9238 0.2622
vn 0.1833 0.9789 0.0901
vn 0.4135 0.7425 0.5270
vn 0.5203 0.4435 0.7298
vn 0.5751 -0.0247 0.8177
vn 0.4634 -0.6224 0.6308
vn 0.1723 -0.9619 0.2121
vn 0.0068 -1.0000 0.0065
vn 0.1631 0.9238 0.3464
vn 0.3227 0.9284 0.1843
vn 0.1509 0.9843 0.0911
vn 0.0291 0.9789 0.2022
vn 0.3733 0.7425 0.5562
vn 0.5854 0.7420 0.3267
vn 0.7843 0.4422 0.4351
vn 0.5333 0.4435 0.7204
vn 0.6000 -0.0247 0.7996
vn 0.8744 -0.0227 0.4848
vn 0.4568 -0.6224 0.6356
vn 0.6847 -0.6218 0.3803
vn 0.1485 -0.9620 0.2293
vn 0.2324 -0.9640 0.1293
vn 0.0041 -1.0000 0.0085
vn 0.0010 -1.0000 0.0014
vn 0.3693 0.9284 0.0405
vn 0.1757 0.9843 0.0150
vn 0.6656 0.7420 0.0798
vn 0.8903 0.4422 0.1088
vn 0.9923 -0.0229 0.1215
vn 0.7774 -0.6219 0.0948
vn 0.2642 -0.9639 0.0318
vn 0.0016 -1.0000 -0.0006
vn 0.3356 0.9238 -0.1843
vn 0.1423 0.9789 -0.1465
vn 0.6290 0.7425 -0.2304
vn 0.8549 0.4435 -0.2693
vn 0.9554 -0.0247 -0.2942
vn 0.7432 -0.6224 -0.2457
vn 0.2549 -0.9619 -0.0983
vn 0.0083 -1.0000 -0.0044
vn 0.1333 0.9843 -0.1155
vn 0.2013 0.9789 0.0348
vn 0.3799 0.9238 -0.0481
vn 0.2750 0.9284 -0.2498
vn 0.4916 0.7421 -0.4557
vn 0.6443 0.7425 -0.1833
vn 0.8499 0.4435 -0.2847
vn 0.6562 0.4424 -0.6113
vn 0.9459 -0.0247 -0.3235
vn 0.7456 -0.6224 -0.2380
vn 0.2640 -0.9620 -0.0704
vn 0.1955 -0.9639 -0.1808
vn 0.0093 -1.0000 -0.0012
vn 0.0016 -1.0000 -0.0005
vn 0.1527 0.9284 -0.3387
vn 0.0686 0.9843 -0.1624
vn 0.2817 0.7419 -0.6084
vn 0.3788 0.4422 -0.8130
vn 0.4223 -0.0225 -0.9062
vn 0.1119 -0.9639 -0.2414
vn -0.0716 0.9238 -0.3761
vn -0.0953 0.9789 -0.1806
vn -0.0248 0.7425 -0.6694
vn 0.0081 0.4435 -0.8962
vn 0.0154 -0.0247 -0.9996
vn -0.0041 -0.6224 -0.7827
vn -0.0146 -0.9620 -0.2728
vn -0.0017 -1.0000 -0.0092
vn 0.3896 0.8568 -0.3378
vn 0.3195 0.9316 -0.1735
vn -0.0000 0.9833 -0.1818
vn -0.0000 0.9588 -0.2840
vn 0.0001 0.7980 -0.6027
vn 0.4676 0.6598 -0.5883
vn 0.0002 0.5091 -0.8607
vn 0.5157 0.3840 -0.7659
vn -0.0000 -0.0166 -0.9999
vn 0.5361 -0.0193 -0.8439
vn 0.4933 -0.5537 -0.6709
vn -0.0003 -0.7634 -0.6460
vn 0.0001 -0.9920 -0.1260
vn 0.2861 -0.9220 -0.2607
vn 0.0116 -0.9997 -0.0235
vn -0.0000 -0.9995 -0.0302
vn -0.2637 0.9316 0.2503
vn -0.4416 0.8569 0.2660
vn -0.2700 0.9588 -0.0877
vn -0.1730 0.9833 -0.0561
vn -0.7040 0.6599 0.2627
vn -0.5731 0.7980 -0.1864
vn -0.8878 0.3840 0.2537
vn -0.8184 0.5092 -0.2663
vn -0.9683 -0.0193 0.2490
vn -0.9509 -0.0166 -0.3089
vn -0.7904 -0.5537 0.2620
vn -0.6144 -0.7634 -0.1994
vn -0.3365 -0.9220 0.1917
vn -0.1198 -0.9920 -0.0390
vn -0.0259 -0.9997 0.0037
vn -0.0287 -0.9995 -0.0094
vn 0.1565 0.9315 0.3282
vn 0.1166 0.8568 0.5022
vn -0.1669 0.9588 0.2297
vn -0.1068 0.9833 0.1471
vn 0.0324 0.6599 0.7507
vn -0.3544 0.7980 0.4874
vn -0.0330 0.3840 0.9227
vn -0.5060 0.5092 0.6962
vn -0.0625 -0.0193 0.9979
vn -0.5877 -0.0166 0.8089
vn 0.0047 -0.5538 0.8326
vn -0.3796 -0.7634 0.5226
vn 0.0783 -0.9220 0.3793
vn -0.0741 -0.9920 0.1020
vn -0.0045 -0.9997 0.0258
vn -0.0178 -0.9995 0.0244
vn 0.1669 0.9588 0.2297
vn 0.1068 0.9833 0.1470
vn 0.3605 0.9316 -0.0475
vn 0.5136 0.8569 0.0443
vn 0.7239 0.6599 0.2012
vn 0.3540 0.7980 0.4877
vn 0.8674 0.3840 0.3166
vn 0.5058 0.5091 0.6964
vn 0.9297 -0.0193 0.3679
vn 0.5877 -0.0166 0.8089
vn 0.7935 -0.5537 0.2527
vn 0.3798 -0.7634 0.5225
vn 0.3849 -0.9220 0.0427
vn 0.0741 -0.9920 0.1020
vn 0.0231 -0.9997 0.0122
vn 0.0177 -0.9995 0.0244
vn 0.2009 0.8569 -0.4748
vn 0.2700 0.9588 -0.0877
vn 0.1729 0.9833 -0.0562
vn 0.0663 0.9316 -0.3575
vn 0.4150 0.6598 -0.6264
vn 0.5732 0.7980 -0.1860
vn 0.5691 0.3840 -0.7271
vn 0.8186 0.5092 -0.2658
vn 0.6370 -0.0193 -0.7706
vn 0.9509 -0.0166 -0.3089
vn 0.4855 -0.5537 -0.6765
vn 0.6143 -0.7634 -0.1997
vn 0.1595 -0.9220 -0.3528
vn 0.1198 -0.9920 -0.0389
vn 0.0188 -0.9997 -0.0182
vn 0.0287 -0.9995 -0.0092
vn -0.3895 0.8569 -0.3378
vn -0.3195 0.9316 -0.1735
vn -0.4674 0.6599 -0.5883
vn 0.0002 0.7980 -0.6026
vn -0.5157 0.3840 -0.7659
vn -0.5360 -0.0193 -0.8440
vn 0.0001 -0.0167 -0.9999
vn -0.4933 -0.5538 -0.6708
vn -0.0002 -0.7634 -0.6459
vn -0.2863 -0.9220 -0.2608
vn -0.0001 -0.9920 -0.1260
vn -0.0115 -0.9997 -0.0235
vn 0.0001 -0.9995 -0.0302
vn -0.0663 0.9316 -0.3575
vn -0.2009 0.8568 -0.4749
vn -0.1729 0.9833 -0.0562
vn -0.2701 0.9588 -0.0877
vn -0.4149 0.6598 -0.6265
vn -0.8185 0.5091 -0.2661
vn -0.5690 0.3840 -0.7272
vn -0.9509 -0.0166 -0.3090
vn -0.6370 -0.0193 -0.7706
vn -0.4856 -0.5538 -0.6765
vn -0.1595 -0.9220 -0.3528
vn -0.0188 -0.9997 -0.0182
vn -0.0287 -0.9995 -0.0093
vn -0.3605 0.9316 -0.0474
vn -0.1069 0.9833 0.1471
vn -0.7241 0.6598 0.2010
vn -0.8674 0.3840 0.3164
vn -0.9297 -0.0192 0.3677
vn -0.7935 -0.5536 0.2526
vn -0.3795 -0.7634 0.5227
vn -0.3848 -0.9220 0.0427
vn -0.0742 -0.9920 0.1019
vn -0.0177 -0.9995 0.0244
vn -0.0232 -0.9997 0.0122
vn -0.1565 0.9316 0.3282
vn -0.1167 0.8568 0.5023
vn 0.1068 0.9833 0.1471
vn 0.1669 0.9588 0.2298
vn 0.3542 0.7980 0.4876
vn -0.0325 0.6598 0.7507
vn 0.0329 0.3840 0.9228
vn 0.0624 -0.0193 0.9979
vn 0.3799 -0.7634 0.5225
vn -0.0047 -0.5537 0.8327
vn 0.0740 -0.9920 0.1020
vn -0.0782 -0.9220 0.3791
vn 0.0044 -0.9997 0.0258
vn 0.2638 0.9316 0.2502
vn 0.4416 0.8568 0.2661
vn 0.2701 0.9588 -0.0878
vn 0.5732 0.7980 -0.1861
vn 0.7039 0.6598 0.2630
vn 0.8186 0.5091 -0.2658
vn 0.8878 0.3840 0.2538
vn 0.9683 -0.0193 0.2490
vn 0.9509 -0.0166 -0.3090
vn 0.6143 -0.7634 -0.1999
vn 0.7904 -0.5538 0.2618
vn 0.1199 -0.9920 -0.0389
vn 0.3364 -0.9220 0.1916
vn 0.0287 -0.9995 -0.0093
vn 0.0259 -0.9997 0.0038
vn 0.6864 0.2861 0.6686
vn 0.6121 0.5268 0.5897
vn 0.8723 0.4227 0.2457
vn 0.9504 0.2035 0.2352
vn 0.8842 0.3945 0.2501
vn 0.9292 0.2153 0.3004
vn 0.6711 0.2715 0.6899
vn 0.6383 0.4341 0.6357
vn 0.2719 0.2840 0.9195
vn 0.2776 0.4804 0.8320
vn 0.2709 0.7563 0.5955
vn 0.6423 0.6582 0.3929
vn 0.6914 0.6906 0.2124
vn 0.4070 0.8086 0.4249
vn 0.3886 0.9084 0.1540
vn 0.4662 0.8587 0.2127
vn 0.1875 0.9545 0.2318
vn 0.1353 0.9852 0.1050
vn 0.0735 0.9918 0.1046
vn 0.0352 0.9937 0.1064
vn 0.0686 0.9829 0.1711
vn 0.0210 0.9948 0.0994
vn 0.0079 0.9964 0.0850
vn 0.1707 0.5123 0.8417
vn 0.1213 0.7768 0.6180
vn 0.0624 0.9394 0.3370
vn -0.0000 0.7269 0.6867
vn -0.0000 0.9185 0.3955
vn 0.0181 0.9929 0.1177
vn -0.0000 0.4661 0.8847
vn 0.2073 0.2733 0.9393
vn 0.9578 0.1436 0.2489
vn 0.7142 0.1812 0.6761
vn 0.9346 0.1661 0.3146
vn 0.6724 0.2190 0.7071
vn 0.2924 0.2187 0.9310
vn 0.9270 -0.1383 0.3487
vn 0.9607 0.1269 0.2470
vn 0.7787 -0.4928 0.3882
vn 0.6357 -0.2554 0.7285
vn 0.4509 -0.7007 0.5529
vn 0.3743 -0.2511 0.8926
vn 0.3756 -0.8005 0.4670
vn 0.2461 0.1691 0.9544
vn 0.7143 0.1677 0.6794
vn 0.2463 0.1581 0.9562
vn -0.0000 0.1488 0.9889
vn -0.0000 0.1395 0.9902
vn 0.2095 0.9311 0.2985
vn -0.7045 0.6601 0.2608
vn -0.6853 0.7205 0.1062
vn -0.6776 0.5541 0.4836
vn -0.6723 0.3231 0.6660
vn -0.6943 0.1278 0.7082
vn -0.0000 0.2487 0.9686
vn -0.7044 0.6601 0.2607
vn -0.6852 0.7206 0.1061
vn -0.6663 0.0791 0.7414
vn -0.5313 -0.2690 0.8033
vn -0.4013 -0.7772 0.4847
vn -0.8028 -0.5829 0.1254
vn -0.7189 0.6931 0.0528
vn -0.9952 -0.0951 0.0237
vn -0.9838 -0.1781 0.0194
vn -0.9711 -0.2377 0.0205
vn -0.7495 0.6606 -0.0418
vn -0.9944 -0.1025 -0.0255
vn -0.6852 0.7206 0.1062
vn -0.9732 -0.2272 -0.0366
vn -0.7314 0.6380 -0.2409
vn -0.9826 -0.1187 -0.1426
vn -0.7495 0.6607 -0.0418
vn -0.5871 0.6090 -0.5333
vn -0.7313 0.6381 -0.2409
vn -0.9021 -0.1478 -0.4053
vn -0.5871 0.6091 -0.5332
vn -0.6398 -0.1679 -0.7500
vn -0.3172 0.6234 -0.7146
vn -0.1333 0.6629 -0.7368
vn -0.0466 0.6530 -0.7559
vn -0.3173 0.6234 -0.7146
vn -0.3138 -0.1571 -0.9364
vn -0.1342 -0.1422 -0.9807
vn -0.1332 0.6629 -0.7367
vn -0.0465 0.6530 -0.7559
vn -0.0371 -0.1301 -0.9908
vn -0.0000 0.7500 -0.6614
vn -0.0000 -0.1235 -0.9923
vn -0.0241 -0.2747 -0.9612
vn -0.1070 -0.3004 -0.9478
vn -0.2541 -0.2888 -0.9231
vn -0.2318 -0.4282 -0.8734
vn -0.0939 -0.4403 -0.8929
vn -0.5554 -0.3016 -0.7750
vn -0.4851 -0.4372 -0.7573
vn -0.8354 -0.2748 -0.4760
vn -0.9593 -0.2400 -0.1490
vn -0.8557 -0.3771 -0.3544
vn -0.9711 -0.2377 0.0206
vn -0.9363 -0.3482 -0.0464
vn -0.0160 -0.3986 -0.9170
vn -0.0000 -0.2533 -0.9674
vn -0.0000 -0.3729 -0.9279
vn -0.8723 0.4228 0.2457
vn -0.6122 0.5268 0.5897
vn -0.6864 0.2861 0.6686
vn -0.9504 0.2035 0.2352
vn -0.9292 0.2153 0.3004
vn -0.8842 0.3945 0.2501
vn -0.6711 0.2715 0.6899
vn -0.6383 0.4341 0.6357
vn -0.2719 0.2840 0.9195
vn -0.2776 0.4804 0.8320
vn -0.2709 0.7563 0.5955
vn -0.6422 0.6582 0.3929
vn -0.6914 0.6906 0.2124
vn -0.4070 0.8086 0.4249
vn -0.4662 0.8587 0.2127
vn -0.3886 0.9084 0.1540
vn -0.1875 0.9545 0.2318
vn -0.1353 0.9852 0.1049
vn -0.0735 0.9918 0.1046
vn -0.0352 0.9937 0.1064
vn -0.0686 0.9829 0.1711
vn -0.0078 0.9964 0.0850
vn -0.0210 0.9948 0.0994
vn -0.1707 0.5122 0.8417
vn -0.1213 0.7768 0.6180
vn -0.0624 0.9394 0.3370
vn -0.0181 0.9929 0.1177
vn -0.2074 0.2733 0.9393
vn -0.7142 0.1812 0.6761
vn -0.9578 0.1436 0.2489
vn -0.9346 0.1661 0.3146
vn -0.6724 0.2190 0.7071
vn -0.2923 0.2187 0.9310
vn -0.9607 0.1269 0.2470
vn -0.9270 -0.1383 0.3487
vn -0.7787 -0.4928 0.3882
vn -0.6357 -0.2554 0.7285
vn -0.4509 -0.7008 0.5529
vn -0.3743 -0.2511 0.8926
vn -0.3756 -0.8005 0.4670
vn -0.2461 0.1691 0.9544
vn -0.2463 0.1581 0.9562
vn -0.7143 0.1677 0.6794
vn -0.2095 0.9311 0.2985
vn 0.7045 0.6601 0.2608
vn 0.6853 0.7205 0.1062
vn 0.6776 0.5541 0.4836
vn 0.6724 0.3231 0.6660
vn 0.6944 0.1280 0.7081
vn 0.7044 0.6601 0.2608
vn 0.6663 0.0791 0.7415
vn 0.5313 -0.2690 0.8034
vn 0.4012 -0.7772 0.4847
vn 0.8028 -0.5829 0.1254
vn 0.7189 0.6931 0.0528
vn 0.9838 -0.1781 0.0194
vn 0.9952 -0.0951 0.0237
vn 0.9711 -0.2377 0.0206
vn 0.7495 0.6606 -0.0418
vn 0.6852 0.7205 0.1062
vn 0.9944 -0.1025 -0.0256
vn 0.7189 0.6931 0.0529
vn 0.9731 -0.2273 -0.0366
vn 0.7314 0.6380 -0.2409
vn 0.9826 -0.1187 -0.1426
vn 0.7495 0.6607 -0.0418
vn 0.5871 0.6090 -0.5333
vn 0.9021 -0.1478 -0.4054
vn 0.7313 0.6381 -0.2409
vn 0.6397 -0.1679 -0.7500
vn 0.5871 0.6091 -0.5333
vn 0.3173 0.6234 -0.7146
vn 0.1332 0.6629 -0.7368
vn 0.0465 0.6530 -0.7559
vn 0.3138 -0.1571 -0.9364
vn 0.1342 -0.1422 -0.9807
vn 0.1332 0.6629 -0.7367
vn 0.0371 -0.1301 -0.9908
vn 0.1070 -0.3004 -0.9478
vn 0.0241 -0.2747 -0.9612
vn 0.2541 -0.2888 -0.9231
vn 0.2318 -0.4282 -0.8734
vn 0.0939 -0.4403 -0.8929
vn 0.5553 -0.3016 -0.7750
vn 0.4852 -0.4371 -0.7573
vn 0.8354 -0.2748 -0.4761
vn 0.9593 -0.2400 -0.1490
vn 0.8557 -0.3771 -0.3544
vn 0.9363 -0.3482 -0.0464
vn 0.0160 -0.3986 -0.9170
vn 0.0297 -0.9835 0.1785
vn 0.0296 -0.9835 0.1785
vn 0.1189 -0.8526 0.5088
vn 0.1188 -0.8526 0.5090
vn 0.1187 -0.8525 0.5091
vn 0.1877 -0.6199 0.7619
vn 0.1878 -0.6200 0.7618
vn 0.2347 -0.2562 0.9377
vn 0.2346 -0.2563 0.9377
vn 0.2347 -0.2561 0.9377
vn 0.2309 0.3006 0.9254
vn 0.2309 0.3005 0.9254
vn 0.1099 0.8834 0.4556
vn 0.1101 0.8832 0.4559
vn 0.1102 0.8831 0.4560
vn 0.1101 0.8832 0.4558
vn -0.0001 1.0000 0.0035
vn 0.1065 -0.9835 0.1465
vn 0.3093 -0.8503 0.4257
vn 0.3093 -0.8504 0.4257
vn 0.4629 -0.6162 0.6371
vn 0.4629 -0.6163 0.6371
vn 0.5686 -0.2537 0.7825
vn 0.5686 -0.2538 0.7825
vn 0.5611 0.2978 0.7723
vn 0.5611 0.2979 0.7723
vn 0.2772 0.8818 0.3815
vn -0.0000 1.0000 0.0001
vn 0.1605 -0.9835 0.0834
vn 0.1605 -0.9835 0.0833
vn 0.4473 -0.8526 0.2703
vn 0.4474 -0.8525 0.2702
vn 0.4472 -0.8526 0.2703
vn 0.6664 -0.6201 0.4138
vn 0.6664 -0.6200 0.4140
vn 0.6664 -0.6201 0.4140
vn 0.8193 -0.2561 0.5130
vn 0.8193 -0.2562 0.5130
vn 0.8193 -0.2563 0.5129
vn 0.8193 -0.2562 0.5129
vn 0.8088 0.3002 0.5058
vn 0.8088 0.3005 0.5056
vn 0.3998 0.8831 0.2455
vn 0.3994 0.8833 0.2455
vn 0.3992 0.8834 0.2455
vn 0.0033 1.0000 0.0010
vn 0.1790 -0.9835 0.0267
vn 0.1789 -0.9835 0.0270
vn 0.1789 -0.9835 0.0269
vn 0.5207 -0.8526 0.0441
vn 0.5208 -0.8526 0.0443
vn 0.5208 -0.8525 0.0444
vn 0.5208 -0.8525 0.0443
vn 0.7824 -0.6202 0.0569
vn 0.7825 -0.6201 0.0568
vn 0.9643 -0.2562 0.0666
vn 0.9644 -0.2559 0.0667
vn 0.9643 -0.2563 0.0665
vn 0.9515 0.3004 0.0663
vn 0.9515 0.3006 0.0664
vn 0.9514 0.3006 0.0664
vn 0.9515 0.3005 0.0663
vn 0.4674 0.8833 0.0363
vn 0.4675 0.8833 0.0362
vn 0.4676 0.8832 0.0361
vn 0.0033 1.0000 0.0012
vn 0.0033 1.0000 0.0011
vn 0.1723 -0.9835 -0.0560
vn 0.5005 -0.8504 -0.1626
vn 0.5005 -0.8503 -0.1626
vn 0.7490 -0.6163 -0.2433
vn 0.7490 -0.6163 -0.2434
vn 0.9199 -0.2537 -0.2989
vn 0.9079 0.2978 -0.2950
vn 0.9079 0.2979 -0.2950
vn 0.4485 0.8818 -0.1458
vn 0.4485 0.8818 -0.1457
vn 0.0001 1.0000 -0.0000
vn 0.1289 -0.9835 -0.1269
vn 0.1288 -0.9835 -0.1270
vn 0.3953 -0.8525 -0.3419
vn 0.3953 -0.8526 -0.3419
vn 0.3951 -0.8526 -0.3420
vn 0.5995 -0.6202 -0.5059
vn 0.5997 -0.6200 -0.5059
vn 0.7410 -0.2563 -0.6207
vn 0.7411 -0.2561 -0.6207
vn 0.7308 0.3005 -0.6129
vn 0.7307 0.3006 -0.6130
vn 0.3571 0.8831 -0.3044
vn 0.3569 0.8833 -0.3040
vn 0.3569 0.8834 -0.3038
vn 0.3570 0.8832 -0.3042
vn 0.0019 1.0000 -0.0029
vn 0.0020 1.0000 -0.0029
vn 0.0809 -0.9835 -0.1618
vn 0.2034 -0.8524 -0.4816
vn 0.2031 -0.8525 -0.4816
vn 0.2029 -0.8526 -0.4815
vn 0.2031 -0.8526 -0.4816
vn 0.2959 -0.6202 -0.7265
vn 0.2958 -0.6201 -0.7267
vn 0.2958 -0.6201 -0.7266
vn 0.3611 -0.2565 -0.8965
vn 0.3614 -0.2561 -0.8966
vn 0.3613 -0.2562 -0.8966
vn 0.3613 -0.2563 -0.8965
vn 0.3571 0.3004 -0.8844
vn 0.3571 0.3006 -0.8844
vn 0.3573 0.3010 -0.8842
vn 0.3571 0.3005 -0.8844
vn 0.1787 0.8834 -0.4333
vn 0.1788 0.8833 -0.4334
vn 0.1791 0.8831 -0.4337
vn 0.1790 0.8832 -0.4336
vn 0.0021 1.0000 -0.0028
vn -0.0000 -0.9835 -0.1811
vn -0.0000 -0.9835 -0.1812
vn -0.0000 -0.8503 -0.5262
vn -0.0000 -0.6163 -0.7875
vn -0.0000 -0.2538 -0.9673
vn -0.0000 0.2979 -0.9546
vn -0.0000 0.8818 -0.4716
vn -0.0000 1.0000 -0.0001
vn -0.0809 -0.9835 -0.1618
vn -0.2029 -0.8526 -0.4815
vn -0.2031 -0.8525 -0.4816
vn -0.2031 -0.8526 -0.4816
vn -0.2030 -0.8526 -0.4816
vn -0.2958 -0.6200 -0.7267
vn -0.2960 -0.6199 -0.7267
vn -0.2958 -0.6201 -0.7267
vn -0.3613 -0.2562 -0.8966
vn -0.3572 0.3004 -0.8844
vn -0.3571 0.3007 -0.8844
vn -0.3569 0.3010 -0.8843
vn -0.1791 0.8831 -0.4337
vn -0.1789 0.8833 -0.4334
vn -0.1787 0.8834 -0.4333
vn -0.1789 0.8832 -0.4335
vn -0.0021 1.0000 -0.0028
vn -0.0022 1.0000 -0.0028
vn -0.1288 -0.9835 -0.1270
vn -0.1289 -0.9835 -0.1270
vn -0.1291 -0.9835 -0.1269
vn -0.3953 -0.8525 -0.3420
vn -0.3952 -0.8526 -0.3420
vn -0.3951 -0.8526 -0.3420
vn -0.5997 -0.6201 -0.5058
vn -0.5997 -0.6200 -0.5059
vn -0.5997 -0.6201 -0.5059
vn -0.7410 -0.2563 -0.6207
vn -0.7410 -0.2562 -0.6207
vn -0.7310 0.3001 -0.6129
vn -0.7307 0.3006 -0.6129
vn -0.7306 0.3009 -0.6130
vn -0.7307 0.3005 -0.6129
vn -0.3573 0.8831 -0.3042
vn -0.3569 0.8833 -0.3041
vn -0.3567 0.8834 -0.3040
vn -0.3570 0.8832 -0.3041
vn -0.0020 1.0000 -0.0029
vn -0.1723 -0.9835 -0.0560
vn -0.1723 -0.9835 -0.0559
vn -0.5005 -0.8504 -0.1626
vn -0.5005 -0.8503 -0.1626
vn -0.7490 -0.6163 -0.2434
vn -0.9199 -0.2537 -0.2989
vn -0.9079 0.2978 -0.2950
vn -0.4485 0.8818 -0.1458
vn -0.4485 0.8818 -0.1457
vn -0.0001 1.0000 -0.0000
vn -0.1789 -0.9835 0.0269
vn -0.1789 -0.9835 0.0270
vn -0.5208 -0.8525 0.0444
vn -0.5208 -0.8526 0.0443
vn -0.5207 -0.8526 0.0441
vn -0.7826 -0.6199 0.0569
vn -0.7825 -0.6201 0.0568
vn -0.7825 -0.6200 0.0568
vn -0.9643 -0.2565 0.0664
vn -0.9643 -0.2563 0.0665
vn -0.9643 -0.2562 0.0666
vn -0.9643 -0.2561 0.0666
vn -0.9513 0.3009 0.0666
vn -0.9514 0.3006 0.0664
vn -0.9515 0.3004 0.0663
vn -0.4678 0.8831 0.0361
vn -0.4675 0.8832 0.0362
vn -0.4672 0.8834 0.0363
vn -0.4675 0.8833 0.0362
vn -0.0033 1.0000 0.0012
vn -0.1606 -0.9835 0.0834
vn -0.1606 -0.9835 0.0833
vn -0.4475 -0.8525 0.2702
vn -0.4474 -0.8525 0.2702
vn -0.4472 -0.8526 0.2703
vn -0.4473 -0.8526 0.2702
vn -0.6664 -0.6200 0.4140
vn -0.6664 -0.6202 0.4138
vn -0.6664 -0.6201 0.4140
vn -0.8193 -0.2565 0.5128
vn -0.8193 -0.2562 0.5130
vn -0.8193 -0.2559 0.5132
vn -0.8193 -0.2561 0.5130
vn -0.8087 0.3005 0.5056
vn -0.8087 0.3006 0.5056
vn -0.8088 0.3004 0.5055
vn -0.3997 0.8831 0.2455
vn -0.3995 0.8832 0.2455
vn -0.3994 0.8833 0.2455
vn -0.3995 0.8833 0.2455
vn -0.0033 1.0000 0.0010
vn -0.1065 -0.9835 0.1465
vn -0.3093 -0.8504 0.4257
vn -0.3093 -0.8503 0.4257
vn -0.4629 -0.6162 0.6371
vn -0.4629 -0.6163 0.6371
vn -0.5686 -0.2537 0.7825
vn -0.5611 0.2978 0.7723
vn -0.2772 0.8818 0.3815
vn -0.0296 -0.9835 0.1784
vn -0.0297 -0.9835 0.1784
vn -0.1189 -0.8525 0.5090
vn -0.1188 -0.8525 0.5090
vn -0.1876 -0.6202 0.7617
vn -0.1878 -0.6201 0.7618
vn -0.1878 -0.6200 0.7618
vn -0.2347 -0.2562 0.9377
vn -0.2346 -0.2562 0.9377
vn -0.2308 0.3007 0.9254
vn -0.2309 0.3006 0.9254
vn -0.2309 0.3005 0.9254
vn -0.1100 0.8833 0.4558
vn -0.1101 0.8832 0.4558
vn -0.1099 0.8834 0.4556
vn 0.0001 1.0000 0.0035
vn -0.3959 -0.9030 0.1670
vn -0.3960 -0.9029 0.1670
vn -0.2254 -0.9575 0.1799
vn -0.2253 -0.9575 0.1799
vn -0.6118 -0.6791 0.4056
vn -0.6117 -0.6792 0.4056
vn -0.2197 -0.8346 0.5051
vn -0.2198 -0.8346 0.5051
vn -0.7441 -0.4208 0.5189
vn -0.1967 -0.6144 0.7641
vn -0.8196 -0.1503 0.5529
vn -0.8195 -0.1503 0.5530
vn -0.2008 -0.2554 0.9458
vn -0.2009 -0.2554 0.9457
vn -0.8262 0.1741 0.5358
vn -0.8261 0.1741 0.5359
vn -0.8261 0.1741 0.5360
vn -0.2123 0.2991 0.9303
vn -0.6225 0.6965 0.3569
vn -0.1550 0.8760 0.4567
vn -0.1550 0.8760 0.4568
vn -0.0183 0.9994 0.0301
vn -0.0182 0.9994 0.0301
vn -0.0034 0.9999 0.0153
vn -0.0035 0.9999 0.0153
vn 0.2812 -0.9029 -0.3251
vn 0.2811 -0.9030 -0.3250
vn 0.2407 -0.9575 -0.1588
vn 0.2407 -0.9575 -0.1587
vn 0.2407 -0.9576 -0.1587
vn 0.5483 -0.8346 -0.0528
vn 0.5748 -0.6794 -0.4562
vn 0.5748 -0.6793 -0.4562
vn 0.7875 -0.6144 0.0491
vn 0.7236 -0.4210 -0.5469
vn 0.7236 -0.4209 -0.5470
vn 0.9615 -0.2554 0.1012
vn 0.7793 -0.1503 -0.6084
vn 0.7791 -0.1503 -0.6086
vn 0.7793 -0.1503 -0.6083
vn 0.9504 0.2991 0.0856
vn 0.9504 0.2991 0.0855
vn 0.7648 0.1741 -0.6203
vn 0.7649 0.1741 -0.6202
vn 0.4823 0.8760 -0.0063
vn 0.5319 0.6963 -0.4820
vn 0.5318 0.6963 -0.4820
vn 0.0156 0.9999 0.0015
vn 0.0343 0.9994 -0.0080
vn 0.0343 0.9994 -0.0079
vn -0.2223 -0.9029 -0.3678
vn -0.2223 -0.9029 -0.3679
vn -0.0766 -0.9575 -0.2779
vn -0.0766 -0.9575 -0.2780
vn 0.1192 -0.8346 -0.5378
vn -0.2563 -0.6793 -0.6876
vn -0.2563 -0.6793 -0.6877
vn -0.2563 -0.6794 -0.6876
vn 0.2901 -0.6144 -0.7338
vn 0.2900 -0.6144 -0.7338
vn -0.2966 -0.4209 -0.8572
vn -0.2966 -0.4210 -0.8572
vn 0.3934 -0.2553 -0.8832
vn 0.3934 -0.2554 -0.8832
vn 0.3935 -0.2554 -0.8832
vn -0.3379 -0.1503 -0.9291
vn -0.3380 -0.1503 -0.9291
vn -0.3380 -0.1502 -0.9291
vn 0.3751 0.2991 -0.8774
vn 0.3750 0.2991 -0.8774
vn -0.3537 0.1741 -0.9190
vn -0.3536 0.1741 -0.9191
vn -0.3536 0.1741 -0.9190
vn 0.1431 0.8760 -0.4606
vn -0.2941 0.6963 -0.6548
vn -0.2940 0.6963 -0.6548
vn 0.0062 0.9999 -0.0144
vn 0.0063 0.9999 -0.0144
vn 0.0031 0.9994 -0.0351
vn 0.0029 0.9994 -0.0351
vn -0.4185 -0.9030 0.0977
vn -0.4185 -0.9029 0.0977
vn -0.2880 -0.9575 -0.0130
vn -0.4746 -0.8346 -0.2795
vn -0.7332 -0.6793 0.0312
vn -0.6083 -0.6141 -0.5027
vn -0.6082 -0.6144 -0.5026
vn -0.9069 -0.4209 0.0172
vn -0.9069 -0.4210 0.0172
vn -0.7184 -0.2554 -0.6471
vn -0.7184 -0.2553 -0.6471
vn -0.9880 -0.1503 0.0343
vn -0.9881 -0.1503 0.0342
vn -0.7186 0.2991 -0.6278
vn -0.7186 0.2991 -0.6279
vn -0.9833 0.1741 0.0524
vn -0.9833 0.1741 0.0523
vn -0.3939 0.8760 -0.2784
vn -0.7136 0.6963 0.0773
vn -0.0118 0.9999 -0.0104
vn -0.0117 0.9999 -0.0104
vn -0.0323 0.9994 -0.0138
vn -0.0325 0.9994 -0.0137
vn -0.0364 -0.9030 0.4282
vn -0.1014 -0.9575 0.2699
vn -0.4125 -0.8346 0.3650
vn -0.1969 -0.6793 0.7069
vn -0.1968 -0.6793 0.7069
vn -0.1969 -0.6793 0.7070
vn -0.6660 -0.6144 0.4231
vn -0.2639 -0.4209 0.8679
vn -0.2639 -0.4210 0.8678
vn -0.8374 -0.2554 0.4833
vn -0.8374 -0.2553 0.4833
vn -0.8374 -0.2554 0.4832
vn -0.2728 -0.1503 0.9503
vn -0.2727 -0.1503 0.9503
vn -0.8192 0.2991 0.4894
vn -0.2542 0.1741 0.9514
vn -0.2541 0.1741 0.9514
vn -0.3865 0.8760 0.2886
vn -0.1470 0.6963 0.7026
vn -0.1470 0.6963 0.7025
vn -0.0135 0.9999 0.0080
vn -0.0135 0.9999 0.0079
vn -0.0231 0.9994 0.0266
vn -0.0230 0.9994 0.0266
vn -0.0231 0.9994 0.0265
vn 0.2253 -0.9575 0.1798
vn 0.2254 -0.9575 0.1798
vn 0.3960 -0.9030 0.1669
vn 0.3960 -0.9029 0.1669
vn 0.2197 -0.8346 0.5051
vn 0.2196 -0.8346 0.5051
vn 0.6115 -0.6793 0.4056
vn 0.6115 -0.6793 0.4057
vn 0.6114 -0.6794 0.4057
vn 0.6116 -0.6793 0.4056
vn 0.1966 -0.6144 0.7641
vn 0.1967 -0.6144 0.7641
vn 0.7438 -0.4210 0.5192
vn 0.7438 -0.4209 0.5192
vn 0.2008 -0.2553 0.9458
vn 0.2008 -0.2554 0.9458
vn 0.2009 -0.2554 0.9458
vn 0.8195 -0.1503 0.5530
vn 0.8195 -0.1503 0.5531
vn 0.2123 0.2991 0.9303
vn 0.8263 0.1741 0.5357
vn 0.8262 0.1741 0.5357
vn 0.8263 0.1741 0.5356
vn 0.1550 0.8760 0.4568
vn 0.6227 0.6963 0.3569
vn 0.6228 0.6963 0.3569
vn 0.0034 0.9999 0.0153
vn 0.0181 0.9994 0.0301
vn 0.0183 0.9994 0.0301
vn 0.1014 -0.9575 0.2699
vn 0.0365 -0.9030 0.4281
vn 0.0364 -0.9030 0.4282
vn 0.1967 -0.6790 0.7073
vn 0.1967 -0.6792 0.7071
vn 0.4125 -0.8346 0.3651
vn 0.4125 -0.8346 0.3650
vn 0.2636 -0.4208 0.8680
vn 0.2636 -0.4207 0.8681
vn 0.2636 -0.4207 0.8680
vn 0.6659 -0.6144 0.4232
vn 0.6660 -0.6144 0.4232
vn 0.2725 -0.1503 0.9503
vn 0.2726 -0.1503 0.9503
vn 0.8374 -0.2554 0.4833
vn 0.8374 -0.2554 0.4832
vn 0.2542 0.1741 0.9514
vn 0.2542 0.1741 0.9513
vn 0.2544 0.1741 0.9513
vn 0.8192 0.2991 0.4894
vn 0.1471 0.6965 0.7023
vn 0.1471 0.6964 0.7024
vn 0.3865 0.8760 0.2886
vn 0.0230 0.9994 0.0267
vn 0.0231 0.9994 0.0266
vn 0.0135 0.9999 0.0080
vn 0.2881 -0.9575 -0.0131
vn 0.2881 -0.9575 -0.0130
vn 0.2880 -0.9575 -0.0131
vn 0.4184 -0.9030 0.0976
vn 0.4185 -0.9030 0.0976
vn 0.7333 -0.6792 0.0315
vn 0.7333 -0.6792 0.0313
vn 0.7333 -0.6792 0.0314
vn 0.4747 -0.8346 -0.2795
vn 0.9070 -0.4208 0.0174
vn 0.9070 -0.4208 0.0175
vn 0.9070 -0.4208 0.0176
vn 0.6083 -0.6144 -0.5026
vn 0.6083 -0.6144 -0.5025
vn 0.9880 -0.1503 0.0344
vn 0.9880 -0.1503 0.0343
vn 0.7184 -0.2554 -0.6471
vn 0.9833 0.1741 0.0521
vn 0.9834 0.1741 0.0520
vn 0.7186 0.2991 -0.6279
vn 0.7134 0.6965 0.0772
vn 0.7135 0.6964 0.0772
vn 0.3939 0.8760 -0.2784
vn 0.0325 0.9994 -0.0137
vn 0.0324 0.9994 -0.0137
vn 0.0325 0.9994 -0.0136
vn 0.0117 0.9999 -0.0104
vn 0.0118 0.9999 -0.0104
vn 0.0766 -0.9575 -0.2780
vn 0.2222 -0.9030 -0.3678
vn 0.2222 -0.9029 -0.3678
vn 0.2221 -0.9030 -0.3677
vn 0.2565 -0.6792 -0.6877
vn 0.2566 -0.6791 -0.6877
vn -0.1191 -0.8346 -0.5378
vn -0.1192 -0.8346 -0.5378
vn 0.2970 -0.4207 -0.8572
vn 0.2969 -0.4207 -0.8572
vn -0.2900 -0.6144 -0.7338
vn 0.3380 -0.1503 -0.9291
vn 0.3381 -0.1503 -0.9290
vn -0.3934 -0.2554 -0.8832
vn 0.3534 0.1741 -0.9191
vn -0.3751 0.2991 -0.8774
vn 0.2938 0.6965 -0.6547
vn 0.2939 0.6965 -0.6547
vn 0.2939 0.6964 -0.6547
vn -0.1431 0.8760 -0.4606
vn -0.0030 0.9994 -0.0351
vn -0.0029 0.9994 -0.0351
vn -0.0062 0.9999 -0.0144
vn -0.2407 -0.9575 -0.1587
vn -0.2407 -0.9575 -0.1588
vn -0.2812 -0.9029 -0.3250
vn -0.2811 -0.9030 -0.3249
vn -0.5748 -0.6792 -0.4565
vn -0.5748 -0.6792 -0.4564
vn -0.5483 -0.8346 -0.0529
vn -0.7235 -0.4208 -0.5473
vn -0.7875 -0.6144 0.0491
vn -0.7791 -0.1503 -0.6086
vn -0.9615 -0.2554 0.1012
vn -0.9615 -0.2553 0.1012
vn -0.9615 -0.2554 0.1013
vn -0.7649 0.1741 -0.6201
vn -0.7650 0.1741 -0.6201
vn -0.7649 0.1741 -0.6202
vn -0.9504 0.2991 0.0856
vn -0.5318 0.6965 -0.4818
vn -0.5318 0.6964 -0.4818
vn -0.4823 0.8760 -0.0063
vn -0.0343 0.9994 -0.0080
vn -0.0343 0.9994 -0.0081
vn -0.0344 0.9994 -0.0081
vn -0.0156 0.9999 0.0015
vn 0.1189 -0.8526 0.5089
vn 0.1188 -0.8525 0.5090
vn 0.1188 -0.8526 0.5089
vn 0.1876 -0.6199 0.7619
vn 0.1878 -0.6201 0.7618
vn 0.1878 -0.6201 0.7617
vn 0.2308 0.3001 0.9256
vn 0.2309 0.3004 0.9254
vn 0.1100 0.8833 0.4558
vn 0.5685 -0.2536 0.7826
vn 0.5610 0.2979 0.7723
vn 0.0001 1.0000 0.0001
vn 0.1606 -0.9835 0.0833
vn 0.6664 -0.6202 0.4139
vn 0.8193 -0.2565 0.5128
vn 0.8193 -0.2559 0.5131
vn 0.8088 0.3004 0.5056
vn 0.8088 0.3006 0.5056
vn 0.8088 0.3009 0.5054
vn 0.3995 0.8833 0.2455
vn 0.3997 0.8832 0.2455
vn 0.3996 0.8832 0.2455
vn 0.3995 0.8832 0.2455
vn 0.0033 1.0000 0.0009
vn 0.5208 -0.8525 0.0445
vn 0.7826 -0.6199 0.0566
vn 0.7825 -0.6200 0.0568
vn 0.9515 0.3005 0.0664
vn 0.4675 0.8832 0.0362
vn 0.4673 0.8834 0.0363
vn 0.4676 0.8832 0.0362
vn 0.9199 -0.2538 -0.2989
vn 0.9079 0.2977 -0.2950
vn 0.1291 -0.9835 -0.1269
vn 0.3954 -0.8525 -0.3419
vn 0.3950 -0.8527 -0.3420
vn 0.3952 -0.8526 -0.3419
vn 0.5996 -0.6201 -0.5059
vn 0.7412 -0.2560 -0.6206
vn 0.7410 -0.2562 -0.6207
vn 0.7408 -0.2566 -0.6208
vn 0.7305 0.3011 -0.6130
vn 0.7309 0.3002 -0.6129
vn 0.7308 0.3004 -0.6129
vn 0.3569 0.8833 -0.3039
vn 0.3570 0.8832 -0.3043
vn 0.0807 -0.9835 -0.1621
vn 0.2033 -0.8525 -0.4816
vn 0.2958 -0.6200 -0.7267
vn 0.3611 -0.2565 -0.8966
vn 0.3613 -0.2562 -0.8965
vn 0.3572 0.3006 -0.8843
vn 0.3573 0.3009 -0.8842
vn 0.1787 0.8833 -0.4333
vn 0.1790 0.8832 -0.4335
vn -0.0000 -0.8504 -0.5262
vn -0.0000 -0.2537 -0.9673
vn -0.0000 0.2977 -0.9546
vn -0.0809 -0.9835 -0.1619
vn -0.0809 -0.9835 -0.1617
vn -0.2029 -0.8526 -0.4816
vn -0.3614 -0.2561 -0.8966
vn -0.3613 -0.2563 -0.8965
vn -0.3570 0.3007 -0.8844
vn -0.3954 -0.8525 -0.3419
vn -0.7412 -0.2560 -0.6206
vn -0.7411 -0.2562 -0.6206
vn -0.7409 -0.2566 -0.6207
vn -0.7308 0.3004 -0.6129
vn -0.7306 0.3007 -0.6130
vn -0.7308 0.3005 -0.6129
vn -0.3572 0.8831 -0.3041
vn -0.3568 0.8833 -0.3040
vn -0.0020 1.0000 -0.0028
vn -0.7490 -0.6162 -0.2434
vn -0.9199 -0.2538 -0.2989
vn -0.9079 0.2977 -0.2950
vn -0.4484 0.8819 -0.1457
vn -0.1790 -0.9835 0.0268
vn -0.5208 -0.8525 0.0443
vn -0.5207 -0.8526 0.0442
vn -0.5207 -0.8526 0.0443
vn -0.7826 -0.6199 0.0570
vn -0.7825 -0.6201 0.0567
vn -0.9644 -0.2559 0.0668
vn -0.9515 0.3005 0.0664
vn -0.4673 0.8834 0.0363
vn -0.4674 0.8833 0.0362
vn -0.0033 1.0000 0.0011
vn -0.1606 -0.9835 0.0832
vn -0.4473 -0.8526 0.2703
vn -0.6664 -0.6200 0.4141
vn -0.8193 -0.2562 0.5129
vn -0.8193 -0.2564 0.5129
vn -0.8088 0.3005 0.5056
vn -0.8087 0.3007 0.5056
vn -0.3993 0.8834 0.2455
vn -0.3998 0.8831 0.2455
vn -0.5685 -0.2536 0.7826
vn -0.5611 0.2979 0.7723
vn -0.2772 0.8818 0.3816
vn -0.0297 -0.9835 0.1785
vn -0.1186 -0.8526 0.5089
vn -0.1188 -0.8526 0.5090
vn -0.1878 -0.6201 0.7617
vn -0.2348 -0.2565 0.9376
vn -0.2347 -0.2563 0.9377
vn -0.2346 -0.2561 0.9377
vn -0.2307 0.3009 0.9253
vn -0.2308 0.3008 0.9254
vn -0.2312 0.3001 0.9255
vn -0.2310 0.3004 0.9254
vn -0.1103 0.8831 0.4561
vn -0.1100 0.8832 0.4558
vn -0.1100 0.8833 0.4557
vn -0.3960 -0.9030 0.1670
vn -0.6117 -0.6791 0.4056
vn -0.8196 -0.1503 0.5528
vn -0.8262 0.1741 0.5357
vn -0.6226 0.6964 0.3568
vn -0.0182 0.9994 0.0302
vn 0.5748 -0.6793 -0.4563
vn 0.7236 -0.4210 -0.5470
vn 0.9615 -0.2553 0.1013
vn 0.9615 -0.2554 0.1013
vn 0.7792 -0.1503 -0.6085
vn 0.7648 0.1741 -0.6204
vn 0.7648 0.1742 -0.6202
vn 0.7648 0.1741 -0.6202
vn 0.5318 0.6964 -0.4819
vn -0.2222 -0.9029 -0.3678
vn -0.2222 -0.9029 -0.3679
vn -0.2563 -0.6792 -0.6877
vn 0.1431 0.8760 -0.4607
vn -0.2941 0.6962 -0.6548
vn 0.0031 0.9994 -0.0350
vn 0.0030 0.9994 -0.0351
vn -0.4184 -0.9030 0.0977
vn -0.4746 -0.8346 -0.2796
vn -0.7331 -0.6794 0.0312
vn -0.6084 -0.6141 -0.5027
vn -0.9069 -0.4210 0.0171
vn -0.9880 -0.1503 0.0344
vn -0.9833 0.1741 0.0522
vn -0.0324 0.9994 -0.0137
vn -0.0324 0.9994 -0.0138
vn -0.0364 -0.9030 0.4281
vn -0.0364 -0.9029 0.4283
vn -0.4125 -0.8346 0.3651
vn -0.1968 -0.6793 0.7070
vn -0.1968 -0.6794 0.7069
vn -0.6659 -0.6144 0.4232
vn -0.2639 -0.4208 0.8679
vn -0.2542 0.1741 0.9513
vn -0.2542 0.1742 0.9513
vn -0.2540 0.1741 0.9514
vn -0.1469 0.6963 0.7026
vn -0.1470 0.6962 0.7026
vn 0.2253 -0.9575 0.1799
vn 0.6115 -0.6794 0.4057
vn 0.7438 -0.4210 0.5191
vn 0.7438 -0.4209 0.5191
vn 0.7439 -0.4209 0.5191
vn 0.8262 0.1741 0.5358
vn 0.6228 0.6963 0.3568
vn 0.6227 0.6963 0.3570
vn 0.6227 0.6962 0.3570
vn 0.0033 0.9999 0.0153
vn 0.0182 0.9994 0.0301
vn 0.0365 -0.9030 0.4282
vn 0.1967 -0.6791 0.7072
vn 0.2543 0.1741 0.9513
vn 0.8192 0.2990 0.4894
vn 0.1470 0.6965 0.7024
vn 0.1470 0.6964 0.7025
vn 0.0230 0.9994 0.0266
vn 0.4185 -0.9030 0.0977
vn 0.7333 -0.6791 0.0314
vn 0.4746 -0.8346 -0.2795
vn 0.6082 -0.6144 -0.5026
vn 0.9880 -0.1503 0.0345
vn 0.7184 -0.2554 -0.6470
vn 0.9834 0.1741 0.0521
vn 0.9834 0.1741 0.0519
vn 0.7134 0.6965 0.0771
vn 0.7134 0.6964 0.0772
vn 0.0324 0.9994 -0.0136
vn 0.2221 -0.9030 -0.3678
vn 0.2565 -0.6791 -0.6877
vn 0.2565 -0.6791 -0.6878
vn 0.2970 -0.4208 -0.8572
vn 0.2969 -0.4208 -0.8572
vn -0.3934 -0.2553 -0.8832
vn -0.3935 -0.2554 -0.8832
vn 0.3535 0.1741 -0.9191
vn 0.2938 0.6965 -0.6546
vn -0.0063 0.9999 -0.0144
vn -0.2811 -0.9030 -0.3250
vn -0.5748 -0.6791 -0.4565
vn -0.5748 -0.6791 -0.4566
vn -0.7234 -0.4208 -0.5473
vn -0.7650 0.1741 -0.6200
vn -0.4823 0.8760 -0.0062
vt 0.551600 0.219200
vt 0.551700 0.023300
vt 0.545900 0.023400
vt 0.546600 0.219300
vt 0.567800 0.218100
vt 0.567800 0.023400
vt 0.589800 0.221700
vt 0.589200 0.022300
vt 0.592800 0.023800
vt 0.592300 0.219900
vt 0.541300 0.023400
vt 0.542800 0.218700
vt 0.589400 0.225600
vt 0.592800 0.224400
vt 0.569300 0.225500
vt 0.551100 0.225500
vt 0.546200 0.223900
vt 0.542400 0.221800
vt 0.515400 0.194600
vt 0.651600 0.023700
vt 0.651300 0.021200
vt 0.623200 0.047300
vt 0.514900 0.023500
vt 0.654600 0.018500
vt 0.654300 0.022400
vt 0.659700 0.017500
vt 0.660400 0.021400
vt 0.677500 0.022400
vt 0.677900 0.017700
vt 0.698100 0.017200
vt 0.697500 0.020200
vt 0.701600 0.018200
vt 0.701000 0.022600
vt 0.713100 0.030000
vt 0.604400 0.024000
vt 0.604900 0.213400
vt 0.646200 0.234800
vt 0.649400 0.235000
vt 0.654700 0.235800
vt 0.671000 0.235900
vt 0.692600 0.235200
vt 0.697800 0.236200
vt 0.710500 0.237200
vt 0.688700 0.449600
vt 0.691500 0.449300
vt 0.671000 0.445800
vt 0.650100 0.444700
vt 0.646800 0.443300
vt 0.620700 0.233900
vt 0.644100 0.441700
vt 0.642000 0.444500
vt 0.645300 0.447200
vt 0.648800 0.449400
vt 0.670800 0.452400
vt 0.687800 0.453500
vt 0.692300 0.452300
vt 0.617100 0.421100
vt 0.541100 0.250700
vt 0.543600 0.255700
vt 0.546600 0.253600
vt 0.544900 0.248200
vt 0.549600 0.252200
vt 0.549200 0.247000
vt 0.548500 0.449100
vt 0.544600 0.449000
vt 0.571000 0.251200
vt 0.571700 0.246300
vt 0.571000 0.449100
vt 0.588700 0.245900
vt 0.588800 0.250200
vt 0.588800 0.449000
vt 0.593000 0.247600
vt 0.591700 0.251100
vt 0.593600 0.448800
vt 0.602000 0.262500
vt 0.707800 0.444200
vt 0.601400 0.448700
vt 0.517300 0.275500
vt 0.515300 0.448300
vt 0.541400 0.448800
vt 0.986300 0.961700
vt 0.986300 0.994400
vt 0.841300 0.994300
vt 0.841300 0.961800
vt 0.995700 0.961600
vt 0.995700 0.994400
vt 0.832200 0.994300
vt 0.832200 0.961800
vt 0.985500 0.526900
vt 0.973100 0.526900
vt 0.973100 0.946000
vt 0.985400 0.946000
vt 0.973300 0.949600
vt 0.985500 0.949600
vt 0.985400 0.523400
vt 0.973100 0.523400
vt 0.204200 0.974800
vt 0.204900 0.974800
vt 0.204900 0.936700
vt 0.204200 0.936700
vt 0.203400 0.936700
vt 0.203400 0.974800
vt 0.202600 0.936700
vt 0.202600 0.974800
vt 0.201900 0.936700
vt 0.201900 0.974800
vt 0.201100 0.936700
vt 0.201100 0.974800
vt 0.200300 0.974800
vt 0.200300 0.936700
vt 0.208700 0.936700
vt 0.208700 0.974800
vt 0.209500 0.974800
vt 0.209500 0.936700
vt 0.208000 0.974800
vt 0.208000 0.936700
vt 0.207200 0.974800
vt 0.207200 0.936700
vt 0.206500 0.936700
vt 0.206500 0.974800
vt 0.205700 0.936700
vt 0.205700 0.974800
vt 0.204900 0.932200
vt 0.204200 0.932200
vt 0.203400 0.932200
vt 0.202600 0.932200
vt 0.201900 0.932200
vt 0.201100 0.932200
vt 0.200300 0.932200
vt 0.209500 0.932200
vt 0.208700 0.932200
vt 0.208000 0.932200
vt 0.207200 0.932200
vt 0.206500 0.932200
vt 0.205700 0.932200
vt 0.204200 0.927300
vt 0.204900 0.927300
vt 0.203400 0.927300
vt 0.202600 0.927300
vt 0.201900 0.927300
vt 0.201100 0.927300
vt 0.200300 0.927300
vt 0.209500 0.927300
vt 0.208700 0.927300
vt 0.208000 0.927300
vt 0.207200 0.927300
vt 0.206500 0.927300
vt 0.205700 0.927300
vt 0.204900 0.922200
vt 0.204200 0.922200
vt 0.203400 0.922200
vt 0.202600 0.922200
vt 0.201900 0.922200
vt 0.201100 0.922200
vt 0.200300 0.922200
vt 0.209500 0.922200
vt 0.208700 0.922200
vt 0.208000 0.922200
vt 0.207200 0.922200
vt 0.206500 0.922200
vt 0.205700 0.922200
vt 0.204900 0.917000
vt 0.204200 0.917000
vt 0.203400 0.917000
vt 0.202600 0.917000
vt 0.201900 0.917000
vt 0.201100 0.917000
vt 0.200300 0.917000
vt 0.209500 0.917000
vt 0.208700 0.917000
vt 0.208000 0.917000
vt 0.207200 0.917000
vt 0.206500 0.917000
vt 0.205700 0.917000
vt 0.204200 0.911500
vt 0.204900 0.911500
vt 0.203400 0.911500
vt 0.202600 0.911500
vt 0.201900 0.911500
vt 0.201100 0.911500
vt 0.200300 0.911500
vt 0.208700 0.911500
vt 0.209500 0.911500
vt 0.208000 0.911500
vt 0.207200 0.911500
vt 0.206500 0.911500
vt 0.205700 0.911500
vt 0.204900 0.905300
vt 0.204200 0.905300
vt 0.203400 0.905300
vt 0.202600 0.905300
vt 0.201900 0.905300
vt 0.201100 0.905300
vt 0.200300 0.905300
vt 0.208700 0.905300
vt 0.209500 0.905300
vt 0.208000 0.905300
vt 0.207200 0.905300
vt 0.206500 0.905300
vt 0.205700 0.905300
vt 0.204900 0.898400
vt 0.204200 0.898400
vt 0.203400 0.898400
vt 0.202600 0.898400
vt 0.201900 0.898400
vt 0.201100 0.898400
vt 0.200300 0.898400
vt 0.209500 0.898400
vt 0.208700 0.898400
vt 0.208000 0.898400
vt 0.207200 0.898400
vt 0.206500 0.898400
vt 0.205700 0.898400
vt 0.265600 0.973600
vt 0.266300 0.973600
vt 0.266300 0.935600
vt 0.265600 0.935600
vt 0.264800 0.935600
vt 0.264800 0.973600
vt 0.264000 0.935600
vt 0.264000 0.973600
vt 0.263300 0.935600
vt 0.263300 0.973600
vt 0.262500 0.935600
vt 0.262500 0.973600
vt 0.261800 0.973600
vt 0.261800 0.935600
vt 0.270200 0.935600
vt 0.270200 0.973600
vt 0.270900 0.973600
vt 0.270900 0.935600
vt 0.269400 0.935600
vt 0.269400 0.973600
vt 0.268600 0.935600
vt 0.268600 0.973600
vt 0.267900 0.935600
vt 0.267900 0.973600
vt 0.267100 0.935600
vt 0.267100 0.973600
vt 0.266300 0.931000
vt 0.265600 0.931000
vt 0.264800 0.931000
vt 0.264000 0.931000
vt 0.263300 0.931000
vt 0.262500 0.931000
vt 0.261800 0.931000
vt 0.270900 0.931000
vt 0.270200 0.931000
vt 0.269400 0.931000
vt 0.268600 0.931000
vt 0.267900 0.931000
vt 0.267100 0.931000
vt 0.265600 0.926100
vt 0.266300 0.926100
vt 0.264800 0.926100
vt 0.264100 0.926100
vt 0.263300 0.926100
vt 0.262500 0.926100
vt 0.261800 0.926100
vt 0.270200 0.926100
vt 0.270900 0.926100
vt 0.269400 0.926100
vt 0.268600 0.926100
vt 0.267900 0.926100
vt 0.267100 0.926100
vt 0.266300 0.921100
vt 0.265600 0.921100
vt 0.264800 0.921100
vt 0.264100 0.921100
vt 0.263300 0.921100
vt 0.262500 0.921100
vt 0.261800 0.921100
vt 0.270200 0.921100
vt 0.270900 0.921100
vt 0.269400 0.921100
vt 0.268600 0.921100
vt 0.267900 0.921100
vt 0.267100 0.921100
vt 0.266300 0.915800
vt 0.265600 0.915800
vt 0.264800 0.915800
vt 0.264100 0.915800
vt 0.263300 0.915800
vt 0.262500 0.915800
vt 0.261800 0.915800
vt 0.270900 0.915800
vt 0.270200 0.915800
vt 0.269400 0.915800
vt 0.268600 0.915800
vt 0.267900 0.915800
vt 0.267100 0.915800
vt 0.266300 0.910300
vt 0.265600 0.910300
vt 0.264800 0.910300
vt 0.264100 0.910300
vt 0.263300 0.910300
vt 0.262500 0.910300
vt 0.261800 0.910300
vt 0.270900 0.910300
vt 0.270200 0.910300
vt 0.269400 0.910300
vt 0.268600 0.910300
vt 0.267900 0.910300
vt 0.267100 0.910300
vt 0.266300 0.904200
vt 0.265600 0.904200
vt 0.264800 0.904200
vt 0.264100 0.904200
vt 0.263300 0.904200
vt 0.262500 0.904200
vt 0.261800 0.904200
vt 0.270900 0.904200
vt 0.270200 0.904200
vt 0.269400 0.904200
vt 0.268600 0.904200
vt 0.267900 0.904200
vt 0.267100 0.904200
vt 0.266300 0.897200
vt 0.265600 0.897200
vt 0.264800 0.897200
vt 0.264100 0.897200
vt 0.263300 0.897200
vt 0.262500 0.897200
vt 0.261800 0.897200
vt 0.270900 0.897200
vt 0.270200 0.897200
vt 0.269400 0.897200
vt 0.268600 0.897200
vt 0.267900 0.897200
vt 0.267100 0.897200
vt 0.238200 0.936300
vt 0.237400 0.936300
vt 0.237400 0.974300
vt 0.238200 0.974300
vt 0.236700 0.936300
vt 0.236700 0.974300
vt 0.235900 0.936300
vt 0.235900 0.974300
vt 0.235100 0.936300
vt 0.235100 0.974300
vt 0.234400 0.974300
vt 0.234400 0.936300
vt 0.233600 0.936300
vt 0.233600 0.974300
vt 0.232800 0.936300
vt 0.232800 0.974300
vt 0.232100 0.974300
vt 0.232100 0.936300
vt 0.241200 0.936300
vt 0.240500 0.936300
vt 0.240500 0.974300
vt 0.241200 0.974300
vt 0.239700 0.936300
vt 0.239700 0.974300
vt 0.238900 0.936300
vt 0.238900 0.974300
vt 0.238200 0.931800
vt 0.237400 0.931800
vt 0.236700 0.931800
vt 0.235900 0.931800
vt 0.235100 0.931800
vt 0.234400 0.931800
vt 0.233600 0.931800
vt 0.232800 0.931800
vt 0.232100 0.931800
vt 0.240500 0.931800
vt 0.241200 0.931800
vt 0.239700 0.931800
vt 0.238900 0.931800
vt 0.238200 0.927100
vt 0.237400 0.927100
vt 0.236700 0.927100
vt 0.235900 0.927100
vt 0.235100 0.927100
vt 0.234400 0.927100
vt 0.233600 0.927100
vt 0.232800 0.927100
vt 0.232100 0.927100
vt 0.240500 0.927100
vt 0.241200 0.927100
vt 0.239700 0.927100
vt 0.238900 0.927100
vt 0.238200 0.922200
vt 0.237400 0.922200
vt 0.236700 0.922200
vt 0.235900 0.922200
vt 0.235100 0.922200
vt 0.234400 0.922200
vt 0.233600 0.922200
vt 0.232800 0.922200
vt 0.232100 0.922200
vt 0.241200 0.922200
vt 0.240500 0.922200
vt 0.239700 0.922200
vt 0.238900 0.922200
vt 0.237400 0.917100
vt 0.238200 0.917100
vt 0.236700 0.917100
vt 0.235900 0.917100
vt 0.235100 0.917100
vt 0.234400 0.917100
vt 0.233600 0.917100
vt 0.232800 0.917100
vt 0.232100 0.917100
vt 0.241200 0.917100
vt 0.240500 0.917100
vt 0.239700 0.917100
vt 0.238900 0.917100
vt 0.238200 0.911800
vt 0.237400 0.911800
vt 0.236700 0.911800
vt 0.235900 0.911800
vt 0.235100 0.911800
vt 0.234400 0.911800
vt 0.233600 0.911800
vt 0.232800 0.911800
vt 0.232100 0.911800
vt 0.241200 0.911800
vt 0.240500 0.911800
vt 0.239700 0.911800
vt 0.238900 0.911800
vt 0.238200 0.905900
vt 0.237400 0.905900
vt 0.236700 0.905900
vt 0.235900 0.905900
vt 0.235100 0.905900
vt 0.234400 0.905900
vt 0.233600 0.905900
vt 0.232800 0.905900
vt 0.232100 0.905900
vt 0.241200 0.905900
vt 0.240500 0.905900
vt 0.239700 0.905900
vt 0.238900 0.905900
vt 0.238200 0.899000
vt 0.237400 0.899000
vt 0.236700 0.899000
vt 0.235900 0.899000
vt 0.235100 0.899000
vt 0.234400 0.899000
vt 0.233600 0.899000
vt 0.232800 0.899000
vt 0.232100 0.899000
vt 0.241200 0.899000
vt 0.240500 0.899000
vt 0.239700 0.899000
vt 0.238900 0.899000
vt 0.223100 0.973500
vt 0.223100 0.935500
vt 0.222300 0.935500
vt 0.222300 0.973500
vt 0.221500 0.973500
vt 0.221500 0.935500
vt 0.220800 0.935500
vt 0.220800 0.973500
vt 0.220000 0.973500
vt 0.220000 0.935500
vt 0.219200 0.935500
vt 0.219200 0.973500
vt 0.218500 0.973500
vt 0.218500 0.935500
vt 0.217700 0.935500
vt 0.217700 0.973500
vt 0.217000 0.935500
vt 0.217000 0.973500
vt 0.225400 0.973500
vt 0.226100 0.973500
vt 0.226100 0.935500
vt 0.225400 0.935500
vt 0.224600 0.935500
vt 0.224600 0.973500
vt 0.223800 0.935500
vt 0.223800 0.973500
vt 0.223100 0.931000
vt 0.222300 0.931000
vt 0.221500 0.931000
vt 0.220800 0.931000
vt 0.220000 0.931000
vt 0.219200 0.931000
vt 0.218500 0.931000
vt 0.217700 0.931000
vt 0.217000 0.931000
vt 0.226100 0.931000
vt 0.225400 0.931000
vt 0.224600 0.931000
vt 0.223800 0.931000
vt 0.223100 0.926300
vt 0.222300 0.926300
vt 0.221500 0.926300
vt 0.220800 0.926300
vt 0.220000 0.926300
vt 0.219200 0.926300
vt 0.218500 0.926300
vt 0.217700 0.926300
vt 0.217000 0.926300
vt 0.226100 0.926300
vt 0.225400 0.926300
vt 0.224600 0.926300
vt 0.223800 0.926300
vt 0.223100 0.921400
vt 0.222300 0.921400
vt 0.221500 0.921400
vt 0.220800 0.921400
vt 0.220000 0.921400
vt 0.219200 0.921400
vt 0.218500 0.921400
vt 0.217700 0.921400
vt 0.217000 0.921400
vt 0.226100 0.921400
vt 0.225400 0.921400
vt 0.224600 0.921400
vt 0.223800 0.921400
vt 0.223100 0.916300
vt 0.222300 0.916300
vt 0.221500 0.916300
vt 0.220800 0.916300
vt 0.220000 0.916300
vt 0.219200 0.916300
vt 0.218500 0.916300
vt 0.217700 0.916300
vt 0.217000 0.916300
vt 0.226100 0.916300
vt 0.225400 0.916300
vt 0.224600 0.916300
vt 0.223800 0.916300
vt 0.223100 0.911000
vt 0.222300 0.911000
vt 0.221500 0.911000
vt 0.220800 0.911000
vt 0.220000 0.911000
vt 0.219200 0.911000
vt 0.218500 0.911000
vt 0.217700 0.911000
vt 0.217000 0.911000
vt 0.226100 0.911000
vt 0.225400 0.911000
vt 0.224600 0.911000
vt 0.223800 0.911000
vt 0.223100 0.905100
vt 0.222300 0.905100
vt 0.221500 0.905100
vt 0.220800 0.905100
vt 0.220000 0.905100
vt 0.219200 0.905100
vt 0.218500 0.905100
vt 0.217700 0.905100
vt 0.217000 0.905100
vt 0.226100 0.905100
vt 0.225400 0.905100
vt 0.224600 0.905100
vt 0.223800 0.905100
vt 0.223100 0.898200
vt 0.222300 0.898200
vt 0.221500 0.898200
vt 0.220800 0.898200
vt 0.220000 0.898200
vt 0.219200 0.898200
vt 0.218500 0.898200
vt 0.217700 0.898200
vt 0.217000 0.898200
vt 0.225400 0.898200
vt 0.226100 0.898200
vt 0.224600 0.898200
vt 0.223800 0.898200
vt 0.252500 0.974200
vt 0.253300 0.974200
vt 0.253300 0.936100
vt 0.252500 0.936100
vt 0.251800 0.936100
vt 0.251800 0.974200
vt 0.251000 0.936100
vt 0.251000 0.974200
vt 0.250300 0.974200
vt 0.250300 0.936100
vt 0.249500 0.936100
vt 0.249500 0.974200
vt 0.248700 0.936100
vt 0.248700 0.974200
vt 0.248000 0.936100
vt 0.248000 0.974200
vt 0.256400 0.974200
vt 0.257100 0.974200
vt 0.257100 0.936100
vt 0.256400 0.936100
vt 0.255600 0.936100
vt 0.255600 0.974200
vt 0.254800 0.936100
vt 0.254800 0.974200
vt 0.254100 0.936100
vt 0.254100 0.974200
vt 0.253300 0.931600
vt 0.252500 0.931600
vt 0.251800 0.931600
vt 0.251000 0.931600
vt 0.250300 0.931600
vt 0.249500 0.931600
vt 0.248700 0.931600
vt 0.248000 0.931600
vt 0.256400 0.931600
vt 0.257100 0.931600
vt 0.255600 0.931600
vt 0.254800 0.931600
vt 0.254100 0.931600
vt 0.253300 0.926800
vt 0.252500 0.926800
vt 0.251800 0.926800
vt 0.251000 0.926800
vt 0.250300 0.926800
vt 0.249500 0.926800
vt 0.248700 0.926800
vt 0.248000 0.926800
vt 0.257100 0.926800
vt 0.256400 0.926800
vt 0.255600 0.926800
vt 0.254800 0.926800
vt 0.254100 0.926800
vt 0.253300 0.921800
vt 0.252500 0.921800
vt 0.251800 0.921800
vt 0.251000 0.921800
vt 0.250200 0.921800
vt 0.249500 0.921800
vt 0.248700 0.921800
vt 0.248000 0.921800
vt 0.257100 0.921800
vt 0.256400 0.921800
vt 0.255600 0.921800
vt 0.254800 0.921800
vt 0.254100 0.921800
vt 0.253300 0.916600
vt 0.252500 0.916600
vt 0.251800 0.916600
vt 0.251000 0.916600
vt 0.250200 0.916600
vt 0.249500 0.916600
vt 0.248700 0.916600
vt 0.248000 0.916600
vt 0.257100 0.916600
vt 0.256400 0.916600
vt 0.255600 0.916600
vt 0.254800 0.916600
vt 0.254100 0.916600
vt 0.253300 0.911100
vt 0.252500 0.911100
vt 0.251800 0.911100
vt 0.251000 0.911100
vt 0.250200 0.911100
vt 0.249500 0.911100
vt 0.248700 0.911100
vt 0.248000 0.911100
vt 0.257100 0.911100
vt 0.256400 0.911100
vt 0.255600 0.911100
vt 0.254800 0.911100
vt 0.254100 0.911100
vt 0.253300 0.905000
vt 0.252500 0.905000
vt 0.251800 0.905000
vt 0.251000 0.905000
vt 0.250200 0.905000
vt 0.249500 0.905000
vt 0.248700 0.905000
vt 0.248000 0.905000
vt 0.256400 0.905000
vt 0.257100 0.905000
vt 0.255600 0.905000
vt 0.254800 0.905000
vt 0.254100 0.905000
vt 0.253300 0.898100
vt 0.252500 0.898100
vt 0.251800 0.898100
vt 0.251000 0.898100
vt 0.250300 0.898100
vt 0.249500 0.898100
vt 0.248700 0.898100
vt 0.248000 0.898100
vt 0.256400 0.898100
vt 0.257100 0.898100
vt 0.255600 0.898100
vt 0.254800 0.898100
vt 0.254100 0.898100
vt 0.295700 0.917700
vt 0.294100 0.927000
vt 0.294700 0.927000
vt 0.296300 0.918000
vt 0.300900 0.910000
vt 0.300400 0.909500
vt 0.308000 0.904000
vt 0.307700 0.903500
vt 0.316700 0.900900
vt 0.316600 0.900200
vt 0.325900 0.900900
vt 0.326000 0.900200
vt 0.334600 0.904000
vt 0.334900 0.903500
vt 0.341700 0.910000
vt 0.342200 0.909500
vt 0.346300 0.918000
vt 0.346900 0.917700
vt 0.347900 0.927000
vt 0.348500 0.927000
vt 0.346300 0.936100
vt 0.346900 0.936400
vt 0.341600 0.944100
vt 0.342100 0.944500
vt 0.334600 0.950100
vt 0.334900 0.950600
vt 0.325900 0.953200
vt 0.326000 0.953900
vt 0.316700 0.953200
vt 0.316600 0.953900
vt 0.307700 0.950600
vt 0.308000 0.950100
vt 0.300900 0.944100
vt 0.300400 0.944500
vt 0.296300 0.936100
vt 0.295700 0.936400
vt 0.321300 0.927000
vt 0.289000 0.927000
vt 0.291000 0.916000
vt 0.296600 0.906300
vt 0.305200 0.899100
vt 0.315700 0.895300
vt 0.326900 0.895300
vt 0.337400 0.899100
vt 0.346000 0.906300
vt 0.351600 0.916000
vt 0.353600 0.927000
vt 0.351600 0.938100
vt 0.346000 0.947800
vt 0.337400 0.955000
vt 0.326900 0.958800
vt 0.315700 0.958800
vt 0.305200 0.955000
vt 0.296600 0.947800
vt 0.291000 0.938100
vt 0.288200 0.927000
vt 0.290200 0.915700
vt 0.295900 0.905800
vt 0.304700 0.898400
vt 0.315500 0.894400
vt 0.327000 0.894400
vt 0.337900 0.898400
vt 0.346700 0.905800
vt 0.352400 0.915700
vt 0.354400 0.927000
vt 0.352400 0.938400
vt 0.346700 0.948300
vt 0.337800 0.955700
vt 0.327000 0.959600
vt 0.315500 0.959600
vt 0.304700 0.955700
vt 0.295900 0.948300
vt 0.290200 0.938400
vt 0.131700 0.979800
vt 0.131700 0.932200
vt 0.099500 0.932200
vt 0.099500 0.979800
vt 0.166300 0.979800
vt 0.166300 0.932200
vt 0.134100 0.932200
vt 0.134100 0.979800
vt 0.096400 0.988400
vt 0.049700 0.988400
vt 0.049700 0.990400
vt 0.096400 0.990400
vt 0.128000 0.990400
vt 0.128000 0.988400
vt 0.018100 0.988400
vt 0.018100 0.990400
vt 0.099200 0.979800
vt 0.099200 0.932200
vt 0.099700 0.931900
vt 0.131800 0.931900
vt 0.134000 0.931900
vt 0.166100 0.931900
vt 0.166500 0.932200
vt 0.166500 0.979800
vt 0.134000 0.980100
vt 0.166100 0.980100
vt 0.131800 0.980100
vt 0.099700 0.980100
vt 0.098800 0.932600
vt 0.098800 0.979400
vt 0.131800 0.931300
vt 0.100200 0.931400
vt 0.134000 0.931300
vt 0.165600 0.931400
vt 0.167000 0.979400
vt 0.167000 0.932600
vt 0.134000 0.980800
vt 0.165600 0.980600
vt 0.131800 0.980800
vt 0.100200 0.980600
vt 0.055800 0.980000
vt 0.055800 0.932400
vt 0.023600 0.932400
vt 0.023600 0.980000
vt 0.090300 0.980000
vt 0.090300 0.932400
vt 0.058100 0.932400
vt 0.058100 0.980000
vt 0.210000 0.987200
vt 0.163300 0.987200
vt 0.163300 0.989300
vt 0.210000 0.989300
vt 0.241600 0.989300
vt 0.241600 0.987200
vt 0.131700 0.987200
vt 0.131700 0.989300
vt 0.023300 0.980000
vt 0.023300 0.932400
vt 0.023700 0.932100
vt 0.055900 0.932100
vt 0.058100 0.932100
vt 0.090200 0.932100
vt 0.090600 0.932400
vt 0.090600 0.980000
vt 0.058100 0.980300
vt 0.090200 0.980300
vt 0.055900 0.980300
vt 0.023700 0.980300
vt 0.022800 0.932800
vt 0.022800 0.979600
vt 0.055900 0.931500
vt 0.024300 0.931600
vt 0.058000 0.931500
vt 0.089700 0.931600
vt 0.091100 0.979600
vt 0.091100 0.932800
vt 0.058000 0.981000
vt 0.089700 0.980800
vt 0.055900 0.981000
vt 0.024300 0.980800
vt 0.824900 0.518800
vt 0.815800 0.517300
vt 0.814800 0.540100
vt 0.824800 0.542100
vt 0.889300 0.542000
vt 0.888700 0.519000
vt 0.880700 0.519700
vt 0.880600 0.541800
vt 0.880900 0.512800
vt 0.886800 0.512600
vt 0.851100 0.519400
vt 0.851400 0.541800
vt 0.850200 0.511400
vt 0.822200 0.764700
vt 0.848400 0.765000
vt 0.848900 0.645100
vt 0.822100 0.644100
vt 0.815600 0.764400
vt 0.815900 0.644100
vt 0.806900 0.764200
vt 0.806700 0.643100
vt 0.783700 0.642000
vt 0.783400 0.763900
vt 0.809400 0.573500
vt 0.785400 0.573500
vt 0.762000 0.640400
vt 0.761300 0.763700
vt 0.762800 0.573300
vt 0.755800 0.639800
vt 0.756200 0.763600
vt 0.758300 0.573300
vt 0.877800 0.765100
vt 0.879300 0.644300
vt 0.885300 0.765000
vt 0.887500 0.643200
vt 0.893700 0.643000
vt 0.893100 0.764900
vt 0.913800 0.765100
vt 0.915800 0.642200
vt 0.917000 0.574500
vt 0.894000 0.573900
vt 0.939500 0.643600
vt 0.938800 0.765300
vt 0.939800 0.574600
vt 0.945000 0.765300
vt 0.946600 0.643600
vt 0.946400 0.575000
vt 0.951300 0.644600
vt 0.949600 0.765400
vt 0.952200 0.574200
vt 0.825100 0.512100
vt 0.817100 0.513000
vt 0.750300 0.573200
vt 0.749600 0.639700
vt 0.751700 0.763600
vt 0.886200 0.573500
vt 0.880400 0.575000
vt 0.851300 0.576100
vt 0.817500 0.573100
vt 0.823500 0.574700
vt 0.880800 0.565700
vt 0.888300 0.565300
vt 0.881100 0.571500
vt 0.851600 0.565700
vt 0.851500 0.572200
vt 0.824100 0.565100
vt 0.824100 0.571300
vt 0.815300 0.564600
vt 0.880300 0.906700
vt 0.878900 0.913900
vt 0.892200 0.919500
vt 0.894100 0.917900
vt 0.890500 0.910500
vt 0.886300 0.892400
vt 0.877100 0.892900
vt 0.854900 0.912000
vt 0.855400 0.901900
vt 0.830100 0.902100
vt 0.831300 0.911800
vt 0.811300 0.906300
vt 0.812100 0.914300
vt 0.885600 0.871000
vt 0.876600 0.869900
vt 0.855700 0.890100
vt 0.830200 0.889400
vt 0.856600 0.871100
vt 0.886400 0.850100
vt 0.877700 0.848000
vt 0.831800 0.871700
vt 0.856600 0.849100
vt 0.831900 0.850200
vt 0.811200 0.889100
vt 0.811900 0.867600
vt 0.812200 0.849300
vt 0.803300 0.911900
vt 0.803100 0.916600
vt 0.802800 0.889700
vt 0.802400 0.867900
vt 0.802800 0.850600
vt 0.897300 0.823500
vt 0.894100 0.826800
vt 0.896400 0.826900
vt 0.899000 0.823800
vt 0.891200 0.836400
vt 0.882900 0.835000
vt 0.857700 0.837000
vt 0.830000 0.835400
vt 0.812800 0.834300
vt 0.804700 0.835400
vt 0.801900 0.825100
vt 0.881800 0.822300
vt 0.893300 0.820900
vt 0.856300 0.823600
vt 0.829300 0.824000
vt 0.813400 0.823800
vt 0.806500 0.821900
vt 0.801000 0.820900
vt 0.799500 0.821600
vt 0.797300 0.824300
vt 0.896300 0.837900
vt 0.893200 0.854400
vt 0.892800 0.871200
vt 0.892100 0.893300
vt 0.894900 0.909300
vt 0.901100 0.880900
vt 0.899100 0.874200
vt 0.906600 0.894300
vt 0.917500 0.890600
vt 0.914300 0.877400
vt 0.904500 0.905700
vt 0.896500 0.923100
vt 0.895700 0.922000
vt 0.893800 0.926900
vt 0.889200 0.939300
vt 0.898700 0.935600
vt 0.877800 0.921200
vt 0.891400 0.923700
vt 0.890600 0.924800
vt 0.855800 0.920100
vt 0.878400 0.924900
vt 0.876100 0.928300
vt 0.831600 0.920200
vt 0.813300 0.920100
vt 0.799700 0.920100
vt 0.805100 0.927500
vt 0.798200 0.921400
vt 0.798300 0.920100
vt 0.798000 0.914800
vt 0.794300 0.914800
vt 0.790400 0.915900
vt 0.793200 0.887000
vt 0.794100 0.864600
vt 0.795300 0.848600
vt 0.795600 0.833500
vt 0.802200 0.818300
vt 0.800500 0.818200
vt 0.807100 0.816900
vt 0.814800 0.816000
vt 0.791700 0.833600
vt 0.795800 0.823900
vt 0.791000 0.825900
vt 0.827700 0.818200
vt 0.839900 0.814400
vt 0.856500 0.812300
vt 0.857100 0.801400
vt 0.842800 0.803300
vt 0.882100 0.815500
vt 0.893700 0.815500
vt 0.904200 0.831700
vt 0.904000 0.841400
vt 0.897500 0.864500
vt 0.913800 0.872100
vt 0.916100 0.864900
vt 0.899900 0.855600
vt 0.917500 0.859200
vt 0.916200 0.841000
vt 0.916500 0.850000
vt 0.881600 0.806100
vt 0.813000 0.928300
vt 0.831600 0.929100
vt 0.783000 0.915000
vt 0.786300 0.897800
vt 0.855300 0.928000
vt 0.915600 0.904500
vt 0.878000 0.940600
vt 0.860000 0.946900
vt 0.830600 0.946700
vt 0.764800 0.914000
vt 0.765000 0.896200
vt 0.785200 0.882900
vt 0.768400 0.879500
vt 0.788200 0.864700
vt 0.772300 0.863900
vt 0.790600 0.847500
vt 0.783400 0.827300
vt 0.783300 0.835500
vt 0.828700 0.806500
vt 0.815400 0.807800
vt 0.777300 0.845400
vt 0.822000 0.798100
vt 0.651600 0.832900
vt 0.663300 0.834900
vt 0.661200 0.826200
vt 0.649200 0.824300
vt 0.652500 0.846700
vt 0.664800 0.847200
vt 0.681600 0.834500
vt 0.679800 0.824800
vt 0.702000 0.835400
vt 0.701500 0.824800
vt 0.716100 0.835400
vt 0.716400 0.824900
vt 0.715800 0.847500
vt 0.702100 0.848200
vt 0.682300 0.848000
vt 0.653200 0.862000
vt 0.666100 0.863300
vt 0.682500 0.864800
vt 0.654300 0.879100
vt 0.666300 0.878200
vt 0.702500 0.864300
vt 0.717500 0.862800
vt 0.666600 0.894800
vt 0.655200 0.896000
vt 0.682600 0.878900
vt 0.704000 0.878900
vt 0.718400 0.878400
vt 0.683000 0.894300
vt 0.704800 0.894400
vt 0.719300 0.894100
vt 0.655700 0.906600
vt 0.663100 0.906800
vt 0.682400 0.905700
vt 0.704400 0.904000
vt 0.719500 0.903700
vt 0.678600 0.915700
vt 0.705000 0.916000
vt 0.720800 0.913900
vt 0.732300 0.833500
vt 0.733200 0.822200
vt 0.741000 0.820600
vt 0.730300 0.848000
vt 0.732000 0.863700
vt 0.733400 0.880000
vt 0.734300 0.894600
vt 0.733900 0.904500
vt 0.737800 0.913500
vt 0.742300 0.914900
vt 0.744800 0.915100
vt 0.742200 0.908000
vt 0.744200 0.916400
vt 0.743100 0.897500
vt 0.744600 0.882200
vt 0.743800 0.865700
vt 0.742400 0.848400
vt 0.743800 0.835300
vt 0.743600 0.821300
vt 0.747000 0.834400
vt 0.750600 0.847400
vt 0.752700 0.865100
vt 0.759500 0.864500
vt 0.755200 0.846900
vt 0.751900 0.882100
vt 0.758800 0.880900
vt 0.750600 0.897800
vt 0.753900 0.896700
vt 0.747600 0.907500
vt 0.754200 0.907000
vt 0.751200 0.911500
vt 0.745600 0.917400
vt 0.744600 0.917900
vt 0.735500 0.922300
vt 0.740900 0.923900
vt 0.742700 0.918100
vt 0.720300 0.923600
vt 0.726700 0.927300
vt 0.737900 0.928200
vt 0.704900 0.923000
vt 0.704600 0.926100
vt 0.677900 0.922900
vt 0.646500 0.918900
vt 0.658400 0.915200
vt 0.659600 0.923800
vt 0.651100 0.922500
vt 0.648000 0.920000
vt 0.641800 0.908000
vt 0.642600 0.917700
vt 0.645800 0.919800
vt 0.645400 0.900600
vt 0.644300 0.881300
vt 0.643200 0.863700
vt 0.643600 0.847800
vt 0.643900 0.831900
vt 0.644600 0.821300
vt 0.660400 0.817800
vt 0.644900 0.820100
vt 0.679300 0.817100
vt 0.701700 0.817100
vt 0.715300 0.817400
vt 0.732200 0.817900
vt 0.742500 0.818200
vt 0.741000 0.818100
vt 0.745100 0.823500
vt 0.749400 0.833600
vt 0.737800 0.813700
vt 0.732600 0.814100
vt 0.742800 0.815200
vt 0.741400 0.812900
vt 0.737600 0.802300
vt 0.730000 0.802500
vt 0.716800 0.812900
vt 0.716300 0.802500
vt 0.701300 0.812200
vt 0.699700 0.803700
vt 0.679900 0.812500
vt 0.678100 0.804700
vt 0.654500 0.815500
vt 0.641800 0.824900
vt 0.634500 0.823700
vt 0.639400 0.832800
vt 0.658600 0.805800
vt 0.629500 0.833500
vt 0.635500 0.848800
vt 0.628300 0.850800
vt 0.637700 0.862900
vt 0.627900 0.867700
vt 0.638900 0.881100
vt 0.626500 0.881200
vt 0.639500 0.896200
vt 0.637800 0.908400
vt 0.634500 0.915100
vt 0.624600 0.908000
vt 0.631600 0.898200
vt 0.680400 0.926600
vt 0.669600 0.930600
vt 0.672800 0.933000
vt 0.621800 0.905200
vt 0.567700 0.822300
vt 0.571400 0.835900
vt 0.584400 0.824800
vt 0.583800 0.822300
vt 0.580700 0.841300
vt 0.563600 0.858000
vt 0.579500 0.858900
vt 0.559200 0.878500
vt 0.577700 0.878300
vt 0.579000 0.895900
vt 0.562200 0.897400
vt 0.568200 0.915700
vt 0.581500 0.916900
vt 0.573800 0.927300
vt 0.584500 0.928400
vt 0.525900 0.835800
vt 0.550300 0.836000
vt 0.552800 0.823300
vt 0.525500 0.823100
vt 0.497800 0.825300
vt 0.499000 0.837100
vt 0.471500 0.826300
vt 0.474200 0.837700
vt 0.459500 0.836900
vt 0.457000 0.826900
vt 0.545700 0.855600
vt 0.543300 0.879600
vt 0.546000 0.899100
vt 0.550000 0.915400
vt 0.555300 0.929100
vt 0.499900 0.853000
vt 0.526100 0.854900
vt 0.478600 0.852100
vt 0.464400 0.852800
vt 0.526100 0.878800
vt 0.500900 0.878500
vt 0.528800 0.901400
vt 0.531900 0.917900
vt 0.534900 0.930700
vt 0.481300 0.878000
vt 0.504200 0.901800
vt 0.507100 0.919400
vt 0.509700 0.932800
vt 0.465600 0.878200
vt 0.483900 0.901600
vt 0.467600 0.902300
vt 0.484300 0.920500
vt 0.488100 0.933100
vt 0.468400 0.922800
vt 0.468500 0.934500
vt 0.454700 0.933900
vt 0.456300 0.920200
vt 0.454400 0.900700
vt 0.452800 0.877500
vt 0.451600 0.852700
vt 0.447900 0.837400
vt 0.442200 0.829200
vt 0.470600 0.943400
vt 0.490100 0.942200
vt 0.511900 0.941200
vt 0.536800 0.938300
vt 0.557500 0.935600
vt 0.576900 0.933900
vt 0.586200 0.937500
vt 0.444200 0.932500
vt 0.443200 0.919600
vt 0.440600 0.900600
vt 0.439900 0.876800
vt 0.439800 0.851400
vt 0.439800 0.839500
vt 0.440100 0.831500
vt 0.434800 0.825500
vt 0.433500 0.840300
vt 0.433600 0.850700
vt 0.433000 0.876800
vt 0.433600 0.900700
vt 0.435500 0.918900
vt 0.435300 0.932600
vt 0.436200 0.945200
vt 0.437000 0.946300
vt 0.434900 0.825200
vt 0.425200 0.823500
vt 0.412800 0.820400
vt 0.412800 0.822300
vt 0.412700 0.825000
vt 0.411800 0.828300
vt 0.421700 0.839400
vt 0.411200 0.832100
vt 0.411200 0.834500
vt 0.411000 0.838200
vt 0.420800 0.852200
vt 0.411300 0.849500
vt 0.411300 0.852900
vt 0.411200 0.846600
vt 0.411400 0.856200
vt 0.418000 0.858100
vt 0.411600 0.857900
vt 0.418100 0.861200
vt 0.411700 0.859700
vt 0.411700 0.861500
vt 0.411700 0.863600
vt 0.410900 0.871100
vt 0.415900 0.870900
vt 0.417200 0.863900
vt 0.420400 0.876500
vt 0.419100 0.900600
vt 0.410600 0.880300
vt 0.420300 0.920400
vt 0.410500 0.895900
vt 0.411900 0.920900
vt 0.412600 0.929500
vt 0.424600 0.936400
vt 0.413300 0.937300
vt 0.413900 0.939900
vt 0.414800 0.944200
vt 0.426600 0.947100
vt 0.414200 0.946300
vt 0.413900 0.949800
vt 0.452900 0.818300
vt 0.470000 0.817300
vt 0.496900 0.816400
vt 0.524600 0.815200
vt 0.553000 0.814500
vt 0.569700 0.814600
vt 0.457200 0.949200
vt 0.448700 0.958800
vt 0.459100 0.958800
vt 0.472000 0.950900
vt 0.473100 0.959000
vt 0.492200 0.951900
vt 0.493800 0.958700
vt 0.513800 0.950200
vt 0.516800 0.959500
vt 0.539600 0.950000
vt 0.541900 0.957700
vt 0.559600 0.949100
vt 0.560900 0.956500
vt 0.575700 0.944900
vt 0.583500 0.944000
vt 0.588700 0.941700
vt 0.441100 0.954800
vt 0.427900 0.949600
vt 0.431900 0.956400
vt 0.414700 0.952300
vt 0.416700 0.953800
vt 0.441000 0.814800
vt 0.428700 0.822300
vt 0.424600 0.820600
vt 0.419700 0.819600
vt 0.413500 0.818300
vt 0.429100 0.811900
vt 0.450600 0.811400
vt 0.437800 0.812800
vt 0.445000 0.802900
vt 0.470400 0.810600
vt 0.470000 0.798300
vt 0.496700 0.810000
vt 0.497000 0.795300
vt 0.525200 0.808500
vt 0.527300 0.794300
vt 0.554500 0.808300
vt 0.554400 0.791200
vt 0.570200 0.807600
vt 0.570900 0.796400
vt 0.574000 0.810000
vt 0.576400 0.803500
vt 0.589800 0.859200
vt 0.588500 0.841000
vt 0.590700 0.878100
vt 0.591200 0.895100
vt 0.591200 0.918200
vt 0.592000 0.928600
vt 0.590800 0.940400
vt 0.607700 0.935000
vt 0.597900 0.927000
vt 0.616200 0.938000
vt 0.615900 0.934800
vt 0.617100 0.930900
vt 0.617400 0.927300
vt 0.607300 0.917900
vt 0.617200 0.923300
vt 0.617200 0.915100
vt 0.604900 0.896300
vt 0.616500 0.895800
vt 0.616600 0.891900
vt 0.616500 0.904100
vt 0.616100 0.885700
vt 0.603400 0.878700
vt 0.615300 0.881700
vt 0.616000 0.878600
vt 0.604200 0.860400
vt 0.615000 0.868400
vt 0.616000 0.864400
vt 0.615800 0.857500
vt 0.615700 0.850400
vt 0.601600 0.839700
vt 0.615600 0.845600
vt 0.615300 0.841400
vt 0.614500 0.837400
vt 0.614400 0.833500
vt 0.586100 0.819600
vt 0.581200 0.813300
vt 0.588100 0.820000
vt 0.602800 0.817900
vt 0.612700 0.820200
vt 0.590700 0.818200
vt 0.583800 0.808300
vt 0.596900 0.816000
vt 0.591500 0.805800
vt 0.602600 0.816700
vt 0.599100 0.807400
vt 0.612000 0.816500
vt 0.610100 0.809700
vt 0.589000 0.948100
vt 0.605300 0.942300
vt 0.614800 0.943400
vt 0.599800 0.948800
vt 0.585200 0.950000
vt 0.576900 0.957100
vt 0.587600 0.959100
vt 0.610000 0.951500
vt 0.616000 0.876300
vt 0.615700 0.872600
vt 0.615100 0.871300
vt 0.612300 0.884700
vt 0.856300 0.080200
vt 0.880300 0.080400
vt 0.880100 0.075700
vt 0.855600 0.075500
vt 0.821700 0.081800
vt 0.822000 0.076800
vt 0.791200 0.080800
vt 0.791700 0.075500
vt 0.780000 0.079600
vt 0.780700 0.074200
vt 0.770300 0.074200
vt 0.770200 0.079300
vt 0.755000 0.072100
vt 0.755200 0.077900
vt 0.910500 0.080000
vt 0.910600 0.074100
vt 0.913000 0.079900
vt 0.911200 0.085100
vt 0.913100 0.084400
vt 0.913000 0.089800
vt 0.911200 0.089900
vt 0.881800 0.086200
vt 0.881500 0.090900
vt 0.857400 0.085200
vt 0.821600 0.086200
vt 0.790800 0.086000
vt 0.778700 0.086000
vt 0.769300 0.084700
vt 0.754400 0.082400
vt 0.857700 0.090700
vt 0.820500 0.091600
vt 0.790700 0.092200
vt 0.779700 0.090500
vt 0.768300 0.090900
vt 0.753600 0.087900
vt 0.912500 0.142200
vt 0.915000 0.142700
vt 0.882800 0.141600
vt 0.858800 0.142400
vt 0.821400 0.141400
vt 0.790000 0.138800
vt 0.778300 0.136300
vt 0.763900 0.133600
vt 0.749300 0.131000
vt 0.911700 0.232800
vt 0.914900 0.233200
vt 0.884200 0.231700
vt 0.861600 0.229900
vt 0.824800 0.227500
vt 0.791200 0.225400
vt 0.777200 0.221500
vt 0.758300 0.218700
vt 0.742800 0.232700
vt 0.910100 0.316100
vt 0.915300 0.315500
vt 0.883400 0.316100
vt 0.860600 0.315300
vt 0.824800 0.314000
vt 0.791600 0.313700
vt 0.776000 0.313200
vt 0.759400 0.315900
vt 0.747800 0.314600
vt 0.909700 0.397200
vt 0.913900 0.397000
vt 0.881400 0.397300
vt 0.860300 0.398000
vt 0.826800 0.399000
vt 0.794800 0.399200
vt 0.777400 0.400000
vt 0.764300 0.397700
vt 0.751000 0.396400
vt 0.879600 0.426600
vt 0.908700 0.427800
vt 0.859700 0.425700
vt 0.826900 0.425700
vt 0.793300 0.425600
vt 0.780500 0.425500
vt 0.764200 0.423800
vt 0.751000 0.423200
vt 0.912200 0.428000
vt 0.908100 0.437000
vt 0.911700 0.438000
vt 0.877000 0.438000
vt 0.858000 0.437000
vt 0.828100 0.436800
vt 0.790000 0.437000
vt 0.779900 0.437700
vt 0.764900 0.435700
vt 0.752900 0.434800
vt 0.908400 0.442500
vt 0.877300 0.441700
vt 0.857900 0.441000
vt 0.828300 0.441200
vt 0.790400 0.441700
vt 0.781400 0.442400
vt 0.764400 0.440500
vt 0.753600 0.439200
vt 0.745100 0.436400
vt 0.744200 0.431400
vt 0.911100 0.443100
vt 0.876600 0.445500
vt 0.908000 0.446700
vt 0.857900 0.445300
vt 0.828200 0.445200
vt 0.791200 0.446900
vt 0.782400 0.447100
vt 0.764800 0.445400
vt 0.754800 0.442900
vt 0.746400 0.441700
vt 0.910600 0.447600
vt 0.874700 0.457200
vt 0.906600 0.458300
vt 0.856400 0.458800
vt 0.825600 0.458400
vt 0.791500 0.458700
vt 0.777700 0.457300
vt 0.765000 0.455700
vt 0.757100 0.453500
vt 0.748600 0.451200
vt 0.875200 0.472500
vt 0.903600 0.470800
vt 0.855600 0.472600
vt 0.825900 0.473700
vt 0.788700 0.470700
vt 0.776300 0.472000
vt 0.763900 0.466900
vt 0.759200 0.464600
vt 0.751100 0.462900
vt 0.871300 0.481600
vt 0.900800 0.478400
vt 0.856600 0.487700
vt 0.790600 0.483800
vt 0.823100 0.484200
vt 0.779400 0.483200
vt 0.765200 0.477400
vt 0.759500 0.475500
vt 0.758000 0.474900
vt 0.751000 0.471100
vt 0.757200 0.487800
vt 0.746500 0.486900
vt 0.756300 0.494200
vt 0.748900 0.481600
vt 0.759500 0.487200
vt 0.758200 0.494000
vt 0.760100 0.492800
vt 0.771000 0.489400
vt 0.767600 0.495100
vt 0.769200 0.495200
vt 0.771700 0.495300
vt 0.777700 0.489800
vt 0.775800 0.493900
vt 0.781500 0.492900
vt 0.776300 0.496300
vt 0.782200 0.492000
vt 0.780500 0.496900
vt 0.781300 0.498200
vt 0.789800 0.493200
vt 0.784800 0.498000
vt 0.787000 0.498400
vt 0.820900 0.490600
vt 0.822000 0.494300
vt 0.820200 0.492000
vt 0.819500 0.491800
vt 0.831100 0.495900
vt 0.832500 0.495900
vt 0.833700 0.491400
vt 0.834500 0.496900
vt 0.835300 0.491500
vt 0.850700 0.481500
vt 0.849600 0.490300
vt 0.849900 0.493000
vt 0.855300 0.493700
vt 0.869700 0.488700
vt 0.862800 0.494400
vt 0.864200 0.494100
vt 0.872000 0.495900
vt 0.878500 0.494100
vt 0.856400 0.489700
vt 0.866900 0.495100
vt 0.883100 0.491800
vt 0.881700 0.489100
vt 0.883600 0.492800
vt 0.886800 0.494600
vt 0.889300 0.489400
vt 0.899100 0.484200
vt 0.885400 0.487100
vt 0.846000 0.490300
vt 0.845500 0.495600
vt 0.850000 0.486500
vt 0.843300 0.490200
vt 0.843600 0.496300
vt 0.892900 0.495600
vt 0.880200 0.069200
vt 0.911000 0.069100
vt 0.855900 0.069500
vt 0.822100 0.070900
vt 0.791900 0.070500
vt 0.781200 0.069500
vt 0.770700 0.069400
vt 0.755400 0.067900
vt 0.770700 0.052200
vt 0.755200 0.053800
vt 0.781200 0.051600
vt 0.794400 0.051500
vt 0.820300 0.051900
vt 0.858800 0.054700
vt 0.878200 0.055100
vt 0.907300 0.055000
vt 0.902600 0.038200
vt 0.904300 0.028100
vt 0.901800 0.024900
vt 0.905300 0.026300
vt 0.885100 0.037400
vt 0.898600 0.024900
vt 0.889500 0.026200
vt 0.881000 0.027600
vt 0.880300 0.028100
vt 0.863400 0.040400
vt 0.868200 0.028800
vt 0.823500 0.037600
vt 0.800600 0.039600
vt 0.782900 0.036900
vt 0.773400 0.038800
vt 0.754300 0.043300
vt 0.753200 0.027800
vt 0.745000 0.029200
vt 0.753500 0.029300
vt 0.761700 0.026800
vt 0.764300 0.021500
vt 0.761600 0.024300
vt 0.768900 0.025800
vt 0.770600 0.021300
vt 0.777500 0.024100
vt 0.782300 0.027100
vt 0.776700 0.022700
vt 0.785200 0.029600
vt 0.780400 0.021300
vt 0.786000 0.019200
vt 0.791900 0.026700
vt 0.796100 0.025600
vt 0.788500 0.017400
vt 0.797900 0.011900
vt 0.803600 0.018900
vt 0.815600 0.023700
vt 0.815300 0.009600
vt 0.823300 0.024000
vt 0.822100 0.011800
vt 0.840800 0.025200
vt 0.829000 0.010000
vt 0.842500 0.016000
vt 0.848400 0.026200
vt 0.850000 0.017700
vt 0.855500 0.027800
vt 0.862000 0.028500
vt 0.854200 0.027200
vt 0.856400 0.019700
vt 0.863400 0.020600
vt 0.865800 0.028700
vt 0.867500 0.021000
vt 0.735300 0.315300
vt 0.734800 0.214800
vt 0.733200 0.216100
vt 0.732300 0.281000
vt 0.732700 0.317800
vt 0.740300 0.396000
vt 0.733700 0.399200
vt 0.743300 0.421400
vt 0.739000 0.424100
vt 0.741600 0.130900
vt 0.746300 0.033700
vt 0.743000 0.028000
vt 0.716300 0.030300
vt 0.748800 0.046300
vt 0.743800 0.044400
vt 0.747900 0.059200
vt 0.741600 0.054400
vt 0.747700 0.066800
vt 0.741600 0.062900
vt 0.747500 0.071400
vt 0.741700 0.067600
vt 0.747100 0.078100
vt 0.742500 0.075800
vt 0.746500 0.082700
vt 0.743100 0.080500
vt 0.745900 0.088100
vt 0.736400 0.130300
vt 0.738200 0.085100
vt 0.816100 0.494600
vt 0.793100 0.498500
vt 0.801700 0.498600
vt 0.910500 0.029200
vt 0.909800 0.025300
vt 0.911000 0.039100
vt 0.916100 0.031800
vt 0.914400 0.039700
vt 0.912100 0.055500
vt 0.912500 0.052500
vt 0.912900 0.069000
vt 0.913000 0.074100
vt 0.913200 0.067300
vt 0.903700 0.485300
vt 0.898900 0.500700
vt 0.902500 0.493400
vt 0.893800 0.497400
vt 0.911100 0.492100
vt 0.912700 0.490500
vt 0.909900 0.483100
vt 0.905700 0.476300
vt 0.909900 0.477000
vt 0.907000 0.469400
vt 0.908900 0.459400
vt 0.910500 0.473300
vt 0.025500 0.653400
vt 0.184400 0.652800
vt 0.183800 0.494600
vt 0.024800 0.495300
vt 0.022000 0.493800
vt 0.023400 0.654200
vt 0.025000 0.653900
vt 0.023700 0.495500
vt 0.184300 0.653900
vt 0.185800 0.654300
vt 0.396400 0.837600
vt 0.401300 0.835900
vt 0.398200 0.702100
vt 0.396500 0.669600
vt 0.184200 0.924600
vt 0.185900 0.922800
vt 0.023500 0.922900
vt 0.025100 0.924700
vt 0.403600 0.835500
vt 0.400600 0.701300
vt 0.025200 0.925800
vt 0.184200 0.925700
vt 0.185800 0.868800
vt 0.023400 0.868800
vt 0.185800 0.708300
vt 0.023400 0.708300
vt 0.359400 0.648500
vt 0.304200 0.648900
vt 0.359600 0.691500
vt 0.359400 0.651800
vt 0.304500 0.691900
vt 0.203200 0.849900
vt 0.199900 0.693500
vt 0.196100 0.695500
vt 0.198200 0.853400
vt 0.229300 0.840800
vt 0.226600 0.835300
vt 0.225600 0.889300
vt 0.228600 0.887100
vt 0.195200 0.486800
vt 0.196100 0.645600
vt 0.198400 0.646000
vt 0.197400 0.490300
vt 0.232900 0.883500
vt 0.232600 0.887200
vt 0.201600 0.646100
vt 0.201200 0.491500
vt 0.203300 0.648900
vt 0.204800 0.492700
vt 0.334400 0.841600
vt 0.332000 0.749000
vt 0.331300 0.748200
vt 0.305700 0.747000
vt 0.305200 0.494000
vt 0.306200 0.491900
vt 0.334300 0.881000
vt 0.304600 0.593500
vt 0.308100 0.592600
vt 0.392500 0.879400
vt 0.392700 0.838900
vt 0.365900 0.591100
vt 0.364000 0.491000
vt 0.331900 0.748100
vt 0.390800 0.752600
vt 0.361500 0.696300
vt 0.318000 0.697200
vt 0.391800 0.879800
vt 0.393900 0.889600
vt 0.364200 0.491000
vt 0.376300 0.648400
vt 0.373300 0.488000
vt 0.363800 0.647900
vt 0.446100 0.041700
vt 0.447000 0.053900
vt 0.455000 0.053500
vt 0.454700 0.040400
vt 0.454400 0.027500
vt 0.444400 0.028900
vt 0.297900 0.052300
vt 0.296800 0.039700
vt 0.292100 0.024600
vt 0.075300 0.036900
vt 0.072800 0.053000
vt 0.068600 0.036600
vt 0.067200 0.053400
vt 0.076500 0.027700
vt 0.069600 0.025100
vt 0.446000 0.065900
vt 0.455100 0.066300
vt 0.294700 0.067400
vt 0.073700 0.065300
vt 0.067400 0.066600
vt 0.066000 0.067700
vt 0.070400 0.072300
vt 0.062100 0.054900
vt 0.061500 0.035600
vt 0.065000 0.024700
vt 0.064500 0.076500
vt 0.051900 0.077100
vt 0.053600 0.067600
vt 0.035100 0.068100
vt 0.033600 0.075900
vt 0.024600 0.070400
vt 0.026200 0.075500
vt 0.050900 0.225700
vt 0.061100 0.225900
vt 0.035000 0.226000
vt 0.022700 0.226400
vt 0.051800 0.415800
vt 0.061300 0.416100
vt 0.036700 0.415100
vt 0.022400 0.416500
vt 0.061800 0.423700
vt 0.051900 0.423600
vt 0.038700 0.422000
vt 0.021500 0.421400
vt 0.057400 0.433500
vt 0.064700 0.433400
vt 0.065600 0.425500
vt 0.065000 0.446700
vt 0.055300 0.447400
vt 0.062300 0.463800
vt 0.067200 0.462000
vt 0.066800 0.421100
vt 0.066500 0.415900
vt 0.065800 0.225900
vt 0.069900 0.077200
vt 0.074600 0.068500
vt 0.075400 0.073700
vt 0.294700 0.071100
vt 0.445300 0.071200
vt 0.453600 0.072200
vt 0.460700 0.071000
vt 0.469400 0.063400
vt 0.469600 0.070800
vt 0.483200 0.071400
vt 0.483400 0.063700
vt 0.493100 0.072300
vt 0.496800 0.066900
vt 0.072200 0.225900
vt 0.294600 0.076500
vt 0.445300 0.076500
vt 0.454400 0.078800
vt 0.460600 0.078100
vt 0.471800 0.077900
vt 0.483900 0.078600
vt 0.493600 0.079300
vt 0.072200 0.417000
vt 0.287800 0.219200
vt 0.443500 0.218800
vt 0.458000 0.219000
vt 0.469200 0.218600
vt 0.483700 0.219300
vt 0.497000 0.218300
vt 0.469200 0.412200
vt 0.482100 0.412500
vt 0.494000 0.411800
vt 0.466800 0.425000
vt 0.479600 0.420900
vt 0.493200 0.423200
vt 0.479900 0.425100
vt 0.494900 0.426100
vt 0.466400 0.427300
vt 0.452900 0.429500
vt 0.458000 0.424400
vt 0.452200 0.437500
vt 0.460200 0.440900
vt 0.459200 0.454700
vt 0.453200 0.454200
vt 0.447700 0.467500
vt 0.452600 0.468500
vt 0.287300 0.421000
vt 0.074100 0.421600
vt 0.443100 0.428800
vt 0.444300 0.434700
vt 0.288200 0.426500
vt 0.072700 0.425400
vt 0.442200 0.422700
vt 0.457800 0.412400
vt 0.450500 0.421300
vt 0.450500 0.218200
vt 0.071100 0.433700
vt 0.289600 0.433400
vt 0.442400 0.450200
vt 0.440300 0.465900
vt 0.289400 0.440200
vt 0.072000 0.444900
vt 0.075500 0.462300
vt 0.287600 0.468100
vt 0.447900 0.016000
vt 0.438200 0.017400
vt 0.291400 0.013200
vt 0.083400 0.016100
vt 0.076200 0.013300
vt 0.071500 0.012400
vt 0.012700 0.076900
vt 0.014200 0.081800
vt 0.010800 0.227200
vt 0.010500 0.410300
vt 0.009600 0.415100
vt 0.068800 0.475900
vt 0.073600 0.473700
vt 0.505000 0.077600
vt 0.509500 0.072400
vt 0.505300 0.085200
vt 0.508400 0.219700
vt 0.505500 0.406100
vt 0.504600 0.417400
vt 0.506800 0.420100
vt 0.441900 0.478900
vt 0.446800 0.480500
vt 0.434200 0.477200
vt 0.082200 0.473700
vt 0.286800 0.479200
vt 0.431200 0.975500
vt 0.431200 0.990000
vt 0.533600 0.990000
vt 0.533600 0.975500
vt 0.536200 0.990000
vt 0.536200 0.975500
vt 0.538700 0.975500
vt 0.538700 0.990000
vt 0.541100 0.990000
vt 0.541100 0.975500
vt 0.543400 0.990000
vt 0.543400 0.975500
vt 0.545800 0.975500
vt 0.545800 0.990000
vt 0.548100 0.990000
vt 0.548100 0.975500
vt 0.550600 0.990000
vt 0.550600 0.975500
vt 0.653800 0.990000
vt 0.653800 0.975500
vt 0.656200 0.975500
vt 0.656200 0.990000
vt 0.658600 0.975500
vt 0.658600 0.990000
vt 0.660900 0.990000
vt 0.660900 0.975500
vt 0.663300 0.990000
vt 0.663300 0.975500
vt 0.665700 0.990000
vt 0.665700 0.975500
vt 0.668200 0.990000
vt 0.668200 0.975500
vt 0.670700 0.990000
vt 0.670700 0.975500
vt 0.773200 0.990000
vt 0.773200 0.975500
vt 0.775700 0.975500
vt 0.775700 0.990000
vt 0.778200 0.990000
vt 0.778200 0.975500
vt 0.780600 0.990000
vt 0.780600 0.975500
vt 0.783000 0.990000
vt 0.783000 0.975500
vt 0.785300 0.990000
vt 0.785300 0.975500
vt 0.787700 0.975500
vt 0.787700 0.990000
vt 0.790100 0.990000
vt 0.790100 0.975500
vt 0.311000 0.990000
vt 0.414300 0.990000
vt 0.414300 0.975500
vt 0.311000 0.975500
vt 0.416700 0.975500
vt 0.416700 0.990000
vt 0.419000 0.990000
vt 0.419000 0.975500
vt 0.421400 0.990000
vt 0.421400 0.975500
vt 0.423800 0.990000
vt 0.423800 0.975500
vt 0.426200 0.990000
vt 0.426200 0.975500
vt 0.428600 0.990000
vt 0.428600 0.975500
vt 0.948900 0.029600
vt 0.943100 0.028500
vt 0.937400 0.038900
vt 0.946800 0.041100
vt 0.931100 0.051700
vt 0.944600 0.054300
vt 0.942700 0.069600
vt 0.925800 0.067700
vt 0.924600 0.077600
vt 0.942400 0.077900
vt 0.925700 0.085300
vt 0.942700 0.084100
vt 0.943500 0.090000
vt 0.928300 0.092400
vt 0.938400 0.111100
vt 0.946900 0.110000
vt 0.958500 0.041100
vt 0.956400 0.029600
vt 0.960700 0.054300
vt 0.962600 0.069600
vt 0.962900 0.077900
vt 0.962600 0.084100
vt 0.961700 0.090000
vt 0.958400 0.110000
vt 0.962200 0.028500
vt 0.967800 0.038900
vt 0.974100 0.051700
vt 0.979500 0.067700
vt 0.980600 0.077600
vt 0.979600 0.085300
vt 0.977000 0.092400
vt 0.966900 0.111100
vt 0.951200 0.132900
vt 0.945400 0.131800
vt 0.939700 0.142200
vt 0.949100 0.144400
vt 0.933400 0.155000
vt 0.946900 0.157600
vt 0.928100 0.171000
vt 0.945000 0.173000
vt 0.944600 0.181200
vt 0.926900 0.180900
vt 0.945000 0.187400
vt 0.928000 0.188600
vt 0.930600 0.195700
vt 0.945800 0.193300
vt 0.940700 0.214400
vt 0.949200 0.213300
vt 0.960800 0.144400
vt 0.958700 0.132900
vt 0.963000 0.157600
vt 0.964800 0.173000
vt 0.965200 0.181200
vt 0.964900 0.187400
vt 0.964000 0.193300
vt 0.960700 0.213300
vt 0.970100 0.142200
vt 0.964500 0.131800
vt 0.976400 0.155000
vt 0.981800 0.171000
vt 0.982900 0.180900
vt 0.981900 0.188600
vt 0.979300 0.195700
vt 0.969200 0.214400
vt 0.951000 0.326100
vt 0.945200 0.324900
vt 0.939500 0.335400
vt 0.948900 0.337600
vt 0.946600 0.350800
vt 0.933200 0.348100
vt 0.927900 0.364200
vt 0.944800 0.366100
vt 0.944400 0.374400
vt 0.926700 0.374000
vt 0.927700 0.381700
vt 0.944800 0.380600
vt 0.930400 0.388800
vt 0.945600 0.386400
vt 0.940500 0.407600
vt 0.949000 0.406500
vt 0.960500 0.337600
vt 0.958500 0.326100
vt 0.962800 0.350800
vt 0.964600 0.366100
vt 0.965000 0.374400
vt 0.964600 0.380600
vt 0.963800 0.386400
vt 0.960500 0.406500
vt 0.969900 0.335400
vt 0.964400 0.324900
vt 0.976200 0.348100
vt 0.981600 0.364100
vt 0.982700 0.374000
vt 0.981700 0.381700
vt 0.979100 0.388800
vt 0.969000 0.407600
vt 0.941600 0.437500
vt 0.951000 0.439700
vt 0.952900 0.428200
vt 0.947100 0.427100
vt 0.935300 0.450300
vt 0.948700 0.452900
vt 0.946900 0.468300
vt 0.929900 0.466300
vt 0.928800 0.476200
vt 0.946500 0.476500
vt 0.929800 0.483900
vt 0.946900 0.482700
vt 0.932400 0.491000
vt 0.947700 0.488600
vt 0.942500 0.509700
vt 0.951000 0.508600
vt 0.962600 0.439700
vt 0.960500 0.428200
vt 0.964900 0.452900
vt 0.966700 0.468300
vt 0.967100 0.476500
vt 0.966700 0.482700
vt 0.965900 0.488600
vt 0.962500 0.508600
vt 0.972000 0.437500
vt 0.966300 0.427100
vt 0.978300 0.450300
vt 0.983600 0.466300
vt 0.984800 0.476200
vt 0.983800 0.483900
vt 0.981100 0.491000
vt 0.971000 0.509700
vt 0.949500 0.228400
vt 0.943800 0.227300
vt 0.938100 0.237700
vt 0.947500 0.239900
vt 0.945200 0.253100
vt 0.931800 0.250500
vt 0.926500 0.266500
vt 0.943400 0.268500
vt 0.925300 0.276400
vt 0.943000 0.276700
vt 0.926400 0.284100
vt 0.943400 0.282900
vt 0.929000 0.291200
vt 0.944200 0.288800
vt 0.939100 0.310000
vt 0.947600 0.308800
vt 0.959100 0.239900
vt 0.957100 0.228500
vt 0.961400 0.253100
vt 0.963200 0.268500
vt 0.963600 0.276700
vt 0.963300 0.282900
vt 0.962400 0.288800
vt 0.959100 0.308800
vt 0.968500 0.237700
vt 0.962800 0.227300
vt 0.974800 0.250500
vt 0.980200 0.266500
vt 0.981300 0.276400
vt 0.980300 0.284100
vt 0.977700 0.291200
vt 0.967600 0.310000
vt 0.935800 0.038200
vt 0.941700 0.028200
vt 0.941200 0.027900
vt 0.935400 0.037700
vt 0.928500 0.050400
vt 0.929000 0.050900
vt 0.922600 0.066700
vt 0.923300 0.067100
vt 0.921300 0.077500
vt 0.922000 0.077500
vt 0.923200 0.085900
vt 0.922600 0.086300
vt 0.925500 0.093900
vt 0.925900 0.093300
vt 0.936400 0.111400
vt 0.935400 0.111900
vt 0.963500 0.028200
vt 0.969500 0.038200
vt 0.969900 0.037700
vt 0.964100 0.027900
vt 0.976200 0.050900
vt 0.976800 0.050400
vt 0.982000 0.067100
vt 0.982700 0.066700
vt 0.983300 0.077500
vt 0.984000 0.077500
vt 0.982100 0.085900
vt 0.982700 0.086300
vt 0.979400 0.093300
vt 0.979800 0.093800
vt 0.968900 0.111400
vt 0.969900 0.111900
vt 0.965800 0.131500
vt 0.971800 0.141500
vt 0.972200 0.141000
vt 0.966400 0.131200
vt 0.978500 0.154200
vt 0.979100 0.153700
vt 0.984300 0.170400
vt 0.985000 0.170000
vt 0.985600 0.180800
vt 0.986300 0.180800
vt 0.984400 0.189200
vt 0.985000 0.189600
vt 0.981700 0.196600
vt 0.982100 0.197100
vt 0.971200 0.214700
vt 0.972200 0.215200
vt 0.971900 0.334100
vt 0.965700 0.324500
vt 0.965100 0.324800
vt 0.971500 0.334600
vt 0.978300 0.347300
vt 0.978800 0.346800
vt 0.984100 0.363500
vt 0.984700 0.363100
vt 0.985300 0.374000
vt 0.986100 0.374000
vt 0.984200 0.382400
vt 0.984700 0.382800
vt 0.981500 0.389700
vt 0.981900 0.390300
vt 0.971000 0.407900
vt 0.971900 0.408300
vt 0.973600 0.436800
vt 0.974100 0.436300
vt 0.968200 0.426500
vt 0.967700 0.426800
vt 0.980400 0.449500
vt 0.980900 0.449000
vt 0.986200 0.465700
vt 0.986800 0.465300
vt 0.987400 0.476100
vt 0.988200 0.476100
vt 0.986200 0.484500
vt 0.986800 0.484900
vt 0.983500 0.491900
vt 0.984000 0.492500
vt 0.973100 0.510000
vt 0.974000 0.510500
vt 0.970100 0.237000
vt 0.964200 0.227000
vt 0.970600 0.236500
vt 0.964800 0.226700
vt 0.976900 0.249700
vt 0.977400 0.249200
vt 0.982700 0.265900
vt 0.983400 0.265500
vt 0.983900 0.276400
vt 0.984700 0.276400
vt 0.982800 0.284700
vt 0.983400 0.285100
vt 0.980100 0.292100
vt 0.980500 0.292700
vt 0.969600 0.310200
vt 0.970500 0.310700
vt 0.944000 0.131500
vt 0.938100 0.141500
vt 0.943500 0.131200
vt 0.937600 0.141000
vt 0.931300 0.154200
vt 0.930800 0.153700
vt 0.924900 0.170000
vt 0.925500 0.170400
vt 0.923600 0.180800
vt 0.924300 0.180800
vt 0.925500 0.189200
vt 0.924900 0.189600
vt 0.928200 0.196600
vt 0.927800 0.197200
vt 0.938600 0.214700
vt 0.937700 0.215200
vt 0.943800 0.324600
vt 0.937900 0.334600
vt 0.937400 0.334100
vt 0.943200 0.324300
vt 0.930600 0.346800
vt 0.931100 0.347300
vt 0.925300 0.363500
vt 0.924700 0.363100
vt 0.924100 0.374000
vt 0.923300 0.374000
vt 0.925200 0.382400
vt 0.924700 0.382800
vt 0.927900 0.389700
vt 0.927500 0.390300
vt 0.937500 0.408300
vt 0.938400 0.407900
vt 0.946400 0.427000
vt 0.940000 0.436700
vt 0.945800 0.426700
vt 0.939600 0.436200
vt 0.932700 0.448900
vt 0.933200 0.449500
vt 0.926700 0.465300
vt 0.927400 0.465700
vt 0.925400 0.476100
vt 0.926200 0.476100
vt 0.926700 0.484900
vt 0.927300 0.484500
vt 0.929600 0.492500
vt 0.930000 0.491900
vt 0.939600 0.510500
vt 0.940500 0.510000
vt 0.942400 0.227000
vt 0.936500 0.237000
vt 0.941800 0.226700
vt 0.936000 0.236500
vt 0.929200 0.249200
vt 0.929700 0.249700
vt 0.923300 0.265500
vt 0.923900 0.265900
vt 0.922700 0.276400
vt 0.922000 0.276400
vt 0.923300 0.285100
vt 0.923900 0.284700
vt 0.926200 0.292700
vt 0.926600 0.292100
vt 0.936100 0.310700
vt 0.937000 0.310200
vt 0.707700 0.549800
vt 0.717200 0.548400
vt 0.713300 0.542200
vt 0.704400 0.543600
vt 0.696000 0.501900
vt 0.689500 0.502500
vt 0.688900 0.494300
vt 0.694000 0.494400
vt 0.690100 0.486700
vt 0.695300 0.487200
vt 0.700600 0.489500
vt 0.698700 0.497300
vt 0.718600 0.539600
vt 0.724600 0.547700
vt 0.722500 0.536400
vt 0.704200 0.498600
vt 0.730000 0.546300
vt 0.727500 0.532500
vt 0.735300 0.539600
vt 0.737700 0.541100
vt 0.733400 0.546700
vt 0.738700 0.547500
vt 0.740200 0.542700
vt 0.718200 0.557200
vt 0.724800 0.556700
vt 0.730600 0.556400
vt 0.718300 0.772700
vt 0.724000 0.774500
vt 0.737100 0.555500
vt 0.712500 0.771400
vt 0.708300 0.558200
vt 0.628500 0.551700
vt 0.629800 0.558200
vt 0.616000 0.508000
vt 0.614300 0.501000
vt 0.613200 0.494000
vt 0.569600 0.510900
vt 0.579700 0.558100
vt 0.567700 0.510900
vt 0.568900 0.503700
vt 0.564300 0.504500
vt 0.569000 0.498100
vt 0.562800 0.497900
vt 0.629600 0.565700
vt 0.582300 0.564800
vt 0.582200 0.570200
vt 0.625000 0.769500
vt 0.580100 0.769000
vt 0.706800 0.492900
vt 0.709000 0.487800
vt 0.713800 0.493800
vt 0.703100 0.485300
vt 0.698800 0.481300
vt 0.691300 0.481500
vt 0.705500 0.770700
vt 0.706500 0.472000
vt 0.708800 0.465600
vt 0.613300 0.487000
vt 0.568700 0.492400
vt 0.566100 0.491700
vt 0.563200 0.488100
vt 0.733500 0.528600
vt 0.615100 0.467100
vt 0.568500 0.470800
vt 0.564500 0.471800
vt 0.739900 0.533700
vt 0.470500 0.734900
vt 0.462900 0.776600
vt 0.553600 0.780000
vt 0.564500 0.742100
vt 0.426500 0.731700
vt 0.418400 0.774000
vt 0.742900 0.536200
vt 0.471200 0.725300
vt 0.567000 0.732900
vt 0.745100 0.539200
vt 0.568100 0.728300
vt 0.471100 0.720500
vt 0.568900 0.724000
vt 0.470700 0.714300
vt 0.745800 0.543300
vt 0.744400 0.548100
vt 0.741800 0.554700
vt 0.569600 0.719400
vt 0.470600 0.708000
vt 0.469200 0.698000
vt 0.569700 0.713800
vt 0.569500 0.705600
vt 0.468300 0.689400
vt 0.732100 0.776100
vt 0.560000 0.489000
vt 0.460500 0.493100
vt 0.429200 0.684200
vt 0.429200 0.695300
vt 0.430200 0.704500
vt 0.425300 0.704100
vt 0.425100 0.694700
vt 0.430000 0.711800
vt 0.425400 0.711100
vt 0.429000 0.717400
vt 0.428300 0.722700
vt 0.425100 0.718600
vt 0.414900 0.774000
vt 0.422500 0.730500
vt 0.424500 0.682600
vt 0.421400 0.494800
vt 0.416400 0.495100
s 1
usemtl BED_06
f 4/1/1 1/2/2 2/3/3
f 2/3/3 3/4/4 4/1/1
f 1/2/2 4/1/1 5/5/5
f 5/5/5 6/6/6 1/2/2
f 8/7/7 7/8/8 6/6/6
f 6/6/6 5/5/5 8/7/7
f 10/9/9 7/8/8 8/7/7
f 8/7/7 9/10/10 10/9/9
f 12/11/11 11/12/12 3/4/4
f 3/4/4 2/3/3 12/11/11
f 9/10/10 8/7/7 13/13/13
f 13/13/13 14/14/14 9/10/10
f 13/13/13 8/7/7 5/5/5
f 5/5/5 15/15/15 13/13/13
f 4/1/1 16/16/16 15/15/15
f 15/15/15 5/5/5 4/1/1
f 4/1/1 3/4/4 17/17/17
f 17/17/17 16/16/16 4/1/1
f 17/17/17 3/4/4 18/18/18
f 3/4/4 11/12/12 18/18/18
f 19/19/19 18/18/18 11/12/12
f 20/20/20 21/21/21 22/22/19
f 19/19/19 11/12/12 12/11/11
f 12/11/11 23/23/22 19/19/19
f 25/24/17 21/21/21 20/20/20
f 20/20/20 24/25/23 25/24/17
f 27/26/16 25/24/17 24/25/23
f 24/25/23 26/27/24 27/26/16
f 26/27/24 28/28/25 29/29/15
f 29/29/15 27/26/16 26/27/24
f 31/30/26 29/29/15 28/28/25
f 28/28/25 30/31/27 31/30/26
f 33/32/28 31/30/26 30/31/27
f 30/31/27 32/33/29 33/32/28
f 34/34/30 33/32/28 32/33/29
f 36/35/31 10/9/9 9/10/10
f 9/10/10 35/36/30 36/35/31
f 35/36/30 9/10/10 14/14/14
f 38/37/32 37/38/33 24/25/23
f 24/25/23 20/20/20 38/37/32
f 24/25/23 37/38/33 39/39/34
f 39/39/34 26/27/24 24/25/23
f 39/39/34 40/40/35 28/28/25
f 28/28/25 26/27/24 39/39/34
f 28/28/25 40/40/35 41/41/36
f 41/41/36 30/31/27 28/28/25
f 41/41/36 42/42/37 32/33/29
f 32/33/29 30/31/27 41/41/36
f 43/43/38 34/34/30 32/33/29
f 32/33/29 42/42/37 43/43/38
f 42/42/37 41/41/36 44/44/39
f 44/44/39 45/45/40 42/42/37
f 40/40/35 46/46/41 44/44/39
f 44/44/39 41/41/36 40/40/35
f 47/47/42 46/46/41 40/40/35
f 40/40/35 39/39/34 47/47/42
f 47/47/42 39/39/34 37/38/33
f 37/38/33 48/48/43 47/47/42
f 38/37/32 20/20/20 22/22/19
f 22/22/19 49/49/44 38/37/32
f 48/48/43 37/38/33 38/37/32
f 38/37/32 50/50/45 48/48/43
f 50/50/45 51/51/46 52/52/47
f 52/52/47 48/48/43 50/50/45
f 53/53/48 47/47/42 48/48/43
f 48/48/43 52/52/47 53/53/48
f 46/46/41 47/47/42 53/53/48
f 53/53/48 54/54/49 46/46/41
f 46/46/41 54/54/49 55/55/50
f 55/55/50 44/44/39 46/46/41
f 44/44/39 55/55/50 56/56/51
f 56/56/51 45/45/40 44/44/39
f 57/57/52 50/50/45 38/37/32
f 38/37/32 49/49/44 57/57/52
f 51/51/46 50/50/45 57/57/52
f 61/58/53 58/59/54 59/60/55
f 59/60/55 60/61/56 61/58/53
f 63/62/57 62/63/48 60/61/56
f 60/61/56 59/60/55 63/62/57
f 65/64/58 63/62/57 59/60/55
f 59/60/55 64/65/59 65/64/58
f 67/66/60 66/67/61 62/63/48
f 62/63/48 63/62/57 67/66/60
f 68/68/62 67/66/60 63/62/57
f 63/62/57 65/64/58 68/68/62
f 70/69/63 66/67/61 67/66/60
f 67/66/60 69/70/64 70/69/63
f 69/70/64 67/66/60 68/68/62
f 68/68/62 71/71/65 69/70/64
f 73/72/66 70/69/63 69/70/64
f 69/70/64 72/73/67 73/72/66
f 71/71/65 74/74/68 72/73/67
f 72/73/67 69/70/64 71/71/65
f 75/75/69 73/72/66 72/73/67
f 76/76/70 43/43/38 42/42/37
f 42/42/37 45/45/40 76/76/70
f 76/76/70 45/45/40 56/56/51
f 72/73/67 74/74/68 77/77/71
f 77/77/71 75/75/69 72/73/67
f 61/58/53 78/78/52 58/59/54
f 58/59/54 78/78/52 79/79/72
f 79/79/72 80/80/73 58/59/54
f 80/80/73 64/65/59 59/60/55
f 59/60/55 58/59/54 80/80/73
f 2/3/3 1/2/2 81/1/74
f 81/1/74 82/4/75 2/3/3
f 83/5/76 81/1/74 1/2/2
f 1/2/2 6/6/6 83/5/76
f 6/6/6 7/8/8 84/7/77
f 84/7/77 83/5/76 6/6/6
f 84/7/77 7/8/8 10/9/9
f 10/9/9 85/10/78 84/7/77
f 82/4/75 86/12/79 12/11/11
f 12/11/11 2/3/3 82/4/75
f 88/13/80 84/7/77 85/10/78
f 85/10/78 87/14/81 88/13/80
f 83/5/76 84/7/77 88/13/80
f 88/13/80 89/15/82 83/5/76
f 89/15/82 90/16/83 81/1/74
f 81/1/74 83/5/76 89/15/82
f 91/17/84 82/4/75 81/1/74
f 81/1/74 90/16/83 91/17/84
f 91/17/84 92/18/85 82/4/75
f 82/4/75 92/18/85 86/12/79
f 93/19/86 86/12/79 92/18/85
f 94/20/87 95/22/86 96/21/88
f 12/11/11 86/12/79 93/19/86
f 93/19/86 23/23/22 12/11/11
f 94/20/87 96/21/88 97/24/89
f 97/24/89 98/25/90 94/20/87
f 98/25/90 97/24/89 99/26/83
f 99/26/83 100/27/91 98/25/90
f 102/29/82 101/28/92 100/27/91
f 100/27/91 99/26/83 102/29/82
f 101/28/92 102/29/82 103/30/93
f 103/30/93 104/31/94 101/28/92
f 104/31/94 103/30/93 105/32/95
f 105/32/95 106/33/96 104/31/94
f 107/34/97 106/33/96 105/32/95
f 85/10/78 10/9/9 36/35/31
f 36/35/31 108/36/97 85/10/78
f 108/36/97 87/14/81 85/10/78
f 98/25/90 109/38/98 110/37/99
f 110/37/99 94/20/87 98/25/90
f 111/39/100 109/38/98 98/25/90
f 98/25/90 100/27/91 111/39/100
f 101/28/92 112/40/101 111/39/100
f 111/39/100 100/27/91 101/28/92
f 113/41/102 112/40/101 101/28/92
f 101/28/92 104/31/94 113/41/102
f 106/33/96 114/42/103 113/41/102
f 113/41/102 104/31/94 106/33/96
f 106/33/96 107/34/97 115/43/104
f 115/43/104 114/42/103 106/33/96
f 117/44/105 113/41/102 114/42/103
f 114/42/103 116/45/106 117/44/105
f 117/44/105 118/46/107 112/40/101
f 112/40/101 113/41/102 117/44/105
f 112/40/101 118/46/107 119/47/108
f 119/47/108 111/39/100 112/40/101
f 109/38/98 111/39/100 119/47/108
f 119/47/108 120/48/109 109/38/98
f 95/22/86 94/20/87 110/37/99
f 110/37/99 121/49/110 95/22/86
f 110/37/99 109/38/98 120/48/109
f 120/48/109 122/50/111 110/37/99
f 124/52/112 123/51/113 122/50/111
f 122/50/111 120/48/109 124/52/112
f 120/48/109 119/47/108 125/53/114
f 125/53/114 124/52/112 120/48/109
f 125/53/114 119/47/108 118/46/107
f 118/46/107 126/54/115 125/53/114
f 127/55/116 126/54/115 118/46/107
f 118/46/107 117/44/105 127/55/116
f 128/56/117 127/55/116 117/44/105
f 117/44/105 116/45/106 128/56/117
f 110/37/99 122/50/111 129/57/118
f 129/57/118 121/49/110 110/37/99
f 123/51/113 129/57/118 122/50/111
f 133/60/119 130/59/120 131/58/113
f 131/58/113 132/61/121 133/60/119
f 132/61/121 134/63/122 135/62/123
f 135/62/123 133/60/119 132/61/121
f 133/60/119 135/62/123 65/64/58
f 65/64/58 64/65/59 133/60/119
f 134/63/122 136/67/124 137/66/125
f 137/66/125 135/62/123 134/63/122
f 135/62/123 137/66/125 68/68/62
f 68/68/62 65/64/58 135/62/123
f 137/66/125 136/67/124 138/69/116
f 138/69/116 139/70/126 137/66/125
f 68/68/62 137/66/125 139/70/126
f 139/70/126 71/71/65 68/68/62
f 139/70/126 138/69/116 140/72/127
f 140/72/127 141/73/128 139/70/126
f 141/73/128 74/74/68 71/71/65
f 71/71/65 139/70/126 141/73/128
f 142/75/129 141/73/128 140/72/127
f 114/42/103 115/43/104 143/76/130
f 143/76/130 116/45/106 114/42/103
f 143/76/130 128/56/117 116/45/106
f 77/77/71 74/74/68 141/73/128
f 141/73/128 142/75/129 77/77/71
f 131/58/113 130/59/120 144/78/118
f 79/79/72 144/78/118 130/59/120
f 130/59/120 80/80/73 79/79/72
f 133/60/119 64/65/59 80/80/73
f 80/80/73 130/59/120 133/60/119
s 0
f 148/81/131 145/82/131 146/83/131
f 146/83/131 147/84/131 148/81/131
f 152/85/132 149/86/132 150/82/132
f 150/82/133 151/81/133 152/85/133
f 156/83/134 153/87/134 154/88/134
f 154/88/134 155/84/134 156/83/134
f 160/81/135 157/82/135 158/83/135
f 158/83/136 159/84/136 160/81/136
s 1
f 164/85/137 161/86/137 162/82/137
s 0
f 162/82/138 163/81/138 164/85/138
f 168/83/139 165/87/139 166/88/139
f 166/88/139 167/84/139 168/83/139
f 172/83/140 169/82/140 170/81/140
f 170/81/140 171/84/140 172/83/140
f 176/82/141 173/86/141 174/85/141
f 174/85/142 175/81/142 176/82/142
f 180/88/143 177/87/143 178/83/143
f 178/83/143 179/84/143 180/88/143
f 184/83/144 181/82/144 182/81/144
f 182/81/145 183/84/145 184/83/145
s 1
f 188/82/146 185/86/146 186/85/146
s 0
f 186/85/147 187/81/147 188/82/147
f 192/88/148 189/87/148 190/83/148
f 190/83/148 191/84/148 192/88/148
f 196/83/149 193/82/149 194/81/149
f 194/81/149 195/84/149 196/83/149
f 200/82/150 197/86/150 198/85/150
f 198/85/142 199/81/142 200/82/142
f 204/88/151 201/87/151 202/83/151
f 202/83/151 203/84/151 204/88/151
f 208/83/145 205/82/145 206/81/145
f 206/81/152 207/84/152 208/83/152
f 212/82/153 209/86/153 210/85/153
f 210/85/154 211/81/154 212/82/154
f 216/88/148 213/87/148 214/83/148
f 214/83/148 215/84/148 216/88/148
f 220/89/148 217/90/148 218/91/148
f 218/91/148 219/92/148 220/89/148
f 224/91/155 221/93/155 222/94/155
s 1
f 222/94/145 223/92/145 224/91/156
s 0
f 228/95/157 225/96/157 226/90/157
f 226/90/157 227/89/157 228/95/157
s 1
f 232/97/158 229/98/159 230/99/160
f 230/99/160 231/100/161 232/97/158
f 234/101/162 233/102/163 232/97/158
f 232/97/158 231/100/161 234/101/162
f 233/102/163 234/101/162 235/103/164
f 235/103/164 236/104/165 233/102/163
f 238/105/166 237/106/167 236/104/165
f 236/104/165 235/103/164 238/105/166
f 237/106/167 238/105/166 239/107/168
f 239/107/168 240/108/169 237/106/167
f 242/109/170 240/108/169 239/107/168
f 239/107/168 241/110/171 242/109/170
f 246/111/172 243/112/173 244/113/174
f 244/113/174 245/114/175 246/111/172
f 248/115/176 243/112/173 246/111/172
f 246/111/172 247/116/177 248/115/176
f 250/117/178 248/115/176 247/116/177
f 247/116/177 249/118/179 250/117/178
f 252/119/180 251/120/181 250/117/178
f 250/117/178 249/118/179 252/119/180
f 251/120/181 252/119/180 253/121/182
f 253/121/182 254/122/183 251/120/181
f 230/99/160 229/98/159 254/122/183
f 254/122/183 253/121/182 230/99/160
f 256/123/184 255/124/185 231/100/161
f 231/100/161 230/99/160 256/123/184
f 257/125/186 234/101/162 231/100/161
f 231/100/161 255/124/185 257/125/186
f 234/101/162 257/125/186 258/126/187
f 258/126/187 235/103/164 234/101/162
f 235/103/164 258/126/187 259/127/188
f 259/127/188 238/105/166 235/103/164
f 238/105/166 259/127/188 260/128/189
f 260/128/189 239/107/168 238/105/166
f 261/129/190 241/110/171 239/107/168
f 239/107/168 260/128/189 261/129/190
f 263/130/190 262/131/191 246/111/172
f 246/111/172 245/114/175 263/130/190
f 264/132/192 247/116/177 246/111/172
f 246/111/172 262/131/191 264/132/192
f 265/133/193 249/118/179 247/116/177
f 247/116/177 264/132/192 265/133/193
f 249/118/179 265/133/193 266/134/194
f 266/134/194 252/119/180 249/118/179
f 267/135/195 253/121/182 252/119/180
f 252/119/180 266/134/194 267/135/195
f 230/99/160 253/121/182 267/135/195
f 267/135/195 256/123/184 230/99/160
f 269/136/196 255/124/185 256/123/184
f 256/123/184 268/137/197 269/136/196
f 270/138/198 257/125/186 255/124/185
f 255/124/185 269/136/196 270/138/198
f 257/125/186 270/138/198 271/139/199
f 271/139/199 258/126/187 257/125/186
f 259/127/188 258/126/187 271/139/199
f 271/139/199 272/140/200 259/127/188
f 259/127/188 272/140/200 273/141/201
f 273/141/201 260/128/189 259/127/188
f 273/141/201 274/142/202 261/129/190
f 261/129/190 260/128/189 273/141/201
f 262/131/191 263/130/190 275/143/202
f 275/143/202 276/144/203 262/131/191
f 262/131/191 276/144/203 277/145/204
f 277/145/204 264/132/192 262/131/191
f 265/133/193 264/132/192 277/145/204
f 277/145/204 278/146/205 265/133/193
f 278/146/205 279/147/206 266/134/194
f 266/134/194 265/133/193 278/146/205
f 279/147/206 280/148/207 267/135/195
f 267/135/195 266/134/194 279/147/206
f 268/137/197 256/123/184 267/135/195
f 267/135/195 280/148/207 268/137/197
f 282/149/208 281/150/209 269/136/196
f 269/136/196 268/137/197 282/149/208
f 283/151/210 270/138/198 269/136/196
f 269/136/196 281/150/209 283/151/210
f 283/151/210 284/152/211 271/139/199
f 271/139/199 270/138/198 283/151/210
f 285/153/212 272/140/200 271/139/199
f 271/139/199 284/152/211 285/153/212
f 285/153/212 286/154/213 273/141/201
f 273/141/201 272/140/200 285/153/212
f 286/154/213 287/155/214 274/142/202
f 274/142/202 273/141/201 286/154/213
f 276/144/203 275/143/202 288/156/215
f 288/156/215 289/157/216 276/144/203
f 276/144/203 289/157/216 290/158/217
f 290/158/217 277/145/204 276/144/203
f 277/145/204 290/158/217 291/159/218
f 291/159/218 278/146/205 277/145/204
f 291/159/218 292/160/219 279/147/206
f 279/147/206 278/146/205 291/159/218
f 292/160/219 293/161/220 280/148/207
f 280/148/207 279/147/206 292/160/219
f 293/161/220 282/149/208 268/137/197
f 268/137/197 280/148/207 293/161/220
f 282/149/208 294/162/221 295/163/222
f 295/163/222 281/150/209 282/149/208
f 281/150/209 295/163/222 296/164/223
f 296/164/223 283/151/210 281/150/209
f 296/164/223 297/165/224 284/152/211
f 284/152/211 283/151/210 296/164/223
f 285/153/212 284/152/211 297/165/224
f 297/165/224 298/166/225 285/153/212
f 286/154/213 285/153/212 298/166/225
f 298/166/225 299/167/226 286/154/213
f 287/155/214 286/154/213 299/167/226
f 299/167/226 300/168/227 287/155/214
f 289/157/216 288/156/215 301/169/228
f 301/169/228 302/170/229 289/157/216
f 289/157/216 302/170/229 303/171/230
f 303/171/230 290/158/217 289/157/216
f 303/171/230 304/172/231 291/159/218
f 291/159/218 290/158/217 303/171/230
f 304/172/231 305/173/232 292/160/219
f 292/160/219 291/159/218 304/172/231
f 292/160/219 305/173/232 306/174/233
f 306/174/233 293/161/220 292/160/219
f 306/174/233 294/162/221 282/149/208
f 282/149/208 293/161/220 306/174/233
f 308/175/234 295/163/222 294/162/221
f 294/162/221 307/176/235 308/175/234
f 308/175/234 309/177/236 296/164/223
f 296/164/223 295/163/222 308/175/234
f 309/177/236 310/178/237 297/165/224
f 297/165/224 296/164/223 309/177/236
f 311/179/238 298/166/225 297/165/224
f 297/165/224 310/178/237 311/179/238
f 311/179/238 312/180/239 299/167/226
f 299/167/226 298/166/225 311/179/238
f 313/181/240 300/168/227 299/167/226
f 299/167/226 312/180/239 313/181/240
f 315/182/241 302/170/229 301/169/228
f 301/169/228 314/183/242 315/182/241
f 316/184/243 303/171/230 302/170/229
f 302/170/229 315/182/241 316/184/243
f 303/171/230 316/184/243 317/185/244
f 317/185/244 304/172/231 303/171/230
f 305/173/232 304/172/231 317/185/244
f 317/185/244 318/186/245 305/173/232
f 306/174/233 305/173/232 318/186/245
f 318/186/245 319/187/246 306/174/233
f 294/162/221 306/174/233 319/187/246
f 319/187/246 307/176/235 294/162/221
f 321/188/247 320/189/248 308/175/234
f 308/175/234 307/176/235 321/188/247
f 309/177/236 308/175/234 320/189/248
f 320/189/248 322/190/249 309/177/236
f 323/191/250 310/178/237 309/177/236
f 309/177/236 322/190/249 323/191/250
f 324/192/251 311/179/238 310/178/237
f 310/178/237 323/191/250 324/192/251
f 325/193/252 312/180/239 311/179/238
f 311/179/238 324/192/251 325/193/252
f 326/194/253 313/181/240 312/180/239
f 312/180/239 325/193/252 326/194/253
f 328/195/254 315/182/241 314/183/242
f 314/183/242 327/196/253 328/195/254
f 329/197/255 316/184/243 315/182/241
f 315/182/241 328/195/254 329/197/255
f 330/198/256 317/185/244 316/184/243
f 316/184/243 329/197/255 330/198/256
f 331/199/257 318/186/245 317/185/244
f 317/185/244 330/198/256 331/199/257
f 332/200/258 319/187/246 318/186/245
f 318/186/245 331/199/257 332/200/258
f 319/187/246 332/200/258 321/188/247
f 321/188/247 307/176/235 319/187/246
f 320/189/248 321/188/247 333/201/259
f 333/201/259 334/202/260 320/189/248
f 322/190/249 320/189/248 334/202/260
f 334/202/260 335/203/261 322/190/249
f 322/190/249 335/203/261 336/204/165
f 336/204/165 323/191/250 322/190/249
f 337/205/262 324/192/251 323/191/250
f 323/191/250 336/204/165 337/205/262
f 338/206/263 325/193/252 324/192/251
f 324/192/251 337/205/262 338/206/263
f 326/194/253 325/193/252 338/206/263
f 338/206/263 339/207/264 326/194/253
f 327/196/253 340/208/264 341/209/265
f 341/209/265 328/195/254 327/196/253
f 329/197/255 328/195/254 341/209/265
f 341/209/265 342/210/266 329/197/255
f 343/211/178 330/198/256 329/197/255
f 329/197/255 342/210/266 343/211/178
f 330/198/256 343/211/178 344/212/267
f 344/212/267 331/199/257 330/198/256
f 345/213/268 332/200/258 331/199/257
f 331/199/257 344/212/267 345/213/268
f 333/201/259 321/188/247 332/200/258
f 332/200/258 345/213/268 333/201/259
f 349/214/269 346/215/270 347/216/271
f 347/216/271 348/217/272 349/214/269
f 351/218/273 350/219/274 349/214/269
f 349/214/269 348/217/272 351/218/273
f 351/218/273 352/220/275 353/221/276
f 353/221/276 350/219/274 351/218/273
f 353/221/276 352/220/275 354/222/277
f 354/222/277 355/223/278 353/221/276
f 355/223/278 354/222/277 356/224/279
f 356/224/279 357/225/280 355/223/278
f 359/226/281 357/225/280 356/224/279
f 356/224/279 358/227/282 359/226/281
f 363/228/283 360/229/284 361/230/285
f 361/230/285 362/231/286 363/228/283
f 365/232/287 364/233/288 360/229/284
f 360/229/284 363/228/283 365/232/287
f 365/232/287 366/234/289 367/235/290
f 367/235/290 364/233/288 365/232/287
f 369/236/291 368/237/292 367/235/290
f 367/235/290 366/234/289 369/236/291
f 368/237/292 369/236/291 370/238/293
f 370/238/293 371/239/294 368/237/292
f 346/215/270 371/239/294 370/238/293
f 370/238/293 347/216/271 346/215/270
f 373/240/295 372/241/296 348/217/272
f 348/217/272 347/216/271 373/240/295
f 351/218/273 348/217/272 372/241/296
f 372/241/296 374/242/297 351/218/273
f 351/218/273 374/242/297 375/243/298
f 375/243/298 352/220/275 351/218/273
f 376/244/299 354/222/277 352/220/275
f 352/220/275 375/243/298 376/244/299
f 376/244/299 377/245/300 356/224/279
f 356/224/279 354/222/277 376/244/299
f 377/245/300 378/246/301 358/227/282
f 358/227/282 356/224/279 377/245/300
f 380/247/302 379/248/303 363/228/283
f 363/228/283 362/231/286 380/247/302
f 381/249/304 365/232/287 363/228/283
f 363/228/283 379/248/303 381/249/304
f 365/232/287 381/249/304 382/250/305
f 382/250/305 366/234/289 365/232/287
f 383/251/306 369/236/291 366/234/289
f 366/234/289 382/250/305 383/251/306
f 369/236/291 383/251/306 384/252/307
f 384/252/307 370/238/293 369/236/291
f 384/252/307 373/240/295 347/216/271
f 347/216/271 370/238/293 384/252/307
f 386/253/308 372/241/296 373/240/295
f 373/240/295 385/254/309 386/253/308
f 374/242/297 372/241/296 386/253/308
f 386/253/308 387/255/310 374/242/297
f 387/255/310 388/256/311 375/243/298
f 375/243/298 374/242/297 387/255/310
f 376/244/299 375/243/298 388/256/311
f 388/256/311 389/257/312 376/244/299
f 377/245/300 376/244/299 389/257/312
f 389/257/312 390/258/313 377/245/300
f 377/245/300 390/258/313 391/259/314
f 391/259/314 378/246/301 377/245/300
f 393/260/315 379/248/303 380/247/302
f 380/247/302 392/261/316 393/260/315
f 394/262/317 381/249/304 379/248/303
f 379/248/303 393/260/315 394/262/317
f 381/249/304 394/262/317 395/263/318
f 395/263/318 382/250/305 381/249/304
f 382/250/305 395/263/318 396/264/319
f 396/264/319 383/251/306 382/250/305
f 397/265/320 384/252/307 383/251/306
f 383/251/306 396/264/319 397/265/320
f 373/240/295 384/252/307 397/265/320
f 397/265/320 385/254/309 373/240/295
f 385/254/309 398/266/321 399/267/322
f 399/267/322 386/253/308 385/254/309
f 387/255/310 386/253/308 399/267/322
f 399/267/322 400/268/323 387/255/310
f 400/268/323 401/269/324 388/256/311
f 388/256/311 387/255/310 400/268/323
f 389/257/312 388/256/311 401/269/324
f 401/269/324 402/270/325 389/257/312
f 390/258/313 389/257/312 402/270/325
f 402/270/325 403/271/326 390/258/313
f 404/272/327 391/259/314 390/258/313
f 390/258/313 403/271/326 404/272/327
f 406/273/328 393/260/315 392/261/316
f 392/261/316 405/274/329 406/273/328
f 394/262/317 393/260/315 406/273/328
f 406/273/328 407/275/330 394/262/317
f 408/276/331 395/263/318 394/262/317
f 394/262/317 407/275/330 408/276/331
f 396/264/319 395/263/318 408/276/331
f 408/276/331 409/277/332 396/264/319
f 396/264/319 409/277/332 410/278/333
f 410/278/333 397/265/320 396/264/319
f 385/254/309 397/265/320 410/278/333
f 410/278/333 398/266/321 385/254/309
f 399/267/322 398/266/321 411/279/334
f 411/279/334 412/280/335 399/267/322
f 412/280/335 413/281/336 400/268/323
f 400/268/323 399/267/322 412/280/335
f 413/281/336 414/282/337 401/269/324
f 401/269/324 400/268/323 413/281/336
f 401/269/324 414/282/337 415/283/338
f 415/283/338 402/270/325 401/269/324
f 402/270/325 415/283/338 416/284/339
f 416/284/339 403/271/326 402/270/325
f 416/284/339 417/285/340 404/272/327
f 404/272/327 403/271/326 416/284/339
f 406/273/328 405/274/329 418/286/341
f 418/286/341 419/287/342 406/273/328
f 407/275/330 406/273/328 419/287/342
f 419/287/342 420/288/343 407/275/330
f 420/288/343 421/289/344 408/276/331
f 408/276/331 407/275/330 420/288/343
f 421/289/344 422/290/345 409/277/332
f 409/277/332 408/276/331 421/289/344
f 409/277/332 422/290/345 423/291/346
f 423/291/346 410/278/333 409/277/332
f 398/266/321 410/278/333 423/291/346
f 423/291/346 411/279/334 398/266/321
f 425/292/347 424/293/348 412/280/335
f 412/280/335 411/279/334 425/292/347
f 426/294/349 413/281/336 412/280/335
f 412/280/335 424/293/348 426/294/349
f 427/295/350 414/282/337 413/281/336
f 413/281/336 426/294/349 427/295/350
f 427/295/350 428/296/351 415/283/338
f 415/283/338 414/282/337 427/295/350
f 429/297/352 416/284/339 415/283/338
f 415/283/338 428/296/351 429/297/352
f 417/285/340 416/284/339 429/297/352
f 429/297/352 430/298/353 417/285/340
f 432/299/354 431/300/355 419/287/342
f 419/287/342 418/286/341 432/299/354
f 419/287/342 431/300/355 433/301/356
f 433/301/356 420/288/343 419/287/342
f 433/301/356 434/302/357 421/289/344
f 421/289/344 420/288/343 433/301/356
f 421/289/344 434/302/357 435/303/358
f 435/303/358 422/290/345 421/289/344
f 435/303/358 436/304/359 423/291/346
f 423/291/346 422/290/345 435/303/358
f 436/304/359 425/292/347 411/279/334
f 411/279/334 423/291/346 436/304/359
f 424/293/348 425/292/347 437/305/360
f 437/305/360 438/306/361 424/293/348
f 426/294/349 424/293/348 438/306/361
f 438/306/361 439/307/362 426/294/349
f 440/308/363 427/295/350 426/294/349
f 426/294/349 439/307/362 440/308/363
f 441/309/364 428/296/351 427/295/350
f 427/295/350 440/308/363 441/309/364
f 442/310/365 429/297/352 428/296/351
f 428/296/351 441/309/364 442/310/365
f 443/311/366 430/298/353 429/297/352
f 429/297/352 442/310/365 443/311/366
f 431/300/355 432/299/354 444/312/367
f 444/312/367 445/313/368 431/300/355
f 431/300/355 445/313/368 446/314/369
f 446/314/369 433/301/356 431/300/355
f 433/301/356 446/314/369 447/315/370
f 447/315/370 434/302/357 433/301/356
f 448/316/371 435/303/358 434/302/357
f 434/302/357 447/315/370 448/316/371
f 436/304/359 435/303/358 448/316/371
f 448/316/371 449/317/372 436/304/359
f 437/305/360 425/292/347 436/304/359
f 436/304/359 449/317/372 437/305/360
f 451/318/373 450/319/374 438/306/361
f 438/306/361 437/305/360 451/318/373
f 438/306/361 450/319/374 452/320/375
f 452/320/375 439/307/362 438/306/361
f 440/308/363 439/307/362 452/320/375
f 452/320/375 453/321/376 440/308/363
f 454/322/377 441/309/364 440/308/363
f 440/308/363 453/321/376 454/322/377
f 455/323/378 442/310/365 441/309/364
f 441/309/364 454/322/377 455/323/378
f 442/310/365 455/323/378 456/324/379
f 456/324/379 443/311/366 442/310/365
f 444/312/367 457/325/379 458/326/380
f 458/326/380 445/313/368 444/312/367
f 446/314/369 445/313/368 458/326/380
f 458/326/380 459/327/381 446/314/369
f 447/315/370 446/314/369 459/327/381
f 459/327/381 460/328/382 447/315/370
f 461/329/383 448/316/371 447/315/370
f 447/315/370 460/328/382 461/329/383
f 449/317/372 448/316/371 461/329/383
f 461/329/383 462/330/384 449/317/372
f 437/305/360 449/317/372 462/330/384
f 462/330/384 451/318/373 437/305/360
f 466/331/385 463/332/386 464/333/387
f 464/333/387 465/334/388 466/331/385
f 464/333/387 463/332/386 467/335/389
f 467/335/389 468/336/390 464/333/387
f 468/336/390 467/335/389 469/337/391
f 469/337/391 470/338/392 468/336/390
f 470/338/392 469/337/391 471/339/393
f 471/339/393 472/340/394 470/338/392
f 474/341/395 472/340/394 471/339/393
f 471/339/393 473/342/396 474/341/395
f 474/341/395 473/342/396 475/343/397
f 475/343/397 476/344/398 474/341/395
f 475/343/397 477/345/399 478/346/400
f 478/346/400 476/344/398 475/343/397
f 480/347/401 478/346/400 477/345/399
f 477/345/399 479/348/402 480/347/401
f 484/349/403 481/350/404 482/351/405
f 482/351/405 483/352/406 484/349/403
f 486/353/407 485/354/408 482/351/405
f 482/351/405 481/350/404 486/353/407
f 485/354/408 486/353/407 487/355/409
f 487/355/409 488/356/410 485/354/408
f 487/355/409 466/331/385 465/334/388
f 465/334/388 488/356/410 487/355/409
f 463/332/386 466/331/385 489/357/411
f 489/357/411 490/358/412 463/332/386
f 467/335/389 463/332/386 490/358/412
f 490/358/412 491/359/413 467/335/389
f 469/337/391 467/335/389 491/359/413
f 491/359/413 492/360/414 469/337/391
f 469/337/391 492/360/414 493/361/415
f 493/361/415 471/339/393 469/337/391
f 493/361/415 494/362/416 473/342/396
f 473/342/396 471/339/393 493/361/415
f 494/362/416 495/363/417 475/343/397
f 475/343/397 473/342/396 494/362/416
f 496/364/418 477/345/399 475/343/397
f 475/343/397 495/363/417 496/364/418
f 497/365/419 479/348/402 477/345/399
f 477/345/399 496/364/418 497/365/419
f 499/366/420 481/350/404 484/349/403
f 484/349/403 498/367/421 499/366/420
f 500/368/422 486/353/407 481/350/404
f 481/350/404 499/366/420 500/368/422
f 486/353/407 500/368/422 501/369/423
f 501/369/423 487/355/409 486/353/407
f 501/369/423 489/357/411 466/331/385
f 466/331/385 487/355/409 501/369/423
f 490/358/412 489/357/411 502/370/424
f 502/370/424 503/371/425 490/358/412
f 490/358/412 503/371/425 504/372/426
f 504/372/426 491/359/413 490/358/412
f 492/360/414 491/359/413 504/372/426
f 504/372/426 505/373/427 492/360/414
f 505/373/427 506/374/428 493/361/415
f 493/361/415 492/360/414 505/373/427
f 494/362/416 493/361/415 506/374/428
f 506/374/428 507/375/429 494/362/416
f 507/375/429 508/376/430 495/363/417
f 495/363/417 494/362/416 507/375/429
f 496/364/418 495/363/417 508/376/430
f 508/376/430 509/377/431 496/364/418
f 496/364/418 509/377/431 510/378/432
f 510/378/432 497/365/419 496/364/418
f 512/379/433 499/366/420 498/367/421
f 498/367/421 511/380/434 512/379/433
f 513/381/435 500/368/422 499/366/420
f 499/366/420 512/379/433 513/381/435
f 500/368/422 513/381/435 514/382/436
f 514/382/436 501/369/423 500/368/422
f 489/357/411 501/369/423 514/382/436
f 514/382/436 502/370/424 489/357/411
f 502/370/424 515/383/437 516/384/438
f 516/384/438 503/371/425 502/370/424
f 504/372/426 503/371/425 516/384/438
f 516/384/438 517/385/439 504/372/426
f 505/373/427 504/372/426 517/385/439
f 517/385/439 518/386/440 505/373/427
f 506/374/428 505/373/427 518/386/440
f 518/386/440 519/387/441 506/374/428
f 507/375/429 506/374/428 519/387/441
f 519/387/441 520/388/442 507/375/429
f 508/376/430 507/375/429 520/388/442
f 520/388/442 521/389/443 508/376/430
f 508/376/430 521/389/443 522/390/444
f 522/390/444 509/377/431 508/376/430
f 510/378/432 509/377/431 522/390/444
f 522/390/444 523/391/445 510/378/432
f 511/380/434 524/392/446 525/393/447
f 525/393/447 512/379/433 511/380/434
f 512/379/433 525/393/447 526/394/448
f 526/394/448 513/381/435 512/379/433
f 514/382/436 513/381/435 526/394/448
f 526/394/448 527/395/449 514/382/436
f 515/383/437 502/370/424 514/382/436
f 514/382/436 527/395/449 515/383/437
f 529/396/450 516/384/438 515/383/437
f 515/383/437 528/397/451 529/396/450
f 517/385/439 516/384/438 529/396/450
f 529/396/450 530/398/452 517/385/439
f 530/398/452 531/399/453 518/386/440
f 518/386/440 517/385/439 530/398/452
f 532/400/454 519/387/441 518/386/440
f 518/386/440 531/399/453 532/400/454
f 520/388/442 519/387/441 532/400/454
f 532/400/454 533/401/455 520/388/442
f 533/401/455 534/402/456 521/389/443
f 521/389/443 520/388/442 533/401/455
f 522/390/444 521/389/443 534/402/456
f 534/402/456 535/403/457 522/390/444
f 523/391/445 522/390/444 535/403/457
f 535/403/457 536/404/458 523/391/445
f 524/392/446 537/405/458 538/406/459
f 538/406/459 525/393/447 524/392/446
f 539/407/460 526/394/448 525/393/447
f 525/393/447 538/406/459 539/407/460
f 539/407/460 540/408/461 527/395/449
f 527/395/449 526/394/448 539/407/460
f 515/383/437 527/395/449 540/408/461
f 540/408/461 528/397/451 515/383/437
f 542/409/462 541/410/463 529/396/450
f 529/396/450 528/397/451 542/409/462
f 529/396/450 541/410/463 543/411/464
f 543/411/464 530/398/452 529/396/450
f 544/412/465 531/399/453 530/398/452
f 530/398/452 543/411/464 544/412/465
f 545/413/466 532/400/454 531/399/453
f 531/399/453 544/412/465 545/413/466
f 546/414/467 533/401/455 532/400/454
f 532/400/454 545/413/466 546/414/467
f 546/414/467 547/415/468 534/402/456
f 534/402/456 533/401/455 546/414/467
f 547/415/468 548/416/469 535/403/457
f 535/403/457 534/402/456 547/415/468
f 549/417/470 536/404/458 535/403/457
f 535/403/457 548/416/469 549/417/470
f 551/418/470 550/419/471 538/406/459
f 538/406/459 537/405/458 551/418/470
f 538/406/459 550/419/471 552/420/472
f 552/420/472 539/407/460 538/406/459
f 552/420/472 553/421/473 540/408/461
f 540/408/461 539/407/460 552/420/472
f 553/421/473 542/409/462 528/397/451
f 528/397/451 540/408/461 553/421/473
f 541/410/463 542/409/462 554/422/474
f 554/422/474 555/423/475 541/410/463
f 555/423/475 556/424/476 543/411/464
f 543/411/464 541/410/463 555/423/475
f 544/412/465 543/411/464 556/424/476
f 556/424/476 557/425/477 544/412/465
f 557/425/477 558/426/478 545/413/466
f 545/413/466 544/412/465 557/425/477
f 546/414/467 545/413/466 558/426/478
f 558/426/478 559/427/479 546/414/467
f 547/415/468 546/414/467 559/427/479
f 559/427/479 560/428/480 547/415/468
f 561/429/481 548/416/469 547/415/468
f 547/415/468 560/428/480 561/429/481
f 562/430/482 549/417/470 548/416/469
f 548/416/469 561/429/481 562/430/482
f 550/419/471 551/418/470 563/431/483
f 563/431/483 564/432/484 550/419/471
f 565/433/485 552/420/472 550/419/471
f 550/419/471 564/432/484 565/433/485
f 553/421/473 552/420/472 565/433/485
f 565/433/485 566/434/486 553/421/473
f 554/422/474 542/409/462 553/421/473
f 553/421/473 566/434/486 554/422/474
f 554/422/474 567/435/487 568/436/488
f 568/436/488 555/423/475 554/422/474
f 568/436/488 569/437/489 556/424/476
f 556/424/476 555/423/475 568/436/488
f 556/424/476 569/437/489 570/438/490
f 570/438/490 557/425/477 556/424/476
f 558/426/478 557/425/477 570/438/490
f 570/438/490 571/439/491 558/426/478
f 558/426/478 571/439/491 572/440/492
f 572/440/492 559/427/479 558/426/478
f 559/427/479 572/440/492 573/441/493
f 573/441/493 560/428/480 559/427/479
f 560/428/480 573/441/493 574/442/494
f 574/442/494 561/429/481 560/428/480
f 561/429/481 574/442/494 575/443/495
f 575/443/495 562/430/482 561/429/481
f 563/431/483 576/444/496 577/445/497
f 577/445/497 564/432/484 563/431/483
f 578/446/498 565/433/485 564/432/484
f 564/432/484 577/445/497 578/446/498
f 566/434/486 565/433/485 578/446/498
f 578/446/498 579/447/499 566/434/486
f 567/435/487 554/422/474 566/434/486
f 566/434/486 579/447/499 567/435/487
f 583/448/500 580/449/501 581/450/502
f 581/450/502 582/451/503 583/448/500
f 585/452/504 582/451/503 581/450/502
f 581/450/502 584/453/505 585/452/504
f 584/453/505 586/454/506 587/455/507
f 587/455/507 585/452/504 584/453/505
f 589/456/508 587/455/507 586/454/506
f 586/454/506 588/457/509 589/456/508
f 588/457/509 590/458/510 591/459/511
f 591/459/511 589/456/508 588/457/509
f 593/460/512 591/459/511 590/458/510
f 590/458/510 592/461/513 593/460/512
f 592/461/513 594/462/514 595/463/515
f 595/463/515 593/460/512 592/461/513
f 597/464/516 596/465/517 595/463/515
f 595/463/515 594/462/514 597/464/516
f 601/466/518 598/467/519 599/468/520
f 599/468/520 600/469/521 601/466/518
f 600/469/521 602/470/522 603/471/523
f 603/471/523 601/466/518 600/469/521
f 603/471/523 602/470/522 604/472/524
f 604/472/524 605/473/525 603/471/523
f 604/472/524 580/449/501 583/448/500
f 583/448/500 605/473/525 604/472/524
f 581/450/502 580/449/501 606/474/526
f 606/474/526 607/475/527 581/450/502
f 607/475/527 608/476/528 584/453/505
f 584/453/505 581/450/502 607/475/527
f 608/476/528 609/477/529 586/454/506
f 586/454/506 584/453/505 608/476/528
f 610/478/530 588/457/509 586/454/506
f 586/454/506 609/477/529 610/478/530
f 611/479/531 590/458/510 588/457/509
f 588/457/509 610/478/530 611/479/531
f 611/479/531 612/480/532 592/461/513
f 592/461/513 590/458/510 611/479/531
f 613/481/533 594/462/514 592/461/513
f 592/461/513 612/480/532 613/481/533
f 613/481/533 614/482/534 597/464/516
f 597/464/516 594/462/514 613/481/533
f 599/468/520 615/483/534 616/484/535
f 616/484/535 600/469/521 599/468/520
f 617/485/536 602/470/522 600/469/521
f 600/469/521 616/484/535 617/485/536
f 618/486/537 604/472/524 602/470/522
f 602/470/522 617/485/536 618/486/537
f 580/449/501 604/472/524 618/486/537
f 618/486/537 606/474/526 580/449/501
f 607/475/527 606/474/526 619/487/538
f 619/487/538 620/488/539 607/475/527
f 620/488/539 621/489/540 608/476/528
f 608/476/528 607/475/527 620/488/539
f 621/489/540 622/490/541 609/477/529
f 609/477/529 608/476/528 621/489/540
f 622/490/541 623/491/542 610/478/530
f 610/478/530 609/477/529 622/490/541
f 623/491/542 624/492/543 611/479/531
f 611/479/531 610/478/530 623/491/542
f 612/480/532 611/479/531 624/492/543
f 624/492/543 625/493/544 612/480/532
f 625/493/544 626/494/545 613/481/533
f 613/481/533 612/480/532 625/493/544
f 627/495/546 614/482/534 613/481/533
f 613/481/533 626/494/545 627/495/546
f 615/483/534 628/496/546 629/497/547
f 629/497/547 616/484/535 615/483/534
f 630/498/548 617/485/536 616/484/535
f 616/484/535 629/497/547 630/498/548
f 617/485/536 630/498/548 631/499/549
f 631/499/549 618/486/537 617/485/536
f 631/499/549 619/487/538 606/474/526
f 606/474/526 618/486/537 631/499/549
f 620/488/539 619/487/538 632/500/550
f 632/500/550 633/501/551 620/488/539
f 620/488/539 633/501/551 634/502/552
f 634/502/552 621/489/540 620/488/539
f 622/490/541 621/489/540 634/502/552
f 634/502/552 635/503/553 622/490/541
f 623/491/542 622/490/541 635/503/553
f 635/503/553 636/504/554 623/491/542
f 624/492/543 623/491/542 636/504/554
f 636/504/554 637/505/555 624/492/543
f 637/505/555 638/506/556 625/493/544
f 625/493/544 624/492/543 637/505/555
f 625/493/544 638/506/556 639/507/557
f 639/507/557 626/494/545 625/493/544
f 626/494/545 639/507/557 640/508/558
f 640/508/558 627/495/546 626/494/545
f 628/496/546 641/509/558 642/510/559
f 642/510/559 629/497/547 628/496/546
f 629/497/547 642/510/559 643/511/560
f 643/511/560 630/498/548 629/497/547
f 644/512/561 631/499/549 630/498/548
f 630/498/548 643/511/560 644/512/561
f 619/487/538 631/499/549 644/512/561
f 644/512/561 632/500/550 619/487/538
f 632/500/550 645/513/562 646/514/563
f 646/514/563 633/501/551 632/500/550
f 646/514/563 647/515/564 634/502/552
f 634/502/552 633/501/551 646/514/563
f 648/516/565 635/503/553 634/502/552
f 634/502/552 647/515/564 648/516/565
f 648/516/565 649/517/566 636/504/554
f 636/504/554 635/503/553 648/516/565
f 637/505/555 636/504/554 649/517/566
f 649/517/566 650/518/567 637/505/555
f 651/519/568 638/506/556 637/505/555
f 637/505/555 650/518/567 651/519/568
f 638/506/556 651/519/568 652/520/569
f 652/520/569 639/507/557 638/506/556
f 639/507/557 652/520/569 653/521/570
f 653/521/570 640/508/558 639/507/557
f 655/522/571 654/523/572 642/510/559
f 642/510/559 641/509/558 655/522/571
f 654/523/572 656/524/573 643/511/560
f 643/511/560 642/510/559 654/523/572
f 657/525/574 644/512/561 643/511/560
f 643/511/560 656/524/573 657/525/574
f 644/512/561 657/525/574 645/513/562
f 645/513/562 632/500/550 644/512/561
f 659/526/575 658/527/576 646/514/563
f 646/514/563 645/513/562 659/526/575
f 646/514/563 658/527/576 660/528/577
f 660/528/577 647/515/564 646/514/563
f 660/528/577 661/529/578 648/516/565
f 648/516/565 647/515/564 660/528/577
f 662/530/579 649/517/566 648/516/565
f 648/516/565 661/529/578 662/530/579
f 662/530/579 663/531/580 650/518/567
f 650/518/567 649/517/566 662/530/579
f 650/518/567 663/531/580 664/532/581
f 664/532/581 651/519/568 650/518/567
f 665/533/582 652/520/569 651/519/568
f 651/519/568 664/532/581 665/533/582
f 665/533/582 666/534/583 653/521/570
f 653/521/570 652/520/569 665/533/582
f 668/535/583 667/536/584 654/523/572
f 654/523/572 655/522/571 668/535/583
f 654/523/572 667/536/584 669/537/585
f 669/537/585 656/524/573 654/523/572
f 657/525/574 656/524/573 669/537/585
f 669/537/585 670/538/586 657/525/574
f 657/525/574 670/538/586 659/526/575
f 659/526/575 645/513/562 657/525/574
f 658/527/576 659/526/575 671/539/587
f 671/539/587 672/540/588 658/527/576
f 658/527/576 672/540/588 673/541/589
f 673/541/589 660/528/577 658/527/576
f 660/528/577 673/541/589 674/542/590
f 674/542/590 661/529/578 660/528/577
f 662/530/579 661/529/578 674/542/590
f 674/542/590 675/543/591 662/530/579
f 675/543/591 676/544/592 663/531/580
f 663/531/580 662/530/579 675/543/591
f 664/532/581 663/531/580 676/544/592
f 676/544/592 677/545/593 664/532/581
f 678/546/594 665/533/582 664/532/581
f 664/532/581 677/545/593 678/546/594
f 666/534/583 665/533/582 678/546/594
f 678/546/594 679/547/595 666/534/583
f 668/535/583 680/548/596 681/549/597
f 681/549/597 667/536/584 668/535/583
f 682/550/598 669/537/585 667/536/584
f 667/536/584 681/549/597 682/550/598
f 670/538/586 669/537/585 682/550/598
f 682/550/598 683/551/599 670/538/586
f 683/551/599 671/539/587 659/526/575
f 659/526/575 670/538/586 683/551/599
f 672/540/588 671/539/587 684/552/600
f 684/552/600 685/553/601 672/540/588
f 673/541/589 672/540/588 685/553/601
f 685/553/601 686/554/602 673/541/589
f 673/541/589 686/554/602 687/555/603
f 687/555/603 674/542/590 673/541/589
f 675/543/591 674/542/590 687/555/603
f 687/555/603 688/556/604 675/543/591
f 689/557/605 676/544/592 675/543/591
f 675/543/591 688/556/604 689/557/605
f 690/558/606 677/545/593 676/544/592
f 676/544/592 689/557/605 690/558/606
f 691/559/607 678/546/594 677/545/593
f 677/545/593 690/558/606 691/559/607
f 679/547/595 678/546/594 691/559/607
f 691/559/607 692/560/608 679/547/595
f 694/561/609 681/549/597 680/548/596
f 680/548/596 693/562/610 694/561/609
f 695/563/611 682/550/598 681/549/597
f 681/549/597 694/561/609 695/563/611
f 683/551/599 682/550/598 695/563/611
f 695/563/611 696/564/612 683/551/599
f 684/552/600 671/539/587 683/551/599
f 683/551/599 696/564/612 684/552/600
f 700/565/613 697/566/614 698/567/615
f 698/567/615 699/568/616 700/565/613
f 700/565/613 699/568/616 701/569/617
f 701/569/617 702/570/618 700/565/613
f 704/571/619 703/572/620 702/570/618
f 702/570/618 701/569/617 704/571/619
f 706/573/621 703/572/620 704/571/619
f 704/571/619 705/574/622 706/573/621
f 708/575/623 707/576/624 706/573/621
f 706/573/621 705/574/622 708/575/623
f 707/576/624 708/575/623 709/577/625
f 709/577/625 710/578/626 707/576/624
f 709/577/625 711/579/627 712/580/628
f 712/580/628 710/578/626 709/577/625
f 716/581/629 713/582/630 714/583/631
f 714/583/631 715/584/632 716/581/629
f 718/585/633 717/586/634 716/581/629
f 716/581/629 715/584/632 718/585/633
f 718/585/633 719/587/635 720/588/636
f 720/588/636 717/586/634 718/585/633
f 720/588/636 719/587/635 721/589/637
f 721/589/637 722/590/638 720/588/636
f 722/590/638 721/589/637 698/567/615
f 698/567/615 697/566/614 722/590/638
f 699/568/616 698/567/615 723/591/639
f 723/591/639 724/592/640 699/568/616
f 701/569/617 699/568/616 724/592/640
f 724/592/640 725/593/641 701/569/617
f 704/571/619 701/569/617 725/593/641
f 725/593/641 726/594/642 704/571/619
f 727/595/643 705/574/622 704/571/619
f 704/571/619 726/594/642 727/595/643
f 727/595/643 728/596/644 708/575/623
f 708/575/623 705/574/622 727/595/643
f 728/596/644 729/597/645 709/577/625
f 709/577/625 708/575/623 728/596/644
f 730/598/646 711/579/627 709/577/625
f 709/577/625 729/597/645 730/598/646
f 732/599/647 715/584/632 714/583/631
f 714/583/631 731/600/648 732/599/647
f 715/584/632 732/599/647 733/601/649
f 733/601/649 718/585/633 715/584/632
f 718/585/633 733/601/649 734/602/650
f 734/602/650 719/587/635 718/585/633
f 719/587/635 734/602/650 735/603/651
f 735/603/651 721/589/637 719/587/635
f 735/603/651 723/591/639 698/567/615
f 698/567/615 721/589/637 735/603/651
f 737/604/652 736/605/653 724/592/640
f 724/592/640 723/591/639 737/604/652
f 736/605/653 738/606/654 725/593/641
f 725/593/641 724/592/640 736/605/653
f 726/594/642 725/593/641 738/606/654
f 738/606/654 739/607/655 726/594/642
f 727/595/643 726/594/642 739/607/655
f 739/607/655 740/608/656 727/595/643
f 728/596/644 727/595/643 740/608/656
f 740/608/656 741/609/657 728/596/644
f 742/610/658 729/597/645 728/596/644
f 728/596/644 741/609/657 742/610/658
f 743/611/659 730/598/646 729/597/645
f 729/597/645 742/610/658 743/611/659
f 731/600/648 744/612/659 745/613/660
f 745/613/660 732/599/647 731/600/648
f 732/599/647 745/613/660 746/614/661
f 746/614/661 733/601/649 732/599/647
f 747/615/662 734/602/650 733/601/649
f 733/601/649 746/614/661 747/615/662
f 734/602/650 747/615/662 748/616/663
f 748/616/663 735/603/651 734/602/650
f 737/604/652 723/591/639 735/603/651
f 735/603/651 748/616/663 737/604/652
f 750/617/664 749/618/665 736/605/653
f 736/605/653 737/604/652 750/617/664
f 738/606/654 736/605/653 749/618/665
f 749/618/665 751/619/666 738/606/654
f 738/606/654 751/619/666 752/620/667
f 752/620/667 739/607/655 738/606/654
f 752/620/667 753/621/668 740/608/656
f 740/608/656 739/607/655 752/620/667
f 741/609/657 740/608/656 753/621/668
f 753/621/668 754/622/669 741/609/657
f 742/610/658 741/609/657 754/622/669
f 754/622/669 755/623/670 742/610/658
f 742/610/658 755/623/670 756/624/671
f 756/624/671 743/611/659 742/610/658
f 744/612/659 757/625/672 758/626/673
f 758/626/673 745/613/660 744/612/659
f 746/614/661 745/613/660 758/626/673
f 758/626/673 759/627/674 746/614/661
f 746/614/661 759/627/674 760/628/675
f 760/628/675 747/615/662 746/614/661
f 748/616/663 747/615/662 760/628/675
f 760/628/675 761/629/676 748/616/663
f 750/617/664 737/604/652 748/616/663
f 748/616/663 761/629/676 750/617/664
f 749/618/665 750/617/664 762/630/677
f 762/630/677 763/631/678 749/618/665
f 751/619/666 749/618/665 763/631/678
f 763/631/678 764/632/679 751/619/666
f 752/620/667 751/619/666 764/632/679
f 764/632/679 765/633/680 752/620/667
f 752/620/667 765/633/680 766/634/681
f 766/634/681 753/621/668 752/620/667
f 754/622/669 753/621/668 766/634/681
f 766/634/681 767/635/682 754/622/669
f 755/623/670 754/622/669 767/635/682
f 767/635/682 768/636/683 755/623/670
f 755/623/670 768/636/683 769/637/684
f 769/637/684 756/624/671 755/623/670
f 757/625/672 770/638/685 771/639/686
f 771/639/686 758/626/673 757/625/672
f 771/639/686 772/640/687 759/627/674
f 759/627/674 758/626/673 771/639/686
f 772/640/687 773/641/688 760/628/675
f 760/628/675 759/627/674 772/640/687
f 773/641/688 774/642/689 761/629/676
f 761/629/676 760/628/675 773/641/688
f 750/617/664 761/629/676 774/642/689
f 774/642/689 762/630/677 750/617/664
f 776/643/690 775/644/691 763/631/678
f 763/631/678 762/630/677 776/643/690
f 763/631/678 775/644/691 777/645/692
f 777/645/692 764/632/679 763/631/678
f 778/646/693 765/633/680 764/632/679
f 764/632/679 777/645/692 778/646/693
f 779/647/694 766/634/681 765/633/680
f 765/633/680 778/646/693 779/647/694
f 766/634/681 779/647/694 780/648/695
f 780/648/695 767/635/682 766/634/681
f 780/648/695 781/649/696 768/636/683
f 768/636/683 767/635/682 780/648/695
f 782/650/697 769/637/684 768/636/683
f 768/636/683 781/649/696 782/650/697
f 771/639/686 770/638/685 783/651/698
f 783/651/698 784/652/699 771/639/686
f 784/652/699 785/653/700 772/640/687
f 772/640/687 771/639/686 784/652/699
f 772/640/687 785/653/700 786/654/701
f 786/654/701 773/641/688 772/640/687
f 774/642/689 773/641/688 786/654/701
f 786/654/701 787/655/702 774/642/689
f 776/643/690 762/630/677 774/642/689
f 774/642/689 787/655/702 776/643/690
f 775/644/691 776/643/690 788/656/703
f 788/656/703 789/657/704 775/644/691
f 790/658/705 777/645/692 775/644/691
f 775/644/691 789/657/704 790/658/705
f 791/659/706 778/646/693 777/645/692
f 777/645/692 790/658/705 791/659/706
f 778/646/693 791/659/706 792/660/707
f 792/660/707 779/647/694 778/646/693
f 793/661/708 780/648/695 779/647/694
f 779/647/694 792/660/707 793/661/708
f 794/662/709 781/649/696 780/648/695
f 780/648/695 793/661/708 794/662/709
f 795/663/710 782/650/697 781/649/696
f 781/649/696 794/662/709 795/663/710
f 797/664/711 784/652/699 783/651/698
f 783/651/698 796/665/712 797/664/711
f 798/666/713 785/653/700 784/652/699
f 784/652/699 797/664/711 798/666/713
f 799/667/714 786/654/701 785/653/700
f 785/653/700 798/666/713 799/667/714
f 800/668/715 787/655/702 786/654/701
f 786/654/701 799/667/714 800/668/715
f 776/643/690 787/655/702 800/668/715
f 800/668/715 788/656/703 776/643/690
f 802/669/716 801/670/717 789/657/704
f 789/657/704 788/656/703 802/669/716
f 789/657/704 801/670/717 803/671/718
f 803/671/718 790/658/705 789/657/704
f 804/672/719 791/659/706 790/658/705
f 790/658/705 803/671/718 804/672/719
f 805/673/720 792/660/707 791/659/706
f 791/659/706 804/672/719 805/673/720
f 806/674/721 793/661/708 792/660/707
f 792/660/707 805/673/720 806/674/721
f 807/675/722 794/662/709 793/661/708
f 793/661/708 806/674/721 807/675/722
f 808/676/723 795/663/710 794/662/709
f 794/662/709 807/675/722 808/676/723
f 810/677/724 797/664/711 796/665/712
f 796/665/712 809/678/725 810/677/724
f 797/664/711 810/677/724 811/679/726
f 811/679/726 798/666/713 797/664/711
f 812/680/727 799/667/714 798/666/713
f 798/666/713 811/679/726 812/680/727
f 813/681/728 800/668/715 799/667/714
f 799/667/714 812/680/727 813/681/728
f 802/669/716 788/656/703 800/668/715
f 800/668/715 813/681/728 802/669/716
f 817/682/729 814/683/165 815/684/165
f 815/684/165 816/685/729 817/682/729
f 819/686/730 818/687/730 817/682/729
f 817/682/729 816/685/729 819/686/730
f 821/688/169 820/689/169 818/687/730
f 818/687/730 819/686/730 821/688/169
f 823/690/731 822/691/731 820/689/169
f 820/689/169 821/688/169 823/690/731
f 825/692/732 824/693/732 822/691/731
f 822/691/731 823/690/731 825/692/732
f 825/692/732 826/694/173 827/695/173
f 827/695/173 824/693/732 825/692/732
f 829/696/733 828/697/733 827/695/173
f 827/695/173 826/694/173 829/696/733
f 829/696/733 830/698/734 831/699/734
f 831/699/734 828/697/733 829/696/733
f 830/698/734 832/700/178 833/701/178
f 833/701/178 831/699/734 830/698/734
f 832/700/178 834/702/735 835/703/735
f 835/703/735 833/701/178 832/700/178
f 834/702/735 836/704/736 837/705/736
f 837/705/736 835/703/735 834/702/735
f 837/705/736 836/704/736 838/706/737
f 838/706/737 839/707/737 837/705/736
f 838/706/737 840/708/738 841/709/738
f 841/709/738 839/707/737 838/706/737
f 840/708/738 842/710/739 843/711/739
f 843/711/739 841/709/738 840/708/738
f 845/712/740 843/711/739 842/710/739
f 842/710/739 844/713/740 845/712/740
f 844/713/740 846/714/741 847/715/741
f 847/715/741 845/712/740 844/713/740
f 846/714/741 848/716/742 849/717/742
f 849/717/742 847/715/741 846/714/741
f 814/683/165 849/717/742 848/716/742
f 848/716/742 815/684/165 814/683/165
s 0
f 850/685/743 851/684/743 852/718/743
f 853/686/743 850/685/743 852/718/743
f 854/688/743 853/686/743 852/718/743
f 855/690/743 854/688/743 852/718/743
f 856/692/743 855/690/743 852/718/743
f 857/694/743 856/692/743 852/718/743
f 858/696/743 857/694/743 852/718/743
f 859/698/743 858/696/743 852/718/743
f 860/700/743 859/698/743 852/718/743
f 861/702/743 860/700/743 852/718/743
f 862/704/743 861/702/743 852/718/743
f 863/706/743 862/704/743 852/718/743
f 864/708/743 863/706/743 852/718/743
f 865/713/743 866/710/743 852/718/743
f 867/714/743 865/713/743 852/718/743
f 868/716/743 867/714/743 852/718/743
f 851/684/743 868/716/743 852/718/743
f 872/719/744 869/683/744 870/682/744
f 870/682/744 871/720/744 872/719/744
f 874/687/744 873/721/744 871/720/744
f 871/720/744 870/682/744 874/687/744
f 874/687/744 875/689/744 876/722/744
f 876/722/744 873/721/744 874/687/744
f 878/723/744 876/722/744 875/689/744
f 875/689/744 877/691/744 878/723/744
f 880/724/744 878/723/744 877/691/744
f 877/691/744 879/693/744 880/724/744
f 879/693/744 881/695/744 882/725/744
f 882/725/744 880/724/744 879/693/744
f 884/697/744 883/726/744 882/725/744
f 882/725/744 881/695/744 884/697/744
f 886/699/744 885/727/744 883/726/744
f 883/726/744 884/697/744 886/699/744
f 886/699/744 887/701/744 888/728/744
f 888/728/744 885/727/744 886/699/744
f 890/729/744 888/728/744 887/701/744
f 887/701/744 889/703/744 890/729/744
f 892/705/744 891/730/744 890/729/744
f 890/729/744 889/703/744 892/705/744
f 891/730/744 892/705/744 893/707/744
f 893/707/744 894/731/744 891/730/744
f 893/707/744 895/709/744 896/732/744
f 896/732/744 894/731/744 893/707/744
f 898/733/744 896/732/744 895/709/744
f 895/709/744 897/711/744 898/733/744
f 898/733/744 897/711/744 899/712/744
f 899/712/744 900/734/744 898/733/744
f 899/712/744 901/715/744 902/735/744
f 902/735/744 900/734/744 899/712/744
f 902/735/744 901/715/744 903/717/744
f 903/717/744 904/736/744 902/735/744
f 904/736/744 903/717/744 869/683/744
f 869/683/744 872/719/744 904/736/744
f 908/737/745 905/719/745 906/720/745
f 906/720/745 907/738/745 908/737/745
f 912/739/167 909/738/167 910/720/167
f 910/720/167 911/721/167 912/739/167
f 916/721/746 913/722/746 914/740/746
f 914/740/746 915/739/746 916/721/746
f 920/723/747 917/741/747 918/740/747
f 918/740/747 919/722/747 920/723/747
f 924/742/748 921/741/748 922/723/748
f 922/723/748 923/724/748 924/742/748
f 928/743/749 925/742/749 926/724/749
f 926/724/749 927/725/749 928/743/749
f 932/725/750 929/726/750 930/744/750
f 930/744/750 931/743/750 932/725/750
f 936/726/176 933/727/176 934/745/176
f 934/745/176 935/744/176 936/726/176
f 940/745/751 937/727/751 938/728/751
f 938/728/751 939/746/751 940/745/751
f 944/729/752 941/747/752 942/746/752
f 942/746/752 943/728/752 944/729/752
f 948/748/753 945/747/753 946/729/753
f 946/729/754 947/730/754 948/748/754
f 952/731/755 949/749/755 950/748/755
f 950/748/755 951/730/755 952/731/755
f 956/749/756 953/731/756 954/732/756
f 954/732/756 955/750/756 956/749/756
f 960/733/159 957/751/159 958/750/159
f 958/750/159 959/732/159 960/733/159
f 964/734/757 961/752/757 962/751/757
f 962/751/757 963/733/757 964/734/757
f 968/753/758 965/752/758 966/734/758
f 966/734/758 967/735/758 968/753/758
f 972/736/759 969/754/759 970/753/759
f 970/753/760 971/735/760 972/736/760
f 976/719/761 973/737/761 974/754/761
f 974/754/761 975/736/761 976/719/761
f 864/708/743 852/718/743 866/710/743
s 1
f 980/755/762 977/756/762 978/757/744
f 978/757/744 979/758/744 980/755/762
f 984/759/743 981/760/743 982/761/763
f 982/761/763 983/762/763 984/759/743
f 977/756/762 980/755/762 983/762/763
f 983/762/763 982/761/763 977/756/762
s 0
f 988/763/764 985/764/764 986/765/764
f 986/765/764 987/766/764 988/763/764
f 992/763/765 989/766/765 990/767/765
f 990/767/765 991/768/765 992/763/765
f 996/769/766 993/770/766 994/765/766
f 994/765/766 995/764/766 996/769/766
f 1000/771/767 997/758/767 998/757/767
f 998/757/767 999/772/767 1000/771/767
f 1004/773/768 1001/757/768 1002/756/768
s 1
f 1002/756/769 1003/774/769 1004/773/768
f 1003/774/769 1002/756/769 1005/761/770
f 1005/761/770 1006/775/771 1003/774/769
s 0
f 1005/761/768 1007/760/768 1008/776/768
s 1
f 1008/776/768 1006/775/771 1005/761/770
s 0
f 1012/777/767 1009/760/767 1010/759/767
f 1010/759/767 1011/778/767 1012/777/767
s 1
f 1016/762/772 1013/779/773 1014/780/774
s 0
f 1014/780/775 1015/759/775 1016/762/775
s 1
f 1013/779/773 1016/762/772 1017/755/776
f 1017/755/776 1018/781/777 1013/779/773
s 0
f 1017/755/775 1019/758/775 1020/782/775
s 1
f 1020/782/776 1018/781/777 1017/755/776
s 0
f 1024/772/743 1021/783/743 1022/784/743
f 1022/784/743 1023/771/743 1024/772/743
f 1028/773/743 1025/774/743 1026/785/743
f 1026/785/743 1027/786/743 1028/773/743
s 1
f 1032/774/778 1029/775/778 1030/787/778
s 0
f 1030/787/779 1031/785/779 1032/774/779
f 1036/787/744 1033/775/744 1034/776/744
f 1034/776/744 1035/788/744 1036/787/744
f 1040/789/744 1037/790/744 1038/777/744
f 1038/777/744 1039/778/744 1040/789/744
f 1044/780/744 1041/779/744 1042/791/744
f 1042/791/744 1043/792/744 1044/780/744
s 1
f 1048/781/780 1045/793/780 1046/791/780
s 0
f 1046/791/781 1047/779/781 1048/781/781
f 1052/782/743 1049/794/743 1050/793/743
f 1050/793/743 1051/781/743 1052/782/743
s 1
f 1056/795/782 1053/796/783 1054/797/744
f 1054/797/744 1055/798/744 1056/795/782
f 1060/799/743 1057/800/743 1058/801/784
f 1058/801/784 1059/802/784 1060/799/743
f 1053/796/783 1056/795/782 1059/802/784
f 1059/802/784 1058/801/784 1053/796/783
s 0
f 1064/803/785 1061/804/785 1062/805/785
f 1062/805/785 1063/806/785 1064/803/785
f 1068/803/786 1065/806/786 1066/807/786
f 1066/807/786 1067/808/786 1068/803/786
f 1072/809/787 1069/810/787 1070/805/787
f 1070/805/787 1071/804/787 1072/809/787
f 1076/811/785 1073/798/785 1074/797/785
f 1074/797/785 1075/812/785 1076/811/785
f 1080/813/788 1077/797/788 1078/796/788
s 1
f 1078/796/789 1079/814/790 1080/813/791
f 1079/814/790 1078/796/789 1081/801/792
f 1081/801/792 1082/815/793 1079/814/790
s 0
f 1081/801/788 1083/800/788 1084/816/788
s 1
f 1084/816/794 1082/815/793 1081/801/792
s 0
f 1088/817/785 1085/800/785 1086/799/785
f 1086/799/785 1087/818/785 1088/817/785
s 1
f 1092/802/795 1089/819/795 1090/820/796
s 0
f 1090/820/797 1091/799/797 1092/802/797
s 1
f 1089/819/795 1092/802/795 1093/795/798
f 1093/795/798 1094/821/798 1089/819/795
s 0
f 1093/795/797 1095/798/797 1096/822/797
s 1
f 1096/822/799 1094/821/798 1093/795/798
s 0
f 1100/812/743 1097/823/743 1098/824/743
f 1098/824/743 1099/811/743 1100/812/743
f 1104/813/743 1101/814/743 1102/825/743
f 1102/825/743 1103/826/743 1104/813/743
s 1
f 1108/814/800 1105/815/801 1106/827/785
f 1106/827/785 1107/825/802 1108/814/800
s 0
f 1112/827/744 1109/815/744 1110/816/744
f 1110/816/744 1111/828/744 1112/827/744
f 1116/829/744 1113/830/744 1114/817/744
f 1114/817/744 1115/818/744 1116/829/744
f 1120/820/744 1117/819/744 1118/831/744
f 1118/831/744 1119/832/744 1120/820/744
s 1
f 1124/821/801 1121/833/785 1122/831/785
f 1122/831/785 1123/819/785 1124/821/801
s 0
f 1128/822/743 1125/834/743 1126/833/743
f 1126/833/743 1127/821/743 1128/822/743
s 1
f 1132/835/803 1129/836/804 1130/837/805
f 1130/837/805 1131/838/806 1132/835/803
f 1136/839/807 1133/840/808 1134/841/809
f 1134/841/809 1135/842/810 1136/839/807
f 1138/843/811 1134/841/809 1133/840/808
f 1133/840/808 1137/844/812 1138/843/811
f 1140/845/813 1132/835/803 1131/838/806
f 1131/838/806 1139/846/814 1140/845/813
f 1135/842/810 1134/841/809 1140/845/813
f 1140/845/813 1139/846/814 1135/842/810
f 1138/843/811 1141/847/815 1140/845/813
f 1140/845/813 1134/841/809 1138/843/811
f 1145/848/816 1142/849/817 1143/850/818
f 1143/850/818 1144/851/819 1145/848/816
f 1147/852/820 1145/848/816 1144/851/819
f 1144/851/819 1146/853/821 1147/852/820
f 1149/854/822 1147/852/820 1146/853/821
f 1146/853/821 1148/855/823 1149/854/822
f 1149/854/822 1148/855/823 1150/856/824
f 1150/856/824 1151/857/825 1149/854/822
f 1153/858/826 1152/859/827 1150/856/824
f 1150/856/824 1148/855/823 1153/858/826
f 1151/857/825 1150/856/824 1154/860/828
f 1154/860/828 1155/861/829 1151/857/825
f 1154/860/828 1150/856/824 1152/859/827
f 1152/859/827 1156/862/830 1154/860/828
f 1154/860/828 1157/863/831 1158/864/832
f 1158/864/832 1155/861/829 1154/860/828
f 1159/865/833 1157/863/831 1154/860/828
f 1154/860/828 1156/862/830 1159/865/833
f 1161/866/834 1160/867/835 1143/850/818
f 1143/850/818 1142/849/817 1161/866/834
f 1160/867/835 1161/866/834 1162/868/836
f 1162/868/836 1163/869/837 1160/867/835
f 1165/870/838 1163/869/837 1162/868/836
f 1162/868/836 1164/871/839 1165/870/838
f 1164/871/839 1166/872/840 1167/873/841
f 1167/873/841 1165/870/838 1164/871/839
f 1165/870/838 1167/873/841 1168/874/807
f 1168/874/807 1169/875/842 1165/870/838
f 1171/876/843 1167/873/841 1166/872/840
f 1166/872/840 1170/877/844 1171/876/843
f 1167/873/841 1171/876/843 1172/878/808
f 1172/878/808 1168/874/807 1167/873/841
f 1170/877/844 1173/879/845 1174/880/846
f 1174/880/846 1171/876/843 1170/877/844
f 1174/880/846 1175/881/847 1172/878/808
f 1172/878/808 1171/876/843 1174/880/846
f 1177/882/848 1174/880/846 1173/879/845
f 1173/879/845 1176/883/849 1177/882/848
f 1178/884/850 1175/881/847 1174/880/846
f 1174/880/846 1177/882/848 1178/884/850
f 1132/835/803 1179/885/851 1180/886/852
f 1180/886/852 1129/836/804 1132/835/803
f 1159/865/833 1181/887/851 1182/888/853
f 1182/888/853 1157/863/831 1159/865/833
f 1141/847/815 1179/885/851 1132/835/803
f 1132/835/803 1140/845/813 1141/847/815
f 1183/889/854 1158/864/832 1157/863/831
f 1157/863/831 1182/888/853 1183/889/854
f 1165/870/838 1169/875/842 1184/890/855
f 1184/890/855 1163/869/837 1165/870/838
f 1163/869/837 1184/890/855 1185/891/856
f 1185/891/856 1160/867/835 1163/869/837
f 1185/891/856 1186/892/857 1143/850/818
f 1143/850/818 1160/867/835 1185/891/856
f 1153/858/826 1148/855/823 1146/853/821
f 1146/853/821 1187/893/858 1153/858/826
f 1143/850/818 1186/892/857 1188/894/859
f 1188/894/859 1144/851/819 1143/850/818
f 1146/853/821 1144/851/819 1188/894/859
f 1188/894/859 1187/893/858 1146/853/821
f 1136/839/807 1135/842/810 1189/895/860
f 1189/895/860 1190/896/861 1136/839/807
f 1185/891/856 1184/890/855 1191/897/862
f 1191/897/862 1184/890/855 1190/896/861
f 1190/896/861 1189/895/860 1191/897/862
f 1135/842/810 1139/846/814 1192/898/863
f 1192/898/863 1189/895/860 1135/842/810
f 1186/892/857 1185/891/856 1191/897/862
f 1191/897/862 1193/899/864 1186/892/857
f 1131/838/806 1194/900/865 1192/898/863
f 1192/898/863 1139/846/814 1131/838/806
f 1191/897/862 1189/895/860 1192/898/863
f 1192/898/863 1193/899/864 1191/897/862
f 1187/893/858 1195/901/866 1194/900/865
f 1194/900/865 1196/902/826 1187/893/858
f 1130/837/805 1196/902/826 1194/900/865
f 1194/900/865 1131/838/806 1130/837/805
f 1194/900/865 1195/901/866 1193/899/864
f 1193/899/864 1192/898/863 1194/900/865
f 1186/892/857 1193/899/864 1195/901/866
f 1195/901/866 1188/894/859 1186/892/857
f 1195/901/866 1187/893/858 1188/894/859
f 1200/837/867 1197/836/868 1198/835/869
f 1198/835/869 1199/838/870 1200/837/867
f 1204/841/871 1201/840/872 1202/839/873
f 1202/839/873 1203/842/874 1204/841/871
f 1201/840/872 1204/841/871 1205/843/875
f 1205/843/875 1206/844/876 1201/840/872
f 1199/838/870 1198/835/869 1207/845/877
f 1207/845/877 1208/846/878 1199/838/870
f 1207/845/877 1204/841/871 1203/842/874
f 1203/842/874 1208/846/878 1207/845/877
f 1207/845/877 1209/847/879 1205/843/875
f 1205/843/875 1204/841/871 1207/845/877
f 1211/850/880 1142/849/817 1145/848/816
f 1145/848/816 1210/851/881 1211/850/880
f 1210/851/881 1145/848/816 1147/852/820
f 1147/852/820 1212/853/882 1210/851/881
f 1212/853/882 1147/852/820 1149/854/822
f 1149/854/822 1213/855/883 1212/853/882
f 1214/856/884 1213/855/883 1149/854/822
f 1149/854/822 1151/857/825 1214/856/884
f 1214/856/884 1215/859/867 1216/858/885
f 1216/858/885 1213/855/883 1214/856/884
f 1217/860/886 1214/856/884 1151/857/825
f 1151/857/825 1155/861/829 1217/860/886
f 1215/859/867 1214/856/884 1217/860/886
f 1217/860/886 1218/862/887 1215/859/867
f 1158/864/832 1219/863/888 1217/860/886
f 1217/860/886 1155/861/829 1158/864/832
f 1217/860/886 1219/863/888 1220/865/889
f 1220/865/889 1218/862/887 1217/860/886
f 1211/850/880 1221/867/890 1161/866/834
f 1161/866/834 1142/849/817 1211/850/880
f 1162/868/836 1161/866/834 1221/867/890
f 1221/867/890 1222/869/891 1162/868/836
f 1162/868/836 1222/869/891 1223/870/892
f 1223/870/892 1164/871/839 1162/868/836
f 1224/873/893 1166/872/840 1164/871/839
f 1164/871/839 1223/870/892 1224/873/893
f 1226/874/873 1224/873/893 1223/870/892
f 1223/870/892 1225/875/894 1226/874/873
f 1166/872/840 1224/873/893 1227/876/895
f 1227/876/895 1170/877/844 1166/872/840
f 1228/878/872 1227/876/895 1224/873/893
f 1224/873/893 1226/874/873 1228/878/872
f 1229/880/896 1173/879/845 1170/877/844
f 1170/877/844 1227/876/895 1229/880/896
f 1228/878/872 1230/881/897 1229/880/896
f 1229/880/896 1227/876/895 1228/878/872
f 1173/879/845 1229/880/896 1231/882/898
f 1231/882/898 1176/883/849 1173/879/845
f 1229/880/896 1230/881/897 1232/884/899
f 1232/884/899 1231/882/898 1229/880/896
f 1234/886/900 1233/885/901 1198/835/869
f 1198/835/869 1197/836/868 1234/886/900
f 1236/888/902 1235/887/901 1220/865/889
f 1220/865/889 1219/863/888 1236/888/902
f 1198/835/869 1233/885/901 1209/847/879
f 1209/847/879 1207/845/877 1198/835/869
f 1219/863/888 1158/864/832 1183/889/854
f 1183/889/854 1236/888/902 1219/863/888
f 1237/890/903 1225/875/894 1223/870/892
f 1223/870/892 1222/869/891 1237/890/903
f 1238/891/904 1237/890/903 1222/869/891
f 1222/869/891 1221/867/890 1238/891/904
f 1211/850/880 1239/892/905 1238/891/904
f 1238/891/904 1221/867/890 1211/850/880
f 1212/853/882 1213/855/883 1216/858/885
f 1216/858/885 1240/893/906 1212/853/882
f 1241/894/907 1239/892/905 1211/850/880
f 1211/850/880 1210/851/881 1241/894/907
f 1241/894/907 1210/851/881 1212/853/882
f 1212/853/882 1240/893/906 1241/894/907
f 1243/895/908 1203/842/874 1202/839/873
f 1202/839/873 1242/896/909 1243/895/908
f 1238/891/904 1244/897/910 1237/890/903
f 1242/896/909 1237/890/903 1244/897/910
f 1244/897/910 1243/895/908 1242/896/909
f 1245/898/911 1208/846/878 1203/842/874
f 1203/842/874 1243/895/908 1245/898/911
f 1244/897/910 1238/891/904 1239/892/905
f 1239/892/905 1246/899/912 1244/897/910
f 1245/898/911 1247/900/913 1199/838/870
f 1199/838/870 1208/846/878 1245/898/911
f 1245/898/911 1243/895/908 1244/897/910
f 1244/897/910 1246/899/912 1245/898/911
f 1247/900/913 1248/901/914 1240/893/906
f 1240/893/906 1249/902/915 1247/900/913
f 1247/900/913 1249/902/915 1200/837/867
f 1200/837/867 1199/838/870 1247/900/913
f 1246/899/912 1248/901/914 1247/900/913
f 1247/900/913 1245/898/911 1246/899/912
f 1248/901/914 1246/899/912 1239/892/905
f 1239/892/905 1241/894/907 1248/901/914
f 1248/901/914 1241/894/907 1240/893/906
f 1250/903/916 1251/904/917 1252/905/918
f 1252/905/918 1253/906/919 1254/907/920
f 1254/907/920 1250/903/916 1252/905/918
f 1250/903/916 1254/907/920 1255/908/921
f 1255/908/921 1256/909/922 1250/903/916
f 1258/910/923 1251/904/917 1250/903/916
f 1250/903/916 1257/911/924 1258/910/923
f 1257/911/924 1259/912/925 1260/913/926
f 1260/913/926 1258/910/923 1257/911/924
f 1259/912/925 1261/914/927 1262/915/928
f 1262/915/928 1260/913/926 1259/912/925
f 1255/908/921 1263/916/929 1264/917/930
f 1264/917/930 1256/909/922 1255/908/921
f 1256/909/922 1265/918/931 1257/911/924
f 1257/911/924 1250/903/916 1256/909/922
f 1266/919/932 1259/912/925 1257/911/924
f 1257/911/924 1265/918/931 1266/919/932
f 1267/920/933 1265/918/931 1256/909/922
f 1256/909/922 1264/917/930 1267/920/933
f 1264/917/930 1263/916/929 1268/921/934
f 1268/921/934 1269/922/935 1264/917/930
f 1265/918/931 1267/920/933 1270/923/936
f 1270/923/936 1266/919/932 1265/918/931
f 1264/917/930 1269/922/935 1271/924/937
f 1271/924/937 1267/920/933 1264/917/930
f 1267/920/933 1271/924/937 1272/925/938
f 1272/925/938 1270/923/936 1267/920/933
f 1261/914/927 1259/912/925 1266/919/932
f 1266/919/932 1273/926/939 1261/914/927
f 1273/926/939 1266/919/932 1270/923/936
f 1270/923/936 1274/927/940 1273/926/939
f 1275/928/941 1274/927/940 1270/923/936
f 1270/923/936 1272/925/938 1275/928/941
f 1261/914/927 1276/929/942 1277/930/943
f 1277/930/943 1262/915/928 1261/914/927
f 1276/929/942 1261/914/927 1273/926/939
f 1273/926/939 1278/931/944 1276/929/942
f 1273/926/939 1274/927/940 1279/932/945
f 1279/932/945 1278/931/944 1273/926/939
f 1280/933/946 1279/932/945 1274/927/940
f 1274/927/940 1275/928/941 1280/933/946
f 1284/934/947 1281/935/948 1282/936/949
f 1282/936/949 1283/937/950 1284/934/947
f 1268/921/934 1285/938/951 1286/939/952
f 1286/939/952 1269/922/935 1268/921/934
f 1281/935/948 1286/939/952 1285/938/951
f 1285/938/951 1282/936/949 1281/935/948
f 1271/924/937 1269/922/935 1286/939/952
f 1286/939/952 1287/940/953 1271/924/937
f 1287/940/953 1288/941/954 1272/925/938
f 1272/925/938 1271/924/937 1287/940/953
f 1289/942/955 1275/928/941 1272/925/938
f 1272/925/938 1288/941/954 1289/942/955
f 1275/928/941 1289/942/955 1290/943/956
f 1290/943/956 1280/933/946 1275/928/941
f 1291/944/957 1290/943/956 1289/942/955
f 1293/945/958 1286/939/952 1281/935/948
f 1281/935/948 1292/946/959 1293/945/958
f 1286/939/952 1293/945/958 1294/947/960
f 1294/947/960 1287/940/953 1286/939/952
f 1294/947/960 1295/948/961 1288/941/954
f 1288/941/954 1287/940/953 1294/947/960
f 1289/942/955 1288/941/954 1295/948/961
f 1295/948/961 1296/949/962 1289/942/955
f 1291/944/957 1289/942/955 1296/949/962
f 1296/949/962 1297/950/963 1291/944/957
f 1297/950/963 1298/951/964 1299/952/965
f 1299/952/965 1291/944/957 1297/950/963
f 1300/953/966 1291/944/957 1299/952/965
f 1283/937/950 1282/936/949 1285/938/951
f 1285/938/951 1301/954/967 1283/937/950
f 1285/938/951 1268/921/934 1302/955/968
f 1302/955/968 1301/954/967 1285/938/951
f 1303/956/969 1302/955/968 1268/921/934
f 1268/921/934 1263/916/929 1303/956/969
f 1255/908/921 1304/957/970 1303/956/969
f 1303/956/969 1263/916/929 1255/908/921
f 1254/907/920 1305/958/971 1304/957/970
f 1304/957/970 1255/908/921 1254/907/920
f 1304/957/970 1306/959/972 1307/960/973
f 1307/960/973 1303/956/969 1304/957/970
f 1308/961/974 1306/959/972 1304/957/970
f 1310/962/975 1309/963/976 1306/959/972
f 1306/959/972 1308/961/974 1310/962/975
f 1308/961/974 1304/957/970 1305/958/971
f 1305/958/971 1311/964/977 1308/961/974
f 1254/907/920 1253/906/919 1312/965/978
f 1312/965/978 1305/958/971 1254/907/920
f 1252/905/918 1313/966/979 1312/965/978
f 1312/965/978 1253/906/919 1252/905/918
f 1316/967/980 1314/968/977 1315/969/981
f 1315/969/981 1312/965/978 1316/967/980
f 1317/970/982 1313/966/979 1252/905/918
f 1252/905/918 1251/904/917 1317/970/982
f 1318/971/983 1312/965/978 1313/966/979
f 1316/967/980 1312/965/978 1318/971/983
f 1318/971/983 1319/972/984 1316/967/980
f 1317/970/982 1318/971/983 1313/966/979
f 1320/973/985 1317/970/982 1251/904/917
f 1251/904/917 1258/910/923 1320/973/985
f 1321/974/986 1319/972/984 1318/971/983
f 1318/971/983 1317/970/982 1321/974/986
f 1322/975/987 1316/967/980 1319/972/984
f 1319/972/984 1321/974/986 1322/975/987
f 1323/976/988 1320/973/985 1258/910/923
f 1258/910/923 1260/913/926 1323/976/988
f 1262/915/928 1324/977/989 1323/976/988
f 1323/976/988 1260/913/926 1262/915/928
f 1324/977/989 1262/915/928 1277/930/943
f 1277/930/943 1325/978/990 1324/977/989
f 1326/979/991 1325/978/990 1327/980/992
f 1325/978/990 1277/930/943 1328/981/993
f 1327/980/992 1325/978/990 1328/981/993
f 1328/981/993 1277/930/943 1276/929/942
f 1276/929/942 1329/982/994 1328/981/993
f 1331/983/995 1330/984/991 1327/980/992
f 1327/980/992 1328/981/993 1331/983/995
f 1331/983/995 1328/981/993 1329/982/994
f 1332/985/996 1329/982/994 1276/929/942
f 1276/929/942 1278/931/944 1332/985/996
f 1333/986/997 1332/985/996 1278/931/944
f 1278/931/944 1279/932/945 1333/986/997
f 1279/932/945 1280/933/946 1334/987/998
f 1334/987/998 1333/986/997 1279/932/945
f 1280/933/946 1290/943/956 1335/988/999
f 1335/988/999 1334/987/998 1280/933/946
f 1300/953/966 1335/988/999 1290/943/956
f 1290/943/956 1291/944/957 1300/953/966
f 1337/989/1000 1336/990/1001 1299/952/965
f 1299/952/965 1298/951/964 1337/989/1000
f 1337/989/1000 1298/951/964 1297/950/963
f 1297/950/963 1338/991/1002 1337/989/1000
f 1296/949/962 1339/992/1003 1338/991/1002
f 1338/991/1002 1297/950/963 1296/949/962
f 1340/993/1004 1341/994/1005 1342/995/1002
f 1300/953/966 1341/994/1005 1340/993/1004
f 1340/993/1004 1335/988/999 1300/953/966
f 1343/996/1006 1339/992/1003 1296/949/962
f 1296/949/962 1295/948/961 1343/996/1006
f 1343/996/1006 1295/948/961 1344/997/1007
f 1344/997/1007 1295/948/961 1294/947/960
f 1294/947/960 1345/998/1008 1344/997/1007
f 1347/999/1009 1346/1000/1010 1344/997/1007
f 1344/997/1007 1345/998/1008 1347/999/1009
f 1348/1001/1011 1345/998/1008 1294/947/960
f 1294/947/960 1293/945/958 1348/1001/1011
f 1281/935/948 1284/934/947 1292/946/959
f 1348/1001/1011 1293/945/958 1292/946/959
f 1292/946/959 1284/934/947 1283/937/950
f 1283/937/950 1349/1002/1012 1292/946/959
f 1350/1003/1012 1283/937/950 1301/954/967
f 1350/1003/1012 1301/954/967 1351/1004/1013
f 1352/1005/1014 1303/956/969 1307/960/973
f 1353/1006/1015 1306/959/972 1309/963/976
f 1307/960/973 1306/959/972 1353/1006/1015
f 1354/1007/1016 1352/1005/1014 1307/960/973
f 1307/960/973 1353/1006/1015 1354/1007/1016
f 1352/1005/1014 1355/1008/1017 1302/955/968
f 1302/955/968 1303/956/969 1352/1005/1014
f 1351/1004/1013 1301/954/967 1302/955/968
f 1302/955/968 1355/1008/1017 1351/1004/1013
f 1352/1005/1014 1354/1007/1016 1356/1009/1018
f 1356/1009/1018 1355/1008/1017 1352/1005/1014
f 1350/1003/1012 1351/1004/1013 1357/1010/1019
f 1355/1008/1017 1356/1009/1018 1358/1011/1020
f 1347/999/1009 1345/998/1008 1348/1001/1011
f 1348/1001/1011 1359/1012/1019 1347/999/1009
f 1292/946/959 1349/1002/1012 1359/1012/1019
f 1359/1012/1019 1348/1001/1011 1292/946/959
f 1358/1011/1020 1357/1010/1019 1351/1004/1013
f 1351/1004/1013 1355/1008/1017 1358/1011/1020
f 1325/978/990 1326/979/991 1360/1013/1021
f 1360/1013/1021 1324/977/989 1325/978/990
f 1323/976/988 1324/977/989 1360/1013/1021
f 1360/1013/1021 1361/1014/1022 1323/976/988
f 1363/1015/1021 1330/984/991 1331/983/995
f 1331/983/995 1362/1016/1023 1363/1015/1021
f 1331/983/995 1329/982/994 1332/985/996
f 1332/985/996 1362/1016/1023 1331/983/995
f 1361/1014/1022 1364/1017/1024 1320/973/985
f 1320/973/985 1323/976/988 1361/1014/1022
f 1364/1017/1024 1322/975/987 1321/974/986
f 1317/970/982 1320/973/985 1364/1017/1024
f 1364/1017/1024 1321/974/986 1317/970/982
f 1308/961/974 1311/964/977 1365/1018/1025
f 1365/1018/1025 1310/962/975 1308/961/974
f 1366/1019/1026 1314/968/977 1316/967/980
f 1316/967/980 1322/975/987 1366/1019/1026
f 1367/1020/1027 1366/1019/1026 1322/975/987
f 1322/975/987 1364/1017/1024 1367/1020/1027
f 1364/1017/1024 1361/1014/1022 1368/1021/1028
f 1368/1021/1028 1367/1020/1027 1364/1017/1024
f 1370/1022/1029 1363/1015/1021 1362/1016/1023
f 1362/1016/1023 1369/1023/1028 1370/1022/1029
f 1371/1024/1030 1362/1016/1023 1332/985/996
f 1371/1024/1030 1372/1025/1031 1369/1023/1028
f 1369/1023/1028 1362/1016/1023 1371/1024/1030
f 1332/985/996 1333/986/997 1373/1026/1032
f 1373/1026/1032 1371/1024/1030 1332/985/996
f 1373/1026/1032 1374/1027/1033 1372/1025/1031
f 1372/1025/1031 1371/1024/1030 1373/1026/1032
f 1333/986/997 1334/987/998 1375/1028/1034
f 1375/1028/1034 1373/1026/1032 1333/986/997
f 1375/1028/1034 1334/987/998 1335/988/999
f 1335/988/999 1340/993/1004 1375/1028/1034
f 1342/995/1002 1376/1029/1003 1377/1030/1035
f 1377/1030/1035 1340/993/1004 1342/995/1002
f 1379/1031/1036 1378/1032/1035 1339/992/1003
f 1339/992/1003 1343/996/1006 1379/1031/1036
f 1377/1030/1035 1380/1033/1037 1375/1028/1034
f 1375/1028/1034 1340/993/1004 1377/1030/1035
f 1379/1031/1036 1343/996/1006 1344/997/1007
f 1344/997/1007 1346/1000/1010 1379/1031/1036
f 1381/1034/1037 1378/1032/1035 1379/1031/1036
f 1374/1027/1033 1373/1026/1032 1375/1028/1034
f 1375/1028/1034 1380/1033/1037 1374/1027/1033
f 1385/1035/1038 1382/1036/1039 1383/1037/1040
f 1383/1037/1040 1384/1038/1041 1385/1035/1038
f 1382/1036/1039 1385/1035/1038 1386/1039/1042
f 1386/1039/1042 1387/1040/1043 1382/1036/1039
f 1382/1036/1039 1388/1041/1044 1389/1042/1045
f 1389/1042/1045 1383/1037/1040 1382/1036/1039
f 1391/1043/1046 1390/1044/1047 1389/1042/1045
f 1389/1042/1045 1388/1041/1044 1391/1043/1046
f 1390/1044/1047 1391/1043/1046 1392/1045/1048
f 1392/1045/1048 1393/1046/1049 1390/1044/1047
f 1395/1047/1050 1392/1045/1048 1391/1043/1046
f 1391/1043/1046 1394/1048/1051 1395/1047/1050
f 1396/1049/1052 1394/1048/1051 1391/1043/1046
f 1391/1043/1046 1388/1041/1044 1396/1049/1052
f 1387/1040/1043 1396/1049/1052 1388/1041/1044
f 1388/1041/1044 1382/1036/1039 1387/1040/1043
f 1386/1039/1042 1397/1050/1053 1398/1051/1054
f 1398/1051/1054 1387/1040/1043 1386/1039/1042
f 1399/1052/1055 1396/1049/1052 1387/1040/1043
f 1387/1040/1043 1398/1051/1054 1399/1052/1055
f 1398/1051/1054 1397/1050/1053 1400/1053/1056
f 1400/1053/1056 1401/1054/1057 1398/1051/1054
f 1396/1049/1052 1399/1052/1055 1402/1055/1058
f 1402/1055/1058 1394/1048/1051 1396/1049/1052
f 1403/1056/1059 1395/1047/1050 1394/1048/1051
f 1394/1048/1051 1402/1055/1058 1403/1056/1059
f 1405/1057/1060 1401/1054/1057 1400/1053/1056
f 1400/1053/1056 1404/1058/1061 1405/1057/1060
f 1401/1054/1057 1406/1059/1062 1399/1052/1055
f 1399/1052/1055 1398/1051/1054 1401/1054/1057
f 1402/1055/1058 1399/1052/1055 1406/1059/1062
f 1406/1059/1062 1407/1060/1063 1402/1055/1058
f 1407/1060/1063 1408/1061/1064 1403/1056/1059
f 1403/1056/1059 1402/1055/1058 1407/1060/1063
f 1409/1062/1065 1406/1059/1062 1401/1054/1057
f 1401/1054/1057 1405/1057/1060 1409/1062/1065
f 1407/1060/1063 1406/1059/1062 1409/1062/1065
f 1409/1062/1065 1410/1063/1066 1407/1060/1063
f 1408/1061/1064 1407/1060/1063 1410/1063/1066
f 1410/1063/1066 1411/1064/1067 1408/1061/1064
f 1405/1057/1060 1404/1058/1061 1412/1065/1068
f 1412/1065/1068 1413/1066/1069 1405/1057/1060
f 1405/1057/1060 1413/1066/1069 1414/1067/1070
f 1414/1067/1070 1409/1062/1065 1405/1057/1060
f 1414/1067/1070 1415/1068/1071 1410/1063/1066
f 1410/1063/1066 1409/1062/1065 1414/1067/1070
f 1410/1063/1066 1415/1068/1071 1416/1069/1072
f 1416/1069/1072 1411/1064/1067 1410/1063/1066
f 1415/1068/1071 1414/1067/1070 1417/1070/1073
f 1417/1070/1073 1418/1071/1074 1415/1068/1071
f 1418/1071/1074 1419/1072/1075 1416/1069/1072
f 1416/1069/1072 1415/1068/1071 1418/1071/1074
f 1392/1045/1048 1420/1073/1076 1421/1074/1077
f 1421/1074/1077 1393/1046/1049 1392/1045/1048
f 1422/1075/1078 1421/1074/1077 1420/1073/1076
f 1395/1047/1050 1423/1076/1079 1420/1073/1076
f 1420/1073/1076 1392/1045/1048 1395/1047/1050
f 1403/1056/1059 1424/1077/1080 1423/1076/1079
f 1423/1076/1079 1395/1047/1050 1403/1056/1059
f 1425/1078/1081 1424/1077/1080 1403/1056/1059
f 1403/1056/1059 1408/1061/1064 1425/1078/1081
f 1411/1064/1067 1426/1079/1082 1425/1078/1081
f 1425/1078/1081 1408/1061/1064 1411/1064/1067
f 1428/1080/1083 1416/1069/1072 1419/1072/1075
f 1419/1072/1075 1427/1081/1084 1428/1080/1083
f 1411/1064/1067 1416/1069/1072 1428/1080/1083
f 1428/1080/1083 1426/1079/1082 1411/1064/1067
f 1428/1080/1083 1427/1081/1084 1429/1082/1085
f 1432/1083/1086 1430/1084/1087 1429/1082/1085
f 1429/1082/1085 1431/1085/1088 1432/1083/1086
f 1430/1084/1087 1428/1080/1083 1429/1082/1085
f 1430/1084/1087 1433/1086/1089 1426/1079/1082
f 1426/1079/1082 1428/1080/1083 1430/1084/1087
f 1433/1086/1089 1434/1087/1090 1425/1078/1081
f 1425/1078/1081 1426/1079/1082 1433/1086/1089
f 1424/1077/1080 1425/1078/1081 1434/1087/1090
f 1434/1087/1090 1435/1088/1091 1424/1077/1080
f 1423/1076/1079 1424/1077/1080 1435/1088/1091
f 1435/1088/1091 1436/1089/1092 1423/1076/1079
f 1436/1089/1092 1437/1090/1093 1420/1073/1076
f 1420/1073/1076 1423/1076/1079 1436/1089/1092
f 1422/1075/1078 1420/1073/1076 1437/1090/1093
f 1437/1090/1093 1438/1091/1094 1422/1075/1078
f 1440/1092/1095 1437/1090/1093 1436/1089/1092
f 1436/1089/1092 1439/1093/1096 1440/1092/1095
f 1441/1094/1097 1439/1093/1096 1436/1089/1092
f 1436/1089/1092 1435/1088/1091 1441/1094/1097
f 1441/1094/1097 1442/1095/1098 1443/1096/1099
f 1443/1096/1099 1439/1093/1096 1441/1094/1097
f 1435/1088/1091 1434/1087/1090 1444/1097/1100
f 1444/1097/1100 1441/1094/1097 1435/1088/1091
f 1444/1097/1100 1445/1098/1101 1442/1095/1098
f 1442/1095/1098 1441/1094/1097 1444/1097/1100
f 1434/1087/1090 1433/1086/1089 1446/1099/1102
f 1446/1099/1102 1444/1097/1100 1434/1087/1090
f 1447/1100/1103 1445/1098/1101 1444/1097/1100
f 1444/1097/1100 1446/1099/1102 1447/1100/1103
f 1433/1086/1089 1430/1084/1087 1448/1101/1104
f 1448/1101/1104 1446/1099/1102 1433/1086/1089
f 1430/1084/1087 1432/1083/1086 1448/1101/1104
f 1449/1102/1105 1448/1101/1104 1450/1103/1106
f 1432/1083/1086 1451/1104/1107 1450/1103/1106
f 1450/1103/1106 1448/1101/1104 1432/1083/1086
f 1454/1105/1108 1452/1106/1109 1453/1107/1106
f 1453/1107/1106 1451/1104/1107 1454/1105/1108
f 1429/1082/1085 1455/1108/1110 1454/1105/1108
f 1454/1105/1108 1431/1085/1088 1429/1082/1085
f 1454/1105/1108 1451/1104/1107 1432/1083/1086
f 1432/1083/1086 1431/1085/1088 1454/1105/1108
f 1447/1100/1103 1446/1099/1102 1448/1101/1104
f 1448/1101/1104 1449/1102/1105 1447/1100/1103
f 1419/1072/1075 1456/1109/1111 1452/1106/1109
f 1452/1106/1109 1427/1081/1084 1419/1072/1075
f 1429/1082/1085 1427/1081/1084 1452/1106/1109
f 1452/1106/1109 1455/1108/1110 1429/1082/1085
f 1454/1105/1108 1455/1108/1110 1452/1106/1109
f 1458/1110/1112 1457/1111/1105 1453/1107/1106
f 1453/1107/1106 1452/1106/1109 1458/1110/1112
f 1452/1106/1109 1456/1109/1111 1458/1110/1112
f 1459/1112/1113 1456/1109/1111 1419/1072/1075
f 1419/1072/1075 1418/1071/1074 1459/1112/1113
f 1459/1112/1113 1460/1113/1114 1458/1110/1112
f 1458/1110/1112 1456/1109/1111 1459/1112/1113
f 1461/1114/1115 1459/1112/1113 1418/1071/1074
f 1418/1071/1074 1417/1070/1073 1461/1114/1115
f 1413/1066/1069 1412/1065/1068 1462/1115/1116
f 1417/1070/1073 1414/1067/1070 1413/1066/1069
f 1413/1066/1069 1463/1116/1117 1417/1070/1073
f 1417/1070/1073 1463/1116/1117 1464/1117/1118
f 1464/1117/1118 1461/1114/1115 1417/1070/1073
f 1464/1117/1118 1463/1116/1117 1465/1118/1119
f 1413/1066/1069 1462/1115/1116 1466/1119/1120
f 1466/1119/1120 1463/1116/1117 1413/1066/1069
f 1465/1118/1119 1463/1116/1117 1466/1119/1120
f 1467/1120/1121 1468/1121/1119 1469/1122/1122
f 1467/1120/1121 1469/1122/1122 1462/1115/1116
f 1467/1120/1121 1462/1115/1116 1470/1123/1123
f 1412/1065/1068 1404/1058/1061 1470/1123/1123
f 1470/1123/1123 1462/1115/1116 1412/1065/1068
f 1471/1124/1124 1470/1123/1123 1404/1058/1061
f 1404/1058/1061 1400/1053/1056 1471/1124/1124
f 1471/1124/1124 1400/1053/1056 1397/1050/1053
f 1397/1050/1053 1472/1125/1125 1471/1124/1124
f 1473/1126/1126 1472/1125/1125 1397/1050/1053
f 1397/1050/1053 1386/1039/1042 1473/1126/1126
f 1474/1127/1127 1473/1126/1126 1386/1039/1042
f 1386/1039/1042 1385/1035/1038 1474/1127/1127
f 1475/1128/1128 1474/1127/1127 1385/1035/1038
f 1385/1035/1038 1384/1038/1041 1475/1128/1128
f 1477/1129/1129 1476/1130/1130 1384/1038/1041
f 1384/1038/1041 1383/1037/1040 1477/1129/1129
f 1476/1130/1130 1475/1128/1128 1384/1038/1041
f 1478/1131/1131 1477/1129/1129 1383/1037/1040
f 1383/1037/1040 1389/1042/1045 1478/1131/1131
f 1479/1132/1132 1478/1131/1131 1389/1042/1045
f 1389/1042/1045 1390/1044/1047 1479/1132/1132
f 1480/1133/1133 1479/1132/1132 1390/1044/1047
f 1390/1044/1047 1393/1046/1049 1480/1133/1133
f 1481/1134/1134 1480/1133/1133 1393/1046/1049
f 1393/1046/1049 1421/1074/1077 1481/1134/1134
f 1482/1135/1135 1422/1075/1078 1438/1091/1094
f 1483/1136/1136 1422/1075/1078 1482/1135/1135
f 1483/1136/1136 1481/1134/1134 1421/1074/1077
f 1421/1074/1077 1422/1075/1078 1483/1136/1136
f 1437/1090/1093 1440/1092/1095 1484/1137/1137
f 1484/1137/1137 1438/1091/1094 1437/1090/1093
f 1485/1138/1138 1484/1137/1137 1440/1092/1095
f 1443/1096/1099 1485/1138/1138 1440/1092/1095
f 1440/1092/1095 1439/1093/1096 1443/1096/1099
f 1481/1134/1134 1483/1136/1136 1486/1139/1139
f 1486/1139/1139 1487/1140/1140 1481/1134/1134
f 1483/1136/1136 1482/1135/1135 1486/1139/1139
f 1489/1141/1141 1488/1142/1142 1486/1139/1139
f 1486/1139/1139 1482/1135/1135 1489/1141/1141
f 1488/1142/1142 1490/1143/1138 1491/1144/1143
f 1491/1144/1143 1486/1139/1139 1488/1142/1142
f 1491/1144/1143 1487/1140/1140 1486/1139/1139
f 1487/1140/1140 1492/1145/1144 1480/1133/1133
f 1480/1133/1133 1481/1134/1134 1487/1140/1140
f 1493/1146/1145 1492/1145/1144 1487/1140/1140
f 1487/1140/1140 1491/1144/1143 1493/1146/1145
f 1479/1132/1132 1480/1133/1133 1492/1145/1144
f 1492/1145/1144 1494/1147/1146 1479/1132/1132
f 1492/1145/1144 1493/1146/1145 1495/1148/1147
f 1495/1148/1147 1494/1147/1146 1492/1145/1144
f 1478/1131/1131 1479/1132/1132 1494/1147/1146
f 1494/1147/1146 1496/1149/1148 1478/1131/1131
f 1494/1147/1146 1495/1148/1147 1497/1150/1149
f 1497/1150/1149 1496/1149/1148 1494/1147/1146
f 1498/1151/1150 1477/1129/1129 1478/1131/1131
f 1478/1131/1131 1496/1149/1148 1498/1151/1150
f 1500/1152/1151 1475/1128/1128 1476/1130/1130
f 1476/1130/1130 1499/1153/1152 1500/1152/1151
f 1476/1130/1130 1477/1129/1129 1498/1151/1150
f 1501/1154/1153 1474/1127/1127 1475/1128/1128
f 1475/1128/1128 1500/1152/1151 1501/1154/1153
f 1502/1155/1154 1498/1151/1150 1496/1149/1148
f 1496/1149/1148 1497/1150/1149 1502/1155/1154
f 1499/1153/1152 1503/1156/1154 1501/1154/1153
f 1501/1154/1153 1500/1152/1151 1499/1153/1152
f 1473/1126/1126 1474/1127/1127 1501/1154/1153
f 1501/1154/1153 1504/1157/1155 1473/1126/1126
f 1501/1154/1153 1503/1156/1154 1505/1158/1156
f 1505/1158/1156 1504/1157/1155 1501/1154/1153
f 1506/1159/1157 1472/1125/1125 1473/1126/1126
f 1473/1126/1126 1504/1157/1155 1506/1159/1157
f 1507/1160/1158 1506/1159/1157 1504/1157/1155
f 1504/1157/1155 1505/1158/1156 1507/1160/1158
f 1506/1159/1157 1508/1161/1159 1471/1124/1124
f 1471/1124/1124 1472/1125/1125 1506/1159/1157
f 1509/1162/1160 1508/1161/1159 1506/1159/1157
f 1506/1159/1157 1507/1160/1158 1509/1162/1160
f 1508/1161/1159 1510/1163/1161 1470/1123/1123
f 1470/1123/1123 1471/1124/1124 1508/1161/1159
f 1510/1163/1161 1467/1120/1121 1470/1123/1123
f 1467/1120/1121 1511/1164/1162 1512/1165/1118
f 1512/1165/1118 1468/1121/1119 1467/1120/1121
f 1513/1166/1163 1512/1165/1118 1511/1164/1162
f 1508/1161/1159 1509/1162/1160 1514/1167/1164
f 1514/1167/1164 1510/1163/1161 1508/1161/1159
f 1514/1167/1164 1511/1164/1162 1467/1120/1121
f 1467/1120/1121 1510/1163/1161 1514/1167/1164
f 1460/1113/1114 1459/1112/1113 1461/1114/1115
f 1461/1114/1115 1515/1168/1165 1460/1113/1114
f 1515/1168/1165 1461/1114/1115 1464/1117/1118
f 1464/1117/1118 1516/1169/1166 1515/1168/1165
f 1515/1168/1165 1516/1169/1166 1517/1170/1167
f 1513/1166/1163 1511/1164/1162 1514/1167/1164
f 1514/1167/1164 1518/1171/1167 1513/1166/1163
f 1522/1172/1168 1519/1173/1169 1520/1174/1170
f 1520/1174/1170 1521/1175/1171 1522/1172/1168
f 1525/1176/1172 1519/1173/1169 1523/1177/1173
f 1523/1177/1173 1524/1178/1174 1525/1176/1172
f 1524/1178/1174 1523/1177/1173 1526/1179/1175
f 1526/1179/1175 1527/1180/1176 1524/1178/1174
f 1529/1181/1177 1527/1180/1176 1526/1179/1175
f 1526/1179/1175 1528/1182/1178 1529/1181/1177
f 1528/1182/1178 1530/1183/1179 1531/1184/1180
f 1531/1184/1180 1529/1181/1177 1528/1182/1178
f 1530/1183/1179 1532/1185/1181 1533/1186/1182
f 1533/1186/1182 1531/1184/1180 1530/1183/1179
f 1537/1187/1183 1534/1188/1184 1535/1189/1185
f 1535/1189/1185 1536/1190/1186 1537/1187/1183
f 1536/1190/1186 1538/1191/1187 1539/1192/1188
f 1539/1192/1188 1537/1187/1183 1536/1190/1186
f 1541/1193/1189 1540/1194/1190 1539/1192/1188
f 1539/1192/1188 1538/1191/1187 1541/1193/1189
f 1543/1195/1191 1540/1194/1190 1541/1193/1189
f 1541/1193/1189 1542/1196/1192 1543/1195/1191
f 1526/1179/1175 1523/1177/1173 1544/1197/1193
f 1544/1197/1193 1545/1198/1194 1526/1179/1175
f 1528/1182/1178 1526/1179/1175 1545/1198/1194
f 1545/1198/1194 1546/1199/1195 1528/1182/1178
f 1546/1199/1195 1547/1200/1196 1530/1183/1179
f 1530/1183/1179 1528/1182/1178 1546/1199/1195
f 1530/1183/1179 1547/1200/1196 1548/1201/1197
f 1548/1201/1197 1532/1185/1181 1530/1183/1179
f 1539/1192/1188 1549/1202/1198 1550/1203/1199
f 1550/1203/1199 1537/1187/1183 1539/1192/1188
f 1549/1202/1198 1539/1192/1188 1540/1194/1190
f 1540/1194/1190 1551/1204/1200 1549/1202/1198
f 1543/1195/1191 1552/1205/1201 1551/1204/1200
f 1551/1204/1200 1540/1194/1190 1543/1195/1191
f 1554/1206/1202 1550/1203/1199 1549/1202/1198
f 1549/1202/1198 1553/1207/1203 1554/1206/1202
f 1554/1206/1202 1555/1208/1204 1546/1199/1195
f 1546/1199/1195 1545/1198/1194 1554/1206/1202
f 1547/1200/1196 1546/1199/1195 1555/1208/1204
f 1555/1208/1204 1556/1209/1205 1547/1200/1196
f 1556/1209/1205 1557/1210/1206 1548/1201/1197
f 1548/1201/1197 1547/1200/1196 1556/1209/1205
f 1558/1211/1207 1553/1207/1203 1549/1202/1198
f 1549/1202/1198 1551/1204/1200 1558/1211/1207
f 1555/1208/1204 1554/1206/1202 1553/1207/1203
f 1553/1207/1203 1559/1212/1208 1555/1208/1204
f 1559/1212/1208 1560/1213/1209 1556/1209/1205
f 1556/1209/1205 1555/1208/1204 1559/1212/1208
f 1557/1210/1206 1556/1209/1205 1560/1213/1209
f 1560/1213/1209 1561/1214/1210 1557/1210/1206
f 1552/1205/1201 1562/1215/1211 1558/1211/1207
f 1558/1211/1207 1551/1204/1200 1552/1205/1201
f 1559/1212/1208 1553/1207/1203 1558/1211/1207
f 1558/1211/1207 1563/1216/1212 1559/1212/1208
f 1558/1211/1207 1562/1215/1211 1564/1217/1213
f 1564/1217/1213 1563/1216/1212 1558/1211/1207
f 1559/1212/1208 1563/1216/1212 1565/1218/1214
f 1565/1218/1214 1560/1213/1209 1559/1212/1208
f 1560/1213/1209 1565/1218/1214 1566/1219/1215
f 1566/1219/1215 1561/1214/1210 1560/1213/1209
f 1519/1173/1169 1525/1176/1172 1520/1174/1170
f 1544/1197/1193 1523/1177/1173 1519/1173/1169
f 1535/1189/1185 1534/1188/1184 1519/1173/1169
f 1519/1173/1169 1522/1172/1168 1535/1189/1185
f 1519/1173/1169 1534/1188/1184 1544/1197/1193
f 1550/1203/1199 1544/1197/1193 1534/1188/1184
f 1534/1188/1184 1537/1187/1183 1550/1203/1199
f 1550/1203/1199 1554/1206/1202 1545/1198/1194
f 1545/1198/1194 1544/1197/1193 1550/1203/1199
f 1563/1216/1212 1564/1217/1213 1567/1220/1216
f 1567/1220/1216 1565/1218/1214 1563/1216/1212
f 1568/1221/1217 1566/1219/1215 1565/1218/1214
f 1565/1218/1214 1567/1220/1216 1568/1221/1217
f 1570/1222/1218 1568/1221/1217 1567/1220/1216
f 1567/1220/1216 1569/1223/1219 1570/1222/1218
f 1564/1217/1213 1571/1224/1220 1569/1223/1219
f 1569/1223/1219 1567/1220/1216 1564/1217/1213
f 1571/1224/1220 1564/1217/1213 1562/1215/1211
f 1562/1215/1211 1572/1225/1221 1571/1224/1220
f 1573/1226/1222 1572/1225/1221 1562/1215/1211
f 1562/1215/1211 1552/1205/1201 1573/1226/1222
f 1543/1195/1191 1574/1227/1223 1573/1226/1222
f 1573/1226/1222 1552/1205/1201 1543/1195/1191
f 1543/1195/1191 1542/1196/1192 1575/1228/1224
f 1575/1228/1224 1574/1227/1223 1543/1195/1191
f 1568/1221/1217 1576/1229/1225 1577/1230/1226
f 1577/1230/1226 1566/1219/1215 1568/1221/1217
f 1561/1214/1210 1566/1219/1215 1577/1230/1226
f 1577/1230/1226 1578/1231/1227 1561/1214/1210
f 1578/1231/1227 1579/1232/1228 1557/1210/1206
f 1557/1210/1206 1561/1214/1210 1578/1231/1227
f 1580/1233/1229 1548/1201/1197 1557/1210/1206
f 1557/1210/1206 1579/1232/1228 1580/1233/1229
f 1580/1233/1229 1581/1234/1230 1532/1185/1181
f 1532/1185/1181 1548/1201/1197 1580/1233/1229
f 1533/1186/1182 1532/1185/1181 1581/1234/1230
f 1581/1234/1230 1582/1235/1231 1533/1186/1182
f 1584/1236/1232 1570/1222/1218 1569/1223/1219
f 1569/1223/1219 1583/1237/1233 1584/1236/1232
f 1571/1224/1220 1585/1238/1234 1583/1237/1233
f 1583/1237/1233 1569/1223/1219 1571/1224/1220
f 1571/1224/1220 1572/1225/1221 1586/1239/1235
f 1586/1239/1235 1585/1238/1234 1571/1224/1220
f 1587/1240/1236 1586/1239/1235 1572/1225/1221
f 1572/1225/1221 1573/1226/1222 1587/1240/1236
f 1588/1241/1237 1587/1240/1236 1573/1226/1222
f 1573/1226/1222 1574/1227/1223 1588/1241/1237
f 1588/1241/1237 1574/1227/1223 1575/1228/1224
f 1575/1228/1224 1589/1242/1238 1588/1241/1237
f 1588/1241/1237 1589/1242/1238 1590/1243/1239
f 1590/1243/1239 1591/1244/1240 1588/1241/1237
f 1587/1240/1236 1588/1241/1237 1591/1244/1240
f 1591/1244/1240 1592/1245/1241 1587/1240/1236
f 1586/1239/1235 1587/1240/1236 1592/1245/1241
f 1592/1245/1241 1593/1246/1242 1586/1239/1235
f 1586/1239/1235 1593/1246/1242 1594/1247/1243
f 1594/1247/1243 1585/1238/1234 1586/1239/1235
f 1585/1238/1234 1594/1247/1243 1595/1248/1244
f 1595/1248/1244 1583/1237/1233 1585/1238/1234
f 1595/1248/1244 1596/1249/1245 1584/1236/1232
f 1584/1236/1232 1583/1237/1233 1595/1248/1244
f 1598/1250/1246 1597/1251/1247 1584/1236/1232
f 1584/1236/1232 1596/1249/1245 1598/1250/1246
f 1590/1243/1239 1589/1242/1238 1575/1228/1224
f 1575/1228/1224 1599/1252/1248 1590/1243/1239
f 1600/1253/1249 1601/1254/1250 1602/1255/1251
f 1591/1244/1240 1590/1243/1239 1600/1253/1249
f 1600/1253/1249 1602/1255/1251 1603/1256/1252
f 1600/1253/1249 1603/1256/1252 1604/1257/1253
f 1604/1257/1253 1605/1258/1254 1600/1253/1249
f 1605/1258/1254 1604/1257/1253 1606/1259/1255
f 1591/1244/1240 1600/1253/1249 1605/1258/1254
f 1605/1258/1254 1606/1259/1255 1607/1260/1256
f 1605/1258/1254 1607/1260/1256 1608/1261/1257
f 1609/1262/1258 1610/1263/1259 1611/1264/1260
f 1609/1262/1258 1612/1265/1261 1610/1263/1259
f 1609/1262/1258 1613/1266/1262 1614/1267/1263
f 1615/1268/1264 1614/1267/1263 1613/1266/1262
f 1616/1269/1265 1617/1270/1266 1618/1271/1267
f 1622/1272/1268 1619/1273/1269 1620/1274/1270
f 1620/1274/1270 1621/1275/1271 1622/1272/1268
f 1594/1247/1243 1593/1246/1242 1623/1276/1272
f 1623/1276/1272 1624/1277/1273 1594/1247/1243
f 1620/1274/1270 1619/1273/1269 1625/1278/1274
f 1595/1248/1244 1594/1247/1243 1624/1277/1273
f 1624/1277/1273 1626/1279/1275 1595/1248/1244
f 1624/1277/1273 1627/1280/1276 1628/1281/1277
f 1628/1281/1277 1626/1279/1275 1624/1277/1273
f 1626/1279/1275 1628/1281/1277 1629/1282/1278
f 1629/1282/1278 1630/1283/1279 1626/1279/1275
f 1630/1283/1279 1629/1282/1278 1631/1284/1280
f 1596/1249/1245 1595/1248/1244 1626/1279/1275
f 1626/1279/1275 1630/1283/1279 1596/1249/1245
f 1630/1283/1279 1631/1284/1280 1632/1285/1281
f 1630/1283/1279 1632/1285/1281 1633/1286/1282
f 1634/1287/1283 1598/1250/1246 1596/1249/1245
f 1596/1249/1245 1630/1283/1279 1634/1287/1283
f 1635/1288/1284 1634/1287/1283 1630/1283/1279
f 1630/1283/1279 1633/1286/1282 1635/1288/1284
f 1634/1287/1283 1635/1288/1284 1636/1289/1285
f 1624/1277/1273 1623/1276/1272 1625/1278/1274
f 1625/1278/1274 1627/1280/1276 1624/1277/1273
f 1621/1275/1271 1620/1274/1270 1623/1276/1272
f 1623/1276/1272 1620/1274/1270 1625/1278/1274
f 1609/1262/1258 1592/1245/1241 1591/1244/1240
f 1591/1244/1240 1605/1258/1254 1609/1262/1258
f 1605/1258/1254 1608/1261/1257 1612/1265/1261
f 1612/1265/1261 1609/1262/1258 1605/1258/1254
f 1593/1246/1242 1592/1245/1241 1609/1262/1258
f 1609/1262/1258 1623/1276/1272 1593/1246/1242
f 1623/1276/1272 1609/1262/1258 1616/1269/1265
f 1623/1276/1272 1616/1269/1265 1621/1275/1271
f 1609/1262/1258 1611/1264/1260 1613/1266/1262
f 1609/1262/1258 1614/1267/1263 1616/1269/1265
f 1617/1270/1266 1616/1269/1265 1614/1267/1263
f 1614/1267/1263 1615/1268/1264 1617/1270/1266
f 1621/1275/1271 1616/1269/1265 1618/1271/1267
f 1618/1271/1267 1622/1272/1268 1621/1275/1271
f 1599/1252/1248 1575/1228/1224 1542/1196/1192
f 1542/1196/1192 1637/1290/1286 1599/1252/1248
f 1638/1291/1287 1637/1290/1286 1542/1196/1192
f 1542/1196/1192 1541/1193/1189 1638/1291/1287
f 1639/1292/1288 1638/1291/1287 1541/1193/1189
f 1541/1193/1189 1538/1191/1187 1639/1292/1288
f 1640/1293/1289 1639/1292/1288 1538/1191/1187
f 1538/1191/1187 1536/1190/1186 1640/1293/1289
f 1641/1294/1290 1640/1293/1289 1536/1190/1186
f 1536/1190/1186 1535/1189/1185 1641/1294/1290
f 1641/1294/1290 1535/1189/1185 1522/1172/1168
f 1522/1172/1168 1642/1295/1291 1641/1294/1290
f 1597/1251/1247 1570/1222/1218 1584/1236/1232
f 1643/1296/1292 1570/1222/1218 1597/1251/1247
f 1576/1229/1225 1568/1221/1217 1570/1222/1218
f 1570/1222/1218 1643/1296/1292 1576/1229/1225
f 1643/1296/1292 1644/1297/1293 1645/1298/1294
f 1576/1229/1225 1643/1296/1292 1646/1299/1295
f 1647/1300/1296 1646/1299/1295 1643/1296/1292
f 1643/1296/1292 1645/1298/1294 1647/1300/1296
f 1646/1299/1295 1648/1301/1297 1577/1230/1226
f 1577/1230/1226 1576/1229/1225 1646/1299/1295
f 1646/1299/1295 1647/1300/1296 1649/1302/1298
f 1649/1302/1298 1648/1301/1297 1646/1299/1295
f 1578/1231/1227 1577/1230/1226 1648/1301/1297
f 1648/1301/1297 1650/1303/1299 1578/1231/1227
f 1648/1301/1297 1649/1302/1298 1651/1304/1300
f 1651/1304/1300 1650/1303/1299 1648/1301/1297
f 1579/1232/1228 1578/1231/1227 1650/1303/1299
f 1650/1303/1299 1652/1305/1301 1579/1232/1228
f 1650/1303/1299 1651/1304/1300 1653/1306/1302
f 1653/1306/1302 1652/1305/1301 1650/1303/1299
f 1654/1307/1303 1580/1233/1229 1579/1232/1228
f 1579/1232/1228 1652/1305/1301 1654/1307/1303
f 1655/1308/1304 1654/1307/1303 1652/1305/1301
f 1652/1305/1301 1653/1306/1302 1655/1308/1304
f 1580/1233/1229 1654/1307/1303 1656/1309/1305
f 1656/1309/1305 1581/1234/1230 1580/1233/1229
f 1656/1309/1305 1657/1310/1306 1582/1235/1231
f 1582/1235/1231 1581/1234/1230 1656/1309/1305
f 1582/1235/1231 1657/1310/1306 1658/1311/1307
f 1643/1296/1292 1597/1251/1247 1659/1312/1308
f 1644/1297/1293 1643/1296/1292 1659/1312/1308
f 1597/1251/1247 1598/1250/1246 1634/1287/1283
f 1634/1287/1283 1660/1313/1309 1597/1251/1247
f 1660/1313/1309 1661/1314/1310 1659/1312/1308
f 1659/1312/1308 1597/1251/1247 1660/1313/1309
f 1634/1287/1283 1636/1289/1285 1662/1315/1311
f 1662/1315/1311 1660/1313/1309 1634/1287/1283
f 1660/1313/1309 1662/1315/1311 1663/1316/1312
f 1663/1316/1312 1661/1314/1310 1660/1313/1309
f 1664/1317/1313 1599/1252/1248 1637/1290/1286
f 1590/1243/1239 1599/1252/1248 1665/1318/1314
f 1665/1318/1314 1600/1253/1249 1590/1243/1239
f 1601/1254/1250 1600/1253/1249 1666/1319/1315
f 1666/1319/1315 1600/1253/1249 1665/1318/1314
f 1667/1320/1316 1601/1254/1250 1666/1319/1315
f 1601/1254/1250 1667/1320/1316 1668/1321/1317
f 1667/1320/1316 1666/1319/1315 1669/1322/1318
f 1668/1321/1317 1667/1320/1316 1669/1322/1318
f 1670/1323/1319 1664/1317/1313 1637/1290/1286
f 1599/1252/1248 1664/1317/1313 1671/1324/1320
f 1671/1324/1320 1665/1318/1314 1599/1252/1248
f 1671/1324/1320 1669/1322/1318 1666/1319/1315
f 1666/1319/1315 1665/1318/1314 1671/1324/1320
f 1672/1325/1321 1669/1322/1318 1671/1324/1320
f 1672/1325/1321 1671/1324/1320 1664/1317/1313
f 1664/1317/1313 1670/1323/1319 1672/1325/1321
f 1638/1291/1287 1673/1326/1322 1670/1323/1319
f 1670/1323/1319 1637/1290/1286 1638/1291/1287
f 1673/1326/1322 1674/1327/1323 1672/1325/1321
f 1672/1325/1321 1670/1323/1319 1673/1326/1322
f 1638/1291/1287 1639/1292/1288 1675/1328/1324
f 1675/1328/1324 1673/1326/1322 1638/1291/1287
f 1673/1326/1322 1675/1328/1324 1676/1329/1325
f 1676/1329/1325 1674/1327/1323 1673/1326/1322
f 1675/1328/1324 1639/1292/1288 1640/1293/1289
f 1640/1293/1289 1677/1330/1326 1675/1328/1324
f 1677/1330/1326 1678/1331/1327 1676/1329/1325
f 1676/1329/1325 1675/1328/1324 1677/1330/1326
f 1641/1294/1290 1679/1332/1328 1677/1330/1326
f 1677/1330/1326 1640/1293/1289 1641/1294/1290
f 1680/1333/1329 1678/1331/1327 1677/1330/1326
f 1677/1330/1326 1679/1332/1328 1680/1333/1329
f 1679/1332/1328 1641/1294/1290 1642/1295/1291
f 1642/1295/1291 1681/1334/1330 1679/1332/1328
f 1680/1333/1329 1679/1332/1328 1681/1334/1330
f 1681/1334/1330 1682/1335/1331 1680/1333/1329
f 1683/1336/1332 1681/1334/1330 1642/1295/1291
f 1681/1334/1330 1683/1336/1332 1684/1337/1333
f 1684/1337/1333 1682/1335/1331 1681/1334/1330
f 1686/1338/1334 1685/1339/1335 1525/1176/1172
f 1525/1176/1172 1524/1178/1174 1686/1338/1334
f 1524/1178/1174 1527/1180/1176 1687/1340/1336
f 1687/1340/1336 1686/1338/1334 1524/1178/1174
f 1529/1181/1177 1688/1341/1337 1687/1340/1336
f 1687/1340/1336 1527/1180/1176 1529/1181/1177
f 1531/1184/1180 1689/1342/1338 1688/1341/1337
f 1688/1341/1337 1529/1181/1177 1531/1184/1180
f 1690/1343/1339 1689/1342/1338 1531/1184/1180
f 1531/1184/1180 1533/1186/1182 1690/1343/1339
f 1691/1344/1340 1690/1343/1339 1533/1186/1182
f 1533/1186/1182 1582/1235/1231 1691/1344/1340
f 1691/1344/1340 1582/1235/1231 1658/1311/1307
f 1692/1345/1341 1693/1346/1342 1690/1343/1339
f 1694/1347/1343 1695/1348/1344 1692/1345/1341
f 1696/1349/1345 1693/1346/1342 1692/1345/1341
f 1696/1349/1345 1692/1345/1341 1695/1348/1344
f 1697/1350/1346 1693/1346/1342 1696/1349/1345
f 1693/1346/1342 1698/1351/1347 1689/1342/1338
f 1689/1342/1338 1690/1343/1339 1693/1346/1342
f 1699/1352/1348 1698/1351/1347 1693/1346/1342
f 1693/1346/1342 1697/1350/1346 1699/1352/1348
f 1698/1351/1347 1699/1352/1348 1700/1353/1349
f 1701/1354/1350 1702/1355/1351 1703/1356/1352
f 1704/1357/1353 1701/1354/1350 1698/1351/1347
f 1698/1351/1347 1700/1353/1349 1704/1357/1353
f 1689/1342/1338 1698/1351/1347 1701/1354/1350
f 1701/1354/1350 1688/1341/1337 1689/1342/1338
f 1701/1354/1350 1704/1357/1353 1702/1355/1351
f 1701/1354/1350 1703/1356/1352 1705/1358/1354
f 1706/1359/1355 1707/1360/1356 1708/1361/1357
f 1709/1362/1358 1710/1363/1359 1711/1364/1360
f 1709/1362/1358 1711/1364/1360 1712/1365/1361
f 1709/1362/1358 1712/1365/1361 1713/1366/1362
f 1713/1366/1362 1714/1367/1363 1709/1362/1358
f 1714/1367/1363 1715/1368/1364 1716/1369/1365
f 1686/1338/1334 1709/1362/1358 1714/1367/1363
f 1714/1367/1363 1685/1339/1335 1686/1338/1334
f 1714/1367/1363 1713/1366/1362 1715/1368/1364
f 1714/1367/1363 1716/1369/1365 1717/1370/1366
f 1714/1367/1363 1717/1370/1366 1718/1371/1367
f 1719/1372/1368 1642/1295/1291 1522/1172/1168
f 1522/1172/1168 1521/1175/1171 1719/1372/1368
f 1642/1295/1291 1719/1372/1368 1720/1373/1369
f 1720/1373/1369 1683/1336/1332 1642/1295/1291
f 1525/1176/1172 1685/1339/1335 1721/1374/1370
f 1721/1374/1370 1520/1174/1170 1525/1176/1172
f 1719/1372/1368 1521/1175/1171 1520/1174/1170
f 1520/1174/1170 1721/1374/1370 1719/1372/1368
f 1722/1375/1371 1721/1374/1370 1685/1339/1335
f 1722/1375/1371 1685/1339/1335 1714/1367/1363
f 1723/1376/1372 1722/1375/1371 1714/1367/1363
f 1714/1367/1363 1718/1371/1367 1723/1376/1372
f 1719/1372/1368 1724/1377/1373 1725/1378/1374
f 1725/1378/1374 1720/1373/1369 1719/1372/1368
f 1719/1372/1368 1721/1374/1370 1724/1377/1373
f 1720/1373/1369 1725/1378/1374 1684/1337/1333
f 1684/1337/1333 1683/1336/1332 1720/1373/1369
f 1726/1379/1375 1724/1377/1373 1721/1374/1370
f 1721/1374/1370 1722/1375/1371 1726/1379/1375
f 1726/1379/1375 1727/1380/1376 1725/1378/1374
f 1725/1378/1374 1724/1377/1373 1726/1379/1375
f 1728/1381/1377 1726/1379/1375 1722/1375/1371
f 1728/1381/1377 1729/1382/1378 1727/1380/1376
f 1727/1380/1376 1726/1379/1375 1728/1381/1377
f 1730/1383/1379 1728/1381/1377 1722/1375/1371
f 1722/1375/1371 1723/1376/1372 1730/1383/1379
f 1729/1382/1378 1728/1381/1377 1730/1383/1379
f 1730/1383/1379 1731/1384/1380 1729/1382/1378
f 1691/1344/1340 1658/1311/1307 1732/1385/1381
f 1733/1386/1382 1692/1345/1341 1690/1343/1339
f 1690/1343/1339 1691/1344/1340 1733/1386/1382
f 1733/1386/1382 1734/1387/1383 1694/1347/1343
f 1694/1347/1343 1692/1345/1341 1733/1386/1382
f 1735/1388/1384 1733/1386/1382 1691/1344/1340
f 1691/1344/1340 1732/1385/1381 1735/1388/1384
f 1658/1311/1307 1657/1310/1306 1736/1389/1385
f 1736/1389/1385 1732/1385/1381 1658/1311/1307
f 1654/1307/1303 1655/1308/1304 1737/1390/1386
f 1737/1390/1386 1656/1309/1305 1654/1307/1303
f 1736/1389/1385 1657/1310/1306 1656/1309/1305
f 1656/1309/1305 1737/1390/1386 1736/1389/1385
f 1736/1389/1385 1738/1391/1387 1735/1388/1384
f 1735/1388/1384 1732/1385/1381 1736/1389/1385
f 1734/1387/1383 1733/1386/1382 1735/1388/1384
f 1735/1388/1384 1739/1392/1388 1734/1387/1383
f 1739/1392/1388 1735/1388/1384 1738/1391/1387
f 1738/1391/1387 1736/1389/1385 1737/1390/1386
f 1706/1359/1355 1687/1340/1336 1688/1341/1337
f 1688/1341/1337 1701/1354/1350 1706/1359/1355
f 1706/1359/1355 1740/1393/1389 1741/1394/1390
f 1706/1359/1355 1709/1362/1358 1686/1338/1334
f 1686/1338/1334 1687/1340/1336 1706/1359/1355
f 1742/1395/1391 1710/1363/1359 1709/1362/1358
f 1709/1362/1358 1706/1359/1355 1742/1395/1391
f 1706/1359/1355 1701/1354/1350 1743/1396/1392
f 1707/1360/1356 1706/1359/1355 1743/1396/1392
f 1743/1396/1392 1705/1358/1354 1707/1360/1356
f 1706/1359/1355 1708/1361/1357 1740/1393/1389
f 1706/1359/1355 1741/1394/1390 1742/1395/1391
f 1701/1354/1350 1705/1358/1354 1743/1396/1392
f 1747/1172/1168 1744/1173/1169 1745/1174/1393
f 1745/1174/1393 1746/1175/1171 1747/1172/1168
f 1750/1176/1172 1744/1173/1169 1748/1177/1173
f 1748/1177/1173 1749/1178/1174 1750/1176/1172
f 1749/1178/1174 1748/1177/1173 1751/1179/1175
f 1751/1179/1175 1752/1180/1394 1749/1178/1174
f 1754/1181/1177 1752/1180/1394 1751/1179/1175
f 1751/1179/1175 1753/1182/1178 1754/1181/1177
f 1753/1182/1178 1755/1183/1179 1756/1184/1180
f 1756/1184/1180 1754/1181/1177 1753/1182/1178
f 1755/1183/1179 1757/1185/1181 1758/1186/1182
f 1758/1186/1182 1756/1184/1180 1755/1183/1179
f 1762/1187/1183 1759/1188/1184 1760/1189/1185
f 1760/1189/1185 1761/1190/1186 1762/1187/1183
f 1761/1190/1186 1763/1191/1187 1764/1192/1188
f 1764/1192/1188 1762/1187/1183 1761/1190/1186
f 1766/1193/1395 1765/1194/1190 1764/1192/1188
f 1764/1192/1188 1763/1191/1187 1766/1193/1395
f 1768/1195/1191 1765/1194/1190 1766/1193/1395
f 1766/1193/1395 1767/1196/1192 1768/1195/1191
f 1751/1179/1175 1748/1177/1173 1769/1197/1193
f 1769/1197/1193 1770/1198/1194 1751/1179/1175
f 1753/1182/1178 1751/1179/1175 1770/1198/1194
f 1770/1198/1194 1771/1199/1195 1753/1182/1178
f 1771/1199/1195 1772/1200/1196 1755/1183/1179
f 1755/1183/1179 1753/1182/1178 1771/1199/1195
f 1755/1183/1179 1772/1200/1196 1773/1201/1197
f 1773/1201/1197 1757/1185/1181 1755/1183/1179
f 1764/1192/1188 1774/1202/1198 1775/1203/1199
f 1775/1203/1199 1762/1187/1183 1764/1192/1188
f 1774/1202/1198 1764/1192/1188 1765/1194/1190
f 1765/1194/1190 1776/1204/1200 1774/1202/1198
f 1768/1195/1191 1777/1205/1201 1776/1204/1200
f 1776/1204/1200 1765/1194/1190 1768/1195/1191
f 1779/1206/1202 1775/1203/1199 1774/1202/1198
f 1774/1202/1198 1778/1207/1203 1779/1206/1202
f 1779/1206/1202 1780/1208/1204 1771/1199/1195
f 1771/1199/1195 1770/1198/1194 1779/1206/1202
f 1772/1200/1196 1771/1199/1195 1780/1208/1204
f 1780/1208/1204 1781/1209/1205 1772/1200/1196
f 1781/1209/1205 1782/1210/1206 1773/1201/1197
f 1773/1201/1197 1772/1200/1196 1781/1209/1205
f 1783/1211/1396 1778/1207/1203 1774/1202/1198
f 1774/1202/1198 1776/1204/1200 1783/1211/1396
f 1780/1208/1204 1779/1206/1202 1778/1207/1203
f 1778/1207/1203 1784/1212/1208 1780/1208/1204
f 1784/1212/1208 1785/1213/1209 1781/1209/1205
f 1781/1209/1205 1780/1208/1204 1784/1212/1208
f 1782/1210/1206 1781/1209/1205 1785/1213/1209
f 1785/1213/1209 1786/1214/1210 1782/1210/1206
f 1777/1205/1201 1787/1215/1211 1783/1211/1396
f 1783/1211/1396 1776/1204/1200 1777/1205/1201
f 1784/1212/1208 1778/1207/1203 1783/1211/1396
f 1783/1211/1396 1788/1216/1212 1784/1212/1208
f 1783/1211/1396 1787/1215/1211 1789/1217/1213
f 1789/1217/1213 1788/1216/1212 1783/1211/1396
f 1784/1212/1208 1788/1216/1212 1790/1218/1214
f 1790/1218/1214 1785/1213/1209 1784/1212/1208
f 1785/1213/1209 1790/1218/1214 1791/1219/1215
f 1791/1219/1215 1786/1214/1210 1785/1213/1209
f 1744/1173/1169 1750/1176/1172 1745/1174/1393
f 1769/1197/1193 1748/1177/1173 1744/1173/1169
f 1760/1189/1185 1759/1188/1184 1744/1173/1169
f 1744/1173/1169 1747/1172/1168 1760/1189/1185
f 1744/1173/1169 1759/1188/1184 1769/1197/1193
f 1775/1203/1199 1769/1197/1193 1759/1188/1184
f 1759/1188/1184 1762/1187/1183 1775/1203/1199
f 1775/1203/1199 1779/1206/1202 1770/1198/1194
f 1770/1198/1194 1769/1197/1193 1775/1203/1199
f 1788/1216/1212 1789/1217/1213 1792/1220/1216
f 1792/1220/1216 1790/1218/1214 1788/1216/1212
f 1793/1221/1217 1791/1219/1215 1790/1218/1214
f 1790/1218/1214 1792/1220/1216 1793/1221/1217
f 1795/1222/1218 1793/1221/1217 1792/1220/1216
f 1792/1220/1216 1794/1223/1219 1795/1222/1218
f 1789/1217/1213 1796/1224/1220 1794/1223/1219
f 1794/1223/1219 1792/1220/1216 1789/1217/1213
f 1796/1224/1220 1789/1217/1213 1787/1215/1211
f 1787/1215/1211 1797/1225/1221 1796/1224/1220
f 1798/1226/1222 1797/1225/1221 1787/1215/1211
f 1787/1215/1211 1777/1205/1201 1798/1226/1222
f 1768/1195/1191 1799/1227/1223 1798/1226/1222
f 1798/1226/1222 1777/1205/1201 1768/1195/1191
f 1768/1195/1191 1767/1196/1192 1800/1228/1224
f 1800/1228/1224 1799/1227/1223 1768/1195/1191
f 1793/1221/1217 1801/1229/1225 1802/1230/1226
f 1802/1230/1226 1791/1219/1215 1793/1221/1217
f 1786/1214/1210 1791/1219/1215 1802/1230/1226
f 1802/1230/1226 1803/1231/1227 1786/1214/1210
f 1803/1231/1227 1804/1232/1228 1782/1210/1206
f 1782/1210/1206 1786/1214/1210 1803/1231/1227
f 1805/1233/1229 1773/1201/1197 1782/1210/1206
f 1782/1210/1206 1804/1232/1228 1805/1233/1229
f 1805/1233/1229 1806/1234/1230 1757/1185/1181
f 1757/1185/1181 1773/1201/1197 1805/1233/1229
f 1758/1186/1182 1757/1185/1181 1806/1234/1230
f 1806/1234/1230 1807/1235/1231 1758/1186/1182
f 1809/1236/1232 1795/1222/1218 1794/1223/1219
f 1794/1223/1219 1808/1237/1233 1809/1236/1232
f 1796/1224/1220 1810/1238/1234 1808/1237/1233
f 1808/1237/1233 1794/1223/1219 1796/1224/1220
f 1796/1224/1220 1797/1225/1221 1811/1239/1235
f 1811/1239/1235 1810/1238/1234 1796/1224/1220
f 1812/1240/1236 1811/1239/1235 1797/1225/1221
f 1797/1225/1221 1798/1226/1222 1812/1240/1236
f 1813/1241/1237 1812/1240/1236 1798/1226/1222
f 1798/1226/1222 1799/1227/1223 1813/1241/1237
f 1813/1241/1237 1799/1227/1223 1800/1228/1224
f 1800/1228/1224 1814/1242/1238 1813/1241/1237
f 1813/1241/1237 1814/1242/1238 1815/1243/1239
f 1815/1243/1239 1816/1244/1240 1813/1241/1237
f 1812/1240/1236 1813/1241/1237 1816/1244/1240
f 1816/1244/1240 1817/1245/1241 1812/1240/1236
f 1811/1239/1235 1812/1240/1236 1817/1245/1241
f 1817/1245/1241 1818/1246/1242 1811/1239/1235
f 1811/1239/1235 1818/1246/1242 1819/1247/1243
f 1819/1247/1243 1810/1238/1234 1811/1239/1235
f 1810/1238/1234 1819/1247/1243 1820/1248/1244
f 1820/1248/1244 1808/1237/1233 1810/1238/1234
f 1820/1248/1244 1821/1249/1245 1809/1236/1232
f 1809/1236/1232 1808/1237/1233 1820/1248/1244
f 1823/1250/1246 1822/1251/1397 1809/1236/1232
f 1809/1236/1232 1821/1249/1245 1823/1250/1246
f 1815/1243/1239 1814/1242/1238 1800/1228/1224
f 1800/1228/1224 1824/1252/1248 1815/1243/1239
f 1825/1253/1249 1826/1254/1398 1827/1255/1251
f 1816/1244/1240 1815/1243/1239 1825/1253/1249
f 1825/1253/1249 1827/1255/1251 1828/1256/1252
f 1825/1253/1249 1828/1256/1252 1829/1257/1253
f 1829/1257/1253 1830/1258/1254 1825/1253/1249
f 1830/1258/1254 1829/1257/1253 1831/1259/1255
f 1816/1244/1240 1825/1253/1249 1830/1258/1254
f 1830/1258/1254 1831/1259/1255 1832/1260/1256
f 1830/1258/1254 1832/1260/1256 1833/1261/1257
f 1834/1262/1258 1835/1263/1259 1836/1264/1260
f 1834/1262/1258 1837/1265/1261 1835/1263/1259
f 1834/1262/1258 1838/1266/1262 1839/1267/1263
f 1840/1268/1264 1839/1267/1263 1838/1266/1262
f 1841/1269/1265 1842/1270/1266 1843/1271/1267
f 1847/1272/1268 1844/1273/1269 1845/1274/1270
f 1845/1274/1270 1846/1275/1271 1847/1272/1268
f 1819/1247/1243 1818/1246/1242 1848/1276/1272
f 1848/1276/1272 1849/1277/1273 1819/1247/1243
f 1845/1274/1270 1844/1273/1269 1850/1278/1274
f 1820/1248/1244 1819/1247/1243 1849/1277/1273
f 1849/1277/1273 1851/1279/1275 1820/1248/1244
f 1849/1277/1273 1852/1280/1276 1853/1281/1277
f 1853/1281/1277 1851/1279/1275 1849/1277/1273
f 1851/1279/1275 1853/1281/1277 1854/1282/1278
f 1854/1282/1278 1855/1283/1279 1851/1279/1275
f 1855/1283/1279 1854/1282/1278 1856/1284/1280
f 1821/1249/1245 1820/1248/1244 1851/1279/1275
f 1851/1279/1275 1855/1283/1279 1821/1249/1245
f 1855/1283/1279 1856/1284/1280 1857/1285/1281
f 1855/1283/1279 1857/1285/1281 1858/1286/1399
f 1859/1287/1283 1823/1250/1246 1821/1249/1245
f 1821/1249/1245 1855/1283/1279 1859/1287/1283
f 1860/1288/1400 1859/1287/1283 1855/1283/1279
f 1855/1283/1279 1858/1286/1399 1860/1288/1400
f 1859/1287/1283 1860/1288/1400 1861/1289/1285
f 1849/1277/1273 1848/1276/1272 1850/1278/1274
f 1850/1278/1274 1852/1280/1276 1849/1277/1273
f 1846/1275/1271 1845/1274/1270 1848/1276/1272
f 1848/1276/1272 1845/1274/1270 1850/1278/1274
f 1834/1262/1258 1817/1245/1241 1816/1244/1240
f 1816/1244/1240 1830/1258/1254 1834/1262/1258
f 1830/1258/1254 1833/1261/1257 1837/1265/1261
f 1837/1265/1261 1834/1262/1258 1830/1258/1254
f 1818/1246/1242 1817/1245/1241 1834/1262/1258
f 1834/1262/1258 1848/1276/1272 1818/1246/1242
f 1848/1276/1272 1834/1262/1258 1841/1269/1265
f 1848/1276/1272 1841/1269/1265 1846/1275/1271
f 1834/1262/1258 1836/1264/1260 1838/1266/1262
f 1834/1262/1258 1839/1267/1263 1841/1269/1265
f 1842/1270/1266 1841/1269/1265 1839/1267/1263
f 1839/1267/1263 1840/1268/1264 1842/1270/1266
f 1846/1275/1271 1841/1269/1265 1843/1271/1267
f 1843/1271/1267 1847/1272/1268 1846/1275/1271
f 1824/1252/1248 1800/1228/1224 1767/1196/1192
f 1767/1196/1192 1862/1290/1286 1824/1252/1248
f 1863/1291/1287 1862/1290/1286 1767/1196/1192
f 1767/1196/1192 1766/1193/1395 1863/1291/1287
f 1864/1292/1288 1863/1291/1287 1766/1193/1395
f 1766/1193/1395 1763/1191/1187 1864/1292/1288
f 1865/1293/1401 1864/1292/1288 1763/1191/1187
f 1763/1191/1187 1761/1190/1186 1865/1293/1401
f 1866/1294/1290 1865/1293/1401 1761/1190/1186
f 1761/1190/1186 1760/1189/1185 1866/1294/1290
f 1866/1294/1290 1760/1189/1185 1747/1172/1168
f 1747/1172/1168 1867/1295/1291 1866/1294/1290
f 1822/1251/1397 1795/1222/1218 1809/1236/1232
f 1868/1296/1292 1795/1222/1218 1822/1251/1397
f 1801/1229/1225 1793/1221/1217 1795/1222/1218
f 1795/1222/1218 1868/1296/1292 1801/1229/1225
f 1868/1296/1292 1869/1297/1293 1870/1298/1294
f 1801/1229/1225 1868/1296/1292 1871/1299/1295
f 1872/1300/1296 1871/1299/1295 1868/1296/1292
f 1868/1296/1292 1870/1298/1294 1872/1300/1296
f 1871/1299/1295 1873/1301/1297 1802/1230/1226
f 1802/1230/1226 1801/1229/1225 1871/1299/1295
f 1871/1299/1295 1872/1300/1296 1874/1302/1298
f 1874/1302/1298 1873/1301/1297 1871/1299/1295
f 1803/1231/1227 1802/1230/1226 1873/1301/1297
f 1873/1301/1297 1875/1303/1299 1803/1231/1227
f 1873/1301/1297 1874/1302/1298 1876/1304/1300
f 1876/1304/1300 1875/1303/1299 1873/1301/1297
f 1804/1232/1228 1803/1231/1227 1875/1303/1299
f 1875/1303/1299 1877/1305/1301 1804/1232/1228
f 1875/1303/1299 1876/1304/1300 1878/1306/1302
f 1878/1306/1302 1877/1305/1301 1875/1303/1299
f 1879/1307/1303 1805/1233/1229 1804/1232/1228
f 1804/1232/1228 1877/1305/1301 1879/1307/1303
f 1880/1308/1304 1879/1307/1303 1877/1305/1301
f 1877/1305/1301 1878/1306/1302 1880/1308/1304
f 1805/1233/1229 1879/1307/1303 1881/1309/1305
f 1881/1309/1305 1806/1234/1230 1805/1233/1229
f 1881/1309/1305 1882/1310/1306 1807/1235/1231
f 1807/1235/1231 1806/1234/1230 1881/1309/1305
f 1807/1235/1231 1882/1310/1306 1883/1311/1307
f 1868/1296/1292 1822/1251/1397 1884/1312/1308
f 1869/1297/1293 1868/1296/1292 1884/1312/1308
f 1822/1251/1397 1823/1250/1246 1859/1287/1283
f 1859/1287/1283 1885/1313/1309 1822/1251/1397
f 1885/1313/1309 1886/1314/1402 1884/1312/1308
f 1884/1312/1308 1822/1251/1397 1885/1313/1309
f 1859/1287/1283 1861/1289/1285 1887/1315/1311
f 1887/1315/1311 1885/1313/1309 1859/1287/1283
f 1885/1313/1309 1887/1315/1311 1888/1316/1403
f 1888/1316/1403 1886/1314/1402 1885/1313/1309
f 1889/1317/1313 1824/1252/1248 1862/1290/1286
f 1815/1243/1239 1824/1252/1248 1890/1318/1314
f 1890/1318/1314 1825/1253/1249 1815/1243/1239
f 1826/1254/1398 1825/1253/1249 1891/1319/1404
f 1891/1319/1404 1825/1253/1249 1890/1318/1314
f 1892/1320/1405 1826/1254/1398 1891/1319/1404
f 1826/1254/1398 1892/1320/1405 1893/1321/1317
f 1892/1320/1405 1891/1319/1404 1894/1322/1318
f 1893/1321/1317 1892/1320/1405 1894/1322/1318
f 1895/1323/1319 1889/1317/1313 1862/1290/1286
f 1824/1252/1248 1889/1317/1313 1896/1324/1406
f 1896/1324/1406 1890/1318/1314 1824/1252/1248
f 1896/1324/1406 1894/1322/1318 1891/1319/1404
f 1891/1319/1404 1890/1318/1314 1896/1324/1406
f 1897/1325/1321 1894/1322/1318 1896/1324/1406
f 1897/1325/1321 1896/1324/1406 1889/1317/1313
f 1889/1317/1313 1895/1323/1319 1897/1325/1321
f 1863/1291/1287 1898/1326/1322 1895/1323/1319
f 1895/1323/1319 1862/1290/1286 1863/1291/1287
f 1898/1326/1322 1899/1327/1323 1897/1325/1321
f 1897/1325/1321 1895/1323/1319 1898/1326/1322
f 1863/1291/1287 1864/1292/1288 1900/1328/1324
f 1900/1328/1324 1898/1326/1322 1863/1291/1287
f 1898/1326/1322 1900/1328/1324 1901/1329/1325
f 1901/1329/1325 1899/1327/1323 1898/1326/1322
f 1900/1328/1324 1864/1292/1288 1865/1293/1401
f 1865/1293/1401 1902/1330/1326 1900/1328/1324
f 1902/1330/1326 1903/1331/1327 1901/1329/1325
f 1901/1329/1325 1900/1328/1324 1902/1330/1326
f 1866/1294/1290 1904/1332/1328 1902/1330/1326
f 1902/1330/1326 1865/1293/1401 1866/1294/1290
f 1905/1333/1329 1903/1331/1327 1902/1330/1326
f 1902/1330/1326 1904/1332/1328 1905/1333/1329
f 1904/1332/1328 1866/1294/1290 1867/1295/1291
f 1867/1295/1291 1906/1334/1330 1904/1332/1328
f 1905/1333/1329 1904/1332/1328 1906/1334/1330
f 1906/1334/1330 1907/1335/1331 1905/1333/1329
f 1908/1336/1332 1906/1334/1330 1867/1295/1291
f 1906/1334/1330 1908/1336/1332 1909/1337/1333
f 1909/1337/1333 1907/1335/1331 1906/1334/1330
f 1911/1338/1334 1910/1339/1335 1750/1176/1172
f 1750/1176/1172 1749/1178/1174 1911/1338/1334
f 1749/1178/1174 1752/1180/1394 1912/1340/1336
f 1912/1340/1336 1911/1338/1334 1749/1178/1174
f 1754/1181/1177 1913/1341/1337 1912/1340/1336
f 1912/1340/1336 1752/1180/1394 1754/1181/1177
f 1756/1184/1180 1914/1342/1338 1913/1341/1337
f 1913/1341/1337 1754/1181/1177 1756/1184/1180
f 1915/1343/1407 1914/1342/1338 1756/1184/1180
f 1756/1184/1180 1758/1186/1182 1915/1343/1407
f 1916/1344/1340 1915/1343/1407 1758/1186/1182
f 1758/1186/1182 1807/1235/1231 1916/1344/1340
f 1916/1344/1340 1807/1235/1231 1883/1311/1307
f 1917/1345/1341 1918/1346/1342 1915/1343/1407
f 1919/1347/1343 1920/1348/1344 1917/1345/1341
f 1921/1349/1345 1918/1346/1342 1917/1345/1341
f 1921/1349/1345 1917/1345/1341 1920/1348/1344
f 1922/1350/1346 1918/1346/1342 1921/1349/1345
f 1918/1346/1342 1923/1351/1347 1914/1342/1338
f 1914/1342/1338 1915/1343/1407 1918/1346/1342
f 1924/1352/1348 1923/1351/1347 1918/1346/1342
f 1918/1346/1342 1922/1350/1346 1924/1352/1348
f 1923/1351/1347 1924/1352/1348 1925/1353/1349
f 1926/1354/1350 1927/1355/1351 1928/1356/1352
f 1929/1357/1353 1926/1354/1350 1923/1351/1347
f 1923/1351/1347 1925/1353/1349 1929/1357/1353
f 1914/1342/1338 1923/1351/1347 1926/1354/1350
f 1926/1354/1350 1913/1341/1337 1914/1342/1338
f 1926/1354/1350 1929/1357/1353 1927/1355/1351
f 1926/1354/1350 1928/1356/1352 1930/1358/1354
f 1931/1359/1408 1932/1360/1356 1933/1361/1357
f 1934/1362/1358 1935/1363/1359 1936/1364/1360
f 1934/1362/1358 1936/1364/1360 1937/1365/1361
f 1934/1362/1358 1937/1365/1361 1938/1366/1362
f 1938/1366/1362 1939/1367/1363 1934/1362/1358
f 1939/1367/1363 1940/1368/1364 1941/1369/1365
f 1911/1338/1334 1934/1362/1358 1939/1367/1363
f 1939/1367/1363 1910/1339/1335 1911/1338/1334
f 1939/1367/1363 1938/1366/1362 1940/1368/1364
f 1939/1367/1363 1941/1369/1365 1942/1370/1366
f 1939/1367/1363 1942/1370/1366 1943/1371/1367
f 1944/1372/1368 1867/1295/1291 1747/1172/1168
f 1747/1172/1168 1746/1175/1171 1944/1372/1368
f 1867/1295/1291 1944/1372/1368 1945/1373/1369
f 1945/1373/1369 1908/1336/1332 1867/1295/1291
f 1750/1176/1172 1910/1339/1335 1946/1374/1409
f 1946/1374/1409 1745/1174/1393 1750/1176/1172
f 1944/1372/1368 1746/1175/1171 1745/1174/1393
f 1745/1174/1393 1946/1374/1409 1944/1372/1368
f 1947/1375/1371 1946/1374/1409 1910/1339/1335
f 1947/1375/1371 1910/1339/1335 1939/1367/1363
f 1948/1376/1372 1947/1375/1371 1939/1367/1363
f 1939/1367/1363 1943/1371/1367 1948/1376/1372
f 1944/1372/1368 1949/1377/1373 1950/1378/1374
f 1950/1378/1374 1945/1373/1369 1944/1372/1368
f 1944/1372/1368 1946/1374/1409 1949/1377/1373
f 1945/1373/1369 1950/1378/1374 1909/1337/1333
f 1909/1337/1333 1908/1336/1332 1945/1373/1369
f 1951/1379/1375 1949/1377/1373 1946/1374/1409
f 1946/1374/1409 1947/1375/1371 1951/1379/1375
f 1951/1379/1375 1952/1380/1410 1950/1378/1374
f 1950/1378/1374 1949/1377/1373 1951/1379/1375
f 1953/1381/1377 1951/1379/1375 1947/1375/1371
f 1953/1381/1377 1954/1382/1378 1952/1380/1410
f 1952/1380/1410 1951/1379/1375 1953/1381/1377
f 1955/1383/1379 1953/1381/1377 1947/1375/1371
f 1947/1375/1371 1948/1376/1372 1955/1383/1379
f 1954/1382/1378 1953/1381/1377 1955/1383/1379
f 1955/1383/1379 1956/1384/1380 1954/1382/1378
f 1916/1344/1340 1883/1311/1307 1957/1385/1381
f 1958/1386/1382 1917/1345/1341 1915/1343/1407
f 1915/1343/1407 1916/1344/1340 1958/1386/1382
f 1958/1386/1382 1959/1387/1383 1919/1347/1343
f 1919/1347/1343 1917/1345/1341 1958/1386/1382
f 1960/1388/1384 1958/1386/1382 1916/1344/1340
f 1916/1344/1340 1957/1385/1381 1960/1388/1384
f 1883/1311/1307 1882/1310/1306 1961/1389/1411
f 1961/1389/1411 1957/1385/1381 1883/1311/1307
f 1879/1307/1303 1880/1308/1304 1962/1390/1386
f 1962/1390/1386 1881/1309/1305 1879/1307/1303
f 1961/1389/1411 1882/1310/1306 1881/1309/1305
f 1881/1309/1305 1962/1390/1386 1961/1389/1411
f 1961/1389/1411 1963/1391/1387 1960/1388/1384
f 1960/1388/1384 1957/1385/1381 1961/1389/1411
f 1959/1387/1383 1958/1386/1382 1960/1388/1384
f 1960/1388/1384 1964/1392/1388 1959/1387/1383
f 1964/1392/1388 1960/1388/1384 1963/1391/1387
f 1963/1391/1387 1961/1389/1411 1962/1390/1386
f 1931/1359/1408 1912/1340/1336 1913/1341/1337
f 1913/1341/1337 1926/1354/1350 1931/1359/1408
f 1931/1359/1408 1965/1393/1389 1966/1394/1412
f 1931/1359/1408 1934/1362/1358 1911/1338/1334
f 1911/1338/1334 1912/1340/1336 1931/1359/1408
f 1967/1395/1391 1935/1363/1359 1934/1362/1358
f 1934/1362/1358 1931/1359/1408 1967/1395/1391
f 1931/1359/1408 1926/1354/1350 1968/1396/1392
f 1932/1360/1356 1931/1359/1408 1968/1396/1392
f 1968/1396/1392 1930/1358/1354 1932/1360/1356
f 1931/1359/1408 1933/1361/1357 1965/1393/1389
f 1931/1359/1408 1966/1394/1412 1967/1395/1391
f 1926/1354/1350 1930/1358/1354 1968/1396/1392
f 1972/1397/1413 1969/1398/1414 1970/1399/1415
f 1970/1399/1415 1971/1400/1416 1972/1397/1413
f 1974/1401/1417 1972/1397/1413 1971/1400/1416
f 1971/1400/1416 1973/1402/1418 1974/1401/1417
f 1976/1403/1419 1974/1401/1417 1973/1402/1418
f 1973/1402/1418 1975/1404/1420 1976/1403/1419
f 1978/1405/1421 1976/1403/1419 1975/1404/1420
f 1975/1404/1420 1977/1406/1422 1978/1405/1421
f 1978/1405/1421 1977/1406/1422 1979/1407/1423
f 1979/1407/1423 1980/1408/1424 1978/1405/1421
f 1979/1407/1423 1981/1409/1425 1982/1410/1426
f 1982/1410/1426 1980/1408/1424 1979/1407/1423
f 1984/1411/1427 1983/1412/1428 1970/1399/1415
f 1970/1399/1415 1969/1398/1414 1984/1411/1427
f 1987/1413/1429 1984/1411/1427 1985/1414/1430
f 1985/1414/1430 1986/1415/1431 1987/1413/1429
f 1988/1416/1432 1986/1415/1431 1985/1414/1430
f 1989/1417/1433 1988/1416/1432 1985/1414/1430
f 1969/1398/1414 1990/1418/1434 1985/1414/1430
f 1985/1414/1430 1984/1411/1427 1969/1398/1414
f 1985/1414/1430 1990/1418/1434 1991/1419/1435
f 1991/1419/1435 1989/1417/1433 1985/1414/1430
f 1969/1398/1414 1972/1397/1413 1992/1420/1436
f 1992/1420/1436 1990/1418/1434 1969/1398/1414
f 1992/1420/1436 1972/1397/1413 1974/1401/1417
f 1974/1401/1417 1993/1421/1437 1992/1420/1436
f 1994/1422/1438 1993/1421/1437 1974/1401/1417
f 1974/1401/1417 1976/1403/1419 1994/1422/1438
f 1978/1405/1421 1995/1423/1439 1994/1422/1438
f 1994/1422/1438 1976/1403/1419 1978/1405/1421
f 1980/1408/1424 1996/1424/1440 1995/1423/1439
f 1995/1423/1439 1978/1405/1421 1980/1408/1424
f 1996/1424/1440 1980/1408/1424 1982/1410/1426
f 1982/1410/1426 1997/1425/1441 1996/1424/1440
f 1990/1418/1434 1992/1420/1436 1998/1426/1442
f 1998/1426/1442 1991/1419/1435 1990/1418/1434
f 1992/1420/1436 1993/1421/1437 1999/1427/1443
f 1999/1427/1443 1998/1426/1442 1992/1420/1436
f 1994/1422/1438 2000/1428/1444 1999/1427/1443
f 1999/1427/1443 1993/1421/1437 1994/1422/1438
f 2000/1428/1444 1994/1422/1438 1995/1423/1439
f 1995/1423/1439 2001/1429/1445 2000/1428/1444
f 2001/1429/1445 1995/1423/1439 1996/1424/1440
f 1996/1424/1440 2002/1430/1446 2001/1429/1445
f 2003/1431/1447 2002/1430/1446 1996/1424/1440
f 1996/1424/1440 1997/1425/1441 2003/1431/1447
f 1989/1417/1433 2004/1432/1448 2005/1433/1449
f 2005/1433/1449 1988/1416/1432 1989/1417/1433
f 2004/1432/1448 1989/1417/1433 1991/1419/1435
f 1991/1419/1435 2006/1434/1450 2004/1432/1448
f 1998/1426/1442 2007/1435/1451 2006/1434/1450
f 2006/1434/1450 1991/1419/1435 1998/1426/1442
f 1998/1426/1442 1999/1427/1443 2008/1436/1452
f 2008/1436/1452 2007/1435/1451 1998/1426/1442
f 2009/1437/1453 2008/1436/1452 1999/1427/1443
f 1999/1427/1443 2000/1428/1444 2009/1437/1453
f 2010/1438/1454 2009/1437/1453 2000/1428/1444
f 2000/1428/1444 2001/1429/1445 2010/1438/1454
f 2002/1430/1446 2011/1439/1455 2010/1438/1454
f 2010/1438/1454 2001/1429/1445 2002/1430/1446
f 2002/1430/1446 2003/1431/1447 2012/1440/1456
f 2012/1440/1456 2011/1439/1455 2002/1430/1446
f 2005/1433/1449 2004/1432/1448 2013/1441/1457
f 2013/1441/1457 2014/1442/1458 2005/1433/1449
f 2004/1432/1448 2006/1434/1450 2015/1443/1459
f 2015/1443/1459 2013/1441/1457 2004/1432/1448
f 2006/1434/1450 2007/1435/1451 2016/1444/1460
f 2016/1444/1460 2015/1443/1459 2006/1434/1450
f 2007/1435/1451 2008/1436/1452 2017/1445/1461
f 2017/1445/1461 2016/1444/1460 2007/1435/1451
f 2018/1446/1462 2017/1445/1461 2008/1436/1452
f 2008/1436/1452 2009/1437/1453 2018/1446/1462
f 2018/1446/1462 2009/1437/1453 2010/1438/1454
f 2010/1438/1454 2019/1447/1463 2018/1446/1462
f 2019/1447/1463 2010/1438/1454 2011/1439/1455
f 2011/1439/1455 2020/1448/1464 2019/1447/1463
f 2011/1439/1455 2012/1440/1456 2021/1449/1465
f 2021/1449/1465 2020/1448/1464 2011/1439/1455
f 2023/1450/1466 2022/1451/1467 2014/1442/1458
f 2014/1442/1458 2013/1441/1457 2023/1450/1466
f 2023/1450/1466 2013/1441/1457 2015/1443/1459
f 2015/1443/1459 2024/1452/1468 2023/1450/1466
f 2015/1443/1459 2016/1444/1460 2025/1453/1469
f 2025/1453/1469 2024/1452/1468 2015/1443/1459
f 2025/1453/1469 2016/1444/1460 2017/1445/1461
f 2017/1445/1461 2026/1454/1470 2025/1453/1469
f 2017/1445/1461 2018/1446/1462 2027/1455/1471
f 2027/1455/1471 2026/1454/1470 2017/1445/1461
f 2019/1447/1463 2028/1456/1472 2027/1455/1471
f 2027/1455/1471 2018/1446/1462 2019/1447/1463
f 2029/1457/1473 2028/1456/1472 2019/1447/1463
f 2019/1447/1463 2020/1448/1464 2029/1457/1473
f 2020/1448/1464 2021/1449/1465 2030/1458/1474
f 2030/1458/1474 2029/1457/1473 2020/1448/1464
f 2023/1450/1466 2031/1459/1475 2032/1460/1476
f 2032/1460/1476 2022/1451/1467 2023/1450/1466
f 2024/1452/1468 2033/1461/1477 2031/1459/1475
f 2031/1459/1475 2023/1450/1466 2024/1452/1468
f 2034/1462/1478 2033/1461/1477 2024/1452/1468
f 2024/1452/1468 2025/1453/1469 2034/1462/1478
f 2034/1462/1478 2025/1453/1469 2026/1454/1470
f 2026/1454/1470 2035/1463/1479 2034/1462/1478
f 2036/1464/1480 2035/1463/1479 2026/1454/1470
f 2026/1454/1470 2027/1455/1471 2036/1464/1480
f 2027/1455/1471 2028/1456/1472 2037/1465/1481
f 2037/1465/1481 2036/1464/1480 2027/1455/1471
f 2028/1456/1472 2029/1457/1473 2038/1466/1482
f 2038/1466/1482 2037/1465/1481 2028/1456/1472
f 2039/1467/1483 2038/1466/1482 2029/1457/1473
f 2029/1457/1473 2030/1458/1474 2039/1467/1483
f 2031/1459/1475 2033/1461/1477 2040/1468/1484
f 2040/1468/1484 2041/1469/1485 2031/1459/1475
f 2033/1461/1477 2034/1462/1478 2042/1470/1486
f 2042/1470/1486 2040/1468/1484 2033/1461/1477
f 2042/1470/1486 2034/1462/1478 2035/1463/1479
f 2035/1463/1479 2043/1471/1487 2042/1470/1486
f 2036/1464/1480 2044/1472/1488 2043/1471/1487
f 2043/1471/1487 2035/1463/1479 2036/1464/1480
f 2045/1473/1489 2044/1472/1488 2036/1464/1480
f 2036/1464/1480 2037/1465/1481 2045/1473/1489
f 2037/1465/1481 2038/1466/1482 2046/1474/1490
f 2046/1474/1490 2045/1473/1489 2037/1465/1481
f 2046/1474/1490 2038/1466/1482 2039/1467/1483
f 2039/1467/1483 2047/1475/1491 2046/1474/1490
f 2048/1476/1492 2032/1460/1476 2031/1459/1475
f 2031/1459/1475 2041/1469/1485 2048/1476/1492
f 2050/1477/1493 2049/1478/1494 2048/1476/1492
f 2048/1476/1492 2041/1469/1485 2050/1477/1493
f 2050/1477/1493 2041/1469/1485 2040/1468/1484
f 2040/1468/1484 2051/1479/1495 2050/1477/1493
f 2051/1479/1495 2040/1468/1484 2042/1470/1486
f 2042/1470/1486 2052/1480/1496 2051/1479/1495
f 2052/1480/1496 2042/1470/1486 2043/1471/1487
f 2043/1471/1487 2053/1481/1497 2052/1480/1496
f 2044/1472/1488 2054/1482/1498 2053/1481/1497
f 2053/1481/1497 2043/1471/1487 2044/1472/1488
f 2045/1473/1489 2055/1483/1499 2054/1482/1498
f 2054/1482/1498 2044/1472/1488 2045/1473/1489
f 2055/1483/1499 2045/1473/1489 2046/1474/1490
f 2046/1474/1490 2056/1484/1500 2055/1483/1499
f 2056/1484/1500 2046/1474/1490 2047/1475/1491
f 2047/1475/1491 2057/1485/1501 2056/1484/1500
f 2059/1486/1502 2050/1477/1493 2051/1479/1495
f 2051/1479/1495 2058/1487/1503 2059/1486/1502
f 2051/1479/1495 2052/1480/1496 2060/1488/1504
f 2060/1488/1504 2058/1487/1503 2051/1479/1495
f 2053/1481/1497 2061/1489/1505 2060/1488/1504
f 2060/1488/1504 2052/1480/1496 2053/1481/1497
f 2062/1490/1506 2061/1489/1505 2053/1481/1497
f 2053/1481/1497 2054/1482/1498 2062/1490/1506
f 2063/1491/1507 2062/1490/1506 2054/1482/1498
f 2054/1482/1498 2055/1483/1499 2063/1491/1507
f 2055/1483/1499 2056/1484/1500 2064/1492/1508
f 2064/1492/1508 2063/1491/1507 2055/1483/1499
f 2057/1485/1501 2065/1493/1509 2064/1492/1508
f 2064/1492/1508 2056/1484/1500 2057/1485/1501
f 2067/1494/1510 2065/1493/1509 2057/1485/1501
f 2057/1485/1501 2066/1495/1511 2067/1494/1510
f 2068/1496/1512 2049/1478/1494 2050/1477/1493
f 2050/1477/1493 2059/1486/1502 2068/1496/1512
f 2059/1486/1502 2058/1487/1503 2069/1497/1513
f 2069/1497/1513 2070/1498/1514 2059/1486/1502
f 2060/1488/1504 2071/1499/1515 2069/1497/1513
f 2069/1497/1513 2058/1487/1503 2060/1488/1504
f 2061/1489/1505 2072/1500/1516 2071/1499/1515
f 2071/1499/1515 2060/1488/1504 2061/1489/1505
f 2072/1500/1516 2061/1489/1505 2062/1490/1506
f 2062/1490/1506 2073/1501/1517 2072/1500/1516
f 2073/1501/1517 2062/1490/1506 2063/1491/1507
f 2063/1491/1507 2074/1502/1518 2073/1501/1517
f 2074/1502/1518 2063/1491/1507 2064/1492/1508
f 2064/1492/1508 2075/1503/1519 2074/1502/1518
f 2065/1493/1509 2076/1504/1520 2075/1503/1519
f 2075/1503/1519 2064/1492/1508 2065/1493/1509
f 2067/1494/1510 2077/1505/1521 2076/1504/1520
f 2076/1504/1520 2065/1493/1509 2067/1494/1510
f 2059/1486/1502 2070/1498/1514 2078/1506/1522
f 2078/1506/1522 2068/1496/1512 2059/1486/1502
f 2080/1507/1523 2079/1508/1524 2070/1498/1514
f 2070/1498/1514 2069/1497/1513 2080/1507/1523
f 2071/1499/1515 2081/1509/1525 2080/1507/1523
f 2080/1507/1523 2069/1497/1513 2071/1499/1515
f 2072/1500/1516 2082/1510/1526 2081/1509/1525
f 2081/1509/1525 2071/1499/1515 2072/1500/1516
f 2073/1501/1517 2083/1511/1527 2082/1510/1526
f 2082/1510/1526 2072/1500/1516 2073/1501/1517
f 2074/1502/1518 2084/1512/1528 2083/1511/1527
f 2083/1511/1527 2073/1501/1517 2074/1502/1518
f 2075/1503/1519 2085/1513/1529 2084/1512/1528
f 2084/1512/1528 2074/1502/1518 2075/1503/1519
f 2085/1513/1529 2075/1503/1519 2076/1504/1520
f 2076/1504/1520 2086/1514/1530 2085/1513/1529
f 2077/1505/1521 2087/1515/1531 2086/1514/1530
f 2086/1514/1530 2076/1504/1520 2077/1505/1521
f 2080/1507/1523 2088/1516/1532 2089/1517/1533
f 2089/1517/1533 2079/1508/1524 2080/1507/1523
f 2088/1516/1532 2080/1507/1523 2081/1509/1525
f 2081/1509/1525 2090/1518/1534 2088/1516/1532
f 2082/1510/1526 2091/1519/1535 2090/1518/1534
f 2090/1518/1534 2081/1509/1525 2082/1510/1526
f 2083/1511/1527 2092/1520/1536 2091/1519/1535
f 2091/1519/1535 2082/1510/1526 2083/1511/1527
f 2084/1512/1528 2093/1521/1537 2092/1520/1536
f 2092/1520/1536 2083/1511/1527 2084/1512/1528
f 2093/1521/1537 2084/1512/1528 2085/1513/1529
f 2085/1513/1529 2094/1522/1538 2093/1521/1537
f 2094/1522/1538 2085/1513/1529 2086/1514/1530
f 2086/1514/1530 2095/1523/1539 2094/1522/1538
f 2095/1523/1539 2086/1514/1530 2087/1515/1531
f 2087/1515/1531 2096/1524/1540 2095/1523/1539
f 2088/1516/1532 2097/1525/1541 2098/1526/1542
f 2098/1526/1542 2089/1517/1533 2088/1516/1532
f 2088/1516/1532 2090/1518/1534 2099/1527/1543
f 2099/1527/1543 2097/1525/1541 2088/1516/1532
f 2092/1520/1536 2100/1528/1544 2101/1529/1545
f 2101/1529/1545 2091/1519/1535 2092/1520/1536
f 2093/1521/1537 2102/1530/1546 2100/1528/1544
f 2100/1528/1544 2092/1520/1536 2093/1521/1537
f 2102/1530/1546 2093/1521/1537 2094/1522/1538
f 2094/1522/1538 2103/1531/1547 2102/1530/1546
f 2103/1531/1547 2094/1522/1538 2095/1523/1539
f 2095/1523/1539 2104/1532/1548 2103/1531/1547
f 2105/1533/1549 2104/1532/1548 2095/1523/1539
f 2105/1533/1549 2095/1523/1539 2096/1524/1540
f 2096/1524/1540 2106/1534/1550 2105/1533/1549
f 2107/1535/1551 2108/1536/1552 2109/1537/1553
f 2107/1535/1551 2110/1538/1554 2108/1536/1552
f 2105/1533/1549 2106/1534/1550 2110/1538/1554
f 2110/1538/1554 2107/1535/1551 2105/1533/1549
f 2105/1533/1549 2107/1535/1551 2111/1539/1555
f 2111/1539/1555 2104/1532/1548 2105/1533/1549
f 2107/1535/1551 2109/1537/1553 2112/1540/1556
f 2113/1541/1557 2111/1539/1555 2107/1535/1551
f 2107/1535/1551 2112/1540/1556 2113/1541/1557
f 2114/1542/1558 2115/1543/1559 2116/1544/1560
f 2115/1543/1559 2114/1542/1558 2111/1539/1555
f 2111/1539/1555 2113/1541/1557 2115/1543/1559
f 2114/1542/1558 2103/1531/1547 2104/1532/1548
f 2104/1532/1548 2111/1539/1555 2114/1542/1558
f 2114/1542/1558 2116/1544/1560 2117/1545/1561
f 2102/1530/1546 2103/1531/1547 2114/1542/1558
f 2114/1542/1558 2118/1546/1562 2102/1530/1546
f 2119/1547/1563 2118/1546/1562 2114/1542/1558
f 2114/1542/1558 2117/1545/1561 2119/1547/1563
f 2120/1548/1564 2119/1547/1563 2121/1549/1565
f 2122/1550/1566 2102/1530/1546 2118/1546/1562
f 2119/1547/1563 2120/1548/1564 2122/1550/1566
f 2122/1550/1566 2118/1546/1562 2119/1547/1563
f 2120/1548/1564 2121/1549/1565 2123/1551/1567
f 2123/1551/1567 2124/1552/1568 2122/1550/1566
f 2122/1550/1566 2120/1548/1564 2123/1551/1567
f 2125/1553/1569 2126/1554/1570 2127/1555/1571
f 2126/1554/1570 2125/1553/1569 2122/1550/1566
f 2122/1550/1566 2124/1552/1568 2126/1554/1570
f 2102/1530/1546 2122/1550/1566 2125/1553/1569
f 2125/1553/1569 2100/1528/1544 2102/1530/1546
f 2100/1528/1544 2125/1553/1569 2128/1556/1572
f 2128/1556/1572 2101/1529/1545 2100/1528/1544
f 2129/1557/1573 2130/1556/1574 2131/1558/1575
f 2130/1556/1576 2132/1559/1577 2133/1558/1577
f 2130/1556/1576 2134/1557/1578 2135/1560/1579
f 2128/1556/1572 2136/1560/1580 2137/1561/1581
f 2137/1561/1581 2138/1562/1582 2128/1556/1572
f 2137/1561/1581 2139/1563/1583 2140/1564/1584
f 2141/1565/1585 2099/1527/1543 2090/1518/1534
f 2141/1565/1585 2090/1518/1534 2091/1519/1535
f 2091/1519/1535 2101/1529/1545 2141/1565/1585
f 2142/1566/1586 2143/1567/1587 2144/1568/1588
f 2145/1569/1589 2146/1570/1590 2147/1571/1591
f 2145/1569/1589 2148/1572/1592 2149/1573/1593
f 2097/1525/1541 2099/1527/1543 2150/1574/1594
f 2150/1574/1594 2145/1569/1589 2097/1525/1541
f 2144/1568/1588 2146/1570/1590 2145/1569/1589
f 2145/1569/1589 2150/1574/1594 2144/1568/1588
f 2145/1569/1589 2147/1571/1591 2151/1575/1595
f 2145/1569/1589 2151/1575/1595 2148/1572/1592
f 2145/1569/1589 2149/1573/1593 2152/1576/1596
f 2153/1577/1597 2145/1569/1589 2152/1576/1596
f 2154/1578/1598 2155/1579/1599 2156/1580/1600
f 2098/1526/1542 2097/1525/1541 2145/1569/1589
f 2145/1569/1589 2157/1581/1601 2098/1526/1542
f 2157/1581/1601 2145/1569/1589 2153/1577/1597
f 2153/1577/1597 2158/1582/1602 2157/1581/1601
f 2158/1582/1602 2156/1580/1600 2157/1581/1601
f 2158/1582/1602 2154/1578/1598 2156/1580/1600
f 2158/1582/1602 2153/1577/1597 2152/1576/1596
f 2152/1576/1596 2154/1578/1598 2158/1582/1602
f 2142/1566/1586 2159/1583/1603 2160/1584/1604
f 2160/1584/1604 2143/1567/1587 2142/1566/1586
f 2142/1566/1586 2144/1568/1588 2150/1574/1594
f 2150/1574/1594 2161/1585/1605 2142/1566/1586
f 2162/1586/1606 2159/1583/1603 2161/1585/1605
f 2160/1584/1604 2159/1583/1603 2162/1586/1606
f 2162/1586/1606 2163/1587/1607 2160/1584/1604
f 2099/1527/1543 2141/1565/1585 2161/1585/1605
f 2161/1585/1605 2150/1574/1594 2099/1527/1543
f 2141/1565/1585 2101/1529/1545 2128/1556/1572
f 2128/1556/1572 2161/1585/1605 2141/1565/1585
f 2138/1562/1582 2140/1564/1584 2161/1585/1605
f 2161/1585/1605 2128/1556/1572 2138/1562/1582
f 2159/1583/1603 2142/1566/1586 2161/1585/1605
f 2140/1564/1584 2162/1586/1606 2161/1585/1605
f 2163/1587/1607 2162/1586/1606 2140/1564/1584
f 2140/1564/1584 2139/1563/1583 2163/1587/1607
f 2140/1564/1584 2138/1562/1582 2137/1561/1581
f 2164/1588/1608 2157/1581/1601 2156/1580/1600
f 2164/1588/1608 2156/1580/1600 2155/1579/1599
f 2166/1589/1609 1970/1399/1415 1983/1412/1428
f 1983/1412/1428 2165/1590/1610 2166/1589/1609
f 1970/1399/1415 2166/1589/1609 2167/1591/1611
f 2167/1591/1611 1971/1400/1416 1970/1399/1415
f 1971/1400/1416 2167/1591/1611 2168/1592/1612
f 2168/1592/1612 1973/1402/1418 1971/1400/1416
f 2168/1592/1612 2169/1593/1613 1975/1404/1420
f 1975/1404/1420 1973/1402/1418 2168/1592/1612
f 1975/1404/1420 2169/1593/1613 2170/1594/1614
f 2170/1594/1614 1977/1406/1422 1975/1404/1420
f 2170/1594/1614 2171/1595/1615 1979/1407/1423
f 1979/1407/1423 1977/1406/1422 2170/1594/1614
f 1981/1409/1425 1979/1407/1423 2171/1595/1615
f 2171/1595/1615 2172/1596/1616 1981/1409/1425
f 2172/1596/1616 2171/1595/1615 2173/1597/1617
f 2173/1597/1617 2174/1598/1618 2172/1596/1616
f 2171/1595/1615 2170/1594/1614 2175/1599/1619
f 2175/1599/1619 2173/1597/1617 2171/1595/1615
f 2175/1599/1619 2170/1594/1614 2169/1593/1613
f 2169/1593/1613 2176/1600/1620 2175/1599/1619
f 2177/1601/1621 2176/1600/1620 2169/1593/1613
f 2169/1593/1613 2168/1592/1612 2177/1601/1621
f 2178/1602/1622 2177/1601/1621 2168/1592/1612
f 2168/1592/1612 2167/1591/1611 2178/1602/1622
f 2179/1603/1623 2178/1602/1622 2167/1591/1611
f 2167/1591/1611 2166/1589/1609 2179/1603/1623
f 2180/1604/1624 2179/1603/1623 2166/1589/1609
f 2166/1589/1609 2165/1590/1610 2180/1604/1624
f 2181/1605/1625 2182/1606/1626 2183/1607/1627
f 2183/1607/1627 2182/1606/1626 2184/1608/1628
f 2180/1604/1624 2181/1605/1625 2185/1609/1629
f 2185/1609/1629 2179/1603/1623 2180/1604/1624
f 2185/1609/1629 2186/1610/1630 2187/1611/1631
f 2186/1610/1630 2185/1609/1629 2181/1605/1625
f 2181/1605/1625 2183/1607/1627 2186/1610/1630
f 2185/1609/1629 2187/1611/1631 2188/1612/1632
f 2185/1609/1629 2188/1612/1632 2189/1613/1633
f 2190/1614/1634 2178/1602/1622 2179/1603/1623
f 2179/1603/1623 2185/1609/1629 2190/1614/1634
f 2191/1615/1635 2190/1614/1634 2185/1609/1629
f 2185/1609/1629 2189/1613/1633 2191/1615/1635
f 2177/1601/1621 2178/1602/1622 2190/1614/1634
f 2190/1614/1634 2192/1616/1636 2177/1601/1621
f 2176/1600/1620 2177/1601/1621 2192/1616/1636
f 2192/1616/1636 2193/1617/1637 2176/1600/1620
f 2194/1618/1638 2175/1599/1619 2176/1600/1620
f 2176/1600/1620 2193/1617/1637 2194/1618/1638
f 2173/1597/1617 2175/1599/1619 2194/1618/1638
f 2194/1618/1638 2195/1619/1639 2173/1597/1617
f 2174/1598/1618 2173/1597/1617 2195/1619/1639
f 2195/1619/1639 2196/1620/1640 2174/1598/1618
f 2197/1621/1641 2198/1622/1642 2199/1623/1643
f 2199/1623/1643 2196/1620/1640 2200/1624/1644
f 2201/1625/1645 2202/1626/1646 2203/1627/1647
f 2202/1626/1646 2200/1624/1644 2203/1627/1647
f 2196/1620/1640 2195/1619/1639 2203/1627/1647
f 2203/1627/1647 2200/1624/1644 2196/1620/1640
f 2204/1628/1648 2201/1625/1645 2203/1627/1647
f 2203/1627/1647 2195/1619/1639 2205/1629/1649
f 2195/1619/1639 2206/1630/1650 2205/1629/1649
f 2204/1628/1648 2203/1627/1647 2205/1629/1649
f 2205/1629/1649 2207/1631/1651 2204/1628/1648
f 2195/1619/1639 2194/1618/1638 2208/1632/1652
f 2208/1632/1652 2206/1630/1650 2195/1619/1639
f 2209/1633/1653 2207/1631/1651 2205/1629/1649
f 2205/1629/1649 2206/1630/1650 2209/1633/1653
f 2210/1634/1654 2209/1633/1653 2206/1630/1650
f 2206/1630/1650 2208/1632/1652 2210/1634/1654
f 2208/1632/1652 2194/1618/1638 2211/1635/1655
f 2211/1635/1655 2194/1618/1638 2193/1617/1637
f 2193/1617/1637 2212/1636/1656 2211/1635/1655
f 2210/1634/1654 2208/1632/1652 2211/1635/1655
f 2210/1634/1654 2211/1635/1655 2213/1637/1657
f 2213/1637/1657 2211/1635/1655 2212/1636/1656
f 2214/1638/1658 2213/1637/1657 2215/1639/1659
f 2212/1636/1656 2216/1640/1660 2215/1639/1659
f 2215/1639/1659 2213/1637/1657 2212/1636/1656
f 2212/1636/1656 2193/1617/1637 2216/1640/1660
f 2217/1641/1661 2215/1639/1659 2216/1640/1660
f 2193/1617/1637 2192/1616/1636 2218/1642/1662
f 2218/1642/1662 2216/1640/1660 2193/1617/1637
f 2218/1642/1662 2219/1643/1663 2217/1641/1661
f 2217/1641/1661 2216/1640/1660 2218/1642/1662
f 2218/1642/1662 2192/1616/1636 2220/1644/1664
f 2219/1643/1663 2218/1642/1662 2220/1644/1664
f 2220/1644/1664 2221/1645/1665 2219/1643/1663
f 2222/1646/1666 2221/1645/1665 2220/1644/1664
f 2220/1644/1664 2192/1616/1636 2223/1647/1667
f 2223/1647/1667 2224/1648/1668 2222/1646/1666
f 2222/1646/1666 2220/1644/1664 2223/1647/1667
f 2225/1649/1669 2190/1614/1634 2226/1650/1670
f 2223/1647/1667 2227/1651/1671 2228/1652/1672
f 2228/1652/1672 2224/1648/1668 2223/1647/1667
f 2225/1649/1669 2227/1651/1671 2192/1616/1636
f 2192/1616/1636 2190/1614/1634 2225/1649/1669
f 2223/1647/1667 2192/1616/1636 2227/1651/1671
f 2229/1653/1673 2228/1652/1672 2227/1651/1671
f 2225/1649/1669 2226/1650/1670 2229/1653/1673
f 2229/1653/1673 2227/1651/1671 2225/1649/1669
f 2226/1650/1670 2190/1614/1634 2230/1654/1674
f 2190/1614/1634 2191/1615/1635 2230/1654/1674
f 2230/1654/1674 2231/1655/1675 2229/1653/1673
f 2229/1653/1673 2226/1650/1670 2230/1654/1674
f 2232/1656/1676 2233/1657/1677 2234/1658/1678
f 2232/1656/1676 2030/1458/1474 2021/1449/1465
f 2021/1449/1465 2233/1657/1677 2232/1656/1676
f 2232/1656/1676 2235/1659/1679 2236/1660/1680
f 2039/1467/1483 2030/1458/1474 2232/1656/1676
f 2232/1656/1676 2237/1661/1681 2039/1467/1483
f 2232/1656/1676 2236/1660/1680 2238/1662/1682
f 2238/1662/1682 2237/1661/1681 2232/1656/1676
f 2057/1485/1501 2047/1475/1491 2239/1663/1683
f 2239/1663/1683 2066/1495/1511 2057/1485/1501
f 2047/1475/1491 2039/1467/1483 2237/1661/1681
f 2237/1661/1681 2239/1663/1683 2047/1475/1491
f 2237/1661/1681 2238/1662/1682 2240/1664/1684
f 2240/1664/1684 2239/1663/1683 2237/1661/1681
f 2235/1659/1679 2232/1656/1676 2234/1658/1678
f 2233/1657/1677 2021/1449/1465 2012/1440/1456
f 2012/1440/1456 2241/1665/1685 2233/1657/1677
f 2242/1666/1686 2199/1623/1643 2198/1622/1642
f 2242/1666/1686 2198/1622/1642 2243/1667/1687
f 2242/1666/1686 2243/1667/1687 2244/1668/1688
f 2242/1666/1686 2245/1669/1689 2196/1620/1640
f 2196/1620/1640 2199/1623/1643 2242/1666/1686
f 2245/1669/1689 2174/1598/1618 2196/1620/1640
f 2246/1670/1690 2245/1669/1689 2242/1666/1686
f 2246/1670/1690 2242/1666/1686 2244/1668/1688
f 2247/1671/1691 2174/1598/1618 2245/1669/1689
f 2246/1670/1690 2248/1672/1692 2247/1671/1691
f 2247/1671/1691 2245/1669/1689 2246/1670/1690
f 2172/1596/1616 2174/1598/1618 2247/1671/1691
f 2247/1671/1691 2249/1673/1693 2172/1596/1616
f 2247/1671/1691 2248/1672/1692 2250/1674/1694
f 2250/1674/1694 2249/1673/1693 2247/1671/1691
f 2251/1675/1695 1981/1409/1425 2172/1596/1616
f 2172/1596/1616 2249/1673/1693 2251/1675/1695
f 2251/1675/1695 2249/1673/1693 2250/1674/1694
f 2250/1674/1694 2252/1676/1696 2251/1675/1695
f 1981/1409/1425 2251/1675/1695 2253/1677/1697
f 2253/1677/1697 1982/1410/1426 1981/1409/1425
f 2253/1677/1697 2251/1675/1695 2252/1676/1696
f 2252/1676/1696 2254/1678/1698 2253/1677/1697
f 1982/1410/1426 2253/1677/1697 2255/1679/1699
f 2255/1679/1699 1997/1425/1441 1982/1410/1426
f 2256/1680/1700 2255/1679/1699 2253/1677/1697
f 2253/1677/1697 2254/1678/1698 2256/1680/1700
f 2012/1440/1456 2003/1431/1447 2257/1681/1701
f 2257/1681/1701 2241/1665/1685 2012/1440/1456
f 2255/1679/1699 2257/1681/1701 2003/1431/1447
f 2003/1431/1447 1997/1425/1441 2255/1679/1699
f 2258/1682/1702 2241/1665/1685 2257/1681/1701
f 2259/1683/1703 2257/1681/1701 2255/1679/1699
f 2255/1679/1699 2256/1680/1700 2259/1683/1703
f 2233/1657/1677 2241/1665/1685 2258/1682/1702
f 2258/1682/1702 2234/1658/1678 2233/1657/1677
f 2258/1682/1702 2257/1681/1701 2259/1683/1703
f 2260/1559/1704 2128/1556/1572 2261/1684/1705
f 2128/1556/1572 2125/1553/1569 2262/1685/1706
f 2262/1685/1706 2261/1684/1705 2128/1556/1572
f 2125/1553/1569 2127/1555/1571 2262/1685/1706
f 2263/1686/1707 2261/1684/1705 2262/1685/1706
f 2184/1608/1628 2182/1606/1626 2264/1687/1708
f 2264/1687/1708 2265/1688/1709 2184/1608/1628
f 2181/1605/1625 2266/1689/1710 2264/1687/1708
f 2264/1687/1708 2182/1606/1626 2181/1605/1625
f 2267/1690/1711 2264/1687/1708 2266/1689/1710
f 2268/1691/1712 2267/1690/1711 2266/1689/1710
f 2180/1604/1624 2269/1692/1713 2266/1689/1710
f 2266/1689/1710 2181/1605/1625 2180/1604/1624
f 2180/1604/1624 2165/1590/1610 2269/1692/1713
f 2269/1692/1713 2270/1693/1714 2268/1691/1712
f 2268/1691/1712 2266/1689/1710 2269/1692/1713
f 2269/1692/1713 2165/1590/1610 2271/1694/1715
f 2272/1695/1716 1983/1412/1428 1984/1411/1427
f 1984/1411/1427 1987/1413/1429 2272/1695/1716
f 2165/1590/1610 1983/1412/1428 2272/1695/1716
f 2272/1695/1716 2271/1694/1715 2165/1590/1610
f 2273/1696/1717 2271/1694/1715 2272/1695/1716
f 2270/1693/1714 2269/1692/1713 2271/1694/1715
f 2271/1694/1715 2273/1696/1717 2270/1693/1714
f 2274/1697/1718 2098/1526/1542 2157/1581/1601
f 2274/1697/1718 2275/1698/1719 2276/1699/1720
f 2274/1697/1718 2157/1581/1601 2164/1588/1608
f 2274/1697/1718 2164/1588/1608 2277/1700/1721
f 2274/1697/1718 2277/1700/1721 2275/1698/1719
f 2279/1701/1722 2278/1702/1723 2274/1697/1718
f 2274/1697/1718 2276/1699/1720 2279/1701/1722
f 2274/1697/1718 2278/1702/1723 2280/1703/1724
f 2281/1704/1725 2098/1526/1542 2274/1697/1718
f 2281/1704/1725 2089/1517/1533 2098/1526/1542
f 2282/1705/1726 2281/1704/1725 2274/1697/1718
f 2274/1697/1718 2280/1703/1724 2282/1705/1726
f 2283/1706/1727 2089/1517/1533 2281/1704/1725
f 2283/1706/1727 2079/1508/1524 2089/1517/1533
f 2078/1506/1522 2070/1498/1514 2079/1508/1524
f 2079/1508/1524 2284/1707/1728 2078/1506/1522
f 2284/1707/1728 2079/1508/1524 2283/1706/1727
f 2284/1707/1728 2283/1706/1727 2285/1708/1729
f 2281/1704/1725 2282/1705/1726 2285/1708/1729
f 2285/1708/1729 2283/1706/1727 2281/1704/1725
f 2289/1623/1730 2286/1624/1730 2287/1626/1730
f 2287/1626/1730 2288/1621/1730 2289/1623/1730
s 0
f 2293/1709/743 2290/1710/743 2291/1711/743
f 2291/1711/743 2292/1712/743 2293/1709/743
f 2297/1713/1731 2294/1714/1731 2295/1715/1731
f 2295/1715/1731 2296/1716/1731 2297/1713/1731
f 2301/1717/1732 2298/1715/1732 2299/1714/1732
f 2299/1714/1733 2300/1718/1733 2301/1717/1733
f 2305/1719/1734 2302/1720/1734 2303/1721/1734
f 2303/1721/1734 2304/1722/1734 2305/1719/1734
f 2309/1723/1735 2306/1724/1735 2307/1725/1735
f 2307/1725/1735 2308/1726/1735 2309/1723/1735
f 2313/1715/1736 2310/1709/1736 2311/1712/1736
f 2311/1712/1737 2312/1716/1737 2313/1715/1737
f 2317/1709/1738 2314/1715/1738 2315/1717/1738
s 1
f 2315/1717/1739 2316/1710/1739 2317/1709/1739
f 2321/1727/1740 2318/1728/1740 2319/1721/1740
f 2319/1721/1740 2320/1720/1740 2321/1727/1740
f 2325/1726/1741 2322/1729/1741 2323/1730/1741
s 0
f 2323/1730/1742 2324/1723/1742 2325/1726/1742
f 2329/1731/1743 2326/1732/1743 2327/1725/1743
f 2327/1725/1744 2328/1724/1744 2329/1731/1744
f 2330/1714/165 2331/1733/165 2332/1718/165
f 2330/1714/1745 2333/1734/1745 2331/1733/1745
s 1
f 2337/1735/1746 2334/1736/1747 2335/1737/1748
f 2335/1737/1748 2336/1738/1749 2337/1735/1746
s 0
f 2338/1739/748 2339/1737/748 2340/1736/748
f 2344/1740/1750 2341/1741/1750 2342/1742/1750
f 2342/1742/1751 2343/1743/1751 2344/1740/1751
f 2348/1744/1752 2345/1745/1752 2346/1746/1752
f 2346/1746/1752 2347/1747/1752 2348/1744/1752
f 2352/1748/1753 2349/1749/1753 2350/1750/1753
f 2350/1750/1754 2351/1751/1754 2352/1748/1754
f 2356/1741/1755 2353/1750/1755 2354/1749/1755
f 2354/1749/1755 2355/1742/1755 2356/1741/1755
f 2360/1752/1756 2357/1744/1756 2358/1747/1756
f 2358/1747/1756 2359/1753/1756 2360/1752/1756
f 2364/1751/1757 2361/1750/1757 2362/1754/1757
f 2362/1754/1757 2363/1755/1757 2364/1751/1757
f 2365/1741/1758 2366/1756/1758 2367/1750/1758
f 2367/1750/1758 2366/1756/1758 2368/1754/1758
f 2372/1755/748 2369/1754/748 2370/1756/748
f 2370/1756/748 2371/1757/748 2372/1755/748
f 2376/1744/1759 2373/1758/1759 2374/1759/1759
f 2374/1759/1759 2375/1760/1759 2376/1744/1759
f 2380/1741/1759 2377/1740/1759 2378/1761/1759
f 2378/1761/1759 2379/1739/1759 2380/1741/1759
f 2381/1757/165 2382/1762/165 2383/1763/165
f 2387/1758/1760 2384/1744/1760 2385/1752/1760
f 2385/1752/165 2386/1764/165 2387/1758/165
f 2391/1736/743 2388/1765/743 2389/1757/743
f 2389/1757/743 2390/1756/743 2391/1736/743
f 2389/1757/743 2388/1765/743 2392/1762/743
f 2396/1736/135 2393/1756/135 2394/1741/135
f 2394/1741/1761 2395/1739/1761 2396/1736/1761
s 1
f 2400/1766/1762 2397/1763/1762 2398/1762/1762
f 2398/1762/1762 2399/1765/1763 2400/1766/1762
s 0
f 2401/1767/165 2402/1758/165 2403/1764/165
f 2404/1758/1764 2405/1767/1764 2406/1768/1764
f 2410/1766/1765 2407/1769/1765 2408/1770/1765
f 2408/1770/1766 2409/1763/1766 2410/1766/1766
f 2414/1771/1767 2411/1772/1767 2412/1773/1767
f 2412/1773/1767 2413/1774/1767 2414/1771/1767
f 2418/1759/1768 2415/1758/1768 2416/1768/1768
f 2416/1768/1769 2417/1772/1769 2418/1759/1769
f 2419/1771/1770 2420/1759/1770 2421/1772/1770
s 1
f 2425/1719/1771 2422/1768/1771 2423/1775/1771
f 2423/1775/1771 2424/1776/1771 2425/1719/1771
f 2429/1777/1772 2426/1769/1772 2427/1778/1772
f 2427/1778/1772 2428/1779/1772 2429/1777/1772
s 0
f 2433/1772/1773 2430/1722/1773 2431/1780/1773
f 2431/1780/1773 2432/1773/1773 2433/1772/1773
f 2434/1760/744 2435/1759/744 2436/1771/744
s 1
f 2437/1760/1774 2438/1771/1774 2439/1774/1774
f 2440/1767/1775 2441/1775/1775 2442/1768/1775
f 2443/1769/1776 2444/1777/1776 2445/1770/1776
s 0
f 2449/1732/1777 2446/1731/1777 2447/1733/1777
f 2447/1733/1778 2448/1734/1778 2449/1732/1778
f 2453/1768/139 2450/1719/139 2451/1722/139
f 2451/1722/139 2452/1772/139 2453/1768/139
s 1
f 2457/1781/1779 2454/1782/1780 2455/1783/1781
f 2455/1783/1781 2456/1784/1782 2457/1781/1779
f 2459/1785/1783 2458/1786/1784 2457/1781/1779
f 2457/1781/1779 2456/1784/1782 2459/1785/1783
f 2461/1787/1785 2454/1782/1780 2457/1781/1779
f 2457/1781/1779 2460/1788/1786 2461/1787/1785
f 2460/1788/1786 2457/1781/1779 2458/1786/1784
f 2458/1786/1784 2462/1789/1787 2460/1788/1786
f 2460/1788/1786 2463/1790/1788 2464/1791/1789
f 2464/1791/1789 2461/1787/1785 2460/1788/1786
f 2463/1790/1788 2465/1792/1790 2466/1793/1791
f 2466/1793/1791 2464/1791/1789 2463/1790/1788
f 2462/1789/1787 2467/1794/1792 2463/1790/1788
f 2463/1790/1788 2460/1788/1786 2462/1789/1787
f 2467/1794/1792 2468/1795/1793 2465/1792/1790
f 2465/1792/1790 2463/1790/1788 2467/1794/1792
f 2454/1782/1780 2469/1796/1794 2470/1797/1795
f 2470/1797/1795 2455/1783/1781 2454/1782/1780
f 2471/1798/1796 2469/1796/1794 2454/1782/1780
f 2454/1782/1780 2461/1787/1785 2471/1798/1796
f 2461/1787/1785 2464/1791/1789 2472/1799/1797
f 2472/1799/1797 2471/1798/1796 2461/1787/1785
f 2473/1800/1798 2472/1799/1797 2464/1791/1789
f 2464/1791/1789 2466/1793/1791 2473/1800/1798
f 2473/1800/1798 2474/1801/1799 2475/1802/1800
f 2476/1803/1801 2474/1801/1799 2473/1800/1798
f 2473/1800/1798 2466/1793/1791 2476/1803/1801
f 2476/1803/1801 2466/1793/1791 2465/1792/1790
f 2465/1792/1790 2477/1804/1802 2476/1803/1801
f 2477/1804/1802 2465/1792/1790 2468/1795/1793
f 2468/1795/1793 2478/1805/1803 2477/1804/1802
f 2475/1802/1800 2474/1801/1799 2479/1806/1804
f 2481/1807/1805 2479/1806/1804 2474/1801/1799
f 2474/1801/1799 2480/1808/1801 2481/1807/1805
f 2483/1809/1802 2482/1810/1806 2481/1807/1805
f 2481/1807/1805 2480/1808/1801 2483/1809/1802
f 2482/1810/1806 2483/1809/1802 2484/1811/1807
f 2484/1811/1807 2485/1812/1808 2482/1810/1806
f 2481/1807/1805 2486/1813/1809 2487/1814/1810
f 2487/1814/1810 2479/1806/1804 2481/1807/1805
f 2488/1815/1811 2486/1813/1809 2481/1807/1805
f 2481/1807/1805 2482/1810/1806 2488/1815/1811
f 2482/1810/1806 2485/1812/1808 2489/1816/1812
f 2489/1816/1812 2488/1815/1811 2482/1810/1806
f 2487/1814/1810 2486/1813/1809 2490/1817/1813
f 2490/1817/1813 2491/1818/1814 2487/1814/1810
f 2490/1817/1813 2486/1813/1809 2488/1815/1811
f 2488/1815/1811 2492/1819/1815 2490/1817/1813
f 2492/1819/1815 2488/1815/1811 2489/1816/1812
f 2489/1816/1812 2493/1820/1816 2492/1819/1815
f 2495/1821/1817 2491/1818/1814 2490/1817/1813
f 2490/1817/1813 2494/1822/1818 2495/1821/1817
f 2492/1819/1815 2496/1823/1819 2494/1822/1818
f 2494/1822/1818 2490/1817/1813 2492/1819/1815
f 2493/1820/1816 2497/1824/1820 2496/1823/1819
f 2496/1823/1819 2492/1819/1815 2493/1820/1816
f 2500/1825/1818 2498/1826/1821 2499/1827/1822
f 2499/1827/1822 2495/1821/1817 2500/1825/1818
f 2502/1828/1823 2498/1826/1821 2500/1825/1818
f 2500/1825/1818 2501/1829/1824 2502/1828/1823
f 2504/1830/1825 2503/1831/1826 2502/1828/1823
f 2502/1828/1823 2501/1829/1824 2504/1830/1825
f 2499/1827/1822 2505/1832/1827 2495/1821/1817
f 2506/1833/1828 2491/1818/1814 2495/1821/1817
f 2495/1821/1817 2505/1832/1827 2506/1833/1828
f 2506/1833/1828 2507/1834/1829 2487/1814/1810
f 2487/1814/1810 2491/1818/1814 2506/1833/1828
f 2508/1835/1830 2479/1806/1804 2487/1814/1810
f 2487/1814/1810 2507/1834/1829 2508/1835/1830
f 2475/1802/1800 2479/1806/1804 2508/1835/1830
f 2473/1800/1798 2475/1802/1800 2509/1836/1831
f 2509/1836/1831 2472/1799/1797 2473/1800/1798
f 2475/1802/1800 2508/1835/1830 2510/1837/1832
f 2510/1837/1832 2509/1836/1831 2475/1802/1800
f 2511/1838/1833 2471/1798/1796 2472/1799/1797
f 2472/1799/1797 2509/1836/1831 2511/1838/1833
f 2511/1838/1833 2512/1839/1834 2469/1796/1794
f 2469/1796/1794 2471/1798/1796 2511/1838/1833
f 2513/1840/1835 2470/1797/1795 2469/1796/1794
f 2469/1796/1794 2512/1839/1834 2513/1840/1835
f 2470/1797/1795 2513/1840/1835 2514/1841/1836
f 2516/1842/1781 2470/1797/1795 2514/1841/1836
f 2514/1841/1836 2515/1843/1837 2516/1842/1781
f 2518/1844/1838 2517/1845/1782 2516/1842/1781
f 2516/1842/1781 2515/1843/1837 2518/1844/1838
f 2518/1844/1838 2519/1846/1839 2520/1847/1840
f 2520/1847/1840 2517/1845/1782 2518/1844/1838
f 2510/1837/1832 2508/1835/1830 2507/1834/1829
f 2507/1834/1829 2521/1848/1841 2510/1837/1832
f 2509/1836/1831 2510/1837/1832 2522/1849/1842
f 2522/1849/1842 2511/1838/1833 2509/1836/1831
f 2523/1850/1843 2512/1839/1834 2511/1838/1833
f 2511/1838/1833 2522/1849/1842 2523/1850/1843
f 2512/1839/1834 2523/1850/1843 2524/1851/1844
f 2524/1851/1844 2513/1840/1835 2512/1839/1834
f 2525/1852/1845 2514/1841/1836 2513/1840/1835
f 2513/1840/1835 2524/1851/1844 2525/1852/1845
f 2514/1841/1836 2525/1852/1845 2526/1853/1846
f 2526/1853/1846 2515/1843/1837 2514/1841/1836
f 2518/1844/1838 2515/1843/1837 2526/1853/1846
f 2526/1853/1846 2527/1854/1847 2518/1844/1838
f 2518/1844/1838 2527/1854/1847 2528/1855/1848
f 2528/1855/1848 2519/1846/1839 2518/1844/1838
f 2529/1856/1849 2521/1848/1841 2507/1834/1829
f 2507/1834/1829 2506/1833/1828 2529/1856/1849
f 2510/1837/1832 2521/1848/1841 2530/1857/1850
f 2530/1857/1850 2522/1849/1842 2510/1837/1832
f 2523/1850/1843 2522/1849/1842 2530/1857/1850
f 2530/1857/1850 2531/1858/1851 2523/1850/1843
f 2526/1853/1846 2525/1852/1845 2532/1859/1852
f 2532/1859/1852 2533/1860/1853 2526/1853/1846
f 2533/1860/1853 2534/1861/1854 2527/1854/1847
f 2527/1854/1847 2526/1853/1846 2533/1860/1853
f 2528/1855/1848 2527/1854/1847 2534/1861/1854
f 2534/1861/1854 2535/1862/1855 2528/1855/1848
f 2537/1863/1856 2536/1864/1857 2534/1861/1854
f 2534/1861/1854 2533/1860/1853 2537/1863/1856
f 2534/1861/1854 2536/1864/1857 2538/1865/1858
f 2538/1865/1858 2535/1862/1855 2534/1861/1854
f 2537/1863/1856 2539/1866/1859 2540/1867/1860
f 2540/1867/1860 2536/1864/1857 2537/1863/1856
f 2540/1867/1860 2541/1868/1861 2538/1865/1858
f 2538/1865/1858 2536/1864/1857 2540/1867/1860
f 2541/1868/1861 2540/1867/1860 2542/1869/1862
f 2542/1869/1862 2543/1870/1863 2541/1868/1861
f 2540/1867/1860 2539/1866/1859 2544/1871/1864
f 2544/1871/1864 2542/1869/1862 2540/1867/1860
f 2546/1872/1865 2544/1871/1864 2539/1866/1859
f 2539/1866/1859 2545/1873/1866 2546/1872/1865
f 2547/1874/1867 2548/1875/1864 2546/1872/1865
f 2550/1876/1862 2548/1875/1864 2547/1874/1867
f 2547/1874/1867 2549/1877/1868 2550/1876/1862
f 2551/1878/1869 2550/1876/1862 2549/1877/1868
f 2551/1878/1869 2552/1879/1863 2550/1876/1862
f 2521/1848/1841 2529/1856/1849 2553/1880/1870
f 2553/1880/1870 2530/1857/1850 2521/1848/1841
f 2554/1881/1871 2529/1856/1849 2506/1833/1828
f 2506/1833/1828 2505/1832/1827 2554/1881/1871
f 2556/1882/1872 2555/1883/1873 2547/1874/1867
f 2547/1874/1867 2546/1872/1865 2556/1882/1872
f 2554/1881/1871 2557/1884/1874 2553/1880/1870
f 2553/1880/1870 2529/1856/1849 2554/1881/1871
f 2554/1881/1871 2505/1832/1827 2499/1827/1822
f 2499/1827/1822 2558/1885/1875 2554/1881/1871
f 2557/1884/1874 2556/1882/1872 2559/1886/1876
f 2559/1886/1876 2553/1880/1870 2557/1884/1874
f 2530/1857/1850 2553/1880/1870 2559/1886/1876
f 2559/1886/1876 2531/1858/1851 2530/1857/1850
f 2539/1866/1859 2537/1863/1856 2560/1887/1877
f 2560/1887/1877 2545/1873/1866 2539/1866/1859
f 2533/1860/1853 2532/1859/1852 2560/1887/1877
f 2560/1887/1877 2537/1863/1856 2533/1860/1853
f 2545/1873/1866 2560/1887/1877 2561/1888/1878
f 2523/1850/1843 2531/1858/1851 2562/1889/1879
f 2562/1889/1879 2524/1851/1844 2523/1850/1843
f 2562/1889/1879 2531/1858/1851 2559/1886/1876
f 2559/1886/1876 2561/1888/1878 2562/1889/1879
f 2525/1852/1845 2524/1851/1844 2562/1889/1879
f 2562/1889/1879 2532/1859/1852 2525/1852/1845
f 2560/1887/1877 2532/1859/1852 2562/1889/1879
f 2562/1889/1879 2561/1888/1878 2560/1887/1877
f 2546/1872/1865 2545/1873/1866 2561/1888/1878
f 2546/1872/1865 2561/1888/1878 2559/1886/1876
f 2559/1886/1876 2556/1882/1872 2546/1872/1865
f 2563/1890/1880 2558/1885/1875 2499/1827/1822
f 2499/1827/1822 2498/1826/1821 2563/1890/1880
f 2555/1883/1873 2556/1882/1872 2557/1884/1874
f 2557/1884/1874 2564/1891/1881 2555/1883/1873
f 2557/1884/1874 2554/1881/1871 2558/1885/1875
f 2558/1885/1875 2564/1891/1881 2557/1884/1874
f 2547/1874/1867 2555/1883/1873 2565/1892/1882
f 2565/1892/1882 2549/1877/1868 2547/1874/1867
f 2566/1893/1883 2551/1878/1869 2549/1877/1868
f 2549/1877/1868 2565/1892/1882 2566/1893/1883
f 2567/1894/1884 2564/1891/1881 2558/1885/1875
f 2558/1885/1875 2563/1890/1880 2567/1894/1884
f 2567/1894/1884 2565/1892/1882 2555/1883/1873
f 2555/1883/1873 2564/1891/1881 2567/1894/1884
f 2563/1890/1880 2498/1826/1821 2502/1828/1823
f 2502/1828/1823 2568/1895/1885 2563/1890/1880
f 2502/1828/1823 2503/1831/1826 2569/1896/1886
f 2569/1896/1886 2568/1895/1885 2502/1828/1823
f 2570/1897/1887 2568/1895/1885 2569/1896/1886
f 2566/1893/1883 2565/1892/1882 2567/1894/1884
f 2567/1894/1884 2570/1897/1887 2566/1893/1883
f 2568/1895/1885 2570/1897/1887 2567/1894/1884
f 2567/1894/1884 2563/1890/1880 2568/1895/1885
f 2572/1898/1888 2571/1899/1889 2458/1786/1784
f 2458/1786/1784 2459/1785/1783 2572/1898/1888
f 2571/1899/1889 2573/1900/1890 2462/1789/1787
f 2462/1789/1787 2458/1786/1784 2571/1899/1889
f 2573/1900/1890 2574/1901/1891 2467/1794/1792
f 2467/1794/1792 2462/1789/1787 2573/1900/1890
f 2575/1902/1892 2468/1795/1793 2467/1794/1792
f 2467/1794/1792 2574/1901/1891 2575/1902/1892
f 2575/1902/1892 2576/1903/1893 2478/1805/1803
f 2478/1805/1803 2468/1795/1793 2575/1902/1892
f 2578/1904/1894 2577/1905/1895 2485/1812/1808
f 2485/1812/1808 2484/1811/1807 2578/1904/1894
f 2489/1816/1812 2485/1812/1808 2577/1905/1895
f 2577/1905/1895 2579/1906/1896 2489/1816/1812
f 2579/1906/1896 2580/1907/1897 2493/1820/1816
f 2493/1820/1816 2489/1816/1812 2579/1906/1896
f 2580/1907/1897 2581/1908/1898 2497/1824/1820
f 2497/1824/1820 2493/1820/1816 2580/1907/1897
f 2583/1909/1899 2582/1910/1900 2503/1831/1826
f 2503/1831/1826 2504/1830/1825 2583/1909/1899
f 2520/1847/1840 2519/1846/1839 2584/1911/1901
f 2584/1911/1901 2585/1912/1888 2520/1847/1840
f 2584/1911/1901 2519/1846/1839 2528/1855/1848
f 2528/1855/1848 2586/1913/1902 2584/1911/1901
f 2587/1914/1903 2586/1913/1902 2528/1855/1848
f 2528/1855/1848 2535/1862/1855 2587/1914/1903
f 2587/1914/1903 2535/1862/1855 2538/1865/1858
f 2538/1865/1858 2588/1915/1904 2587/1914/1903
f 2589/1916/1905 2588/1915/1904 2538/1865/1858
f 2538/1865/1858 2541/1868/1861 2589/1916/1905
f 2590/1917/1906 2589/1916/1905 2541/1868/1861
f 2541/1868/1861 2543/1870/1863 2590/1917/1906
f 2552/1879/1863 2551/1878/1869 2591/1918/1907
f 2591/1918/1907 2592/1919/1908 2552/1879/1863
f 2551/1878/1869 2566/1893/1883 2593/1920/1909
f 2593/1920/1909 2591/1918/1907 2551/1878/1869
f 2582/1910/1900 2594/1921/1910 2569/1896/1886
f 2569/1896/1886 2503/1831/1826 2582/1910/1900
f 2595/1922/1911 2570/1897/1887 2569/1896/1886
f 2569/1896/1886 2594/1921/1910 2595/1922/1911
f 2595/1922/1911 2593/1920/1909 2566/1893/1883
f 2566/1893/1883 2570/1897/1887 2595/1922/1911
f 2599/1923/1912 2596/1924/1913 2597/1925/1914
f 2597/1925/1914 2598/1926/1914 2599/1923/1912
f 2597/1925/1914 2600/1927/1915 2601/1928/1915
f 2601/1928/1915 2598/1926/1914 2597/1925/1914
f 2603/1929/1916 2601/1928/1915 2600/1927/1915
f 2600/1927/1915 2602/1930/1916 2603/1929/1916
f 2605/1931/1917 2604/1932/1917 2603/1929/1916
f 2603/1929/1916 2602/1930/1916 2605/1931/1917
f 2604/1932/1917 2605/1931/1917 2606/1933/1918
f 2606/1933/1918 2607/1934/1918 2604/1932/1917
f 2609/1935/1919 2607/1934/1918 2606/1933/1918
f 2606/1933/1918 2608/1936/1919 2609/1935/1919
f 2608/1936/1919 2610/1937/1920 2611/1938/1921
f 2611/1938/1921 2609/1935/1919 2608/1936/1919
f 2610/1937/1920 2612/1939/1922 2613/1940/1922
f 2613/1940/1922 2611/1938/1921 2610/1937/1920
f 2612/1939/1922 2614/1941/1923 2615/1942/1923
f 2615/1942/1923 2613/1940/1922 2612/1939/1922
f 2617/1943/1924 2615/1942/1923 2614/1941/1923
f 2614/1941/1923 2616/1944/1924 2617/1943/1924
f 2619/1945/1925 2617/1943/1924 2616/1944/1924
f 2616/1944/1924 2618/1946/1926 2619/1945/1925
f 2619/1945/1925 2618/1946/1926 2620/1947/1927
f 2620/1947/1927 2621/1948/1927 2619/1945/1925
f 2621/1948/1927 2620/1947/1927 2622/1949/1928
f 2622/1949/1928 2623/1950/1928 2621/1948/1927
f 2623/1950/1928 2622/1949/1928 2624/1951/1929
f 2624/1951/1929 2625/1952/1929 2623/1950/1928
f 2627/1953/1930 2626/1954/1930 2625/1952/1929
f 2625/1952/1929 2624/1951/1929 2627/1953/1930
f 2627/1953/1930 2628/1955/1931 2629/1956/1931
f 2629/1956/1931 2626/1954/1930 2627/1953/1930
f 2628/1955/1931 2630/1957/1932 2631/1958/1933
f 2631/1958/1933 2629/1956/1931 2628/1955/1931
f 2633/1959/1934 2631/1958/1933 2630/1957/1932
f 2630/1957/1932 2632/1960/1934 2633/1959/1934
f 2632/1960/1934 2634/1961/1935 2635/1962/1935
f 2635/1962/1935 2633/1959/1934 2632/1960/1934
f 2634/1961/1935 2636/1963/1936 2637/1964/1937
f 2637/1964/1937 2635/1962/1935 2634/1961/1935
f 2636/1963/1936 2638/1965/1938 2639/1966/1938
f 2639/1966/1938 2637/1964/1937 2636/1963/1936
f 2638/1965/1938 2640/1967/1939 2641/1968/1939
f 2641/1968/1939 2639/1966/1938 2638/1965/1938
f 2643/1969/1940 2641/1968/1939 2640/1967/1939
f 2640/1967/1939 2642/1970/1940 2643/1969/1940
f 2642/1970/1940 2644/1971/1941 2645/1972/1941
f 2645/1972/1941 2643/1969/1940 2642/1970/1940
f 2649/1973/1941 2646/1974/1942 2647/1975/1942
f 2647/1975/1942 2648/1976/1941 2649/1973/1941
f 2651/1977/1943 2647/1975/1942 2646/1974/1942
f 2646/1974/1942 2650/1978/1943 2651/1977/1943
f 2651/1977/1943 2650/1978/1943 2652/1979/1944
f 2652/1979/1944 2653/1980/1944 2651/1977/1943
f 2655/1981/1945 2654/1982/1945 2653/1980/1944
f 2653/1980/1944 2652/1979/1944 2655/1981/1945
f 2657/1983/1946 2656/1984/1946 2654/1982/1945
f 2654/1982/1945 2655/1981/1945 2657/1983/1946
f 2656/1984/1946 2657/1983/1946 2658/1985/1947
f 2658/1985/1947 2659/1986/1947 2656/1984/1946
f 2661/1987/1948 2660/1988/1948 2659/1986/1947
f 2659/1986/1947 2658/1985/1947 2661/1987/1948
f 2661/1987/1948 2596/1924/1913 2599/1923/1912
f 2599/1923/1912 2660/1988/1948 2661/1987/1948
f 2665/1989/1949 2662/1990/1950 2663/1991/1951
f 2663/1991/1951 2664/1992/1952 2665/1989/1949
f 2663/1991/1951 2666/1993/1953 2667/1994/1954
f 2667/1994/1954 2664/1992/1952 2663/1991/1951
f 2669/1995/1955 2667/1994/1954 2666/1993/1953
f 2666/1993/1953 2668/1996/1956 2669/1995/1955
f 2671/1997/1957 2670/1998/1958 2669/1995/1955
f 2669/1995/1955 2668/1996/1956 2671/1997/1957
f 2670/1998/1958 2671/1997/1957 2672/1999/1959
f 2672/1999/1959 2673/2000/1960 2670/1998/1958
f 2675/2001/1961 2673/2000/1960 2672/1999/1959
f 2672/1999/1959 2674/2002/1962 2675/2001/1961
f 2675/2001/1961 2674/2002/1962 2676/2003/1963
f 2676/2003/1963 2677/2004/1964 2675/2001/1961
f 2664/1992/1952 2678/2005/1965 2679/2006/1966
f 2679/2006/1966 2665/1989/1949 2664/1992/1952
f 2678/2005/1965 2664/1992/1952 2667/1994/1954
f 2667/1994/1954 2680/2007/1967 2678/2005/1965
f 2669/1995/1955 2681/2008/1968 2680/2007/1967
f 2680/2007/1967 2667/1994/1954 2669/1995/1955
f 2669/1995/1955 2670/1998/1958 2682/2009/1969
f 2682/2009/1969 2681/2008/1968 2669/1995/1955
f 2670/1998/1958 2673/2000/1960 2683/2010/1970
f 2683/2010/1970 2682/2009/1969 2670/1998/1958
f 2684/2011/1971 2683/2010/1970 2673/2000/1960
f 2673/2000/1960 2675/2001/1961 2684/2011/1971
f 2685/2012/1972 2684/2011/1971 2675/2001/1961
f 2675/2001/1961 2677/2004/1964 2685/2012/1972
f 2687/2013/1973 2679/2006/1966 2678/2005/1965
f 2678/2005/1965 2686/2014/1974 2687/2013/1973
f 2680/2007/1967 2688/2015/1975 2686/2014/1974
f 2686/2014/1974 2678/2005/1965 2680/2007/1967
f 2689/2016/1976 2688/2015/1975 2680/2007/1967
f 2680/2007/1967 2681/2008/1968 2689/2016/1976
f 2681/2008/1968 2682/2009/1969 2690/2017/1977
f 2690/2017/1977 2689/2016/1976 2681/2008/1968
f 2690/2017/1977 2682/2009/1969 2683/2010/1970
f 2683/2010/1970 2691/2018/1978 2690/2017/1977
f 2692/2019/1979 2691/2018/1978 2683/2010/1970
f 2683/2010/1970 2684/2011/1971 2692/2019/1979
f 2685/2012/1972 2693/2020/1980 2692/2019/1979
f 2692/2019/1979 2684/2011/1971 2685/2012/1972
f 2697/2021/1981 2694/2022/1982 2695/2023/1983
f 2695/2023/1983 2696/2024/1984 2697/2021/1981
f 2695/2023/1983 2698/2025/1985 2699/2026/1986
f 2699/2026/1986 2696/2024/1984 2695/2023/1983
f 2701/2027/1987 2700/2028/1988 2699/2026/1986
f 2699/2026/1986 2698/2025/1985 2701/2027/1987
f 2703/2029/1989 2700/2028/1988 2701/2027/1987
f 2701/2027/1987 2702/2030/1990 2703/2029/1989
f 2705/2031/1991 2703/2029/1989 2702/2030/1990
f 2702/2030/1990 2704/2032/1992 2705/2031/1991
f 2704/2032/1992 2706/2033/1993 2707/2034/1994
f 2707/2034/1994 2705/2031/1991 2704/2032/1992
f 2706/2033/1993 2708/2035/1995 2709/2036/1996
f 2709/2036/1996 2707/2034/1994 2706/2033/1993
f 2696/2024/1984 2710/2037/1997 2711/2038/1998
f 2711/2038/1998 2697/2021/1981 2696/2024/1984
f 2710/2037/1997 2696/2024/1984 2699/2026/1986
f 2699/2026/1986 2712/2039/1999 2710/2037/1997
f 2713/2040/2000 2712/2039/1999 2699/2026/1986
f 2699/2026/1986 2700/2028/1988 2713/2040/2000
f 2713/2040/2000 2700/2028/1988 2703/2029/1989
f 2703/2029/1989 2714/2041/2001 2713/2040/2000
f 2714/2041/2001 2703/2029/1989 2705/2031/1991
f 2705/2031/1991 2715/2042/2002 2714/2041/2001
f 2716/2043/2003 2715/2042/2002 2705/2031/1991
f 2705/2031/1991 2707/2034/1994 2716/2043/2003
f 2716/2043/2003 2707/2034/1994 2709/2036/1996
f 2709/2036/1996 2717/2044/2004 2716/2043/2003
f 2711/2038/1998 2710/2037/1997 2718/2045/2005
f 2718/2045/2005 2719/2046/2006 2711/2038/1998
f 2720/2047/2007 2718/2045/2005 2710/2037/1997
f 2710/2037/1997 2712/2039/1999 2720/2047/2007
f 2721/2048/2008 2720/2047/2007 2712/2039/1999
f 2712/2039/1999 2713/2040/2000 2721/2048/2008
f 2722/2049/2009 2721/2048/2008 2713/2040/2000
f 2713/2040/2000 2714/2041/2001 2722/2049/2009
f 2715/2042/2002 2723/2050/2010 2722/2049/2009
f 2722/2049/2009 2714/2041/2001 2715/2042/2002
f 2724/2051/2011 2723/2050/2010 2715/2042/2002
f 2715/2042/2002 2716/2043/2003 2724/2051/2011
f 2717/2044/2004 2725/2052/2012 2724/2051/2011
f 2724/2051/2011 2716/2043/2003 2717/2044/2004
f 2729/2053/2013 2726/2054/2014 2727/2055/2015
f 2727/2055/2015 2728/2056/2016 2729/2053/2013
f 2731/2057/2017 2728/2056/2016 2727/2055/2015
f 2727/2055/2015 2730/2058/2018 2731/2057/2017
f 2733/2059/2019 2732/2060/2020 2731/2057/2017
f 2731/2057/2017 2730/2058/2018 2733/2059/2019
f 2735/2061/2021 2732/2060/2020 2733/2059/2019
f 2733/2059/2019 2734/2062/2022 2735/2061/2021
f 2734/2062/2022 2736/2063/2023 2737/2064/2024
f 2737/2064/2024 2735/2061/2021 2734/2062/2022
f 2737/2064/2024 2736/2063/2023 2738/2065/2025
f 2738/2065/2025 2739/2066/2026 2737/2064/2024
f 2739/2066/2026 2738/2065/2025 2740/2067/2027
f 2740/2067/2027 2741/2068/2028 2739/2066/2026
f 2728/2056/2016 2742/2069/2029 2743/2070/2030
f 2743/2070/2030 2729/2053/2013 2728/2056/2016
f 2731/2057/2017 2744/2071/2031 2742/2069/2029
f 2742/2069/2029 2728/2056/2016 2731/2057/2017
f 2745/2072/2032 2744/2071/2031 2731/2057/2017
f 2731/2057/2017 2732/2060/2020 2745/2072/2032
f 2732/2060/2020 2735/2061/2021 2746/2073/2033
f 2746/2073/2033 2745/2072/2032 2732/2060/2020
f 2737/2064/2024 2747/2074/2034 2746/2073/2033
f 2746/2073/2033 2735/2061/2021 2737/2064/2024
f 2747/2074/2034 2737/2064/2024 2739/2066/2026
f 2739/2066/2026 2748/2075/2035 2747/2074/2034
f 2748/2075/2035 2739/2066/2026 2741/2068/2028
f 2741/2068/2028 2749/2076/2036 2748/2075/2035
f 2743/2070/2030 2742/2069/2029 2750/2077/2037
f 2750/2077/2037 2751/2078/2038 2743/2070/2030
f 2750/2077/2037 2742/2069/2029 2744/2071/2031
f 2744/2071/2031 2752/2079/2039 2750/2077/2037
f 2752/2079/2039 2744/2071/2031 2745/2072/2032
f 2745/2072/2032 2753/2080/2040 2752/2079/2039
f 2746/2073/2033 2754/2081/2041 2753/2080/2040
f 2753/2080/2040 2745/2072/2032 2746/2073/2033
f 2755/2082/2042 2754/2081/2041 2746/2073/2033
f 2746/2073/2033 2747/2074/2034 2755/2082/2042
f 2756/2083/2043 2755/2082/2042 2747/2074/2034
f 2747/2074/2034 2748/2075/2035 2756/2083/2043
f 2748/2075/2035 2749/2076/2036 2757/2084/2044
f 2757/2084/2044 2756/2083/2043 2748/2075/2035
f 2761/2085/2045 2758/2086/2046 2759/2087/2047
f 2759/2087/2047 2760/2088/2048 2761/2085/2045
f 2763/2089/2049 2762/2090/2050 2758/2086/2046
f 2758/2086/2046 2761/2085/2045 2763/2089/2049
f 2765/2091/2051 2762/2090/2050 2763/2089/2049
f 2763/2089/2049 2764/2092/2052 2765/2091/2051
f 2767/2093/2053 2766/2094/2054 2765/2091/2051
f 2765/2091/2051 2764/2092/2052 2767/2093/2053
f 2767/2093/2053 2768/2095/2055 2769/2096/2056
f 2769/2096/2056 2766/2094/2054 2767/2093/2053
f 2768/2095/2055 2770/2097/2057 2771/2098/2058
f 2771/2098/2058 2769/2096/2056 2768/2095/2055
f 2771/2098/2058 2770/2097/2057 2772/2099/2059
f 2772/2099/2059 2773/2100/2060 2771/2098/2058
f 2759/2087/2047 2758/2086/2046 2774/2101/2061
f 2774/2101/2061 2775/2102/2062 2759/2087/2047
f 2776/2103/2063 2774/2101/2061 2758/2086/2046
f 2758/2086/2046 2762/2090/2050 2776/2103/2063
f 2762/2090/2050 2765/2091/2051 2777/2104/2064
f 2777/2104/2064 2776/2103/2063 2762/2090/2050
f 2778/2105/2065 2777/2104/2064 2765/2091/2051
f 2765/2091/2051 2766/2094/2054 2778/2105/2065
f 2769/2096/2056 2779/2106/2066 2778/2105/2065
f 2778/2105/2065 2766/2094/2054 2769/2096/2056
f 2779/2106/2066 2769/2096/2056 2771/2098/2058
f 2771/2098/2058 2780/2107/2067 2779/2106/2066
f 2781/2108/2068 2780/2107/2067 2771/2098/2058
f 2771/2098/2058 2773/2100/2060 2781/2108/2068
f 2775/2102/2062 2774/2101/2061 2782/2109/2069
f 2782/2109/2069 2783/2110/2070 2775/2102/2062
f 2776/2103/2063 2784/2111/2071 2782/2109/2069
f 2782/2109/2069 2774/2101/2061 2776/2103/2063
f 2777/2104/2064 2785/2112/2072 2784/2111/2071
f 2784/2111/2071 2776/2103/2063 2777/2104/2064
f 2778/2105/2065 2786/2113/2073 2785/2112/2072
f 2785/2112/2072 2777/2104/2064 2778/2105/2065
f 2779/2106/2066 2787/2114/2074 2786/2113/2073
f 2786/2113/2073 2778/2105/2065 2779/2106/2066
f 2787/2114/2074 2779/2106/2066 2780/2107/2067
f 2780/2107/2067 2788/2115/2075 2787/2114/2074
f 2781/2108/2068 2789/2116/2076 2788/2115/2075
f 2788/2115/2075 2780/2107/2067 2781/2108/2068
f 2793/2117/2077 2790/2118/2078 2791/2119/2079
f 2791/2119/2079 2792/2120/2080 2793/2117/2077
f 2795/2121/2081 2792/2120/2080 2791/2119/2079
f 2791/2119/2079 2794/2122/2082 2795/2121/2081
f 2795/2121/2081 2794/2122/2082 2796/2123/2083
f 2796/2123/2083 2797/2124/2084 2795/2121/2081
f 2797/2124/2084 2796/2123/2083 2798/2125/2085
f 2798/2125/2085 2799/2126/2086 2797/2124/2084
f 2799/2126/2086 2798/2125/2085 2800/2127/2087
f 2800/2127/2087 2801/2128/2088 2799/2126/2086
f 2801/2128/2088 2800/2127/2087 2802/2129/2089
f 2802/2129/2089 2803/2130/2090 2801/2128/2088
f 2803/2130/2090 2802/2129/2089 2804/2131/2091
f 2804/2131/2091 2805/2132/2092 2803/2130/2090
f 2793/2117/2077 2792/2120/2080 2806/2133/2093
f 2806/2133/2093 2807/2134/2094 2793/2117/2077
f 2792/2120/2080 2795/2121/2081 2808/2135/2095
f 2808/2135/2095 2806/2133/2093 2792/2120/2080
f 2795/2121/2081 2797/2124/2084 2809/2136/2096
f 2809/2136/2096 2808/2135/2095 2795/2121/2081
f 2799/2126/2086 2810/2137/2097 2809/2136/2096
f 2809/2136/2096 2797/2124/2084 2799/2126/2086
f 2810/2137/2097 2799/2126/2086 2801/2128/2088
f 2801/2128/2088 2811/2138/2098 2810/2137/2097
f 2803/2130/2090 2812/2139/2099 2811/2138/2098
f 2811/2138/2098 2801/2128/2088 2803/2130/2090
f 2812/2139/2099 2803/2130/2090 2805/2132/2092
f 2805/2132/2092 2813/2140/2100 2812/2139/2099
f 2815/2141/2101 2814/2142/2102 2807/2134/2094
f 2807/2134/2094 2806/2133/2093 2815/2141/2101
f 2806/2133/2093 2808/2135/2095 2816/2143/2103
f 2816/2143/2103 2815/2141/2101 2806/2133/2093
f 2817/2144/2104 2816/2143/2103 2808/2135/2095
f 2808/2135/2095 2809/2136/2096 2817/2144/2104
f 2810/2137/2097 2818/2145/2105 2817/2144/2104
f 2817/2144/2104 2809/2136/2096 2810/2137/2097
f 2811/2138/2098 2819/2146/2106 2818/2145/2105
f 2818/2145/2105 2810/2137/2097 2811/2138/2098
f 2819/2146/2106 2811/2138/2098 2812/2139/2099
f 2812/2139/2099 2820/2147/2107 2819/2146/2106
f 2820/2147/2107 2812/2139/2099 2813/2140/2100
f 2813/2140/2100 2821/2148/2108 2820/2147/2107
f 2825/2149/2109 2822/2150/2110 2823/2151/2111
f 2823/2151/2111 2824/2152/2112 2825/2149/2109
f 2825/2149/2109 2663/1991/1951 2662/1990/1950
f 2662/1990/1950 2822/2150/2110 2825/2149/2109
f 2827/2153/2113 2826/2154/2114 2825/2149/2109
f 2825/2149/2109 2824/2152/2112 2827/2153/2113
f 2826/2154/2114 2666/1993/1953 2663/1991/1951
f 2663/1991/1951 2825/2149/2109 2826/2154/2114
f 2829/2155/2115 2828/2156/2116 2826/2154/2114
f 2826/2154/2114 2827/2153/2113 2829/2155/2115
f 2668/1996/1956 2666/1993/1953 2826/2154/2114
f 2826/2154/2114 2828/2156/2116 2668/1996/1956
f 2829/2155/2115 2830/2157/2117 2831/2158/2118
f 2831/2158/2118 2828/2156/2116 2829/2155/2115
f 2668/1996/1956 2828/2156/2116 2831/2158/2118
f 2831/2158/2118 2671/1997/1957 2668/1996/1956
f 2833/2159/2119 2831/2158/2118 2830/2157/2117
f 2830/2157/2117 2832/2160/2120 2833/2159/2119
f 2831/2158/2118 2833/2159/2119 2672/1999/1959
f 2672/1999/1959 2671/1997/1957 2831/2158/2118
f 2835/2161/2121 2834/2162/2122 2833/2159/2119
f 2833/2159/2119 2832/2160/2120 2835/2161/2121
f 2833/2159/2119 2834/2162/2122 2674/2002/1962
f 2674/2002/1962 2672/1999/1959 2833/2159/2119
f 2837/2163/2123 2834/2162/2122 2835/2161/2121
f 2835/2161/2121 2836/2164/2124 2837/2163/2123
f 2834/2162/2122 2837/2163/2123 2676/2003/1963
f 2676/2003/1963 2674/2002/1962 2834/2162/2122
f 2841/2165/2125 2838/2166/2126 2839/2167/2127
f 2839/2167/2127 2840/2168/2128 2841/2165/2125
f 2838/2166/2126 2841/2165/2125 2687/2013/1973
f 2687/2013/1973 2686/2014/1974 2838/2166/2126
f 2842/2169/2129 2838/2166/2126 2686/2014/1974
f 2686/2014/1974 2688/2015/1975 2842/2169/2129
f 2838/2166/2126 2842/2169/2129 2843/2170/2130
f 2843/2170/2130 2839/2167/2127 2838/2166/2126
f 2844/2171/2131 2842/2169/2129 2688/2015/1975
f 2688/2015/1975 2689/2016/1976 2844/2171/2131
f 2842/2169/2129 2844/2171/2131 2845/2172/2132
f 2845/2172/2132 2843/2170/2130 2842/2169/2129
f 2846/2173/2133 2844/2171/2131 2689/2016/1976
f 2689/2016/1976 2690/2017/1977 2846/2173/2133
f 2846/2173/2133 2847/2174/2134 2845/2172/2132
f 2845/2172/2132 2844/2171/2131 2846/2173/2133
f 2846/2173/2133 2690/2017/1977 2691/2018/1978
f 2691/2018/1978 2848/2175/2135 2846/2173/2133
f 2848/2175/2135 2849/2176/2136 2847/2174/2134
f 2847/2174/2134 2846/2173/2133 2848/2175/2135
f 2848/2175/2135 2691/2018/1978 2692/2019/1979
f 2692/2019/1979 2850/2177/2137 2848/2175/2135
f 2850/2177/2137 2851/2178/2138 2849/2176/2136
f 2849/2176/2136 2848/2175/2135 2850/2177/2137
f 2852/2179/2139 2850/2177/2137 2692/2019/1979
f 2692/2019/1979 2693/2020/1980 2852/2179/2139
f 2852/2179/2139 2853/2180/2140 2851/2178/2138
f 2851/2178/2138 2850/2177/2137 2852/2179/2139
f 2857/2181/2141 2854/2182/2142 2855/2183/2143
f 2855/2183/2143 2856/2184/2144 2857/2181/2141
f 2719/2046/2006 2718/2045/2005 2854/2182/2142
f 2854/2182/2142 2857/2181/2141 2719/2046/2006
f 2720/2047/2007 2858/2185/2145 2854/2182/2142
f 2854/2182/2142 2718/2045/2005 2720/2047/2007
f 2855/2183/2143 2854/2182/2142 2858/2185/2145
f 2858/2185/2145 2859/2186/2146 2855/2183/2143
f 2858/2185/2145 2720/2047/2007 2721/2048/2008
f 2721/2048/2008 2860/2187/2147 2858/2185/2145
f 2859/2186/2146 2858/2185/2145 2860/2187/2147
f 2860/2187/2147 2861/2188/2148 2859/2186/2146
f 2722/2049/2009 2862/2189/2149 2860/2187/2147
f 2860/2187/2147 2721/2048/2008 2722/2049/2009
f 2861/2188/2148 2860/2187/2147 2862/2189/2149
f 2862/2189/2149 2863/2190/2150 2861/2188/2148
f 2864/2191/2151 2862/2189/2149 2722/2049/2009
f 2722/2049/2009 2723/2050/2010 2864/2191/2151
f 2863/2190/2150 2862/2189/2149 2864/2191/2151
f 2864/2191/2151 2865/2192/2152 2863/2190/2150
f 2723/2050/2010 2724/2051/2011 2866/2193/2153
f 2866/2193/2153 2864/2191/2151 2723/2050/2010
f 2864/2191/2151 2866/2193/2153 2867/2194/2154
f 2867/2194/2154 2865/2192/2152 2864/2191/2151
f 2868/2195/2155 2866/2193/2153 2724/2051/2011
f 2724/2051/2011 2725/2052/2012 2868/2195/2155
f 2867/2194/2154 2866/2193/2153 2868/2195/2155
f 2868/2195/2155 2869/2196/2156 2867/2194/2154
f 2873/2197/2157 2870/2198/2158 2871/2199/2159
f 2871/2199/2159 2872/2200/2160 2873/2197/2157
f 2751/2078/2038 2750/2077/2037 2872/2200/2160
f 2872/2200/2160 2871/2199/2159 2751/2078/2038
f 2750/2077/2037 2752/2079/2039 2874/2201/2161
f 2874/2201/2161 2872/2200/2160 2750/2077/2037
f 2874/2201/2161 2875/2202/2162 2873/2197/2157
f 2873/2197/2157 2872/2200/2160 2874/2201/2161
f 2752/2079/2039 2753/2080/2040 2876/2203/2163
f 2876/2203/2163 2874/2201/2161 2752/2079/2039
f 2876/2203/2163 2877/2204/2164 2875/2202/2162
f 2875/2202/2162 2874/2201/2161 2876/2203/2163
f 2878/2205/2165 2876/2203/2163 2753/2080/2040
f 2753/2080/2040 2754/2081/2041 2878/2205/2165
f 2879/2206/2166 2877/2204/2164 2876/2203/2163
f 2876/2203/2163 2878/2205/2165 2879/2206/2166
f 2878/2205/2165 2754/2081/2041 2755/2082/2042
f 2755/2082/2042 2880/2207/2167 2878/2205/2165
f 2880/2207/2167 2881/2208/2168 2879/2206/2166
f 2879/2206/2166 2878/2205/2165 2880/2207/2167
f 2756/2083/2043 2882/2209/2169 2880/2207/2167
f 2880/2207/2167 2755/2082/2042 2756/2083/2043
f 2881/2208/2168 2880/2207/2167 2882/2209/2169
f 2882/2209/2169 2883/2210/2170 2881/2208/2168
f 2756/2083/2043 2757/2084/2044 2884/2211/2171
f 2884/2211/2171 2882/2209/2169 2756/2083/2043
f 2883/2210/2170 2882/2209/2169 2884/2211/2171
f 2884/2211/2171 2885/2212/2172 2883/2210/2170
f 2889/2213/2173 2886/2214/2174 2887/2215/2175
f 2887/2215/2175 2888/2216/2176 2889/2213/2173
f 2783/2110/2070 2782/2109/2069 2889/2213/2173
f 2889/2213/2173 2888/2216/2176 2783/2110/2070
f 2782/2109/2069 2784/2111/2071 2890/2217/2177
f 2890/2217/2177 2889/2213/2173 2782/2109/2069
f 2889/2213/2173 2890/2217/2177 2891/2218/2178
f 2891/2218/2178 2886/2214/2174 2889/2213/2173
f 2785/2112/2072 2892/2219/2179 2890/2217/2177
f 2890/2217/2177 2784/2111/2071 2785/2112/2072
f 2893/2220/2180 2891/2218/2178 2890/2217/2177
f 2890/2217/2177 2892/2219/2179 2893/2220/2180
f 2892/2219/2179 2785/2112/2072 2786/2113/2073
f 2786/2113/2073 2894/2221/2181 2892/2219/2179
f 2894/2221/2181 2895/2222/2182 2893/2220/2180
f 2893/2220/2180 2892/2219/2179 2894/2221/2181
f 2896/2223/2183 2894/2221/2181 2786/2113/2073
f 2786/2113/2073 2787/2114/2074 2896/2223/2183
f 2895/2222/2182 2894/2221/2181 2896/2223/2183
f 2896/2223/2183 2897/2224/2184 2895/2222/2182
f 2787/2114/2074 2788/2115/2075 2898/2225/2185
f 2898/2225/2185 2896/2223/2183 2787/2114/2074
f 2898/2225/2185 2899/2226/2186 2897/2224/2184
f 2897/2224/2184 2896/2223/2183 2898/2225/2185
f 2788/2115/2075 2789/2116/2076 2900/2227/2187
f 2900/2227/2187 2898/2225/2185 2788/2115/2075
f 2899/2226/2186 2898/2225/2185 2900/2227/2187
f 2900/2227/2187 2901/2228/2188 2899/2226/2186
f 2814/2142/2102 2815/2141/2101 2902/2229/2189
f 2902/2229/2189 2903/2230/2190 2814/2142/2102
f 2903/2230/2190 2902/2229/2189 2904/2231/2112
f 2904/2231/2112 2905/2232/2191 2903/2230/2190
f 2906/2233/2192 2902/2229/2189 2815/2141/2101
f 2815/2141/2101 2816/2143/2103 2906/2233/2192
f 2904/2231/2112 2902/2229/2189 2906/2233/2192
f 2906/2233/2192 2907/2234/2193 2904/2231/2112
f 2817/2144/2104 2908/2235/2194 2906/2233/2192
f 2906/2233/2192 2816/2143/2103 2817/2144/2104
f 2908/2235/2194 2909/2236/2195 2907/2234/2193
f 2907/2234/2193 2906/2233/2192 2908/2235/2194
f 2817/2144/2104 2818/2145/2105 2910/2237/2196
f 2910/2237/2196 2908/2235/2194 2817/2144/2104
f 2910/2237/2196 2911/2238/2197 2909/2236/2195
f 2909/2236/2195 2908/2235/2194 2910/2237/2196
f 2912/2239/2198 2910/2237/2196 2818/2145/2105
f 2818/2145/2105 2819/2146/2106 2912/2239/2198
f 2911/2238/2197 2910/2237/2196 2912/2239/2198
f 2912/2239/2198 2913/2240/2199 2911/2238/2197
f 2819/2146/2106 2820/2147/2107 2914/2241/2200
f 2914/2241/2200 2912/2239/2198 2819/2146/2106
f 2912/2239/2198 2914/2241/2200 2915/2242/2201
f 2915/2242/2201 2913/2240/2199 2912/2239/2198
f 2914/2241/2200 2820/2147/2107 2821/2148/2108
f 2821/2148/2108 2916/2243/2202 2914/2241/2200
f 2914/2241/2200 2916/2243/2202 2917/2244/2124
f 2917/2244/2124 2915/2242/2201 2914/2241/2200
f 2919/2245/2203 2918/2246/2204 2695/2023/1983
f 2695/2023/1983 2694/2022/1982 2919/2245/2203
f 2918/2246/2204 2919/2245/2203 2920/2247/2205
f 2920/2247/2205 2921/2248/2127 2918/2246/2204
f 2923/2249/2206 2918/2246/2204 2921/2248/2127
f 2921/2248/2127 2922/2250/2130 2923/2249/2206
f 2918/2246/2204 2923/2249/2206 2698/2025/1985
f 2698/2025/1985 2695/2023/1983 2918/2246/2204
f 2925/2251/2207 2924/2252/2208 2923/2249/2206
f 2923/2249/2206 2922/2250/2130 2925/2251/2207
f 2924/2252/2208 2701/2027/1987 2698/2025/1985
f 2698/2025/1985 2923/2249/2206 2924/2252/2208
f 2925/2251/2207 2926/2253/2209 2927/2254/2210
f 2927/2254/2210 2924/2252/2208 2925/2251/2207
f 2701/2027/1987 2924/2252/2208 2927/2254/2210
f 2927/2254/2210 2702/2030/1990 2701/2027/1987
f 2929/2255/2211 2927/2254/2210 2926/2253/2209
f 2926/2253/2209 2928/2256/2212 2929/2255/2211
f 2927/2254/2210 2929/2255/2211 2704/2032/1992
f 2704/2032/1992 2702/2030/1990 2927/2254/2210
f 2931/2257/2213 2929/2255/2211 2928/2256/2212
f 2928/2256/2212 2930/2258/2138 2931/2257/2213
f 2929/2255/2211 2931/2257/2213 2706/2033/1993
f 2706/2033/1993 2704/2032/1992 2929/2255/2211
f 2933/2259/2214 2931/2257/2213 2930/2258/2138
f 2930/2258/2138 2932/2260/2140 2933/2259/2214
f 2931/2257/2213 2933/2259/2214 2708/2035/1995
f 2708/2035/1995 2706/2033/1993 2931/2257/2213
f 2935/2261/2215 2934/2262/2216 2727/2055/2015
f 2727/2055/2015 2726/2054/2014 2935/2261/2215
f 2937/2263/2217 2934/2262/2216 2935/2261/2215
f 2935/2261/2215 2936/2264/2218 2937/2263/2217
f 2934/2262/2216 2937/2263/2217 2938/2265/2219
f 2938/2265/2219 2939/2266/2220 2934/2262/2216
f 2934/2262/2216 2939/2266/2220 2730/2058/2018
f 2730/2058/2018 2727/2055/2015 2934/2262/2216
f 2941/2267/2221 2939/2266/2220 2938/2265/2219
f 2938/2265/2219 2940/2268/2148 2941/2267/2221
f 2939/2266/2220 2941/2267/2221 2733/2059/2019
f 2733/2059/2019 2730/2058/2018 2939/2266/2220
f 2943/2269/2222 2941/2267/2221 2940/2268/2148
f 2940/2268/2148 2942/2270/2150 2943/2269/2222
f 2941/2267/2221 2943/2269/2222 2734/2062/2022
f 2734/2062/2022 2733/2059/2019 2941/2267/2221
f 2945/2271/2223 2943/2269/2222 2942/2270/2150
f 2942/2270/2150 2944/2272/2224 2945/2271/2223
f 2943/2269/2222 2945/2271/2223 2736/2063/2023
f 2736/2063/2023 2734/2062/2022 2943/2269/2222
f 2947/2273/2225 2945/2271/2223 2944/2272/2224
f 2944/2272/2224 2946/2274/2226 2947/2273/2225
f 2945/2271/2223 2947/2273/2225 2738/2065/2025
f 2738/2065/2025 2736/2063/2023 2945/2271/2223
f 2949/2275/2156 2948/2276/2227 2947/2273/2225
f 2947/2273/2225 2946/2274/2226 2949/2275/2156
f 2738/2065/2025 2947/2273/2225 2948/2276/2227
f 2948/2276/2227 2740/2067/2027 2738/2065/2025
f 2760/2088/2048 2950/2277/2228 2951/2278/2229
f 2951/2278/2229 2761/2085/2045 2760/2088/2048
f 2953/2279/2230 2952/2280/2231 2951/2278/2229
f 2951/2278/2229 2950/2277/2228 2953/2279/2230
f 2952/2280/2231 2954/2281/2232 2955/2282/2233
f 2955/2282/2233 2951/2278/2229 2952/2280/2231
f 2763/2089/2049 2761/2085/2045 2951/2278/2229
f 2951/2278/2229 2955/2282/2233 2763/2089/2049
f 2954/2281/2232 2956/2283/2164 2957/2284/2234
f 2957/2284/2234 2955/2282/2233 2954/2281/2232
f 2764/2092/2052 2763/2089/2049 2955/2282/2233
f 2955/2282/2233 2957/2284/2234 2764/2092/2052
f 2959/2285/2166 2958/2286/2235 2957/2284/2234
f 2957/2284/2234 2956/2283/2164 2959/2285/2166
f 2767/2093/2053 2764/2092/2052 2957/2284/2234
f 2957/2284/2234 2958/2286/2235 2767/2093/2053
f 2959/2285/2166 2960/2287/2236 2961/2288/2237
f 2961/2288/2237 2958/2286/2235 2959/2285/2166
f 2961/2288/2237 2768/2095/2055 2767/2093/2053
f 2767/2093/2053 2958/2286/2235 2961/2288/2237
f 2963/2289/2238 2962/2290/2239 2961/2288/2237
f 2961/2288/2237 2960/2287/2236 2963/2289/2238
f 2961/2288/2237 2962/2290/2239 2770/2097/2057
f 2770/2097/2057 2768/2095/2055 2961/2288/2237
f 2963/2289/2238 2964/2291/2172 2965/2292/2240
f 2965/2292/2240 2962/2290/2239 2963/2289/2238
f 2772/2099/2059 2770/2097/2057 2962/2290/2239
f 2962/2290/2239 2965/2292/2240 2772/2099/2059
f 2790/2118/2078 2966/2293/2241 2967/2294/2242
f 2967/2294/2242 2791/2119/2079 2790/2118/2078
f 2969/2295/2175 2968/2296/2174 2967/2294/2242
f 2967/2294/2242 2966/2293/2241 2969/2295/2175
f 2967/2294/2242 2968/2296/2174 2970/2297/2243
f 2970/2297/2243 2971/2298/2244 2967/2294/2242
f 2794/2122/2082 2791/2119/2079 2967/2294/2242
f 2967/2294/2242 2971/2298/2244 2794/2122/2082
f 2973/2299/2245 2972/2300/2246 2971/2298/2244
f 2971/2298/2244 2970/2297/2243 2973/2299/2245
f 2796/2123/2083 2794/2122/2082 2971/2298/2244
f 2971/2298/2244 2972/2300/2246 2796/2123/2083
f 2975/2301/2247 2972/2300/2246 2973/2299/2245
f 2973/2299/2245 2974/2302/2248 2975/2301/2247
f 2972/2300/2246 2975/2301/2247 2798/2125/2085
f 2798/2125/2085 2796/2123/2083 2972/2300/2246
f 2974/2302/2248 2976/2303/2249 2977/2304/2250
f 2977/2304/2250 2975/2301/2247 2974/2302/2248
f 2800/2127/2087 2798/2125/2085 2975/2301/2247
f 2975/2301/2247 2977/2304/2250 2800/2127/2087
f 2976/2303/2249 2978/2305/2251 2979/2306/2252
f 2979/2306/2252 2977/2304/2250 2976/2303/2249
f 2800/2127/2087 2977/2304/2250 2979/2306/2252
f 2979/2306/2252 2802/2129/2089 2800/2127/2087
f 2978/2305/2251 2980/2307/2188 2981/2308/2253
f 2981/2308/2253 2979/2306/2252 2978/2305/2251
f 2802/2129/2089 2979/2306/2252 2981/2308/2253
f 2981/2308/2253 2804/2131/2091 2802/2129/2089
f 2985/97/2254 2982/98/2255 2983/99/2256
f 2983/99/2256 2984/100/2257 2985/97/2254
f 2987/101/162 2986/102/163 2985/97/2254
f 2985/97/2254 2984/100/2257 2987/101/162
f 2986/102/163 2987/101/162 2988/103/164
f 2988/103/164 2989/104/165 2986/102/163
f 2991/105/166 2990/106/167 2989/104/165
f 2989/104/165 2988/103/164 2991/105/166
f 2990/106/167 2991/105/166 2992/107/2258
f 2992/107/2258 2993/108/2259 2990/106/167
f 2995/109/170 2993/108/2259 2992/107/2258
f 2992/107/2258 2994/110/171 2995/109/170
f 2999/111/172 2996/112/173 2997/113/174
f 2997/113/174 2998/114/2260 2999/111/172
f 3001/115/176 2996/112/173 2999/111/172
f 2999/111/172 3000/116/177 3001/115/176
f 3003/117/178 3001/115/176 3000/116/177
f 3000/116/177 3002/118/179 3003/117/178
f 3005/119/180 3004/120/181 3003/117/178
f 3003/117/178 3002/118/179 3005/119/180
f 3004/120/181 3005/119/180 3006/121/182
f 3006/121/182 3007/122/183 3004/120/181
f 2983/99/2256 2982/98/2255 3007/122/183
f 3007/122/183 3006/121/182 2983/99/2256
f 3009/123/2261 3008/124/2262 2984/100/2257
f 2984/100/2257 2983/99/2256 3009/123/2261
f 3010/125/186 2987/101/162 2984/100/2257
f 2984/100/2257 3008/124/2262 3010/125/186
f 2987/101/162 3010/125/186 3011/126/187
f 3011/126/187 2988/103/164 2987/101/162
f 2988/103/164 3011/126/187 3012/127/2263
f 3012/127/2263 2991/105/166 2988/103/164
f 2991/105/166 3012/127/2263 3013/128/2264
f 3013/128/2264 2992/107/2258 2991/105/166
f 3014/129/190 2994/110/171 2992/107/2258
f 2992/107/2258 3013/128/2264 3014/129/190
f 3016/130/190 3015/131/191 2999/111/172
f 2999/111/172 2998/114/2260 3016/130/190
f 3017/132/2265 3000/116/177 2999/111/172
f 2999/111/172 3015/131/191 3017/132/2265
f 3018/133/193 3002/118/179 3000/116/177
f 3000/116/177 3017/132/2265 3018/133/193
f 3002/118/179 3018/133/193 3019/134/194
f 3019/134/194 3005/119/180 3002/118/179
f 3020/135/195 3006/121/182 3005/119/180
f 3005/119/180 3019/134/194 3020/135/195
f 2983/99/2256 3006/121/182 3020/135/195
f 3020/135/195 3009/123/2261 2983/99/2256
f 3022/136/2266 3008/124/2262 3009/123/2261
f 3009/123/2261 3021/137/2267 3022/136/2266
f 3023/138/198 3010/125/186 3008/124/2262
f 3008/124/2262 3022/136/2266 3023/138/198
f 3010/125/186 3023/138/198 3024/139/2268
f 3024/139/2268 3011/126/187 3010/125/186
f 3012/127/2263 3011/126/187 3024/139/2268
f 3024/139/2268 3025/140/2269 3012/127/2263
f 3012/127/2263 3025/140/2269 3026/141/2270
f 3026/141/2270 3013/128/2264 3012/127/2263
f 3026/141/2270 3027/142/2271 3014/129/190
f 3014/129/190 3013/128/2264 3026/141/2270
f 3015/131/191 3016/130/190 3028/143/202
f 3028/143/202 3029/144/203 3015/131/191
f 3015/131/191 3029/144/203 3030/145/204
f 3030/145/204 3017/132/2265 3015/131/191
f 3018/133/193 3017/132/2265 3030/145/204
f 3030/145/204 3031/146/205 3018/133/193
f 3031/146/205 3032/147/2272 3019/134/194
f 3019/134/194 3018/133/193 3031/146/205
f 3032/147/2272 3033/148/207 3020/135/195
f 3020/135/195 3019/134/194 3032/147/2272
f 3021/137/2267 3009/123/2261 3020/135/195
f 3020/135/195 3033/148/207 3021/137/2267
f 3035/149/2273 3034/150/2274 3022/136/2266
f 3022/136/2266 3021/137/2267 3035/149/2273
f 3036/151/2275 3023/138/198 3022/136/2266
f 3022/136/2266 3034/150/2274 3036/151/2275
f 3036/151/2275 3037/152/211 3024/139/2268
f 3024/139/2268 3023/138/198 3036/151/2275
f 3038/153/2276 3025/140/2269 3024/139/2268
f 3024/139/2268 3037/152/211 3038/153/2276
f 3038/153/2276 3039/154/2277 3026/141/2270
f 3026/141/2270 3025/140/2269 3038/153/2276
f 3039/154/2277 3040/155/2278 3027/142/2271
f 3027/142/2271 3026/141/2270 3039/154/2277
f 3029/144/203 3028/143/202 3041/156/215
f 3041/156/215 3042/157/216 3029/144/203
f 3029/144/203 3042/157/216 3043/158/217
f 3043/158/217 3030/145/204 3029/144/203
f 3030/145/204 3043/158/217 3044/159/2279
f 3044/159/2279 3031/146/205 3030/145/204
f 3044/159/2279 3045/160/219 3032/147/2272
f 3032/147/2272 3031/146/205 3044/159/2279
f 3045/160/219 3046/161/220 3033/148/207
f 3033/148/207 3032/147/2272 3045/160/219
f 3046/161/220 3035/149/2273 3021/137/2267
f 3021/137/2267 3033/148/207 3046/161/220
f 3035/149/2273 3047/162/2280 3048/163/2281
f 3048/163/2281 3034/150/2274 3035/149/2273
f 3034/150/2274 3048/163/2281 3049/164/223
f 3049/164/223 3036/151/2275 3034/150/2274
f 3049/164/223 3050/165/224 3037/152/211
f 3037/152/211 3036/151/2275 3049/164/223
f 3038/153/2276 3037/152/211 3050/165/224
f 3050/165/224 3051/166/225 3038/153/2276
f 3039/154/2277 3038/153/2276 3051/166/225
f 3051/166/225 3052/167/2282 3039/154/2277
f 3040/155/2278 3039/154/2277 3052/167/2282
f 3052/167/2282 3053/168/227 3040/155/2278
f 3042/157/216 3041/156/215 3054/169/2283
f 3054/169/2283 3055/170/229 3042/157/216
f 3042/157/216 3055/170/229 3056/171/2284
f 3056/171/2284 3043/158/217 3042/157/216
f 3056/171/2284 3057/172/231 3044/159/2279
f 3044/159/2279 3043/158/217 3056/171/2284
f 3057/172/231 3058/173/232 3045/160/219
f 3045/160/219 3044/159/2279 3057/172/231
f 3045/160/219 3058/173/232 3059/174/233
f 3059/174/233 3046/161/220 3045/160/219
f 3059/174/233 3047/162/2280 3035/149/2273
f 3035/149/2273 3046/161/220 3059/174/233
f 3061/175/2285 3048/163/2281 3047/162/2280
f 3047/162/2280 3060/176/2286 3061/175/2285
f 3061/175/2285 3062/177/236 3049/164/223
f 3049/164/223 3048/163/2281 3061/175/2285
f 3062/177/236 3063/178/237 3050/165/224
f 3050/165/224 3049/164/223 3062/177/236
f 3064/179/238 3051/166/225 3050/165/224
f 3050/165/224 3063/178/237 3064/179/238
f 3064/179/238 3065/180/2287 3052/167/2282
f 3052/167/2282 3051/166/225 3064/179/238
f 3066/181/240 3053/168/227 3052/167/2282
f 3052/167/2282 3065/180/2287 3066/181/240
f 3068/182/241 3055/170/229 3054/169/2283
f 3054/169/2283 3067/183/242 3068/182/241
f 3069/184/243 3056/171/2284 3055/170/229
f 3055/170/229 3068/182/241 3069/184/243
f 3056/171/2284 3069/184/243 3070/185/244
f 3070/185/244 3057/172/231 3056/171/2284
f 3058/173/232 3057/172/231 3070/185/244
f 3070/185/244 3071/186/245 3058/173/232
f 3059/174/233 3058/173/232 3071/186/245
f 3071/186/245 3072/187/246 3059/174/233
f 3047/162/2280 3059/174/233 3072/187/246
f 3072/187/246 3060/176/2286 3047/162/2280
f 3074/188/2288 3073/189/2289 3061/175/2285
f 3061/175/2285 3060/176/2286 3074/188/2288
f 3062/177/236 3061/175/2285 3073/189/2289
f 3073/189/2289 3075/190/249 3062/177/236
f 3076/191/250 3063/178/237 3062/177/236
f 3062/177/236 3075/190/249 3076/191/250
f 3077/192/251 3064/179/238 3063/178/237
f 3063/178/237 3076/191/250 3077/192/251
f 3078/193/2290 3065/180/2287 3064/179/238
f 3064/179/238 3077/192/251 3078/193/2290
f 3079/194/253 3066/181/240 3065/180/2287
f 3065/180/2287 3078/193/2290 3079/194/253
f 3081/195/254 3068/182/241 3067/183/242
f 3067/183/242 3080/196/253 3081/195/254
f 3082/197/255 3069/184/243 3068/182/241
f 3068/182/241 3081/195/254 3082/197/255
f 3083/198/256 3070/185/244 3069/184/243
f 3069/184/243 3082/197/255 3083/198/256
f 3084/199/257 3071/186/245 3070/185/244
f 3070/185/244 3083/198/256 3084/199/257
f 3085/200/258 3072/187/246 3071/186/245
f 3071/186/245 3084/199/257 3085/200/258
f 3072/187/246 3085/200/258 3074/188/2288
f 3074/188/2288 3060/176/2286 3072/187/246
f 3073/189/2289 3074/188/2288 3086/201/2291
f 3086/201/2291 3087/202/2292 3073/189/2289
f 3075/190/249 3073/189/2289 3087/202/2292
f 3087/202/2292 3088/203/261 3075/190/249
f 3075/190/249 3088/203/261 3089/204/165
f 3089/204/165 3076/191/250 3075/190/249
f 3090/205/262 3077/192/251 3076/191/250
f 3076/191/250 3089/204/165 3090/205/262
f 3091/206/2293 3078/193/2290 3077/192/251
f 3077/192/251 3090/205/262 3091/206/2293
f 3079/194/253 3078/193/2290 3091/206/2293
f 3091/206/2293 3092/207/264 3079/194/253
f 3080/196/253 3093/208/264 3094/209/265
f 3094/209/265 3081/195/254 3080/196/253
f 3082/197/255 3081/195/254 3094/209/265
f 3094/209/265 3095/210/266 3082/197/255
f 3096/211/178 3083/198/256 3082/197/255
f 3082/197/255 3095/210/266 3096/211/178
f 3083/198/256 3096/211/178 3097/212/267
f 3097/212/267 3084/199/257 3083/198/256
f 3098/213/268 3085/200/258 3084/199/257
f 3084/199/257 3097/212/267 3098/213/268
f 3086/201/2291 3074/188/2288 3085/200/258
f 3085/200/258 3098/213/268 3086/201/2291
f 3102/214/2294 3099/215/270 3100/216/2295
f 3100/216/2295 3101/217/2296 3102/214/2294
f 3104/218/2297 3103/219/2298 3102/214/2294
f 3102/214/2294 3101/217/2296 3104/218/2297
f 3104/218/2297 3105/220/2299 3106/221/2300
f 3106/221/2300 3103/219/2298 3104/218/2297
f 3106/221/2300 3105/220/2299 3107/222/2301
f 3107/222/2301 3108/223/278 3106/221/2300
f 3108/223/278 3107/222/2301 3109/224/2302
f 3109/224/2302 3110/225/280 3108/223/278
f 3112/226/2303 3110/225/280 3109/224/2302
f 3109/224/2302 3111/227/282 3112/226/2303
f 3116/228/2304 3113/229/2305 3114/230/2306
f 3114/230/2306 3115/231/286 3116/228/2304
f 3118/232/2307 3117/233/2308 3113/229/2305
f 3113/229/2305 3116/228/2304 3118/232/2307
f 3118/232/2307 3119/234/289 3120/235/2309
f 3120/235/2309 3117/233/2308 3118/232/2307
f 3122/236/2310 3121/237/2311 3120/235/2309
f 3120/235/2309 3119/234/289 3122/236/2310
f 3121/237/2311 3122/236/2310 3123/238/2312
f 3123/238/2312 3124/239/2313 3121/237/2311
f 3099/215/270 3124/239/2313 3123/238/2312
f 3123/238/2312 3100/216/2295 3099/215/270
f 3126/240/295 3125/241/2314 3101/217/2296
f 3101/217/2296 3100/216/2295 3126/240/295
f 3104/218/2297 3101/217/2296 3125/241/2314
f 3125/241/2314 3127/242/2315 3104/218/2297
f 3104/218/2297 3127/242/2315 3128/243/2316
f 3128/243/2316 3105/220/2299 3104/218/2297
f 3129/244/2317 3107/222/2301 3105/220/2299
f 3105/220/2299 3128/243/2316 3129/244/2317
f 3129/244/2317 3130/245/2318 3109/224/2302
f 3109/224/2302 3107/222/2301 3129/244/2317
f 3130/245/2318 3131/246/301 3111/227/282
f 3111/227/282 3109/224/2302 3130/245/2318
f 3133/247/2319 3132/248/303 3116/228/2304
f 3116/228/2304 3115/231/286 3133/247/2319
f 3134/249/2320 3118/232/2307 3116/228/2304
f 3116/228/2304 3132/248/303 3134/249/2320
f 3118/232/2307 3134/249/2320 3135/250/2321
f 3135/250/2321 3119/234/289 3118/232/2307
f 3136/251/2322 3122/236/2310 3119/234/289
f 3119/234/289 3135/250/2321 3136/251/2322
f 3122/236/2310 3136/251/2322 3137/252/2323
f 3137/252/2323 3123/238/2312 3122/236/2310
f 3137/252/2323 3126/240/295 3100/216/2295
f 3100/216/2295 3123/238/2312 3137/252/2323
f 3139/253/2324 3125/241/2314 3126/240/295
f 3126/240/295 3138/254/2325 3139/253/2324
f 3127/242/2315 3125/241/2314 3139/253/2324
f 3139/253/2324 3140/255/2326 3127/242/2315
f 3140/255/2326 3141/256/2327 3128/243/2316
f 3128/243/2316 3127/242/2315 3140/255/2326
f 3129/244/2317 3128/243/2316 3141/256/2327
f 3141/256/2327 3142/257/2328 3129/244/2317
f 3130/245/2318 3129/244/2317 3142/257/2328
f 3142/257/2328 3143/258/2329 3130/245/2318
f 3130/245/2318 3143/258/2329 3144/259/2330
f 3144/259/2330 3131/246/301 3130/245/2318
f 3146/260/2331 3132/248/303 3133/247/2319
f 3133/247/2319 3145/261/2332 3146/260/2331
f 3147/262/2333 3134/249/2320 3132/248/303
f 3132/248/303 3146/260/2331 3147/262/2333
f 3134/249/2320 3147/262/2333 3148/263/2334
f 3148/263/2334 3135/250/2321 3134/249/2320
f 3135/250/2321 3148/263/2334 3149/264/2335
f 3149/264/2335 3136/251/2322 3135/250/2321
f 3150/265/320 3137/252/2323 3136/251/2322
f 3136/251/2322 3149/264/2335 3150/265/320
f 3126/240/295 3137/252/2323 3150/265/320
f 3150/265/320 3138/254/2325 3126/240/295
f 3138/254/2325 3151/266/2336 3152/267/2337
f 3152/267/2337 3139/253/2324 3138/254/2325
f 3140/255/2326 3139/253/2324 3152/267/2337
f 3152/267/2337 3153/268/2338 3140/255/2326
f 3153/268/2338 3154/269/2339 3141/256/2327
f 3141/256/2327 3140/255/2326 3153/268/2338
f 3142/257/2328 3141/256/2327 3154/269/2339
f 3154/269/2339 3155/270/2340 3142/257/2328
f 3143/258/2329 3142/257/2328 3155/270/2340
f 3155/270/2340 3156/271/2341 3143/258/2329
f 3157/272/327 3144/259/2330 3143/258/2329
f 3143/258/2329 3156/271/2341 3157/272/327
f 3159/273/2342 3146/260/2331 3145/261/2332
f 3145/261/2332 3158/274/329 3159/273/2342
f 3147/262/2333 3146/260/2331 3159/273/2342
f 3159/273/2342 3160/275/2343 3147/262/2333
f 3161/276/2344 3148/263/2334 3147/262/2333
f 3147/262/2333 3160/275/2343 3161/276/2344
f 3149/264/2335 3148/263/2334 3161/276/2344
f 3161/276/2344 3162/277/2345 3149/264/2335
f 3149/264/2335 3162/277/2345 3163/278/2346
f 3163/278/2346 3150/265/320 3149/264/2335
f 3138/254/2325 3150/265/320 3163/278/2346
f 3163/278/2346 3151/266/2336 3138/254/2325
f 3152/267/2337 3151/266/2336 3164/279/2347
f 3164/279/2347 3165/280/2348 3152/267/2337
f 3165/280/2348 3166/281/336 3153/268/2338
f 3153/268/2338 3152/267/2337 3165/280/2348
f 3166/281/336 3167/282/2349 3154/269/2339
f 3154/269/2339 3153/268/2338 3166/281/336
f 3154/269/2339 3167/282/2349 3168/283/2350
f 3168/283/2350 3155/270/2340 3154/269/2339
f 3155/270/2340 3168/283/2350 3169/284/2351
f 3169/284/2351 3156/271/2341 3155/270/2340
f 3169/284/2351 3170/285/2352 3157/272/327
f 3157/272/327 3156/271/2341 3169/284/2351
f 3159/273/2342 3158/274/329 3171/286/341
f 3171/286/341 3172/287/2353 3159/273/2342
f 3160/275/2343 3159/273/2342 3172/287/2353
f 3172/287/2353 3173/288/2354 3160/275/2343
f 3173/288/2354 3174/289/2355 3161/276/2344
f 3161/276/2344 3160/275/2343 3173/288/2354
f 3174/289/2355 3175/290/2356 3162/277/2345
f 3162/277/2345 3161/276/2344 3174/289/2355
f 3162/277/2345 3175/290/2356 3176/291/2357
f 3176/291/2357 3163/278/2346 3162/277/2345
f 3151/266/2336 3163/278/2346 3176/291/2357
f 3176/291/2357 3164/279/2347 3151/266/2336
f 3178/292/2358 3177/293/348 3165/280/2348
f 3165/280/2348 3164/279/2347 3178/292/2358
f 3179/294/2359 3166/281/336 3165/280/2348
f 3165/280/2348 3177/293/348 3179/294/2359
f 3180/295/350 3167/282/2349 3166/281/336
f 3166/281/336 3179/294/2359 3180/295/350
f 3180/295/350 3181/296/2360 3168/283/2350
f 3168/283/2350 3167/282/2349 3180/295/350
f 3182/297/2361 3169/284/2351 3168/283/2350
f 3168/283/2350 3181/296/2360 3182/297/2361
f 3170/285/2352 3169/284/2351 3182/297/2361
f 3182/297/2361 3183/298/353 3170/285/2352
f 3185/299/2362 3184/300/2363 3172/287/2353
f 3172/287/2353 3171/286/341 3185/299/2362
f 3172/287/2353 3184/300/2363 3186/301/356
f 3186/301/356 3173/288/2354 3172/287/2353
f 3186/301/356 3187/302/2364 3174/289/2355
f 3174/289/2355 3173/288/2354 3186/301/356
f 3174/289/2355 3187/302/2364 3188/303/2365
f 3188/303/2365 3175/290/2356 3174/289/2355
f 3188/303/2365 3189/304/2366 3176/291/2357
f 3176/291/2357 3175/290/2356 3188/303/2365
f 3189/304/2366 3178/292/2358 3164/279/2347
f 3164/279/2347 3176/291/2357 3189/304/2366
f 3177/293/348 3178/292/2358 3190/305/2367
f 3190/305/2367 3191/306/2368 3177/293/348
f 3179/294/2359 3177/293/348 3191/306/2368
f 3191/306/2368 3192/307/2369 3179/294/2359
f 3193/308/2370 3180/295/350 3179/294/2359
f 3179/294/2359 3192/307/2369 3193/308/2370
f 3194/309/2371 3181/296/2360 3180/295/350
f 3180/295/350 3193/308/2370 3194/309/2371
f 3195/310/2372 3182/297/2361 3181/296/2360
f 3181/296/2360 3194/309/2371 3195/310/2372
f 3196/311/2373 3183/298/353 3182/297/2361
f 3182/297/2361 3195/310/2372 3196/311/2373
f 3184/300/2363 3185/299/2362 3197/312/367
f 3197/312/367 3198/313/2374 3184/300/2363
f 3184/300/2363 3198/313/2374 3199/314/2375
f 3199/314/2375 3186/301/356 3184/300/2363
f 3186/301/356 3199/314/2375 3200/315/2376
f 3200/315/2376 3187/302/2364 3186/301/356
f 3201/316/371 3188/303/2365 3187/302/2364
f 3187/302/2364 3200/315/2376 3201/316/371
f 3189/304/2366 3188/303/2365 3201/316/371
f 3201/316/371 3202/317/2377 3189/304/2366
f 3190/305/2367 3178/292/2358 3189/304/2366
f 3189/304/2366 3202/317/2377 3190/305/2367
f 3204/318/2378 3203/319/374 3191/306/2368
f 3191/306/2368 3190/305/2367 3204/318/2378
f 3191/306/2368 3203/319/374 3205/320/2379
f 3205/320/2379 3192/307/2369 3191/306/2368
f 3193/308/2370 3192/307/2369 3205/320/2379
f 3205/320/2379 3206/321/2380 3193/308/2370
f 3207/322/2381 3194/309/2371 3193/308/2370
f 3193/308/2370 3206/321/2380 3207/322/2381
f 3208/323/2382 3195/310/2372 3194/309/2371
f 3194/309/2371 3207/322/2381 3208/323/2382
f 3195/310/2372 3208/323/2382 3209/324/2383
f 3209/324/2383 3196/311/2373 3195/310/2372
f 3197/312/367 3210/325/379 3211/326/2384
f 3211/326/2384 3198/313/2374 3197/312/367
f 3199/314/2375 3198/313/2374 3211/326/2384
f 3211/326/2384 3212/327/2385 3199/314/2375
f 3200/315/2376 3199/314/2375 3212/327/2385
f 3212/327/2385 3213/328/382 3200/315/2376
f 3214/329/2386 3201/316/371 3200/315/2376
f 3200/315/2376 3213/328/382 3214/329/2386
f 3202/317/2377 3201/316/371 3214/329/2386
f 3214/329/2386 3215/330/384 3202/317/2377
f 3190/305/2367 3202/317/2377 3215/330/384
f 3215/330/384 3204/318/2378 3190/305/2367
f 3219/331/2387 3216/332/386 3217/333/2388
f 3217/333/2388 3218/334/2389 3219/331/2387
f 3217/333/2388 3216/332/386 3220/335/389
f 3220/335/389 3221/336/2390 3217/333/2388
f 3221/336/2390 3220/335/389 3222/337/391
f 3222/337/391 3223/338/392 3221/336/2390
f 3223/338/392 3222/337/391 3224/339/2391
f 3224/339/2391 3225/340/2392 3223/338/392
f 3227/341/2393 3225/340/2392 3224/339/2391
f 3224/339/2391 3226/342/2394 3227/341/2393
f 3227/341/2393 3226/342/2394 3228/343/2395
f 3228/343/2395 3229/344/2396 3227/341/2393
f 3228/343/2395 3230/345/399 3231/346/2397
f 3231/346/2397 3229/344/2396 3228/343/2395
f 3233/347/401 3231/346/2397 3230/345/399
f 3230/345/399 3232/348/2398 3233/347/401
f 3237/349/2399 3234/350/2400 3235/351/405
f 3235/351/405 3236/352/406 3237/349/2399
f 3239/353/2401 3238/354/2402 3235/351/405
f 3235/351/405 3234/350/2400 3239/353/2401
f 3238/354/2402 3239/353/2401 3240/355/2403
f 3240/355/2403 3241/356/2404 3238/354/2402
f 3240/355/2403 3219/331/2387 3218/334/2389
f 3218/334/2389 3241/356/2404 3240/355/2403
f 3216/332/386 3219/331/2387 3242/357/2405
f 3242/357/2405 3243/358/412 3216/332/386
f 3220/335/389 3216/332/386 3243/358/412
f 3243/358/412 3244/359/2406 3220/335/389
f 3222/337/391 3220/335/389 3244/359/2406
f 3244/359/2406 3245/360/2407 3222/337/391
f 3222/337/391 3245/360/2407 3246/361/2408
f 3246/361/2408 3224/339/2391 3222/337/391
f 3246/361/2408 3247/362/2409 3226/342/2394
f 3226/342/2394 3224/339/2391 3246/361/2408
f 3247/362/2409 3248/363/2410 3228/343/2395
f 3228/343/2395 3226/342/2394 3247/362/2409
f 3249/364/2411 3230/345/399 3228/343/2395
f 3228/343/2395 3248/363/2410 3249/364/2411
f 3250/365/2412 3232/348/2398 3230/345/399
f 3230/345/399 3249/364/2411 3250/365/2412
f 3252/366/2413 3234/350/2400 3237/349/2399
f 3237/349/2399 3251/367/2414 3252/366/2413
f 3253/368/2415 3239/353/2401 3234/350/2400
f 3234/350/2400 3252/366/2413 3253/368/2415
f 3239/353/2401 3253/368/2415 3254/369/2416
f 3254/369/2416 3240/355/2403 3239/353/2401
f 3254/369/2416 3242/357/2405 3219/331/2387
f 3219/331/2387 3240/355/2403 3254/369/2416
f 3243/358/412 3242/357/2405 3255/370/2417
f 3255/370/2417 3256/371/2418 3243/358/412
f 3243/358/412 3256/371/2418 3257/372/426
f 3257/372/426 3244/359/2406 3243/358/412
f 3245/360/2407 3244/359/2406 3257/372/426
f 3257/372/426 3258/373/2419 3245/360/2407
f 3258/373/2419 3259/374/2420 3246/361/2408
f 3246/361/2408 3245/360/2407 3258/373/2419
f 3247/362/2409 3246/361/2408 3259/374/2420
f 3259/374/2420 3260/375/2421 3247/362/2409
f 3260/375/2421 3261/376/2422 3248/363/2410
f 3248/363/2410 3247/362/2409 3260/375/2421
f 3249/364/2411 3248/363/2410 3261/376/2422
f 3261/376/2422 3262/377/2423 3249/364/2411
f 3249/364/2411 3262/377/2423 3263/378/2424
f 3263/378/2424 3250/365/2412 3249/364/2411
f 3265/379/2425 3252/366/2413 3251/367/2414
f 3251/367/2414 3264/380/434 3265/379/2425
f 3266/381/2426 3253/368/2415 3252/366/2413
f 3252/366/2413 3265/379/2425 3266/381/2426
f 3253/368/2415 3266/381/2426 3267/382/2427
f 3267/382/2427 3254/369/2416 3253/368/2415
f 3242/357/2405 3254/369/2416 3267/382/2427
f 3267/382/2427 3255/370/2417 3242/357/2405
f 3255/370/2417 3268/383/2428 3269/384/438
f 3269/384/438 3256/371/2418 3255/370/2417
f 3257/372/426 3256/371/2418 3269/384/438
f 3269/384/438 3270/385/2429 3257/372/426
f 3258/373/2419 3257/372/426 3270/385/2429
f 3270/385/2429 3271/386/440 3258/373/2419
f 3259/374/2420 3258/373/2419 3271/386/440
f 3271/386/440 3272/387/2430 3259/374/2420
f 3260/375/2421 3259/374/2420 3272/387/2430
f 3272/387/2430 3273/388/442 3260/375/2421
f 3261/376/2422 3260/375/2421 3273/388/442
f 3273/388/442 3274/389/2431 3261/376/2422
f 3261/376/2422 3274/389/2431 3275/390/2432
f 3275/390/2432 3262/377/2423 3261/376/2422
f 3263/378/2424 3262/377/2423 3275/390/2432
f 3275/390/2432 3276/391/2433 3263/378/2424
f 3264/380/434 3277/392/445 3278/393/2434
f 3278/393/2434 3265/379/2425 3264/380/434
f 3265/379/2425 3278/393/2434 3279/394/2435
f 3279/394/2435 3266/381/2426 3265/379/2425
f 3267/382/2427 3266/381/2426 3279/394/2435
f 3279/394/2435 3280/395/2436 3267/382/2427
f 3268/383/2428 3255/370/2417 3267/382/2427
f 3267/382/2427 3280/395/2436 3268/383/2428
f 3282/396/2437 3269/384/438 3268/383/2428
f 3268/383/2428 3281/397/2438 3282/396/2437
f 3270/385/2429 3269/384/438 3282/396/2437
f 3282/396/2437 3283/398/452 3270/385/2429
f 3283/398/452 3284/399/453 3271/386/440
f 3271/386/440 3270/385/2429 3283/398/452
f 3285/400/2439 3272/387/2430 3271/386/440
f 3271/386/440 3284/399/453 3285/400/2439
f 3273/388/442 3272/387/2430 3285/400/2439
f 3285/400/2439 3286/401/2440 3273/388/442
f 3286/401/2440 3287/402/2441 3274/389/2431
f 3274/389/2431 3273/388/442 3286/401/2440
f 3275/390/2432 3274/389/2431 3287/402/2441
f 3287/402/2441 3288/403/2442 3275/390/2432
f 3276/391/2433 3275/390/2432 3288/403/2442
f 3288/403/2442 3289/404/2443 3276/391/2433
f 3277/392/445 3290/405/458 3291/406/459
f 3291/406/459 3278/393/2434 3277/392/445
f 3292/407/2444 3279/394/2435 3278/393/2434
f 3278/393/2434 3291/406/459 3292/407/2444
f 3292/407/2444 3293/408/2445 3280/395/2436
f 3280/395/2436 3279/394/2435 3292/407/2444
f 3268/383/2428 3280/395/2436 3293/408/2445
f 3293/408/2445 3281/397/2438 3268/383/2428
f 3295/409/2446 3294/410/2447 3282/396/2437
f 3282/396/2437 3281/397/2438 3295/409/2446
f 3282/396/2437 3294/410/2447 3296/411/2448
f 3296/411/2448 3283/398/452 3282/396/2437
f 3297/412/2449 3284/399/453 3283/398/452
f 3283/398/452 3296/411/2448 3297/412/2449
f 3298/413/466 3285/400/2439 3284/399/453
f 3284/399/453 3297/412/2449 3298/413/466
f 3299/414/2450 3286/401/2440 3285/400/2439
f 3285/400/2439 3298/413/466 3299/414/2450
f 3299/414/2450 3300/415/2451 3287/402/2441
f 3287/402/2441 3286/401/2440 3299/414/2450
f 3300/415/2451 3301/416/2452 3288/403/2442
f 3288/403/2442 3287/402/2441 3300/415/2451
f 3302/417/470 3289/404/2443 3288/403/2442
f 3288/403/2442 3301/416/2452 3302/417/470
f 3304/418/2453 3303/419/2454 3291/406/459
f 3291/406/459 3290/405/458 3304/418/2453
f 3291/406/459 3303/419/2454 3305/420/472
f 3305/420/472 3292/407/2444 3291/406/459
f 3305/420/472 3306/421/2455 3293/408/2445
f 3293/408/2445 3292/407/2444 3305/420/472
f 3306/421/2455 3295/409/2446 3281/397/2438
f 3281/397/2438 3293/408/2445 3306/421/2455
f 3294/410/2447 3295/409/2446 3307/422/474
f 3307/422/474 3308/423/475 3294/410/2447
f 3308/423/475 3309/424/2456 3296/411/2448
f 3296/411/2448 3294/410/2447 3308/423/475
f 3297/412/2449 3296/411/2448 3309/424/2456
f 3309/424/2456 3310/425/2457 3297/412/2449
f 3310/425/2457 3311/426/2458 3298/413/466
f 3298/413/466 3297/412/2449 3310/425/2457
f 3299/414/2450 3298/413/466 3311/426/2458
f 3311/426/2458 3312/427/2459 3299/414/2450
f 3300/415/2451 3299/414/2450 3312/427/2459
f 3312/427/2459 3313/428/2460 3300/415/2451
f 3314/429/2461 3301/416/2452 3300/415/2451
f 3300/415/2451 3313/428/2460 3314/429/2461
f 3315/430/482 3302/417/470 3301/416/2452
f 3301/416/2452 3314/429/2461 3315/430/482
f 3303/419/2454 3304/418/2453 3316/431/483
f 3316/431/483 3317/432/2462 3303/419/2454
f 3318/433/2463 3305/420/472 3303/419/2454
f 3303/419/2454 3317/432/2462 3318/433/2463
f 3306/421/2455 3305/420/472 3318/433/2463
f 3318/433/2463 3319/434/2464 3306/421/2455
f 3307/422/474 3295/409/2446 3306/421/2455
f 3306/421/2455 3319/434/2464 3307/422/474
f 3307/422/474 3320/435/2465 3321/436/2466
f 3321/436/2466 3308/423/475 3307/422/474
f 3321/436/2466 3322/437/2467 3309/424/2456
f 3309/424/2456 3308/423/475 3321/436/2466
f 3309/424/2456 3322/437/2467 3323/438/490
f 3323/438/490 3310/425/2457 3309/424/2456
f 3311/426/2458 3310/425/2457 3323/438/490
f 3323/438/490 3324/439/2468 3311/426/2458
f 3311/426/2458 3324/439/2468 3325/440/492
f 3325/440/492 3312/427/2459 3311/426/2458
f 3312/427/2459 3325/440/492 3326/441/493
f 3326/441/493 3313/428/2460 3312/427/2459
f 3313/428/2460 3326/441/493 3327/442/494
f 3327/442/494 3314/429/2461 3313/428/2460
f 3314/429/2461 3327/442/494 3328/443/495
f 3328/443/495 3315/430/482 3314/429/2461
f 3316/431/483 3329/444/2469 3330/445/2470
f 3330/445/2470 3317/432/2462 3316/431/483
f 3331/446/2471 3318/433/2463 3317/432/2462
f 3317/432/2462 3330/445/2470 3331/446/2471
f 3319/434/2464 3318/433/2463 3331/446/2471
f 3331/446/2471 3332/447/2472 3319/434/2464
f 3320/435/2465 3307/422/474 3319/434/2464
f 3319/434/2464 3332/447/2472 3320/435/2465
f 3336/448/2473 3333/449/2474 3334/450/502
f 3334/450/502 3335/451/2475 3336/448/2473
f 3338/452/504 3335/451/2475 3334/450/502
f 3334/450/502 3337/453/505 3338/452/504
f 3337/453/505 3339/454/2476 3340/455/2477
f 3340/455/2477 3338/452/504 3337/453/505
f 3342/456/508 3340/455/2477 3339/454/2476
f 3339/454/2476 3341/457/2478 3342/456/508
f 3341/457/2478 3343/458/2479 3344/459/2480
f 3344/459/2480 3342/456/508 3341/457/2478
f 3346/460/512 3344/459/2480 3343/458/2479
f 3343/458/2479 3345/461/513 3346/460/512
f 3345/461/513 3347/462/2481 3348/463/515
f 3348/463/515 3346/460/512 3345/461/513
f 3350/464/516 3349/465/517 3348/463/515
f 3348/463/515 3347/462/2481 3350/464/516
f 3354/466/518 3351/467/519 3352/468/2482
f 3352/468/2482 3353/469/2483 3354/466/518
f 3353/469/2483 3355/470/2484 3356/471/523
f 3356/471/523 3354/466/518 3353/469/2483
f 3356/471/523 3355/470/2484 3357/472/2485
f 3357/472/2485 3358/473/2486 3356/471/523
f 3357/472/2485 3333/449/2474 3336/448/2473
f 3336/448/2473 3358/473/2486 3357/472/2485
f 3334/450/502 3333/449/2474 3359/474/2487
f 3359/474/2487 3360/475/2488 3334/450/502
f 3360/475/2488 3361/476/2489 3337/453/505
f 3337/453/505 3334/450/502 3360/475/2488
f 3361/476/2489 3362/477/2490 3339/454/2476
f 3339/454/2476 3337/453/505 3361/476/2489
f 3363/478/2491 3341/457/2478 3339/454/2476
f 3339/454/2476 3362/477/2490 3363/478/2491
f 3364/479/531 3343/458/2479 3341/457/2478
f 3341/457/2478 3363/478/2491 3364/479/531
f 3364/479/531 3365/480/2492 3345/461/513
f 3345/461/513 3343/458/2479 3364/479/531
f 3366/481/2493 3347/462/2481 3345/461/513
f 3345/461/513 3365/480/2492 3366/481/2493
f 3366/481/2493 3367/482/534 3350/464/516
f 3350/464/516 3347/462/2481 3366/481/2493
f 3352/468/2482 3368/483/534 3369/484/2494
f 3369/484/2494 3353/469/2483 3352/468/2482
f 3370/485/2495 3355/470/2484 3353/469/2483
f 3353/469/2483 3369/484/2494 3370/485/2495
f 3371/486/2496 3357/472/2485 3355/470/2484
f 3355/470/2484 3370/485/2495 3371/486/2496
f 3333/449/2474 3357/472/2485 3371/486/2496
f 3371/486/2496 3359/474/2487 3333/449/2474
f 3360/475/2488 3359/474/2487 3372/487/2497
f 3372/487/2497 3373/488/539 3360/475/2488
f 3373/488/539 3374/489/2498 3361/476/2489
f 3361/476/2489 3360/475/2488 3373/488/539
f 3374/489/2498 3375/490/2499 3362/477/2490
f 3362/477/2490 3361/476/2489 3374/489/2498
f 3375/490/2499 3376/491/2500 3363/478/2491
f 3363/478/2491 3362/477/2490 3375/490/2499
f 3376/491/2500 3377/492/2501 3364/479/531
f 3364/479/531 3363/478/2491 3376/491/2500
f 3365/480/2492 3364/479/531 3377/492/2501
f 3377/492/2501 3378/493/544 3365/480/2492
f 3378/493/544 3379/494/545 3366/481/2493
f 3366/481/2493 3365/480/2492 3378/493/544
f 3380/495/2502 3367/482/534 3366/481/2493
f 3366/481/2493 3379/494/545 3380/495/2502
f 3368/483/534 3381/496/546 3382/497/2503
f 3382/497/2503 3369/484/2494 3368/483/534
f 3383/498/2504 3370/485/2495 3369/484/2494
f 3369/484/2494 3382/497/2503 3383/498/2504
f 3370/485/2495 3383/498/2504 3384/499/2505
f 3384/499/2505 3371/486/2496 3370/485/2495
f 3384/499/2505 3372/487/2497 3359/474/2487
f 3359/474/2487 3371/486/2496 3384/499/2505
f 3373/488/539 3372/487/2497 3385/500/550
f 3385/500/550 3386/501/551 3373/488/539
f 3373/488/539 3386/501/551 3387/502/552
f 3387/502/552 3374/489/2498 3373/488/539
f 3375/490/2499 3374/489/2498 3387/502/552
f 3387/502/552 3388/503/2506 3375/490/2499
f 3376/491/2500 3375/490/2499 3388/503/2506
f 3388/503/2506 3389/504/554 3376/491/2500
f 3377/492/2501 3376/491/2500 3389/504/554
f 3389/504/554 3390/505/2507 3377/492/2501
f 3390/505/2507 3391/506/2508 3378/493/544
f 3378/493/544 3377/492/2501 3390/505/2507
f 3378/493/544 3391/506/2508 3392/507/2509
f 3392/507/2509 3379/494/545 3378/493/544
f 3379/494/545 3392/507/2509 3393/508/558
f 3393/508/558 3380/495/2502 3379/494/545
f 3381/496/546 3394/509/558 3395/510/2510
f 3395/510/2510 3382/497/2503 3381/496/546
f 3382/497/2503 3395/510/2510 3396/511/2511
f 3396/511/2511 3383/498/2504 3382/497/2503
f 3397/512/2512 3384/499/2505 3383/498/2504
f 3383/498/2504 3396/511/2511 3397/512/2512
f 3372/487/2497 3384/499/2505 3397/512/2512
f 3397/512/2512 3385/500/550 3372/487/2497
f 3385/500/550 3398/513/562 3399/514/563
f 3399/514/563 3386/501/551 3385/500/550
f 3399/514/563 3400/515/564 3387/502/552
f 3387/502/552 3386/501/551 3399/514/563
f 3401/516/565 3388/503/2506 3387/502/552
f 3387/502/552 3400/515/564 3401/516/565
f 3401/516/565 3402/517/566 3389/504/554
f 3389/504/554 3388/503/2506 3401/516/565
f 3390/505/2507 3389/504/554 3402/517/566
f 3402/517/566 3403/518/2513 3390/505/2507
f 3404/519/2514 3391/506/2508 3390/505/2507
f 3390/505/2507 3403/518/2513 3404/519/2514
f 3391/506/2508 3404/519/2514 3405/520/2515
f 3405/520/2515 3392/507/2509 3391/506/2508
f 3392/507/2509 3405/520/2515 3406/521/570
f 3406/521/570 3393/508/558 3392/507/2509
f 3408/522/571 3407/523/2516 3395/510/2510
f 3395/510/2510 3394/509/558 3408/522/571
f 3407/523/2516 3409/524/2517 3396/511/2511
f 3396/511/2511 3395/510/2510 3407/523/2516
f 3410/525/2518 3397/512/2512 3396/511/2511
f 3396/511/2511 3409/524/2517 3410/525/2518
f 3397/512/2512 3410/525/2518 3398/513/562
f 3398/513/562 3385/500/550 3397/512/2512
f 3412/526/2519 3411/527/576 3399/514/563
f 3399/514/563 3398/513/562 3412/526/2519
f 3399/514/563 3411/527/576 3413/528/2520
f 3413/528/2520 3400/515/564 3399/514/563
f 3413/528/2520 3414/529/2521 3401/516/565
f 3401/516/565 3400/515/564 3413/528/2520
f 3415/530/2522 3402/517/566 3401/516/565
f 3401/516/565 3414/529/2521 3415/530/2522
f 3415/530/2522 3416/531/2523 3403/518/2513
f 3403/518/2513 3402/517/566 3415/530/2522
f 3403/518/2513 3416/531/2523 3417/532/581
f 3417/532/581 3404/519/2514 3403/518/2513
f 3418/533/2524 3405/520/2515 3404/519/2514
f 3404/519/2514 3417/532/581 3418/533/2524
f 3418/533/2524 3419/534/2525 3406/521/570
f 3406/521/570 3405/520/2515 3418/533/2524
f 3421/535/583 3420/536/2526 3407/523/2516
f 3407/523/2516 3408/522/571 3421/535/583
f 3407/523/2516 3420/536/2526 3422/537/2527
f 3422/537/2527 3409/524/2517 3407/523/2516
f 3410/525/2518 3409/524/2517 3422/537/2527
f 3422/537/2527 3423/538/2528 3410/525/2518
f 3410/525/2518 3423/538/2528 3412/526/2519
f 3412/526/2519 3398/513/562 3410/525/2518
f 3411/527/576 3412/526/2519 3424/539/2529
f 3424/539/2529 3425/540/588 3411/527/576
f 3411/527/576 3425/540/588 3426/541/589
f 3426/541/589 3413/528/2520 3411/527/576
f 3413/528/2520 3426/541/589 3427/542/590
f 3427/542/590 3414/529/2521 3413/528/2520
f 3415/530/2522 3414/529/2521 3427/542/590
f 3427/542/590 3428/543/591 3415/530/2522
f 3428/543/591 3429/544/2530 3416/531/2523
f 3416/531/2523 3415/530/2522 3428/543/591
f 3417/532/581 3416/531/2523 3429/544/2530
f 3429/544/2530 3430/545/2531 3417/532/581
f 3431/546/2532 3418/533/2524 3417/532/581
f 3417/532/581 3430/545/2531 3431/546/2532
f 3419/534/2525 3418/533/2524 3431/546/2532
f 3431/546/2532 3432/547/2533 3419/534/2525
f 3421/535/583 3433/548/2534 3434/549/2535
f 3434/549/2535 3420/536/2526 3421/535/583
f 3435/550/598 3422/537/2527 3420/536/2526
f 3420/536/2526 3434/549/2535 3435/550/598
f 3423/538/2528 3422/537/2527 3435/550/598
f 3435/550/598 3436/551/599 3423/538/2528
f 3436/551/599 3424/539/2529 3412/526/2519
f 3412/526/2519 3423/538/2528 3436/551/599
f 3425/540/588 3424/539/2529 3437/552/600
f 3437/552/600 3438/553/2536 3425/540/588
f 3426/541/589 3425/540/588 3438/553/2536
f 3438/553/2536 3439/554/2537 3426/541/589
f 3426/541/589 3439/554/2537 3440/555/603
f 3440/555/603 3427/542/590 3426/541/589
f 3428/543/591 3427/542/590 3440/555/603
f 3440/555/603 3441/556/604 3428/543/591
f 3442/557/605 3429/544/2530 3428/543/591
f 3428/543/591 3441/556/604 3442/557/605
f 3443/558/606 3430/545/2531 3429/544/2530
f 3429/544/2530 3442/557/605 3443/558/606
f 3444/559/607 3431/546/2532 3430/545/2531
f 3430/545/2531 3443/558/606 3444/559/607
f 3432/547/2533 3431/546/2532 3444/559/607
f 3444/559/607 3445/560/2538 3432/547/2533
f 3447/561/609 3434/549/2535 3433/548/2534
f 3433/548/2534 3446/562/2539 3447/561/609
f 3448/563/611 3435/550/598 3434/549/2535
f 3434/549/2535 3447/561/609 3448/563/611
f 3436/551/599 3435/550/598 3448/563/611
f 3448/563/611 3449/564/612 3436/551/599
f 3437/552/600 3424/539/2529 3436/551/599
f 3436/551/599 3449/564/612 3437/552/600
f 3453/565/613 3450/566/2540 3451/567/2541
f 3451/567/2541 3452/568/2542 3453/565/613
f 3453/565/613 3452/568/2542 3454/569/2543
f 3454/569/2543 3455/570/618 3453/565/613
f 3457/571/2544 3456/572/620 3455/570/618
f 3455/570/618 3454/569/2543 3457/571/2544
f 3459/573/2545 3456/572/620 3457/571/2544
f 3457/571/2544 3458/574/2546 3459/573/2545
f 3461/575/2547 3460/576/2548 3459/573/2545
f 3459/573/2545 3458/574/2546 3461/575/2547
f 3460/576/2548 3461/575/2547 3462/577/2549
f 3462/577/2549 3463/578/2550 3460/576/2548
f 3462/577/2549 3464/579/2551 3465/580/2552
f 3465/580/2552 3463/578/2550 3462/577/2549
f 3469/581/2553 3466/582/2554 3467/583/631
f 3467/583/631 3468/584/2555 3469/581/2553
f 3471/585/2556 3470/586/2557 3469/581/2553
f 3469/581/2553 3468/584/2555 3471/585/2556
f 3471/585/2556 3472/587/2558 3473/588/2559
f 3473/588/2559 3470/586/2557 3471/585/2556
f 3473/588/2559 3472/587/2558 3474/589/2560
f 3474/589/2560 3475/590/2561 3473/588/2559
f 3475/590/2561 3474/589/2560 3451/567/2541
f 3451/567/2541 3450/566/2540 3475/590/2561
f 3452/568/2542 3451/567/2541 3476/591/2562
f 3476/591/2562 3477/592/640 3452/568/2542
f 3454/569/2543 3452/568/2542 3477/592/640
f 3477/592/640 3478/593/2563 3454/569/2543
f 3457/571/2544 3454/569/2543 3478/593/2563
f 3478/593/2563 3479/594/2564 3457/571/2544
f 3480/595/643 3458/574/2546 3457/571/2544
f 3457/571/2544 3479/594/2564 3480/595/643
f 3480/595/643 3481/596/2565 3461/575/2547
f 3461/575/2547 3458/574/2546 3480/595/643
f 3481/596/2565 3482/597/2566 3462/577/2549
f 3462/577/2549 3461/575/2547 3481/596/2565
f 3483/598/646 3464/579/2551 3462/577/2549
f 3462/577/2549 3482/597/2566 3483/598/646
f 3485/599/2567 3468/584/2555 3467/583/631
f 3467/583/631 3484/600/2568 3485/599/2567
f 3468/584/2555 3485/599/2567 3486/601/2569
f 3486/601/2569 3471/585/2556 3468/584/2555
f 3471/585/2556 3486/601/2569 3487/602/2570
f 3487/602/2570 3472/587/2558 3471/585/2556
f 3472/587/2558 3487/602/2570 3488/603/2571
f 3488/603/2571 3474/589/2560 3472/587/2558
f 3488/603/2571 3476/591/2562 3451/567/2541
f 3451/567/2541 3474/589/2560 3488/603/2571
f 3490/604/2572 3489/605/2573 3477/592/640
f 3477/592/640 3476/591/2562 3490/604/2572
f 3489/605/2573 3491/606/2574 3478/593/2563
f 3478/593/2563 3477/592/640 3489/605/2573
f 3479/594/2564 3478/593/2563 3491/606/2574
f 3491/606/2574 3492/607/2575 3479/594/2564
f 3480/595/643 3479/594/2564 3492/607/2575
f 3492/607/2575 3493/608/2576 3480/595/643
f 3481/596/2565 3480/595/643 3493/608/2576
f 3493/608/2576 3494/609/2577 3481/596/2565
f 3495/610/2578 3482/597/2566 3481/596/2565
f 3481/596/2565 3494/609/2577 3495/610/2578
f 3496/611/659 3483/598/646 3482/597/2566
f 3482/597/2566 3495/610/2578 3496/611/659
f 3484/600/2568 3497/612/2579 3498/613/660
f 3498/613/660 3485/599/2567 3484/600/2568
f 3485/599/2567 3498/613/660 3499/614/2580
f 3499/614/2580 3486/601/2569 3485/599/2567
f 3500/615/2581 3487/602/2570 3486/601/2569
f 3486/601/2569 3499/614/2580 3500/615/2581
f 3487/602/2570 3500/615/2581 3501/616/2582
f 3501/616/2582 3488/603/2571 3487/602/2570
f 3490/604/2572 3476/591/2562 3488/603/2571
f 3488/603/2571 3501/616/2582 3490/604/2572
f 3503/617/2583 3502/618/2584 3489/605/2573
f 3489/605/2573 3490/604/2572 3503/617/2583
f 3491/606/2574 3489/605/2573 3502/618/2584
f 3502/618/2584 3504/619/2585 3491/606/2574
f 3491/606/2574 3504/619/2585 3505/620/2586
f 3505/620/2586 3492/607/2575 3491/606/2574
f 3505/620/2586 3506/621/668 3493/608/2576
f 3493/608/2576 3492/607/2575 3505/620/2586
f 3494/609/2577 3493/608/2576 3506/621/668
f 3506/621/668 3507/622/669 3494/609/2577
f 3495/610/2578 3494/609/2577 3507/622/669
f 3507/622/669 3508/623/2587 3495/610/2578
f 3495/610/2578 3508/623/2587 3509/624/2588
f 3509/624/2588 3496/611/659 3495/610/2578
f 3497/612/2579 3510/625/2589 3511/626/2590
f 3511/626/2590 3498/613/660 3497/612/2579
f 3499/614/2580 3498/613/660 3511/626/2590
f 3511/626/2590 3512/627/2591 3499/614/2580
f 3499/614/2580 3512/627/2591 3513/628/2592
f 3513/628/2592 3500/615/2581 3499/614/2580
f 3501/616/2582 3500/615/2581 3513/628/2592
f 3513/628/2592 3514/629/2593 3501/616/2582
f 3503/617/2583 3490/604/2572 3501/616/2582
f 3501/616/2582 3514/629/2593 3503/617/2583
f 3502/618/2584 3503/617/2583 3515/630/677
f 3515/630/677 3516/631/2594 3502/618/2584
f 3504/619/2585 3502/618/2584 3516/631/2594
f 3516/631/2594 3517/632/679 3504/619/2585
f 3505/620/2586 3504/619/2585 3517/632/679
f 3517/632/679 3518/633/680 3505/620/2586
f 3505/620/2586 3518/633/680 3519/634/2595
f 3519/634/2595 3506/621/668 3505/620/2586
f 3507/622/669 3506/621/668 3519/634/2595
f 3519/634/2595 3520/635/682 3507/622/669
f 3508/623/2587 3507/622/669 3520/635/682
f 3520/635/682 3521/636/2596 3508/623/2587
f 3508/623/2587 3521/636/2596 3522/637/2597
f 3522/637/2597 3509/624/2588 3508/623/2587
f 3510/625/2589 3523/638/2598 3524/639/2599
f 3524/639/2599 3511/626/2590 3510/625/2589
f 3524/639/2599 3525/640/2600 3512/627/2591
f 3512/627/2591 3511/626/2590 3524/639/2599
f 3525/640/2600 3526/641/2601 3513/628/2592
f 3513/628/2592 3512/627/2591 3525/640/2600
f 3526/641/2601 3527/642/2602 3514/629/2593
f 3514/629/2593 3513/628/2592 3526/641/2601
f 3503/617/2583 3514/629/2593 3527/642/2602
f 3527/642/2602 3515/630/677 3503/617/2583
f 3529/643/690 3528/644/2603 3516/631/2594
f 3516/631/2594 3515/630/677 3529/643/690
f 3516/631/2594 3528/644/2603 3530/645/2604
f 3530/645/2604 3517/632/679 3516/631/2594
f 3531/646/2605 3518/633/680 3517/632/679
f 3517/632/679 3530/645/2604 3531/646/2605
f 3532/647/2606 3519/634/2595 3518/633/680
f 3518/633/680 3531/646/2605 3532/647/2606
f 3519/634/2595 3532/647/2606 3533/648/695
f 3533/648/695 3520/635/682 3519/634/2595
f 3533/648/695 3534/649/2607 3521/636/2596
f 3521/636/2596 3520/635/682 3533/648/695
f 3535/650/2608 3522/637/2597 3521/636/2596
f 3521/636/2596 3534/649/2607 3535/650/2608
f 3524/639/2599 3523/638/2598 3536/651/698
f 3536/651/698 3537/652/699 3524/639/2599
f 3537/652/699 3538/653/2609 3525/640/2600
f 3525/640/2600 3524/639/2599 3537/652/699
f 3525/640/2600 3538/653/2609 3539/654/2610
f 3539/654/2610 3526/641/2601 3525/640/2600
f 3527/642/2602 3526/641/2601 3539/654/2610
f 3539/654/2610 3540/655/2611 3527/642/2602
f 3529/643/690 3515/630/677 3527/642/2602
f 3527/642/2602 3540/655/2611 3529/643/690
f 3528/644/2603 3529/643/690 3541/656/703
f 3541/656/703 3542/657/704 3528/644/2603
f 3543/658/705 3530/645/2604 3528/644/2603
f 3528/644/2603 3542/657/704 3543/658/705
f 3544/659/706 3531/646/2605 3530/645/2604
f 3530/645/2604 3543/658/705 3544/659/706
f 3531/646/2605 3544/659/706 3545/660/707
f 3545/660/707 3532/647/2606 3531/646/2605
f 3546/661/708 3533/648/695 3532/647/2606
f 3532/647/2606 3545/660/707 3546/661/708
f 3547/662/2612 3534/649/2607 3533/648/695
f 3533/648/695 3546/661/708 3547/662/2612
f 3548/663/710 3535/650/2608 3534/649/2607
f 3534/649/2607 3547/662/2612 3548/663/710
f 3550/664/2613 3537/652/699 3536/651/698
f 3536/651/698 3549/665/712 3550/664/2613
f 3551/666/2614 3538/653/2609 3537/652/699
f 3537/652/699 3550/664/2613 3551/666/2614
f 3552/667/2615 3539/654/2610 3538/653/2609
f 3538/653/2609 3551/666/2614 3552/667/2615
f 3553/668/2616 3540/655/2611 3539/654/2610
f 3539/654/2610 3552/667/2615 3553/668/2616
f 3529/643/690 3540/655/2611 3553/668/2616
f 3553/668/2616 3541/656/703 3529/643/690
f 3555/669/2617 3554/670/717 3542/657/704
f 3542/657/704 3541/656/703 3555/669/2617
f 3542/657/704 3554/670/717 3556/671/2618
f 3556/671/2618 3543/658/705 3542/657/704
f 3557/672/2619 3544/659/706 3543/658/705
f 3543/658/705 3556/671/2618 3557/672/2619
f 3558/673/2620 3545/660/707 3544/659/706
f 3544/659/706 3557/672/2619 3558/673/2620
f 3559/674/2621 3546/661/708 3545/660/707
f 3545/660/707 3558/673/2620 3559/674/2621
f 3560/675/722 3547/662/2612 3546/661/708
f 3546/661/708 3559/674/2621 3560/675/722
f 3561/676/723 3548/663/710 3547/662/2612
f 3547/662/2612 3560/675/722 3561/676/723
f 3563/677/2622 3550/664/2613 3549/665/712
f 3549/665/712 3562/678/2623 3563/677/2622
f 3550/664/2613 3563/677/2622 3564/679/2624
f 3564/679/2624 3551/666/2614 3550/664/2613
f 3565/680/2625 3552/667/2615 3551/666/2614
f 3551/666/2614 3564/679/2624 3565/680/2625
f 3566/681/2626 3553/668/2616 3552/667/2615
f 3552/667/2615 3565/680/2625 3566/681/2626
f 3555/669/2617 3541/656/703 3553/668/2616
f 3553/668/2616 3566/681/2626 3555/669/2617
f 3570/682/2627 3567/683/165 3568/684/165
f 3568/684/165 3569/685/2627 3570/682/2627
f 3572/686/730 3571/687/730 3570/682/2627
f 3570/682/2627 3569/685/2627 3572/686/730
f 3574/688/169 3573/689/169 3571/687/730
f 3571/687/730 3572/686/730 3574/688/169
f 3576/690/731 3575/691/731 3573/689/169
f 3573/689/169 3574/688/169 3576/690/731
f 3578/692/2628 3577/693/2628 3575/691/731
f 3575/691/731 3576/690/731 3578/692/2628
f 3578/692/2628 3579/694/173 3580/695/173
f 3580/695/173 3577/693/2628 3578/692/2628
f 3582/696/733 3581/697/733 3580/695/173
f 3580/695/173 3579/694/173 3582/696/733
f 3582/696/733 3583/698/734 3584/699/734
f 3584/699/734 3581/697/733 3582/696/733
f 3583/698/734 3585/700/178 3586/701/178
f 3586/701/178 3584/699/734 3583/698/734
f 3585/700/178 3587/702/735 3588/703/735
f 3588/703/735 3586/701/178 3585/700/178
f 3587/702/735 3589/704/736 3590/705/736
f 3590/705/736 3588/703/735 3587/702/735
f 3590/705/736 3589/704/736 3591/706/2629
f 3591/706/2629 3592/707/2629 3590/705/736
f 3591/706/2629 3593/708/738 3594/709/738
f 3594/709/738 3592/707/2629 3591/706/2629
f 3593/708/738 3595/710/739 3596/711/739
f 3596/711/739 3594/709/738 3593/708/738
f 3598/712/740 3596/711/739 3595/710/739
f 3595/710/739 3597/713/740 3598/712/740
f 3597/713/740 3599/714/2630 3600/715/2630
f 3600/715/2630 3598/712/740 3597/713/740
f 3599/714/2630 3601/716/742 3602/717/742
f 3602/717/742 3600/715/2630 3599/714/2630
f 3567/683/165 3602/717/742 3601/716/742
f 3601/716/742 3568/684/165 3567/683/165
s 0
f 3603/685/743 3604/684/743 3605/718/743
f 3606/686/743 3603/685/743 3605/718/743
f 3607/688/743 3606/686/743 3605/718/743
f 3608/690/743 3607/688/743 3605/718/743
f 3609/692/743 3608/690/743 3605/718/743
f 3610/694/743 3609/692/743 3605/718/743
f 3611/696/743 3610/694/743 3605/718/743
f 3612/698/743 3611/696/743 3605/718/743
f 3613/700/743 3612/698/743 3605/718/743
f 3614/702/743 3613/700/743 3605/718/743
f 3615/704/743 3614/702/743 3605/718/743
f 3616/706/743 3615/704/743 3605/718/743
f 3617/708/743 3616/706/743 3605/718/743
f 3618/713/743 3619/710/743 3605/718/743
f 3620/714/743 3618/713/743 3605/718/743
f 3621/716/743 3620/714/743 3605/718/743
f 3604/684/743 3621/716/743 3605/718/743
f 3625/719/744 3622/683/744 3623/682/744
f 3623/682/744 3624/720/744 3625/719/744
f 3627/687/744 3626/721/744 3624/720/744
f 3624/720/744 3623/682/744 3627/687/744
f 3627/687/744 3628/689/744 3629/722/744
f 3629/722/744 3626/721/744 3627/687/744
f 3631/723/744 3629/722/744 3628/689/744
f 3628/689/744 3630/691/744 3631/723/744
f 3633/724/744 3631/723/744 3630/691/744
f 3630/691/744 3632/693/744 3633/724/744
f 3632/693/744 3634/695/744 3635/725/744
f 3635/725/744 3633/724/744 3632/693/744
f 3637/697/744 3636/726/744 3635/725/744
f 3635/725/744 3634/695/744 3637/697/744
f 3639/699/744 3638/727/744 3636/726/744
f 3636/726/744 3637/697/744 3639/699/744
f 3639/699/744 3640/701/744 3641/728/744
f 3641/728/744 3638/727/744 3639/699/744
f 3643/729/744 3641/728/744 3640/701/744
f 3640/701/744 3642/703/744 3643/729/744
f 3645/705/744 3644/730/744 3643/729/744
f 3643/729/744 3642/703/744 3645/705/744
f 3644/730/744 3645/705/744 3646/707/744
f 3646/707/744 3647/731/744 3644/730/744
f 3646/707/744 3648/709/744 3649/732/744
f 3649/732/744 3647/731/744 3646/707/744
f 3651/733/744 3649/732/744 3648/709/744
f 3648/709/744 3650/711/744 3651/733/744
f 3651/733/744 3650/711/744 3652/712/744
f 3652/712/744 3653/734/744 3651/733/744
f 3652/712/744 3654/715/744 3655/735/744
f 3655/735/744 3653/734/744 3652/712/744
f 3655/735/744 3654/715/744 3656/717/744
f 3656/717/744 3657/736/744 3655/735/744
f 3657/736/744 3656/717/744 3622/683/744
f 3622/683/744 3625/719/744 3657/736/744
f 3661/737/745 3658/719/745 3659/720/745
f 3659/720/745 3660/738/745 3661/737/745
f 3665/739/2631 3662/738/2631 3663/720/2631
f 3663/720/2631 3664/721/2631 3665/739/2631
f 3669/721/2632 3666/722/2632 3667/740/2632
f 3667/740/2632 3668/739/2632 3669/721/2632
f 3673/723/747 3670/741/747 3671/740/747
f 3671/740/747 3672/722/747 3673/723/747
f 3677/742/748 3674/741/748 3675/723/748
f 3675/723/748 3676/724/748 3677/742/748
f 3681/743/749 3678/742/749 3679/724/749
f 3679/724/749 3680/725/749 3681/743/749
f 3685/725/750 3682/726/750 3683/744/750
f 3683/744/750 3684/743/750 3685/725/750
f 3689/726/176 3686/727/176 3687/745/176
f 3687/745/176 3688/744/176 3689/726/176
f 3693/745/751 3690/727/751 3691/728/751
f 3691/728/751 3692/746/751 3693/745/751
f 3697/729/752 3694/747/752 3695/746/752
f 3695/746/752 3696/728/752 3697/729/752
f 3701/748/754 3698/747/754 3699/729/754
f 3699/729/754 3700/730/754 3701/748/754
f 3705/731/755 3702/749/755 3703/748/755
f 3703/748/755 3704/730/755 3705/731/755
f 3709/749/756 3706/731/756 3707/732/756
f 3707/732/756 3708/750/756 3709/749/756
f 3713/733/159 3710/751/159 3711/750/159
f 3711/750/159 3712/732/159 3713/733/159
f 3717/734/757 3714/752/757 3715/751/757
f 3715/751/757 3716/733/757 3717/734/757
s 1
f 3721/753/2633 3718/752/2633 3719/734/2633
s 0
f 3719/734/2633 3720/735/2633 3721/753/2633
f 3725/736/163 3722/754/163 3723/753/163
f 3723/753/163 3724/735/163 3725/736/163
f 3729/719/761 3726/737/761 3727/754/761
f 3727/754/761 3728/736/761 3729/719/761
f 3617/708/743 3605/718/743 3619/710/743
s 1
f 3733/755/762 3730/756/762 3731/757/744
f 3731/757/744 3732/758/744 3733/755/762
f 3737/759/743 3734/760/743 3735/761/763
f 3735/761/763 3736/762/2634 3737/759/743
f 3730/756/762 3733/755/762 3736/762/2634
f 3736/762/2634 3735/761/763 3730/756/762
s 0
f 3741/763/764 3738/764/764 3739/765/764
f 3739/765/764 3740/766/764 3741/763/764
f 3745/763/765 3742/766/765 3743/767/765
f 3743/767/765 3744/768/765 3745/763/765
f 3749/769/766 3746/770/766 3747/765/766
f 3747/765/766 3748/764/766 3749/769/766
f 3753/771/764 3750/758/764 3751/757/764
f 3751/757/764 3752/772/764 3753/771/764
f 3757/773/768 3754/757/768 3755/756/768
s 1
f 3755/756/2635 3756/774/2635 3757/773/2635
f 3761/774/769 3758/756/769 3759/761/768
f 3759/761/768 3760/775/770 3761/774/769
s 0
f 3765/761/768 3762/760/768 3763/776/768
s 1
f 3763/776/2635 3764/775/2635 3765/761/2635
s 0
f 3769/777/767 3766/760/767 3767/759/767
f 3767/759/767 3768/778/767 3769/777/767
s 1
f 3773/762/2636 3770/779/2636 3771/780/2636
s 0
f 3771/780/775 3772/759/775 3773/762/775
s 1
f 3777/779/775 3774/762/775 3775/755/775
f 3775/755/775 3776/781/775 3777/779/775
s 0
f 3781/755/775 3778/758/775 3779/782/775
s 1
f 3779/782/2637 3780/781/2637 3781/755/2637
s 0
f 3785/772/743 3782/783/743 3783/784/743
f 3783/784/743 3784/771/743 3785/772/743
f 3789/773/743 3786/774/743 3787/785/743
f 3787/785/743 3788/786/743 3789/773/743
s 1
f 3793/774/764 3790/775/764 3791/787/764
f 3791/787/764 3792/785/764 3793/774/764
s 0
f 3797/787/744 3794/775/744 3795/776/744
f 3795/776/744 3796/788/744 3797/787/744
f 3801/789/744 3798/790/744 3799/777/744
f 3799/777/744 3800/778/744 3801/789/744
f 3805/780/744 3802/779/744 3803/791/744
f 3803/791/744 3804/792/744 3805/780/744
f 3809/781/779 3806/793/779 3807/791/779
s 1
f 3807/791/767 3808/779/767 3809/781/767
s 0
f 3813/782/743 3810/794/743 3811/793/743
f 3811/793/743 3812/781/743 3813/782/743
s 1
f 3817/795/782 3814/796/782 3815/797/744
f 3815/797/744 3816/798/744 3817/795/782
f 3821/799/743 3818/800/743 3819/801/784
f 3819/801/784 3820/802/784 3821/799/743
f 3814/796/782 3817/795/782 3820/802/784
f 3820/802/784 3819/801/784 3814/796/782
s 0
f 3825/803/785 3822/804/785 3823/805/785
f 3823/805/785 3824/806/785 3825/803/785
f 3829/803/786 3826/806/786 3827/807/786
f 3827/807/786 3828/808/786 3829/803/786
f 3833/809/787 3830/810/787 3831/805/787
f 3831/805/787 3832/804/787 3833/809/787
f 3837/811/785 3834/798/785 3835/797/785
f 3835/797/785 3836/812/785 3837/811/785
f 3841/813/788 3838/797/788 3839/796/788
s 1
f 3839/796/791 3840/814/791 3841/813/791
f 3845/814/2638 3842/796/2638 3843/801/2638
f 3843/801/2638 3844/815/2638 3845/814/2638
s 0
f 3849/801/788 3846/800/788 3847/816/788
s 1
f 3847/816/2639 3848/815/2639 3849/801/2639
s 0
f 3853/817/785 3850/800/785 3851/799/785
f 3851/799/785 3852/818/785 3853/817/785
s 1
f 3857/802/797 3854/819/797 3855/820/797
s 0
f 3855/820/797 3856/799/797 3857/802/797
s 1
f 3861/819/2640 3858/802/2640 3859/795/2640
f 3859/795/2640 3860/821/2640 3861/819/2640
s 0
f 3865/795/797 3862/798/797 3863/822/797
s 1
f 3863/822/797 3864/821/797 3865/795/797
s 0
f 3869/812/743 3866/823/743 3867/824/743
f 3867/824/743 3868/811/743 3869/812/743
f 3873/813/743 3870/814/743 3871/825/743
f 3871/825/743 3872/826/743 3873/813/743
f 3877/814/2641 3874/815/2641 3875/827/2641
f 3875/827/801 3876/825/801 3877/814/801
f 3881/827/744 3878/815/744 3879/816/744
f 3879/816/744 3880/828/744 3881/827/744
f 3885/829/744 3882/830/744 3883/817/744
f 3883/817/744 3884/818/744 3885/829/744
f 3889/820/744 3886/819/744 3887/831/744
f 3887/831/744 3888/832/744 3889/820/744
f 3893/821/785 3890/833/785 3891/831/785
f 3891/831/801 3892/819/801 3893/821/801
f 3897/822/743 3894/834/743 3895/833/743
f 3895/833/743 3896/821/743 3897/822/743
f 3901/1709/743 3898/1710/743 3899/1711/743
f 3899/1711/743 3900/1712/743 3901/1709/743
f 3905/1713/1731 3902/1714/1731 3903/1715/1731
f 3903/1715/1731 3904/1716/1731 3905/1713/1731
f 3909/1717/1733 3906/1715/1733 3907/1714/1733
f 3907/1714/1733 3908/1718/1733 3909/1717/1733
f 3913/1719/1734 3910/1720/1734 3911/1721/1734
f 3911/1721/1734 3912/1722/1734 3913/1719/1734
f 3917/1723/1735 3914/1724/1735 3915/1725/1735
f 3915/1725/1735 3916/1726/1735 3917/1723/1735
f 3921/1715/1737 3918/1709/1737 3919/1712/1737
f 3919/1712/1737 3920/1716/1737 3921/1715/1737
f 3925/1709/2642 3922/1715/2642 3923/1717/2642
f 3923/1717/2643 3924/1710/2643 3925/1709/2643
s 1
f 3929/1727/2644 3926/1728/2644 3927/1721/2644
f 3927/1721/2644 3928/1720/2644 3929/1727/2644
s 0
f 3933/1726/2645 3930/1729/2645 3931/1730/2645
f 3931/1730/1742 3932/1723/1742 3933/1726/1742
f 3937/1731/1743 3934/1732/1743 3935/1725/1743
f 3935/1725/2646 3936/1724/2646 3937/1731/2646
f 3938/1714/165 3939/1733/165 3940/1718/165
f 3938/1714/1745 3941/1734/1745 3939/1733/1745
s 1
f 3945/1735/1746 3942/1736/1746 3943/1737/1747
f 3943/1737/1747 3944/1738/1749 3945/1735/1746
s 0
f 3946/1739/748 3947/1737/748 3948/1736/748
f 3952/1740/1750 3949/1741/1750 3950/1742/1750
f 3950/1742/1750 3951/1743/1750 3952/1740/1750
f 3956/1744/2647 3953/1745/2647 3954/1746/2647
f 3954/1746/1752 3955/1747/1752 3956/1744/1752
f 3960/1748/1754 3957/1749/1754 3958/1750/1754
f 3958/1750/1754 3959/1751/1754 3960/1748/1754
f 3964/1741/2648 3961/1750/2648 3962/1749/2648
f 3962/1749/2648 3963/1742/2648 3964/1741/2648
f 3968/1752/2649 3965/1744/2649 3966/1747/2649
f 3966/1747/2650 3967/1753/2650 3968/1752/2650
f 3972/1751/1757 3969/1750/1757 3970/1754/1757
f 3970/1754/1757 3971/1755/1757 3972/1751/1757
f 3973/1741/2651 3974/1756/2651 3975/1750/2651
f 3976/1750/2651 3977/1756/2651 3978/1754/2651
f 3982/1755/748 3979/1754/748 3980/1756/748
f 3980/1756/748 3981/1757/748 3982/1755/748
f 3986/1744/1759 3983/1758/1759 3984/1759/1759
f 3984/1759/1759 3985/1760/1759 3986/1744/1759
f 3990/1741/1759 3987/1740/1759 3988/1761/1759
f 3988/1761/1759 3989/1739/1759 3990/1741/1759
f 3991/1757/165 3992/1762/165 3993/1763/165
f 3997/1758/1760 3994/1744/1760 3995/1752/1760
f 3995/1752/165 3996/1764/165 3997/1758/165
f 4001/1736/743 3998/1765/743 3999/1757/743
f 3999/1757/743 4000/1756/743 4001/1736/743
f 3999/1757/743 3998/1765/743 4002/1762/743
f 4006/1736/135 4003/1756/135 4004/1741/135
f 4004/1741/1761 4005/1739/1761 4006/1736/1761
s 1
f 4010/1766/1762 4007/1763/1762 4008/1762/1762
f 4008/1762/1762 4009/1765/2652 4010/1766/1762
s 0
f 4011/1767/165 4012/1758/165 4013/1764/165
f 4014/1758/1764 4015/1767/1764 4016/1768/1764
f 4020/1766/2653 4017/1769/2653 4018/1770/2653
f 4018/1770/2654 4019/1763/2654 4020/1766/2654
f 4024/1771/1767 4021/1772/1767 4022/1773/1767
f 4022/1773/1767 4023/1774/1767 4024/1771/1767
f 4028/1759/744 4025/1758/744 4026/1768/744
f 4026/1768/1769 4027/1772/1769 4028/1759/1769
f 4029/1771/1770 4030/1759/1770 4031/1772/1770
s 1
f 4035/1719/1771 4032/1768/1771 4033/1775/1771
f 4033/1775/1771 4034/1776/1771 4035/1719/1771
f 4039/1777/1772 4036/1769/2655 4037/1778/1772
f 4037/1778/1772 4038/1779/1772 4039/1777/1772
s 0
f 4043/1772/1773 4040/1722/1773 4041/1780/1773
f 4041/1780/1773 4042/1773/1773 4043/1772/1773
f 4044/1760/744 4045/1759/744 4046/1771/744
s 1
f 4047/1760/2656 4048/1771/2656 4049/1774/2656
f 4050/1767/2657 4051/1775/2657 4052/1768/2657
f 4053/1769/2658 4054/1777/2658 4055/1770/2658
s 0
f 4059/1732/1777 4056/1731/1777 4057/1733/1777
f 4057/1733/1778 4058/1734/1778 4059/1732/1778
f 4063/1768/139 4060/1719/139 4061/1722/139
f 4061/1722/139 4062/1772/139 4063/1768/139
s 1
f 4067/1923/1912 4064/1924/1912 4065/1925/2659
f 4065/1925/2659 4066/1926/2660 4067/1923/1912
f 4065/1925/2659 4068/1927/1915 4069/1928/1915
f 4069/1928/1915 4066/1926/2660 4065/1925/2659
f 4071/1929/2661 4069/1928/1915 4068/1927/1915
f 4068/1927/1915 4070/1930/2662 4071/1929/2661
f 4073/1931/2663 4072/1932/2663 4071/1929/2661
f 4071/1929/2661 4070/1930/2662 4073/1931/2663
f 4072/1932/2663 4073/1931/2663 4074/1933/1918
f 4074/1933/1918 4075/1934/1918 4072/1932/2663
f 4077/1935/2664 4075/1934/1918 4074/1933/1918
f 4074/1933/1918 4076/1936/2664 4077/1935/2664
f 4076/1936/2664 4078/1937/2665 4079/1938/2666
f 4079/1938/2666 4077/1935/2664 4076/1936/2664
f 4078/1937/2665 4080/1939/1922 4081/1940/1922
f 4081/1940/1922 4079/1938/2666 4078/1937/2665
f 4080/1939/1922 4082/1941/1923 4083/1942/1923
f 4083/1942/1923 4081/1940/1922 4080/1939/1922
f 4085/1943/2667 4083/1942/1923 4082/1941/1923
f 4082/1941/1923 4084/1944/2667 4085/1943/2667
f 4087/1945/2668 4085/1943/2667 4084/1944/2667
f 4084/1944/2667 4086/1946/2669 4087/1945/2668
f 4087/1945/2668 4086/1946/2669 4088/1947/1927
f 4088/1947/1927 4089/1948/1927 4087/1945/2668
f 4089/1948/1927 4088/1947/1927 4090/1949/2670
f 4090/1949/2670 4091/1950/2670 4089/1948/1927
f 4091/1950/2670 4090/1949/2670 4092/1951/2671
f 4092/1951/2671 4093/1952/2671 4091/1950/2670
f 4095/1953/1930 4094/1954/1930 4093/1952/2671
f 4093/1952/2671 4092/1951/2671 4095/1953/1930
f 4095/1953/1930 4096/1955/2672 4097/1956/2672
f 4097/1956/2672 4094/1954/1930 4095/1953/1930
f 4096/1955/2672 4098/1957/1932 4099/1958/1932
f 4099/1958/1932 4097/1956/2672 4096/1955/2672
f 4101/1959/1934 4099/1958/1932 4098/1957/1932
f 4098/1957/1932 4100/1960/1934 4101/1959/1934
f 4100/1960/1934 4102/1961/1935 4103/1962/1935
f 4103/1962/1935 4101/1959/1934 4100/1960/1934
f 4102/1961/1935 4104/1963/2673 4105/1964/2673
f 4105/1964/2673 4103/1962/1935 4102/1961/1935
f 4104/1963/2673 4106/1965/2674 4107/1966/2674
f 4107/1966/2674 4105/1964/2673 4104/1963/2673
f 4106/1965/2674 4108/1967/2675 4109/1968/2675
f 4109/1968/2675 4107/1966/2674 4106/1965/2674
f 4111/1969/2676 4109/1968/2675 4108/1967/2675
f 4108/1967/2675 4110/1970/2676 4111/1969/2676
f 4110/1970/2676 4112/1971/1941 4113/1972/1941
f 4113/1972/1941 4111/1969/2676 4110/1970/2676
f 4117/1973/1941 4114/1974/1942 4115/1975/1942
f 4115/1975/1942 4116/1976/1941 4117/1973/1941
f 4119/1977/2677 4115/1975/1942 4114/1974/1942
f 4114/1974/1942 4118/1978/1943 4119/1977/2677
f 4119/1977/2677 4118/1978/1943 4120/1979/2678
f 4120/1979/2678 4121/1980/2678 4119/1977/2677
f 4123/1981/2679 4122/1982/2679 4121/1980/2678
f 4121/1980/2678 4120/1979/2678 4123/1981/2679
f 4125/1983/2680 4124/1984/2680 4122/1982/2679
f 4122/1982/2679 4123/1981/2679 4125/1983/2680
f 4124/1984/2680 4125/1983/2680 4126/1985/1947
f 4126/1985/1947 4127/1986/1947 4124/1984/2680
f 4129/1987/1948 4128/1988/1948 4127/1986/1947
f 4127/1986/1947 4126/1985/1947 4129/1987/1948
f 4129/1987/1948 4064/1924/1912 4067/1923/1912
f 4067/1923/1912 4128/1988/1948 4129/1987/1948
f 4133/1989/2681 4130/1990/2682 4131/1991/2683
f 4131/1991/2683 4132/1992/2684 4133/1989/2681
f 4131/1991/2683 4134/1993/2685 4135/1994/2686
f 4135/1994/2686 4132/1992/2684 4131/1991/2683
f 4137/1995/1955 4135/1994/2686 4134/1993/2685
f 4134/1993/2685 4136/1996/2687 4137/1995/1955
f 4139/1997/2688 4138/1998/1958 4137/1995/1955
f 4137/1995/1955 4136/1996/2687 4139/1997/2688
f 4138/1998/1958 4139/1997/2688 4140/1999/2689
f 4140/1999/2689 4141/2000/2690 4138/1998/1958
f 4143/2001/2691 4141/2000/2690 4140/1999/2689
f 4140/1999/2689 4142/2002/2692 4143/2001/2691
f 4143/2001/2691 4142/2002/2692 4144/2003/2693
f 4144/2003/2693 4145/2004/2694 4143/2001/2691
f 4132/1992/2684 4146/2005/2695 4147/2006/2696
f 4147/2006/2696 4133/1989/2681 4132/1992/2684
f 4146/2005/2695 4132/1992/2684 4135/1994/2686
f 4135/1994/2686 4148/2007/2697 4146/2005/2695
f 4137/1995/1955 4149/2008/2698 4148/2007/2697
f 4148/2007/2697 4135/1994/2686 4137/1995/1955
f 4137/1995/1955 4138/1998/1958 4150/2009/1969
f 4150/2009/1969 4149/2008/2698 4137/1995/1955
f 4138/1998/1958 4141/2000/2690 4151/2010/1970
f 4151/2010/1970 4150/2009/1969 4138/1998/1958
f 4152/2011/2699 4151/2010/1970 4141/2000/2690
f 4141/2000/2690 4143/2001/2691 4152/2011/2699
f 4153/2012/2700 4152/2011/2699 4143/2001/2691
f 4143/2001/2691 4145/2004/2694 4153/2012/2700
f 4155/2013/2701 4147/2006/2696 4146/2005/2695
f 4146/2005/2695 4154/2014/2702 4155/2013/2701
f 4148/2007/2697 4156/2015/2703 4154/2014/2702
f 4154/2014/2702 4146/2005/2695 4148/2007/2697
f 4157/2016/2704 4156/2015/2703 4148/2007/2697
f 4148/2007/2697 4149/2008/2698 4157/2016/2704
f 4149/2008/2698 4150/2009/1969 4158/2017/2705
f 4158/2017/2705 4157/2016/2704 4149/2008/2698
f 4158/2017/2705 4150/2009/1969 4151/2010/1970
f 4151/2010/1970 4159/2018/2706 4158/2017/2705
f 4160/2019/2707 4159/2018/2706 4151/2010/1970
f 4151/2010/1970 4152/2011/2699 4160/2019/2707
f 4153/2012/2700 4161/2020/2708 4160/2019/2707
f 4160/2019/2707 4152/2011/2699 4153/2012/2700
f 4165/2021/2709 4162/2022/2710 4163/2023/2711
f 4163/2023/2711 4164/2024/2712 4165/2021/2709
f 4163/2023/2711 4166/2025/2713 4167/2026/2714
f 4167/2026/2714 4164/2024/2712 4163/2023/2711
f 4169/2027/2715 4168/2028/2716 4167/2026/2714
f 4167/2026/2714 4166/2025/2713 4169/2027/2715
f 4171/2029/2717 4168/2028/2716 4169/2027/2715
f 4169/2027/2715 4170/2030/2718 4171/2029/2717
f 4173/2031/1991 4171/2029/2717 4170/2030/2718
f 4170/2030/2718 4172/2032/2719 4173/2031/1991
f 4172/2032/2719 4174/2033/2720 4175/2034/2721
f 4175/2034/2721 4173/2031/1991 4172/2032/2719
f 4174/2033/2720 4176/2035/2722 4177/2036/2723
f 4177/2036/2723 4175/2034/2721 4174/2033/2720
f 4164/2024/2712 4178/2037/2724 4179/2038/2725
f 4179/2038/2725 4165/2021/2709 4164/2024/2712
f 4178/2037/2724 4164/2024/2712 4167/2026/2714
f 4167/2026/2714 4180/2039/2726 4178/2037/2724
f 4181/2040/2727 4180/2039/2726 4167/2026/2714
f 4167/2026/2714 4168/2028/2716 4181/2040/2727
f 4181/2040/2727 4168/2028/2716 4171/2029/2717
f 4171/2029/2717 4182/2041/2728 4181/2040/2727
f 4182/2041/2728 4171/2029/2717 4173/2031/1991
f 4173/2031/1991 4183/2042/2729 4182/2041/2728
f 4184/2043/2730 4183/2042/2729 4173/2031/1991
f 4173/2031/1991 4175/2034/2721 4184/2043/2730
f 4184/2043/2730 4175/2034/2721 4177/2036/2723
f 4177/2036/2723 4185/2044/2731 4184/2043/2730
f 4179/2038/2725 4178/2037/2724 4186/2045/2732
f 4186/2045/2732 4187/2046/2733 4179/2038/2725
f 4188/2047/2734 4186/2045/2732 4178/2037/2724
f 4178/2037/2724 4180/2039/2726 4188/2047/2734
f 4189/2048/2735 4188/2047/2734 4180/2039/2726
f 4180/2039/2726 4181/2040/2727 4189/2048/2735
f 4190/2049/2736 4189/2048/2735 4181/2040/2727
f 4181/2040/2727 4182/2041/2728 4190/2049/2736
f 4183/2042/2729 4191/2050/2737 4190/2049/2736
f 4190/2049/2736 4182/2041/2728 4183/2042/2729
f 4192/2051/2738 4191/2050/2737 4183/2042/2729
f 4183/2042/2729 4184/2043/2730 4192/2051/2738
f 4185/2044/2731 4193/2052/2739 4192/2051/2738
f 4192/2051/2738 4184/2043/2730 4185/2044/2731
f 4197/2053/2740 4194/2054/2741 4195/2055/2742
f 4195/2055/2742 4196/2056/2743 4197/2053/2740
f 4199/2057/2744 4196/2056/2743 4195/2055/2742
f 4195/2055/2742 4198/2058/2745 4199/2057/2744
f 4201/2059/2746 4200/2060/2747 4199/2057/2744
f 4199/2057/2744 4198/2058/2745 4201/2059/2746
f 4203/2061/2021 4200/2060/2747 4201/2059/2746
f 4201/2059/2746 4202/2062/2748 4203/2061/2021
f 4202/2062/2748 4204/2063/2749 4205/2064/2024
f 4205/2064/2024 4203/2061/2021 4202/2062/2748
f 4205/2064/2024 4204/2063/2749 4206/2065/2750
f 4206/2065/2750 4207/2066/2751 4205/2064/2024
f 4207/2066/2751 4206/2065/2750 4208/2067/2752
f 4208/2067/2752 4209/2068/2731 4207/2066/2751
f 4196/2056/2743 4210/2069/2753 4211/2070/2754
f 4211/2070/2754 4197/2053/2740 4196/2056/2743
f 4199/2057/2744 4212/2071/2755 4210/2069/2753
f 4210/2069/2753 4196/2056/2743 4199/2057/2744
f 4213/2072/2756 4212/2071/2755 4199/2057/2744
f 4199/2057/2744 4200/2060/2747 4213/2072/2756
f 4200/2060/2747 4203/2061/2021 4214/2073/2033
f 4214/2073/2033 4213/2072/2756 4200/2060/2747
f 4205/2064/2024 4215/2074/2034 4214/2073/2033
f 4214/2073/2033 4203/2061/2021 4205/2064/2024
f 4215/2074/2034 4205/2064/2024 4207/2066/2751
f 4207/2066/2751 4216/2075/2757 4215/2074/2034
f 4216/2075/2757 4207/2066/2751 4209/2068/2731
f 4209/2068/2731 4217/2076/2758 4216/2075/2757
f 4211/2070/2754 4210/2069/2753 4218/2077/2759
f 4218/2077/2759 4219/2078/2760 4211/2070/2754
f 4218/2077/2759 4210/2069/2753 4212/2071/2755
f 4212/2071/2755 4220/2079/2761 4218/2077/2759
f 4220/2079/2761 4212/2071/2755 4213/2072/2756
f 4213/2072/2756 4221/2080/2762 4220/2079/2761
f 4214/2073/2033 4222/2081/2763 4221/2080/2762
f 4221/2080/2762 4213/2072/2756 4214/2073/2033
f 4223/2082/2764 4222/2081/2763 4214/2073/2033
f 4214/2073/2033 4215/2074/2034 4223/2082/2764
f 4224/2083/2765 4223/2082/2764 4215/2074/2034
f 4215/2074/2034 4216/2075/2757 4224/2083/2765
f 4216/2075/2757 4217/2076/2758 4225/2084/2766
f 4225/2084/2766 4224/2083/2765 4216/2075/2757
f 4229/2085/2767 4226/2086/2768 4227/2087/2769
f 4227/2087/2769 4228/2088/2770 4229/2085/2767
f 4231/2089/2771 4230/2090/2772 4226/2086/2768
f 4226/2086/2768 4229/2085/2767 4231/2089/2771
f 4233/2091/2773 4230/2090/2772 4231/2089/2771
f 4231/2089/2771 4232/2092/2774 4233/2091/2773
f 4235/2093/2775 4234/2094/2776 4233/2091/2773
f 4233/2091/2773 4232/2092/2774 4235/2093/2775
f 4235/2093/2775 4236/2095/2777 4237/2096/2778
f 4237/2096/2778 4234/2094/2776 4235/2093/2775
f 4236/2095/2777 4238/2097/2779 4239/2098/2780
f 4239/2098/2780 4237/2096/2778 4236/2095/2777
f 4239/2098/2780 4238/2097/2779 4240/2099/2781
f 4240/2099/2781 4241/2100/2782 4239/2098/2780
f 4227/2087/2769 4226/2086/2768 4242/2101/2783
f 4242/2101/2783 4243/2102/2784 4227/2087/2769
f 4244/2103/2785 4242/2101/2783 4226/2086/2768
f 4226/2086/2768 4230/2090/2772 4244/2103/2785
f 4230/2090/2772 4233/2091/2773 4245/2104/2786
f 4245/2104/2786 4244/2103/2785 4230/2090/2772
f 4246/2105/2787 4245/2104/2786 4233/2091/2773
f 4233/2091/2773 4234/2094/2776 4246/2105/2787
f 4237/2096/2778 4247/2106/2788 4246/2105/2787
f 4246/2105/2787 4234/2094/2776 4237/2096/2778
f 4247/2106/2788 4237/2096/2778 4239/2098/2780
f 4239/2098/2780 4248/2107/2789 4247/2106/2788
f 4249/2108/2790 4248/2107/2789 4239/2098/2780
f 4239/2098/2780 4241/2100/2782 4249/2108/2790
f 4243/2102/2784 4242/2101/2783 4250/2109/2791
f 4250/2109/2791 4251/2110/2792 4243/2102/2784
f 4244/2103/2785 4252/2111/2793 4250/2109/2791
f 4250/2109/2791 4242/2101/2783 4244/2103/2785
f 4245/2104/2786 4253/2112/2794 4252/2111/2793
f 4252/2111/2793 4244/2103/2785 4245/2104/2786
f 4246/2105/2787 4254/2113/2795 4253/2112/2794
f 4253/2112/2794 4245/2104/2786 4246/2105/2787
f 4247/2106/2788 4255/2114/2796 4254/2113/2795
f 4254/2113/2795 4246/2105/2787 4247/2106/2788
f 4255/2114/2796 4247/2106/2788 4248/2107/2789
f 4248/2107/2789 4256/2115/2797 4255/2114/2796
f 4249/2108/2790 4257/2116/2798 4256/2115/2797
f 4256/2115/2797 4248/2107/2789 4249/2108/2790
f 4261/2117/2799 4258/2118/2800 4259/2119/2801
f 4259/2119/2801 4260/2120/2802 4261/2117/2799
f 4263/2121/2803 4260/2120/2802 4259/2119/2801
f 4259/2119/2801 4262/2122/2804 4263/2121/2803
f 4263/2121/2803 4262/2122/2804 4264/2123/2805
f 4264/2123/2805 4265/2124/2806 4263/2121/2803
f 4265/2124/2806 4264/2123/2805 4266/2125/2807
f 4266/2125/2807 4267/2126/2086 4265/2124/2806
f 4267/2126/2086 4266/2125/2807 4268/2127/2808
f 4268/2127/2808 4269/2128/2088 4267/2126/2086
f 4269/2128/2088 4268/2127/2808 4270/2129/2809
f 4270/2129/2809 4271/2130/2810 4269/2128/2088
f 4271/2130/2810 4270/2129/2809 4272/2131/2811
f 4272/2131/2811 4273/2132/2812 4271/2130/2810
f 4261/2117/2799 4260/2120/2802 4274/2133/2813
f 4274/2133/2813 4275/2134/2814 4261/2117/2799
f 4260/2120/2802 4263/2121/2803 4276/2135/2815
f 4276/2135/2815 4274/2133/2813 4260/2120/2802
f 4263/2121/2803 4265/2124/2806 4277/2136/2816
f 4277/2136/2816 4276/2135/2815 4263/2121/2803
f 4267/2126/2086 4278/2137/2817 4277/2136/2816
f 4277/2136/2816 4265/2124/2806 4267/2126/2086
f 4278/2137/2817 4267/2126/2086 4269/2128/2088
f 4269/2128/2088 4279/2138/2098 4278/2137/2817
f 4271/2130/2810 4280/2139/2818 4279/2138/2098
f 4279/2138/2098 4269/2128/2088 4271/2130/2810
f 4280/2139/2818 4271/2130/2810 4273/2132/2812
f 4273/2132/2812 4281/2140/2694 4280/2139/2818
f 4283/2141/2819 4282/2142/2820 4275/2134/2814
f 4275/2134/2814 4274/2133/2813 4283/2141/2819
f 4274/2133/2813 4276/2135/2815 4284/2143/2821
f 4284/2143/2821 4283/2141/2819 4274/2133/2813
f 4285/2144/2822 4284/2143/2821 4276/2135/2815
f 4276/2135/2815 4277/2136/2816 4285/2144/2822
f 4278/2137/2817 4286/2145/2823 4285/2144/2822
f 4285/2144/2822 4277/2136/2816 4278/2137/2817
f 4279/2138/2098 4287/2146/2824 4286/2145/2823
f 4286/2145/2823 4278/2137/2817 4279/2138/2098
f 4287/2146/2824 4279/2138/2098 4280/2139/2818
f 4280/2139/2818 4288/2147/2825 4287/2146/2824
f 4288/2147/2825 4280/2139/2818 4281/2140/2694
f 4281/2140/2694 4289/2148/2826 4288/2147/2825
f 4293/2149/2827 4290/2150/2828 4291/2151/2829
f 4291/2151/2829 4292/2152/2830 4293/2149/2827
f 4293/2149/2827 4131/1991/2683 4130/1990/2682
f 4130/1990/2682 4290/2150/2828 4293/2149/2827
f 4295/2153/2831 4294/2154/2832 4293/2149/2827
f 4293/2149/2827 4292/2152/2830 4295/2153/2831
f 4294/2154/2832 4134/1993/2685 4131/1991/2683
f 4131/1991/2683 4293/2149/2827 4294/2154/2832
f 4297/2155/2833 4296/2156/2834 4294/2154/2832
f 4294/2154/2832 4295/2153/2831 4297/2155/2833
f 4136/1996/2687 4134/1993/2685 4294/2154/2832
f 4294/2154/2832 4296/2156/2834 4136/1996/2687
f 4297/2155/2833 4298/2157/2835 4299/2158/2836
f 4299/2158/2836 4296/2156/2834 4297/2155/2833
f 4136/1996/2687 4296/2156/2834 4299/2158/2836
f 4299/2158/2836 4139/1997/2688 4136/1996/2687
f 4301/2159/2837 4299/2158/2836 4298/2157/2835
f 4298/2157/2835 4300/2160/2838 4301/2159/2837
f 4299/2158/2836 4301/2159/2837 4140/1999/2689
f 4140/1999/2689 4139/1997/2688 4299/2158/2836
f 4303/2161/2839 4302/2162/2840 4301/2159/2837
f 4301/2159/2837 4300/2160/2838 4303/2161/2839
f 4301/2159/2837 4302/2162/2840 4142/2002/2692
f 4142/2002/2692 4140/1999/2689 4301/2159/2837
f 4305/2163/2841 4302/2162/2840 4303/2161/2839
f 4303/2161/2839 4304/2164/2842 4305/2163/2841
f 4302/2162/2840 4305/2163/2841 4144/2003/2693
f 4144/2003/2693 4142/2002/2692 4302/2162/2840
f 4309/2165/2843 4306/2166/2844 4307/2167/2845
f 4307/2167/2845 4308/2168/2846 4309/2165/2843
f 4306/2166/2844 4309/2165/2843 4155/2013/2701
f 4155/2013/2701 4154/2014/2702 4306/2166/2844
f 4310/2169/2847 4306/2166/2844 4154/2014/2702
f 4154/2014/2702 4156/2015/2703 4310/2169/2847
f 4306/2166/2844 4310/2169/2847 4311/2170/2848
f 4311/2170/2848 4307/2167/2845 4306/2166/2844
f 4312/2171/2849 4310/2169/2847 4156/2015/2703
f 4156/2015/2703 4157/2016/2704 4312/2171/2849
f 4310/2169/2847 4312/2171/2849 4313/2172/2850
f 4313/2172/2850 4311/2170/2848 4310/2169/2847
f 4314/2173/2851 4312/2171/2849 4157/2016/2704
f 4157/2016/2704 4158/2017/2705 4314/2173/2851
f 4314/2173/2851 4315/2174/2852 4313/2172/2850
f 4313/2172/2850 4312/2171/2849 4314/2173/2851
f 4314/2173/2851 4158/2017/2705 4159/2018/2706
f 4159/2018/2706 4316/2175/2853 4314/2173/2851
f 4316/2175/2853 4317/2176/2854 4315/2174/2852
f 4315/2174/2852 4314/2173/2851 4316/2175/2853
f 4316/2175/2853 4159/2018/2706 4160/2019/2707
f 4160/2019/2707 4318/2177/2855 4316/2175/2853
f 4318/2177/2855 4319/2178/2856 4317/2176/2854
f 4317/2176/2854 4316/2175/2853 4318/2177/2855
f 4320/2179/2857 4318/2177/2855 4160/2019/2707
f 4160/2019/2707 4161/2020/2708 4320/2179/2857
f 4320/2179/2857 4321/2180/2858 4319/2178/2856
f 4319/2178/2856 4318/2177/2855 4320/2179/2857
f 4325/2181/2859 4322/2182/2860 4323/2183/2861
f 4323/2183/2861 4324/2184/2862 4325/2181/2859
f 4187/2046/2733 4186/2045/2732 4322/2182/2860
f 4322/2182/2860 4325/2181/2859 4187/2046/2733
f 4188/2047/2734 4326/2185/2863 4322/2182/2860
f 4322/2182/2860 4186/2045/2732 4188/2047/2734
f 4323/2183/2861 4322/2182/2860 4326/2185/2863
f 4326/2185/2863 4327/2186/2864 4323/2183/2861
f 4326/2185/2863 4188/2047/2734 4189/2048/2735
f 4189/2048/2735 4328/2187/2865 4326/2185/2863
f 4327/2186/2864 4326/2185/2863 4328/2187/2865
f 4328/2187/2865 4329/2188/2866 4327/2186/2864
f 4190/2049/2736 4330/2189/2867 4328/2187/2865
f 4328/2187/2865 4189/2048/2735 4190/2049/2736
f 4329/2188/2866 4328/2187/2865 4330/2189/2867
f 4330/2189/2867 4331/2190/2868 4329/2188/2866
f 4332/2191/2869 4330/2189/2867 4190/2049/2736
f 4190/2049/2736 4191/2050/2737 4332/2191/2869
f 4331/2190/2868 4330/2189/2867 4332/2191/2869
f 4332/2191/2869 4333/2192/2870 4331/2190/2868
f 4191/2050/2737 4192/2051/2738 4334/2193/2871
f 4334/2193/2871 4332/2191/2869 4191/2050/2737
f 4332/2191/2869 4334/2193/2871 4335/2194/2872
f 4335/2194/2872 4333/2192/2870 4332/2191/2869
f 4336/2195/2873 4334/2193/2871 4192/2051/2738
f 4192/2051/2738 4193/2052/2739 4336/2195/2873
f 4335/2194/2872 4334/2193/2871 4336/2195/2873
f 4336/2195/2873 4337/2196/2874 4335/2194/2872
f 4341/2197/2875 4338/2198/2876 4339/2199/2877
f 4339/2199/2877 4340/2200/2878 4341/2197/2875
f 4219/2078/2760 4218/2077/2759 4340/2200/2878
f 4340/2200/2878 4339/2199/2877 4219/2078/2760
f 4218/2077/2759 4220/2079/2761 4342/2201/2879
f 4342/2201/2879 4340/2200/2878 4218/2077/2759
f 4342/2201/2879 4343/2202/2880 4341/2197/2875
f 4341/2197/2875 4340/2200/2878 4342/2201/2879
f 4220/2079/2761 4221/2080/2762 4344/2203/2881
f 4344/2203/2881 4342/2201/2879 4220/2079/2761
f 4344/2203/2881 4345/2204/2882 4343/2202/2880
f 4343/2202/2880 4342/2201/2879 4344/2203/2881
f 4346/2205/2883 4344/2203/2881 4221/2080/2762
f 4221/2080/2762 4222/2081/2763 4346/2205/2883
f 4347/2206/2884 4345/2204/2882 4344/2203/2881
f 4344/2203/2881 4346/2205/2883 4347/2206/2884
f 4346/2205/2883 4222/2081/2763 4223/2082/2764
f 4223/2082/2764 4348/2207/2885 4346/2205/2883
f 4348/2207/2885 4349/2208/2886 4347/2206/2884
f 4347/2206/2884 4346/2205/2883 4348/2207/2885
f 4224/2083/2765 4350/2209/2887 4348/2207/2885
f 4348/2207/2885 4223/2082/2764 4224/2083/2765
f 4349/2208/2886 4348/2207/2885 4350/2209/2887
f 4350/2209/2887 4351/2210/2888 4349/2208/2886
f 4224/2083/2765 4225/2084/2766 4352/2211/2889
f 4352/2211/2889 4350/2209/2887 4224/2083/2765
f 4351/2210/2888 4350/2209/2887 4352/2211/2889
f 4352/2211/2889 4353/2212/2890 4351/2210/2888
f 4357/2213/2891 4354/2214/2892 4355/2215/2893
f 4355/2215/2893 4356/2216/2894 4357/2213/2891
f 4251/2110/2792 4250/2109/2791 4357/2213/2891
f 4357/2213/2891 4356/2216/2894 4251/2110/2792
f 4250/2109/2791 4252/2111/2793 4358/2217/2895
f 4358/2217/2895 4357/2213/2891 4250/2109/2791
f 4357/2213/2891 4358/2217/2895 4359/2218/2896
f 4359/2218/2896 4354/2214/2892 4357/2213/2891
f 4253/2112/2794 4360/2219/2897 4358/2217/2895
f 4358/2217/2895 4252/2111/2793 4253/2112/2794
f 4361/2220/2898 4359/2218/2896 4358/2217/2895
f 4358/2217/2895 4360/2219/2897 4361/2220/2898
f 4360/2219/2897 4253/2112/2794 4254/2113/2795
f 4254/2113/2795 4362/2221/2899 4360/2219/2897
f 4362/2221/2899 4363/2222/2900 4361/2220/2898
f 4361/2220/2898 4360/2219/2897 4362/2221/2899
f 4364/2223/2901 4362/2221/2899 4254/2113/2795
f 4254/2113/2795 4255/2114/2796 4364/2223/2901
f 4363/2222/2900 4362/2221/2899 4364/2223/2901
f 4364/2223/2901 4365/2224/2902 4363/2222/2900
f 4255/2114/2796 4256/2115/2797 4366/2225/2903
f 4366/2225/2903 4364/2223/2901 4255/2114/2796
f 4366/2225/2903 4367/2226/2904 4365/2224/2902
f 4365/2224/2902 4364/2223/2901 4366/2225/2903
f 4256/2115/2797 4257/2116/2798 4368/2227/2905
f 4368/2227/2905 4366/2225/2903 4256/2115/2797
f 4367/2226/2904 4366/2225/2903 4368/2227/2905
f 4368/2227/2905 4369/2228/2906 4367/2226/2904
f 4282/2142/2820 4283/2141/2819 4370/2229/2907
f 4370/2229/2907 4371/2230/2908 4282/2142/2820
f 4371/2230/2908 4370/2229/2907 4372/2231/2830
f 4372/2231/2830 4373/2232/2829 4371/2230/2908
f 4374/2233/2909 4370/2229/2907 4283/2141/2819
f 4283/2141/2819 4284/2143/2821 4374/2233/2909
f 4372/2231/2830 4370/2229/2907 4374/2233/2909
f 4374/2233/2909 4375/2234/2910 4372/2231/2830
f 4285/2144/2822 4376/2235/2911 4374/2233/2909
f 4374/2233/2909 4284/2143/2821 4285/2144/2822
f 4376/2235/2911 4377/2236/2833 4375/2234/2910
f 4375/2234/2910 4374/2233/2909 4376/2235/2911
f 4285/2144/2822 4286/2145/2823 4378/2237/2912
f 4378/2237/2912 4376/2235/2911 4285/2144/2822
f 4378/2237/2912 4379/2238/2913 4377/2236/2833
f 4377/2236/2833 4376/2235/2911 4378/2237/2912
f 4380/2239/2914 4378/2237/2912 4286/2145/2823
f 4286/2145/2823 4287/2146/2824 4380/2239/2914
f 4379/2238/2913 4378/2237/2912 4380/2239/2914
f 4380/2239/2914 4381/2240/2915 4379/2238/2913
f 4287/2146/2824 4288/2147/2825 4382/2241/2916
f 4382/2241/2916 4380/2239/2914 4287/2146/2824
f 4380/2239/2914 4382/2241/2916 4383/2242/2917
f 4383/2242/2917 4381/2240/2915 4380/2239/2914
f 4382/2241/2916 4288/2147/2825 4289/2148/2826
f 4289/2148/2826 4384/2243/2918 4382/2241/2916
f 4382/2241/2916 4384/2243/2918 4385/2244/2919
f 4385/2244/2919 4383/2242/2917 4382/2241/2916
f 4387/2245/2920 4386/2246/2921 4163/2023/2711
f 4163/2023/2711 4162/2022/2710 4387/2245/2920
f 4386/2246/2921 4387/2245/2920 4388/2247/2922
f 4388/2247/2922 4389/2248/2923 4386/2246/2921
f 4391/2249/2924 4386/2246/2921 4389/2248/2923
f 4389/2248/2923 4390/2250/2848 4391/2249/2924
f 4386/2246/2921 4391/2249/2924 4166/2025/2713
f 4166/2025/2713 4163/2023/2711 4386/2246/2921
f 4393/2251/2925 4392/2252/2926 4391/2249/2924
f 4391/2249/2924 4390/2250/2848 4393/2251/2925
f 4392/2252/2926 4169/2027/2715 4166/2025/2713
f 4166/2025/2713 4391/2249/2924 4392/2252/2926
f 4393/2251/2925 4394/2253/2927 4395/2254/2928
f 4395/2254/2928 4392/2252/2926 4393/2251/2925
f 4169/2027/2715 4392/2252/2926 4395/2254/2928
f 4395/2254/2928 4170/2030/2718 4169/2027/2715
f 4397/2255/2929 4395/2254/2928 4394/2253/2927
f 4394/2253/2927 4396/2256/2854 4397/2255/2929
f 4395/2254/2928 4397/2255/2929 4172/2032/2719
f 4172/2032/2719 4170/2030/2718 4395/2254/2928
f 4399/2257/2930 4397/2255/2929 4396/2256/2854
f 4396/2256/2854 4398/2258/2856 4399/2257/2930
f 4397/2255/2929 4399/2257/2930 4174/2033/2720
f 4174/2033/2720 4172/2032/2719 4397/2255/2929
f 4401/2259/2931 4399/2257/2930 4398/2258/2856
f 4398/2258/2856 4400/2260/2932 4401/2259/2931
f 4399/2257/2930 4401/2259/2931 4176/2035/2722
f 4176/2035/2722 4174/2033/2720 4399/2257/2930
f 4403/2261/2933 4402/2262/2216 4195/2055/2742
f 4195/2055/2742 4194/2054/2741 4403/2261/2933
f 4405/2263/2861 4402/2262/2216 4403/2261/2933
f 4403/2261/2933 4404/2264/2934 4405/2263/2861
f 4402/2262/2216 4405/2263/2861 4406/2265/2864
f 4406/2265/2864 4407/2266/2935 4402/2262/2216
f 4402/2262/2216 4407/2266/2935 4198/2058/2745
f 4198/2058/2745 4195/2055/2742 4402/2262/2216
f 4409/2267/2936 4407/2266/2935 4406/2265/2864
f 4406/2265/2864 4408/2268/2866 4409/2267/2936
f 4407/2266/2935 4409/2267/2936 4201/2059/2746
f 4201/2059/2746 4198/2058/2745 4407/2266/2935
f 4411/2269/2937 4409/2267/2936 4408/2268/2866
f 4408/2268/2866 4410/2270/2868 4411/2269/2937
f 4409/2267/2936 4411/2269/2937 4202/2062/2748
f 4202/2062/2748 4201/2059/2746 4409/2267/2936
f 4413/2271/2938 4411/2269/2937 4410/2270/2868
f 4410/2270/2868 4412/2272/2939 4413/2271/2938
f 4411/2269/2937 4413/2271/2938 4204/2063/2749
f 4204/2063/2749 4202/2062/2748 4411/2269/2937
f 4415/2273/2940 4413/2271/2938 4412/2272/2939
f 4412/2272/2939 4414/2274/2941 4415/2273/2940
f 4413/2271/2938 4415/2273/2940 4206/2065/2750
f 4206/2065/2750 4204/2063/2749 4413/2271/2938
f 4417/2275/2942 4416/2276/2943 4415/2273/2940
f 4415/2273/2940 4414/2274/2941 4417/2275/2942
f 4206/2065/2750 4415/2273/2940 4416/2276/2943
f 4416/2276/2943 4208/2067/2752 4206/2065/2750
f 4228/2088/2770 4418/2277/2944 4419/2278/2945
f 4419/2278/2945 4229/2085/2767 4228/2088/2770
f 4421/2279/2946 4420/2280/2947 4419/2278/2945
f 4419/2278/2945 4418/2277/2944 4421/2279/2946
f 4420/2280/2947 4422/2281/2948 4423/2282/2949
f 4423/2282/2949 4419/2278/2945 4420/2280/2947
f 4231/2089/2771 4229/2085/2767 4419/2278/2945
f 4419/2278/2945 4423/2282/2949 4231/2089/2771
f 4422/2281/2948 4424/2283/2882 4425/2284/2950
f 4425/2284/2950 4423/2282/2949 4422/2281/2948
f 4232/2092/2774 4231/2089/2771 4423/2282/2949
f 4423/2282/2949 4425/2284/2950 4232/2092/2774
f 4427/2285/2884 4426/2286/2951 4425/2284/2950
f 4425/2284/2950 4424/2283/2882 4427/2285/2884
f 4235/2093/2775 4232/2092/2774 4425/2284/2950
f 4425/2284/2950 4426/2286/2951 4235/2093/2775
f 4427/2285/2884 4428/2287/2952 4429/2288/2953
f 4429/2288/2953 4426/2286/2951 4427/2285/2884
f 4429/2288/2953 4236/2095/2777 4235/2093/2775
f 4235/2093/2775 4426/2286/2951 4429/2288/2953
f 4431/2289/2954 4430/2290/2955 4429/2288/2953
f 4429/2288/2953 4428/2287/2952 4431/2289/2954
f 4429/2288/2953 4430/2290/2955 4238/2097/2779
f 4238/2097/2779 4236/2095/2777 4429/2288/2953
f 4431/2289/2954 4432/2291/2890 4433/2292/2956
f 4433/2292/2956 4430/2290/2955 4431/2289/2954
f 4240/2099/2781 4238/2097/2779 4430/2290/2955
f 4430/2290/2955 4433/2292/2956 4240/2099/2781
f 4258/2118/2800 4434/2293/2957 4435/2294/2958
f 4435/2294/2958 4259/2119/2801 4258/2118/2800
f 4437/2295/2893 4436/2296/2959 4435/2294/2958
f 4435/2294/2958 4434/2293/2957 4437/2295/2893
f 4435/2294/2958 4436/2296/2959 4438/2297/2960
f 4438/2297/2960 4439/2298/2961 4435/2294/2958
f 4262/2122/2804 4259/2119/2801 4435/2294/2958
f 4435/2294/2958 4439/2298/2961 4262/2122/2804
f 4441/2299/2962 4440/2300/2963 4439/2298/2961
f 4439/2298/2961 4438/2297/2960 4441/2299/2962
f 4264/2123/2805 4262/2122/2804 4439/2298/2961
f 4439/2298/2961 4440/2300/2963 4264/2123/2805
f 4443/2301/2964 4440/2300/2963 4441/2299/2962
f 4441/2299/2962 4442/2302/2965 4443/2301/2964
f 4440/2300/2963 4443/2301/2964 4266/2125/2807
f 4266/2125/2807 4264/2123/2805 4440/2300/2963
f 4442/2302/2965 4444/2303/2966 4445/2304/2967
f 4445/2304/2967 4443/2301/2964 4442/2302/2965
f 4268/2127/2808 4266/2125/2807 4443/2301/2964
f 4443/2301/2964 4445/2304/2967 4268/2127/2808
f 4444/2303/2966 4446/2305/2968 4447/2306/2969
f 4447/2306/2969 4445/2304/2967 4444/2303/2966
f 4268/2127/2808 4445/2304/2967 4447/2306/2969
f 4447/2306/2969 4270/2129/2809 4268/2127/2808
f 4446/2305/2968 4448/2307/2970 4449/2308/2971
f 4449/2308/2971 4447/2306/2969 4446/2305/2968
f 4270/2129/2809 4447/2306/2969 4449/2308/2971
f 4449/2308/2971 4272/2131/2811 4270/2129/2809
f 4453/2309/2972 4450/2310/2973 4451/2311/2974
f 4451/2311/2974 4452/2312/2975 4453/2309/2972
f 4451/2311/2974 4454/2313/2976 4455/2314/2977
f 4455/2314/2977 4452/2312/2975 4451/2311/2974
f 4457/2315/2978 4455/2314/2977 4454/2313/2976
f 4454/2313/2976 4456/2316/2979 4457/2315/2978
f 4459/2317/2980 4457/2315/2978 4456/2316/2979
f 4456/2316/2979 4458/2318/2981 4459/2317/2980
f 4461/2319/2982 4458/2318/2981 4456/2316/2979
f 4456/2316/2979 4460/2320/2983 4461/2319/2982
f 4456/2316/2979 4454/2313/2976 4460/2320/2983
f 4454/2313/2976 4451/2311/2974 4462/2321/2984
f 4462/2321/2984 4460/2320/2983 4454/2313/2976
f 4463/2322/2985 4462/2321/2984 4451/2311/2974
f 4451/2311/2974 4450/2310/2973 4463/2322/2985
f 4465/2323/2986 4464/2324/2987 4460/2320/2983
f 4460/2320/2983 4462/2321/2984 4465/2323/2986
f 4463/2322/2985 4466/2325/2988 4465/2323/2986
f 4465/2323/2986 4462/2321/2984 4463/2322/2985
f 4468/2326/2989 4465/2323/2986 4466/2325/2988
f 4466/2325/2988 4467/2327/2990 4468/2326/2989
f 4470/2328/2991 4467/2327/2990 4466/2325/2988
f 4466/2325/2988 4469/2329/2992 4470/2328/2991
f 4469/2329/2992 4471/2330/2993 4472/2331/2994
f 4472/2331/2994 4470/2328/2991 4469/2329/2992
f 4463/2322/2985 4450/2310/2973 4473/2332/2995
f 4473/2332/2995 4474/2333/2996 4463/2322/2985
f 4474/2333/2996 4475/2334/2997 4466/2325/2988
f 4466/2325/2988 4463/2322/2985 4474/2333/2996
f 4475/2334/2997 4474/2333/2996 4476/2335/2998
f 4476/2335/2998 4477/2336/2999 4475/2334/2997
f 4478/2337/3000 4471/2330/2993 4469/2329/2992
f 4478/2337/3000 4469/2329/2992 4466/2325/2988
f 4466/2325/2988 4475/2334/2997 4478/2337/3000
f 4473/2332/2995 4479/2338/3001 4476/2335/2998
f 4476/2335/2998 4474/2333/2996 4473/2332/2995
f 4473/2332/2995 4450/2310/2973 4453/2309/2972
f 4453/2309/2972 4480/2339/3002 4473/2332/2995
f 4452/2312/2975 4481/2340/3003 4482/2341/3004
f 4482/2341/3004 4453/2309/2972 4452/2312/2975
f 4455/2314/2977 4483/2342/3005 4481/2340/3003
f 4481/2340/3003 4452/2312/2975 4455/2314/2977
f 4483/2342/3005 4455/2314/2977 4457/2315/2978
f 4457/2315/2978 4484/2343/3006 4483/2342/3005
f 4485/2344/3007 4484/2343/3006 4457/2315/2978
f 4457/2315/2978 4459/2317/2980 4485/2344/3007
f 4483/2342/3005 4486/2345/3008 4487/2346/3009
f 4487/2346/3009 4481/2340/3003 4483/2342/3005
f 4488/2347/3010 4487/2346/3009 4486/2345/3008
f 4486/2345/3008 4483/2342/3005 4484/2343/3006
f 4484/2343/3006 4489/2348/3011 4486/2345/3008
f 4490/2349/3012 4488/2347/3010 4486/2345/3008
f 4486/2345/3008 4489/2348/3011 4490/2349/3012
f 4491/2350/3013 4489/2348/3011 4484/2343/3006
f 4484/2343/3006 4485/2344/3007 4491/2350/3013
f 4490/2349/3012 4489/2348/3011 4491/2350/3013
f 4491/2350/3013 4492/2351/3014 4490/2349/3012
f 4453/2309/2972 4482/2341/3004 4493/2352/3015
f 4493/2352/3015 4480/2339/3002 4453/2309/2972
f 4495/2353/3016 4494/2354/3017 4493/2352/3015
f 4493/2352/3015 4482/2341/3004 4495/2353/3016
f 4481/2340/3003 4487/2346/3009 4495/2353/3016
f 4495/2353/3016 4482/2341/3004 4481/2340/3003
f 4497/2355/3018 4493/2352/3015 4494/2354/3017
f 4494/2354/3017 4496/2356/3019 4497/2355/3018
f 4464/2324/2987 4498/2357/3020 4461/2319/2982
f 4461/2319/2982 4460/2320/2983 4464/2324/2987
f 4465/2323/2986 4468/2326/2989 4498/2357/3020
f 4498/2357/3020 4464/2324/2987 4465/2323/2986
f 4499/2358/3021 4498/2357/3020 4500/2359/3022
f 4458/2318/2981 4461/2319/2982 4501/2360/3023
f 4501/2360/3023 4502/2361/3024 4458/2318/2981
f 4458/2318/2981 4502/2361/3024 4503/2362/3025
f 4503/2362/3025 4459/2317/2980 4458/2318/2981
f 4501/2360/3023 4499/2358/3021 4502/2361/3024
f 4499/2358/3021 4501/2360/3023 4461/2319/2982
f 4461/2319/2982 4498/2357/3020 4499/2358/3021
f 4493/2352/3015 4497/2355/3018 4504/2363/3026
f 4504/2363/3026 4480/2339/3002 4493/2352/3015
f 4473/2332/2995 4480/2339/3002 4504/2363/3026
f 4504/2363/3026 4479/2338/3001 4473/2332/2995
f 4506/2364/3027 4505/2365/3028 4503/2362/3025
f 4503/2362/3025 4502/2361/3024 4506/2364/3027
f 4485/2344/3007 4459/2317/2980 4503/2362/3025
f 4503/2362/3025 4507/2366/3029 4485/2344/3007
f 4508/2367/3030 4491/2350/3013 4485/2344/3007
f 4485/2344/3007 4507/2366/3029 4508/2367/3030
f 4491/2350/3013 4509/2368/3031 4492/2351/3014
f 4510/2369/3032 4509/2368/3031 4508/2367/3030
f 4492/2351/3014 4509/2368/3031 4510/2369/3032
f 4505/2365/3028 4507/2366/3029 4503/2362/3025
f 4468/2326/2989 4511/2370/3033 4500/2359/3022
f 4500/2359/3022 4498/2357/3020 4468/2326/2989
f 4507/2366/3029 4512/2371/3034 4513/2372/3035
f 4513/2372/3035 4508/2367/3030 4507/2366/3029
f 4513/2372/3035 4514/2373/3036 4510/2369/3032
f 4510/2369/3032 4508/2367/3030 4513/2372/3035
f 4515/2374/3037 4511/2370/3033 4468/2326/2989
f 4468/2326/2989 4467/2327/2990 4515/2374/3037
f 4519/2375/3038 4516/2376/3034 4517/2377/3039
f 4517/2377/3039 4518/2378/3033 4519/2375/3038
f 4519/2375/3038 4520/2379/3040 4521/2380/3035
f 4521/2380/3035 4516/2376/3034 4519/2375/3038
f 4515/2374/3037 4467/2327/2990 4470/2328/2991
f 4470/2328/2991 4522/2381/3041 4515/2374/3037
f 4524/2382/3042 4519/2375/3038 4518/2378/3033
f 4518/2378/3033 4523/2383/3043 4524/2382/3042
f 4472/2331/2994 4525/2384/3044 4522/2381/3041
f 4522/2381/3041 4470/2328/2991 4472/2331/2994
f 4523/2383/3043 4526/2385/3045 4527/2386/3046
f 4527/2386/3046 4524/2382/3042 4523/2383/3043
f 4526/2385/3045 4528/2387/3047 4529/2388/3048
f 4529/2388/3048 4527/2386/3046 4526/2385/3045
f 4525/2384/3044 4472/2331/2994 4530/2389/3049
f 4531/2390/3050 4530/2389/3049 4472/2331/2994
f 4472/2331/2994 4471/2330/2993 4531/2390/3050
f 4532/2391/3051 4531/2390/3050 4471/2330/2993
f 4471/2330/2993 4478/2337/3000 4532/2391/3051
f 4528/2387/3047 4533/2392/3052 4534/2393/3053
f 4534/2393/3053 4529/2388/3048 4528/2387/3047
f 4536/2394/3054 4534/2393/3053 4533/2392/3052
f 4533/2392/3052 4535/2395/3055 4536/2394/3054
f 4538/2396/3056 4537/2397/3057 4536/2394/3054
f 4536/2394/3054 4535/2395/3055 4538/2396/3056
f 4532/2391/3051 4478/2337/3000 4539/2398/3058
f 4539/2398/3058 4478/2337/3000 4475/2334/2997
f 4475/2334/2997 4477/2336/2999 4539/2398/3058
f 4541/2399/3058 4540/2400/3059 4537/2397/3057
f 4537/2397/3057 4538/2396/3056 4541/2399/3058
f 4537/2397/3057 4542/2401/3060 4543/2402/3061
f 4543/2402/3061 4536/2394/3054 4537/2397/3057
f 4543/2402/3061 4544/2403/3062 4534/2393/3053
f 4534/2393/3053 4536/2394/3054 4543/2402/3061
f 4546/2404/3063 4544/2403/3062 4543/2402/3061
f 4543/2402/3061 4545/2405/3064 4546/2404/3063
f 4544/2403/3062 4547/2406/3065 4529/2388/3048
f 4529/2388/3048 4534/2393/3053 4544/2403/3062
f 4548/2407/3066 4547/2406/3065 4544/2403/3062
f 4544/2403/3062 4546/2404/3063 4548/2407/3066
f 4529/2388/3048 4547/2406/3065 4549/2408/3067
f 4549/2408/3067 4527/2386/3046 4529/2388/3048
f 4527/2386/3046 4549/2408/3067 4550/2409/3068
f 4550/2409/3068 4524/2382/3042 4527/2386/3046
f 4547/2406/3065 4548/2407/3066 4551/2410/3069
f 4551/2410/3069 4549/2408/3067 4547/2406/3065
f 4553/2411/3070 4521/2380/3035 4520/2379/3040
f 4520/2379/3040 4552/2412/3071 4553/2411/3070
f 4520/2379/3040 4550/2409/3068 4551/2410/3069
f 4551/2410/3069 4552/2412/3071 4520/2379/3040
f 4519/2375/3038 4524/2382/3042 4550/2409/3068
f 4550/2409/3068 4520/2379/3040 4519/2375/3038
f 4550/2409/3068 4549/2408/3067 4551/2410/3069
f 4543/2402/3061 4542/2401/3060 4554/2413/3072
f 4554/2413/3072 4545/2405/3064 4543/2402/3061
f 4555/2414/3073 4542/2401/3060 4537/2397/3057
f 4537/2397/3057 4540/2400/3059 4555/2414/3073
f 4555/2414/3073 4556/2415/3074 4554/2413/3072
f 4554/2413/3072 4542/2401/3060 4555/2414/3073
f 4491/2350/3013 4508/2367/3030 4509/2368/3031
f 4505/2365/3028 4512/2371/3034 4507/2366/3029
f 4560/2311/3075 4557/2310/3076 4558/2309/3077
f 4558/2309/3077 4559/2312/3078 4560/2311/3075
f 4562/2314/3079 4561/2313/3080 4560/2311/3075
f 4560/2311/3075 4559/2312/3078 4562/2314/3079
f 4561/2313/3080 4562/2314/3079 4563/2315/3081
f 4563/2315/3081 4564/2316/3082 4561/2313/3080
f 4564/2316/3082 4563/2315/3081 4565/2317/3083
f 4565/2317/3083 4566/2318/3084 4564/2316/3082
f 4564/2316/3082 4566/2318/3084 4567/2319/3085
f 4567/2319/3085 4568/2320/3086 4564/2316/3082
f 4564/2316/3082 4568/2320/3086 4561/2313/3080
f 4569/2321/3087 4560/2311/3075 4561/2313/3080
f 4561/2313/3080 4568/2320/3086 4569/2321/3087
f 4560/2311/3075 4569/2321/3087 4570/2322/3088
f 4570/2322/3088 4557/2310/3076 4560/2311/3075
f 4568/2320/3086 4571/2324/3089 4572/2323/3090
f 4572/2323/3090 4569/2321/3087 4568/2320/3086
f 4572/2323/3090 4573/2325/3091 4570/2322/3088
f 4570/2322/3088 4569/2321/3087 4572/2323/3090
f 4573/2325/3091 4572/2323/3090 4574/2326/3092
f 4574/2326/3092 4575/2327/3093 4573/2325/3091
f 4573/2325/3091 4575/2327/3093 4576/2328/3094
f 4576/2328/3094 4577/2329/3095 4573/2325/3091
f 4579/2331/3096 4578/2330/3097 4577/2329/3095
f 4577/2329/3095 4576/2328/3094 4579/2331/3096
f 4581/2332/3098 4557/2310/3076 4570/2322/3088
f 4570/2322/3088 4580/2333/3099 4581/2332/3098
f 4573/2325/3091 4582/2334/3100 4580/2333/3099
f 4580/2333/3099 4570/2322/3088 4573/2325/3091
f 4476/2335/2998 4580/2333/3099 4582/2334/3100
f 4582/2334/3100 4477/2336/2999 4476/2335/2998
f 4583/2337/3101 4577/2329/3095 4578/2330/3097
f 4573/2325/3091 4577/2329/3095 4583/2337/3101
f 4583/2337/3101 4582/2334/3100 4573/2325/3091
f 4476/2335/2998 4479/2338/3001 4581/2332/3098
f 4581/2332/3098 4580/2333/3099 4476/2335/2998
f 4558/2309/3077 4557/2310/3076 4581/2332/3098
f 4581/2332/3098 4584/2339/3102 4558/2309/3077
f 4586/2341/3103 4585/2340/3104 4559/2312/3078
f 4559/2312/3078 4558/2309/3077 4586/2341/3103
f 4585/2340/3104 4587/2342/3105 4562/2314/3079
f 4562/2314/3079 4559/2312/3078 4585/2340/3104
f 4563/2315/3081 4562/2314/3079 4587/2342/3105
f 4587/2342/3105 4588/2343/3106 4563/2315/3081
f 4563/2315/3081 4588/2343/3106 4589/2344/3107
f 4589/2344/3107 4565/2317/3083 4563/2315/3081
f 4591/2346/3108 4590/2345/3109 4587/2342/3105
f 4587/2342/3105 4585/2340/3104 4591/2346/3108
f 4592/2347/3110 4590/2345/3109 4591/2346/3108
f 4588/2343/3106 4587/2342/3105 4590/2345/3109
f 4590/2345/3109 4593/2348/3111 4588/2343/3106
f 4590/2345/3109 4592/2347/3110 4594/2349/3112
f 4594/2349/3112 4593/2348/3111 4590/2345/3109
f 4588/2343/3106 4593/2348/3111 4595/2350/3113
f 4595/2350/3113 4589/2344/3107 4588/2343/3106
f 4595/2350/3113 4593/2348/3111 4594/2349/3112
f 4594/2349/3112 4596/2351/3114 4595/2350/3113
f 4597/2352/3115 4586/2341/3103 4558/2309/3077
f 4558/2309/3077 4584/2339/3102 4597/2352/3115
f 4597/2352/3115 4598/2354/3116 4599/2353/3117
f 4599/2353/3117 4586/2341/3103 4597/2352/3115
f 4599/2353/3117 4591/2346/3108 4585/2340/3104
f 4585/2340/3104 4586/2341/3103 4599/2353/3117
f 4598/2354/3116 4597/2352/3115 4497/2355/3018
f 4497/2355/3018 4496/2356/3019 4598/2354/3116
f 4567/2319/3085 4600/2357/3118 4571/2324/3089
f 4571/2324/3089 4568/2320/3086 4567/2319/3085
f 4600/2357/3118 4574/2326/3092 4572/2323/3090
f 4572/2323/3090 4571/2324/3089 4600/2357/3118
f 4601/2358/3119 4602/2359/3120 4600/2357/3118
f 4604/2360/3121 4567/2319/3085 4566/2318/3084
f 4566/2318/3084 4603/2361/3122 4604/2360/3121
f 4605/2362/3123 4603/2361/3122 4566/2318/3084
f 4566/2318/3084 4565/2317/3083 4605/2362/3123
f 4604/2360/3121 4603/2361/3122 4601/2358/3119
f 4567/2319/3085 4604/2360/3121 4601/2358/3119
f 4601/2358/3119 4600/2357/3118 4567/2319/3085
f 4504/2363/3026 4497/2355/3018 4597/2352/3115
f 4597/2352/3115 4584/2339/3102 4504/2363/3026
f 4504/2363/3026 4584/2339/3102 4581/2332/3098
f 4581/2332/3098 4479/2338/3001 4504/2363/3026
f 4605/2362/3123 4606/2365/3120 4607/2364/3124
f 4607/2364/3124 4603/2361/3122 4605/2362/3123
f 4605/2362/3123 4565/2317/3083 4589/2344/3107
f 4589/2344/3107 4608/2366/3125 4605/2362/3123
f 4589/2344/3107 4595/2350/3113 4609/2367/3126
f 4609/2367/3126 4608/2366/3125 4589/2344/3107
f 4595/2350/3113 4596/2351/3114 4610/2368/3127
f 4611/2369/3128 4609/2367/3126 4610/2368/3127
f 4596/2351/3114 4611/2369/3128 4610/2368/3127
f 4606/2365/3120 4605/2362/3123 4608/2366/3125
f 4602/2359/3120 4612/2370/3129 4574/2326/3092
f 4574/2326/3092 4600/2357/3118 4602/2359/3120
f 4614/2372/3130 4613/2371/3131 4608/2366/3125
f 4608/2366/3125 4609/2367/3126 4614/2372/3130
f 4611/2369/3128 4615/2373/3132 4614/2372/3130
f 4614/2372/3130 4609/2367/3126 4611/2369/3128
f 4574/2326/3092 4612/2370/3129 4616/2374/3133
f 4616/2374/3133 4575/2327/3093 4574/2326/3092
f 4620/2377/3134 4617/2376/3131 4618/2375/3135
f 4618/2375/3135 4619/2378/3136 4620/2377/3134
f 4622/2380/3130 4621/2379/3137 4618/2375/3135
f 4618/2375/3135 4617/2376/3131 4622/2380/3130
f 4576/2328/3094 4575/2327/3093 4616/2374/3133
f 4616/2374/3133 4623/2381/3138 4576/2328/3094
f 4619/2378/3136 4618/2375/3135 4624/2382/3139
f 4624/2382/3139 4625/2383/3140 4619/2378/3136
f 4623/2381/3138 4626/2384/3141 4579/2331/3096
f 4579/2331/3096 4576/2328/3094 4623/2381/3138
f 4628/2386/3142 4627/2385/3143 4625/2383/3140
f 4625/2383/3140 4624/2382/3139 4628/2386/3142
f 4630/2388/3144 4629/2387/3145 4627/2385/3143
f 4627/2385/3143 4628/2386/3142 4630/2388/3144
f 4626/2384/3141 4631/2389/3146 4579/2331/3096
f 4579/2331/3096 4631/2389/3146 4632/2390/3147
f 4632/2390/3147 4578/2330/3097 4579/2331/3096
f 4578/2330/3097 4632/2390/3147 4633/2391/3148
f 4633/2391/3148 4583/2337/3101 4578/2330/3097
f 4635/2393/3149 4634/2392/3146 4629/2387/3145
f 4629/2387/3145 4630/2388/3144 4635/2393/3149
f 4634/2392/3146 4635/2393/3149 4636/2394/3150
f 4636/2394/3150 4637/2395/3151 4634/2392/3146
f 4636/2394/3150 4638/2397/3152 4639/2396/3148
f 4639/2396/3148 4637/2395/3151 4636/2394/3150
f 4633/2391/3148 4539/2398/3058 4583/2337/3101
f 4582/2334/3100 4583/2337/3101 4539/2398/3058
f 4539/2398/3058 4477/2336/2999 4582/2334/3100
f 4638/2397/3152 4540/2400/3059 4541/2399/3058
f 4541/2399/3058 4639/2396/3148 4638/2397/3152
f 4641/2402/3153 4640/2401/3154 4638/2397/3152
f 4638/2397/3152 4636/2394/3150 4641/2402/3153
f 4635/2393/3149 4642/2403/3155 4641/2402/3153
f 4641/2402/3153 4636/2394/3150 4635/2393/3149
f 4641/2402/3153 4642/2403/3155 4643/2404/3156
f 4643/2404/3156 4644/2405/3157 4641/2402/3153
f 4630/2388/3144 4645/2406/3158 4642/2403/3155
f 4642/2403/3155 4635/2393/3149 4630/2388/3144
f 4642/2403/3155 4645/2406/3158 4646/2407/3159
f 4646/2407/3159 4643/2404/3156 4642/2403/3155
f 4647/2408/3160 4645/2406/3158 4630/2388/3144
f 4630/2388/3144 4628/2386/3142 4647/2408/3160
f 4648/2409/3161 4647/2408/3160 4628/2386/3142
f 4628/2386/3142 4624/2382/3139 4648/2409/3161
f 4649/2410/3162 4646/2407/3159 4645/2406/3158
f 4645/2406/3158 4647/2408/3160 4649/2410/3162
f 4621/2379/3137 4622/2380/3130 4650/2411/3132
f 4650/2411/3132 4651/2412/3163 4621/2379/3137
f 4649/2410/3162 4648/2409/3161 4621/2379/3137
f 4621/2379/3137 4651/2412/3163 4649/2410/3162
f 4648/2409/3161 4624/2382/3139 4618/2375/3135
f 4618/2375/3135 4621/2379/3137 4648/2409/3161
f 4648/2409/3161 4649/2410/3162 4647/2408/3160
f 4652/2413/3164 4640/2401/3154 4641/2402/3153
f 4641/2402/3153 4644/2405/3157 4652/2413/3164
f 4638/2397/3152 4640/2401/3154 4555/2414/3073
f 4555/2414/3073 4540/2400/3059 4638/2397/3152
f 4652/2413/3164 4556/2415/3074 4555/2414/3073
f 4555/2414/3073 4640/2401/3154 4652/2413/3164
f 4595/2350/3113 4610/2368/3127 4609/2367/3126
f 4606/2365/3120 4608/2366/3125 4613/2371/3131
f 4656/1991/3165 4653/1990/3166 4654/1989/3166
f 4654/1989/3166 4655/1992/3165 4656/1991/3165
f 4660/1994/3167 4657/1993/3168 4658/1991/3169
f 4658/1991/3169 4659/1992/3168 4660/1994/3167
f 4664/1993/3170 4661/1994/3171 4662/1995/3171
f 4662/1995/3171 4663/1996/3171 4664/1993/3170
f 4668/1995/3172 4665/1998/3172 4666/1997/3173
f 4666/1997/3173 4667/1996/3174 4668/1995/3172
f 4672/1999/3175 4669/1997/3176 4670/1998/3176
f 4670/1998/3176 4671/2000/3176 4672/1999/3175
f 4676/1999/3177 4673/2000/3178 4674/2001/3179
f 4674/2001/3179 4675/2002/3180 4676/1999/3177
f 4680/2003/3181 4677/2002/3181 4678/2001/3181
f 4678/2001/3181 4679/2004/3181 4680/2003/3181
s 0
f 4684/2006/3182 4681/2005/3182 4682/1992/3182
f 4682/1992/3182 4683/1989/3182 4684/2006/3182
f 4688/1994/3183 4685/1992/3183 4686/2005/3183
f 4686/2005/3184 4687/2007/3184 4688/1994/3184
f 4692/2007/3185 4689/2008/3185 4690/1995/3185
f 4690/1995/3186 4691/1994/3186 4692/2007/3186
f 4696/2009/3187 4693/1998/3187 4694/1995/3187
f 4694/1995/3188 4695/2008/3188 4696/2009/3188
f 4700/2010/3189 4697/2000/3189 4698/1998/3189
f 4698/1998/3190 4699/2009/3190 4700/2010/3190
f 4704/2000/3191 4701/2010/3191 4702/2011/3191
f 4702/2011/3191 4703/2001/3191 4704/2000/3191
f 4708/2001/3192 4705/2011/3192 4706/2012/3192
f 4706/2012/3192 4707/2004/3192 4708/2001/3192
s 1
f 4712/2005/3193 4709/2006/3194 4710/2013/3194
f 4710/2013/3194 4711/2014/3194 4712/2005/3193
f 4716/2014/3195 4713/2015/3196 4714/2007/3197
f 4714/2007/3197 4715/2005/3196 4716/2014/3195
f 4720/2007/3198 4717/2015/3199 4718/2016/3199
f 4718/2016/3199 4719/2008/3200 4720/2007/3198
f 4724/2017/3201 4721/2009/3202 4722/2008/3203
f 4722/2008/3203 4723/2016/3204 4724/2017/3201
f 4728/2010/3205 4725/2009/3206 4726/2017/3206
f 4726/2017/3206 4727/2018/3206 4728/2010/3205
f 4732/2010/3207 4729/2018/3208 4730/2019/3209
f 4730/2019/3209 4731/2011/3208 4732/2010/3207
f 4736/2019/3210 4733/2020/3210 4734/2012/3210
f 4734/2012/3210 4735/2011/3210 4736/2019/3210
f 4740/2023/3211 4737/2022/3212 4738/2021/3212
f 4738/2021/3212 4739/2024/3213 4740/2023/3211
f 4744/2026/3214 4741/2025/3215 4742/2023/3216
f 4742/2023/3216 4743/2024/3217 4744/2026/3214
f 4748/2026/3218 4745/2028/3219 4746/2027/3219
f 4746/2027/3219 4747/2025/3219 4748/2026/3218
f 4752/2027/3220 4749/2028/3220 4750/2029/3221
f 4750/2029/3221 4751/2030/3222 4752/2027/3220
f 4756/2030/3223 4753/2029/3224 4754/2031/3225
f 4754/2031/3225 4755/2032/3226 4756/2030/3223
f 4760/2034/3227 4757/2033/3228 4758/2032/3229
f 4758/2032/3229 4759/2031/3228 4760/2034/3227
f 4764/2036/3230 4761/2035/3230 4762/2033/3230
f 4762/2033/3230 4763/2034/3231 4764/2036/3230
s 0
f 4768/2038/3232 4765/2037/3232 4766/2024/3232
f 4766/2024/3232 4767/2021/3232 4768/2038/3232
f 4772/2026/3233 4769/2024/3233 4770/2037/3233
f 4770/2037/3234 4771/2039/3234 4772/2026/3234
f 4776/2026/3235 4773/2039/3235 4774/2040/3235
f 4774/2040/3236 4775/2028/3236 4776/2026/3236
f 4780/2029/3237 4777/2028/3237 4778/2040/3237
f 4778/2040/3237 4779/2041/3237 4780/2029/3237
f 4784/2031/3238 4781/2029/3238 4782/2041/3238
f 4782/2041/3239 4783/2042/3239 4784/2031/3239
f 4788/2031/3240 4785/2042/3240 4786/2043/3240
f 4786/2043/3241 4787/2034/3241 4788/2031/3241
f 4792/2036/3242 4789/2034/3242 4790/2043/3242
f 4790/2043/3242 4791/2044/3242 4792/2036/3242
s 1
f 4796/2045/3243 4793/2037/3243 4794/2038/3243
f 4794/2038/3243 4795/2046/3244 4796/2045/3243
f 4800/2037/3245 4797/2045/3246 4798/2047/3247
f 4798/2047/3247 4799/2039/3246 4800/2037/3245
f 4804/2039/3248 4801/2047/3249 4802/2048/3249
f 4802/2048/3249 4803/2040/3249 4804/2039/3248
f 4808/2040/3250 4805/2048/3251 4806/2049/3251
f 4806/2049/3251 4807/2041/3250 4808/2040/3250
f 4812/2049/3252 4809/2050/3252 4810/2042/3253
f 4810/2042/3253 4811/2041/3252 4812/2049/3252
f 4816/2042/3254 4813/2050/3255 4814/2051/3256
f 4814/2051/3256 4815/2043/3257 4816/2042/3254
f 4820/2051/3258 4817/2052/3259 4818/2044/3259
f 4818/2044/3259 4819/2043/3259 4820/2051/3258
f 4824/2055/3260 4821/2054/3260 4822/2053/3260
f 4822/2053/3260 4823/2056/3260 4824/2055/3260
f 4828/2055/3261 4825/2056/3262 4826/2057/3263
f 4826/2057/3263 4827/2058/3264 4828/2055/3261
f 4832/2057/3265 4829/2060/3266 4830/2059/3267
f 4830/2059/3267 4831/2058/3266 4832/2057/3265
f 4836/2059/3268 4833/2060/3269 4834/2061/3270
f 4834/2061/3270 4835/2062/3271 4836/2059/3268
f 4840/2064/3272 4837/2063/3273 4838/2062/3274
f 4838/2062/3274 4839/2061/3275 4840/2064/3272
f 4844/2065/3276 4841/2063/3277 4842/2064/3278
f 4842/2064/3278 4843/2066/3279 4844/2065/3276
f 4848/2067/3280 4845/2065/3280 4846/2066/3280
f 4846/2066/3280 4847/2068/3280 4848/2067/3280
s 0
f 4852/2070/3281 4849/2069/3281 4850/2056/3281
f 4850/2056/3282 4851/2053/3282 4852/2070/3282
f 4856/2069/3283 4853/2071/3283 4854/2057/3283
f 4854/2057/3283 4855/2056/3283 4856/2069/3283
f 4860/2057/3284 4857/2071/3284 4858/2072/3284
f 4858/2072/3284 4859/2060/3284 4860/2057/3284
f 4864/2073/3285 4861/2061/3285 4862/2060/3285
f 4862/2060/3285 4863/2072/3285 4864/2073/3285
f 4868/2073/3286 4865/2074/3286 4866/2064/3286
f 4866/2064/3286 4867/2061/3286 4868/2073/3286
f 4872/2066/3287 4869/2064/3287 4870/2074/3287
f 4870/2074/3287 4871/2075/3287 4872/2066/3287
f 4876/2068/3288 4873/2066/3288 4874/2075/3288
f 4874/2075/3288 4875/2076/3288 4876/2068/3288
s 1
f 4880/2077/3289 4877/2069/3289 4878/2070/3289
f 4878/2070/3289 4879/2078/3289 4880/2077/3289
f 4884/2071/3290 4881/2069/3291 4882/2077/3292
f 4882/2077/3292 4883/2079/3293 4884/2071/3290
f 4888/2072/3294 4885/2071/3294 4886/2079/3295
f 4886/2079/3295 4887/2080/3296 4888/2072/3294
f 4892/2080/3297 4889/2081/3297 4890/2073/3297
f 4890/2073/3297 4891/2072/3297 4892/2080/3297
f 4896/2073/3298 4893/2081/3299 4894/2082/3300
f 4894/2082/3300 4895/2074/3298 4896/2073/3298
f 4900/2074/3301 4897/2082/3302 4898/2083/3303
f 4898/2083/3303 4899/2075/3304 4900/2074/3301
f 4904/2084/3305 4901/2076/3305 4902/2075/3306
f 4902/2075/3306 4903/2083/3305 4904/2084/3305
f 4908/2087/3307 4905/2086/3308 4906/2085/3309
f 4906/2085/3309 4907/2088/3308 4908/2087/3307
f 4912/2086/3310 4909/2090/3311 4910/2089/3312
f 4910/2089/3312 4911/2085/3310 4912/2086/3310
f 4916/2089/3313 4913/2090/3314 4914/2091/3314
f 4914/2091/3314 4915/2092/3315 4916/2089/3313
f 4920/2091/3316 4917/2094/3317 4918/2093/3317
f 4918/2093/3317 4919/2092/3317 4920/2091/3316
f 4924/2096/3318 4921/2095/3319 4922/2093/3320
f 4922/2093/3320 4923/2094/3321 4924/2096/3318
f 4928/2098/3322 4925/2097/3323 4926/2095/3324
f 4926/2095/3324 4927/2096/3325 4928/2098/3322
f 4932/2099/3326 4929/2097/3326 4930/2098/3326
f 4930/2098/3326 4931/2100/3326 4932/2099/3326
s 0
f 4936/2101/3327 4933/2086/3327 4934/2087/3327
f 4934/2087/3328 4935/2102/3328 4936/2101/3328
f 4940/2086/3329 4937/2101/3329 4938/2103/3329
f 4938/2103/3330 4939/2090/3330 4940/2086/3330
f 4944/2104/3331 4941/2091/3331 4942/2090/3331
f 4942/2090/3331 4943/2103/3331 4944/2104/3331
f 4948/2091/3332 4945/2104/3332 4946/2105/3332
f 4946/2105/3332 4947/2094/3332 4948/2091/3332
f 4952/2105/3333 4949/2106/3333 4950/2096/3333
f 4950/2096/3333 4951/2094/3333 4952/2105/3333
f 4956/2098/3334 4953/2096/3334 4954/2106/3334
s 1
f 4954/2106/3335 4955/2107/3335 4956/2098/3335
s 0
f 4960/2098/3336 4957/2107/3336 4958/2108/3336
f 4958/2108/3336 4959/2100/3336 4960/2098/3336
s 1
f 4964/2109/3337 4961/2101/3337 4962/2102/3338
f 4962/2102/3338 4963/2110/3337 4964/2109/3337
f 4968/2109/3339 4965/2111/3340 4966/2103/3341
f 4966/2103/3341 4967/2101/3340 4968/2109/3339
f 4972/2111/3342 4969/2112/3343 4970/2104/3344
f 4970/2104/3344 4971/2103/3344 4972/2111/3342
f 4976/2112/3345 4973/2113/3346 4974/2105/3347
f 4974/2105/3347 4975/2104/3348 4976/2112/3345
f 4980/2113/3349 4977/2114/3350 4978/2106/3350
f 4978/2106/3350 4979/2105/3351 4980/2113/3349
f 4984/2107/3352 4981/2106/3353 4982/2114/3354
f 4982/2114/3354 4983/2115/3355 4984/2107/3352
f 4988/2115/3356 4985/2116/3356 4986/2108/3356
f 4986/2108/3356 4987/2107/3356 4988/2115/3356
f 4992/2119/3357 4989/2118/3358 4990/2117/3358
f 4990/2117/3358 4991/2120/3358 4992/2119/3357
f 4996/2119/3359 4993/2120/3360 4994/2121/3361
f 4994/2121/3361 4995/2122/3362 4996/2119/3359
f 5000/2123/3363 4997/2122/3363 4998/2121/3364
f 4998/2121/3364 4999/2124/3365 5000/2123/3363
f 5004/2125/3366 5001/2123/3367 5002/2124/3368
f 5002/2124/3368 5003/2126/3369 5004/2125/3366
f 5008/2127/3370 5005/2125/3371 5006/2126/3372
f 5006/2126/3372 5007/2128/3371 5008/2127/3370
f 5012/2129/3373 5009/2127/3374 5010/2128/3375
f 5010/2128/3375 5011/2130/3376 5012/2129/3373
f 5016/2131/3377 5013/2129/3377 5014/2130/3377
f 5014/2130/3377 5015/2132/3377 5016/2131/3377
s 0
f 5020/2133/3378 5017/2120/3378 5018/2117/3378
f 5018/2117/3378 5019/2134/3378 5020/2133/3378
f 5024/2135/3379 5021/2121/3379 5022/2120/3379
f 5022/2120/3380 5023/2133/3380 5024/2135/3380
f 5028/2136/3381 5025/2124/3381 5026/2121/3381
f 5026/2121/3382 5027/2135/3382 5028/2136/3382
f 5032/2136/3383 5029/2137/3383 5030/2126/3383
s 1
f 5030/2126/3383 5031/2124/3383 5032/2136/3383
s 0
f 5036/2128/3384 5033/2126/3384 5034/2137/3384
f 5034/2137/3384 5035/2138/3384 5036/2128/3384
f 5040/2138/3385 5037/2139/3385 5038/2130/3385
f 5038/2130/3385 5039/2128/3385 5040/2138/3385
f 5044/2132/3192 5041/2130/3192 5042/2139/3192
f 5042/2139/3192 5043/2140/3192 5044/2132/3192
s 1
f 5048/2134/3386 5045/2142/3387 5046/2141/3386
f 5046/2141/3386 5047/2133/3387 5048/2134/3386
f 5052/2143/3388 5049/2135/3389 5050/2133/3389
f 5050/2133/3389 5051/2141/3389 5052/2143/3388
f 5056/2135/3390 5053/2143/3391 5054/2144/3391
f 5054/2144/3391 5055/2136/3392 5056/2135/3390
f 5060/2144/3393 5057/2145/3393 5058/2137/3394
f 5058/2137/3394 5059/2136/3393 5060/2144/3393
f 5064/2145/3395 5061/2146/3396 5062/2138/3397
f 5062/2138/3397 5063/2137/3397 5064/2145/3395
f 5068/2139/3398 5065/2138/3399 5066/2146/3400
f 5066/2146/3400 5067/2147/3399 5068/2139/3398
f 5072/2140/3401 5069/2139/3401 5070/2147/3401
f 5070/2147/3401 5071/2148/3401 5072/2140/3401
f 5076/2151/3402 5073/2150/3402 5074/2149/3403
f 5074/2149/3403 5075/2152/3403 5076/2151/3402
f 5080/1990/3404 5077/1991/3404 5078/2149/3405
f 5078/2149/3405 5079/2150/3404 5080/1990/3404
f 5084/2149/3406 5081/2154/3407 5082/2153/3407
f 5082/2153/3407 5083/2152/3406 5084/2149/3406
f 5088/1991/3408 5085/1993/3408 5086/2154/3408
f 5086/2154/3408 5087/2149/3409 5088/1991/3408
f 5092/2154/3410 5089/2156/3410 5090/2155/3410
f 5090/2155/3410 5091/2153/3410 5092/2154/3410
f 5096/2154/3411 5093/1993/3411 5094/1996/3411
f 5094/1996/3411 5095/2156/3411 5096/2154/3411
f 5100/2158/3412 5097/2157/3412 5098/2155/3413
f 5098/2155/3413 5099/2156/3413 5100/2158/3412
f 5104/2158/3414 5101/2156/3415 5102/1996/3414
f 5102/1996/3414 5103/1997/3414 5104/2158/3414
f 5108/2157/3416 5105/2158/3416 5106/2159/3417
f 5106/2159/3417 5107/2160/3418 5108/2157/3416
f 5112/1999/3419 5109/2159/3419 5110/2158/3419
f 5110/2158/3419 5111/1997/3419 5112/1999/3419
f 5116/2159/3420 5113/2162/3420 5114/2161/3420
f 5114/2161/3420 5115/2160/3420 5116/2159/3420
f 5120/2002/3421 5117/2162/3421 5118/2159/3422
f 5118/2159/3422 5119/1999/3422 5120/2002/3421
f 5124/2161/3423 5121/2162/3423 5122/2163/3424
f 5122/2163/3424 5123/2164/3424 5124/2161/3423
f 5128/2003/3425 5125/2163/3425 5126/2162/3426
f 5126/2162/3426 5127/2002/3425 5128/2003/3425
f 5132/2167/3427 5129/2166/3427 5130/2165/3428
f 5130/2165/3428 5131/2168/3428 5132/2167/3427
f 5136/2013/3429 5133/2165/3429 5134/2166/3430
f 5134/2166/3430 5135/2014/3431 5136/2013/3429
f 5140/2014/3432 5137/2166/3432 5138/2169/3432
f 5138/2169/3432 5139/2015/3432 5140/2014/3432
f 5144/2170/3433 5141/2169/3433 5142/2166/3434
f 5142/2166/3434 5143/2167/3434 5144/2170/3433
f 5148/2015/3435 5145/2169/3435 5146/2171/3435
f 5146/2171/3435 5147/2016/3435 5148/2015/3435
f 5152/2172/3436 5149/2171/3436 5150/2169/3437
f 5150/2169/3437 5151/2170/3437 5152/2172/3436
f 5156/2016/3438 5153/2171/3438 5154/2173/3438
f 5154/2173/3438 5155/2017/3438 5156/2016/3438
f 5160/2172/3439 5157/2174/3440 5158/2173/3440
f 5158/2173/3440 5159/2171/3441 5160/2172/3439
f 5164/2018/3442 5161/2017/3443 5162/2173/3443
f 5162/2173/3443 5163/2175/3442 5164/2018/3442
f 5168/2174/3444 5165/2176/3445 5166/2175/3445
f 5166/2175/3445 5167/2173/3444 5168/2174/3444
f 5172/2019/3446 5169/2018/3446 5170/2175/3446
f 5170/2175/3446 5171/2177/3446 5172/2019/3446
f 5176/2176/3447 5173/2178/3448 5174/2177/3448
f 5174/2177/3448 5175/2175/3447 5176/2176/3447
f 5180/2019/3449 5177/2177/3449 5178/2179/3449
f 5178/2179/3449 5179/2020/3449 5180/2019/3449
f 5184/2178/3450 5181/2180/3451 5182/2179/3451
f 5182/2179/3451 5183/2177/3450 5184/2178/3450
f 5188/2183/3452 5185/2182/3452 5186/2181/3452
f 5186/2181/3452 5187/2184/3453 5188/2183/3452
f 5192/2182/3454 5189/2045/3454 5190/2046/3455
f 5190/2046/3455 5191/2181/3455 5192/2182/3454
f 5196/2182/3456 5193/2185/3456 5194/2047/3456
f 5194/2047/3456 5195/2045/3456 5196/2182/3456
f 5200/2185/3457 5197/2182/3458 5198/2183/3458
f 5198/2183/3458 5199/2186/3459 5200/2185/3457
f 5204/2048/3460 5201/2047/3461 5202/2185/3461
f 5202/2185/3461 5203/2187/3460 5204/2048/3460
f 5208/2187/3462 5205/2185/3463 5206/2186/3463
f 5206/2186/3463 5207/2188/3462 5208/2187/3462
f 5212/2187/3464 5209/2189/3465 5210/2049/3466
f 5210/2049/3466 5211/2048/3464 5212/2187/3464
f 5216/2189/3467 5213/2187/3468 5214/2188/3468
f 5214/2188/3468 5215/2190/3469 5216/2189/3467
f 5220/2049/3470 5217/2189/3470 5218/2191/3471
f 5218/2191/3471 5219/2050/3470 5220/2049/3470
f 5224/2191/3472 5221/2189/3473 5222/2190/3472
f 5222/2190/3472 5223/2192/3474 5224/2191/3472
f 5228/2193/3475 5225/2051/3475 5226/2050/3475
f 5226/2050/3475 5227/2191/3475 5228/2193/3475
f 5232/2194/3476 5229/2193/3476 5230/2191/3477
f 5230/2191/3477 5231/2192/3477 5232/2194/3476
f 5236/2051/3478 5233/2193/3478 5234/2195/3479
f 5234/2195/3479 5235/2052/3479 5236/2051/3478
f 5240/2195/3480 5237/2193/3481 5238/2194/3481
f 5238/2194/3481 5239/2196/3480 5240/2195/3480
f 5244/2199/3482 5241/2198/3482 5242/2197/3483
f 5242/2197/3483 5243/2200/3483 5244/2199/3482
f 5248/2200/3484 5245/2077/3484 5246/2078/3484
f 5246/2078/3484 5247/2199/3484 5248/2200/3484
f 5252/2201/3485 5249/2079/3485 5250/2077/3485
f 5250/2077/3485 5251/2200/3485 5252/2201/3485
f 5256/2197/3486 5253/2202/3486 5254/2201/3486
f 5254/2201/3486 5255/2200/3486 5256/2197/3486
f 5260/2203/3487 5257/2080/3488 5258/2079/3488
f 5258/2079/3488 5259/2201/3488 5260/2203/3487
f 5264/2202/3489 5261/2204/3490 5262/2203/3490
f 5262/2203/3490 5263/2201/3489 5264/2202/3489
f 5268/2080/3491 5265/2203/3492 5266/2205/3491
f 5266/2205/3491 5267/2081/3491 5268/2080/3491
f 5272/2203/3493 5269/2204/3493 5270/2206/3494
f 5270/2206/3494 5271/2205/3494 5272/2203/3493
f 5276/2082/3495 5273/2081/3495 5274/2205/3496
f 5274/2205/3496 5275/2207/3495 5276/2082/3495
f 5280/2206/3497 5277/2208/3498 5278/2207/3498
f 5278/2207/3498 5279/2205/3497 5280/2206/3497
f 5284/2207/3499 5281/2209/3499 5282/2083/3499
f 5282/2083/3499 5283/2082/3499 5284/2207/3499
f 5288/2209/3500 5285/2207/3500 5286/2208/3500
f 5286/2208/3500 5287/2210/3500 5288/2209/3500
f 5292/2211/3501 5289/2084/3502 5290/2083/3501
f 5290/2083/3501 5291/2209/3501 5292/2211/3501
f 5296/2211/3503 5293/2209/3504 5294/2210/3504
f 5294/2210/3504 5295/2212/3503 5296/2211/3503
f 5300/2215/3505 5297/2214/3505 5298/2213/3505
f 5298/2213/3505 5299/2216/3505 5300/2215/3505
f 5304/2213/3506 5301/2109/3506 5302/2110/3506
f 5302/2110/3506 5303/2216/3506 5304/2213/3506
f 5308/2217/3507 5305/2111/3507 5306/2109/3507
f 5306/2109/3507 5307/2213/3507 5308/2217/3507
f 5312/2218/3508 5309/2217/3509 5310/2213/3510
f 5310/2213/3510 5311/2214/3508 5312/2218/3508
f 5316/2217/3511 5313/2219/3511 5314/2112/3511
f 5314/2112/3511 5315/2111/3511 5316/2217/3511
f 5320/2217/3512 5317/2218/3512 5318/2220/3513
f 5318/2220/3513 5319/2219/3513 5320/2217/3512
f 5324/2113/3514 5321/2112/3515 5322/2219/3515
f 5322/2219/3515 5323/2221/3516 5324/2113/3514
f 5328/2220/3517 5325/2222/3518 5326/2221/3518
f 5326/2221/3518 5327/2219/3517 5328/2220/3517
f 5332/2113/3519 5329/2221/3519 5330/2223/3519
f 5330/2223/3519 5331/2114/3519 5332/2113/3519
f 5336/2223/3520 5333/2221/3521 5334/2222/3521
f 5334/2222/3521 5335/2224/3520 5336/2223/3520
f 5340/2225/3522 5337/2115/3522 5338/2114/3522
f 5338/2114/3522 5339/2223/3522 5340/2225/3522
f 5344/2224/3523 5341/2226/3523 5342/2225/3523
f 5342/2225/3523 5343/2223/3524 5344/2224/3523
f 5348/2227/3525 5345/2116/3526 5346/2115/3525
f 5346/2115/3525 5347/2225/3525 5348/2227/3525
f 5352/2227/3527 5349/2225/3528 5350/2226/3528
f 5350/2226/3528 5351/2228/3529 5352/2227/3527
f 5356/2229/3530 5353/2141/3530 5354/2142/3531
f 5354/2142/3531 5355/2230/3531 5356/2229/3530
f 5360/2231/3532 5357/2229/3532 5358/2230/3532
f 5358/2230/3532 5359/2232/3533 5360/2231/3532
f 5364/2141/3534 5361/2229/3534 5362/2233/3534
f 5362/2233/3534 5363/2143/3535 5364/2141/3534
f 5368/2233/3536 5365/2229/3537 5366/2231/3538
f 5366/2231/3538 5367/2234/3539 5368/2233/3536
f 5372/2233/3540 5369/2235/3540 5370/2144/3541
f 5370/2144/3541 5371/2143/3540 5372/2233/3540
f 5376/2234/3542 5373/2236/3543 5374/2235/3543
f 5374/2235/3543 5375/2233/3542 5376/2234/3542
f 5380/2237/3544 5377/2145/3545 5378/2144/3546
f 5378/2144/3546 5379/2235/3544 5380/2237/3544
f 5384/2236/3547 5381/2238/3548 5382/2237/3547
f 5382/2237/3547 5383/2235/3547 5384/2236/3547
f 5388/2145/3549 5385/2237/3549 5386/2239/3549
f 5386/2239/3549 5387/2146/3549 5388/2145/3549
f 5392/2239/3550 5389/2237/3551 5390/2238/3550
f 5390/2238/3550 5391/2240/3552 5392/2239/3550
f 5396/2241/3553 5393/2147/3553 5394/2146/3553
f 5394/2146/3553 5395/2239/3553 5396/2241/3553
f 5400/2242/3554 5397/2241/3554 5398/2239/3555
f 5398/2239/3555 5399/2240/3555 5400/2242/3554
f 5404/2148/3556 5401/2147/3556 5402/2241/3556
f 5402/2241/3556 5403/2243/3556 5404/2148/3556
f 5408/2244/3557 5405/2243/3557 5406/2241/3558
f 5406/2241/3558 5407/2242/3558 5408/2244/3557
f 5412/2023/3559 5409/2246/3559 5410/2245/3559
f 5410/2245/3559 5411/2022/3559 5412/2023/3559
f 5416/2247/3560 5413/2245/3560 5414/2246/3561
f 5414/2246/3561 5415/2248/3561 5416/2247/3560
f 5420/2248/3562 5417/2246/3562 5418/2249/3563
f 5418/2249/3563 5419/2250/3563 5420/2248/3562
f 5424/2025/3564 5421/2249/3565 5422/2246/3564
f 5422/2246/3564 5423/2023/3564 5424/2025/3564
f 5428/2249/3566 5425/2252/3567 5426/2251/3568
f 5426/2251/3568 5427/2250/3566 5428/2249/3566
f 5432/2025/3569 5429/2027/3569 5430/2252/3570
f 5430/2252/3570 5431/2249/3569 5432/2025/3569
f 5436/2254/3571 5433/2253/3571 5434/2251/3572
f 5434/2251/3572 5435/2252/3572 5436/2254/3571
f 5440/2254/3573 5437/2252/3573 5438/2027/3573
f 5438/2027/3573 5439/2030/3574 5440/2254/3573
f 5444/2253/3575 5441/2254/3576 5442/2255/3577
f 5442/2255/3577 5443/2256/3577 5444/2253/3575
f 5448/2032/3578 5445/2255/3578 5446/2254/3578
f 5446/2254/3578 5447/2030/3578 5448/2032/3578
f 5452/2256/3579 5449/2255/3579 5450/2257/3580
f 5450/2257/3580 5451/2258/3580 5452/2256/3579
f 5456/2033/3581 5453/2257/3581 5454/2255/3581
f 5454/2255/3581 5455/2032/3581 5456/2033/3581
f 5460/2258/3582 5457/2257/3582 5458/2259/3583
f 5458/2259/3583 5459/2260/3583 5460/2258/3582
f 5464/2035/3584 5461/2259/3584 5462/2257/3584
f 5462/2257/3584 5463/2033/3584 5464/2035/3584
f 5468/2055/3585 5465/2262/3585 5466/2261/3586
f 5466/2261/3586 5467/2054/3587 5468/2055/3585
f 5472/2261/3588 5469/2262/3589 5470/2263/3589
f 5470/2263/3589 5471/2264/3589 5472/2261/3588
f 5476/2265/3590 5473/2263/3591 5474/2262/3592
f 5474/2262/3592 5475/2266/3590 5476/2265/3590
f 5480/2058/3593 5477/2266/3593 5478/2262/3593
f 5478/2262/3593 5479/2055/3593 5480/2058/3593
f 5484/2265/3594 5481/2266/3595 5482/2267/3596
f 5482/2267/3596 5483/2268/3596 5484/2265/3594
f 5488/2059/3597 5485/2267/3597 5486/2266/3598
f 5486/2266/3598 5487/2058/3597 5488/2059/3597
f 5492/2268/3599 5489/2267/3599 5490/2269/3600
f 5490/2269/3600 5491/2270/3600 5492/2268/3599
f 5496/2062/3601 5493/2269/3601 5494/2267/3601
f 5494/2267/3601 5495/2059/3601 5496/2062/3601
f 5500/2270/3602 5497/2269/3602 5498/2271/3603
f 5498/2271/3603 5499/2272/3603 5500/2270/3602
f 5504/2063/3604 5501/2271/3604 5502/2269/3604
f 5502/2269/3604 5503/2062/3604 5504/2063/3604
f 5508/2272/3605 5505/2271/3605 5506/2273/3606
f 5506/2273/3606 5507/2274/3606 5508/2272/3605
f 5512/2065/3607 5509/2273/3607 5510/2271/3607
f 5510/2271/3607 5511/2063/3607 5512/2065/3607
f 5516/2273/3608 5513/2276/3609 5514/2275/3609
f 5514/2275/3609 5515/2274/3610 5516/2273/3608
f 5520/2276/3611 5517/2273/3612 5518/2065/3612
f 5518/2065/3612 5519/2067/3611 5520/2276/3611
f 5524/2278/3613 5521/2277/3613 5522/2088/3613
f 5522/2088/3613 5523/2085/3613 5524/2278/3613
f 5528/2278/3614 5525/2280/3615 5526/2279/3616
f 5526/2279/3616 5527/2277/3616 5528/2278/3614
f 5532/2282/3617 5529/2281/3617 5530/2280/3618
f 5530/2280/3618 5531/2278/3618 5532/2282/3617
f 5536/2278/3619 5533/2085/3620 5534/2089/3620
f 5534/2089/3620 5535/2282/3619 5536/2278/3619
f 5540/2284/3621 5537/2283/3621 5538/2281/3622
f 5538/2281/3622 5539/2282/3622 5540/2284/3621
f 5544/2282/3623 5541/2089/3623 5542/2092/3623
f 5542/2092/3623 5543/2284/3623 5544/2282/3623
f 5548/2284/3624 5545/2286/3624 5546/2285/3624
f 5546/2285/3624 5547/2283/3625 5548/2284/3624
f 5552/2284/3626 5549/2092/3626 5550/2093/3626
f 5550/2093/3626 5551/2286/3626 5552/2284/3626
f 5556/2288/3627 5553/2287/3627 5554/2285/3627
f 5554/2285/3627 5555/2286/3627 5556/2288/3627
f 5560/2093/3628 5557/2095/3628 5558/2288/3628
f 5558/2288/3628 5559/2286/3628 5560/2093/3628
f 5564/2288/3629 5561/2290/3630 5562/2289/3631
f 5562/2289/3631 5563/2287/3629 5564/2288/3629
f 5568/2097/3632 5565/2290/3632 5566/2288/3632
f 5566/2288/3632 5567/2095/3632 5568/2097/3632
f 5572/2292/3633 5569/2291/3633 5570/2289/3634
f 5570/2289/3634 5571/2290/3634 5572/2292/3633
f 5576/2290/3635 5573/2097/3635 5574/2099/3635
f 5574/2099/3635 5575/2292/3635 5576/2290/3635
f 5580/2294/3636 5577/2293/3637 5578/2118/3637
f 5578/2118/3637 5579/2119/3636 5580/2294/3636
f 5584/2294/3638 5581/2296/3638 5582/2295/3639
f 5582/2295/3639 5583/2293/3639 5584/2294/3638
f 5588/2297/3640 5585/2296/3640 5586/2294/3640
f 5586/2294/3640 5587/2298/3641 5588/2297/3640
f 5592/2294/3642 5589/2119/3642 5590/2122/3642
f 5590/2122/3642 5591/2298/3642 5592/2294/3642
f 5596/2298/3643 5593/2300/3643 5594/2299/3643
f 5594/2299/3643 5595/2297/3643 5596/2298/3643
f 5600/2298/3644 5597/2122/3644 5598/2123/3644
f 5598/2123/3644 5599/2300/3644 5600/2298/3644
f 5604/2299/3645 5601/2300/3645 5602/2301/3645
f 5602/2301/3645 5603/2302/3645 5604/2299/3645
f 5608/2125/3646 5605/2301/3646 5606/2300/3647
f 5606/2300/3647 5607/2123/3648 5608/2125/3646
f 5612/2304/3649 5609/2303/3650 5610/2302/3649
f 5610/2302/3649 5611/2301/3651 5612/2304/3649
f 5616/2301/3652 5613/2125/3652 5614/2127/3652
f 5614/2127/3652 5615/2304/3652 5616/2301/3652
f 5620/2306/3653 5617/2305/3653 5618/2303/3654
f 5618/2303/3654 5619/2304/3654 5620/2306/3653
f 5624/2306/3655 5621/2304/3655 5622/2127/3655
f 5622/2127/3655 5623/2129/3655 5624/2306/3655
f 5628/2308/3656 5625/2307/3656 5626/2305/3657
f 5626/2305/3657 5627/2306/3658 5628/2308/3656
f 5632/2308/3659 5629/2306/3659 5630/2129/3659
f 5630/2129/3659 5631/2131/3659 5632/2308/3659
f 5636/1991/3165 5633/1990/3166 5634/1989/3166
f 5634/1989/3166 5635/1992/3165 5636/1991/3165
f 5640/1994/3660 5637/1993/3661 5638/1991/3662
f 5638/1991/3662 5639/1992/3661 5640/1994/3660
f 5644/1993/3663 5641/1994/3171 5642/1995/3664
f 5642/1995/3664 5643/1996/3665 5644/1993/3663
f 5648/1995/3174 5645/1998/3172 5646/1997/3172
f 5646/1997/3172 5647/1996/3173 5648/1995/3174
f 5652/1999/3176 5649/1997/3176 5650/1998/3666
f 5650/1998/3666 5651/2000/3667 5652/1999/3176
f 5656/1999/3177 5653/2000/3668 5654/2001/3668
f 5654/2001/3668 5655/2002/3178 5656/1999/3177
f 5660/2003/3181 5657/2002/3181 5658/2001/3181
f 5658/2001/3181 5659/2004/3181 5660/2003/3181
s 0
f 5664/2006/3182 5661/2005/3182 5662/1992/3182
f 5662/1992/3182 5663/1989/3182 5664/2006/3182
f 5668/1994/3183 5665/1992/3183 5666/2005/3183
s 1
f 5666/2005/3183 5667/2007/3183 5668/1994/3183
s 0
f 5672/2007/3186 5669/2008/3186 5670/1995/3186
f 5670/1995/3186 5671/1994/3186 5672/2007/3186
f 5676/2009/3669 5673/1998/3669 5674/1995/3669
f 5674/1995/3188 5675/2008/3188 5676/2009/3188
f 5680/2010/3189 5677/2000/3189 5678/1998/3189
f 5678/1998/3670 5679/2009/3670 5680/2010/3670
f 5684/2000/3191 5681/2010/3191 5682/2011/3191
f 5682/2011/3191 5683/2001/3191 5684/2000/3191
f 5688/2001/3192 5685/2011/3192 5686/2012/3192
f 5686/2012/3671 5687/2004/3671 5688/2001/3671
s 1
f 5692/2005/3193 5689/2006/3672 5690/2013/3672
f 5690/2013/3672 5691/2014/3194 5692/2005/3193
f 5696/2014/3196 5693/2015/3195 5694/2007/3197
f 5694/2007/3197 5695/2005/3195 5696/2014/3196
f 5700/2007/3673 5697/2015/3200 5698/2016/3200
f 5698/2016/3200 5699/2008/3199 5700/2007/3673
f 5704/2017/3674 5701/2009/3201 5702/2008/3675
f 5702/2008/3675 5703/2016/3204 5704/2017/3674
f 5708/2010/3676 5705/2009/3677 5706/2017/3678
f 5706/2017/3678 5707/2018/3206 5708/2010/3676
f 5712/2010/3679 5709/2018/3680 5710/2019/3681
f 5710/2019/3681 5711/2011/3682 5712/2010/3679
f 5716/2019/3683 5713/2020/3210 5714/2012/3210
f 5714/2012/3210 5715/2011/3210 5716/2019/3683
f 5720/2023/3212 5717/2022/3213 5718/2021/3212
f 5718/2021/3212 5719/2024/3213 5720/2023/3212
f 5724/2026/3684 5721/2025/3217 5722/2023/3216
f 5722/2023/3216 5723/2024/3217 5724/2026/3684
f 5728/2026/3685 5725/2028/3219 5726/2027/3686
f 5726/2027/3686 5727/2025/3219 5728/2026/3685
f 5732/2027/3222 5729/2028/3220 5730/2029/3221
f 5730/2029/3221 5731/2030/3220 5732/2027/3222
f 5736/2030/3223 5733/2029/3225 5734/2031/3687
f 5734/2031/3687 5735/2032/3687 5736/2030/3223
f 5740/2034/3688 5737/2033/3227 5738/2032/3689
f 5738/2032/3689 5739/2031/3690 5740/2034/3688
f 5744/2036/3230 5741/2035/3230 5742/2033/3230
f 5742/2033/3230 5743/2034/3231 5744/2036/3230
s 0
f 5748/2038/3232 5745/2037/3232 5746/2024/3232
f 5746/2024/3232 5747/2021/3232 5748/2038/3232
f 5752/2026/3234 5749/2024/3234 5750/2037/3234
f 5750/2037/3234 5751/2039/3234 5752/2026/3234
f 5756/2026/3235 5753/2039/3235 5754/2040/3235
f 5754/2040/3235 5755/2028/3235 5756/2026/3235
f 5760/2029/3237 5757/2028/3237 5758/2040/3237
f 5758/2040/3691 5759/2041/3691 5760/2029/3691
f 5764/2031/3692 5761/2029/3692 5762/2041/3692
f 5762/2041/3239 5763/2042/3239 5764/2031/3239
f 5768/2031/3240 5765/2042/3240 5766/2043/3240
f 5766/2043/3241 5767/2034/3241 5768/2031/3241
f 5772/2036/3242 5769/2034/3242 5770/2043/3242
f 5770/2043/3242 5771/2044/3242 5772/2036/3242
s 1
f 5776/2045/3693 5773/2037/3243 5774/2038/3243
f 5774/2038/3243 5775/2046/3243 5776/2045/3693
f 5780/2037/3694 5777/2045/3245 5778/2047/3695
f 5778/2047/3695 5779/2039/3696 5780/2037/3694
f 5784/2039/3248 5781/2047/3697 5782/2048/3249
f 5782/2048/3249 5783/2040/3249 5784/2039/3248
f 5788/2040/3698 5785/2048/3699 5786/2049/3700
f 5786/2049/3700 5787/2041/3699 5788/2040/3698
f 5792/2049/3701 5789/2050/3253 5790/2042/3702
f 5790/2042/3702 5791/2041/3703 5792/2049/3701
f 5796/2042/3704 5793/2050/3257 5794/2051/3705
f 5794/2051/3705 5795/2043/3255 5796/2042/3704
f 5800/2051/3258 5797/2052/3259 5798/2044/3259
f 5798/2044/3259 5799/2043/3259 5800/2051/3258
f 5804/2055/3706 5801/2054/3260 5802/2053/3260
f 5802/2053/3260 5803/2056/3260 5804/2055/3706
f 5808/2055/3707 5805/2056/3262 5806/2057/3263
f 5806/2057/3263 5807/2058/3262 5808/2055/3707
f 5812/2057/3265 5809/2060/3266 5810/2059/3708
f 5810/2059/3708 5811/2058/3267 5812/2057/3265
f 5816/2059/3709 5813/2060/3270 5814/2061/3269
f 5814/2061/3269 5815/2062/3710 5816/2059/3709
f 5820/2064/3275 5817/2063/3711 5818/2062/3712
f 5818/2062/3712 5819/2061/3275 5820/2064/3275
s 0
f 5824/2065/3713 5821/2063/3713 5822/2064/3713
s 1
f 5822/2064/3714 5823/2066/3714 5824/2065/3714
f 5828/2067/3280 5825/2065/3280 5826/2066/3280
f 5826/2066/3280 5827/2068/3280 5828/2067/3280
s 0
f 5832/2070/3281 5829/2069/3281 5830/2056/3281
f 5830/2056/3281 5831/2053/3281 5832/2070/3281
f 5836/2069/3715 5833/2071/3715 5834/2057/3715
f 5834/2057/3715 5835/2056/3715 5836/2069/3715
f 5840/2057/3284 5837/2071/3284 5838/2072/3284
f 5838/2072/3284 5839/2060/3284 5840/2057/3284
f 5844/2073/3716 5841/2061/3716 5842/2060/3716
f 5842/2060/3716 5843/2072/3716 5844/2073/3716
f 5848/2073/3717 5845/2074/3717 5846/2064/3717
f 5846/2064/3717 5847/2061/3717 5848/2073/3717
f 5852/2066/3287 5849/2064/3287 5850/2074/3287
f 5850/2074/3287 5851/2075/3287 5852/2066/3287
f 5856/2068/3288 5853/2066/3288 5854/2075/3288
f 5854/2075/3288 5855/2076/3288 5856/2068/3288
s 1
f 5860/2077/3718 5857/2069/3289 5858/2070/3719
f 5858/2070/3719 5859/2078/3289 5860/2077/3718
f 5864/2071/3720 5861/2069/3291 5862/2077/3291
f 5862/2077/3291 5863/2079/3292 5864/2071/3720
f 5868/2072/3294 5865/2071/3294 5866/2079/3295
f 5866/2079/3295 5867/2080/3296 5868/2072/3294
f 5872/2080/3721 5869/2081/3721 5870/2073/3722
f 5870/2073/3722 5871/2072/3297 5872/2080/3721
f 5876/2073/3298 5873/2081/3299 5874/2082/3723
f 5874/2082/3723 5875/2074/3298 5876/2073/3298
s 0
f 5880/2074/3302 5877/2082/3302 5878/2083/3302
s 1
f 5878/2083/3304 5879/2075/3304 5880/2074/3304
f 5884/2084/3305 5881/2076/3305 5882/2075/3305
f 5882/2075/3305 5883/2083/3306 5884/2084/3305
f 5888/2087/3308 5885/2086/3308 5886/2085/3309
f 5886/2085/3309 5887/2088/3307 5888/2087/3308
f 5892/2086/3312 5889/2090/3310 5890/2089/3724
f 5890/2089/3724 5891/2085/3311 5892/2086/3312
f 5896/2089/3313 5893/2090/3314 5894/2091/3314
f 5894/2091/3314 5895/2092/3314 5896/2089/3313
f 5900/2091/3725 5897/2094/3726 5898/2093/3727
f 5898/2093/3727 5899/2092/3316 5900/2091/3725
f 5904/2096/3728 5901/2095/3319 5902/2093/3729
f 5902/2093/3729 5903/2094/3730 5904/2096/3728
f 5908/2098/3731 5905/2097/3732 5906/2095/3324
f 5906/2095/3324 5907/2096/3325 5908/2098/3731
f 5912/2099/3733 5909/2097/3326 5910/2098/3326
f 5910/2098/3326 5911/2100/3733 5912/2099/3733
s 0
f 5916/2101/3327 5913/2086/3327 5914/2087/3327
f 5914/2087/3328 5915/2102/3328 5916/2101/3328
f 5920/2086/3330 5917/2101/3330 5918/2103/3330
f 5918/2103/3329 5919/2090/3329 5920/2086/3329
f 5924/2104/3734 5921/2091/3734 5922/2090/3734
s 1
f 5922/2090/3331 5923/2103/3331 5924/2104/3331
s 0
f 5928/2091/3332 5925/2104/3332 5926/2105/3332
f 5926/2105/3735 5927/2094/3735 5928/2091/3735
f 5932/2105/3736 5929/2106/3736 5930/2096/3736
f 5930/2096/3333 5931/2094/3333 5932/2105/3333
f 5936/2098/3335 5933/2096/3335 5934/2106/3335
f 5934/2106/3737 5935/2107/3737 5936/2098/3737
f 5940/2098/3336 5937/2107/3336 5938/2108/3336
f 5938/2108/3336 5939/2100/3336 5940/2098/3336
s 1
f 5944/2109/3738 5941/2101/3337 5942/2102/3338
f 5942/2102/3338 5943/2110/3337 5944/2109/3738
f 5948/2109/3339 5945/2111/3739 5946/2103/3740
f 5946/2103/3740 5947/2101/3741 5948/2109/3339
f 5952/2111/3742 5949/2112/3743 5950/2104/3344
f 5950/2104/3344 5951/2103/3344 5952/2111/3742
f 5956/2112/3345 5953/2113/3346 5954/2105/3744
f 5954/2105/3744 5955/2104/3347 5956/2112/3345
f 5960/2113/3745 5957/2114/3350 5958/2106/3745
f 5958/2106/3745 5959/2105/3745 5960/2113/3745
f 5964/2107/3355 5961/2106/3355 5962/2114/3746
f 5962/2114/3746 5963/2115/3747 5964/2107/3355
f 5968/2115/3356 5965/2116/3748 5966/2108/3356
f 5966/2108/3356 5967/2107/3356 5968/2115/3356
f 5972/2119/3749 5969/2118/3358 5970/2117/3357
f 5970/2117/3357 5971/2120/3357 5972/2119/3749
f 5976/2119/3360 5973/2120/3360 5974/2121/3361
f 5974/2121/3361 5975/2122/3750 5976/2119/3360
f 5980/2123/3363 5977/2122/3365 5978/2121/3751
f 5978/2121/3751 5979/2124/3363 5980/2123/3363
f 5984/2125/3752 5981/2123/3367 5982/2124/3753
f 5982/2124/3753 5983/2126/3367 5984/2125/3752
f 5988/2127/3372 5985/2125/3754 5986/2126/3371
f 5986/2126/3371 5987/2128/3755 5988/2127/3372
f 5992/2129/3756 5989/2127/3375 5990/2128/3757
f 5990/2128/3757 5991/2130/3374 5992/2129/3756
f 5996/2131/3377 5993/2129/3377 5994/2130/3377
f 5994/2130/3377 5995/2132/3377 5996/2131/3377
s 0
f 6000/2133/3378 5997/2120/3378 5998/2117/3378
f 5998/2117/3378 5999/2134/3378 6000/2133/3378
s 1
f 6004/2135/3379 6001/2121/3379 6002/2120/3379
s 0
f 6002/2120/3379 6003/2133/3379 6004/2135/3379
f 6008/2136/3382 6005/2124/3382 6006/2121/3382
f 6006/2121/3382 6007/2135/3382 6008/2136/3382
f 6012/2136/3758 6009/2137/3758 6010/2126/3758
f 6010/2126/3383 6011/2124/3383 6012/2136/3383
f 6016/2128/3384 6013/2126/3384 6014/2137/3384
f 6014/2137/3759 6015/2138/3759 6016/2128/3759
f 6020/2138/3760 6017/2139/3760 6018/2130/3760
f 6018/2130/3385 6019/2128/3385 6020/2138/3385
f 6024/2132/3192 6021/2130/3192 6022/2139/3192
f 6022/2139/3192 6023/2140/3192 6024/2132/3192
s 1
f 6028/2134/3387 6025/2142/3386 6026/2141/3761
f 6026/2141/3761 6027/2133/3386 6028/2134/3387
f 6032/2143/3388 6029/2135/3389 6030/2133/3762
f 6030/2133/3762 6031/2141/3763 6032/2143/3388
f 6036/2135/3390 6033/2143/3392 6034/2144/3764
f 6034/2144/3764 6035/2136/3391 6036/2135/3390
f 6040/2144/3765 6037/2145/3766 6038/2137/3767
f 6038/2137/3767 6039/2136/3766 6040/2144/3765
f 6044/2145/3768 6041/2146/3769 6042/2138/3770
f 6042/2138/3770 6043/2137/3771 6044/2145/3768
f 6048/2139/3772 6045/2138/3773 6046/2146/3400
f 6046/2146/3400 6047/2147/3774 6048/2139/3772
f 6052/2140/3401 6049/2139/3401 6050/2147/3401
f 6050/2147/3401 6051/2148/3401 6052/2140/3401
f 6056/2151/3402 6053/2150/3775 6054/2149/3402
f 6054/2149/3402 6055/2152/3402 6056/2151/3402
f 6060/1990/3405 6057/1991/3404 6058/2149/3405
f 6058/2149/3405 6059/2150/3405 6060/1990/3405
f 6064/2149/3407 6061/2154/3407 6062/2153/3776
f 6062/2153/3776 6063/2152/3407 6064/2149/3407
f 6068/1991/3408 6065/1993/3408 6066/2154/3408
f 6066/2154/3408 6067/2149/3408 6068/1991/3408
f 6072/2154/3410 6069/2156/3410 6070/2155/3410
f 6070/2155/3410 6071/2153/3410 6072/2154/3410
f 6076/2154/3411 6073/1993/3411 6074/1996/3411
f 6074/1996/3411 6075/2156/3411 6076/2154/3411
f 6080/2158/3777 6077/2157/3412 6078/2155/3412
f 6078/2155/3412 6079/2156/3413 6080/2158/3777
f 6084/2158/3414 6081/2156/3415 6082/1996/3414
f 6082/1996/3414 6083/1997/3414 6084/2158/3414
f 6088/2157/3416 6085/2158/3778 6086/2159/3418
f 6086/2159/3418 6087/2160/3417 6088/2157/3416
f 6092/1999/3419 6089/2159/3419 6090/2158/3419
f 6090/2158/3419 6091/1997/3419 6092/1999/3419
f 6096/2159/3420 6093/2162/3779 6094/2161/3779
f 6094/2161/3779 6095/2160/3420 6096/2159/3420
f 6100/2002/3422 6097/2162/3422 6098/2159/3421
f 6098/2159/3421 6099/1999/3422 6100/2002/3422
f 6104/2161/3424 6101/2162/3424 6102/2163/3424
f 6102/2163/3424 6103/2164/3780 6104/2161/3424
f 6108/2003/3425 6105/2163/3425 6106/2162/3425
f 6106/2162/3425 6107/2002/3425 6108/2003/3425
f 6112/2167/3428 6109/2166/3428 6110/2165/3428
f 6110/2165/3428 6111/2168/3428 6112/2167/3428
f 6116/2013/3429 6113/2165/3429 6114/2166/3430
f 6114/2166/3430 6115/2014/3430 6116/2013/3429
f 6120/2014/3432 6117/2166/3432 6118/2169/3432
f 6118/2169/3432 6119/2015/3432 6120/2014/3432
f 6124/2170/3781 6121/2169/3781 6122/2166/3781
f 6122/2166/3781 6123/2167/3781 6124/2170/3781
f 6128/2015/3435 6125/2169/3435 6126/2171/3435
f 6126/2171/3435 6127/2016/3435 6128/2015/3435
f 6132/2172/3437 6129/2171/3437 6130/2169/3782
f 6130/2169/3782 6131/2170/3782 6132/2172/3437
f 6136/2016/3438 6133/2171/3783 6134/2173/3783
f 6134/2173/3783 6135/2017/3784 6136/2016/3438
f 6140/2172/3439 6137/2174/3785 6138/2173/3785
f 6138/2173/3785 6139/2171/3439 6140/2172/3439
f 6144/2018/3442 6141/2017/3442 6142/2173/3442
f 6142/2173/3442 6143/2175/3443 6144/2018/3442
f 6148/2174/3786 6145/2176/3787 6146/2175/3788
f 6146/2175/3788 6147/2173/3444 6148/2174/3786
f 6152/2019/3446 6149/2018/3446 6150/2175/3446
f 6150/2175/3446 6151/2177/3446 6152/2019/3446
f 6156/2176/3448 6153/2178/3789 6154/2177/3789
f 6154/2177/3789 6155/2175/3448 6156/2176/3448
f 6160/2019/3449 6157/2177/3449 6158/2179/3449
f 6158/2179/3449 6159/2020/3449 6160/2019/3449
f 6164/2178/3450 6161/2180/3451 6162/2179/3451
f 6162/2179/3451 6163/2177/3450 6164/2178/3450
f 6168/2183/3452 6165/2182/3452 6166/2181/3790
f 6166/2181/3790 6167/2184/3791 6168/2183/3452
f 6172/2182/3455 6169/2045/3455 6170/2046/3454
f 6170/2046/3454 6171/2181/3455 6172/2182/3455
f 6176/2182/3456 6173/2185/3456 6174/2047/3456
f 6174/2047/3456 6175/2045/3456 6176/2182/3456
f 6180/2185/3792 6177/2182/3457 6178/2183/3457
f 6178/2183/3457 6179/2186/3792 6180/2185/3792
f 6184/2048/3461 6181/2047/3460 6182/2185/3461
f 6182/2185/3461 6183/2187/3461 6184/2048/3461
f 6188/2187/3463 6185/2185/3463 6186/2186/3462
f 6186/2186/3462 6187/2188/3463 6188/2187/3463
f 6192/2187/3464 6189/2189/3466 6190/2049/3465
f 6190/2049/3465 6191/2048/3464 6192/2187/3464
f 6196/2189/3467 6193/2187/3467 6194/2188/3467
f 6194/2188/3467 6195/2190/3467 6196/2189/3467
f 6200/2049/3470 6197/2189/3470 6198/2191/3470
f 6198/2191/3470 6199/2050/3470 6200/2049/3470
f 6204/2191/3473 6201/2189/3474 6202/2190/3474
f 6202/2190/3474 6203/2192/3474 6204/2191/3473
f 6208/2193/3793 6205/2051/3793 6206/2050/3793
f 6206/2050/3793 6207/2191/3793 6208/2193/3793
f 6212/2194/3794 6209/2193/3794 6210/2191/3794
f 6210/2191/3794 6211/2192/3794 6212/2194/3794
f 6216/2051/3478 6213/2193/3478 6214/2195/3479
f 6214/2195/3479 6215/2052/3479 6216/2051/3478
f 6220/2195/3795 6217/2193/3796 6218/2194/3796
f 6218/2194/3796 6219/2196/3795 6220/2195/3795
f 6224/2199/3797 6221/2198/3797 6222/2197/3482
f 6222/2197/3482 6223/2200/3482 6224/2199/3797
f 6228/2200/3484 6225/2077/3484 6226/2078/3484
f 6226/2078/3484 6227/2199/3484 6228/2200/3484
f 6232/2201/3485 6229/2079/3485 6230/2077/3798
f 6230/2077/3798 6231/2200/3485 6232/2201/3485
f 6236/2197/3799 6233/2202/3799 6234/2201/3799
f 6234/2201/3799 6235/2200/3486 6236/2197/3799
f 6240/2203/3800 6237/2080/3488 6238/2079/3488
f 6238/2079/3488 6239/2201/3488 6240/2203/3800
f 6244/2202/3801 6241/2204/3801 6242/2203/3801
f 6242/2203/3801 6243/2201/3801 6244/2202/3801
f 6248/2080/3491 6245/2203/3492 6246/2205/3492
f 6246/2205/3492 6247/2081/3492 6248/2080/3491
f 6252/2203/3494 6249/2204/3494 6250/2206/3493
f 6250/2206/3493 6251/2205/3802 6252/2203/3494
f 6256/2082/3496 6253/2081/3496 6254/2205/3495
f 6254/2205/3495 6255/2207/3495 6256/2082/3496
f 6260/2206/3498 6257/2208/3803 6258/2207/3803
f 6258/2207/3803 6259/2205/3498 6260/2206/3498
f 6264/2207/3499 6261/2209/3499 6262/2083/3499
f 6262/2083/3499 6263/2082/3499 6264/2207/3499
f 6268/2209/3500 6265/2207/3500 6266/2208/3500
f 6266/2208/3500 6267/2210/3500 6268/2209/3500
f 6272/2211/3502 6269/2084/3502 6270/2083/3501
f 6270/2083/3501 6271/2209/3501 6272/2211/3502
f 6276/2211/3804 6273/2209/3804 6274/2210/3804
f 6274/2210/3804 6275/2212/3805 6276/2211/3804
f 6280/2215/3806 6277/2214/3807 6278/2213/3807
f 6278/2213/3807 6279/2216/3806 6280/2215/3806
f 6284/2213/3506 6281/2109/3506 6282/2110/3506
f 6282/2110/3506 6283/2216/3506 6284/2213/3506
f 6288/2217/3507 6285/2111/3507 6286/2109/3507
f 6286/2109/3507 6287/2213/3808 6288/2217/3507
f 6292/2218/3809 6289/2217/3809 6290/2213/3810
f 6290/2213/3810 6291/2214/3810 6292/2218/3809
f 6296/2217/3511 6293/2219/3811 6294/2112/3811
f 6294/2112/3811 6295/2111/3511 6296/2217/3511
f 6300/2217/3512 6297/2218/3513 6298/2220/3812
f 6298/2220/3812 6299/2219/3812 6300/2217/3512
f 6304/2113/3515 6301/2112/3515 6302/2219/3515
f 6302/2219/3515 6303/2221/3515 6304/2113/3515
f 6308/2220/3518 6305/2222/3517 6306/2221/3517
f 6306/2221/3517 6307/2219/3518 6308/2220/3518
f 6312/2113/3519 6309/2221/3519 6310/2223/3519
f 6310/2223/3519 6311/2114/3519 6312/2113/3519
f 6316/2223/3521 6313/2221/3813 6314/2222/3814
f 6314/2222/3814 6315/2224/3815 6316/2223/3521
f 6320/2225/3522 6317/2115/3522 6318/2114/3522
f 6318/2114/3522 6319/2223/3522 6320/2225/3522
f 6324/2224/3816 6321/2226/3817 6322/2225/3817
f 6322/2225/3817 6323/2223/3816 6324/2224/3816
f 6328/2227/3525 6325/2116/3526 6326/2115/3525
f 6326/2115/3525 6327/2225/3525 6328/2227/3525
f 6332/2227/3527 6329/2225/3527 6330/2226/3528
f 6330/2226/3528 6331/2228/3527 6332/2227/3527
f 6336/2229/3530 6333/2141/3818 6334/2142/3531
f 6334/2142/3531 6335/2230/3531 6336/2229/3530
f 6340/2231/3533 6337/2229/3533 6338/2230/3532
f 6338/2230/3532 6339/2232/3532 6340/2231/3533
f 6344/2141/3535 6341/2229/3534 6342/2233/3534
f 6342/2233/3534 6343/2143/3535 6344/2141/3535
f 6348/2233/3819 6345/2229/3537 6346/2231/3537
f 6346/2231/3537 6347/2234/3819 6348/2233/3819
f 6352/2233/3540 6349/2235/3540 6350/2144/3540
f 6350/2144/3540 6351/2143/3540 6352/2233/3540
f 6356/2234/3820 6353/2236/3821 6354/2235/3822
f 6354/2235/3822 6355/2233/3820 6356/2234/3820
f 6360/2237/3544 6357/2145/3544 6358/2144/3546
f 6358/2144/3546 6359/2235/3545 6360/2237/3544
f 6364/2236/3547 6361/2238/3547 6362/2237/3547
f 6362/2237/3547 6363/2235/3547 6364/2236/3547
f 6368/2145/3549 6365/2237/3549 6366/2239/3549
f 6366/2239/3549 6367/2146/3549 6368/2145/3549
f 6372/2239/3823 6369/2237/3552 6370/2238/3552
f 6370/2238/3552 6371/2240/3551 6372/2239/3823
f 6376/2241/3553 6373/2147/3553 6374/2146/3553
f 6374/2146/3553 6375/2239/3553 6376/2241/3553
f 6380/2242/3824 6377/2241/3824 6378/2239/3825
f 6378/2239/3825 6379/2240/3826 6380/2242/3824
f 6384/2148/3556 6381/2147/3556 6382/2241/3556
f 6382/2241/3556 6383/2243/3827 6384/2148/3556
f 6388/2244/3557 6385/2243/3557 6386/2241/3828
f 6386/2241/3828 6387/2242/3828 6388/2244/3557
f 6392/2023/3559 6389/2246/3559 6390/2245/3559
f 6390/2245/3559 6391/2022/3559 6392/2023/3559
f 6396/2247/3829 6393/2245/3829 6394/2246/3829
f 6394/2246/3829 6395/2248/3561 6396/2247/3829
f 6400/2248/3563 6397/2246/3830 6398/2249/3563
f 6398/2249/3563 6399/2250/3563 6400/2248/3563
f 6404/2025/3565 6401/2249/3565 6402/2246/3564
f 6402/2246/3564 6403/2023/3564 6404/2025/3565
f 6408/2249/3568 6405/2252/3566 6406/2251/3566
f 6406/2251/3566 6407/2250/3568 6408/2249/3568
f 6412/2025/3569 6409/2027/3569 6410/2252/3569
f 6410/2252/3569 6411/2249/3569 6412/2025/3569
f 6416/2254/3571 6413/2253/3571 6414/2251/3572
f 6414/2251/3572 6415/2252/3572 6416/2254/3571
f 6420/2254/3574 6417/2252/3573 6418/2027/3573
f 6418/2027/3573 6419/2030/3573 6420/2254/3574
f 6424/2253/3577 6421/2254/3831 6422/2255/3831
f 6422/2255/3831 6423/2256/3831 6424/2253/3577
f 6428/2032/3578 6425/2255/3578 6426/2254/3832
f 6426/2254/3832 6427/2030/3578 6428/2032/3578
f 6432/2256/3833 6429/2255/3833 6430/2257/3834
f 6430/2257/3834 6431/2258/3834 6432/2256/3833
f 6436/2033/3581 6433/2257/3581 6434/2255/3581
f 6434/2255/3581 6435/2032/3581 6436/2033/3581
f 6440/2258/3582 6437/2257/3582 6438/2259/3835
f 6438/2259/3835 6439/2260/3835 6440/2258/3582
f 6444/2035/3584 6441/2259/3584 6442/2257/3584
f 6442/2257/3584 6443/2033/3584 6444/2035/3584
f 6448/2055/3587 6445/2262/3587 6446/2261/3587
f 6446/2261/3587 6447/2054/3586 6448/2055/3587
f 6452/2261/3588 6449/2262/3836 6450/2263/3836
f 6450/2263/3836 6451/2264/3588 6452/2261/3588
f 6456/2265/3837 6453/2263/3590 6454/2262/3590
f 6454/2262/3590 6455/2266/3837 6456/2265/3837
f 6460/2058/3593 6457/2266/3838 6458/2262/3593
f 6458/2262/3593 6459/2055/3593 6460/2058/3593
f 6464/2265/3595 6461/2266/3595 6462/2267/3595
f 6462/2267/3595 6463/2268/3595 6464/2265/3595
f 6468/2059/3839 6465/2267/3839 6466/2266/3597
f 6466/2266/3597 6467/2058/3839 6468/2059/3839
f 6472/2268/3840 6469/2267/3840 6470/2269/3599
f 6470/2269/3599 6471/2270/3600 6472/2268/3840
f 6476/2062/3601 6473/2269/3601 6474/2267/3841
f 6474/2267/3841 6475/2059/3841 6476/2062/3601
f 6480/2270/3603 6477/2269/3842 6478/2271/3603
f 6478/2271/3603 6479/2272/3843 6480/2270/3603
f 6484/2063/3604 6481/2271/3604 6482/2269/3604
f 6482/2269/3604 6483/2062/3604 6484/2063/3604
f 6488/2272/3605 6485/2271/3844 6486/2273/3845
f 6486/2273/3845 6487/2274/3605 6488/2272/3605
f 6492/2065/3607 6489/2273/3607 6490/2271/3607
f 6490/2271/3607 6491/2063/3607 6492/2065/3607
f 6496/2273/3846 6493/2276/3609 6494/2275/3608
f 6494/2275/3608 6495/2274/3609 6496/2273/3846
f 6500/2276/3611 6497/2273/3612 6498/2065/3612
f 6498/2065/3612 6499/2067/3612 6500/2276/3611
f 6504/2278/3613 6501/2277/3613 6502/2088/3613
f 6502/2088/3613 6503/2085/3613 6504/2278/3613
f 6508/2278/3614 6505/2280/3847 6506/2279/3614
f 6506/2279/3614 6507/2277/3614 6508/2278/3614
f 6512/2282/3617 6509/2281/3848 6510/2280/3849
f 6510/2280/3849 6511/2278/3849 6512/2282/3617
f 6516/2278/3619 6513/2085/3619 6514/2089/3620
f 6514/2089/3620 6515/2282/3620 6516/2278/3619
f 6520/2284/3850 6517/2283/3850 6518/2281/3851
f 6518/2281/3851 6519/2282/3851 6520/2284/3850
f 6524/2282/3623 6521/2089/3623 6522/2092/3623
f 6522/2092/3623 6523/2284/3623 6524/2282/3623
f 6528/2284/3624 6525/2286/3624 6526/2285/3625
f 6526/2285/3625 6527/2283/3624 6528/2284/3624
f 6532/2284/3852 6529/2092/3852 6530/2093/3853
f 6530/2093/3853 6531/2286/3626 6532/2284/3852
f 6536/2288/3627 6533/2287/3627 6534/2285/3854
f 6534/2285/3854 6535/2286/3627 6536/2288/3627
f 6540/2093/3628 6537/2095/3628 6538/2288/3628
f 6538/2288/3628 6539/2286/3628 6540/2093/3628
f 6544/2288/3855 6541/2290/3631 6542/2289/3631
f 6542/2289/3631 6543/2287/3855 6544/2288/3855
f 6548/2097/3632 6545/2290/3632 6546/2288/3632
f 6546/2288/3632 6547/2095/3632 6548/2097/3632
f 6552/2292/3633 6549/2291/3633 6550/2289/3634
f 6550/2289/3634 6551/2290/3634 6552/2292/3633
f 6556/2290/3635 6553/2097/3635 6554/2099/3856
f 6554/2099/3856 6555/2292/3856 6556/2290/3635
f 6560/2294/3636 6557/2293/3636 6558/2118/3637
f 6558/2118/3637 6559/2119/3636 6560/2294/3636
f 6564/2294/3857 6561/2296/3857 6562/2295/3639
f 6562/2295/3639 6563/2293/3639 6564/2294/3857
f 6568/2297/3640 6565/2296/3858 6566/2294/3859
f 6566/2294/3859 6567/2298/3641 6568/2297/3640
f 6572/2294/3642 6569/2119/3642 6570/2122/3642
f 6570/2122/3642 6571/2298/3642 6572/2294/3642
f 6576/2298/3860 6573/2300/3643 6574/2299/3643
f 6574/2299/3643 6575/2297/3860 6576/2298/3860
f 6580/2298/3644 6577/2122/3644 6578/2123/3644
f 6578/2123/3644 6579/2300/3644 6580/2298/3644
f 6584/2299/3645 6581/2300/3645 6582/2301/3645
f 6582/2301/3645 6583/2302/3645 6584/2299/3645
f 6588/2125/3646 6585/2301/3646 6586/2300/3646
f 6586/2300/3646 6587/2123/3646 6588/2125/3646
f 6592/2304/3650 6589/2303/3650 6590/2302/3861
f 6590/2302/3861 6591/2301/3861 6592/2304/3650
f 6596/2301/3652 6593/2125/3652 6594/2127/3652
f 6594/2127/3652 6595/2304/3652 6596/2301/3652
f 6600/2306/3653 6597/2305/3653 6598/2303/3653
f 6598/2303/3653 6599/2304/3653 6600/2306/3653
f 6604/2306/3655 6601/2304/3655 6602/2127/3655
f 6602/2127/3655 6603/2129/3862 6604/2306/3655
f 6608/2308/3656 6605/2307/3656 6606/2305/3657
f 6606/2305/3657 6607/2306/3657 6608/2308/3656
f 6612/2308/3659 6609/2306/3659 6610/2129/3659
f 6610/2129/3659 6611/2131/3659 6612/2308/3659
