# Blender 5.2.1 LTS
# www.blender.org
mtllib logomini.mtl
o logo
v 1.014804 0.710815 -2.963837
v 1.019815 0.682762 -2.941139
v 0.828876 0.683975 -2.987068
v 1.194187 0.709473 -2.913437
v 1.189147 0.737526 -2.936150
v -1.480662 0.709900 -2.844658
v -1.297766 0.683205 -2.885483
v -1.483499 0.681847 -2.821579
v -1.654435 0.708435 -2.777397
v -1.651599 0.736496 -2.800476
v -2.811822 1.372246 -1.726944
v -2.805470 1.400475 -1.758057
v -2.828152 1.295906 -1.822372
v -2.772140 1.448654 -1.636597
v -2.821769 1.324142 -1.853493
v -2.765598 1.472862 -1.663857
v -2.810629 1.251755 -1.950172
v -2.817015 1.219582 -1.919128
v -2.786063 1.147095 -2.012794
v -2.702562 1.545464 -1.578621
v -2.708913 1.521172 -1.547409
v -2.622335 1.589851 -1.463402
v -2.779709 1.175362 -2.043884
v -2.615984 1.614151 -1.494576
v -2.721290 1.106812 -2.138786
v -2.731569 1.074654 -2.107559
v -2.653367 1.009956 -2.199387
v -2.501943 1.678925 -1.411980
v -2.508483 1.654716 -1.384697
v -2.375040 1.715675 -1.307022
v -2.646984 1.038177 -2.230476
v -2.368661 1.739967 -1.338234
v -2.548751 0.977226 -2.315269
v -2.555327 0.945183 -2.288185
v -2.437476 0.884216 -2.373940
v -2.220066 1.793320 -1.273254
v -2.226444 1.772949 -1.241959
v -2.066460 1.818649 -1.185577
v -2.431118 0.916367 -2.404945
v -2.064004 1.842972 -1.216599
v -2.285800 0.855453 -2.491997
v -2.288451 0.823387 -2.465111
v -2.131165 0.770218 -2.548592
v -1.908325 1.884933 -1.167992
v -1.910970 1.860710 -1.140892
v -1.751747 1.898933 -1.100380
v -2.128357 0.798256 -2.571686
v -1.749292 1.919304 -1.131493
v -1.974453 0.752678 -2.643044
v -1.977075 0.720604 -2.616142
v -1.822598 0.682617 -2.675552
v -1.590454 1.949852 -1.099030
v -1.593068 1.929565 -1.071846
v -1.422647 1.956306 -1.043961
v -1.816024 0.714653 -2.702637
v -1.416298 1.976685 -1.075226
v -1.657242 0.680389 -2.754303
v -1.660079 0.652359 -2.731216
v -1.493068 0.625748 -2.775238
v -1.230345 1.999550 -1.052109
v -1.232988 1.979271 -1.024925
v -1.031749 1.998428 -1.010498
v -1.486307 0.653801 -2.798508
v -1.029106 2.018707 -1.037682
v -1.303599 0.627220 -2.843254
v -1.306434 0.603096 -2.820084
v -1.111570 0.584167 -2.857384
v -0.831982 2.034019 -1.027054
v -0.834597 2.013741 -0.999893
v -0.622156 2.025345 -0.997955
v -1.112473 0.608208 -2.876442
v -0.619514 2.045624 -1.025139
v -0.917444 0.597054 -2.909637
v -0.916328 0.569000 -2.886742
v -0.709123 0.557671 -2.912651
v -0.387646 2.053352 -1.028183
v -0.386336 2.033096 -1.001183
v -0.142887 2.037003 -1.008774
v -0.710049 0.585602 -2.931602
v -0.144197 2.057281 -1.035767
v -0.479107 0.578125 -2.954605
v -0.478209 0.550171 -2.935631
v -0.235113 0.550369 -2.951195
v 0.098896 2.053535 -1.051407
v 0.100178 2.033279 -1.024414
v 0.335233 2.025688 -1.043686
v -0.236042 0.574379 -2.970245
v 0.329998 2.045967 -1.070496
v 0.007435 0.578308 -2.977844
v 0.008333 0.550354 -2.958900
v 0.240390 0.558014 -2.957985
v 0.541319 2.034523 -1.092636
v 0.546551 2.014244 -1.065872
v 0.741766 1.999069 -1.095192
v 0.239491 0.585953 -2.976967
v 0.736561 2.019348 -1.122002
v 0.448007 0.597549 -2.974861
v 0.449123 0.569504 -2.951950
v 0.646247 0.584808 -2.941353
v 0.935536 2.000336 -1.155563
v 0.940742 1.980064 -1.128754
v 1.127754 1.957230 -1.165764
v 0.645348 0.608856 -2.960388
v 1.118436 1.977600 -1.196304
v 0.838739 0.627998 -2.945587
v 0.843753 0.603882 -2.922783
v 1.033818 0.626671 -2.895927
v 1.289560 1.950897 -1.236588
v 1.294765 1.930618 -1.209785
v 1.450002 1.900101 -1.253319
v 1.024854 0.654716 -2.918449
v 1.444608 1.920464 -1.284058
v 1.199198 0.681427 -2.890755
v 1.204238 0.653404 -2.868042
v 1.371305 0.683784 -2.828094
v 1.599465 1.886208 -1.335526
v 1.604668 1.861992 -1.308807
v 1.755218 1.820045 -1.368118
v 1.362153 0.715820 -2.854446
v 1.749826 1.844368 -1.398766
v 1.525488 0.753952 -2.810226
v 1.530715 0.721878 -2.783684
v 1.690512 0.771614 -2.731133
v 1.899804 1.794815 -1.470047
v 1.909152 1.774460 -1.439476
v 2.050897 1.717285 -1.518433
v 1.685472 0.799652 -2.753838
v 2.041583 1.741577 -1.548859
v 1.849765 0.856956 -2.689537
v 1.854992 0.824898 -2.663002
v 2.012007 0.885841 -2.586456
v 2.167254 1.680618 -1.634964
v 2.176408 1.656418 -1.608467
v 2.282268 1.591637 -1.697639
v 2.002668 0.917984 -2.616714
v 2.272953 1.615936 -1.728088
v 2.128291 0.978920 -2.538658
v 2.137412 0.946892 -2.512337
v 2.243418 1.011742 -2.433250
v 2.351182 1.547302 -1.819984
v 2.360497 1.523018 -1.789551
v 2.414989 1.450546 -1.884346
v 2.234105 1.039955 -2.463615
v 2.405864 1.474747 -1.910851
v 2.316757 1.108650 -2.379417
v 2.329993 1.076492 -2.349327
v 2.393217 1.148987 -2.260170
v 2.436596 1.402390 -2.008438
v 2.445938 1.374161 -1.978065
v 2.453152 1.297829 -2.074631
v 2.383905 1.177238 -2.290512
v 2.443810 1.326050 -2.105003
v 2.423588 1.253662 -2.200165
v 2.432899 1.221497 -2.169884
v 2.430573 1.354279 -2.135178
v 2.427282 1.430611 -2.038811
v 2.370642 1.209381 -2.320602
v 2.414436 1.281769 -2.226570
v 2.396522 1.502998 -1.941216
v 2.405123 1.310028 -2.256943
v 2.414046 1.458824 -2.068977
v 2.341837 1.571602 -1.850426
v 2.263637 1.640266 -1.758553
v 2.332520 1.595932 -1.880913
v 2.383283 1.527298 -1.971481
v 2.157937 1.704941 -1.665451
v 2.254292 1.664543 -1.788994
v 2.148592 1.729240 -1.695908
v 2.032239 1.765877 -1.579315
v 1.894413 1.819145 -1.500664
v 2.026844 1.786247 -1.610039
v 2.233389 1.680893 -1.815132
v 1.744432 1.864731 -1.429497
v 1.885258 1.843353 -1.527191
v 2.005911 1.802589 -1.636208
v 2.131611 1.741661 -1.722313
v 1.594043 1.906570 -1.366234
v 1.735276 1.888947 -1.456032
v 1.868083 1.851929 -1.557648
v 1.584726 1.930862 -1.396721
v 1.439186 1.940834 -1.314781
v 1.722030 1.901443 -1.486549
v 1.284137 1.971260 -1.267319
v 1.433982 1.965042 -1.341507
v 1.113201 1.997879 -1.223106
v 1.275008 1.991547 -1.293945
v 0.930114 2.020706 -1.186295
v 1.107807 2.018250 -1.253868
v 0.735253 2.043556 -1.148911
v 0.924909 2.040985 -1.213104
v 0.535927 2.058853 -1.123283
v 0.328717 2.066254 -1.097496
v 0.530691 2.079132 -1.150124
v 0.729859 2.063927 -1.179642
v 0.720505 2.072540 -1.210480
v 1.098455 2.030762 -1.284592
v 0.915556 2.053535 -1.243843
v 0.898178 2.038628 -1.278755
v 0.525290 2.087715 -1.181122
v 0.707050 2.057648 -1.245575
v 0.515732 2.072815 -1.216408
v 0.318083 2.095108 -1.155289
v 0.689831 2.038757 -1.276672
v 0.880959 2.019753 -1.309845
v 0.502433 2.050003 -1.247780
v 0.302914 2.061424 -1.226196
v 1.060122 1.996895 -1.346474
v 0.308525 2.084175 -1.190514
v 0.085269 2.087814 -1.171890
v 0.079821 2.068947 -1.203560
v -0.151665 2.068855 -1.192497
v 0.323295 2.086617 -1.128227
v -0.149977 2.091568 -1.156631
v 0.092381 2.094093 -1.105209
v -0.385578 2.087646 -1.149422
v -0.383178 2.068771 -1.181442
v 0.090876 2.102707 -1.136406
v -0.607387 2.061096 -1.182693
v -0.148267 2.106438 -1.120979
v -0.609624 2.083847 -1.146667
v -0.818328 2.072327 -1.152702
v -0.808083 2.049530 -1.185181
v -0.997357 2.038147 -1.196098
v -0.615763 2.094765 -1.110687
v -1.011528 2.057022 -1.163490
v -0.387819 2.102539 -1.113541
v -1.204949 2.037857 -1.178322
v -1.190749 2.018990 -1.210907
v -1.372560 1.996010 -1.230286
v -0.386313 2.093925 -1.082367
v -0.824466 2.087227 -1.116661
v -1.021619 2.071907 -1.127266
v -0.146788 2.097847 -1.089760
v -0.826911 2.078636 -1.085251
v -0.145478 2.077560 -1.062759
v -0.618370 2.086273 -1.083244
v 0.097587 2.073845 -1.078400
v -0.388927 2.073669 -1.055176
v -0.620823 2.065903 -1.052132
v -0.829525 2.058350 -1.058075
v -1.030413 2.042915 -1.064560
v -1.027960 2.063286 -1.095703
v -1.227921 2.019920 -1.083229
v -1.225278 2.040199 -1.110413
v -1.218933 2.052757 -1.141876
v -1.413655 1.996964 -1.102409
v -1.404859 2.029846 -1.165024
v -1.411232 2.017334 -1.133553
v -1.390874 2.014992 -1.201439
v -1.557178 1.992088 -1.225510
v -1.534971 1.969177 -1.254631
v -1.685961 1.942558 -1.287376
v -1.588000 1.970215 -1.130142
v -1.712093 1.961548 -1.258156
v -1.746868 1.939674 -1.162598
v -1.867202 1.927170 -1.294846
v -1.833220 1.912117 -1.324364
v -1.980669 1.873886 -1.365417
v -1.733957 1.972504 -1.221451
v -2.018793 1.889023 -1.339630
v -1.575089 2.003052 -1.188988
v -1.581463 1.990509 -1.157516
v -1.744223 1.963882 -1.189697
v -1.889254 1.938210 -1.262039
v -1.899519 1.929596 -1.230286
v -2.044743 1.900070 -1.306656
v -1.905899 1.905296 -1.199074
v -2.061579 1.863342 -1.247719
v -2.055010 1.887558 -1.275002
v -2.217639 1.817650 -1.304283
v -2.211068 1.841866 -1.331543
v -2.362309 1.764275 -1.369415
v -2.196880 1.850449 -1.363503
v -2.167005 1.843338 -1.396553
v -2.128880 1.828194 -1.422333
v -2.269436 1.778671 -1.483673
v -2.341547 1.801003 -1.428551
v -2.307534 1.789879 -1.457977
v -2.432966 1.732788 -1.532021
v -2.390753 1.721481 -1.553947
v -2.492453 1.664291 -1.625198
v -2.359854 1.784645 -1.400513
v -2.538777 1.675705 -1.606972
v -2.489210 1.727554 -1.474365
v -2.474830 1.739983 -1.502304
v -2.584917 1.679146 -1.585030
v -2.621239 1.610832 -1.687164
v -2.574911 1.603363 -1.705299
v -2.629715 1.542374 -1.782799
v -2.680346 1.546082 -1.772408
v -2.667571 1.610466 -1.669228
v -2.730601 1.545715 -1.754288
v -2.719833 1.481339 -1.858589
v -2.665277 1.477638 -1.869148
v -2.681033 1.412819 -1.952545
v -2.689831 1.594101 -1.641014
v -2.603254 1.662773 -1.557007
v -2.732045 1.412796 -1.950111
v -2.724447 1.344124 -2.038635
v -2.673244 1.347977 -2.037056
v -2.642099 1.283264 -2.126587
v -2.782683 1.404716 -1.940025
v -2.693305 1.275505 -2.128258
v -2.770283 1.473206 -1.844574
v -2.642544 1.206879 -2.218849
v -2.590986 1.218384 -2.209244
v -2.520224 1.157433 -2.292740
v -2.788779 1.456924 -1.820465
v -2.775277 1.332230 -2.032555
v -2.744327 1.259773 -2.126205
v -2.748940 1.525421 -1.726341
v -2.797703 1.308136 -2.008430
v -2.805109 1.380623 -1.915909
v -2.759215 1.501122 -1.694969
v -2.811492 1.352371 -1.884811
v -2.799087 1.428696 -1.789185
v -2.804085 1.279877 -1.977341
v -2.696181 1.569763 -1.609795
v -2.609605 1.638489 -1.525787
v -2.495590 1.703247 -1.443161
v 2.043032 1.723099 -1.765739
v 1.928913 1.780197 -1.684204
v 2.087119 1.734428 -1.747902
v 2.137504 1.665977 -1.846313
v 2.185354 1.677422 -1.832603
v 1.969295 1.791428 -1.662239
v 2.259851 1.612610 -1.920288
v 2.212002 1.605110 -1.933929
v 2.259222 1.544159 -2.016304
v 1.835176 1.844795 -1.587700
v 1.794820 1.829620 -1.609756
v 1.652659 1.875214 -1.538940
v 1.693043 1.890381 -1.516907
v 1.546414 1.928413 -1.457870
v 1.509766 1.913330 -1.484016
v 1.366678 1.943665 -1.433197
v 1.571448 1.939468 -1.427330
v 1.395481 1.962685 -1.406593
v 1.420704 1.973656 -1.372124
v 1.265656 2.004089 -1.324654
v 1.244357 1.993111 -1.359314
v 1.219475 1.970184 -1.386192
v 1.081078 2.015892 -1.319496
v -0.004251 0.711815 -2.974152
v -0.001667 0.684990 -3.002441
v -0.235926 0.707893 -2.967102
v 0.215845 0.719574 -2.976624
v -0.237267 0.681068 -2.995209
v 0.218457 0.692719 -3.004921
v -0.472513 0.684814 -2.979935
v -0.467248 0.711639 -2.952026
v -0.686579 0.719246 -2.933502
v 0.423239 0.704201 -2.998672
v 0.412619 0.731140 -2.973923
v 0.601895 0.746445 -2.962936
v -0.691843 0.692390 -2.961426
v 0.616279 0.719635 -2.991806
v -0.895126 0.703720 -2.935730
v -0.882202 0.730667 -2.912079
v -1.069597 0.745834 -2.883125
v 0.805746 0.738762 -2.976807
v 0.787468 0.765594 -2.947754
v 0.969467 0.788506 -2.924454
v -1.086634 0.719009 -2.910477
v 0.987749 0.765594 -2.953392
v -1.273808 0.737999 -2.877487
v -1.252877 0.764854 -2.850319
v -1.431852 0.787628 -2.809746
v 1.158170 0.792290 -2.925499
v 1.131850 0.815292 -2.900108
v 1.286769 0.849770 -2.867340
v -1.452781 0.764702 -2.836823
v 1.317039 0.826797 -2.892952
v -1.615870 0.791283 -2.793015
v -1.591206 0.814301 -2.770058
v -1.742328 0.848663 -2.722694
v 1.472338 0.864990 -2.852287
v 1.438141 0.884064 -2.826569
v 1.589928 0.929962 -2.777657
v -1.774838 0.825668 -2.745277
v 1.624286 0.910797 -2.799438
v -1.925610 0.863754 -2.689980
v -1.889147 0.882851 -2.667648
v -2.035582 0.928642 -2.604507
v 1.784467 0.968208 -2.738846
v 1.746152 0.983429 -2.717018
v 1.890828 1.044632 -2.651680
v -2.071855 0.909454 -2.622894
v 1.929299 1.025383 -2.669708
v -2.225561 0.966743 -2.547318
v -2.185367 0.981995 -2.529221
v -2.323217 1.043098 -2.450394
v 2.050620 1.086525 -2.599312
v 2.008223 1.101837 -2.581184
v 2.101884 1.159119 -2.513504
v -2.363225 1.023827 -2.464661
v 2.152322 1.147614 -2.527969
v -2.477312 1.084877 -2.383041
v -2.433383 1.100220 -2.369049
v -2.571808 1.145897 -2.302345
v 2.230668 1.208649 -2.451614
v 2.180231 1.220123 -2.437149
v 2.238960 1.285042 -2.359749
v -2.615174 1.126366 -2.304688
v 2.289778 1.277328 -2.366272
v 2.329268 1.345963 -2.279991
v 2.278448 1.349777 -2.273560
v 2.294202 1.414627 -2.190186
v 2.340779 1.261627 -2.369080
v 2.345213 1.414650 -2.192612
v 2.341729 1.483177 -2.100357
v 2.286443 1.479439 -2.105652
v 2.396599 1.406609 -2.187363
v 2.310614 1.547897 -2.010796
v 2.380461 1.334106 -2.278786
v 2.362352 1.547569 -1.997536
v 2.393303 1.475082 -2.091194
v 2.421261 1.382530 -2.165512
v 2.307665 1.612274 -1.906868
v 2.361328 1.237602 -2.350967
v 2.298295 1.168922 -2.436111
v 2.307606 1.136780 -2.405830
v 2.277746 1.192947 -2.454224
v 2.224954 1.072021 -2.489967
v 2.195283 1.128113 -2.534447
v 2.093390 1.063141 -2.609764
v 2.215641 1.100243 -2.520332
v 2.113751 1.039238 -2.595573
v 1.968145 1.002007 -2.679970
v 2.118949 1.007164 -2.569023
v 1.993544 0.946129 -2.643150
v 1.984393 0.978188 -2.669510
v 1.840831 0.885002 -2.712029
v 1.835602 0.913139 -2.738663
v 1.676348 0.827789 -2.780289
v 1.819197 0.940979 -2.752960
v 1.654906 0.887604 -2.817177
v 1.671311 0.859764 -2.802879
v 1.516554 0.781998 -2.832718
v 1.499222 0.837791 -2.865982
v 1.511514 0.810043 -2.855423
v 1.339809 0.799660 -2.910423
v 1.177015 0.765190 -2.942780
v 1.352101 0.771904 -2.899857
v 1.357142 0.743858 -2.877151
v 0.833887 0.655922 -2.964371
v 1.006596 0.738472 -2.970665
v 0.820669 0.711655 -2.993874
v 0.627276 0.692490 -3.008713
v 0.434048 0.677185 -3.019501
v 0.635456 0.664825 -3.001877
v 0.640307 0.636887 -2.983101
v 0.438332 0.649506 -3.012489
v 0.443183 0.621574 -2.993698
v 0.234449 0.610069 -2.999756
v 0.225533 0.665619 -3.021606
v 0.229627 0.638031 -3.018539
v 0.001294 0.657944 -3.022888
v 0.001655 0.630272 -3.015686
v 0.002581 0.602341 -2.996742
v -0.238230 0.654015 -3.015465
v -0.236970 0.602341 -2.989227
v -0.237869 0.626343 -3.008263
v -0.476112 0.602165 -2.973862
v -0.477040 0.630096 -2.992836
v -0.707244 0.609726 -2.954773
v -0.477372 0.657761 -3.000038
v -0.700464 0.665283 -2.977379
v -0.704218 0.637688 -2.973938
v -0.914421 0.621086 -2.928856
v -0.907861 0.676689 -2.955414
v -0.911425 0.649017 -2.948021
v -1.099151 0.691864 -2.926247
v -1.290277 0.710884 -2.893066
v -1.106667 0.664192 -2.918663
v -1.109665 0.636253 -2.899529
v -1.300603 0.655144 -2.862427
v -1.473175 0.737572 -2.852242
v -1.813216 0.742706 -2.725723
v -1.640186 0.764160 -2.808220
v -1.799156 0.798515 -2.760475
v -1.810379 0.770752 -2.748810
v -1.967693 0.780731 -2.666313
v -1.953632 0.836533 -2.701065
v -1.964886 0.808777 -2.689400
v -2.104016 0.886230 -2.637634
v -2.261463 0.939499 -2.558060
v -2.118975 0.858383 -2.621857
v -2.121784 0.826401 -2.598854
v -2.276420 0.911644 -2.542259
v -2.279068 0.883507 -2.515266
v -2.424547 0.944519 -2.432152
v -2.402858 1.000420 -2.471199
v -2.520869 1.061462 -2.389366
v -2.418002 0.976578 -2.459229
v -2.539748 1.037544 -2.373314
v -2.542399 1.005470 -2.346420
v -2.640438 1.070259 -2.257568
v -2.634055 1.098480 -2.288689
v -2.714717 1.134956 -2.165955
v -2.708362 1.167107 -2.196983
v -2.769400 1.207512 -2.075111
v -2.763045 1.235741 -2.106209
v -2.689642 1.191147 -2.216995
v 0.868231 2.004494 -1.329285
v 0.677103 2.023476 -1.296097
v 1.047206 1.981720 -1.369827
v 0.493658 2.034760 -1.267395
v 1.198902 1.958862 -1.405167
v 0.301960 2.046181 -1.246162
v 1.334714 1.936104 -1.443657
v 0.082601 2.053780 -1.227646
v 1.474068 1.905670 -1.490341
v -0.152617 2.057533 -1.212379
v 1.612876 1.867638 -1.549019
v -0.388216 2.053612 -1.205132
v 1.759121 1.821960 -1.616112
v -0.608342 2.045853 -1.202690
v 1.897139 1.772530 -1.690720
v -0.801162 2.034286 -1.205544
v 2.011261 1.719337 -1.772156
v -0.986540 2.022873 -1.216637
v 2.105731 1.662239 -1.852768
v -1.179932 2.003746 -1.231445
v 2.176495 1.601257 -1.936256
v -1.361933 1.980850 -1.254776
v 2.227450 1.540398 -2.022736
v -1.516306 1.957870 -1.275490
v 2.255050 1.479431 -2.104172
v -1.655142 1.935013 -1.300842
v 2.262839 1.414619 -2.188667
v -1.798285 1.904472 -1.334061
v 2.247056 1.349770 -2.272041
v -1.942001 1.866348 -1.379227
v 2.207760 1.288864 -2.354218
v -2.093948 1.820557 -1.432053
v 2.149031 1.223946 -2.431618
v -2.238428 1.771027 -1.493202
v 2.070684 1.162918 -2.507988
v -2.359742 1.717743 -1.563393
v 1.977023 1.105659 -2.575668
v -2.461441 1.660576 -1.634613
v 1.855895 1.052292 -2.641960
v -2.539788 1.599541 -1.711006
v 1.707324 0.991066 -2.707100
v -2.598703 1.538635 -1.792213
v 1.550882 0.937714 -2.771698
v -2.633886 1.477646 -1.870667
v 1.403240 0.895660 -2.816765
v -2.649640 1.412834 -1.954033
v 1.259876 0.861267 -2.853981
v -2.641851 1.347984 -2.038536
v 1.116921 0.830650 -2.883278
v -2.610545 1.287117 -2.124092
v 0.958462 0.803825 -2.907814
v -2.559403 1.222237 -2.206718
v 0.780546 0.780846 -2.927383
v -2.488639 1.161263 -2.290207
v 0.591078 0.761688 -2.942406
v -2.401828 1.104073 -2.366524
v 0.409649 0.746376 -2.953766
v -2.287518 1.050781 -2.444038
v 0.216803 0.738739 -2.956535
v -2.145773 0.989662 -2.523056
v -0.003293 0.730988 -2.954071
v -1.996147 0.936417 -2.602264
v -0.234999 0.727066 -2.947044
v -1.853445 0.894470 -2.661201
v -0.466290 0.730812 -2.931938
v -1.714285 0.860191 -2.711952
v -0.685650 0.738411 -2.913414
v -1.574743 0.829674 -2.754738
v -0.877323 0.745911 -2.892303
v -1.419313 0.802956 -2.794243
v -1.057059 0.761177 -2.867615
v -1.244074 0.780098 -2.830704
v -1.028063 0.787949 -2.836914
v -0.868166 0.768837 -2.864655
v -1.410129 0.825897 -2.766632
v -1.223114 0.806961 -2.803543
v -0.695702 0.768982 -2.876846
v -1.176920 0.860474 -2.741539
v -0.853907 0.814774 -2.813110
v -0.476342 0.761391 -2.895363
v -0.233274 0.761597 -2.910904
v -0.495898 0.834084 -2.810112
v -0.715829 0.834084 -2.803543
v 0.010172 0.761566 -2.918594
v -0.229286 0.834267 -2.826767
v 0.037732 0.834282 -2.835579
v 0.230296 0.769325 -2.921066
v 0.403111 0.769302 -2.925362
v 0.393826 0.815231 -2.872719
v 0.564950 0.788528 -2.913002
v 0.257256 0.834442 -2.850006
v 0.762266 0.807686 -2.898354
v 0.513048 0.845940 -2.846214
v 0.376185 0.926231 -2.747307
v 0.951922 0.826752 -2.879448
v 0.722162 0.861176 -2.832253
v 1.094144 0.845978 -2.866104
v 1.060357 0.872688 -2.832405
v 1.213552 0.872665 -2.835770
v 0.934599 0.868805 -2.830391
v 1.340648 0.899475 -2.809753
v 1.124450 0.895645 -2.807381
v 1.005099 0.933762 -2.753593
v 1.460823 0.941498 -2.763367
v 1.235273 0.906998 -2.792740
v 0.699254 0.941422 -2.734840
v 1.613532 0.998718 -2.694572
v 1.276779 0.949104 -2.746521
v 1.390827 1.021729 -2.663719
v 1.766407 1.063667 -2.621689
v 1.898927 1.113289 -2.563889
v 1.548228 1.094284 -2.579041
v 1.085716 1.040787 -2.629036
v 1.961034 1.166718 -2.498718
v 1.715106 1.128670 -2.542953
v 1.265412 1.159164 -2.489265
v 1.678894 1.178230 -2.477112
v 2.027802 1.235489 -2.417686
v 1.711303 1.262215 -2.374390
v 2.094758 1.300270 -2.332817
v 2.157216 1.357422 -2.259735
v 1.794528 1.338493 -2.278244
v 1.930396 1.376602 -2.232704
v 2.152968 1.414581 -2.183441
v 2.168152 1.471809 -2.111992
v 1.866334 1.418495 -2.173561
v 1.410836 1.422424 -2.159584
v 1.939449 1.460503 -2.124947
v 2.112892 1.528954 -2.033264
v 1.808516 1.498528 -2.066666
v 2.054308 1.593651 -1.942406
v 1.730859 1.574707 -1.962807
v 1.995700 1.662285 -1.851425
v 1.932400 1.715553 -1.776367
v 1.712442 1.654709 -1.853813
v 1.750975 1.704178 -1.787621
v 1.805964 1.761185 -1.706306
v 1.660453 1.818260 -1.623268
v 1.588269 1.738441 -1.735794
v 1.297653 1.677536 -1.809853
v 1.439404 1.799210 -1.640701
v 1.522436 1.867691 -1.548630
v 1.337629 1.863899 -1.547760
v 1.135956 1.784027 -1.654076
v 1.067480 1.875290 -1.522781
v 1.300489 1.894257 -1.501991
v 1.410933 1.901886 -1.495277
v 1.286862 1.924683 -1.457375
v 1.195497 1.909500 -1.476952
v 1.174406 1.947540 -1.423912
v 1.133861 1.928551 -1.449944
v 1.034316 1.962639 -1.393272
v 1.008296 1.932434 -1.443871
v 0.843189 1.981651 -1.360085
v 0.796974 1.939919 -1.421806
v 0.648138 2.000664 -1.326721
v 0.761063 1.875351 -1.515999
v 0.786185 1.784164 -1.649178
v 0.484286 2.015846 -1.298866
v 0.586067 1.959023 -1.391609
v 0.436520 1.894325 -1.476456
v 0.312015 2.023468 -1.282585
v 0.470064 1.981689 -1.350128
v 0.092493 2.027222 -1.268082
v -0.154524 2.030945 -1.252251
v 0.107947 1.970360 -1.356689
v -0.401897 2.027046 -1.244476
v 0.331773 1.970322 -1.363449
v -0.621801 2.023125 -1.237991
v -0.794838 2.015381 -1.237755
v -0.960570 2.000076 -1.249870
v -0.785517 1.981232 -1.290146
v -1.157916 1.980919 -1.264511
v -0.904952 1.958473 -1.320396
v -0.649160 1.969963 -1.316612
v -1.351307 1.961777 -1.279320
v -0.764126 1.893890 -1.419113
v -1.117775 1.939224 -1.330360
v -1.493685 1.946564 -1.296494
v -1.330240 1.931587 -1.332184
v -1.455781 1.927605 -1.326286
v -1.608817 1.923622 -1.319061
v -1.735882 1.900742 -1.344986
v -1.519711 1.908508 -1.347275
v -1.396623 1.874397 -1.405083
v -1.626583 1.893188 -1.362190
v -1.851939 1.866455 -1.387459
v -1.667923 1.862808 -1.404221
v -1.996418 1.816933 -1.448608
v -1.778040 1.798042 -1.487007
v -2.149129 1.759735 -1.517403
v -2.281645 1.714020 -1.575081
v -1.935217 1.737152 -1.567497
v -2.102095 1.702774 -1.603592
v -2.351760 1.660698 -1.643799
v -2.418716 1.592026 -1.728752
v -2.070024 1.653336 -1.673164
v -1.652965 1.676468 -1.668922
v -2.098695 1.573318 -1.779884
v -2.485672 1.527275 -1.813622
v -2.185816 1.497070 -1.875877
v -1.672506 1.558517 -1.832077
v -1.798761 1.421265 -2.006287
v -2.321684 1.458946 -1.921410
v -2.548132 1.470093 -1.886734
v -2.539770 1.412865 -1.959297
v -2.253538 1.416992 -1.976814
v -2.551247 1.355705 -2.034836
v -2.322889 1.375046 -2.029541
v -2.495987 1.298592 -2.113548
v -2.191957 1.337044 -2.087852
v -2.437374 1.233856 -2.204407
v -2.118223 1.260826 -2.191498
v -2.378578 1.165131 -2.291458
v -2.322967 1.111748 -2.362251
v -2.095696 1.176849 -2.296844
v -2.137963 1.127266 -2.358925
v -2.196504 1.062225 -2.432404
v -2.051215 0.997375 -2.519539
v -1.975258 1.093002 -2.410744
v -1.685233 1.158096 -2.348343
v -1.826618 1.020561 -2.510056
v -1.905705 0.940269 -2.602577
v -1.720924 0.948013 -2.603355
v -1.519621 1.039841 -2.504593
v -1.451127 0.932869 -2.636269
v -1.683981 0.905930 -2.653313
v -1.790471 0.898331 -2.660210
v -1.666623 0.871696 -2.702164
v -1.550433 0.845016 -2.739799
v -1.575063 0.894661 -2.678459
v -1.513589 0.871750 -2.709473
v -1.388242 0.867958 -2.719467
v -1.144892 0.940750 -2.646767
v -1.174119 1.047737 -2.516975
v -0.824490 0.925797 -2.689972
v -0.970095 0.845406 -2.775391
v -0.510187 0.937485 -2.696823
v -0.825291 1.051964 -2.541412
v -0.223766 0.937592 -2.710510
v -0.511591 1.052170 -2.560310
v 0.062654 0.937698 -2.724182
v 0.076975 1.052383 -2.588432
v -0.217484 1.052361 -2.578293
v -0.210279 1.174545 -2.426285
v 0.391050 1.052406 -2.599510
v 0.740630 1.048431 -2.608421
v 0.409867 1.174652 -2.451958
v 0.798686 1.170692 -2.462761
v 0.083989 1.174652 -2.440346
v 0.837666 1.300529 -2.304222
v 0.091796 1.304375 -2.276360
v 0.425491 1.304405 -2.288383
v 1.284771 1.289009 -2.329803
v 0.437382 1.434036 -2.120674
v 0.857403 1.430168 -2.136902
v 0.857518 1.555878 -1.968712
v 1.301655 1.559608 -1.974113
v 0.833926 1.677742 -1.803452
v 0.441533 1.681534 -1.784607
v 0.436983 1.787971 -1.632408
v 0.441421 1.559769 -1.952690
v 0.107915 1.563568 -1.936684
v 0.123101 1.795715 -1.617233
v 0.099763 1.437927 -2.108398
v -0.194695 1.437904 -2.098259
v 0.121873 1.890663 -1.477257
v -0.202692 1.304352 -2.266258
v -0.164548 1.890556 -1.463577
v -0.496771 1.304161 -2.248276
v -0.504547 1.174438 -2.412224
v -0.830046 1.174210 -2.392731
v -1.218115 1.169960 -2.366470
v -1.241889 1.299782 -2.204895
v -0.830089 1.303947 -2.228401
v -1.689389 1.287926 -2.187744
v -0.826048 1.433578 -2.060341
v -1.245696 1.429405 -2.036453
v -1.229885 1.555107 -1.869041
v -0.488802 1.437714 -2.080276
v -0.480651 1.563354 -1.908562
v -0.814161 1.559303 -1.892731
v -0.186539 1.567474 -1.926430
v -0.798353 1.681084 -1.725410
v -1.190722 1.677002 -1.706749
v -0.178578 1.689247 -1.758728
v -1.128592 1.783470 -1.557732
v -0.472851 1.685211 -1.744789
v 0.115686 1.685425 -1.772903
v -0.171196 1.795601 -1.603172
v -0.465464 1.795494 -1.589119
v -0.779358 1.787521 -1.574318
v -0.450996 1.890457 -1.449898
v -1.090933 1.874672 -1.427559
v -1.477229 1.783081 -1.529289
v -0.425683 1.970169 -1.331215
v -0.158693 1.970146 -1.340027
vn 0.1898 -0.4139 -0.8903
vn 0.2008 -0.5805 -0.7891
vn 0.1438 -0.4181 -0.8969
vn 0.2539 -0.5712 -0.7805
vn 0.2417 -0.4060 -0.8813
vn -0.2735 -0.4142 -0.8681
vn -0.2284 -0.4181 -0.8792
vn -0.2747 -0.5807 -0.7663
vn -0.3267 -0.5714 -0.7528
vn -0.3239 -0.4063 -0.8544
vn -0.9509 0.3063 0.0455
vn -0.9524 0.3020 0.0412
vn -0.9828 0.1649 -0.0836
vn -0.8864 0.4328 0.1640
vn -0.9833 0.1578 -0.0902
vn -0.8886 0.4296 0.1607
vn -0.9752 0.0111 -0.2211
vn -0.9766 0.0185 -0.2140
vn -0.9361 -0.1156 -0.3322
vn -0.8020 0.5360 0.2635
vn -0.8007 0.5373 0.2649
vn -0.7045 0.6190 0.3473
vn -0.9326 -0.1236 -0.3389
vn -0.7055 0.6183 0.3463
vn -0.8664 -0.2385 -0.4386
vn -0.8715 -0.2313 -0.4324
vn -0.7937 -0.3250 -0.5141
vn -0.6121 0.6772 0.4083
vn -0.6119 0.6772 0.4085
vn -0.5246 0.7194 0.4553
vn -0.7884 -0.3308 -0.5187
vn -0.5247 0.7194 0.4551
vn -0.7064 -0.4027 -0.5821
vn -0.7125 -0.3976 -0.5782
vn -0.6329 -0.4529 -0.6280
vn -0.4482 0.7480 0.4895
vn -0.4484 0.7478 0.4897
vn -0.3881 0.7659 0.5125
vn -0.6285 -0.4559 -0.6302
vn -0.3879 0.7662 0.5123
vn -0.5627 -0.4915 -0.6647
vn -0.5670 -0.4890 -0.6629
vn -0.5077 -0.5156 -0.6902
vn -0.3341 0.7796 0.5298
vn -0.3346 0.7794 0.5298
vn -0.2819 0.7901 0.5443
vn -0.5044 -0.5174 -0.6913
vn -0.2814 0.7903 0.5443
vn -0.4446 -0.5390 -0.7154
vn -0.4488 -0.5372 -0.7141
vn -0.3878 -0.5560 -0.7352
vn -0.2312 0.7984 0.5560
vn -0.2317 0.7982 0.5561
vn -0.1868 0.8036 0.5652
vn -0.3848 -0.5570 -0.7360
vn -0.1863 0.8038 0.5649
vn -0.3279 -0.5708 -0.7528
vn -0.3318 -0.5693 -0.7522
vn -0.2781 -0.5794 -0.7662
vn -0.1472 0.8073 0.5715
vn -0.1478 0.8069 0.5719
vn -0.1095 0.8094 0.5770
vn -0.2758 -0.5801 -0.7664
vn -0.1088 0.8096 0.5769
vn -0.2298 -0.5858 -0.7772
vn -0.2328 -0.5852 -0.7767
vn -0.1885 -0.5885 -0.7862
vn -0.0705 0.8108 0.5810
vn -0.0711 0.8108 0.5809
vn -0.0374 0.8107 0.5842
vn -0.1870 -0.5891 -0.7861
vn -0.0370 0.8109 0.5840
vn -0.1456 -0.5918 -0.7928
vn -0.1475 -0.5913 -0.7928
vn -0.1110 -0.5934 -0.7973
vn -0.0063 0.8103 0.5860
vn -0.0064 0.8103 0.5860
vn 0.0276 0.8103 0.5854
vn -0.1101 -0.5933 -0.7974
vn 0.0276 0.8104 0.5853
vn -0.0772 -0.5942 -0.8006
vn -0.0779 -0.5941 -0.8006
vn -0.0382 -0.5940 -0.8035
vn 0.0614 0.8104 0.5826
vn 0.0615 0.8103 0.5828
vn 0.0923 0.8107 0.5781
vn -0.0382 -0.5944 -0.8033
vn 0.0919 0.8110 0.5778
vn 0.0008 -0.5941 -0.8044
vn 0.0016 -0.5941 -0.8044
vn 0.0350 -0.5929 -0.8045
vn 0.1251 0.8108 0.5718
vn 0.1256 0.8107 0.5719
vn 0.1634 0.8095 0.5639
vn 0.0340 -0.5931 -0.8044
vn 0.1627 0.8097 0.5638
vn 0.0698 -0.5918 -0.8031
vn 0.0718 -0.5915 -0.8031
vn 0.1130 -0.5885 -0.8006
vn 0.2004 0.8074 0.5550
vn 0.2010 0.8072 0.5550
vn 0.2392 0.8038 0.5447
vn 0.1115 -0.5891 -0.8003
vn 0.2387 0.8039 0.5448
vn 0.1553 -0.5857 -0.7955
vn 0.1582 -0.5853 -0.7952
vn 0.2042 -0.5791 -0.7893
vn 0.2825 0.7985 0.5316
vn 0.2830 0.7984 0.5315
vn 0.3319 0.7905 0.5147
vn 0.2019 -0.5799 -0.7893
vn 0.3313 0.7905 0.5151
vn 0.2550 -0.5705 -0.7807
vn 0.2589 -0.5691 -0.7804
vn 0.3165 -0.5558 -0.7687
vn 0.3825 0.7799 0.4954
vn 0.3829 0.7797 0.4955
vn 0.4347 0.7663 0.4731
vn 0.3134 -0.5568 -0.7693
vn 0.4344 0.7665 0.4730
vn 0.3746 -0.5388 -0.7546
vn 0.3790 -0.5368 -0.7538
vn 0.4398 -0.5153 -0.7355
vn 0.4923 0.7483 0.4447
vn 0.4924 0.7482 0.4446
vn 0.5651 0.7197 0.4034
vn 0.4366 -0.5170 -0.7363
vn 0.5652 0.7198 0.4031
vn 0.4971 -0.4912 -0.7153
vn 0.5016 -0.4888 -0.7138
vn 0.5706 -0.4527 -0.6852
vn 0.6477 0.6777 0.3481
vn 0.6473 0.6779 0.3484
vn 0.7339 0.6194 0.2787
vn 0.5658 -0.4556 -0.6873
vn 0.7349 0.6188 0.2774
vn 0.6481 -0.4022 -0.6467
vn 0.6545 -0.3972 -0.6434
vn 0.7413 -0.3244 -0.5875
vn 0.8231 0.5366 0.1859
vn 0.8219 0.5379 0.1875
vn 0.8978 0.4334 0.0787
vn 0.7356 -0.3303 -0.5915
vn 0.8996 0.4302 0.0752
vn 0.8208 -0.2378 -0.5193
vn 0.8264 -0.2307 -0.5136
vn 0.9003 -0.1150 -0.4199
vn 0.9518 0.3027 -0.0497
vn 0.9507 0.3069 -0.0452
vn 0.9702 0.1656 -0.1769
vn 0.8962 -0.1230 -0.4263
vn 0.9702 0.1585 -0.1835
vn 0.9497 0.0118 -0.3130
vn 0.9518 0.0193 -0.3062
vn 0.9701 0.1596 -0.1830
vn 0.9514 0.3039 -0.0490
vn 0.8962 -0.1229 -0.4263
vn 0.9498 0.0122 -0.3127
vn 0.8989 0.4314 0.0761
vn 0.8889 0.1768 -0.4226
vn 0.8791 0.4449 -0.1709
vn 0.8223 0.5377 0.1864
vn 0.7342 0.6196 0.2775
vn 0.7554 0.6530 0.0537
vn 0.8276 0.5588 -0.0524
vn 0.6472 0.6783 0.3479
vn 0.6741 0.7251 0.1407
vn 0.5941 0.7765 0.2098
vn 0.5650 0.7201 0.4028
vn 0.4923 0.7488 0.4439
vn 0.5191 0.8131 0.2636
vn 0.3959 0.8866 -0.2391
vn 0.4343 0.7669 0.4725
vn 0.4519 0.8386 0.3042
vn 0.3053 0.9396 -0.1544
vn 0.3485 0.9174 -0.1922
vn 0.3824 0.7803 0.4949
vn 0.3988 0.8547 0.3323
vn 0.2656 0.9558 -0.1261
vn 0.3507 0.8670 0.3541
vn 0.3313 0.7908 0.5147
vn 0.2340 0.9663 -0.1072
vn 0.2824 0.7988 0.5312
vn 0.3038 0.8768 0.3727
vn 0.2386 0.8043 0.5442
vn 0.2582 0.8845 0.3885
vn 0.2004 0.8077 0.5545
vn 0.2177 0.8902 0.4002
vn 0.1628 0.8101 0.5633
vn 0.1818 0.8941 0.4093
vn 0.1253 0.8112 0.5711
vn 0.0919 0.8113 0.5773
vn 0.1117 0.8990 0.4235
vn 0.1470 0.8970 0.4169
vn 0.0777 0.9954 -0.0553
vn 0.1223 0.9905 -0.0634
vn 0.1000 0.9932 -0.0593
vn 0.0081 0.8867 -0.4623
vn 0.0554 0.9971 -0.0526
vn 0.0014 0.8871 -0.4616
vn -0.0051 0.8872 -0.4614
vn 0.0356 0.9981 -0.0508
vn -0.0181 0.8325 -0.5537
vn -0.0165 0.8319 -0.5547
vn -0.0204 0.8332 -0.5526
vn -0.0223 0.8333 -0.5524
vn -0.0150 0.8312 -0.5558
vn -0.0110 0.8869 -0.4618
vn -0.0163 0.8871 -0.4613
vn -0.0242 0.8341 -0.5511
vn -0.0266 0.8349 -0.5498
vn 0.0810 0.8997 0.4289
vn -0.0223 0.8873 -0.4607
vn 0.0523 0.8999 0.4330
vn -0.0285 0.8870 -0.4609
vn -0.0290 0.8342 -0.5507
vn 0.0176 0.9986 -0.0491
vn -0.0311 0.8331 -0.5522
vn -0.0026 0.9989 -0.0470
vn -0.0338 0.8870 -0.4605
vn -0.0395 0.8871 -0.4599
vn -0.0330 0.8331 -0.5522
vn -0.0353 0.8325 -0.5529
vn -0.0411 0.9981 -0.0470
vn -0.0460 0.8870 -0.4594
vn -0.0230 0.9986 -0.0470
vn -0.0527 0.8867 -0.4594
vn -0.0371 0.8318 -0.5539
vn -0.0386 0.8313 -0.5545
vn -0.0114 0.8998 0.4362
vn -0.0608 0.9970 -0.0471
vn -0.0833 0.9954 -0.0476
vn 0.0205 0.8998 0.4358
vn -0.0714 0.8988 0.4326
vn 0.0276 0.8107 0.5848
vn -0.0403 0.8997 0.4346
vn 0.0615 0.8108 0.5820
vn -0.0064 0.8108 0.5853
vn -0.0371 0.8113 0.5835
vn -0.0708 0.8110 0.5807
vn -0.1090 0.8100 0.5762
vn -0.1073 0.8969 0.4289
vn -0.1473 0.8077 0.5710
vn -0.1427 0.8940 0.4247
vn -0.1058 0.9932 -0.0494
vn -0.1863 0.8043 0.5643
vn -0.1285 0.9904 -0.0516
vn -0.1792 0.8902 0.4189
vn -0.0582 0.8862 -0.4596
vn -0.0660 0.8851 -0.4608
vn -0.0404 0.8308 -0.5552
vn -0.0422 0.8297 -0.5566
vn -0.2312 0.7987 0.5555
vn -0.0734 0.8834 -0.4629
vn -0.2814 0.7906 0.5438
vn -0.0813 0.8807 -0.4666
vn -0.0438 0.8285 -0.5583
vn -0.0449 0.8267 -0.5608
vn -0.1835 0.9810 -0.0627
vn -0.0884 0.8778 -0.4707
vn -0.1546 0.9864 -0.0555
vn -0.2207 0.8844 0.4113
vn -0.2675 0.8766 0.4001
vn -0.2134 0.9743 -0.0721
vn -0.3160 0.8667 0.3859
vn -0.2437 0.9662 -0.0843
vn -0.3340 0.7800 0.5292
vn -0.3879 0.7666 0.5117
vn -0.3660 0.8544 0.3688
vn -0.4482 0.7485 0.4888
vn -0.4215 0.8382 0.3460
vn -0.5245 0.7197 0.4549
vn -0.2771 0.9556 -0.1003
vn -0.0963 0.8737 -0.4769
vn -0.0459 0.8246 -0.5639
vn -0.0472 0.8221 -0.5674
vn -0.3193 0.9394 -0.1244
vn -0.1056 0.8679 -0.4855
vn -0.1157 0.8595 -0.4979
vn -0.0488 0.8186 -0.5723
vn -0.0497 0.8144 -0.5781
vn -0.4921 0.8128 0.3117
vn -0.1259 0.8498 -0.5119
vn -0.5720 0.7761 0.2655
vn -0.3661 0.9170 -0.1582
vn -0.4176 0.8863 -0.2003
vn -0.1370 0.8368 -0.5301
vn -0.0505 0.8096 -0.5848
vn -0.0517 0.8050 -0.5909
vn -0.1466 0.8224 -0.5497
vn -0.4708 0.8447 -0.2547
vn -0.5214 0.7905 -0.3214
vn -0.1552 0.8053 -0.5722
vn -0.0531 0.8000 -0.5977
vn -0.0542 0.7949 -0.6044
vn -0.7474 0.6524 0.1254
vn -0.6582 0.7246 0.2044
vn -0.1608 0.7872 -0.5954
vn -0.1631 0.7675 -0.6199
vn -0.0546 0.7899 -0.6108
vn -0.0551 0.7846 -0.6175
vn -0.5893 0.6485 -0.4818
vn -0.1622 0.7486 -0.6429
vn -0.5622 0.7254 -0.3971
vn -0.1579 0.7309 -0.6640
vn -0.0554 0.7799 -0.6234
vn -0.0555 0.7749 -0.6296
vn -0.8917 0.4444 -0.0863
vn -0.5968 0.5672 -0.5675
vn -0.5851 0.4881 -0.6476
vn -0.8293 0.5581 0.0268
vn -0.9253 0.1761 -0.3358
vn -0.9261 0.3124 -0.2114
vn -0.8879 0.4307 0.1614
vn -0.9832 0.1589 -0.0897
vn -0.9520 0.3032 0.0419
vn -0.9753 0.0114 -0.2206
vn -0.8012 0.5371 0.2639
vn -0.7049 0.6191 0.3463
vn -0.6115 0.6779 0.4081
vn -0.0065 0.8187 -0.5742
vn -0.0078 0.8223 -0.5689
vn 0.0672 0.8595 -0.5067
vn -0.0064 0.8144 -0.5802
vn 0.0759 0.8498 -0.5216
vn 0.0582 0.8678 -0.4935
vn 0.0853 0.8370 -0.5405
vn -0.0062 0.8097 -0.5868
vn -0.0052 0.8051 -0.5932
vn 0.0498 0.8737 -0.4839
vn -0.0086 0.8245 -0.5657
vn -0.0093 0.8267 -0.5626
vn 0.0424 0.8778 -0.4771
vn 0.0359 0.8808 -0.4721
vn -0.0102 0.8285 -0.5599
vn -0.0116 0.8297 -0.5581
vn 0.2049 0.9744 -0.0921
vn 0.0283 0.8833 -0.4679
vn 0.1760 0.9811 -0.0798
vn 0.1479 0.9865 -0.0699
vn 0.0210 0.8851 -0.4649
vn -0.0133 0.8307 -0.5565
vn 0.0135 0.8862 -0.4630
vn -0.0304 0.7349 -0.6775
vn -0.0297 0.6455 -0.7632
vn -0.0327 0.7338 -0.6786
vn -0.0285 0.7367 -0.6756
vn -0.0367 0.6451 -0.7632
vn -0.0242 0.6459 -0.7631
vn -0.0435 0.6455 -0.7626
vn -0.0350 0.7348 -0.6774
vn -0.0364 0.7369 -0.6751
vn -0.0174 0.6463 -0.7629
vn -0.0264 0.7383 -0.6740
vn -0.0238 0.7401 -0.6720
vn -0.0490 0.6459 -0.7619
vn -0.0100 0.6473 -0.7622
vn -0.0558 0.6462 -0.7612
vn -0.0384 0.7381 -0.6736
vn -0.0408 0.7400 -0.6714
vn -0.0014 0.6494 -0.7604
vn -0.0216 0.7430 -0.6690
vn -0.0197 0.7454 -0.6663
vn -0.0631 0.6474 -0.7596
vn 0.0066 0.6511 -0.7590
vn -0.0715 0.6494 -0.7571
vn -0.0426 0.7431 -0.6679
vn -0.0446 0.7454 -0.6651
vn 0.0167 0.6546 -0.7558
vn -0.0170 0.7474 -0.6642
vn -0.0144 0.7506 -0.6606
vn -0.0793 0.6510 -0.7549
vn 0.0266 0.6589 -0.7518
vn -0.0891 0.6545 -0.7508
vn -0.0470 0.7474 -0.6627
vn -0.0491 0.7505 -0.6591
vn 0.0376 0.6651 -0.7458
vn -0.0118 0.7541 -0.6567
vn -0.0106 0.7579 -0.6523
vn -0.0986 0.6588 -0.7458
vn 0.0470 0.6719 -0.7391
vn -0.1091 0.6650 -0.7389
vn -0.0512 0.7542 -0.6546
vn -0.0522 0.7580 -0.6502
vn 0.0559 0.6801 -0.7310
vn -0.0093 0.7620 -0.6476
vn -0.0077 0.7656 -0.6433
vn -0.1177 0.6719 -0.7312
vn 0.0651 0.6888 -0.7220
vn -0.1260 0.6800 -0.7223
vn -0.0530 0.7619 -0.6455
vn -0.0542 0.7656 -0.6411
vn 0.0758 0.7009 -0.7092
vn -0.0061 0.7702 -0.6377
vn -0.0052 0.7750 -0.6320
vn -0.1342 0.6887 -0.7125
vn 0.0853 0.7149 -0.6940
vn -0.1434 0.7009 -0.6987
vn -0.0555 0.7702 -0.6354
vn -0.1514 0.7148 -0.6827
vn 0.0935 0.7310 -0.6760
vn -0.0051 0.7800 -0.6257
vn -0.0047 0.7847 -0.6199
vn -0.5201 0.3547 -0.7770
vn 0.0996 0.7488 -0.6553
vn 0.1028 0.7676 -0.6326
vn -0.0042 0.7899 -0.6132
vn -0.0043 0.7949 -0.6068
vn 0.5206 0.4883 -0.7004
vn 0.1028 0.7873 -0.6080
vn 0.0993 0.8054 -0.5844
vn -0.0047 0.8000 -0.6000
vn 0.5403 0.6489 -0.5357
vn 0.0931 0.8224 -0.5613
vn 0.5396 0.5677 -0.6217
vn 0.4878 0.7908 -0.3697
vn 0.5213 0.7258 -0.4489
vn 0.9016 0.3131 -0.2986
vn 0.4436 0.8452 -0.2982
vn 0.8453 0.0470 -0.5322
vn 0.7795 -0.0661 -0.6230
vn 0.8205 -0.2385 -0.5195
vn 0.4863 0.4157 -0.7685
vn 0.7351 -0.3309 -0.5918
vn 0.4434 0.3550 -0.8230
vn 0.3947 0.3034 -0.8673
vn 0.7024 -0.1591 -0.6938
vn 0.6207 -0.2333 -0.7486
vn 0.3468 0.2655 -0.8996
vn 0.6471 -0.4033 -0.6470
vn 0.5648 -0.4566 -0.6874
vn 0.5431 -0.2886 -0.7885
vn 0.4960 -0.4921 -0.7154
vn 0.4767 -0.3264 -0.8162
vn 0.4356 -0.5178 -0.7363
vn 0.3041 0.2385 -0.9223
vn 0.2663 0.2186 -0.9388
vn 0.4183 -0.3526 -0.8371
vn 0.3735 -0.5396 -0.7545
vn 0.2254 0.2005 -0.9534
vn 0.3580 -0.3751 -0.8550
vn 0.1858 0.1875 -0.9645
vn 0.1459 0.1777 -0.9732
vn 0.2987 -0.3930 -0.8697
vn 0.3122 -0.5575 -0.7692
vn 0.1543 -0.5858 -0.7956
vn 0.1108 0.1727 -0.9787
vn 0.0789 0.1713 -0.9820
vn 0.0501 0.1711 -0.9840
vn 0.0221 0.1725 -0.9848
vn 0.1017 -0.4195 -0.9020
vn 0.1107 -0.5897 -0.8000
vn 0.0608 -0.4200 -0.9055
vn 0.0691 -0.5922 -0.8028
vn 0.0338 -0.5936 -0.8040
vn -0.0006 0.1749 -0.9846
vn 0.0266 -0.4192 -0.9075
vn -0.0222 0.1764 -0.9841
vn -0.0056 -0.4187 -0.9081
vn 0.0008 -0.5944 -0.8042
vn -0.0471 0.1763 -0.9832
vn -0.0382 -0.5951 -0.8028
vn -0.0432 -0.4184 -0.9072
vn -0.0769 -0.5943 -0.8005
vn -0.0807 -0.4189 -0.9045
vn -0.1097 -0.5937 -0.7972
vn -0.0718 0.1762 -0.9817
vn -0.0933 0.1746 -0.9802
vn -0.1127 -0.4196 -0.9007
vn -0.1449 -0.5922 -0.7926
vn -0.1159 0.1721 -0.9782
vn -0.1464 -0.4203 -0.8955
vn -0.1438 0.1713 -0.9747
vn -0.1722 0.1714 -0.9700
vn -0.1868 -0.4196 -0.8883
vn -0.1859 -0.5898 -0.7859
vn -0.2289 -0.5861 -0.7772
vn -0.2038 0.1728 -0.9636
vn -0.3837 -0.5578 -0.7360
vn -0.2380 0.1775 -0.9549
vn -0.2769 0.1873 -0.9425
vn -0.3799 -0.3932 -0.8373
vn -0.4433 -0.5398 -0.7156
vn -0.3155 0.2002 -0.9276
vn -0.4376 -0.3754 -0.8171
vn -0.3548 0.2182 -0.9091
vn -0.3907 0.2383 -0.8891
vn -0.4960 -0.3531 -0.7933
vn -0.5032 -0.5181 -0.6916
vn -0.5521 -0.3269 -0.7670
vn -0.5616 -0.4925 -0.6649
vn -0.6274 -0.4570 -0.6305
vn -0.4312 0.2652 -0.8624
vn -0.4757 0.3030 -0.8258
vn -0.6156 -0.2891 -0.7332
vn -0.6890 -0.2338 -0.6860
vn -0.7056 -0.4038 -0.5824
vn -0.7878 -0.3315 -0.5191
vn -0.7651 -0.1597 -0.6238
vn -0.8661 -0.2391 -0.4389
vn -0.8352 -0.0666 -0.5459
vn -0.9327 -0.1235 -0.3390
vn -0.8922 0.0464 -0.4492
vn -0.5576 0.4154 -0.7187
vn -0.0173 0.8289 -0.5591
vn -0.0186 0.8309 -0.5562
vn -0.0168 0.8276 -0.5611
vn -0.0205 0.8320 -0.5543
vn -0.0155 0.8267 -0.5624
vn -0.0222 0.8330 -0.5529
vn -0.0144 0.8258 -0.5638
vn -0.0235 0.8354 -0.5491
vn -0.0137 0.8239 -0.5665
vn -0.0263 0.8373 -0.5461
vn -0.0133 0.8223 -0.5688
vn -0.0297 0.8355 -0.5487
vn -0.0130 0.8207 -0.5712
vn -0.0312 0.8329 -0.5525
vn -0.0121 0.8187 -0.5740
vn -0.0330 0.8321 -0.5537
vn -0.0111 0.8157 -0.5784
vn -0.0350 0.8309 -0.5553
vn -0.0112 0.8117 -0.5840
vn -0.0366 0.8287 -0.5585
vn -0.0117 0.8076 -0.5896
vn -0.0374 0.8276 -0.5601
vn -0.0111 0.8037 -0.5950
vn -0.0386 0.8268 -0.5611
vn -0.0102 0.7995 -0.6006
vn -0.0401 0.8259 -0.5624
vn -0.0100 0.7952 -0.6063
vn -0.0410 0.8240 -0.5650
vn -0.0105 0.7908 -0.6120
vn -0.0415 0.8222 -0.5677
vn -0.0115 0.7869 -0.6170
vn -0.0420 0.8206 -0.5699
vn -0.0123 0.7832 -0.6217
vn -0.0432 0.8185 -0.5729
vn -0.0121 0.7794 -0.6264
vn -0.0447 0.8156 -0.5768
vn -0.0125 0.7754 -0.6314
vn -0.0451 0.8117 -0.5823
vn -0.0142 0.7717 -0.6358
vn -0.0452 0.8076 -0.5880
vn -0.0158 0.7691 -0.6390
vn -0.0462 0.8037 -0.5932
vn -0.0166 0.7665 -0.6420
vn -0.0476 0.7995 -0.5988
vn -0.0175 0.7631 -0.6461
vn -0.0482 0.7951 -0.6045
vn -0.0191 0.7601 -0.6495
vn -0.0485 0.7908 -0.6101
vn -0.0209 0.7577 -0.6523
vn -0.0481 0.7868 -0.6153
vn -0.0226 0.7564 -0.6538
vn -0.0478 0.7831 -0.6201
vn -0.0235 0.7537 -0.6569
vn -0.0482 0.7794 -0.6247
vn -0.0253 0.7506 -0.6602
vn -0.0482 0.7754 -0.6297
vn -0.0272 0.7488 -0.6622
vn -0.0470 0.7718 -0.6341
vn -0.0287 0.7472 -0.6640
vn -0.0457 0.7692 -0.6374
vn -0.0298 0.7437 -0.6678
vn -0.0451 0.7667 -0.6404
vn -0.0323 0.7418 -0.6698
vn -0.0445 0.7634 -0.6444
vn -0.0346 0.7438 -0.6675
vn -0.0436 0.7602 -0.6482
vn -0.0353 0.7473 -0.6636
vn -0.0419 0.7578 -0.6512
vn -0.0366 0.7487 -0.6619
vn -0.0404 0.7565 -0.6528
vn -0.0384 0.7504 -0.6599
vn -0.0396 0.7537 -0.6560
vn -0.0377 0.7561 -0.6533
vn -0.0359 0.7539 -0.6560
vn -0.0389 0.7617 -0.6468
vn -0.0385 0.7590 -0.6500
vn -0.0359 0.7518 -0.6585
vn -0.0400 0.7610 -0.6475
vn -0.0366 0.7548 -0.6549
vn -0.0350 0.7481 -0.6626
vn -0.0321 0.7462 -0.6650
vn -0.0368 0.7507 -0.6596
vn -0.0378 0.7541 -0.6557
vn -0.0290 0.7482 -0.6628
vn -0.0319 0.7483 -0.6626
vn -0.0267 0.7507 -0.6601
vn -0.0275 0.7517 -0.6589
vn -0.0273 0.7539 -0.6564
vn -0.0265 0.7548 -0.6554
vn -0.0252 0.7560 -0.6541
vn -0.0254 0.7540 -0.6564
vn -0.0241 0.7590 -0.6506
vn -0.0243 0.7570 -0.6529
vn -0.0218 0.7602 -0.6494
vn -0.0235 0.7617 -0.6475
vn -0.0226 0.7610 -0.6484
vn -0.0228 0.7632 -0.6457
vn -0.0230 0.7642 -0.6446
vn -0.0213 0.7649 -0.6437
vn -0.0225 0.7639 -0.6449
vn -0.0201 0.7679 -0.6402
vn -0.0218 0.7660 -0.6425
vn -0.0208 0.7677 -0.6405
vn -0.0198 0.7709 -0.6367
vn -0.0205 0.7683 -0.6397
vn -0.0209 0.7654 -0.6432
vn -0.0192 0.7729 -0.6342
vn -0.0203 0.7713 -0.6361
vn -0.0194 0.7726 -0.6347
vn -0.0176 0.7746 -0.6322
vn -0.0159 0.7779 -0.6281
vn -0.0186 0.7744 -0.6324
vn -0.0186 0.7719 -0.6355
vn -0.0160 0.7822 -0.6229
vn -0.0167 0.7785 -0.6274
vn -0.0173 0.7787 -0.6272
vn -0.0166 0.7834 -0.6212
vn -0.0160 0.7853 -0.6190
vn -0.0165 0.7860 -0.6180
vn -0.0152 0.7879 -0.6156
vn -0.0140 0.7912 -0.6114
vn -0.0163 0.7883 -0.6151
vn -0.0146 0.7912 -0.6114
vn -0.0135 0.7951 -0.6063
vn -0.0136 0.7992 -0.6009
vn -0.0148 0.7953 -0.6060
vn -0.0151 0.7953 -0.6060
vn -0.0142 0.7993 -0.6008
vn -0.0145 0.8029 -0.5960
vn -0.0155 0.8024 -0.5966
vn -0.0150 0.8059 -0.5918
vn -0.0153 0.8048 -0.5934
vn -0.0142 0.8096 -0.5868
vn -0.0134 0.8141 -0.5805
vn -0.0147 0.8079 -0.5891
vn -0.0147 0.8132 -0.5818
vn -0.0143 0.8170 -0.5764
vn -0.0154 0.8185 -0.5743
vn -0.0154 0.8167 -0.5768
vn -0.0149 0.8119 -0.5836
vn -0.0156 0.8183 -0.5746
vn -0.0154 0.8198 -0.5724
vn -0.0158 0.8195 -0.5729
vn -0.0147 0.8184 -0.5744
vn -0.0158 0.8216 -0.5698
vn -0.0156 0.8214 -0.5701
vn -0.0154 0.8216 -0.5699
vn -0.0159 0.8235 -0.5671
vn -0.0163 0.8228 -0.5681
vn -0.0168 0.8246 -0.5655
vn -0.0170 0.8240 -0.5664
vn -0.0172 0.8258 -0.5638
vn -0.0166 0.8242 -0.5660
vn -0.0174 0.8275 -0.5613
vn -0.0165 0.8262 -0.5631
vn -0.0182 0.8298 -0.5578
vn -0.0158 0.8231 -0.5677
vn -0.0146 0.8192 -0.5734
vn -0.0202 0.8315 -0.5552
vn -0.0164 0.8267 -0.5624
vn -0.0208 0.8332 -0.5526
vn -0.0197 0.8308 -0.5562
vn -0.0222 0.8364 -0.5477
vn -0.0263 0.8382 -0.5448
vn -0.0205 0.8345 -0.5506
vn -0.0307 0.8365 -0.5471
vn -0.0190 0.8314 -0.5554
vn -0.0326 0.8332 -0.5520
vn -0.0334 0.8317 -0.5543
vn -0.0355 0.8297 -0.5570
vn -0.0340 0.8307 -0.5556
vn -0.0366 0.8275 -0.5603
vn -0.0366 0.8289 -0.5581
vn -0.0346 0.8314 -0.5546
vn -0.0374 0.8257 -0.5629
vn -0.0380 0.8268 -0.5613
vn -0.0379 0.8262 -0.5621
vn -0.0379 0.8248 -0.5642
vn -0.0380 0.8242 -0.5651
vn -0.0377 0.8240 -0.5653
vn -0.0388 0.8235 -0.5661
vn -0.0395 0.8217 -0.5685
vn -0.0386 0.8229 -0.5669
vn -0.0392 0.8216 -0.5687
vn -0.0394 0.8214 -0.5691
vn -0.0396 0.8198 -0.5712
vn -0.0395 0.8195 -0.5717
vn -0.0400 0.8185 -0.5731
vn -0.0398 0.8183 -0.5735
vn -0.0412 0.8170 -0.5752
vn -0.0427 0.8141 -0.5791
vn -0.0404 0.8168 -0.5755
vn -0.0414 0.8133 -0.5804
vn -0.0424 0.8096 -0.5854
vn -0.0422 0.8059 -0.5906
vn -0.0420 0.8080 -0.5877
vn -0.0414 0.8119 -0.5823
vn -0.0420 0.8047 -0.5922
vn -0.0430 0.8029 -0.5946
vn -0.0421 0.8024 -0.5954
vn -0.0431 0.8043 -0.5927
vn -0.0434 0.7954 -0.6046
vn -0.0437 0.7993 -0.5993
vn -0.0442 0.7992 -0.5994
vn -0.0450 0.7951 -0.6048
vn -0.0436 0.7952 -0.6048
vn -0.0449 0.7913 -0.6098
vn -0.0444 0.7911 -0.6100
vn -0.0440 0.7879 -0.6142
vn -0.0430 0.7883 -0.6138
vn -0.0434 0.7852 -0.6177
vn -0.0430 0.7860 -0.6167
vn -0.0440 0.7822 -0.6215
vn -0.0446 0.7780 -0.6267
vn -0.0434 0.7835 -0.6199
vn -0.0437 0.7786 -0.6260
vn -0.0432 0.7746 -0.6310
vn -0.0420 0.7728 -0.6333
vn -0.0424 0.7744 -0.6313
vn -0.0431 0.7787 -0.6260
vn -0.0416 0.7726 -0.6335
vn -0.0416 0.7708 -0.6357
vn -0.0410 0.7713 -0.6351
vn -0.0427 0.7718 -0.6344
vn -0.0409 0.7677 -0.6395
vn -0.0411 0.7683 -0.6388
vn -0.0416 0.7677 -0.6395
vn -0.0406 0.7651 -0.6426
vn -0.0393 0.7632 -0.6449
vn -0.0401 0.7659 -0.6417
vn -0.0391 0.7641 -0.6439
vn -0.0395 0.7639 -0.6441
vn -0.0410 0.7655 -0.6422
vn -0.0428 0.7701 -0.6365
vn -0.0407 0.7601 -0.6485
vn -0.0386 0.7571 -0.6522
vn -0.0389 0.7568 -0.6525
vn -0.0435 0.7675 -0.6396
vn -0.0315 0.7558 -0.6540
vn -0.0402 0.7654 -0.6423
vn -0.0241 0.7568 -0.6532
vn -0.0218 0.7655 -0.6431
vn -0.0310 0.7643 -0.6442
vn -0.0305 0.7745 -0.6319
vn -0.0182 0.7675 -0.6408
vn -0.0187 0.7701 -0.6377
vn -0.0164 0.7759 -0.6307
vn -0.0167 0.7774 -0.6288
vn -0.0199 0.7748 -0.6319
vn -0.0154 0.7860 -0.6181
vn -0.0189 0.7848 -0.6195
vn -0.0150 0.7854 -0.6189
vn -0.0153 0.7863 -0.6177
vn -0.0143 0.7951 -0.6064
vn -0.0148 0.7952 -0.6061
vn -0.0143 0.8041 -0.5944
vn -0.0142 0.8043 -0.5941
vn -0.0137 0.8125 -0.5828
vn -0.0138 0.8133 -0.5817
vn -0.0140 0.8208 -0.5711
vn -0.0138 0.8045 -0.5938
vn -0.0176 0.8049 -0.5932
vn -0.0176 0.8223 -0.5688
vn -0.0180 0.7950 -0.6063
vn -0.0293 0.7951 -0.6058
vn -0.0185 0.8295 -0.5582
vn -0.0298 0.7845 -0.6194
vn -0.0269 0.8303 -0.5566
vn -0.0408 0.7848 -0.6184
vn -0.0409 0.7748 -0.6309
vn -0.0443 0.7759 -0.6293
vn -0.0439 0.7774 -0.6275
vn -0.0439 0.7861 -0.6166
vn -0.0446 0.7853 -0.6175
vn -0.0441 0.7862 -0.6163
vn -0.0440 0.7951 -0.6049
vn -0.0437 0.7953 -0.6047
vn -0.0431 0.8041 -0.5930
vn -0.0405 0.7951 -0.6052
vn -0.0397 0.8049 -0.5921
vn -0.0435 0.8045 -0.5924
vn -0.0286 0.8051 -0.5924
vn -0.0424 0.8133 -0.5804
vn -0.0421 0.8123 -0.5817
vn -0.0280 0.8147 -0.5792
vn -0.0406 0.8192 -0.5721
vn -0.0388 0.8141 -0.5795
vn -0.0172 0.8141 -0.5805
vn -0.0274 0.8232 -0.5671
vn -0.0373 0.8223 -0.5678
vn -0.0410 0.8208 -0.5698
vn -0.0353 0.8294 -0.5575
vn -0.0390 0.8230 -0.5667
vn -0.0406 0.8184 -0.5732
vn -0.0329 0.8344 -0.5502
vn -0.0265 0.8364 -0.5474
vt 0.371808 0.930259
vt 0.371639 0.929434
vt 0.379781 0.931358
vt 0.364175 0.928198
vt 0.364344 0.929022
vt 0.479694 0.930259
vt 0.471721 0.931358
vt 0.479864 0.929434
vt 0.487327 0.928198
vt 0.487158 0.929022
vt 0.539405 0.893986
vt 0.539065 0.895086
vt 0.539913 0.897284
vt 0.537878 0.890826
vt 0.539574 0.898383
vt 0.537539 0.891788
vt 0.538896 0.901681
vt 0.539235 0.900581
vt 0.537708 0.903741
vt 0.534994 0.888765
vt 0.535333 0.887666
vt 0.531771 0.884643
vt 0.537369 0.904840
vt 0.531432 0.885743
vt 0.534655 0.908001
vt 0.535164 0.906902
vt 0.531601 0.909924
vt 0.526682 0.882720
vt 0.527021 0.881758
vt 0.521424 0.878873
vt 0.531262 0.911023
vt 0.521084 0.879972
vt 0.526852 0.913771
vt 0.527191 0.912809
vt 0.521932 0.915558
vt 0.514808 0.877499
vt 0.515147 0.876399
vt 0.508362 0.874201
vt 0.521593 0.916656
vt 0.508192 0.875300
vt 0.515147 0.919405
vt 0.515317 0.918443
vt 0.508362 0.921053
vt 0.501577 0.873377
vt 0.501746 0.872415
vt 0.494961 0.870766
vt 0.508192 0.921878
vt 0.494791 0.871865
vt 0.501407 0.924076
vt 0.501576 0.923114
vt 0.494791 0.924900
vt 0.488006 0.870492
vt 0.488176 0.869530
vt 0.480882 0.868293
vt 0.494452 0.925862
vt 0.480542 0.869392
vt 0.487497 0.927374
vt 0.487667 0.926549
vt 0.480373 0.927786
vt 0.472570 0.868293
vt 0.472739 0.867331
vt 0.464088 0.866507
vt 0.480033 0.928610
vt 0.463918 0.867469
vt 0.472061 0.929847
vt 0.472230 0.929022
vt 0.463749 0.929984
vt 0.455437 0.866782
vt 0.455606 0.865820
vt 0.446446 0.865408
vt 0.463749 0.930671
vt 0.446277 0.866370
vt 0.455267 0.931495
vt 0.455267 0.930671
vt 0.446277 0.931221
vt 0.436268 0.866095
vt 0.436268 0.865133
vt 0.425751 0.864996
vt 0.446277 0.931908
vt 0.425751 0.865957
vt 0.436268 0.932320
vt 0.436268 0.931633
vt 0.425751 0.931770
vt 0.415234 0.866095
vt 0.415234 0.865133
vt 0.405056 0.865408
vt 0.425751 0.932457
vt 0.405226 0.866370
vt 0.415234 0.932320
vt 0.415234 0.931633
vt 0.405226 0.931221
vt 0.396066 0.866782
vt 0.395896 0.865820
vt 0.387414 0.866507
vt 0.405226 0.931908
vt 0.387584 0.867469
vt 0.396235 0.931495
vt 0.396235 0.930671
vt 0.387754 0.929984
vt 0.378933 0.868293
vt 0.378763 0.867331
vt 0.370621 0.868293
vt 0.387754 0.930671
vt 0.370960 0.869392
vt 0.379442 0.929847
vt 0.379272 0.929022
vt 0.371130 0.927786
vt 0.363496 0.870492
vt 0.363327 0.869530
vt 0.356542 0.870766
vt 0.371469 0.928610
vt 0.356711 0.871865
vt 0.364005 0.927374
vt 0.363836 0.926549
vt 0.356711 0.924900
vt 0.349926 0.873377
vt 0.349756 0.872415
vt 0.343141 0.874201
vt 0.357050 0.925862
vt 0.343310 0.875300
vt 0.350096 0.924076
vt 0.349926 0.923114
vt 0.343141 0.921053
vt 0.336695 0.877499
vt 0.336355 0.876399
vt 0.330079 0.878873
vt 0.343310 0.921878
vt 0.330418 0.879972
vt 0.336355 0.919405
vt 0.336186 0.918443
vt 0.329570 0.915558
vt 0.324820 0.882720
vt 0.324481 0.881758
vt 0.319731 0.884643
vt 0.329909 0.916656
vt 0.320071 0.885743
vt 0.324651 0.913771
vt 0.324311 0.912809
vt 0.319901 0.909924
vt 0.316508 0.888765
vt 0.316169 0.887666
vt 0.313625 0.890826
vt 0.320240 0.911023
vt 0.313964 0.891788
vt 0.316848 0.908001
vt 0.316339 0.906902
vt 0.313794 0.903741
vt 0.312437 0.895086
vt 0.312098 0.893986
vt 0.311589 0.897284
vt 0.314133 0.904840
vt 0.311928 0.898383
vt 0.312607 0.901681
vt 0.312268 0.900581
vt 0.312437 0.899482
vt 0.312776 0.896185
vt 0.314642 0.905940
vt 0.312946 0.902642
vt 0.314303 0.892887
vt 0.313285 0.903741
vt 0.313285 0.897284
vt 0.316848 0.889864
vt 0.320410 0.886842
vt 0.317187 0.890964
vt 0.314812 0.893986
vt 0.325160 0.883819
vt 0.320749 0.887941
vt 0.325499 0.884918
vt 0.330757 0.881071
vt 0.336864 0.878598
vt 0.330927 0.882170
vt 0.321597 0.888902
vt 0.343480 0.876399
vt 0.337203 0.879560
vt 0.331775 0.883132
vt 0.326177 0.885880
vt 0.350096 0.874476
vt 0.343819 0.877361
vt 0.337882 0.880659
vt 0.350435 0.875575
vt 0.356881 0.872965
vt 0.344328 0.878461
vt 0.363666 0.871591
vt 0.357050 0.873927
vt 0.371130 0.870354
vt 0.364005 0.872552
vt 0.379103 0.869392
vt 0.371299 0.871453
vt 0.387584 0.868430
vt 0.379272 0.870354
vt 0.396235 0.867881
vt 0.405226 0.867331
vt 0.396405 0.868843
vt 0.387754 0.869530
vt 0.388093 0.870629
vt 0.371639 0.872552
vt 0.379611 0.871453
vt 0.380290 0.872690
vt 0.396575 0.869942
vt 0.388602 0.871865
vt 0.396914 0.871179
vt 0.405565 0.869392
vt 0.389280 0.872965
vt 0.380969 0.873789
vt 0.397423 0.872277
vt 0.406074 0.871865
vt 0.373165 0.874751
vt 0.405904 0.870629
vt 0.415573 0.870354
vt 0.415743 0.871453
vt 0.425751 0.871453
vt 0.405395 0.868430
vt 0.425751 0.870217
vt 0.415404 0.868018
vt 0.435929 0.870354
vt 0.435760 0.871453
vt 0.415404 0.869117
vt 0.445429 0.871865
vt 0.425751 0.868980
vt 0.445598 0.870629
vt 0.454589 0.871179
vt 0.454080 0.872277
vt 0.462222 0.872965
vt 0.445937 0.869392
vt 0.462901 0.871865
vt 0.436099 0.869117
vt 0.471213 0.872690
vt 0.470534 0.873789
vt 0.478337 0.874751
vt 0.436099 0.868018
vt 0.454928 0.869942
vt 0.463410 0.870629
vt 0.425751 0.867881
vt 0.455098 0.868843
vt 0.425751 0.866919
vt 0.446107 0.868430
vt 0.415234 0.867056
vt 0.436268 0.867056
vt 0.446277 0.867331
vt 0.455267 0.867881
vt 0.463918 0.868430
vt 0.463749 0.869530
vt 0.472400 0.869392
vt 0.472230 0.870354
vt 0.471891 0.871453
vt 0.480373 0.870354
vt 0.479864 0.872552
vt 0.480203 0.871453
vt 0.479185 0.873789
vt 0.486310 0.874888
vt 0.485292 0.875850
vt 0.491738 0.877224
vt 0.487837 0.871591
vt 0.492925 0.876262
vt 0.494622 0.872965
vt 0.499541 0.877774
vt 0.498014 0.878735
vt 0.504291 0.880384
vt 0.493943 0.875026
vt 0.505987 0.879560
vt 0.487158 0.873652
vt 0.487497 0.872552
vt 0.494452 0.873927
vt 0.500559 0.876674
vt 0.501068 0.875575
vt 0.507174 0.878461
vt 0.501407 0.874476
vt 0.508023 0.876399
vt 0.507683 0.877361
vt 0.514638 0.878598
vt 0.514299 0.879560
vt 0.520745 0.881071
vt 0.513620 0.880659
vt 0.512263 0.881758
vt 0.510567 0.882582
vt 0.516504 0.884918
vt 0.519727 0.883132
vt 0.518201 0.884094
vt 0.523459 0.886842
vt 0.521593 0.887529
vt 0.525834 0.890139
vt 0.520575 0.882170
vt 0.527870 0.889590
vt 0.526004 0.884918
vt 0.525325 0.885880
vt 0.529905 0.888902
vt 0.531262 0.892475
vt 0.529227 0.893024
vt 0.531432 0.895772
vt 0.533637 0.895498
vt 0.533298 0.891925
vt 0.535842 0.894948
vt 0.535164 0.898520
vt 0.532789 0.898795
vt 0.533298 0.901681
vt 0.534316 0.890964
vt 0.530753 0.887941
vt 0.535503 0.901681
vt 0.534994 0.904703
vt 0.532789 0.904566
vt 0.531262 0.907588
vt 0.537708 0.901406
vt 0.533467 0.907726
vt 0.537369 0.898108
vt 0.531093 0.910749
vt 0.528887 0.910337
vt 0.525664 0.913084
vt 0.538217 0.897284
vt 0.537199 0.904566
vt 0.535673 0.907726
vt 0.536690 0.893986
vt 0.538217 0.903741
vt 0.538726 0.900581
vt 0.537199 0.892887
vt 0.539065 0.899482
vt 0.538726 0.896185
vt 0.538557 0.902642
vt 0.534655 0.889864
vt 0.531093 0.886842
vt 0.526343 0.883819
vt 0.329909 0.887529
vt 0.334998 0.884918
vt 0.328043 0.886842
vt 0.325669 0.890139
vt 0.323633 0.889590
vt 0.333302 0.884094
vt 0.320240 0.892475
vt 0.322276 0.893024
vt 0.320071 0.895772
vt 0.339239 0.881758
vt 0.340935 0.882582
vt 0.347212 0.880384
vt 0.345515 0.879560
vt 0.351961 0.877774
vt 0.353488 0.878735
vt 0.359764 0.877224
vt 0.350944 0.876674
vt 0.358577 0.876262
vt 0.357559 0.875026
vt 0.364345 0.873652
vt 0.365193 0.874888
vt 0.366210 0.875850
vt 0.372317 0.873789
vt 0.415743 0.932320
vt 0.415573 0.933281
vt 0.406244 0.932045
vt 0.425751 0.933419
vt 0.406074 0.933007
vt 0.435929 0.933281
vt 0.435760 0.932320
vt 0.445259 0.932045
vt 0.397253 0.932457
vt 0.397762 0.931633
vt 0.389620 0.930946
vt 0.445428 0.933007
vt 0.388941 0.931908
vt 0.454249 0.932457
vt 0.453740 0.931633
vt 0.461883 0.930946
vt 0.380799 0.931083
vt 0.381647 0.930122
vt 0.373844 0.929022
vt 0.462561 0.931908
vt 0.372996 0.929984
vt 0.470704 0.931083
vt 0.469855 0.930122
vt 0.477659 0.929022
vt 0.365701 0.928747
vt 0.366889 0.927923
vt 0.360273 0.926549
vt 0.478507 0.929984
vt 0.358916 0.927374
vt 0.485631 0.928747
vt 0.484613 0.927923
vt 0.491229 0.926549
vt 0.352301 0.925725
vt 0.353827 0.924900
vt 0.347381 0.922977
vt 0.492586 0.927374
vt 0.345855 0.923664
vt 0.499202 0.925725
vt 0.497675 0.924900
vt 0.504121 0.922977
vt 0.339069 0.921328
vt 0.340766 0.920641
vt 0.334659 0.918168
vt 0.505648 0.923664
vt 0.332963 0.918718
vt 0.512433 0.921328
vt 0.510737 0.920641
vt 0.516843 0.918168
vt 0.327874 0.916107
vt 0.329740 0.915558
vt 0.325838 0.913084
vt 0.518540 0.918718
vt 0.323633 0.913497
vt 0.523629 0.916107
vt 0.521763 0.915558
vt 0.527870 0.913497
vt 0.320410 0.910749
vt 0.322615 0.910337
vt 0.320240 0.907588
vt 0.529735 0.913634
vt 0.318035 0.907726
vt 0.316508 0.904703
vt 0.318713 0.904566
vt 0.318205 0.901681
vt 0.315830 0.907726
vt 0.315999 0.901681
vt 0.316339 0.898520
vt 0.318714 0.898795
vt 0.313794 0.901406
vt 0.317865 0.895498
vt 0.314303 0.904566
vt 0.315660 0.894948
vt 0.314133 0.898108
vt 0.312776 0.900581
vt 0.318205 0.891925
vt 0.314982 0.907039
vt 0.317526 0.910062
vt 0.317187 0.908962
vt 0.318374 0.910749
vt 0.320579 0.911985
vt 0.321767 0.913634
vt 0.326008 0.916382
vt 0.320919 0.913084
vt 0.325160 0.915832
vt 0.331266 0.918993
vt 0.324990 0.914871
vt 0.330249 0.917618
vt 0.330588 0.918580
vt 0.336695 0.920229
vt 0.336864 0.921191
vt 0.343649 0.922840
vt 0.337543 0.921740
vt 0.344498 0.924213
vt 0.343819 0.923664
vt 0.350435 0.924900
vt 0.351113 0.926137
vt 0.350604 0.925725
vt 0.357899 0.927923
vt 0.364853 0.929297
vt 0.357390 0.927511
vt 0.357220 0.926687
vt 0.379611 0.930534
vt 0.372148 0.930534
vt 0.380120 0.931633
vt 0.388432 0.932457
vt 0.396744 0.933144
vt 0.388093 0.932182
vt 0.387923 0.931495
vt 0.396574 0.932869
vt 0.396405 0.932182
vt 0.405395 0.932732
vt 0.405735 0.933556
vt 0.405565 0.933419
vt 0.415404 0.933969
vt 0.415404 0.933694
vt 0.415404 0.933007
vt 0.425751 0.934106
vt 0.425751 0.933144
vt 0.425751 0.933831
vt 0.436099 0.933007
vt 0.436099 0.933694
vt 0.446107 0.932732
vt 0.436099 0.933969
vt 0.445768 0.933556
vt 0.445937 0.933419
vt 0.455097 0.932182
vt 0.454758 0.933144
vt 0.454928 0.932869
vt 0.463070 0.932457
vt 0.471382 0.931633
vt 0.463410 0.932182
vt 0.463579 0.931495
vt 0.471891 0.930534
vt 0.479355 0.930534
vt 0.494283 0.926687
vt 0.486649 0.929297
vt 0.493604 0.927923
vt 0.494113 0.927511
vt 0.501068 0.924900
vt 0.500389 0.926137
vt 0.500898 0.925725
vt 0.507005 0.924213
vt 0.513960 0.921740
vt 0.507683 0.923664
vt 0.507853 0.922840
vt 0.514638 0.921191
vt 0.514808 0.920229
vt 0.521254 0.917618
vt 0.520236 0.918993
vt 0.525495 0.916382
vt 0.520915 0.918580
vt 0.526343 0.915832
vt 0.526513 0.914871
vt 0.530923 0.911985
vt 0.530584 0.913084
vt 0.534316 0.908962
vt 0.533976 0.910062
vt 0.536860 0.905940
vt 0.536521 0.907039
vt 0.533128 0.910749
vt 0.381477 0.874476
vt 0.389789 0.873652
vt 0.373674 0.875575
vt 0.397762 0.872965
vt 0.367059 0.876537
vt 0.406074 0.872552
vt 0.361122 0.877636
vt 0.415573 0.872277
vt 0.355015 0.879010
vt 0.425751 0.872140
vt 0.348908 0.880796
vt 0.435929 0.872277
vt 0.342462 0.882857
vt 0.445429 0.872552
vt 0.336355 0.885193
vt 0.453741 0.872965
vt 0.331266 0.887803
vt 0.461713 0.873652
vt 0.327026 0.890414
vt 0.470025 0.874476
vt 0.323803 0.893162
vt 0.477828 0.875575
vt 0.321428 0.896047
vt 0.484444 0.876537
vt 0.320071 0.898795
vt 0.490381 0.877636
vt 0.319562 0.901681
vt 0.496488 0.879010
vt 0.320071 0.904566
vt 0.502594 0.880796
vt 0.321597 0.907451
vt 0.509040 0.882857
vt 0.323972 0.910199
vt 0.515147 0.885193
vt 0.327195 0.912947
vt 0.520236 0.887803
vt 0.331097 0.915420
vt 0.524477 0.890414
vt 0.336186 0.917893
vt 0.527700 0.893162
vt 0.342462 0.920366
vt 0.530075 0.896047
vt 0.349078 0.922840
vt 0.531432 0.898795
vt 0.355354 0.924626
vt 0.531941 0.901681
vt 0.361461 0.926137
vt 0.531432 0.904566
vt 0.367568 0.927374
vt 0.529905 0.907451
vt 0.374353 0.928473
vt 0.527530 0.910199
vt 0.381986 0.929434
vt 0.524307 0.912947
vt 0.390128 0.930259
vt 0.520406 0.915420
vt 0.397932 0.930946
vt 0.515317 0.917893
vt 0.406244 0.931358
vt 0.509040 0.920366
vt 0.415743 0.931633
vt 0.502425 0.922840
vt 0.496148 0.924626
vt 0.435760 0.931633
vt 0.490042 0.926137
vt 0.445259 0.931358
vt 0.483935 0.927374
vt 0.453571 0.930946
vt 0.477150 0.928473
vt 0.461374 0.930396
vt 0.469516 0.929434
vt 0.460187 0.929297
vt 0.453232 0.929984
vt 0.476810 0.927511
vt 0.468668 0.928473
vt 0.445768 0.930122
vt 0.466802 0.926275
vt 0.452723 0.928198
vt 0.436268 0.930396
vt 0.425751 0.930534
vt 0.437286 0.927511
vt 0.446786 0.927648
vt 0.415234 0.930396
vt 0.425751 0.927648
vt 0.414216 0.927511
vt 0.405735 0.930122
vt 0.398271 0.929984
vt 0.398780 0.928198
vt 0.391316 0.929297
vt 0.404717 0.927648
vt 0.382834 0.928473
vt 0.393691 0.927099
vt 0.399797 0.923939
vt 0.374692 0.927511
vt 0.384700 0.926275
vt 0.368585 0.926824
vt 0.370112 0.925725
vt 0.363496 0.925587
vt 0.375540 0.925862
vt 0.358068 0.924488
vt 0.367398 0.924763
vt 0.372656 0.923114
vt 0.352979 0.922702
vt 0.362648 0.924076
vt 0.385888 0.922977
vt 0.346533 0.920092
vt 0.360952 0.922427
vt 0.356202 0.919405
vt 0.340087 0.917344
vt 0.334489 0.915145
vt 0.349587 0.916244
vt 0.369433 0.918718
vt 0.331945 0.912809
vt 0.342462 0.914733
vt 0.361970 0.913634
vt 0.344158 0.912535
vt 0.329231 0.909924
vt 0.342971 0.908962
vt 0.326517 0.906902
vt 0.323972 0.904291
vt 0.339578 0.905528
vt 0.333811 0.903741
vt 0.324311 0.901681
vt 0.323803 0.899207
vt 0.336695 0.901818
vt 0.356372 0.902093
vt 0.333641 0.900032
vt 0.326347 0.896597
vt 0.339409 0.898246
vt 0.329061 0.893574
vt 0.342971 0.894811
vt 0.331775 0.890551
vt 0.334659 0.888078
vt 0.343989 0.891101
vt 0.342462 0.888765
vt 0.340257 0.885880
vt 0.346703 0.883269
vt 0.349587 0.887254
vt 0.361970 0.890277
vt 0.356202 0.884231
vt 0.352810 0.880934
vt 0.360782 0.881208
vt 0.369264 0.885193
vt 0.372487 0.880796
vt 0.362479 0.879697
vt 0.357729 0.879285
vt 0.363157 0.878186
vt 0.367059 0.879010
vt 0.368077 0.877224
vt 0.369773 0.878186
vt 0.374183 0.876399
vt 0.375201 0.878186
vt 0.382495 0.875575
vt 0.384361 0.877774
vt 0.390977 0.874751
vt 0.385718 0.881071
vt 0.384361 0.885605
vt 0.398101 0.874064
vt 0.393521 0.877086
vt 0.399798 0.880247
vt 0.405565 0.873789
vt 0.398610 0.875850
vt 0.415065 0.873652
vt 0.425751 0.873514
vt 0.414216 0.876674
vt 0.436438 0.873652
vt 0.404547 0.876537
vt 0.445937 0.873789
vt 0.453401 0.874064
vt 0.460526 0.874751
vt 0.452892 0.875850
vt 0.469007 0.875575
vt 0.457981 0.877086
vt 0.446955 0.876537
vt 0.477319 0.876399
vt 0.451705 0.880247
vt 0.467141 0.877774
vt 0.483426 0.877224
vt 0.476301 0.878186
vt 0.481730 0.878186
vt 0.488345 0.878186
vt 0.493774 0.879285
vt 0.484444 0.879010
vt 0.479016 0.880796
vt 0.489024 0.879697
vt 0.498693 0.880934
vt 0.490720 0.881208
vt 0.504800 0.883269
vt 0.495300 0.884231
vt 0.511246 0.885880
vt 0.516844 0.888078
vt 0.501916 0.887254
vt 0.509040 0.888765
vt 0.519727 0.890551
vt 0.522441 0.893574
vt 0.507514 0.891101
vt 0.489533 0.890277
vt 0.508532 0.894811
vt 0.525155 0.896597
vt 0.512094 0.898246
vt 0.490042 0.895910
vt 0.495131 0.902093
vt 0.517861 0.900032
vt 0.527700 0.899207
vt 0.527191 0.901681
vt 0.514808 0.901818
vt 0.527530 0.904291
vt 0.517692 0.903741
vt 0.524986 0.906902
vt 0.511924 0.905528
vt 0.522272 0.909924
vt 0.508532 0.908962
vt 0.519558 0.912809
vt 0.517013 0.915145
vt 0.507344 0.912535
vt 0.509040 0.914733
vt 0.511415 0.917344
vt 0.504969 0.920092
vt 0.501916 0.916244
vt 0.489533 0.913634
vt 0.495300 0.919405
vt 0.498523 0.922702
vt 0.490550 0.922427
vt 0.482069 0.918718
vt 0.478846 0.923114
vt 0.488854 0.924076
vt 0.493434 0.924488
vt 0.488006 0.925725
vt 0.482917 0.926824
vt 0.484105 0.924763
vt 0.481390 0.925725
vt 0.475962 0.925862
vt 0.465615 0.922977
vt 0.467141 0.918580
vt 0.451705 0.923939
vt 0.457812 0.927099
vt 0.438134 0.923664
vt 0.452044 0.918855
vt 0.425751 0.923664
vt 0.438474 0.918993
vt 0.413368 0.923664
vt 0.413029 0.918993
vt 0.425751 0.919130
vt 0.425751 0.913909
vt 0.399458 0.918855
vt 0.384361 0.918580
vt 0.398949 0.913771
vt 0.382156 0.913497
vt 0.413029 0.913909
vt 0.380799 0.908001
vt 0.413029 0.908275
vt 0.398610 0.908138
vt 0.361461 0.908138
vt 0.398441 0.902368
vt 0.380290 0.902230
vt 0.380629 0.896459
vt 0.361461 0.895910
vt 0.381986 0.890826
vt 0.398949 0.890826
vt 0.399458 0.885605
vt 0.398610 0.896597
vt 0.413029 0.896597
vt 0.413029 0.885605
vt 0.413029 0.902505
vt 0.425751 0.902642
vt 0.413368 0.880796
vt 0.425751 0.908413
vt 0.425751 0.880796
vt 0.438474 0.908275
vt 0.438474 0.913909
vt 0.452553 0.913771
vt 0.469347 0.913497
vt 0.470704 0.908001
vt 0.452892 0.908138
vt 0.490042 0.908138
vt 0.453062 0.902368
vt 0.471213 0.902230
vt 0.470873 0.896459
vt 0.438474 0.902505
vt 0.438474 0.896597
vt 0.452892 0.896597
vt 0.425751 0.896734
vt 0.452553 0.890826
vt 0.469516 0.890826
vt 0.425751 0.890964
vt 0.467141 0.885605
vt 0.438474 0.890964
vt 0.413029 0.890964
vt 0.425751 0.885605
vt 0.438474 0.885605
vt 0.452044 0.885605
vt 0.438134 0.880796
vt 0.465784 0.881071
vt 0.482239 0.885193
vt 0.437286 0.876674
vt 0.425751 0.876537
s 1
usemtl extras
f 1/1/1 2/2/2 3/3/3
f 4/4/4 2/2/2 5/5/5
f 6/6/6 7/7/7 8/8/8
f 9/9/9 10/10/10 8/8/8
f 11/11/11 12/12/12 13/13/13
f 11/11/11 14/14/14 12/12/12
f 15/15/15 13/13/13 12/12/12
f 16/16/16 12/12/12 14/14/14
f 15/15/15 17/17/17 13/13/13
f 18/18/18 13/13/13 17/17/17
f 18/18/18 17/17/17 19/19/19
f 16/16/16 14/14/14 20/20/20
f 21/21/21 20/20/20 14/14/14
f 21/21/21 22/22/22 20/20/20
f 23/23/23 19/19/19 17/17/17
f 24/24/24 20/20/20 22/22/22
f 23/23/23 25/25/25 19/19/19
f 26/26/26 19/19/19 25/25/25
f 26/26/26 25/25/25 27/27/27
f 24/24/24 22/22/22 28/28/28
f 29/29/29 28/28/28 22/22/22
f 29/29/29 30/30/30 28/28/28
f 31/31/31 27/27/27 25/25/25
f 32/32/32 28/28/28 30/30/30
f 31/31/31 33/33/33 27/27/27
f 34/34/34 27/27/27 33/33/33
f 34/34/34 33/33/33 35/35/35
f 32/32/32 30/30/30 36/36/36
f 37/37/37 36/36/36 30/30/30
f 37/37/37 38/38/38 36/36/36
f 39/39/39 35/35/35 33/33/33
f 40/40/40 36/36/36 38/38/38
f 39/39/39 41/41/41 35/35/35
f 42/42/42 35/35/35 41/41/41
f 42/42/42 41/41/41 43/43/43
f 40/40/40 38/38/38 44/44/44
f 45/45/45 44/44/44 38/38/38
f 45/45/45 46/46/46 44/44/44
f 47/47/47 43/43/43 41/41/41
f 48/48/48 44/44/44 46/46/46
f 47/47/47 49/49/49 43/43/43
f 50/50/50 43/43/43 49/49/49
f 50/50/50 49/49/49 51/51/51
f 48/48/48 46/46/46 52/52/52
f 53/53/53 52/52/52 46/46/46
f 53/53/53 54/54/54 52/52/52
f 55/55/55 51/51/51 49/49/49
f 56/56/56 52/52/52 54/54/54
f 55/55/55 57/57/57 51/51/51
f 58/58/58 51/51/51 57/57/57
f 58/58/58 57/57/57 59/59/59
f 56/56/56 54/54/54 60/60/60
f 61/61/61 60/60/60 54/54/54
f 61/61/61 62/62/62 60/60/60
f 63/63/63 59/59/59 57/57/57
f 64/64/64 60/60/60 62/62/62
f 63/63/63 65/65/65 59/59/59
f 66/66/66 59/59/59 65/65/65
f 66/66/66 65/65/65 67/67/67
f 64/64/64 62/62/62 68/68/68
f 69/69/69 68/68/68 62/62/62
f 69/69/69 70/70/70 68/68/68
f 71/71/71 67/67/67 65/65/65
f 72/72/72 68/68/68 70/70/70
f 71/71/71 73/73/73 67/67/67
f 74/74/74 67/67/67 73/73/73
f 74/74/74 73/73/73 75/75/75
f 72/72/72 70/70/70 76/76/76
f 77/77/77 76/76/76 70/70/70
f 77/77/77 78/78/78 76/76/76
f 79/79/79 75/75/75 73/73/73
f 80/80/80 76/76/76 78/78/78
f 79/79/79 81/81/81 75/75/75
f 82/82/82 75/75/75 81/81/81
f 82/82/82 81/81/81 83/83/83
f 80/80/80 78/78/78 84/84/84
f 85/85/85 84/84/84 78/78/78
f 85/85/85 86/86/86 84/84/84
f 87/87/87 83/83/83 81/81/81
f 88/88/88 84/84/84 86/86/86
f 87/87/87 89/89/89 83/83/83
f 90/90/90 83/83/83 89/89/89
f 90/90/90 89/89/89 91/91/91
f 88/88/88 86/86/86 92/92/92
f 93/93/93 92/92/92 86/86/86
f 93/93/93 94/94/94 92/92/92
f 95/95/95 91/91/91 89/89/89
f 96/96/96 92/92/92 94/94/94
f 95/95/95 97/97/97 91/91/91
f 98/98/98 91/91/91 97/97/97
f 98/98/98 97/97/97 99/99/99
f 96/96/96 94/94/94 100/100/100
f 101/101/101 100/100/100 94/94/94
f 101/101/101 102/102/102 100/100/100
f 103/103/103 99/99/99 97/97/97
f 104/104/104 100/100/100 102/102/102
f 103/103/103 105/105/105 99/99/99
f 106/106/106 99/99/99 105/105/105
f 106/106/106 105/105/105 107/107/107
f 104/104/104 102/102/102 108/108/108
f 109/109/109 108/108/108 102/102/102
f 109/109/109 110/110/110 108/108/108
f 111/111/111 107/107/107 105/105/105
f 112/112/112 108/108/108 110/110/110
f 111/111/111 113/113/113 107/107/107
f 114/114/114 107/107/107 113/113/113
f 114/114/114 113/113/113 115/115/115
f 112/112/112 110/110/110 116/116/116
f 117/117/117 116/116/116 110/110/110
f 117/117/117 118/118/118 116/116/116
f 119/119/119 115/115/115 113/113/113
f 120/120/120 116/116/116 118/118/118
f 119/119/119 121/121/121 115/115/115
f 122/122/122 115/115/115 121/121/121
f 122/122/122 121/121/121 123/123/123
f 120/120/120 118/118/118 124/124/124
f 125/125/125 124/124/124 118/118/118
f 125/125/125 126/126/126 124/124/124
f 127/127/127 123/123/123 121/121/121
f 128/128/128 124/124/124 126/126/126
f 127/127/127 129/129/129 123/123/123
f 130/130/130 123/123/123 129/129/129
f 130/130/130 129/129/129 131/131/131
f 128/128/128 126/126/126 132/132/132
f 133/133/133 132/132/132 126/126/126
f 133/133/133 134/134/134 132/132/132
f 135/135/135 131/131/131 129/129/129
f 136/136/136 132/132/132 134/134/134
f 135/135/135 137/137/137 131/131/131
f 138/138/138 131/131/131 137/137/137
f 138/138/138 137/137/137 139/139/139
f 136/136/136 134/134/134 140/140/140
f 141/141/141 140/140/140 134/134/134
f 141/141/141 142/142/142 140/140/140
f 143/143/143 139/139/139 137/137/137
f 144/144/144 140/140/140 142/142/142
f 143/143/143 145/145/145 139/139/139
f 146/146/146 139/139/139 145/145/145
f 146/146/146 145/145/145 147/147/147
f 144/144/144 142/142/142 148/148/148
f 149/149/149 148/148/148 142/142/142
f 149/149/149 150/150/150 148/148/148
f 151/151/151 147/147/147 145/145/145
f 152/152/152 148/148/148 150/150/150
f 151/151/151 153/153/153 147/147/147
f 152/152/152 150/150/150 153/153/153
f 154/154/154 153/153/153 150/150/150
f 154/154/154 147/147/147 153/153/153
f 152/152/152 153/153/153 155/155/155
f 152/152/152 155/155/155 148/148/148
f 156/156/156 148/148/148 155/155/155
f 151/151/151 157/157/157 153/153/153
f 151/151/151 145/145/145 157/157/157
f 158/158/158 155/155/155 153/153/153
f 158/158/158 153/153/153 157/157/157
f 156/156/156 159/159/159 148/148/148
f 144/144/144 148/148/148 159/159/159
f 144/144/144 159/159/159 140/140/140
f 158/158/158 160/160/160 155/155/155
f 158/158/158 157/157/157 160/160/160
f 156/156/156 155/155/155 161/161/161
f 156/156/156 161/161/161 159/159/159
f 162/162/162 140/140/140 159/159/159
f 162/162/162 163/163/163 140/140/140
f 136/136/136 140/140/140 163/163/163
f 136/136/136 163/163/163 132/132/132
f 162/162/162 159/159/159 164/164/164
f 162/162/162 164/164/164 163/163/163
f 165/165/165 164/164/164 159/159/159
f 165/165/165 159/159/159 161/161/161
f 166/166/166 132/132/132 163/163/163
f 167/167/167 163/163/163 164/164/164
f 166/166/166 163/163/163 168/168/168
f 167/167/167 168/168/168 163/163/163
f 166/166/166 169/169/169 132/132/132
f 166/166/166 168/168/168 169/169/169
f 128/128/128 132/132/132 169/169/169
f 128/128/128 169/169/169 124/124/124
f 170/170/170 124/124/124 169/169/169
f 171/171/171 169/169/169 168/168/168
f 167/167/167 172/172/172 168/168/168
f 167/167/167 164/164/164 172/172/172
f 170/170/170 173/173/173 124/124/124
f 120/120/120 124/124/124 173/173/173
f 120/120/120 173/173/173 116/116/116
f 170/170/170 169/169/169 174/174/174
f 171/171/171 174/174/174 169/169/169
f 170/170/170 174/174/174 173/173/173
f 171/171/171 168/168/168 175/175/175
f 171/171/171 175/175/175 174/174/174
f 176/176/176 175/175/175 168/168/168
f 176/176/176 168/168/168 172/172/172
f 177/177/177 116/116/116 173/173/173
f 178/178/178 173/173/173 174/174/174
f 179/179/179 174/174/174 175/175/175
f 178/178/178 180/180/180 173/173/173
f 177/177/177 173/173/173 180/180/180
f 177/177/177 181/181/181 116/116/116
f 177/177/177 180/180/180 181/181/181
f 112/112/112 116/116/116 181/181/181
f 112/112/112 181/181/181 108/108/108
f 178/178/178 174/174/174 182/182/182
f 179/179/179 182/182/182 174/174/174
f 178/178/178 182/182/182 180/180/180
f 183/183/183 108/108/108 181/181/181
f 184/184/184 181/181/181 180/180/180
f 183/183/183 185/185/185 108/108/108
f 104/104/104 108/108/108 185/185/185
f 104/104/104 185/185/185 100/100/100
f 184/184/184 186/186/186 181/181/181
f 183/183/183 181/181/181 186/186/186
f 183/183/183 186/186/186 185/185/185
f 187/187/187 100/100/100 185/185/185
f 188/188/188 185/185/185 186/186/186
f 187/187/187 189/189/189 100/100/100
f 96/96/96 100/100/100 189/189/189
f 187/187/187 185/185/185 190/190/190
f 188/188/188 190/190/190 185/185/185
f 187/187/187 190/190/190 189/189/189
f 96/96/96 189/189/189 92/92/92
f 191/191/191 92/92/92 189/189/189
f 191/191/191 192/192/192 92/92/92
f 88/88/88 92/92/92 192/192/192
f 88/88/88 192/192/192 84/84/84
f 191/191/191 189/189/189 193/193/193
f 191/191/191 193/193/193 192/192/192
f 194/194/194 193/193/193 189/189/189
f 194/194/194 189/189/189 190/190/190
f 194/194/194 190/190/190 195/195/195
f 194/194/194 195/195/195 193/193/193
f 188/188/188 196/196/196 190/190/190
f 188/188/188 186/186/186 196/196/196
f 197/197/197 195/195/195 190/190/190
f 197/197/197 190/190/190 196/196/196
f 197/197/197 196/196/196 198/198/198
f 197/197/197 198/198/198 195/195/195
f 199/199/199 193/193/193 195/195/195
f 200/200/200 195/195/195 198/198/198
f 199/199/199 195/195/195 201/201/201
f 200/200/200 201/201/201 195/195/195
f 199/199/199 202/202/202 193/193/193
f 199/199/199 201/201/201 202/202/202
f 200/200/200 203/203/203 201/201/201
f 200/200/200 198/198/198 203/203/203
f 204/204/204 203/203/203 198/198/198
f 205/205/205 201/201/201 203/203/203
f 205/205/205 206/206/206 201/201/201
f 204/204/204 198/198/198 207/207/207
f 208/208/208 201/201/201 206/206/206
f 208/208/208 202/202/202 201/201/201
f 208/208/208 206/206/206 209/209/209
f 208/208/208 209/209/209 202/202/202
f 210/210/210 209/209/209 206/206/206
f 210/210/210 211/211/211 209/209/209
f 212/212/212 193/193/193 202/202/202
f 212/212/212 192/192/192 193/193/193
f 213/213/213 209/209/209 211/211/211
f 212/212/212 214/214/214 192/192/192
f 212/212/212 202/202/202 214/214/214
f 213/213/213 211/211/211 215/215/215
f 216/216/216 215/215/215 211/211/211
f 217/217/217 202/202/202 209/209/209
f 217/217/217 214/214/214 202/202/202
f 216/216/216 218/218/218 215/215/215
f 217/217/217 209/209/209 219/219/219
f 213/213/213 219/219/219 209/209/209
f 217/217/217 219/219/219 214/214/214
f 213/213/213 215/215/215 219/219/219
f 220/220/220 215/215/215 218/218/218
f 220/220/220 218/218/218 221/221/221
f 222/222/222 221/221/221 218/218/218
f 222/222/222 223/223/223 221/221/221
f 220/220/220 224/224/224 215/215/215
f 220/220/220 221/221/221 224/224/224
f 225/225/225 221/221/221 223/223/223
f 226/226/226 215/215/215 224/224/224
f 226/226/226 219/219/219 215/215/215
f 225/225/225 223/223/223 227/227/227
f 228/228/228 227/227/227 223/223/223
f 228/228/228 229/229/229 227/227/227
f 226/226/226 230/230/230 219/219/219
f 226/226/226 224/224/224 230/230/230
f 231/231/231 224/224/224 221/221/221
f 225/225/225 232/232/232 221/221/221
f 231/231/231 221/221/221 232/232/232
f 225/225/225 227/227/227 232/232/232
f 233/233/233 219/219/219 230/230/230
f 233/233/233 214/214/214 219/219/219
f 231/231/231 234/234/234 224/224/224
f 231/231/231 232/232/232 234/234/234
f 233/233/233 235/235/235 214/214/214
f 233/233/233 230/230/230 235/235/235
f 236/236/236 230/230/230 224/224/224
f 236/236/236 224/224/224 234/234/234
f 237/237/237 214/214/214 235/235/235
f 237/237/237 192/192/192 214/214/214
f 237/237/237 84/84/84 192/192/192
f 237/237/237 235/235/235 84/84/84
f 80/80/80 84/84/84 235/235/235
f 80/80/80 235/235/235 76/76/76
f 238/238/238 235/235/235 230/230/230
f 238/238/238 76/76/76 235/235/235
f 238/238/238 239/239/239 76/76/76
f 238/238/238 230/230/230 239/239/239
f 236/236/236 239/239/239 230/230/230
f 236/236/236 234/234/234 239/239/239
f 72/72/72 76/76/76 239/239/239
f 72/72/72 239/239/239 68/68/68
f 240/240/240 68/68/68 239/239/239
f 240/240/240 239/239/239 234/234/234
f 240/240/240 241/241/241 68/68/68
f 240/240/240 234/234/234 241/241/241
f 64/64/64 68/68/68 241/241/241
f 64/64/64 241/241/241 60/60/60
f 242/242/242 241/241/241 234/234/234
f 242/242/242 234/234/234 232/232/232
f 243/243/243 60/60/60 241/241/241
f 242/242/242 244/244/244 241/241/241
f 242/242/242 232/232/232 244/244/244
f 243/243/243 241/241/241 244/244/244
f 245/245/245 244/244/244 232/232/232
f 245/245/245 232/232/232 227/227/227
f 243/243/243 246/246/246 60/60/60
f 243/243/243 244/244/244 246/246/246
f 56/56/56 60/60/60 246/246/246
f 56/56/56 246/246/246 52/52/52
f 245/245/245 227/227/227 247/247/247
f 245/245/245 247/247/247 244/244/244
f 248/248/248 246/246/246 244/244/244
f 248/248/248 244/244/244 247/247/247
f 249/249/249 247/247/247 227/227/227
f 249/249/249 227/227/227 229/229/229
f 249/249/249 229/229/229 250/250/250
f 249/249/249 250/250/250 247/247/247
f 251/251/251 250/250/250 229/229/229
f 251/251/251 252/252/252 250/250/250
f 253/253/253 52/52/52 246/246/246
f 254/254/254 250/250/250 252/252/252
f 253/253/253 255/255/255 52/52/52
f 48/48/48 52/52/52 255/255/255
f 48/48/48 255/255/255 44/44/44
f 254/254/254 252/252/252 256/256/256
f 257/257/257 256/256/256 252/252/252
f 257/257/257 258/258/258 256/256/256
f 254/254/254 259/259/259 250/250/250
f 254/254/254 256/256/256 259/259/259
f 260/260/260 256/256/256 258/258/258
f 261/261/261 250/250/250 259/259/259
f 261/261/261 247/247/247 250/250/250
f 261/261/261 262/262/262 247/247/247
f 261/261/261 259/259/259 262/262/262
f 248/248/248 247/247/247 262/262/262
f 248/248/248 262/262/262 246/246/246
f 253/253/253 246/246/246 262/262/262
f 253/253/253 262/262/262 255/255/255
f 263/263/263 255/255/255 262/262/262
f 263/263/263 262/262/262 259/259/259
f 264/264/264 259/259/259 256/256/256
f 263/263/263 259/259/259 265/265/265
f 263/263/263 265/265/265 255/255/255
f 264/264/264 265/265/265 259/259/259
f 264/264/264 256/256/256 266/266/266
f 260/260/260 266/266/266 256/256/256
f 264/264/264 266/266/266 265/265/265
f 267/267/267 255/255/255 265/265/265
f 267/267/267 44/44/44 255/255/255
f 267/267/267 268/268/268 44/44/44
f 267/267/267 265/265/265 268/268/268
f 40/40/40 44/44/44 268/268/268
f 40/40/40 268/268/268 36/36/36
f 269/269/269 268/268/268 265/265/265
f 269/269/269 265/265/265 266/266/266
f 270/270/270 36/36/36 268/268/268
f 269/269/269 271/271/271 268/268/268
f 270/270/270 268/268/268 271/271/271
f 269/269/269 266/266/266 271/271/271
f 270/270/270 272/272/272 36/36/36
f 270/270/270 271/271/271 272/272/272
f 32/32/32 36/36/36 272/272/272
f 32/32/32 272/272/272 28/28/28
f 273/273/273 271/271/271 266/266/266
f 260/260/260 274/274/274 266/266/266
f 273/273/273 266/266/266 274/274/274
f 260/260/260 258/258/258 274/274/274
f 275/275/275 274/274/274 258/258/258
f 275/275/275 276/276/276 274/274/274
f 273/273/273 277/277/277 271/271/271
f 273/273/273 274/274/274 277/277/277
f 278/278/278 274/274/274 276/276/276
f 278/278/278 277/277/277 274/274/274
f 278/278/278 276/276/276 279/279/279
f 278/278/278 279/279/279 277/277/277
f 280/280/280 279/279/279 276/276/276
f 280/280/280 281/281/281 279/279/279
f 282/282/282 271/271/271 277/277/277
f 282/282/282 272/272/272 271/271/271
f 283/283/283 279/279/279 281/281/281
f 282/282/282 277/277/277 284/284/284
f 282/282/282 284/284/284 272/272/272
f 285/285/285 277/277/277 279/279/279
f 285/285/285 284/284/284 277/277/277
f 285/285/285 279/279/279 286/286/286
f 283/283/283 286/286/286 279/279/279
f 285/285/285 286/286/286 284/284/284
f 283/283/283 281/281/281 287/287/287
f 288/288/288 287/287/287 281/281/281
f 283/283/283 287/287/287 286/286/286
f 288/288/288 289/289/289 287/287/287
f 290/290/290 287/287/287 289/289/289
f 291/291/291 286/286/286 287/287/287
f 290/290/290 292/292/292 287/287/287
f 291/291/291 287/287/287 292/292/292
f 290/290/290 289/289/289 293/293/293
f 294/294/294 293/293/293 289/289/289
f 290/290/290 293/293/293 292/292/292
f 294/294/294 295/295/295 293/293/293
f 291/291/291 296/296/296 286/286/286
f 291/291/291 292/292/292 296/296/296
f 297/297/297 286/286/286 296/296/296
f 297/297/297 284/284/284 286/286/286
f 298/298/298 293/293/293 295/295/295
f 298/298/298 295/295/295 299/299/299
f 300/300/300 299/299/299 295/295/295
f 300/300/300 301/301/301 299/299/299
f 298/298/298 302/302/302 293/293/293
f 298/298/298 299/299/299 302/302/302
f 303/303/303 299/299/299 301/301/301
f 304/304/304 293/293/293 302/302/302
f 304/304/304 292/292/292 293/293/293
f 303/303/303 301/301/301 305/305/305
f 306/306/306 305/305/305 301/301/301
f 306/306/306 307/307/307 305/305/305
f 304/304/304 308/308/308 292/292/292
f 304/304/304 302/302/302 308/308/308
f 309/309/309 302/302/302 299/299/299
f 303/303/303 310/310/310 299/299/299
f 309/309/309 299/299/299 310/310/310
f 303/303/303 305/305/305 310/310/310
f 311/311/311 292/292/292 308/308/308
f 311/311/311 296/296/296 292/292/292
f 309/309/309 312/312/312 302/302/302
f 309/309/309 310/310/310 312/312/312
f 313/313/313 308/308/308 302/302/302
f 313/313/313 302/302/302 312/312/312
f 311/311/311 314/314/314 296/296/296
f 311/311/311 308/308/308 314/314/314
f 313/313/313 315/315/315 308/308/308
f 313/313/313 312/312/312 315/315/315
f 316/316/316 314/314/314 308/308/308
f 316/316/316 308/308/308 315/315/315
f 316/316/316 315/315/315 12/12/12
f 316/316/316 12/12/12 314/314/314
f 16/16/16 314/314/314 12/12/12
f 15/15/15 12/12/12 315/315/315
f 16/16/16 20/20/20 314/314/314
f 15/15/15 315/315/315 17/17/17
f 317/317/317 17/17/17 315/315/315
f 317/317/317 315/315/315 312/312/312
f 318/318/318 314/314/314 20/20/20
f 318/318/318 296/296/296 314/314/314
f 318/318/318 20/20/20 319/319/319
f 318/318/318 319/319/319 296/296/296
f 297/297/297 296/296/296 319/319/319
f 24/24/24 319/319/319 20/20/20
f 297/297/297 319/319/319 284/284/284
f 24/24/24 28/28/28 319/319/319
f 320/320/320 284/284/284 319/319/319
f 320/320/320 319/319/319 28/28/28
f 320/320/320 28/28/28 272/272/272
f 320/320/320 272/272/272 284/284/284
f 321/321/321 322/322/322 323/323/323
f 321/321/321 323/323/323 324/324/324
f 325/325/325 324/324/324 323/323/323
f 326/326/326 323/323/323 322/322/322
f 325/325/325 327/327/327 324/324/324
f 328/328/328 324/324/324 327/327/327
f 328/328/328 327/327/327 329/329/329
f 325/325/325 323/323/323 172/172/172
f 325/325/325 172/172/172 327/327/327
f 176/176/176 172/172/172 323/323/323
f 176/176/176 323/323/323 175/175/175
f 326/326/326 175/175/175 323/323/323
f 326/326/326 330/330/330 175/175/175
f 326/326/326 322/322/322 330/330/330
f 179/179/179 175/175/175 330/330/330
f 331/331/331 330/330/330 322/322/322
f 331/331/331 332/332/332 330/330/330
f 179/179/179 330/330/330 182/182/182
f 333/333/333 330/330/330 332/332/332
f 333/333/333 182/182/182 330/330/330
f 333/333/333 334/334/334 182/182/182
f 333/333/333 332/332/332 334/334/334
f 335/335/335 334/334/334 332/332/332
f 335/335/335 336/336/336 334/334/334
f 337/337/337 182/182/182 334/334/334
f 337/337/337 180/180/180 182/182/182
f 338/338/338 334/334/334 336/336/336
f 337/337/337 339/339/339 180/180/180
f 337/337/337 334/334/334 339/339/339
f 338/338/338 339/339/339 334/334/334
f 184/184/184 180/180/180 339/339/339
f 184/184/184 339/339/339 186/186/186
f 340/340/340 186/186/186 339/339/339
f 340/340/340 196/196/196 186/186/186
f 338/338/338 341/341/341 339/339/339
f 340/340/340 339/339/339 341/341/341
f 340/340/340 341/341/341 196/196/196
f 338/338/338 336/336/336 341/341/341
f 342/342/342 341/341/341 336/336/336
f 342/342/342 207/207/207 341/341/341
f 343/343/343 196/196/196 341/341/341
f 343/343/343 341/341/341 207/207/207
f 343/343/343 207/207/207 198/198/198
f 343/343/343 198/198/198 196/196/196
f 344/344/344 345/345/345 346/87/346
f 344/344/344 347/346/347 345/345/345
f 348/347/348 346/87/346 345/345/345
f 349/348/349 345/345/345 347/346/347
f 348/347/348 350/349/350 346/87/346
f 351/350/351 346/87/346 350/349/350
f 351/350/351 350/349/350 352/351/352
f 349/348/349 347/346/347 353/352/353
f 354/353/354 353/352/353 347/346/347
f 354/353/354 355/354/355 353/352/353
f 356/355/356 352/351/352 350/349/350
f 357/356/357 353/352/353 355/354/355
f 356/355/356 358/357/358 352/351/352
f 359/358/359 352/351/352 358/357/358
f 359/358/359 358/357/358 360/359/360
f 357/356/357 355/354/355 361/360/361
f 362/361/362 361/360/361 355/354/355
f 362/361/362 363/362/363 361/360/361
f 364/363/364 360/359/360 358/357/358
f 365/364/365 361/360/361 363/362/363
f 364/363/364 366/365/366 360/359/360
f 367/366/367 360/359/360 366/365/366
f 367/366/367 366/365/366 368/367/368
f 365/364/365 363/362/363 369/368/369
f 370/369/370 369/368/369 363/362/363
f 370/369/370 371/370/371 369/368/369
f 372/371/372 368/367/368 366/365/366
f 373/372/373 369/368/369 371/370/371
f 372/371/372 374/373/374 368/367/368
f 375/374/375 368/367/368 374/373/374
f 375/374/375 374/373/374 376/375/376
f 373/372/373 371/370/371 377/376/377
f 378/377/378 377/376/377 371/370/371
f 378/377/378 379/378/379 377/376/377
f 380/379/380 376/375/376 374/373/374
f 381/380/381 377/376/377 379/378/379
f 380/379/380 382/381/382 376/375/376
f 383/382/383 376/375/376 382/381/382
f 383/382/383 382/381/382 384/383/384
f 381/380/381 379/378/379 385/384/385
f 386/385/386 385/384/385 379/378/379
f 386/385/386 387/386/387 385/384/385
f 388/387/388 384/383/384 382/381/382
f 389/388/389 385/384/385 387/386/387
f 388/387/388 390/389/390 384/383/384
f 391/390/391 384/383/384 390/389/390
f 391/390/391 390/389/390 392/391/392
f 389/388/389 387/386/387 393/392/393
f 394/393/394 393/392/393 387/386/387
f 394/393/394 395/394/395 393/392/393
f 396/395/396 392/391/392 390/389/390
f 397/396/397 393/392/393 395/394/395
f 396/395/396 398/397/398 392/391/392
f 399/398/399 392/391/392 398/397/398
f 399/398/399 398/397/398 307/307/307
f 400/399/400 307/307/307 398/397/398
f 400/399/400 305/305/305 307/307/307
f 397/396/397 395/394/395 401/400/401
f 402/401/402 401/400/401 395/394/395
f 402/401/402 403/402/403 401/400/401
f 400/399/400 404/403/404 305/305/305
f 400/399/400 398/397/398 404/403/404
f 405/404/405 401/400/401 403/402/403
f 405/404/405 403/402/403 406/405/406
f 407/406/407 406/405/406 403/402/403
f 407/406/407 408/407/408 406/405/406
f 405/404/405 409/408/409 401/400/401
f 405/404/405 406/405/406 409/408/409
f 410/409/410 406/405/406 408/407/408
f 410/409/410 408/407/408 411/410/411
f 412/411/412 411/410/411 408/407/408
f 412/411/412 329/329/329 411/410/411
f 410/409/410 413/412/413 406/405/406
f 410/409/410 411/410/411 413/412/413
f 414/413/414 411/410/411 329/329/329
f 414/413/414 329/329/329 327/327/327
f 415/414/415 406/405/406 413/412/413
f 415/414/415 409/408/409 406/405/406
f 414/413/414 416/415/416 411/410/411
f 414/413/414 327/327/327 416/415/416
f 415/414/415 413/412/413 160/160/160
f 415/414/415 160/160/160 409/408/409
f 417/416/417 413/412/413 411/410/411
f 417/416/417 411/410/411 416/415/416
f 417/416/417 161/161/161 413/412/413
f 417/416/417 416/415/416 161/161/161
f 165/165/165 161/161/161 416/415/416
f 165/165/165 416/415/416 164/164/164
f 418/417/418 413/412/413 161/161/161
f 418/417/418 160/160/160 413/412/413
f 418/417/418 161/161/161 155/155/155
f 418/417/418 155/155/155 160/160/160
f 419/418/419 164/164/164 416/415/416
f 419/418/419 416/415/416 327/327/327
f 419/418/419 172/172/172 164/164/164
f 419/418/419 327/327/327 172/172/172
f 420/419/420 409/408/409 160/160/160
f 420/419/420 160/160/160 157/157/157
f 420/419/420 421/420/421 409/408/409
f 420/419/420 157/157/157 421/420/421
f 422/421/422 421/420/421 157/157/157
f 422/421/422 157/157/157 145/145/145
f 423/422/423 409/408/409 421/420/421
f 423/422/423 401/400/401 409/408/409
f 422/421/422 424/423/424 421/420/421
f 422/421/422 145/145/145 424/423/424
f 143/143/143 424/423/424 145/145/145
f 423/422/423 425/424/425 401/400/401
f 423/422/423 421/420/421 425/424/425
f 397/396/397 401/400/401 425/424/425
f 143/143/143 137/137/137 424/423/424
f 397/396/397 425/424/425 393/392/393
f 426/425/426 393/392/393 425/424/425
f 427/426/427 425/424/425 421/420/421
f 427/426/427 421/420/421 424/423/424
f 427/426/427 428/427/428 425/424/425
f 427/426/427 424/423/424 428/427/428
f 426/425/426 425/424/425 428/427/428
f 426/425/426 429/428/429 393/392/393
f 426/425/426 428/427/428 429/428/429
f 389/388/389 393/392/393 429/428/429
f 389/388/389 429/428/429 385/384/385
f 430/429/430 428/427/428 424/423/424
f 430/429/430 424/423/424 137/137/137
f 430/429/430 137/137/137 431/430/431
f 430/429/430 431/430/431 428/427/428
f 135/135/135 431/430/431 137/137/137
f 135/135/135 129/129/129 431/430/431
f 432/431/432 429/428/429 428/427/428
f 432/431/432 428/427/428 431/430/431
f 433/432/433 431/430/431 129/129/129
f 432/431/432 431/430/431 434/433/434
f 432/431/432 434/433/434 429/428/429
f 433/432/433 434/433/434 431/430/431
f 433/432/433 129/129/129 435/434/435
f 433/432/433 435/434/435 434/433/434
f 127/127/127 435/434/435 129/129/129
f 127/127/127 121/121/121 435/434/435
f 436/435/436 385/384/385 429/428/429
f 436/435/436 429/428/429 434/433/434
f 436/435/436 437/436/437 385/384/385
f 436/435/436 434/433/434 437/436/437
f 381/380/381 385/384/385 437/436/437
f 438/437/438 434/433/434 435/434/435
f 438/437/438 437/436/437 434/433/434
f 381/380/381 437/436/437 377/376/377
f 439/438/439 435/434/435 121/121/121
f 440/439/440 377/376/377 437/436/437
f 438/437/438 441/440/441 437/436/437
f 438/437/438 435/434/435 441/440/441
f 439/438/439 441/440/441 435/434/435
f 440/439/440 437/436/437 441/440/441
f 440/439/440 442/441/442 377/376/377
f 440/439/440 441/440/441 442/441/442
f 373/372/373 377/376/377 442/441/442
f 373/372/373 442/441/442 369/368/369
f 443/442/443 369/368/369 442/441/442
f 444/443/444 442/441/442 441/440/441
f 439/438/439 445/444/445 441/440/441
f 444/443/444 441/440/441 445/444/445
f 439/438/439 121/121/121 445/444/445
f 119/119/119 445/444/445 121/121/121
f 119/119/119 113/113/113 445/444/445
f 444/443/444 5/5/5 442/441/442
f 444/443/444 445/444/445 5/5/5
f 443/442/443 442/441/442 5/5/5
f 4/4/4 445/444/445 113/113/113
f 4/4/4 5/5/5 445/444/445
f 4/4/4 113/113/113 2/2/2
f 111/111/111 2/2/2 113/113/113
f 111/111/111 105/105/105 2/2/2
f 1/1/1 5/5/5 2/2/2
f 446/445/446 2/2/2 105/105/105
f 446/445/446 3/3/3 2/2/2
f 1/1/1 447/446/447 5/5/5
f 443/442/443 5/5/5 447/446/447
f 1/1/1 3/3/3 447/446/447
f 443/442/443 447/446/447 369/368/369
f 365/364/365 369/368/369 447/446/447
f 365/364/365 447/446/447 361/360/361
f 448/447/448 361/360/361 447/446/447
f 448/447/448 447/446/447 3/3/3
f 448/447/448 449/448/449 361/360/361
f 448/447/448 3/3/3 449/448/449
f 357/356/357 361/360/361 449/448/449
f 357/356/357 449/448/449 353/352/353
f 450/449/450 353/352/353 449/448/449
f 451/450/451 449/448/449 3/3/3
f 446/445/446 452/451/452 3/3/3
f 451/450/451 3/3/3 452/451/452
f 446/445/446 105/105/105 452/451/452
f 103/103/103 452/451/452 105/105/105
f 103/103/103 97/97/97 452/451/452
f 451/450/451 453/452/453 449/448/449
f 451/450/451 452/451/452 453/452/453
f 450/449/450 449/448/449 453/452/453
f 454/453/454 452/451/452 97/97/97
f 454/453/454 453/452/453 452/451/452
f 454/453/454 97/97/97 455/454/455
f 454/453/454 455/454/455 453/452/453
f 95/95/95 455/454/455 97/97/97
f 95/95/95 89/89/89 455/454/455
f 450/449/450 456/455/456 353/352/353
f 450/449/450 453/452/453 456/455/456
f 349/348/349 353/352/353 456/455/456
f 349/348/349 456/455/456 345/345/345
f 457/456/457 453/452/453 455/454/455
f 457/456/457 456/455/456 453/452/453
f 458/457/458 345/345/345 456/455/456
f 457/456/457 459/458/459 456/455/456
f 458/457/458 456/455/456 459/458/459
f 457/456/457 455/454/455 459/458/459
f 460/459/460 455/454/455 89/89/89
f 460/459/460 459/458/459 455/454/455
f 458/457/458 461/460/461 345/345/345
f 458/457/458 459/458/459 461/460/461
f 348/347/348 345/345/345 461/460/461
f 348/347/348 461/460/461 350/349/350
f 460/459/460 89/89/89 462/461/462
f 460/459/460 462/461/462 459/458/459
f 87/87/87 462/461/462 89/89/89
f 87/87/87 81/81/81 462/461/462
f 463/462/463 461/460/461 459/458/459
f 463/462/463 459/458/459 462/461/462
f 464/463/464 462/461/462 81/81/81
f 463/462/463 462/461/462 465/464/465
f 463/462/463 465/464/465 461/460/461
f 464/463/464 465/464/465 462/461/462
f 464/463/464 81/81/81 466/465/466
f 464/463/464 466/465/466 465/464/465
f 79/79/79 466/465/466 81/81/81
f 79/79/79 73/73/73 466/465/466
f 467/466/467 350/349/350 461/460/461
f 467/466/467 461/460/461 465/464/465
f 467/466/467 468/467/468 350/349/350
f 467/466/467 465/464/465 468/467/468
f 356/355/356 350/349/350 468/467/468
f 469/468/469 465/464/465 466/465/466
f 469/468/469 468/467/468 465/464/465
f 356/355/356 468/467/468 358/357/358
f 470/469/470 466/465/466 73/73/73
f 471/470/471 358/357/358 468/467/468
f 469/468/469 472/471/472 468/467/468
f 469/468/469 466/465/466 472/471/472
f 470/469/470 472/471/472 466/465/466
f 471/470/471 468/467/468 472/471/472
f 471/470/471 473/472/473 358/357/358
f 471/470/471 472/471/472 473/472/473
f 364/363/364 358/357/358 473/472/473
f 364/363/364 473/472/473 366/365/366
f 474/473/474 366/365/366 473/472/473
f 475/474/475 473/472/473 472/471/472
f 470/469/470 476/475/476 472/471/472
f 475/474/475 472/471/472 476/475/476
f 470/469/470 73/73/73 476/475/476
f 71/71/71 476/475/476 73/73/73
f 71/71/71 65/65/65 476/475/476
f 475/474/475 7/7/7 473/472/473
f 475/474/475 476/475/476 7/7/7
f 474/473/474 473/472/473 7/7/7
f 477/476/477 476/475/476 65/65/65
f 477/476/477 7/7/7 476/475/476
f 477/476/477 65/65/65 8/8/8
f 477/476/477 8/8/8 7/7/7
f 63/63/63 8/8/8 65/65/65
f 63/63/63 57/57/57 8/8/8
f 9/9/9 8/8/8 57/57/57
f 474/473/474 7/7/7 478/477/478
f 474/473/474 478/477/478 366/365/366
f 372/371/372 366/365/366 478/477/478
f 6/6/6 478/477/478 7/7/7
f 6/6/6 8/8/8 10/10/10
f 6/6/6 10/10/10 478/477/478
f 372/371/372 478/477/478 374/373/374
f 9/9/9 57/57/57 479/478/479
f 9/9/9 479/478/479 10/10/10
f 55/55/55 479/478/479 57/57/57
f 55/55/55 49/49/49 479/478/479
f 480/479/480 374/373/374 478/477/478
f 480/479/480 478/477/478 10/10/10
f 480/479/480 481/480/481 374/373/374
f 480/479/480 10/10/10 481/480/481
f 380/379/380 374/373/374 481/480/481
f 482/481/482 10/10/10 479/478/479
f 482/481/482 481/480/481 10/10/10
f 380/379/380 481/480/481 382/381/382
f 483/482/483 479/478/479 49/49/49
f 484/483/484 382/381/382 481/480/481
f 482/481/482 485/484/485 481/480/481
f 482/481/482 479/478/479 485/484/485
f 483/482/483 485/484/485 479/478/479
f 484/483/484 481/480/481 485/484/485
f 484/483/484 486/485/486 382/381/382
f 484/483/484 485/484/485 486/485/486
f 388/387/388 382/381/382 486/485/486
f 388/387/388 486/485/486 390/389/390
f 487/486/487 390/389/390 486/485/486
f 488/487/488 486/485/486 485/484/485
f 483/482/483 489/488/489 485/484/485
f 488/487/488 485/484/485 489/488/489
f 483/482/483 49/49/49 489/488/489
f 47/47/47 489/488/489 49/49/49
f 47/47/47 41/41/41 489/488/489
f 488/487/488 490/489/490 486/485/486
f 488/487/488 489/488/489 490/489/490
f 487/486/487 486/485/486 490/489/490
f 491/490/491 489/488/489 41/41/41
f 491/490/491 490/489/490 489/488/489
f 491/490/491 41/41/41 492/491/492
f 491/490/491 492/491/492 490/489/490
f 39/39/39 492/491/492 41/41/41
f 39/39/39 33/33/33 492/491/492
f 487/486/487 493/492/493 390/389/390
f 487/486/487 490/489/490 493/492/493
f 396/395/396 390/389/390 493/492/493
f 396/395/396 493/492/493 398/397/398
f 494/493/494 398/397/398 493/492/493
f 494/493/494 404/403/404 398/397/398
f 495/494/495 493/492/493 490/489/490
f 495/494/495 490/489/490 492/491/492
f 495/494/495 496/495/496 493/492/493
f 495/494/495 492/491/492 496/495/496
f 494/493/494 493/492/493 496/495/496
f 494/493/494 496/495/496 404/403/404
f 497/496/497 496/495/496 492/491/492
f 497/496/497 492/491/492 33/33/33
f 497/496/497 33/33/33 498/497/498
f 497/496/497 498/497/498 496/495/496
f 31/31/31 498/497/498 33/33/33
f 31/31/31 25/25/25 498/497/498
f 499/498/499 404/403/404 496/495/496
f 499/498/499 496/495/496 498/497/498
f 500/499/500 498/497/498 25/25/25
f 499/498/499 498/497/498 501/500/501
f 499/498/499 501/500/501 404/403/404
f 500/499/500 501/500/501 498/497/498
f 500/499/500 25/25/25 502/501/502
f 500/499/500 502/501/502 501/500/501
f 23/23/23 502/501/502 25/25/25
f 23/23/23 17/17/17 502/501/502
f 317/317/317 502/501/502 17/17/17
f 317/317/317 312/312/312 502/501/502
f 503/502/503 502/501/502 312/312/312
f 503/502/503 501/500/501 502/501/502
f 503/502/503 312/312/312 310/310/310
f 503/502/503 310/310/310 501/500/501
f 504/503/504 501/500/501 310/310/310
f 504/503/504 404/403/404 501/500/501
f 504/503/504 310/310/310 305/305/305
f 504/503/504 305/305/305 404/403/404
f 204/204/204 505/504/505 203/203/203
f 204/204/204 207/207/207 505/504/505
f 506/505/506 203/203/203 505/504/505
f 507/506/507 505/504/505 207/207/207
f 506/505/506 508/507/508 203/203/203
f 205/205/205 203/203/203 508/507/508
f 205/205/205 508/507/508 206/206/206
f 507/506/507 207/207/207 509/508/509
f 342/342/342 509/508/509 207/207/207
f 342/342/342 336/336/336 509/508/509
f 510/509/510 206/206/206 508/507/508
f 511/510/511 509/508/509 336/336/336
f 510/509/510 512/511/512 206/206/206
f 210/210/210 206/206/206 512/511/512
f 210/210/210 512/511/512 211/211/211
f 511/510/511 336/336/336 513/512/513
f 335/335/335 513/512/513 336/336/336
f 335/335/335 332/332/332 513/512/513
f 514/513/514 211/211/211 512/511/512
f 515/514/515 513/512/513 332/332/332
f 514/513/514 516/515/516 211/211/211
f 216/216/216 211/211/211 516/515/516
f 216/216/216 516/515/516 218/218/218
f 515/514/515 332/332/332 517/516/517
f 331/331/331 517/516/517 332/332/332
f 331/331/331 322/322/322 517/516/517
f 518/517/518 218/218/218 516/515/516
f 519/518/519 517/516/517 322/322/322
f 518/517/518 520/519/520 218/218/218
f 222/222/222 218/218/218 520/519/520
f 222/222/222 520/519/520 223/223/223
f 519/518/519 322/322/322 521/520/521
f 321/321/321 521/520/521 322/322/322
f 321/321/321 324/324/324 521/520/521
f 522/521/522 223/223/223 520/519/520
f 523/522/523 521/520/521 324/324/324
f 522/521/522 524/523/524 223/223/223
f 228/228/228 223/223/223 524/523/524
f 228/228/228 524/523/524 229/229/229
f 523/522/523 324/324/324 525/524/525
f 328/328/328 525/524/525 324/324/324
f 328/328/328 329/329/329 525/524/525
f 526/525/526 229/229/229 524/523/524
f 527/526/527 525/524/525 329/329/329
f 526/525/526 528/527/528 229/229/229
f 251/251/251 229/229/229 528/527/528
f 251/251/251 528/527/528 252/252/252
f 527/526/527 329/329/329 529/528/529
f 412/411/412 529/528/529 329/329/329
f 412/411/412 408/407/408 529/528/529
f 530/529/530 252/252/252 528/527/528
f 531/530/531 529/528/529 408/407/408
f 530/529/530 532/531/532 252/252/252
f 257/257/257 252/252/252 532/531/532
f 257/257/257 532/531/532 258/258/258
f 531/530/531 408/407/408 533/532/533
f 407/406/407 533/532/533 408/407/408
f 407/406/407 403/402/403 533/532/533
f 534/533/534 258/258/258 532/531/532
f 535/534/535 533/532/533 403/402/403
f 534/533/534 536/535/536 258/258/258
f 275/275/275 258/258/258 536/535/536
f 275/275/275 536/535/536 276/276/276
f 535/534/535 403/402/403 537/536/537
f 402/401/402 537/536/537 403/402/403
f 402/401/402 395/394/395 537/536/537
f 538/537/538 276/276/276 536/535/536
f 539/538/539 537/536/537 395/394/395
f 538/537/538 540/539/540 276/276/276
f 280/280/280 276/276/276 540/539/540
f 280/280/280 540/539/540 281/281/281
f 539/538/539 395/394/395 541/540/541
f 394/393/394 541/540/541 395/394/395
f 394/393/394 387/386/387 541/540/541
f 542/541/542 281/281/281 540/539/540
f 543/542/543 541/540/541 387/386/387
f 542/541/542 544/543/544 281/281/281
f 288/288/288 281/281/281 544/543/544
f 288/288/288 544/543/544 289/289/289
f 543/542/543 387/386/387 545/544/545
f 386/385/386 545/544/545 387/386/387
f 386/385/386 379/378/379 545/544/545
f 546/545/546 289/289/289 544/543/544
f 547/546/547 545/544/545 379/378/379
f 546/545/546 548/547/548 289/289/289
f 294/294/294 289/289/289 548/547/548
f 294/294/294 548/547/548 295/295/295
f 547/546/547 379/378/379 549/548/549
f 378/377/378 549/548/549 379/378/379
f 378/377/378 371/370/371 549/548/549
f 550/549/550 295/295/295 548/547/548
f 551/550/551 549/548/549 371/370/371
f 550/549/550 552/551/552 295/295/295
f 300/300/300 295/295/295 552/551/552
f 300/300/300 552/551/552 301/301/301
f 551/550/551 371/370/371 553/552/553
f 370/369/370 553/552/553 371/370/371
f 370/369/370 363/362/363 553/552/553
f 554/553/554 301/301/301 552/551/552
f 555/554/555 553/552/553 363/362/363
f 554/553/554 556/555/556 301/301/301
f 306/306/306 301/301/301 556/555/556
f 306/306/306 556/555/556 307/307/307
f 555/554/555 363/362/363 557/556/557
f 362/361/362 557/556/557 363/362/363
f 362/361/362 355/354/355 557/556/557
f 558/557/558 307/307/307 556/555/556
f 559/558/559 557/556/557 355/354/355
f 558/557/558 560/559/560 307/307/307
f 399/398/399 307/307/307 560/559/560
f 399/398/399 560/559/560 392/391/392
f 559/558/559 355/354/355 561/560/561
f 354/353/354 561/560/561 355/354/355
f 354/353/354 347/346/347 561/560/561
f 562/561/562 392/391/392 560/559/560
f 563/562/563 561/560/561 347/346/347
f 562/561/562 564/563/564 392/391/392
f 391/390/391 392/391/392 564/563/564
f 391/390/391 564/563/564 384/383/384
f 563/562/563 347/346/347 565/564/565
f 344/344/344 565/564/565 347/346/347
f 344/344/344 346/87/346 565/564/565
f 566/565/566 384/383/384 564/563/564
f 567/83/567 565/564/565 346/87/346
f 566/565/566 568/566/568 384/383/384
f 383/382/383 384/383/384 568/566/568
f 383/382/383 568/566/568 376/375/376
f 567/83/567 346/87/346 569/567/569
f 351/350/351 569/567/569 346/87/346
f 351/350/351 352/351/352 569/567/569
f 570/568/570 376/375/376 568/566/568
f 571/569/571 569/567/569 352/351/352
f 570/568/570 572/570/572 376/375/376
f 375/374/375 376/375/376 572/570/572
f 375/374/375 572/570/572 368/367/368
f 571/569/571 352/351/352 573/571/573
f 359/358/359 573/571/573 352/351/352
f 359/358/359 360/359/360 573/571/573
f 574/572/574 368/367/368 572/570/572
f 575/573/575 573/571/573 360/359/360
f 574/572/574 576/574/576 368/367/368
f 575/573/575 360/359/360 576/574/576
f 367/366/367 576/574/576 360/359/360
f 367/366/367 368/367/368 576/574/576
f 575/573/575 576/574/576 577/575/577
f 575/573/575 577/575/577 573/571/573
f 578/576/578 573/571/573 577/575/577
f 574/572/574 579/577/579 576/574/576
f 574/572/574 572/570/572 579/577/579
f 580/578/580 577/575/577 576/574/576
f 580/578/580 576/574/576 579/577/579
f 578/576/578 581/579/581 573/571/573
f 571/569/571 573/571/573 581/579/581
f 571/569/571 581/579/581 569/567/569
f 580/578/580 582/580/582 577/575/577
f 580/578/580 579/577/579 582/580/582
f 578/576/578 577/575/577 583/581/583
f 578/576/578 583/581/583 581/579/581
f 584/582/584 569/567/569 581/579/581
f 584/582/584 585/583/585 569/567/569
f 567/83/567 569/567/569 585/583/585
f 567/83/567 585/583/585 565/564/565
f 584/582/584 581/579/581 586/584/586
f 584/582/584 586/584/586 585/583/585
f 587/585/587 586/584/586 581/579/581
f 587/585/587 581/579/581 583/581/583
f 588/586/588 565/564/565 585/583/585
f 589/587/589 585/583/585 586/584/586
f 588/586/588 585/583/585 590/588/590
f 589/587/589 590/588/590 585/583/585
f 588/586/588 591/589/591 565/564/565
f 588/586/588 590/588/590 591/589/591
f 563/562/563 565/564/565 591/589/591
f 563/562/563 591/589/591 561/560/561
f 592/590/592 561/560/561 591/589/591
f 592/590/592 591/589/591 593/591/593
f 592/590/592 594/592/594 561/560/561
f 592/590/592 593/591/593 594/592/594
f 559/558/559 561/560/561 594/592/594
f 595/593/595 593/591/593 591/589/591
f 595/593/595 591/589/591 590/588/590
f 559/558/559 594/592/594 557/556/557
f 596/594/596 557/556/557 594/592/594
f 597/595/597 594/592/594 593/591/593
f 595/593/595 598/596/598 593/591/593
f 597/595/597 593/591/593 598/596/598
f 595/593/595 590/588/590 598/596/598
f 596/594/596 599/597/599 557/556/557
f 555/554/555 557/556/557 599/597/599
f 597/595/597 600/598/600 594/592/594
f 596/594/596 594/592/594 600/598/600
f 596/594/596 600/598/600 599/597/599
f 597/595/597 598/596/598 600/598/600
f 555/554/555 599/597/599 553/552/553
f 601/599/601 553/552/553 599/597/599
f 601/599/601 599/597/599 602/600/602
f 601/599/601 603/601/603 553/552/553
f 601/599/601 602/600/602 603/601/603
f 551/550/551 553/552/553 603/601/603
f 604/602/604 602/600/602 599/597/599
f 604/602/604 599/597/599 600/598/600
f 551/550/551 603/601/603 549/548/549
f 605/603/605 549/548/549 603/601/603
f 606/604/606 603/601/603 602/600/602
f 604/602/604 607/605/607 602/600/602
f 606/604/606 602/600/602 607/605/607
f 604/602/604 600/598/600 607/605/607
f 605/603/605 608/606/608 549/548/549
f 547/546/547 549/548/549 608/606/608
f 606/604/606 609/607/609 603/601/603
f 605/603/605 603/601/603 609/607/609
f 605/603/605 609/607/609 608/606/608
f 606/604/606 607/605/607 609/607/609
f 547/546/547 608/606/608 545/544/545
f 610/608/610 607/605/607 600/598/600
f 610/608/610 600/598/600 598/596/598
f 611/609/611 545/544/545 608/606/608
f 612/610/612 608/606/608 609/607/609
f 612/610/612 609/607/609 607/605/607
f 612/610/612 613/611/613 608/606/608
f 612/610/612 607/605/607 613/611/613
f 611/609/611 608/606/608 613/611/613
f 611/609/611 614/612/614 545/544/545
f 611/609/611 613/611/613 614/612/614
f 543/542/543 545/544/545 614/612/614
f 543/542/543 614/612/614 541/540/541
f 615/613/615 541/540/541 614/612/614
f 616/614/616 614/612/614 613/611/613
f 617/615/617 613/611/613 607/605/607
f 615/613/615 618/616/618 541/540/541
f 539/538/539 541/540/541 618/616/618
f 539/538/539 618/616/618 537/536/537
f 615/613/615 614/612/614 619/617/619
f 616/614/616 619/617/619 614/612/614
f 615/613/615 619/617/619 618/616/618
f 616/614/616 613/611/613 620/618/620
f 617/615/617 620/618/620 613/611/613
f 616/614/616 620/618/620 619/617/619
f 621/619/621 619/617/619 620/618/620
f 621/619/621 618/616/618 619/617/619
f 622/620/622 537/536/537 618/616/618
f 621/619/621 623/621/623 618/616/618
f 622/620/622 618/616/618 623/621/623
f 621/619/621 620/618/620 623/621/623
f 622/620/622 624/622/624 537/536/537
f 622/620/622 623/621/623 624/622/624
f 535/534/535 537/536/537 624/622/624
f 535/534/535 624/622/624 533/532/533
f 625/623/625 533/532/533 624/622/624
f 626/624/626 624/622/624 623/621/623
f 625/623/625 624/622/624 627/625/627
f 626/624/626 627/625/627 624/622/624
f 625/623/625 628/626/628 533/532/533
f 625/623/625 627/625/627 628/626/628
f 531/530/531 533/532/533 628/626/628
f 531/530/531 628/626/628 529/528/529
f 629/627/629 529/528/529 628/626/628
f 630/628/630 628/626/628 627/625/627
f 626/624/626 631/629/631 627/625/627
f 630/628/630 627/625/627 631/629/631
f 626/624/626 623/621/623 631/629/631
f 630/628/630 632/630/632 628/626/628
f 629/627/629 628/626/628 632/630/632
f 630/628/630 631/629/631 632/630/632
f 629/627/629 633/631/633 529/528/529
f 629/627/629 632/630/632 633/631/633
f 527/526/527 529/528/529 633/631/633
f 527/526/527 633/631/633 525/524/525
f 634/632/634 633/631/633 632/630/632
f 634/632/634 632/630/632 631/629/631
f 635/633/635 525/524/525 633/631/633
f 634/632/634 636/634/636 633/631/633
f 635/633/635 633/631/633 636/634/636
f 634/632/634 631/629/631 636/634/636
f 635/633/635 637/635/637 525/524/525
f 635/633/635 636/634/636 637/635/637
f 523/522/523 525/524/525 637/635/637
f 523/522/523 637/635/637 521/520/521
f 638/636/638 521/520/521 637/635/637
f 639/637/639 637/635/637 636/634/636
f 638/636/638 637/635/637 640/638/640
f 639/637/639 640/638/640 637/635/637
f 638/636/638 641/639/641 521/520/521
f 638/636/638 640/638/640 641/639/641
f 519/518/519 521/520/521 641/639/641
f 519/518/519 641/639/641 517/516/517
f 642/640/642 517/516/517 641/639/641
f 643/641/643 641/639/641 640/638/640
f 639/637/639 644/642/644 640/638/640
f 643/641/643 640/638/640 644/642/644
f 639/637/639 636/634/636 644/642/644
f 643/641/643 645/643/645 641/639/641
f 642/640/642 641/639/641 645/643/645
f 643/641/643 644/642/644 645/643/645
f 642/640/642 646/644/646 517/516/517
f 515/514/515 517/516/517 646/644/646
f 642/640/642 645/643/645 646/644/646
f 515/514/515 646/644/646 513/512/513
f 647/645/647 646/644/646 645/643/645
f 648/646/648 645/643/645 644/642/644
f 647/645/647 645/643/645 649/647/649
f 648/646/648 649/647/649 645/643/645
f 647/645/647 650/648/650 646/644/646
f 647/645/647 649/647/649 650/648/650
f 651/649/651 646/644/646 650/648/650
f 651/649/651 513/512/513 646/644/646
f 651/649/651 652/650/652 513/512/513
f 651/649/651 650/648/650 652/650/652
f 511/510/511 513/512/513 652/650/652
f 511/510/511 652/650/652 509/508/509
f 653/651/653 652/650/652 650/648/650
f 653/651/653 650/648/650 649/647/649
f 654/652/654 509/508/509 652/650/652
f 653/651/653 655/653/655 652/650/652
f 654/652/654 652/650/652 655/653/655
f 653/651/653 649/647/649 655/653/655
f 654/652/654 656/654/656 509/508/509
f 654/652/654 655/653/655 656/654/656
f 507/506/507 509/508/509 656/654/656
f 507/506/507 656/654/656 505/504/505
f 657/655/657 656/654/656 655/653/655
f 657/655/657 655/653/655 649/647/649
f 658/656/658 505/504/505 656/654/656
f 657/655/657 659/657/659 656/654/656
f 658/656/658 656/654/656 659/657/659
f 657/655/657 649/647/649 659/657/659
f 658/656/658 660/658/660 505/504/505
f 658/656/658 659/657/659 660/658/660
f 506/505/506 505/504/505 660/658/660
f 506/505/506 660/658/660 508/507/508
f 661/659/661 659/657/659 649/647/649
f 661/659/661 649/647/649 662/660/662
f 648/646/648 662/660/662 649/647/649
f 648/646/648 644/642/644 662/660/662
f 663/661/663 508/507/508 660/658/660
f 664/662/505 660/658/660 659/657/659
f 661/659/661 665/663/664 659/657/659
f 664/662/505 659/657/659 665/663/664
f 661/659/661 662/660/662 665/663/664
f 663/661/663 666/664/665 508/507/508
f 510/509/510 508/507/508 666/664/665
f 664/662/505 667/665/666 660/658/660
f 663/661/663 660/658/660 667/665/666
f 663/661/663 667/665/666 666/664/665
f 664/662/505 665/663/664 667/665/666
f 510/509/510 666/664/665 512/511/512
f 668/666/667 512/511/512 666/664/665
f 668/666/667 669/667/668 512/511/512
f 514/513/514 512/511/512 669/667/668
f 514/513/514 669/667/668 516/515/516
f 668/666/667 666/664/665 670/668/669
f 668/666/667 670/668/669 669/667/668
f 671/669/670 516/515/516 669/667/668
f 672/670/671 670/668/669 666/664/665
f 672/670/671 666/664/665 667/665/666
f 672/670/671 667/665/666 665/663/664
f 672/670/671 665/663/664 670/668/669
f 671/669/670 673/671/672 516/515/516
f 518/517/518 516/515/516 673/671/672
f 518/517/518 673/671/672 520/519/520
f 674/672/673 520/519/520 673/671/672
f 674/672/673 675/673/674 520/519/520
f 522/521/522 520/519/520 675/673/674
f 522/521/522 675/673/674 524/523/524
f 674/672/673 676/674/675 675/673/674
f 674/672/673 673/671/672 676/674/675
f 677/675/676 524/523/524 675/673/674
f 678/676/677 675/673/674 676/674/675
f 679/677/678 676/674/675 673/671/672
f 677/675/676 680/678/679 524/523/524
f 526/525/526 524/523/524 680/678/679
f 526/525/526 680/678/679 528/527/528
f 679/677/678 681/679/680 676/674/675
f 678/676/677 676/674/675 681/679/680
f 678/676/677 682/680/681 675/673/674
f 677/675/676 675/673/674 682/680/681
f 677/675/676 682/680/681 680/678/679
f 678/676/677 681/679/680 682/680/681
f 683/681/682 528/527/528 680/678/679
f 684/682/683 680/678/679 682/680/681
f 683/681/682 680/678/679 685/683/684
f 684/682/683 685/683/684 680/678/679
f 683/681/682 686/684/685 528/527/528
f 683/681/682 685/683/684 686/684/685
f 530/529/530 528/527/528 686/684/685
f 530/529/530 686/684/685 532/531/532
f 687/685/686 532/531/532 686/684/685
f 688/686/687 686/684/685 685/683/684
f 684/682/683 689/687/688 685/683/684
f 688/686/687 685/683/684 689/687/688
f 684/682/683 682/680/681 689/687/688
f 688/686/687 690/688/689 686/684/685
f 687/685/686 686/684/685 690/688/689
f 688/686/687 689/687/688 690/688/689
f 687/685/686 691/689/690 532/531/532
f 687/685/686 690/688/689 691/689/690
f 534/533/534 532/531/532 691/689/690
f 534/533/534 691/689/690 536/535/536
f 692/690/691 691/689/690 690/688/689
f 692/690/691 690/688/689 689/687/688
f 693/691/692 536/535/536 691/689/690
f 692/690/691 694/692/693 691/689/690
f 693/691/692 691/689/690 694/692/693
f 692/690/691 689/687/688 694/692/693
f 693/691/692 695/693/694 536/535/536
f 693/691/692 694/692/693 695/693/694
f 538/537/538 536/535/536 695/693/694
f 538/537/538 695/693/694 540/539/540
f 696/694/695 540/539/540 695/693/694
f 697/695/696 695/693/694 694/692/693
f 696/694/695 695/693/694 698/696/697
f 697/695/696 698/696/697 695/693/694
f 696/694/695 699/697/698 540/539/540
f 696/694/695 698/696/697 699/697/698
f 542/541/542 540/539/540 699/697/698
f 542/541/542 699/697/698 544/543/544
f 700/698/699 544/543/544 699/697/698
f 701/699/700 699/697/698 698/696/697
f 697/695/696 702/700/701 698/696/697
f 701/699/700 698/696/697 702/700/701
f 697/695/696 694/692/693 702/700/701
f 701/699/700 703/701/702 699/697/698
f 700/698/699 699/697/698 703/701/702
f 701/699/700 702/700/701 703/701/702
f 700/698/699 704/702/703 544/543/544
f 546/545/546 544/543/544 704/702/703
f 700/698/699 703/701/702 704/702/703
f 546/545/546 704/702/703 548/547/548
f 705/703/704 704/702/703 703/701/702
f 706/704/705 703/701/702 702/700/701
f 705/703/704 703/701/702 707/705/706
f 706/704/705 707/705/706 703/701/702
f 705/703/704 708/706/707 704/702/703
f 705/703/704 707/705/706 708/706/707
f 709/707/708 704/702/703 708/706/707
f 709/707/708 548/547/548 704/702/703
f 709/707/708 710/708/709 548/547/548
f 709/707/708 708/706/707 710/708/709
f 550/549/550 548/547/548 710/708/709
f 550/549/550 710/708/709 552/551/552
f 711/709/710 710/708/709 708/706/707
f 711/709/710 708/706/707 707/705/706
f 712/710/711 552/551/552 710/708/709
f 711/709/710 713/711/712 710/708/709
f 712/710/711 710/708/709 713/711/712
f 711/709/710 707/705/706 713/711/712
f 712/710/711 714/712/713 552/551/552
f 712/710/711 713/711/712 714/712/713
f 554/553/554 552/551/552 714/712/713
f 554/553/554 714/712/713 556/555/556
f 715/713/714 714/712/713 713/711/712
f 715/713/714 713/711/712 707/705/706
f 716/714/715 556/555/556 714/712/713
f 715/713/714 717/715/716 714/712/713
f 716/714/715 714/712/713 717/715/716
f 715/713/714 707/705/706 717/715/716
f 716/714/715 718/716/717 556/555/556
f 716/714/715 717/715/716 718/716/717
f 558/557/558 556/555/556 718/716/717
f 558/557/558 718/716/717 560/559/560
f 719/717/718 560/559/560 718/716/717
f 720/718/719 718/716/717 717/715/716
f 719/717/718 718/716/717 721/719/720
f 720/718/719 721/719/720 718/716/717
f 719/717/718 722/720/721 560/559/560
f 719/717/718 721/719/720 722/720/721
f 562/561/562 560/559/560 722/720/721
f 562/561/562 722/720/721 564/563/564
f 723/721/722 564/563/564 722/720/721
f 724/722/723 722/720/721 721/719/720
f 720/718/719 725/723/724 721/719/720
f 724/722/723 721/719/720 725/723/724
f 720/718/719 717/715/716 725/723/724
f 724/722/723 726/724/725 722/720/721
f 723/721/722 722/720/721 726/724/725
f 724/722/723 725/723/724 726/724/725
f 723/721/722 727/725/726 564/563/564
f 566/565/566 564/563/564 727/725/726
f 723/721/722 726/724/725 727/725/726
f 566/565/566 727/725/726 568/566/568
f 728/726/727 727/725/726 726/724/725
f 729/727/728 726/724/725 725/723/724
f 728/726/727 726/724/725 730/728/729
f 729/727/728 730/728/729 726/724/725
f 728/726/727 731/729/730 727/725/726
f 728/726/727 730/728/729 731/729/730
f 732/730/731 727/725/726 731/729/730
f 732/730/731 568/566/568 727/725/726
f 732/730/731 733/731/732 568/566/568
f 732/730/731 731/729/730 733/731/732
f 570/568/570 568/566/568 733/731/732
f 570/568/570 733/731/732 572/570/572
f 734/732/733 572/570/572 733/731/732
f 734/732/733 579/577/579 572/570/572
f 735/733/734 733/731/732 731/729/730
f 735/733/734 731/729/730 730/728/729
f 734/732/733 733/731/732 736/734/735
f 735/733/734 736/734/735 733/731/732
f 734/732/733 736/734/735 579/577/579
f 735/733/734 730/728/729 736/734/735
f 737/735/736 579/577/579 736/734/735
f 737/735/736 736/734/735 730/728/729
f 737/735/736 582/580/582 579/577/579
f 737/735/736 730/728/729 582/580/582
f 738/736/737 582/580/582 730/728/729
f 738/736/737 730/728/729 739/737/738
f 729/727/728 739/737/738 730/728/729
f 729/727/728 725/723/724 739/737/738
f 738/736/737 740/738/739 582/580/582
f 738/736/737 739/737/738 740/738/739
f 741/739/740 577/575/577 582/580/582
f 741/739/740 583/581/583 577/575/577
f 741/739/740 582/580/582 740/738/739
f 741/739/740 740/738/739 583/581/583
f 587/585/587 583/581/583 740/738/739
f 587/585/587 740/738/739 586/584/586
f 742/740/741 586/584/586 740/738/739
f 743/741/742 740/738/739 739/737/738
f 742/740/741 744/742/743 586/584/586
f 589/587/589 586/584/586 744/742/743
f 589/587/589 744/742/743 590/588/590
f 743/741/742 745/743/744 740/738/739
f 742/740/741 740/738/739 745/743/744
f 742/740/741 745/743/744 744/742/743
f 746/744/745 590/588/590 744/742/743
f 746/744/745 598/596/598 590/588/590
f 746/744/745 744/742/743 747/745/746
f 746/744/745 747/745/746 598/596/598
f 748/746/747 747/745/746 744/742/743
f 748/746/747 744/742/743 745/743/744
f 748/746/747 745/743/744 749/747/748
f 748/746/747 749/747/748 747/745/746
f 750/748/749 598/596/598 747/745/746
f 750/748/749 751/749/750 598/596/598
f 610/608/610 598/596/598 751/749/750
f 610/608/610 751/749/750 607/605/607
f 617/615/617 607/605/607 751/749/750
f 617/615/617 751/749/750 620/618/620
f 750/748/749 752/750/751 751/749/750
f 750/748/749 747/745/746 752/750/751
f 753/751/752 620/618/620 751/749/750
f 753/751/752 751/749/750 752/750/751
f 754/752/753 752/750/751 747/745/746
f 754/752/753 747/745/746 749/747/748
f 753/751/752 755/753/754 620/618/620
f 753/751/752 752/750/751 755/753/754
f 754/752/753 756/754/755 752/750/751
f 754/752/753 749/747/748 756/754/755
f 757/755/756 755/753/754 752/750/751
f 757/755/756 752/750/751 756/754/755
f 758/756/757 620/618/620 755/753/754
f 758/756/757 623/621/623 620/618/620
f 758/756/757 631/629/631 623/621/623
f 758/756/757 755/753/754 631/629/631
f 757/755/756 759/757/758 755/753/754
f 757/755/756 756/754/755 759/757/758
f 760/758/759 631/629/631 755/753/754
f 760/758/759 755/753/754 759/757/758
f 760/758/759 761/759/760 631/629/631
f 760/758/759 759/757/758 761/759/760
f 762/760/761 631/629/631 761/759/760
f 762/760/761 636/634/636 631/629/631
f 762/760/761 644/642/644 636/634/636
f 762/760/761 761/759/760 644/642/644
f 763/761/762 644/642/644 761/759/760
f 763/761/762 662/660/662 644/642/644
f 763/761/762 761/759/760 764/762/763
f 763/761/762 764/762/763 662/660/662
f 765/763/764 662/660/662 764/762/763
f 765/763/764 665/663/664 662/660/662
f 766/764/765 761/759/760 759/757/758
f 766/764/765 764/762/763 761/759/760
f 766/764/765 759/757/758 767/765/766
f 766/764/765 767/765/766 764/762/763
f 765/763/764 768/766/767 665/663/664
f 765/763/764 764/762/763 768/766/767
f 769/767/768 767/765/766 759/757/758
f 769/767/768 759/757/758 756/754/755
f 769/767/768 756/754/755 770/768/769
f 769/767/768 770/768/769 767/765/766
f 771/769/770 665/663/664 768/766/767
f 771/769/770 670/668/669 665/663/664
f 772/770/771 770/768/769 756/754/755
f 772/770/771 756/754/755 749/747/748
f 771/769/770 773/771/772 670/668/669
f 771/769/770 768/766/767 773/771/772
f 772/770/771 749/747/748 774/772/773
f 772/770/771 774/772/773 770/768/769
f 775/773/774 774/772/773 749/747/748
f 775/773/774 749/747/748 745/743/744
f 775/773/774 745/743/744 776/774/775
f 775/773/774 776/774/775 774/772/773
f 743/741/742 776/774/775 745/743/744
f 743/741/742 739/737/738 776/774/775
f 777/775/776 776/774/775 739/737/738
f 777/775/776 739/737/738 725/723/724
f 777/775/776 725/723/724 778/776/777
f 777/775/776 778/776/777 776/774/775
f 779/777/778 776/774/775 778/776/777
f 779/777/778 774/772/773 776/774/775
f 780/778/779 778/776/777 725/723/724
f 780/778/779 725/723/724 717/715/716
f 780/778/779 717/715/716 707/705/706
f 780/778/779 707/705/706 778/776/777
f 779/777/778 781/779/780 774/772/773
f 779/777/778 778/776/777 781/779/780
f 782/780/781 778/776/777 707/705/706
f 782/780/781 781/779/780 778/776/777
f 782/780/781 707/705/706 783/781/782
f 782/780/781 783/781/782 781/779/780
f 706/704/705 783/781/782 707/705/706
f 706/704/705 702/700/701 783/781/782
f 784/782/783 774/772/773 781/779/780
f 784/782/783 770/768/769 774/772/773
f 784/782/783 781/779/780 785/783/784
f 784/782/783 785/783/784 770/768/769
f 786/784/785 781/779/780 783/781/782
f 786/784/785 785/783/784 781/779/780
f 787/785/786 770/768/769 785/783/784
f 787/785/786 767/765/766 770/768/769
f 786/784/785 783/781/782 788/786/787
f 786/784/785 788/786/787 785/783/784
f 789/787/788 783/781/782 702/700/701
f 789/787/788 788/786/787 783/781/782
f 787/785/786 790/788/789 767/765/766
f 787/785/786 785/783/784 790/788/789
f 789/787/788 702/700/701 791/789/790
f 789/787/788 791/789/790 788/786/787
f 792/790/791 785/783/784 788/786/787
f 792/790/791 790/788/789 785/783/784
f 793/791/792 767/765/766 790/788/789
f 793/791/792 764/762/763 767/765/766
f 793/791/792 768/766/767 764/762/763
f 793/791/792 790/788/789 768/766/767
f 794/792/793 768/766/767 790/788/789
f 794/792/793 773/771/772 768/766/767
f 792/790/791 795/793/794 790/788/789
f 794/792/793 790/788/789 795/793/794
f 794/792/793 795/793/794 773/771/772
f 792/790/791 788/786/787 795/793/794
f 796/794/795 795/793/794 788/786/787
f 796/794/795 788/786/787 791/789/790
f 796/794/795 681/679/680 795/793/794
f 796/794/795 791/789/790 681/679/680
f 797/795/796 773/771/772 795/793/794
f 797/795/796 795/793/794 681/679/680
f 798/796/797 681/679/680 791/789/790
f 798/796/797 682/680/681 681/679/680
f 798/796/797 689/687/688 682/680/681
f 798/796/797 791/789/790 689/687/688
f 799/797/798 689/687/688 791/789/790
f 799/797/798 791/789/790 702/700/701
f 799/797/798 702/700/701 694/692/693
f 799/797/798 694/692/693 689/687/688
f 797/795/796 681/679/680 800/798/799
f 797/795/796 800/798/799 773/771/772
f 679/677/678 800/798/799 681/679/680
f 679/677/678 673/671/672 800/798/799
f 671/669/670 800/798/799 673/671/672
f 671/669/670 669/667/668 800/798/799
f 801/799/800 800/798/799 669/667/668
f 801/799/800 773/771/772 800/798/799
f 801/799/800 670/668/669 773/771/772
f 801/799/800 669/667/668 670/668/669
