# Blender 5.2.0 LTS
# www.blender.org
mtllib ps1controller.mtl
o polySurface65
v -18.473333 -20.832270 5.933899
v 17.991571 -20.832270 5.933899
v 17.991571 -15.854062 6.222223
v -18.473333 -15.854062 6.222223
v 17.991571 -18.352993 6.222223
v -18.473333 -18.352993 6.222223
v 17.991571 -18.438038 6.215991
v -18.473333 -18.438038 6.215991
v 17.991571 -18.433777 6.147112
v -18.473333 -18.433777 6.147112
v 17.991571 -18.348732 6.153345
v -18.473333 -18.348732 6.153345
v 17.991571 -17.208990 6.281217
v -18.473335 -17.208990 6.281217
v -18.473333 -15.901234 -6.100351
v 17.991571 -15.901234 -6.100351
v -18.479506 -17.141045 -6.094174
v 17.985395 -17.141045 -6.094174
v -18.473333 -17.317966 -6.100350
v 17.991571 -17.317966 -6.100350
v -18.479506 -17.143452 -6.025206
v 17.985395 -17.143452 -6.025206
v 17.991571 -17.320374 -6.031382
v -18.473333 -17.320374 -6.031382
v -4.114429 -13.535467 4.008731
v -1.596083 -13.535467 4.008731
v -4.114429 -12.996473 4.008731
v -1.596083 -12.996473 4.008731
v -4.114429 -12.996473 2.321180
v -1.596083 -12.996473 2.321180
v -4.114429 -13.535467 2.321180
v -1.596083 -13.535467 2.321180
v 2.752903 -13.477396 3.972397
v 5.359034 -13.742676 3.092659
v 2.752903 -13.000537 3.972397
v 5.359034 -13.000537 3.092659
v 2.699119 -13.000537 2.229860
v 2.699119 -13.477396 2.229860
v -11.055862 -15.235692 1.169427
v -9.041245 -15.171970 1.136820
v -11.164947 -11.786901 1.169427
v -9.150330 -11.723179 1.136820
v -11.181242 -11.787416 -1.408812
v -9.150330 -11.723179 -1.376204
v -11.072158 -15.236207 -1.408812
v -9.041245 -15.171970 -1.376204
v -12.175275 -11.800716 0.247924
v -12.066191 -15.267649 0.247925
v -9.041245 -15.171970 0.280532
v -9.150330 -11.705039 0.280532
v -12.175275 -11.800716 -0.490773
v -12.066191 -15.267649 -0.490773
v -9.041245 -15.171970 -0.486745
v -9.150330 -11.705039 -0.486745
v -11.949419 -15.241215 -2.379250
v -11.987601 -15.143476 -4.392406
v -11.948956 -11.794758 -2.211933
v -11.987139 -11.697020 -4.225088
v -14.527141 -11.795548 -2.188509
v -14.500153 -11.697020 -4.218129
v -14.527603 -15.242005 -2.355826
v -14.500616 -15.143476 -4.385446
v -12.867659 -11.824268 -1.199740
v -12.868122 -15.290231 -1.367057
v -12.843886 -15.143476 -4.390034
v -12.843423 -11.677514 -4.222717
v -13.606354 -11.824268 -1.197695
v -13.606817 -15.290231 -1.365012
v -13.611161 -15.143476 -4.387909
v -13.610698 -11.677514 -4.220592
v -15.410062 -15.234293 -1.445959
v -17.425123 -15.178737 -1.430012
v -15.314960 -11.785088 -1.445173
v -17.330019 -11.729531 -1.429226
v -15.319980 -11.785537 1.133113
v -17.350798 -11.729531 1.083712
v -15.415083 -15.234742 1.132327
v -17.445900 -15.178737 1.082926
v -14.312163 -11.797070 -0.515347
v -14.407267 -15.262154 -0.516133
v -17.432201 -15.178737 -0.573753
v -17.337099 -11.713651 -0.572967
v -14.318272 -11.797070 0.223326
v -14.413374 -15.262154 0.222539
v -17.438547 -15.178737 0.193498
v -17.343443 -11.713651 0.194284
v -14.642046 -15.240083 2.056487
v -14.590203 -15.149570 4.069675
v -14.643527 -11.793048 1.901545
v -14.591684 -11.702535 3.914733
v -12.065561 -11.793780 1.860628
v -12.078774 -11.702535 3.890725
v -12.064080 -15.240815 2.015570
v -12.077294 -15.149570 4.045667
v -13.731713 -11.825156 0.882974
v -13.730233 -15.285476 1.037916
v -13.733955 -15.149570 4.061494
v -13.735435 -11.689252 3.906553
v -12.993049 -11.824627 0.875917
v -12.991570 -15.285476 1.030859
v -12.966713 -15.149570 4.054164
v -12.968193 -11.688723 3.899222
v 12.727788 -12.897938 -0.870712
v 12.129818 -12.897938 -1.589679
v 11.266220 -12.897938 -1.948403
v 10.334834 -12.897938 -1.864702
v 9.549032 -12.897938 -1.357753
v 9.088829 -12.897938 -0.543692
v 9.059653 -12.897938 0.390991
v 9.468188 -12.897938 1.232171
v 10.220843 -12.897938 1.787143
v 11.145195 -12.897938 1.928769
v 12.029485 -12.897938 1.624606
v 12.671132 -12.897938 0.944333
v 12.923143 -12.897938 0.043793
v 12.711291 -12.025175 -0.862560
v 12.119025 -12.025175 -1.574668
v 11.263667 -12.025175 -1.929968
v 10.341168 -12.025175 -1.847067
v 9.562862 -12.025175 -1.344955
v 9.107051 -12.025175 -0.538660
v 9.078154 -12.025175 0.387106
v 9.482790 -12.025175 1.220259
v 10.228265 -12.025175 1.769936
v 11.143797 -12.025175 1.910212
v 12.019650 -12.025175 1.608950
v 12.655174 -12.025175 0.935168
v 12.904783 -12.025175 0.043219
v 10.970320 -11.964987 -0.017164
v 11.147094 -12.228219 1.953988
v 10.210757 -12.228219 1.810525
v 9.448344 -12.228219 1.248357
v 9.034513 -12.228219 0.396272
v 9.064066 -12.228219 -0.550530
v 9.530235 -12.228219 -1.375146
v 10.326228 -12.228219 -1.888668
v 11.269689 -12.228219 -1.973454
v 12.144483 -12.228219 -1.610079
v 12.750208 -12.228219 -0.881790
v 12.948095 -12.228219 0.044571
v 12.692816 -12.228219 0.956788
v 12.042848 -12.228219 1.645881
v 13.817975 -12.940361 -5.509840
v 13.247832 -12.940361 -4.768610
v 13.087465 -12.940361 -3.847325
v 13.373609 -12.940361 -2.957043
v 14.040710 -12.940361 -2.301711
v 14.935948 -12.940361 -2.031465
v 15.854231 -12.940361 -2.208210
v 16.585194 -12.940361 -2.791457
v 16.961380 -12.940361 -3.647593
v 16.896610 -12.940361 -4.580484
v 16.405722 -12.940361 -5.376420
v 15.601172 -12.940361 -5.853058
v 14.667275 -12.940361 -5.901207
v 13.829549 -12.025175 -5.495535
v 13.264847 -12.025175 -4.761377
v 13.106009 -12.025175 -3.848882
v 13.389422 -12.025175 -2.967093
v 14.050161 -12.025175 -2.318016
v 14.936857 -12.025175 -2.050346
v 15.846379 -12.025175 -2.225405
v 16.570366 -12.025175 -2.803088
v 16.942965 -12.025175 -3.651054
v 16.878813 -12.025175 -4.575048
v 16.392607 -12.025175 -5.363387
v 15.595736 -12.025175 -5.835480
v 14.670747 -12.025175 -5.883170
v 15.036548 -11.990365 -3.982647
v 16.920795 -12.228219 -4.587875
v 16.986406 -12.228219 -3.642887
v 16.605343 -12.228219 -2.775651
v 15.864902 -12.228219 -2.184841
v 14.934713 -12.228219 -2.005805
v 14.027869 -12.228219 -2.279557
v 13.352117 -12.228219 -2.943383
v 13.062263 -12.228219 -3.845209
v 13.224711 -12.228219 -4.778438
v 13.802244 -12.228219 -5.529278
v 14.662559 -12.228219 -5.925721
v 15.608563 -12.228219 -5.876947
v 16.423544 -12.228219 -5.394130
v 20.624937 -12.974692 -0.872365
v 20.004827 -12.974692 -1.572326
v 19.130457 -12.974692 -1.903931
v 18.202139 -12.974692 -1.791212
v 17.432535 -12.974692 -1.259994
v 16.997953 -12.974692 -0.431970
v 16.997953 -12.974692 0.503168
v 17.432533 -12.974692 1.331192
v 18.202137 -12.974692 1.862411
v 19.130457 -12.974692 1.975130
v 20.004826 -12.974692 1.643525
v 20.624937 -12.974692 0.943564
v 20.848730 -12.974692 0.035599
v 20.608704 -12.025175 -0.863702
v 19.994509 -12.025175 -1.556985
v 19.128481 -12.025175 -1.885426
v 18.209019 -12.025175 -1.773783
v 17.446756 -12.025175 -1.247633
v 17.016323 -12.025175 -0.427509
v 17.016323 -12.025175 0.498707
v 17.446756 -12.025175 1.318831
v 18.209017 -12.025175 1.844982
v 19.128481 -12.025175 1.956625
v 19.994507 -12.025175 1.628184
v 20.608704 -12.025175 0.934901
v 20.830360 -12.025175 0.035599
v 18.894955 -11.984724 0.035599
v 19.133142 -12.228219 2.000277
v 18.192785 -12.228219 1.886097
v 17.413204 -12.228219 1.347990
v 16.972990 -12.228219 0.509230
v 16.972990 -12.228219 -0.438032
v 17.413206 -12.228219 -1.276792
v 18.192787 -12.228219 -1.814898
v 19.133142 -12.228219 -1.929078
v 20.018848 -12.228219 -1.593174
v 20.646999 -12.228219 -0.884137
v 20.873693 -12.228219 0.035599
v 20.646999 -12.228219 0.955336
v 20.018848 -12.228219 1.664373
v 16.743523 -13.040728 3.097485
v 16.147310 -13.040728 2.377061
v 15.284589 -13.040728 2.016231
v 14.353004 -13.040728 2.097658
v 13.565965 -13.040728 2.602688
v 13.103777 -13.040728 3.415625
v 13.072320 -13.040728 4.350234
v 13.478801 -13.040728 5.192407
v 14.230099 -13.040728 5.749214
v 15.154103 -13.040728 5.893096
v 16.039131 -13.040728 5.591092
v 16.682438 -13.040728 4.912386
v 16.936647 -13.040728 4.012464
v 16.727007 -12.025175 3.105597
v 16.136482 -12.025175 2.392046
v 15.281992 -12.025175 2.034659
v 14.359295 -12.025175 2.115309
v 13.579764 -12.025175 2.615521
v 13.121986 -12.025175 3.420701
v 13.090829 -12.025175 4.346393
v 13.493432 -12.025175 5.180532
v 14.237563 -12.025175 5.732027
v 15.152751 -12.025175 5.874536
v 16.029335 -12.025175 5.575413
v 16.666504 -12.025175 4.903183
v 16.918287 -12.025175 4.011846
v 14.983977 -11.999315 3.946741
v 15.155941 -12.228219 5.918319
v 14.219958 -12.228219 5.772572
v 13.458918 -12.228219 5.208546
v 13.047167 -12.228219 4.355453
v 13.079031 -12.228219 3.408726
v 13.547212 -12.228219 2.585249
v 14.344456 -12.228219 2.073672
v 15.288119 -12.228219 1.991189
v 16.162024 -12.228219 2.356697
v 16.765968 -12.228219 3.086462
v 16.961596 -12.228219 4.013304
v 16.704090 -12.228219 4.924894
v 16.052444 -12.228219 5.612399
v -15.990100 -16.818548 -8.365972
v -10.086493 -16.818548 -8.365972
v -15.990100 -14.092991 -8.365972
v -10.086493 -14.092991 -8.365972
v -15.990100 -14.092991 -11.280257
v -10.086493 -14.092991 -11.243276
v -15.990100 -16.818548 -11.280257
v -10.086493 -16.818548 -11.243276
v -11.562395 -14.092991 -11.797997
v -11.562395 -16.818548 -11.797997
v -11.562395 -16.818548 -8.365972
v -11.562395 -14.092991 -8.365972
v -13.038297 -14.092991 -11.964414
v -13.038297 -16.818548 -11.964414
v -13.038297 -16.818548 -8.365972
v -13.038297 -14.092991 -8.365972
v -14.514198 -14.092991 -11.797997
v -14.514198 -16.818548 -11.797997
v -14.514198 -16.818548 -8.365972
v -14.514198 -14.092991 -8.365972
v -15.990100 -22.561247 -8.167167
v -10.086493 -22.561247 -8.167167
v -15.990100 -19.835690 -8.167168
v -10.086493 -19.835690 -8.167168
v -15.990100 -19.835690 -11.081453
v -10.086493 -19.835690 -11.044472
v -15.990100 -22.561247 -11.081452
v -10.086493 -22.561247 -11.044471
v -11.562395 -19.835690 -11.599194
v -11.562395 -22.561247 -11.599193
v -11.562395 -22.561247 -8.167167
v -11.562395 -19.835690 -8.167168
v -13.038297 -19.835690 -11.765609
v -13.038297 -22.561247 -11.765608
v -13.038297 -22.561247 -8.167167
v -13.038297 -19.835690 -8.167168
v -14.514198 -19.835690 -11.599194
v -14.514198 -22.561247 -11.599193
v -14.514198 -22.561247 -8.167167
v -14.514198 -19.835690 -8.167168
v 11.479188 -16.818548 -8.365972
v 17.382795 -16.818548 -8.365972
v 11.479188 -14.092991 -8.365972
v 17.382795 -14.092991 -8.365972
v 11.479188 -14.092991 -11.280257
v 17.382795 -14.092991 -11.243276
v 11.479188 -16.818548 -11.280257
v 17.382795 -16.818548 -11.243276
v 15.906895 -14.092991 -11.797997
v 15.906895 -16.818548 -11.797997
v 15.906895 -16.818548 -8.365972
v 15.906895 -14.092991 -8.365972
v 14.430992 -14.092991 -11.964414
v 14.430992 -16.818548 -11.964414
v 14.430992 -16.818548 -8.365972
v 14.430992 -14.092991 -8.365972
v 12.955091 -14.092991 -11.797997
v 12.955091 -16.818548 -11.797997
v 12.955091 -16.818548 -8.365972
v 12.955091 -14.092991 -8.365972
v 11.479188 -22.561247 -8.166281
v 17.382795 -22.561247 -8.166281
v 11.479188 -19.835690 -8.166282
v 17.382795 -19.835690 -8.166282
v 11.479188 -19.835690 -11.080566
v 17.382795 -19.835690 -11.043586
v 11.479188 -22.561247 -11.080565
v 17.382795 -22.561247 -11.043585
v 15.906895 -19.835690 -11.598307
v 15.906895 -22.561247 -11.598306
v 15.906895 -22.561247 -8.166281
v 15.906895 -19.835690 -8.166282
v 14.430992 -19.835690 -11.764723
v 14.430992 -22.561247 -11.764722
v 14.430992 -22.561247 -8.166281
v 14.430992 -19.835690 -8.166282
v 12.955091 -19.835690 -11.598307
v 12.955091 -22.561247 -11.598306
v 12.955091 -22.561247 -8.166281
v 12.955091 -19.835690 -8.166282
v -18.473331 -13.403118 6.021931
v 17.991571 -13.403118 6.021931
v -18.473331 -13.405703 -5.894836
v 17.991575 -13.405703 -5.894836
v 17.991571 -15.854062 6.222223
v -18.473331 -15.854062 6.222223
v -18.473331 -15.901234 -6.100351
v 17.991571 -15.901234 -6.100351
v -18.473331 -20.832270 5.933899
v 17.991571 -20.832270 5.933899
v -18.473331 -20.831413 -5.809386
v 17.991571 -20.831413 -5.809386
v -18.473331 -18.384441 -6.100350
v 17.991571 -18.384441 -6.100350
v -18.479506 -17.158108 -6.094174
v 17.985395 -17.158108 -6.094174
v -18.473331 -17.335030 -6.100350
v 17.991571 -17.335030 -6.100350
v -18.479506 -17.160515 -6.025206
v 17.985395 -17.160515 -6.025206
v 17.991571 -17.337439 -6.031382
v -18.473331 -17.337439 -6.031382
v -20.880299 -21.052513 -0.179922
v -20.734945 -21.300396 1.640009
v -19.487602 -21.619473 3.328489
v -17.098837 -22.121407 4.353820
v -12.490819 -22.592209 5.098855
v -9.598262 -22.814970 5.926044
v -20.350403 -12.587221 3.596357
v -17.430382 -12.716940 7.037466
v -12.791759 -12.805740 8.116166
v -9.837758 -12.875153 7.494861
v -21.269152 -12.773193 1.758630
v -21.688927 -21.179325 1.714974
v -21.760958 -20.968773 -0.136186
v -21.547581 -12.578055 0.026442
v -20.515808 -13.698121 5.419184
v -20.376554 -21.729321 3.876540
v -18.029598 -13.893620 8.048013
v -17.883791 -22.908594 5.790677
v -9.905442 -14.044335 8.490611
v -10.326010 -23.373999 7.455262
v -12.938204 -23.039625 6.382410
v -13.077457 -13.954407 9.289914
v -22.013430 -15.205336 4.050045
v -22.146730 -21.661537 3.846254
v -21.717588 -19.515903 1.017978
v -21.926657 -15.205336 1.017096
v -20.897375 -15.205335 7.011195
v -20.897375 -23.625731 7.011196
v -18.411167 -15.205335 9.368720
v -18.411167 -24.279810 8.082216
v -10.508681 -15.386442 10.111018
v -10.838741 -24.296215 9.174058
v -13.382278 -24.722645 9.145675
v -13.459024 -15.205335 10.555629
v -22.371328 -16.561829 5.435215
v -22.354395 -22.484892 5.364560
v -22.197420 -19.972040 3.340675
v -22.367300 -16.561829 3.022129
v -21.248003 -16.561829 8.474124
v -21.231070 -24.709816 8.694201
v -18.761795 -16.561829 10.831650
v -18.744860 -25.934231 10.760997
v -11.286932 -16.691801 11.794197
v -12.006528 -25.449234 12.595059
v -14.088539 -25.946995 12.034410
v -13.999975 -16.561829 12.018559
v -22.717541 -18.898010 8.368449
v -22.524950 -23.604361 7.876379
v -22.690409 -21.446640 6.171364
v -22.745743 -18.812979 5.934701
v -21.908010 -18.898010 11.227873
v -21.610708 -25.955006 11.111213
v -19.421801 -18.898010 13.585400
v -19.385332 -26.590799 13.433240
v -12.545595 -18.898010 14.526901
v -12.852015 -25.967232 14.410241
v -15.235041 -26.590799 14.450058
v -15.271510 -18.898010 14.602218
v -23.094854 -21.059875 11.206981
v -22.730841 -25.016930 10.380290
v -23.001781 -22.612097 8.023315
v -23.202044 -21.236942 9.057470
v -22.499683 -21.059875 13.696515
v -22.487797 -26.132904 13.550840
v -20.013477 -21.059875 16.054043
v -19.978563 -26.526159 15.908368
v -13.866223 -21.059875 16.655365
v -13.997103 -26.380539 16.509691
v -16.192747 -26.526159 16.925188
v -16.227661 -21.059875 17.070860
v -23.472530 -22.842827 13.291974
v -23.286266 -25.335510 13.356754
v -23.245251 -23.923059 10.584521
v -23.373755 -22.837404 11.107121
v -22.955656 -22.842825 15.598966
v -22.971184 -25.335510 15.663746
v -20.566639 -22.842825 17.956493
v -20.582167 -25.335510 18.021273
v -14.783866 -22.842825 17.683071
v -14.799393 -25.335510 17.747852
v -16.917845 -25.335510 18.673615
v -16.902319 -22.842825 18.608835
v -13.290677 -22.446903 16.459797
v -13.306204 -24.939587 16.524576
v -11.859916 -21.082548 14.213195
v -11.875443 -23.575232 14.277974
v -10.392929 -19.848772 11.255963
v -10.295957 -22.341457 11.350888
v -9.323291 -18.687096 9.339827
v -9.430470 -21.179779 9.590629
v -8.331914 -17.639784 7.539107
v -8.558300 -20.116512 7.571497
v -8.048770 -19.346916 5.656034
v -7.341712 -16.810507 6.133504
v -20.148314 -20.932379 -5.031718
v -19.934933 -12.578055 -4.869091
v -17.844532 -21.043165 -6.932335
v -17.631155 -12.578056 -6.769708
v -17.081594 -21.043167 -10.289269
v -16.868214 -12.578056 -10.126643
v -13.495778 -21.126297 -11.031994
v -13.282398 -12.578056 -11.194758
v -9.375904 -21.043167 -10.174829
v -9.162524 -12.578056 -10.012202
v -8.574818 -21.043165 -6.970482
v -8.403356 -12.578056 -6.811188
v -6.464695 -21.043165 -4.751264
v -6.251316 -12.578055 -4.588638
v -4.991412 -21.011446 0.673180
v -4.778032 -12.589179 0.835807
v -21.611240 -15.103586 -0.022078
v -19.988739 -14.712626 -4.910099
v -17.707266 -15.597552 -6.827717
v -16.932228 -15.117588 -10.175431
v -13.333467 -15.180757 -11.233680
v -9.226538 -15.117588 -10.060990
v -8.426328 -15.152347 -6.857312
v -6.286759 -13.984135 -4.615650
v -4.808666 -13.804473 0.812459
v -21.718628 -19.363844 -0.103923
v -20.096361 -18.982100 -4.992122
v -17.796095 -19.121447 -6.895417
v -17.025074 -18.800909 -10.246194
v -13.438544 -18.772579 -11.313765
v -9.328850 -19.176443 -10.138968
v -8.524409 -19.043381 -6.932064
v -6.423258 -19.399265 -4.705585
v -4.946478 -19.271683 0.707427
v -19.608252 -20.942026 -4.081846
v -19.163988 -21.003359 -3.052887
v -17.860210 -20.981663 -1.463975
v -15.503234 -21.011013 -0.339076
v -11.325987 -20.947645 0.405960
v -16.761417 -24.084995 -9.214392
v -13.496308 -24.023731 -9.934982
v -9.697141 -24.073313 -9.055681
v -15.841451 -21.968513 -6.986118
v -13.513150 -22.184721 -7.677679
v -10.611743 -21.962288 -7.018340
v -11.306131 -21.048292 -4.636749
v -13.744032 -21.015507 -5.380358
v -15.618247 -21.097080 -5.425673
v -5.050220 -12.583787 -2.236160
v -5.083185 -13.891550 -2.261284
v -5.220360 -19.222731 -2.358999
v -5.263600 -20.920057 -2.398786
v -11.316363 -20.866417 -2.038116
v -14.620934 -20.968338 -2.787616
v -16.773588 -21.070087 -3.384111
v -6.274937 -12.725283 4.377183
v -5.901424 -15.235142 3.819033
v -5.967296 -19.307489 3.030418
v -7.030452 -21.776354 3.019679
v -11.880368 -21.803450 2.639462
v -16.262632 -21.686977 1.894426
v -18.626307 -21.399828 0.769527
v -19.911659 -21.041264 -0.819385
v -20.213659 -20.963997 -2.224793
v -21.181164 -20.743587 -2.850366
v -21.133791 -19.163784 -2.814260
v -21.026281 -14.898696 -2.732321
v -20.967787 -12.578055 -2.687738
v -17.849064 -21.083000 -3.932825
v -18.682592 -21.101746 -4.393607
v -17.403288 -12.464352 6.983015
v -12.794114 -12.552588 8.054868
v -9.858556 -12.621558 7.437875
v -20.304771 -12.335456 3.563752
v -21.217688 -12.357620 1.737692
v -21.494349 -12.326347 0.016501
v -20.919922 -12.326347 -2.681390
v -19.891939 -12.326347 -4.847951
v -17.602787 -12.326348 -6.736502
v -8.404414 -12.326348 -6.777861
v -6.295194 -12.326347 -4.569279
v -5.101724 -12.332043 -2.231736
v -4.831264 -12.337400 0.820728
v -6.318666 -12.472640 4.339622
v -13.493535 -12.578056 -8.211625
v -13.465168 -12.326348 -8.178419
v -15.776828 -12.326348 -7.685590
v -15.805195 -12.578056 -7.718797
v -15.401294 -12.578056 -10.805257
v -15.459525 -15.145798 -10.849638
v -15.557834 -18.788258 -10.924564
v -15.614674 -21.080290 -10.822572
v -15.303303 -24.057636 -9.536188
v -14.792971 -22.065065 -7.286572
v -14.753943 -21.060652 -5.410187
v -15.812267 -21.059185 -3.117732
v -16.807644 -20.994770 -0.961624
v -17.570749 -21.513378 1.271879
v -18.411036 -21.843622 3.731272
v -19.263350 -22.255955 4.731345
v -19.787096 -23.917826 7.489486
v -20.120790 -25.256609 9.617178
v -20.765972 -26.270130 12.148171
v -21.354492 -26.526159 14.603652
v -21.904310 -25.335508 16.716558
v -21.888781 -22.842825 16.651777
v -21.389406 -21.059875 14.749327
v -20.797731 -18.898010 12.280684
v -20.137724 -16.561829 9.526935
v -19.787096 -15.205335 8.064006
v -19.405529 -13.785425 6.593153
v -19.150850 -12.645150 5.438142
v -19.113497 -12.393018 5.395782
v -10.509890 -12.326348 -7.642549
v -10.521962 -12.578056 -7.675822
v -10.843954 -12.578056 -10.808677
v -10.902193 -15.145773 -10.853062
v -11.005738 -18.996243 -10.931979
v -11.057335 -21.080259 -10.826116
v -11.392292 -24.051189 -9.448016
v -11.958802 -22.061535 -7.293520
v -12.366595 -21.033663 -4.973287
v -12.790831 -20.873898 -2.372536
v -13.189834 -20.975918 0.073532
v -13.835692 -21.718288 2.307034
v -14.546871 -22.382141 4.766428
v -15.144875 -22.981161 6.118384
v -15.626119 -24.525055 8.671170
v -16.002331 -25.941299 11.466225
v -17.086861 -26.590799 13.996364
v -17.881941 -26.526159 16.471491
v -18.552830 -25.335510 18.382547
v -18.537302 -22.842825 18.317768
v -17.916855 -21.059875 16.617167
v -17.123331 -18.898010 14.148523
v -16.124651 -16.561829 11.488972
v -15.668621 -15.205335 10.026042
v -15.287055 -13.927284 8.735790
v -14.861466 -12.766119 7.634861
v -14.850682 -12.513216 7.576617
v -6.309211 -12.413711 0.750983
v -9.189300 -12.480469 0.613382
v -11.750766 -12.441853 0.489001
v -14.216902 -12.427737 0.369728
v -16.630957 -12.399686 0.252666
v -18.423431 -12.365252 0.165468
v -20.133907 -12.331684 0.082249
v -20.994230 -12.324244 0.091989
v -6.301273 -12.364239 -2.261806
v -8.877438 -12.419231 -2.323410
v -11.356838 -12.400043 -2.367570
v -13.971809 -12.394681 -2.417267
v -16.319843 -12.373637 -2.458478
v -18.107893 -12.350293 -2.488333
v -20.006157 -12.328868 -2.520724
v -8.632175 -12.371070 -4.633034
v -11.037865 -12.366189 -4.680613
v -13.767818 -12.367167 -4.736909
v -16.053652 -12.351350 -4.778148
v -17.831898 -12.337210 -4.809579
v -15.827642 -12.332427 -6.747658
v -13.589614 -12.343134 -6.763308
v -10.749439 -12.335578 -6.772135
v -13.535718 -12.335864 -7.726730
v -9.522463 -12.545889 3.750772
v -12.142036 -12.483381 3.326307
v -14.442902 -12.458219 2.939633
v -16.892578 -12.421592 2.532531
v -18.670738 -12.376979 2.245427
v -20.227827 -12.333757 1.995948
v -7.725913 -12.521222 6.132981
v -7.684505 -12.796182 6.186637
v -6.528697 -15.980409 4.849580
v -6.651650 -19.326141 4.393102
v -8.245219 -22.328768 4.394608
v -12.169158 -22.237663 3.802941
v -14.172133 -22.093410 3.470513
v -16.658220 -21.914368 3.057905
v -17.968269 -21.667297 2.435357
v -19.025383 -21.501427 1.933006
v -20.301136 -21.212305 0.344094
v -20.529030 -20.946529 -1.257415
v -21.517294 -20.767454 -1.604808
v -21.472307 -19.258427 -1.570520
v -21.364855 -14.995625 -1.488625
v -21.365110 -12.578055 -1.431541
v -21.314707 -12.326347 -1.432899
v -18.311077 -12.367412 0.170933
v -18.417269 -12.364962 0.113650
v -16.911388 -24.298782 18.646673
v -18.546373 -24.298782 18.355606
v -20.575708 -24.298782 17.994331
v -21.897852 -24.298782 16.689617
v -22.964725 -24.298782 15.636804
v -23.363735 -24.298782 13.329812
v -23.298698 -23.471523 10.801873
v -23.085072 -22.040155 8.453426
v -22.713423 -20.351280 6.072935
v -22.268074 -18.553707 3.208190
v -21.804543 -17.723108 1.017611
v -21.673965 -17.591972 -0.069883
v -21.427616 -17.485500 -1.536460
v -21.089079 -17.389904 -2.780181
v -20.051601 -17.206396 -4.958008
v -17.759150 -17.655834 -6.867260
v -16.986460 -17.268990 -10.216763
v -15.516948 -17.273335 -10.893403
v -13.394842 -17.278713 -11.280457
v -10.962673 -17.394806 -10.899157
v -9.286299 -17.488338 -10.106536
v -8.483617 -17.425072 -6.900974
v -6.366487 -17.147078 -4.668180
v -5.163309 -16.959381 -2.318359
v -4.889161 -16.997833 0.751111
v -5.939899 -17.613773 3.358407
v -6.600513 -17.934628 4.582953
v -7.754701 -18.268406 5.854617
v -8.464146 -19.062824 7.558026
v -9.385894 -20.143053 9.486318
v -10.336288 -21.304729 11.311409
v -11.868984 -22.538506 14.251032
v -13.299746 -23.902859 16.497635
v -14.792934 -24.298782 17.720909
v -21.897274 -24.206060 16.687208
v -22.964149 -24.206062 15.634393
v -23.370665 -24.206062 13.327401
v -23.303478 -23.431145 10.821315
v -23.092522 -21.989006 8.491897
v -22.715481 -20.253315 6.064131
v -22.274393 -18.426855 3.196340
v -21.812319 -17.562761 1.017578
v -21.669971 -17.433498 -0.066839
v -21.423620 -17.326927 -1.533413
v -21.085077 -17.231251 -2.777133
v -20.047596 -17.047577 -4.954957
v -17.755846 -17.524750 -6.864742
v -16.983006 -17.131977 -10.214132
v -15.513290 -17.137840 -10.890615
v -13.390934 -17.145103 -11.277478
v -10.958821 -17.251575 -10.896221
v -9.282493 -17.337355 -10.103636
v -8.479968 -17.280331 -6.898193
v -6.361410 -16.945641 -4.664835
v -5.158206 -16.756947 -2.314724
v -4.884035 -16.794460 0.755018
v -5.937449 -17.462288 3.387743
v -6.595939 -17.810171 4.599935
v -7.728398 -18.197655 5.872379
v -8.455724 -18.994293 7.556821
v -9.381907 -20.050331 9.476989
v -10.339895 -21.212009 11.307877
v -11.868406 -22.445784 14.248622
v -13.299169 -23.810139 16.495224
v -14.792357 -24.206062 17.718498
v -16.910812 -24.206062 18.644262
v -18.545795 -24.206062 18.353197
v -20.575132 -24.206062 17.991920
v -18.534283 -24.300623 18.287687
v -18.533707 -24.207901 18.285278
v -16.919157 -24.300438 18.581102
v -16.918581 -24.207718 18.578693
v -20.544855 -24.207771 17.933407
v -20.545433 -24.300491 17.935818
v -21.848812 -24.207640 16.638102
v -21.849390 -24.300360 16.640511
v -22.905941 -24.205843 15.603909
v -22.906519 -24.298563 15.606318
v -23.302343 -24.202261 13.323261
v -23.295414 -24.294983 13.325671
v -23.230164 -23.466854 10.807920
v -23.234945 -23.426476 10.827361
v -23.016912 -22.037304 8.463666
v -23.024363 -21.986155 8.502136
v -22.645601 -20.348454 6.085323
v -22.647659 -20.250488 6.076519
v -22.200680 -18.549887 3.222464
v -22.207001 -18.423033 3.210614
v -21.736774 -17.720772 1.029825
v -21.744553 -17.560425 1.029793
v -21.601717 -17.434099 -0.056848
v -21.605711 -17.592575 -0.059893
v -21.360292 -17.487476 -1.521828
v -21.356295 -17.328907 -1.518781
v -21.024609 -17.391987 -2.756436
v -21.020609 -17.233332 -2.753387
v -19.998482 -17.208530 -4.916646
v -19.994476 -17.049713 -4.913595
v -17.703568 -17.657892 -6.833012
v -17.700264 -17.526810 -6.830494
v -16.938406 -17.270985 -10.177789
v -16.934952 -17.133972 -10.175157
v -15.496343 -17.275234 -10.828137
v -15.492685 -17.139740 -10.825350
v -13.394026 -17.280193 -11.212442
v -13.390118 -17.146584 -11.209464
v -10.982800 -17.395618 -10.833888
v -10.978949 -17.252388 -10.830954
v -9.334525 -17.487888 -10.066980
v -9.330720 -17.336906 -10.064080
v -8.542136 -17.424179 -6.868878
v -8.538487 -17.279438 -6.866098
v -6.422254 -17.146364 -4.628741
v -6.417177 -16.944927 -4.625397
v -5.228386 -16.958069 -2.299598
v -5.223283 -16.755634 -2.295964
v -4.955650 -16.995174 0.741713
v -4.950524 -16.791798 0.745620
v -6.002606 -17.608521 3.330339
v -6.000155 -17.457035 3.359675
v -6.657212 -17.924143 4.545929
v -6.652639 -17.799686 4.562911
v -7.812990 -18.254410 5.822818
v -7.786687 -18.183659 5.840580
v -8.527667 -19.054623 7.533281
v -8.519245 -18.986094 7.532076
v -9.443546 -20.050127 9.446142
v -9.447534 -20.142849 9.455471
v -10.400599 -21.214108 11.275119
v -10.396991 -21.306829 11.278651
v -11.927841 -22.447105 14.213695
v -11.928420 -22.539827 14.216105
v -13.349962 -23.811003 16.449797
v -13.350540 -23.903723 16.452206
v -14.827946 -24.207357 17.660128
v -14.828524 -24.300079 17.662537
v 22.406599 -21.052513 -0.179922
v 22.261248 -21.300396 1.640009
v 21.013903 -21.619473 3.328490
v 18.625139 -22.121407 4.353821
v 14.017120 -22.592209 5.098855
v 11.124564 -22.814970 5.926044
v 21.876705 -12.587221 3.596357
v 18.956682 -12.716940 7.037466
v 14.318060 -12.805740 8.116167
v 11.364060 -12.875153 7.494862
v 22.795452 -12.773193 1.758630
v 23.215227 -21.179325 1.714974
v 23.287260 -20.968773 -0.136186
v 23.073881 -12.578053 0.026442
v 22.042109 -13.698121 5.419185
v 21.902855 -21.729321 3.876540
v 19.555899 -13.893620 8.048013
v 19.410091 -22.908594 5.790677
v 11.431744 -14.044335 8.490611
v 11.852311 -23.373999 7.455262
v 14.464504 -23.039625 6.382410
v 14.603759 -13.954407 9.289914
v 23.539732 -15.205336 4.050045
v 23.673031 -21.661537 3.846255
v 23.243891 -19.515903 1.017978
v 23.452957 -15.205336 1.017096
v 22.423676 -15.205335 7.011196
v 22.423676 -23.625732 7.011197
v 19.937468 -15.205335 9.368720
v 19.937468 -24.279810 8.082217
v 12.034984 -15.386442 10.111018
v 12.365043 -24.296215 9.174058
v 14.908580 -24.722645 9.145675
v 14.985325 -15.205335 10.555629
v 23.897629 -16.561829 5.435215
v 23.880695 -22.484892 5.364560
v 23.723721 -19.972040 3.340676
v 23.893600 -16.561829 3.022129
v 22.774303 -16.561829 8.474125
v 22.757370 -24.709816 8.694201
v 20.288095 -16.561829 10.831651
v 20.271160 -25.934231 10.760996
v 12.813233 -16.691801 11.794197
v 13.532830 -25.449234 12.595058
v 15.614840 -25.946997 12.034410
v 15.526277 -16.561829 12.018559
v 24.243841 -18.898010 8.368449
v 24.051250 -23.604362 7.876379
v 24.216711 -21.446640 6.171364
v 24.272045 -18.812979 5.934701
v 23.434311 -18.898010 11.227872
v 23.137009 -25.955008 11.111212
v 20.948103 -18.898010 13.585401
v 20.911634 -26.590799 13.433241
v 14.071897 -18.898010 14.526903
v 14.378315 -25.967232 14.410243
v 16.761341 -26.590799 14.450060
v 16.797812 -18.898010 14.602220
v 24.621155 -21.059877 11.206982
v 24.257141 -25.016930 10.380290
v 24.528082 -22.612097 8.023316
v 24.728346 -21.236942 9.057470
v 24.025986 -21.059877 13.696516
v 24.014097 -26.132904 13.550841
v 21.539778 -21.059875 16.054045
v 21.504864 -26.526161 15.908369
v 15.392524 -21.059875 16.655367
v 15.523404 -26.380539 16.509693
v 17.719048 -26.526159 16.925190
v 17.753962 -21.059875 17.070860
v 24.998831 -22.842827 13.291974
v 24.812567 -25.335510 13.356756
v 24.771551 -23.923059 10.584520
v 24.900055 -22.837404 11.107121
v 24.481956 -22.842825 15.598968
v 24.497484 -25.335510 15.663748
v 22.092941 -22.842825 17.956495
v 22.108467 -25.335510 18.021275
v 16.310167 -22.842825 17.683073
v 16.325693 -25.335510 17.747852
v 18.444145 -25.335510 18.673616
v 18.428619 -22.842825 18.608837
v 14.816978 -22.446903 16.459797
v 14.832505 -24.939587 16.524576
v 13.386217 -21.082548 14.213195
v 13.401744 -23.575232 14.277974
v 11.919230 -19.848774 11.255964
v 11.822259 -22.341457 11.350889
v 10.849593 -18.687096 9.339828
v 10.956772 -21.179781 9.590630
v 9.858215 -17.639784 7.539107
v 10.084602 -20.116512 7.571498
v 9.575071 -19.346916 5.656034
v 8.868013 -16.810507 6.133504
v 21.674614 -20.932379 -5.031718
v 21.461235 -12.578053 -4.869091
v 19.370834 -21.043165 -6.932335
v 19.157455 -12.578054 -6.769709
v 18.607895 -21.043167 -10.289269
v 18.394516 -12.578054 -10.126644
v 15.022080 -21.126299 -11.031994
v 14.808701 -12.578054 -11.194759
v 10.902205 -21.043167 -10.174829
v 10.688826 -12.578054 -10.012202
v 10.101120 -21.043165 -6.970482
v 9.929658 -12.578054 -6.811188
v 7.990997 -21.043165 -4.751264
v 7.777617 -12.578053 -4.588638
v 6.517714 -21.011446 0.673180
v 6.304334 -12.589179 0.835807
v 23.137541 -15.103586 -0.022077
v 21.515039 -14.712626 -4.910099
v 19.233566 -15.597552 -6.827717
v 18.458529 -15.117588 -10.175431
v 14.859768 -15.180757 -11.233680
v 10.752840 -15.117588 -10.060990
v 9.952630 -15.152347 -6.857312
v 7.813061 -13.984135 -4.615650
v 6.334968 -13.804473 0.812459
v 23.244928 -19.363844 -0.103923
v 21.622662 -18.982100 -4.992122
v 19.322395 -19.121447 -6.895417
v 18.551374 -18.800909 -10.246195
v 14.964846 -18.772579 -11.313765
v 10.855152 -19.176443 -10.138968
v 10.050711 -19.043381 -6.932064
v 7.949560 -19.399265 -4.705585
v 6.472780 -19.271683 0.707427
v 21.134554 -20.942026 -4.081846
v 20.690289 -21.003359 -3.052887
v 19.386513 -20.981663 -1.463975
v 17.029535 -21.011013 -0.339076
v 12.852289 -20.947645 0.405960
v 18.287718 -24.084995 -9.214393
v 15.022610 -24.023731 -9.934983
v 11.223443 -24.073313 -9.055681
v 17.367752 -21.968513 -6.986118
v 15.039452 -22.184721 -7.677679
v 12.138044 -21.962288 -7.018340
v 12.832433 -21.048292 -4.636749
v 15.270333 -21.015507 -5.380358
v 17.144548 -21.097080 -5.425673
v 6.576521 -12.583787 -2.236160
v 6.609487 -13.891550 -2.261284
v 6.746662 -19.222731 -2.358999
v 6.789902 -20.920057 -2.398786
v 12.842666 -20.866417 -2.038116
v 16.147236 -20.968338 -2.787616
v 18.299889 -21.070087 -3.384111
v 7.801239 -12.725283 4.377184
v 7.427726 -15.235142 3.819033
v 7.493598 -19.307489 3.030418
v 8.556754 -21.776356 3.019679
v 13.406671 -21.803450 2.639463
v 17.788935 -21.686977 1.894427
v 20.152609 -21.399828 0.769527
v 21.437960 -21.041265 -0.819385
v 21.739962 -20.963997 -2.224793
v 22.707464 -20.743587 -2.850365
v 22.660093 -19.163784 -2.814260
v 22.552584 -14.898696 -2.732321
v 22.494089 -12.578053 -2.687738
v 19.375364 -21.083000 -3.932825
v 20.208893 -21.101748 -4.393607
v 18.929588 -12.464350 6.983015
v 14.320415 -12.552586 8.054869
v 11.384857 -12.621558 7.437876
v 21.831072 -12.335456 3.563753
v 22.743988 -12.357620 1.737693
v 23.020649 -12.326347 0.016502
v 22.446222 -12.326347 -2.681391
v 21.418240 -12.326347 -4.847951
v 19.129087 -12.326348 -6.736503
v 9.930716 -12.326348 -6.777862
v 7.821496 -12.326347 -4.569279
v 6.628026 -12.332043 -2.231736
v 6.357566 -12.337400 0.820728
v 7.844967 -12.472640 4.339622
v 15.019836 -12.578054 -8.211626
v 14.991468 -12.326348 -8.178420
v 17.303129 -12.326348 -7.685590
v 17.331497 -12.578056 -7.718798
v 16.927595 -12.578056 -10.805258
v 16.985826 -15.145798 -10.849638
v 17.084135 -18.788258 -10.924565
v 17.140974 -21.080292 -10.822572
v 16.829603 -24.057636 -9.536189
v 16.319271 -22.065065 -7.286572
v 16.280245 -21.060652 -5.410187
v 17.338568 -21.059185 -3.117732
v 18.333944 -20.994770 -0.961623
v 19.097050 -21.513378 1.271879
v 19.937336 -21.843622 3.731272
v 20.789650 -22.255955 4.731345
v 21.313398 -23.917826 7.489486
v 21.647091 -25.256609 9.617178
v 22.292273 -26.270132 12.148172
v 22.880793 -26.526161 14.603652
v 23.430611 -25.335508 16.716558
v 23.415083 -22.842825 16.651777
v 22.915707 -21.059877 14.749330
v 22.324034 -18.898010 12.280685
v 21.664024 -16.561829 9.526935
v 21.313398 -15.205335 8.064006
v 20.931829 -13.785425 6.593153
v 20.677153 -12.645150 5.438143
v 20.639797 -12.393016 5.395782
v 12.036192 -12.326348 -7.642550
v 12.048264 -12.578054 -7.675822
v 12.370256 -12.578054 -10.808677
v 12.428494 -15.145774 -10.853063
v 12.532041 -18.996243 -10.931980
v 12.583636 -21.080259 -10.826117
v 12.918593 -24.051189 -9.448016
v 13.485105 -22.061535 -7.293520
v 13.892898 -21.033665 -4.973287
v 14.317132 -20.873898 -2.372536
v 14.716135 -20.975920 0.073532
v 15.361993 -21.718288 2.307035
v 16.073172 -22.382141 4.766428
v 16.671175 -22.981161 6.118384
v 17.152420 -24.525055 8.671171
v 17.528631 -25.941301 11.466226
v 18.613161 -26.590799 13.996366
v 19.408243 -26.526161 16.471491
v 20.079130 -25.335510 18.382547
v 20.063604 -22.842825 18.317768
v 19.443155 -21.059875 16.617170
v 18.649632 -18.898010 14.148525
v 17.650953 -16.561829 11.488972
v 17.194921 -15.205335 10.026042
v 16.813356 -13.927284 8.735790
v 16.387768 -12.766119 7.634861
v 16.376984 -12.513216 7.576617
v 7.835513 -12.413711 0.750983
v 10.715601 -12.480467 0.613382
v 13.277067 -12.441853 0.489001
v 15.743202 -12.427735 0.369729
v 18.157257 -12.399686 0.252666
v 19.949732 -12.365252 0.165468
v 21.660208 -12.331684 0.082250
v 22.520531 -12.324243 0.091989
v 7.827575 -12.364239 -2.261806
v 10.403740 -12.419231 -2.323411
v 12.883140 -12.400043 -2.367570
v 15.498110 -12.394681 -2.417267
v 17.846144 -12.373637 -2.458478
v 19.634193 -12.350293 -2.488333
v 21.532457 -12.328866 -2.520724
v 10.158478 -12.371070 -4.633034
v 12.564166 -12.366189 -4.680613
v 15.294120 -12.367167 -4.736909
v 17.579954 -12.351350 -4.778148
v 19.358200 -12.337210 -4.809579
v 17.353943 -12.332427 -6.747658
v 15.115915 -12.343132 -6.763308
v 12.275741 -12.335578 -6.772135
v 15.062019 -12.335863 -7.726730
v 11.048765 -12.545887 3.750772
v 13.668338 -12.483381 3.326307
v 15.969202 -12.458219 2.939633
v 18.418880 -12.421592 2.532532
v 20.197039 -12.376977 2.245427
v 21.754129 -12.333757 1.995948
v 9.252214 -12.521222 6.132982
v 9.210806 -12.796182 6.186638
v 8.054999 -15.980409 4.849580
v 8.177952 -19.326141 4.393102
v 9.771522 -22.328768 4.394608
v 13.695459 -22.237663 3.802941
v 15.698435 -22.093410 3.470513
v 18.184521 -21.914368 3.057905
v 19.494570 -21.667297 2.435358
v 20.551683 -21.501427 1.933006
v 21.827436 -21.212307 0.344094
v 22.055330 -20.946529 -1.257415
v 23.043596 -20.767454 -1.604808
v 22.998610 -19.258429 -1.570520
v 22.891155 -14.995625 -1.488625
v 22.891411 -12.578053 -1.431541
v 22.841007 -12.326347 -1.432899
v 19.837378 -12.367412 0.170934
v 19.943569 -12.364960 0.113650
v 18.437689 -24.298790 18.646677
v 20.072674 -24.298790 18.355606
v 22.102011 -24.298790 17.994331
v 23.424152 -24.298790 16.689617
v 24.491028 -24.298790 15.636806
v 24.890036 -24.298790 13.329812
v 24.824999 -23.471531 10.801874
v 24.611372 -22.040163 8.453426
v 24.239723 -20.351288 6.072935
v 23.794374 -18.553715 3.208191
v 23.330843 -17.723114 1.017611
v 23.200268 -17.591980 -0.069883
v 22.953918 -17.485506 -1.536460
v 22.615379 -17.389912 -2.780181
v 21.577902 -17.206402 -4.958008
v 19.285452 -17.655840 -6.867260
v 18.512760 -17.268997 -10.216763
v 17.043249 -17.273340 -10.893403
v 14.921144 -17.278721 -11.280457
v 12.488976 -17.394814 -10.899158
v 10.812600 -17.488344 -10.106537
v 10.009919 -17.425079 -6.900974
v 7.892789 -17.147083 -4.668180
v 6.689610 -16.959389 -2.318359
v 6.415463 -16.997841 0.751111
v 7.466201 -17.613777 3.358407
v 8.126815 -17.934633 4.582954
v 9.281003 -18.268414 5.854617
v 9.990447 -19.062830 7.558026
v 10.912195 -20.143061 9.486318
v 11.862590 -21.304737 11.311408
v 13.395287 -22.538511 14.251034
v 14.826047 -23.902866 16.497637
v 16.319235 -24.298790 17.720909
v 23.423576 -24.206060 16.687208
v 24.490450 -24.206062 15.634395
v 24.896965 -24.206062 13.327401
v 24.829781 -23.431145 10.821316
v 24.618822 -21.989006 8.491898
v 24.241781 -20.253315 6.064131
v 23.800694 -18.426855 3.196341
v 23.338621 -17.562761 1.017578
v 23.196272 -17.433498 -0.066838
v 22.949921 -17.326927 -1.533413
v 22.611380 -17.231251 -2.777133
v 21.573896 -17.047577 -4.954957
v 19.282146 -17.524750 -6.864742
v 18.509308 -17.131977 -10.214133
v 17.039591 -17.137840 -10.890615
v 14.917234 -17.145103 -11.277479
v 12.485123 -17.251575 -10.896221
v 10.808794 -17.337355 -10.103637
v 10.006270 -17.280331 -6.898194
v 7.887712 -16.945641 -4.664835
v 6.684507 -16.756947 -2.314724
v 6.410336 -16.794460 0.755018
v 7.463751 -17.462288 3.387744
v 8.122242 -17.810173 4.599934
v 9.254700 -18.197655 5.872379
v 9.982025 -18.994293 7.556821
v 10.908208 -20.050331 9.476989
v 11.866198 -21.212009 11.307878
v 13.394708 -22.445784 14.248622
v 14.825469 -23.810139 16.495224
v 16.318659 -24.206062 17.718500
v 18.437113 -24.206062 18.644264
v 20.072096 -24.206062 18.353197
v 22.101433 -24.206062 17.991922
v 20.060585 -24.300629 18.287691
v 20.060007 -24.207901 18.285278
v 18.445457 -24.300446 18.581102
v 18.444883 -24.207718 18.578693
v 22.071157 -24.207771 17.933411
v 22.071733 -24.300499 17.935820
v 23.375114 -24.207640 16.638102
v 23.375690 -24.300367 16.640511
v 24.432243 -24.205843 15.603910
v 24.432819 -24.298571 15.606318
v 24.828646 -24.202261 13.323260
v 24.821714 -24.294989 13.325672
v 24.756464 -23.466862 10.807920
v 24.761246 -23.426476 10.827362
v 24.543215 -22.037312 8.463667
v 24.550665 -21.986156 8.502136
v 24.171902 -20.348461 6.085324
v 24.173960 -20.250488 6.076520
v 23.726982 -18.549892 3.222465
v 23.733301 -18.423033 3.210615
v 23.263077 -17.720778 1.029826
v 23.270853 -17.560425 1.029793
v 23.128017 -17.434099 -0.056848
v 23.132011 -17.592583 -0.059893
v 22.886593 -17.487484 -1.521828
v 22.882597 -17.328907 -1.518781
v 22.550909 -17.391994 -2.756436
v 22.546909 -17.233332 -2.753387
v 21.524782 -17.208538 -4.916646
v 21.520777 -17.049713 -4.913595
v 19.229868 -17.657898 -6.833012
v 19.226564 -17.526810 -6.830494
v 18.464706 -17.270992 -10.177789
v 18.461254 -17.133972 -10.175158
v 17.022644 -17.275242 -10.828138
v 17.018986 -17.139740 -10.825351
v 14.920328 -17.280199 -11.212442
v 14.916419 -17.146584 -11.209465
v 12.509103 -17.395624 -10.833889
v 12.505250 -17.252388 -10.830954
v 10.860827 -17.487896 -10.066980
v 10.857021 -17.336906 -10.064080
v 10.068438 -17.424185 -6.868879
v 10.064789 -17.279438 -6.866098
v 7.948556 -17.146370 -4.628741
v 7.943479 -16.944927 -4.625397
v 6.754688 -16.958076 -2.299598
v 6.749585 -16.755634 -2.295963
v 6.481952 -16.995180 0.741713
v 6.476826 -16.791798 0.745620
v 7.528908 -17.608526 3.330339
v 7.526458 -17.457035 3.359675
v 8.183515 -17.924149 4.545930
v 8.178941 -17.799686 4.562912
v 9.339293 -18.254416 5.822818
v 9.312989 -18.183659 5.840580
v 10.053968 -19.054630 7.533282
v 10.045547 -18.986094 7.532076
v 10.969848 -20.050127 9.446142
v 10.973836 -20.142855 9.455471
v 11.926900 -21.214108 11.275120
v 11.923293 -21.306835 11.278651
v 13.454144 -22.447105 14.213695
v 13.454721 -22.539833 14.216106
v 14.876265 -23.811003 16.449799
v 14.876842 -23.903730 16.452208
v 16.354246 -24.207357 17.660128
v 16.354824 -24.300085 17.662539
vn -0.0000 -0.1170 0.9931
vn -0.0000 -0.0515 0.9987
vn -0.0000 -0.0000 1.0000
vn -0.0000 -0.0731 0.9973
vn -0.0000 0.9981 0.0617
vn -1.0000 -0.0000 -0.0000
vn -0.0000 -0.9981 -0.0617
vn 1.0000 -0.0000 -0.0000
vn -0.0000 0.0435 0.9991
vn -0.0000 -0.0050 -1.0000
vn -0.0000 -0.9994 -0.0349
vn -0.9994 -0.0348 -0.0012
vn 0.9994 0.0348 0.0012
vn -0.0000 1.0000 -0.0000
vn -0.0000 -0.0000 -1.0000
vn 0.3198 -0.0000 0.9475
vn 0.3085 -0.0000 -0.9512
vn -0.9995 -0.0000 0.0309
vn 0.0162 0.0005 0.9999
vn -0.0316 0.9993 0.0204
vn -0.0316 0.9994 0.0103
vn -0.0316 0.9995 0.0064
vn 0.0160 0.0005 -0.9999
vn 0.9995 0.0315 0.0003
vn 0.9995 0.0315 0.0002
vn -0.8541 -0.0269 0.5195
vn -0.6735 -0.0212 0.7389
vn -0.8549 -0.0269 0.5181
vn -0.8573 -0.0271 -0.5141
vn -0.8582 -0.0270 -0.5127
vn 0.9995 0.0315 -0.0002
vn -0.0315 0.9995 -0.0100
vn -0.0316 0.9995 -0.0064
vn -0.6781 -0.0214 -0.7347
vn 0.9995 0.0315 -0.0003
vn -0.0315 0.9993 -0.0200
vn 0.9998 0.0008 -0.0189
vn 0.0220 0.9986 0.0484
vn 0.0112 0.9988 0.0485
vn 0.0070 0.9988 0.0485
vn -0.9999 0.0008 -0.0133
vn -0.0022 0.0484 -0.9988
vn -0.0025 0.0483 -0.9988
vn 0.5217 -0.0412 0.8521
vn 0.7407 -0.0326 0.6710
vn 0.5202 -0.0413 0.8530
vn -0.5116 -0.0414 0.8582
vn -0.5101 -0.0415 0.8591
vn -0.0030 0.0483 -0.9988
vn -0.0106 0.9988 0.0484
vn -0.0068 0.9988 0.0485
vn -0.7328 -0.0328 0.6797
vn -0.0033 0.0484 -0.9988
vn -0.0213 0.9986 0.0484
vn -0.0079 0.0004 -1.0000
vn 0.0277 0.9995 -0.0176
vn 0.0276 0.9996 -0.0088
vn 0.0276 0.9996 -0.0054
vn -0.0243 0.0004 0.9997
vn -0.9996 0.0275 -0.0085
vn -0.9996 0.0275 -0.0084
vn 0.8584 -0.0235 -0.5124
vn 0.6796 -0.0185 -0.7333
vn 0.8591 -0.0235 -0.5112
vn 0.8531 -0.0236 0.5212
vn 0.8538 -0.0252 0.5200
vn -0.9996 0.0275 -0.0081
vn 0.0274 0.9996 0.0090
vn 0.0275 0.9996 0.0059
vn 0.6720 -0.0187 0.7403
vn -0.9996 0.0275 -0.0080
vn 0.0273 0.9995 0.0177
vn -0.9997 0.0007 0.0257
vn -0.0154 0.9989 -0.0448
vn -0.0083 0.9990 -0.0448
vn -0.0056 0.9990 -0.0449
vn 1.0000 0.0007 0.0065
vn 0.0092 0.0448 0.9990
vn 0.0094 0.0448 0.9990
vn -0.5277 -0.0382 -0.8486
vn -0.7453 -0.0302 -0.6660
vn -0.5266 -0.0383 -0.8493
vn 0.5060 -0.0384 -0.8617
vn 0.5050 -0.0398 -0.8622
vn 0.0097 0.0448 0.9989
vn 0.0068 0.9990 -0.0449
vn 0.0040 0.9990 -0.0449
vn 0.7282 -0.0304 -0.6847
vn 0.0099 0.0448 0.9989
vn 0.0148 0.9989 -0.0449
vn 0.8989 -0.0373 -0.4365
vn 0.5931 -0.0375 -0.8043
vn 0.5932 0.0198 -0.8048
vn 0.8993 0.0197 -0.4369
vn 0.1514 -0.0377 -0.9877
vn 0.1513 0.0199 -0.9883
vn -0.3250 -0.0380 -0.9450
vn -0.3254 0.0200 -0.9454
vn -0.7269 -0.0382 -0.6857
vn -0.7274 0.0202 -0.6859
vn -0.9623 -0.0383 -0.2693
vn -0.9628 0.0202 -0.2694
vn -0.9772 -0.0383 0.2088
vn -0.9777 0.0202 0.2088
vn -0.7682 -0.0382 0.6390
vn -0.7688 0.0202 0.6392
vn -0.3833 -0.0380 0.9229
vn -0.3837 0.0200 0.9232
vn 0.0895 -0.0377 0.9953
vn 0.0893 0.0199 0.9958
vn 0.5418 -0.0375 0.8397
vn 0.5419 0.0198 0.8402
vn 0.8699 -0.0373 0.4917
vn 0.8703 0.0197 0.4921
vn 0.9988 -0.0372 0.0312
vn 0.9993 0.0197 0.0312
vn 0.0280 0.9995 -0.0136
vn 0.0184 0.9995 -0.0250
vn 0.0047 0.9995 -0.0307
vn -0.0101 0.9995 -0.0294
vn -0.0226 0.9995 -0.0213
vn -0.0299 0.9995 -0.0084
vn -0.0304 0.9995 0.0065
vn -0.0239 0.9995 0.0199
vn -0.0119 0.9995 0.0287
vn 0.0028 0.9995 0.0310
vn 0.0169 0.9995 0.0261
vn 0.0271 0.9995 0.0153
vn 0.0311 0.9995 0.0010
vn 0.0880 0.2113 0.9735
vn -0.3744 0.2127 0.9025
vn -0.7508 0.2139 0.6249
vn -0.9551 0.2145 0.2042
vn -0.9406 0.2145 -0.2633
vn -0.7104 0.2139 -0.6705
vn -0.3174 0.2127 -0.9241
vn 0.1485 0.2113 -0.9661
vn 0.5806 0.2100 -0.7867
vn 0.8797 0.2091 -0.4270
vn 0.9775 0.2087 0.0305
vn 0.8514 0.2091 0.4811
vn 0.5304 0.2100 0.8214
vn -0.6233 -0.0351 -0.7812
vn -0.9149 -0.0353 -0.4021
vn -0.9154 0.0189 -0.4021
vn -0.6237 0.0188 -0.7815
vn -0.9970 -0.0355 0.0691
vn -0.9974 0.0190 0.0694
vn -0.8506 -0.0357 0.5245
vn -0.8509 0.0191 0.5250
vn -0.5094 -0.0359 0.8598
vn -0.5095 0.0192 0.8602
vn -0.0515 -0.0360 0.9980
vn -0.0514 0.0193 0.9985
vn 0.4183 -0.0361 0.9076
vn 0.4184 0.0193 0.9081
vn 0.7922 -0.0359 0.6093
vn 0.7924 0.0192 0.6097
vn 0.9846 -0.0357 0.1713
vn 0.9850 0.0191 0.1716
vn 0.9514 -0.0355 -0.3059
vn 0.9519 0.0190 -0.3058
vn 0.7003 -0.0353 -0.7130
vn 0.7008 0.0189 -0.7131
vn 0.2888 -0.0351 -0.9568
vn 0.2890 0.0188 -0.9571
vn -0.1889 -0.0350 -0.9814
vn -0.1890 0.0187 -0.9818
vn -0.0112 0.9998 -0.0141
vn -0.0165 0.9998 -0.0072
vn -0.0179 0.9998 0.0012
vn -0.0153 0.9998 0.0094
vn -0.0092 0.9998 0.0155
vn -0.0009 0.9998 0.0180
vn 0.0075 0.9998 0.0163
vn 0.0143 0.9998 0.0110
vn 0.0177 0.9998 0.0031
vn 0.0171 0.9998 -0.0055
vn 0.0126 0.9998 -0.0128
vn 0.0052 0.9998 -0.0172
vn -0.0034 0.9998 -0.0177
vn 0.9304 0.2113 -0.2995
vn 0.9627 0.2127 0.1671
vn 0.7745 0.2139 0.5953
vn 0.4089 0.2145 0.8870
vn -0.0504 0.2145 0.9754
vn -0.4982 0.2139 0.8403
vn -0.8319 0.2127 0.5125
vn -0.9751 0.2113 0.0672
vn -0.8949 0.2100 -0.3937
vn -0.6097 0.2090 -0.7645
vn -0.1848 0.2087 -0.9603
vn 0.2824 0.2091 -0.9362
vn 0.6849 0.2100 -0.6977
vn 0.8850 -0.0335 -0.4644
vn 0.5678 -0.0336 -0.8225
vn 0.5679 0.0181 -0.8229
vn 0.8853 0.0181 -0.4647
vn 0.1205 -0.0339 -0.9921
vn 0.1204 0.0182 -0.9926
vn -0.3543 -0.0341 -0.9345
vn -0.3547 0.0184 -0.9348
vn -0.7480 -0.0343 -0.6628
vn -0.7485 0.0185 -0.6629
vn -0.9704 -0.0344 -0.2392
vn -0.9708 0.0186 -0.2392
vn -0.9704 -0.0344 0.2392
vn -0.9708 0.0185 0.2392
vn -0.7480 -0.0343 0.6628
vn -0.7485 0.0185 0.6629
vn -0.3543 -0.0341 0.9345
vn -0.3547 0.0184 0.9348
vn 0.1205 -0.0339 0.9921
vn 0.1204 0.0182 0.9926
vn 0.5678 -0.0336 0.8225
vn 0.5679 0.0181 0.8229
vn 0.8850 -0.0335 0.4644
vn 0.8853 0.0181 0.4647
vn 0.9994 -0.0334 -0.0000
vn 0.9998 0.0181 -0.0000
vn 0.0185 0.9998 -0.0097
vn 0.0119 0.9998 -0.0172
vn 0.0025 0.9998 -0.0207
vn -0.0074 0.9998 -0.0195
vn -0.0156 0.9998 -0.0139
vn -0.0203 0.9998 -0.0050
vn -0.0203 0.9998 0.0050
vn -0.0156 0.9998 0.0139
vn -0.0074 0.9998 0.0195
vn 0.0025 0.9998 0.0207
vn 0.0119 0.9998 0.0172
vn 0.0185 0.9998 0.0097
vn 0.0209 0.9998 -0.0000
vn 0.1183 0.2113 0.9702
vn -0.3461 0.2127 0.9138
vn -0.7310 0.2139 0.6480
vn -0.9483 0.2145 0.2339
vn -0.9483 0.2145 -0.2339
vn -0.7310 0.2139 -0.6480
vn -0.3461 0.2127 -0.9138
vn 0.1183 0.2113 -0.9702
vn 0.5557 0.2100 -0.8044
vn 0.8660 0.2091 -0.4543
vn 0.9780 0.2087 -0.0000
vn 0.8660 0.2091 0.4543
vn 0.5557 0.2100 0.8044
vn 0.9002 -0.0308 -0.4344
vn 0.5952 -0.0309 -0.8030
vn 0.5952 0.0170 -0.8034
vn 0.9004 0.0169 -0.4347
vn 0.1539 -0.0311 -0.9876
vn 0.1537 0.0171 -0.9880
vn -0.3227 -0.0313 -0.9460
vn -0.3230 0.0172 -0.9462
vn -0.7254 -0.0315 -0.6876
vn -0.7257 0.0173 -0.6878
vn -0.9619 -0.0316 -0.2717
vn -0.9622 0.0173 -0.2718
vn -0.9780 -0.0316 0.2064
vn -0.9783 0.0173 0.2065
vn -0.7700 -0.0315 0.6373
vn -0.7703 0.0173 0.6374
vn -0.3856 -0.0313 0.9221
vn -0.3859 0.0172 0.9224
vn 0.0871 -0.0311 0.9957
vn 0.0869 0.0171 0.9961
vn 0.5398 -0.0309 0.8412
vn 0.5399 0.0170 0.8416
vn 0.8689 -0.0308 0.4940
vn 0.8692 0.0169 0.4942
vn 0.9990 -0.0307 0.0336
vn 0.9993 0.0169 0.0336
vn 0.0120 0.9999 -0.0058
vn 0.0080 0.9999 -0.0107
vn 0.0021 0.9999 -0.0132
vn -0.0043 0.9999 -0.0126
vn -0.0097 0.9999 -0.0092
vn -0.0129 0.9999 -0.0036
vn -0.0131 0.9999 0.0028
vn -0.0103 0.9999 0.0085
vn -0.0052 0.9999 0.0123
vn 0.0012 0.9999 0.0133
vn 0.0072 0.9999 0.0112
vn 0.0116 0.9999 0.0066
vn 0.0134 0.9999 0.0004
vn 0.0856 0.2113 0.9737
vn -0.3766 0.2127 0.9016
vn -0.7524 0.2139 0.6231
vn -0.9556 0.2145 0.2018
vn -0.9399 0.2145 -0.2656
vn -0.7088 0.2139 -0.6722
vn -0.3151 0.2127 -0.9249
vn 0.1509 0.2113 -0.9657
vn 0.5825 0.2100 -0.7853
vn 0.8808 0.2091 -0.4249
vn 0.9774 0.2087 0.0329
vn 0.8502 0.2091 0.4831
vn 0.5284 0.2100 0.8226
vn -0.3310 -0.0000 -0.9436
vn -0.2258 -0.0000 -0.9742
vn -0.0000 -1.0000 -0.0000
vn 0.2373 -0.0000 -0.9714
vn 0.3518 -0.0000 -0.9361
vn -0.0000 1.0000 -0.0002
vn -0.0000 0.0814 0.9967
vn -0.0000 0.0821 -0.9966
vn -0.0000 -0.0829 -0.9966
vn -0.0000 -0.1181 -0.9930
vn -0.0000 -1.0000 -0.0001
vn -0.0000 0.0349 -0.9994
vn -0.0000 0.9994 0.0349
vn -0.9439 -0.2716 -0.1877
vn -0.9316 -0.3626 -0.0259
vn -0.9973 -0.0565 0.0460
vn -0.9940 -0.0692 -0.0846
vn -0.7505 -0.5446 0.3744
vn -0.9222 -0.0100 0.3867
vn -0.5452 -0.6559 0.5220
vn -0.7022 0.0229 0.7116
vn -0.4461 0.0260 0.8946
vn -0.3288 -0.6558 0.6796
vn -0.1466 -0.6758 0.7224
vn -0.1752 0.0267 0.9842
vn 0.5181 0.0190 0.8551
vn 0.1683 0.0246 0.9854
vn 0.0714 -0.5650 0.8220
vn 0.3985 -0.4357 0.8071
vn -0.1280 -0.9832 -0.1301
vn -0.0920 -0.9865 -0.1356
vn -0.7011 -0.6701 -0.2436
vn -0.8509 -0.4995 -0.1626
vn -0.0896 -0.9709 -0.2220
vn -0.0344 -0.9163 -0.3991
vn -0.7324 0.5479 0.4042
vn -0.9372 0.3199 0.1392
vn -0.7152 0.5944 0.3678
vn -0.0763 -0.9468 -0.3127
vn -0.0181 -0.8709 -0.4911
vn -0.5691 0.6365 0.5206
vn -0.5068 0.6871 0.5206
vn -0.0317 -0.9356 -0.3516
vn -0.0226 -0.9455 -0.3247
vn 0.0240 -0.8765 -0.4809
vn 0.0113 -0.8690 -0.4947
vn -0.1667 0.6557 0.7364
vn -0.3262 0.6578 0.6789
vn -0.3158 0.7123 0.6268
vn -0.1581 0.7163 0.6797
vn 0.0013 -0.9523 -0.3052
vn 0.5599 -0.8281 0.0284
vn 0.6030 -0.7803 -0.1661
vn 0.0473 -0.8967 -0.4401
vn 0.5811 0.3185 0.7490
vn 0.0544 0.6444 0.7628
vn 0.0401 0.7109 0.7021
vn 0.6222 0.4270 0.6561
vn -0.5472 -0.7228 -0.4220
vn -0.9882 -0.0488 -0.1451
vn -0.9890 0.1432 -0.0375
vn -0.9875 0.1370 -0.0780
vn -0.8879 0.4224 0.1821
vn -0.9929 0.0183 -0.1176
vn -0.0319 -0.8590 -0.5110
vn -0.7090 0.5908 0.3850
vn 0.0032 -0.8525 -0.5227
vn -0.5002 0.6875 0.5264
vn 0.0518 -0.8745 -0.4822
vn 0.0365 -0.8622 -0.5052
vn -0.3005 0.7287 0.6154
vn -0.1588 0.7365 0.6575
vn 0.6210 -0.7701 -0.1460
vn 0.1204 -0.9036 -0.4111
vn 0.0148 0.7362 0.6766
vn 0.6142 0.4408 0.6545
vn -0.6955 -0.5836 -0.4191
vn -0.9762 -0.0756 -0.2034
vn -0.9888 0.0897 -0.1196
vn -0.9175 0.3663 0.1553
vn -0.9876 -0.0376 -0.1524
vn -0.9758 -0.0561 -0.2115
vn -0.2201 -0.8526 -0.4740
vn -0.7236 0.5880 0.3615
vn -0.0023 -0.8906 -0.4548
vn -0.4827 0.7126 0.5091
vn 0.0628 -0.9335 -0.3531
vn 0.0298 -0.9257 -0.3770
vn -0.2955 0.7538 0.5869
vn -0.1548 0.7618 0.6291
vn 0.6623 -0.7486 0.0314
vn 0.1578 -0.9482 -0.2757
vn -0.0211 0.7555 0.6548
vn 0.5649 0.4831 0.6690
vn -0.6543 -0.6445 -0.3955
vn -0.9722 -0.1224 -0.1997
vn -0.9944 0.0784 -0.0709
vn -0.9087 0.3832 0.1654
vn -0.9806 -0.0491 -0.1897
vn -0.2543 -0.8973 -0.3607
vn -0.7167 0.5977 0.3592
vn -0.0946 -0.9681 -0.2320
vn -0.4782 0.7190 0.5043
vn 0.0289 -0.9930 -0.1144
vn -0.0082 -0.9916 -0.1294
vn -0.2952 0.7581 0.5815
vn -0.1561 0.7688 0.6201
vn 0.6420 -0.7518 0.1503
vn 0.1141 -0.9896 -0.0882
vn -0.0382 0.7511 0.6591
vn 0.4908 0.5264 0.6943
vn -0.6864 -0.6518 -0.3227
vn -0.9357 -0.2449 -0.2540
vn -0.9923 0.1160 -0.0424
vn -0.9255 0.3529 0.1376
vn -0.9877 -0.0406 -0.1512
vn -0.4180 -0.9074 -0.0435
vn -0.7269 0.5846 0.3605
vn -0.2556 -0.9593 0.1204
vn -0.4905 0.7045 0.5129
vn -0.0557 -0.9675 0.2465
vn -0.1480 -0.9586 0.2433
vn -0.3061 0.7417 0.5969
vn -0.1570 0.7451 0.6482
vn 0.4481 -0.8448 0.2925
vn 0.0761 -0.9427 0.3248
vn 0.0107 0.6823 0.7310
vn 0.3759 0.5238 0.7644
vn -0.9979 0.0502 -0.0412
vn -0.9646 0.2235 0.1402
vn -0.8132 0.3779 0.4425
vn -0.6077 0.4924 0.6230
vn -0.3801 0.5023 0.7767
vn -0.1718 0.5133 0.8408
vn 0.0774 0.4048 0.9111
vn 0.4051 0.2675 0.8743
vn 0.8256 -0.2364 0.5123
vn 0.7818 0.0113 0.6234
vn 0.8865 -0.2300 0.4014
vn 0.8671 0.0233 0.4976
vn 0.9120 -0.3123 0.2660
vn 0.8807 0.0301 0.4726
vn 0.9163 -0.3494 0.1957
vn 0.9087 -0.0186 0.4171
vn 0.9152 -0.3568 0.1872
vn 0.9453 -0.1402 0.2944
vn 0.7609 0.0899 0.6426
vn 0.8362 0.1232 0.5345
vn 0.8524 0.1262 0.5075
vn 0.8475 0.1308 0.5145
vn 0.8448 0.1373 0.5172
vn 0.8172 -0.3263 0.4752
vn 0.8267 -0.2073 0.5231
vn 0.7674 0.0512 0.6392
vn -0.8509 -0.4065 -0.3327
vn -0.9271 0.0326 -0.3734
vn -0.7734 0.0327 -0.6331
vn -0.7332 -0.3102 -0.6052
vn -0.8644 0.0317 -0.5019
vn -0.8726 -0.4048 -0.2733
vn -0.8654 0.0250 -0.5005
vn -0.7931 -0.1404 -0.5926
vn -0.2591 -0.0178 -0.9657
vn -0.2205 -0.2357 -0.9465
vn 0.0019 -0.2600 -0.9656
vn -0.0031 -0.0402 -0.9992
vn 0.2493 -0.0327 -0.9679
vn 0.2141 -0.2597 -0.9416
vn 0.7496 -0.1892 -0.6342
vn 0.8459 -0.0186 -0.5331
vn 0.8782 -0.0126 -0.4782
vn 0.8258 -0.5167 -0.2260
vn 0.8120 -0.0084 -0.5836
vn 0.3493 -0.9128 -0.2116
vn 0.9650 -0.0191 -0.2617
vn 0.3153 -0.9452 -0.0851
vn 0.3988 -0.9170 -0.0062
vn 0.9810 -0.0847 0.1747
vn 0.8677 -0.1952 0.4572
vn 0.3276 -0.9398 -0.0973
vn -0.9827 0.0160 -0.1846
vn -0.7704 0.0317 -0.6368
vn -0.9273 0.0283 -0.3733
vn -0.9258 0.0421 -0.3757
vn -0.7645 0.0455 -0.6430
vn -0.8644 0.0314 -0.5018
vn -0.8381 0.1917 -0.5107
vn -0.8797 0.0312 -0.4745
vn -0.7661 0.4973 -0.4073
vn -0.2829 0.0248 -0.9588
vn -0.1840 0.7573 -0.6266
vn 0.2762 0.0111 -0.9610
vn 0.0005 0.0184 -0.9998
vn 0.0008 0.7529 -0.6581
vn 0.1757 0.7723 -0.6104
vn 0.8818 -0.0101 -0.4714
vn 0.8509 -0.0085 -0.5253
vn 0.7159 0.5480 -0.4326
vn 0.8543 0.2213 -0.4703
vn 0.8080 -0.0075 -0.5891
vn 0.7949 0.0175 -0.6065
vn 0.9650 -0.0199 -0.2615
vn 0.9642 0.0159 -0.2647
vn 0.9036 -0.0161 0.4280
vn 0.9879 -0.0142 0.1542
vn 0.9774 0.0381 0.2080
vn 0.8719 0.0471 0.4874
vn -0.9925 0.0122 -0.1220
vn -0.9270 0.0306 -0.3739
vn -0.7836 0.0317 -0.6204
vn -0.8543 0.0315 -0.5188
vn -0.8654 0.0318 -0.5001
vn -0.2841 0.0278 -0.9584
vn 0.0021 0.0213 -0.9998
vn 0.2782 0.0125 -0.9604
vn 0.8520 0.0170 -0.5232
vn 0.8634 0.0285 -0.5037
vn 0.8224 -0.0108 -0.5688
vn 0.9666 -0.0198 -0.2557
vn 0.9941 -0.0373 0.1020
vn 0.9139 -0.0676 0.4004
vn -0.0303 -0.9941 -0.1040
vn -0.1130 -0.9929 -0.0369
vn -0.1176 -0.9930 0.0036
vn -0.0361 -0.9991 -0.0225
vn -0.0219 -0.9890 -0.1462
vn -0.0010 -0.9974 -0.0715
vn 0.0039 -0.9793 -0.2023
vn 0.0250 -0.9942 -0.1046
vn 0.0313 -0.9539 -0.2986
vn 0.0202 -0.9670 -0.2541
vn 0.0414 -0.9867 -0.1571
vn 0.0382 -0.9837 -0.1756
vn 0.0233 -0.9432 -0.3314
vn 0.0082 -0.9842 -0.1770
vn -0.0824 -0.9176 -0.3888
vn -0.5652 -0.7901 -0.2375
vn 0.0927 -0.9252 -0.3680
vn 0.0050 -0.8623 -0.5064
vn 0.1067 -0.8064 0.5816
vn -0.0871 -0.7690 0.6333
vn -0.1075 -0.8259 0.5534
vn -0.0143 -0.8141 0.5805
vn 0.5220 -0.8196 -0.2361
vn 0.0842 -0.7974 0.5975
vn -0.0044 -1.0000 0.0072
vn 0.0066 -0.9933 0.1156
vn 0.0146 -0.9999 0.0087
vn 0.0312 -0.9994 0.0127
vn -0.0025 -0.9693 0.2457
vn -0.0343 -0.9754 0.2180
vn 0.0241 -0.9994 0.0230
vn -0.0059 -0.9996 0.0291
vn -0.0406 -0.9796 0.1967
vn 0.0464 -0.9692 0.2419
vn -0.0195 -0.9992 0.0343
vn -0.0587 -0.9967 -0.0554
vn 0.7687 -0.0148 0.6395
vn 0.6921 0.0553 0.7197
vn 0.7760 -0.2929 0.5587
vn 0.8135 -0.1492 0.5621
vn 0.4863 -0.8590 0.1603
vn 0.0088 -0.9522 -0.3052
vn -0.0249 -0.9669 -0.2538
vn -0.0527 -0.9765 -0.2088
vn -0.0924 -0.9821 -0.1640
vn -0.0916 -0.9877 -0.1263
vn -0.0999 -0.9866 -0.1288
vn -0.1241 -0.9870 -0.1019
vn -0.8831 -0.4172 -0.2147
vn -0.9777 0.0306 -0.2079
vn -0.9771 0.0287 -0.2106
vn -0.9778 0.0226 -0.2081
vn -0.9778 0.0334 -0.2067
vn 0.0011 0.9978 0.0659
vn -0.0163 0.9968 0.0778
vn 0.0398 0.9949 0.0923
vn 0.0194 0.9962 0.0844
vn -0.0475 0.9961 0.0739
vn -0.1455 0.9839 0.1033
vn -0.4387 0.8861 0.1496
vn -0.5640 0.8251 0.0329
vn -0.3620 0.9289 -0.0782
vn -0.2451 0.9639 -0.1037
vn -0.1608 0.9778 -0.1346
vn -0.1305 0.9731 -0.1898
vn 0.1159 0.9824 -0.1467
vn 0.1300 0.9871 -0.0933
vn 0.2074 0.9766 -0.0563
vn 0.2269 0.9720 0.0607
vn 0.0660 0.9956 0.0667
vn 0.0353 0.9955 0.0874
vn -0.1093 0.9398 -0.3237
vn -0.0300 0.9960 -0.0846
vn -0.0004 0.9970 -0.0771
vn 0.0153 0.6808 -0.7323
vn 0.0949 0.9360 -0.3389
vn 0.0242 0.9957 -0.0895
vn 0.0118 0.9998 0.0132
vn 0.0183 0.9998 0.0116
vn 0.0162 0.9997 0.0174
vn -0.0013 0.9998 0.0179
vn -0.0298 0.9994 0.0161
vn 0.0161 0.9999 0.0061
vn 0.0258 0.9996 0.0090
vn -0.0020 1.0000 0.0046
vn -0.0263 0.9995 0.0160
vn -0.0072 0.9998 0.0181
vn -0.0069 0.9998 0.0183
vn 0.0049 0.9999 0.0161
vn 0.0096 0.9998 0.0167
vn 0.0080 0.9999 0.0129
vn 0.0050 0.9999 0.0128
vn 0.0138 0.9998 0.0110
vn 0.0107 0.9999 0.0107
vn 0.0192 0.9998 0.0068
vn 0.0183 0.9998 0.0098
vn 0.0154 0.9999 0.0065
vn 0.0119 0.9999 0.0046
vn 0.0123 0.9999 0.0068
vn 0.0098 0.9999 0.0033
vn -0.0080 0.9998 0.0179
vn 0.0007 0.9999 0.0156
vn 0.0028 0.9999 0.0124
vn 0.0073 0.9999 0.0100
vn 0.0077 0.9999 0.0069
vn -0.0019 0.9999 0.0136
vn 0.0011 0.9999 0.0109
vn 0.0002 0.9999 0.0106
vn 0.0054 0.9999 0.0094
vn -0.1755 0.0267 0.9841
vn 0.1646 0.0246 0.9861
vn 0.1679 0.0245 0.9855
vn -0.4459 0.0260 0.8947
vn -0.4437 0.0261 0.8958
vn -0.7021 0.0229 0.7118
vn -0.9177 -0.0097 0.3971
vn -0.9145 -0.0090 0.4044
vn -0.9967 -0.0555 0.0587
vn -0.9951 -0.0494 0.0851
vn -0.9940 -0.0685 -0.0857
vn -0.9940 -0.0689 -0.0846
vn -0.9877 -0.0398 -0.1514
vn -0.9874 -0.0386 -0.1536
vn -0.9819 -0.0483 -0.1831
vn -0.9833 -0.0379 -0.1781
vn -0.9750 -0.0561 -0.2152
vn -0.9783 -0.0548 -0.2000
vn -0.9822 -0.0371 -0.1842
vn -0.9792 -0.0434 -0.1981
vn -0.9888 0.0125 -0.1485
vn -0.9891 0.0106 -0.1467
vn -0.9772 0.0287 -0.2104
vn -0.9780 0.0286 -0.2067
vn -0.9273 0.0305 -0.3731
vn -0.9298 0.0305 -0.3668
vn -0.7772 0.0317 -0.6284
vn -0.7840 0.0317 -0.6199
vn -0.8596 0.0315 -0.5099
vn -0.8544 0.0315 -0.5186
vn -0.8813 0.0316 -0.4716
vn -0.8667 0.0318 -0.4978
vn -0.2819 0.0275 -0.9590
vn -0.2795 0.0277 -0.9597
vn 0.0013 0.0214 -0.9998
vn 0.0023 0.0212 -0.9998
vn 0.2777 0.0125 -0.9606
vn 0.2750 0.0126 -0.9614
vn 0.8503 -0.0112 -0.5262
vn 0.8539 -0.0115 -0.5203
vn 0.8787 -0.0135 -0.4771
vn 0.8646 -0.0127 -0.5023
vn 0.8106 -0.0102 -0.5855
vn 0.8227 -0.0108 -0.5684
vn 0.9631 -0.0196 -0.2686
vn 0.9665 -0.0198 -0.2558
vn 0.9907 -0.0390 0.1304
vn 0.9943 -0.0369 0.0998
vn 0.9189 -0.0670 0.3889
vn 0.9202 -0.0655 0.3859
vn 0.8267 -0.1656 0.5378
vn 0.8373 -0.1547 0.5243
vn 0.8605 -0.2513 0.4432
vn 0.8299 -0.2450 0.5012
vn 0.9214 -0.1101 0.3728
vn 0.9275 -0.1805 0.3274
vn 0.9001 -0.0183 0.4353
vn 0.8878 0.0101 0.4601
vn 0.8796 0.0304 0.4747
vn 0.8805 0.0300 0.4731
vn 0.8699 0.0232 0.4926
vn 0.8589 0.0175 0.5119
vn 0.7824 0.0113 0.6227
vn 0.7348 0.0130 0.6782
vn 0.5190 0.0190 0.8546
vn 0.5012 0.0193 0.8651
vn -0.9087 -0.0085 0.4174
vn -0.9930 -0.0480 0.1081
vn -0.9940 -0.0681 -0.0854
vn -0.9874 -0.0379 -0.1535
vn -0.9844 -0.0372 -0.1721
vn -0.9788 -0.0544 -0.1976
vn -0.9719 -0.0431 -0.2313
vn -0.9826 0.0112 -0.1852
vn -0.9779 0.0286 -0.2070
vn -0.9295 0.0305 -0.3676
vn -0.7768 0.0317 -0.6290
vn -0.8597 0.0315 -0.5099
vn -0.8794 0.0316 -0.4750
vn -0.2845 0.0275 -0.9583
vn 0.0011 0.0214 -0.9998
vn 0.2801 0.0126 -0.9599
vn 0.8480 -0.0336 -0.5289
vn 0.8790 -0.0469 -0.4746
vn 0.8095 -0.0102 -0.5870
vn 0.9632 -0.0200 -0.2680
vn 0.9908 -0.0389 0.1298
vn 0.9260 -0.0649 0.3718
vn 0.8531 -0.1541 0.4984
vn 0.8681 -0.2019 0.4534
vn 0.8996 -0.0898 0.4274
vn 0.8792 0.0116 0.4764
vn 0.8824 0.0300 0.4696
vn 0.8608 0.0174 0.5087
vn 0.7345 0.0131 0.6784
vn 0.5003 0.0194 0.8657
vn 0.1650 0.0246 0.9860
vn -0.4439 0.0261 0.8957
vn 0.0047 0.9996 -0.0263
vn -0.0033 0.9997 -0.0229
vn 0.0033 -0.9997 0.0229
vn -0.0047 -0.9996 0.0262
vn 0.0109 0.9997 -0.0223
vn 0.0111 0.9997 -0.0221
vn -0.0111 -0.9997 0.0221
vn -0.0130 -0.9998 0.0128
vn -0.0132 -0.9998 0.0129
vn 0.0130 0.9998 -0.0128
vn 0.0130 0.9998 -0.0127
vn -0.0153 0.9999 0.0009
vn 0.0153 -0.9999 -0.0010
vn -0.0487 0.9835 0.1741
vn -0.0486 0.9837 0.1731
vn 0.0486 -0.9852 -0.1644
vn 0.0484 -0.9854 -0.1632
vn -0.0864 0.9058 0.4148
vn 0.0870 -0.9073 -0.4113
vn 0.0870 -0.9074 -0.4113
vn -0.1180 0.8355 0.5366
vn -0.1180 0.8355 0.5367
vn 0.1186 -0.8324 -0.5413
vn 0.1186 -0.8324 -0.5414
vn -0.1355 0.8346 0.5340
vn -0.1355 0.8346 0.5339
vn 0.1361 -0.8315 -0.5386
vn -0.1287 0.8891 0.4392
vn -0.1287 0.8892 0.4391
vn 0.1305 -0.8843 -0.4482
vn 0.1303 -0.8844 -0.4481
vn -0.0840 0.9607 0.2645
vn -0.0843 0.9605 0.2654
vn 0.0858 -0.9579 -0.2740
vn 0.0859 -0.9578 -0.2742
vn 0.0100 -0.9959 -0.0901
vn 0.0099 -0.9959 -0.0900
vn -0.0100 0.9958 0.0907
vn -0.0101 0.9958 0.0907
vn 0.0067 0.9971 0.0760
vn -0.0066 -0.9971 -0.0757
vn -0.0067 -0.9971 -0.0760
vn -0.0029 0.9968 0.0798
vn -0.0028 0.9968 0.0798
vn 0.0029 -0.9968 -0.0798
vn 0.0557 0.9983 -0.0189
vn 0.0556 0.9983 -0.0188
vn -0.0586 -0.9980 0.0232
vn -0.0585 -0.9980 0.0230
vn 0.0347 0.9994 0.0051
vn 0.0348 0.9994 0.0049
vn -0.0368 -0.9993 -0.0021
vn -0.0370 -0.9993 -0.0018
vn -0.0195 0.9966 0.0807
vn -0.0194 0.9966 0.0806
vn 0.0199 -0.9965 -0.0815
vn 0.0199 -0.9965 -0.0814
vn 0.0104 0.9996 0.0255
vn 0.0105 0.9996 0.0255
vn -0.0111 -0.9996 -0.0252
vn -0.0112 -0.9996 -0.0252
vn 0.0267 0.9994 0.0239
vn 0.0266 0.9994 0.0239
vn -0.0249 -0.9994 -0.0235
vn -0.0250 -0.9994 -0.0235
vn 0.0430 0.9987 0.0264
vn 0.0430 0.9987 0.0263
vn -0.0390 -0.9989 -0.0256
vn -0.0392 -0.9989 -0.0252
vn 0.0147 0.9999 -0.0014
vn -0.0141 -0.9999 0.0012
vn -0.0204 0.9984 -0.0532
vn 0.0250 -0.9979 0.0605
vn -0.0295 0.9964 -0.0791
vn -0.0294 0.9964 -0.0790
vn 0.0348 -0.9955 0.0876
vn 0.0083 0.9996 -0.0281
vn -0.0082 -0.9996 0.0284
vn 0.0127 0.9931 0.1168
vn 0.0128 0.9931 0.1166
vn -0.0105 -0.9921 -0.1247
vn -0.0105 -0.9922 -0.1243
vn -0.0069 0.9720 0.2347
vn 0.0131 -0.9681 -0.2501
vn 0.0159 0.9636 0.2669
vn -0.0028 -0.9577 -0.2878
vn -0.0028 -0.9577 -0.2877
vn 0.0024 0.9354 0.3536
vn 0.0021 0.9352 0.3541
vn 0.0060 -0.9305 -0.3663
vn 0.0061 -0.9304 -0.3665
vn -0.0856 0.9001 0.4271
vn -0.0852 0.9002 0.4270
vn 0.0846 -0.9011 -0.4253
vn 0.0847 -0.9011 -0.4253
vn -0.1859 0.8812 0.4345
vn -0.1861 0.8812 0.4345
vn 0.1843 -0.8835 -0.4307
vn 0.1844 -0.8835 -0.4307
vn -0.2108 0.9129 0.3495
vn 0.2106 -0.9131 -0.3491
vn -0.2330 0.9166 0.3250
vn 0.2331 -0.9165 -0.3251
vn 0.2331 -0.9165 -0.3250
vn -0.2382 0.9333 0.2686
vn -0.2377 0.9338 0.2675
vn 0.2382 -0.9333 -0.2686
vn 0.2377 -0.9338 -0.2675
vn -0.0827 0.9956 0.0442
vn -0.0826 0.9956 0.0440
vn 0.0827 -0.9956 -0.0442
vn 0.0826 -0.9956 -0.0441
vn 0.9439 -0.2716 -0.1877
vn 0.9940 -0.0692 -0.0846
vn 0.9973 -0.0565 0.0460
vn 0.9316 -0.3626 -0.0259
vn 0.9221 -0.0100 0.3867
vn 0.7505 -0.5446 0.3743
vn 0.7022 0.0229 0.7116
vn 0.5452 -0.6559 0.5220
vn 0.4461 0.0261 0.8946
vn 0.1752 0.0267 0.9842
vn 0.1466 -0.6759 0.7223
vn 0.3288 -0.6558 0.6796
vn -0.5181 0.0190 0.8551
vn -0.3985 -0.4357 0.8071
vn -0.0714 -0.5650 0.8220
vn -0.1683 0.0246 0.9854
vn 0.1280 -0.9832 -0.1301
vn 0.8509 -0.4995 -0.1626
vn 0.7011 -0.6701 -0.2436
vn 0.0920 -0.9865 -0.1356
vn 0.0344 -0.9163 -0.3991
vn 0.0896 -0.9709 -0.2220
vn 0.7324 0.5479 0.4042
vn 0.7152 0.5944 0.3678
vn 0.9372 0.3199 0.1392
vn 0.0181 -0.8709 -0.4911
vn 0.0763 -0.9468 -0.3127
vn 0.5691 0.6365 0.5206
vn 0.5068 0.6871 0.5206
vn 0.0317 -0.9356 -0.3516
vn -0.0113 -0.8690 -0.4947
vn -0.0240 -0.8765 -0.4809
vn 0.0226 -0.9455 -0.3247
vn 0.1667 0.6557 0.7364
vn 0.1579 0.7161 0.6799
vn 0.3158 0.7123 0.6268
vn 0.3262 0.6578 0.6789
vn -0.0013 -0.9523 -0.3052
vn -0.0473 -0.8967 -0.4401
vn -0.6030 -0.7803 -0.1661
vn -0.5599 -0.8281 0.0284
vn -0.5811 0.3185 0.7490
vn -0.6222 0.4270 0.6561
vn -0.0401 0.7109 0.7021
vn -0.0544 0.6444 0.7628
vn 0.9882 -0.0488 -0.1451
vn 0.5472 -0.7229 -0.4220
vn 0.8879 0.4224 0.1821
vn 0.9875 0.1370 -0.0780
vn 0.9890 0.1432 -0.0375
vn 0.9929 0.0183 -0.1176
vn 0.0319 -0.8590 -0.5110
vn 0.7090 0.5908 0.3850
vn -0.0032 -0.8525 -0.5227
vn 0.5000 0.6878 0.5263
vn -0.0365 -0.8622 -0.5052
vn -0.0518 -0.8745 -0.4822
vn 0.1588 0.7366 0.6574
vn 0.3005 0.7284 0.6157
vn -0.1204 -0.9036 -0.4111
vn -0.6210 -0.7701 -0.1460
vn -0.6142 0.4408 0.6545
vn -0.0148 0.7362 0.6766
vn 0.9762 -0.0756 -0.2034
vn 0.6955 -0.5836 -0.4191
vn 0.9175 0.3663 0.1553
vn 0.9888 0.0897 -0.1196
vn 0.9876 -0.0376 -0.1524
vn 0.9758 -0.0561 -0.2115
vn 0.2201 -0.8526 -0.4740
vn 0.7236 0.5880 0.3615
vn 0.0023 -0.8906 -0.4548
vn 0.4827 0.7126 0.5091
vn -0.0298 -0.9257 -0.3770
vn -0.0628 -0.9335 -0.3531
vn 0.1548 0.7618 0.6291
vn 0.2955 0.7538 0.5869
vn -0.1578 -0.9482 -0.2756
vn -0.6623 -0.7486 0.0315
vn -0.5649 0.4831 0.6690
vn 0.0211 0.7555 0.6548
vn 0.9722 -0.1224 -0.1997
vn 0.6543 -0.6445 -0.3955
vn 0.9087 0.3832 0.1654
vn 0.9944 0.0784 -0.0709
vn 0.9806 -0.0491 -0.1897
vn 0.2543 -0.8973 -0.3607
vn 0.7167 0.5977 0.3592
vn 0.0946 -0.9681 -0.2320
vn 0.4783 0.7189 0.5044
vn 0.0082 -0.9916 -0.1294
vn -0.0289 -0.9930 -0.1144
vn 0.1557 0.7689 0.6201
vn 0.2952 0.7581 0.5815
vn -0.1141 -0.9896 -0.0882
vn -0.6420 -0.7518 0.1503
vn -0.4908 0.5264 0.6943
vn 0.0383 0.7511 0.6590
vn 0.9357 -0.2449 -0.2540
vn 0.6864 -0.6518 -0.3226
vn 0.9255 0.3529 0.1376
vn 0.9923 0.1160 -0.0424
vn 0.9877 -0.0406 -0.1512
vn 0.4180 -0.9074 -0.0435
vn 0.7269 0.5846 0.3605
vn 0.2556 -0.9593 0.1204
vn 0.4905 0.7045 0.5129
vn 0.1480 -0.9586 0.2433
vn 0.0557 -0.9675 0.2465
vn 0.1570 0.7450 0.6483
vn 0.3061 0.7417 0.5969
vn -0.0761 -0.9427 0.3248
vn -0.4481 -0.8448 0.2925
vn -0.3759 0.5238 0.7644
vn -0.0107 0.6823 0.7310
vn 0.9646 0.2235 0.1402
vn 0.9979 0.0502 -0.0412
vn 0.8132 0.3779 0.4425
vn 0.6078 0.4924 0.6230
vn 0.1718 0.5133 0.8408
vn 0.3801 0.5023 0.7766
vn -0.4051 0.2675 0.8743
vn -0.0774 0.4048 0.9111
vn -0.7818 0.0113 0.6234
vn -0.8256 -0.2364 0.5123
vn -0.8671 0.0233 0.4976
vn -0.8866 -0.2300 0.4014
vn -0.8807 0.0301 0.4727
vn -0.9120 -0.3122 0.2660
vn -0.9087 -0.0186 0.4171
vn -0.9163 -0.3495 0.1957
vn -0.9453 -0.1402 0.2944
vn -0.9152 -0.3568 0.1872
vn -0.7609 0.0899 0.6426
vn -0.8362 0.1232 0.5345
vn -0.8524 0.1262 0.5075
vn -0.8475 0.1308 0.5145
vn -0.8448 0.1373 0.5172
vn -0.8172 -0.3263 0.4752
vn -0.8267 -0.2073 0.5231
vn -0.7674 0.0512 0.6392
vn 0.8509 -0.4065 -0.3327
vn 0.7332 -0.3102 -0.6052
vn 0.7734 0.0327 -0.6331
vn 0.9271 0.0326 -0.3734
vn 0.8726 -0.4048 -0.2733
vn 0.8644 0.0317 -0.5019
vn 0.7931 -0.1403 -0.5926
vn 0.8654 0.0250 -0.5005
vn 0.2205 -0.2357 -0.9465
vn 0.2591 -0.0178 -0.9657
vn -0.0019 -0.2600 -0.9656
vn -0.2141 -0.2598 -0.9416
vn -0.2493 -0.0327 -0.9679
vn 0.0031 -0.0402 -0.9992
vn -0.7496 -0.1892 -0.6342
vn -0.8258 -0.5167 -0.2260
vn -0.8782 -0.0126 -0.4782
vn -0.8459 -0.0186 -0.5331
vn -0.3493 -0.9128 -0.2116
vn -0.8120 -0.0084 -0.5836
vn -0.3153 -0.9452 -0.0851
vn -0.9650 -0.0191 -0.2617
vn -0.3988 -0.9170 -0.0062
vn -0.3276 -0.9398 -0.0973
vn -0.8677 -0.1952 0.4572
vn -0.9810 -0.0847 0.1747
vn 0.9827 0.0160 -0.1846
vn 0.7704 0.0317 -0.6368
vn 0.7645 0.0455 -0.6430
vn 0.9258 0.0421 -0.3757
vn 0.9273 0.0283 -0.3733
vn 0.8644 0.0314 -0.5018
vn 0.8381 0.1918 -0.5107
vn 0.8797 0.0312 -0.4745
vn 0.7661 0.4973 -0.4073
vn 0.2829 0.0248 -0.9588
vn 0.1840 0.7573 -0.6266
vn -0.2762 0.0111 -0.9610
vn -0.1757 0.7723 -0.6104
vn -0.0009 0.7529 -0.6581
vn -0.0005 0.0184 -0.9998
vn -0.8818 -0.0101 -0.4714
vn -0.8543 0.2214 -0.4703
vn -0.7159 0.5480 -0.4326
vn -0.8509 -0.0071 -0.5253
vn -0.8080 -0.0075 -0.5891
vn -0.7949 0.0175 -0.6064
vn -0.9650 -0.0199 -0.2615
vn -0.9642 0.0159 -0.2647
vn -0.9036 -0.0161 0.4280
vn -0.8719 0.0471 0.4874
vn -0.9774 0.0381 0.2080
vn -0.9879 -0.0142 0.1542
vn 0.9925 0.0122 -0.1220
vn 0.7836 0.0317 -0.6204
vn 0.9270 0.0306 -0.3739
vn 0.8543 0.0315 -0.5188
vn 0.8654 0.0318 -0.5001
vn 0.2841 0.0276 -0.9584
vn -0.2782 0.0125 -0.9604
vn -0.0021 0.0213 -0.9998
vn -0.8649 -0.0127 -0.5019
vn -0.8520 -0.0113 -0.5234
vn -0.8224 -0.0108 -0.5688
vn -0.9666 -0.0199 -0.2557
vn -0.9139 -0.0676 0.4004
vn -0.9941 -0.0373 0.1020
vn 0.0303 -0.9941 -0.1040
vn 0.0361 -0.9991 -0.0225
vn 0.1176 -0.9930 0.0036
vn 0.1130 -0.9929 -0.0369
vn 0.0219 -0.9890 -0.1462
vn 0.0010 -0.9974 -0.0715
vn -0.0039 -0.9793 -0.2023
vn -0.0250 -0.9942 -0.1046
vn -0.0313 -0.9539 -0.2986
vn -0.0382 -0.9837 -0.1756
vn -0.0414 -0.9867 -0.1571
vn -0.0202 -0.9670 -0.2541
vn -0.0082 -0.9842 -0.1770
vn -0.0233 -0.9432 -0.3313
vn 0.5652 -0.7901 -0.2375
vn 0.0825 -0.9176 -0.3888
vn -0.0050 -0.8623 -0.5064
vn -0.0928 -0.9252 -0.3680
vn 0.0871 -0.7690 0.6333
vn -0.1067 -0.8064 0.5816
vn 0.0143 -0.8141 0.5805
vn 0.1075 -0.8259 0.5534
vn -0.5220 -0.8196 -0.2361
vn -0.0842 -0.7974 0.5975
vn -0.0066 -0.9933 0.1156
vn 0.0044 -1.0000 0.0072
vn -0.0146 -0.9999 0.0087
vn 0.0343 -0.9754 0.2180
vn 0.0025 -0.9693 0.2457
vn -0.0312 -0.9994 0.0127
vn -0.0241 -0.9994 0.0230
vn -0.0464 -0.9692 0.2419
vn 0.0406 -0.9796 0.1967
vn 0.0059 -0.9996 0.0291
vn 0.0195 -0.9992 0.0342
vn 0.0587 -0.9967 -0.0554
vn -0.7687 -0.0148 0.6395
vn -0.6921 0.0553 0.7197
vn -0.7760 -0.2929 0.5587
vn -0.8136 -0.1491 0.5620
vn -0.4863 -0.8590 0.1603
vn -0.0088 -0.9522 -0.3052
vn 0.0249 -0.9669 -0.2538
vn 0.0527 -0.9765 -0.2088
vn 0.0924 -0.9821 -0.1640
vn 0.0916 -0.9877 -0.1263
vn 0.0999 -0.9866 -0.1288
vn 0.1241 -0.9870 -0.1019
vn 0.8831 -0.4172 -0.2147
vn 0.9777 0.0306 -0.2079
vn 0.9771 0.0287 -0.2107
vn 0.9778 0.0334 -0.2067
vn 0.9778 0.0226 -0.2081
vn 0.0163 0.9968 0.0778
vn -0.0010 0.9978 0.0659
vn -0.0195 0.9962 0.0844
vn -0.0399 0.9949 0.0923
vn 0.1455 0.9839 0.1033
vn 0.0475 0.9961 0.0739
vn 0.4387 0.8861 0.1496
vn 0.5640 0.8251 0.0329
vn 0.2451 0.9639 -0.1037
vn 0.3620 0.9289 -0.0782
vn 0.1305 0.9731 -0.1898
vn 0.1608 0.9778 -0.1346
vn -0.1300 0.9871 -0.0933
vn -0.1159 0.9824 -0.1467
vn -0.2074 0.9766 -0.0562
vn -0.0660 0.9956 0.0667
vn -0.2269 0.9720 0.0607
vn -0.0353 0.9955 0.0874
vn 0.0299 0.9960 -0.0846
vn 0.1093 0.9398 -0.3236
vn 0.0005 0.9970 -0.0771
vn -0.0242 0.9957 -0.0895
vn -0.0948 0.9360 -0.3389
vn -0.0153 0.6808 -0.7323
vn -0.0183 0.9998 0.0116
vn -0.0118 0.9998 0.0132
vn -0.0162 0.9997 0.0174
vn 0.0012 0.9998 0.0179
vn 0.0298 0.9994 0.0161
vn -0.0161 0.9999 0.0061
vn -0.0258 0.9996 0.0090
vn 0.0021 1.0000 0.0047
vn 0.0263 0.9995 0.0160
vn 0.0069 0.9998 0.0183
vn 0.0072 0.9998 0.0181
vn -0.0100 0.9998 0.0170
vn -0.0049 0.9999 0.0161
vn -0.0080 0.9999 0.0129
vn -0.0050 0.9999 0.0128
vn -0.0138 0.9998 0.0110
vn -0.0107 0.9999 0.0107
vn -0.0190 0.9998 0.0066
vn -0.0155 0.9999 0.0066
vn -0.0187 0.9998 0.0097
vn -0.0119 0.9999 0.0046
vn -0.0098 0.9999 0.0033
vn -0.0123 0.9999 0.0068
vn 0.0080 0.9998 0.0179
vn -0.0007 0.9999 0.0156
vn -0.0028 0.9999 0.0124
vn -0.0073 0.9999 0.0100
vn -0.0077 0.9999 0.0069
vn 0.0019 0.9999 0.0136
vn -0.0011 0.9999 0.0109
vn -0.0002 0.9999 0.0106
vn -0.0054 0.9999 0.0094
vn 0.1755 0.0267 0.9841
vn -0.1679 0.0246 0.9855
vn -0.1646 0.0246 0.9861
vn 0.1750 0.0267 0.9842
vn 0.4459 0.0261 0.8947
vn 0.4437 0.0260 0.8958
vn 0.7021 0.0229 0.7117
vn 0.7020 0.0229 0.7118
vn 0.9177 -0.0097 0.3971
vn 0.9145 -0.0091 0.4044
vn 0.9967 -0.0556 0.0587
vn 0.9951 -0.0494 0.0851
vn 0.9940 -0.0685 -0.0857
vn 0.9940 -0.0689 -0.0846
vn 0.9877 -0.0398 -0.1515
vn 0.9874 -0.0386 -0.1537
vn 0.9819 -0.0483 -0.1830
vn 0.9833 -0.0379 -0.1781
vn 0.9750 -0.0561 -0.2152
vn 0.9782 -0.0549 -0.2004
vn 0.9822 -0.0370 -0.1842
vn 0.9792 -0.0434 -0.1981
vn 0.9891 0.0106 -0.1467
vn 0.9888 0.0125 -0.1485
vn 0.9772 0.0287 -0.2104
vn 0.9780 0.0286 -0.2067
vn 0.9273 0.0305 -0.3731
vn 0.9298 0.0305 -0.3668
vn 0.7772 0.0317 -0.6284
vn 0.7840 0.0317 -0.6199
vn 0.8596 0.0315 -0.5099
vn 0.8544 0.0315 -0.5186
vn 0.8813 0.0316 -0.4716
vn 0.8667 0.0318 -0.4978
vn 0.2819 0.0277 -0.9590
vn 0.2795 0.0275 -0.9597
vn -0.0013 0.0213 -0.9998
vn -0.0023 0.0213 -0.9998
vn -0.2777 0.0125 -0.9606
vn -0.2750 0.0128 -0.9614
vn -0.8503 -0.0112 -0.5262
vn -0.8539 -0.0115 -0.5203
vn -0.8787 -0.0135 -0.4771
vn -0.8646 -0.0127 -0.5023
vn -0.8106 -0.0102 -0.5855
vn -0.8227 -0.0108 -0.5684
vn -0.9631 -0.0195 -0.2686
vn -0.9665 -0.0199 -0.2558
vn -0.9907 -0.0390 0.1304
vn -0.9943 -0.0369 0.0998
vn -0.9189 -0.0670 0.3889
vn -0.9202 -0.0655 0.3859
vn -0.8266 -0.1656 0.5378
vn -0.8373 -0.1547 0.5243
vn -0.8605 -0.2513 0.4432
vn -0.8299 -0.2450 0.5012
vn -0.9214 -0.1101 0.3728
vn -0.9275 -0.1805 0.3274
vn -0.9001 -0.0183 0.4353
vn -0.8878 0.0101 0.4601
vn -0.8795 0.0305 0.4748
vn -0.8806 0.0299 0.4729
vn -0.8699 0.0232 0.4926
vn -0.8589 0.0175 0.5119
vn -0.7824 0.0113 0.6227
vn -0.7348 0.0130 0.6782
vn -0.5190 0.0190 0.8546
vn -0.5012 0.0194 0.8651
vn 0.9087 -0.0085 0.4174
vn 0.9930 -0.0480 0.1081
vn 0.9940 -0.0681 -0.0854
vn 0.9874 -0.0379 -0.1535
vn 0.9844 -0.0372 -0.1721
vn 0.9788 -0.0544 -0.1976
vn 0.9719 -0.0430 -0.2313
vn 0.9826 0.0112 -0.1852
vn 0.9779 0.0286 -0.2070
vn 0.9295 0.0305 -0.3676
vn 0.7768 0.0317 -0.6290
vn 0.8597 0.0315 -0.5099
vn 0.8794 0.0316 -0.4750
vn 0.2845 0.0277 -0.9583
vn -0.0011 0.0212 -0.9998
vn -0.2801 0.0124 -0.9599
vn -0.8485 -0.0111 -0.5291
vn -0.8788 -0.0135 -0.4770
vn -0.8095 -0.0102 -0.5870
vn -0.9632 -0.0198 -0.2680
vn -0.9908 -0.0389 0.1298
vn -0.9260 -0.0649 0.3718
vn -0.8531 -0.1541 0.4984
vn -0.8681 -0.2019 0.4534
vn -0.8996 -0.0898 0.4273
vn -0.8792 0.0116 0.4764
vn -0.8824 0.0300 0.4696
vn -0.8608 0.0174 0.5087
vn -0.7345 0.0131 0.6784
vn -0.5002 0.0194 0.8657
vn -0.1650 0.0246 0.9860
vn 0.4439 0.0260 0.8957
vn -0.0047 0.9996 -0.0262
vn 0.0034 0.9997 -0.0229
vn 0.0033 0.9997 -0.0229
vn -0.0034 -0.9997 0.0229
vn 0.0047 -0.9996 0.0262
vn -0.0107 0.9997 -0.0223
vn -0.0111 0.9997 -0.0221
vn 0.0111 -0.9997 0.0221
vn 0.0107 -0.9997 0.0224
vn 0.0131 -0.9998 0.0128
vn 0.0130 -0.9998 0.0128
vn -0.0130 0.9998 -0.0128
vn -0.0132 0.9998 -0.0129
vn 0.0153 0.9999 0.0009
vn 0.0154 0.9999 0.0009
vn -0.0153 -0.9999 -0.0010
vn 0.0487 0.9835 0.1741
vn 0.0486 0.9837 0.1731
vn -0.0484 -0.9854 -0.1632
vn -0.0486 -0.9852 -0.1644
vn 0.0864 0.9058 0.4149
vn 0.0864 0.9058 0.4148
vn -0.0869 -0.9074 -0.4113
vn -0.0870 -0.9073 -0.4113
vn 0.1180 0.8355 0.5367
vn -0.1186 -0.8324 -0.5413
vn 0.1355 0.8346 0.5340
vn 0.1355 0.8346 0.5339
vn -0.1361 -0.8315 -0.5386
vn 0.1288 0.8891 0.4392
vn 0.1288 0.8892 0.4391
vn -0.1305 -0.8844 -0.4481
vn -0.1303 -0.8843 -0.4483
vn 0.0840 0.9607 0.2645
vn 0.0843 0.9605 0.2654
vn -0.0859 -0.9578 -0.2742
vn -0.0858 -0.9579 -0.2740
vn -0.0099 -0.9959 -0.0900
vn -0.0100 -0.9959 -0.0901
vn 0.0100 0.9958 0.0907
vn 0.0101 0.9958 0.0907
vn -0.0066 0.9971 0.0757
vn -0.0067 0.9971 0.0760
vn 0.0067 -0.9971 -0.0761
vn 0.0029 0.9968 0.0798
vn -0.0029 -0.9968 -0.0798
vn -0.0557 0.9983 -0.0189
vn -0.0556 0.9983 -0.0187
vn 0.0585 -0.9980 0.0230
vn 0.0586 -0.9980 0.0232
vn -0.0347 0.9994 0.0051
vn -0.0349 0.9994 0.0048
vn 0.0370 -0.9993 -0.0018
vn 0.0368 -0.9993 -0.0021
vn 0.0195 0.9966 0.0807
vn 0.0194 0.9966 0.0806
vn -0.0199 -0.9965 -0.0814
vn -0.0199 -0.9965 -0.0815
vn -0.0103 0.9996 0.0255
vn -0.0104 0.9996 0.0255
vn 0.0113 -0.9996 -0.0252
vn 0.0111 -0.9996 -0.0252
vn -0.0267 0.9994 0.0239
vn -0.0266 0.9994 0.0239
vn 0.0250 -0.9994 -0.0235
vn -0.0430 0.9987 0.0265
vn -0.0430 0.9987 0.0263
vn 0.0393 -0.9989 -0.0251
vn 0.0392 -0.9989 -0.0253
vn -0.0147 0.9999 -0.0014
vn 0.0141 -0.9999 0.0012
vn 0.0205 0.9984 -0.0533
vn 0.0204 0.9984 -0.0532
vn -0.0250 -0.9979 0.0605
vn -0.0249 -0.9979 0.0603
vn 0.0295 0.9964 -0.0791
vn 0.0296 0.9964 -0.0792
vn -0.0348 -0.9955 0.0877
vn -0.0083 0.9996 -0.0281
vn 0.0082 -0.9996 0.0284
vn -0.0128 0.9931 0.1168
vn -0.0128 0.9931 0.1166
vn 0.0105 -0.9922 -0.1243
vn 0.0105 -0.9921 -0.1246
vn 0.0069 0.9720 0.2347
vn -0.0132 -0.9681 -0.2501
vn -0.0158 0.9636 0.2668
vn -0.0159 0.9636 0.2669
vn 0.0028 -0.9577 -0.2877
vn 0.0028 -0.9577 -0.2878
vn -0.0024 0.9354 0.3536
vn -0.0022 0.9352 0.3541
vn -0.0061 -0.9304 -0.3665
vn -0.0060 -0.9305 -0.3663
vn 0.0856 0.9001 0.4271
vn 0.0852 0.9002 0.4271
vn -0.0847 -0.9011 -0.4253
vn -0.0846 -0.9011 -0.4253
vn 0.1863 0.8812 0.4345
vn 0.1861 0.8812 0.4346
vn -0.1844 -0.8835 -0.4307
vn 0.2108 0.9129 0.3495
vn -0.2106 -0.9131 -0.3490
vn -0.2106 -0.9131 -0.3491
vn 0.2330 0.9166 0.3250
vn -0.2330 -0.9166 -0.3250
vn -0.2330 -0.9165 -0.3251
vn 0.2382 0.9333 0.2686
vn 0.2377 0.9338 0.2675
vn -0.2377 -0.9338 -0.2675
vn -0.2382 -0.9333 -0.2686
vn 0.0828 0.9956 0.0442
vn 0.0826 0.9956 0.0441
vn -0.0826 -0.9956 -0.0441
vn -0.0827 -0.9956 -0.0442
vt 0.342846 0.363686
vt 0.342846 0.013152
vt 0.365984 0.013011
vt 0.365983 0.363826
vt 0.367026 0.364071
vt 0.367027 0.012767
vt 0.378287 0.013152
vt 0.378287 0.363686
vt 0.366509 0.363558
vt 0.366509 0.013280
vt 0.367041 0.013074
vt 0.367040 0.363764
vt 0.391312 0.013152
vt 0.391311 0.363686
vt 0.178000 0.363686
vt 0.178000 0.013152
vt 0.189919 0.013227
vt 0.189920 0.363725
vt 0.190581 0.013195
vt 0.190580 0.363765
vt 0.217874 0.011550
vt 0.218535 0.011485
vt 0.189716 0.365395
vt 0.190374 0.365475
vt 0.916717 0.707272
vt 0.916717 0.683859
vt 0.921728 0.683859
vt 0.921728 0.707272
vt 0.937417 0.683860
vt 0.937417 0.707274
vt 0.942428 0.683860
vt 0.942428 0.707273
vt 0.921729 0.678847
vt 0.937418 0.678850
vt 0.937415 0.712287
vt 0.921726 0.712281
vt 0.884346 0.707920
vt 0.888963 0.685611
vt 0.895663 0.687566
vt 0.888501 0.709500
vt 0.903462 0.709545
vt 0.902427 0.685398
vt 0.907543 0.707761
vt 0.903491 0.714028
vt 0.888443 0.713980
vt 0.815678 0.978020
vt 0.815994 0.959283
vt 0.848066 0.959826
vt 0.847757 0.978559
vt 0.856024 0.959825
vt 0.856327 0.987951
vt 0.871730 0.978711
vt 0.871428 0.959826
vt 0.903504 0.959313
vt 0.903805 0.978201
vt 0.848109 0.927748
vt 0.856070 0.927759
vt 0.848063 0.959811
vt 0.815524 0.987416
vt 0.847591 0.987958
vt 0.815412 0.994283
vt 0.847471 0.994825
vt 0.863203 0.927769
vt 0.863158 0.959830
vt 0.863195 0.987951
vt 0.903952 0.987446
vt 0.871876 0.987958
vt 0.871472 0.927781
vt 0.871427 0.959844
vt 0.995336 0.942976
vt 0.994975 0.961711
vt 0.962903 0.961089
vt 0.963261 0.942363
vt 0.954818 0.961066
vt 0.954718 0.932957
vt 0.939292 0.942145
vt 0.939538 0.961025
vt 0.907459 0.961441
vt 0.907217 0.942551
vt 0.962493 0.993151
vt 0.954532 0.993112
vt 0.962654 0.961109
vt 0.995507 0.933555
vt 0.963452 0.932940
vt 0.995630 0.926688
vt 0.963594 0.926074
vt 0.947398 0.993077
vt 0.947434 0.961039
vt 0.947349 0.932939
vt 0.907098 0.933329
vt 0.939175 0.932918
vt 0.939129 0.993036
vt 0.939290 0.960995
vt 0.994398 0.875558
vt 0.994247 0.894299
vt 0.962169 0.894039
vt 0.962319 0.875302
vt 0.954209 0.894106
vt 0.953673 0.865980
vt 0.938349 0.875349
vt 0.938806 0.894231
vt 0.906735 0.895005
vt 0.906279 0.876123
vt 0.962394 0.926121
vt 0.954433 0.926175
vt 0.962170 0.894055
vt 0.994475 0.866232
vt 0.962397 0.865973
vt 0.906059 0.866807
vt 0.905896 0.859940
vt 0.937955 0.859173
vt 0.938124 0.866037
vt 0.947300 0.926224
vt 0.947076 0.894159
vt 0.946806 0.866037
vt 0.939031 0.926279
vt 0.938807 0.894213
vt 0.920665 0.800010
vt 0.939398 0.800032
vt 0.939380 0.832095
vt 0.920642 0.832090
vt 0.939097 0.850820
vt 0.939382 0.832099
vt 0.947343 0.832089
vt 0.947674 0.860200
vt 0.981633 0.832117
vt 0.962742 0.832095
vt 0.962761 0.800032
vt 0.981657 0.800038
vt 0.947356 0.800040
vt 0.911186 0.800015
vt 0.911163 0.832078
vt 0.904317 0.800015
vt 0.904296 0.832063
vt 0.954490 0.800040
vt 0.954476 0.832086
vt 0.954542 0.860193
vt 0.990821 0.800041
vt 0.990797 0.832121
vt 0.962745 0.832076
vt 0.963068 0.850947
vt 0.611265 0.657403
vt 0.612066 0.648877
vt 0.618163 0.649418
vt 0.617314 0.657883
vt 0.612758 0.640348
vt 0.618798 0.640888
vt 0.613617 0.631776
vt 0.619664 0.632448
vt 0.614682 0.623253
vt 0.620792 0.623974
vt 0.608970 0.733670
vt 0.609056 0.725289
vt 0.615093 0.725386
vt 0.615079 0.733852
vt 0.609232 0.716820
vt 0.615280 0.716979
vt 0.609531 0.708391
vt 0.615630 0.708536
vt 0.609600 0.699988
vt 0.615631 0.700078
vt 0.609779 0.691500
vt 0.615821 0.691697
vt 0.610140 0.683022
vt 0.616236 0.683236
vt 0.610325 0.674535
vt 0.616359 0.674732
vt 0.610677 0.665969
vt 0.616726 0.666303
vt 0.629125 0.662692
vt 0.637460 0.661749
vt 0.635215 0.679153
vt 0.645283 0.664785
vt 0.650802 0.671109
vt 0.652763 0.679281
vt 0.650695 0.687428
vt 0.645073 0.693682
vt 0.637186 0.696605
vt 0.628843 0.695526
vt 0.621965 0.690668
vt 0.618131 0.683172
vt 0.618228 0.674783
vt 0.622185 0.667396
vt 0.617688 0.691760
vt 0.617504 0.700087
vt 0.617519 0.708428
vt 0.617507 0.708715
vt 0.617151 0.717041
vt 0.616970 0.725400
vt 0.616972 0.733738
vt 0.622650 0.624334
vt 0.621528 0.632676
vt 0.620671 0.641056
vt 0.620058 0.649462
vt 0.620025 0.649715
vt 0.619177 0.658050
vt 0.618594 0.666409
vt 0.618107 0.683423
vt 0.568376 0.610272
vt 0.568897 0.602202
vt 0.575030 0.602565
vt 0.574464 0.610578
vt 0.569316 0.594153
vt 0.575388 0.594514
vt 0.569878 0.586064
vt 0.575962 0.586543
vt 0.570634 0.577994
vt 0.576786 0.578527
vt 0.569319 0.682858
vt 0.568824 0.674883
vt 0.574851 0.674566
vt 0.575380 0.682557
vt 0.568474 0.666814
vt 0.574538 0.666613
vt 0.568311 0.658759
vt 0.574434 0.658607
vt 0.568042 0.650720
vt 0.574109 0.650570
vt 0.567915 0.642624
vt 0.574001 0.642597
vt 0.567981 0.634547
vt 0.574121 0.634573
vt 0.567938 0.626492
vt 0.574012 0.626520
vt 0.568049 0.618380
vt 0.574136 0.618546
vt 0.585794 0.614794
vt 0.593657 0.613696
vt 0.591952 0.630199
vt 0.601129 0.616379
vt 0.606499 0.622227
vt 0.608537 0.629901
vt 0.606774 0.637644
vt 0.601615 0.643680
vt 0.594242 0.646627
vt 0.586343 0.645811
vt 0.579727 0.641417
vt 0.575910 0.634453
vt 0.575781 0.626515
vt 0.579342 0.619420
vt 0.575768 0.642597
vt 0.575879 0.650513
vt 0.576211 0.658433
vt 0.576209 0.658679
vt 0.576302 0.666569
vt 0.576612 0.674468
vt 0.577141 0.682340
vt 0.578549 0.578814
vt 0.577726 0.586704
vt 0.577159 0.594618
vt 0.576819 0.602552
vt 0.576796 0.602792
vt 0.576230 0.610684
vt 0.575905 0.618596
vt 0.575896 0.634693
vt 0.660480 0.671305
vt 0.660939 0.662903
vt 0.667620 0.663240
vt 0.667107 0.671574
vt 0.661305 0.654518
vt 0.667922 0.654857
vt 0.661818 0.646085
vt 0.668449 0.646555
vt 0.662520 0.637689
vt 0.669228 0.638213
vt 0.661466 0.746542
vt 0.661088 0.738259
vt 0.667673 0.738009
vt 0.668117 0.746334
vt 0.660825 0.729895
vt 0.667433 0.729740
vt 0.660716 0.721565
vt 0.667390 0.721428
vt 0.660447 0.713253
vt 0.667040 0.713082
vt 0.660292 0.704874
vt 0.666902 0.704812
vt 0.660307 0.696512
vt 0.666979 0.696492
vt 0.660188 0.688167
vt 0.666785 0.688139
vt 0.660222 0.679738
vt 0.666842 0.679856
vt 0.678834 0.675872
vt 0.686956 0.674639
vt 0.685404 0.691753
vt 0.694723 0.677320
vt 0.700356 0.683302
vt 0.702571 0.691217
vt 0.700860 0.699254
vt 0.695604 0.705582
vt 0.688010 0.708743
vt 0.679806 0.708003
vt 0.672885 0.703530
vt 0.668834 0.696352
vt 0.668618 0.688120
vt 0.672217 0.680736
vt 0.668734 0.704804
vt 0.668876 0.713018
vt 0.669237 0.721236
vt 0.669235 0.721528
vt 0.669265 0.729716
vt 0.669508 0.737926
vt 0.669960 0.746119
vt 0.671062 0.638494
vt 0.670284 0.646708
vt 0.669764 0.654950
vt 0.669479 0.663211
vt 0.669455 0.663462
vt 0.668939 0.671668
vt 0.668677 0.679893
vt 0.668820 0.696606
vt 0.631305 0.548878
vt 0.632024 0.540472
vt 0.639364 0.541048
vt 0.638566 0.549403
vt 0.634081 0.650386
vt 0.632887 0.642049
vt 0.640064 0.641093
vt 0.641314 0.649429
vt 0.631830 0.633612
vt 0.639046 0.632815
vt 0.630996 0.625145
vt 0.638238 0.624523
vt 0.630373 0.616650
vt 0.637636 0.616211
vt 0.629966 0.608136
vt 0.637247 0.607881
vt 0.629739 0.599667
vt 0.637008 0.599541
vt 0.629690 0.591149
vt 0.636957 0.591203
vt 0.629845 0.582683
vt 0.637089 0.582880
vt 0.630177 0.574247
vt 0.637487 0.574507
vt 0.630407 0.565832
vt 0.637646 0.566082
vt 0.630757 0.557354
vt 0.638010 0.557740
vt 0.671806 0.618653
vt 0.666569 0.625098
vt 0.656112 0.611246
vt 0.658935 0.628357
vt 0.650662 0.627700
vt 0.643643 0.623277
vt 0.639484 0.616102
vt 0.639102 0.607815
vt 0.642644 0.600301
vt 0.649274 0.595295
vt 0.657472 0.593944
vt 0.665358 0.596558
vt 0.671125 0.602538
vt 0.673449 0.610514
vt 0.638931 0.582944
vt 0.638809 0.591213
vt 0.638860 0.599507
vt 0.640084 0.624371
vt 0.640886 0.632619
vt 0.641898 0.640842
vt 0.643144 0.649054
vt 0.641206 0.541344
vt 0.640408 0.549568
vt 0.639856 0.557844
vt 0.639497 0.566132
vt 0.639354 0.574435
vt 0.639334 0.574696
vt 0.665446 0.953045
vt 0.664083 0.939519
vt 0.694521 0.938190
vt 0.693253 0.951697
vt 0.717908 0.937862
vt 0.719494 0.951508
vt 0.748096 0.938700
vt 0.746833 0.952658
vt 0.718186 0.872152
vt 0.718927 0.898495
vt 0.692620 0.898344
vt 0.693232 0.872437
vt 0.719204 0.977786
vt 0.694256 0.978339
vt 0.694181 0.912263
vt 0.717450 0.911897
vt 0.747889 0.910261
vt 0.746111 0.896391
vt 0.664200 0.911054
vt 0.665249 0.897521
vt 0.694721 0.925277
vt 0.717322 0.924829
vt 0.748659 0.924494
vt 0.663440 0.925279
vt 0.701648 0.865520
vt 0.700533 0.852629
vt 0.729528 0.851742
vt 0.728164 0.864599
vt 0.751803 0.851659
vt 0.753161 0.864661
vt 0.780536 0.852805
vt 0.779175 0.866079
vt 0.752774 0.789093
vt 0.753222 0.814190
vt 0.728176 0.813774
vt 0.729014 0.789119
vt 0.752692 0.889649
vt 0.728948 0.890004
vt 0.729505 0.827043
vt 0.751663 0.826935
vt 0.780664 0.825726
vt 0.779130 0.812498
vt 0.700979 0.825533
vt 0.702137 0.812660
vt 0.729869 0.839443
vt 0.751393 0.839247
vt 0.781234 0.839287
vt 0.700089 0.839066
vt 0.814800 0.884974
vt 0.813421 0.870665
vt 0.845258 0.869154
vt 0.843741 0.883261
vt 0.869186 0.868872
vt 0.870949 0.883156
vt 0.900825 0.870240
vt 0.899562 0.884929
vt 0.870468 0.800796
vt 0.870555 0.828516
vt 0.843279 0.828219
vt 0.843954 0.800555
vt 0.870703 0.911156
vt 0.844229 0.911308
vt 0.845011 0.842793
vt 0.868809 0.842491
vt 0.900778 0.840586
vt 0.899082 0.825964
vt 0.813645 0.841158
vt 0.814842 0.826842
vt 0.845532 0.856023
vt 0.868636 0.855621
vt 0.901428 0.855429
vt 0.812916 0.855903
vt 0.751206 0.951052
vt 0.749888 0.936808
vt 0.781578 0.935428
vt 0.780014 0.949461
vt 0.805392 0.935239
vt 0.807092 0.949461
vt 0.836873 0.936719
vt 0.835560 0.951333
vt 0.806929 0.867498
vt 0.806908 0.895084
vt 0.779767 0.894684
vt 0.780544 0.867156
vt 0.806739 0.977325
vt 0.780392 0.977373
vt 0.781433 0.909194
vt 0.805117 0.908985
vt 0.836938 0.907208
vt 0.835305 0.892651
vt 0.750226 0.907443
vt 0.751474 0.893202
vt 0.781901 0.922362
vt 0.804895 0.922051
vt 0.837530 0.921982
vt 0.749443 0.922115
vt 0.038176 0.363686
vt 0.038176 0.013152
vt 0.152731 0.013152
vt 0.152731 0.363686
vt 0.014616 0.363686
vt 0.014616 0.013152
vt 0.176721 0.013152
vt 0.176721 0.363686
vt 0.204261 0.363686
vt 0.204261 0.013152
vt 0.227783 0.013152
vt 0.227783 0.363686
vt 0.340670 0.013152
vt 0.340670 0.363686
vt 0.193985 0.363873
vt 0.193972 0.012960
vt 0.191894 0.363821
vt 0.191888 0.013136
vt 0.193571 0.013285
vt 0.193561 0.363555
vt 0.220226 0.012413
vt 0.192163 0.364534
vt 0.125963 0.631838
vt 0.123757 0.661882
vt 0.115513 0.658642
vt 0.121336 0.631134
vt 0.122438 0.684247
vt 0.113512 0.685241
vt 0.129057 0.696744
vt 0.120791 0.701383
vt 0.133090 0.717815
vt 0.138994 0.711024
vt 0.156459 0.719547
vt 0.153061 0.728475
vt 0.196674 0.729103
vt 0.171142 0.734083
vt 0.171427 0.724626
vt 0.192543 0.721278
vt 0.179119 0.536669
vt 0.174369 0.553025
vt 0.165028 0.550955
vt 0.171501 0.534663
vt 0.181854 0.571349
vt 0.172333 0.574319
vt 0.186859 0.897674
vt 0.204263 0.904670
vt 0.169491 0.906043
vt 0.190874 0.577777
vt 0.180700 0.585584
vt 0.168203 0.890429
vt 0.156435 0.899452
vt 0.201465 0.586845
vt 0.223640 0.597311
vt 0.214941 0.608908
vt 0.190744 0.599608
vt 0.133502 0.861633
vt 0.149486 0.879719
vt 0.140020 0.891499
vt 0.123252 0.872118
vt 0.241390 0.606391
vt 0.265857 0.622087
vt 0.254924 0.634970
vt 0.234206 0.617269
vt 0.110374 0.821683
vt 0.121197 0.846951
vt 0.109786 0.856508
vt 0.098747 0.829149
vt 0.155931 0.570425
vt 0.155463 0.536738
vt 0.220126 0.905695
vt 0.208526 0.928413
vt 0.181343 0.925421
vt 0.159212 0.527128
vt 0.160564 0.606366
vt 0.153772 0.918360
vt 0.169412 0.613358
vt 0.141850 0.911312
vt 0.203541 0.633858
vt 0.180338 0.622078
vt 0.127039 0.902734
vt 0.110930 0.883101
vt 0.243999 0.650140
vt 0.221799 0.644014
vt 0.097814 0.867412
vt 0.085640 0.843654
vt 0.151200 0.585988
vt 0.146284 0.557073
vt 0.189135 0.939063
vt 0.167610 0.936581
vt 0.141130 0.527779
vt 0.136486 0.548422
vt 0.153451 0.623601
vt 0.139416 0.929551
vt 0.161356 0.634854
vt 0.127548 0.922557
vt 0.192966 0.660193
vt 0.170881 0.648801
vt 0.112828 0.914053
vt 0.097444 0.895265
vt 0.225190 0.678512
vt 0.208073 0.669224
vt 0.084890 0.880356
vt 0.073122 0.859279
vt 0.142959 0.610364
vt 0.138621 0.585632
vt 0.160870 0.956507
vt 0.139070 0.954652
vt 0.131821 0.578278
vt 0.145325 0.646872
vt 0.113113 0.949199
vt 0.150512 0.657621
vt 0.101479 0.942298
vt 0.178209 0.680660
vt 0.159921 0.671440
vt 0.087047 0.933916
vt 0.074153 0.917759
vt 0.213783 0.692484
vt 0.192996 0.687879
vt 0.063623 0.904917
vt 0.052501 0.884242
vt 0.136105 0.635921
vt 0.134048 0.605533
vt 0.130397 0.975330
vt 0.111525 0.971195
vt 0.127514 0.604845
vt 0.132702 0.666361
vt 0.089410 0.966692
vt 0.140708 0.677878
vt 0.077970 0.959896
vt 0.166735 0.701002
vt 0.150083 0.691792
vt 0.063868 0.951508
vt 0.051986 0.937126
vt 0.199849 0.707833
vt 0.180485 0.707201
vt 0.042379 0.925530
vt 0.034972 0.906539
vt 0.110172 0.987355
vt 0.090896 0.984799
vt 0.071013 0.980420
vt 0.059626 0.974200
vt 0.046436 0.965924
vt 0.035540 0.952123
vt 0.027767 0.940341
vt 0.021900 0.921196
vt 0.211283 0.714523
vt 0.218346 0.720175
vt 0.235749 0.699170
vt 0.244284 0.703168
vt 0.257712 0.674114
vt 0.266578 0.677266
vt 0.272531 0.660168
vt 0.281574 0.662551
vt 0.287637 0.645319
vt 0.296531 0.648728
vt 0.022174 0.903701
vt 0.032953 0.879104
vt 0.044895 0.850097
vt 0.056042 0.831206
vt 0.065946 0.813470
vt 0.300901 0.632356
vt 0.309877 0.637994
vt 0.073353 0.798334
vt 0.183150 0.512801
vt 0.171180 0.505022
vt 0.183188 0.486780
vt 0.196903 0.496408
vt 0.201521 0.468510
vt 0.218712 0.478468
vt 0.207195 0.437004
vt 0.224938 0.445181
vt 0.212486 0.422988
vt 0.230734 0.433206
vt 0.239841 0.415401
vt 0.221136 0.405110
vt 0.233799 0.386302
vt 0.250282 0.395791
vt 0.325429 0.475286
vt 0.339786 0.479150
vt 0.333642 0.507379
vt 0.312856 0.505667
vt 0.333853 0.534580
vt 0.318929 0.533076
vt 0.335787 0.559183
vt 0.321053 0.556019
vt 0.315642 0.581721
vt 0.329580 0.587563
vt 0.318429 0.607678
vt 0.294375 0.599284
vt 0.218372 0.928400
vt 0.265272 0.928756
vt 0.243472 0.928770
vt 0.245007 0.907931
vt 0.266508 0.909649
vt 0.291626 0.938150
vt 0.293267 0.910968
vt 0.322834 0.936101
vt 0.324210 0.913236
vt 0.337412 0.937015
vt 0.338762 0.913893
vt 0.379062 0.938503
vt 0.356870 0.938089
vt 0.358165 0.914650
vt 0.380406 0.915384
vt 0.081488 0.667135
vt 0.080769 0.637807
vt 0.103348 0.637677
vt 0.104295 0.666734
vt 0.093036 0.694171
vt 0.105467 0.693991
vt 0.095108 0.717522
vt 0.106667 0.717186
vt 0.086559 0.773765
vt 0.097518 0.744774
vt 0.108241 0.744309
vt 0.109054 0.778426
vt 0.145206 0.518631
vt 0.157909 0.495860
vt 0.170045 0.477184
vt 0.189410 0.461609
vt 0.194491 0.431759
vt 0.200055 0.416891
vt 0.209196 0.398436
vt 0.221101 0.378859
vt 0.354882 0.481629
vt 0.348982 0.509123
vt 0.354293 0.536051
vt 0.356017 0.562422
vt 0.349341 0.593559
vt 0.331456 0.617407
vt 0.189357 0.533431
vt 0.190309 0.520412
vt 0.199825 0.505523
vt 0.201591 0.515318
vt 0.196537 0.550676
vt 0.209386 0.531953
vt 0.204752 0.557657
vt 0.217540 0.538621
vt 0.235772 0.576132
vt 0.214979 0.566509
vt 0.227616 0.547071
vt 0.247060 0.556184
vt 0.252366 0.584255
vt 0.262386 0.563668
vt 0.256458 0.445363
vt 0.249024 0.455637
vt 0.275561 0.411901
vt 0.264479 0.428883
vt 0.259584 0.458358
vt 0.252246 0.484052
vt 0.241432 0.482948
vt 0.273796 0.459682
vt 0.288637 0.467656
vt 0.278835 0.491946
vt 0.265174 0.484914
vt 0.301232 0.471640
vt 0.291361 0.497373
vt 0.269011 0.541512
vt 0.277537 0.517991
vt 0.257043 0.534806
vt 0.241672 0.526677
vt 0.255953 0.505424
vt 0.268180 0.512527
vt 0.231735 0.520847
vt 0.223747 0.516377
vt 0.238355 0.498997
vt 0.246483 0.502016
vt 0.215339 0.509631
vt 0.208862 0.504207
vt 0.080535 0.784785
vt 0.109607 0.798890
vt 0.311341 0.619510
vt 0.321856 0.627275
vt 0.280763 0.609843
vt 0.247106 0.594890
vt 0.229995 0.586359
vt 0.208553 0.576210
vt 0.198107 0.567189
vt 0.189615 0.560054
vt 0.182579 0.542858
vt 0.185081 0.528059
vt 0.177172 0.522487
vt 0.165459 0.515191
vt 0.151750 0.506385
vt 0.231819 0.928641
vt 0.233257 0.906945
vt 0.135303 0.860158
vt 0.151030 0.877946
vt 0.112662 0.821138
vt 0.123261 0.845862
vt 0.169338 0.888385
vt 0.187693 0.895509
vt 0.205176 0.901001
vt 0.220530 0.903422
vt 0.233576 0.904662
vt 0.245304 0.905647
vt 0.266742 0.907361
vt 0.293377 0.908671
vt 0.106538 0.666851
vt 0.107722 0.693801
vt 0.108927 0.716981
vt 0.110509 0.744129
vt 0.111332 0.778182
vt 0.112101 0.798717
vt 0.311892 0.908834
vt 0.311784 0.911130
vt 0.333039 0.910400
vt 0.333147 0.908103
vt 0.360073 0.905793
vt 0.360109 0.908080
vt 0.438573 0.913770
vt 0.442163 0.936441
vt 0.414428 0.938403
vt 0.409447 0.910776
vt 0.401023 0.976871
vt 0.409846 0.959895
vt 0.438542 0.956140
vt 0.432232 0.969778
vt 0.380432 0.903559
vt 0.380576 0.905839
vt 0.431169 0.898138
vt 0.401408 0.891080
vt 0.395773 0.938747
vt 0.397171 0.915886
vt 0.243682 0.372391
vt 0.230216 0.364371
vt 0.258668 0.381636
vt 0.284159 0.398082
vt 0.135535 0.829337
vt 0.178646 0.825546
vt 0.182430 0.848321
vt 0.141054 0.853069
vt 0.131089 0.810217
vt 0.175051 0.804155
vt 0.136825 0.782925
vt 0.171104 0.779800
vt 0.198345 0.736186
vt 0.198994 0.749926
vt 0.165630 0.750014
vt 0.148957 0.763097
vt 0.172843 0.880044
vt 0.187419 0.879329
vt 0.189820 0.888532
vt 0.185100 0.864852
vt 0.155811 0.868969
vt 0.205120 0.886454
vt 0.205822 0.891104
vt 0.226724 0.738700
vt 0.227004 0.749852
vt 0.227577 0.773803
vt 0.200273 0.776703
vt 0.227987 0.796854
vt 0.201429 0.800517
vt 0.202538 0.823445
vt 0.228449 0.821166
vt 0.203627 0.845888
vt 0.228832 0.842996
vt 0.204437 0.862553
vt 0.204387 0.861509
vt 0.204919 0.862496
vt 0.205211 0.878456
vt 0.229110 0.859620
vt 0.229411 0.877268
vt 0.230905 0.885763
vt 0.219297 0.889434
vt 0.248457 0.749796
vt 0.249049 0.771523
vt 0.249492 0.793889
vt 0.250015 0.819269
vt 0.250399 0.840521
vt 0.250691 0.857054
vt 0.251048 0.876206
vt 0.268992 0.769405
vt 0.277030 0.788981
vt 0.268937 0.791207
vt 0.268854 0.817613
vt 0.277811 0.817112
vt 0.268709 0.838420
vt 0.277428 0.837947
vt 0.268605 0.854923
vt 0.282011 0.816456
vt 0.414921 0.560874
vt 0.414674 0.560876
vt 0.414675 0.556572
vt 0.414922 0.556571
vt 0.414922 0.566234
vt 0.414675 0.566235
vt 0.414922 0.569708
vt 0.414675 0.569710
vt 0.414927 0.572525
vt 0.414680 0.572527
vt 0.401828 0.474521
vt 0.401581 0.474515
vt 0.401489 0.468381
vt 0.401735 0.468384
vt 0.403766 0.481197
vt 0.403873 0.481145
vt 0.407711 0.487341
vt 0.407575 0.487444
vt 0.412337 0.493805
vt 0.412075 0.493781
vt 0.417206 0.501442
vt 0.416868 0.501410
vt 0.419505 0.507253
vt 0.419078 0.507253
vt 0.419842 0.510149
vt 0.419419 0.510157
vt 0.420122 0.514045
vt 0.419699 0.514053
vt 0.420377 0.517335
vt 0.419954 0.517343
vt 0.420443 0.523099
vt 0.420866 0.523091
vt 0.395972 0.580018
vt 0.384570 0.570498
vt 0.382670 0.567015
vt 0.399229 0.581172
vt 0.466166 0.421024
vt 0.461236 0.451938
vt 0.460913 0.446192
vt 0.464075 0.426142
vt 0.450016 0.547678
vt 0.450005 0.551521
vt 0.449640 0.551512
vt 0.449655 0.547669
vt 0.450030 0.542076
vt 0.449674 0.542066
vt 0.450337 0.535651
vt 0.449955 0.535640
vt 0.450583 0.531258
vt 0.450181 0.531248
vt 0.464858 0.523185
vt 0.464688 0.514663
vt 0.465091 0.514670
vt 0.465244 0.523192
vt 0.465599 0.529154
vt 0.466135 0.529163
vt 0.466100 0.535361
vt 0.466640 0.535371
vt 0.466001 0.543465
vt 0.466543 0.543476
vt 0.464367 0.550364
vt 0.464771 0.550442
vt 0.463526 0.553603
vt 0.463858 0.553648
vt 0.462646 0.557005
vt 0.462834 0.557053
vt 0.460514 0.561563
vt 0.460696 0.561560
vt 0.457861 0.566661
vt 0.457614 0.566686
vt 0.454759 0.571535
vt 0.454512 0.571544
vt 0.451473 0.579365
vt 0.451226 0.579372
vt 0.447839 0.585324
vt 0.447592 0.585330
vt 0.414923 0.551000
vt 0.414676 0.551001
vt 0.415732 0.547063
vt 0.415979 0.547061
vt 0.066232 0.991282
vt 0.053250 0.984717
vt 0.087941 0.996847
vt 0.111992 0.993031
vt 0.134737 0.982636
vt 0.158430 0.969315
vt 0.186126 0.955605
vt 0.206913 0.949670
vt 0.216854 0.949372
vt 0.230309 0.949604
vt 0.241991 0.949740
vt 0.263882 0.949729
vt 0.290560 0.955492
vt 0.321734 0.954233
vt 0.336302 0.954948
vt 0.355727 0.955778
vt 0.377875 0.957463
vt 0.394562 0.958732
vt 0.062629 0.667342
vt 0.061036 0.637888
vt 0.066840 0.694698
vt 0.069781 0.718257
vt 0.071131 0.745824
vt 0.066708 0.771347
vt 0.064217 0.783520
vt 0.060469 0.798124
vt 0.053853 0.813827
vt 0.043906 0.832136
vt 0.032771 0.850064
vt 0.020897 0.879945
vt 0.010261 0.905512
vt 0.010119 0.924377
vt 0.017009 0.945496
vt 0.025648 0.959304
vt 0.038339 0.974519
vt 0.391083 0.510689
vt 0.395440 0.509914
vt 0.395419 0.510089
vt 0.391115 0.510871
vt 0.462536 0.507799
vt 0.458179 0.507023
vt 0.458211 0.506842
vt 0.462515 0.507624
vt 0.385675 0.511652
vt 0.385756 0.511808
vt 0.452771 0.506060
vt 0.452852 0.505904
vt 0.449248 0.502584
vt 0.449377 0.502453
vt 0.382152 0.515129
vt 0.382281 0.515260
vt 0.379309 0.517934
vt 0.379464 0.518016
vt 0.446405 0.499778
vt 0.446560 0.499697
vt 0.378246 0.524082
vt 0.378428 0.524093
vt 0.445322 0.493631
vt 0.445504 0.493619
vt 0.378419 0.530818
vt 0.378602 0.530802
vt 0.445501 0.486952
vt 0.445683 0.486968
vt 0.378988 0.537077
vt 0.379170 0.537049
vt 0.446063 0.480745
vt 0.446245 0.480772
vt 0.379979 0.543420
vt 0.380160 0.543387
vt 0.447068 0.474276
vt 0.447248 0.474309
vt 0.381166 0.551054
vt 0.381345 0.551016
vt 0.448243 0.466634
vt 0.448423 0.466672
vt 0.382401 0.556891
vt 0.382581 0.556859
vt 0.449474 0.460828
vt 0.449655 0.460860
vt 0.449854 0.457938
vt 0.450036 0.457965
vt 0.382749 0.559789
vt 0.382931 0.559763
vt 0.383405 0.563697
vt 0.383585 0.563658
vt 0.450720 0.454069
vt 0.450903 0.454114
vt 0.384307 0.567012
vt 0.384479 0.566948
vt 0.451814 0.450801
vt 0.451987 0.450872
vt 0.387072 0.572815
vt 0.454879 0.445081
vt 0.455014 0.445206
vt 0.393181 0.577903
vt 0.461619 0.440657
vt 0.395240 0.586828
vt 0.395368 0.586724
vt 0.463081 0.431484
vt 0.399156 0.588631
vt 0.399211 0.588457
vt 0.466946 0.429438
vt 0.467011 0.429612
vt 0.404811 0.589663
vt 0.404813 0.589481
vt 0.472460 0.428206
vt 0.472469 0.428391
vt 0.411292 0.588647
vt 0.411238 0.588473
vt 0.478864 0.429055
vt 0.478813 0.429233
vt 0.415759 0.586535
vt 0.415631 0.586429
vt 0.483326 0.431139
vt 0.483194 0.431245
vt 0.417898 0.577993
vt 0.417742 0.577907
vt 0.485273 0.439692
vt 0.485113 0.439778
vt 0.423540 0.572043
vt 0.423391 0.571938
vt 0.490648 0.445685
vt 0.490499 0.445790
vt 0.426746 0.565781
vt 0.426572 0.565731
vt 0.493854 0.451948
vt 0.493680 0.451998
vt 0.427476 0.557601
vt 0.427299 0.557626
vt 0.494584 0.460128
vt 0.494407 0.460103
vt 0.424676 0.550654
vt 0.424509 0.550728
vt 0.491777 0.467144
vt 0.491610 0.467069
vt 0.422916 0.547390
vt 0.422765 0.547489
vt 0.490023 0.470374
vt 0.489872 0.470275
vt 0.419840 0.544002
vt 0.419685 0.544086
vt 0.487005 0.473765
vt 0.486850 0.473680
vt 0.417950 0.539463
vt 0.417781 0.539528
vt 0.485067 0.478253
vt 0.484897 0.478187
vt 0.415494 0.534324
vt 0.415329 0.534406
vt 0.482599 0.483370
vt 0.482434 0.483288
vt 0.412961 0.529461
vt 0.412799 0.529548
vt 0.480046 0.488249
vt 0.479884 0.488162
vt 0.408877 0.521627
vt 0.408718 0.521720
vt 0.475973 0.496085
vt 0.475814 0.495992
vt 0.405064 0.515640
vt 0.404929 0.515762
vt 0.472160 0.502072
vt 0.472025 0.501951
vt 0.401085 0.512381
vt 0.400990 0.512536
vt 0.468181 0.505332
vt 0.468086 0.505176
vt 0.577724 0.885017
vt 0.582287 0.886181
vt 0.578394 0.912537
vt 0.569665 0.912367
vt 0.572616 0.936087
vt 0.564566 0.932017
vt 0.562170 0.948419
vt 0.555589 0.941559
vt 0.546517 0.959808
vt 0.526215 0.964299
vt 0.525337 0.954690
vt 0.542857 0.951517
vt 0.487236 0.952993
vt 0.492917 0.946335
vt 0.510662 0.954787
vt 0.508325 0.964008
vt 0.555841 0.774525
vt 0.563991 0.774529
vt 0.566027 0.792789
vt 0.556013 0.792325
vt 0.552194 0.814371
vt 0.543558 0.808699
vt 0.696287 0.385129
vt 0.695770 0.366037
vt 0.710316 0.397263
vt 0.540533 0.823045
vt 0.532753 0.812520
vt 0.681314 0.371928
vt 0.683934 0.357497
vt 0.519671 0.818502
vt 0.526534 0.833799
vt 0.500165 0.836223
vt 0.494860 0.822734
vt 0.638681 0.353952
vt 0.643754 0.340156
vt 0.669281 0.346572
vt 0.663078 0.360127
vt 0.474845 0.826904
vt 0.478937 0.839310
vt 0.453563 0.851242
vt 0.446002 0.835540
vt 0.589398 0.348473
vt 0.592294 0.334955
vt 0.623122 0.334486
vt 0.618826 0.348676
vt 0.579600 0.781159
vt 0.569843 0.815387
vt 0.718208 0.367725
vt 0.733004 0.390198
vt 0.718407 0.410826
vt 0.578059 0.770387
vt 0.553854 0.849073
vt 0.699615 0.346607
vt 0.543103 0.852992
vt 0.688000 0.339360
vt 0.529990 0.858112
vt 0.504260 0.862927
vt 0.648459 0.324334
vt 0.673562 0.330095
vt 0.483889 0.868014
vt 0.460709 0.868793
vt 0.600953 0.317384
vt 0.628249 0.319116
vt 0.583481 0.804521
vt 0.569585 0.832431
vt 0.722008 0.350615
vt 0.733672 0.368395
vt 0.596015 0.775751
vt 0.595754 0.798544
vt 0.555028 0.867732
vt 0.703369 0.328988
vt 0.543970 0.875699
vt 0.691785 0.321711
vt 0.530964 0.885759
vt 0.507302 0.890303
vt 0.653815 0.306942
vt 0.677608 0.312450
vt 0.490853 0.894985
vt 0.472638 0.899898
vt 0.610479 0.299759
vt 0.634783 0.301977
vt 0.582094 0.836241
vt 0.569460 0.858651
vt 0.725746 0.317489
vt 0.736842 0.335836
vt 0.591173 0.831355
vt 0.554971 0.891726
vt 0.709567 0.297100
vt 0.546982 0.899805
vt 0.698297 0.289808
vt 0.534575 0.909519
vt 0.515590 0.912921
vt 0.664352 0.276138
vt 0.684497 0.280605
vt 0.500393 0.915800
vt 0.480543 0.915402
vt 0.624755 0.270689
vt 0.648248 0.272185
vt 0.579671 0.857334
vt 0.566933 0.885002
vt 0.728776 0.285877
vt 0.740631 0.300681
vt 0.586164 0.859417
vt 0.560273 0.913193
vt 0.715205 0.268174
vt 0.550003 0.921017
vt 0.704159 0.260881
vt 0.537924 0.930799
vt 0.520746 0.934509
vt 0.672402 0.247474
vt 0.690508 0.251849
vt 0.506999 0.936361
vt 0.489822 0.932396
vt 0.637540 0.245295
vt 0.657818 0.243822
vt 0.732294 0.261487
vt 0.742818 0.277577
vt 0.719795 0.245307
vt 0.709322 0.237884
vt 0.678763 0.225855
vt 0.696109 0.229424
vt 0.645084 0.227150
vt 0.664803 0.223947
vt 0.470770 0.940723
vt 0.478379 0.936311
vt 0.449610 0.920679
vt 0.458542 0.917964
vt 0.432381 0.890862
vt 0.441800 0.889368
vt 0.419938 0.872297
vt 0.429577 0.872052
vt 0.408042 0.853716
vt 0.417871 0.852822
vt 0.629569 0.234922
vt 0.612036 0.254835
vt 0.590737 0.277247
vt 0.577832 0.294572
vt 0.565048 0.310028
vt 0.408651 0.835574
vt 0.398190 0.838112
vt 0.553432 0.322256
vt 0.557838 0.749330
vt 0.548188 0.728700
vt 0.565764 0.722726
vt 0.571768 0.744748
vt 0.527675 0.605314
vt 0.504600 0.620161
vt 0.495477 0.604492
vt 0.518510 0.589773
vt 0.478107 0.634089
vt 0.466630 0.618071
vt 0.467721 0.641587
vt 0.454331 0.626441
vt 0.454218 0.652965
vt 0.440411 0.666801
vt 0.425857 0.658077
vt 0.438994 0.639263
vt 0.432900 0.679697
vt 0.431395 0.711513
vt 0.411307 0.704606
vt 0.419249 0.674590
vt 0.418309 0.735979
vt 0.403801 0.732246
vt 0.410973 0.756925
vt 0.396107 0.755470
vt 0.409797 0.782128
vt 0.424453 0.804756
vt 0.399467 0.806042
vt 0.395028 0.783854
vt 0.737493 0.398734
vt 0.760189 0.438937
vt 0.744363 0.449383
vt 0.732421 0.431506
vt 0.749661 0.420221
vt 0.780964 0.456988
vt 0.759139 0.471422
vt 0.793426 0.482767
vt 0.775513 0.494616
vt 0.800234 0.493196
vt 0.782092 0.505130
vt 0.820674 0.525859
vt 0.802532 0.537793
vt 0.791596 0.520316
vt 0.810020 0.508277
vt 0.429644 0.373389
vt 0.436642 0.395745
vt 0.408075 0.404253
vt 0.400966 0.382259
vt 0.459636 0.375809
vt 0.463514 0.387984
vt 0.483035 0.370287
vt 0.486532 0.381613
vt 0.534554 0.343269
vt 0.547019 0.363233
vt 0.513511 0.374173
vt 0.510310 0.363654
vt 0.594074 0.765448
vt 0.581713 0.717332
vt 0.587606 0.739555
vt 0.488420 0.592987
vt 0.510175 0.575715
vt 0.458619 0.606684
vt 0.445460 0.615983
vt 0.413667 0.650547
vt 0.429023 0.630252
vt 0.396187 0.700165
vt 0.405256 0.668555
vt 0.383432 0.727578
vt 0.375407 0.753184
vt 0.384165 0.811370
vt 0.374101 0.784601
vt 0.546414 0.768649
vt 0.538835 0.747434
vt 0.543021 0.737700
vt 0.548826 0.755283
vt 0.534625 0.784189
vt 0.526777 0.762490
vt 0.524522 0.789043
vt 0.516833 0.767207
vt 0.488629 0.799073
vt 0.482709 0.776901
vt 0.504496 0.773047
vt 0.511912 0.795116
vt 0.465529 0.780035
vt 0.470043 0.802605
vt 0.496309 0.657167
vt 0.484911 0.664362
vt 0.471646 0.671699
vt 0.459759 0.682793
vt 0.504911 0.687081
vt 0.495278 0.690380
vt 0.483194 0.694539
vt 0.469274 0.703474
vt 0.450294 0.688925
vt 0.455943 0.708870
vt 0.517882 0.636275
vt 0.463081 0.732363
vt 0.464914 0.757170
vt 0.478504 0.753800
vt 0.473386 0.729185
vt 0.486599 0.725308
vt 0.495717 0.749787
vt 0.507020 0.746604
vt 0.496291 0.724782
vt 0.504654 0.724464
vt 0.516135 0.744081
vt 0.468668 0.705486
vt 0.483412 0.701152
vt 0.495787 0.704607
vt 0.505837 0.707199
vt 0.526360 0.710571
vt 0.526282 0.738955
vt 0.534137 0.734625
vt 0.543016 0.333686
vt 0.567176 0.356488
vt 0.402736 0.819524
vt 0.390287 0.823702
vt 0.434667 0.818998
vt 0.472294 0.814252
vt 0.491582 0.810475
vt 0.515632 0.806247
vt 0.528513 0.800160
vt 0.538903 0.795324
vt 0.550661 0.779853
vt 0.552090 0.764351
vt 0.561348 0.760774
vt 0.574780 0.756624
vt 0.590681 0.751555
vt 0.725828 0.421746
vt 0.743988 0.410245
vt 0.662226 0.362287
vt 0.638174 0.356204
vt 0.618629 0.350968
vt 0.589730 0.350776
vt 0.694773 0.386849
vt 0.680042 0.373851
vt 0.707520 0.399741
vt 0.716610 0.412234
vt 0.730599 0.432870
vt 0.724012 0.423117
vt 0.757006 0.472881
vt 0.742562 0.450774
vt 0.464061 0.390245
vt 0.437482 0.397895
vt 0.487077 0.383874
vt 0.547573 0.365512
vt 0.514106 0.376426
vt 0.567887 0.358960
vt 0.742470 0.450645
vt 0.768946 0.486786
vt 0.767120 0.488130
vt 0.779946 0.504658
vt 0.792331 0.528460
vt 0.790394 0.529617
vt 0.778104 0.505983
vt 0.835494 0.584188
vt 0.838488 0.555062
vt 0.810861 0.560043
vt 0.812823 0.587777
vt 0.772393 0.546637
vt 0.779486 0.577847
vt 0.793124 0.584156
vt 0.789369 0.555461
vt 0.800908 0.546895
vt 0.798905 0.547931
vt 0.851126 0.576783
vt 0.858185 0.547023
vt 0.827988 0.537995
vt 0.810074 0.549844
vt 0.558004 0.429763
vt 0.563523 0.406032
vt 0.604900 0.410780
vt 0.601115 0.433555
vt 0.597520 0.454946
vt 0.553558 0.448884
vt 0.593574 0.479300
vt 0.559294 0.476176
vt 0.620814 0.522915
vt 0.588099 0.509086
vt 0.621463 0.509174
vt 0.571426 0.496003
vt 0.595312 0.379056
vt 0.612289 0.370569
vt 0.609888 0.379772
vt 0.578280 0.390132
vt 0.607569 0.394248
vt 0.628291 0.367997
vt 0.627589 0.372646
vt 0.649193 0.520400
vt 0.649473 0.509248
vt 0.622742 0.482398
vt 0.650046 0.485297
vt 0.623899 0.458584
vt 0.650456 0.462246
vt 0.625007 0.435656
vt 0.650918 0.437934
vt 0.626096 0.413212
vt 0.651301 0.416105
vt 0.626906 0.396547
vt 0.627388 0.396605
vt 0.626856 0.397592
vt 0.627680 0.380645
vt 0.651880 0.381832
vt 0.651579 0.399481
vt 0.653374 0.373337
vt 0.641767 0.369667
vt 0.670926 0.509305
vt 0.671518 0.487578
vt 0.671961 0.465212
vt 0.672484 0.439831
vt 0.672868 0.418579
vt 0.673160 0.402047
vt 0.673517 0.382894
vt 0.691459 0.489695
vt 0.699498 0.470120
vt 0.691406 0.467893
vt 0.691324 0.441488
vt 0.700281 0.441989
vt 0.691178 0.420681
vt 0.699898 0.421153
vt 0.691075 0.404177
vt 0.704480 0.442645
vt 0.411802 0.558714
vt 0.411802 0.563017
vt 0.411555 0.563016
vt 0.411555 0.558712
vt 0.411802 0.553354
vt 0.411555 0.553353
vt 0.411555 0.549878
vt 0.411802 0.549880
vt 0.411807 0.547063
vt 0.411560 0.547061
vt 0.456150 0.490842
vt 0.456140 0.496919
vt 0.455893 0.496925
vt 0.455903 0.490848
vt 0.458110 0.484139
vt 0.458217 0.484191
vt 0.462055 0.477994
vt 0.461919 0.477892
vt 0.466680 0.471531
vt 0.466419 0.471554
vt 0.471550 0.463894
vt 0.471212 0.463925
vt 0.473849 0.458082
vt 0.473422 0.458082
vt 0.473763 0.455179
vt 0.474186 0.455187
vt 0.474466 0.451291
vt 0.474043 0.451283
vt 0.474721 0.448001
vt 0.474298 0.447993
vt 0.474787 0.442236
vt 0.475210 0.442244
vt 0.461061 0.580018
vt 0.457804 0.581171
vt 0.474364 0.567015
vt 0.472463 0.570498
vt 0.423045 0.440714
vt 0.425489 0.445712
vt 0.429999 0.465429
vt 0.430078 0.471218
vt 0.447258 0.550146
vt 0.446897 0.550156
vt 0.446882 0.546313
vt 0.447247 0.546304
vt 0.447272 0.555748
vt 0.446916 0.555759
vt 0.447579 0.562174
vt 0.447197 0.562184
vt 0.447825 0.566566
vt 0.447423 0.566576
vt 0.405281 0.574966
vt 0.405666 0.574959
vt 0.405513 0.583481
vt 0.405111 0.583489
vt 0.406021 0.568997
vt 0.406558 0.568988
vt 0.406523 0.562790
vt 0.407062 0.562781
vt 0.406424 0.554686
vt 0.406966 0.554675
vt 0.404789 0.547788
vt 0.405193 0.547710
vt 0.403948 0.544548
vt 0.404280 0.544503
vt 0.403068 0.541146
vt 0.403257 0.541099
vt 0.400936 0.536588
vt 0.401118 0.536591
vt 0.398283 0.531491
vt 0.398036 0.531466
vt 0.395181 0.526617
vt 0.394934 0.526607
vt 0.391896 0.518786
vt 0.391649 0.518780
vt 0.388261 0.512827
vt 0.388014 0.512821
vt 0.411803 0.568588
vt 0.412859 0.572527
vt 0.412612 0.572525
vt 0.411556 0.568587
vt 0.715989 0.227584
vt 0.727620 0.236377
vt 0.741835 0.253568
vt 0.748665 0.276772
vt 0.749044 0.301330
vt 0.747208 0.328138
vt 0.747004 0.358405
vt 0.750859 0.379004
vt 0.755103 0.387596
vt 0.761431 0.399023
vt 0.767010 0.408912
vt 0.777512 0.427532
vt 0.795504 0.447374
vt 0.807633 0.473370
vt 0.794292 0.448170
vt 0.814270 0.483876
vt 0.807636 0.473368
vt 0.823841 0.499054
vt 0.835513 0.516008
vt 0.843647 0.527638
vt 0.423729 0.354955
vt 0.394692 0.363041
vt 0.451578 0.350115
vt 0.475354 0.345467
vt 0.502368 0.337758
vt 0.525324 0.324959
vt 0.536018 0.318422
vt 0.548642 0.310241
vt 0.560851 0.298629
vt 0.574003 0.283061
vt 0.585872 0.266138
vt 0.607842 0.243472
vt 0.626233 0.223324
vt 0.642951 0.215316
vt 0.664659 0.212171
vt 0.680844 0.213975
vt 0.700255 0.218423
vt 0.465408 0.510369
vt 0.465379 0.510566
vt 0.461143 0.509976
vt 0.461118 0.509799
vt 0.426660 0.527911
vt 0.426681 0.527737
vt 0.430984 0.526955
vt 0.431017 0.527136
vt 0.470418 0.511184
vt 0.470327 0.511352
vt 0.436344 0.526017
vt 0.436424 0.526173
vt 0.439819 0.522565
vt 0.439948 0.522696
vt 0.473401 0.514726
vt 0.473263 0.514871
vt 0.476680 0.517176
vt 0.476527 0.517288
vt 0.442636 0.519810
vt 0.442791 0.519891
vt 0.478867 0.523140
vt 0.478670 0.523168
vt 0.443692 0.513732
vt 0.443874 0.513743
vt 0.478534 0.530332
vt 0.478337 0.530319
vt 0.443512 0.507081
vt 0.443695 0.507065
vt 0.478045 0.537077
vt 0.477863 0.537049
vt 0.442951 0.500885
vt 0.443133 0.500858
vt 0.477055 0.543420
vt 0.476874 0.543387
vt 0.441947 0.494421
vt 0.442128 0.494388
vt 0.475868 0.551054
vt 0.475688 0.551016
vt 0.440773 0.486784
vt 0.440953 0.486746
vt 0.474633 0.556891
vt 0.474452 0.556859
vt 0.439541 0.480973
vt 0.439721 0.480940
vt 0.439160 0.478077
vt 0.439342 0.478051
vt 0.474285 0.559789
vt 0.474103 0.559763
vt 0.473628 0.563697
vt 0.473449 0.563658
vt 0.438506 0.474182
vt 0.438685 0.474143
vt 0.472726 0.567012
vt 0.472554 0.566948
vt 0.437611 0.470892
vt 0.437783 0.470828
vt 0.469961 0.572815
vt 0.434877 0.465135
vt 0.435019 0.465025
vt 0.463852 0.577903
vt 0.428912 0.459936
vt 0.461793 0.586828
vt 0.461665 0.586724
vt 0.426852 0.451010
vt 0.457878 0.588631
vt 0.457823 0.588457
vt 0.422881 0.449382
vt 0.422936 0.449208
vt 0.452223 0.589663
vt 0.452220 0.589482
vt 0.417278 0.448358
vt 0.417280 0.448177
vt 0.445741 0.588647
vt 0.445795 0.588473
vt 0.410853 0.449367
vt 0.410799 0.449193
vt 0.441274 0.586535
vt 0.441403 0.586429
vt 0.406461 0.451410
vt 0.406332 0.451305
vt 0.439135 0.577992
vt 0.439291 0.577907
vt 0.404350 0.459932
vt 0.404194 0.459847
vt 0.433494 0.572043
vt 0.433642 0.571938
vt 0.398697 0.465903
vt 0.398548 0.465798
vt 0.430287 0.565781
vt 0.430461 0.565731
vt 0.395515 0.472111
vt 0.395342 0.472061
vt 0.429557 0.557601
vt 0.429734 0.557626
vt 0.394788 0.480216
vt 0.394611 0.480241
vt 0.432357 0.550654
vt 0.432524 0.550728
vt 0.397585 0.487182
vt 0.397418 0.487256
vt 0.434117 0.547390
vt 0.434268 0.547489
vt 0.399324 0.490388
vt 0.399173 0.490487
vt 0.437193 0.544002
vt 0.437348 0.544086
vt 0.402346 0.493793
vt 0.402191 0.493877
vt 0.439083 0.539463
vt 0.439253 0.539528
vt 0.404298 0.498300
vt 0.404129 0.498366
vt 0.441540 0.534324
vt 0.441704 0.534406
vt 0.406761 0.503401
vt 0.406597 0.503483
vt 0.444072 0.529461
vt 0.444234 0.529548
vt 0.409312 0.508274
vt 0.409150 0.508362
vt 0.448157 0.521627
vt 0.448315 0.521720
vt 0.413381 0.516105
vt 0.413223 0.516198
vt 0.451969 0.515640
vt 0.452105 0.515762
vt 0.417171 0.522064
vt 0.417036 0.522185
vt 0.455948 0.512381
vt 0.456043 0.512536
vt 0.421109 0.525289
vt 0.421015 0.525445
s 1
usemtl blinn1
f 1/1/1 2/2/1 7/3/1 8/4/1
f 6/5/2 5/6/2 13/7/3 14/8/3
f 10/9/4 9/10/4 11/11/4 12/12/4
f 8/4/5 7/3/5 9/10/5 10/9/5
f 7/3/6 5/6/6 11/11/6 9/10/6
f 5/6/7 6/5/7 12/12/7 11/11/7
f 6/5/8 8/4/8 10/9/8 12/12/8
f 14/8/3 13/7/3 3/13/9 4/14/9
f 15/15/10 16/16/10 18/17/10 17/18/10
f 17/18/11 18/17/11 22/19/11 21/20/11
f 18/17/12 20/21/12 23/22/12 22/19/12
f 19/23/13 17/18/13 21/20/13 24/24/13
f 25/25/3 26/26/3 28/27/3 27/28/3
f 27/28/14 28/27/14 30/29/14 29/30/14
f 29/30/15 30/29/15 32/31/15 31/32/15
f 26/33/8 32/34/8 30/29/8 28/27/8
f 31/35/6 25/36/6 27/28/6 29/30/6
f 33/37/16 34/38/16 36/39/16 35/40/16
f 35/40/14 36/39/14 37/41/14
f 37/41/17 36/39/17 34/42/17 38/43/17
f 38/44/18 33/45/18 35/40/18 37/41/18
f 39/46/19 40/47/19 42/48/19 41/49/19
f 41/49/20 42/48/20 50/50/21 47/51/22
f 43/52/23 44/53/23 46/54/23 45/55/23
f 40/56/24 49/57/25 50/50/25 42/58/24
f 48/59/26 39/46/27 41/49/27 47/60/28
f 52/61/29 48/59/26 47/60/28 51/62/30
f 50/50/25 49/57/25 53/63/31 54/64/31
f 47/51/22 50/50/21 54/64/32 51/65/33
f 45/55/34 52/66/29 51/67/30 43/52/34
f 54/64/31 53/63/31 46/68/35 44/69/35
f 51/65/33 54/64/32 44/53/36 43/52/36
f 55/70/37 56/71/37 58/72/37 57/73/37
f 57/73/38 58/72/38 66/74/39 63/75/40
f 59/76/41 60/77/41 62/78/41 61/79/41
f 56/80/42 65/81/43 66/74/43 58/82/42
f 64/83/44 55/70/45 57/73/45 63/84/46
f 68/85/47 64/83/44 63/84/46 67/86/48
f 66/74/43 65/81/43 69/87/49 70/88/49
f 63/75/40 66/74/39 70/88/50 67/89/51
f 61/79/52 68/90/47 67/91/48 59/76/52
f 70/88/49 69/87/49 62/92/53 60/93/53
f 67/89/51 70/88/50 60/77/54 59/76/54
f 71/94/55 72/95/55 74/96/55 73/97/55
f 73/97/56 74/96/56 82/98/57 79/99/58
f 75/100/59 76/101/59 78/102/59 77/103/59
f 72/104/60 81/105/61 82/98/61 74/106/60
f 80/107/62 71/94/63 73/97/63 79/108/64
f 84/109/65 80/110/62 79/111/64 83/112/66
f 82/98/61 81/105/61 85/113/67 86/114/67
f 79/99/58 82/98/57 86/114/68 83/115/69
f 77/103/70 84/109/65 83/112/66 75/100/70
f 86/114/67 85/113/67 78/116/71 76/117/71
f 83/115/69 86/114/68 76/101/72 75/100/72
f 87/118/73 88/119/73 90/120/73 89/121/73
f 89/122/74 90/123/74 98/124/75 95/125/76
f 91/126/77 92/127/77 94/128/77 93/129/77
f 88/119/78 97/130/79 98/124/79 90/120/78
f 96/131/80 87/118/81 89/121/81 95/132/82
f 100/133/83 96/131/80 95/132/82 99/134/84
f 98/124/79 97/130/79 101/135/85 102/136/85
f 95/125/76 98/124/75 102/136/86 99/137/87
f 93/129/88 100/138/83 99/139/84 91/126/88
f 102/136/85 101/135/85 94/128/89 92/127/89
f 99/137/87 102/136/86 92/140/90 91/141/90
f 103/142/91 104/143/92 138/144/93 139/145/94
f 104/143/92 105/146/95 137/147/96 138/144/93
f 105/146/95 106/148/97 136/149/98 137/147/96
f 106/148/97 107/150/99 135/151/100 136/149/98
f 107/152/99 108/153/101 134/154/102 135/155/100
f 108/153/101 109/156/103 133/157/104 134/154/102
f 109/156/103 110/158/105 132/159/106 133/157/104
f 110/158/105 111/160/107 131/161/108 132/159/106
f 111/160/107 112/162/109 130/163/110 131/161/108
f 112/162/109 113/164/111 142/165/112 130/163/110
f 113/164/111 114/166/113 141/167/114 142/165/112
f 114/166/113 115/168/115 140/169/116 141/167/114
f 115/168/115 103/142/91 139/145/94 140/169/116
f 116/170/117 117/171/118 129/172/14
f 117/171/118 118/173/119 129/172/14
f 118/173/119 119/174/120 129/172/14
f 119/174/120 120/175/121 129/172/14
f 120/175/121 121/176/122 129/172/14
f 121/176/122 122/177/123 129/172/14
f 122/177/123 123/178/124 129/172/14
f 123/178/124 124/179/125 129/172/14
f 124/179/125 125/180/126 129/172/14
f 125/180/126 126/181/127 129/172/14
f 126/181/127 127/182/128 129/172/14
f 127/182/128 128/183/129 129/172/14
f 128/183/129 116/170/117 129/172/14
f 131/161/108 130/163/110 125/184/130 124/185/131
f 132/159/106 131/161/108 124/185/131 123/186/132
f 133/157/104 132/159/106 123/187/132 122/188/133
f 134/154/102 133/157/104 122/188/133 121/189/134
f 135/155/100 134/154/102 121/189/134 120/190/135
f 136/149/98 135/151/100 120/191/135 119/192/136
f 137/147/96 136/149/98 119/192/136 118/193/137
f 138/144/93 137/147/96 118/193/137 117/194/138
f 139/145/94 138/144/93 117/195/138 116/196/139
f 140/169/116 139/145/94 116/196/139 128/197/140
f 141/167/114 140/169/116 128/197/140 127/182/141
f 142/165/112 141/167/114 127/182/141 126/181/142
f 130/163/110 142/165/112 126/198/142 125/184/130
f 143/199/143 144/200/144 178/201/145 179/202/146
f 144/200/144 145/203/147 177/204/148 178/201/145
f 145/203/147 146/205/149 176/206/150 177/204/148
f 146/205/149 147/207/151 175/208/152 176/206/150
f 147/209/151 148/210/153 174/211/154 175/212/152
f 148/210/153 149/213/155 173/214/156 174/211/154
f 149/213/155 150/215/157 172/216/158 173/214/156
f 150/215/157 151/217/159 171/218/160 172/216/158
f 151/217/159 152/219/161 170/220/162 171/218/160
f 152/219/161 153/221/163 182/222/164 170/220/162
f 153/221/163 154/223/165 181/224/166 182/222/164
f 154/223/165 155/225/167 180/226/168 181/224/166
f 155/225/167 143/199/143 179/202/146 180/226/168
f 156/227/169 157/228/170 169/229/14
f 157/228/170 158/230/171 169/229/14
f 158/230/171 159/231/172 169/229/14
f 159/231/172 160/232/173 169/229/14
f 160/232/173 161/233/174 169/229/14
f 161/233/174 162/234/175 169/229/14
f 162/234/175 163/235/176 169/229/14
f 163/235/176 164/236/177 169/229/14
f 164/236/177 165/237/178 169/229/14
f 165/237/178 166/238/179 169/229/14
f 166/238/179 167/239/180 169/229/14
f 167/239/180 168/240/181 169/229/14
f 168/240/181 156/227/169 169/229/14
f 171/218/160 170/220/162 165/241/182 164/242/183
f 172/216/158 171/218/160 164/242/183 163/243/184
f 173/214/156 172/216/158 163/244/184 162/245/185
f 174/211/154 173/214/156 162/245/185 161/246/186
f 175/212/152 174/211/154 161/246/186 160/247/187
f 176/206/150 175/208/152 160/248/187 159/249/188
f 177/204/148 176/206/150 159/249/188 158/250/189
f 178/201/145 177/204/148 158/250/189 157/251/190
f 179/202/146 178/201/145 157/252/190 156/253/191
f 180/226/168 179/202/146 156/253/191 168/254/192
f 181/224/166 180/226/168 168/254/192 167/239/193
f 182/222/164 181/224/166 167/239/193 166/238/194
f 170/220/162 182/222/164 166/255/194 165/241/182
f 183/256/195 184/257/196 218/258/197 219/259/198
f 184/257/196 185/260/199 217/261/200 218/258/197
f 185/260/199 186/262/201 216/263/202 217/261/200
f 186/262/201 187/264/203 215/265/204 216/263/202
f 187/266/203 188/267/205 214/268/206 215/269/204
f 188/267/205 189/270/207 213/271/208 214/268/206
f 189/270/207 190/272/209 212/273/210 213/271/208
f 190/272/209 191/274/211 211/275/212 212/273/210
f 191/274/211 192/276/213 210/277/214 211/275/212
f 192/276/213 193/278/215 222/279/216 210/277/214
f 193/278/215 194/280/217 221/281/218 222/279/216
f 194/280/217 195/282/219 220/283/220 221/281/218
f 195/282/219 183/256/195 219/259/198 220/283/220
f 196/284/221 197/285/222 209/286/14
f 197/285/222 198/287/223 209/286/14
f 198/287/223 199/288/224 209/286/14
f 199/288/224 200/289/225 209/286/14
f 200/289/225 201/290/226 209/286/14
f 201/290/226 202/291/227 209/286/14
f 202/291/227 203/292/228 209/286/14
f 203/292/228 204/293/229 209/286/14
f 204/293/229 205/294/230 209/286/14
f 205/294/230 206/295/231 209/286/14
f 206/295/231 207/296/232 209/286/14
f 207/296/232 208/297/233 209/286/14
f 208/297/233 196/284/221 209/286/14
f 211/275/212 210/277/214 205/298/234 204/299/235
f 212/273/210 211/275/212 204/299/235 203/300/236
f 213/271/208 212/273/210 203/301/236 202/302/237
f 214/268/206 213/271/208 202/302/237 201/303/238
f 215/269/204 214/268/206 201/303/238 200/304/239
f 216/263/202 215/265/204 200/305/239 199/306/240
f 217/261/200 216/263/202 199/306/240 198/307/241
f 218/258/197 217/261/200 198/307/241 197/308/242
f 219/259/198 218/258/197 197/309/242 196/310/243
f 220/283/220 219/259/198 196/310/243 208/311/244
f 221/281/218 220/283/220 208/311/244 207/296/245
f 222/279/216 221/281/218 207/296/245 206/295/246
f 210/277/214 222/279/216 206/312/246 205/298/234
f 223/313/247 224/314/248 258/315/249 259/316/250
f 224/317/248 225/318/251 257/319/252 258/320/249
f 225/318/251 226/321/253 256/322/254 257/319/252
f 226/321/253 227/323/255 255/324/256 256/322/254
f 227/323/255 228/325/257 254/326/258 255/324/256
f 228/325/257 229/327/259 253/328/260 254/326/258
f 229/327/259 230/329/261 252/330/262 253/328/260
f 230/329/261 231/331/263 251/332/264 252/330/262
f 231/331/263 232/333/265 250/334/266 251/332/264
f 232/333/265 233/335/267 262/336/268 250/334/266
f 233/335/267 234/337/269 261/338/270 262/336/268
f 234/337/269 235/339/271 260/340/272 261/338/270
f 235/339/271 223/313/247 259/316/250 260/340/272
f 236/341/273 237/342/274 249/343/14
f 237/342/274 238/344/275 249/343/14
f 238/344/275 239/345/276 249/343/14
f 239/345/276 240/346/277 249/343/14
f 240/346/277 241/347/278 249/343/14
f 241/347/278 242/348/279 249/343/14
f 242/348/279 243/349/280 249/343/14
f 243/349/280 244/350/281 249/343/14
f 244/350/281 245/351/282 249/343/14
f 245/351/282 246/352/283 249/343/14
f 246/352/283 247/353/284 249/343/14
f 247/353/284 248/354/285 249/343/14
f 248/354/285 236/341/273 249/343/14
f 251/332/264 250/334/266 245/355/286 244/356/287
f 252/330/262 251/332/264 244/356/287 243/357/288
f 253/328/260 252/330/262 243/357/288 242/348/289
f 254/326/258 253/328/260 242/348/289 241/347/290
f 255/324/256 254/326/258 241/347/290 240/358/291
f 256/322/254 255/324/256 240/358/291 239/359/292
f 257/319/252 256/322/254 239/359/292 238/360/293
f 258/320/249 257/319/252 238/360/293 237/361/294
f 259/316/250 258/315/249 237/362/294 236/363/295
f 260/340/272 259/316/250 236/363/295 248/364/296
f 261/338/270 260/340/272 248/364/296 247/365/297
f 262/336/268 261/338/270 247/365/297 246/366/298
f 250/334/266 262/336/268 246/367/298 245/355/286
f 265/368/14 282/369/14 279/370/14 267/371/14
f 267/371/299 279/370/300 280/372/300 269/373/299
f 269/373/301 280/372/301 281/374/301 263/375/301
f 264/376/8 270/377/8 268/378/8 266/379/8
f 269/373/6 263/380/6 265/381/6 267/371/6
f 271/382/302 268/378/303 270/377/303 272/383/302
f 273/384/301 272/383/301 270/377/301 264/385/301
f 271/382/14 274/386/14 266/387/14 268/378/14
f 275/388/15 271/382/302 272/383/302 276/389/15
f 277/390/301 276/389/301 272/383/301 273/384/301
f 275/388/14 278/391/14 274/386/14 271/382/14
f 279/370/300 275/388/15 276/389/15 280/372/300
f 281/374/301 280/372/301 276/389/301 277/390/301
f 279/370/14 282/369/14 278/391/14 275/388/14
f 285/392/14 302/393/14 299/394/14 287/395/14
f 287/395/299 299/394/300 300/396/300 289/397/299
f 289/397/301 300/396/301 301/398/301 283/399/301
f 284/400/8 290/401/8 288/402/8 286/403/8
f 289/397/6 283/404/6 285/405/6 287/395/6
f 291/406/302 288/402/303 290/401/303 292/407/302
f 293/408/301 292/407/301 290/401/301 284/409/301
f 291/406/14 294/410/14 286/411/14 288/402/14
f 295/412/15 291/406/302 292/407/302 296/413/15
f 297/414/301 296/413/301 292/407/301 293/408/301
f 295/412/14 298/415/14 294/410/14 291/406/14
f 299/394/300 295/412/15 296/413/15 300/396/300
f 301/398/301 300/396/301 296/413/301 297/414/301
f 299/394/14 302/393/14 298/415/14 295/412/14
f 305/416/14 322/417/14 319/418/14 307/419/14
f 307/419/299 319/418/300 320/420/300 309/421/299
f 309/421/301 320/420/301 321/422/301 303/423/301
f 304/424/8 310/425/8 308/426/8 306/427/8
f 309/421/6 303/428/6 305/429/6 307/419/6
f 311/430/302 308/426/303 310/425/303 312/431/302
f 313/432/301 312/431/301 310/425/301 304/433/301
f 311/430/14 314/434/14 306/435/14 308/426/14
f 315/436/15 311/430/302 312/431/302 316/437/15
f 317/438/301 316/437/301 312/431/301 313/432/301
f 315/436/14 318/439/14 314/434/14 311/430/14
f 319/418/300 315/436/15 316/437/15 320/420/300
f 321/422/301 320/420/301 316/437/301 317/438/301
f 319/418/14 322/417/14 318/439/14 315/436/14
f 325/440/14 342/441/14 339/442/14 327/443/14
f 327/443/299 339/442/300 340/444/300 329/445/299
f 329/445/301 340/444/301 341/446/301 323/447/301
f 324/448/8 330/449/8 328/450/8 326/451/8
f 329/445/6 323/452/6 325/453/6 327/443/6
f 331/454/302 328/450/303 330/449/303 332/455/302
f 333/456/301 332/455/301 330/449/301 324/457/301
f 331/454/14 334/458/14 326/459/14 328/450/14
f 335/460/15 331/454/302 332/455/302 336/461/15
f 337/462/301 336/461/301 332/455/301 333/456/301
f 335/460/14 338/463/14 334/458/14 331/454/14
f 339/442/300 335/460/15 336/461/15 340/444/300
f 341/446/301 340/444/301 336/461/301 337/462/301
f 339/442/14 342/441/14 338/463/14 335/460/14
f 343/464/304 344/465/304 346/466/304 345/467/304
f 348/468/305 347/469/305 344/465/305 343/464/305
f 345/467/306 346/466/306 350/470/306 349/471/306
f 355/472/307 356/473/307 354/474/308 353/475/308
f 353/475/309 354/474/309 352/476/309 351/477/309
f 359/478/15 360/479/15 356/473/307 355/472/307
f 361/480/310 362/481/310 363/482/310 364/483/310
f 358/484/12 360/479/12 363/482/12 362/481/12
f 360/479/311 359/478/311 364/483/311 363/482/311
f 359/478/13 357/485/13 361/480/13 364/483/13
f 437/486/312 436/487/313 653/488/314 654/489/315
f 653/488/314 436/487/313 440/490/316 652/491/317
f 652/491/317 440/490/316 563/492/318 651/493/319
f 650/494/320 442/495/321 590/496/322 649/497/323
f 681/498/324 648/499/325 445/500/326 444/501/327
f 365/502/328 366/503/329 376/504/330 377/505/331
f 366/503/329 367/506/332 380/507/333 376/504/330
f 371/508/334 375/509/335 379/510/336
f 367/506/332 557/511/337 558/512/338 380/507/333
f 570/513/339 371/508/334 379/510/336 569/514/340
f 368/515/341 584/516/342 585/517/343 382/518/344
f 597/519/345 372/520/346 381/521/347 596/522/348
f 369/523/349 370/524/350 384/525/351 385/526/352
f 374/527/353 373/528/354 386/529/355 383/530/356
f 377/505/331 376/504/330 388/531/357 389/532/358
f 375/509/335 378/533/359 390/534/360 387/535/361
f 389/532/358 484/536/362 377/505/331
f 376/504/330 380/507/333 392/537/363 388/531/357
f 379/510/336 375/509/335 387/535/361 391/538/364
f 380/507/333 558/512/338 559/539/365 392/537/363
f 569/514/340 379/510/336 391/538/364 568/540/366
f 382/518/344 585/517/343 586/541/367 394/542/368
f 596/522/348 381/521/347 393/543/369 595/544/370
f 385/526/352 384/525/351 396/545/371 397/546/372
f 383/530/356 386/529/355 398/547/373 395/548/374
f 389/532/358 388/531/357 400/549/375 401/550/376
f 387/535/361 390/534/360 402/551/377 399/552/378
f 658/553/379 389/532/358 401/550/376 657/554/380
f 388/531/357 392/537/363 404/555/381 400/549/375
f 391/538/364 387/535/361 399/552/378 403/556/382
f 392/537/363 559/539/365 560/557/383 404/555/381
f 568/540/366 391/538/364 403/556/382 567/558/384
f 394/542/368 586/541/367 587/559/385 406/560/386
f 595/544/370 393/543/369 405/561/387 594/562/388
f 397/546/372 396/545/371 408/563/389 409/564/390
f 395/548/374 398/547/373 410/565/391 407/566/392
f 401/550/376 400/549/375 412/567/393 413/568/394
f 399/552/378 402/551/377 414/569/395 411/570/396
f 657/554/380 401/550/376 413/568/394 656/571/397
f 400/549/375 404/555/381 416/572/398 412/567/393
f 403/556/382 399/552/378 411/570/396 415/573/399
f 404/555/381 560/557/383 561/574/400 416/572/398
f 567/558/384 403/556/382 415/573/399 566/575/401
f 406/560/386 587/559/385 588/576/402 418/577/403
f 594/562/388 405/561/387 417/578/404 593/579/405
f 409/564/390 408/563/389 420/580/406 421/581/407
f 407/566/392 410/565/391 422/582/408 419/583/409
f 413/568/394 412/567/393 424/584/410 425/585/411
f 411/570/396 414/569/395 426/586/412 423/587/413
f 656/571/397 413/568/394 425/585/411 655/588/414
f 412/567/393 416/572/398 428/589/415 424/584/410
f 415/573/399 411/570/396 423/587/413 427/590/416
f 416/572/398 561/574/400 562/591/417 428/589/415
f 566/575/401 415/573/399 427/590/416 565/592/418
f 418/577/403 588/576/402 589/593/419 430/594/420
f 593/579/405 417/578/404 429/595/421 592/596/422
f 421/581/407 420/580/406 432/597/423 433/598/424
f 419/583/409 422/582/408 434/599/425 431/600/426
f 425/585/411 424/584/410 436/487/313 437/486/312
f 423/587/413 426/586/412 438/601/427 435/602/428
f 655/588/414 425/585/411 437/486/312 654/489/315
f 436/487/313 428/589/415 440/490/316
f 427/590/416 423/587/413 435/602/428 439/603/429
f 428/589/415 562/591/417 563/492/318 440/490/316
f 565/592/418 427/590/416 439/603/429 564/604/430
f 430/594/420 589/593/419 590/496/322 442/495/321
f 592/596/422 429/595/421 441/605/431 591/606/432
f 433/598/424 432/597/423 444/501/327 445/500/326
f 431/600/426 434/599/425 446/607/433 443/608/434
f 681/498/324 444/501/327 448/609/435 680/610/436
f 680/610/436 448/609/435 450/611/437 679/612/438
f 679/612/438 450/611/437 452/613/439 678/614/440
f 678/614/440 452/613/439 454/615/441 677/616/442
f 677/616/442 454/615/441 456/617/443 676/618/444
f 431/600/426 443/608/434 447/619/445
f 419/583/409 431/600/426 447/619/445 449/620/446
f 407/566/392 419/583/409 449/620/446 451/621/447
f 395/548/374 407/566/392 451/621/447 453/622/448
f 383/530/356 395/548/374 453/622/448 455/623/449
f 432/597/423 420/580/406 450/611/437 448/609/435
f 420/580/406 408/563/389 452/613/439 450/611/437
f 408/563/389 396/545/371 454/615/441 452/613/439
f 396/545/371 384/525/351 456/617/443 454/615/441
f 444/501/327 432/597/423 448/609/435
f 384/525/351 370/524/350 457/624/450 456/617/443
f 456/617/443 457/624/450 675/625/451 676/618/444
f 455/623/449 458/626/452 374/527/353 383/530/356
f 523/627/453 524/628/454 485/629/455 459/630/456
f 459/630/456 485/629/455 486/631/457 461/632/458
f 461/632/458 486/631/457 487/633/459 463/634/460
f 463/634/460 487/633/459 549/635/461 550/636/462
f 465/637/463 488/638/464 576/639/465 577/640/466
f 467/641/467 489/642/468 490/643/469 469/644/470
f 469/644/470 490/643/469 491/645/471 471/646/472
f 471/646/472 491/645/471 509/647/473 510/648/474
f 473/649/475 492/650/476 516/651/477 517/652/478
f 378/533/359 475/653/479 390/534/360
f 476/654/480 525/655/481 526/656/482 460/657/483
f 477/658/484 476/654/480 460/657/483 462/659/485
f 478/660/486 477/658/484 462/659/485 464/661/487
f 548/662/488 478/660/486 464/661/487 547/663/489
f 575/664/490 479/665/491 466/666/492 574/667/493
f 481/668/494 480/669/495 468/670/496 470/671/497
f 482/672/498 481/668/494 470/671/497 472/673/499
f 508/674/500 482/672/498 472/673/499 507/675/501
f 515/676/502 483/677/503 474/678/504 514/679/505
f 658/553/379 659/680/506 484/536/362 389/532/358
f 485/629/455 524/628/454 661/681/507 662/682/508
f 486/631/457 485/629/455 662/682/508 663/683/509
f 487/633/459 486/631/457 663/683/509 664/684/510
f 549/635/461 487/633/459 664/684/510 665/685/511
f 576/639/465 488/638/464 666/686/512 667/687/513
f 490/643/469 489/642/468 668/688/514 669/689/515
f 491/645/471 490/643/469 669/689/515 670/690/516
f 509/647/473 491/645/471 670/690/516 671/691/517
f 516/651/477 492/650/476 672/692/518 673/693/519
f 521/694/520 522/695/521 493/696/522 494/697/523
f 520/698/524 521/694/520 494/697/523 495/699/525
f 556/700/526 520/698/524 495/699/525 555/701/527
f 583/702/528 519/703/529 496/704/530 582/705/531
f 517/652/478 518/706/532 497/707/533 473/649/475
f 522/695/521 523/627/453 459/630/456 493/696/522
f 463/634/460 550/636/462 551/708/534 498/709/535
f 465/637/463 577/640/466 578/710/536 499/711/537
f 498/709/535 551/712/534 552/713/538 501/714/539
f 499/715/537 578/716/536 579/717/540 502/718/541
f 498/709/535 461/632/458 463/634/460
f 469/644/470 500/719/542 467/641/467
f 503/720/543 500/719/542 469/644/470
f 498/709/535 501/714/539 461/632/458
f 510/648/474 511/721/544 504/722/545 471/646/472
f 581/723/546 512/724/547 505/725/548 580/726/549
f 469/644/470 504/722/545 503/720/543
f 471/646/472 504/722/545 469/644/470
f 554/727/550 513/728/551 506/729/552 553/730/553
f 580/726/549 505/725/548 502/718/541 579/717/540
f 553/730/553 506/729/552 501/714/539 552/713/538
f 501/714/539 506/729/552 461/632/458
f 461/632/458 506/729/552 459/630/456
f 506/729/552 513/728/551 527/731/554
f 506/729/552 527/731/554 528/732/555
f 459/630/456 506/729/552 528/732/555
f 483/677/503 508/674/500 507/675/501 474/678/504
f 492/650/476 509/647/473 671/691/517 672/692/518
f 510/648/474 509/647/473 492/650/476 473/649/475
f 473/649/475 497/707/533 511/721/544 510/648/474
f 582/705/531 496/704/530 512/724/547 581/723/546
f 555/701/527 495/699/525 513/728/551 554/727/550
f 631/733/556 515/676/502 514/679/505 630/734/557
f 632/735/558 516/651/477 673/693/519 674/736/559
f 517/652/478 516/651/477 632/735/558 633/737/560
f 633/737/560 634/738/561 518/706/532 517/652/478
f 635/739/562 636/740/563 519/703/529 583/702/528
f 637/741/564 638/742/565 520/698/524 556/700/526
f 638/742/565 639/743/566 521/694/520 520/698/524
f 639/743/566 640/744/567 522/695/521 521/694/520
f 640/744/567 641/745/568 523/627/453 522/695/521
f 641/745/568 642/746/569 524/628/454 523/627/453
f 661/681/507 524/628/454 642/746/569 660/747/570
f 526/656/482 525/655/481 643/748/571 644/749/572
f 527/731/554 513/728/551 495/699/525 494/697/523
f 528/732/555 527/731/554 494/697/523 493/696/522
f 459/630/456 528/732/555 493/696/522
f 372/520/346 597/519/345 598/750/573 529/751/574
f 373/528/354 374/527/353 531/752/575 530/753/576
f 371/508/334 570/513/339 571/754/577 532/755/578
f 375/509/335 371/508/334 532/755/578 533/756/579
f 378/533/359 375/509/335 533/756/579 534/757/580
f 526/656/482 644/749/572 645/758/581 535/759/582
f 462/659/485 460/657/483 536/760/583 537/761/584
f 472/673/499 470/671/497 538/762/585 539/763/586
f 507/675/501 472/673/499 539/763/586 540/764/587
f 514/679/505 474/678/504 541/765/588 542/766/589
f 474/678/504 507/675/501 540/764/587 541/765/588
f 630/734/557 514/679/505 542/766/589 629/767/590
f 460/657/483 526/656/482 535/759/582 536/760/583
f 462/659/485 537/761/584 545/768/591 546/769/592
f 543/770/593 544/771/594 572/772/595 573/773/596
f 574/774/493 466/775/492 543/776/593 573/777/596
f 462/778/485 546/779/592 547/780/489 464/781/487
f 546/769/592 545/768/591 544/771/594 543/770/593
f 547/780/489 546/779/592 543/776/593 466/775/492
f 479/665/491 548/662/488 547/663/489 466/666/492
f 488/638/464 549/635/461 665/685/511 666/686/512
f 550/636/462 549/635/461 488/638/464 465/637/463
f 551/708/534 550/636/462 465/637/463 499/711/537
f 552/713/538 551/712/534 499/715/537 502/718/541
f 505/725/548 553/730/553 552/713/538 502/718/541
f 512/724/547 554/727/550 553/730/553 505/725/548
f 496/704/530 555/701/527 554/727/550 512/724/547
f 519/703/529 556/700/526 555/701/527 496/704/530
f 636/740/563 637/741/564 556/700/526 519/703/529
f 558/512/338 557/511/337 368/515/341 382/518/344
f 559/539/365 558/512/338 382/518/344 394/542/368
f 560/557/383 559/539/365 394/542/368 406/560/386
f 561/574/400 560/557/383 406/560/386 418/577/403
f 562/591/417 561/574/400 418/577/403 430/594/420
f 563/492/318 562/591/417 430/594/420 442/495/321
f 651/493/319 563/492/318 442/495/321 650/494/320
f 429/595/421 565/592/418 564/604/430 441/605/431
f 417/578/404 566/575/401 565/592/418 429/595/421
f 405/561/387 567/558/384 566/575/401 417/578/404
f 393/543/369 568/540/366 567/558/384 405/561/387
f 381/521/347 569/514/340 568/540/366 393/543/369
f 372/520/346 570/513/339 569/514/340 381/521/347
f 571/754/577 570/513/339 372/520/346 529/751/574
f 573/773/596 572/772/595 538/782/585 470/783/497
f 468/784/496 574/774/493 573/777/596 470/785/497
f 480/786/495 575/664/490 574/667/493 468/787/496
f 489/788/468 576/639/465 667/687/513 668/789/514
f 577/640/466 576/639/465 489/788/468 467/790/467
f 578/710/536 577/640/466 467/790/467 500/791/542
f 579/717/540 578/716/536 500/719/542 503/720/543
f 504/722/545 580/726/549 579/717/540 503/720/543
f 511/721/544 581/723/546 580/726/549 504/722/545
f 497/707/533 582/705/531 581/723/546 511/721/544
f 518/706/532 583/702/528 582/705/531 497/707/533
f 634/738/561 635/739/562 583/702/528 518/706/532
f 585/517/343 584/516/342 369/523/349 385/526/352
f 586/541/367 585/517/343 385/526/352 397/546/372
f 587/559/385 586/541/367 397/546/372 409/564/390
f 588/576/402 587/559/385 409/564/390 421/581/407
f 589/593/419 588/576/402 421/581/407 433/598/424
f 590/496/322 589/593/419 433/598/424 445/500/326
f 649/497/323 590/496/322 445/500/326 648/499/325
f 434/599/425 592/596/422 591/606/432 446/607/433
f 422/582/408 593/579/405 592/596/422 434/599/425
f 410/565/391 594/562/388 593/579/405 422/582/408
f 398/547/373 595/544/370 594/562/388 410/565/391
f 386/529/355 596/522/348 595/544/370 398/547/373
f 373/528/354 597/519/345 596/522/348 386/529/355
f 598/750/573 597/519/345 373/528/354 530/753/576
f 598/792/573 625/793/597 626/794/598 529/795/574
f 424/584/410 428/589/415 436/487/313
f 625/793/597 598/792/573 530/796/576 624/797/599
f 530/796/576 531/798/575 623/799/600 624/797/599
f 541/800/588 599/801/601 542/802/589
f 531/798/575 629/803/590 542/802/589 623/799/600
f 532/804/578 628/805/602 533/806/579
f 529/795/574 626/794/598 627/807/603 571/808/577
f 571/808/577 627/807/603 628/805/602 532/804/578
f 533/806/579 606/809/604 534/810/580
f 540/811/587 607/812/605 599/801/601 541/800/588
f 607/812/605 608/813/606 600/814/607 599/801/601
f 608/813/606 609/815/608 601/816/609 600/814/607
f 602/817/610 601/816/609 609/815/608 610/818/611
f 603/819/612 602/817/610 610/818/611 611/820/613
f 604/821/614 646/822/615 647/823/616
f 605/824/617 604/821/614 647/823/616 612/825/618 613/826/619
f 606/809/604 605/824/617 613/826/619 535/827/582
f 645/828/581 534/810/580 606/809/604 535/827/582
f 539/829/586 607/812/605 540/811/587
f 539/829/586 614/830/620 608/813/606 607/812/605
f 614/830/620 615/831/621 609/815/608 608/813/606
f 610/818/611 609/815/608 615/831/621 616/832/622
f 611/820/613 610/818/611 616/832/622 617/833/623
f 612/825/618 611/820/613 617/833/623 618/834/624
f 613/826/619 612/825/618 618/834/624 536/835/583
f 535/827/582 613/826/619 536/835/583
f 538/836/585 614/830/620 539/829/586
f 572/837/595 621/838/625 538/836/585
f 620/839/626 621/838/625 572/837/595 622/840/627
f 619/841/628 620/839/626 622/840/627 545/842/591
f 537/843/584 619/841/628 545/842/591
f 536/835/583 618/834/624 537/843/584
f 618/834/624 617/833/623 619/841/628 537/843/584
f 617/833/623 616/832/622 620/839/626 619/841/628
f 616/832/622 615/831/621 621/838/625 620/839/626
f 538/836/585 621/838/625 615/831/621 614/830/620
f 622/840/627 572/837/595 544/844/594
f 545/842/591 622/840/627 544/844/594
f 599/801/601 600/814/607 623/799/600 542/802/589
f 600/814/607 601/816/609 624/797/599 623/799/600
f 625/793/597 624/797/599 601/816/609 602/817/610
f 626/794/598 625/793/597 602/817/610 603/819/612
f 646/822/615 604/821/614 627/807/603 626/794/598 603/819/612
f 628/805/602 627/807/603 604/821/614 605/824/617
f 533/806/579 628/805/602 605/824/617 606/809/604
f 374/527/353 630/734/557 629/767/590 531/752/575
f 458/626/452 631/733/556 630/734/557 374/527/353
f 457/624/450 632/735/558 674/736/559 675/625/451
f 633/737/560 632/735/558 457/624/450 370/524/350
f 370/524/350 369/523/349 634/738/561 633/737/560
f 369/523/349 584/516/342 635/739/562 634/738/561
f 584/516/342 368/515/341 636/740/563 635/739/562
f 368/515/341 557/511/337 637/741/564 636/740/563
f 557/511/337 367/506/332 638/742/565 637/741/564
f 367/506/332 366/503/329 639/743/566 638/742/565
f 366/503/329 365/502/328 640/744/567 639/743/566
f 365/502/328 377/505/331 641/745/568 640/744/567
f 377/505/331 484/536/362 642/746/569 641/745/568
f 660/747/570 642/746/569 484/536/362 659/680/506
f 644/749/572 643/748/571 475/653/479 378/533/359
f 645/758/581 644/749/572 378/533/359 534/757/580
f 647/823/616 646/822/615 603/819/612 611/820/613 612/825/618
f 717/845/629 716/846/629 718/847/630 719/848/631
f 720/849/632 721/850/633 716/846/629 717/845/629
f 720/849/632 722/851/634 723/852/319 721/850/633
f 724/853/635 725/854/636 723/852/319 722/851/634
f 726/855/637 727/856/638 725/857/636 724/858/635
f 728/859/639 727/856/638 726/855/637 729/860/640
f 731/861/641 730/862/642 728/859/639 729/860/640
f 733/863/643 732/864/644 730/862/642 731/861/641
f 735/865/645 734/866/646 732/864/644 733/863/643
f 737/867/647 736/868/648 734/866/646 735/865/645
f 737/867/647 738/869/649 739/870/650 736/868/648
f 741/871/651 740/872/652 739/870/650 738/869/649
f 743/873/653 742/874/654 740/872/652 741/871/651
f 744/875/655 742/874/654 743/873/653 745/876/656
f 746/877/657 744/878/655 745/879/656 747/880/658
f 748/881/659 746/882/657 747/883/658 749/884/660
f 750/885/661 748/886/659 749/887/660 751/888/662
f 752/889/663 750/885/661 751/888/662 753/890/664
f 754/891/665 752/889/663 753/890/664 755/892/666
f 756/893/667 754/891/665 755/892/666 757/894/668
f 758/895/669 756/896/667 757/897/668 759/898/670
f 760/899/671 758/895/669 759/898/670 761/900/672
f 762/901/673 760/899/671 761/900/672 763/902/674
f 764/903/675 762/901/673 763/902/674 765/904/676
f 766/905/677 764/903/675 765/904/676 767/906/678
f 768/907/679 766/905/677 767/906/678 769/908/680
f 770/909/681 768/907/679 769/908/680 771/910/682
f 772/911/683 770/909/681 771/910/682 773/912/684
f 774/913/685 775/914/686 772/911/683 773/912/684
f 776/915/687 777/916/688 775/914/686 774/913/685
f 778/917/689 779/918/690 777/916/688 776/915/687
f 780/919/691 781/920/692 779/918/690 778/917/689
f 782/921/693 783/922/694 781/923/692 780/924/691
f 719/848/631 718/847/630 783/922/694 782/921/693
f 439/603/429 683/925/695 682/926/319 564/604/430
f 435/602/428 684/927/696 683/925/695 439/603/429
f 685/928/697 684/927/696 435/602/428 438/601/427
f 426/586/412 686/929/698 685/928/697 438/601/427
f 414/569/395 687/930/699 686/929/698 426/586/412
f 402/551/377 688/931/700 687/930/699 414/569/395
f 390/534/360 689/932/701 688/931/700 402/551/377
f 390/534/360 475/653/479 690/933/702 689/932/701
f 643/748/571 691/934/703 690/933/702 475/653/479
f 525/655/481 692/935/704 691/934/703 643/748/571
f 693/936/705 692/935/704 525/655/481 476/654/480
f 694/937/706 693/936/705 476/654/480 477/658/484
f 695/938/707 694/937/706 477/658/484 478/660/486
f 696/939/708 695/938/707 478/660/486 548/662/488
f 697/940/709 696/939/708 548/662/488 479/665/491
f 698/941/710 697/940/709 479/665/491 575/664/490
f 699/942/711 698/941/710 575/664/490 480/786/495
f 700/943/712 699/944/711 480/669/495 481/668/494
f 701/945/713 700/943/712 481/668/494 482/672/498
f 702/946/714 701/945/713 482/672/498 508/674/500
f 703/947/715 702/946/714 508/674/500 483/677/503
f 704/948/716 703/947/715 483/677/503 515/676/502
f 705/949/717 704/948/716 515/676/502 631/733/556
f 706/950/718 705/949/717 631/733/556 458/626/452
f 707/951/719 706/950/718 458/626/452 455/623/449
f 453/622/448 708/952/720 707/951/719 455/623/449
f 451/621/447 709/953/721 708/952/720 453/622/448
f 449/620/446 710/954/722 709/953/721 451/621/447
f 447/619/445 711/955/723 710/954/722 449/620/446
f 443/608/434 712/956/724 711/955/723 447/619/445
f 446/607/433 713/957/725 712/956/724 443/608/434
f 591/606/432 714/958/323 713/957/725 446/607/433
f 441/605/431 715/959/726 714/958/323 591/606/432
f 564/604/430 682/926/319 715/959/726 441/605/431
f 649/960/727 648/961/728 718/962/728 716/963/727
f 713/964/729 714/965/730 717/966/730 719/967/729
f 650/968/731 649/960/727 716/963/727 721/969/732
f 714/965/730 715/970/733 720/971/733 717/966/730
f 715/970/733 682/972/734 722/973/735 720/971/733
f 651/974/736 650/968/731 721/969/732 723/975/737
f 652/976/738 651/974/736 723/975/737 725/977/738
f 682/972/734 683/978/739 724/979/739 722/973/735
f 653/980/740 652/976/738 725/977/738 727/981/741
f 683/978/739 684/982/742 726/983/743 724/979/739
f 654/984/744 653/980/740 727/981/741 728/985/744
f 684/982/742 685/986/745 729/987/746 726/983/743
f 655/988/747 654/984/744 728/985/744 730/989/748
f 685/986/745 686/990/749 731/991/750 729/987/746
f 656/992/751 655/988/747 730/989/748 732/993/752
f 686/990/749 687/994/753 733/995/753 731/991/750
f 657/996/754 656/992/751 732/993/752 734/997/755
f 687/994/753 688/998/756 735/999/757 733/995/753
f 658/1000/758 657/996/754 734/997/755 736/1001/759
f 688/998/756 689/1002/760 737/1003/761 735/999/757
f 689/1002/760 690/1004/762 738/1005/763 737/1003/761
f 659/1006/764 658/1000/758 736/1001/759 739/1007/765
f 660/1008/766 659/1006/764 739/1007/765 740/1009/766
f 690/1004/762 691/1010/767 741/1011/768 738/1005/763
f 661/1012/769 660/1008/766 740/1009/766 742/1013/770
f 691/1010/767 692/1014/771 743/1015/771 741/1011/768
f 662/1016/772 661/1012/769 742/1013/770 744/878/773
f 692/1014/771 693/1017/774 745/1018/775 743/1015/771
f 663/1019/776 662/1016/772 744/878/773 746/877/777
f 693/1017/774 694/1020/778 747/883/779 745/1018/775
f 664/1021/780 663/1019/776 746/877/777 748/1022/781
f 694/1020/778 695/1023/782 749/884/783 747/883/779
f 665/1024/784 664/1021/780 748/1022/781 750/1025/785
f 695/1023/782 696/1026/786 751/1027/787 749/884/783
f 666/1028/788 665/1024/784 750/1025/785 752/1029/789
f 696/1026/786 697/1030/790 753/1031/791 751/1027/787
f 667/1032/792 666/1028/788 752/1029/789 754/1033/793
f 697/1030/790 698/1034/794 755/1035/795 753/1031/791
f 668/1036/514 667/1032/792 754/1033/793 756/1037/796
f 698/1034/794 699/1038/711 757/1039/797 755/1035/795
f 669/1040/515 668/1036/514 756/1037/796 758/1041/798
f 699/1038/711 700/1042/712 759/1043/799 757/1039/797
f 670/1044/800 669/1040/515 758/1041/798 760/1045/801
f 700/1042/712 701/1046/802 761/1047/802 759/1043/799
f 671/1048/803 670/1044/800 760/1045/801 762/1049/803
f 701/1046/802 702/1050/804 763/1051/804 761/1047/802
f 672/1052/805 671/1048/803 762/1049/803 764/1053/806
f 702/1050/804 703/1054/807 765/1055/808 763/1051/804
f 673/1056/809 672/1052/805 764/1053/806 766/1057/809
f 703/1054/807 704/1058/810 767/1059/810 765/1055/808
f 674/1060/811 673/1056/809 766/1057/809 768/1061/811
f 704/1058/810 705/1062/812 769/1063/813 767/1059/810
f 675/1064/814 674/1060/811 768/1061/811 770/1065/815
f 705/1062/812 706/1066/816 771/1067/817 769/1063/813
f 676/1068/818 675/1064/814 770/1065/815 772/1069/819
f 706/1066/816 707/1070/820 773/1071/821 771/1067/817
f 677/1072/822 676/1068/818 772/1069/819 775/1073/823
f 707/1070/820 708/1074/824 774/1075/825 773/1071/821
f 678/1076/826 677/1072/822 775/1073/823 777/1077/826
f 708/1074/824 709/1078/827 776/1079/827 774/1075/825
f 679/1080/828 678/1076/826 777/1077/826 779/1081/828
f 709/1078/827 710/1082/829 778/1083/830 776/1079/827
f 680/1084/831 679/1080/828 779/1081/828 781/1085/832
f 710/1082/829 711/1086/833 780/1087/834 778/1083/830
f 681/1088/835 680/1084/831 781/1085/832 783/1089/836
f 711/1086/833 712/1090/837 782/1091/838 780/1087/834
f 648/961/728 681/1088/835 783/1089/836 718/962/728
f 712/1090/837 713/964/729 719/967/729 782/1091/838
f 856/1092/839 1073/1093/840 1072/1094/841 855/1095/842
f 1072/1094/841 1071/1096/843 859/1097/844 855/1095/842
f 1071/1096/843 1070/1098/845 982/1099/846 859/1097/844
f 1069/1100/847 1068/1101/848 1009/1102/849 861/1103/850
f 1100/1104/851 863/1105/852 864/1106/853 1067/1107/854
f 784/1108/855 796/1109/856 795/1110/857 785/1111/858
f 785/1111/858 795/1110/857 799/1112/859 786/1113/860
f 790/1114/861 798/1115/862 794/1116/863
f 786/1113/860 799/1112/859 977/1117/864 976/1118/865
f 989/1119/866 988/1120/867 798/1115/862 790/1114/861
f 787/1121/868 801/1122/869 1004/1123/870 1003/1124/871
f 1016/1125/872 1015/1126/873 800/1127/874 791/1128/875
f 788/1129/876 804/1130/877 803/1131/878 789/1132/879
f 793/1133/880 802/1134/881 805/1135/882 792/1136/883
f 796/1109/856 808/1137/884 807/1138/885 795/1110/857
f 794/1116/863 806/1139/886 809/1140/887 797/1141/888
f 808/1137/884 796/1109/856 903/1142/889
f 795/1110/857 807/1138/885 811/1143/890 799/1112/859
f 798/1115/862 810/1144/891 806/1139/886 794/1116/863
f 799/1112/859 811/1143/890 978/1145/892 977/1117/864
f 988/1120/867 987/1146/893 810/1144/891 798/1115/862
f 801/1122/869 813/1147/894 1005/1148/895 1004/1123/870
f 1015/1126/873 1014/1149/896 812/1150/897 800/1127/874
f 804/1130/877 816/1151/898 815/1152/899 803/1131/878
f 802/1134/881 814/1153/900 817/1154/901 805/1135/882
f 808/1137/884 820/1155/902 819/1156/903 807/1138/885
f 806/1139/886 818/1157/904 821/1158/905 809/1140/887
f 1077/1159/906 1076/1160/907 820/1155/902 808/1137/884
f 807/1138/885 819/1156/903 823/1161/908 811/1143/890
f 810/1144/891 822/1162/909 818/1157/904 806/1139/886
f 811/1143/890 823/1161/908 979/1163/910 978/1145/892
f 987/1146/893 986/1164/911 822/1162/909 810/1144/891
f 813/1147/894 825/1165/912 1006/1166/913 1005/1148/895
f 1014/1149/896 1013/1167/914 824/1168/915 812/1150/897
f 816/1151/898 828/1169/916 827/1170/917 815/1152/899
f 814/1153/900 826/1171/918 829/1172/919 817/1154/901
f 820/1155/902 832/1173/920 831/1174/921 819/1156/903
f 818/1157/904 830/1175/922 833/1176/923 821/1158/905
f 1076/1160/907 1075/1177/924 832/1173/920 820/1155/902
f 819/1156/903 831/1174/921 835/1178/925 823/1161/908
f 822/1162/909 834/1179/926 830/1175/922 818/1157/904
f 823/1161/908 835/1178/925 980/1180/927 979/1163/910
f 986/1164/911 985/1181/928 834/1179/926 822/1162/909
f 825/1165/912 837/1182/929 1007/1183/930 1006/1166/913
f 1013/1167/914 1012/1184/931 836/1185/932 824/1168/915
f 828/1169/916 840/1186/933 839/1187/934 827/1170/917
f 826/1171/918 838/1188/935 841/1189/936 829/1172/919
f 832/1173/920 844/1190/937 843/1191/938 831/1174/921
f 830/1175/922 842/1192/939 845/1193/940 833/1176/923
f 1075/1177/924 1074/1194/941 844/1190/937 832/1173/920
f 831/1174/921 843/1191/938 847/1195/942 835/1178/925
f 834/1179/926 846/1196/943 842/1192/939 830/1175/922
f 835/1178/925 847/1195/942 981/1197/944 980/1180/927
f 985/1181/928 984/1198/945 846/1196/943 834/1179/926
f 837/1182/929 849/1199/946 1008/1200/947 1007/1183/930
f 1012/1184/931 1011/1201/948 848/1202/949 836/1185/932
f 840/1186/933 852/1203/950 851/1204/951 839/1187/934
f 838/1188/935 850/1205/952 853/1206/953 841/1189/936
f 844/1190/937 856/1092/839 855/1095/842 843/1191/938
f 842/1192/939 854/1207/954 857/1208/955 845/1193/940
f 1074/1194/941 1073/1093/840 856/1092/839 844/1190/937
f 855/1095/842 859/1097/844 847/1195/942
f 846/1196/943 858/1209/956 854/1207/954 842/1192/939
f 847/1195/942 859/1097/844 982/1099/846 981/1197/944
f 984/1198/945 983/1210/957 858/1209/956 846/1196/943
f 849/1199/946 861/1103/850 1009/1102/849 1008/1200/947
f 1011/1201/948 1010/1211/958 860/1212/959 848/1202/949
f 852/1203/950 864/1106/853 863/1105/852 851/1204/951
f 850/1205/952 862/1213/960 865/1214/961 853/1206/953
f 1100/1104/851 1099/1215/962 867/1216/963 863/1105/852
f 1099/1215/962 1098/1217/964 869/1218/965 867/1216/963
f 1098/1217/964 1097/1219/966 871/1220/967 869/1218/965
f 1097/1219/966 1096/1221/968 873/1222/969 871/1220/967
f 1096/1221/968 1095/1223/970 875/1224/971 873/1222/969
f 850/1205/952 866/1225/972 862/1213/960
f 838/1188/935 868/1226/973 866/1225/972 850/1205/952
f 826/1171/918 870/1227/974 868/1226/973 838/1188/935
f 814/1153/900 872/1228/975 870/1227/974 826/1171/918
f 802/1134/881 874/1229/976 872/1228/975 814/1153/900
f 851/1204/951 867/1216/963 869/1218/965 839/1187/934
f 839/1187/934 869/1218/965 871/1220/967 827/1170/917
f 827/1170/917 871/1220/967 873/1222/969 815/1152/899
f 815/1152/899 873/1222/969 875/1224/971 803/1131/878
f 863/1105/852 867/1216/963 851/1204/951
f 803/1131/878 875/1224/971 876/1230/977 789/1132/879
f 875/1224/971 1095/1223/970 1094/1231/978 876/1230/977
f 874/1229/976 802/1134/881 793/1133/880 877/1232/979
f 942/1233/980 878/1234/981 904/1235/982 943/1236/983
f 878/1237/981 880/1238/984 905/1239/985 904/1240/982
f 880/1238/984 882/1241/986 906/1242/987 905/1239/985
f 882/1241/986 969/1243/988 968/1244/989 906/1242/987
f 884/1245/990 996/1246/991 995/1247/992 907/1248/993
f 886/1249/994 888/1250/995 909/1251/996 908/1252/997
f 888/1250/995 890/1253/998 910/1254/999 909/1251/996
f 890/1253/998 929/1255/1000 928/1256/1001 910/1254/999
f 892/1257/1002 936/1258/1003 935/1259/1004 911/1260/1005
f 797/1141/888 809/1140/887 894/1261/1006
f 895/1262/1007 879/1263/1008 945/1264/1009 944/1265/1010
f 896/1266/1011 881/1267/1012 879/1263/1008 895/1262/1007
f 897/1268/1013 883/1269/1014 881/1267/1012 896/1266/1011
f 967/1270/1015 966/1271/1016 883/1269/1014 897/1268/1013
f 994/1272/1017 993/1273/1018 885/1274/1019 898/1275/1020
f 900/1276/1021 889/1277/1022 887/1278/1023 899/1279/1024
f 901/1280/1025 891/1281/1026 889/1277/1022 900/1276/1021
f 927/1282/1027 926/1283/1028 891/1281/1026 901/1280/1025
f 934/1284/1029 933/1285/1030 893/1286/1031 902/1287/1032
f 1077/1159/906 808/1137/884 903/1142/889 1078/1288/1033
f 904/1235/982 1081/1289/1034 1080/1290/1035 943/1236/983
f 905/1239/985 1082/1291/1036 1081/1292/1034 904/1240/982
f 906/1242/987 1083/1293/1037 1082/1291/1036 905/1239/985
f 968/1244/989 1084/1294/1038 1083/1293/1037 906/1242/987
f 995/1247/992 1086/1295/1039 1085/1296/1040 907/1248/993
f 909/1251/996 1088/1297/1041 1087/1298/1042 908/1252/997
f 910/1254/999 1089/1299/1043 1088/1297/1041 909/1251/996
f 928/1256/1001 1090/1300/1044 1089/1299/1043 910/1254/999
f 935/1259/1004 1092/1301/1045 1091/1302/1046 911/1260/1005
f 940/1303/1047 913/1304/1048 912/1305/1049 941/1306/1050
f 939/1307/1051 914/1308/1052 913/1304/1048 940/1303/1047
f 975/1309/1053 974/1310/1054 914/1308/1052 939/1307/1051
f 1002/1311/1055 1001/1312/1056 915/1313/1057 938/1314/1058
f 936/1258/1003 892/1257/1002 916/1315/1059 937/1316/1060
f 941/1306/1050 912/1305/1049 878/1234/981 942/1233/980
f 882/1241/986 917/1317/1061 970/1318/1062 969/1243/988
f 884/1245/990 918/1319/1063 997/1320/1064 996/1246/991
f 917/1317/1061 920/1321/1065 971/1322/1066 970/1318/1062
f 918/1319/1063 921/1323/1067 998/1324/1068 997/1320/1064
f 917/1317/1061 882/1241/986 880/1238/984
f 888/1250/995 886/1249/994 919/1325/1069
f 922/1326/1070 888/1250/995 919/1325/1069
f 917/1317/1061 880/1238/984 920/1327/1065
f 929/1255/1000 890/1253/998 923/1328/1071 930/1329/1072
f 1000/1330/1073 999/1331/1074 924/1332/1075 931/1333/1076
f 888/1250/995 922/1326/1070 923/1328/1071
f 890/1253/998 888/1250/995 923/1328/1071
f 973/1334/1077 972/1335/1078 925/1336/1079 932/1337/1080
f 999/1331/1074 998/1338/1068 921/1339/1067 924/1332/1075
f 972/1335/1078 971/1340/1066 920/1341/1065 925/1336/1079
f 920/1341/1065 880/1342/984 925/1336/1079
f 880/1342/984 878/1234/981 925/1336/1079
f 925/1336/1079 946/1343/1081 932/1337/1080
f 925/1336/1079 947/1344/1082 946/1343/1081
f 878/1234/981 947/1344/1082 925/1336/1079
f 902/1287/1032 893/1286/1031 926/1283/1028 927/1282/1027
f 911/1260/1005 1091/1302/1046 1090/1300/1044 928/1256/1001
f 929/1255/1000 892/1257/1002 911/1260/1005 928/1256/1001
f 892/1257/1002 929/1255/1000 930/1329/1072 916/1315/1059
f 1001/1312/1056 1000/1330/1073 931/1333/1076 915/1313/1057
f 974/1310/1054 973/1334/1077 932/1337/1080 914/1308/1052
f 1050/1345/1083 1049/1346/1084 933/1285/1030 934/1284/1029
f 1051/1347/1085 1093/1348/1086 1092/1301/1045 935/1259/1004
f 936/1258/1003 1052/1349/1087 1051/1347/1085 935/1259/1004
f 1052/1349/1087 936/1258/1003 937/1316/1060 1053/1350/1088
f 1054/1351/1089 1002/1311/1055 938/1314/1058 1055/1352/1090
f 1056/1353/1091 975/1309/1053 939/1307/1051 1057/1354/1092
f 1057/1354/1092 939/1307/1051 940/1303/1047 1058/1355/1093
f 1058/1355/1093 940/1303/1047 941/1306/1050 1059/1356/1094
f 1059/1356/1094 941/1306/1050 942/1233/980 1060/1357/1095
f 1060/1357/1095 942/1233/980 943/1236/983 1061/1358/1096
f 1080/1290/1035 1079/1359/1097 1061/1358/1096 943/1236/983
f 945/1264/1009 1063/1360/1098 1062/1361/1099 944/1265/1010
f 946/1343/1081 913/1304/1048 914/1308/1052 932/1337/1080
f 947/1344/1082 912/1305/1049 913/1304/1048 946/1343/1081
f 878/1234/981 912/1305/1049 947/1344/1082
f 791/1128/875 948/1362/1100 1017/1363/1101 1016/1125/872
f 792/1136/883 949/1364/1102 950/1365/1103 793/1133/880
f 790/1114/861 951/1366/1104 990/1367/1105 989/1119/866
f 794/1116/863 952/1368/1106 951/1366/1104 790/1114/861
f 797/1141/888 953/1369/1107 952/1368/1106 794/1116/863
f 945/1264/1009 954/1370/1108 1064/1371/1109 1063/1360/1098
f 881/1267/1012 956/1372/1110 955/1373/1111 879/1263/1008
f 891/1281/1026 958/1374/1112 957/1375/1113 889/1277/1022
f 926/1283/1028 959/1376/1114 958/1374/1112 891/1281/1026
f 933/1285/1030 961/1377/1115 960/1378/1116 893/1286/1031
f 893/1286/1031 960/1378/1116 959/1376/1114 926/1283/1028
f 1049/1346/1084 1048/1379/1117 961/1377/1115 933/1285/1030
f 879/1263/1008 955/1380/1111 954/1370/1108 945/1264/1009
f 881/1267/1012 965/1381/1118 964/1382/1119 956/1372/1110
f 962/1383/1120 992/1384/1121 991/1385/1122 963/1386/1123
f 993/1387/1018 992/1388/1121 962/1389/1120 885/1390/1019
f 881/1391/1012 883/1392/1014 966/1393/1016 965/1394/1118
f 965/1381/1118 962/1383/1120 963/1386/1123 964/1382/1119
f 966/1393/1016 885/1390/1019 962/1389/1120 965/1394/1118
f 898/1275/1020 885/1274/1019 966/1271/1016 967/1270/1015
f 907/1248/993 1085/1296/1040 1084/1294/1038 968/1244/989
f 969/1243/988 884/1245/990 907/1248/993 968/1244/989
f 970/1318/1062 918/1319/1063 884/1245/990 969/1243/988
f 971/1322/1066 921/1323/1067 918/1319/1063 970/1318/1062
f 924/1332/1075 921/1339/1067 971/1340/1066 972/1335/1078
f 931/1333/1076 924/1332/1075 972/1335/1078 973/1334/1077
f 915/1313/1057 931/1333/1076 973/1334/1077 974/1310/1054
f 938/1314/1058 915/1313/1057 974/1310/1054 975/1309/1053
f 1055/1352/1090 938/1314/1058 975/1309/1053 1056/1353/1091
f 977/1117/864 801/1122/869 787/1121/868 976/1118/865
f 978/1145/892 813/1147/894 801/1122/869 977/1117/864
f 979/1163/910 825/1165/912 813/1147/894 978/1145/892
f 980/1180/927 837/1182/929 825/1165/912 979/1163/910
f 981/1197/944 849/1199/946 837/1182/929 980/1180/927
f 982/1099/846 861/1103/850 849/1199/946 981/1197/944
f 1070/1098/845 1069/1100/847 861/1103/850 982/1099/846
f 848/1202/949 860/1212/959 983/1210/957 984/1198/945
f 836/1185/932 848/1202/949 984/1198/945 985/1181/928
f 824/1168/915 836/1185/932 985/1181/928 986/1164/911
f 812/1150/897 824/1168/915 986/1164/911 987/1146/893
f 800/1127/874 812/1150/897 987/1146/893 988/1120/867
f 791/1128/875 800/1127/874 988/1120/867 989/1119/866
f 990/1367/1105 948/1362/1100 791/1128/875 989/1119/866
f 992/1384/1121 889/1395/1022 957/1396/1113 991/1385/1122
f 887/1397/1023 889/1398/1022 992/1388/1121 993/1387/1018
f 899/1399/1024 887/1400/1023 993/1273/1018 994/1272/1017
f 908/1252/997 1087/1298/1042 1086/1295/1039 995/1247/992
f 996/1246/991 886/1249/994 908/1252/997 995/1247/992
f 997/1320/1064 919/1325/1069 886/1249/994 996/1246/991
f 998/1324/1068 922/1326/1070 919/1325/1069 997/1320/1064
f 923/1328/1071 922/1326/1070 998/1338/1068 999/1331/1074
f 930/1329/1072 923/1328/1071 999/1331/1074 1000/1330/1073
f 916/1315/1059 930/1329/1072 1000/1330/1073 1001/1312/1056
f 937/1316/1060 916/1315/1059 1001/1312/1056 1002/1311/1055
f 1053/1350/1088 937/1316/1060 1002/1311/1055 1054/1351/1089
f 1004/1123/870 804/1130/877 788/1129/876 1003/1124/871
f 1005/1148/895 816/1151/898 804/1130/877 1004/1123/870
f 1006/1166/913 828/1169/916 816/1151/898 1005/1148/895
f 1007/1183/930 840/1186/933 828/1169/916 1006/1166/913
f 1008/1200/947 852/1203/950 840/1186/933 1007/1183/930
f 1009/1102/849 864/1106/853 852/1203/950 1008/1200/947
f 1068/1101/848 1067/1107/854 864/1106/853 1009/1102/849
f 853/1206/953 865/1214/961 1010/1211/958 1011/1201/948
f 841/1189/936 853/1206/953 1011/1201/948 1012/1184/931
f 829/1172/919 841/1189/936 1012/1184/931 1013/1167/914
f 817/1154/901 829/1172/919 1013/1167/914 1014/1149/896
f 805/1135/882 817/1154/901 1014/1149/896 1015/1126/873
f 792/1136/883 805/1135/882 1015/1126/873 1016/1125/872
f 1017/1363/1101 949/1364/1102 792/1136/883 1016/1125/872
f 1017/1401/1101 948/1402/1100 1045/1403/1124 1044/1404/1125
f 843/1191/938 855/1095/842 847/1195/942
f 1044/1404/1125 1043/1405/1126 949/1406/1102 1017/1401/1101
f 949/1406/1102 1043/1405/1126 1042/1407/1127 950/1408/1103
f 960/1409/1116 961/1410/1115 1018/1411/1128
f 950/1408/1103 1042/1407/1127 961/1410/1115 1048/1412/1117
f 951/1413/1104 952/1414/1106 1047/1415/1129
f 948/1402/1100 990/1416/1105 1046/1417/1130 1045/1403/1124
f 990/1416/1105 951/1413/1104 1047/1415/1129 1046/1417/1130
f 952/1414/1106 953/1418/1107 1025/1419/1131
f 959/1420/1114 960/1409/1116 1018/1411/1128 1026/1421/1132
f 1026/1421/1132 1018/1411/1128 1019/1422/1133 1027/1423/1134
f 1027/1423/1134 1019/1422/1133 1020/1424/1135 1028/1425/1136
f 1021/1426/1137 1029/1427/1138 1028/1425/1136 1020/1424/1135
f 1022/1428/1139 1030/1429/1140 1029/1427/1138 1021/1426/1137
f 1023/1430/1141 1066/1431/1142 1065/1432/1143
f 1024/1433/1144 1032/1434/1145 1031/1435/1146 1066/1431/1142 1023/1430/1141
f 1025/1419/1131 954/1436/1108 1032/1434/1145 1024/1433/1144
f 1064/1437/1109 954/1436/1108 1025/1419/1131 953/1418/1107
f 958/1438/1112 959/1420/1114 1026/1421/1132
f 958/1438/1112 1026/1421/1132 1027/1423/1134 1033/1439/1147
f 1033/1439/1147 1027/1423/1134 1028/1425/1136 1034/1440/1148
f 1029/1427/1138 1035/1441/1149 1034/1440/1148 1028/1425/1136
f 1030/1429/1140 1036/1442/1150 1035/1441/1149 1029/1427/1138
f 1031/1435/1146 1037/1443/1151 1036/1442/1150 1030/1429/1140
f 1032/1434/1145 955/1444/1111 1037/1443/1151 1031/1435/1146
f 954/1436/1108 955/1444/1111 1032/1434/1145
f 957/1445/1113 958/1438/1112 1033/1439/1147
f 991/1446/1122 957/1445/1113 1040/1447/1152
f 1039/1448/1153 1041/1449/1154 991/1446/1122 1040/1447/1152
f 1038/1450/1155 964/1451/1119 1041/1449/1154 1039/1448/1153
f 956/1452/1110 964/1451/1119 1038/1450/1155
f 955/1444/1111 956/1452/1110 1037/1443/1151
f 1037/1443/1151 956/1452/1110 1038/1450/1155 1036/1442/1150
f 1036/1442/1150 1038/1450/1155 1039/1448/1153 1035/1441/1149
f 1035/1441/1149 1039/1448/1153 1040/1447/1152 1034/1440/1148
f 957/1445/1113 1033/1439/1147 1034/1440/1148 1040/1447/1152
f 1041/1449/1154 963/1453/1123 991/1446/1122
f 964/1451/1119 963/1453/1123 1041/1449/1154
f 1018/1411/1128 961/1410/1115 1042/1407/1127 1019/1422/1133
f 1019/1422/1133 1042/1407/1127 1043/1405/1126 1020/1424/1135
f 1044/1404/1125 1021/1426/1137 1020/1424/1135 1043/1405/1126
f 1045/1403/1124 1022/1428/1139 1021/1426/1137 1044/1404/1125
f 1065/1432/1143 1022/1428/1139 1045/1403/1124 1046/1417/1130 1023/1430/1141
f 1047/1415/1129 1024/1433/1144 1023/1430/1141 1046/1417/1130
f 952/1414/1106 1025/1419/1131 1024/1433/1144 1047/1415/1129
f 793/1133/880 950/1365/1103 1048/1379/1117 1049/1346/1084
f 877/1232/979 793/1133/880 1049/1346/1084 1050/1345/1083
f 876/1230/977 1094/1231/978 1093/1348/1086 1051/1347/1085
f 1052/1349/1087 789/1132/879 876/1230/977 1051/1347/1085
f 789/1132/879 1052/1349/1087 1053/1350/1088 788/1129/876
f 788/1129/876 1053/1350/1088 1054/1351/1089 1003/1124/871
f 1003/1124/871 1054/1351/1089 1055/1352/1090 787/1121/868
f 787/1121/868 1055/1352/1090 1056/1353/1091 976/1118/865
f 976/1118/865 1056/1353/1091 1057/1354/1092 786/1113/860
f 786/1113/860 1057/1354/1092 1058/1355/1093 785/1111/858
f 785/1111/858 1058/1355/1093 1059/1356/1094 784/1108/855
f 784/1108/855 1059/1356/1094 1060/1357/1095 796/1109/856
f 796/1109/856 1060/1357/1095 1061/1358/1096 903/1142/889
f 1079/1359/1097 1078/1288/1033 903/1142/889 1061/1358/1096
f 1063/1360/1098 797/1141/888 894/1261/1006 1062/1361/1099
f 1064/1371/1109 953/1369/1107 797/1141/888 1063/1360/1098
f 1066/1431/1142 1031/1435/1146 1030/1429/1140 1022/1428/1139 1065/1432/1143
f 1136/1454/1156 1138/1455/1157 1137/1456/1158 1135/1457/1159
f 1139/1458/1160 1136/1454/1156 1135/1457/1159 1140/1459/1161
f 1139/1458/1160 1140/1459/1161 1142/1460/1162 1141/1461/1163
f 1143/1462/1164 1141/1461/1163 1142/1460/1162 1144/1463/1165
f 1145/1464/1166 1143/1465/1164 1144/1466/1165 1146/1467/1167
f 1147/1468/1168 1148/1469/1169 1145/1464/1166 1146/1467/1167
f 1150/1470/1170 1148/1469/1169 1147/1468/1168 1149/1471/1171
f 1152/1472/1172 1150/1470/1170 1149/1471/1171 1151/1473/1173
f 1154/1474/1174 1152/1472/1172 1151/1473/1173 1153/1475/1175
f 1156/1476/1176 1154/1474/1174 1153/1475/1175 1155/1477/1177
f 1156/1476/1176 1155/1477/1177 1158/1478/1178 1157/1479/1179
f 1160/1480/1180 1157/1479/1179 1158/1478/1178 1159/1481/1181
f 1162/1482/1182 1160/1480/1180 1159/1481/1181 1161/1483/1183
f 1163/1484/1184 1164/1485/1185 1162/1482/1182 1161/1483/1183
f 1165/1486/1186 1166/1487/1187 1164/1488/1185 1163/1489/1184
f 1167/1490/1188 1168/1491/1189 1166/1492/1187 1165/1493/1186
f 1169/1494/1190 1170/1495/1191 1168/1496/1189 1167/1497/1188
f 1171/1498/1192 1172/1499/1193 1170/1495/1191 1169/1494/1190
f 1173/1500/1194 1174/1501/1195 1172/1499/1193 1171/1498/1192
f 1175/1502/1196 1176/1503/1197 1174/1501/1195 1173/1500/1194
f 1177/1504/1198 1178/1505/1199 1176/1506/1197 1175/1507/1196
f 1179/1508/1200 1180/1509/1201 1178/1505/1199 1177/1504/1198
f 1181/1510/1202 1182/1511/1203 1180/1509/1201 1179/1508/1200
f 1183/1512/1204 1184/1513/1205 1182/1511/1203 1181/1510/1202
f 1185/1514/1206 1186/1515/1207 1184/1513/1205 1183/1512/1204
f 1187/1516/1208 1188/1517/1209 1186/1515/1207 1185/1514/1206
f 1189/1518/1210 1190/1519/1211 1188/1517/1209 1187/1516/1208
f 1191/1520/1212 1192/1521/1213 1190/1519/1211 1189/1518/1210
f 1193/1522/1214 1192/1521/1213 1191/1520/1212 1194/1523/1215
f 1195/1524/1216 1193/1522/1214 1194/1523/1215 1196/1525/1217
f 1197/1526/1218 1195/1524/1216 1196/1525/1217 1198/1527/1219
f 1199/1528/1220 1197/1526/1218 1198/1527/1219 1200/1529/1221
f 1201/1530/1222 1199/1531/1220 1200/1532/1221 1202/1533/1223
f 1138/1455/1157 1201/1530/1222 1202/1533/1223 1137/1456/1158
f 858/1209/956 983/1210/957 1101/1534/845 1102/1535/1224
f 854/1207/954 858/1209/956 1102/1535/1224 1103/1536/1225
f 1104/1537/1226 857/1208/955 854/1207/954 1103/1536/1225
f 845/1193/940 857/1208/955 1104/1537/1226 1105/1538/1227
f 833/1176/923 845/1193/940 1105/1538/1227 1106/1539/1228
f 821/1158/905 833/1176/923 1106/1539/1228 1107/1540/1229
f 809/1140/887 821/1158/905 1107/1540/1229 1108/1541/1230
f 809/1140/887 1108/1541/1230 1109/1542/1231 894/1261/1006
f 1062/1361/1099 894/1261/1006 1109/1542/1231 1110/1543/1232
f 944/1265/1010 1062/1361/1099 1110/1543/1232 1111/1544/1233
f 1112/1545/1234 895/1262/1007 944/1265/1010 1111/1544/1233
f 1113/1546/1235 896/1266/1011 895/1262/1007 1112/1545/1234
f 1114/1547/1236 897/1268/1013 896/1266/1011 1113/1548/1235
f 1115/1549/1237 967/1270/1015 897/1268/1013 1114/1550/1236
f 1116/1551/1238 898/1275/1020 967/1270/1015 1115/1549/1237
f 1117/1552/1239 994/1272/1017 898/1275/1020 1116/1551/1238
f 1118/1553/1240 899/1399/1024 994/1272/1017 1117/1552/1239
f 1119/1554/1241 900/1276/1021 899/1279/1024 1118/1555/1240
f 1120/1556/1242 901/1280/1025 900/1276/1021 1119/1554/1241
f 1121/1557/1243 927/1282/1027 901/1280/1025 1120/1556/1242
f 1122/1558/1244 902/1287/1032 927/1282/1027 1121/1557/1243
f 1123/1559/1245 934/1284/1029 902/1287/1032 1122/1558/1244
f 1124/1560/1246 1050/1345/1083 934/1284/1029 1123/1559/1245
f 1125/1561/1247 877/1232/979 1050/1345/1083 1124/1560/1246
f 1126/1562/1248 874/1229/976 877/1232/979 1125/1561/1247
f 872/1228/975 874/1229/976 1126/1562/1248 1127/1563/1249
f 870/1227/974 872/1228/975 1127/1563/1249 1128/1564/1250
f 868/1226/973 870/1227/974 1128/1564/1250 1129/1565/1251
f 866/1225/972 868/1226/973 1129/1565/1251 1130/1566/1252
f 862/1213/960 866/1225/972 1130/1566/1252 1131/1567/1253
f 865/1214/961 862/1213/960 1131/1567/1253 1132/1568/1254
f 1010/1211/958 865/1214/961 1132/1568/1254 1133/1569/848
f 860/1212/959 1010/1211/958 1133/1569/848 1134/1570/1255
f 983/1210/957 860/1212/959 1134/1570/1255 1101/1534/845
f 1068/1571/1256 1135/1572/1256 1137/1573/1257 1067/1574/1258
f 1132/1575/1259 1138/1576/1259 1136/1577/1260 1133/1578/1260
f 1069/1579/1261 1140/1580/1262 1135/1572/1256 1068/1571/1256
f 1133/1578/1260 1136/1577/1260 1139/1581/1263 1134/1582/1264
f 1134/1582/1264 1139/1581/1263 1141/1583/1265 1101/1584/1266
f 1070/1585/1267 1142/1586/1268 1140/1580/1262 1069/1579/1261
f 1071/1587/1269 1144/1588/1270 1142/1586/1268 1070/1585/1267
f 1101/1584/1266 1141/1583/1265 1143/1589/1271 1102/1590/1271
f 1072/1591/1272 1146/1592/1273 1144/1588/1270 1071/1587/1269
f 1102/1590/1271 1143/1589/1271 1145/1593/1274 1103/1594/1275
f 1073/1595/1276 1147/1596/1277 1146/1592/1273 1072/1591/1272
f 1103/1594/1275 1145/1593/1274 1148/1597/1278 1104/1598/1279
f 1074/1599/1280 1149/1600/1280 1147/1596/1277 1073/1595/1276
f 1104/1598/1279 1148/1597/1278 1150/1601/1281 1105/1602/1281
f 1075/1603/1282 1151/1604/1283 1149/1600/1280 1074/1599/1280
f 1105/1602/1281 1150/1601/1281 1152/1605/1284 1106/1606/1284
f 1076/1607/1285 1153/1608/1286 1151/1604/1283 1075/1603/1282
f 1106/1606/1284 1152/1605/1284 1154/1609/1287 1107/1610/1288
f 1077/1611/1289 1155/1612/1290 1153/1608/1286 1076/1607/1285
f 1107/1610/1288 1154/1609/1287 1156/1613/1291 1108/1614/1292
f 1108/1614/1292 1156/1613/1291 1157/1615/1293 1109/1616/1294
f 1078/1617/1295 1158/1618/1296 1155/1612/1290 1077/1611/1289
f 1079/1619/1297 1159/1620/1298 1158/1618/1296 1078/1617/1295
f 1109/1616/1294 1157/1615/1293 1160/1621/1299 1110/1622/1299
f 1080/1623/1300 1161/1624/1300 1159/1620/1298 1079/1619/1297
f 1110/1622/1299 1160/1621/1299 1162/1625/1301 1111/1626/1301
f 1081/1627/1302 1163/1489/1303 1161/1624/1300 1080/1623/1300
f 1111/1626/1301 1162/1625/1301 1164/1628/1304 1112/1629/1305
f 1082/1630/1306 1165/1486/1307 1163/1489/1303 1081/1627/1302
f 1112/1629/1305 1164/1628/1304 1166/1492/1308 1113/1631/1309
f 1083/1632/1310 1167/1633/1311 1165/1486/1307 1082/1630/1306
f 1113/1631/1309 1166/1492/1308 1168/1491/1312 1114/1634/1313
f 1084/1635/1314 1169/1636/1315 1167/1633/1311 1083/1632/1310
f 1114/1634/1313 1168/1491/1312 1170/1637/1316 1115/1638/1317
f 1085/1639/1318 1171/1640/1319 1169/1636/1315 1084/1635/1314
f 1115/1638/1317 1170/1637/1316 1172/1641/1320 1116/1642/1320
f 1086/1643/1321 1173/1644/1322 1171/1640/1319 1085/1639/1318
f 1116/1642/1320 1172/1641/1320 1174/1645/1323 1117/1646/1324
f 1087/1647/1325 1175/1648/1325 1173/1644/1322 1086/1643/1321
f 1117/1646/1324 1174/1645/1323 1176/1649/1326 1118/1650/1326
f 1088/1651/1327 1177/1652/1328 1175/1648/1325 1087/1647/1325
f 1118/1650/1326 1176/1649/1326 1178/1653/1329 1119/1654/1330
f 1089/1655/1331 1179/1656/1332 1177/1652/1328 1088/1651/1327
f 1119/1654/1330 1178/1653/1329 1180/1657/1333 1120/1658/1333
f 1090/1659/1334 1181/1660/1334 1179/1656/1332 1089/1655/1331
f 1120/1658/1333 1180/1657/1333 1182/1661/1335 1121/1662/1335
f 1091/1663/1336 1183/1664/1337 1181/1660/1334 1090/1659/1334
f 1121/1662/1335 1182/1661/1335 1184/1665/1338 1122/1666/1339
f 1092/1667/1340 1185/1668/1340 1183/1664/1337 1091/1663/1336
f 1122/1666/1339 1184/1665/1338 1186/1669/1341 1123/1670/1341
f 1093/1671/1342 1187/1672/1343 1185/1668/1340 1092/1667/1340
f 1123/1670/1341 1186/1669/1341 1188/1673/1344 1124/1674/1345
f 1094/1675/1346 1189/1676/1347 1187/1672/1343 1093/1671/1342
f 1124/1674/1345 1188/1673/1344 1190/1677/1348 1125/1678/1349
f 1095/1679/1350 1191/1680/1351 1189/1676/1347 1094/1675/1346
f 1125/1678/1349 1190/1677/1348 1192/1681/1352 1126/1682/1353
f 1096/1683/1354 1194/1684/1355 1191/1680/1351 1095/1679/1350
f 1126/1682/1353 1192/1681/1352 1193/1685/1356 1127/1686/1356
f 1097/1687/1357 1196/1688/1357 1194/1684/1355 1096/1683/1354
f 1127/1686/1356 1193/1685/1356 1195/1689/1358 1128/1690/1359
f 1098/1691/1360 1198/1692/1360 1196/1688/1357 1097/1687/1357
f 1128/1690/1359 1195/1689/1358 1197/1693/1361 1129/1694/1362
f 1099/1695/1363 1200/1696/1364 1198/1692/1360 1098/1691/1360
f 1129/1694/1362 1197/1693/1361 1199/1697/1365 1130/1698/1366
f 1100/1699/1367 1202/1700/1368 1200/1696/1364 1099/1695/1363
f 1130/1698/1366 1199/1697/1365 1201/1701/1369 1131/1702/1370
f 1067/1574/1258 1137/1573/1257 1202/1700/1368 1100/1699/1367
f 1131/1702/1370 1201/1701/1369 1138/1576/1259 1132/1575/1259
