# Blender 5.2.0 LTS
# www.blender.org
mtllib ramen.mtl
o ramen
v -25.250191 28.047445 0.000000
v -21.867317 28.047445 -12.625090
v -24.389818 28.047445 -6.535233
v -24.389818 28.047445 6.535233
v -21.867306 28.047445 12.625101
v -17.854588 28.047445 17.854588
v -12.625101 28.047445 21.867319
v -6.535233 28.047445 24.389818
v 0.000000 28.047445 25.250191
v 12.625101 28.047445 21.867306
v 6.535233 28.047445 24.389818
v 17.854588 28.047445 17.854588
v 21.867317 28.047445 12.625090
v 24.389818 28.047445 6.535233
v 25.250191 28.047445 0.000000
v 24.389818 28.047445 -6.535233
v 21.867306 28.047445 -12.625101
v 12.625090 28.047445 -21.867317
v 17.854588 28.047445 -17.854588
v 6.535233 28.047445 -24.389818
v 0.000000 28.047445 -25.250191
v -6.535233 28.047445 -24.389818
v -12.625101 28.047445 -21.867306
v -17.854588 28.047445 -17.854588
v -11.189654 28.215261 9.391632
v -12.480392 28.219442 8.947516
v -12.401288 28.001976 9.223735
v -14.994712 28.341515 7.421804
v -15.393833 28.342739 6.169084
v -12.222491 28.083502 5.064200
v -11.881754 28.197100 5.132522
v -10.914199 28.161852 3.261281
v -11.830970 28.114910 1.552356
v -14.850368 28.249430 -0.826017
v -15.193516 28.140972 -0.823374
v -14.450608 28.238304 -2.808836
v -12.659422 28.138311 -4.422061
v -12.888684 27.906939 -4.734733
v -11.192080 28.092342 -6.624274
v -10.266987 28.048426 -7.494146
v -8.613953 27.994095 -6.983017
v -7.391884 27.967657 -5.640154
v -7.319523 27.928112 -4.203054
v -7.700907 27.951933 -3.690982
v -7.658379 27.860083 -2.669949
v -7.685680 27.875460 -1.157907
v -7.856627 28.006182 -0.400513
v -7.237130 27.871920 0.342977
v -6.402162 27.980574 2.091134
v -6.213537 27.727081 1.868616
v -5.828372 27.964674 3.450202
v -6.232920 27.764158 4.925885
v -7.229012 28.031424 6.191336
v -7.007649 28.016968 7.277416
v -6.791342 27.802200 7.294848
v -6.462983 28.036982 8.310118
v -5.559487 27.888245 8.745315
v -2.978731 27.963823 11.302126
v -2.822052 27.692095 11.015851
v -1.089318 27.898251 11.764972
v 0.906774 27.745016 10.141169
v 2.288552 27.747742 8.111373
v 1.676781 27.761108 6.753228
v 0.237367 27.775343 5.518832
v 0.019478 27.665304 5.678499
v -0.443998 27.770012 4.402611
v -0.669192 27.640366 4.368773
v -0.762955 27.660336 1.864180
v -0.480243 27.768478 1.864975
v -0.978595 27.773613 0.473230
v -1.313714 27.620392 0.580196
v -2.840481 27.852282 -0.791882
v -3.888396 27.877361 -1.831892
v -3.591150 27.847769 -3.804393
v -2.268526 27.771235 -5.352358
v -2.409026 27.657352 -5.591896
v -0.439779 27.586300 -5.891956
v -0.471100 27.705950 -5.621908
v 1.213016 27.645870 -5.025429
v 1.668548 27.671894 -3.524567
v 1.221274 27.669573 -0.486891
v 1.895992 27.418642 -1.843510
v 0.940941 27.735950 1.273831
v 1.935237 27.708014 1.891599
v 3.889300 27.617239 2.465068
v 4.532546 27.610706 3.398821
v 4.738421 27.357918 3.213310
v 5.057804 27.588140 5.517412
v 5.135984 27.442150 4.673162
v 5.276093 27.359629 5.755805
v 4.924217 27.597364 6.985188
v 5.148570 27.410131 6.857860
v 4.078320 27.656641 10.436690
v 4.264010 27.437483 10.659491
v 3.777711 27.738180 12.787440
v 4.067856 27.468622 12.884412
v 3.138793 27.767551 13.846565
v 1.283134 27.786091 13.821575
v 0.175036 27.830994 13.411359
v -1.128039 27.648220 13.473673
v -5.178133 28.001404 12.909984
v -9.418310 27.995512 11.860915
v -9.501550 28.166748 11.499071
v -13.770138 28.286974 11.325299
v -13.810848 28.077835 11.539954
v -15.765037 28.380863 10.587062
v -15.790484 28.140024 10.886999
v -17.266050 28.403063 9.718623
v -17.350658 28.185062 9.952649
v -18.874329 28.341076 8.022475
v -18.690928 28.450356 7.874442
v -19.723810 28.505653 6.806369
v -19.941372 28.253359 7.070419
v -20.002195 28.488842 6.138293
v -20.447765 28.275053 6.174488
v -19.652554 28.438875 5.036458
v -19.809330 28.223476 4.877934
v -17.682667 28.332077 2.696470
v -17.045395 28.314154 1.417928
v -17.261648 28.118559 1.377375
v -18.136379 28.345812 -1.575469
v -18.309475 28.244608 -1.196364
v -18.253025 28.108290 -2.449431
v -17.700508 28.314232 -3.541590
v -17.965305 28.088039 -3.679296
v -17.945675 28.283661 -6.142577
v -18.137049 28.083250 -5.009033
v -16.971575 28.257376 -7.502094
v -15.642329 28.181881 -8.328473
v -15.746518 27.967823 -8.517415
v -14.192489 28.034016 -8.801540
v -13.428263 28.121717 -8.652547
v -12.520349 27.840044 -9.043777
v -9.765041 27.893559 -9.300347
v -8.670230 27.968714 -9.067670
v -7.947862 27.812954 -9.310038
v -6.131207 27.816107 -8.893880
v -4.580260 27.653593 -8.180626
v -3.088109 27.757153 -7.264523
v -2.964819 27.532560 -7.484725
v -1.307395 27.596424 -7.545865
v 0.865719 27.663965 -7.678557
v 2.709006 27.597713 -7.642756
v 4.228907 27.550545 -7.003778
v 4.921629 27.489462 -5.525043
v 5.102264 27.265411 -5.650007
v 5.098446 27.528650 -3.842401
v 5.391465 27.271408 -3.837703
v 6.128172 27.348526 -2.281740
v 5.787515 27.510723 -2.299496
v 8.058732 27.478743 0.084529
v 8.778209 27.407089 1.282746
v 8.982123 27.189981 1.292087
v 6.800939 27.513901 4.160904
v 7.010826 27.286205 4.244356
v 7.036129 27.373932 5.908478
v 7.118138 27.550398 8.688736
v 7.329743 27.427998 7.698505
v 7.195472 27.325186 9.462553
v 5.951467 27.613195 12.843360
v 6.145222 27.398975 12.914995
v 4.866141 27.715914 14.325560
v 5.154228 27.442722 14.520218
v 3.372062 27.747652 15.407319
v 1.482686 27.846106 15.625743
v 1.574179 27.578056 15.982608
v -0.248966 27.709915 15.637955
v -0.775354 27.891424 15.161522
v -3.358789 27.955496 14.407428
v -3.314912 27.729374 14.648334
v -5.010674 28.037743 14.187344
v -5.029546 27.796202 14.478991
v -6.018064 28.046522 14.682728
v -5.966019 27.804586 14.949017
v -7.615880 28.115721 16.022928
v -7.917796 28.110510 16.515879
v -6.003808 28.088928 17.012367
v -4.143887 27.780052 17.600676
v -3.949711 28.002140 17.851074
v -2.782350 27.742563 17.440947
v -0.014941 27.886761 17.258411
v -1.331002 27.812460 17.182009
v 0.087165 27.638617 16.981024
v 1.771507 27.826109 17.501762
v 1.826255 27.701351 17.222582
v 4.742959 27.703463 18.434361
v 4.808192 27.485310 18.233982
v 5.875076 27.689995 18.643095
v 5.703785 27.456228 18.371998
v 6.531639 27.403996 17.961758
v 8.806442 27.552059 16.781347
v 7.917994 27.519104 17.244946
v 8.723052 27.339193 16.466633
v 10.456420 27.482321 13.592225
v 9.688445 27.280409 14.384200
v 10.488223 27.241371 13.025051
v 11.400751 27.443720 11.669290
v 11.132844 27.207130 11.528300
v 11.461081 27.427902 10.077909
v 11.161241 27.192381 9.981954
v 10.757345 27.376621 8.111756
v 10.801227 27.191658 8.623023
v 9.734525 27.363325 6.948122
v -11.050500 28.032019 8.920056
v -11.756251 28.045572 8.712695
v -10.422525 27.978422 3.293751
v -11.458192 28.119833 1.575461
v -12.318442 27.955751 -4.326772
v -8.277667 27.830605 -2.664686
v -8.285356 27.845627 -1.055779
v -7.820075 27.842751 0.544310
v -6.893890 27.823444 2.018678
v -6.331433 27.816383 3.443166
v -6.943905 27.848793 4.870601
v -7.495876 28.021185 6.247710
v -7.254192 28.029142 7.381111
v -5.760200 27.854746 9.404075
v 1.112516 27.757711 10.304806
v 0.588080 27.591644 5.442393
v -0.192409 27.746855 4.279810
v -0.175207 27.586969 1.704394
v -0.704642 27.592060 0.295457
v 0.843211 27.493311 -4.784938
v 1.206237 27.505907 -1.918673
v 0.878412 27.673218 -0.141061
v 3.440697 27.468275 2.731212
v 4.130292 27.452663 3.514572
v 4.689248 27.582781 4.868078
v 4.752081 27.593454 6.334193
v 3.703268 27.522583 9.858349
v 3.748533 27.676397 10.875995
v -0.982872 27.850676 12.976154
v -5.103499 27.991837 12.602607
v -9.300011 27.990824 11.185545
v -13.679837 28.277700 11.039055
v -15.421611 28.193247 10.302596
v -17.002966 28.380173 9.561186
v -17.748758 28.258213 8.452300
v -18.577707 28.418800 7.627953
v -19.394119 28.418440 5.150221
v -17.340906 28.337627 2.780463
v -16.792389 28.325140 1.491493
v -17.682035 28.171530 -1.181431
v -17.543478 28.156786 -2.390043
v -17.439766 28.280943 -3.581359
v -17.695059 28.269609 -5.995179
v -16.725790 28.086662 -7.116514
v -15.308554 28.167969 -8.173201
v -12.649833 27.934624 -8.295189
v -8.095988 27.772320 -8.708031
v -6.254751 27.855392 -8.545314
v -4.751763 27.666082 -7.507577
v -3.085485 27.769890 -7.012079
v -1.346107 27.551794 -6.929019
v 4.658322 27.494217 -5.378468
v 4.738089 27.369186 -3.587368
v 5.410728 27.357956 -2.204170
v 6.529907 27.466915 -1.176695
v 8.473179 27.419325 1.255585
v 6.528024 27.528458 4.127449
v 6.374572 27.394024 5.806008
v 6.708278 27.398041 7.609309
v 6.678059 27.552879 9.429733
v 5.679530 27.617880 12.724584
v 3.300161 27.580732 14.936124
v -0.064505 27.698521 14.983927
v -1.770195 27.752800 14.385472
v -3.402303 27.954920 14.132813
v -5.144100 27.865490 13.796393
v -6.137453 28.042976 14.411711
v -7.860370 28.120241 15.937152
v -8.180063 28.151110 16.566244
v -6.278552 27.934063 17.315655
v -4.323670 28.017683 18.101463
v -2.833462 27.822441 18.137291
v -1.360288 27.768215 17.809490
v 0.013992 27.719543 17.681482
v 1.699169 27.758465 17.702406
v 4.690546 27.704121 18.725098
v 5.748656 27.531776 19.065693
v 6.564768 27.634886 18.548616
v 8.862020 27.549902 17.104609
v 10.296116 27.348549 14.779140
v 10.948681 27.438314 13.286007
v 11.810077 27.256081 11.690125
v 11.841218 27.239830 9.954659
v 11.253672 27.404448 8.440207
v 10.905068 27.249971 7.365806
v 10.273543 27.283192 6.568183
v -11.042498 28.031813 8.894182
v -12.133286 27.829897 8.515602
v -12.099748 28.051470 8.593639
v -12.832064 28.071495 8.273158
v -14.744426 28.129930 7.329250
v -14.711750 28.141314 7.302301
v -15.109465 28.134888 6.195655
v -15.122636 28.133215 6.193012
v -11.613064 28.001879 5.161934
v -11.598813 28.007828 5.189935
v -10.373816 27.747601 3.304298
v -10.439870 27.965839 3.293846
v -11.303369 27.959719 1.562632
v -11.262334 27.555099 1.559279
v -11.303369 27.959719 1.562632
v -14.560177 28.063021 -0.826369
v -14.599557 28.053989 -0.804883
v -14.200544 28.023853 -2.665849
v -14.185370 28.028742 -2.659894
v -12.332021 27.944206 -4.331721
v -11.219713 27.889898 -6.113980
v -11.199742 27.497490 -6.059183
v -11.219713 27.889898 -6.113980
v -10.241842 27.846291 -7.206573
v -10.241842 27.846291 -7.206573
v -8.776726 27.798721 -6.803442
v -8.779728 27.802401 -6.790699
v -7.686725 27.775675 -5.560812
v -7.674234 27.771025 -5.572031
v -7.784235 27.786999 -4.179766
v -7.805585 27.793837 -4.162076
v -8.343627 27.605221 -2.662356
v -8.264163 27.816952 -2.662831
v -8.349511 27.618717 -1.045523
v -8.271443 27.831200 -1.057422
v -7.885819 27.616121 0.558441
v -7.809383 27.828966 0.534899
v -6.958482 27.596817 2.032344
v -6.881388 27.809490 2.012523
v -6.397099 27.589169 3.450740
v -6.316209 27.802271 3.444437
v -7.024467 27.623236 4.902607
v -6.942624 27.836788 4.899616
v -7.750723 27.661816 6.278198
v -7.671759 27.874168 6.271791
v -7.671759 27.874168 6.271791
v -7.414778 27.875519 7.454692
v -7.431281 27.882240 7.458187
v -6.662049 27.864702 8.464693
v -6.626966 27.856987 8.478647
v -5.573225 27.617094 9.669250
v -5.517883 27.826614 9.606403
v -4.622097 27.803442 10.354270
v -2.999617 27.758034 11.633214
v -3.032500 27.451937 11.702463
v -2.999617 27.758034 11.633214
v -1.013306 27.692282 12.033156
v -1.013306 27.692282 12.033156
v 1.219761 27.599995 10.376460
v 1.242269 27.610783 10.411545
v 2.580864 27.536722 8.086197
v 2.565628 27.533083 8.081059
v 1.890340 27.543406 6.564896
v 1.910218 27.548162 6.562196
v 0.577626 27.579468 5.452504
v 0.011204 27.589767 4.368424
v 0.024496 27.363415 4.233231
v 0.011204 27.589767 4.368424
v -0.135741 27.584417 3.168041
v -0.135741 27.584417 3.168041
v -0.127871 27.356161 1.691520
v -0.190071 27.573576 1.706680
v -0.698508 27.585224 0.298734
v -2.269601 27.625071 -0.702682
v -2.223595 27.230696 -0.723798
v -2.269601 27.625071 -0.702682
v -3.543470 27.673975 -1.863905
v -3.588206 27.661074 -1.845330
v -3.400961 27.638918 -3.638190
v -3.361578 27.649895 -3.625136
v -2.195707 27.595898 -5.111826
v -2.224108 27.584770 -5.145285
v -0.573884 27.524752 -5.430676
v -0.571641 27.537413 -5.387720
v 0.825564 27.495098 -4.760638
v 1.358653 27.473778 -3.549958
v 1.343545 27.479914 -3.540375
v 1.218058 27.492975 -1.909126
v 0.704976 27.526659 -0.097154
v 0.628233 27.313244 -0.092033
v 0.704976 27.526659 -0.097154
v 0.646364 27.547153 1.431214
v 0.661790 27.541426 1.424187
v 1.930895 27.503889 2.193140
v 1.908222 27.509840 2.200251
v 3.446429 27.455631 2.717873
v 4.071948 27.225580 3.540625
v 4.142459 27.438248 3.506578
v 4.434314 27.227478 4.889843
v 4.513439 27.437572 4.879508
v 4.512773 27.438517 4.878271
v 4.506402 27.228935 5.916451
v 4.585773 27.444496 5.918789
v 4.585564 27.441843 5.692716
v 4.522674 27.450333 6.413823
v 4.266336 27.254120 7.323602
v 4.346079 27.464216 7.339447
v 4.344652 27.465132 7.339760
v 3.514701 27.300617 10.505621
v 3.718249 27.508331 9.852029
v 3.559363 27.523918 11.005459
v 3.559363 27.523918 11.005459
v 3.548147 27.537455 12.512433
v 3.479128 27.229858 12.477380
v 3.548147 27.537455 12.512433
v 2.992241 27.570354 13.561181
v 3.000583 27.565802 13.574697
v 1.232631 27.625854 13.393983
v 1.204957 27.631735 13.372506
v -1.007586 27.705149 12.787765
v -1.035932 27.699757 12.801107
v -5.005780 27.835968 12.452586
v -5.037212 27.622536 12.379876
v -5.045004 27.836412 12.450348
v -9.247416 27.763577 11.135858
v -9.252131 27.972689 11.206644
v -13.599428 28.121748 10.883741
v -13.599437 28.121153 10.884213
v -13.568876 27.883278 10.821576
v -15.399195 27.962393 10.256614
v -15.427778 28.179781 10.316178
v -16.862095 28.229103 9.441019
v -16.867468 28.222509 9.459923
v -16.978796 27.899012 9.309957
v -17.764471 28.245024 8.455635
v -18.412333 28.040899 7.473338
v -18.465355 28.261217 7.511255
v -18.465355 28.261217 7.511255
v -19.316648 28.285000 6.834701
v -19.267378 27.890213 6.821130
v -19.316648 28.285000 6.834701
v -19.718475 28.307606 6.154102
v -19.768507 28.294851 6.158519
v -19.279152 28.269135 5.230051
v -19.258158 28.274622 5.231214
v -17.193256 28.176413 2.867897
v -17.141222 27.938517 2.908449
v -17.193256 28.176413 2.867897
v -16.594799 28.150076 1.562992
v -16.612345 28.144756 1.559759
v -17.080900 28.149031 0.176271
v -17.052162 28.154140 0.202444
v -17.630424 27.942886 -1.174687
v -17.696594 28.158701 -1.177226
v -17.536032 28.149588 -2.410285
v -17.209719 27.904684 -3.566920
v -17.274883 28.123060 -3.580045
v -17.274883 28.123060 -3.580045
v -17.461683 28.118643 -4.832995
v -17.398361 27.899269 -4.815942
v -17.461683 28.118643 -4.832995
v -17.491371 28.109079 -6.049919
v -17.491371 28.109079 -6.049919
v -16.698933 27.857151 -7.076429
v -16.737690 28.073414 -7.126513
v -15.492311 28.029667 -7.884527
v -15.507849 28.023829 -7.896964
v -14.109064 27.972469 -8.195417
v -14.083466 27.978792 -8.180734
v -12.682881 27.929256 -8.286776
v -9.960882 27.823624 -8.696759
v -9.959485 27.612013 -8.622635
v -9.962653 27.823177 -8.697577
v -8.116705 27.544058 -8.649432
v -8.095378 27.758251 -8.722276
v -6.398623 27.487444 -8.318833
v -6.366712 27.700890 -8.389763
v -6.366712 27.700890 -8.389763
v -4.785784 27.438623 -7.452495
v -4.750643 27.652113 -7.522231
v -3.129190 27.608843 -6.792395
v -3.122657 27.601576 -6.809479
v -1.374720 27.324364 -6.866648
v -1.358315 27.538925 -6.941357
v 0.499844 27.253401 -7.259538
v 0.511971 27.470337 -7.331133
v 0.511971 27.470337 -7.331133
v 2.457801 27.401978 -7.392080
v 2.411380 27.009823 -7.336093
v 2.457801 27.401978 -7.392080
v 3.948505 27.360472 -6.815382
v 3.958448 27.354578 -6.828833
v 4.493142 27.348854 -5.346041
v 4.480496 27.355881 -5.324737
v 4.730947 27.362713 -3.596018
v 5.348053 27.130974 -2.180395
v 5.420546 27.343821 -2.214305
v 6.348766 27.104109 -1.015438
v 6.420753 27.319107 -1.050287
v 6.420753 27.319107 -1.050287
v 7.670021 27.285263 0.063446
v 7.592587 26.894688 0.078733
v 7.670021 27.285263 0.063446
v 8.213920 27.061405 1.228017
v 8.305161 27.272257 1.246161
v 8.293417 27.273687 1.227910
v 7.416021 27.315737 2.544113
v 6.333323 27.371035 4.048746
v 6.345040 27.366228 4.054178
v 6.369225 27.387053 5.787833
v 6.641854 27.172529 7.601595
v 6.721850 27.384073 7.608350
v 6.516332 27.408245 9.356078
v 6.437415 27.118885 9.298813
v 6.517025 27.406998 9.355680
v 5.550299 27.468382 12.595848
v 5.550299 27.468382 12.595848
v 4.732895 27.509201 14.009712
v 4.732895 27.509201 14.009712
v 3.276078 27.352026 14.887387
v 3.306354 27.567118 14.949758
v 1.589109 27.636404 15.295643
v 1.596257 27.629898 15.313009
v -0.085436 27.692667 14.973796
v -1.749465 27.522165 14.335223
v -1.766238 27.739162 14.401673
v -3.555391 27.797430 13.930185
v -3.553387 27.580780 13.861700
v -3.555391 27.797430 13.930185
v -5.161512 27.636759 13.742132
v -5.142520 27.851711 13.811167
v -6.232927 27.890322 14.278461
v -6.280017 27.677958 14.215314
v -6.236626 27.893797 14.276470
v -8.008848 27.969740 15.888498
v -8.008848 27.969740 15.888498
v -8.376056 27.991270 16.592304
v -8.362863 27.988190 16.589285
v -7.547089 27.963053 16.968811
v -7.594174 27.967882 16.966293
v -6.258762 27.927031 17.328949
v -5.259210 27.891167 17.870573
v -5.285338 27.899338 17.878298
v -4.216473 27.865276 18.292658
v -4.210843 27.858147 18.275429
v -2.862597 27.816589 18.145691
v -1.366895 27.540741 17.870117
v -1.360548 27.754604 17.795500
v -0.010400 27.404959 17.746098
v 0.014669 27.705551 17.667389
v 1.560863 27.432724 17.872063
v 1.284776 27.662039 17.754572
v 1.284776 27.662039 17.754572
v 2.449084 27.624212 18.071642
v 2.449084 27.624212 18.071642
v 4.644046 27.562201 18.909201
v 4.653890 27.555740 18.894787
v 5.744574 27.524599 19.069056
v 6.636540 27.483810 18.709757
v 6.633195 27.490688 18.731304
v 7.509278 27.455538 18.152191
v 7.468455 27.449982 18.155781
v 8.346093 27.415138 17.668633
v 8.379592 27.199322 17.731144
v 8.346093 27.415138 17.668633
v 9.144217 27.388813 17.047518
v 9.133688 27.382141 17.031981
v 9.695437 27.353817 16.029514
v 9.695842 27.360971 16.068268
v 10.306808 27.328430 14.738261
v 11.128427 27.280050 13.297153
v 11.186692 27.062569 13.331106
v 11.128427 27.280050 13.297153
v 11.857272 27.024828 11.708410
v 11.795033 27.242790 11.688534
v 11.844868 27.232542 9.963537
v 11.471315 27.232300 8.419030
v 11.450338 27.226274 8.414465
v 10.951246 27.019844 7.342710
v 10.893949 27.236609 7.374971
v 10.247457 27.252281 6.586833
v -11.082528 27.525660 8.971240
v -12.200897 27.550055 8.617341
v -14.793801 27.620716 7.358064
v -15.193221 27.580397 6.194890
v -11.766733 27.389874 5.112267
v -14.180508 27.639467 -2.649218
v -12.285579 27.557623 -4.300454
v -10.246226 27.442417 -7.149556
v -8.805661 27.412943 -6.777506
v -7.666866 27.232500 -5.591900
v -7.837331 27.411747 -4.176245
v -8.241524 27.313570 -2.650371
v -8.246192 27.326586 -1.049378
v -7.783572 27.325104 0.534428
v -6.864412 27.305336 1.994353
v -6.289475 27.296343 3.442443
v -7.636892 27.381214 6.316134
v -7.392042 27.343548 7.476060
v -6.663409 27.480141 8.516062
v -5.453874 27.327639 9.636619
v -1.014748 27.292324 12.089375
v 1.136586 26.983244 10.252069
v 2.587983 27.150812 8.083579
v 1.833458 27.012934 6.567680
v 0.631393 27.191626 5.436969
v -0.102271 27.086441 4.250415
v -0.250077 27.072033 1.712645
v -0.692992 27.196470 0.294193
v -3.646439 27.155758 -1.829388
v -3.455265 27.130474 -3.643840
v -0.605739 26.906698 -5.566766
v 1.365759 26.940479 -3.577521
v 1.144996 27.108500 -1.931434
v 0.727086 27.021809 -0.084868
v 0.614409 27.158617 1.443469
v 1.966850 26.967953 2.190397
v 3.376320 27.071205 2.759176
v 4.159164 26.932888 3.485548
v 4.608301 26.936840 5.235555
v 4.448308 27.020138 6.832801
v 3.607487 27.016014 10.601665
v 2.970430 27.179394 13.546996
v 1.220616 27.247593 13.360546
v -1.049432 27.322332 12.763492
v -5.065069 27.336861 12.494951
v -9.294701 27.470367 11.251075
v -13.619987 27.618479 10.931288
v -15.455389 27.677429 10.361616
v -17.121229 27.659529 9.445877
v -19.348894 27.739050 5.253161
v -17.246145 27.676655 2.858001
v -16.662031 27.614180 1.543051
v -17.096699 27.695490 0.147509
v -17.755791 27.657803 -1.168948
v -17.531876 27.762836 -2.378673
v -17.334114 27.622217 -3.588427
v -17.435289 27.801201 -6.016704
v -16.918144 27.461624 -7.184292
v -15.510127 27.644968 -7.856028
v -14.123034 27.594812 -8.150781
v -12.608747 27.467882 -8.296899
v -9.973185 27.323103 -8.732638
v -8.118956 27.255434 -8.760456
v -6.393620 27.134769 -8.494625
v -4.723145 27.148483 -7.542446
v -3.142280 27.222025 -6.766649
v -1.353024 27.035435 -6.981621
v 3.915875 26.973419 -6.801801
v 4.442802 26.972095 -5.329565
v 4.701018 26.978029 -3.570895
v 5.446340 26.839577 -2.220205
v 6.453493 26.814529 -1.052838
v 6.291735 26.999229 4.071195
v 6.336220 27.001200 5.804121
v 6.745553 26.880623 7.610007
v 5.507991 27.146027 12.506085
v 4.675589 27.205296 13.955969
v 3.410481 26.947258 15.072542
v 1.587218 27.249977 15.277269
v -0.069070 27.306078 14.962062
v -1.828910 27.238937 14.435793
v -5.159036 27.348627 13.858336
v -6.221871 27.380699 14.323865
v -8.075206 27.633255 15.866590
v -8.407120 27.597294 16.600569
v -7.577554 27.588266 17.000343
v -6.310551 27.547688 17.340885
v -5.252700 27.440226 17.901176
v -4.230853 27.478313 18.317810
v -2.845301 27.429815 18.165543
v -0.606736 27.171026 17.584013
v 1.603011 27.147446 17.766830
v 4.639037 27.172342 18.936003
v 5.738287 27.137617 19.093382
v 6.645666 27.089499 18.715223
v 8.824878 26.807684 17.184084
v 9.237673 27.002613 16.977158
v 10.169453 26.844112 14.937408
v 11.081676 26.778927 13.266291
v 11.738046 26.740997 11.675213
v 11.851086 26.845119 9.953319
v 11.473244 26.846052 8.400971
v 11.006000 26.667074 7.748384
v 10.283335 26.855335 6.555753
v -11.198741 27.401194 9.335827
v -15.025743 27.517197 7.501892
v -10.632065 27.354179 3.252536
v -11.682683 27.351597 1.524005
v -14.774165 27.443977 -0.770002
v -14.555503 27.391008 -2.689779
v -12.517869 27.326317 -4.610661
v -11.509491 27.269693 -6.362376
v -10.360475 27.222376 -7.528352
v -8.738110 27.154703 -7.037658
v -7.619871 27.184845 -4.223601
v -8.089770 27.195995 -1.825589
v -7.247780 27.195131 0.838825
v -5.989457 27.170477 3.502202
v -7.310118 27.235878 6.284068
v -6.167219 27.239077 8.744206
v -2.948259 27.160929 11.489018
v -1.056168 27.065765 11.697515
v 2.254342 26.899942 8.045419
v 0.308405 26.968748 5.637231
v -0.369552 26.982233 4.554637
v -0.532757 26.963842 1.711266
v -1.083352 26.945791 0.390924
v -3.950352 27.052525 -1.742795
v -3.707306 27.024054 -3.720844
v -2.334975 26.969519 -5.250103
v 0.924237 26.858723 -4.913640
v 1.780901 26.856024 -3.514118
v 1.040922 26.890270 0.015923
v 0.954159 26.886335 1.339737
v 3.383994 26.848803 2.418720
v 4.431101 26.800959 3.269696
v 4.849412 26.805504 5.003172
v 4.625325 26.858620 6.823627
v 3.810274 26.902214 10.513074
v 3.670615 26.939795 12.589305
v 3.166780 26.919689 13.829185
v 1.621874 26.970592 13.762869
v -1.128717 27.109144 12.973629
v -5.287004 27.226091 12.741566
v -9.241485 27.352718 11.550902
v -13.712809 27.505972 11.181374
v -15.532430 27.561226 10.711954
v -18.648520 27.691788 7.512650
v -19.106491 27.681114 7.498771
v -19.955105 27.684212 6.195691
v -17.471046 27.563591 2.728374
v -18.056244 27.544725 -1.156476
v -17.570190 27.527248 -4.265820
v -17.675035 27.520674 -6.100297
v -15.294828 27.415089 -8.194977
v -8.772526 27.159178 -9.095690
v -3.089888 26.997948 -6.987206
v 0.295339 26.874537 -7.440929
v 2.527834 26.770632 -7.725944
v 4.133022 26.701286 -7.067145
v 4.621503 26.747763 -5.465303
v 4.991502 26.720673 -3.573864
v 5.932776 26.704733 -1.966270
v 7.969951 26.647236 -0.089592
v 8.385773 26.706272 1.246463
v 6.502519 26.762022 4.158297
v 6.550518 26.779968 5.896316
v 6.934319 26.765650 6.916755
v 6.692022 26.805220 9.288081
v 5.706679 26.869312 12.634166
v 4.973644 26.854666 14.189393
v 1.690073 26.981987 15.634020
v 0.065128 27.057007 15.301268
v -3.669571 27.221458 14.034112
v -6.256693 27.273241 14.737893
v -7.909859 27.372471 15.980594
v -8.159282 27.359173 16.579580
v -6.236804 27.322777 17.146454
v -4.043437 27.251427 18.136721
v -2.486328 27.180555 17.638496
v 1.753095 27.019833 17.501255
v 4.716675 26.956249 18.738884
v 5.764946 26.889174 18.804438
v 6.833142 26.870958 18.354961
v 10.868822 26.659775 12.873864
v 11.470017 26.589956 9.810268
v 10.004830 26.641460 6.746906
v -11.280535 27.622135 9.624955
v -12.321840 27.513866 9.112890
v -15.583395 27.555473 6.192725
v -12.333807 27.616896 5.052732
v -12.037841 27.590939 1.547688
v -12.803125 27.449697 -4.682741
v -7.310272 27.166594 -5.738422
v -7.322995 27.180656 -4.260807
v -7.686815 27.288458 -2.647347
v -7.707986 27.301561 -1.130953
v -7.253753 27.299957 0.367593
v -6.265858 27.334507 1.849808
v -5.731877 27.271687 3.407416
v -6.341449 27.306763 4.884827
v -7.001493 27.265535 7.365716
v -5.691154 27.266556 8.718584
v -2.833113 27.217607 11.092227
v 0.811042 27.208265 10.032903
v 1.396568 26.972164 6.682873
v -0.655638 27.135002 4.459802
v -0.781392 27.086113 1.849128
v -2.715500 27.050529 -0.495057
v -0.446142 27.115877 -5.976103
v 1.776965 26.965321 -1.878310
v 5.093266 26.895384 4.887741
v 5.033356 26.828722 6.068063
v 4.919304 26.939621 7.496135
v 4.040731 26.913326 10.629172
v 4.004590 26.992393 12.831578
v -1.120889 27.116638 13.279510
v -5.204329 27.341377 13.043928
v -9.553536 27.520081 11.834487
v -17.558554 27.672966 9.591662
v -19.880901 27.777908 7.072302
v -20.351505 27.802395 6.185374
v -19.697262 27.691420 5.041097
v -17.718433 27.682606 2.601512
v -17.077988 27.565258 1.425922
v -18.312113 27.641853 -1.218705
v -17.953829 27.695839 -3.687554
v -18.002296 27.534309 -6.064905
v -17.209969 27.694284 -7.586519
v -15.721807 27.437445 -8.311380
v -14.107937 27.379095 -8.646741
v -9.785438 27.303972 -9.303398
v -8.001164 27.241047 -9.302883
v -6.270778 27.120443 -8.916082
v -3.122882 27.008665 -7.276981
v -1.285304 27.023006 -7.541839
v 0.511850 26.875021 -7.784091
v 4.883852 26.743046 -5.606236
v 5.359191 26.881065 -3.807540
v 5.944292 26.814835 -2.466275
v 6.991960 26.846493 -1.348800
v 8.747466 26.664871 1.265083
v 6.784456 26.761847 4.206655
v 7.303153 26.855898 7.684734
v 6.967977 26.801357 9.479784
v 5.930678 26.866213 12.843475
v 3.522172 27.174843 15.578574
v -0.215025 27.245758 15.655463
v -3.253866 27.200792 14.456406
v -5.163979 27.230841 14.217574
v -7.650093 27.372959 16.073572
v -7.874317 27.450260 16.509338
v -6.143238 27.320751 16.897289
v -4.209935 27.265905 17.809969
v -1.023852 27.161036 17.198975
v 1.725493 27.130703 17.218914
v 4.794623 26.960611 18.443975
v 5.704126 27.060425 18.399734
v 6.538968 26.890656 18.207775
v 8.064938 26.855951 17.182531
v 8.849205 26.799213 16.614491
v 9.752951 26.716089 14.853054
v 11.406955 26.629343 11.509757
v 10.963856 26.654221 8.527107
v 10.329369 26.750540 7.644361
v -12.378814 27.702152 9.247617
v -15.277688 27.937050 7.625113
v -15.826301 27.950800 6.165842
v -11.172194 27.598732 3.208193
v -15.310525 27.676050 -0.815495
v -14.885284 27.829367 -2.871042
v -11.654303 27.688019 -6.687987
v -10.402148 27.636732 -7.842204
v -8.525306 27.567879 -7.282489
v -7.065674 27.524071 -5.814729
v -7.055410 27.541565 -4.226218
v -7.556345 27.568607 -2.657775
v -7.582276 27.583221 -1.162060
v -7.134874 27.580830 0.319161
v -5.599557 27.554497 3.402212
v -6.944198 27.631525 6.218814
v -6.794230 27.491327 7.290161
v -5.074063 27.587816 9.032326
v -1.117214 27.479967 11.395379
v 1.890325 27.333679 8.071229
v 1.180320 27.350340 6.784881
v -0.084698 27.214622 5.734588
v -0.852675 27.387413 3.262781
v -0.885191 27.376148 1.885579
v -1.361509 27.236254 0.592305
v -2.949688 27.437733 -0.387189
v -4.261601 27.475266 -1.709700
v -3.926363 27.443514 -3.871501
v -2.469016 27.188704 -5.665609
v 1.324527 27.062483 -5.180545
v 2.028280 27.230404 -3.673116
v 1.411917 27.286240 -0.148401
v 1.337761 27.299854 1.145514
v 2.533324 27.260468 1.769588
v 3.987426 27.041212 2.287005
v 4.728407 27.044729 3.208512
v 5.220393 27.109381 4.785351
v 5.269338 27.049200 5.993801
v 5.037100 27.221899 7.555517
v 4.258790 27.129354 10.658504
v 3.361914 27.342066 14.181746
v 1.299476 27.408503 14.087503
v -1.095758 27.333542 13.490516
v -5.264205 27.726658 13.155438
v -13.792088 27.698696 11.535162
v -15.794328 27.828051 10.898023
v -17.358646 27.874229 9.962886
v -18.325939 28.045746 8.936307
v -19.045177 27.918301 7.907301
v -19.829775 27.907774 4.896749
v -17.817532 27.972279 2.553419
v -17.285229 27.807245 1.379678
v -18.434845 27.959450 -1.190671
v -18.271244 27.798939 -2.429676
v -18.152597 27.773380 -4.995881
v -18.158766 27.914961 -6.346280
v -15.763444 27.656160 -8.515387
v -14.242870 27.670469 -8.912060
v -12.565348 27.533772 -9.032269
v -9.748215 27.587301 -9.427379
v -7.950988 27.524319 -9.421215
v -6.126258 27.463457 -9.069686
v -4.524064 27.269892 -8.177217
v -2.970004 27.220779 -7.485737
v -1.284820 27.307455 -7.660842
v 0.563342 27.248270 -8.049359
v 2.722136 27.173338 -8.015185
v 4.484509 27.114019 -7.308249
v 5.092606 26.955151 -5.655129
v 6.054483 27.096323 -2.532471
v 8.331830 27.045727 -0.154844
v 8.965363 26.859188 1.287564
v 7.002853 26.974777 4.250927
v 7.056832 26.988010 5.948542
v 7.433461 27.136015 7.707145
v 7.171485 27.014528 9.578954
v 6.102347 27.084267 12.986822
v 5.150259 27.129776 14.523374
v 1.568506 27.265808 15.988627
v -3.308096 27.420677 14.654291
v -5.044573 27.483603 14.486640
v -5.963577 27.519573 14.930884
v -7.425635 27.746492 16.126474
v -7.735411 27.744322 16.466770
v -5.898350 27.679321 16.688066
v -4.160471 27.473856 17.605482
v -2.775847 27.430620 17.436773
v -1.358391 27.524569 17.072664
v 0.063803 27.328873 16.979319
v 1.810580 27.409990 17.106466
v 4.805614 27.173223 18.234873
v 6.514843 27.090525 17.984171
v 7.922173 27.201622 17.076365
v 8.702831 27.029753 16.465754
v 9.666924 26.971661 14.398948
v 10.479483 26.931988 13.013137
v 11.118557 26.895624 11.524083
v 11.145411 26.879930 9.976504
v 10.784301 26.881098 8.619996
v 10.241611 27.038263 7.711207
v 9.669459 26.853697 6.985744
v -15.526045 28.298994 -10.831824
v -15.259283 28.249228 -12.169518
v -15.532486 28.048338 -12.048030
v -14.080190 28.231766 -14.866629
v -12.893680 28.158478 -15.428247
v -11.387513 27.918367 -12.425041
v -11.404004 28.043459 -12.081922
v -9.423844 27.934435 -11.370502
v -7.857473 27.777018 -12.503971
v -5.901555 27.715664 -15.814901
v -5.955385 27.599295 -16.151188
v -3.885910 27.611326 -15.681554
v -2.053852 27.470766 -14.117974
v -1.786251 27.218061 -14.379486
v 0.320327 27.345842 -12.955052
v 1.303213 27.279058 -12.152591
v 1.016222 27.290905 -10.445469
v -0.150426 27.363417 -9.055845
v -1.565094 27.400177 -8.792295
v -2.121853 27.441372 -9.102926
v -3.131245 27.403637 -8.922551
v -4.630814 27.496706 -8.749478
v -5.397078 27.662401 -8.822368
v -6.056440 27.581724 -8.105900
v -7.669598 27.800859 -7.050151
v -7.436343 27.540796 -6.885038
v -8.938690 27.869194 -6.300928
v -10.463207 27.735826 -6.499806
v -11.836409 28.044415 -7.326961
v -12.882435 28.091585 -6.963155
v -12.881072 27.883242 -6.739942
v -13.830768 28.178169 -6.287031
v -14.147567 28.073875 -5.329665
v -16.328703 28.343719 -2.436206
v -16.037443 28.061319 -2.310626
v -16.536757 28.347506 -0.500997
v -14.669357 28.158142 1.265809
v -12.474923 28.088724 2.365378
v -11.211966 28.017002 1.578738
v -10.182422 27.932734 -0.011439
v -10.374924 27.825947 -0.202773
v -9.107715 27.747280 -1.039660
v -8.984706 27.865728 -0.694645
v -6.704609 27.604467 -1.483749
v -6.662290 27.719244 -1.206896
v -5.351294 27.640272 -1.885362
v -5.509466 27.484837 -2.198468
v -4.344817 27.608624 -3.900180
v -3.454667 27.554640 -5.077045
v -1.463855 27.429951 -5.043313
v 0.241887 27.304956 -3.936008
v 0.454681 27.175489 -4.103468
v 1.012180 27.136179 -2.190188
v 0.746438 27.268864 -2.189072
v 0.378868 27.280161 -0.439664
v -1.044361 27.394861 0.209938
v -4.111125 27.539322 0.169872
v -2.689991 27.234596 0.666027
v -5.888266 27.690163 0.123644
v -6.367866 27.718122 1.191554
v -6.677933 27.704033 3.206229
v -7.516303 27.761335 3.967556
v -7.317230 27.504255 4.154647
v -9.543998 27.861233 4.769648
v -8.704908 27.673588 4.739585
v -9.761703 27.650703 5.024512
v -11.014120 27.943331 4.831746
v -10.867196 27.755171 5.042830
v -14.541063 28.161203 4.449743
v -14.747399 27.958414 4.669962
v -16.904188 28.357288 4.461262
v -16.974277 28.100147 4.769840
v -18.036745 28.426233 3.967883
v -18.259823 28.398985 2.125633
v -18.000135 28.396000 0.972093
v -18.245277 28.185547 -0.305022
v -18.213120 28.411917 -4.403059
v -17.743349 28.250051 -8.742647
v -17.388065 28.400261 -8.878426
v -17.782398 28.409039 -13.133992
v -18.010405 28.210384 -13.139424
v -17.314535 28.416712 -15.211099
v -17.626448 28.191175 -15.189142
v -16.655067 28.357882 -16.814022
v -16.908550 28.150345 -16.860111
v -15.194728 28.169544 -18.630428
v -15.018373 28.275356 -18.471714
v -14.096960 28.250441 -19.638346
v -14.399626 28.007051 -19.811129
v -13.473803 28.192360 -20.002258
v -13.579650 27.970112 -20.432331
v -12.338733 28.093718 -19.800495
v -12.213219 27.866690 -19.970245
v -9.763733 27.912951 -18.156101
v -8.413698 27.844042 -17.693819
v -8.411946 27.641479 -17.907442
v -5.595441 27.694304 -19.172710
v -5.998831 27.608772 -19.290789
v -4.757564 27.409046 -19.396915
v -3.592522 27.571293 -19.000725
v -3.502603 27.331945 -19.274399
v -1.052387 27.400059 -19.587658
v -2.209649 27.254150 -19.620783
v 0.422567 27.326643 -18.802206
v 1.415025 27.240259 -17.592657
v 1.577760 27.014288 -17.714369
v 1.951068 27.224159 -15.860286
v 2.139089 26.974913 -16.246763
v 2.524972 26.936684 -14.584212
v 3.150800 27.042803 -11.890193
v 3.070818 27.156149 -10.777234
v 3.400079 27.005352 -10.088709
v 3.231810 27.073599 -8.233907
v 2.725832 26.985500 -6.597767
v 2.024066 27.172125 -5.001163
v 2.247708 26.939440 -4.901355
v 2.533463 27.039730 -3.269430
v 2.959297 27.152332 -1.136250
v 3.167725 27.132214 0.696640
v 3.470257 26.852543 0.673434
v 2.736698 27.154659 2.288636
v 1.362952 27.186930 3.172931
v 1.500024 26.961090 3.342180
v -0.277012 27.317543 3.570098
v -0.254749 27.067972 3.868918
v -1.692411 27.243280 4.802826
v -1.712610 27.396128 4.457916
v -3.769525 27.542221 7.025268
v -4.862542 27.550024 7.899240
v -4.854928 27.338663 8.109110
v -7.971234 27.758533 6.318875
v -8.036676 27.540531 6.544866
v -9.676190 27.715034 6.787983
v -12.408468 28.037323 7.232628
v -11.406035 27.868851 7.314659
v -13.175056 27.854462 7.418800
v -16.674212 28.287472 6.626035
v -16.729525 28.081970 6.834035
v -18.281843 28.440889 5.744260
v -18.449062 28.185150 6.063876
v -19.551281 28.492874 4.406626
v -20.015959 28.557224 2.560826
v -20.369831 28.310335 2.706990
v -20.266708 28.380404 0.851106
v -19.856951 28.524307 0.260778
v -19.453665 28.487307 -2.400584
v -19.697147 28.275084 -2.318157
v -19.453279 28.518427 -4.068774
v -19.756100 28.291979 -4.041381
v -20.078199 28.528751 -5.001339
v -20.346441 28.302269 -4.907032
v -21.615555 28.629040 -6.408608
v -22.144211 28.642178 -6.642184
v -22.380161 28.692209 -4.679421
v -22.728046 28.458862 -2.749368
v -22.939156 28.698256 -2.530601
v -22.389288 28.445793 -1.420543
v -21.830727 28.646593 1.292549
v -21.935093 28.536894 -0.019290
v -21.554466 28.386908 1.364417
v -21.835087 28.641447 3.096487
v -21.557453 28.503731 3.117424
v -22.365862 28.638536 6.167629
v -22.169294 28.411921 6.212364
v -22.421394 28.663031 7.317338
v -22.187262 28.411463 7.118855
v -21.672760 28.357895 7.886192
v -20.192348 28.499002 9.978684
v -20.771923 28.468872 9.161017
v -19.902296 28.268185 9.860857
v -16.818047 28.303566 11.192353
v -17.714563 28.124632 10.542786
v -16.263924 28.034351 11.156035
v -14.789944 28.187948 11.873995
v -14.697715 27.938019 11.597154
v -13.207438 28.091084 11.723140
v -13.164024 27.843781 11.420602
v -11.358233 27.921110 10.766817
v -11.867235 27.763998 10.883712
v -10.344151 27.822962 9.599443
v -15.049465 28.094942 -10.750898
v -14.938146 28.080811 -11.478001
v -9.398937 27.764757 -10.873487
v -7.830153 27.792036 -12.131766
v -2.111292 27.301603 -13.761935
v -3.220885 27.359640 -9.534479
v -4.813698 27.457861 -9.329121
v -6.335246 27.549107 -8.655839
v -7.671372 27.628454 -7.542115
v -9.006307 27.708735 -6.795710
v -10.499742 27.800434 -7.214118
v -11.928463 28.030708 -7.583551
v -13.017542 28.103212 -7.193992
v -14.828033 28.069777 -5.440226
v -14.803142 28.184235 1.490944
v -10.068605 27.753769 0.331476
v -6.471226 27.537020 -0.920422
v -5.147360 27.456360 -1.631983
v 0.083939 27.131451 -0.769440
v -2.703836 27.301336 -0.029970
v -4.499274 27.552654 -0.124130
v -7.008673 27.558367 2.801661
v -7.692372 27.599915 3.589245
v -8.950802 27.813377 4.318483
v -10.393065 27.901560 4.574949
v -14.025318 27.988403 4.005573
v -15.019141 28.195808 4.180700
v -17.723623 28.365356 -0.233368
v -17.899334 28.388203 -4.369551
v -17.059223 28.213198 -8.714931
v -17.487421 28.387104 -13.082208
v -16.995979 28.222879 -14.902848
v -16.465048 28.333166 -16.573559
v -15.473327 28.136059 -17.455757
v -14.760741 28.233788 -18.391262
v -12.417694 28.085417 -19.528765
v -9.800809 27.931042 -17.806536
v -8.452078 27.864893 -17.433739
v -5.933042 27.551622 -18.664965
v -4.718885 27.477568 -18.687567
v -3.519815 27.542233 -18.746656
v -1.165370 27.399664 -19.319445
v 0.065618 27.182093 -18.502338
v 1.305413 27.242418 -17.240904
v 1.771236 27.066830 -14.616034
v 2.782389 26.992466 -10.154356
v 2.872125 27.127956 -8.311232
v 2.037254 27.028759 -6.678738
v 1.775157 27.197992 -4.965466
v 1.915551 27.026232 -3.224570
v 1.182801 27.192968 2.931373
v -0.585399 27.162909 3.251839
v -1.864864 27.239544 4.102025
v -2.726572 27.428404 5.343693
v -4.875951 27.553553 7.593058
v -7.974017 27.764795 6.043593
v -9.662442 27.713932 6.118377
v -11.402458 27.819435 6.688065
v -13.200963 28.067694 6.894875
v -16.592897 28.279491 6.340725
v -19.102577 28.300062 4.278014
v -19.595156 28.339550 0.947386
v -19.228806 28.321850 -0.823475
v -19.187721 28.471432 -2.480077
v -19.092495 28.322990 -4.247556
v -19.826134 28.508287 -5.155490
v -21.563189 28.623240 -6.662349
v -22.227242 28.679026 -6.896545
v -22.724619 28.546738 -4.906692
v -23.236412 28.717783 -2.868349
v -23.081524 28.560431 -1.381279
v -22.562231 28.524582 0.036387
v -22.253693 28.502279 1.382358
v -22.046665 28.582592 3.053411
v -22.660604 28.653017 6.154233
v -22.864229 28.523951 7.253014
v -22.238062 28.619635 7.989775
v -20.504995 28.514944 10.076689
v -18.020720 28.227711 11.195120
v -16.451023 28.255539 11.640805
v -14.764749 28.011501 12.288055
v -13.043589 27.906050 12.089186
v -11.615425 27.977795 11.301175
v -10.606118 27.759518 10.818020
v -9.899645 27.736212 10.085554
v -15.022781 28.093592 -10.746408
v -14.803986 27.846262 -11.871069
v -14.866037 28.072294 -11.834360
v -14.646029 28.058130 -12.602899
v -13.965235 28.021717 -14.624464
v -13.933639 28.032467 -14.596020
v -12.891879 27.959150 -15.136640
v -12.891115 27.957027 -15.149981
v -11.406500 27.856529 -11.805840
v -11.432025 27.864260 -11.788196
v -9.413955 27.536057 -10.816750
v -9.401958 27.751780 -10.890279
v -7.804421 27.635235 -11.975192
v -7.815096 27.232079 -11.922586
v -7.804421 27.635235 -11.975192
v -5.871283 27.536486 -15.521749
v -5.898265 27.527637 -15.557640
v -4.004255 27.410635 -15.408268
v -4.007880 27.416185 -15.392603
v -2.108772 27.289492 -13.775694
v -0.198221 27.169518 -12.908500
v -0.268661 26.781069 -12.869411
v -0.198221 27.169518 -12.908500
v 1.012207 27.092754 -12.083345
v 1.012207 27.092754 -12.083345
v 0.807250 27.101267 -10.576939
v 0.794412 27.105528 -10.578333
v -0.277728 27.168793 -9.331542
v -0.265168 27.163866 -9.320511
v -1.657227 27.249371 -9.245281
v -1.677260 27.256603 -9.264297
v -3.242907 27.133154 -9.592601
v -3.221574 27.346428 -9.520434
v -4.843374 27.230333 -9.384369
v -4.810901 27.443703 -9.315114
v -6.368986 27.321989 -8.712140
v -6.325168 27.535110 -8.646068
v -7.704490 27.401340 -7.597332
v -7.664286 27.614506 -7.530115
v -9.033562 27.480698 -6.852794
v -9.006205 27.695070 -6.780020
v -10.553089 27.574982 -7.282770
v -10.528851 27.789980 -7.208625
v -12.010118 27.667395 -7.820963
v -11.982955 27.880978 -7.750080
v -11.982955 27.880978 -7.750080
v -13.119289 27.949806 -7.338631
v -13.124644 27.956303 -7.354711
v -14.018614 28.009407 -6.458621
v -14.028112 28.003267 -6.421755
v -15.076906 27.850750 -5.212541
v -14.997233 28.057987 -5.172377
v -15.618489 28.095085 -4.185102
v -16.669127 28.154921 -2.406682
v -16.756821 27.852135 -2.420684
v -16.669127 28.154921 -2.406682
v -16.801945 28.157589 -0.383800
v -16.801945 28.157589 -0.383800
v -14.867297 28.033066 1.611542
v -14.898479 28.046194 1.638167
v -12.421005 27.883743 2.658098
v -12.418140 27.879480 2.642439
v -11.007439 27.795004 1.771985
v -11.001880 27.800091 1.791186
v -10.080590 27.741892 0.322830
v -9.082979 27.682394 -0.382436
v -8.958320 27.449717 -0.380258
v -9.082979 27.682394 -0.382436
v -7.914784 27.611307 -0.687084
v -7.914784 27.611307 -0.687084
v -6.463267 27.307070 -0.868158
v -6.476133 27.523413 -0.934431
v -5.150110 27.449850 -1.625265
v -4.367555 27.400082 -3.315783
v -4.359499 27.006355 -3.260916
v -4.367555 27.400082 -3.315783
v -3.386540 27.358187 -4.733332
v -3.411549 27.345198 -4.774789
v -1.612942 27.234617 -4.826439
v -1.620063 27.247192 -4.786030
v 0.005142 27.144119 -3.826561
v 0.033914 27.130592 -3.858807
v 0.534681 27.095411 -2.259966
v 0.493070 27.110334 -2.252430
v 0.057604 27.134079 -0.783760
v -1.070317 27.188328 -0.094390
v -1.081518 27.194586 -0.108272
v -2.712332 27.289200 -0.016589
v -4.572983 27.404478 -0.285559
v -4.598634 27.189808 -0.354373
v -4.572983 27.404478 -0.285559
v -6.092641 27.502781 -0.141513
v -6.083893 27.497068 -0.126988
v -6.676720 27.529860 1.233452
v -6.686510 27.535624 1.211758
v -6.995312 27.545193 2.805960
v -7.736918 27.373175 3.541852
v -7.683519 27.585398 3.600678
v -9.023709 27.453651 4.079754
v -8.992879 27.664795 4.150401
v -8.991734 27.665646 4.149559
v -10.030137 27.510090 4.287318
v -10.011127 27.727310 4.359607
v -9.787810 27.712952 4.329535
v -10.509582 27.757298 4.362617
v -11.454380 27.602480 4.235332
v -11.448096 27.814888 4.310102
v -11.448864 27.815800 4.308679
v -14.701960 27.795824 3.911416
v -14.017753 27.974209 4.020010
v -15.179984 28.045767 4.015121
v -15.179984 28.045767 4.015121
v -16.672434 28.137138 4.203502
v -16.661819 27.826571 4.139907
v -16.672434 28.137138 4.203502
v -17.783405 28.211035 3.790892
v -17.795887 28.207392 3.801084
v -17.851074 28.215626 2.023787
v -17.833239 28.219721 1.993303
v -17.547476 28.209709 -0.278412
v -17.564741 28.204338 -0.304575
v -17.745268 28.227163 -4.287865
v -17.687796 28.009558 -4.322079
v -17.748285 28.226547 -4.327003
v -17.013950 27.985012 -8.662454
v -17.074564 28.197334 -8.664199
v -17.330431 28.225271 -13.018313
v -17.330925 28.224705 -13.018220
v -17.276295 27.984713 -12.989040
v -16.958597 27.990530 -14.879660
v -17.010899 28.209990 -14.906753
v -16.334528 28.179487 -16.445322
v -16.354277 28.173758 -16.447931
v -16.236334 27.840345 -16.568226
v -15.479367 28.122686 -17.470484
v -14.603747 27.852428 -18.236378
v -14.637756 28.073101 -18.290628
v -14.637756 28.073101 -18.290628
v -14.081055 28.041370 -19.224468
v -14.080047 27.647703 -19.165352
v -14.081055 28.041370 -19.224468
v -13.460157 28.019037 -19.713522
v -13.471855 28.005333 -19.762119
v -12.488514 27.943228 -19.399708
v -12.486589 27.949276 -19.378914
v -9.875331 27.778160 -17.643736
v -9.919944 27.544010 -17.579502
v -9.875331 27.778160 -17.643736
v -8.504786 27.698547 -17.223135
v -8.504194 27.692644 -17.240789
v -7.197396 27.613962 -17.888634
v -7.219196 27.621105 -17.856859
v -5.943810 27.324938 -18.605925
v -5.939774 27.538685 -18.678436
v -4.698202 27.469509 -18.682653
v -3.521406 27.172827 -18.505308
v -3.506639 27.388624 -18.578300
v -3.506639 27.388624 -18.578300
v -2.291707 27.314785 -18.929443
v -2.310677 27.098146 -18.857714
v -2.291707 27.314785 -18.929443
v -1.091626 27.241426 -19.119986
v -1.091626 27.241426 -19.119986
v 0.018472 26.955648 -18.463373
v 0.073285 27.168068 -18.515036
v 0.988376 27.114918 -17.380480
v 0.998323 27.108076 -17.397331
v 1.478735 27.074825 -16.049593
v 1.396161 26.865416 -16.027168
v 1.478735 27.074825 -16.049593
v 1.758226 27.061117 -14.647460
v 2.523726 26.999599 -12.002152
v 2.440378 26.792206 -11.984297
v 2.524244 26.999077 -12.004122
v 2.710619 26.767132 -10.160116
v 2.795891 26.977695 -10.155228
v 2.610923 26.768879 -8.412462
v 2.695682 26.979084 -8.396790
v 2.695682 26.979084 -8.396790
v 1.967230 26.803690 -6.698222
v 2.051242 27.014084 -6.679183
v 1.544088 27.047556 -4.974706
v 1.561522 27.039572 -4.970270
v 1.839022 26.801699 -3.237658
v 1.925498 27.012455 -3.237921
v 2.475735 26.755434 -1.430506
v 2.558662 26.968569 -1.434655
v 2.558662 26.968569 -1.434655
v 2.876493 26.943769 0.487064
v 2.791392 26.640207 0.466811
v 2.876493 26.943769 0.487064
v 2.503467 26.967934 2.041656
v 2.517829 26.961590 2.049902
v 1.121544 27.045572 2.776501
v 1.099091 27.053391 2.766583
v -0.578106 27.155832 3.243807
v -1.907746 27.012657 4.050054
v -1.854204 27.225140 4.110851
v -2.928001 27.070217 5.196807
v -2.873499 27.284771 5.256904
v -2.873499 27.284771 5.256904
v -3.810079 27.338654 6.643325
v -3.854396 26.947636 6.580618
v -3.810079 27.338654 6.643325
v -4.900657 27.188572 7.343501
v -4.896220 27.402210 7.429806
v -4.879671 27.402401 7.415743
v -6.298015 27.491610 6.719821
v -7.929760 27.598894 5.845118
v -7.933800 27.594658 5.857590
v -9.645530 27.705904 6.110886
v -11.414610 27.592323 6.628157
v -11.400378 27.805771 6.701808
v -13.156656 27.915596 6.729316
v -13.124494 27.621838 6.652401
v -13.156245 27.914349 6.729976
v -16.489994 28.120464 6.200196
v -16.489994 28.120464 6.200196
v -17.997028 28.214939 5.576715
v -17.997028 28.214939 5.576715
v -19.068579 28.068640 4.254698
v -19.115892 28.287331 4.286373
v -19.685059 28.333298 2.628885
v -19.701607 28.327873 2.638467
v -19.588230 28.332670 0.925509
v -19.187407 28.089499 -0.802467
v -19.244968 28.309172 -0.816969
v -19.015272 28.300032 -2.653788
v -18.957651 28.080217 -2.654257
v -19.015272 28.300032 -2.653788
v -19.052143 28.091389 -4.264970
v -19.107561 28.310040 -4.243598
v -19.714386 28.346678 -5.263037
v -19.668419 28.130260 -5.311553
v -19.712742 28.349958 -5.267073
v -21.542194 28.466909 -6.811278
v -21.542194 28.466909 -6.811278
v -22.287003 28.516104 -7.082362
v -22.282400 28.513187 -7.069600
v -22.549932 28.527313 -6.210301
v -22.553518 28.530878 -6.257431
v -22.735466 28.540882 -4.885098
v -23.139320 28.557098 -3.821911
v -23.150057 28.565027 -3.847060
v -23.418610 28.578114 -2.732089
v -23.401142 28.570234 -2.728582
v -23.094023 28.554325 -1.408830
v -22.634085 28.300486 0.044868
v -22.549076 28.510265 0.034687
v -22.336063 28.190935 1.376425
v -22.240324 28.487591 1.381604
v -22.248823 28.262829 2.948851
v -22.158491 28.479092 2.652786
v -22.158491 28.479092 2.652786
v -22.318100 28.485661 3.849462
v -22.318100 28.485661 3.849462
v -22.855930 28.519745 6.137047
v -22.840647 28.512777 6.145069
v -22.868458 28.516867 7.249635
v -22.395248 28.478874 8.086890
v -22.416695 28.486774 8.086219
v -21.727737 28.442654 8.878418
v -21.737045 28.436316 8.838603
v -21.138906 28.397295 9.644512
v -21.206696 28.185844 9.692612
v -21.138906 28.397295 9.644512
v -20.418427 28.357912 10.353613
v -20.404785 28.350197 10.341327
v -19.338610 28.283407 10.765742
v -19.376562 28.292566 10.771060
v -17.979792 28.205761 11.200907
v -16.445601 28.102427 11.825192
v -16.481892 27.888462 11.894085
v -16.445601 28.102427 11.825192
v -14.787663 27.782671 12.344316
v -14.765832 27.997787 12.273345
v -13.052242 27.899319 12.094197
v -11.573572 27.810040 11.519251
v -11.572135 27.803286 11.498040
v -10.588144 27.529665 10.867758
v -10.617324 27.746384 10.808627
v -9.923105 27.705685 10.063132
v -15.128815 27.591291 -10.760323
v -14.927218 27.570517 -11.916010
v -14.024898 27.513664 -14.653934
v -12.929070 27.403536 -15.202693
v -11.407422 27.239256 -11.945901
v -4.036553 27.028175 -15.374455
v -2.152120 26.906265 -13.713690
v 0.935714 26.692396 -12.067738
v 0.759112 26.716785 -10.590323
v -0.270474 26.625378 -9.299330
v -1.685905 26.873642 -9.285905
v -3.255144 26.845036 -9.480899
v -4.839788 26.940937 -9.273555
v -6.345523 27.032658 -8.605101
v -7.668314 27.110617 -7.500230
v -9.025036 27.190508 -6.738272
v -12.045921 27.391964 -7.694549
v -13.163033 27.420361 -7.296953
v -14.088199 27.628109 -6.441339
v -15.042517 27.562923 -5.089840
v -16.877058 27.761183 -0.365510
v -14.785047 27.408869 1.531546
v -12.436048 27.498478 2.676626
v -11.043370 27.264183 1.732276
v -10.076686 27.355152 0.385924
v -9.005631 27.171059 -0.495075
v -6.514239 27.021555 -0.977708
v -5.163612 27.061640 -1.608477
v -3.459482 26.840145 -4.814874
v -1.639127 26.725395 -4.865411
v 0.635321 26.470551 -2.290628
v -1.067773 26.654648 -0.074652
v -2.718586 26.902464 -0.080155
v -4.606508 26.901625 -0.246553
v -6.127773 27.114727 -0.159631
v -6.695007 26.995518 1.285116
v -7.064104 27.161856 2.753777
v -7.684821 27.080185 3.629915
v -9.356655 27.185604 4.306931
v -10.955132 27.347757 4.357718
v -14.798330 27.518906 4.024799
v -17.791149 27.819454 3.779395
v -17.837816 27.835983 2.019021
v -17.547504 27.825228 -0.311376
v -17.819216 27.729626 -4.325660
v -17.148441 27.697128 -8.685047
v -17.404484 27.724815 -13.016991
v -17.083778 27.710148 -14.912665
v -16.401478 27.604918 -16.683924
v -12.546268 27.413534 -19.449486
v -9.896748 27.277470 -17.682098
v -8.519882 27.160881 -17.275955
v -7.192944 27.159288 -17.894165
v -5.980013 27.037642 -18.720610
v -4.747531 27.085157 -18.662483
v -3.530416 26.886740 -18.622751
v -1.131830 26.937105 -19.050577
v 0.076805 26.549952 -18.682737
v 0.939238 26.731899 -17.382549
v 1.551141 26.491089 -16.056034
v 1.724276 26.675919 -14.597567
v 2.533475 26.497768 -12.003596
v 2.806266 26.473192 -10.168203
v 2.768607 26.407801 -8.420014
v 2.050680 26.510874 -6.639207
v 1.498206 26.662401 -4.972388
v 1.941832 26.507809 -3.222549
v 2.467001 26.581440 2.023007
v 1.080356 26.669056 2.740360
v -0.625500 26.772366 3.229280
v -1.869209 26.722038 4.151053
v -2.890911 26.781677 5.304491
v -7.975474 27.227863 5.818285
v -9.684672 27.320744 6.092179
v -11.423109 27.303827 6.740922
v -16.422331 27.792959 6.156262
v -17.966154 27.907364 5.522126
v -19.253336 27.677341 4.424838
v -19.685759 27.946507 2.636419
v -19.593040 27.946495 0.952004
v -19.311239 27.810024 -0.859181
v -19.180733 27.809805 -4.238270
v -19.782394 27.840519 -5.230433
v -21.545637 28.128237 -6.869604
v -22.318344 28.122459 -7.099976
v -22.603287 28.154053 -6.224811
v -22.772495 28.161545 -4.923197
v -23.190477 28.108646 -3.797606
v -23.464077 28.192741 -2.731145
v -23.129999 28.169636 -1.377206
v -22.266844 27.934729 0.771333
v -22.152775 27.973618 2.985421
v -22.901909 28.131815 6.147565
v -22.912025 28.131622 7.258500
v -22.418425 28.085709 8.108746
v -20.624399 27.777180 10.073209
v -20.354876 27.970961 10.448722
v -18.218586 27.729265 11.106125
v -16.445488 27.599401 11.790132
v -14.784439 27.494730 12.230470
v -13.059947 27.512142 12.110874
v -11.574039 27.423542 11.530611
v -10.999304 27.199816 10.986579
v -9.906656 27.308630 10.106714
v -15.511257 27.483147 -10.823271
v -14.203353 27.412199 -14.861486
v -9.416291 27.134373 -11.067410
v -7.846309 27.017027 -12.337488
v -5.985591 26.916256 -15.707279
v -4.058615 26.769081 -15.743695
v -1.887330 26.653698 -13.977879
v -0.021027 26.530506 -13.209500
v 1.284740 26.450340 -12.224423
v 1.013226 26.447077 -10.549996
v -1.620810 26.649857 -9.069788
v -4.056815 26.774071 -9.217556
v -6.581125 26.931511 -8.030060
v -9.050024 27.075129 -6.429267
v -11.977388 27.253021 -7.370629
v -14.259225 27.411154 -5.911976
v -16.548275 27.552532 -2.356607
v -16.505674 27.513678 -0.451565
v -12.455091 27.238077 2.348731
v -10.328977 27.135296 0.099383
v -9.146550 27.064917 -0.737973
v -6.555982 26.906693 -1.254605
v -5.323768 26.807030 -1.974674
v -3.590899 26.734280 -5.101298
v -1.601819 26.609125 -5.122041
v 0.093165 26.508255 -3.963680
v 0.191602 26.493162 -0.686784
v -1.078962 26.583548 0.347609
v -4.670559 26.783037 0.081764
v -5.992670 26.845665 0.171547
v -6.736814 26.922340 2.723048
v -7.441090 26.943789 3.874755
v -9.100557 27.048218 4.518950
v -10.929776 27.190256 4.536842
v -14.688858 27.405544 4.217452
v -16.760914 27.547367 4.353354
v -18.056646 27.579517 4.019300
v -18.195625 27.589895 2.478438
v -17.776411 27.621405 -0.355598
v -18.098391 27.626526 -4.509392
v -17.443754 27.596487 -8.588891
v -17.669922 27.623213 -13.072387
v -17.446463 27.610453 -14.938995
v -14.691106 27.500288 -18.454483
v -14.739252 27.477936 -18.909706
v -13.563073 27.393137 -19.923342
v -9.804052 27.152458 -17.918680
v -6.038107 26.918180 -19.013134
v -2.896071 26.751162 -18.943581
v -1.094736 26.646959 -19.290606
v 1.160223 26.450768 -17.678637
v 3.045826 26.344023 -10.857415
v 1.712758 26.428490 -4.942867
v 2.609597 26.362854 -1.645603
v 2.998128 26.341015 0.504535
v 2.745639 26.301199 2.211265
v 1.517994 26.372374 2.938857
v -0.596037 26.522232 3.524569
v -2.061857 26.612217 4.670828
v -3.649130 26.700920 6.939740
v -4.913011 26.839087 7.527098
v -8.044868 27.000593 6.045934
v -9.757837 27.109779 6.323480
v -10.717177 27.157579 6.839515
v -13.094890 27.314232 6.912865
v -16.535755 27.528093 6.378606
v -18.174173 27.576563 5.859118
v -20.037992 27.699915 2.793847
v -19.922789 27.718630 1.137587
v -19.161196 27.727654 -2.735488
v -20.202007 27.753866 -5.206672
v -21.648855 27.877766 -6.682671
v -22.275820 27.889570 -6.849906
v -22.581009 27.928671 -4.869003
v -23.270653 27.961329 -2.562549
v -22.572233 27.902048 -1.083847
v -21.875914 27.836014 3.102774
v -22.706793 27.907692 6.204892
v -22.634424 27.869244 7.254174
v -22.047300 27.853352 8.253325
v -16.091303 27.454996 11.530890
v -12.981742 27.240862 11.722198
v -10.143482 27.098345 9.862736
v -15.797744 27.716747 -10.872719
v -15.435704 27.557173 -11.968896
v -12.980433 27.369169 -15.588767
v -11.413564 27.449238 -12.522544
v -7.905829 27.248697 -12.693503
v -1.848289 26.766317 -14.273820
v -0.080816 26.560509 -8.963483
v -1.544415 26.650852 -8.780514
v -3.184981 26.833420 -8.930205
v -4.688118 26.924629 -8.750419
v -6.110592 27.011600 -8.101571
v -7.443623 27.146622 -6.927308
v -8.916825 27.177452 -6.189753
v -10.459155 27.274467 -6.598743
v -13.005222 27.346107 -6.922291
v -14.168494 27.448660 -5.444895
v -16.137371 27.591326 -2.296908
v -14.600895 27.614378 1.173061
v -11.217891 27.218973 1.315993
v -9.185291 27.175404 -1.010098
v -6.719869 27.029964 -1.486405
v -4.660506 26.826557 -3.712346
v 1.071962 26.661985 -2.193237
v -2.693333 26.777374 0.557365
v -8.949369 27.137802 4.742488
v -10.128906 27.131020 4.841739
v -11.552176 27.313040 4.914808
v -14.772578 27.428190 4.460818
v -16.953413 27.620447 4.714738
v -18.077766 27.644943 -0.307422
v -18.381027 27.759272 -4.390907
v -17.758211 27.770798 -8.865566
v -16.603756 27.615383 -17.098265
v -14.416309 27.533911 -19.736385
v -13.600304 27.501099 -20.321012
v -12.385322 27.346655 -19.821251
v -9.705862 27.258757 -18.184196
v -8.462069 27.096012 -17.702091
v -6.006112 27.005774 -19.277855
v -3.511804 26.940258 -19.252075
v -1.172957 26.654581 -19.610516
v 0.447030 26.754387 -19.032318
v 1.897007 26.459047 -16.090118
v 3.122685 26.453550 -11.892730
v 3.358267 26.433475 -10.123053
v 3.201537 26.374594 -8.353763
v 1.995648 26.423386 -5.014307
v 2.504793 26.467989 -3.229414
v 2.978281 26.350727 -1.476643
v 3.382779 26.380360 0.622067
v -0.307746 26.679060 3.852913
v -1.560132 26.696474 4.612513
v -2.524237 26.811140 5.797691
v -4.884941 26.807379 7.889162
v -8.054944 27.009686 6.331692
v -11.423543 27.296349 7.304041
v -13.247800 27.326921 7.211772
v -16.713152 27.541225 6.628339
v -19.728277 27.933449 4.595621
v -20.301847 27.918743 0.901242
v -19.524496 27.738884 -2.266975
v -19.542643 27.710739 -4.191909
v -21.706049 27.889299 -6.413007
v -22.163719 27.983692 -6.579727
v -22.321959 27.915977 -4.809356
v -22.968836 27.954866 -2.771238
v -21.942116 27.894791 0.307308
v -21.594830 27.931416 3.034660
v -22.404209 27.898640 6.242852
v -22.233755 28.017769 7.134998
v -21.940020 27.858330 7.941826
v -20.722399 27.807068 9.318642
v -20.057772 27.739771 10.021976
v -18.197258 27.587103 10.686186
v -14.670465 27.366779 11.883970
v -11.776382 27.226360 11.048565
v -10.983089 27.261583 10.299938
v -15.567596 27.750748 -12.013292
v -14.338850 27.831720 -15.107593
v -12.967315 27.756660 -15.845096
v -9.433012 27.363306 -11.615883
v -6.001266 27.132736 -16.251804
v -3.902297 27.189417 -16.107906
v 0.301962 26.927792 -13.409001
v 1.609769 26.846754 -12.320047
v 1.303986 26.852013 -10.384315
v 0.044702 26.919306 -8.742229
v -1.525383 27.019381 -8.521876
v -3.143680 27.115709 -8.810923
v -4.626928 27.207207 -8.638652
v -6.033184 27.292334 -7.998864
v -8.880312 27.462687 -6.068046
v -11.844707 27.653397 -7.028894
v -12.891791 27.572590 -6.733885
v -14.381030 27.800406 -4.801553
v -16.194828 27.910067 -0.564827
v -12.508521 27.663731 1.978221
v -11.329642 27.596661 1.103677
v -10.466145 27.376394 -0.284724
v -9.366459 27.478313 -1.039071
v -8.114136 27.402355 -1.378735
v -6.755884 27.318943 -1.593290
v -5.546371 27.100792 -2.232446
v -4.780015 27.213100 -3.941947
v -3.645010 27.150583 -5.418229
v -1.461836 27.014847 -5.371904
v 0.497029 26.702330 -4.158317
v 0.519270 26.692352 -0.331888
v -0.870396 26.955000 0.560132
v -4.439095 27.178738 0.415363
v -5.729096 27.257641 0.513124
v -6.188468 27.279337 1.781536
v -6.516294 27.122074 3.297472
v -7.328921 27.191113 4.153677
v -8.820658 27.349211 4.848295
v -10.013103 27.352961 5.058926
v -11.581656 27.600773 5.030718
v -14.761851 27.650621 4.674118
v -18.359102 28.024166 4.246439
v -18.539045 28.036219 2.188637
v -18.272774 27.873001 -0.261169
v -18.480869 28.148285 -4.447268
v -18.021414 27.832079 -13.109888
v -17.652885 27.880205 -15.181911
v -16.934723 27.840351 -16.857130
v -16.039993 27.935209 -17.956860
v -15.123997 27.737373 -18.802002
v -12.249814 27.551998 -19.978323
v -9.657556 27.543077 -18.297638
v -8.432405 27.330235 -17.920944
v -6.035007 27.321377 -19.405491
v -4.794479 27.100786 -19.402842
v -2.239717 26.945072 -19.624933
v -0.897092 27.016289 -19.814533
v 1.558457 26.702797 -17.721323
v 2.120413 26.666246 -16.259579
v 2.492785 26.630409 -14.617869
v 3.264045 26.730860 -11.880999
v 3.495785 26.711365 -10.097724
v 3.389472 26.712505 -8.241496
v 2.711509 26.603949 -6.529877
v 2.232987 26.627981 -4.897060
v 2.636359 26.745785 -3.253418
v 3.265762 26.710859 -1.472228
v 3.051280 26.709169 2.514852
v 1.488869 26.650826 3.341432
v -1.466256 26.976698 4.704280
v -3.516854 27.104040 7.277360
v -4.868628 27.007790 8.102068
v -8.059252 27.229784 6.547359
v -9.731668 27.332327 6.825637
v -11.414749 27.580301 7.427510
v -13.308443 27.549765 7.419989
v -16.821499 27.770470 6.810749
v -18.467812 27.872789 6.069953
v -20.391611 27.998762 2.711766
v -19.717003 27.967371 -2.301192
v -19.780771 27.979891 -4.045665
v -20.341917 28.016830 -4.898274
v -21.710337 28.270342 -6.195073
v -22.088783 28.278416 -6.456768
v -22.064749 28.268965 -4.605460
v -22.749788 28.153034 -2.755782
v -22.399300 28.134319 -1.405101
v -21.844402 28.243183 -0.051990
v -21.570848 28.077007 1.350526
v -21.458647 28.206463 3.095380
v -22.185575 28.100306 6.219572
v -21.712305 28.045675 7.882148
v -20.619791 28.143267 9.152518
v -19.919079 27.958738 9.850154
v -17.746908 27.816645 10.532910
v -16.268209 27.724623 11.155302
v -14.710461 27.626459 11.591987
v -13.175824 27.531208 11.413783
v -11.881479 27.453379 10.876060
v -11.047128 27.550203 10.213060
v -10.414614 27.314581 9.555652
v 3.353412 27.342249 10.045899
v 2.172566 27.328041 10.730729
v 2.432096 27.105062 10.843849
v -0.626088 27.432207 11.636553
v -1.834270 27.458153 11.118664
v -0.594405 27.304148 7.990645
v -0.319101 27.423845 7.781961
v -1.100209 27.462496 5.825602
v -2.992368 27.440502 5.398632
v -6.766247 27.568407 6.128769
v -6.989480 27.451832 6.385887
v -8.003310 27.620790 4.529262
v -8.050491 27.607147 2.117156
v -8.438110 27.379036 2.077532
v -8.754600 27.655914 -0.433692
v -8.806660 27.657591 -1.703238
v -7.338320 27.628416 -2.619705
v -5.523354 27.594278 -2.665481
v -4.389908 27.517288 -1.781449
v -4.252477 27.518129 -1.157537
v -3.453348 27.399544 -0.524972
v -2.328210 27.373007 0.485324
v -1.866960 27.478970 1.114617
v -0.900098 27.339153 1.128138
v 0.968457 27.419832 1.644776
v 0.922470 27.177034 1.347672
v 2.371318 27.380459 2.099758
v 3.220843 27.130276 3.363574
v 3.526574 27.339354 4.953520
v 4.492321 27.300541 5.496247
v 4.646055 27.090538 5.336540
v 5.629837 27.305250 5.760996
v 6.549493 27.166092 5.357741
v 10.171990 27.232920 5.083261
v 10.056782 26.972874 4.767926
v 11.758504 27.199417 3.956244
v 11.837215 27.137703 1.380451
v 11.207662 27.228407 -0.991205
v 9.780641 27.264328 -1.416996
v 7.905287 27.278189 -1.136483
v 7.882718 27.158749 -0.871367
v 6.414875 27.188627 -1.267360
v 6.599038 27.312582 -1.581872
v 4.487337 27.239227 -2.775580
v 4.673563 27.353966 -2.984790
v 3.295367 27.385256 -3.518534
v 3.156046 27.221317 -3.200858
v 1.120497 27.454361 -2.936626
v -0.351530 27.483013 -2.824362
v -1.648004 27.514233 -4.340360
v -1.952511 27.511192 -6.354955
v -2.226141 27.400572 -6.409566
v -1.163995 27.384314 -8.096174
v -0.979766 27.495762 -7.891588
v 0.573377 27.459272 -8.775898
v 2.006214 27.455124 -8.137337
v 4.009450 27.359428 -5.812325
v 3.424452 27.161566 -7.218524
v 5.157068 27.371159 -4.446384
v 6.274841 27.349886 -4.794443
v 7.987201 27.289711 -5.898869
v 9.114108 27.272934 -5.774235
v 9.107372 27.030228 -6.060165
v 10.846231 27.202467 -4.986035
v 10.604272 26.995481 -5.373105
v 11.381179 26.975334 -4.803096
v 12.081227 27.171099 -3.724582
v 12.130956 26.992743 -3.984018
v 14.136664 27.116262 -0.825465
v 14.425490 26.895563 -0.827814
v 15.717016 27.126579 0.942281
v 15.978909 26.861393 0.776900
v 16.099417 27.111975 2.118902
v 14.865693 27.087337 3.505171
v 13.830358 27.117199 4.075628
v 13.023396 26.902052 5.094356
v 9.947495 27.174685 7.798069
v 6.378428 27.097178 10.315116
v 6.051305 27.276215 10.147381
v 3.125885 27.300241 13.262969
v 3.260417 27.084419 13.426668
v 1.262291 27.367056 14.290547
v 1.471090 27.117586 14.497390
v -0.376760 27.377443 14.857272
v -0.256372 27.151188 15.066502
v -2.712106 27.323732 14.960559
v -2.703359 27.441307 14.729054
v -4.186589 27.501274 14.812701
v -4.130767 27.236803 15.140795
v -4.873941 27.496103 14.585381
v -5.139405 27.270945 14.938055
v -5.478135 27.484455 13.598695
v -5.701692 27.269821 13.605706
v -5.957638 27.488071 10.575853
v -6.506927 27.520065 9.257353
v -6.680161 27.320599 9.387228
v -9.483670 27.607513 8.124528
v -9.310928 27.491943 8.499725
v -10.221819 27.391191 7.632499
v -10.684577 27.639843 6.507941
v -10.963169 27.411259 6.609857
v -12.811155 27.674414 4.990584
v -12.080734 27.438707 5.869551
v -13.201161 27.708208 3.364374
v -12.955912 27.686689 1.816860
v -13.168038 27.475471 1.764331
v -12.013640 27.693819 0.267362
v -12.442125 27.464264 0.370242
v -11.454344 27.438335 -1.021960
v -9.844104 27.563904 -3.269492
v -8.951117 27.658550 -3.941677
v -8.662065 27.526550 -4.651677
v -7.158120 27.561293 -5.751808
v -5.604397 27.416119 -6.462760
v -3.934484 27.529877 -6.987130
v -4.021370 27.314369 -7.232327
v -2.982136 27.418993 -8.522254
v -1.659341 27.541452 -10.248411
v -0.425760 27.517830 -11.620009
v 1.052080 27.489183 -12.352023
v 2.623021 27.404203 -11.910200
v 2.645664 27.187969 -12.136422
v 4.010843 27.401680 -10.941646
v 4.204890 27.151409 -11.169163
v 5.863747 27.203459 -10.705140
v 5.628016 27.357983 -10.453588
v 8.916903 27.314713 -10.611098
v 10.293302 27.227436 -10.373413
v 10.432731 27.015060 -10.529102
v 11.174778 27.209015 -6.992975
v 11.374093 26.984144 -7.105071
v 12.648942 27.027073 -6.032449
v 14.805020 27.129568 -4.269364
v 14.194483 27.039255 -5.081350
v 15.439421 26.885248 -3.829598
v 17.181833 27.051512 -0.667919
v 17.361740 26.840052 -0.775064
v 17.592138 27.088125 1.125369
v 17.926487 26.816601 1.025300
v 17.431761 27.055054 2.962954
v 16.360369 27.102840 4.536784
v 16.688612 26.827444 4.691534
v 15.235149 26.925505 5.848190
v 14.531354 27.107437 5.940690
v 12.270234 27.130989 7.401483
v 12.479920 26.899473 7.517871
v 11.022847 27.180134 8.508475
v 11.229676 26.930357 8.704889
v 10.737785 27.151604 9.593944
v 10.971875 26.903797 9.720160
v 10.705028 27.146473 11.680272
v 10.879927 27.120705 12.230675
v 12.508258 27.130814 11.108628
v 14.169012 26.850039 10.077271
v 14.486535 27.069763 10.102312
v 14.939496 26.849121 8.942838
v 16.614170 27.063580 6.737679
v 15.694339 26.960314 7.679417
v 16.470039 26.825562 6.470283
v 17.967432 27.038548 5.545032
v 17.791590 26.922771 5.316614
v 20.617117 26.960775 3.905832
v 20.507212 26.749779 3.717700
v 21.515999 26.968372 3.186588
v 21.197762 26.738104 3.130293
v 21.429415 26.716642 2.234596
v 22.027285 26.950535 -0.250937
v 21.795868 26.883978 0.722397
v 21.733715 26.744413 -0.401411
v 20.696667 27.006760 -3.586205
v 20.791441 26.765245 -2.495106
v 20.287542 26.782185 -3.989851
v 19.861240 27.042910 -5.558932
v 19.578079 26.803982 -5.457208
v 18.697805 27.071905 -6.646109
v 18.427752 26.832043 -6.490758
v 16.750765 27.057623 -7.402444
v 17.164904 26.859880 -7.107761
v 15.201389 27.051809 -7.391278
v 3.087135 27.175272 9.625721
v 2.468393 27.177801 10.023752
v -0.754710 27.289896 5.468837
v -2.730839 27.453587 5.132289
v -7.756150 27.430161 1.915323
v -3.854956 27.355276 -0.054709
v -2.643794 27.326246 1.004135
v -1.129742 27.290758 1.699228
v 0.590956 27.253166 1.963276
v 2.035880 27.220568 2.469939
v 2.714004 27.199575 3.867612
v 3.394410 27.321272 5.191643
v 4.409390 27.304047 5.750759
v 6.915678 27.109919 5.939147
v 12.095690 27.150780 1.332524
v 8.076168 27.104975 -1.458007
v 4.751001 27.184160 -3.326776
v 3.339442 27.215141 -3.848285
v 0.512250 27.291510 -8.344647
v 2.916503 27.234554 -6.743449
v 4.046350 27.345539 -5.326921
v 7.893905 27.122992 -5.391146
v 8.937419 27.102331 -5.400266
v 10.327043 27.208673 -4.932493
v 11.476415 27.180874 -4.020572
v 13.453197 26.989204 -0.925280
v 14.252783 27.116251 -0.288321
v 12.743465 27.121374 4.666403
v 9.763997 27.175251 7.540257
v 5.945362 27.113718 9.783771
v 2.968598 27.300896 13.007113
v 1.271145 27.195433 13.838292
v -0.323658 27.365080 14.554706
v -1.650724 27.255795 14.388404
v -2.815691 27.419161 14.481155
v -5.223032 27.467052 13.477100
v -5.670384 27.499401 10.372764
v -6.285601 27.535027 9.114766
v -8.889217 27.433331 8.032847
v -9.712130 27.454821 7.136985
v -10.544045 27.613817 6.283780
v -12.535761 27.662256 4.897199
v -12.749693 27.532900 3.424836
v -12.620092 27.676443 1.665736
v -10.972830 27.509394 -0.431027
v -8.304227 27.466051 -4.147395
v -6.975333 27.588139 -5.429050
v -5.207891 27.406178 -5.892476
v -3.741878 27.535786 -6.823557
v -2.541427 27.356667 -8.091103
v 2.561410 27.398726 -11.615227
v 3.966848 27.226843 -10.508274
v 5.452660 27.193821 -10.112029
v 6.962493 27.301168 -10.281575
v 10.073123 27.233219 -10.160292
v 10.970888 27.218019 -6.808131
v 12.138469 27.034306 -5.598957
v 13.720024 26.997051 -4.671271
v 15.077037 27.101456 -3.452053
v 16.914066 27.053011 -0.539954
v 17.027681 26.899378 2.703069
v 14.861515 26.936287 5.280581
v 13.292665 26.966545 6.179727
v 12.034192 27.136843 7.254691
v 10.639081 27.015505 8.347386
v 10.454710 27.152613 9.506734
v 10.480145 27.147554 11.809024
v 10.746507 27.153692 12.463202
v 12.556775 26.961290 11.509091
v 14.431062 27.069622 10.549207
v 15.432792 26.908754 9.439780
v 16.149258 26.898310 8.110402
v 16.951986 26.885626 6.986685
v 18.071314 26.963770 5.728586
v 20.802521 26.952263 4.135656
v 21.751863 26.795752 3.552873
v 21.895847 26.932184 2.601730
v 22.308012 26.940870 -0.081533
v 21.488180 26.836933 -2.693391
v 20.787266 26.982756 -4.160067
v 20.144030 26.864496 -5.861260
v 18.852571 26.896299 -7.020647
v 17.324076 27.088200 -7.561560
v 16.282888 26.954880 -8.006551
v 15.266712 26.994898 -8.050043
v 3.072805 27.175962 9.602744
v 2.071495 26.958740 10.171963
v 2.153575 27.178810 10.205609
v 1.431950 27.190260 10.549943
v -0.533257 27.229197 11.379359
v -0.532162 27.242075 11.337460
v -1.629074 27.256426 10.913769
v -1.639697 27.254515 10.921935
v -0.121965 27.234303 7.591242
v -0.091444 27.239819 7.599006
v -0.716037 27.060108 5.430696
v -0.766056 27.276911 5.481553
v -2.639988 27.297592 5.001226
v -2.617743 26.894287 4.953579
v -2.639988 27.297592 5.001226
v -6.577483 27.388977 5.902650
v -6.587075 27.378435 5.946136
v -7.732609 27.408485 4.426219
v -7.718149 27.413567 4.418827
v -7.768841 27.418434 1.921936
v -8.388024 27.439032 -0.086252
v -8.335544 27.045876 -0.079511
v -8.388024 27.439032 -0.086252
v -8.573870 27.448339 -1.541335
v -8.573870 27.448339 -1.541335
v -7.310186 27.424435 -2.386230
v -7.302500 27.427694 -2.375494
v -5.657404 27.393286 -2.397671
v -5.657727 27.389240 -2.414614
v -4.677309 27.364658 -1.420167
v -4.677889 27.370508 -1.392224
v -3.897521 27.128405 -0.011382
v -3.844778 27.341900 -0.064182
v -2.679226 27.097708 1.051207
v -2.636003 27.312201 0.992033
v -1.163272 27.062330 1.750054
v -1.129923 27.277489 1.684501
v 0.557838 27.024776 2.012926
v 0.594408 27.239687 1.949306
v 1.997441 26.991726 2.516391
v 2.046738 27.206789 2.458766
v 2.684301 26.971397 3.941370
v 2.736708 27.186819 3.885187
v 3.248754 26.955261 5.391279
v 3.296707 27.169542 5.335018
v 3.296707 27.169542 5.335018
v 4.359067 27.144730 5.914733
v 4.350949 27.150955 5.929718
v 5.615161 27.124166 6.006354
v 5.648721 27.116901 5.988695
v 7.237357 26.869619 5.962877
v 7.226999 27.082022 5.887441
v 8.378777 27.059650 5.699067
v 10.407501 27.017744 5.308288
v 10.436749 26.709175 5.367487
v 10.407501 27.017744 5.308288
v 12.009928 26.988068 4.066891
v 12.009928 26.988068 4.066891
v 12.219243 26.993765 1.292744
v 12.260558 27.004126 1.299075
v 11.378926 27.025114 -1.236054
v 11.365052 27.021257 -1.228031
v 9.776969 27.056946 -1.709300
v 9.787980 27.062244 -1.725913
v 8.076893 27.092283 -1.443927
v 6.886700 27.118736 -1.724790
v 6.792056 26.896566 -1.831349
v 6.886700 27.118736 -1.724790
v 5.883137 27.142654 -2.399220
v 5.883137 27.142654 -2.399220
v 4.771069 26.954985 -3.379201
v 4.742928 27.170362 -3.314527
v 3.345892 27.208364 -3.851019
v 1.560544 27.238359 -3.317715
v 1.572670 26.845903 -3.380353
v 1.560544 27.238359 -3.317715
v -0.150941 27.288780 -3.113188
v -0.166250 27.274326 -3.067699
v -1.398918 27.305487 -4.382767
v -1.363215 27.317026 -4.403586
v -1.723912 27.331120 -6.258905
v -1.767856 27.320240 -6.259718
v -0.903463 27.307045 -7.695314
v -0.869454 27.318581 -7.668458
v 0.519073 27.292223 -8.315344
v 1.783092 27.250505 -7.926881
v 1.780476 27.256020 -7.908979
v 2.931391 27.221651 -6.746601
v 3.965234 27.193785 -5.172426
v 3.917773 26.978533 -5.118708
v 3.965234 27.193785 -5.172426
v 5.082207 27.171221 -4.127607
v 5.086971 27.166052 -4.144064
v 6.498891 27.137571 -4.601199
v 6.489465 27.142790 -4.579212
v 7.887498 27.110853 -5.404657
v 8.917746 26.873327 -5.347247
v 8.939270 27.088432 -5.415197
v 10.174845 26.846966 -4.738321
v 10.220053 27.059088 -4.797310
v 10.218686 27.060043 -4.797570
v 10.998013 26.822176 -4.121155
v 11.052650 27.039402 -4.172101
v 10.881804 27.042915 -4.319732
v 11.385722 27.030239 -3.800203
v 11.904653 26.803310 -3.018268
v 11.969309 27.014732 -3.061472
v 11.968783 27.015596 -3.059938
v 13.817855 26.745279 -0.367303
v 13.458165 26.975487 -0.941228
v 14.226055 26.955877 -0.066090
v 14.226055 26.955877 -0.066090
v 15.357838 26.928051 0.928672
v 15.284582 26.619987 0.946907
v 15.357838 26.928051 0.928672
v 15.786748 26.919212 2.035884
v 15.802403 26.914492 2.038263
v 14.508621 26.937649 3.257891
v 14.474300 26.943457 3.264961
v 12.584129 26.980495 4.556651
v 12.575614 26.974073 4.586614
v 9.713776 27.025902 7.362727
v 9.637156 26.813841 7.331295
v 9.686399 27.025467 7.390931
v 5.941089 26.889214 9.703394
v 5.992560 27.096153 9.760754
v 2.903034 27.151190 12.839236
v 2.903377 27.150581 12.839540
v 2.874827 26.915323 12.766977
v 1.249887 26.966490 13.783040
v 1.277303 27.181458 13.851357
v -0.323016 27.220707 14.364273
v -0.312278 27.213476 14.380462
v -0.500187 26.891632 14.354922
v -1.658531 27.242151 14.401989
v -2.826241 27.049620 14.241584
v -2.831158 27.267529 14.314300
v -2.831158 27.267529 14.314300
v -3.899760 27.289610 14.515732
v -3.879791 26.896627 14.455529
v -3.899760 27.289610 14.515732
v -4.677166 27.321260 14.374902
v -4.706647 27.307215 14.415136
v -5.088190 27.318377 13.437178
v -5.073522 27.324333 13.422278
v -5.508464 27.339390 10.312676
v -5.444967 27.101755 10.291379
v -5.508464 27.339390 10.312676
v -6.103115 27.362782 9.005959
v -6.117071 27.357138 9.016913
v -7.469530 27.388058 8.466030
v -7.430910 27.393124 8.461629
v -8.851504 27.205885 7.990098
v -8.895637 27.420052 8.046142
v -9.722596 27.448353 7.117862
v -10.384461 27.242844 6.105967
v -10.435922 27.459894 6.154426
v -10.435922 27.459894 6.154426
v -11.505296 27.485224 5.475758
v -11.452065 27.266993 5.431242
v -11.505296 27.485224 5.475758
v -12.444616 27.508127 4.701770
v -12.444616 27.508127 4.701770
v -12.702979 27.303057 3.422577
v -12.765105 27.519657 3.426810
v -12.522923 27.526024 1.988503
v -12.542521 27.520164 1.991889
v -11.852574 27.510023 0.738021
v -11.824673 27.516542 0.728487
v -10.988134 27.503023 -0.400741
v -9.516473 27.472940 -2.729156
v -9.460559 27.259497 -2.689364
v -9.518341 27.472479 -2.728249
v -8.274674 27.235855 -4.101561
v -8.314667 27.452396 -4.157671
v -6.900232 27.210846 -5.185332
v -6.931842 27.426849 -5.248211
v -6.931842 27.426849 -5.248211
v -5.189706 27.176558 -5.838861
v -5.218293 27.392645 -5.903409
v -3.605289 27.367826 -6.652546
v -3.613959 27.361181 -6.668921
v -2.514193 27.127020 -8.036789
v -2.558819 27.343857 -8.090391
v -1.584229 27.111118 -9.712601
v -1.629290 27.330130 -9.760839
v -1.629290 27.330130 -9.760839
v -0.401754 27.309448 -11.273234
v -0.391843 26.914938 -11.215542
v -0.401754 27.309448 -11.273234
v 1.009921 27.287477 -12.023705
v 1.006231 27.282185 -12.040232
v 2.477058 27.248682 -11.474413
v 2.484919 27.254827 -11.450664
v 3.955613 27.220440 -10.508766
v 5.428433 26.964857 -10.057220
v 5.451369 27.180202 -10.126577
v 6.964039 26.929892 -10.052152
v 6.985931 27.147409 -10.121652
v 6.985931 27.147409 -10.121652
v 8.645489 27.112749 -10.338140
v 8.604344 26.720173 -10.283589
v 8.645489 27.112749 -10.338140
v 9.880688 26.870153 -9.995234
v 9.955200 27.082523 -10.044777
v 9.933743 27.084171 -10.047787
v 10.354379 27.069586 -8.522389
v 10.783108 27.058266 -6.718156
v 10.794864 27.053589 -6.723625
v 12.121220 27.027706 -5.607042
v 13.669540 26.770346 -4.634179
v 13.728112 26.983442 -4.682646
v 14.914696 26.955093 -3.383234
v 14.818275 26.665623 -3.371380
v 14.914834 26.953876 -3.384057
v 16.731377 26.904072 -0.531868
v 16.731377 26.904072 -0.531868
v 17.265093 26.886999 1.012038
v 17.265093 26.886999 1.012038
v 16.973892 26.671591 2.681209
v 17.041964 26.885551 2.706826
v 16.179466 26.904793 4.232944
v 16.197239 26.897987 4.238671
v 14.840122 26.930214 5.289564
v 13.267193 26.737951 6.122880
v 13.307476 26.952570 6.186819
v 11.780026 26.981365 7.232192
v 11.728443 26.766781 7.178139
v 11.780026 26.981365 7.232192
v 10.585504 26.787989 8.316864
v 10.651214 27.001371 8.355353
v 10.290742 27.001432 9.486246
v 10.211073 26.789835 9.472916
v 10.286828 27.004877 9.487867
v 10.345384 26.994959 11.884014
v 10.345384 26.994959 11.884014
v 10.637061 26.988615 12.622617
v 10.643403 26.985929 12.610566
v 11.464235 26.969751 12.241615
v 11.431511 26.973534 12.275725
v 12.579740 26.954365 11.502581
v 13.643371 26.927374 11.100440
v 13.632124 26.934708 11.125525
v 14.644967 26.914640 10.587831
v 14.635596 26.908117 10.572049
v 15.420038 26.901991 9.467085
v 16.189571 26.669153 8.146960
v 16.138430 26.885080 8.100980
v 16.983248 26.568895 7.036132
v 16.941719 26.872042 6.976441
v 18.107315 26.630322 5.932438
v 17.838951 26.856190 6.072339
v 17.838951 26.856190 6.072339
v 18.840702 26.837257 5.398766
v 18.840702 26.837257 5.398766
v 20.910534 26.804314 4.286130
v 20.906054 26.798479 4.269025
v 21.751699 26.788391 3.557899
v 22.063896 26.778498 2.647521
v 22.078026 26.784702 2.664405
v 22.213703 26.786068 1.622390
v 22.189653 26.779451 1.655404
v 22.395853 26.778643 0.672414
v 22.463932 26.562040 0.680278
v 22.395853 26.778643 0.672414
v 22.448780 26.788118 -0.337812
v 22.430105 26.781624 -0.340264
v 22.040028 26.793926 -1.421458
v 22.069609 26.800032 -1.396186
v 21.464163 26.818193 -2.728955
v 20.912567 26.828541 -4.294148
v 20.975266 26.611671 -4.323707
v 20.912567 26.828541 -4.294148
v 20.187559 26.634008 -5.893209
v 20.132904 26.850901 -5.851408
v 18.861633 26.888861 -7.017851
v 17.449615 26.921886 -7.746006
v 17.432405 26.915495 -7.733357
v 16.294489 26.726589 -8.064771
v 16.282476 26.941017 -7.992633
v 15.263580 26.962868 -8.019218
v 3.102243 26.667093 9.665324
v 2.102743 26.674694 10.279583
v -0.546427 26.718382 11.417319
v -1.687328 26.700336 10.956753
v -0.263257 26.620411 7.652999
v -7.708908 27.024351 4.408239
v -7.716798 27.032352 1.893499
v -8.535719 27.043076 -1.515139
v -7.311504 27.037504 -2.361178
v -5.670683 26.851788 -2.452399
v -4.711329 26.988279 -1.391158
v -3.823106 26.839029 -0.091105
v -2.615973 26.808304 0.960192
v -1.115980 26.774590 1.646711
v 0.589208 26.736734 1.906582
v 2.060152 26.701853 2.419179
v 3.350513 26.676525 5.320072
v 4.387365 26.613064 5.892538
v 5.651248 26.738413 6.027253
v 7.289216 26.584047 5.841033
v 12.049420 26.586817 4.090478
v 12.067595 26.378836 1.252184
v 11.379615 26.639664 -1.256918
v 9.739124 26.525393 -1.683443
v 8.098370 26.706396 -1.508571
v 6.720644 26.616312 -1.734248
v 4.705595 26.667580 -3.283205
v 3.344071 26.820127 -3.872035
v -0.194924 26.767513 -3.031285
v -1.441370 26.796238 -4.363594
v -1.030363 26.692347 -7.782331
v 1.764167 26.718477 -7.969318
v 2.864716 26.836311 -6.719702
v 3.986408 26.689466 -5.199115
v 5.068548 26.781826 -4.109329
v 6.517594 26.602915 -4.649293
v 7.870847 26.723902 -5.338400
v 8.931715 26.584377 -5.459608
v 10.548590 26.551226 -4.653988
v 11.651637 26.587154 -3.485144
v 13.949748 26.460453 -0.384703
v 15.759755 26.528368 2.029132
v 14.473546 26.560265 3.231591
v 12.536412 26.597586 4.558721
v 9.704374 26.524559 7.417456
v 5.995684 26.591925 9.804044
v 2.922925 26.646477 12.867906
v 1.290985 26.677542 13.883997
v -0.491857 26.645260 14.542867
v -5.119110 26.786356 13.486013
v -5.553137 26.838978 10.328321
v -6.164951 26.826206 9.024572
v -7.503919 26.935232 8.442962
v -8.930711 26.917875 8.078371
v -9.697981 27.061140 7.121558
v -10.483589 26.958218 6.175807
v -12.384363 27.200857 4.670134
v -12.930070 26.905565 3.503512
v -12.515029 27.140360 2.006869
v -11.829908 27.131071 0.764294
v -10.949560 27.043962 -0.479943
v -9.554179 26.973459 -2.761221
v -8.361526 26.950396 -4.182792
v -7.031640 26.863319 -5.316708
v -5.218147 26.890543 -5.955400
v -3.596384 26.980228 -6.639628
v -2.588368 26.841911 -8.138735
v 0.996833 26.899504 -12.004004
v 2.454618 26.870527 -11.439053
v 3.953016 26.834612 -10.483461
v 5.461215 26.677061 -10.167921
v 7.002824 26.644014 -10.166071
v 10.770947 26.685083 -6.685316
v 12.109905 26.640892 -5.585245
v 13.742298 26.480846 -4.717435
v 16.634161 26.583336 -0.570164
v 17.185396 26.583408 1.009337
v 17.199768 26.265203 2.686331
v 16.162348 26.519075 4.208567
v 14.839961 26.544607 5.255716
v 13.289750 26.450285 6.238530
v 10.673489 26.496914 8.380738
v 10.329648 26.491196 9.489374
v 10.283663 26.657688 11.907813
v 10.620945 26.593927 12.637426
v 11.466207 26.593620 12.271873
v 12.552920 26.573736 11.535974
v 13.668452 26.476063 11.099448
v 14.652571 26.526905 10.601340
v 15.444399 26.515327 9.453150
v 16.469120 26.325447 7.372269
v 18.053942 26.349121 5.821544
v 20.925531 26.413866 4.293515
v 21.763979 26.400873 3.564764
v 22.071974 26.384512 2.630100
v 22.339960 26.196108 -0.027987
v 22.454803 26.406296 -0.468252
v 21.522255 26.325525 -2.512263
v 20.856047 26.327480 -4.296910
v 20.082939 26.348440 -5.834977
v 18.855995 26.502119 -7.043071
v 17.435255 26.536434 -7.773075
v 16.635077 26.364309 -7.853348
v 15.261533 26.567883 -8.080819
v 3.301102 26.530018 9.987185
v -0.590098 26.605507 11.682971
v -0.926272 26.662241 5.577895
v -2.920681 26.681953 5.240833
v -6.678150 26.763758 6.079084
v -7.986341 26.768320 4.656151
v -8.104541 26.804167 1.857778
v -8.768670 26.819149 -0.051952
v -8.897970 26.830803 -1.684485
v -7.465233 26.788132 -2.591614
v -4.605916 26.767960 -1.594557
v -3.100957 26.702650 0.329573
v -0.536009 26.649059 1.436362
v 2.301096 26.581553 2.227094
v 3.539458 26.539875 5.047032
v 6.147274 26.503025 5.793011
v 10.329058 26.426172 5.153842
v 11.724969 26.370098 3.857339
v 11.131042 26.382154 -1.038784
v 8.037137 26.470562 -1.141510
v 6.625423 26.502075 -1.473444
v 4.518910 26.552801 -3.074423
v 3.160350 26.557741 -3.522795
v -0.328964 26.654819 -2.748740
v -1.665119 26.686033 -4.227341
v -1.922847 26.705633 -6.266502
v 0.464773 26.662750 -8.512715
v 2.083427 26.642153 -8.244509
v 4.267400 26.562674 -5.374959
v 5.211174 26.520605 -4.443585
v 7.617435 26.511097 -5.574874
v 8.945935 26.464840 -5.810981
v 10.331119 26.434219 -5.199559
v 11.759699 26.430178 -3.630757
v 14.014916 26.353916 -0.600015
v 15.493043 26.331583 0.865104
v 16.100271 26.265795 2.056126
v 15.038960 26.281967 3.181736
v 12.642231 26.376949 4.748482
v 9.744958 26.401884 7.742461
v 6.256555 26.467453 9.955734
v 3.050511 26.525026 13.097726
v 1.504764 26.550035 14.167252
v -2.952955 26.694101 14.433270
v -3.263371 26.672987 14.769810
v -4.803866 26.691549 14.558638
v -5.798919 26.724211 10.409458
v -9.118562 26.797417 8.309504
v -11.150692 26.876188 5.907657
v -12.605982 26.917133 4.786580
v -12.631464 26.924963 1.614314
v -9.043297 26.847879 -3.911785
v -3.729958 26.763559 -6.831480
v -1.857179 26.732584 -9.690276
v -0.611494 26.689266 -11.567084
v 0.937030 26.639938 -12.351347
v 2.296466 26.606873 -11.912836
v 4.139661 26.584383 -10.714045
v 5.970875 26.546873 -10.374163
v 8.722937 26.486403 -10.687647
v 10.005324 26.518812 -10.125670
v 10.973541 26.450657 -6.796039
v 12.318735 26.422335 -5.694751
v 13.341296 26.389282 -5.317645
v 14.975263 26.358465 -3.581975
v 16.859631 26.308029 -0.646393
v 17.555182 26.233686 0.924340
v 16.497961 26.243958 4.354663
v 15.182918 26.289600 5.367352
v 11.780824 26.400238 7.365904
v 10.619258 26.371674 9.782704
v 10.476738 26.397917 11.848151
v 10.766116 26.362404 12.427956
v 12.453070 26.355988 11.345028
v 14.637255 26.309546 10.333213
v 15.279719 26.289078 8.828366
v 17.950813 26.232372 5.529844
v 20.826193 26.205126 4.098241
v 21.561749 26.161074 3.346754
v 21.921282 26.180367 2.245032
v 20.419443 26.214077 -4.397105
v 18.497095 26.242010 -6.857844
v 15.222584 26.342358 -7.753035
v 3.467218 26.741009 10.245996
v 2.397965 26.622156 10.693813
v -1.944556 26.666271 11.249238
v -0.678355 26.835501 8.050578
v -3.134045 26.912107 5.533172
v -8.345143 26.922678 2.030557
v -5.548311 26.798338 -2.820024
v -4.439692 26.771818 -1.843288
v -3.457793 26.826971 -0.509113
v -2.325394 26.798239 0.499313
v -0.895318 26.766523 1.136382
v 0.871976 26.783993 1.360858
v 2.398611 26.691364 1.974139
v 3.116405 26.671757 3.402377
v 4.559256 26.547319 5.522511
v 6.439824 26.542423 5.417570
v 10.104827 26.496349 4.809286
v 11.689950 26.601997 1.362797
v 9.539940 26.471193 -1.279485
v 6.453867 26.612146 -1.258438
v 4.460942 26.665358 -2.792007
v 1.422650 26.647980 -2.865555
v -1.234189 26.916336 -8.163227
v 3.317864 26.706671 -7.167534
v 11.455529 26.430536 -4.434415
v 12.460866 26.499739 -3.410080
v 14.253742 26.367298 -0.697630
v 15.895103 26.385437 0.773132
v 12.878641 26.376287 4.942934
v 10.028219 26.510811 7.881919
v 6.267488 26.619595 10.382977
v -0.668015 26.644371 14.969136
v -4.092188 26.763035 15.079349
v -5.070570 26.800560 14.855573
v -5.507726 26.736317 13.608730
v -6.056173 26.840744 10.517545
v -6.526070 26.770668 9.260476
v -9.332628 26.890131 8.465569
v -10.963891 27.019840 6.581776
v -12.793444 26.922089 5.057448
v -13.423959 27.142149 3.469148
v -12.998832 26.940384 1.861522
v -12.196005 26.929361 0.420734
v -9.862745 26.974302 -3.277180
v -8.694489 26.953564 -4.627113
v -7.269845 26.863396 -5.685724
v -3.970526 26.781395 -6.995726
v -2.967539 26.846363 -8.556810
v -1.974811 26.747538 -10.078279
v 4.204571 26.759724 -11.138984
v 5.601102 26.670790 -10.705967
v 7.131834 26.696762 -10.765380
v 10.255968 26.485447 -10.388228
v 11.194702 26.455816 -6.977439
v 14.163724 26.467253 -5.090719
v 15.300776 26.355909 -3.665233
v 17.164509 26.304522 -0.678743
v 17.656544 26.481489 2.941118
v 15.268244 26.461967 5.817429
v 12.372092 26.377909 7.327354
v 10.941186 26.369318 8.615274
v 10.717101 26.402014 11.712721
v 10.900063 26.462072 12.169974
v 12.325958 26.362967 11.111336
v 14.281330 26.328987 10.245710
v 15.904963 26.316099 7.435177
v 17.719894 26.350216 5.369985
v 20.654301 26.219379 3.846569
v 21.216911 26.341803 3.134053
v 21.617527 26.197111 2.371680
v 21.841471 26.226429 0.546886
v 21.925303 26.203743 -0.419221
v 21.185276 26.190033 -2.257071
v 19.740568 26.233553 -5.697050
v 17.196123 26.329250 -7.312566
v 16.113966 26.434574 -7.407211
v 2.463360 26.805323 10.831786
v -0.659750 27.015779 11.968899
v -2.121873 27.056335 11.429270
v -1.312147 26.895092 5.965685
v -7.062518 26.984240 6.462842
v -8.337023 27.203535 4.802383
v -9.107459 27.242664 -0.140618
v -9.160350 27.252462 -1.843511
v -7.508843 27.212765 -2.897802
v -5.443999 27.163431 -3.041966
v -4.236505 27.137865 -2.009950
v -3.378815 27.110336 -0.604503
v -2.265162 27.083525 0.394065
v -0.852661 27.051308 1.024923
v 2.482756 26.977262 1.880865
v 3.731756 26.945688 4.742019
v 4.639022 26.779945 5.324540
v 7.082603 26.869473 5.168052
v 11.458737 26.790802 3.720603
v 10.914465 26.806311 -0.731388
v 9.477400 26.841234 -1.035862
v 7.854599 26.704357 -0.772033
v 6.569959 26.900234 -1.088324
v 5.484324 26.926273 -1.802653
v 4.422039 26.951790 -2.679384
v 3.131926 26.835947 -3.170533
v 1.352791 27.026464 -2.604203
v -0.505563 27.069016 -2.476839
v -1.920270 27.104153 -4.145435
v -2.323527 26.932833 -6.429204
v 0.526135 26.883123 -8.982456
v 2.127183 27.026487 -8.522032
v 4.388109 26.971624 -5.748639
v 5.317647 26.948204 -4.845694
v 6.571900 26.920094 -5.342107
v 7.913895 26.721231 -6.110050
v 9.095570 26.717144 -6.066916
v 10.577598 26.686476 -5.392296
v 11.555040 26.658470 -4.653392
v 12.584355 26.783007 -3.450104
v 14.419729 26.587551 -0.835545
v 16.496674 26.682915 2.154403
v 15.075476 26.703131 3.653318
v 13.055681 26.587893 5.069715
v 10.075236 26.891403 8.013894
v 3.267104 26.706099 13.395828
v 1.475303 26.805433 14.496346
v -0.255477 26.840115 15.068128
v -1.663844 27.016632 15.133496
v -2.913185 26.900343 14.999202
v -5.702475 26.953325 13.622190
v -6.155926 27.129206 10.571310
v -6.695456 27.008879 9.395442
v -9.390170 27.203865 8.587985
v -10.220391 27.081081 7.648148
v -12.082541 27.128288 5.878856
v -13.106573 27.306475 5.005194
v -13.179193 27.163509 1.767326
v -12.457924 27.155239 0.376808
v -11.476746 27.130896 -0.991274
v -9.930646 27.261717 -3.376302
v -8.749642 27.241081 -4.732332
v -7.289561 27.213785 -5.883150
v -5.567014 27.033876 -6.516717
v -4.027127 27.002670 -7.240236
v -3.055727 27.133875 -8.624854
v -2.139681 27.129007 -10.277423
v -0.700840 27.104204 -11.888732
v 0.987043 27.067282 -12.759888
v 2.633869 26.877815 -12.143559
v 5.624658 26.956491 -10.822496
v 8.912558 26.894962 -10.989492
v 10.416632 26.684189 -10.531222
v 11.372239 26.672560 -7.105870
v 12.690827 26.640772 -6.035637
v 14.267412 26.749662 -5.164505
v 15.510098 26.571045 -3.746429
v 17.386356 26.522585 -0.706897
v 17.924652 26.503679 1.019199
v 16.687868 26.515083 4.688622
v 12.487347 26.590971 7.505551
v 11.224023 26.617395 8.710082
v 10.958318 26.619524 9.696284
v 10.905952 26.779152 11.591088
v 10.960335 26.760406 12.047665
v 12.330020 26.732786 10.802199
v 14.160219 26.543541 10.082019
v 14.938983 26.537672 8.924043
v 15.592306 26.674946 7.618272
v 16.451859 26.515503 6.475779
v 17.692013 26.634424 5.242132
v 20.504642 26.437792 3.709044
v 21.433754 26.402351 2.250741
v 21.669540 26.571409 0.597637
v 21.718229 26.434725 -0.397743
v 20.786915 26.455780 -2.480231
v 20.271221 26.473097 -4.002106
v 19.563927 26.492462 -5.460294
v 18.411678 26.519596 -6.493518
v 17.149931 26.549204 -7.108039
v 16.108528 26.718235 -7.286914
v 15.184628 26.539989 -7.335846
v 7.632399 26.039349 3.145907
v 7.562259 26.008657 4.070275
v 7.929600 25.909241 3.923510
v 7.021341 26.032555 5.230066
v 6.308008 25.959387 5.736917
v 6.159753 25.992479 6.182231
v 5.285502 25.956385 6.044564
v 1.960121 25.982870 6.865729
v 2.821083 25.911009 6.285459
v 1.669737 25.956497 6.761317
v -0.178073 25.999199 8.765698
v -1.300556 25.995081 9.359524
v -2.306215 25.993008 9.527782
v -3.023629 25.965611 9.152104
v -2.873546 25.932941 8.930223
v -3.817523 25.940287 7.883764
v -4.676868 25.961529 7.352892
v -4.324153 25.901596 7.136684
v -4.972315 25.938698 4.324690
v -5.226021 25.954927 4.464757
v -5.611736 25.931126 3.141211
v -5.844351 25.960068 3.305214
v -8.199249 25.953186 1.759539
v -7.960482 25.914946 1.578705
v -8.729270 25.987272 0.280064
v -8.873816 25.975445 -0.981351
v -8.592761 25.952494 -1.813581
v -8.346380 25.909718 -1.632906
v -6.845793 25.961637 -3.304542
v -7.482035 25.955364 -2.967560
v -6.520218 25.977594 -3.199634
v -4.500436 25.963610 -3.644855
v -2.407336 25.883118 -5.747606
v -2.308164 25.981977 -5.412088
v -0.346296 25.996040 -6.162434
v 1.917667 26.004629 -7.202078
v 2.961802 26.019871 -7.336652
v 3.940085 25.989534 -6.827046
v 3.804407 25.956272 -6.582577
v 6.303990 25.941612 -4.231761
v 6.053195 26.004280 -4.113016
v 7.538942 25.927797 -2.280973
v 7.081638 26.002277 -2.267960
v 10.202829 26.026651 0.066364
v 11.420370 26.031742 1.849670
v 11.837694 26.045645 3.610547
v 11.440727 26.031242 5.311430
v 10.295096 25.974024 6.336913
v 10.553360 25.962795 6.661077
v 8.040648 25.999050 7.165790
v 7.893051 25.964350 6.887771
v 7.065056 26.006857 7.911396
v 7.265747 25.933207 8.118324
v 5.722785 26.029156 10.571399
v 4.965848 26.013699 11.457067
v 3.643039 25.987114 11.621096
v 3.594139 25.951050 11.336061
v 2.088355 25.959911 11.173152
v 1.870169 25.981560 11.463448
v -4.700006 25.978764 12.122509
v -2.656667 25.903095 12.234528
v -5.974967 25.983784 11.916211
v -7.011708 25.953789 11.278205
v -6.815472 25.926540 11.055289
v -8.996421 25.960314 9.464006
v -8.557101 25.838736 10.294126
v -8.707176 25.879845 9.238801
v -9.437649 25.836540 8.255760
v -8.951200 25.918837 8.145972
v -9.357666 25.950092 5.529285
v -9.091410 25.915834 5.276410
v -9.446221 25.955193 3.828172
v -9.877718 25.834595 3.910030
v -11.054797 25.837591 1.792318
v -10.644745 25.956875 1.640877
v -12.450371 25.964266 -0.133368
v -12.921879 25.975462 -1.047876
v -12.679252 25.942862 -2.466583
v -12.585566 25.907297 -2.025336
v -11.882497 25.907503 -2.899992
v -10.878320 25.945974 -4.020663
v -10.774463 25.914734 -3.741277
v -8.350949 25.952681 -5.012704
v -8.206729 25.907543 -4.727818
v -7.396072 25.962036 -5.444794
v -7.198794 25.889444 -6.131562
v -6.489306 25.923132 -6.356169
v -5.030886 25.959568 -8.992593
v -5.109522 25.926525 -8.364823
v -3.756439 25.907082 -9.651872
v -3.102685 25.970993 -10.422590
v -2.599340 25.936766 -10.224597
v -2.038203 25.907005 -10.603029
v 0.558774 25.912292 -10.338030
v 2.052058 26.003296 -9.871245
v 3.894160 26.011148 -9.914501
v 4.970031 26.026934 -9.598783
v 6.666147 25.995911 -8.200577
v 5.977460 25.958412 -8.544191
v 6.898388 25.961510 -7.191021
v 8.557562 26.000278 -4.318116
v 8.327204 25.964607 -4.114397
v 9.858423 26.014647 -2.286689
v 10.228246 25.939877 -2.314489
v 13.286736 26.024979 1.195230
v 13.652717 25.966074 1.261810
v 14.696756 26.033123 4.697564
v 14.773660 25.952719 3.970581
v 14.381878 26.052515 5.947900
v 13.754438 25.980520 6.649071
v 13.761765 26.016573 7.024227
v 12.697746 25.987761 7.091081
v 10.385486 26.005377 7.890782
v 10.144063 25.970125 7.674069
v 8.942852 25.993963 8.346654
v 9.087551 26.001774 8.558846
v 8.350387 25.912212 9.796977
v 7.991738 25.963591 9.464002
v 6.413199 26.012503 12.363559
v 5.339829 25.996738 13.209361
v 5.637672 25.878637 13.523012
v 4.122936 25.993042 13.853574
v 4.354491 25.875179 14.221746
v 2.882458 25.949171 14.105907
v 2.967842 25.987598 14.384323
v 0.354236 25.911304 14.740376
v -0.345086 25.938896 14.406542
v -0.336711 25.978050 14.722736
v -4.211485 25.987383 16.193420
v -5.577187 25.891884 15.996760
v -5.693964 25.965239 16.325739
v -6.903980 25.844273 15.254938
v -7.737069 25.977314 13.604403
v -10.977948 25.945358 12.365990
v -10.748947 25.907694 12.167985
v -11.727473 25.899239 10.952988
v -11.295419 25.903587 10.845015
v -11.725041 25.917273 7.778929
v -12.325415 25.883047 6.840637
v -12.205734 25.951853 6.185297
v -13.201063 25.870354 4.964889
v -14.889501 25.867727 1.842274
v -15.722956 25.928219 -0.096460
v -15.992319 25.931347 -0.073451
v -16.286848 25.954395 -2.954343
v -16.082653 25.954998 -3.934310
v -14.885962 25.935373 -5.315642
v -14.772634 25.898205 -5.048151
v -11.810942 25.875782 -7.028667
v -11.508801 25.953417 -6.879913
v -10.736162 25.874561 -7.964554
v -10.378167 25.873613 -7.591709
v -7.908327 25.965170 -10.748011
v -8.476431 25.862715 -10.640601
v -6.971720 25.891363 -11.630293
v -3.430386 25.966648 -13.247944
v -3.489310 25.938761 -12.895076
v -1.208719 25.978333 -13.382358
v -1.276175 25.859665 -13.804166
v 0.389392 25.939203 -13.152741
v 0.318894 25.982101 -13.460556
v 3.123808 25.933264 -12.234171
v 3.521281 25.996897 -11.816056
v 6.070167 25.993282 -11.367187
v 5.820996 25.964308 -11.137652
v 7.497113 26.021587 -10.299525
v 8.408598 26.025389 -9.163871
v 10.416586 26.015751 -4.705094
v 10.196390 25.940611 -5.624336
v 13.724467 25.951107 -0.242179
v 14.498363 25.951340 1.717860
v 14.789774 26.027452 1.727636
v 15.225491 25.904791 1.701799
v 17.111717 26.046764 4.149766
v 18.083542 26.061529 5.781151
v 17.563148 26.059881 7.270969
v 16.281183 25.986374 8.164014
v 15.702911 26.020859 8.882856
v 15.152529 25.988562 8.734010
v 12.971840 25.945154 9.631944
v 12.939016 26.019825 9.248770
v 11.548441 25.902594 10.523948
v 11.847425 25.935966 9.620296
v 10.539052 25.936609 10.710489
v 10.012555 26.011215 11.641858
v 9.079000 26.003771 13.988562
v 8.804708 25.967085 13.910085
v 7.041297 25.955927 15.547151
v 6.354661 25.985050 16.766857
v 5.900287 25.957088 16.629417
v 4.135735 25.987818 17.520121
v 4.066143 25.956484 17.223915
v 2.387979 25.982868 18.609993
v 2.167094 25.929138 18.348709
v 0.191138 25.978687 18.599304
v 1.337914 25.866110 18.884642
v -0.602573 25.948784 18.404316
v -0.658673 25.907867 18.870840
v -1.382577 25.989208 19.036678
v 7.313590 25.851208 3.973928
v 7.232865 25.579742 3.146075
v 6.839543 25.719437 4.939705
v 6.212594 25.718699 5.578734
v 5.212238 25.739563 5.878044
v 1.467313 25.710144 6.631788
v -0.220464 25.856001 8.387388
v -1.263930 25.700037 8.923677
v -2.167078 25.701433 9.131041
v -2.763320 25.693848 8.783763
v -3.225672 25.765749 8.195227
v -3.752175 25.688522 7.668932
v -4.505090 25.853800 6.144134
v -4.735629 25.681044 4.355723
v -5.478113 25.684624 2.986674
v -7.813592 25.679790 1.473835
v -8.368687 25.507198 0.314535
v -8.480915 25.681910 -0.821089
v -8.193469 25.696831 -1.556087
v -7.254158 25.812691 -2.610094
v -6.560438 25.680979 -2.895341
v -5.516250 25.817076 -3.019316
v -4.286927 25.892298 -3.319484
v -2.179640 25.826073 -5.166446
v -0.860020 25.614485 -5.628428
v 0.436580 25.832262 -6.135150
v 1.758934 25.706161 -6.704642
v 3.694909 25.730658 -6.432465
v 5.760425 25.801294 -3.988645
v 6.419523 25.635063 -2.767683
v 7.277990 25.853840 -1.765999
v 9.877200 25.813349 0.295954
v 10.984457 25.732403 1.897113
v 11.141927 25.739161 5.057399
v 10.197694 25.792084 6.193035
v 7.782778 25.721872 6.731070
v 6.897485 25.879637 7.756327
v 5.546047 25.697655 10.214966
v 4.849215 25.849117 11.144055
v 3.583163 25.711460 11.155177
v 2.164090 25.706312 10.974111
v 0.857741 25.778915 11.113291
v -1.804849 25.792599 11.570302
v -4.620821 25.819656 11.779231
v -5.762848 25.816959 11.628738
v -6.560307 25.681240 11.042513
v -7.249404 25.678362 10.399088
v -8.066755 25.809912 9.909094
v -8.779486 25.675943 8.102005
v -8.860126 25.669699 5.496058
v -9.234876 25.673326 3.656005
v -9.969818 25.804176 2.289933
v -10.838918 25.667587 1.006811
v -11.889971 25.666895 -0.096613
v -12.390653 25.498331 -1.936324
v -11.764380 25.668932 -2.761737
v -10.696676 25.665401 -3.556408
v -8.100504 25.671146 -4.581360
v -7.075277 25.597494 -5.357013
v -6.304029 25.683393 -6.283639
v -4.965315 25.685326 -8.237398
v -2.770920 25.692369 -9.974521
v -2.002686 25.700964 -9.986156
v 0.477230 25.833176 -9.779762
v 2.242762 25.835588 -9.504374
v 3.631675 25.842350 -9.587343
v 4.765772 25.713156 -9.335367
v 5.842342 25.717613 -8.423819
v 6.682318 25.627058 -7.147086
v 8.147280 25.741268 -4.044070
v 9.768528 25.862381 -1.993991
v 12.816277 25.889746 1.027618
v 12.780001 25.671293 1.149596
v 13.550431 25.869858 2.327317
v 14.229115 25.872019 4.086334
v 14.344667 25.872763 4.836700
v 14.106213 25.571287 5.709165
v 12.670811 25.736498 6.894004
v 10.217597 25.812094 7.458737
v 8.762325 25.724527 8.198473
v 7.823009 25.721548 9.377200
v 6.453254 25.852516 11.774947
v 5.250998 25.714012 12.958965
v 4.110090 25.711460 13.588387
v 2.837903 25.726902 13.927493
v 0.199536 25.593212 14.100763
v -1.312768 25.612253 14.537030
v -4.103365 25.692060 15.751609
v -5.559156 25.568136 15.866979
v -7.633666 25.810883 13.293107
v -10.586630 25.589260 12.028811
v -11.162439 25.670063 10.729755
v -11.469766 25.663689 7.976985
v -11.945245 25.583630 6.059380
v -12.654196 25.790716 4.774723
v -14.401477 25.789642 1.554400
v -15.397532 25.660345 -0.010927
v -15.685943 25.788527 -0.859429
v -15.951725 25.788046 -2.761744
v -15.803936 25.789846 -3.744335
v -14.980290 25.659433 -4.605214
v -13.911818 25.564844 -5.285899
v -11.468724 25.759590 -6.530795
v -8.135607 25.762512 -10.056723
v -6.648001 25.826033 -11.183140
v -4.148006 25.623755 -12.341138
v -2.802832 25.824221 -12.954100
v -1.300969 25.696060 -13.128146
v 0.137290 25.700401 -13.011416
v 1.378507 25.703245 -12.478569
v 2.446497 25.909060 -12.002367
v 3.512964 25.783926 -11.498600
v 5.898042 25.796421 -10.917934
v 7.168752 25.853119 -10.142985
v 8.075801 25.852482 -9.057734
v 9.524823 25.928764 -5.832563
v 10.637688 25.856586 -3.887169
v 16.540325 25.746172 4.073294
v 17.316313 25.581003 7.048435
v 15.119434 25.737236 8.536098
v 12.786725 25.731180 9.029901
v 10.904044 25.647842 10.159732
v 9.584855 25.726036 11.852293
v 8.663291 25.765354 13.797472
v 7.287689 25.686565 15.026250
v 6.512707 25.717382 15.857921
v 5.809322 25.712986 16.461832
v 3.920605 25.709915 17.065399
v 2.215356 25.705942 18.135611
v 1.260264 25.702993 18.200470
v -0.039208 25.776558 18.148048
v -1.108172 25.696600 18.378235
v -1.620211 25.670958 18.599209
v 7.237830 25.553677 3.968850
v 6.872658 25.408266 4.953697
v 6.237326 25.407158 5.604455
v 5.240500 25.406256 5.902834
v 2.791084 25.537560 6.159060
v 1.473606 25.401335 6.664525
v -0.233212 25.528553 8.295619
v -2.776246 25.382936 8.816184
v -3.251297 25.383244 8.191238
v -4.218192 25.513659 7.048707
v -4.781768 25.368702 4.344225
v -5.504506 25.374453 3.012883
v -8.224648 25.367960 -1.561900
v -7.206774 25.511009 -2.545876
v -5.470258 25.517273 -2.948639
v -4.214417 25.526579 -3.209704
v -2.144875 25.526356 -5.095315
v 0.471736 25.531981 -6.067859
v 2.841000 25.539539 -6.987867
v 3.741195 25.400349 -6.456342
v 4.636580 25.447142 -5.280471
v 5.803244 25.401926 -3.953325
v 7.246543 25.552172 -1.677516
v 9.837617 25.493643 0.302739
v 11.494378 25.562054 3.526694
v 10.204550 25.468925 6.178102
v 7.785511 25.414898 6.777316
v 6.762676 25.461824 7.797930
v 4.839789 25.378710 11.093999
v 3.601454 25.401197 11.188586
v 2.159704 25.398352 11.008174
v 0.598522 25.381880 11.190151
v -2.523975 25.524563 11.580912
v -4.594485 25.518223 11.704284
v -5.727958 25.515823 11.558382
v -6.598288 25.268366 11.120578
v -7.281406 25.371080 10.417947
v -8.000312 25.508747 9.865473
v -8.584653 25.507191 9.195908
v -8.845548 25.288071 8.171300
v -8.900982 25.364183 5.463179
v -9.270348 25.364958 3.659479
v -9.908689 25.504139 2.240980
v -10.876177 25.360264 1.016865
v -12.554891 25.494772 -1.037217
v -11.792676 25.358904 -2.778405
v -11.015838 25.361080 -3.389526
v -8.103032 25.362968 -4.625189
v -6.299423 25.311142 -6.392622
v -5.017300 25.369762 -8.236548
v -3.656711 25.618080 -9.526530
v -3.504089 25.380375 -9.678992
v -2.009632 25.390285 -10.016677
v 0.453930 25.534683 -9.703826
v 2.265244 25.533886 -9.427648
v 3.608357 25.541094 -9.512389
v 4.776655 25.402391 -9.370165
v 5.859677 25.406214 -8.455813
v 6.781626 25.410833 -7.100211
v 8.213140 25.392117 -4.019970
v 9.750525 25.562809 -1.894071
v 12.852015 25.426987 1.155373
v 13.475464 25.569803 2.348154
v 14.152980 25.571724 4.098270
v 14.271332 25.569715 4.828223
v 13.614757 25.572309 6.476556
v 12.504999 25.547419 6.893184
v 8.780784 25.415005 8.229850
v 7.842731 25.413427 9.411194
v 6.381093 25.556156 11.739673
v 5.278666 25.405319 12.983022
v 4.170748 25.324924 13.644846
v 2.868707 25.399517 13.953371
v -7.589822 25.511272 13.227758
v -11.190454 25.358101 10.752455
v -11.513444 25.359547 7.934011
v -12.603166 25.488461 4.716067
v -14.358857 25.414541 1.487291
v -15.426991 25.352198 -0.000364
v -15.607707 25.492992 -0.876478
v -15.875368 25.486189 -2.745238
v -15.734607 25.486771 -3.710359
v -15.011003 25.348003 -4.621793
v -13.877541 25.353010 -5.382951
v -11.448222 25.334997 -6.571646
v -10.240240 25.506916 -7.549922
v -8.643476 25.367231 -9.510091
v -7.701160 25.595482 -10.377703
v -6.661614 25.513424 -11.073234
v -2.795335 25.523378 -12.876623
v -1.310175 25.386578 -13.162799
v 0.138979 25.391342 -13.047316
v 1.375948 25.395540 -12.519334
v 2.458662 25.539181 -11.856302
v 3.552748 25.403040 -11.506493
v 5.934204 25.486179 -10.870381
v 7.112304 25.551723 -10.091763
v 8.012982 25.550959 -9.018591
v 9.622477 25.566008 -5.341724
v 13.275922 25.641321 0.255885
v 14.683055 25.571022 2.127073
v 17.727257 25.578087 5.740618
v 16.190744 25.582642 7.963280
v 15.127493 25.431526 8.573636
v 12.779326 25.423042 9.073495
v 11.735156 25.564747 9.541854
v 9.859779 25.479223 11.368337
v 8.729306 25.420664 13.724332
v 6.880996 25.392502 15.520530
v 5.850931 25.345951 16.516756
v 3.938284 25.438194 17.085978
v 2.231190 25.396824 18.168518
v 1.280069 25.394613 18.235601
v 0.346732 25.533304 18.110880
v -0.807571 25.403400 18.289627
v 7.385675 25.288063 4.011731
v 7.690921 25.179934 3.145911
v 7.182657 25.196184 5.038088
v 2.807950 25.272903 6.313899
v -0.116730 25.247221 8.413626
v -1.200924 25.260283 9.068147
v -2.179366 25.168453 9.423088
v -2.955033 25.168959 9.086955
v -3.709660 25.278002 7.848345
v -4.362663 25.251554 7.111316
v -5.081481 25.158209 4.381780
v -5.714307 25.183868 3.135223
v -7.866416 25.275507 1.540034
v -8.688921 25.152361 0.482832
v -8.773699 25.149036 -0.798413
v -8.527010 25.148142 -1.708489
v -7.303406 25.244984 -2.666075
v -6.606969 25.294216 -2.960695
v -5.501580 25.249727 -3.098155
v -4.277613 25.181299 -3.476772
v -2.193154 25.256836 -5.240109
v 0.256024 25.277964 -6.165786
v 1.703549 25.269833 -6.857182
v 2.879858 25.185003 -7.372001
v 3.886469 25.188841 -6.756701
v 5.933568 25.218258 -4.158097
v 7.190957 25.281616 -1.944827
v 9.961660 25.288548 0.212972
v 11.123914 25.295748 1.808441
v 11.853344 25.209789 3.464231
v 11.413030 25.206760 5.122619
v 10.395753 25.228411 6.357821
v 7.933026 25.203545 7.037393
v 6.966971 25.283682 7.771687
v 5.671702 25.302748 10.237964
v 1.797771 25.205082 11.251231
v -4.202490 25.257385 11.877322
v -5.774630 25.248426 11.707227
v -8.104782 25.242519 9.977534
v -8.717964 25.239613 9.277355
v -9.210976 25.152220 5.415180
v -9.625942 25.148634 3.604831
v -10.298181 25.178885 2.025737
v -12.013518 25.231800 0.006767
v -12.916124 25.140835 -0.953215
v -12.763453 25.141045 -1.987965
v -10.463038 25.276701 -3.757262
v -8.178195 25.177227 -4.855172
v -7.189029 25.185963 -5.580522
v -4.811891 25.232340 -8.743896
v -3.805210 25.185547 -9.793550
v -2.698890 25.300266 -10.082161
v 0.436510 25.267662 -9.863551
v 2.315712 25.270744 -9.582610
v 3.622005 25.275631 -9.665406
v 4.837891 25.189617 -9.686280
v 5.959594 25.192842 -8.799354
v 6.940937 25.219128 -7.304315
v 8.405719 25.223600 -4.139003
v 9.919692 25.293911 -1.939832
v 13.232006 25.287426 1.397599
v 14.431318 25.307350 4.472023
v 14.475109 25.217016 5.768849
v 12.956562 25.210833 7.180428
v 10.109977 25.320023 7.577963
v 8.906682 25.200665 8.539923
v 7.675587 25.205149 10.176716
v 6.322975 25.283125 12.048686
v 5.573270 25.191235 13.156467
v 4.309774 25.200571 14.029893
v 0.201259 25.206223 14.341578
v -1.326947 25.265165 14.720630
v -4.067991 25.252550 15.908817
v -5.604019 25.271004 15.994000
v -7.716129 25.249693 13.336986
v -10.707357 25.234585 12.149189
v -11.433816 25.144148 11.019897
v -11.876629 25.140564 7.740930
v -12.185266 25.169594 6.123172
v -12.772670 25.227325 4.735724
v -14.647145 25.159140 1.555217
v -15.690101 25.162210 -0.019278
v -16.023872 25.218580 -2.771388
v -15.878642 25.219273 -3.762343
v -14.809178 25.158749 -5.115476
v -11.533248 25.164370 -6.785907
v -10.331855 25.248753 -7.661388
v -8.046604 25.231306 -10.351552
v -6.766496 25.246790 -11.193407
v -3.188688 25.260420 -12.936038
v -1.479588 25.171593 -13.469215
v 0.448848 25.201464 -13.230729
v 2.736983 25.216711 -11.977349
v 5.964839 25.271885 -11.046509
v 7.202072 25.284752 -10.218389
v 8.141496 25.286598 -9.111264
v 9.875747 25.244268 -5.333502
v 14.322704 25.309109 1.490796
v 16.659363 25.311718 3.969276
v 18.086931 25.228611 5.708294
v 17.656132 25.226700 7.176409
v 15.684837 25.248871 8.638124
v 12.723962 25.232399 9.346962
v 11.383240 25.295897 9.953975
v 10.133499 25.243361 11.353215
v 8.770312 25.271526 13.945849
v 7.016590 25.217621 15.717592
v 3.958818 25.253412 17.268488
v 2.181887 25.239302 18.402536
v 0.136800 25.252630 18.279703
v -1.088479 25.262461 18.526815
v 7.691206 25.210340 3.989902
v 6.340782 25.201988 5.921620
v 5.433208 25.258684 6.413238
v 1.803386 25.197487 6.782197
v 1.791273 25.241688 7.118593
v -0.562482 25.188185 9.091071
v -4.604468 25.175528 7.384953
v -5.997022 25.238359 3.351308
v -8.143406 25.165306 1.711191
v -7.297233 25.170925 -3.118542
v -4.469459 25.223799 -3.750708
v -2.015110 25.186729 -5.763525
v 1.245271 25.191610 -6.898856
v 6.431404 25.258932 -3.948769
v 7.430710 25.208799 -2.134804
v 10.206901 25.216629 0.085563
v 11.491092 25.243933 1.613744
v 10.585799 25.279631 6.631289
v 7.150721 25.212959 8.009918
v 5.867163 25.203995 10.499237
v 4.902223 25.198513 11.518296
v 1.967905 25.261717 11.595804
v -5.603765 25.179937 12.123232
v -2.410868 25.228592 12.167269
v -7.166690 25.244453 11.320338
v -8.195855 25.167379 10.233260
v -9.091755 25.164333 9.231285
v -10.570188 25.236927 2.394205
v -11.684547 25.176626 0.919985
v -12.166568 25.142097 -2.836379
v -10.933985 25.159817 -3.942992
v -8.267568 25.211613 -5.163962
v -7.154224 25.215973 -6.103466
v -5.319090 25.173279 -8.489964
v -3.859013 25.241646 -10.148497
v -2.653810 25.181833 -10.468794
v 2.663260 25.197203 -9.886547
v 7.197001 25.256159 -7.443470
v 8.694832 25.259405 -4.259004
v 10.110479 25.216864 -2.172379
v 13.341755 25.226448 1.078464
v 14.712043 25.235096 4.129068
v 13.925760 25.215424 6.712363
v 10.286108 25.216213 7.861103
v 6.833844 25.207796 11.881937
v 3.006243 25.243748 14.478981
v -0.106246 25.227423 14.742123
v -4.031451 25.200050 16.315458
v -5.701144 25.174887 16.300322
v -7.850190 25.168480 13.622045
v -10.921890 25.157715 12.319886
v -12.641623 25.196783 5.892173
v -14.897729 25.199480 1.749204
v -15.989164 25.167112 -0.014662
v -16.302191 25.144829 -3.516797
v -14.936420 25.169544 -5.320297
v -11.751765 25.207943 -7.017057
v -10.656051 25.206247 -7.970765
v -8.187488 25.167786 -10.601169
v -7.000678 25.215685 -11.561180
v -3.412565 25.179588 -13.173607
v 0.471152 25.233257 -13.531622
v 3.160838 25.244526 -12.181046
v 6.017718 25.205704 -11.313037
v 8.076797 25.211134 -9.826836
v 10.188571 25.262985 -5.538456
v 14.672441 25.228306 1.386401
v 16.867708 25.235519 3.813993
v 16.059099 25.243195 8.655953
v 12.590668 25.263763 9.682358
v 10.826311 25.219173 10.859332
v 10.072933 25.284727 12.290204
v 8.921159 25.213875 14.161216
v 7.274534 25.251524 15.866073
v 6.031834 25.206367 16.850840
v 4.202095 25.199841 17.431980
v 2.038746 25.196274 18.689217
v -0.009994 25.188824 18.563681
v -1.444723 25.172709 18.918594
v 7.935909 25.365198 4.095852
v 8.079441 25.577148 3.146108
v 7.384274 25.363253 5.316962
v 6.609378 25.360956 6.127373
v 5.464420 25.569832 6.614420
v 2.954203 25.352114 6.846774
v 1.915477 25.561295 7.293342
v 0.125570 25.344967 8.883244
v -1.113144 25.338453 9.561198
v -2.314700 25.333780 9.799287
v -3.109966 25.334217 9.370418
v -4.131996 25.320513 8.237849
v -4.889597 25.541941 7.487173
v -5.055611 25.341171 6.455534
v -5.443967 25.327591 4.437727
v -8.324965 25.323996 1.928686
v -9.011987 25.315678 0.465172
v -9.149574 25.316010 -0.958188
v -8.784605 25.301334 -1.872688
v -7.683898 25.534279 -3.187480
v -6.856056 25.324652 -3.532179
v -5.737540 25.327827 -3.614582
v -4.569008 25.542990 -3.941769
v -2.510411 25.337082 -5.713519
v -1.203945 25.552265 -6.373330
v 0.250668 25.345919 -6.738405
v 1.669148 25.348295 -7.399616
v 2.986448 25.348911 -7.687770
v 4.059534 25.353596 -7.005844
v 5.538822 25.354364 -5.287408
v 6.361356 25.575668 -4.471138
v 7.050845 25.575344 -3.304027
v 7.759436 25.360167 -2.198406
v 10.428348 25.373535 -0.068863
v 12.168980 25.376017 3.537676
v 11.695556 25.372324 5.365579
v 9.351205 25.371061 7.087295
v 8.155490 25.365427 7.317002
v 7.326451 25.368217 8.175111
v 6.069118 25.360035 10.676338
v 5.146842 25.355667 11.682355
v 3.760859 25.353634 11.823531
v 0.683726 25.337357 11.840900
v -2.565278 25.548502 12.398075
v -4.700344 25.330658 12.397295
v -5.980881 25.326565 12.218875
v -6.977859 25.536093 11.714822
v -8.536066 25.320019 10.325912
v -9.200589 25.317127 9.536329
v -9.439294 25.317055 8.308518
v -9.566818 25.316046 5.505352
v -9.896794 25.316353 3.879440
v -12.518728 25.309301 0.214010
v -13.247969 25.303396 -0.962327
v -13.024866 25.304087 -2.152622
v -12.268090 25.308496 -3.198717
v -11.392797 25.312195 -3.933862
v -10.385603 25.324265 -4.452638
v -8.418342 25.532066 -5.327784
v -7.630891 25.534222 -5.951400
v -6.956017 25.536074 -6.740695
v -5.510762 25.329775 -8.688196
v -4.588003 25.331673 -9.653614
v -2.946243 25.335150 -10.644304
v -2.063476 25.341284 -10.687931
v 0.479953 25.347065 -10.428856
v 2.297751 25.349714 -10.143841
v 3.747709 25.354797 -10.208530
v 5.035281 25.356899 -9.964613
v 6.272548 25.360044 -8.935404
v 7.413628 25.575893 -7.498337
v 8.833784 25.581532 -4.440263
v 10.251799 25.377016 -2.413658
v 13.346979 25.385258 0.691638
v 14.104510 25.383965 2.005357
v 14.938550 25.597630 3.923738
v 14.956302 25.385780 4.842463
v 14.731723 25.382856 5.974538
v 14.102761 25.381021 6.985098
v 12.998855 25.379992 7.499028
v 10.434724 25.370584 8.088877
v 9.188783 25.369051 8.748081
v 8.338648 25.367607 9.854564
v 6.979781 25.366894 12.132492
v 5.668961 25.359715 13.512641
v 4.408434 25.568041 14.308218
v 3.001825 25.562716 14.701411
v 0.395272 25.558424 14.901504
v -0.952744 25.346384 15.192653
v -5.737096 25.324261 16.534967
v -6.863749 25.323488 15.314081
v -8.009679 25.321720 13.807829
v -11.113086 25.311951 12.523527
v -11.762155 25.309425 11.035994
v -12.189125 25.309372 7.971796
v -12.714319 25.519907 6.356299
v -13.342368 25.517843 5.052022
v -15.028780 25.513329 1.938427
v -16.035128 25.301651 0.289675
v -16.306200 25.300583 -0.698179
v -16.567762 25.297304 -2.825596
v -16.371742 25.296558 -3.971092
v -15.491612 25.299097 -5.033935
v -14.256285 25.303898 -5.919950
v -11.900620 25.522160 -7.171951
v -10.828007 25.525284 -8.101507
v -8.417505 25.323381 -10.747902
v -7.054949 25.535757 -11.779677
v -4.455231 25.332243 -13.003117
v -2.959606 25.335997 -13.564392
v -1.314674 25.339781 -13.812400
v 0.312556 25.556524 -13.779696
v 1.662656 25.560289 -13.222935
v 2.729015 25.563236 -12.622894
v 3.725250 25.566044 -12.251623
v 6.158662 25.361877 -11.544476
v 7.562236 25.364552 -10.623665
v 8.592544 25.363609 -9.424155
v 10.148367 25.583990 -6.116346
v 11.286827 25.586903 -4.244832
v 13.819343 25.594376 -0.395210
v 15.274179 25.388191 1.742026
v 17.170799 25.392550 3.804451
v 18.408878 25.390314 5.751313
v 17.882383 25.389463 7.369075
v 16.589422 25.389078 8.537483
v 15.381630 25.383606 9.189400
v 13.000648 25.378920 9.701417
v 12.166022 25.589752 10.214520
v 11.042065 25.377213 11.014733
v 9.222119 25.368399 14.224851
v 7.903222 25.582916 15.540995
v 6.984285 25.575222 16.502010
v 6.179078 25.358870 17.064407
v 4.212716 25.356441 17.711067
v 2.491186 25.353729 18.799816
v 1.370139 25.559526 18.984715
v 0.061528 25.345186 18.822777
v -0.852215 25.342813 19.037579
v -1.207430 25.544285 19.355165
v 7.999036 25.583948 4.131714
v 8.102801 25.590185 3.146031
v 8.009248 25.583002 4.092179
v 7.851450 25.808174 4.427540
v 7.436751 25.581615 5.362751
v 7.400499 25.807833 5.342505
v 7.436751 25.581615 5.362751
v 6.619479 25.804966 6.156046
v 6.646524 25.579407 6.188063
v 6.646524 25.579407 6.188063
v 5.467863 25.800114 6.548181
v 5.476785 25.576082 6.589325
v 2.969126 25.793175 6.875220
v 2.975487 25.569172 6.916573
v 2.986337 25.569143 6.912948
v 1.878334 25.793352 7.242383
v 1.905607 25.566315 7.279627
v 0.131822 25.787153 8.912119
v 0.156423 25.561211 8.946224
v 0.156423 25.561211 8.946224
v -1.106476 25.557673 9.629094
v -1.118644 25.786049 9.591068
v -1.106476 25.557673 9.629094
v -2.328361 25.781574 9.827920
v -2.335002 25.554232 9.868099
v -2.335002 25.554232 9.868099
v -3.151681 25.551939 9.428653
v -3.134029 25.776646 9.391151
v -3.151681 25.551939 9.428653
v -4.211731 25.757545 8.226353
v -4.200678 25.548042 8.276107
v -4.259663 25.547012 8.233255
v -4.929107 25.547844 7.416652
v -5.105262 25.546457 6.621894
v -5.068364 25.770800 6.597601
v -5.423298 25.764378 4.564184
v -5.459620 25.544935 4.577740
v -5.506267 25.545334 4.476010
v -6.051185 25.769194 3.434589
v -6.070092 25.543077 3.496341
v -6.085958 25.543716 3.458647
v -8.379465 25.537874 1.967920
v -8.352919 25.772770 1.929665
v -8.424836 25.537161 1.894409
v -9.079370 25.535326 0.474182
v -9.042590 25.763723 0.461430
v -9.079370 25.535326 0.474182
v -9.179266 25.760733 -0.971395
v -9.218178 25.534939 -0.977460
v -9.218178 25.534939 -0.977460
v -8.852933 25.535954 -1.920994
v -8.815868 25.760576 -1.903486
v -8.841067 25.535814 -1.946378
v -7.647126 25.765385 -3.138054
v -7.644619 25.539347 -3.187829
v -6.862600 25.766668 -3.561909
v -6.898041 25.542585 -3.570527
v -6.882668 25.541483 -3.599773
v -5.778908 25.544575 -3.680906
v -5.770380 25.768682 -3.640778
v -4.539180 25.777321 -3.885200
v -4.563401 25.548313 -3.926123
v -2.407983 25.553305 -5.881032
v -2.543618 25.553640 -5.779729
v -1.200180 25.781723 -6.309963
v 0.225514 25.785934 -6.760210
v 0.217610 25.561380 -6.801933
v 0.217610 25.561380 -6.801933
v 1.669421 25.565449 -7.472404
v 1.676602 25.791939 -7.431757
v 1.669421 25.565449 -7.472404
v 2.996597 25.797224 -7.716363
v 3.003795 25.569191 -7.758253
v 3.003795 25.569191 -7.758253
v 4.099622 25.572258 -7.062899
v 4.082297 25.797606 -7.024502
v 4.099622 25.572258 -7.062899
v 5.614671 25.790876 -5.261315
v 6.379705 25.579561 -4.442562
v 7.098423 25.583200 -3.231809
v 7.864490 25.585337 -2.207273
v 7.834085 25.582727 -2.210345
v 10.389111 25.590515 -0.228595
v 10.367646 25.822556 -0.186686
v 10.377043 25.590183 -0.246158
v 11.674818 25.593494 1.599686
v 11.637636 25.820339 1.618074
v 11.674818 25.593494 1.599686
v 12.194957 25.823036 3.543514
v 12.235868 25.595066 3.542376
v 12.235868 25.595066 3.542376
v 11.749783 25.593700 5.403692
v 11.714417 25.822086 5.387356
v 11.749783 25.593700 5.403692
v 10.565572 25.589493 6.826551
v 10.650526 25.590622 6.751792
v 9.372052 25.587036 7.154826
v 9.342713 25.810341 7.119913
v 8.175714 25.809549 7.340128
v 8.197506 25.583754 7.376915
v 8.197506 25.583754 7.376915
v 7.381853 25.581678 8.212424
v 7.391030 25.583916 8.235820
v 6.114995 25.577908 10.731320
v 6.082873 25.803936 10.705018
v 6.114995 25.577908 10.731320
v 5.154899 25.802546 11.711711
v 5.177726 25.575289 11.748020
v 5.177726 25.575289 11.748020
v 3.768353 25.571329 11.893890
v 3.751087 25.795635 11.853774
v 3.768353 25.571329 11.893890
v 2.226377 25.790258 11.702782
v 1.869296 25.565361 11.739139
v 2.225726 25.567007 11.744083
v 0.629557 25.560875 11.937178
v 0.626067 25.774302 11.896235
v -2.430341 25.556509 12.387580
v -4.723357 25.547533 12.467508
v -4.723771 25.772709 12.425716
v -4.723357 25.547533 12.467508
v -6.001019 25.769056 12.244567
v -6.012588 25.543922 12.285019
v -6.012588 25.543922 12.285019
v -7.054531 25.785095 11.525773
v -7.022527 25.542255 11.631632
v -7.744839 25.539068 10.990404
v -8.597401 25.536678 10.367321
v -8.597401 25.536678 10.367321
v -9.231493 25.760792 9.544390
v -9.266785 25.534796 9.567436
v -9.266785 25.534796 9.567436
v -9.510582 25.534119 8.316272
v -9.510582 25.534119 8.316272
v -9.602732 25.753347 5.503940
v -9.638585 25.533590 5.528005
v -9.644446 25.533272 5.498791
v -9.963213 25.532850 3.911108
v -9.963213 25.532850 3.911108
v -10.586597 25.531101 2.628422
v -10.547290 25.755720 2.613309
v -10.793737 25.530989 2.274356
v -11.481150 25.528589 1.425419
v -12.587999 25.525486 0.236614
v -12.552463 25.751896 0.216267
v -12.587999 25.525486 0.236614
v -13.278878 25.752220 -0.964318
v -13.319551 25.523434 -0.958143
v -13.319551 25.523434 -0.958143
v -13.088188 25.524086 -2.178978
v -13.050009 25.751663 -2.169754
v -13.088188 25.524086 -2.178978
v -12.284163 25.750160 -3.227830
v -12.316579 25.526247 -3.250732
v -12.316579 25.526247 -3.250732
v -11.427375 25.528746 -3.998230
v -11.077042 25.751804 -4.188365
v -11.149829 25.529133 -4.190771
v -10.400870 25.532827 -4.512590
v -8.455342 25.756618 -5.230112
v -8.488078 25.536777 -5.255776
v -7.593873 25.541979 -5.987610
v -6.920616 25.543943 -6.791233
v -5.500068 25.770952 -8.749519
v -5.571296 25.545134 -8.729049
v -5.538511 25.545532 -8.768309
v -4.065467 25.780661 -10.139828
v -4.141746 25.549149 -10.140397
v -4.624838 25.547810 -9.717400
v -3.833030 25.550032 -10.323023
v -2.946236 25.777514 -10.675920
v -2.959353 25.552471 -10.715747
v -2.959353 25.552471 -10.715747
v -2.062394 25.555498 -10.755547
v -2.081864 25.557529 -10.778944
v 0.519160 25.562366 -10.496283
v 0.439751 25.564600 -10.526100
v 2.315371 25.566706 -10.218929
v 2.315912 25.788141 -10.176116
v 2.275182 25.567068 -10.219314
v 3.768981 25.571341 -10.278787
v 3.763885 25.796186 -10.236997
v 3.768981 25.571341 -10.278787
v 5.052210 25.801336 -9.988764
v 5.067171 25.574974 -10.028675
v 5.067171 25.574974 -10.028675
v 6.323586 25.578501 -8.982819
v 6.300213 25.804028 -8.947940
v 6.323586 25.578501 -8.982819
v 7.355387 25.805141 -7.475751
v 7.376500 25.581545 -7.518939
v 8.791944 25.806622 -4.398275
v 8.845110 25.585564 -4.394346
v 10.335363 25.589952 -2.422973
v 10.344481 25.592415 -2.443878
v 13.417531 25.599201 0.672507
v 13.386798 25.828953 0.704031
v 13.398947 25.598585 0.642565
v 14.173849 25.600498 1.983317
v 14.170547 25.603010 1.931551
v 14.929644 25.605179 3.892171
v 14.982956 25.828960 4.852026
v 15.025313 25.602890 4.849777
v 15.025313 25.602890 4.849777
v 14.791778 25.602238 6.006636
v 14.752981 25.829449 5.994339
v 14.791778 25.602238 6.006636
v 14.117764 25.826591 7.011121
v 14.148773 25.600426 7.038728
v 14.148773 25.600426 7.038728
v 13.023921 25.597275 7.565284
v 12.999094 25.821030 7.530775
v 13.023921 25.597275 7.565284
v 10.444494 25.809179 8.122164
v 10.468688 25.589903 8.153863
v 10.455155 25.589588 8.161673
v 9.212895 25.811869 8.766546
v 9.085196 25.587206 8.913331
v 9.237096 25.586662 8.801875
v 8.399228 25.584307 9.892342
v 6.963085 25.809685 12.195560
v 7.044604 25.580650 12.162531
v 7.646477 25.582207 11.209620
v 6.765846 25.579731 12.493285
v 5.705719 25.576763 13.574734
v 5.705719 25.576763 13.574734
v 4.414472 25.573139 14.285383
v 3.011340 25.793249 14.633679
v 3.015980 25.569187 14.676401
v 0.328049 25.564844 14.920987
v -0.907932 25.558355 15.250797
v -0.927151 25.781229 15.212830
v -0.905329 25.558260 15.250570
v -4.081271 25.549332 16.501608
v -4.085980 25.776897 16.461214
v -4.081271 25.549332 16.501608
v -5.752541 25.772957 16.562231
v -5.833900 25.543331 16.595247
v -5.763333 25.544622 16.603724
v -6.912718 25.541399 15.364127
v -8.025743 25.762173 13.835460
v -8.033865 25.537813 13.892545
v -8.050960 25.538212 13.868744
v -11.169175 25.529797 12.569715
v -11.138626 25.764757 12.534804
v -11.183807 25.529423 12.542738
v -11.828609 25.527622 11.060272
v -11.828609 25.527622 11.060272
v -12.225758 25.745525 7.968343
v -12.260184 25.526255 7.993736
v -12.271264 25.525877 7.949944
v -12.734750 25.527611 6.301886
v -13.357606 25.525778 5.020299
v -15.057481 25.521111 1.889269
v -16.106489 25.516287 0.301925
v -16.070053 25.745255 0.279820
v -16.099726 25.515829 0.323105
v -16.378523 25.514910 -0.694074
v -16.339096 25.738503 -0.707906
v -16.378637 25.514856 -0.693911
v -16.639065 25.514137 -2.840515
v -16.597954 25.739725 -2.839112
v -16.639065 25.514137 -2.840515
v -16.397495 25.741344 -3.988608
v -16.436714 25.514704 -4.002058
v -16.436714 25.514704 -4.002058
v -15.539965 25.517216 -5.085305
v -15.505877 25.742638 -5.062611
v -15.539965 25.517216 -5.085305
v -14.260201 25.744490 -5.954239
v -14.289211 25.520718 -5.984373
v -14.289211 25.520718 -5.984373
v -11.878377 25.529942 -7.184491
v -10.800886 25.533104 -8.132477
v -9.154527 25.535109 -10.052326
v -8.412845 25.538631 -10.865872
v -8.208963 25.537764 -11.002212
v -7.112096 25.543381 -11.748797
v -4.467233 25.548256 -13.077346
v -4.415257 25.788794 -13.044700
v -3.469787 25.551113 -13.511334
v -2.953742 25.777349 -13.596963
v -2.967901 25.552446 -13.636683
v -1.306725 25.557106 -13.884174
v -1.306725 25.557106 -13.884174
v 0.292552 25.786146 -13.721701
v 0.541662 25.561552 -13.717164
v 1.622506 25.789173 -13.174607
v 2.788266 25.571104 -12.595901
v 3.778143 25.573956 -12.238275
v 5.528011 25.576267 -11.815666
v 6.211995 25.808601 -11.550065
v 6.166826 25.577999 -11.618349
v 6.530330 25.579079 -11.424610
v 7.614157 25.582111 -10.672668
v 7.590439 25.807259 -10.637528
v 7.614157 25.582111 -10.672668
v 8.631398 25.806070 -9.427312
v 8.654508 25.584723 -9.463450
v 8.665039 25.584534 -9.453513
v 10.182370 25.591846 -6.050732
v 11.390752 25.593685 -4.061790
v 13.933195 25.603937 -0.250021
v 15.324647 25.603722 1.693423
v 15.324647 25.603722 1.693423
v 17.239365 25.609095 3.786958
v 17.201328 25.836893 3.804698
v 17.239365 25.609095 3.786958
v 18.436790 25.842714 5.756319
v 18.478973 25.612572 5.755642
v 18.478973 25.612572 5.755642
v 17.937664 25.611050 7.405783
v 17.901457 25.839579 7.389594
v 17.937664 25.611050 7.405783
v 16.596096 25.830770 8.569778
v 16.623295 25.607368 8.598994
v 16.623295 25.607368 8.598994
v 15.380759 25.603640 9.270283
v 15.363194 25.824303 9.232868
v 15.407927 25.603617 9.257779
v 13.017290 25.596790 9.775559
v 13.014118 25.599752 9.794611
v 12.124757 25.819426 10.168133
v 11.840077 25.594219 10.394280
v 11.068707 25.591406 11.091325
v 10.546633 25.592747 11.773071
v 10.379994 25.904276 11.811255
v 10.238088 25.589476 12.275747
v 9.339478 25.587715 14.153252
v 9.301261 25.816198 14.132661
v 9.354727 25.587208 14.137193
v 8.161012 25.587593 15.340830
v 7.855593 25.905876 15.428845
v 7.045419 25.583050 16.443623
v 6.185988 25.800537 17.098206
v 6.214621 25.578009 17.128643
v 6.210553 25.577856 17.133617
v 4.233624 25.796740 17.734339
v 4.248608 25.572681 17.774529
v 4.248608 25.572681 17.774529
v 2.499883 25.568630 18.868971
v 2.483252 25.799431 18.828541
v 2.514432 25.568079 18.868395
v 1.393509 25.564676 18.965929
v 0.435606 25.785948 18.852455
v 0.038901 25.562794 18.911905
v 0.043113 25.560495 18.897873
v -0.840103 25.560984 19.131504
v -0.832903 25.558372 19.107777
v -1.217743 25.560492 19.336311
v 7.570617 26.039345 -6.928972
v 7.500466 26.008657 -6.004545
v 7.867828 25.909237 -6.151406
v 6.959566 26.032557 -4.844821
v 6.246231 25.959389 -4.337959
v 6.097945 25.992481 -3.892643
v 5.223703 25.956379 -4.030330
v 1.898341 25.982870 -3.209154
v 2.759310 25.911011 -3.789420
v 1.607948 25.956497 -3.313557
v -0.239866 25.999197 -1.309180
v -1.362339 25.995081 -0.715357
v -2.367995 25.993008 -0.547098
v -3.085403 25.965611 -0.922776
v -2.935323 25.932938 -1.144658
v -3.879277 25.940285 -2.191094
v -4.771630 25.932997 -2.683345
v -4.568176 25.976547 -2.766707
v -5.034084 25.938696 -5.750186
v -5.287800 25.954926 -5.610091
v -5.673509 25.931126 -6.933670
v -5.906124 25.960068 -6.769663
v -8.261024 25.953184 -8.315329
v -8.022264 25.914946 -8.496177
v -8.791054 25.987270 -9.794819
v -8.935597 25.975445 -11.056226
v -8.654536 25.952494 -11.888474
v -8.408178 25.909719 -11.707778
v -6.907569 25.961637 -13.379428
v -7.543865 25.955364 -13.042419
v -6.582000 25.977594 -13.274526
v -4.562230 25.963610 -13.719736
v -2.469117 25.883116 -15.822493
v -2.369944 25.981977 -15.486987
v -0.408080 25.996040 -16.237316
v 1.855879 26.004631 -17.276958
v 2.900028 26.019871 -17.411535
v 3.878287 25.989532 -16.901962
v 3.742623 25.956274 -16.657457
v 6.242212 25.941607 -14.306643
v 5.991444 26.004280 -14.187852
v 7.477180 25.927794 -12.355844
v 7.019859 26.002277 -12.342841
v 10.141040 26.026653 -10.008519
v 11.358579 26.031738 -8.225212
v 11.775894 26.045645 -6.464326
v 11.378946 26.031242 -4.763451
v 10.233320 25.974024 -3.737966
v 10.491575 25.962795 -3.413810
v 7.978869 25.999050 -2.909087
v 7.831261 25.964350 -3.187110
v 7.003287 26.006857 -2.163493
v 7.203951 25.933210 -1.956557
v 5.661009 26.029156 0.496508
v 4.904048 26.013699 1.382188
v 3.581255 25.987114 1.546216
v 3.532361 25.951050 1.261180
v 2.026527 25.959911 1.098270
v 1.808382 25.981558 1.388568
v -4.761840 25.978764 2.047629
v -2.718425 25.903093 2.159649
v -6.036750 25.983784 1.841318
v -7.073482 25.953789 1.203327
v -6.877252 25.926540 0.980412
v -9.058218 25.960314 -0.610888
v -8.618894 25.838749 0.219223
v -8.768954 25.879843 -0.836090
v -9.499438 25.836533 -1.819098
v -9.012991 25.918837 -1.928870
v -9.419436 25.950092 -4.545572
v -9.153188 25.915831 -4.798499
v -9.508001 25.955194 -6.246683
v -9.939522 25.834589 -6.164870
v -11.116584 25.837597 -8.282577
v -10.706537 25.956873 -8.434011
v -12.512156 25.964266 -10.208259
v -12.983678 25.975458 -11.122762
v -12.741060 25.942862 -12.541440
v -12.647349 25.907295 -12.100211
v -11.944277 25.907503 -12.974881
v -10.940111 25.945974 -14.095539
v -10.836193 25.914736 -13.816191
v -8.412718 25.952681 -15.087602
v -8.268523 25.907551 -14.802703
v -7.457865 25.962038 -15.519687
v -7.260534 25.889446 -16.206493
v -6.551020 25.923132 -16.431152
v -5.092698 25.959568 -19.067459
v -5.171311 25.926521 -18.439676
v -3.818243 25.907082 -19.726740
v -3.164456 25.970995 -20.497480
v -2.661112 25.936768 -20.299484
v -2.099999 25.907005 -20.677910
v 0.496965 25.912291 -20.412914
v 1.990249 26.003296 -19.946125
v 3.832382 26.011148 -19.989374
v 4.908234 26.026936 -19.673662
v 6.604369 25.995913 -18.275434
v 5.915691 25.958420 -18.619080
v 6.836609 25.961514 -17.265907
v 8.495743 26.000278 -14.393044
v 8.265426 25.964609 -14.189287
v 9.796686 26.014647 -12.361511
v 10.166470 25.939871 -12.389375
v 13.224957 26.024977 -8.879637
v 13.590911 25.966089 -8.813062
v 14.634979 26.033123 -5.377303
v 14.711857 25.952726 -6.104299
v 14.320088 26.052513 -4.126991
v 13.692663 25.980524 -3.425808
v 13.699998 26.016573 -3.050673
v 12.635969 25.987762 -2.983798
v 10.323666 26.005379 -2.184091
v 10.082287 25.970129 -2.400807
v 8.881074 25.993963 -1.728223
v 9.025757 26.001774 -1.516032
v 8.288585 25.912224 -0.277914
v 7.929926 25.963587 -0.610850
v 6.351370 26.012503 2.288734
v 5.278028 25.996737 3.134490
v 5.575879 25.878635 3.448135
v 4.061167 25.993042 3.778693
v 4.292696 25.875183 4.146867
v 2.820654 25.949167 4.031014
v 2.906086 25.987598 4.309435
v 0.292423 25.911291 4.665510
v -0.406886 25.938898 4.331665
v -0.398422 25.978050 4.647829
v -4.273279 25.987383 6.118545
v -5.638982 25.891884 5.921882
v -5.755742 25.965239 6.250857
v -6.965772 25.844271 5.180048
v -7.798847 25.977314 3.529525
v -11.039727 25.945358 2.291114
v -10.810724 25.907690 2.093100
v -11.789263 25.899239 0.878093
v -11.357199 25.903585 0.770133
v -11.786826 25.917273 -2.295960
v -12.387184 25.883049 -3.234199
v -12.267511 25.951853 -3.889580
v -13.262859 25.870348 -5.110000
v -14.951283 25.867731 -8.232618
v -15.784727 25.928217 -10.171321
v -16.054092 25.931345 -10.148286
v -16.348635 25.954391 -13.029216
v -16.144432 25.954998 -14.009192
v -14.947787 25.935373 -15.390499
v -14.834423 25.898207 -15.123038
v -11.872734 25.875780 -17.103548
v -11.570584 25.953417 -16.954798
v -10.798001 25.874559 -18.039375
v -10.439889 25.873608 -17.666643
v -7.970133 25.965172 -20.822876
v -8.538206 25.862711 -20.715488
v -7.033486 25.891369 -21.705175
v -3.492141 25.966648 -23.322828
v -3.551056 25.938763 -22.969973
v -1.270490 25.978333 -23.457235
v -1.337963 25.859665 -23.879045
v 0.327623 25.939199 -23.227613
v 0.257115 25.982101 -23.535431
v 3.061990 25.933271 -22.309055
v 3.459463 25.996897 -21.890944
v 6.008373 25.993282 -21.442064
v 5.759204 25.964306 -21.212530
v 7.435318 26.021589 -20.374428
v 8.346817 26.025389 -19.238747
v 10.354810 26.015751 -14.779956
v 10.134641 25.940609 -15.699160
v 13.662675 25.951107 -10.317070
v 14.436568 25.951330 -8.357016
v 14.727969 26.027452 -8.347274
v 15.163683 25.904795 -8.373096
v 17.049940 26.046764 -5.925085
v 18.021751 26.061529 -4.293730
v 17.501348 26.059883 -2.803894
v 16.219406 25.986372 -1.910871
v 15.641156 26.020857 -1.192028
v 15.090759 25.988562 -1.340876
v 12.910002 25.945158 -0.442936
v 12.877243 26.019825 -0.826108
v 11.486649 25.902596 0.449071
v 11.785657 25.935968 -0.454599
v 10.477279 25.936605 0.635593
v 9.950759 26.011215 1.566977
v 9.017230 26.003771 3.913672
v 8.742921 25.967083 3.835209
v 6.979514 25.955925 5.472254
v 6.292870 25.985050 6.691976
v 5.838500 25.957088 6.554534
v 4.073969 25.987818 7.445232
v 4.004348 25.956482 7.149033
v 2.326208 25.982868 8.535110
v 2.105327 25.929132 8.273811
v 0.129452 25.978687 8.524407
v 1.276111 25.866125 8.809748
v -0.664427 25.948778 8.329440
v -0.720423 25.907864 8.795957
v -1.444363 25.989208 8.961801
v 7.251793 25.851210 -6.100925
v 7.171085 25.579758 -6.928804
v 6.777766 25.719469 -5.135168
v 6.150817 25.718708 -4.496142
v 5.150449 25.739567 -4.196835
v 1.405533 25.710154 -3.443091
v -0.282261 25.855993 -1.687492
v -1.325716 25.700035 -1.151209
v -2.228859 25.701429 -0.943841
v -2.825095 25.693842 -1.291117
v -3.287437 25.765759 -1.879627
v -4.225177 25.776075 -2.825495
v -4.566873 25.853792 -3.930774
v -4.797409 25.681000 -5.719176
v -5.539896 25.684601 -7.088216
v -7.875391 25.679808 -8.601056
v -8.430466 25.507208 -9.760341
v -8.542694 25.681910 -10.895975
v -8.255256 25.696852 -11.630976
v -7.315951 25.812691 -12.684973
v -6.622222 25.681005 -12.970240
v -5.578042 25.817074 -13.094193
v -4.348710 25.892300 -13.394362
v -2.241424 25.826077 -15.241327
v -0.921822 25.614487 -15.703304
v 0.374780 25.832266 -16.210030
v 1.697163 25.706173 -16.779530
v 3.633130 25.730686 -16.507347
v 5.698631 25.801285 -14.063532
v 6.357707 25.635086 -12.842605
v 7.216197 25.853828 -11.840872
v 9.815395 25.813343 -9.778951
v 10.922670 25.732395 -8.177770
v 11.080139 25.739147 -5.017484
v 10.135907 25.792089 -3.881841
v 7.720983 25.721870 -3.343811
v 6.835668 25.879623 -2.318531
v 5.484271 25.697655 0.140082
v 4.787437 25.849117 1.069175
v 3.521386 25.711460 1.080298
v 2.102297 25.706312 0.899230
v 0.795947 25.778910 1.038411
v -1.866717 25.792599 1.495433
v -4.682624 25.819672 1.704357
v -5.824636 25.816959 1.553861
v -6.622082 25.681227 0.967624
v -7.311191 25.678354 0.324209
v -8.128533 25.809910 -0.165785
v -8.841283 25.675972 -1.972905
v -8.921909 25.669689 -4.578787
v -9.296666 25.673359 -6.418865
v -10.031589 25.804178 -7.784934
v -10.900696 25.667587 -9.068067
v -11.951749 25.666889 -10.171495
v -12.452436 25.498344 -12.011209
v -11.826160 25.668911 -12.836615
v -10.758444 25.665400 -13.631298
v -8.162306 25.671165 -14.656237
v -7.137073 25.597509 -15.431886
v -6.365840 25.683416 -16.358501
v -5.027134 25.685316 -18.312237
v -2.832700 25.692373 -20.049402
v -2.064467 25.700962 -20.061035
v 0.415497 25.833170 -19.854635
v 2.181017 25.835598 -19.579262
v 3.569893 25.842352 -19.662224
v 4.703998 25.713156 -19.410246
v 5.780554 25.717602 -18.498709
v 6.620523 25.627050 -17.221989
v 8.085490 25.741282 -14.118964
v 9.706753 25.862387 -12.068879
v 12.779899 25.871344 -8.989676
v 13.488647 25.869864 -7.747567
v 14.167336 25.872011 -5.988520
v 14.282892 25.872766 -5.238184
v 14.044433 25.571285 -4.365714
v 12.609027 25.736511 -3.180871
v 10.155838 25.812094 -2.616157
v 8.700547 25.724545 -1.876406
v 7.761208 25.721542 -0.697669
v 6.391521 25.852516 1.700000
v 5.189205 25.714014 2.884084
v 4.048299 25.711454 3.513507
v 2.776137 25.726873 3.852597
v 0.137797 25.593224 4.025877
v -1.374528 25.612234 4.462138
v -4.165145 25.692062 5.676729
v -5.620938 25.568140 5.792099
v -7.695456 25.810894 3.218236
v -10.648423 25.589266 1.953928
v -11.224220 25.670063 0.654876
v -11.531555 25.663670 -2.097983
v -12.007033 25.583633 -4.015509
v -12.716009 25.790728 -5.300196
v -14.463243 25.789635 -8.520462
v -15.459295 25.660328 -10.085791
v -15.747725 25.788528 -10.934307
v -16.013510 25.788054 -12.836624
v -15.865727 25.789854 -13.819221
v -15.042071 25.659445 -14.680097
v -13.973590 25.564852 -15.360792
v -11.530509 25.759596 -16.605675
v -8.197406 25.762518 -20.131598
v -6.709770 25.826017 -21.258015
v -4.209768 25.623758 -22.416027
v -2.864603 25.824234 -23.029001
v -1.362731 25.696072 -23.203035
v 0.075495 25.700386 -23.086300
v 1.316717 25.703230 -22.553446
v 2.384706 25.909071 -22.077271
v 3.451237 25.783924 -21.573463
v 5.836216 25.796434 -20.992838
v 7.106990 25.853134 -20.217871
v 8.014012 25.852482 -19.132612
v 9.463022 25.928751 -15.907440
v 10.575923 25.856569 -13.961999
v 16.478535 25.746166 -6.001590
v 17.254532 25.581003 -3.026445
v 15.057617 25.737236 -1.538774
v 12.724984 25.731195 -1.044989
v 10.842252 25.647854 0.084848
v 9.523070 25.726030 1.777403
v 8.601512 25.765345 3.722584
v 7.225918 25.686579 4.951363
v 6.450928 25.717381 5.783040
v 5.747530 25.712992 6.386955
v 3.858802 25.709904 6.990525
v 2.153577 25.705938 8.060730
v 1.198498 25.702988 8.125588
v -0.100943 25.776556 8.073160
v -1.170061 25.696577 8.303383
v -1.681995 25.670958 8.524322
v 7.176055 25.553658 -6.106046
v 6.810847 25.408308 -5.121195
v 6.175535 25.407181 -4.470439
v 5.178730 25.406242 -4.172047
v 2.729307 25.537563 -3.915820
v 1.411829 25.401318 -3.410349
v -0.294991 25.528530 -1.779275
v -2.838030 25.382925 -1.258685
v -3.313068 25.383249 -1.883639
v -4.279974 25.513691 -3.026181
v -4.843576 25.368689 -5.730690
v -5.566298 25.374445 -7.061992
v -8.286423 25.367968 -11.636778
v -7.268538 25.511021 -12.620771
v -5.532041 25.517267 -13.023518
v -4.276215 25.526579 -13.284577
v -2.206655 25.526356 -15.170193
v 0.409947 25.531994 -16.142736
v 2.779219 25.539537 -17.062748
v 3.679398 25.400373 -16.531214
v 4.574844 25.447145 -15.355297
v 5.741491 25.401915 -14.028177
v 7.184771 25.552172 -11.752390
v 9.775842 25.493649 -9.772136
v 11.432592 25.562059 -6.548184
v 10.142754 25.468935 -3.896776
v 7.723724 25.414894 -3.297559
v 6.700890 25.461802 -2.276938
v 4.777994 25.378716 1.019119
v 3.539686 25.401180 1.113712
v 2.097920 25.398336 0.933297
v 0.536747 25.381886 1.115267
v -2.585742 25.524561 1.506030
v -4.656265 25.518223 1.629405
v -5.789740 25.515823 1.483503
v -6.660088 25.268366 1.045690
v -7.343196 25.371084 0.343067
v -8.062088 25.508745 -0.209404
v -8.646441 25.507208 -0.878979
v -8.907324 25.288076 -1.903609
v -8.962777 25.364191 -4.611803
v -9.332142 25.364956 -6.415405
v -9.970469 25.504139 -7.833900
v -10.937950 25.360277 -9.058013
v -12.616670 25.494781 -11.112098
v -11.854432 25.358936 -12.853292
v -11.077615 25.361097 -13.464401
v -8.164848 25.362955 -14.700069
v -6.361201 25.311150 -16.467489
v -5.079128 25.369759 -18.311377
v -3.718452 25.618092 -19.601448
v -3.565861 25.380384 -19.753870
v -2.071421 25.390291 -20.091557
v 0.392132 25.534683 -19.778706
v 2.203456 25.533895 -19.502525
v 3.546574 25.541094 -19.587267
v 4.714864 25.402384 -19.445047
v 5.797894 25.406214 -18.530697
v 6.719838 25.410835 -17.175081
v 8.151343 25.392134 -14.094849
v 9.688825 25.562794 -11.968871
v 12.719968 25.574919 -8.935284
v 13.413690 25.569796 -7.726723
v 14.091187 25.571709 -5.976622
v 14.209553 25.569719 -5.246661
v 13.552979 25.572311 -3.598325
v 12.443211 25.547422 -3.181700
v 8.719007 25.415005 -1.845030
v 7.780931 25.413408 -0.663644
v 6.319313 25.556168 1.664776
v 5.216867 25.405329 2.908145
v 4.108966 25.324919 3.569971
v 2.806912 25.399509 3.878498
v -7.651601 25.511290 3.152879
v -11.252234 25.358120 0.677554
v -11.575251 25.359514 -2.140879
v -12.664923 25.488476 -5.358769
v -14.420713 25.414541 -8.587709
v -15.488780 25.352196 -10.075230
v -15.669486 25.492981 -10.951345
v -15.937148 25.486183 -12.820125
v -15.796398 25.486740 -13.785241
v -15.072779 25.348013 -14.696674
v -13.939338 25.353004 -15.457836
v -11.510008 25.334995 -16.646523
v -10.302054 25.506929 -17.624773
v -8.705247 25.367233 -19.584974
v -7.762935 25.595486 -20.452595
v -6.723412 25.513412 -21.148106
v -2.857117 25.523375 -22.951504
v -1.371963 25.386568 -23.237692
v 0.077196 25.391348 -23.122190
v 1.314149 25.395533 -22.594225
v 2.396871 25.539185 -21.931183
v 3.490998 25.403042 -21.581364
v 5.872412 25.486185 -20.945259
v 7.050521 25.551733 -20.166643
v 7.951205 25.550957 -19.093452
v 9.560729 25.566011 -15.416547
v 13.214139 25.641315 -9.818993
v 14.621291 25.571009 -7.947790
v 17.665472 25.578079 -4.334260
v 16.128967 25.582655 -2.111607
v 15.065697 25.431522 -1.501243
v 12.717528 25.423046 -1.001384
v 11.673370 25.564739 -0.533029
v 9.797988 25.479227 1.293470
v 8.667544 25.420637 3.649440
v 6.819184 25.392498 5.445681
v 5.789137 25.345970 6.441858
v 3.876501 25.438192 7.011102
v 2.169407 25.396822 8.093637
v 1.218273 25.394611 8.160722
v 0.284930 25.533297 8.036002
v -0.869300 25.403389 8.214736
v 7.323879 25.288065 -6.063114
v 7.629144 25.179934 -6.928968
v 7.120863 25.196182 -5.036787
v 2.746121 25.272900 -3.760966
v -0.178489 25.247215 -1.661259
v -1.262719 25.260286 -1.006736
v -2.241151 25.168451 -0.651791
v -3.016819 25.168959 -0.987926
v -3.771443 25.278004 -2.226533
v -4.424431 25.251568 -2.963574
v -5.143237 25.158209 -5.693055
v -5.776088 25.183868 -6.939660
v -7.928209 25.275503 -8.534851
v -8.750692 25.152361 -9.592052
v -8.835476 25.149038 -10.873302
v -8.588791 25.148142 -11.783355
v -7.365211 25.244976 -12.740955
v -6.668747 25.294224 -13.035567
v -5.563336 25.249718 -13.173059
v -4.339403 25.181297 -13.551649
v -2.254933 25.256836 -15.314993
v 0.194263 25.277966 -16.240673
v 1.641791 25.269846 -16.932056
v 2.818065 25.185003 -17.446882
v 3.824669 25.188841 -16.831591
v 5.871801 25.218260 -14.232945
v 7.129154 25.281618 -12.019722
v 9.899885 25.288544 -9.861911
v 11.062142 25.295742 -8.266459
v 11.791553 25.209787 -6.610650
v 11.351232 25.206760 -4.952254
v 10.333969 25.228413 -3.717075
v 7.871243 25.203545 -3.037488
v 6.905179 25.283689 -2.303199
v 5.609908 25.302757 0.163087
v 1.735965 25.205082 1.176336
v -4.264265 25.257385 1.802443
v -5.836413 25.248436 1.632325
v -8.166569 25.242527 -0.097365
v -8.779737 25.239624 -0.797536
v -9.272755 25.152220 -4.659605
v -9.687737 25.148632 -6.470062
v -10.359926 25.178885 -8.049092
v -12.075306 25.231792 -10.068097
v -12.977912 25.140835 -11.028090
v -12.825246 25.141041 -12.062826
v -10.524841 25.276699 -13.832132
v -8.239989 25.177225 -14.930053
v -7.250816 25.185965 -15.655400
v -4.873709 25.232340 -18.818733
v -3.866978 25.185545 -19.868458
v -2.760662 25.300268 -20.157047
v 0.374723 25.267662 -19.938429
v 2.253973 25.270748 -19.657488
v 3.560221 25.275639 -19.740280
v 4.776123 25.189619 -19.761166
v 5.897826 25.192842 -18.874224
v 6.879161 25.219128 -17.379194
v 8.343938 25.223598 -14.213885
v 9.857819 25.293913 -12.014800
v 12.846514 25.304605 -9.023582
v 13.540819 25.303478 -7.825285
v 14.369531 25.307346 -5.602895
v 14.413321 25.217016 -4.306047
v 12.894801 25.210829 -2.894471
v 10.048201 25.320023 -2.496920
v 8.844914 25.200665 -1.534962
v 7.613794 25.205151 0.101859
v 6.261177 25.283127 1.973812
v 5.511472 25.191235 3.081591
v 4.247970 25.200571 3.955025
v 0.139539 25.206223 4.266677
v -1.388752 25.265163 4.645763
v -4.129776 25.252548 5.833941
v -5.665802 25.271002 5.919120
v -7.777919 25.249691 3.262109
v -10.769138 25.234581 2.074310
v -11.495603 25.144146 0.944994
v -11.938436 25.140566 -2.334087
v -12.247035 25.169594 -3.951700
v -12.834418 25.227329 -5.339091
v -14.708906 25.159142 -8.519645
v -15.751898 25.162209 -10.094186
v -16.085659 25.218578 -12.846260
v -15.940421 25.219273 -13.837227
v -14.870947 25.158751 -15.190358
v -11.595034 25.164370 -16.860785
v -10.393616 25.248755 -17.736292
v -8.108383 25.231308 -20.426430
v -6.828334 25.246786 -21.268267
v -3.250475 25.260420 -23.010914
v -1.541365 25.171593 -23.544096
v 0.387063 25.201464 -23.305613
v 2.675185 25.216711 -22.052235
v 5.903040 25.271887 -21.121387
v 7.140294 25.284754 -20.293266
v 8.079700 25.286604 -19.186138
v 9.813916 25.244270 -15.408454
v 14.260915 25.309105 -8.584114
v 16.597576 25.311728 -6.105587
v 18.025150 25.228611 -4.366593
v 17.594341 25.226698 -2.898470
v 15.623047 25.248871 -1.436758
v 12.662156 25.232399 -0.727913
v 11.321454 25.295897 -0.120896
v 10.071704 25.243361 1.278351
v 8.708530 25.271526 3.870966
v 6.954734 25.217619 5.642791
v 3.897028 25.253408 7.193617
v 2.120095 25.239302 8.327658
v 0.074997 25.252632 8.204817
v -1.150292 25.262457 8.451949
v 7.629405 25.210339 -6.084918
v 6.279010 25.201990 -4.153277
v 5.371427 25.258684 -3.661645
v 1.741614 25.197487 -3.292690
v 1.729490 25.241686 -2.956294
v -0.624288 25.188185 -0.983797
v -4.666257 25.175528 -2.689941
v -6.058806 25.238363 -6.723568
v -8.205189 25.165306 -8.363692
v -7.359019 25.170925 -13.193420
v -4.531242 25.223803 -13.825606
v -2.076886 25.186729 -15.838403
v 1.183517 25.191610 -16.973747
v 6.369640 25.258930 -14.023597
v 7.368925 25.208801 -12.209698
v 10.145107 25.216631 -9.989325
v 11.429311 25.243929 -8.461124
v 10.524018 25.279629 -3.443592
v 7.088960 25.212957 -2.065000
v 5.805387 25.203997 0.424338
v 4.840446 25.198513 1.443413
v 1.906144 25.261711 1.520905
v -5.665543 25.179937 2.048350
v -2.472990 25.228594 2.092414
v -7.228467 25.244452 1.245458
v -8.257658 25.167377 0.158367
v -9.153528 25.164333 -0.843556
v -10.631953 25.236923 -7.680663
v -11.746369 25.176628 -9.154922
v -12.228356 25.142097 -12.911242
v -10.995741 25.159817 -14.017888
v -8.329366 25.211617 -15.238846
v -7.215989 25.215979 -16.178375
v -5.380883 25.173279 -18.564819
v -3.920781 25.241648 -20.223391
v -2.715571 25.181833 -20.543674
v 2.601458 25.197203 -19.961424
v 7.135189 25.256149 -17.518356
v 8.633025 25.259405 -14.333899
v 10.048732 25.216864 -12.247225
v 13.279986 25.226446 -8.996401
v 14.650264 25.235096 -5.945814
v 13.863967 25.215422 -3.362521
v 10.224291 25.216213 -2.213764
v 6.772085 25.207796 1.807017
v 2.944453 25.243744 4.404086
v -0.168031 25.227421 4.667243
v -4.093238 25.200050 6.240580
v -5.762920 25.174887 6.225443
v -7.911969 25.168480 3.547168
v -10.983665 25.157713 2.245006
v -12.703403 25.196783 -4.182720
v -14.959535 25.199486 -8.325682
v -16.050949 25.167114 -10.089549
v -16.363985 25.144829 -13.591682
v -14.998158 25.169548 -15.395226
v -11.813545 25.207943 -17.091934
v -10.717799 25.206249 -18.045691
v -8.249308 25.167786 -20.676014
v -7.062529 25.215685 -21.636040
v -3.474345 25.179588 -23.248486
v 0.409368 25.233257 -23.606501
v 3.099058 25.244524 -22.255920
v 5.955913 25.205704 -21.387924
v 8.015014 25.211134 -19.901720
v 10.126787 25.262993 -15.613368
v 14.610614 25.228306 -8.688542
v 16.805912 25.235518 -6.260908
v 15.997270 25.243195 -1.418905
v 12.528870 25.263765 -0.392518
v 10.764548 25.219173 0.784424
v 10.011134 25.284723 2.215333
v 8.859372 25.213875 4.086332
v 7.212731 25.251524 5.791216
v 5.970066 25.206367 6.775947
v 4.140327 25.199841 7.357093
v 1.976957 25.196272 8.614337
v -0.071838 25.188824 8.488797
v -1.506509 25.172709 8.843717
v 7.874126 25.365196 -5.979017
v 8.017662 25.577148 -6.928772
v 7.322482 25.363234 -4.757933
v 6.547596 25.360954 -3.947507
v 5.402645 25.569832 -3.460467
v 2.892425 25.352118 -3.228105
v 1.853693 25.561295 -2.781536
v 0.063790 25.344959 -1.191648
v -1.174931 25.338461 -0.513676
v -2.376477 25.333780 -0.275592
v -3.171765 25.334230 -0.704459
v -4.193766 25.320522 -1.837014
v -4.951387 25.541941 -2.587719
v -5.117392 25.341169 -3.619328
v -5.505766 25.327612 -5.637137
v -8.386746 25.323994 -8.146195
v -9.073765 25.315674 -9.609711
v -9.211343 25.315987 -11.033054
v -8.846365 25.301319 -11.947580
v -7.745676 25.534279 -13.262365
v -6.917849 25.324659 -13.607062
v -5.799325 25.327826 -13.689460
v -4.630779 25.542990 -14.016653
v -2.572195 25.337072 -15.788387
v -1.265734 25.552265 -16.448210
v 0.188899 25.345913 -16.813293
v 1.607368 25.348309 -17.474518
v 2.924654 25.348911 -17.762651
v 3.997737 25.353594 -17.080727
v 5.477046 25.354366 -15.362282
v 6.299484 25.575666 -14.546161
v 6.989036 25.575344 -13.378933
v 7.697661 25.360170 -12.273284
v 10.366557 25.373533 -10.143740
v 12.107172 25.375990 -6.537207
v 11.633766 25.372309 -4.709314
v 9.289426 25.371063 -2.987584
v 8.093710 25.365425 -2.757878
v 7.264640 25.368206 -1.899756
v 6.007335 25.360027 0.601457
v 5.085063 25.355669 1.607477
v 3.699100 25.353619 1.748631
v 0.621857 25.337353 1.766034
v -2.626797 25.548502 2.323165
v -4.762127 25.330654 2.322411
v -6.042665 25.326567 2.143996
v -7.039654 25.536095 1.639935
v -8.597879 25.320045 0.251028
v -9.262388 25.317142 -0.538548
v -9.501074 25.317055 -1.766349
v -9.628624 25.316063 -4.569540
v -9.958581 25.316345 -6.195463
v -12.580514 25.309303 -9.860859
v -13.309768 25.303417 -11.037208
v -13.086659 25.304098 -12.227505
v -12.329869 25.308493 -13.273590
v -11.454575 25.312187 -14.008732
v -10.447361 25.324263 -14.527524
v -8.480109 25.532066 -15.402669
v -7.692679 25.534222 -16.026278
v -7.017807 25.536074 -16.815561
v -5.572537 25.329763 -18.763073
v -4.649781 25.331669 -19.728487
v -3.008039 25.335140 -20.719179
v -2.125249 25.341282 -20.762810
v 0.418170 25.347063 -20.503733
v 2.235975 25.349712 -20.218718
v 3.685915 25.354780 -20.283403
v 4.973502 25.356899 -20.039492
v 6.210771 25.360054 -19.010290
v 7.351848 25.575891 -17.573221
v 8.772005 25.581532 -14.515126
v 10.190000 25.377026 -12.488570
v 13.285182 25.385254 -9.383249
v 14.042726 25.383963 -8.069501
v 14.876760 25.597628 -6.151175
v 14.894529 25.385788 -5.232408
v 14.669935 25.382849 -4.100356
v 14.040973 25.381016 -3.089783
v 12.937073 25.379988 -2.575857
v 10.372957 25.370586 -1.986006
v 9.127007 25.369064 -1.326793
v 8.276859 25.367605 -0.220304
v 6.917983 25.366903 2.057647
v 5.607184 25.359722 3.437769
v 4.346639 25.568043 4.233345
v 2.940037 25.562714 4.626533
v 0.333473 25.558424 4.826625
v -1.014501 25.346386 5.117764
v -5.798884 25.324263 6.460090
v -6.925539 25.323494 5.239197
v -8.071461 25.321720 3.732934
v -11.174879 25.311951 2.448650
v -11.823928 25.309416 0.961124
v -12.250888 25.309361 -2.103033
v -12.776110 25.519905 -3.718593
v -13.404263 25.517843 -5.023082
v -15.090570 25.513329 -8.136475
v -16.096907 25.301643 -9.785215
v -16.368006 25.300600 -10.773088
v -16.629539 25.297295 -12.900461
v -16.433533 25.296570 -14.045979
v -15.553392 25.299101 -15.108830
v -14.318074 25.303905 -15.994839
v -11.962379 25.522158 -17.246843
v -10.889738 25.525284 -18.176443
v -8.479309 25.323372 -20.822750
v -7.116703 25.535757 -21.854572
v -4.517005 25.332243 -23.077997
v -3.021390 25.335991 -23.639267
v -1.376465 25.339781 -23.887278
v 0.250760 25.556524 -23.854580
v 1.600866 25.560287 -23.297825
v 2.667211 25.563236 -22.697792
v 3.663420 25.566042 -22.326519
v 6.096880 25.361881 -21.619360
v 7.500454 25.364550 -20.698545
v 8.530763 25.363609 -19.499039
v 10.086601 25.583990 -16.191195
v 11.225005 25.586903 -14.319764
v 13.757515 25.594376 -10.470175
v 15.212395 25.388210 -8.332874
v 17.108994 25.392550 -6.270448
v 18.347111 25.390335 -4.323570
v 17.820595 25.389452 -2.705815
v 16.527641 25.389076 -1.537396
v 15.319870 25.383604 -0.885488
v 12.938827 25.378910 -0.373462
v 12.104207 25.589752 0.139652
v 10.980276 25.377222 0.939872
v 9.160317 25.368404 4.149991
v 7.841469 25.582916 5.466085
v 6.922464 25.575222 6.427151
v 6.117280 25.358871 6.989533
v 4.150939 25.356445 7.636193
v 2.429409 25.353733 8.724940
v 1.308358 25.559526 8.909834
v -0.000255 25.345186 8.747898
v -0.914016 25.342798 8.962682
v -1.269211 25.544289 9.280282
v 7.937258 25.583946 -5.943129
v 8.041014 25.590187 -6.928848
v 7.947480 25.583002 -5.982687
v 7.789640 25.808203 -5.647319
v 7.374971 25.581615 -4.712129
v 7.338728 25.807816 -4.732378
v 7.374971 25.581615 -4.712129
v 6.557702 25.804960 -3.918831
v 6.584733 25.579407 -3.886817
v 6.584733 25.579407 -3.886817
v 5.406087 25.800116 -3.526702
v 5.414965 25.576082 -3.485552
v 2.907354 25.793186 -3.199674
v 2.913694 25.569172 -3.158303
v 2.924557 25.569143 -3.161932
v 1.816556 25.793343 -2.832490
v 1.843828 25.566315 -2.795254
v 0.070024 25.787163 -1.162760
v 0.094631 25.561211 -1.128655
v 0.094631 25.561211 -1.128655
v -1.168256 25.557673 -0.445785
v -1.180423 25.786053 -0.483812
v -1.168256 25.557673 -0.445785
v -2.390139 25.781574 -0.246960
v -2.396794 25.554232 -0.206781
v -2.396794 25.554232 -0.206781
v -3.213461 25.551939 -0.646227
v -3.195812 25.776659 -0.683737
v -3.213461 25.551939 -0.646227
v -4.273501 25.757559 -1.848526
v -4.262452 25.548042 -1.798767
v -4.321450 25.547012 -1.841629
v -4.965490 25.768383 -2.729500
v -5.005084 25.547380 -2.717213
v -5.167041 25.546457 -3.452985
v -5.485109 25.764360 -5.510731
v -5.521401 25.544935 -5.497145
v -5.568046 25.545334 -5.598870
v -6.112962 25.769203 -6.640290
v -6.131858 25.543079 -6.578509
v -6.147738 25.543716 -6.616245
v -8.441224 25.537870 -8.106910
v -8.414702 25.772770 -8.145221
v -8.486615 25.537161 -8.180470
v -9.141150 25.535326 -9.600698
v -9.104383 25.763702 -9.613431
v -9.141150 25.535326 -9.600698
v -9.241038 25.760740 -11.046278
v -9.279968 25.534939 -11.052341
v -9.279968 25.534939 -11.052341
v -8.914725 25.535954 -11.995873
v -8.877641 25.760578 -11.978374
v -8.902873 25.535814 -12.021226
v -7.708928 25.765369 -13.212934
v -7.706398 25.539347 -13.262708
v -6.924380 25.766672 -13.636787
v -6.959802 25.542585 -13.645410
v -6.944448 25.541483 -13.674653
v -5.840687 25.544575 -13.755785
v -5.832159 25.768675 -13.715661
v -4.600976 25.777319 -13.960080
v -4.625190 25.548313 -14.001004
v -2.469746 25.553305 -15.955937
v -2.605410 25.553640 -15.854608
v -1.261903 25.781729 -16.384863
v 0.163769 25.785910 -16.835127
v 0.155831 25.561380 -16.876812
v 0.155831 25.561380 -16.876812
v 1.607630 25.565449 -17.547295
v 1.614840 25.791954 -17.506634
v 1.607630 25.565449 -17.547295
v 2.934820 25.797222 -17.791245
v 2.942003 25.569191 -17.833132
v 2.942003 25.569191 -17.833132
v 4.037843 25.572258 -17.137779
v 4.020500 25.797583 -17.099409
v 4.037843 25.572258 -17.137779
v 5.552979 25.790886 -15.336092
v 6.317869 25.579561 -14.517511
v 7.036644 25.583199 -13.306669
v 7.802695 25.585337 -12.282154
v 7.772295 25.582727 -12.285225
v 10.327309 25.590515 -10.303491
v 10.305861 25.822550 -10.261571
v 10.315214 25.590183 -10.321066
v 11.613039 25.593494 -8.475194
v 11.575847 25.820351 -8.456804
v 11.613039 25.593494 -8.475194
v 12.133174 25.823046 -6.531369
v 12.174089 25.595066 -6.532504
v 12.174089 25.595066 -6.532504
v 11.688003 25.593700 -4.671188
v 11.652639 25.822073 -4.687537
v 11.688003 25.593700 -4.671188
v 10.503805 25.589493 -3.248336
v 10.588746 25.590622 -3.323087
v 9.310261 25.587036 -2.920054
v 9.280920 25.810339 -2.954967
v 8.113922 25.809549 -2.734752
v 8.135727 25.583754 -2.697964
v 8.135727 25.583754 -2.697964
v 7.320081 25.581678 -1.862462
v 7.329251 25.583918 -1.839059
v 6.053215 25.577908 0.656441
v 6.021071 25.803951 0.630146
v 6.053215 25.577908 0.656441
v 5.093122 25.802544 1.636832
v 5.115935 25.575289 1.673140
v 5.115935 25.575289 1.673140
v 3.706562 25.571329 1.819011
v 3.689301 25.795635 1.778895
v 3.706562 25.571329 1.819011
v 2.164599 25.790258 1.627902
v 1.807518 25.565361 1.664258
v 2.163947 25.567007 1.669204
v 0.567801 25.560875 1.862295
v 0.564296 25.774302 1.821355
v -2.491831 25.556509 2.312668
v -4.785149 25.547533 2.392629
v -4.785562 25.772705 2.350839
v -4.785149 25.547533 2.392629
v -6.062798 25.769045 2.169691
v -6.074368 25.543922 2.210127
v -6.074368 25.543922 2.210127
v -7.116319 25.785093 1.450890
v -7.084380 25.542253 1.556707
v -7.806619 25.539068 0.915524
v -8.659192 25.536678 0.292441
v -8.659192 25.536678 0.292441
v -9.293273 25.760809 -0.530503
v -9.328576 25.534796 -0.507444
v -9.328576 25.534796 -0.507444
v -9.572362 25.534119 -1.758608
v -9.572362 25.534119 -1.758608
v -9.664515 25.753363 -4.570982
v -9.700389 25.533590 -4.547036
v -9.706231 25.533274 -4.576169
v -10.024993 25.532850 -6.163771
v -10.024993 25.532850 -6.163771
v -10.648377 25.531101 -7.446458
v -10.609073 25.755726 -7.461579
v -10.855543 25.530989 -7.800560
v -11.542930 25.528589 -8.649461
v -12.649792 25.525486 -9.838265
v -12.614236 25.751894 -9.858612
v -12.649792 25.525486 -9.838265
v -13.340652 25.752226 -11.039199
v -13.381342 25.523434 -11.033022
v -13.381342 25.523434 -11.033022
v -13.149980 25.524086 -12.253870
v -13.111782 25.751669 -12.244632
v -13.149980 25.524086 -12.253870
v -12.345934 25.750179 -13.302707
v -12.378359 25.526247 -13.325623
v -12.378359 25.526247 -13.325623
v -11.489166 25.528746 -14.073121
v -11.138800 25.751816 -14.263248
v -11.211735 25.529133 -14.265569
v -10.462630 25.532827 -14.587482
v -8.517137 25.756615 -15.304993
v -8.549850 25.536777 -15.330663
v -7.655639 25.541979 -16.062513
v -6.982419 25.543943 -16.866079
v -5.561786 25.770943 -18.824495
v -5.633161 25.545132 -18.803802
v -5.600298 25.545530 -18.843189
v -4.127240 25.780657 -20.214712
v -4.203509 25.549149 -20.215277
v -4.686630 25.547810 -19.792290
v -3.894810 25.550032 -20.397903
v -3.008030 25.777502 -20.750805
v -3.021132 25.552471 -20.790627
v -3.021132 25.552471 -20.790627
v -2.124176 25.555498 -20.830425
v -2.143657 25.557529 -20.853825
v 0.457389 25.562366 -20.571161
v 0.377977 25.564600 -20.600979
v 2.253627 25.566708 -20.293798
v 2.254142 25.788143 -20.250994
v 2.213506 25.567068 -20.294195
v 3.707202 25.571341 -20.353666
v 3.702121 25.796204 -20.311871
v 3.707202 25.571341 -20.353666
v 4.990420 25.801332 -20.063650
v 5.005391 25.574974 -20.103554
v 5.005391 25.574974 -20.103554
v 6.261794 25.578501 -19.057699
v 6.238432 25.804041 -19.022804
v 6.261794 25.578501 -19.057699
v 7.293596 25.805141 -17.550632
v 7.314725 25.581545 -17.593796
v 8.730188 25.806618 -14.473123
v 8.783319 25.585564 -14.469225
v 10.273576 25.589952 -12.497867
v 10.282662 25.592415 -12.518793
v 13.355763 25.599205 -9.402329
v 13.325017 25.828953 -9.370831
v 13.337218 25.598585 -9.432252
v 14.112059 25.600498 -8.091562
v 14.108775 25.603012 -8.143298
v 14.867840 25.605179 -6.182767
v 14.921188 25.828932 -5.222876
v 14.963521 25.602890 -5.225102
v 14.963521 25.602890 -5.225102
v 14.729986 25.602238 -4.068244
v 14.691180 25.829462 -4.080525
v 14.729986 25.602238 -4.068244
v 14.056000 25.826574 -3.063761
v 14.086982 25.600426 -3.036163
v 14.086982 25.600426 -3.036163
v 12.962142 25.597275 -2.509595
v 12.937299 25.821043 -2.544113
v 12.962142 25.597275 -2.509595
v 10.382743 25.809183 -1.952734
v 10.406869 25.589903 -1.921010
v 10.393348 25.589592 -1.913223
v 9.151114 25.811859 -1.308331
v 9.023300 25.587204 -1.161449
v 9.175317 25.586662 -1.273004
v 8.337448 25.584307 -0.182537
v 6.901285 25.809675 2.120709
v 6.982944 25.580650 2.087459
v 7.584698 25.582207 1.134740
v 6.704054 25.579731 2.418405
v 5.643928 25.576763 3.499841
v 5.643928 25.576763 3.499841
v 4.352693 25.573139 4.210504
v 2.949571 25.793255 4.558794
v 2.954171 25.569187 4.601527
v 0.266296 25.564844 4.846098
v -0.969727 25.558355 5.175917
v -0.988909 25.781229 5.137945
v -0.967122 25.558260 5.175690
v -4.143051 25.549332 6.426729
v -4.147749 25.776880 6.386335
v -4.143051 25.549332 6.426729
v -5.814330 25.772943 6.487359
v -5.895658 25.543331 6.520371
v -5.825125 25.544622 6.528845
v -6.974498 25.541399 5.289236
v -8.087523 25.762180 3.760579
v -8.095650 25.537813 3.817658
v -8.112740 25.538212 3.793864
v -11.230954 25.529795 2.494839
v -11.200404 25.764742 2.459934
v -11.245586 25.529423 2.467858
v -11.890389 25.527622 0.985392
v -11.890389 25.527622 0.985392
v -12.287559 25.745514 -2.106615
v -12.321956 25.526255 -2.081087
v -12.333039 25.525875 -2.124821
v -12.796521 25.527611 -3.772967
v -13.419392 25.525776 -5.054571
v -15.119224 25.521112 -8.185553
v -16.168257 25.516287 -9.772905
v -16.131832 25.745256 -9.795064
v -16.161516 25.515829 -9.751790
v -16.440317 25.514910 -10.769015
v -16.400873 25.738503 -10.782776
v -16.440434 25.514856 -10.768854
v -16.700842 25.514137 -12.915394
v -16.659733 25.739727 -12.913987
v -16.700842 25.514137 -12.915394
v -16.459267 25.741350 -14.063494
v -16.498507 25.514704 -14.076937
v -16.498507 25.514704 -14.076937
v -15.601743 25.517216 -15.160185
v -15.567684 25.742620 -15.137487
v -15.601743 25.517216 -15.160185
v -14.321980 25.744484 -16.029121
v -14.350990 25.520718 -16.059252
v -14.350990 25.520718 -16.059252
v -11.940171 25.529942 -17.259365
v -10.862597 25.533104 -18.207443
v -9.216318 25.535109 -20.127205
v -8.474620 25.538631 -20.940767
v -8.270756 25.537764 -21.077089
v -7.173880 25.543381 -21.823679
v -4.529012 25.548256 -23.152225
v -4.477046 25.788792 -23.119574
v -3.531497 25.551113 -23.586233
v -3.015521 25.777349 -23.671843
v -3.029680 25.552446 -23.711561
v -1.368505 25.557106 -23.959053
v -1.368505 25.557106 -23.959053
v 0.230773 25.786150 -23.796577
v 0.479993 25.561552 -23.792025
v 1.560736 25.789185 -23.249475
v 2.726485 25.571104 -22.670788
v 3.716250 25.573956 -22.313185
v 5.466232 25.576267 -21.890545
v 6.150211 25.808601 -21.624945
v 6.105113 25.577999 -21.693195
v 6.468551 25.579079 -21.499489
v 7.552378 25.582111 -20.747547
v 7.528663 25.807268 -20.712404
v 7.552378 25.582111 -20.747547
v 8.569599 25.806070 -19.502201
v 8.592752 25.584723 -19.538288
v 8.603260 25.584534 -19.528374
v 10.120571 25.591846 -16.125647
v 11.328969 25.593685 -14.136666
v 13.871457 25.603939 -10.324843
v 15.262856 25.603722 -8.381456
v 15.262856 25.603722 -8.381456
v 17.177584 25.609095 -6.287921
v 17.139553 25.836885 -6.270186
v 17.177584 25.609095 -6.287921
v 18.375017 25.842703 -4.318569
v 18.417181 25.612572 -4.319237
v 18.417181 25.612572 -4.319237
v 17.875872 25.611050 -2.669097
v 17.839682 25.839573 -2.685285
v 17.875872 25.611050 -2.669097
v 16.534323 25.830748 -1.505106
v 16.561504 25.607368 -1.475885
v 16.561504 25.607368 -1.475885
v 15.318946 25.603642 -0.804600
v 15.301417 25.824297 -0.842010
v 15.346115 25.603617 -0.817090
v 12.955535 25.596788 -0.299314
v 12.952328 25.599752 -0.280267
v 12.062970 25.819405 0.093269
v 11.778348 25.594219 0.319329
v 11.006920 25.591406 1.016459
v 10.484830 25.592745 1.698222
v 10.318221 25.904285 1.736339
v 10.176296 25.589476 2.200867
v 9.277740 25.587713 4.078312
v 9.239451 25.816196 4.057822
v 9.292962 25.587208 4.062263
v 8.099145 25.587593 5.266025
v 7.793795 25.905882 5.353967
v 6.983605 25.583050 6.368767
v 6.124187 25.800539 7.023333
v 6.152811 25.578009 7.053776
v 6.148752 25.577858 7.058734
v 4.171844 25.796745 7.659447
v 4.186828 25.572681 7.699636
v 4.186828 25.572681 7.699636
v 2.438082 25.568632 8.794089
v 2.421489 25.799431 8.753646
v 2.452647 25.568079 8.793525
v 1.331729 25.564676 8.891049
v 0.373823 25.785957 8.777572
v -0.022834 25.562794 8.837019
v -0.018689 25.560495 8.822994
v -0.901823 25.560984 9.056600
v -0.894596 25.558372 9.032866
v -1.279523 25.560492 9.261420
v 14.531354 27.955959 5.698323
v 14.468970 27.900982 7.060843
v 14.711679 27.690386 6.897850
v 13.713597 27.899660 9.905798
v 13.939696 27.650146 10.072399
v 12.722444 27.654852 10.959614
v 10.692304 27.846882 7.801471
v 8.571804 27.839134 7.157861
v 7.241977 27.560246 8.683238
v 7.135382 27.779276 8.105697
v 5.848285 27.622292 12.424207
v 3.744260 27.694132 12.260020
v 3.807500 27.429018 12.618358
v 1.691643 27.649063 10.992898
v 1.456267 27.404549 11.290640
v -0.834778 27.637289 10.204364
v -1.930121 27.621283 9.560570
v -2.179156 27.361874 9.737307
v -1.905517 27.642046 7.829751
v -1.145167 27.573761 6.092877
v 0.397023 27.663992 5.803452
v 0.995834 27.678169 6.025875
v 1.963456 27.600657 5.693690
v 3.421919 27.633348 5.294816
v 4.196819 27.766104 5.251108
v 4.735572 27.666826 4.442149
v 6.177603 27.831516 3.154345
v 5.910976 27.583443 3.025180
v 7.319890 27.856123 2.221004
v 8.849775 27.656986 2.184636
v 10.344652 27.898033 2.794812
v 11.232800 27.842184 2.169610
v 12.380680 27.943979 0.658530
v 12.167826 27.724770 0.590234
v 14.050577 28.069864 -2.721209
v 13.962228 28.088650 -4.665481
v 11.777458 27.822779 -6.014812
v 11.974709 28.047630 -6.352545
v 9.506219 28.015953 -6.815366
v 9.558372 27.770428 -6.559740
v 8.374097 28.005495 -5.911960
v 7.595358 27.944719 -4.184046
v 7.878228 27.711050 -3.939264
v 6.775611 27.877842 -3.170848
v 4.362414 27.755482 -2.172867
v 4.291801 27.863333 -2.467756
v 3.293980 27.664997 -1.313551
v 2.407704 27.816339 0.546389
v 1.841966 27.676846 2.053158
v -0.271149 27.743763 2.113807
v -2.332969 27.612350 1.469398
v -3.162157 27.588188 -0.330613
v -2.894198 27.709719 -0.371428
v -2.901446 27.644413 -2.208678
v -1.543573 27.769222 -3.064687
v 1.555747 27.806583 -3.440959
v 0.063977 27.567364 -3.716676
v 3.324144 27.882755 -3.665038
v 3.595683 27.886045 -4.958175
v 3.753482 27.906301 -6.728100
v 3.475960 27.734707 -6.879946
v 4.350898 27.933086 -7.711560
v 4.114882 27.686813 -7.867642
v 6.235715 27.958303 -8.812522
v 5.403491 27.805387 -8.656039
v 6.402838 27.742006 -9.098754
v 7.681463 27.979898 -9.097261
v 7.496288 27.800617 -9.284601
v 11.231541 28.046106 -9.255560
v 11.393173 27.837599 -9.505809
v 13.594486 28.035374 -9.875501
v 14.805871 28.142754 -9.369124
v 14.981285 27.910229 -9.587285
v 15.215408 28.129440 -7.430583
v 15.299964 28.105951 -5.168492
v 15.612601 27.858131 -5.120254
v 16.213068 28.035519 -1.063967
v 16.401402 27.840324 3.295655
v 16.077663 28.003517 3.484795
v 17.113823 27.943853 7.630649
v 17.331247 27.735836 7.600122
v 16.967678 27.945599 9.754745
v 17.262634 27.707560 9.684277
v 16.557394 27.894680 11.439108
v 16.805792 27.676237 11.444832
v 15.383206 27.745090 13.455551
v 15.189469 27.860088 13.326185
v 14.455769 27.859285 14.619353
v 14.770432 27.601406 14.742622
v 13.935355 27.821793 15.205741
v 14.049679 27.581299 15.454468
v 12.737495 27.773890 15.046464
v 12.629574 27.550230 15.232012
v 9.937209 27.720587 13.812316
v 8.530939 27.713579 13.560621
v 8.552950 27.508659 13.770860
v 5.966192 27.663197 15.450553
v 6.378799 27.559534 15.505317
v 5.160623 27.410341 15.798096
v 3.956991 27.625767 15.584873
v 3.899495 27.387033 15.867672
v 1.530536 27.553236 16.550787
v 2.672030 27.358900 16.406450
v -0.007613 27.560141 15.938584
v -0.072647 27.313135 16.199389
v -1.198630 27.552959 14.871919
v -1.367792 27.300192 15.097668
v -2.078331 27.427498 13.690916
v -2.075680 27.560249 13.000751
v -2.781937 27.300365 12.147839
v -3.804570 27.465366 9.581171
v -3.889773 27.588860 8.469649
v -4.325961 27.460337 7.838538
v -4.438603 27.544186 5.980139
v -4.191291 27.455112 4.285555
v -3.732828 27.631866 2.601823
v -3.978818 27.409933 2.535897
v -4.504533 27.541981 0.967132
v -4.919913 27.669350 -0.590313
v -5.287188 27.641169 -0.821754
v -5.729323 27.709246 -2.855523
v -6.036559 27.442154 -2.788126
v -5.612337 27.712101 -4.519646
v -5.858537 27.466486 -4.640498
v -4.206195 27.752642 -5.568586
v -4.491760 27.501207 -5.725090
v -2.756292 27.786150 -6.218924
v -2.834394 27.541405 -6.512279
v -1.549084 27.668125 -7.653193
v -1.470204 27.815777 -7.314508
v 0.177269 27.907494 -10.164286
v -0.087117 27.643202 -10.340729
v 1.124169 27.880499 -11.194419
v 1.075665 27.672211 -11.401916
v 4.442861 27.940104 -10.104712
v 4.463795 27.722363 -10.339283
v 6.053349 27.831396 -10.828252
v 8.697835 28.045105 -11.681944
v 7.688112 27.919548 -11.611291
v 9.418507 27.832808 -11.983685
v 13.012790 28.110067 -11.730561
v 13.026978 27.904989 -11.945724
v 14.740816 28.185646 -11.103000
v 14.846395 27.927088 -11.445815
v 16.199759 28.168398 -9.974003
v 17.004177 28.170820 -8.276073
v 17.258366 27.931187 -8.419918
v 17.179901 28.151007 -6.389874
v 17.468142 27.911287 -6.589667
v 16.958138 28.106766 -3.113398
v 17.275990 27.986353 -3.333128
v 17.391476 28.094406 -1.582530
v 17.676611 27.855879 -1.657007
v 18.150654 28.067314 -0.755935
v 18.342985 27.857508 -0.879738
v 19.922321 28.117052 0.599878
v 19.901909 28.015759 0.290770
v 20.556131 28.116579 0.700810
v 20.413408 28.023428 0.497210
v 20.381866 28.138741 -1.423661
v 20.091167 27.890743 -1.422436
v 20.422207 27.914730 -3.385548
v 20.607721 28.147787 -3.632568
v 19.885292 27.932024 -4.647300
v 19.129519 28.187721 -6.832075
v 18.889292 28.063423 -6.690935
v 18.660355 28.205767 -9.026012
v 18.377083 28.080008 -9.005314
v 18.784485 28.256918 -12.920282
v 18.585627 28.124819 -12.155691
v 18.387205 28.010517 -13.056422
v 18.082232 28.228060 -13.766139
v 17.760307 27.987806 -13.736753
v 15.986666 28.215965 -15.578571
v 16.681870 28.151733 -14.858880
v 15.708205 27.995970 -15.419264
v 12.794571 28.183657 -16.190556
v 13.438158 27.951963 -15.760920
v 11.927950 28.053623 -16.224539
v 10.289258 28.027592 -16.424746
v 8.806828 28.120470 -16.241322
v 8.799273 27.871494 -15.937137
v 7.118726 28.015911 -15.015497
v 7.596881 27.839197 -15.209497
v 6.290479 27.945808 -13.707974
v 13.999737 27.723970 5.688605
v 14.004721 27.747957 6.854720
v 12.602070 27.849590 10.578504
v 10.586640 27.645697 7.228984
v 8.479793 27.735691 6.735523
v 5.733150 27.661366 11.939180
v 1.676122 27.538738 10.691377
v -0.903181 27.627096 6.398962
v 2.117195 27.602772 6.227214
v 3.651401 27.636770 5.789093
v 5.045246 27.672029 4.903968
v 6.262295 27.654182 3.623362
v 7.438307 27.745489 2.636501
v 10.468532 27.870628 3.017415
v 11.493274 27.909246 2.483863
v 12.705934 27.927872 0.798979
v 6.559816 27.889822 -3.432443
v 6.448098 27.728836 -3.591782
v 4.090446 27.749775 -2.672981
v 3.053860 27.834185 -1.673414
v 1.613817 27.679281 1.586223
v -1.977505 27.620512 1.182286
v -2.548992 27.680590 -1.946639
v -1.437239 27.651672 -2.761726
v 0.192884 27.683146 -3.089656
v 2.020936 27.735723 -3.080187
v 3.977382 27.658848 -4.840205
v 4.581548 27.761572 -7.374820
v 5.716405 27.929670 -8.276576
v 7.044207 27.964188 -8.743480
v 8.205902 27.898579 -8.696265
v 11.366745 28.041254 -8.974093
v 13.402251 28.026354 -9.365485
v 14.819102 27.888117 -7.327263
v 14.988684 27.985903 -5.093379
v 15.852075 28.002890 -0.915926
v 15.766256 27.877144 3.329488
v 16.813707 27.934837 7.624220
v 16.596197 27.768930 9.517525
v 16.267494 27.854788 11.204602
v 15.020909 27.821287 13.123667
v 12.773861 27.765642 14.765821
v 9.921512 27.741385 13.461291
v 8.613022 27.728594 13.233027
v 7.350710 27.484989 13.860374
v 6.231001 27.569832 14.959257
v 3.991605 27.599247 15.339267
v 1.601319 27.551416 16.268488
v 0.265188 27.336033 15.600714
v -0.884197 27.443462 14.718268
v -1.634015 27.465197 13.270830
v -3.772491 27.476580 7.800015
v -4.001160 27.564608 5.996074
v -3.506386 27.465666 4.323682
v -3.385945 27.605318 2.532377
v -3.948642 27.558575 0.873232
v -4.049304 27.633018 -5.264121
v -2.456368 27.671091 -5.995046
v -1.273030 27.770983 -7.154216
v 1.202461 27.856396 -10.830642
v 4.436242 27.933273 -9.779239
v 6.106704 27.879900 -10.214963
v 7.773738 27.920048 -11.054663
v 9.532838 28.038334 -11.468607
v 12.975524 28.102005 -11.436242
v 15.778225 27.996096 -9.772179
v 16.656569 28.047640 -8.253171
v 16.843979 28.062126 -6.442707
v 17.106224 27.970690 -1.384834
v 17.924288 28.055475 -0.565319
v 20.638050 27.944323 0.947420
v 20.749226 27.979113 -1.255963
v 20.953381 28.150799 -3.343859
v 20.589241 28.018364 -4.744978
v 19.768272 28.076450 -6.116260
v 19.319748 28.027201 -7.425802
v 18.936460 28.097061 -9.023487
v 18.840851 28.243486 -13.289207
v 18.481789 28.100754 -14.017703
v 16.956656 28.195505 -15.270346
v 16.066210 28.218330 -15.800058
v 13.666799 28.064461 -16.427332
v 12.029355 28.148762 -16.652925
v 10.353461 28.154959 -16.784206
v 8.600973 27.948126 -16.585901
v 7.293968 28.068386 -15.582492
v 6.416759 27.943125 -14.923893
v 5.799411 27.910206 -14.100793
v 13.493075 27.472878 9.623920
v 12.557623 27.440325 10.268682
v 8.464325 27.381205 6.622155
v 7.036888 27.197653 7.944434
v 3.821547 27.271814 11.871624
v -0.287052 27.214275 9.995485
v -1.579179 27.196779 9.394335
v -1.607470 27.223591 7.942708
v -0.761508 27.261850 6.594718
v 0.579442 27.285616 6.326203
v 2.163870 27.317585 6.337354
v 3.716815 27.350613 5.888392
v 5.125113 27.386913 4.992229
v 7.480676 27.457314 2.749737
v 9.050505 27.482990 2.943830
v 10.579959 27.501562 3.281500
v 11.633798 27.683367 2.643746
v 12.404404 27.708988 1.592549
v 13.212008 27.506002 0.214274
v 14.419744 27.794798 -2.720576
v 14.234540 27.822573 -4.838761
v 11.995842 27.470055 -6.554744
v 9.387055 27.794897 -7.202493
v 8.074149 27.575140 -6.146616
v 7.389960 27.713673 -4.542113
v 6.434792 27.406979 -3.635775
v 4.026085 27.463926 -2.774589
v 2.800219 27.421690 -1.889809
v 2.266996 27.388159 -0.101739
v -0.161414 27.480177 1.841973
v -2.646560 27.462709 -0.337651
v -1.387514 27.366438 -2.661673
v 0.211664 27.397400 -2.979891
v 3.584113 27.548443 -3.406334
v 4.059302 27.678516 -6.457276
v 5.792095 27.708799 -8.077099
v 6.760255 27.726793 -8.435681
v 8.192030 27.613735 -8.576821
v 11.438726 27.812368 -8.771651
v 14.508786 27.909164 -9.060817
v 14.874652 27.691137 -5.008293
v 15.664729 27.656404 -1.066245
v 15.657565 27.606873 3.325890
v 16.600159 27.709368 7.573562
v 16.135878 27.512400 11.086413
v 14.774049 27.590611 13.146585
v 14.341290 27.586582 14.179352
v 13.821514 27.597862 14.777274
v 12.798163 27.513437 14.551653
v 9.975867 27.520290 13.246617
v 8.542156 27.349752 13.023611
v 6.208247 27.286592 14.835216
v 5.002526 27.260441 15.043010
v 3.796643 27.382256 15.133324
v 2.646228 27.354572 15.666399
v 1.496859 27.331202 16.038418
v -0.780234 27.162165 14.651035
v -1.451146 27.164528 13.401682
v -1.964862 27.170996 12.046392
v -3.128862 27.328764 9.578840
v -3.644542 27.192801 7.802719
v -3.811481 27.211748 6.060327
v -3.209025 27.266630 2.493965
v -3.833889 27.275640 0.828598
v -4.768072 27.424086 -0.854415
v -5.377367 27.439520 -2.692616
v -5.242713 27.485254 -4.266621
v -3.975545 27.349970 -5.172953
v -2.370823 27.387280 -5.908060
v -1.232019 27.419540 -6.943344
v -0.418924 27.594624 -8.247539
v 0.293036 27.630251 -9.763279
v 1.241121 27.504946 -10.662827
v 4.473034 27.557232 -9.573236
v 6.142628 27.593344 -10.105795
v 7.788945 27.634487 -10.935706
v 9.548265 27.759655 -11.232886
v 12.879348 27.874918 -11.240910
v 14.454918 27.900011 -10.859401
v 16.545204 27.760481 -8.234358
v 16.707064 27.741936 -6.557550
v 16.639748 27.863207 -4.776495
v 16.692612 27.841759 -2.913535
v 17.006805 27.682093 -1.329984
v 17.768143 27.755598 -0.388712
v 19.862047 27.852888 0.845058
v 20.676594 27.717424 0.994161
v 20.860554 27.740238 0.023103
v 20.667490 27.792118 0.997393
v 21.040789 27.913900 -2.380464
v 21.134577 27.930355 -3.508701
v 19.898182 27.794544 -6.133714
v 19.075012 27.808485 -8.945410
v 19.208765 28.067675 -12.170554
v 19.069695 28.015165 -13.299725
v 17.092461 27.909578 -15.364307
v 16.060551 28.003918 -16.060362
v 12.002293 27.929068 -16.879700
v 10.259829 27.900702 -17.067867
v 7.192648 27.830074 -15.809717
v 6.326185 27.658163 -15.000310
v 13.993189 27.359325 6.830482
v 14.296795 27.097300 5.684453
v 10.667860 27.029175 7.518166
v 8.481272 27.185453 6.706074
v 8.487559 27.203058 6.702939
v 5.697304 27.139977 11.760711
v 1.702960 27.085943 10.575105
v 2.146584 27.030621 6.223443
v 3.684007 27.063002 5.777746
v 5.073267 27.100128 4.888330
v 6.258900 27.259268 3.662375
v 7.512228 27.165289 2.590856
v 11.641632 27.368271 2.632541
v 12.415772 27.399225 1.574224
v 14.417278 27.484806 -2.810028
v 14.202611 27.434479 -4.828494
v 9.431577 27.282145 -7.064954
v 7.473808 27.260300 -4.478230
v 4.064783 27.186821 -2.649155
v 1.606317 27.138994 1.538422
v -0.149967 27.101921 1.858472
v -1.922365 27.078037 1.156460
v -2.659684 27.083063 -0.338018
v -2.431453 27.096869 -1.861323
v -1.413864 27.139069 -2.724236
v 0.200080 27.172464 -3.050579
v 2.096549 27.201481 -3.053260
v 3.565352 27.236839 -3.444865
v 3.587494 27.381672 -3.407746
v 3.555077 27.238457 -3.453721
v 3.935220 27.263170 -4.888351
v 4.011620 27.284443 -6.490899
v 4.580834 27.299837 -7.366810
v 5.785691 27.329956 -8.104551
v 6.590203 27.351547 -8.423418
v 7.661555 27.376820 -8.624456
v 10.810026 27.429478 -8.743538
v 11.975511 27.454145 -8.922602
v 13.373482 27.485588 -9.327673
v 14.554089 27.508671 -9.115324
v 14.878899 27.492878 -7.367148
v 14.949334 27.465050 -5.022427
v 15.741914 27.430178 -1.074171
v 15.737131 27.376373 3.315610
v 16.633232 27.333235 7.571213
v 16.606010 27.309134 9.482077
v 16.204882 27.287546 11.116546
v 15.494061 27.260429 12.260099
v 14.762644 27.229662 13.205240
v 14.369513 27.211294 14.187703
v 13.854774 27.198734 14.829977
v 12.826312 27.182438 14.620055
v 9.987502 27.139610 13.263225
v 8.552970 27.123917 13.092788
v 7.357598 27.091778 13.931586
v 6.232457 27.059263 14.903262
v 5.024383 27.034706 15.111951
v 3.796474 27.005539 15.159269
v 2.678215 26.979332 15.680372
v 1.504118 26.953779 16.060217
v 0.254048 26.941246 15.655301
v -0.831735 26.933483 14.691157
v -1.512275 26.936743 13.432122
v -2.030910 26.944265 12.066382
v -3.140813 26.948154 9.597571
v -3.712430 26.966564 7.806643
v -3.880527 26.985277 6.053493
v -3.481837 27.008566 4.231926
v -3.278476 27.040394 2.494600
v -3.902187 27.049629 0.837783
v -4.778774 27.048986 -0.832885
v -5.394578 27.061739 -2.693374
v -5.292484 27.088095 -4.298374
v -4.020457 27.122768 -5.228628
v -2.409966 27.161247 -5.969269
v -1.276989 27.194630 -6.999514
v -0.411362 27.221106 -8.308511
v 0.281734 27.252865 -9.784191
v 1.229710 27.287247 -10.739477
v 4.476939 27.332123 -9.649534
v 6.140192 27.368946 -10.181415
v 7.780890 27.409065 -11.010566
v 9.515307 27.443996 -11.305738
v 12.881646 27.499557 -11.273824
v 14.470570 27.523708 -10.889404
v 15.771961 27.533712 -9.789896
v 16.617693 27.535509 -8.255784
v 16.784040 27.517555 -6.565295
v 16.675461 27.487677 -4.771000
v 16.704334 27.530445 -2.906729
v 17.117632 27.395725 -1.377572
v 17.863796 27.389236 -0.488419
v 19.884287 27.515472 0.833044
v 20.641203 27.461008 0.913933
v 20.645279 27.566864 0.978074
v 20.783518 27.589273 -1.245577
v 21.023006 27.532778 -2.422000
v 21.134790 27.618443 -3.517149
v 20.598223 27.625797 -4.804588
v 19.477917 27.569920 -6.924494
v 18.962168 27.523975 -8.968617
v 19.228401 27.689505 -12.206893
v 19.037937 27.637655 -13.291824
v 18.451115 27.687553 -14.071813
v 16.938559 27.567621 -15.376493
v 16.053041 27.687387 -16.070902
v 13.833379 27.542877 -16.396688
v 11.993257 27.619341 -16.881325
v 10.266038 27.532440 -17.037687
v 8.577408 27.552925 -16.605398
v 7.194457 27.519156 -15.806141
v 6.699966 27.312933 -15.182265
v 5.800670 27.393950 -14.114108
v 14.305806 27.129248 6.407731
v 14.155680 27.125389 7.628512
v 13.699113 27.079000 9.813525
v 12.643456 27.053614 10.573525
v 8.522486 27.052828 6.926579
v 8.522486 27.052828 6.926579
v 7.127045 26.990082 8.235646
v 5.782494 26.918175 12.060164
v 3.823827 26.866953 12.191467
v 1.611904 26.857252 10.860421
v -0.465699 26.810318 10.252305
v -1.830438 26.798790 9.541452
v -1.845509 26.820141 7.883312
v -0.936591 26.852535 6.347939
v 0.469654 26.879557 6.006567
v 2.083031 26.925827 6.025555
v 3.591177 26.958546 5.598133
v 4.953463 26.994188 4.722404
v 6.133106 27.015604 3.410431
v 7.377832 27.066580 2.440005
v 8.963901 27.093117 2.625391
v 10.473810 27.101799 2.962174
v 11.491873 27.123945 2.392158
v 12.834846 27.216671 0.541713
v 14.168914 27.240864 -2.891014
v 13.957776 27.253590 -4.712375
v 14.044824 27.252151 -4.757516
v 11.851859 27.244648 -6.312944
v 9.483406 27.196178 -6.878139
v 8.235683 27.198263 -5.920249
v 7.602035 27.154497 -4.314685
v 6.689152 27.111176 -3.455721
v 5.555031 27.100410 -2.954089
v 4.194918 27.070129 -2.506963
v 3.028566 27.022522 -1.633487
v 2.498154 26.990068 0.138250
v 1.698724 26.926144 1.723288
v 1.613755 27.142113 1.548188
v -0.134422 26.900320 2.115399
v -0.157268 27.104889 1.870190
v 1.721144 26.972383 1.744506
v -2.019756 26.942179 1.232098
v -1.934927 27.081333 1.164030
v -1.933989 27.079296 1.161258
v -2.659676 27.075817 -0.343503
v -2.125290 26.889797 1.321658
v -2.918694 26.901258 -0.301471
v -2.564113 26.970762 -1.962126
v -2.468534 27.109512 -1.887648
v -2.465670 27.107580 -1.887754
v -1.504076 26.983713 -2.867992
v -1.413864 27.139069 -2.724236
v -2.759679 26.913198 -2.103851
v -1.506462 26.980082 -3.160418
v 0.207488 27.160576 -3.038685
v 2.187423 27.006590 -3.385879
v 2.083212 27.206896 -3.067433
v 3.383649 27.035297 -3.733135
v 3.555077 27.238457 -3.453721
v 3.704036 27.056299 -5.242591
v 3.935220 27.263170 -4.888351
v 3.906790 27.148432 -6.573928
v 4.011620 27.284443 -6.490899
v 4.018359 27.276129 -6.486146
v 4.581773 27.292454 -7.371101
v 3.771092 27.100809 -6.672647
v 4.255616 27.118301 -7.613104
v 5.845492 27.159222 -8.438358
v 5.786170 27.334665 -8.121964
v 6.550510 27.341146 -8.409337
v 7.610871 27.227438 -8.797324
v 7.254503 27.369127 -8.563330
v 8.191708 27.387783 -8.653686
v 11.595362 27.296078 -9.031602
v 10.780049 27.435627 -8.757687
v 11.931511 27.458687 -8.929442
v 13.411808 27.339270 -9.501858
v 13.380581 27.490162 -9.342376
v 14.644882 27.374701 -9.212002
v 14.554089 27.508671 -9.115324
v 14.576267 27.524235 -9.116116
v 15.115185 27.299124 -7.867008
v 14.878899 27.492878 -7.367148
v 14.760438 27.321167 -9.341651
v 15.133016 27.313417 -5.002199
v 14.949334 27.465050 -5.022427
v 15.730239 27.417032 -1.071512
v 16.082176 27.254345 -0.945773
v 15.723291 27.362282 3.315889
v 16.054113 27.201715 3.185675
v 16.638428 27.326124 7.580778
v 16.959606 27.164206 7.582406
v 16.607994 27.301847 9.491959
v 17.021959 27.137939 9.461126
v 16.380325 27.135921 11.166524
v 16.204882 27.287546 11.116546
v 15.480612 27.247160 12.257544
v 14.887509 27.077780 13.411013
v 14.785451 27.235909 13.198514
v 14.721831 27.048433 14.073278
v 14.376224 27.215950 14.206050
v 13.896562 27.060942 14.953263
v 13.854774 27.198734 14.829977
v 13.849049 27.208115 14.842242
v 12.829360 27.024775 14.794711
v 12.828107 27.179003 14.616530
v 13.953043 27.005140 15.115533
v 9.908221 26.962027 13.567162
v 9.977365 27.132086 13.267617
v 8.561715 26.966665 13.273389
v 8.552970 27.123917 13.092788
v 7.355917 27.080078 13.916192
v 6.181784 26.897051 15.154301
v 6.232457 27.059263 14.903262
v 5.024383 27.034706 15.111951
v 3.805270 26.999165 15.161334
v 1.593160 26.806871 16.260635
v 2.658653 26.984335 15.705574
v 1.499404 26.958668 16.076214
v 0.178998 26.786642 15.786153
v 0.254048 26.941246 15.655301
v 0.256754 26.935726 15.649738
v 0.114465 26.751789 15.898047
v -1.185714 26.770710 14.549929
v -0.831735 26.933483 14.691157
v -1.512275 26.936743 13.432122
v -2.017094 26.931330 12.065554
v -3.272073 26.846832 9.591972
v -2.631005 26.949299 10.782125
v -3.887844 26.775488 8.540522
v -3.221768 26.955503 9.416494
v -3.699636 26.953562 7.803087
v -4.137082 26.793058 6.083313
v -3.880527 26.985277 6.053493
v -3.491785 27.001427 4.265812
v -3.466219 26.876696 2.492541
v -3.278476 27.040394 2.494600
v -3.889470 27.037380 0.834415
v -4.889383 26.879726 -0.566257
v -4.803210 27.054169 -0.848263
v -5.566712 26.909369 -2.696009
v -5.410018 27.066120 -2.699280
v -5.404377 26.947599 -4.372462
v -5.292484 27.088095 -4.298374
v -5.292682 27.090876 -4.303134
v -4.473536 26.908867 -5.327138
v -4.020457 27.122768 -5.228628
v -5.547158 26.896648 -4.459717
v -2.405235 27.148390 -5.956819
v -1.063654 27.052572 -7.516658
v -1.276989 27.194630 -6.999514
v -0.441994 27.225790 -8.287066
v 0.164847 27.103287 -9.917640
v 0.274561 27.257593 -9.799607
v 1.185057 27.149134 -10.859784
v 1.216163 27.286194 -10.725513
v 1.216163 27.286194 -10.725513
v 1.185709 27.166178 -10.850286
v 2.726264 27.307781 -10.253191
v 4.524461 27.176477 -9.850526
v 4.476939 27.332123 -9.649534
v 6.178493 27.217653 -10.385064
v 6.140192 27.368946 -10.181415
v 7.049448 27.231791 -11.040895
v 7.789282 27.396324 -10.999772
v 9.392941 27.290226 -11.474557
v 9.516560 27.443197 -11.305521
v 12.881075 27.354139 -11.469290
v 12.896402 27.505507 -11.288060
v 14.567675 27.387653 -11.023269
v 14.483315 27.529545 -10.900795
v 14.479477 27.522041 -10.894635
v 15.776772 27.526310 -9.787335
v 14.650817 27.353134 -11.149245
v 16.108309 27.372149 -10.114656
v 16.891254 27.336216 -8.458714
v 16.617693 27.535509 -8.255784
v 16.771622 27.504423 -6.559700
v 17.185297 27.343311 -6.825517
v 17.043383 27.290134 -4.775964
v 16.690834 27.493591 -4.771276
v 16.994032 27.290619 -4.775876
v 17.004736 27.289814 -2.780827
v 17.386219 27.284014 -1.455513
v 18.270807 27.285488 -0.576279
v 20.062117 27.287800 0.602849
v 20.519623 27.299686 0.687456
v 20.601322 27.355316 0.834140
v 20.576189 27.365253 -1.271298
v 20.908226 27.397364 -3.655656
v 19.293730 27.392683 -6.725082
v 18.665052 27.399473 -9.043278
v 19.017410 27.474432 -12.235157
v 18.803883 27.458874 -13.211997
v 18.052603 27.472626 -14.159617
v 18.722551 27.464174 -13.181302
v 15.879104 27.435524 -15.813860
v 10.277387 27.352942 -16.874023
v 8.547544 27.280416 -16.210911
v 10.282076 27.340548 -16.723093
v 6.021202 27.233446 -13.941782
v 14.321406 27.138840 5.685337
v 14.522900 27.160711 6.814816
v 14.311765 27.143305 6.413798
v 14.780816 27.362471 5.694023
v 14.155680 27.125389 7.628512
v 13.915743 27.160519 10.006193
v 13.705597 27.090050 9.816098
v 12.702654 27.098629 10.824849
v 12.639650 27.061182 10.581321
v 12.639650 27.061182 10.581321
v 12.705973 27.115326 10.839647
v 10.634999 27.047384 7.528886
v 10.690706 27.257500 7.990660
v 8.522878 27.035099 6.926989
v 7.127700 26.972845 8.236043
v 7.213664 27.084854 8.581569
v 5.853896 26.971079 12.334443
v 5.782494 26.918175 12.060164
v 5.782494 26.918175 12.060164
v 5.842135 26.936495 12.289096
v 3.847966 26.956276 12.554240
v 3.821633 26.880806 12.198247
v 1.482029 26.951931 11.174166
v 1.611262 26.838320 10.860283
v -0.603616 26.839134 10.435152
v -0.479277 26.826731 10.257164
v -2.108590 26.874800 9.710917
v -1.838545 26.810854 9.545619
v -1.854339 26.788996 7.883389
v -1.151875 26.989746 6.083779
v -0.942472 26.866886 6.342758
v -0.942472 26.866886 6.342758
v -1.086324 26.897585 6.161658
v 0.342585 26.916380 5.790601
v 0.470608 26.896852 5.998703
v 1.993163 27.028664 5.689793
v 2.083931 26.907438 6.024811
v 3.591792 26.940460 5.597319
v 3.454072 27.059412 5.283727
v 4.763876 27.095043 4.426349
v 4.953943 26.975756 4.721486
v 5.985694 27.049431 3.234498
v 6.128359 27.031906 3.404353
v 7.299756 27.092331 2.224748
v 7.377832 27.066580 2.440005
v 7.377832 27.066580 2.440005
v 8.962565 27.074863 2.624427
v 8.840954 27.195023 2.280390
v 10.363718 27.175032 2.682128
v 10.469293 27.116405 2.953376
v 10.364182 27.177799 2.684780
v 11.306823 27.200968 2.198597
v 11.941810 27.224209 1.256150
v 12.499796 27.227888 0.224764
v 13.110970 27.274242 -1.061829
v 13.876592 27.309870 -2.810633
v 13.787043 27.330841 -4.631696
v 13.787043 27.330841 -4.631696
v 11.827933 27.313976 -6.141821
v 9.532109 27.279047 -6.690677
v 9.535213 27.267035 -6.687099
v 8.439437 27.230448 -5.625772
v 7.785952 27.208790 -4.085480
v 7.602181 27.140249 -4.314307
v 6.869500 27.157455 -3.229546
v 6.692705 27.127235 -3.449206
v 7.792216 27.206467 -4.077111
v 5.720627 27.200262 -2.642741
v 5.555031 27.100410 -2.954089
v 4.195029 27.052017 -2.506600
v 4.361468 27.168879 -2.204231
v 3.174421 27.056370 -1.440817
v 3.036224 27.038195 -1.630823
v 2.657304 27.024160 0.308131
v 2.502834 27.006371 0.151316
v 1.877528 27.044912 2.034731
v -2.316925 27.012693 1.478778
v -3.241100 27.116915 -0.321235
v -2.907113 27.053221 -2.205407
v 0.064141 27.109112 -3.612427
v 3.591474 27.158232 -6.802114
v 5.621439 27.259979 -8.699244
v 6.770817 27.205309 -8.977002
v 8.173036 27.328808 -9.264918
v 11.426868 27.304274 -9.305954
v 13.550154 27.408686 -9.887930
v 14.886027 27.393160 -9.482467
v 14.954588 27.497440 -9.559254
v 15.424309 27.324972 -5.095514
v 16.348972 27.376678 -1.105224
v 16.414133 27.359392 3.412100
v 16.517977 27.151539 11.723567
v 14.755192 27.128929 14.663485
v 14.013120 27.068811 15.299489
v 12.754583 27.025349 15.055563
v 14.045821 27.176468 15.406052
v 9.856205 27.069063 13.845155
v 8.547783 26.964136 13.557137
v 6.294592 26.890623 15.336398
v 6.358111 26.956944 15.487977
v 3.766901 26.820797 15.599737
v 1.620965 26.803177 16.550745
v -0.033637 26.875601 16.148788
v -1.177093 26.773857 14.992967
v -1.953553 26.778625 13.537991
v -3.801761 26.875454 9.576038
v -4.304055 26.886854 7.862825
v -4.483398 26.906908 6.024067
v -3.734950 26.882488 2.606194
v -4.506915 26.970058 0.919901
v -5.245780 26.894058 -0.740958
v -5.962695 26.966145 -2.753384
v -5.716098 26.956451 -4.561460
v -5.816661 27.069387 -4.620756
v -2.550794 26.978680 -6.359131
v -1.460533 27.068583 -7.588214
v -0.061485 27.167202 -10.267604
v 1.085531 27.163465 -11.222165
v 1.093047 27.144341 -11.209817
v 4.491398 27.188623 -10.134434
v 7.682358 27.346685 -11.606742
v 9.499012 27.300196 -11.793182
v 13.018840 27.362940 -11.743059
v 14.819224 27.489550 -11.403480
v 17.379189 27.473227 -3.039889
v 17.663454 27.460897 -1.648380
v 19.191847 27.474903 -0.330812
v 20.366146 27.517603 0.468635
v 20.433794 27.377886 0.526555
v 20.310772 27.364069 -1.290856
v 20.335493 27.519537 -2.443616
v 20.614050 27.399569 -3.520321
v 19.916018 27.539595 -4.660010
v 19.191282 27.542274 -5.937342
v 18.967783 27.403234 -6.980250
v 18.368414 27.548586 -8.628520
v 18.406794 27.605110 -13.070061
v 18.424435 27.624680 -13.076071
v 17.201813 27.609224 -14.245423
v 15.775602 27.446064 -15.653289
v 13.460452 27.560175 -15.790009
v 11.915125 27.536873 -16.178242
v 10.293104 27.495317 -16.360586
v 10.293697 27.512493 -16.376984
v 7.459002 27.307863 -15.361692
v 6.845252 27.423456 -14.471689
v 6.329088 27.409365 -13.691636
v 14.728274 27.392080 6.856480
v 12.734290 27.313597 10.980330
v 12.729525 27.228773 10.942194
v 12.740667 27.370840 10.996947
v 8.593576 27.265177 7.395694
v 5.880712 27.092064 12.446725
v -0.765696 27.213326 10.647811
v -2.217847 27.216255 7.810607
v 0.300360 27.288515 5.540021
v 1.946395 27.313847 5.579811
v 3.388807 27.345646 5.184207
v 4.683920 27.379961 4.338224
v 5.906439 27.271799 3.024738
v 7.208417 27.377134 1.992842
v 10.290753 27.510687 2.496691
v 11.218946 27.377432 2.087100
v 11.306823 27.200968 2.198597
v 12.168489 27.420784 0.584981
v 11.941810 27.224209 1.256150
v 12.635294 27.248405 -0.029868
v 13.677891 27.643013 -2.816853
v 13.876592 27.309870 -2.810633
v 13.615489 27.665085 -4.552826
v 13.787043 27.330841 -4.631696
v 11.822817 27.306412 -6.132545
v 9.537446 27.255949 -6.653208
v 8.544392 27.574844 -5.462785
v 8.432405 27.245869 -5.627821
v 6.926198 27.512163 -3.046788
v 5.737913 27.484219 -2.520832
v 4.425698 27.454782 -2.102424
v 3.319056 27.279352 -1.287800
v 2.826818 27.402592 0.519086
v -0.241075 27.325119 2.436494
v -1.728717 27.362478 -3.336552
v 1.826828 27.435686 -3.735619
v 3.089195 27.462023 -4.028229
v 3.351070 27.480072 -5.351667
v 3.491686 27.277475 -6.872774
v 4.113118 27.373474 -7.870270
v 5.487425 27.477823 -8.783021
v 6.633124 27.434505 -9.172761
v 8.196894 27.616468 -9.382315
v 11.393531 27.529522 -9.513861
v 15.517491 27.727190 -7.630394
v 15.619659 27.545279 -5.169617
v 16.472836 27.760466 -1.062440
v 17.321383 27.357782 7.567096
v 17.274273 27.395887 9.671323
v 16.817854 27.365463 11.436109
v 16.105471 27.484022 12.659799
v 15.320837 27.314198 13.633415
v 12.653399 27.234228 15.232618
v 9.837993 27.353781 13.966259
v 8.561820 27.196705 13.779294
v 6.419593 27.269476 15.611534
v 5.184697 27.100798 15.796574
v 3.901401 27.077383 15.869854
v 2.689063 27.048809 16.404192
v 1.395122 27.173536 16.796446
v -1.361080 26.988136 15.099799
v -2.170168 27.060865 13.754527
v -2.758208 26.992643 12.174462
v -3.931207 27.158573 9.587532
v -4.431738 27.170517 7.860320
v -4.608659 27.189917 6.009588
v -4.203872 27.074167 4.214137
v -3.978332 27.098211 2.527614
v -4.621246 27.252792 0.965286
v -5.514806 27.265862 -0.699451
v -4.493940 27.190767 -5.727852
v -2.826358 27.231615 -6.522317
v -1.622086 27.369661 -7.683444
v 1.049964 27.308464 -11.347379
v 2.671563 27.385120 -10.948240
v 4.472343 27.410984 -10.346989
v 6.085971 27.447186 -10.876098
v 7.667147 27.632263 -11.725812
v 9.536885 27.522860 -12.006937
v 13.107965 27.589682 -11.938498
v 16.333466 27.771938 -10.180118
v 17.265760 27.619074 -8.429731
v 17.477448 27.602245 -6.603795
v 17.387632 27.698805 -3.362612
v 17.336723 27.507620 -4.775610
v 17.336723 27.507620 -4.775610
v 17.364855 27.486540 -3.035765
v 17.667366 27.468246 -1.646158
v 18.322140 27.476892 -0.856980
v 18.339855 27.470625 -0.865605
v 19.178064 27.705698 -0.399539
v 19.155081 27.485611 -0.338924
v 19.921318 27.492178 0.253746
v 19.944210 27.478945 0.218013
v 20.346342 27.715742 0.374870
v 20.402943 27.499683 0.443613
v 20.407352 27.510483 0.429317
v 20.119904 27.511074 -1.394584
v 20.137299 27.516808 -1.414371
v 20.335117 27.526325 -2.472939
v 20.425865 27.541140 -3.493675
v 20.443914 27.548185 -3.493213
v 19.899437 27.546545 -4.684941
v 19.130638 27.769026 -5.918086
v 19.204269 27.556046 -5.941741
v 18.683786 27.563169 -7.277950
v 18.608837 27.776934 -7.259449
v 18.683786 27.563169 -7.277950
v 18.270069 27.786877 -8.970199
v 18.395439 27.574543 -8.616115
v 18.369553 27.589935 -9.894310
v 18.369553 27.589935 -9.894310
v 18.477690 27.835165 -12.163710
v 18.553774 27.621653 -12.167981
v 18.553432 27.621506 -12.168060
v 18.412519 27.623714 -13.073165
v 17.907770 27.628897 -13.709930
v 17.886625 27.622019 -13.706364
v 17.222406 27.615887 -14.221453
v 16.569498 27.619202 -14.888244
v 16.518950 27.832668 -14.829183
v 16.569498 27.619202 -14.888244
v 15.800456 27.604704 -15.398883
v 15.811856 27.611946 -15.413327
v 14.771398 27.595732 -15.630634
v 14.734226 27.588114 -15.619090
v 13.486288 27.567081 -15.780611
v 11.896461 27.765259 -16.117952
v 11.912048 27.550722 -16.192892
v 10.291163 27.738674 -16.313442
v 10.292647 27.523712 -16.388166
v 8.789428 27.491272 -15.976332
v 8.788883 27.484547 -15.957387
v 7.580063 27.453264 -15.223435
v 7.577816 27.460159 -15.244299
v 6.879723 27.651545 -14.423022
v 6.833203 27.437136 -14.478981
v 6.339854 27.409708 -13.683267
v 12.737493 27.525415 10.997478
vn -0.0000 1.0000 -0.0000
vn -0.0334 0.9267 0.3744
vn -0.2279 0.8602 0.4561
vn -0.3613 0.3808 0.8512
vn -0.7284 0.1238 0.6738
vn -0.1607 0.9793 0.1229
vn -0.7169 0.1000 -0.6899
vn -0.1348 0.9724 -0.1905
vn -0.4261 0.5514 -0.7172
vn 0.2127 0.9072 0.3630
vn -0.1269 0.9916 -0.0260
vn -0.3834 0.8486 0.3645
vn 0.0862 0.9916 0.0966
vn -0.7128 0.5526 0.4318
vn -0.1296 0.9841 -0.1212
vn -0.8692 -0.0007 -0.4945
vn 0.0494 0.9988 0.0011
vn -0.6962 0.3908 -0.6022
vn -0.0887 0.9892 -0.1166
vn -0.7392 0.0493 -0.6717
vn -0.1900 0.0319 -0.9813
vn -0.0475 0.9483 -0.3137
vn 0.5145 -0.0294 -0.8570
vn 0.1346 0.9706 -0.1997
vn 0.9449 0.0195 -0.3267
vn 0.2917 0.9520 -0.0923
vn 0.9905 -0.0394 0.1319
vn 0.5510 0.8311 0.0747
vn -0.1949 0.9793 -0.0553
vn 0.8856 0.4570 0.0825
vn 0.7951 0.6035 -0.0592
vn -0.1385 0.9895 0.0424
vn 0.7091 0.6115 -0.3509
vn 0.1981 0.9768 -0.0812
vn 0.8466 0.3403 -0.4093
vn 0.4874 0.8731 0.0141
vn 0.3019 0.9533 0.0102
vn 0.8505 0.3201 0.4173
vn 0.9649 -0.0541 0.2570
vn 0.8176 0.3722 -0.4393
vn 0.3297 0.9322 -0.1496
vn -0.1398 0.9799 0.1423
vn 0.4983 0.7163 -0.4884
vn 0.0163 0.9989 0.0440
vn 0.4525 0.3922 -0.8009
vn -0.1703 0.1127 -0.9789
vn 0.0411 0.9928 0.1129
vn -0.4002 0.8205 -0.4081
vn 0.2138 0.9754 0.0534
vn -0.9906 0.0204 -0.1349
vn -0.7294 0.0749 0.6799
vn 0.0493 0.9988 0.0012
vn 0.0246 0.9991 0.0342
vn -0.5971 0.6161 0.5137
vn -0.2662 0.9604 0.0826
vn -0.8423 0.4940 0.2156
vn -0.6516 0.7466 0.1339
vn 0.1005 0.9945 -0.0289
vn -0.6080 0.6262 0.4880
vn 0.1053 0.9918 -0.0730
vn -0.0521 0.9904 0.1277
vn -0.6604 0.0804 0.7466
vn -0.9636 0.0696 0.2580
vn -0.2221 0.9688 0.1099
vn -0.9180 0.0615 -0.3918
vn -0.1705 0.9816 -0.0856
vn 0.0444 0.9980 0.0447
vn -0.4014 0.5752 -0.7127
vn 0.1360 0.5749 -0.8068
vn 0.0012 0.9980 0.0635
vn 0.4074 0.8181 -0.4058
vn 0.2098 0.9770 -0.0370
vn 0.9831 0.0143 -0.1823
vn 0.3721 0.9265 0.0561
vn 0.9173 0.3636 0.1621
vn 0.9786 -0.0831 0.1884
vn 0.8597 -0.0309 -0.5098
vn -0.0943 0.9943 0.0503
vn 0.4056 0.0551 -0.9124
vn 0.0302 0.9988 -0.0396
vn 0.3171 0.8328 -0.4537
vn 0.2345 0.9664 -0.1051
vn 0.8185 0.3710 -0.4387
vn 0.4122 0.9110 -0.0131
vn 0.8126 0.5559 -0.1748
vn 0.9329 0.3599 0.0123
vn 0.9050 0.4045 0.1316
vn 0.3883 0.9194 0.0624
vn 0.3786 0.9236 0.0603
vn 0.9195 0.3634 0.1500
vn 0.8993 0.3189 0.2993
vn 0.1621 0.9858 0.0440
vn 0.3859 -0.0293 0.9221
vn 0.1915 0.9562 0.2212
vn -0.1352 -0.0564 0.9892
vn -0.0524 0.8483 0.5270
vn -0.1160 0.3602 0.9256
vn 0.0416 0.9991 -0.0045
vn -0.1807 0.2170 0.9593
vn -0.0405 0.9138 0.4041
vn -0.1552 0.5454 0.8237
vn 0.0399 0.9987 -0.0313
vn -0.0442 0.9219 0.3848
vn -0.1732 0.3691 0.9131
vn -0.3588 0.4323 0.8272
vn -0.0554 0.9823 0.1789
vn -0.5498 0.4135 0.7257
vn -0.2292 0.9306 0.2853
vn -0.6105 0.6189 0.4942
vn -0.0613 0.9929 0.1019
vn -0.7318 0.3674 0.5740
vn -0.0503 0.9965 0.0662
vn 0.0034 0.9999 -0.0125
vn -0.9414 0.3372 -0.0104
vn -0.3008 0.9227 -0.2411
vn -0.7631 0.3731 -0.5277
vn -0.3979 0.8714 -0.2870
vn -0.2814 0.9594 -0.0183
vn -0.8734 0.4869 0.0073
vn -0.7022 0.6966 0.1470
vn 0.4395 0.8981 -0.0132
vn -0.2182 0.9750 -0.0413
vn -0.8680 0.4614 -0.1838
vn -0.9049 0.4250 -0.0248
vn -0.2129 0.9770 -0.0056
vn -0.8837 0.4654 0.0501
vn -0.4697 0.8716 -0.1402
vn -0.9196 0.0281 -0.3919
vn -0.2896 0.8880 -0.3573
vn -0.1258 0.9127 -0.3888
vn -0.3651 0.3733 -0.8528
vn -0.0876 0.6683 -0.7387
vn 0.0209 0.9621 -0.2719
vn -0.0977 0.3845 -0.9180
vn -0.0184 0.7199 -0.6938
vn 0.0339 0.9994 -0.0097
vn 0.1001 0.6842 -0.7224
vn 0.2275 0.7942 -0.5635
vn 0.1184 0.9415 -0.3155
vn 0.4331 0.3645 -0.8244
vn 0.1415 0.4178 -0.8975
vn -0.0735 0.6786 -0.7308
vn -0.0235 0.9379 0.3460
vn 0.0436 0.9814 -0.1870
vn -0.0553 0.0611 -0.9966
vn 0.1977 0.0235 -0.9800
vn 0.0742 0.9771 -0.1995
vn 0.7096 -0.0226 -0.7042
vn 0.2024 0.9539 -0.2217
vn 0.9045 0.3434 -0.2531
vn 0.4366 0.8927 -0.1120
vn 0.8892 0.3585 -0.2841
vn 0.1296 0.9911 -0.0307
vn 0.6540 0.6181 -0.4362
vn 0.0253 0.9997 0.0069
vn 0.8218 -0.0010 -0.5698
vn 0.1763 0.9751 -0.1344
vn 0.9504 0.3021 0.0744
vn 0.5139 0.8572 0.0339
vn 0.8830 0.3948 0.2540
vn 0.3151 0.9426 0.1103
vn 0.8920 0.4349 -0.1236
vn -0.3437 0.9327 -0.1092
vn 0.7346 0.6770 -0.0440
vn 0.3811 0.9241 0.0269
vn 0.8913 0.4090 0.1957
vn 0.8606 0.3487 0.3710
vn 0.4074 0.9009 0.1499
vn 0.6555 0.4045 0.6377
vn 0.1136 0.9914 0.0655
vn 0.2093 0.8764 0.4338
vn 0.0317 0.9954 0.0901
vn 0.0367 0.4288 0.9027
vn -0.1906 0.5311 0.8256
vn 0.0001 0.9968 0.0795
vn -0.1794 0.3993 0.8991
vn -0.0349 0.9355 0.3517
vn 0.1389 0.4591 0.8775
vn 0.0639 0.9962 0.0593
vn 0.5224 0.3576 0.7741
vn 0.1971 0.9381 0.2849
vn 0.3341 0.8913 0.3065
vn 0.6821 -0.0192 0.7311
vn 0.1895 0.9602 -0.2054
vn 0.1113 0.9611 -0.2528
vn -0.4460 0.8709 0.2063
vn 0.3427 0.0001 -0.9395
vn 0.1956 0.3786 -0.9047
vn 0.0399 0.9458 -0.3222
vn -0.1770 0.2983 -0.9379
vn 0.0317 0.9802 -0.1955
vn -0.0911 0.6854 -0.7225
vn 0.0240 0.4041 -0.9144
vn 0.0396 0.9971 -0.0646
vn 0.1918 0.6691 -0.7180
vn 0.1258 0.9256 -0.3569
vn 0.2531 0.3718 -0.8931
vn -0.0703 0.4321 -0.8991
vn 0.0098 0.9981 -0.0606
vn -0.4625 0.3464 -0.8162
vn -0.1501 0.9695 -0.1937
vn -0.4135 0.6171 -0.6695
vn -0.7047 0.4693 -0.5321
vn -0.7773 0.4646 -0.4241
vn -0.2142 0.9693 -0.1207
vn -0.8267 0.3835 -0.4117
vn -0.8610 0.4701 -0.1942
vn -0.0485 0.9979 -0.0439
vn -0.8835 0.4562 0.1061
vn -0.0672 0.9977 0.0105
vn -0.8794 0.3524 0.3200
vn -0.4129 0.8855 0.2129
vn -0.5113 0.7774 0.3663
vn 0.3338 0.9327 -0.1366
vn 0.1150 0.9369 -0.3301
vn 0.2170 0.8918 -0.3969
vn 0.3459 0.9369 -0.0497
vn 0.3851 0.8290 -0.4055
vn 0.4001 0.8887 0.2238
vn -0.2744 0.9608 -0.0394
vn -0.3651 0.9309 0.0084
vn -0.3079 0.9357 0.1724
vn -0.3210 0.9280 0.1893
vn -0.2882 0.9571 -0.0301
vn -0.4589 0.8761 -0.1481
vn -0.4088 0.9055 -0.1136
vn -0.3432 0.9238 0.1696
vn -0.2615 0.9111 0.3186
vn 0.3598 0.8849 0.2958
vn 0.3457 0.8840 -0.3147
vn 0.3577 0.9300 -0.0842
vn 0.4774 0.8716 -0.1112
vn 0.3260 0.9029 -0.2802
vn -0.2040 0.9460 0.2520
vn -0.5398 0.8409 -0.0389
vn -0.4012 0.9117 -0.0883
vn -0.1483 0.9423 0.3002
vn -0.2701 0.9486 0.1649
vn -0.3352 0.9405 0.0563
vn -0.2767 0.9601 -0.0395
vn -0.3563 0.9336 -0.0383
vn -0.4348 0.8988 -0.0561
vn 0.1113 0.9098 -0.3997
vn 0.1055 0.9333 -0.3431
vn 0.1157 0.8926 -0.4357
vn 0.1020 0.9351 -0.3394
vn 0.1818 0.9159 -0.3578
vn 0.2520 0.9287 -0.2720
vn 0.3539 0.8707 -0.3415
vn 0.3582 0.8866 -0.2926
vn 0.3476 0.9143 0.2082
vn 0.3388 0.9194 0.2000
vn 0.4641 0.8752 -0.1367
vn 0.4453 0.8943 0.0447
vn 0.4462 0.8942 0.0357
vn 0.3156 0.9470 0.0602
vn 0.3480 0.9075 0.2353
vn 0.1146 0.9543 0.2761
vn 0.0988 0.8251 0.5562
vn -0.0618 0.9658 0.2518
vn -0.0117 0.8102 0.5861
vn -0.1237 0.8894 0.4400
vn 0.1455 0.9119 0.3837
vn -0.3221 0.9435 0.0778
vn -0.3359 0.9335 0.1252
vn -0.2768 0.9310 0.2380
vn -0.2925 0.9002 0.3226
vn -0.2186 0.9757 -0.0121
vn -0.3788 0.9246 0.0410
vn -0.5035 0.8542 0.1297
vn -0.3291 0.9399 -0.0914
vn -0.2873 0.9446 -0.1584
vn -0.1656 0.9258 -0.3397
vn 0.1256 0.8797 -0.4586
vn 0.1119 0.9137 -0.3906
vn 0.0806 0.8876 -0.4534
vn -0.0922 0.9121 -0.3995
vn -0.1959 0.9101 -0.3651
vn -0.3130 0.8986 -0.3075
vn -0.0463 0.9313 0.3613
vn -0.0695 0.8962 0.4382
vn 0.1068 0.8979 0.4270
vn 0.1425 0.8375 0.5276
vn 0.0172 0.9425 0.3337
vn -0.0834 0.8940 0.4403
vn -0.0667 0.9296 0.3626
vn 0.1244 0.9131 0.3884
vn 0.2279 0.9098 0.3468
vn 0.3452 0.8790 0.3288
vn 0.3552 0.9259 0.1288
vn 0.3931 0.9026 0.1754
vn 0.4267 0.9023 0.0612
vn 0.4340 0.8944 -0.1079
vn 0.1142 0.9862 -0.1196
vn 0.3744 0.8928 -0.2504
vn 0.3443 -0.1121 -0.9321
vn 0.3664 -0.0973 -0.9254
vn 0.3344 0.4147 -0.8463
vn 0.3838 -0.0534 -0.9219
vn 0.4746 0.6742 -0.5658
vn 0.7203 -0.3083 -0.6214
vn 0.4478 0.5101 0.7344
vn 0.4607 0.5361 0.7074
vn 0.5226 -0.2893 0.8020
vn 0.9871 -0.1546 0.0419
vn 0.8953 0.4401 0.0688
vn 0.6325 0.4271 -0.6462
vn 0.7166 0.1993 -0.6684
vn 0.6494 -0.3884 -0.6538
vn 0.9039 -0.4011 -0.1487
vn 0.6492 0.5744 -0.4987
vn 0.6105 0.7060 0.3590
vn 0.8493 0.0058 0.5279
vn 0.6811 -0.4272 0.5947
vn 0.7323 0.2879 0.6171
vn 0.6482 0.6386 0.4148
vn 0.7805 0.2920 0.5528
vn 0.7124 -0.4708 0.5204
vn 0.2655 0.3479 0.8991
vn 0.1900 -0.5447 0.8168
vn 0.2349 0.7201 0.6529
vn -0.3606 0.6831 0.6350
vn -0.5834 0.0836 0.8079
vn -0.6475 0.7181 0.2550
vn -0.8627 0.4940 -0.1087
vn -0.9704 0.0785 -0.2284
vn -0.9896 0.0073 -0.1438
vn -0.8564 0.4991 -0.1324
vn -0.8511 0.5112 0.1196
vn -0.9901 0.0097 0.1402
vn -0.7863 0.5034 0.3582
vn -0.9129 0.0061 0.4082
vn -0.7605 0.5136 0.3972
vn -0.8878 0.0073 0.4601
vn -0.8361 0.5481 -0.0245
vn -0.9996 0.0067 -0.0289
vn -0.7895 0.4720 -0.3923
vn -0.8970 0.0696 -0.4365
vn -0.8589 0.4852 -0.1639
vn -0.9949 -0.0343 -0.0948
vn -0.7824 0.6060 -0.1436
vn -0.7007 0.6242 0.3456
vn -0.9063 -0.0864 0.4138
vn -0.5696 0.6592 0.4909
vn -0.7762 0.0792 0.6255
vn -0.6659 0.0159 0.7459
vn -0.5566 0.5269 0.6423
vn -0.4369 0.6939 0.5724
vn -0.2721 0.7104 0.6491
vn -0.3730 0.3978 0.8382
vn -0.4224 -0.1905 0.8862
vn 0.2717 0.2837 0.9196
vn 0.2310 -0.4209 0.8772
vn 0.2510 0.6679 0.7006
vn 0.6617 0.4990 0.5595
vn 0.6813 -0.2654 0.6822
vn 0.7451 0.6547 0.1272
vn 0.6051 0.6454 -0.4662
vn 0.8010 -0.1022 -0.5899
vn 0.6615 -0.4573 -0.5944
vn 0.7216 0.3076 -0.6202
vn 0.7643 0.5725 -0.2968
vn 0.8605 0.4148 -0.2958
vn 0.9614 -0.0985 -0.2568
vn 0.7980 0.6017 -0.0324
vn 0.9476 0.3179 -0.0312
vn 0.8723 0.4541 -0.1817
vn 0.9774 -0.0610 -0.2025
vn 0.7814 -0.0256 -0.6235
vn 0.4680 0.6058 -0.6434
vn 0.5443 -0.3262 -0.7729
vn 0.5865 0.2619 -0.7664
vn 0.9349 -0.1458 -0.3236
vn 0.6743 0.6808 -0.2861
vn 0.7227 0.6392 0.2629
vn 0.4680 0.5964 0.6521
vn -0.0445 0.6190 0.7841
vn -0.6765 0.7290 0.1046
vn -0.9925 -0.0481 0.1121
vn -0.9370 -0.2854 -0.2014
vn -0.9154 0.3613 -0.1772
vn -0.7804 0.6142 -0.1172
vn -0.8641 0.4752 -0.1656
vn -0.9859 0.0155 -0.1666
vn -0.8967 0.1091 0.4289
vn -0.5938 0.7337 0.3303
vn -0.2750 0.6728 0.6868
vn -0.4317 -0.0441 0.9009
vn -0.5019 -0.3735 0.7801
vn -0.4611 0.3577 0.8121
vn -0.7520 0.5178 0.4078
vn -0.8707 0.0255 0.4912
vn -0.8428 0.5190 0.1427
vn -0.9815 0.0169 0.1909
vn -0.7587 0.6379 0.1320
vn -0.8549 0.5165 -0.0483
vn -0.9948 0.0770 -0.0672
vn -0.8785 0.4751 0.0496
vn -0.6918 0.7126 -0.1168
vn -0.8296 0.5273 -0.1835
vn -0.9761 0.0355 -0.2143
vn -0.8004 0.5612 -0.2106
vn -0.8864 0.4147 -0.2056
vn -0.9903 0.0428 -0.1324
vn -0.9155 0.4017 -0.0231
vn -0.7864 0.6170 -0.0318
vn -0.6977 0.7036 -0.1349
vn -0.8860 0.4178 -0.2011
vn -0.9590 -0.2092 -0.1911
vn -0.3292 0.0476 -0.9431
vn -0.2033 0.7495 -0.6300
vn 0.1267 0.4778 -0.8693
vn 0.1527 0.5786 -0.8012
vn 0.1570 0.5939 -0.7891
vn 0.1847 0.0408 -0.9820
vn 0.1847 -0.0369 -0.9821
vn 0.1774 0.4842 -0.8568
vn 0.1737 0.4934 -0.8523
vn 0.1805 -0.0335 -0.9830
vn 0.1814 0.4464 -0.8763
vn 0.1758 -0.0761 -0.9815
vn 0.1577 0.5988 -0.7852
vn 0.3698 0.4714 -0.8006
vn 0.4048 -0.0485 -0.9131
vn 0.6259 0.0453 -0.7785
vn 0.5047 0.5900 -0.6302
vn 0.6189 -0.3184 -0.7180
vn 0.6993 0.4889 -0.5214
vn 0.6520 0.4400 -0.6175
vn 0.7177 -0.1090 -0.6878
vn 0.5896 0.5650 -0.5772
vn 0.5417 0.6496 -0.5335
vn 0.7002 0.3049 -0.6455
vn 0.6623 -0.4177 -0.6219
vn 0.9734 -0.2255 0.0398
vn 0.7391 0.6735 0.0064
vn 0.6992 0.5404 0.4681
vn 0.6861 0.5848 0.4329
vn 0.8092 -0.1144 0.5763
vn 0.8367 -0.0790 0.5420
vn 0.7621 0.4282 0.4857
vn 0.9861 -0.1593 0.0474
vn 0.8266 0.5610 0.0461
vn 0.6870 0.6673 -0.2876
vn 0.9385 -0.0472 -0.3420
vn 0.9804 -0.0768 -0.1816
vn 0.8661 0.4730 -0.1616
vn 0.9852 0.0089 0.1713
vn 0.9973 -0.0629 0.0375
vn 0.8958 0.4439 0.0246
vn 0.8287 0.5592 0.0236
vn 0.9676 0.2150 -0.1327
vn 0.8954 0.4375 -0.0830
vn 0.9935 -0.0901 -0.0696
vn 0.8785 0.4021 0.2579
vn 0.9193 -0.2803 0.2762
vn 0.7330 0.5981 0.3240
vn 0.6051 0.4626 0.6479
vn 0.6607 -0.1102 0.7425
vn 0.3374 0.0177 0.9412
vn 0.4109 0.5443 0.7313
vn 0.0820 0.2021 0.9759
vn 0.1065 0.0100 0.9943
vn 0.0812 -0.0139 0.9966
vn 0.0890 0.5020 0.8603
vn 0.1287 0.5438 0.8293
vn -0.0595 0.5052 0.8609
vn -0.0900 -0.0163 0.9958
vn -0.2736 0.5190 0.8098
vn -0.3396 -0.0435 0.9396
vn -0.2291 0.6327 0.7397
vn -0.3690 0.5075 0.7787
vn -0.4470 -0.0043 0.8945
vn -0.2098 0.1015 0.9725
vn -0.1055 0.6356 0.7648
vn 0.1446 -0.0234 0.9892
vn 0.1458 0.4721 0.8694
vn 0.1226 0.4643 0.8771
vn 0.1068 -0.0795 0.9911
vn 0.1374 0.6734 0.7264
vn -0.0550 0.6984 0.7136
vn -0.1194 0.3507 0.9288
vn -0.1229 -0.4591 0.8799
vn -0.7163 0.0152 0.6977
vn -0.4426 0.7557 0.4827
vn -0.7594 0.6229 0.1880
vn -0.9574 0.0972 0.2718
vn -0.8348 0.0086 0.5504
vn -0.7147 0.5068 0.4821
vn -0.6185 0.4798 0.6223
vn -0.7168 -0.0004 0.6973
vn -0.5486 0.6007 0.5815
vn -0.5287 0.7034 0.4750
vn -0.7070 0.3643 0.6062
vn -0.6959 -0.4420 0.5660
vn -0.8154 0.5676 -0.1139
vn -0.9960 0.0398 -0.0801
vn -0.7267 0.6848 -0.0553
vn -0.6759 0.5585 -0.4809
vn -0.9505 0.0905 -0.2973
vn -0.7362 0.6245 -0.2608
vn -0.9908 0.0987 0.0928
vn -0.9990 0.0096 0.0433
vn -0.8507 0.5245 0.0359
vn -0.7552 0.6372 -0.1540
vn -0.8612 0.4720 -0.1887
vn -0.9646 -0.1866 -0.1864
vn -0.7212 0.6217 -0.3055
vn -0.8332 0.4079 -0.3733
vn -0.8981 -0.2497 -0.3619
vn -0.6434 0.4363 -0.6290
vn -0.6946 -0.2934 -0.6569
vn -0.4978 0.7274 -0.4723
vn -0.3105 0.4846 -0.8178
vn -0.3707 -0.0916 -0.9242
vn 0.0149 -0.0036 -0.9999
vn -0.0111 0.7103 -0.7038
vn 0.2753 0.0493 -0.9601
vn 0.2859 -0.0455 -0.9572
vn 0.2674 0.4662 -0.8433
vn 0.1413 0.5984 -0.7886
vn 0.1665 0.4632 -0.8705
vn 0.1682 -0.0849 -0.9821
vn -0.0966 0.4727 -0.8759
vn -0.1319 -0.0067 -0.9912
vn -0.4368 0.5706 -0.6954
vn -0.4556 0.4809 -0.7491
vn -0.5347 -0.0295 -0.8445
vn -0.6332 0.5516 -0.5430
vn -0.7216 0.3425 -0.6017
vn -0.7649 -0.2090 -0.6093
vn -0.9554 0.0156 0.2950
vn -0.7296 0.6190 0.2906
vn -0.1922 0.6280 0.7541
vn -0.3066 0.6960 0.6492
vn -0.0189 0.5788 0.8153
vn 0.1528 0.0670 0.9860
vn 0.1858 -0.0072 0.9826
vn 0.1620 0.4891 0.8570
vn 0.0343 0.4354 0.8996
vn -0.0172 -0.1189 0.9928
vn -0.0920 0.5067 0.8572
vn -0.2178 -0.0540 0.9745
vn -0.0597 0.4442 0.8940
vn -0.2880 0.4676 0.8357
vn -0.2512 0.6495 0.7176
vn -0.2962 0.0645 0.9529
vn -0.1797 0.6181 0.7653
vn 0.3946 0.6163 0.6815
vn 0.4540 0.5569 0.6955
vn 0.3925 0.6921 0.6058
vn 0.4861 0.1808 0.8550
vn 0.5528 -0.0934 0.8281
vn 0.5057 0.4741 0.7207
vn 0.7319 0.0276 0.6809
vn 0.6633 0.6081 0.4362
vn 0.4418 0.8722 0.2098
vn 0.7378 0.5842 0.3381
vn 0.8691 -0.0344 0.4934
vn 0.8973 -0.0529 0.4382
vn 0.8030 0.4603 0.3787
vn 0.8748 0.4491 0.1817
vn 0.9753 -0.0582 0.2129
vn 0.9981 0.0301 -0.0545
vn 0.7629 0.5902 -0.2639
vn 0.9443 0.0235 -0.3283
vn 0.8305 -0.0776 -0.5515
vn 0.7431 0.4542 -0.4914
vn 0.7136 0.3254 -0.6204
vn 0.6729 -0.4369 -0.5969
vn 0.2393 -0.6672 -0.7054
vn 0.2935 -0.6713 -0.6805
vn 0.4462 -0.7361 -0.5090
vn 0.2192 -0.7404 0.6354
vn 0.6087 -0.3609 0.7066
vn 0.1803 -0.8420 0.5085
vn 0.4324 -0.9009 0.0367
vn -0.0018 -0.9935 0.1141
vn 0.7148 -0.4780 0.5104
vn -0.5202 -0.3812 0.7643
vn -0.9388 -0.0650 0.3383
vn -0.5962 -0.7674 0.2360
vn -0.9303 -0.3010 -0.2096
vn -0.7439 -0.6596 -0.1068
vn -0.7227 -0.6797 0.1253
vn -0.6592 -0.6918 0.2946
vn -0.8134 -0.4481 0.3709
vn -0.6702 -0.7419 0.0198
vn -0.7422 -0.6665 -0.0702
vn -0.7035 -0.6178 0.3514
vn -0.7326 -0.3101 0.6059
vn -0.5082 -0.6450 0.5706
vn 0.3203 -0.8925 0.3177
vn 0.9586 -0.2798 0.0537
vn 0.9882 -0.0599 0.1410
vn 0.5891 -0.6607 -0.4652
vn 0.6091 -0.7778 -0.1550
vn 0.6918 -0.7081 -0.1412
vn 0.7011 -0.4027 -0.5884
vn 0.6203 -0.7514 -0.2249
vn 0.9067 -0.1849 0.3790
vn 0.6692 -0.6760 0.3087
vn 0.4868 -0.3007 0.8201
vn 0.0915 -0.9809 0.1719
vn -0.1291 -0.2669 0.9551
vn -0.0685 -0.9639 0.2575
vn -0.7136 -0.2668 0.6477
vn -0.2268 -0.9674 0.1124
vn -0.6996 -0.7017 0.1350
vn -0.7394 -0.6640 -0.1118
vn -0.8257 -0.3561 0.4376
vn -0.3413 -0.6066 0.7180
vn -0.5815 -0.7385 0.3414
vn -0.7224 -0.6899 0.0468
vn -0.8180 -0.5611 -0.1267
vn -0.7833 -0.6175 -0.0721
vn -0.3294 -0.4485 -0.8309
vn 0.1921 0.0309 -0.9809
vn 0.1728 -0.4057 -0.8975
vn 0.1616 -0.3705 -0.9147
vn 0.0970 -0.7157 -0.6916
vn 0.1006 -0.6995 -0.7075
vn 0.1018 -0.7224 -0.6839
vn 0.2562 -0.7526 -0.6066
vn 0.2275 -0.9237 -0.3082
vn 0.3631 -0.8466 -0.3891
vn 0.1587 -0.9873 0.0081
vn 0.5487 -0.7299 0.4076
vn 0.5896 -0.6918 0.4169
vn 0.7584 -0.6516 0.0150
vn 0.7808 -0.5446 -0.3064
vn 0.6202 -0.7735 -0.1303
vn 0.9109 -0.3681 0.1866
vn 0.6899 -0.7234 0.0253
vn 0.2771 -0.9597 -0.0471
vn 0.1277 -0.9773 0.1689
vn 0.3854 -0.3550 0.8517
vn 0.1402 0.0614 0.9882
vn 0.1025 -0.2426 0.9647
vn 0.0850 -0.4955 0.8644
vn 0.0479 -0.6599 0.7498
vn -0.1164 -0.6614 0.7409
vn -0.1853 -0.8584 0.4783
vn -0.3505 -0.6590 0.6655
vn -0.1699 -0.3360 0.9264
vn 0.0865 -0.6760 0.7318
vn 0.0166 -0.8953 0.4451
vn -0.6406 -0.4630 0.6126
vn -0.9681 0.0873 0.2349
vn -0.9215 -0.3241 0.2139
vn -0.8989 -0.3523 0.2604
vn -0.6354 -0.6532 0.4118
vn -0.4652 -0.7324 0.4971
vn -0.4327 -0.9010 -0.0299
vn -0.9142 -0.3103 -0.2609
vn -0.9445 -0.3162 0.0891
vn -0.8003 -0.5996 0.0016
vn -0.1279 -0.9692 -0.2104
vn -0.0341 -0.4495 -0.8927
vn 0.2473 -0.4036 -0.8809
vn 0.1873 -0.6865 -0.7026
vn 0.0625 -0.8307 -0.5531
vn -0.1478 -0.7064 -0.6922
vn -0.3789 -0.7091 -0.5946
vn -0.8783 -0.3631 0.3110
vn -0.3421 0.0499 0.9383
vn -0.2975 -0.3180 0.9002
vn -0.3781 0.0695 0.9231
vn -0.3517 -0.3302 0.8759
vn -0.4213 0.0215 0.9066
vn -0.3766 -0.4854 0.7890
vn -0.1212 0.0463 0.9916
vn -0.1423 -0.3305 0.9330
vn 0.1388 -0.3553 0.9244
vn -0.0103 -0.8708 0.4916
vn -0.1595 -0.7104 0.6855
vn -0.2297 -0.3399 0.9120
vn 0.0996 0.0520 0.9937
vn 0.0832 -0.3535 0.9317
vn 0.4631 -0.0141 0.8862
vn 0.4022 -0.4159 0.8156
vn 0.3269 -0.8402 0.4326
vn 0.7584 -0.3585 0.5444
vn 0.9025 -0.0749 0.4241
vn 0.6862 -0.6276 0.3678
vn 0.6016 -0.7355 0.3117
vn 0.6728 -0.7225 0.1593
vn 0.8931 -0.4391 -0.0979
vn 0.8411 -0.4522 -0.2966
vn 0.4938 -0.8219 -0.2839
vn -0.0765 -0.9846 0.1573
vn -0.3008 -0.8941 0.3319
vn -0.0218 -0.9935 -0.1116
vn -0.2187 -0.9654 -0.1419
vn 0.0618 -0.9927 0.1036
vn -0.2194 -0.9630 -0.1567
vn -0.1160 -0.9147 -0.3872
vn 0.0806 -0.9800 -0.1819
vn -0.3805 -0.9235 -0.0484
vn -0.2136 -0.9769 0.0082
vn 0.0036 -1.0000 -0.0021
vn 0.1008 -0.9942 0.0377
vn 0.0804 -0.9967 -0.0095
vn -0.2783 -0.9274 0.2500
vn -0.2195 -0.8944 0.3898
vn -0.0134 -0.9989 -0.0447
vn 0.0949 -0.9950 -0.0304
vn -0.0808 -0.9945 0.0671
vn -0.1950 -0.9779 0.0753
vn 0.0212 -0.9997 0.0075
vn 0.0361 -0.9926 -0.1162
vn -0.4147 -0.8974 0.1505
vn -0.3858 -0.9137 -0.1280
vn 0.4086 -0.9119 -0.0386
vn 0.1991 -0.9789 0.0468
vn -0.1459 -0.9821 0.1189
vn -0.0382 -0.9922 -0.1186
vn 0.1960 -0.9719 -0.1303
vn -0.0293 -0.9996 -0.0005
vn -0.3839 -0.9223 -0.0448
vn -0.2664 -0.9635 -0.0260
vn -0.3127 -0.9470 -0.0731
vn 0.1412 -0.9398 0.3113
vn -0.0370 -0.9856 0.1652
vn 0.0397 -0.9260 -0.3755
vn -0.0431 -0.9986 0.0298
vn -0.0331 -0.9994 -0.0101
vn -0.0363 -0.9974 0.0621
vn -0.1250 -0.9652 0.2296
vn -0.1688 -0.9766 0.1329
vn 0.0145 -0.9986 0.0501
vn -0.0725 -0.9967 0.0361
vn 0.2905 -0.9489 0.1232
vn 0.0520 -0.9578 0.2827
vn -0.0345 -0.9965 -0.0767
vn -0.0947 -0.9111 0.4012
vn 0.0096 -0.9604 -0.2786
vn 0.1250 -0.9703 -0.2072
vn -0.3879 -0.9163 0.0999
vn -0.2272 -0.9715 0.0677
vn -0.0914 -0.9929 0.0768
vn 0.1707 -0.9702 -0.1722
vn -0.4386 -0.8928 -0.1023
vn -0.4371 -0.8979 0.0527
vn 0.1253 -0.9918 -0.0239
vn -0.4161 -0.9074 -0.0585
vn -0.3800 -0.9132 -0.1471
vn 0.0315 -0.9978 0.0578
vn -0.0251 -0.9942 0.1044
vn -0.0006 -0.9931 -0.1177
vn -0.0179 -0.9900 0.1400
vn 0.0424 -0.9926 0.1142
vn -0.3903 -0.8677 -0.3079
vn -0.3807 -0.8823 0.2769
vn -0.1628 -0.9194 0.3581
vn -0.0374 -0.8853 0.4636
vn -0.0944 -0.9572 -0.2735
vn -0.0269 -0.9991 -0.0338
vn -0.1210 -0.9137 0.3879
vn 0.0098 -0.9662 0.2575
vn 0.1511 -0.9340 0.3236
vn -0.2274 -0.9706 -0.0790
vn -0.1826 -0.9817 -0.0546
vn -0.1736 -0.9846 -0.0183
vn 0.0172 -0.9998 -0.0024
vn -0.0072 -0.9983 -0.0579
vn -0.2586 -0.2856 0.9228
vn -0.2889 -0.8184 0.4967
vn -0.5797 -0.6532 -0.4871
vn -0.4679 -0.3583 -0.8079
vn -0.8990 -0.4359 -0.0423
vn -0.6509 -0.2742 0.7079
vn -0.9488 -0.2666 0.1698
vn -0.6210 -0.6321 -0.4634
vn 0.4327 -0.8744 -0.2194
vn 0.4847 -0.8716 0.0727
vn 0.7279 -0.6697 0.1475
vn 0.7186 -0.6794 -0.1482
vn 0.6988 -0.6546 -0.2885
vn 0.7123 -0.6045 -0.3567
vn 0.7234 -0.6904 0.0086
vn 0.6660 -0.6571 0.3531
vn 0.1992 -0.9715 -0.1283
vn 0.3484 -0.8665 -0.3576
vn 0.2682 -0.7598 -0.5923
vn -0.6796 -0.4218 -0.6003
vn -0.3216 -0.9148 0.2444
vn -0.7657 -0.3149 0.5609
vn -0.8423 -0.4824 0.2405
vn -0.6848 -0.7131 0.1501
vn -0.3565 -0.8117 0.4626
vn -0.4461 -0.3663 -0.8166
vn 0.1072 -0.4064 -0.9074
vn 0.6681 -0.3532 -0.6549
vn 0.7096 -0.6937 0.1237
vn 0.5017 -0.3255 -0.8015
vn 0.6238 -0.7745 -0.1049
vn 0.3782 -0.9246 0.0467
vn 0.3757 -0.9244 0.0664
vn 0.6903 -0.7062 0.1571
vn 0.7143 -0.6691 0.2049
vn -0.0822 -0.9118 0.4024
vn -0.1531 -0.6606 0.7350
vn -0.1524 -0.5517 0.8200
vn -0.1714 -0.5010 0.8483
vn -0.4199 -0.8244 0.3796
vn -0.6031 -0.6347 0.4832
vn -0.8105 -0.5857 -0.0078
vn -0.3516 -0.9116 -0.2129
vn -0.5993 -0.7144 -0.3612
vn -0.2491 -0.9683 -0.0195
vn -0.7165 -0.6889 0.1096
vn -0.8308 -0.5543 -0.0504
vn -0.5628 -0.8174 -0.1228
vn -0.6551 -0.3449 -0.6723
vn -0.2075 -0.8881 -0.4102
vn -0.0948 -0.9083 -0.4074
vn -0.0778 -0.7149 -0.6949
vn 0.0457 -0.7108 -0.7019
vn 0.1391 -0.8470 -0.5131
vn 0.0397 -0.9458 -0.3223
vn -0.1126 -0.6989 -0.7063
vn -0.0821 -0.8590 -0.5054
vn 0.3966 -0.9097 -0.1231
vn 0.7500 -0.6218 -0.2257
vn 0.5581 -0.7462 -0.3629
vn 0.5758 -0.5535 -0.6017
vn 0.4227 -0.9058 0.0285
vn 0.2942 -0.9507 0.0979
vn 0.3731 -0.9229 0.0950
vn 0.6536 -0.7564 -0.0257
vn 0.3751 -0.9086 0.1838
vn 0.3485 -0.3639 0.8638
vn -0.2265 -0.5195 0.8239
vn -0.1171 -0.9269 0.3566
vn 0.3189 -0.8806 0.3506
vn 0.4808 -0.8538 -0.1998
vn 0.1246 -0.8752 -0.4675
vn 0.0255 -0.9368 -0.3490
vn -0.0953 -0.8474 -0.5223
vn 0.1147 -0.7118 -0.6930
vn 0.0488 -0.9283 -0.3687
vn -0.1307 -0.6248 -0.7698
vn -0.2027 -0.9202 -0.3350
vn -0.3397 -0.8432 -0.4167
vn -0.3163 -0.9243 -0.2135
vn -0.3880 -0.9100 0.1458
vn -0.6514 -0.6333 0.4179
vn -0.7224 -0.4439 0.5302
vn -0.4067 -0.2685 0.8732
vn 0.9842 -0.0378 0.1731
vn 0.9891 -0.0452 -0.1401
vn 0.9107 -0.0435 -0.4109
vn 0.9998 0.0183 0.0006
vn 0.7940 -0.4176 -0.4417
vn 0.6616 -0.0557 -0.7477
vn -0.9973 0.0546 0.0488
vn -0.9776 0.0302 0.2085
vn -0.6929 -0.3859 0.6091
vn 0.7996 -0.4143 -0.4348
vn 0.9622 -0.2038 -0.1808
vn 0.9247 -0.3754 0.0633
vn 0.9724 -0.0916 0.2148
vn 0.9095 -0.3878 0.1499
vn -0.1541 -0.3601 0.9201
vn -0.3981 -0.3682 0.8402
vn -0.5671 -0.3517 0.7448
vn -0.7751 0.0257 0.6314
vn -0.7334 -0.2885 0.6156
vn -0.7916 -0.3213 -0.5197
vn -0.8398 0.0610 -0.5394
vn -0.9329 -0.3602 -0.0035
vn -0.9895 0.0354 0.1399
vn -0.9220 -0.3496 -0.1668
vn -0.9349 -0.3469 0.0753
vn -0.3801 -0.3530 -0.8549
vn -0.1733 -0.2294 -0.9578
vn -0.1201 -0.3576 -0.9261
vn -0.0493 -0.0040 -0.9988
vn 0.1020 -0.0230 -0.9945
vn 0.3294 -0.0356 -0.9435
vn 0.4212 -0.2937 -0.8581
vn 0.1015 -0.4119 -0.9055
vn -0.1467 -0.0125 -0.9891
vn 0.8888 -0.3867 -0.2459
vn 0.8549 -0.0896 -0.5110
vn 0.9156 -0.3942 0.0789
vn 0.8726 -0.4115 0.2631
vn 0.9497 -0.3019 -0.0833
vn 0.9985 -0.0456 -0.0287
vn 0.9001 -0.3770 0.2184
vn 0.8276 -0.3831 0.4103
vn 0.6282 -0.4213 0.6541
vn 0.0015 -0.4030 0.9152
vn -0.2116 -0.3650 0.9066
vn 0.1101 -0.3991 0.9103
vn 0.4620 -0.4556 0.7609
vn 0.8764 0.2088 -0.4339
vn 0.1451 -0.4234 -0.8943
vn -0.1752 -0.3885 -0.9047
vn -0.1663 -0.0474 -0.9849
vn -0.0042 -0.4128 -0.9108
vn 0.2209 -0.0333 -0.9747
vn 0.2286 -0.3776 -0.8973
vn -0.4607 -0.3995 -0.7926
vn -0.5891 -0.0274 -0.8076
vn -0.7341 -0.3511 -0.5813
vn -0.8203 -0.3782 -0.4290
vn -0.8279 -0.3773 -0.4151
vn -0.8988 -0.3892 -0.2019
vn -0.9059 -0.4103 0.1047
vn -0.8741 -0.3337 0.3531
vn -0.8078 0.0307 0.5886
vn -0.3304 0.9438 -0.0118
vn -0.4406 0.8770 -0.1916
vn -0.8726 0.4156 -0.2567
vn -0.7586 0.1411 -0.6361
vn -0.0960 0.9802 -0.1730
vn 0.5916 0.0469 -0.8048
vn 0.2173 0.9577 -0.1886
vn 0.6793 0.5032 -0.5342
vn -0.2871 0.9296 0.2310
vn 0.0565 0.9856 -0.1595
vn -0.3712 0.8570 -0.3574
vn -0.0363 0.9970 0.0678
vn -0.4963 0.5571 -0.6659
vn 0.1501 0.9731 -0.1746
vn 0.3730 -0.0471 -0.9267
vn 0.0536 0.9984 0.0184
vn 0.5216 0.3422 -0.7816
vn 0.1512 0.9794 -0.1337
vn 0.5682 -0.0033 -0.8229
vn 0.9473 -0.0236 -0.3194
vn 0.3499 0.9294 -0.1177
vn 0.9158 -0.0614 0.3969
vn 0.2625 0.9619 0.0771
vn 0.4509 0.0252 0.8922
vn 0.1764 0.9527 0.2476
vn 0.0004 -0.0087 1.0000
vn 0.0400 0.8469 0.5303
vn 0.0758 0.9701 -0.2304
vn 0.0591 0.4817 0.8743
vn 0.1942 0.6185 0.7614
vn -0.0129 0.9867 -0.1619
vn 0.4718 0.6093 0.6373
vn 0.1540 0.9757 0.1556
vn 0.5350 0.3389 0.7739
vn 0.0934 0.8841 0.4579
vn 0.0763 0.9595 0.2711
vn -0.2835 0.3617 0.8881
vn -0.1276 -0.0176 0.9917
vn 0.5624 0.3684 0.7403
vn 0.2372 0.9308 0.2782
vn -0.1124 0.9823 -0.1496
vn 0.5848 0.7017 0.4070
vn 0.0068 0.9999 -0.0086
vn 0.8723 0.3609 0.3300
vn 0.9516 0.0577 -0.3020
vn -0.0584 0.9980 0.0253
vn 0.3898 0.7884 -0.4758
vn 0.0228 0.9817 0.1890
vn 0.0017 -0.0103 -0.9999
vn -0.7672 0.0926 -0.6347
vn 0.0537 0.9984 0.0183
vn 0.0164 0.9998 -0.0127
vn -0.5550 0.6340 -0.5385
vn -0.2109 0.6824 -0.6999
vn 0.0962 0.9910 0.0932
vn -0.1892 0.7378 -0.6480
vn 0.0841 0.9944 0.0635
vn -0.5343 0.6359 -0.5569
vn 0.1342 0.9889 0.0643
vn -0.0857 0.9942 -0.0651
vn -0.8236 0.1031 -0.5577
vn -0.3812 0.0598 -0.9226
vn -0.0918 0.9676 -0.2351
vn 0.2677 0.0192 -0.9633
vn 0.1092 0.9715 -0.2104
vn 0.0097 0.9998 0.0193
vn 0.6794 0.5278 -0.5098
vn 0.8445 0.5355 0.0101
vn -0.0147 0.9997 -0.0210
vn 0.4957 0.8055 0.3246
vn 0.1119 0.9785 0.1730
vn 0.3129 0.0284 0.9494
vn 0.0390 0.9368 0.3477
vn -0.0200 0.3934 0.9192
vn -0.0594 -0.0498 0.9970
vn 0.6184 -0.0366 0.7850
vn -0.0145 0.9930 -0.1173
vn 0.9601 0.0175 0.2791
vn 0.0913 0.9958 -0.0059
vn 0.5316 0.8156 0.2284
vn 0.1820 0.9650 0.1887
vn 0.5618 0.3673 0.7413
vn 0.1121 0.9187 0.3787
vn 0.3087 0.5655 0.7648
vn 0.1302 0.3823 0.9148
vn 0.0108 0.4322 0.9017
vn 0.0346 0.9304 0.3649
vn 0.0355 0.9343 0.3546
vn -0.0077 0.3926 0.9197
vn -0.1604 0.3555 0.9208
vn 0.0257 0.9903 0.1362
vn -0.8623 0.0278 0.5056
vn -0.1472 0.9707 0.1898
vn -1.0000 -0.0082 -0.0010
vn -0.4878 0.8729 -0.0080
vn -0.9144 0.4048 -0.0031
vn 0.0581 0.9983 0.0100
vn -0.9633 0.2620 -0.0584
vn -0.3614 0.9323 -0.0145
vn -0.8098 0.5835 -0.0612
vn 0.0844 0.9964 0.0048
vn -0.3424 0.9393 -0.0211
vn -0.9092 0.4117 -0.0618
vn -0.8461 0.4659 -0.2590
vn -0.1372 0.9886 -0.0612
vn -0.7721 0.4373 -0.4612
vn -0.2683 0.9384 -0.2177
vn -0.5411 0.6289 -0.5583
vn -0.0612 0.9951 -0.0776
vn -0.6485 0.3791 -0.6601
vn -0.0243 0.9971 -0.0716
vn 0.0609 0.9977 -0.0289
vn -0.0996 0.3136 -0.9443
vn 0.2428 0.9015 -0.3582
vn 0.4380 0.3268 -0.8374
vn 0.2727 0.8455 -0.4590
vn 0.0267 0.9501 -0.3107
vn -0.1008 0.4656 -0.8792
vn -0.2061 0.6863 -0.6976
vn 0.1152 0.9065 0.4061
vn 0.0587 0.9660 -0.2516
vn 0.0877 0.4305 -0.8983
vn -0.0763 0.4012 -0.9128
vn 0.0239 0.9701 -0.2417
vn -0.1456 0.4461 -0.8831
vn 0.1178 0.8517 -0.5106
vn 0.2660 -0.0142 -0.9639
vn 0.3577 0.8610 -0.3616
vn 0.4176 0.8872 -0.1960
vn 0.8172 0.3193 -0.4798
vn 0.8888 0.3804 -0.2557
vn 0.3599 0.9299 -0.0760
vn 0.9240 0.2987 -0.2388
vn 0.7207 0.6806 -0.1319
vn 0.0622 0.9981 0.0017
vn 0.7615 0.6480 -0.0176
vn 0.6266 0.7690 0.1262
vn 0.3735 0.9265 0.0465
vn 0.8915 0.3315 0.3086
vn 0.9274 0.3739 0.0082
vn 0.7462 0.6378 -0.1906
vn -0.3005 0.9538 -0.0062
vn 0.2272 0.9736 -0.0219
vn 0.9781 0.0101 -0.2079
vn 0.9470 0.3149 0.0629
vn 0.1801 0.9832 0.0282
vn 0.7804 -0.0383 0.6241
vn 0.2925 0.9457 0.1418
vn 0.3883 0.3514 0.8519
vn 0.2124 0.8958 0.3903
vn 0.4177 0.3645 0.8323
vn 0.0955 0.9910 0.0939
vn 0.5492 0.6101 0.5711
vn 0.0448 0.9990 -0.0047
vn 0.6740 -0.0108 0.7386
vn 0.2037 0.9708 0.1269
vn 0.0682 0.3283 0.9421
vn 0.0767 0.8698 0.4874
vn -0.1140 0.4284 0.8964
vn -0.0215 0.9543 0.2979
vn 0.2629 0.4492 0.8539
vn 0.1070 0.9172 -0.3837
vn 0.1746 0.6912 0.7013
vn 0.0690 0.9332 0.3528
vn -0.0545 0.4398 0.8964
vn -0.2351 0.3880 0.8912
vn -0.0503 0.9169 0.3959
vn -0.5238 0.4527 0.7216
vn -0.0019 0.9959 0.0908
vn -0.3591 0.9024 0.2380
vn -0.0369 0.9992 0.0128
vn -0.8679 0.4758 0.1430
vn -0.8171 0.5685 -0.0956
vn -0.0307 0.9993 -0.0199
vn -0.8947 0.4410 -0.0708
vn -0.3077 0.9513 -0.0166
vn -0.8278 0.5072 0.2399
vn -0.0022 0.9992 0.0406
vn -0.6790 0.4097 0.6092
vn -0.2103 0.9561 0.2042
vn -0.2157 0.9138 0.3443
vn -0.6331 0.0350 0.7733
vn 0.2750 0.9525 0.1310
vn 0.3113 0.9491 0.0472
vn -0.2220 0.8696 -0.4411
vn 0.9758 -0.0404 0.2149
vn 0.9399 0.3357 0.0621
vn 0.3699 0.9285 -0.0322
vn 0.9190 0.2450 -0.3090
vn 0.2450 0.9692 -0.0246
vn 0.7360 0.6446 -0.2071
vn 0.9278 0.3566 -0.1099
vn 0.1173 0.9931 -0.0000
vn 0.7686 0.6354 0.0743
vn 0.4147 0.9086 0.0489
vn 0.9359 0.3310 0.1209
vn 0.9014 0.3830 -0.2022
vn 0.1094 0.9936 -0.0289
vn 0.7626 0.2924 -0.5771
vn 0.2183 0.9543 -0.2040
vn 0.6370 0.5715 -0.5174
vn 0.4548 0.4240 -0.7832
vn 0.3380 0.4232 -0.8406
vn 0.1374 0.9564 -0.2579
vn 0.3153 0.3417 -0.8854
vn 0.0995 0.4386 -0.8931
vn 0.0850 0.9928 -0.0845
vn -0.2015 0.4398 -0.8752
vn 0.0287 0.9950 -0.0959
vn -0.4177 0.3474 -0.8396
vn -0.2233 0.8853 -0.4079
vn -0.3938 0.7828 -0.4819
vn 0.2249 0.9321 0.2840
vn 0.3873 0.9210 0.0414
vn 0.4649 0.8750 0.1350
vn 0.1408 0.9411 0.3074
vn 0.4930 0.8158 0.3023
vn -0.1251 0.9084 0.3989
vn 0.0485 0.9506 -0.3064
vn -0.0124 0.9211 -0.3892
vn -0.1668 0.9357 -0.3108
vn -0.1857 0.9286 -0.3213
vn 0.0372 0.9471 -0.3188
vn 0.1273 0.8560 -0.5011
vn 0.1013 0.8884 -0.4478
vn -0.1693 0.9229 -0.3458
vn -0.3066 0.9198 -0.2448
vn -0.2019 0.9074 0.3686
vn 0.4003 0.8743 0.2744
vn 0.2145 0.8763 0.4314
vn 0.3645 0.8947 0.2581
vn -0.2312 0.9526 -0.1977
vn 0.0067 0.8246 -0.5657
vn 0.0775 0.8960 -0.4373
vn -0.2715 0.9528 -0.1360
vn -0.1537 0.9491 -0.2749
vn -0.0554 0.9338 -0.3535
vn 0.0483 0.9499 -0.3089
vn 0.0351 0.9215 -0.3867
vn 0.0405 0.8840 -0.4657
vn 0.4544 0.8903 0.0293
vn 0.3987 0.9166 0.0304
vn 0.4899 0.8713 0.0295
vn 0.3946 0.9184 0.0274
vn 0.4227 0.9002 0.1046
vn 0.3479 0.9191 0.1851
vn 0.4274 0.8601 0.2786
vn 0.3803 0.8786 0.2889
vn -0.1154 0.9319 0.3439
vn -0.1083 0.9363 0.3340
vn 0.2397 0.8778 0.4148
vn 0.0586 0.9058 0.4196
vn 0.0675 0.9053 0.4194
vn 0.0284 0.9561 0.2917
vn -0.1425 0.9265 0.3482
vn -0.2139 0.9694 0.1205
vn -0.4975 0.8550 0.1464
vn -0.2109 0.9758 -0.0573
vn -0.5428 0.8388 0.0413
vn -0.4092 0.9079 -0.0913
vn -0.3163 0.9338 0.1671
vn -0.0747 0.9383 -0.3377
vn -0.1240 0.9304 -0.3449
vn -0.2277 0.9352 -0.2714
vn -0.3151 0.9085 -0.2745
vn 0.0298 0.9683 -0.2480
vn -0.0468 0.9161 -0.3982
vn -0.1547 0.8475 -0.5077
vn 0.0916 0.9257 -0.3669
vn 0.1638 0.9280 -0.3348
vn 0.3587 0.9027 -0.2375
vn 0.5131 0.8575 0.0366
vn 0.4457 0.8946 0.0310
vn 0.5024 0.8646 -0.0075
vn 0.4270 0.8877 -0.1723
vn 0.3791 0.8850 -0.2705
vn 0.3057 0.8737 -0.3785
vn -0.3189 0.9474 -0.0265
vn -0.3999 0.9158 -0.0383
vn -0.3650 0.9212 0.1349
vn -0.4628 0.8669 0.1854
vn -0.2824 0.9587 0.0326
vn -0.4039 0.9133 -0.0516
vn -0.3230 0.9453 -0.0464
vn -0.3238 0.9347 0.1467
vn -0.2689 0.9318 0.2439
vn -0.2369 0.9029 0.3587
vn -0.0352 0.9396 0.3406
vn -0.0774 0.9197 0.3850
vn 0.0401 0.9143 0.4032
vn 0.2080 0.8979 0.3880
vn 0.1811 0.9812 0.0670
vn 0.3411 0.8874 0.3103
vn 0.9634 -0.1521 0.2209
vn 0.9604 -0.1363 0.2432
vn 0.9025 0.3781 0.2063
vn 0.9613 -0.0918 0.2596
vn 0.6561 0.6552 0.3745
vn 0.6967 -0.3227 0.6407
vn -0.6423 0.5581 0.5254
vn -0.6126 0.5829 0.5338
vn -0.7377 -0.2348 0.6330
vn 0.0834 -0.1285 0.9882
vn 0.0731 0.4644 0.8826
vn 0.7449 0.4080 0.5278
vn 0.7672 0.1815 0.6152
vn 0.7155 -0.4061 0.5685
vn 0.2490 -0.3866 0.8880
vn 0.6083 0.5631 0.5593
vn -0.2395 0.7381 0.6308
vn -0.4084 0.0535 0.9112
vn -0.5180 -0.3794 0.7667
vn -0.4988 0.3370 0.7986
vn -0.2930 0.6746 0.6776
vn -0.4285 0.3389 0.8376
vn -0.4422 -0.4260 0.7893
vn -0.8376 0.4003 0.3716
vn -0.8093 -0.4969 0.3133
vn -0.5801 0.7584 0.2972
vn -0.6440 0.7062 -0.2940
vn -0.8738 0.1114 -0.4733
vn -0.3045 0.7147 -0.6297
vn 0.0158 0.4669 -0.8842
vn 0.0998 0.0433 -0.9941
vn 0.0100 -0.0240 -0.9997
vn 0.0403 0.4709 -0.8813
vn -0.2078 0.4962 -0.8430
vn -0.2710 -0.0068 -0.9626
vn -0.4357 0.5023 -0.7469
vn -0.5261 0.0053 -0.8504
vn -0.4703 0.5152 -0.7165
vn -0.5740 0.0098 -0.8188
vn -0.0614 0.5258 -0.8484
vn -0.1051 -0.0188 -0.9943
vn 0.3052 0.4320 -0.8487
vn 0.3152 0.0254 -0.9487
vn 0.0705 0.4553 -0.8876
vn -0.0411 -0.0630 -0.9972
vn 0.0665 0.5788 -0.8127
vn -0.4059 0.6243 -0.6675
vn -0.5352 -0.0865 -0.8403
vn -0.5305 0.6700 -0.5193
vn -0.7193 0.0929 -0.6884
vn -0.8268 0.0387 -0.5612
vn -0.6850 0.5461 -0.4823
vn -0.5917 0.7120 -0.3782
vn -0.6446 0.7364 -0.2052
vn -0.8605 0.4316 -0.2705
vn -0.9429 -0.1544 -0.2950
vn -0.8602 0.3374 0.3825
vn -0.8576 -0.3692 0.3581
vn -0.6277 0.7092 0.3211
vn -0.4411 0.5430 0.7145
vn -0.5967 -0.2133 0.7736
vn 0.0055 0.6780 0.7350
vn 0.5736 0.6347 0.5178
vn 0.6863 -0.1134 0.7184
vn 0.6549 -0.4716 0.5905
vn 0.7254 0.2922 0.6232
vn 0.4107 0.6228 0.6660
vn 0.4281 0.4194 0.8005
vn 0.3784 -0.0886 0.9214
vn 0.1680 0.6182 0.7679
vn 0.1708 0.5307 0.8302
vn 0.3186 0.4648 0.8261
vn 0.3285 -0.0480 0.9433
vn 0.7206 -0.0391 0.6922
vn 0.7288 0.5827 0.3597
vn 0.8222 -0.3527 0.4467
vn 0.8498 0.2359 0.4713
vn 0.4386 -0.1399 0.8877
vn 0.4064 0.6810 0.6092
vn -0.1326 0.6691 0.7312
vn -0.5540 0.6405 0.5319
vn -0.7523 0.6575 0.0409
vn -0.1590 0.7170 -0.6787
vn -0.2463 -0.0660 -0.9669
vn 0.0600 -0.3177 -0.9463
vn 0.0701 0.3296 -0.9415
vn 0.0410 0.5884 -0.8075
vn 0.0710 0.4451 -0.8926
vn 0.0335 -0.0168 -0.9993
vn -0.5395 0.1097 -0.8348
vn -0.3712 0.7354 -0.5669
vn -0.6842 0.7007 -0.2020
vn -0.9517 -0.0076 -0.3068
vn -0.8574 -0.3445 -0.3823
vn -0.8483 0.3882 -0.3600
vn -0.4795 0.5200 -0.7068
vn -0.6016 0.0301 -0.7982
vn -0.2292 0.5054 -0.8319
vn -0.3197 0.0033 -0.9475
vn -0.2016 0.6254 -0.7538
vn -0.0420 0.4926 -0.8692
vn -0.0631 0.0495 -0.9968
vn -0.1439 0.4560 -0.8783
vn 0.0572 0.6888 -0.7227
vn 0.0958 0.4971 -0.8624
vn 0.0831 0.0009 -0.9965
vn 0.1282 0.5302 -0.8381
vn 0.1047 0.3822 -0.9181
vn 0.0004 0.0122 -0.9999
vn -0.0805 0.3780 -0.9223
vn -0.0442 0.5954 -0.8022
vn 0.0739 0.6788 -0.7306
vn 0.1004 0.3855 -0.9172
vn 0.0505 -0.2418 -0.9690
vn 0.8916 -0.0093 -0.4526
vn 0.6325 0.7107 -0.3080
vn 0.9004 0.4350 -0.0044
vn 0.8414 0.5398 0.0272
vn 0.8307 0.5558 0.0326
vn 0.9987 -0.0058 0.0514
vn 0.9951 -0.0833 0.0538
vn 0.8952 0.4433 0.0473
vn 0.8906 0.4526 0.0439
vn 0.9956 -0.0801 0.0494
vn 0.9131 0.4046 0.0498
vn 0.9914 -0.1227 0.0463
vn 0.8272 0.5609 0.0337
vn 0.8647 0.4380 0.2457
vn 0.9557 -0.0861 0.2814
vn 0.8567 0.0199 0.5155
vn 0.7199 0.5684 0.3983
vn 0.7783 -0.3403 0.5277
vn 0.6334 0.4778 0.6087
vn 0.7197 0.4230 0.5505
vn 0.7717 -0.1272 0.6231
vn 0.6775 0.5483 0.4902
vn 0.6320 0.6338 0.4460
vn 0.7475 0.2877 0.5988
vn 0.6842 -0.4334 0.5865
vn 0.0803 -0.1998 0.9766
vn 0.1252 0.6905 0.7125
vn -0.3436 0.5805 0.7382
vn -0.3083 0.6227 0.7192
vn -0.4675 -0.0650 0.8816
vn -0.4281 -0.0306 0.9032
vn -0.3580 0.4709 0.8063
vn 0.0776 -0.1330 0.9881
vn 0.0922 0.5823 0.8078
vn 0.4089 0.6678 0.6220
vn 0.4620 -0.0424 0.8859
vn 0.3074 -0.0627 0.9495
vn 0.2988 0.4845 0.8221
vn -0.0362 0.0412 0.9985
vn 0.0935 -0.0370 0.9949
vn 0.1170 0.4659 0.8771
vn 0.1147 0.5793 0.8070
vn 0.2714 0.2310 0.9344
vn 0.2232 0.4539 0.8626
vn 0.1977 -0.0698 0.9778
vn -0.1181 0.4359 0.8922
vn -0.1637 -0.2435 0.9560
vn -0.1937 0.6314 0.7509
vn -0.5379 0.5100 0.6713
vn -0.6517 -0.0558 0.7564
vn -0.8787 0.0917 0.4684
vn -0.6426 0.5912 0.4874
vn -0.9452 0.2544 0.2045
vn -0.9626 -0.0006 0.2709
vn -0.8044 0.5441 0.2384
vn -0.9719 0.1175 0.2042
vn -0.9762 0.0396 0.2130
vn -0.8154 0.5478 0.1870
vn -0.7774 0.5890 0.2208
vn -0.8358 0.5476 0.0398
vn -0.9985 0.0333 0.0434
vn -0.8132 0.5535 -0.1795
vn -0.9776 -0.0029 -0.2104
vn -0.7324 0.6645 -0.1482
vn -0.7957 0.5382 -0.2778
vn -0.9456 0.0313 -0.3239
vn -0.9858 0.1466 -0.0820
vn -0.7405 0.6717 -0.0225
vn -0.9609 0.0313 0.2752
vn -0.8183 0.5199 0.2453
vn -0.8294 0.5120 0.2235
vn -0.9694 -0.0296 0.2436
vn -0.6681 0.7133 0.2118
vn -0.6801 0.7329 0.0187
vn -0.8898 0.4563 -0.0074
vn -0.9833 -0.1818 0.0002
vn -0.7879 0.0371 -0.6147
vn -0.5007 0.7689 -0.3977
vn -0.2578 0.6134 -0.7465
vn -0.3927 0.0882 -0.9155
vn -0.6563 0.0172 -0.7543
vn -0.5485 0.5138 -0.6596
vn -0.6757 0.4965 -0.5449
vn -0.7862 0.0186 -0.6177
vn -0.6202 0.6167 -0.4848
vn -0.5071 0.7143 -0.4823
vn -0.6772 0.3782 -0.6311
vn -0.6748 -0.4286 -0.6008
vn 0.0307 0.5411 -0.8404
vn -0.0523 0.0116 -0.9986
vn -0.0097 0.6634 -0.7482
vn 0.4123 0.5164 -0.7505
vn 0.1712 0.0522 -0.9838
vn 0.1896 0.5923 -0.7831
vn -0.2198 0.0796 -0.9723
vn -0.1763 -0.0120 -0.9843
vn -0.1243 0.5051 -0.8540
vn 0.0819 0.6100 -0.7881
vn 0.0941 0.4407 -0.8927
vn 0.0462 -0.2191 -0.9746
vn 0.2357 0.5876 -0.7741
vn 0.2775 0.3679 -0.8875
vn 0.2258 -0.2896 -0.9301
vn 0.5574 0.3875 -0.7342
vn 0.5429 -0.3436 -0.7663
vn 0.4358 0.6898 -0.5781
vn 0.7912 0.4340 -0.4309
vn 0.8607 -0.1483 -0.4871
vn 0.9915 -0.0552 -0.1178
vn 0.7294 0.6723 -0.1261
vn 0.9896 0.0060 0.1439
vn 0.9835 -0.0881 0.1577
vn 0.8930 0.4282 0.1388
vn 0.8283 0.5600 0.0170
vn 0.9063 0.4212 0.0353
vn 0.9905 -0.1317 0.0390
vn 0.8768 0.4241 -0.2264
vn 0.9631 -0.0613 -0.2619
vn 0.6573 0.5232 -0.5425
vn 0.7036 0.4303 -0.5655
vn 0.7628 -0.0861 -0.6409
vn 0.4791 0.5074 -0.7163
vn 0.5153 0.2935 -0.8052
vn 0.4904 -0.2587 -0.8322
vn -0.4192 0.0080 -0.9078
vn -0.3556 0.6156 -0.7032
vn -0.7420 0.6614 -0.1097
vn -0.6501 0.7213 -0.2390
vn -0.7816 0.6197 0.0717
vn -0.9522 0.1217 0.2801
vn -0.9480 0.0482 0.3146
vn -0.8030 0.5366 0.2592
vn -0.8648 0.4821 0.1400
vn -0.9907 -0.0677 0.1183
vn -0.8363 0.5482 0.0070
vn -0.9964 -0.0086 -0.0848
vn -0.8714 0.4884 0.0458
vn -0.8432 0.5033 -0.1888
vn -0.7128 0.6796 -0.1735
vn -0.9798 0.1068 -0.1690
vn -0.7518 0.6524 -0.0954
vn -0.5919 0.6601 0.4625
vn -0.6008 0.6029 0.5249
vn -0.5136 0.7318 0.4480
vn -0.7725 0.2364 0.5894
vn -0.7500 -0.0371 0.6604
vn -0.6227 0.5228 0.5821
vn -0.5746 0.0804 0.8145
vn -0.3136 0.6456 0.6963
vn -0.1064 0.8923 0.4387
vn -0.2076 0.6184 0.7579
vn -0.3735 0.0121 0.9276
vn -0.3160 -0.0086 0.9487
vn -0.2451 0.4984 0.8316
vn -0.0410 0.4787 0.8770
vn -0.0828 -0.0238 0.9963
vn 0.1892 0.0513 0.9806
vn 0.3919 0.5939 0.7026
vn 0.4527 0.0291 0.8912
vn 0.6534 -0.0862 0.7521
vn 0.6079 0.4458 0.6571
vn 0.7254 0.3099 0.6147
vn 0.6600 -0.4510 0.6009
vn 0.6981 -0.6970 0.1639
vn 0.6806 -0.6985 0.2211
vn 0.5282 -0.7506 0.3971
vn -0.6352 -0.7010 0.3241
vn -0.6351 -0.3090 0.7079
vn -0.5197 -0.8099 0.2719
vn -0.0218 -0.8872 0.4608
vn -0.1610 -0.9860 0.0438
vn -0.4325 -0.4337 0.7905
vn -0.8446 -0.3534 -0.4022
vn -0.4638 -0.0698 -0.8832
vn -0.3504 -0.7681 -0.5359
vn 0.0683 -0.3336 -0.9402
vn -0.0258 -0.6820 -0.7309
vn -0.2536 -0.6894 -0.6785
vn -0.4132 -0.6913 -0.5928
vn -0.4978 -0.4476 -0.7429
vn -0.1452 -0.7557 -0.6386
vn -0.0621 -0.6869 -0.7241
vn -0.4719 -0.6154 -0.6313
vn -0.7129 -0.2957 -0.6359
vn -0.6640 -0.6266 -0.4080
vn -0.3145 -0.8668 0.3869
vn 0.0619 -0.2536 0.9653
vn -0.0100 -0.0289 0.9995
vn 0.5076 -0.6696 0.5422
vn 0.2156 -0.7557 0.6184
vn 0.1990 -0.6974 0.6885
vn 0.6570 -0.4157 0.6289
vn 0.2696 -0.7470 0.6077
vn -0.2625 -0.1433 0.9542
vn -0.2485 -0.6428 0.7246
vn -0.7610 -0.2460 0.6003
vn -0.2051 -0.9682 0.1435
vn -0.9755 -0.2200 0.0070
vn -0.3105 -0.9506 -0.0041
vn -0.7496 -0.2499 -0.6129
vn -0.1883 -0.9655 -0.1801
vn -0.2612 -0.7103 -0.6536
vn -0.0205 -0.6864 -0.7269
vn -0.5609 -0.3526 -0.7490
vn -0.7857 -0.5765 -0.2243
vn -0.4514 -0.7335 -0.5082
vn -0.1764 -0.7036 -0.6883
vn -0.0110 -0.5864 -0.8099
vn -0.0634 -0.6390 -0.7666
vn 0.7567 -0.4987 -0.4227
vn 0.9981 -0.0154 0.0593
vn 0.8920 -0.4475 0.0645
vn 0.9091 -0.4135 0.0501
vn 0.6631 -0.7481 0.0263
vn 0.6801 -0.7326 0.0273
vn 0.6558 -0.7542 0.0323
vn 0.5985 -0.7767 0.1964
vn 0.2911 -0.9327 0.2128
vn 0.3930 -0.8567 0.3341
vn -0.0342 -0.9815 0.1886
vn -0.3651 -0.6944 0.6200
vn -0.3670 -0.6549 0.6606
vn 0.0553 -0.6315 0.7734
vn 0.3817 -0.5408 0.7496
vn 0.1748 -0.7641 0.6209
vn -0.0804 -0.3359 0.9385
vn 0.0325 -0.7044 0.7090
vn 0.0375 -0.9539 0.2977
vn -0.1990 -0.9638 0.1775
vn -0.8163 -0.3807 0.4344
vn -0.5554 -0.8185 0.1471
vn -0.9208 -0.3151 0.2300
vn -0.7705 -0.6148 0.1685
vn -0.7809 -0.6246 0.0033
vn -0.5396 -0.8367 -0.0938
vn -0.7374 -0.6319 -0.2387
vn -0.9559 -0.2915 -0.0351
vn -0.7453 -0.6349 0.2035
vn -0.4799 -0.8709 0.1061
vn -0.7178 -0.4462 -0.5345
vn -0.3581 0.0761 -0.9306
vn -0.3439 -0.3919 -0.8533
vn -0.3909 -0.3632 -0.8457
vn -0.5243 -0.6459 -0.5549
vn -0.5897 -0.7166 -0.3725
vn -0.0719 -0.9115 -0.4050
vn 0.1207 -0.3452 -0.9307
vn -0.2300 -0.3338 -0.9142
vn -0.1377 -0.6177 -0.7743
vn 0.1445 -0.9816 -0.1250
vn 0.8573 -0.4958 -0.1384
vn 0.8856 -0.4427 0.1405
vn 0.6875 -0.7173 0.1134
vn 0.5159 -0.8566 0.0141
vn 0.6313 -0.7447 -0.2165
vn 0.5036 -0.7479 -0.4325
vn -0.4431 -0.3674 -0.8178
vn -0.9722 0.0903 -0.2159
vn -0.9462 -0.2779 -0.1656
vn -0.9611 0.1082 -0.2543
vn -0.9301 -0.2927 -0.2221
vn -0.9528 0.0584 -0.2978
vn -0.8549 -0.4527 -0.2535
vn -0.9955 0.0947 0.0101
vn -0.9585 -0.2851 -0.0070
vn -0.9135 -0.3035 0.2710
vn -0.5299 -0.8441 0.0817
vn -0.7342 -0.6775 -0.0453
vn -0.9499 -0.2975 -0.0961
vn -0.9677 0.1058 0.2288
vn -0.9281 -0.3027 0.2169
vn -0.8158 0.0429 0.5768
vn -0.7734 -0.3633 0.5194
vn -0.4249 -0.8086 0.4069
vn -0.4545 -0.3116 0.8345
vn -0.3025 -0.0311 0.9527
vn -0.3023 -0.5911 0.7478
vn -0.2633 -0.7037 0.6599
vn -0.1022 -0.6970 0.7097
vn 0.1955 -0.4221 0.8852
vn 0.3845 -0.4467 0.8078
vn 0.3076 -0.8235 0.4767
vn -0.2134 -0.9766 -0.0247
vn -0.4119 -0.8826 -0.2266
vn 0.0597 -0.9982 -0.0061
vn 0.0647 -0.9764 -0.2059
vn -0.1421 -0.9842 0.1054
vn 0.0793 -0.9748 -0.2086
vn 0.3237 -0.9360 -0.1383
vn 0.1436 -0.9859 0.0857
vn -0.0476 -0.9336 -0.3550
vn -0.0838 -0.9800 -0.1805
vn -0.0456 -0.9984 0.0339
vn -0.0716 -0.9882 0.1354
vn -0.0278 -0.9937 0.1089
vn -0.3294 -0.9196 -0.2141
vn -0.4583 -0.8780 -0.1383
vn -0.0058 -0.9999 0.0114
vn -0.0052 -0.9927 0.1205
vn -0.1211 -0.9914 -0.0495
vn -0.1000 -0.9941 -0.0424
vn -0.0506 -0.9973 0.0526
vn 0.0720 -0.9961 0.0507
vn -0.2478 -0.8981 -0.3634
vn 0.0310 -0.9281 -0.3712
vn 0.0490 -0.9026 0.4276
vn -0.0668 -0.9701 0.2334
vn -0.1845 -0.9779 -0.0986
vn 0.0645 -0.9976 -0.0232
vn 0.1084 -0.9724 0.2067
vn -0.0516 -0.9987 0.0015
vn -0.0516 -0.9322 -0.3581
vn -0.0564 -0.9697 -0.2379
vn -0.0152 -0.9568 -0.2904
vn -0.3345 -0.9187 0.2100
vn -0.2160 -0.9763 0.0154
vn 0.3323 -0.9430 0.0179
vn -0.0835 -0.9965 -0.0081
vn -0.0426 -0.9991 -0.0036
vn -0.1144 -0.9934 0.0029
vn -0.2905 -0.9547 -0.0638
vn -0.2012 -0.9722 -0.1197
vn -0.0957 -0.9941 0.0517
vn -0.0934 -0.9950 -0.0365
vn -0.1288 -0.9340 0.3332
vn 0.0189 -0.9979 -0.0618
vn 0.0231 -0.9996 -0.0139
vn -0.4537 -0.8911 -0.0127
vn -0.3565 -0.9341 -0.0162
vn 0.1426 -0.9801 0.1381
vn 0.0006 -0.9979 0.0648
vn -0.1416 -0.9718 -0.1886
vn -0.1360 -0.9894 -0.0499
vn 0.1465 -0.9734 0.1761
vn -0.0006 -0.9072 -0.4207
vn -0.1540 -0.9041 -0.3986
vn -0.0073 -0.9885 0.1514
vn -0.0418 -0.9188 -0.3924
vn 0.0507 -0.9284 -0.3680
vn -0.1011 -0.9925 0.0694
vn -0.1546 -0.9878 0.0195
vn 0.0686 -0.9975 0.0142
vn -0.1887 -0.9815 0.0312
vn -0.1552 -0.9840 0.0876
vn 0.2107 -0.8916 -0.4009
vn -0.3676 -0.8756 -0.3133
vn -0.4205 -0.9032 -0.0856
vn -0.5065 -0.8607 0.0516
vn 0.2120 -0.9721 -0.1005
vn -0.0183 -0.9998 -0.0005
vn -0.4442 -0.8950 -0.0404
vn -0.3002 -0.9511 0.0735
vn -0.3451 -0.9121 0.2213
vn 0.0009 -0.9786 -0.2060
vn -0.0178 -0.9873 -0.1580
vn -0.0526 -0.9881 -0.1443
vn -0.0435 -0.9979 0.0474
vn 0.0082 -0.9998 0.0158
vn -0.9618 -0.2434 -0.1251
vn -0.5697 -0.7983 -0.1953
vn 0.3730 -0.6913 -0.6188
vn 0.7196 -0.4108 -0.5598
vn -0.0996 -0.4589 -0.8829
vn -0.8012 -0.2526 -0.5425
vn -0.3080 -0.2801 -0.9092
vn 0.3450 -0.6700 -0.6573
vn 0.2331 -0.8740 0.4263
vn -0.0490 -0.8548 0.5166
vn -0.0806 -0.6435 0.7612
vn 0.2103 -0.6688 0.7131
vn 0.3477 -0.6518 0.6740
vn 0.4195 -0.6049 0.6769
vn 0.0552 -0.6715 0.7390
vn -0.2918 -0.6217 0.7269
vn 0.1069 -0.9718 0.2101
vn 0.3589 -0.8753 0.3243
vn 0.5857 -0.7828 0.2104
vn 0.4827 -0.4685 -0.7399
vn -0.3291 -0.9084 -0.2581
vn -0.6760 -0.3090 -0.6690
vn -0.3121 -0.6562 -0.6870
vn -0.2722 -0.7192 -0.6393
vn -0.5448 -0.7950 -0.2669
vn 0.7309 -0.4187 -0.5390
vn 0.8929 -0.4502 -0.0017
vn 0.7207 -0.3705 0.5859
vn -0.0608 -0.6692 0.7406
vn 0.8448 -0.3545 0.4007
vn 0.1501 -0.7637 0.6279
vn -0.0401 -0.9116 0.4092
vn -0.0599 -0.9104 0.4093
vn -0.0970 -0.6804 0.7264
vn -0.1393 -0.6403 0.7554
vn -0.4532 -0.8914 -0.0000
vn -0.7798 -0.6251 -0.0339
vn -0.8586 -0.5120 -0.0253
vn -0.8868 -0.4602 -0.0419
vn -0.4717 -0.8134 -0.3403
vn -0.5897 -0.6231 -0.5139
vn -0.1292 -0.6046 -0.7860
vn 0.1197 -0.9296 -0.3486
vn 0.2427 -0.7463 -0.6197
vn -0.0608 -0.9737 -0.2197
vn -0.2377 -0.6993 -0.6741
vn -0.0882 -0.5759 -0.8127
vn 0.0067 -0.8359 -0.5488
vn 0.5611 -0.3940 -0.7279
vn 0.2901 -0.9518 -0.0996
vn 0.6429 -0.7517 -0.1474
vn 0.6666 -0.7450 -0.0261
vn 0.4856 -0.8689 0.0958
vn 0.2788 -0.9600 0.0256
vn 0.6503 -0.7371 -0.1837
vn 0.4343 -0.8919 -0.1261
vn 0.7082 -0.7056 0.0261
vn 0.2971 -0.6167 0.7290
vn 0.3980 -0.7505 0.5276
vn 0.6461 -0.5700 0.5076
vn -0.0152 -0.8927 0.4503
vn -0.1033 -0.9370 0.3336
vn -0.0885 -0.9075 0.4106
vn 0.0766 -0.7408 0.6673
vn -0.1754 -0.8886 0.4239
vn -0.8258 -0.3101 0.4710
vn -0.8709 -0.4813 -0.0992
vn -0.4134 -0.9097 -0.0403
vn -0.3467 -0.8533 0.3894
vn 0.2211 -0.8512 0.4760
vn 0.4373 -0.8950 0.0882
vn 0.3038 -0.9527 0.0077
vn 0.4634 -0.8754 -0.1378
vn 0.6670 -0.7438 0.0436
vn 0.3268 -0.9447 0.0279
vn 0.7143 -0.6668 -0.2124
vn 0.2600 -0.9409 -0.2171
vn 0.3263 -0.8716 -0.3659
vn 0.1244 -0.9415 -0.3133
vn -0.2401 -0.9103 -0.3372
vn -0.5315 -0.6261 -0.5705
vn -0.6430 -0.4331 -0.6316
vn -0.9318 -0.2325 -0.2788
vn -0.0413 -0.0052 0.9991
vn 0.2691 -0.0287 0.9627
vn 0.5266 -0.0430 0.8490
vn 0.1343 0.0422 0.9900
vn 0.5235 -0.4208 0.7408
vn 0.8261 -0.0785 0.5580
vn -0.4536 0.0353 -0.8905
vn -0.1754 0.0336 -0.9839
vn -0.3372 0.0186 -0.9413
vn -0.7144 -0.3703 -0.5938
vn 0.5175 -0.4170 0.7472
vn 0.2981 -0.1898 0.9355
vn 0.0431 -0.3493 0.9360
vn -0.0869 -0.0572 0.9946
vn -0.0451 -0.3576 0.9328
vn -0.9487 -0.3156 -0.0196
vn -0.9028 -0.3335 -0.2716
vn -0.8301 -0.3262 -0.4522
vn -0.7276 0.0399 -0.6849
vn -0.7215 -0.2737 -0.6360
vn 0.3928 -0.3667 -0.8434
vn 0.4244 0.0128 -0.9054
vn -0.1389 -0.3821 -0.9136
vn -0.2694 0.0188 -0.9628
vn 0.0246 -0.3796 -0.9248
vn -0.2166 -0.3648 -0.9055
vn 0.7558 -0.4610 -0.4650
vn 0.8495 -0.4498 -0.2757
vn 0.8836 -0.4039 -0.2368
vn 0.9818 -0.0570 -0.1812
vn 0.9969 -0.0721 -0.0303
vn 0.9763 -0.0767 0.2023
vn 0.8917 -0.3276 0.3124
vn 0.8900 -0.4558 -0.0069
vn 0.9588 -0.0673 -0.2762
vn 0.3213 -0.4409 0.8381
vn 0.6161 -0.0955 0.7818
vn 0.0256 -0.3675 0.9297
vn -0.1633 -0.3764 0.9120
vn 0.1952 -0.2830 0.9391
vn 0.1601 -0.0231 0.9868
vn -0.1137 -0.3436 0.9322
vn -0.3137 -0.3414 0.8860
vn -0.5836 -0.3715 0.7220
vn -0.9251 -0.3548 0.1352
vn -0.9434 -0.3224 -0.0781
vn -0.9055 -0.3486 0.2421
vn -0.7132 -0.4043 0.5726
vn 0.5570 0.2070 0.8043
vn 0.8841 -0.4657 0.0381
vn 0.8532 -0.4389 -0.2817
vn 0.9503 -0.1023 -0.2939
vn 0.8811 -0.4594 -0.1124
vn 0.9928 -0.0785 0.0905
vn 0.9006 -0.4181 0.1190
vn 0.7035 -0.4510 -0.5493
vn 0.7191 -0.0833 -0.6899
vn 0.4601 -0.3981 -0.7936
vn 0.2965 -0.4195 -0.8580
vn 0.2817 -0.4181 -0.8636
vn 0.0607 -0.4206 -0.9052
vn -0.2449 -0.4259 -0.8710
vn -0.4827 -0.3357 -0.8088
vn -0.6894 0.0418 -0.7232
vn 0.2659 0.9151 0.3032
vn 0.2000 0.8418 0.5013
vn 0.4088 0.3488 0.8434
vn 0.0331 0.0882 0.9956
vn -0.0073 0.9715 0.2368
vn -0.9903 0.1019 0.0940
vn -0.2272 0.9738 0.0120
vn -0.8182 0.5606 -0.1275
vn 0.4183 0.9017 0.1091
vn -0.0976 0.9886 0.1143
vn 0.0288 0.8291 0.5584
vn 0.1346 0.9903 0.0334
vn -0.1375 0.5237 0.8408
vn -0.1714 0.9837 0.0538
vn -0.9428 -0.0077 0.3331
vn 0.0383 0.9993 -0.0009
vn -0.9090 0.3905 0.1460
vn -0.1411 0.9896 0.0260
vn -0.9914 0.0501 0.1208
vn -0.8659 0.0541 -0.4972
vn -0.2633 0.9551 -0.1355
vn -0.3111 0.0062 -0.9504
vn -0.0578 0.9786 -0.1977
vn 0.3719 0.0507 -0.9269
vn 0.1261 0.9608 -0.2468
vn 0.7480 -0.0196 -0.6635
vn 0.4215 0.8416 -0.3378
vn -0.1644 0.9755 0.1460
vn 0.6445 0.4754 -0.5988
vn 0.4790 0.6235 -0.6179
vn -0.0535 0.9844 0.1677
vn 0.2022 0.6374 -0.7435
vn 0.0733 0.9831 -0.1679
vn 0.2467 0.3713 -0.8951
vn 0.3342 0.8836 -0.3278
vn 0.2102 0.9595 -0.1873
vn 0.8739 0.3287 -0.3582
vn 0.8257 -0.0383 -0.5628
vn 0.2051 0.4033 -0.8918
vn 0.1076 0.9434 -0.3136
vn 0.0212 0.9720 0.2339
vn -0.0392 0.7409 -0.6705
vn 0.0491 0.9974 0.0521
vn -0.3071 0.4245 -0.8518
vn -0.8508 0.1353 -0.5077
vn 0.1173 0.9900 0.0783
vn -0.5663 0.8217 0.0647
vn 0.1853 0.9784 -0.0918
vn -0.7504 0.0007 0.6610
vn 0.0368 0.0391 0.9986
vn 0.0382 0.9993 -0.0008
vn 0.0397 0.9981 0.0476
vn 0.0012 0.5944 0.8042
vn -0.3438 0.6714 0.6565
vn 0.0657 0.9944 -0.0827
vn -0.3160 0.7277 0.6088
vn 0.0517 0.9972 -0.0537
vn -0.0260 0.5981 0.8010
vn 0.0189 0.9956 -0.0919
vn 0.0675 0.9851 0.1583
vn 0.1323 0.0444 0.9902
vn -0.4355 0.0398 0.8993
vn -0.0574 0.9599 0.2743
vn -0.8968 0.0505 0.4395
vn -0.1713 0.9793 0.1078
vn 0.0680 0.9972 0.0314
vn -0.7986 0.5848 -0.1425
vn -0.5178 0.5998 -0.6100
vn 0.0539 0.9956 0.0763
vn -0.0359 0.8383 -0.5440
vn 0.1144 0.9824 -0.1479
vn 0.5060 0.0425 -0.8615
vn 0.2908 0.9331 -0.2114
vn 0.7250 0.3806 -0.5740
vn 0.7827 -0.0651 -0.6190
vn 0.1773 0.0033 -0.9841
vn -0.0187 0.9900 0.1396
vn -0.4238 0.0895 -0.9013
vn -0.0050 0.9999 -0.0131
vn -0.1310 0.8522 -0.5066
vn 0.0909 0.9724 -0.2149
vn 0.2153 0.4028 -0.8896
vn 0.4695 0.3835 -0.7953
vn 0.2749 0.8983 -0.3429
vn 0.6163 0.3822 -0.6886
vn 0.6910 0.4249 -0.5848
vn 0.3051 0.9262 -0.2217
vn 0.2982 0.9303 -0.2137
vn 0.7172 0.3807 -0.5836
vn 0.8167 0.3318 -0.4722
vn 0.1444 0.9878 -0.0585
vn 0.9495 -0.0453 0.3105
vn 0.2975 0.9541 0.0341
vn 0.6589 -0.0865 0.7472
vn 0.3684 0.8322 0.4145
vn 0.6256 0.3320 0.7060
vn 0.0232 0.9997 -0.0018
vn 0.6079 0.1864 0.7718
vn 0.2836 0.9013 0.3275
vn 0.5239 0.5188 0.6756
vn 0.0076 0.9999 -0.0148
vn 0.2666 0.9098 0.3181
vn 0.5787 0.3399 0.7414
vn 0.3926 0.4010 0.8277
vn 0.1040 0.9755 0.1939
vn 0.1907 0.3804 0.9049
vn 0.0704 0.9168 0.3930
vn -0.0230 0.5906 0.8066
vn 0.0420 0.9880 0.1484
vn -0.0433 0.3343 0.9415
vn 0.0222 0.9929 0.1169
vn -0.0021 0.9997 0.0250
vn -0.6225 0.3151 0.7164
vn -0.3745 0.9216 0.1025
vn -0.8966 0.3692 0.2447
vn -0.4730 0.8692 0.1440
vn -0.1932 0.9526 0.2350
vn -0.5638 0.4658 0.6820
vn -0.3450 0.6755 0.6516
vn 0.2824 0.9083 -0.3086
vn -0.1691 0.9704 0.1726
vn -0.7049 0.4455 0.5520
vn -0.6090 0.4039 0.6826
vn -0.1386 0.9715 0.1922
vn -0.5383 0.4429 0.7170
vn -0.4089 0.8638 0.2942
vn -0.8981 0.0171 0.4394
vn -0.4551 0.8903 0.0167
vn -0.3692 0.9193 -0.1364
vn -0.8796 0.3875 -0.2761
vn -0.7554 0.4515 -0.4749
vn -0.2387 0.9560 -0.1707
vn -0.7708 0.3728 -0.5166
vn -0.5337 0.7364 -0.4159
vn 0.0201 0.9998 0.0037
vn -0.4770 0.7058 -0.5238
vn -0.2732 0.8143 -0.5121
vn -0.1561 0.9523 -0.2622
vn -0.3377 0.3970 -0.8534
vn -0.5836 0.4454 -0.6790
vn -0.5970 0.6964 -0.3983
vn 0.2510 0.9273 0.2776
vn -0.1078 0.9869 -0.1203
vn -0.7892 0.0870 -0.6080
vn -0.6111 0.0548 -0.7897
vn -0.0971 0.9837 -0.1516
vn -0.0623 0.0091 -0.9980
vn -0.0302 0.9641 -0.2639
vn 0.4026 0.3714 -0.8366
vn 0.2057 0.9055 -0.3712
vn 0.3693 0.3871 -0.8449
vn 0.0667 0.9944 -0.0826
vn 0.1016 0.6449 -0.7575
vn 0.0269 0.9994 0.0209
vn 0.1074 0.0340 -0.9936
vn 0.0188 0.9823 -0.1863
vn 0.6800 0.3224 -0.6585
vn 0.3665 0.8678 -0.3356
vn 0.7721 0.4085 -0.4869
vn 0.2945 0.9464 -0.1323
vn 0.4929 0.4591 -0.7391
vn -0.3026 0.9270 0.2215
vn 0.4512 0.6951 -0.5596
vn 0.2745 0.9318 -0.2373
vn 0.7335 0.4245 -0.5308
vn 0.8457 0.3587 -0.3950
vn 0.3847 0.9058 -0.1776
vn 0.9133 0.4024 -0.0637
vn 0.1290 0.9916 -0.0076
vn 0.4694 0.8689 0.1569
vn 0.0939 0.9931 0.0706
vn 0.7085 0.4048 0.5780
vn 0.5019 0.5038 0.7030
vn 0.0652 0.9940 0.0875
vn 0.5642 0.3704 0.7379
vn 0.2477 0.9245 0.2898
vn 0.7565 0.4382 0.4855
vn 0.0918 0.9954 0.0262
vn 0.9290 0.3486 0.1245
vn 0.3492 0.9344 0.0709
vn 0.4550 0.8903 -0.0201
vn 0.9990 -0.0230 -0.0377
vn -0.0263 0.9696 -0.2433
vn -0.1133 0.9700 -0.2150
vn -0.1315 0.8542 0.5030
vn -0.4857 0.0338 -0.8734
vn -0.5538 0.4076 -0.7261
vn -0.2126 0.9549 -0.2072
vn -0.8233 0.3195 -0.4691
vn -0.1219 0.9856 -0.1169
vn -0.6022 0.7025 -0.3793
vn -0.6734 0.4293 -0.6018
vn -0.0178 0.9992 -0.0365
vn -0.4137 0.6928 -0.5907
vn -0.1827 0.9377 -0.2954
vn -0.5075 0.4019 -0.7622
vn -0.7234 0.4546 -0.5196
vn -0.0343 0.9993 -0.0114
vn -0.9179 0.3574 -0.1721
vn -0.2397 0.9706 0.0213
vn -0.7736 0.6252 -0.1035
vn -0.8612 0.4668 0.2011
vn -0.8271 0.4575 0.3264
vn -0.2264 0.9669 0.1175
vn -0.8505 0.3749 0.3689
vn -0.7081 0.4548 0.5402
vn -0.0598 0.9973 0.0436
vn -0.4959 0.4321 0.7532
vn -0.0309 0.9952 0.0933
vn -0.3321 0.3227 0.8864
vn -0.1049 0.8695 0.4827
vn -0.0539 0.7547 0.6539
vn 0.1201 0.9437 -0.3083
vn -0.1692 0.9482 -0.2690
vn -0.1533 0.9072 -0.3917
vn 0.1937 0.9459 -0.2605
vn -0.0502 0.8486 -0.5267
vn 0.4357 0.8915 -0.1242
vn -0.2044 0.9548 0.2158
vn -0.2279 0.9215 0.3146
vn -0.0665 0.9231 0.3789
vn -0.0623 0.9146 0.3995
vn -0.2065 0.9505 0.2322
vn -0.4079 0.8687 0.2811
vn -0.3488 0.8984 0.2669
vn -0.0918 0.9105 0.4032
vn 0.0743 0.8956 0.4386
vn 0.4637 0.8847 -0.0467
vn -0.0063 0.8999 -0.4360
vn 0.2339 0.8857 -0.4011
vn 0.0063 0.9177 -0.3973
vn 0.0618 0.9337 0.3527
vn -0.3785 0.8287 0.4124
vn -0.3247 0.9041 0.2779
vn 0.1346 0.9300 0.3420
vn -0.0474 0.9371 0.3458
vn -0.1580 0.9400 0.3024
vn -0.2028 0.9562 0.2112
vn -0.2574 0.9256 0.2775
vn -0.3225 0.8894 0.3239
vn -0.2247 0.9228 -0.3131
vn -0.1855 0.9446 -0.2709
vn -0.2491 0.9066 -0.3406
vn -0.1850 0.9461 -0.2658
vn -0.1468 0.9294 -0.3387
vn -0.0359 0.9415 -0.3352
vn -0.0218 0.8878 -0.4597
vn 0.0180 0.9025 -0.4303
vn 0.3896 0.9162 -0.0938
vn 0.3777 0.9213 -0.0923
vn 0.2050 0.8893 -0.4088
vn 0.3297 0.9030 -0.2754
vn 0.3237 0.9032 -0.2818
vn 0.2570 0.9522 -0.1653
vn 0.4104 0.9087 -0.0767
vn 0.2896 0.9483 0.1299
vn 0.4893 0.8118 0.3186
vn 0.1549 0.9569 0.2458
vn 0.4396 0.7933 0.4212
vn 0.2562 0.8739 0.4130
vn 0.3900 0.9043 0.1736
vn -0.1473 0.9332 0.3279
vn -0.1205 0.9216 0.3691
vn 0.0033 0.9173 0.3981
vn 0.0570 0.8840 0.4641
vn -0.1472 0.9703 0.1919
vn -0.2122 0.9139 0.3460
vn -0.2272 0.8382 0.4958
vn -0.2798 0.9340 0.2224
vn -0.3031 0.9415 0.1473
vn -0.3605 0.9306 -0.0641
vn -0.2599 0.8946 -0.3635
vn -0.2174 0.9264 -0.3075
vn -0.2854 0.9013 -0.3259
vn -0.3576 0.9202 -0.1591
vn -0.3997 0.9148 -0.0584
vn -0.4327 0.8990 0.0674
vn 0.2475 0.9198 0.3045
vn 0.2903 0.8820 0.3712
vn 0.3973 0.8882 0.2307
vn 0.4964 0.8259 0.2674
vn 0.2683 0.9333 0.2388
vn 0.2828 0.8794 0.3829
vn 0.2352 0.9175 0.3208
vn 0.3796 0.9048 0.1927
vn 0.4160 0.9052 0.0872
vn 0.4791 0.8777 -0.0143
vn 0.3346 0.9302 -0.1511
vn 0.3946 0.9065 -0.1500
vn 0.3302 0.9101 -0.2502
vn 0.2072 0.9071 -0.3665
vn -0.0106 0.9916 -0.1292
vn 0.0604 0.9079 -0.4147
vn -0.4797 -0.0785 -0.8739
vn -0.4601 -0.0633 -0.8856
vn -0.4187 0.4454 -0.7914
vn -0.4458 -0.0192 -0.8949
vn -0.1134 0.7005 -0.7046
vn 0.0004 -0.2741 -0.9617
vn 0.8508 0.5004 0.1603
vn 0.8390 0.5273 0.1338
vn 0.9469 -0.2986 0.1194
vn 0.6771 -0.1323 -0.7239
vn 0.6404 0.4591 -0.6157
vn -0.0721 0.4594 -0.8853
vn -0.0350 0.2343 -0.9715
vn -0.0710 -0.3550 -0.9322
vn 0.4773 -0.3755 -0.7945
vn 0.0510 0.6029 -0.7962
vn 0.6747 0.7102 -0.2012
vn 0.9551 0.0115 -0.2962
vn 0.8932 -0.4270 -0.1407
vn 0.9474 0.2882 -0.1393
vn 0.7412 0.6422 -0.1955
vn 0.9303 0.2951 -0.2177
vn 0.8574 -0.4678 -0.2146
vn 0.8552 0.3295 0.4000
vn 0.7390 -0.5621 0.3713
vn 0.6510 0.7073 0.2754
vn 0.2474 0.6568 0.7123
vn 0.2291 0.0477 0.9722
vn -0.2276 0.6954 0.6816
vn -0.6444 0.4763 0.5982
vn -0.8075 0.0617 0.5866
vn -0.7565 -0.0122 0.6538
vn -0.6582 0.4821 0.5782
vn -0.4642 0.4875 0.7395
vn -0.5422 -0.0175 0.8400
vn -0.2415 0.4747 0.8464
vn -0.2891 -0.0266 0.9569
vn -0.1951 0.4845 0.8528
vn -0.2335 -0.0262 0.9720
vn -0.5631 0.5286 0.6352
vn -0.6762 -0.0162 0.7365
vn -0.8110 0.4637 0.3567
vn -0.9168 0.0602 0.3947
vn -0.6837 0.4690 0.5590
vn -0.7232 -0.0552 0.6884
vn -0.6177 0.5910 0.5188
vn -0.1944 0.5978 0.7778
vn -0.2810 -0.1191 0.9523
vn 0.0016 0.6320 0.7750
vn -0.0350 0.0437 0.9984
vn 0.1280 -0.0201 0.9916
vn 0.1238 0.4960 0.8595
vn 0.1501 0.6675 0.7293
vn 0.3161 0.6859 0.6555
vn 0.3914 0.3659 0.8444
vn 0.3924 -0.2246 0.8920
vn 0.8745 0.2648 0.4064
vn 0.8121 -0.4391 0.3842
vn 0.6973 0.6543 0.2925
vn 0.8588 0.4991 -0.1161
vn 0.9604 -0.2676 -0.0779
vn 0.5874 0.6684 -0.4563
vn 0.0471 0.6720 -0.7390
vn 0.0781 -0.0671 -0.9947
vn -0.0185 -0.4252 -0.9049
vn 0.0052 0.3413 -0.9400
vn 0.2649 0.6458 -0.7161
vn 0.3419 0.4429 -0.8288
vn 0.4348 -0.0686 -0.8979
vn 0.5011 0.6211 -0.6026
vn 0.5407 0.5334 -0.6505
vn 0.4361 0.4794 -0.7616
vn 0.4866 -0.0324 -0.8730
vn 0.0402 0.0099 -0.9991
vn -0.1768 0.6339 -0.7529
vn -0.2295 -0.2921 -0.9285
vn -0.1940 0.2965 -0.9351
vn 0.3667 -0.1147 -0.9232
vn 0.2287 0.7040 -0.6723
vn 0.6752 0.6487 -0.3512
vn 0.8023 0.5894 0.0943
vn 0.5667 0.5962 0.5687
vn -0.3601 0.7097 0.6055
vn -0.5653 -0.0746 0.8215
vn -0.7672 -0.3018 0.5660
vn -0.7314 0.3443 0.5886
vn -0.5964 0.5985 0.5349
vn -0.6885 0.4590 0.5615
vn -0.7713 -0.0033 0.6364
vn -0.2623 0.0761 0.9620
vn -0.1353 0.7102 0.6908
vn 0.3425 0.6472 0.6811
vn 0.3981 -0.0788 0.9139
vn 0.2591 -0.4064 0.8762
vn 0.3138 0.3245 0.8923
vn -0.1814 0.4885 0.8535
vn -0.1986 -0.0084 0.9800
vn -0.4412 0.4949 0.7486
vn -0.4981 -0.0114 0.8670
vn -0.3938 0.6159 0.6824
vn -0.5935 0.4973 0.6328
vn -0.7017 0.0554 0.7103
vn -0.5352 0.4529 0.7130
vn -0.5375 0.6990 0.4717
vn -0.6791 0.5124 0.5256
vn -0.8009 0.0182 0.5985
vn -0.6803 0.5477 0.4870
vn -0.7336 0.3991 0.5500
vn -0.7482 0.0230 0.6631
vn -0.6148 0.3805 0.6909
vn -0.5357 0.5988 0.5953
vn -0.5551 0.6904 0.4640
vn -0.7299 0.4021 0.5527
vn -0.7734 -0.2265 0.5921
vn -0.9281 0.0654 -0.3665
vn -0.6055 0.7613 -0.2318
vn -0.5717 0.5042 -0.6473
vn -0.5027 0.6037 -0.6188
vn -0.4906 0.6188 -0.6135
vn -0.6211 0.0719 -0.7804
vn -0.6216 -0.0057 -0.7833
vn -0.5290 0.5114 -0.6772
vn -0.5279 0.5205 -0.6711
vn -0.6250 -0.0024 -0.7806
vn -0.5413 0.4742 -0.6944
vn -0.6272 -0.0452 -0.7776
vn -0.4872 0.6235 -0.6114
vn -0.3606 0.5017 -0.7863
vn -0.4254 -0.0140 -0.9049
vn -0.1784 0.0813 -0.9806
vn -0.1430 0.6187 -0.7725
vn -0.1391 -0.2840 -0.9487
vn 0.0662 0.5193 -0.8520
vn -0.0376 0.4720 -0.8808
vn -0.0505 -0.0732 -0.9960
vn -0.0474 0.5943 -0.8028
vn -0.0452 0.6764 -0.7351
vn -0.0279 0.3389 -0.9404
vn -0.0386 -0.3849 -0.9222
vn 0.6662 -0.2035 -0.7175
vn 0.4922 0.6904 -0.5302
vn 0.8144 0.5437 -0.2028
vn 0.7794 0.5888 -0.2143
vn 0.9648 -0.1109 -0.2385
vn 0.9570 -0.0739 -0.2804
vn 0.8683 0.4327 -0.2427
vn 0.6806 -0.1372 -0.7197
vn 0.5789 0.5789 -0.5743
vn 0.2359 0.6909 -0.6834
vn 0.3557 -0.0157 -0.9345
vn 0.5042 -0.0487 -0.8622
vn 0.4473 0.4975 -0.7432
vn 0.7747 0.0275 -0.6317
vn 0.6811 -0.0402 -0.7311
vn 0.6074 0.4641 -0.6448
vn 0.5633 0.5777 -0.5907
vn 0.5343 0.2414 -0.8101
vn 0.5258 0.4606 -0.7151
vn 0.5973 -0.0648 -0.7994
vn 0.7722 0.4156 -0.4806
vn 0.8092 -0.2659 -0.5239
vn 0.7279 0.6062 -0.3205
vn 0.8883 0.4590 -0.0168
vn 0.9932 -0.1148 -0.0173
vn 0.9325 -0.0001 0.3611
vn 0.8246 0.5337 0.1874
vn 0.7924 0.1774 0.5836
vn 0.8214 -0.0142 0.5702
vn 0.8063 -0.0391 0.5901
vn 0.7111 0.4803 0.5134
vn 0.7139 0.5239 0.4647
vn 0.6144 0.4800 0.6262
vn 0.6937 -0.0455 0.7188
vn 0.4357 0.4901 0.7550
vn 0.4876 -0.0772 0.8696
vn 0.4124 0.6067 0.6796
vn 0.3496 0.4773 0.8062
vn 0.3834 -0.0392 0.9227
vn 0.5982 0.0698 0.7983
vn 0.5123 0.6118 0.6027
vn 0.8423 -0.0470 0.5370
vn 0.7550 0.4515 0.4754
vn 0.7456 0.4431 0.4978
vn 0.8186 -0.1039 0.5648
vn 0.6425 0.6564 0.3954
vn 0.5070 0.6771 0.5334
vn 0.6257 0.3224 0.7103
vn 0.5822 -0.4856 0.6521
vn 0.0585 -0.0208 0.9981
vn 0.0789 0.7315 0.6772
vn -0.3519 0.5994 0.7189
vn -0.4209 0.0671 0.9046
vn -0.1306 -0.0262 0.9911
vn -0.1009 0.4764 0.8734
vn 0.0679 0.4479 0.8915
vn 0.0577 -0.0363 0.9977
vn 0.0834 0.5715 0.8163
vn 0.0165 0.6776 0.7353
vn -0.0028 0.3308 0.9437
vn -0.0301 -0.4736 0.8802
vn -0.6170 0.5510 0.5618
vn -0.7124 0.0184 0.7015
vn -0.5140 0.6686 0.5373
vn -0.8032 0.5552 0.2160
vn -0.8465 0.0762 0.5269
vn -0.6760 0.6137 0.4079
vn -0.5781 0.0727 0.8127
vn -0.6213 -0.0151 0.7834
vn -0.5271 0.5031 0.6849
vn -0.6076 0.6231 0.4926
vn -0.7040 0.4564 0.5441
vn -0.7733 -0.2042 0.6002
vn -0.6999 0.6126 0.3672
vn -0.8256 0.3981 0.3998
vn -0.8629 -0.2609 0.4329
vn -0.8945 0.4379 0.0902
vn -0.9528 -0.2917 0.0846
vn -0.6792 0.7280 0.0931
vn -0.8189 0.4992 -0.2831
vn -0.9418 -0.0752 -0.3278
vn -0.7461 0.0240 -0.6655
vn -0.5357 0.7287 -0.4267
vn -0.5452 0.0820 -0.8343
vn -0.5365 -0.0125 -0.8438
vn -0.4599 0.4953 -0.7370
vn -0.5005 0.6229 -0.6013
vn -0.5466 0.4905 -0.6787
vn -0.6326 -0.0541 -0.7726
vn -0.7229 0.4940 -0.4832
vn -0.8621 -0.0344 -0.5055
vn -0.8087 0.5789 -0.1045
vn -0.8620 0.4902 -0.1286
vn -0.9886 -0.0191 -0.1495
vn -0.8221 0.5510 0.1429
vn -0.9255 0.3416 0.1638
vn -0.9624 -0.2104 0.1719
vn -0.4024 -0.0150 0.9153
vn -0.2548 0.5935 0.7635
vn 0.4474 0.6025 0.6610
vn 0.2936 0.6707 0.6812
vn 0.6068 0.5557 0.5683
vn 0.8456 0.0437 0.5320
vn 0.8643 -0.0296 0.5021
vn 0.7564 0.4693 0.4557
vn 0.7047 0.4114 0.5781
vn 0.7385 -0.1463 0.6581
vn 0.5903 0.4809 0.6483
vn 0.5936 -0.0859 0.8001
vn 0.6389 0.4181 0.6458
vn 0.4455 0.4378 0.7810
vn 0.3813 0.6236 0.6824
vn 0.5267 0.0316 0.8495
vn 0.4640 0.5926 0.6584
vn 0.7766 0.6067 0.1697
vn 0.8258 0.5483 0.1319
vn 0.7184 0.6844 0.1244
vn 0.9655 0.1687 0.1986
vn 0.9873 -0.1029 0.1208
vn 0.8783 0.4661 0.1063
vn 0.9940 0.0264 -0.1065
vn 0.7671 0.6114 -0.1941
vn 0.4522 0.8764 -0.1654
vn 0.7416 0.5920 -0.3154
vn 0.9418 -0.0272 -0.3352
vn 0.9184 -0.0436 -0.3932
vn 0.8143 0.4686 -0.3425
vn 0.7124 0.4645 -0.5261
vn 0.7990 -0.0411 -0.5999
vn 0.6125 0.0552 -0.7886
vn 0.3030 0.6151 -0.7279
vn 0.3702 0.0548 -0.9274
vn 0.1266 -0.0430 -0.9910
vn 0.1175 0.4849 -0.8667
vn -0.0001 0.3590 -0.9334
vn -0.0129 -0.4044 -0.9145
vn -0.3798 -0.6420 -0.6661
vn -0.3257 -0.6454 -0.6909
vn -0.0964 -0.7112 -0.6964
vn 0.6200 -0.7521 0.2236
vn 0.9308 -0.3655 -0.0106
vn 0.4981 -0.8510 0.1664
vn 0.3062 -0.8912 -0.3348
vn 0.0800 -0.9960 0.0405
vn 0.8514 -0.4747 -0.2232
vn 0.2352 -0.4141 0.8793
vn -0.3593 -0.0963 0.9282
vn -0.2160 -0.7874 0.5774
vn -0.7690 -0.3171 0.5550
vn -0.5712 -0.6739 0.4686
vn -0.3820 -0.6997 0.6037
vn -0.2125 -0.7150 0.6661
vn -0.2545 -0.4770 0.8412
vn -0.4276 -0.7579 0.4928
vn -0.5424 -0.6817 0.4910
vn -0.1981 -0.6436 0.7393
vn -0.0233 -0.3438 0.9388
vn 0.0953 -0.6722 0.7342
vn 0.4453 -0.8929 -0.0661
vn 0.6667 -0.2584 -0.6991
vn 0.7533 -0.0405 -0.6565
vn 0.0307 -0.6337 -0.7729
vn 0.2754 -0.7430 -0.6100
vn 0.3423 -0.6871 -0.6409
vn 0.0122 -0.3698 -0.9290
vn 0.2322 -0.7302 -0.6426
vn 0.8792 -0.1737 -0.4437
vn 0.6680 -0.6681 -0.3277
vn 0.9371 -0.3113 0.1580
vn 0.1848 -0.9827 0.0083
vn 0.6360 -0.2958 0.7127
vn 0.1448 -0.9719 0.1857
vn 0.0210 -0.3012 0.9533
vn -0.0685 -0.9752 0.2103
vn -0.3596 -0.7214 0.5918
vn -0.5720 -0.6780 0.4618
vn -0.2116 -0.3873 0.8973
vn 0.3162 -0.6338 0.7059
vn -0.1265 -0.7610 0.6363
vn -0.4476 -0.7074 0.5470
vn -0.6343 -0.5767 0.5149
vn -0.5705 -0.6336 0.5226
vn -0.8460 -0.4334 -0.3107
vn -0.6155 0.0622 -0.7857
vn -0.5674 -0.3769 -0.7321
vn -0.5875 -0.3415 -0.7336
vn -0.4629 -0.6941 -0.5513
vn -0.4725 -0.6774 -0.5638
vn -0.4540 -0.7009 -0.5501
vn -0.2947 -0.7295 -0.6172
vn -0.0888 -0.9093 -0.4065
vn -0.0607 -0.8269 -0.5591
vn 0.1049 -0.9831 -0.1499
vn 0.6636 -0.7276 -0.1740
vn 0.6975 -0.6888 -0.1974
vn 0.5046 -0.6336 -0.5865
vn 0.2768 -0.5174 -0.8098
vn 0.3036 -0.7548 -0.5815
vn 0.7357 -0.3511 -0.5792
vn 0.4671 -0.7073 -0.5305
vn 0.1408 -0.9512 -0.2744
vn 0.2062 -0.9783 -0.0209
vn 0.8942 -0.3690 0.2533
vn 0.8391 0.0378 0.5427
vn 0.7950 -0.2663 0.5450
vn 0.7064 -0.5168 0.4836
vn 0.5948 -0.6788 0.4307
vn 0.4805 -0.6839 0.5490
vn 0.2358 -0.8753 0.4222
vn 0.2701 -0.6850 0.6766
vn 0.5873 -0.3651 0.7223
vn 0.6063 -0.6935 0.3892
vn 0.3427 -0.9065 0.2467
vn 0.0412 -0.4946 0.8681
vn -0.4558 0.0579 0.8882
vn -0.4354 -0.4083 0.8023
vn -0.3970 -0.3835 0.8339
vn -0.1081 -0.6790 0.7261
vn 0.0674 -0.7565 0.6506
vn -0.3105 -0.9099 0.2752
vn -0.7973 -0.3246 0.5090
vn -0.5527 -0.3408 0.7606
vn -0.5259 -0.6182 0.5842
vn -0.2479 -0.9658 -0.0756
vn -0.6994 -0.4256 -0.5742
vn -0.5060 -0.3734 -0.7775
vn -0.4120 -0.6624 -0.6257
vn -0.3814 -0.8137 -0.4387
vn -0.6236 -0.6906 -0.3664
vn -0.7012 -0.7014 -0.1281
vn -0.3418 -0.3921 0.8541
vn 0.4856 0.0162 0.8740
vn 0.4840 -0.3493 0.8023
vn 0.4506 0.0354 0.8920
vn 0.4301 -0.3622 0.8269
vn 0.4096 -0.0131 0.9122
vn 0.3474 -0.5155 0.7834
vn 0.6704 0.0164 0.7418
vn 0.6104 -0.3591 0.7060
vn 0.7877 -0.3770 0.4872
vn 0.3603 -0.8839 0.2983
vn 0.4101 -0.7324 0.5436
vn 0.5373 -0.3700 0.7579
vn 0.8165 0.0272 0.5767
vn 0.7569 -0.3767 0.5340
vn 0.9730 -0.0273 0.2294
vn 0.8777 -0.4284 0.2148
vn 0.5367 -0.8438 0.0061
vn 0.9061 -0.3552 -0.2297
vn 0.9111 -0.0651 -0.4071
vn 0.7240 -0.6210 -0.3002
vn 0.6257 -0.7293 -0.2769
vn 0.5571 -0.7105 -0.4299
vn 0.5085 -0.4151 -0.7544
vn 0.3242 -0.4240 -0.8457
vn 0.1044 -0.8020 -0.5881
vn 0.0638 -0.9900 0.1255
vn 0.0493 -0.9096 0.4125
vn -0.1038 -0.9903 -0.0919
vn -0.2555 -0.9661 0.0379
vn 0.1138 -0.9934 -0.0143
vn -0.2670 -0.9633 0.0289
vn -0.3734 -0.9062 -0.1983
vn -0.0898 -0.9725 -0.2149
vn -0.2904 -0.9306 0.2228
vn -0.1387 -0.9815 0.1318
vn -0.0044 -0.9992 -0.0397
vn 0.0893 -0.9922 -0.0871
vn 0.0403 -0.9939 -0.1025
vn 0.0020 -0.9402 0.3406
vn 0.1464 -0.9096 0.3889
vn -0.0476 -0.9974 -0.0547
vn 0.0340 -0.9913 -0.1270
vn -0.0166 -0.9972 0.0723
vn -0.0254 -0.9983 0.0516
vn 0.0129 -0.9987 -0.0485
vn -0.0693 -0.9879 -0.1387
vn -0.1624 -0.9107 0.3797
vn -0.3540 -0.9187 0.1751
vn 0.2337 -0.9006 -0.3665
vn 0.1606 -0.9748 -0.1547
vn -0.0107 -0.9882 0.1529
vn -0.1198 -0.9892 -0.0841
vn 0.0301 -0.9626 -0.2693
vn 0.0936 -0.9712 -0.2190
vn -0.2901 -0.9295 0.2279
vn -0.1990 -0.9685 0.1498
vn -0.2649 -0.9518 0.1546
vn 0.3230 -0.9443 0.0634
vn 0.0955 -0.9903 0.1008
vn -0.2626 -0.9142 -0.3087
vn -0.0109 -0.9998 0.0163
vn -0.0345 -0.9993 -0.0173
vn 0.0181 -0.9993 0.0324
vn 0.0867 -0.9738 0.2102
vn -0.0150 -0.9836 0.1796
vn 0.0423 -0.9990 -0.0139
vn -0.0253 -0.9988 0.0428
vn 0.2784 -0.9448 -0.1727
vn 0.2428 -0.9637 0.1114
vn -0.0857 -0.9945 -0.0598
vn 0.2365 -0.9237 0.3015
vn -0.2093 -0.9519 -0.2238
vn -0.0759 -0.9614 -0.2643
vn -0.0118 -0.9954 -0.0948
vn -0.1061 -0.9778 0.1807
vn -0.0068 -0.9965 0.0837
vn -0.0233 -0.9608 -0.2763
vn -0.3690 -0.8998 0.2326
vn -0.2510 -0.9090 0.3327
vn 0.0588 -0.9876 -0.1458
vn -0.3213 -0.9150 0.2438
vn -0.3646 -0.9176 0.1582
vn 0.0591 -0.9980 -0.0216
vn 0.0574 -0.9970 0.0518
vn -0.0945 -0.9892 -0.1120
vn 0.0891 -0.9936 0.0698
vn 0.1089 -0.9940 0.0072
vn -0.4928 -0.8679 0.0624
vn -0.0444 -0.8982 0.4373
vn 0.1593 -0.9324 0.3244
vn 0.3214 -0.8982 0.2999
vn -0.2735 -0.9514 -0.1418
vn -0.0482 -0.9981 -0.0374
vn 0.2093 -0.9266 0.3125
vn 0.1962 -0.9724 0.1266
vn 0.3388 -0.9387 0.0642
vn -0.2136 -0.9732 0.0855
vn -0.1658 -0.9839 0.0673
vn -0.1325 -0.9876 0.0840
vn 0.0043 -0.9987 -0.0503
vn -0.0535 -0.9962 -0.0681
vn 0.5269 -0.3166 0.7888
vn 0.1821 -0.8383 0.5139
vn -0.7511 -0.6532 0.0960
vn -0.9188 -0.3471 -0.1877
vn -0.6228 -0.4557 0.6359
vn 0.1076 -0.3087 0.9451
vn -0.4942 -0.2934 0.8183
vn -0.7601 -0.6338 0.1435
vn 0.1129 -0.8577 -0.5017
vn 0.3679 -0.8616 -0.3498
vn 0.5846 -0.6560 -0.4774
vn 0.3550 -0.6580 -0.6641
vn 0.2360 -0.6299 -0.7400
vn 0.1936 -0.5775 -0.7931
vn 0.4765 -0.6731 -0.5656
vn 0.6996 -0.6505 -0.2957
vn 0.0284 -0.9627 -0.2690
vn -0.0466 -0.8479 -0.5280
vn -0.2760 -0.7368 -0.6172
vn -0.9008 -0.4212 0.1057
vn -0.0305 -0.9285 0.3701
vn -0.0731 -0.3537 0.9325
vn -0.3477 -0.6711 0.6547
vn -0.3421 -0.7314 0.5900
vn 0.1121 -0.8322 0.5430
vn -0.9112 -0.3543 -0.2103
vn -0.6178 -0.3788 -0.6891
vn -0.0594 -0.3193 -0.9458
vn 0.5545 -0.6799 -0.4799
vn -0.2790 -0.2916 -0.9150
vn 0.2731 -0.9146 -0.2981
vn 0.2914 -0.9167 -0.2734
vn 0.5671 -0.6937 -0.4440
vn 0.6191 -0.6574 -0.4295
vn 0.2457 -0.9241 0.2927
vn 0.4519 -0.6838 0.5729
vn 0.5172 -0.5773 0.6318
vn 0.5264 -0.5278 0.6665
vn 0.0078 -0.8441 0.5361
vn -0.0329 -0.6617 0.7490
vn -0.5395 -0.6043 0.5863
vn -0.3957 -0.9136 0.0938
vn -0.6690 -0.7183 0.1910
vn -0.1829 -0.9730 0.1409
vn -0.3898 -0.7083 0.5885
vn -0.5849 -0.5722 0.5749
vn -0.4656 -0.8268 0.3158
vn -0.9388 -0.3418 0.0428
vn -0.4503 -0.8813 -0.1432
vn -0.3481 -0.9131 -0.2125
vn -0.5798 -0.6974 -0.4213
vn -0.5043 -0.6901 -0.5191
vn -0.3010 -0.8292 -0.4710
vn -0.2225 -0.9355 -0.2746
vn -0.6112 -0.6819 -0.4019
vn -0.4402 -0.8466 -0.2993
vn 0.3127 -0.5994 -0.7369
vn 0.0873 -0.7227 -0.6856
vn -0.0807 -0.5231 -0.8485
vn 0.2936 -0.8960 -0.3331
vn 0.2617 -0.9458 -0.1921
vn 0.3114 -0.9161 -0.2527
vn 0.4046 -0.7398 -0.5376
vn 0.3799 -0.9041 -0.1956
vn 0.8792 -0.3790 0.2888
vn 0.4718 -0.5469 0.6916
vn 0.1881 -0.9388 0.2887
vn 0.4693 -0.8820 -0.0430
vn 0.1594 -0.8364 -0.5244
vn -0.2764 -0.8589 -0.4313
vn -0.2519 -0.9260 -0.2811
vn -0.4616 -0.8349 -0.2998
vn -0.4523 -0.6897 -0.5655
vn -0.2515 -0.9164 -0.3113
vn -0.6706 -0.6065 -0.4271
vn -0.3906 -0.9152 -0.0988
vn -0.5417 -0.8393 -0.0461
vn -0.3732 -0.9254 0.0662
vn -0.1485 -0.9226 0.3560
vn -0.1138 -0.6597 0.7429
vn -0.0744 -0.4753 0.8767
vn 0.3924 -0.3017 0.8689
vn 0.7750 -0.0192 -0.6317
vn 0.5414 -0.0180 -0.8406
vn 0.2854 -0.0108 -0.9583
vn 0.6551 0.0419 -0.7543
vn 0.1838 -0.3866 -0.9038
vn -0.1323 -0.0197 -0.9910
vn -0.3652 0.0093 0.9309
vn -0.6188 0.0305 0.7849
vn -0.4811 0.0024 0.8767
vn 0.0048 -0.4186 0.9081
vn 0.2001 -0.3841 -0.9013
vn 0.4589 -0.3933 -0.7967
vn 0.6400 -0.3581 -0.6798
vn 0.7985 -0.0745 -0.5973
vn 0.7067 -0.3701 -0.6029
vn 0.5927 -0.3886 0.7054
vn 0.3726 -0.4002 0.8373
vn 0.1899 -0.3852 0.9031
vn -0.0301 -0.0098 0.9995
vn -0.0163 -0.3224 0.9465
vn -0.9127 -0.3257 0.2467
vn -0.9573 0.0559 0.2838
vn -0.6153 -0.3819 0.6896
vn -0.5419 0.0081 0.8404
vn -0.7315 -0.3666 0.5750
vn -0.5569 -0.3708 0.7432
vn -0.8964 -0.3356 -0.2896
vn -0.7942 -0.3789 -0.4751
vn -0.7848 -0.3308 -0.5240
vn -0.7872 0.0221 -0.6163
vn -0.6851 0.0065 -0.7284
vn -0.4976 -0.0021 -0.8674
vn -0.3744 -0.2601 -0.8900
vn -0.6201 -0.3846 -0.6838
vn -0.8437 0.0110 -0.5367
vn 0.3890 -0.4234 -0.8182
vn 0.1730 -0.0554 -0.9834
vn 0.6571 -0.3745 -0.6542
vn 0.7680 -0.3978 -0.5019
vn 0.5573 -0.2770 -0.7828
vn 0.6318 -0.0212 -0.7749
vn 0.7525 -0.3614 -0.5506
vn 0.8500 -0.3745 -0.3705
vn 0.9036 -0.4240 -0.0617
vn 0.6907 -0.4276 0.5832
vn 0.5449 -0.3944 0.7399
vn 0.7581 -0.4210 0.4980
vn 0.8753 -0.4651 0.1325
vn 0.2471 0.2413 -0.9385
vn -0.5831 -0.3953 -0.7097
vn -0.8005 -0.3676 -0.4733
vn -0.8536 -0.0245 -0.5204
vn -0.6934 -0.3878 -0.6073
vn -0.5923 -0.0015 -0.8057
vn -0.5305 -0.3475 -0.7732
vn -0.9027 -0.3886 -0.1847
vn -0.9963 -0.0193 -0.0841
vn -0.9218 -0.3523 0.1618
vn -0.8633 -0.3856 0.3255
vn -0.8577 -0.3853 0.3404
vn -0.7431 -0.4047 0.5330
vn -0.5161 -0.4343 0.7383
vn -0.3070 -0.3637 0.8794
vn -0.0838 -0.0045 0.9965
vn -0.0470 0.9896 -0.1360
vn -0.0677 0.9977 -0.0011
vn 0.7106 0.6969 0.0968
vn -0.0338 0.9992 -0.0195
vn -0.2827 0.8683 -0.4075
vn 0.1618 0.8949 0.4158
vn -0.0933 0.8838 -0.4584
vn 0.0784 0.9876 0.1363
vn -0.1449 0.7457 -0.6503
vn -0.2485 0.8669 -0.4321
vn 0.0794 0.9873 0.1374
vn -0.0186 0.9917 0.1271
vn 0.3025 0.8881 -0.3460
vn -0.2007 0.9532 0.2260
vn -0.4227 0.8797 0.2177
vn 0.3190 0.8988 -0.3006
vn 0.5266 0.8105 -0.2564
vn 0.4480 0.8752 -0.1825
vn -0.2695 0.9581 0.0973
vn -0.1678 0.9752 0.1446
vn 0.3865 0.8537 -0.3489
vn -0.2624 0.9410 0.2136
vn 0.3516 0.8866 -0.3005
vn 0.0823 0.9959 -0.0377
vn -0.0956 0.9954 0.0004
vn 0.3929 0.8841 0.2529
vn -0.2616 0.9470 -0.1862
vn -0.2111 0.9379 -0.2754
vn -0.1054 0.9509 -0.2911
vn 0.0652 0.9825 0.1746
vn 0.3133 0.7192 0.6201
vn -0.0789 0.9846 -0.1559
vn 0.0321 0.9977 0.0602
vn -0.3875 0.6984 -0.6017
vn 0.0219 0.9927 0.1188
vn -0.0038 1.0000 -0.0072
vn -0.3396 0.8790 0.3347
vn 0.2096 0.9472 -0.2426
vn -0.1272 0.9883 0.0843
vn 0.5252 0.7760 -0.3494
vn 0.4222 0.8142 -0.3986
vn -0.3039 0.9290 0.2110
vn 0.0869 0.9939 -0.0672
vn 0.0914 0.9957 0.0148
vn -0.1804 0.9459 -0.2698
vn 0.3761 0.7516 0.5419
vn 0.1145 0.9750 0.1903
vn -0.2544 0.8438 -0.4725
vn -0.1474 0.9851 -0.0885
vn 0.4822 0.7950 0.3681
vn -0.0259 0.9993 -0.0252
vn 0.0726 0.9798 0.1863
vn 0.0017 0.8758 -0.4827
vn -0.0140 0.9495 0.3134
vn 0.0148 0.9669 0.2549
vn 0.0132 0.8751 -0.4837
vn -0.0115 0.9937 0.1117
vn 0.0550 0.7740 0.6308
vn -0.0583 0.9887 0.1377
vn 0.3007 0.8723 -0.3855
vn -0.1694 0.9579 0.2318
vn -0.2521 0.9595 0.1260
vn -0.5310 0.6506 0.5430
vn 0.5477 0.8063 -0.2234
vn 0.5347 0.8429 -0.0599
vn -0.2580 0.9656 0.0314
vn -0.7527 0.6536 0.0790
vn 0.5092 0.8567 -0.0824
vn 0.3115 0.9455 -0.0947
vn -0.6562 0.7233 0.2152
vn -0.5213 0.7370 0.4302
vn 0.2419 0.9499 -0.1977
vn -0.0664 0.9962 0.0571
vn -0.0111 0.9999 0.0025
vn 0.5212 0.8307 0.1959
vn -0.3658 0.8982 -0.2439
vn 0.3432 0.8606 0.3762
vn -0.1546 0.9490 -0.2748
vn 0.2163 0.8909 0.3994
vn -0.1297 0.9720 -0.1957
vn 0.2609 0.8417 0.4727
vn 0.2700 0.9191 0.2870
vn -0.4659 0.7892 -0.4002
vn -0.2876 0.9162 -0.2792
vn 0.4039 0.8558 0.3232
vn 0.3536 0.8872 0.2963
vn -0.1430 0.9228 -0.3577
vn 0.4450 0.7071 0.5495
vn 0.0314 0.8828 0.4688
vn 0.0722 0.7721 -0.6314
vn 0.0339 0.7757 -0.6302
vn 0.0100 0.9996 -0.0254
vn -0.0013 1.0000 0.0024
vn -0.3746 0.8489 0.3729
vn 0.3364 0.9090 -0.2460
vn -0.4612 0.8500 0.2545
vn 0.2121 0.9679 -0.1348
vn -0.4233 0.8701 0.2523
vn -0.1229 0.9864 0.1096
vn 0.4640 0.7881 -0.4044
vn 0.5738 0.7538 -0.3204
vn -0.0628 0.9978 0.0201
vn 0.6220 0.7629 -0.1761
vn 0.1450 0.9892 0.0202
vn -0.0730 0.9970 -0.0245
vn -0.3638 0.8425 -0.3974
vn 0.2151 0.9048 0.3675
vn -0.1283 0.8743 -0.4682
vn 0.0869 0.9675 0.2376
vn -0.1795 0.8948 -0.4088
vn 0.1425 0.9686 0.2038
vn -0.2966 0.8867 -0.3546
vn 0.5552 0.7501 0.3594
vn 0.1055 0.9917 0.0737
vn -0.4305 0.8489 -0.3066
vn -0.1532 0.9723 -0.1765
vn 0.4330 0.6779 0.5942
vn 0.2759 0.6836 0.6757
vn -0.0698 0.9688 -0.2379
vn -0.0902 0.8800 -0.4664
vn 0.0369 0.9605 0.2758
vn 0.0257 0.9861 0.1641
vn -0.1498 0.7950 -0.5878
vn 0.1067 0.6610 0.7428
vn 0.0317 0.9962 0.0809
vn 0.2033 0.8420 -0.4997
vn -0.1449 0.9385 0.3134
vn 0.0660 0.9965 -0.0512
vn -0.6290 0.5817 0.5158
vn 0.2965 0.8994 -0.3213
vn -0.2377 0.9407 0.2422
vn -0.6016 0.7833 0.1562
vn 0.4143 0.9039 -0.1063
vn 0.3500 0.9292 -0.1188
vn 0.4849 0.8682 -0.1056
vn -0.5449 0.8304 0.1164
vn -0.5653 0.7735 0.2864
vn -0.5477 0.7705 0.3261
vn 0.3103 0.9460 -0.0937
vn -0.3883 0.9119 0.1325
vn -0.1340 0.9909 -0.0095
vn -0.1548 0.9842 -0.0859
vn 0.2755 0.8913 0.3602
vn -0.2298 0.9226 -0.3098
vn 0.0947 0.9846 0.1468
vn -0.3273 0.7896 -0.5190
vn -0.5379 0.6704 -0.5111
vn -0.0014 1.0000 0.0040
vn 0.4843 0.7315 0.4800
vn -0.4958 0.7035 -0.5092
vn -0.3205 0.7738 -0.5463
vn -0.1333 0.9211 -0.3659
vn 0.1206 0.9164 0.3816
vn -0.0048 0.9692 0.2462
vn -0.0192 0.6786 -0.7342
vn -0.1406 0.8874 0.4390
vn 0.0893 0.9532 -0.2888
vn -0.0641 0.9772 0.2025
vn -0.2969 0.7232 0.6236
vn 0.2300 0.7923 -0.5651
vn 0.1281 0.9409 -0.3136
vn -0.1299 0.9211 0.3671
vn 0.0833 0.9933 -0.0800
vn 0.0880 0.9943 -0.0607
vn -0.6322 0.7162 0.2957
vn -0.1382 0.9865 0.0882
vn 0.5808 0.7543 -0.3061
vn 0.5273 0.7672 -0.3653
vn -0.0140 0.9996 0.0229
vn -0.5762 0.6865 0.4434
vn 0.5619 0.6910 -0.4548
vn 0.0568 0.9974 -0.0449
vn -0.0587 0.9980 -0.0253
vn -0.3359 0.7951 -0.5050
vn 0.1862 0.9097 0.3713
vn -0.1409 0.8775 -0.4583
vn -0.1034 0.9355 -0.3378
vn 0.1917 0.8131 0.5497
vn 0.5522 0.5497 0.6269
vn -0.2664 0.9495 -0.1656
vn -0.3627 0.7390 -0.5676
vn -0.5177 0.7193 -0.4632
vn 0.5434 0.7611 0.3543
vn 0.2185 0.9611 0.1687
vn -0.3520 0.8990 -0.2604
vn -0.3627 0.8615 -0.3554
vn 0.2909 0.8908 0.3490
vn -0.2139 0.8986 -0.3832
vn 0.1075 0.9663 0.2341
vn -0.1990 0.8688 -0.4535
vn 0.0903 0.9543 0.2847
vn -0.1021 0.8872 -0.4500
vn 0.0261 0.9816 0.1892
vn -0.0023 0.6504 0.7596
vn -0.1454 0.8466 -0.5120
vn -0.0378 0.9834 0.1775
vn 0.2307 0.4684 0.8529
vn -0.7649 0.6167 -0.1860
vn -0.9872 -0.0700 -0.1436
vn -0.7913 0.3373 -0.5100
vn -0.5055 0.2709 -0.8192
vn -0.1780 0.2981 -0.9378
vn -0.5146 0.2910 -0.8066
vn -0.4706 0.6573 -0.5886
vn 0.0198 0.9969 0.0766
vn -0.4086 0.2772 -0.8696
vn 0.1408 0.2628 -0.9545
vn 0.6503 0.2693 -0.7104
vn 0.6857 0.4089 -0.6021
vn 0.7334 0.2316 -0.6391
vn 0.8525 0.4964 -0.1640
vn 0.9094 0.2660 -0.3198
vn 0.7036 0.2613 -0.6609
vn 0.7163 0.2458 -0.6530
vn 0.9451 -0.1125 -0.3069
vn 0.9457 0.2929 0.1406
vn 0.7948 0.3016 0.5266
vn 0.5072 0.5977 0.6208
vn 0.2542 0.3267 0.9103
vn 0.1119 0.6060 0.7876
vn 0.4168 0.6280 0.6572
vn 0.3658 0.1478 0.9189
vn 0.2955 0.6188 0.7278
vn -0.0415 0.9965 -0.0729
vn 0.3507 0.2773 0.8945
vn -0.1332 -0.1351 0.9818
vn -0.6687 0.3029 0.6790
vn -0.7168 0.4767 0.5088
vn -0.8332 0.0642 0.5492
vn -0.5510 0.6031 0.5767
vn -0.5927 0.5767 0.5622
vn 0.0704 0.9970 -0.0321
vn -0.8502 0.2975 0.4343
vn -0.9904 -0.1250 0.0589
vn -0.0565 0.9983 0.0136
vn -0.8598 0.2617 -0.4384
vn -0.4698 0.4036 -0.7851
vn -0.4787 0.2408 -0.8443
vn -0.6683 0.5684 -0.4799
vn -0.8108 0.2538 -0.5274
vn -0.3579 0.6367 -0.6830
vn 0.0312 0.2727 -0.9616
vn 0.0253 0.2671 -0.9633
vn -0.1213 0.3762 -0.9185
vn -0.1321 0.2799 -0.9509
vn 0.0252 0.6527 -0.7572
vn 0.2547 0.6551 -0.7114
vn 0.5775 0.1912 -0.7937
vn 0.6115 0.3000 -0.7321
vn 0.5163 0.5919 -0.6189
vn 0.9698 0.2248 -0.0947
vn 0.9547 0.2799 -0.1010
vn 0.9064 0.2969 -0.3005
vn 0.6905 0.5984 -0.4064
vn 0.7118 0.3181 -0.6262
vn 0.7269 0.2885 -0.6232
vn 0.9437 -0.1575 -0.2908
vn 0.8784 -0.1568 0.4516
vn 0.6543 0.2935 0.6969
vn 0.4818 0.2580 0.8374
vn 0.4752 0.2527 0.8428
vn 0.6894 0.0723 0.7208
vn 0.7651 0.2545 0.5915
vn 0.7333 0.2768 0.6210
vn 0.5724 0.1387 0.8082
vn 0.2716 0.2340 0.9335
vn -0.0894 0.2603 0.9614
vn -0.0951 0.5780 0.8105
vn -0.0358 0.6187 0.7848
vn 0.0026 0.9906 -0.1366
vn -0.0485 0.6396 0.7672
vn -0.3865 0.3298 0.8613
vn -0.7248 0.2798 0.6296
vn -0.8534 0.1361 0.5032
vn -0.8259 0.2816 0.4884
vn -0.6029 0.5981 0.5280
vn -0.5559 0.6897 0.4641
vn -0.7613 0.5479 0.3467
vn -0.7999 0.1060 0.5907
vn -0.7782 0.5837 0.2317
vn -0.7608 0.6475 -0.0440
vn -0.9371 -0.1175 -0.3287
vn -0.5984 -0.1597 -0.7851
vn -0.2427 0.4632 -0.8524
vn -0.3130 0.3399 -0.8868
vn -0.6178 0.2682 -0.7392
vn -0.7902 0.2643 -0.5529
vn -0.6357 0.6255 -0.4523
vn -0.6002 0.3071 -0.7385
vn -0.3639 0.2740 -0.8902
vn -0.1494 0.3032 -0.9412
vn -0.1605 0.0145 -0.9869
vn -0.3470 0.0822 -0.9342
vn -0.2435 0.2976 -0.9231
vn 0.4197 -0.0219 -0.9074
vn 0.4971 0.5871 -0.6389
vn 0.6891 0.0832 -0.7199
vn 0.9419 0.2533 -0.2207
vn 0.9438 0.2852 -0.1672
vn 0.9391 0.0615 -0.3381
vn 0.7116 0.5946 -0.3742
vn 0.6758 0.6182 -0.4014
vn 0.8503 0.3282 -0.4114
vn 0.8084 0.5661 -0.1614
vn 0.7651 0.6439 -0.0030
vn 0.6808 0.6509 0.3358
vn 0.6715 0.2522 0.6968
vn 0.4782 0.0794 0.8747
vn 0.4829 0.4499 0.7513
vn 0.5837 0.5406 0.6059
vn 0.3952 0.5649 0.7244
vn 0.5929 -0.1785 0.7852
vn 0.4310 0.1185 0.8945
vn 0.2069 0.4468 0.8704
vn 0.0532 0.3057 0.9507
vn -0.2040 0.2732 0.9401
vn -0.4542 0.1884 0.8707
vn -0.2544 0.4327 0.8649
vn -0.3505 0.4423 0.8256
vn -0.5120 0.6508 0.5606
vn -0.6591 0.6316 0.4083
vn -0.6854 0.5762 0.4453
vn -0.8302 0.0143 0.5574
vn -0.7357 0.2645 0.6235
vn -0.9442 -0.1778 0.2772
vn 0.0306 0.9987 -0.0415
vn -0.8037 -0.1073 -0.5853
vn -0.5690 -0.1002 -0.8162
vn -0.3138 0.2901 -0.9041
vn -0.3047 0.2805 -0.9102
vn -0.6772 0.0302 -0.7352
vn -0.8449 0.3020 -0.4415
vn -0.7351 0.3690 -0.5687
vn -0.6736 0.1503 -0.7237
vn -0.6490 0.2858 -0.7050
vn -0.4835 0.2557 -0.8371
vn -0.4276 0.2697 -0.8628
vn -0.2837 0.3197 -0.9040
vn 0.0361 0.1652 -0.9856
vn -0.0812 0.4220 -0.9030
vn -0.3465 0.3108 -0.8851
vn -0.5388 0.2101 -0.8159
vn -0.9629 -0.1605 -0.2169
vn -0.6992 -0.5374 -0.4714
vn -0.4332 -0.5555 -0.7097
vn -0.1544 -0.3886 -0.9084
vn -0.2191 -0.0992 -0.9706
vn -0.4787 -0.4740 -0.7390
vn -0.6280 -0.1637 -0.7608
vn 0.5668 -0.5309 -0.6300
vn 0.6704 -0.4722 -0.5724
vn 0.5108 -0.7064 -0.4900
vn 0.8970 -0.1100 -0.4281
vn 0.8137 -0.4962 -0.3028
vn 0.6532 -0.4677 -0.5955
vn 0.5185 -0.7088 -0.4784
vn 0.7102 -0.5283 0.4653
vn 0.5868 -0.1432 0.7969
vn 0.1487 -0.6309 0.7615
vn 0.1556 -0.1263 0.9797
vn 0.4536 -0.1385 0.8804
vn 0.5449 -0.1372 0.8272
vn 0.3935 -0.2054 0.8961
vn -0.5634 -0.5666 0.6013
vn -0.6977 -0.4124 0.5858
vn -0.7282 -0.4690 0.4997
vn -0.6791 -0.1333 0.7219
vn -0.6725 -0.2807 0.6848
vn -0.4589 -0.4237 -0.7810
vn -0.4254 -0.4934 -0.7587
vn -0.8110 -0.2541 -0.5270
vn -0.5870 -0.7248 -0.3608
vn -0.3998 -0.5874 -0.7036
vn 0.0609 -0.4122 -0.9091
vn 0.0166 -0.4844 -0.8747
vn -0.1216 -0.4407 -0.8894
vn -0.1039 -0.0454 -0.9936
vn 0.0528 -0.1213 -0.9912
vn 0.3313 -0.1518 -0.9312
vn 0.4459 -0.6653 -0.5989
vn 0.5640 -0.4702 -0.6788
vn 0.6421 -0.1368 -0.7543
vn 0.9015 -0.1362 -0.4108
vn 0.7643 -0.6410 -0.0703
vn 0.8604 -0.4986 -0.1051
vn 0.8207 -0.5051 -0.2671
vn 0.8472 -0.1743 -0.5019
vn 0.6612 -0.4874 -0.5702
vn 0.6024 -0.5170 0.6081
vn 0.5308 -0.3194 0.7850
vn 0.3056 -0.6812 0.6653
vn 0.4303 -0.4784 0.7655
vn 0.6519 -0.5824 0.4857
vn 0.7253 -0.4176 0.5473
vn 0.4129 -0.5201 0.7476
vn 0.1475 -0.7051 0.6936
vn -0.0858 -0.1430 0.9860
vn -0.1241 -0.1367 0.9828
vn -0.0415 -0.1438 0.9887
vn -0.0589 -0.1406 0.9883
vn -0.3685 -0.5449 0.7532
vn -0.6460 -0.5262 0.5530
vn -0.7238 -0.5655 0.3952
vn -0.7432 -0.4980 0.4469
vn -0.7425 -0.1314 0.6569
vn -0.9044 -0.0978 0.4153
vn -0.6912 -0.4488 0.5664
vn -0.9488 -0.1245 0.2903
vn -0.9926 -0.1109 -0.0493
vn -0.2412 -0.3154 -0.9178
vn -0.2881 -0.6283 -0.7227
vn -0.5540 -0.4928 -0.6710
vn -0.7026 -0.5117 -0.4945
vn -0.7897 -0.1206 -0.6016
vn -0.5126 -0.5322 -0.6738
vn -0.2994 -0.6952 -0.6534
vn -0.1160 -0.4367 -0.8921
vn 0.6040 -0.1471 -0.7833
vn 0.2663 -0.8175 -0.5106
vn 0.8276 -0.5229 -0.2042
vn 0.8455 -0.5133 -0.1469
vn 0.8805 -0.1628 -0.4453
vn 0.8133 -0.3149 -0.4892
vn 0.7719 -0.5020 -0.3901
vn 0.9705 -0.1569 -0.1832
vn 0.9909 -0.1345 -0.0038
vn 0.8918 -0.1695 0.4195
vn 0.6179 -0.4471 0.6468
vn 0.4063 -0.5052 0.7614
vn 0.4876 -0.4613 0.7413
vn 0.7125 -0.0869 0.6963
vn 0.7114 -0.3511 0.6087
vn 0.5062 -0.1391 0.8511
vn 0.2265 -0.1225 0.9663
vn 0.0401 -0.5297 0.8472
vn -0.1813 -0.5081 0.8420
vn -0.4082 -0.4408 0.7994
vn -0.4233 -0.1446 0.8944
vn -0.2433 -0.4574 0.8553
vn -0.3837 -0.3040 0.8720
vn -0.6709 -0.1425 0.7278
vn -0.8432 -0.1509 0.5161
vn -0.8720 -0.1017 0.4788
vn -0.7177 -0.1665 0.6761
vn -0.2577 -0.4786 -0.8394
vn -0.2803 -0.4852 -0.8282
vn -0.5183 -0.1271 -0.8457
vn -0.7943 -0.2553 -0.5513
vn -0.7579 -0.4343 -0.4868
vn -0.6018 -0.5048 -0.6189
vn -0.3780 -0.6764 -0.6321
vn -0.3962 -0.3878 -0.8323
vn -0.2950 -0.5161 -0.8042
vn 0.0255 -0.3972 -0.9174
vn 0.0186 -0.1730 -0.9847
vn -0.2303 -0.4021 -0.8862
vn -0.5639 -0.8112 -0.1549
vn 0.0720 -0.9936 -0.0876
vn 0.0090 -0.9999 0.0129
vn 0.0262 -0.9994 0.0227
vn -0.1392 -0.7813 -0.6085
vn -0.1149 -0.9586 -0.2607
vn -0.4048 -0.7891 -0.4621
vn -0.2459 -0.7010 -0.6694
vn 0.0618 -0.9924 -0.1062
vn -0.0145 -0.9998 0.0148
vn 0.5042 -0.8385 -0.2065
vn 0.1302 -0.9902 -0.0511
vn 0.2281 -0.9468 -0.2269
vn 0.0475 -0.9987 -0.0196
vn 0.1849 -0.9823 0.0303
vn -0.0193 -0.9997 -0.0156
vn 0.3611 -0.8271 0.4307
vn 0.0990 -0.7677 0.6331
vn 0.2092 -0.9003 0.3817
vn 0.3382 -0.8055 0.4866
vn 0.2157 -0.8024 0.5564
vn 0.2300 -0.7034 0.6726
vn -0.0119 -0.9992 -0.0373
vn 0.0182 -0.9998 -0.0067
vn -0.2060 -0.9672 0.1487
vn -0.4932 -0.7583 0.4263
vn -0.3883 -0.8340 0.3919
vn -0.5260 -0.8098 0.2599
vn -0.0287 -0.9994 0.0175
vn -0.1725 -0.9783 -0.1151
vn -0.1214 -0.9789 -0.1644
vn -0.0731 -0.9831 -0.1677
vn -0.4454 -0.8290 -0.3381
vn 0.0537 -0.9808 0.1873
vn -0.0226 -0.9535 -0.3004
vn -0.0465 -0.6787 -0.7329
vn 0.1938 -0.8448 -0.4987
vn 0.4026 -0.8024 -0.4406
vn 0.4973 -0.8322 -0.2453
vn 0.1185 -0.9928 -0.0189
vn 0.1172 -0.9925 -0.0349
vn 0.3742 -0.8941 -0.2460
vn 0.5182 -0.7506 -0.4100
vn -0.0162 -0.9997 0.0182
vn 0.0327 -0.9993 0.0179
vn 0.0011 -1.0000 0.0028
vn 0.1578 -0.9531 0.2584
vn 0.3296 -0.8809 0.3395
vn 0.3914 -0.8499 0.3529
vn 0.1049 -0.9831 0.1500
vn -0.0699 -0.7943 0.6034
vn -0.0211 -0.7973 0.6032
vn -0.0507 -0.7205 0.6915
vn 0.0194 -0.9993 -0.0320
vn -0.0059 -1.0000 0.0054
vn -0.2163 -0.9672 0.1336
vn -0.2434 -0.9594 0.1421
vn -0.4547 -0.7877 0.4156
vn -0.3827 -0.8898 0.2485
vn -0.5512 -0.8330 0.0477
vn -0.0444 -0.9990 -0.0046
vn 0.0011 -0.9998 -0.0183
vn -0.0119 -0.9991 -0.0405
vn -0.0949 -0.9914 -0.0900
vn -0.1736 -0.9793 -0.1041
vn -0.4483 -0.7968 -0.4053
vn 0.0073 -0.9999 -0.0079
vn 0.1100 -0.9466 0.3031
vn -0.0943 -0.8754 -0.4740
vn -0.2363 -0.7555 -0.6110
vn -0.1429 -0.8172 -0.5583
vn 0.3627 -0.7800 -0.5099
vn 0.3998 -0.8204 -0.4088
vn -0.0027 -0.9999 -0.0102
vn 0.0982 -0.9952 -0.0047
vn 0.4542 -0.8729 -0.1783
vn 0.5886 -0.7512 -0.2987
vn 0.2633 -0.9508 -0.1634
vn 0.2800 -0.9529 -0.1166
vn 0.6532 -0.7566 -0.0300
vn 0.5331 -0.7826 0.3214
vn 0.1488 -0.9683 0.2005
vn 0.1610 -0.9600 0.2292
vn 0.4533 -0.7801 0.4313
vn 0.3848 -0.8310 0.4016
vn 0.3371 -0.7416 0.5800
vn 0.1674 -0.8100 0.5620
vn 0.0048 -0.9999 0.0150
vn -0.0581 -0.9759 0.2104
vn -0.1733 -0.8962 0.4085
vn -0.1977 -0.8590 0.4723
vn -0.3993 -0.7883 0.4681
vn -0.5205 -0.7998 0.2989
vn -0.4068 -0.8823 0.2367
vn -0.5352 -0.7368 0.4133
vn -0.5244 -0.7389 0.4231
vn 0.0564 -0.9975 -0.0430
vn -0.0179 -0.9995 -0.0278
vn -0.1200 -0.9436 -0.3086
vn -0.1213 -0.9504 -0.2865
vn -0.4002 -0.7624 -0.5086
vn -0.3496 -0.9016 -0.2549
vn -0.3738 -0.8871 -0.2709
vn -0.1709 -0.9664 -0.1921
vn -0.2220 -0.8630 -0.4538
vn -0.1117 -0.9257 -0.3615
vn -0.0402 -0.7972 -0.6024
vn -0.2895 -0.7701 -0.5684
vn -0.2139 -0.9750 -0.0600
vn 0.1938 -0.9797 0.0523
vn 0.1318 -0.8229 0.5526
vn 0.1397 -0.9520 0.2724
vn 0.2816 -0.8716 0.4012
vn -0.3334 -0.9270 0.1716
vn -0.3943 -0.8304 0.3937
vn -0.1365 -0.9855 0.1007
vn -0.2036 -0.9276 -0.3133
vn -0.1260 -0.9346 -0.3327
vn -0.2290 -0.8935 -0.3864
vn -0.0353 -0.9952 -0.0917
vn 0.4565 -0.8384 -0.2979
vn 0.0750 -0.9963 -0.0430
vn 0.1135 -0.9863 -0.1201
vn 0.4692 -0.8482 -0.2458
vn 0.3992 -0.7448 0.5347
vn 0.0986 -0.9909 0.0916
vn 0.1119 -0.9903 0.0830
vn 0.0322 -0.8304 0.5563
vn -0.0576 -0.9504 0.3056
vn 0.0599 -0.8651 0.4981
vn -0.0735 -0.9943 0.0768
vn -0.3893 -0.7850 0.4818
vn -0.2702 -0.9602 0.0706
vn -0.4760 -0.8208 0.3159
vn -0.3157 -0.8997 0.3014
vn -0.0903 -0.9760 -0.1983
vn -0.2388 -0.8789 -0.4130
vn -0.3574 -0.8809 -0.3102
vn -0.1231 -0.9860 -0.1125
vn -0.3495 -0.7677 -0.5371
vn -0.0124 -0.9745 -0.2239
vn 0.0069 -0.9926 -0.1216
vn 0.4727 -0.8386 -0.2708
vn 0.4232 -0.8656 -0.2676
vn 0.0997 -0.9916 -0.0822
vn 0.2115 -0.9691 -0.1269
vn 0.3818 -0.9198 -0.0901
vn 0.0363 -0.9966 0.0741
vn 0.1555 -0.9805 0.1198
vn 0.0975 -0.8435 0.5283
vn 0.1232 -0.9080 0.4004
vn 0.1359 -0.8543 0.5017
vn -0.1207 -0.9663 0.2273
vn -0.0519 -0.9961 0.0710
vn -0.1483 -0.9780 0.1464
vn -0.4255 -0.8864 0.1823
vn -0.4335 -0.8589 0.2727
vn -0.3907 -0.9113 0.1297
vn -0.3051 -0.9498 -0.0692
vn -0.2847 -0.8743 -0.3931
vn -0.2788 -0.8633 -0.4207
vn -0.4281 -0.8072 -0.4064
vn -0.1171 -0.9836 -0.1374
vn -0.0652 -0.9789 -0.1936
vn -0.2747 -0.8383 -0.4709
vn 0.1724 -0.8208 -0.5445
vn 0.1615 -0.8833 -0.4401
vn 0.0853 -0.9829 -0.1632
vn 0.2615 -0.9401 -0.2186
vn 0.3902 -0.8939 -0.2207
vn 0.1406 -0.9833 -0.1153
vn 0.1323 -0.9838 -0.1213
vn 0.1850 -0.9292 0.3199
vn 0.1737 -0.9084 0.3803
vn 0.0897 -0.9934 0.0711
vn 0.5170 -0.8098 0.2773
vn 0.1434 -0.9830 0.1150
vn 0.3679 -0.8555 0.3643
vn 0.0694 -0.9879 0.1389
vn 0.0610 -0.9910 0.1188
vn 0.0288 -0.9244 0.3804
vn 0.0082 -0.9937 0.1116
vn 0.7743 -0.6014 0.1968
vn 0.7981 -0.6003 0.0515
vn 0.6381 -0.6288 0.4444
vn 0.4318 -0.6237 0.6516
vn 0.1878 -0.5316 0.8259
vn 0.1538 -0.6111 0.7765
vn 0.3864 -0.5393 0.7482
vn 0.4720 -0.6145 0.6321
vn 0.2575 -0.6205 0.7407
vn -0.0702 -0.6474 0.7589
vn -0.4790 -0.6239 0.6175
vn -0.5694 -0.6482 0.5056
vn -0.6875 -0.6432 0.3371
vn -0.7516 -0.6439 0.1431
vn -0.6780 -0.6716 0.2987
vn -0.6057 -0.5878 0.5363
vn -0.7553 -0.6214 0.2083
vn -0.7598 -0.6469 -0.0647
vn -0.6585 -0.6390 -0.3976
vn -0.4693 -0.6366 -0.6120
vn -0.1734 -0.6395 -0.7490
vn -0.1001 -0.6372 -0.7642
vn -0.3297 -0.5473 -0.7693
vn -0.4423 -0.6159 -0.6520
vn -0.2483 -0.6281 -0.7374
vn -0.2852 -0.5606 -0.7774
vn -0.2451 -0.6385 -0.7295
vn 0.1464 -0.6010 -0.7857
vn 0.5188 -0.6171 -0.5916
vn 0.5750 -0.6601 -0.4833
vn 0.6490 -0.6357 -0.4180
vn 0.7908 -0.3739 -0.4845
vn 0.5579 -0.6426 -0.5251
vn 0.6122 -0.5949 -0.5209
vn 0.7965 -0.6045 -0.0101
vn 0.7021 -0.6244 0.3424
vn 0.1946 -0.6402 0.7431
vn 0.3353 -0.7042 0.6258
vn 0.6475 -0.6198 0.4434
vn 0.6583 -0.6072 0.4449
vn 0.3719 -0.5945 0.7129
vn -0.0123 -0.6379 0.7700
vn 0.1143 -0.5290 0.8409
vn 0.0427 -0.5776 0.8152
vn -0.0221 -0.6303 0.7760
vn -0.2739 -0.6060 0.7468
vn -0.5324 -0.5742 0.6220
vn -0.5330 -0.6341 0.5601
vn -0.7252 -0.5848 0.3634
vn -0.7642 -0.6408 0.0729
vn -0.7247 -0.6837 0.0855
vn -0.7048 -0.6703 0.2322
vn -0.6069 -0.6361 0.4765
vn -0.7901 -0.5984 0.1328
vn -0.7209 -0.6157 -0.3180
vn -0.5711 -0.6276 -0.5292
vn -0.4495 -0.6215 -0.6416
vn -0.3282 -0.5884 -0.7390
vn -0.4124 -0.5479 -0.7278
vn -0.5572 -0.5236 -0.6445
vn -0.6506 -0.5631 -0.5096
vn -0.6028 -0.6249 -0.4961
vn -0.5236 -0.6382 -0.5643
vn -0.1968 -0.5966 -0.7780
vn 0.0397 -0.6111 -0.7906
vn 0.0946 -0.6435 -0.7595
vn 0.0645 -0.6095 -0.7901
vn 0.0584 -0.6678 -0.7421
vn 0.3565 -0.6176 -0.7011
vn 0.5702 -0.6300 -0.5273
vn 0.7270 -0.5530 -0.4069
vn 0.7575 -0.5364 -0.3722
vn 0.5959 -0.6283 -0.5002
vn 0.6189 -0.6022 -0.5044
vn 0.6956 -0.6387 -0.3290
vn 0.7819 -0.5986 -0.1742
vn 0.7739 -0.6304 0.0603
vn 0.7304 -0.6180 0.2909
vn 0.5205 -0.6137 0.5937
vn 0.2454 -0.6241 0.7418
vn 0.2578 -0.6526 0.7125
vn 0.4699 -0.6773 0.5661
vn 0.6117 -0.6702 0.4203
vn 0.6646 -0.5626 0.4917
vn 0.4756 -0.6349 0.6089
vn 0.2932 -0.6070 0.7386
vn 0.1432 -0.5646 0.8129
vn 0.0574 -0.5244 0.8495
vn 0.2953 -0.4903 0.8200
vn -0.2939 -0.5660 0.7702
vn -0.6014 -0.6353 0.4845
vn -0.4639 -0.6393 0.6132
vn -0.5641 -0.5979 0.5695
vn -0.7466 -0.6341 0.2013
vn -0.7280 -0.6691 0.1495
vn -0.8138 -0.5262 0.2467
vn -0.7269 -0.5649 0.3904
vn -0.7022 -0.5938 0.3929
vn -0.7336 -0.5742 0.3634
vn -0.7692 -0.6260 0.1285
vn -0.7668 -0.6418 0.0090
vn -0.6904 -0.6249 -0.3645
vn -0.5561 -0.6102 -0.5643
vn -0.3959 -0.6036 -0.6921
vn -0.4490 -0.5519 -0.7027
vn -0.5437 -0.5565 -0.6282
vn -0.5615 -0.5693 -0.6004
vn -0.3854 -0.5832 -0.7151
vn -0.3173 -0.6351 -0.7042
vn -0.1793 -0.6326 -0.7534
vn -0.0318 -0.6398 -0.7678
vn 0.1794 -0.5368 -0.8244
vn 0.3573 -0.6051 -0.7114
vn 0.3964 -0.5143 -0.7605
vn 0.2483 -0.5860 -0.7714
vn 0.3369 -0.5626 -0.7549
vn 0.4916 -0.6519 -0.5774
vn 0.6712 -0.6264 -0.3963
vn 0.7671 -0.5369 -0.3513
vn 0.6957 -0.5592 -0.4510
vn 0.6889 -0.6123 -0.3878
vn 0.6191 -0.5840 -0.5250
vn 0.6456 -0.5831 -0.4931
vn 0.7730 -0.6175 -0.1459
vn 0.6730 -0.5932 0.4417
vn 0.4777 -0.6257 0.6166
vn 0.2592 -0.6437 0.7200
vn 0.2339 -0.5464 0.8042
vn 0.4946 -0.4387 0.7503
vn 0.5527 -0.6331 0.5420
vn 0.6484 -0.5703 0.5044
vn 0.5443 -0.5038 0.6707
vn 0.5200 -0.5908 0.6169
vn 0.3861 -0.6176 0.6852
vn 0.3406 -0.6328 0.6953
vn 0.2784 -0.6086 0.7430
vn -0.0345 -0.6051 0.7954
vn 0.0560 -0.6530 0.7552
vn 0.2236 -0.6413 0.7340
vn 0.2334 -0.6814 0.6937
vn 0.9540 -0.1200 0.2748
vn 0.7789 0.6223 -0.0779
vn 0.9692 0.0815 0.2323
vn 0.8060 0.4704 0.3593
vn 0.8149 -0.1278 0.5653
vn 0.8171 -0.0071 0.5764
vn 0.6805 0.5515 0.4825
vn 0.5337 0.0034 0.8457
vn 0.4795 0.5202 0.7067
vn 0.5334 -0.1349 0.8351
vn 0.2255 -0.0018 0.9742
vn 0.1683 0.5143 0.8409
vn 0.1758 0.4670 0.8666
vn 0.2238 -0.1434 0.9640
vn 0.2197 -0.0066 0.9755
vn 0.5174 0.0182 0.8555
vn 0.4665 0.5532 0.6902
vn 0.5820 0.0076 0.8132
vn 0.4966 0.5243 0.6917
vn 0.5731 -0.1273 0.8095
vn 0.3413 -0.1247 0.9316
vn 0.3465 0.0071 0.9380
vn 0.3041 0.5078 0.8060
vn -0.0993 0.0043 0.9951
vn -0.1583 0.5305 0.8328
vn -0.1016 -0.1351 0.9856
vn -0.6098 -0.1397 0.7801
vn -0.6143 0.0005 0.7891
vn -0.5345 0.5060 0.6770
vn -0.7465 -0.0656 0.6621
vn -0.6589 0.4771 0.5816
vn -0.7363 -0.2009 0.6461
vn -0.7299 0.4723 0.4942
vn -0.9559 -0.2067 0.2088
vn -0.8718 0.4623 0.1620
vn -0.8034 0.5342 0.2631
vn -0.9527 -0.0845 0.2920
vn -0.9183 0.0023 0.3958
vn -0.7386 0.0570 0.6717
vn -0.5877 0.5560 0.5877
vn -0.6991 -0.2352 0.6752
vn -0.7557 -0.1133 0.6450
vn -0.6512 0.4729 0.5935
vn -0.7990 -0.0251 0.6008
vn -0.9556 -0.1299 0.2646
vn -0.9629 0.0039 0.2698
vn -0.8166 0.5315 0.2253
vn -0.9953 -0.0002 -0.0964
vn -0.8329 0.5376 -0.1313
vn -0.9857 -0.1362 -0.0992
vn -0.8426 -0.1583 -0.5148
vn -0.8418 0.0024 -0.5398
vn -0.7467 0.4939 -0.4456
vn -0.5297 0.4871 -0.6943
vn -0.5838 -0.0125 -0.8118
vn -0.2885 -0.0765 -0.9544
vn -0.2142 0.4679 -0.8574
vn -0.2444 -0.1353 -0.9602
vn -0.1383 -0.1352 -0.9811
vn -0.1294 0.6258 -0.7691
vn -0.4517 0.0396 -0.8913
vn -0.4067 0.5396 -0.7372
vn -0.5138 0.1163 -0.8500
vn -0.5378 -0.1409 -0.8312
vn -0.2867 0.4789 -0.8297
vn -0.3657 -0.0106 -0.9307
vn -0.3168 0.5625 -0.7637
vn -0.3523 -0.1331 -0.9264
vn -0.3179 -0.1291 -0.9393
vn -0.3229 0.0038 -0.9464
vn -0.2886 0.5186 -0.8048
vn 0.1653 0.0061 -0.9862
vn 0.1388 0.5275 -0.8382
vn 0.1686 -0.1371 -0.9761
vn 0.6514 -0.1322 -0.7472
vn 0.6532 0.0035 -0.7572
vn 0.5645 0.5032 -0.6543
vn 0.6697 0.4706 -0.5745
vn 0.6536 0.4949 -0.5726
vn 0.6974 -0.0805 -0.7121
vn 0.6944 -0.1901 -0.6940
vn 0.5953 0.4317 -0.6777
vn 0.6223 0.5290 -0.5769
vn 0.7191 0.0175 -0.6947
vn 0.8687 -0.2716 -0.4143
vn 0.9006 0.0075 -0.4345
vn 0.7681 0.5163 -0.3788
vn 0.9997 0.0100 -0.0203
vn 0.8445 0.5354 -0.0114
vn 0.9922 -0.1235 -0.0173
vn 0.8836 -0.1315 0.4494
vn 0.8944 0.0063 0.4472
vn 0.7792 0.5017 0.3758
vn 0.5357 0.1532 0.8304
vn 0.5799 -0.2255 0.7828
vn 0.2459 -0.1297 0.9606
vn 0.2158 0.4147 0.8840
vn 0.4742 -0.0149 0.8803
vn 0.3959 0.5310 0.7492
vn 0.4563 -0.1378 0.8791
vn 0.8091 -0.1307 0.5729
vn 0.7697 0.4102 0.4891
vn 0.8170 -0.1284 0.5622
vn 0.6909 0.5470 0.4727
vn 0.8230 0.0074 0.5680
vn 0.4468 0.0056 0.8946
vn 0.3883 0.5224 0.7592
vn 0.4387 -0.1365 0.8882
vn -0.0055 -0.1361 0.9907
vn 0.0100 0.0011 0.9999
vn 0.0043 0.4955 0.8686
vn 0.0790 -0.1448 0.9863
vn -0.0506 0.5429 0.8383
vn -0.0294 -0.2399 0.9704
vn 0.1308 -0.1865 0.9737
vn 0.1277 0.4822 0.8667
vn 0.1351 0.4538 0.8808
vn -0.0512 -0.1339 0.9897
vn -0.0455 0.5348 0.8438
vn -0.0477 0.0019 0.9989
vn -0.3324 -0.0006 0.9431
vn -0.2863 0.5165 0.8070
vn -0.3133 -0.1390 0.9394
vn -0.5831 0.0776 0.8087
vn -0.4873 0.5569 0.6726
vn -0.6079 -0.1177 0.7852
vn -0.6787 -0.1358 0.7217
vn -0.6954 0.0792 0.7143
vn -0.9086 0.0077 0.4176
vn -0.7937 0.4928 0.3567
vn -0.9049 -0.1385 0.4024
vn -0.9843 -0.1373 0.1113
vn -0.9911 0.0721 0.1119
vn -0.9926 -0.0053 0.1216
vn -0.8554 0.5057 0.1124
vn -0.9805 -0.1522 0.1246
vn -0.9422 0.0722 0.3272
vn -0.9405 -0.1430 0.3082
vn -0.8434 -0.2257 0.4875
vn -0.8379 0.0110 0.5458
vn -0.8767 -0.1011 0.4702
vn -0.7640 -0.2173 0.6075
vn -0.7869 -0.1285 0.6035
vn -0.7931 0.0139 0.6090
vn -0.6786 0.5090 0.5296
vn -0.9794 0.0046 0.2017
vn -0.8428 0.5108 0.1696
vn -0.9711 -0.1359 0.1964
vn -0.9077 -0.1328 -0.3981
vn -0.9177 0.0007 -0.3973
vn -0.7991 0.5093 -0.3195
vn -0.7320 -0.0034 -0.6813
vn -0.5861 0.5571 -0.5884
vn -0.7302 -0.1343 -0.6699
vn -0.5473 -0.1335 -0.8262
vn -0.5240 -0.0117 -0.8516
vn -0.4334 0.5035 -0.7474
vn -0.4108 -0.0956 -0.9067
vn -0.4999 -0.0064 -0.8661
vn -0.4418 0.5171 -0.7331
vn -0.6265 0.4193 -0.6571
vn -0.7565 0.3893 -0.5255
vn -0.6703 0.4908 -0.5565
vn -0.7740 -0.0051 -0.6332
vn -0.7605 -0.1334 -0.6355
vn -0.5945 0.0037 -0.8041
vn -0.4712 0.5528 -0.6873
vn -0.6499 -0.1425 -0.7465
vn -0.4966 -0.2241 -0.8385
vn -0.2610 -0.0016 -0.9653
vn -0.1994 0.4737 -0.8578
vn -0.2316 -0.1348 -0.9634
vn 0.0291 -0.1141 -0.9930
vn 0.0344 0.4788 -0.8773
vn 0.1290 -0.1342 -0.9825
vn 0.0459 -0.1507 -0.9875
vn 0.1006 0.4371 -0.8938
vn 0.0299 0.5545 -0.8316
vn 0.0708 -0.0054 -0.9975
vn 0.0821 -0.1338 -0.9876
vn 0.0798 0.0035 -0.9968
vn 0.0597 0.5300 -0.8459
vn 0.4499 0.0051 -0.8931
vn 0.3687 0.5594 -0.7424
vn 0.4498 -0.1332 -0.8831
vn 0.7268 -0.1319 -0.6740
vn 0.7341 0.0031 -0.6790
vn 0.6057 0.5423 -0.5823
vn 0.8589 -0.0109 -0.5121
vn 0.7333 0.5484 -0.4018
vn 0.7205 0.5291 -0.4482
vn 0.8468 0.0034 -0.5320
vn 0.7458 -0.1281 -0.6537
vn 0.6595 0.4748 -0.5828
vn 0.7911 -0.1159 -0.6007
vn 0.6607 0.5231 -0.5384
vn 0.7795 0.0152 -0.6262
vn 0.8914 -0.1339 -0.4330
vn 0.7628 0.5174 -0.3878
vn 0.8667 0.4313 -0.2504
vn 0.8440 0.5315 0.0722
vn 0.9976 0.0088 0.0683
vn 0.9891 -0.1277 0.0734
vn 0.9199 -0.1269 0.3710
vn 0.9287 0.0066 0.3707
vn 0.7803 0.5423 0.3115
vn 0.6632 0.0043 0.7484
vn 0.5937 0.5027 0.6284
vn 0.6546 -0.1327 0.7443
vn 0.3180 -0.1328 0.9387
vn 0.3228 0.0013 0.9465
vn 0.2440 0.5391 0.8061
vn 0.3517 -0.0029 0.9361
vn 0.3055 0.5221 0.7963
vn 0.3462 -0.1507 0.9260
vn 0.7046 -0.0623 0.7069
vn 0.5183 0.5364 0.6661
vn 0.6423 -0.1374 0.7541
vn 0.8212 -0.1389 0.5535
vn 0.8100 0.0229 0.5860
vn 0.6591 0.5592 0.5030
vn 0.8235 -0.3018 0.4804
vn 0.7338 -0.1780 0.6556
vn 0.6103 0.0785 0.7883
vn 0.6035 -0.1348 0.7859
vn 0.3824 0.0807 0.9205
vn 0.1877 0.0054 0.9822
vn 0.1509 0.5114 0.8460
vn 0.1770 0.4257 0.8874
vn 0.3032 -0.1369 0.9430
vn 0.2856 0.5244 0.8021
vn 0.3137 0.0074 0.9495
vn 0.2138 -0.2732 0.9379
vn 0.2197 0.0051 0.9756
vn 0.1953 0.5141 0.8352
vn -0.4377 0.0656 0.8967
vn -0.2643 0.5023 0.8233
vn -0.3682 -0.1402 0.9191
vn -0.7603 -0.1322 0.6360
vn -0.6239 0.0362 0.7806
vn -0.4801 0.6096 0.6307
vn -0.6129 -0.1385 0.7780
vn -0.6985 -0.1269 0.7043
vn -0.6007 0.4788 0.6402
vn -0.7220 -0.0189 0.6916
vn -0.9550 -0.1362 0.2635
vn -0.9531 0.1457 0.2652
vn -0.9781 0.0005 0.2083
vn -0.9361 0.3091 0.1680
vn -0.9665 -0.1516 0.2073
vn -0.8075 0.4373 0.3959
vn -0.9069 -0.1237 0.4028
vn -0.7666 0.4273 0.4792
vn -0.7817 0.5024 0.3696
vn -0.9053 0.0039 0.4247
vn -0.9731 -0.1321 0.1886
vn -0.9816 -0.0045 0.1910
vn -0.8408 0.5212 0.1466
vn -0.9903 -0.1352 -0.0307
vn -0.9996 -0.0002 -0.0284
vn -0.8516 0.5240 -0.0170
vn -0.8995 0.0013 -0.4370
vn -0.7670 0.5284 -0.3640
vn -0.8892 -0.1366 -0.4367
vn -0.6713 -0.1346 -0.7289
vn -0.6804 -0.0012 -0.7328
vn -0.5909 0.5182 -0.6183
vn -0.5209 -0.0015 -0.8536
vn -0.4243 0.5254 -0.7375
vn -0.5133 -0.1371 -0.8472
vn -0.5483 0.4335 -0.7152
vn -0.7294 -0.2489 -0.6372
vn -0.6503 0.4265 -0.6287
vn -0.6526 0.3204 -0.6867
vn -0.5850 -0.1771 -0.7915
vn -0.3925 -0.1369 -0.9095
vn -0.4643 0.4362 -0.7708
vn -0.3776 0.4757 -0.7944
vn -0.3244 0.1523 -0.9336
vn -0.1775 0.4529 -0.8737
vn -0.2429 -0.1349 -0.9606
vn -0.0408 -0.1357 -0.9899
vn -0.0336 0.0676 -0.9971
vn 0.2971 0.1018 -0.9494
vn 0.1457 0.4774 -0.8665
vn 0.3808 0.4813 -0.7895
vn 0.3861 0.4474 -0.8067
vn 0.2504 -0.2607 -0.9324
vn 0.2280 0.4216 -0.8776
vn 0.3809 0.4906 -0.7838
vn 0.3866 0.0086 -0.9222
vn 0.5150 -0.1989 -0.8338
vn 0.6718 -0.1332 -0.7287
vn 0.6666 -0.0001 -0.7455
vn 0.5644 0.5321 -0.6311
vn 0.8442 -0.0139 -0.5359
vn 0.7213 0.5265 -0.4501
vn 0.8418 -0.1436 -0.5204
vn 0.7878 0.4277 -0.4432
vn 0.7307 0.4407 -0.5213
vn 0.7677 0.0832 -0.6354
vn 0.7677 -0.1284 -0.6278
vn 0.7865 -0.1192 -0.6059
vn 0.7890 0.0130 -0.6143
vn 0.6741 0.5055 -0.5385
vn 0.9827 0.0125 -0.1846
vn 0.8317 0.5517 -0.0621
vn 0.9751 -0.1301 -0.1797
vn 0.8301 -0.1270 0.5429
vn 0.8396 0.0064 0.5432
vn 0.7091 0.5322 0.4626
vn 0.5955 0.0009 0.8033
vn 0.4849 0.5605 0.6713
vn 0.5885 -0.1291 0.7981
vn 0.3397 -0.1374 0.9304
vn 0.3704 -0.0129 0.9288
vn 0.2750 0.4969 0.8231
vn 0.3364 -0.1501 0.9297
vn 0.3335 0.4506 0.8281
vn 0.4954 0.1785 0.8501
vn 0.5793 0.0656 0.8124
vn 0.7257 -0.1481 0.6719
vn 0.8273 0.2625 0.4967
vn 0.8385 -0.2235 0.4970
vn 0.8390 -0.0744 0.5390
vn 0.8244 0.0154 0.5659
vn 0.6905 0.5245 0.4981
vn 0.7020 0.3073 0.6425
vn 0.6306 0.4845 0.6064
vn 0.5291 0.6579 0.5359
vn 0.4010 0.4967 0.7697
vn 0.4850 -0.0113 0.8745
vn 0.4722 -0.1362 0.8709
vn 0.4272 -0.0024 0.9042
vn 0.3617 0.5269 0.7691
vn 0.4206 -0.1337 0.8973
vn 0.3169 -0.1140 0.9416
vn 0.3269 0.0061 0.9450
vn 0.2748 0.5044 0.8186
vn 0.0237 0.0779 0.9967
vn 0.1442 0.2992 0.9432
vn -0.0386 0.5753 0.8170
vn 0.0782 -0.1480 0.9859
vn 0.3914 -0.1434 0.9090
vn 0.7742 0.3920 -0.4970
vn -0.8072 0.4271 0.4074
vn 0.7796 0.3512 -0.5185
vn 0.3632 0.4327 0.8251
vn 0.3046 0.5514 0.7766
vn -0.0471 0.9896 -0.1361
vn -0.0337 0.9992 -0.0195
vn -0.0934 0.8838 -0.4584
vn -0.1449 0.7458 -0.6503
vn -0.2485 0.8669 -0.4322
vn 0.0794 0.9873 0.1375
vn 0.3076 0.8868 -0.3449
vn -0.2002 0.9524 0.2299
vn 0.0915 0.9948 -0.0458
vn 0.3330 0.8892 -0.3136
vn -0.4692 0.8429 0.2632
vn -0.2735 0.9572 0.0947
vn 0.4493 0.8736 -0.1868
vn 0.3517 0.8866 -0.3005
vn -0.2111 0.9379 -0.2753
vn -0.1054 0.9509 -0.2910
vn 0.0651 0.9825 0.1745
vn 0.3133 0.7193 0.6201
vn 0.0322 0.9977 0.0602
vn 0.2097 0.9472 -0.2426
vn -0.1271 0.9883 0.0843
vn 0.5252 0.7759 -0.3494
vn 0.0914 0.9957 0.0147
vn -0.1475 0.9851 -0.0885
vn 0.4822 0.7950 0.3680
vn 0.0727 0.9798 0.1862
vn 0.0148 0.9669 0.2548
vn 0.0550 0.7740 0.6307
vn -0.1694 0.9579 0.2317
vn -0.5310 0.6505 0.5430
vn 0.5478 0.8062 -0.2234
vn -0.7528 0.6535 0.0790
vn 0.3114 0.9455 -0.0947
vn 0.2420 0.9499 -0.1977
vn -0.0111 0.9999 0.0024
vn -0.1546 0.9490 -0.2749
vn 0.2163 0.8909 0.3995
vn 0.2609 0.8417 0.4726
vn 0.2700 0.9191 0.2869
vn 0.4451 0.7071 0.5495
vn 0.0313 0.8828 0.4687
vn 0.2122 0.9679 -0.1349
vn 0.4640 0.7881 -0.4045
vn 0.5737 0.7538 -0.3203
vn -0.0741 0.9969 0.0260
vn 0.6221 0.7629 -0.1761
vn -0.0730 0.9970 -0.0246
vn -0.1795 0.8948 -0.4087
vn 0.1055 0.9917 0.0736
vn 0.4330 0.6778 0.5942
vn 0.0369 0.9605 0.2759
vn -0.5652 0.7736 0.2865
vn -0.3884 0.9119 0.1324
vn -0.1340 0.9909 -0.0094
vn 0.2755 0.8913 0.3601
vn -0.2299 0.9226 -0.3098
vn 0.0946 0.9846 0.1468
vn -0.4958 0.7035 -0.5091
vn -0.0049 0.9692 0.2461
vn -0.0192 0.6786 -0.7343
vn -0.0642 0.9772 0.2025
vn -0.2969 0.7232 0.6235
vn 0.2301 0.7923 -0.5651
vn 0.1280 0.9409 -0.3136
vn 0.0880 0.9943 -0.0608
vn -0.6322 0.7161 0.2957
vn 0.5273 0.7671 -0.3653
vn 0.1863 0.9096 0.3713
vn -0.1410 0.8775 -0.4583
vn -0.1034 0.9355 -0.3377
vn 0.1917 0.8131 0.5496
vn -0.2664 0.9495 -0.1657
vn -0.3627 0.7391 -0.5676
vn -0.5177 0.7194 -0.4631
vn -0.2138 0.8986 -0.3832
vn -0.1990 0.8687 -0.4536
vn 0.0904 0.9543 0.2847
vn 0.0261 0.9816 0.1893
vn -0.0024 0.6505 0.7595
vn -0.1455 0.8465 -0.5121
vn -0.0378 0.9834 0.1776
vn 0.2306 0.4684 0.8529
vn -0.9872 -0.0699 -0.1436
vn -0.7913 0.3374 -0.5100
vn -0.5055 0.2710 -0.8192
vn -0.4706 0.6573 -0.5887
vn 0.6900 0.4083 -0.5976
vn 0.7225 0.5398 -0.4320
vn 0.7532 0.6435 -0.1364
vn 0.9094 0.2659 -0.3198
vn 0.7036 0.2612 -0.6609
vn 0.7163 0.2459 -0.6530
vn 0.9451 -0.1125 -0.3068
vn 0.9457 0.2930 0.1406
vn 0.7948 0.3017 0.5266
vn 0.5072 0.5978 0.6208
vn 0.4167 0.6280 0.6572
vn 0.3657 0.1479 0.9189
vn 0.2955 0.6189 0.7278
vn 0.3506 0.2773 0.8945
vn -0.6687 0.3030 0.6790
vn -0.7169 0.4767 0.5088
vn -0.8332 0.0643 0.5492
vn -0.4788 0.2408 -0.8443
vn -0.1214 0.3762 -0.9186
vn -0.1321 0.2798 -0.9509
vn 0.5775 0.1911 -0.7937
vn 0.6116 0.2999 -0.7321
vn 0.5163 0.5919 -0.6190
vn 0.9063 0.2967 -0.3011
vn 0.4817 0.2580 0.8375
vn 0.4753 0.2526 0.8428
vn 0.7651 0.2546 0.5915
vn 0.5724 0.1386 0.8082
vn -0.0951 0.5779 0.8105
vn -0.3864 0.3299 0.8613
vn -0.7248 0.2797 0.6296
vn -0.8534 0.1361 0.5033
vn -0.8259 0.2817 0.4883
vn -0.6033 0.5984 0.5272
vn -0.6092 0.6195 0.4950
vn -0.7650 0.5453 0.3427
vn -0.7782 0.5838 0.2317
vn -0.5984 -0.1596 -0.7851
vn -0.3130 0.3399 -0.8869
vn -0.6178 0.2683 -0.7392
vn -0.1494 0.3031 -0.9412
vn -0.1605 0.0144 -0.9869
vn 0.4970 0.5872 -0.6389
vn 0.9438 0.2851 -0.1672
vn 0.6759 0.6182 -0.4014
vn 0.8503 0.3281 -0.4114
vn 0.8084 0.5661 -0.1615
vn 0.4781 0.0793 0.8747
vn 0.3952 0.5648 0.7244
vn 0.5929 -0.1784 0.7852
vn 0.4310 0.1186 0.8945
vn 0.0532 0.3057 0.9506
vn -0.2040 0.2731 0.9401
vn -0.2543 0.4327 0.8649
vn -0.3504 0.4423 0.8256
vn -0.5120 0.6509 0.5605
vn -0.8302 0.0144 0.5573
vn -0.3048 0.2804 -0.9102
vn -0.8449 0.3020 -0.4416
vn -0.7352 0.3690 -0.5687
vn -0.6736 0.1504 -0.7236
vn -0.6490 0.2859 -0.7050
vn -0.4836 0.2556 -0.8371
vn -0.2837 0.3198 -0.9040
vn -0.3465 0.3107 -0.8851
vn -0.5388 0.2100 -0.8158
vn -0.9629 -0.1606 -0.2168
vn -0.6993 -0.5373 -0.4715
vn -0.4333 -0.5555 -0.7097
vn -0.1544 -0.3887 -0.9084
vn -0.2191 -0.0993 -0.9706
vn 0.6721 -0.4725 -0.5702
vn 0.4940 -0.7133 -0.4971
vn 0.9056 -0.1987 -0.3747
vn 0.8137 -0.4963 -0.3028
vn 0.6532 -0.4678 -0.5955
vn 0.5868 -0.1432 0.7970
vn 0.4537 -0.1385 0.8803
vn -0.5634 -0.5665 0.6013
vn -0.4589 -0.4236 -0.7810
vn -0.8110 -0.2542 -0.5270
vn -0.5870 -0.7248 -0.3607
vn 0.4458 -0.6653 -0.5989
vn 0.5640 -0.4701 -0.6789
vn 0.7644 -0.6409 -0.0703
vn 0.8604 -0.4986 -0.1052
vn 0.8472 -0.1743 -0.5018
vn 0.6024 -0.5169 0.6082
vn 0.5309 -0.3194 0.7850
vn 0.4304 -0.4784 0.7654
vn 0.7253 -0.4175 0.5473
vn 0.4129 -0.5202 0.7476
vn -0.0858 -0.1431 0.9860
vn -0.0416 -0.1438 0.9887
vn -0.7239 -0.5655 0.3952
vn -0.7445 -0.1313 0.6545
vn -0.7850 -0.1322 0.6052
vn -0.8909 -0.1440 0.4307
vn -0.9492 -0.1364 0.2836
vn -0.9926 -0.1109 -0.0492
vn -0.2412 -0.3153 -0.9178
vn -0.2880 -0.6283 -0.7227
vn -0.5540 -0.4928 -0.6711
vn -0.7897 -0.1205 -0.6016
vn -0.1158 -0.4370 -0.8920
vn 0.8276 -0.5228 -0.2043
vn 0.8455 -0.5134 -0.1469
vn 0.8805 -0.1626 -0.4454
vn 0.8133 -0.3149 -0.4893
vn 0.9705 -0.1570 -0.1832
vn 0.9909 -0.1346 -0.0038
vn 0.8918 -0.1695 0.4194
vn 0.4876 -0.4613 0.7412
vn 0.7125 -0.0863 0.6964
vn -0.4082 -0.4409 0.7994
vn -0.3837 -0.3039 0.8720
vn -0.8431 -0.1509 0.5161
vn -0.8720 -0.1017 0.4789
vn -0.2803 -0.4852 -0.8283
vn -0.7943 -0.2554 -0.5513
vn -0.3963 -0.3878 -0.8322
vn -0.2950 -0.5161 -0.8041
vn 0.0255 -0.3971 -0.9174
vn 0.0089 -0.9999 0.0129
vn -0.1392 -0.7812 -0.6085
vn -0.1150 -0.9586 -0.2606
vn -0.4048 -0.7890 -0.4621
vn 0.5043 -0.8385 -0.2066
vn 0.2280 -0.9468 -0.2269
vn 0.0475 -0.9987 -0.0197
vn 0.2157 -0.8024 0.5565
vn -0.0119 -0.9992 -0.0374
vn 0.0181 -0.9998 -0.0066
vn -0.2061 -0.9672 0.1487
vn -0.3883 -0.8340 0.3920
vn 0.4973 -0.8321 -0.2453
vn 0.1183 -0.9928 -0.0190
vn 0.0328 -0.9993 0.0178
vn 0.3297 -0.8809 0.3396
vn 0.1048 -0.9831 0.1499
vn -0.0507 -0.7205 0.6916
vn 0.0193 -0.9993 -0.0320
vn -0.0060 -1.0000 0.0055
vn -0.2435 -0.9594 0.1422
vn -0.4536 -0.7896 0.4133
vn -0.4550 -0.8132 0.3629
vn -0.5921 -0.7589 0.2712
vn -0.5518 -0.8327 0.0464
vn -0.0444 -0.9990 -0.0045
vn -0.0948 -0.9914 -0.0899
vn -0.1736 -0.9793 -0.1042
vn -0.4482 -0.7968 -0.4053
vn -0.0943 -0.8754 -0.4741
vn 0.3999 -0.8204 -0.4088
vn 0.0982 -0.9952 -0.0046
vn 0.2634 -0.9508 -0.1634
vn 0.6532 -0.7566 -0.0299
vn 0.1611 -0.9600 0.2292
vn 0.3372 -0.7416 0.5800
vn -0.1734 -0.8962 0.4084
vn -0.5204 -0.7998 0.2990
vn -0.4068 -0.8823 0.2366
vn -0.5351 -0.7368 0.4132
vn -0.5245 -0.7388 0.4232
vn -0.1199 -0.9436 -0.3085
vn -0.3739 -0.8870 -0.2708
vn -0.2218 -0.8631 -0.4536
vn -0.1116 -0.9256 -0.3616
vn 0.1937 -0.9797 0.0523
vn 0.4565 -0.8384 -0.2978
vn 0.0750 -0.9963 -0.0429
vn 0.0322 -0.8304 0.5562
vn -0.3893 -0.7851 0.4818
vn -0.2701 -0.9602 0.0706
vn -0.3573 -0.8810 -0.3102
vn -0.1231 -0.9860 -0.1126
vn 0.1001 -0.9917 -0.0809
vn 0.2009 -0.9714 -0.1267
vn 0.0975 -0.8435 0.5282
vn -0.4335 -0.8589 0.2728
vn -0.2787 -0.8633 -0.4207
vn -0.1172 -0.9836 -0.1373
vn -0.2747 -0.8383 -0.4710
vn 0.1723 -0.8209 -0.5445
vn 0.3903 -0.8939 -0.2207
vn 0.1406 -0.9833 -0.1154
vn 0.1738 -0.9084 0.3803
vn 0.5172 -0.8097 0.2773
vn 0.3679 -0.8556 0.3643
vn 0.0288 -0.9244 0.3803
vn 0.0082 -0.9937 0.1115
vn 0.4317 -0.6237 0.6516
vn 0.4721 -0.6145 0.6321
vn -0.6781 -0.6716 0.2987
vn -0.7598 -0.6470 -0.0647
vn -0.1002 -0.6372 -0.7642
vn -0.3297 -0.5472 -0.7693
vn -0.4423 -0.6160 -0.6519
vn -0.2484 -0.6281 -0.7374
vn -0.2451 -0.6385 -0.7296
vn 0.5187 -0.6171 -0.5917
vn 0.6489 -0.6358 -0.4180
vn 0.5579 -0.6426 -0.5252
vn 0.7965 -0.6046 -0.0101
vn 0.7020 -0.6244 0.3424
vn 0.0426 -0.5776 0.8152
vn -0.0221 -0.6303 0.7761
vn -0.5324 -0.5743 0.6219
vn -0.5331 -0.6340 0.5601
vn -0.7252 -0.5848 0.3635
vn -0.7048 -0.6703 0.2323
vn -0.6506 -0.5631 -0.5095
vn -0.6028 -0.6249 -0.4960
vn -0.5236 -0.6383 -0.5643
vn 0.0398 -0.6111 -0.7906
vn 0.0645 -0.6095 -0.7902
vn 0.0583 -0.6678 -0.7421
vn 0.7270 -0.5531 -0.4069
vn 0.7574 -0.5364 -0.3722
vn 0.5958 -0.6283 -0.5002
vn 0.7819 -0.5985 -0.1743
vn 0.6646 -0.5626 0.4918
vn 0.2932 -0.6070 0.7387
vn 0.1433 -0.5646 0.8128
vn 0.0572 -0.5242 0.8497
vn -0.4639 -0.6394 0.6132
vn -0.7465 -0.6342 0.2013
vn -0.7279 -0.6692 0.1495
vn -0.7270 -0.5647 0.3905
vn -0.7019 -0.5940 0.3931
vn -0.7337 -0.5741 0.3635
vn -0.7692 -0.6259 0.1285
vn -0.5437 -0.5566 -0.6282
vn -0.5615 -0.5694 -0.6004
vn -0.3855 -0.5832 -0.7150
vn -0.1792 -0.6326 -0.7535
vn 0.3964 -0.5144 -0.7605
vn 0.2482 -0.5860 -0.7714
vn 0.7671 -0.5368 -0.3513
vn 0.6957 -0.5591 -0.4510
vn 0.6888 -0.6125 -0.3878
vn 0.6191 -0.5839 -0.5251
vn 0.7730 -0.6174 -0.1459
vn 0.4946 -0.4386 0.7503
vn 0.6483 -0.5702 0.5044
vn 0.5443 -0.5038 0.6708
vn 0.5201 -0.5906 0.6170
vn 0.3407 -0.6328 0.6954
vn 0.0560 -0.6530 0.7553
vn 0.2235 -0.6413 0.7340
vn 0.7788 0.6224 -0.0779
vn 0.8059 0.4706 0.3593
vn 0.6805 0.5514 0.4825
vn 0.5334 -0.1349 0.8350
vn 0.2255 -0.0019 0.9742
vn 0.5174 0.0181 0.8555
vn -0.6098 -0.1396 0.7801
vn -0.6143 0.0006 0.7891
vn -0.5345 0.5061 0.6770
vn -0.7530 -0.0687 0.6545
vn -0.6641 0.4618 0.5880
vn -0.7363 -0.2010 0.6461
vn -0.9132 -0.0168 0.4072
vn -0.8241 0.4504 0.3436
vn -0.9559 -0.2066 0.2088
vn -0.8036 0.5341 0.2627
vn -0.9185 0.0025 0.3955
vn -0.5877 0.5561 0.5877
vn -0.6991 -0.2353 0.6752
vn -0.7557 -0.1133 0.6451
vn -0.6512 0.4728 0.5936
vn -0.8166 0.5314 0.2253
vn -0.9953 -0.0001 -0.0964
vn -0.8328 0.5377 -0.1313
vn -0.9857 -0.1362 -0.0993
vn -0.8418 0.0024 -0.5397
vn -0.5298 0.4871 -0.6943
vn -0.5839 -0.0125 -0.8118
vn -0.1294 0.6258 -0.7692
vn -0.5137 0.1163 -0.8500
vn -0.2866 0.4790 -0.8297
vn 0.1653 0.0060 -0.9862
vn 0.6513 -0.1323 -0.7472
vn 0.6697 0.4704 -0.5746
vn 0.9997 0.0099 -0.0203
vn 0.9922 -0.1236 -0.0173
vn 0.7792 0.5017 0.3757
vn 0.2459 -0.1296 0.9606
vn 0.2158 0.4148 0.8840
vn 0.3960 0.5310 0.7492
vn 0.8091 -0.1307 0.5730
vn 0.7698 0.4102 0.4891
vn 0.6909 0.5471 0.4726
vn 0.3883 0.5224 0.7591
vn 0.4387 -0.1366 0.8882
vn 0.0100 0.0012 0.9999
vn -0.0506 0.5428 0.8383
vn -0.0293 -0.2399 0.9704
vn 0.1276 0.4821 0.8668
vn 0.1350 0.4537 0.8808
vn -0.0512 -0.1340 0.9897
vn -0.0456 0.5348 0.8438
vn -0.2863 0.5166 0.8070
vn -0.4874 0.5569 0.6726
vn -0.6079 -0.1176 0.7852
vn -0.9911 0.0722 0.1119
vn -0.9926 -0.0052 0.1217
vn -0.8553 0.5057 0.1124
vn -0.9805 -0.1521 0.1246
vn -0.8767 -0.1011 0.4703
vn -0.6786 0.5090 0.5295
vn -0.9177 0.0006 -0.3973
vn -0.5860 0.5571 -0.5884
vn -0.5241 -0.0117 -0.8516
vn -0.4334 0.5035 -0.7475
vn -0.4999 -0.0063 -0.8661
vn -0.6265 0.4192 -0.6571
vn -0.6704 0.4908 -0.5565
vn -0.7740 -0.0052 -0.6331
vn -0.5945 0.0036 -0.8041
vn 0.0291 -0.1142 -0.9930
vn 0.0344 0.4788 -0.8772
vn 0.1291 -0.1342 -0.9825
vn 0.1006 0.4370 -0.8938
vn 0.0298 0.5545 -0.8316
vn 0.0707 -0.0054 -0.9975
vn 0.3687 0.5593 -0.7424
vn 0.8589 -0.0108 -0.5121
vn 0.7205 0.5291 -0.4483
vn 0.8468 0.0034 -0.5319
vn 0.7911 -0.1158 -0.6007
vn 0.6606 0.5232 -0.5384
vn 0.8914 -0.1338 -0.4330
vn 0.7628 0.5175 -0.3878
vn 0.8667 0.4314 -0.2504
vn 0.8440 0.5314 0.0722
vn 0.9976 0.0088 0.0684
vn 0.6632 0.0044 0.7484
vn 0.7046 -0.0624 0.7068
vn 0.6591 0.5591 0.5030
vn 0.8235 -0.3019 0.4804
vn 0.1877 0.0055 0.9822
vn 0.1770 0.4258 0.8874
vn 0.3033 -0.1369 0.9430
vn 0.3137 0.0075 0.9495
vn -0.6985 -0.1270 0.7043
vn -0.6007 0.4787 0.6403
vn -0.7221 -0.0189 0.6916
vn -0.9531 0.1456 0.2652
vn -0.9781 0.0005 0.2082
vn -0.8074 0.4371 0.3963
vn -0.7666 0.4273 0.4793
vn -0.9731 -0.1320 0.1885
vn -0.8995 0.0012 -0.4370
vn -0.6712 -0.1346 -0.7289
vn -0.5483 0.4334 -0.7152
vn -0.6503 0.4266 -0.6286
vn -0.5850 -0.1772 -0.7914
vn -0.3925 -0.1368 -0.9095
vn -0.4642 0.4362 -0.7709
vn -0.3244 0.1522 -0.9336
vn -0.0408 -0.1358 -0.9899
vn 0.2972 0.1019 -0.9494
vn 0.3862 0.4475 -0.8066
vn 0.2280 0.4217 -0.8776
vn 0.3808 0.4906 -0.7838
vn 0.3866 0.0085 -0.9222
vn 0.5151 -0.1989 -0.8338
vn 0.6666 -0.0001 -0.7454
vn 0.8442 -0.0139 -0.5358
vn 0.7866 -0.1192 -0.6059
vn 0.8301 -0.1270 0.5430
vn 0.7091 0.5321 0.4626
vn 0.5886 -0.1291 0.7981
vn 0.3703 -0.0129 0.9288
vn 0.3364 -0.1502 0.9297
vn 0.3337 0.4505 0.8281
vn 0.5793 0.0656 0.8125
vn 0.8272 0.2624 0.4969
vn 0.8244 0.0153 0.5658
vn 0.6910 0.5231 0.4988
vn 0.7021 0.3073 0.6424
vn 0.6305 0.4847 0.6062
vn 0.4849 -0.0113 0.8745
vn 0.3168 -0.1140 0.9416
vn 0.3269 0.0062 0.9450
vn 0.2749 0.5044 0.8185
vn 0.0237 0.0778 0.9967
vn 0.7742 0.3919 -0.4970
vn -0.8072 0.4272 0.4074
vn 0.7797 0.3512 -0.5184
vn 0.3522 0.9347 -0.0472
vn 0.4963 0.8600 0.1184
vn 0.9198 0.3700 0.1304
vn 0.7824 0.3953 0.4813
vn 0.0337 0.9980 0.0541
vn -0.2166 0.9761 -0.0202
vn -0.4962 -0.2305 0.8371
vn -0.0725 0.9785 0.1932
vn 0.0923 0.9647 0.2465
vn -0.5105 0.8179 -0.2654
vn 0.7444 0.5120 0.4285
vn 0.5280 0.4807 0.7001
vn -0.0657 0.9969 0.0430
vn -0.2335 0.3008 0.9247
vn -0.0319 0.9989 0.0356
vn -0.3786 0.3531 0.8556
vn -0.0292 0.9982 0.0516
vn -0.4199 0.0562 0.9058
vn -0.8429 0.3312 0.4240
vn -0.1638 0.9837 0.0738
vn -0.9677 -0.0416 -0.2487
vn -0.1582 0.9871 0.0247
vn -0.5133 0.5707 -0.6410
vn -0.0704 0.8734 -0.4818
vn -0.1293 -0.0037 -0.9916
vn -0.0087 0.9406 0.3394
vn -0.1704 0.4944 -0.8523
vn -0.2809 0.6353 -0.7194
vn 0.0692 0.9869 0.1458
vn -0.5365 0.6362 -0.5545
vn -0.1324 0.9831 -0.1268
vn -0.6225 0.4040 -0.6703
vn -0.1415 0.8648 -0.4818
vn -0.0284 0.9677 -0.2506
vn 0.1624 0.3621 -0.9179
vn -0.0393 0.0589 -0.9975
vn -0.4296 0.7711 -0.4700
vn -0.3049 0.9401 -0.1523
vn -0.8144 0.3798 -0.4387
vn -0.9731 0.1093 -0.2027
vn 0.0073 1.0000 0.0055
vn -0.8820 0.1583 0.4440
vn 0.1348 0.9902 -0.0358
vn -0.4040 0.4209 0.8122
vn 0.1950 0.8975 -0.3957
vn -0.0588 0.9935 -0.0978
vn 0.1176 0.3878 0.9142
vn 0.8410 0.0907 0.5334
vn -0.1074 0.9925 -0.0581
vn 0.0735 0.9970 0.0253
vn 0.7592 0.3034 0.5758
vn 0.2779 0.8174 0.5047
vn -0.0398 0.9983 -0.0425
vn 0.3042 0.7193 0.6245
vn 0.6180 0.6377 0.4599
vn -0.3280 0.9291 -0.1708
vn 0.0381 0.9991 -0.0171
vn 0.9101 0.0788 0.4068
vn 0.4052 0.6014 0.6886
vn -0.0488 0.9788 0.1990
vn -0.1307 -0.0186 0.9913
vn -0.5659 0.6133 0.5510
vn 0.0760 0.9970 0.0139
vn -0.8128 0.5709 0.1156
vn -0.7121 0.5931 -0.3758
vn -0.1521 0.9429 -0.2962
vn -0.4501 0.0203 -0.8928
vn -0.0287 0.9526 -0.3030
vn -0.1006 0.4008 -0.9106
vn -0.0922 -0.0667 -0.9935
vn -0.7164 -0.0158 -0.6975
vn 0.1406 0.9760 0.1664
vn -0.9940 -0.0711 -0.0834
vn -0.1793 0.9838 -0.0066
vn -0.0729 0.9970 0.0242
vn -0.8602 0.4457 -0.2477
vn -0.1720 0.9743 -0.1456
vn -0.6574 0.3971 -0.6404
vn -0.1305 0.9261 -0.3541
vn -0.3967 0.5871 -0.7056
vn -0.2511 0.3985 -0.8821
vn -0.1290 0.4433 -0.8870
vn -0.0500 0.9330 -0.3564
vn -0.0450 0.9453 -0.3231
vn -0.1232 0.3944 -0.9106
vn 0.0059 0.6692 -0.7431
vn 0.2347 0.9650 -0.1174
vn 0.7210 0.3371 -0.6055
vn 0.9902 -0.0205 -0.1382
vn 0.2117 0.9770 -0.0257
vn 0.8866 0.4504 -0.1050
vn 0.1200 0.9927 -0.0153
vn 0.9705 0.2231 -0.0911
vn 0.3815 0.9237 -0.0342
vn 0.8341 0.5485 -0.0595
vn -0.0154 0.9998 0.0127
vn 0.3817 0.9239 -0.0259
vn 0.9249 0.3727 -0.0750
vn 0.8949 0.4270 0.1298
vn 0.1867 0.9813 0.0460
vn 0.8513 0.3991 0.3407
vn 0.3158 0.9336 0.1691
vn 0.6462 0.5990 0.4730
vn 0.1062 0.9894 0.0987
vn 0.7481 0.3511 0.5631
vn 0.0256 0.9979 0.0594
vn 0.2313 0.3337 0.9139
vn 0.0442 0.9585 0.2817
vn -0.2844 0.3350 0.8983
vn -0.1422 0.9047 0.4016
vn -0.1632 0.8505 0.5000
vn 0.0435 0.9562 0.2894
vn 0.2532 0.4501 0.8563
vn 0.3392 0.6695 0.6609
vn -0.1288 0.8324 -0.5390
vn 0.0336 0.9558 0.2919
vn 0.0733 0.4261 0.9017
vn 0.2239 0.4196 0.8796
vn 0.0246 0.9676 0.2513
vn 0.2971 0.4288 0.8532
vn -0.0005 0.8503 0.5263
vn -0.1118 -0.0184 0.9936
vn -0.4880 0.3177 0.8130
vn -0.1298 0.9775 0.1661
vn -0.7034 0.3754 0.6036
vn -0.1955 0.9655 0.1718
vn -0.6863 0.6539 0.3185
vn -0.1292 0.9909 0.0386
vn -0.8470 0.3847 0.3670
vn -0.6600 0.7104 0.2443
vn -0.0191 0.9995 0.0243
vn -0.7214 0.6788 0.1372
vn -0.5851 0.8106 -0.0251
vn -0.2636 0.9642 0.0277
vn -0.9130 0.3721 -0.1673
vn -0.9009 0.4123 0.1352
vn -0.7209 0.6255 0.2983
vn 0.2541 0.9617 -0.1026
vn -0.5067 0.8403 0.1928
vn -0.9351 -0.0113 0.3541
vn -0.9356 0.3436 0.0810
vn -0.0937 0.9956 0.0097
vn -0.8411 0.3318 -0.4272
vn -0.2443 0.9640 -0.1052
vn -0.4975 0.4002 -0.7696
vn -0.1278 0.9751 -0.1813
vn -0.5172 0.4281 -0.7411
vn -0.0987 0.9907 -0.0936
vn -0.6299 0.6129 -0.4771
vn -0.0964 0.9938 -0.0548
vn -0.7374 0.3393 -0.5840
vn -0.0928 0.9952 -0.0311
vn -0.2011 0.2878 -0.9364
vn -0.1079 0.8879 -0.4472
vn -0.0051 0.4343 -0.9008
vn 0.0214 0.9624 -0.2710
vn -0.3633 0.5011 -0.7855
vn -0.0287 0.8201 0.5715
vn -0.2494 0.7097 -0.6589
vn -0.0792 0.9316 -0.3547
vn -0.0634 0.4482 -0.8917
vn 0.1209 0.3854 -0.9148
vn 0.0290 0.9188 -0.3937
vn 0.4363 0.3734 -0.8187
vn 0.0146 0.9980 -0.0608
vn 0.3116 0.9200 -0.2377
vn 0.2248 0.9731 -0.0513
vn 0.8669 0.4168 -0.2735
vn 0.9001 0.4345 -0.0321
vn 0.2274 0.9738 -0.0011
vn -0.2419 0.9701 0.0173
vn 0.6900 0.7228 -0.0381
vn 0.0711 0.9971 -0.0272
vn 0.8272 0.4410 -0.3483
vn 0.5885 0.3928 -0.7066
vn 0.2199 0.9444 -0.2445
vn -0.1360 0.9557 0.2609
vn 0.3890 0.6465 -0.6563
vn -0.3387 0.9028 -0.2652
vn 0.3700 0.9045 0.2118
vn -0.1975 0.9803 0.0028
vn -0.9381 0.3457 -0.0211
vn -0.9327 0.3511 0.0828
vn -0.3213 0.9423 0.0939
vn -0.8513 0.2877 0.4387
vn -0.0459 0.9989 0.0093
vn -0.7306 0.6253 0.2744
vn -0.7433 0.6663 0.0591
vn -0.0475 0.9987 0.0185
vn -0.7716 0.6359 0.0165
vn -0.0373 0.9970 0.0673
vn -0.8285 0.3942 0.3977
vn -0.6482 0.3138 0.6938
vn -0.2826 0.9238 0.2583
vn -0.1340 0.9613 0.2408
vn -0.5049 0.6252 0.5951
vn -0.3139 0.4035 0.8594
vn -0.1825 0.3897 0.9027
vn -0.0415 0.9719 0.2318
vn -0.1514 0.4603 0.8748
vn 0.0392 0.7399 0.6716
vn -0.0282 0.9671 -0.2530
vn 0.0158 0.9936 0.1114
vn 0.3495 0.3899 0.8520
vn 0.5631 0.2885 0.7744
vn 0.3206 0.8701 0.3743
vn 0.5104 0.7441 0.4311
vn -0.2410 0.9329 -0.2675
vn -0.9203 0.3805 -0.0906
vn -0.8617 0.4999 -0.0876
vn 0.5549 0.2877 -0.7806
vn -0.1727 0.6832 -0.7095
vn -0.1188 0.8988 -0.4220
vn 0.3231 0.6247 -0.7109
vn 0.1667 0.9503 0.2629
vn 0.0657 0.7361 0.6736
vn 0.2611 0.7106 0.6534
vn 0.4520 0.7149 0.5335
vn 0.5532 0.5909 0.5872
vn 0.1245 0.8200 0.5587
vn 0.0446 0.8291 0.5574
vn 0.2323 0.9189 0.3187
vn 0.5074 0.8152 0.2791
vn -0.1876 0.2434 -0.9516
vn -0.7641 0.3844 -0.5180
vn -0.1727 0.9579 -0.2294
vn -0.4675 0.5157 -0.7180
vn -0.3434 0.6931 -0.6338
vn -0.3712 0.8321 -0.4121
vn 0.3949 0.8138 -0.4263
vn 0.4009 0.8838 0.2411
vn 0.2469 0.7342 0.6325
vn 0.1013 0.5321 0.8406
vn 0.0743 0.6262 0.7762
vn 0.8974 0.4209 0.1324
vn 0.8735 0.4215 0.2436
vn 0.5468 0.6134 0.5699
vn 0.1659 0.9122 0.3746
vn 0.0295 0.9426 0.3325
vn 0.0503 0.9014 0.4301
vn 0.0453 0.6143 0.7878
vn 0.0019 0.7859 0.6183
vn -0.6147 0.6015 0.5102
vn -0.8950 0.4384 0.0823
vn -0.7026 0.7081 0.0702
vn -0.5371 0.8422 0.0467
vn -0.7263 0.6831 0.0768
vn -0.3875 0.9210 0.0390
vn -0.8266 0.5543 -0.0973
vn -0.5029 0.8422 -0.1943
vn -0.4432 0.8590 -0.2563
vn -0.1953 0.5571 -0.8071
vn 0.1071 0.9156 -0.3877
vn 0.1168 0.9222 -0.3686
vn -0.5737 0.3864 -0.7222
vn -0.2874 0.7697 -0.5700
vn -0.0736 0.8903 -0.4493
vn -0.0244 0.9497 -0.3121
vn 0.4302 0.4940 -0.7555
vn 0.5055 0.7763 -0.3766
vn 0.6206 0.7371 -0.2675
vn 0.4433 0.8951 0.0476
vn 0.7461 0.6559 -0.1147
vn 0.5855 0.8085 -0.0597
vn 0.8546 0.4954 0.1558
vn 0.6408 0.7178 -0.2725
vn 0.7333 0.5354 0.4191
vn 0.3145 0.7438 0.5898
vn 0.3711 0.7096 0.5990
vn 0.4696 0.7790 0.4156
vn 0.1097 0.9021 0.4173
vn 0.2541 0.7106 0.6562
vn 0.2423 0.6643 0.7071
vn 0.0171 0.8991 0.4374
vn -0.0740 0.9160 0.3942
vn -0.6241 0.5981 0.5027
vn -0.6346 0.7464 0.2006
vn -0.6418 0.7669 0.0046
vn -0.6563 0.6970 0.2887
vn -0.3252 0.8649 0.3823
vn 0.2600 0.0919 0.9612
vn 0.8009 0.5936 0.0788
vn 0.4545 0.8903 -0.0266
vn 0.7470 0.5660 -0.3487
vn 0.6220 0.7303 -0.2825
vn 0.7901 0.5826 -0.1907
vn 0.6621 0.7489 -0.0276
vn 0.8264 0.5630 -0.0097
vn 0.4118 0.8903 -0.1944
vn 0.3403 0.8351 -0.4323
vn 0.6410 0.5037 -0.5791
vn 0.1554 0.9204 -0.3587
vn 0.1585 0.5896 -0.7920
vn 0.0598 0.9001 -0.4317
vn -0.3159 0.5499 -0.7732
vn -0.6251 0.7033 -0.3385
vn -0.5315 0.7343 -0.4222
vn -0.9173 -0.0109 -0.3980
vn 0.2651 -0.3577 -0.8954
vn -0.2010 -0.3719 -0.9062
vn -0.8341 -0.2698 -0.4811
vn -0.6797 -0.4449 -0.5832
vn 0.2974 0.0613 -0.9528
vn 0.3748 -0.3388 -0.8630
vn 0.2990 0.0104 -0.9542
vn 0.8252 0.0232 -0.5644
vn 0.9533 0.0500 0.2978
vn 0.5864 -0.0551 0.8081
vn 0.0904 -0.0405 0.9951
vn 0.1432 -0.0017 0.9897
vn 0.4142 0.0053 0.9102
vn 0.6435 0.0067 0.7654
vn 0.2935 -0.0253 0.9556
vn -0.1733 0.1187 0.9777
vn 0.1376 -0.0464 0.9894
vn 0.6100 0.3703 0.7006
vn 0.7553 0.3938 0.5238
vn 0.9076 -0.0950 0.4088
vn 0.9084 0.3860 0.1606
vn 0.7974 0.3260 -0.5079
vn 0.4185 -0.2685 -0.8676
vn -0.8032 0.0515 -0.5935
vn -0.4888 -0.3199 -0.8116
vn -0.4662 -0.0126 -0.8846
vn -0.8388 -0.0058 -0.5444
vn -0.9457 -0.0006 -0.3251
vn 0.0700 0.3911 -0.9177
vn 0.9118 0.3714 -0.1752
vn 0.8432 0.2624 0.4692
vn 0.3788 0.0633 0.9233
vn 0.1060 0.0296 0.9939
vn 0.6227 -0.0474 0.7810
vn 0.4104 0.3410 0.8458
vn 0.2121 0.3488 0.9129
vn 0.0714 0.0387 0.9967
vn 0.1514 0.2820 0.9474
vn -0.9909 0.0304 0.1308
vn -0.9922 0.0620 0.1084
vn -0.9947 0.0211 0.1009
vn -0.9386 0.3262 0.1122
vn -0.9269 0.0524 -0.3717
vn -0.8311 0.3171 -0.4568
vn -0.8090 0.3840 -0.4451
vn 0.3190 0.2620 -0.9108
vn 0.2764 0.3560 -0.8927
vn -0.2447 0.0890 -0.9655
vn -0.4591 0.0225 -0.8881
vn -0.1288 0.0281 -0.9913
vn -0.2294 0.3657 -0.9020
vn -0.3803 0.2057 -0.9017
vn 0.0419 0.3709 -0.9277
vn 0.7791 0.0590 -0.6241
vn 0.9053 0.0284 -0.4239
vn 0.9154 0.1177 -0.3849
vn 0.8628 0.3708 -0.3436
vn 0.9765 0.0647 -0.2056
vn 0.9927 0.1044 0.0602
vn 0.9890 0.0891 -0.1179
vn 0.9104 0.0629 -0.4088
vn 0.8582 0.3547 -0.3710
vn 0.8953 0.4216 -0.1436
vn 0.5023 0.0388 0.8638
vn 0.5634 0.0385 0.8253
vn 0.7459 0.0740 0.6619
vn 0.8134 0.3850 0.4359
vn 0.7603 0.4008 0.5111
vn 0.2104 0.0672 0.9753
vn -0.0009 0.0705 0.9975
vn 0.3762 0.0367 0.9258
vn 0.3208 0.0296 0.9467
vn 0.0750 0.2346 0.9692
vn -0.1064 0.3294 0.9382
vn -0.4057 0.3974 0.8231
vn -0.9531 0.0230 0.3017
vn -0.9992 0.0323 0.0217
vn -0.9304 0.3666 0.0060
vn -0.9236 0.3703 0.0992
vn -0.8922 -0.0532 0.4486
vn -0.6527 0.1335 0.7458
vn -0.3825 0.3261 0.8645
vn 0.6540 -0.0189 0.7563
vn 0.9981 0.0505 0.0345
vn 0.5704 0.1255 0.8118
vn 0.9181 0.3650 0.1549
vn 0.9223 0.3432 -0.1777
vn 0.8792 0.1739 -0.4436
vn 0.9949 0.0289 -0.0971
vn 0.8819 0.2898 -0.3718
vn 0.6272 0.1215 -0.7693
vn 0.3204 0.3993 -0.8590
vn 0.1487 0.3716 -0.9164
vn -0.0900 0.3536 -0.9311
vn -0.5458 0.3745 -0.7496
vn -0.7675 -0.0286 -0.6404
vn -0.9027 -0.4144 -0.1158
vn -0.8478 -0.5197 -0.1058
vn 0.5482 -0.2638 -0.7936
vn -0.1040 -0.6104 -0.7852
vn -0.1394 -0.6242 -0.7687
vn 0.1216 -0.6541 0.7466
vn 0.3272 -0.6588 0.6775
vn 0.5066 -0.6521 0.5641
vn 0.6477 -0.3827 0.6588
vn 0.1306 -0.7268 0.6743
vn 0.6194 -0.4086 0.6704
vn 0.7620 -0.4101 0.5012
vn 0.4319 -0.8788 0.2030
vn 0.9147 -0.3865 0.1183
vn 0.7008 -0.4454 -0.5572
vn 0.0761 -0.7758 -0.6264
vn -0.6382 -0.6427 -0.4238
vn -0.3514 -0.6564 -0.6676
vn -0.7167 -0.1828 -0.6730
vn 0.0787 -0.0240 -0.9966
vn 0.6785 0.1155 -0.7255
vn 0.9887 -0.0269 -0.1475
vn 0.3759 -0.4795 0.7929
vn 0.0901 -0.4781 0.8737
vn 0.1467 0.0492 0.9880
vn 0.5280 -0.4428 0.7247
vn 0.6948 -0.1882 0.6941
vn 0.6485 -0.5008 0.5733
vn 0.9465 -0.2863 0.1485
vn 0.9164 -0.3286 0.2285
vn 0.7013 0.0004 0.7128
vn 0.4383 -0.0774 0.8955
vn 0.2796 -0.1192 0.9527
vn 0.1395 -0.6709 0.7283
vn 0.0728 -0.0590 0.9956
vn 0.2568 -0.0004 0.9665
vn 0.0713 0.1210 0.9901
vn -0.7005 -0.4279 0.5711
vn -0.9329 -0.3515 0.0785
vn -0.8699 -0.4850 0.0901
vn -0.8568 -0.5098 0.0777
vn -0.8546 -0.5129 0.0813
vn -0.9904 -0.0849 0.1094
vn -0.9943 0.0389 -0.0996
vn -0.7907 -0.5154 -0.3304
vn -0.7113 -0.5309 -0.4606
vn -0.8670 -0.0548 -0.4953
vn -0.8758 -0.0137 -0.4825
vn -0.2476 -0.4030 -0.8811
vn 0.3140 -0.3625 -0.8775
vn 0.2642 -0.0063 -0.9645
vn -0.2222 -0.4532 -0.8632
vn -0.5639 -0.3347 -0.7549
vn -0.3838 -0.4988 -0.7771
vn -0.0807 -0.4901 -0.8679
vn -0.2542 -0.0773 -0.9641
vn -0.3624 -0.0652 -0.9297
vn -0.0615 -0.1035 -0.9927
vn 0.4789 -0.3507 -0.8048
vn 0.6913 -0.4701 -0.5487
vn 0.7997 -0.4748 -0.3674
vn 0.8133 -0.4737 -0.3379
vn 0.9161 -0.0394 -0.3990
vn 0.8587 -0.4797 -0.1804
vn 0.8702 -0.4902 0.0486
vn 0.9931 -0.0155 0.1162
vn 0.8772 -0.4672 -0.1109
vn 0.8126 -0.4536 -0.3660
vn 0.9146 -0.0543 -0.4006
vn 0.9867 0.0204 -0.1615
vn 0.8131 -0.3868 0.4350
vn 0.4472 -0.4814 0.7538
vn 0.4864 -0.4774 0.7318
vn 0.6735 -0.4748 0.5665
vn 0.8783 -0.0637 0.4738
vn 0.8321 0.0044 0.5546
vn 0.1974 -0.4992 0.8437
vn -0.0050 -0.4845 0.8748
vn 0.3420 -0.4777 0.8092
vn 0.2944 -0.4939 0.8182
vn 0.0851 -0.4294 0.8991
vn -0.1154 -0.0905 0.9892
vn -0.4377 -0.0834 0.8952
vn -0.7365 -0.0036 0.6764
vn -0.8191 -0.5139 0.2549
vn -0.8606 -0.5093 0.0076
vn -0.9255 -0.3785 0.0160
vn -0.8990 -0.4308 0.0783
vn -0.6371 -0.7015 0.3193
vn -0.4780 -0.7050 0.5239
vn -0.3230 -0.4679 0.8226
vn 0.5630 -0.6022 0.5661
vn 0.5699 -0.3663 0.7356
vn 0.9384 -0.3375 0.0742
vn 0.8457 -0.5210 0.1157
vn 0.9232 -0.3551 -0.1469
vn 0.8493 -0.3345 -0.4085
vn 0.8098 -0.5006 -0.3059
vn 0.7014 -0.7090 -0.0729
vn 0.9374 -0.3451 -0.0462
vn 0.7254 -0.5844 -0.3636
vn 0.6868 -0.3830 -0.6177
vn 0.4747 -0.6476 -0.5960
vn 0.3410 -0.3755 -0.8618
vn 0.1673 -0.5619 -0.8101
vn 0.1676 -0.4237 -0.8902
vn -0.1262 -0.4559 -0.8810
vn -0.3298 -0.3987 -0.8557
vn -0.5143 -0.4497 -0.7302
vn -0.4124 -0.8038 -0.4287
vn -0.7215 -0.5143 -0.4636
vn -0.6003 -0.7998 0.0017
vn -0.6803 -0.5394 -0.4963
vn 0.4067 -0.9121 0.0524
vn 0.0010 -0.5180 -0.8554
vn -0.0225 -0.9242 -0.3812
vn -0.1639 -0.9013 -0.4009
vn -0.4672 -0.8474 -0.2523
vn -0.1751 -0.9390 -0.2960
vn 0.1169 -0.5948 -0.7953
vn 0.1980 -0.8920 -0.4063
vn 0.2913 -0.6004 -0.7448
vn 0.6896 -0.5756 -0.4394
vn 0.8341 -0.5063 0.2189
vn 0.4803 -0.5852 0.6533
vn 0.1670 -0.6610 0.7316
vn 0.0564 -0.9600 0.2744
vn 0.1323 -0.9600 0.2468
vn 0.2000 -0.9575 0.2078
vn 0.4879 -0.7195 0.4942
vn 0.1158 -0.9750 0.1895
vn -0.0200 -0.9976 0.0661
vn 0.0202 -0.8421 0.5390
vn 0.2047 -0.9604 0.1891
vn 0.3198 -0.9466 0.0409
vn 0.3183 -0.9474 -0.0348
vn 0.1855 -0.9538 -0.2363
vn 0.0959 -0.9801 -0.1740
vn 0.0755 -0.9693 -0.2342
vn -0.3784 -0.8786 -0.2913
vn -0.0830 -0.9905 -0.1096
vn -0.4295 -0.6964 -0.5749
vn -0.0365 -0.9952 -0.0907
vn -0.1387 -0.9289 -0.3434
vn -0.6527 -0.6346 -0.4137
vn -0.7159 -0.6074 -0.3443
vn -0.6419 -0.4711 -0.6050
vn -0.2005 -0.8817 -0.4271
vn -0.0188 -0.9758 0.2178
vn 0.1134 -0.6460 -0.7548
vn 0.0312 -0.9967 -0.0755
vn 0.6000 -0.4801 -0.6400
vn 0.2222 -0.9656 -0.1351
vn 0.5562 -0.8265 -0.0873
vn 0.3556 -0.8757 -0.3268
vn -0.0860 -0.9961 0.0175
vn -0.1119 -0.9934 0.0233
vn 0.1390 -0.9800 0.1422
vn 0.7681 -0.5168 0.3780
vn 0.3017 -0.9347 0.1878
vn 0.1778 -0.9440 0.2779
vn 0.3156 -0.6007 0.7345
vn -0.2846 -0.9439 -0.1675
vn -0.1714 -0.8671 -0.4677
vn 0.0396 -0.8535 0.5196
vn 0.0144 -0.9978 -0.0640
vn 0.0818 -0.6966 0.7127
vn 0.5009 -0.7074 0.4987
vn 0.1128 -0.9936 0.0110
vn 0.7521 -0.6512 0.1017
vn -0.0398 -0.9983 -0.0417
vn 0.8053 -0.5439 0.2357
vn 0.3400 -0.9368 0.0819
vn 0.2931 -0.9139 0.2808
vn 0.3906 -0.9149 0.1016
vn -0.0152 -0.9995 -0.0267
vn -0.1635 -0.9713 -0.1725
vn 0.0612 -0.9922 0.1086
vn 0.3574 -0.6812 0.6389
vn 0.1098 -0.7331 0.6712
vn 0.0558 -0.9436 0.3262
vn 0.1732 -0.5656 0.8063
vn 0.0512 -0.6041 0.7953
vn 0.0705 -0.6744 0.7350
vn 0.0760 -0.9230 0.3772
vn 0.2165 -0.5929 0.7756
vn 0.0565 -0.5975 0.7999
vn 0.0314 -0.9743 0.2229
vn -0.6406 -0.6083 0.4685
vn -0.1886 -0.9773 0.0960
vn -0.4095 -0.8888 0.2057
vn 0.1615 -0.9856 -0.0503
vn -0.7415 -0.6700 0.0358
vn 0.2774 -0.9474 -0.1598
vn -0.7892 -0.6103 0.0683
vn -0.3383 -0.9406 0.0266
vn -0.4163 -0.9092 -0.0114
vn 0.0123 -0.9999 -0.0067
vn -0.4223 -0.9055 0.0406
vn -0.0335 -0.9994 -0.0042
vn -0.4480 -0.8932 0.0385
vn 0.0402 -0.9989 -0.0229
vn -0.3821 -0.9208 -0.0785
vn 0.2276 -0.9737 0.0087
vn -0.2607 -0.9587 -0.1138
vn -0.7106 -0.6300 -0.3133
vn -0.5172 -0.7694 -0.3749
vn -0.3286 -0.9256 -0.1879
vn -0.6618 -0.6311 -0.4047
vn -0.6397 -0.6261 -0.4459
vn 0.0059 -0.9995 -0.0303
vn -0.1863 -0.5825 -0.7912
vn -0.0010 -0.9693 -0.2461
vn 0.0182 -0.8789 -0.4766
vn 0.1217 -0.9397 -0.3195
vn 0.2920 -0.5857 -0.7561
vn 0.1287 -0.9738 0.1874
vn 0.0537 -0.9938 -0.0977
vn 0.1517 -0.8701 -0.4690
vn -0.1047 -0.9067 -0.4086
vn -0.1773 -0.5920 -0.7862
vn -0.2649 -0.8861 -0.3802
vn -0.0803 -0.9583 -0.2744
vn -0.3986 -0.6224 -0.6736
vn -0.0430 -0.3151 -0.9481
vn 0.0483 -0.9937 0.1010
vn -0.0493 -0.9288 -0.3673
vn -0.0105 -0.9589 -0.2836
vn -0.4138 -0.1059 -0.9042
vn 0.0996 -0.6189 -0.7791
vn 0.4280 -0.5630 -0.7070
vn 0.1270 -0.9727 -0.1941
vn 0.2269 -0.9624 -0.1494
vn 0.3093 -0.8658 -0.3934
vn 0.0500 -0.9978 0.0430
vn 0.6107 -0.5276 -0.5905
vn 0.8971 -0.2793 -0.3423
vn 0.4562 -0.8709 -0.1828
vn 0.5369 -0.8125 -0.2271
vn 0.8603 -0.2997 -0.4124
vn -0.0534 -0.9986 -0.0003
vn 0.8074 -0.5271 -0.2651
vn 0.5095 -0.8599 -0.0312
vn 0.1193 -0.9929 -0.0032
vn 0.7439 -0.6668 0.0453
vn 0.5040 -0.8523 0.1400
vn 0.3836 -0.9215 -0.0607
vn 0.7988 -0.5939 -0.0961
vn 0.3668 -0.9156 -0.1646
vn 0.2631 -0.9578 -0.1160
vn 0.7699 -0.5646 -0.2975
vn 0.8107 -0.5742 -0.1140
vn 0.2543 -0.9658 -0.0504
vn 0.7193 -0.5737 0.3918
vn 0.2284 -0.9639 0.1367
vn 0.3500 -0.9109 0.2187
vn -0.0369 -0.9963 -0.0780
vn 0.3491 -0.6852 0.6393
vn -0.1381 -0.9834 -0.1174
vn -0.0580 -0.9933 -0.0998
vn 0.2158 -0.9370 0.2747
vn 0.3840 -0.8943 0.2298
vn 0.5531 -0.6666 0.4997
vn 0.6686 -0.6732 0.3159
vn 0.6672 -0.5865 0.4592
vn 0.2203 -0.9666 0.1308
vn 0.1453 -0.6043 0.7834
vn 0.0272 -0.9740 0.2247
vn -0.3088 -0.2806 0.9088
vn 0.1640 -0.6240 0.7640
vn -0.0368 -0.9692 0.2434
vn -0.0161 -0.6293 0.7770
vn 0.0359 -0.9324 0.3597
vn 0.3076 -0.6020 0.7369
vn 0.1661 -0.9266 0.3373
vn -0.0423 -0.9908 -0.1286
vn 0.1272 -0.8269 0.5478
vn 0.0555 -0.9504 0.3061
vn 0.0639 -0.6164 0.7849
vn -0.0158 -0.9509 0.3091
vn -0.0971 -0.6207 0.7780
vn -0.3734 -0.5855 0.7196
vn -0.0897 -0.9792 0.1818
vn -0.2614 -0.9436 0.2034
vn -0.2033 -0.9129 0.3540
vn 0.0189 -0.9996 -0.0227
vn 0.3354 -0.9014 -0.2737
vn 0.1281 -0.9903 -0.0533
vn -0.6628 -0.7291 0.1707
vn -0.4083 -0.9107 -0.0630
vn 0.2315 -0.9726 -0.0231
vn 0.0213 -0.9996 -0.0201
vn -0.6694 -0.7429 -0.0001
vn 0.0139 -0.9999 -0.0043
vn -0.1737 -0.9848 0.0042
vn -0.0129 -0.9999 0.0012
vn 0.0846 -0.9917 -0.0966
vn 0.0649 -0.9971 0.0403
vn 0.1432 -0.8819 0.4491
vn 0.9142 -0.4042 0.0289
vn 0.3844 -0.9227 0.0280
vn 0.4549 -0.8802 -0.1353
vn 0.2056 -0.9768 -0.0601
vn -0.0721 -0.9972 -0.0198
vn 0.4568 -0.8890 -0.0315
vn 0.1939 -0.9808 -0.0231
vn 0.3013 -0.9086 -0.2892
vn 0.0788 -0.9962 -0.0380
vn 0.1185 -0.9497 -0.2898
vn -0.0682 -0.9575 0.2803
vn 0.0614 -0.9443 -0.3234
vn -0.0203 -0.9956 -0.0913
vn 0.0001 -0.9973 -0.0739
vn -0.0189 -0.9996 -0.0199
vn 0.3976 -0.9160 -0.0529
vn 0.4633 -0.8841 0.0608
vn -0.1264 -0.9919 -0.0111
vn 0.9333 -0.3551 -0.0533
vn -0.1230 -0.9918 -0.0340
vn 0.0644 -0.9977 0.0221
vn 0.7002 -0.6156 0.3615
vn 0.1521 -0.9883 0.0084
vn -0.3447 -0.7108 0.6131
vn -0.2266 -0.7987 0.5574
vn -0.3894 -0.9048 0.1723
vn -0.4149 -0.7022 0.5786
vn -0.6726 -0.3030 0.6751
vn 0.1156 -0.8962 0.4283
vn 0.2252 -0.4474 0.8655
vn 0.3694 -0.9037 0.2163
vn 0.7226 -0.5930 0.3552
vn 0.5742 -0.7367 0.3572
vn 0.2250 -0.9743 -0.0107
vn -0.0164 -0.9992 0.0371
vn -0.0560 -0.9975 -0.0424
vn 0.4206 -0.8281 0.3707
vn -0.1738 -0.6344 0.7532
vn -0.2553 -0.6827 0.6846
vn -0.0550 -0.9413 0.3329
vn -0.1849 -0.8499 0.4935
vn 0.0612 -0.9893 -0.1328
vn -0.0310 -0.9993 0.0215
vn -0.7006 -0.6097 0.3706
vn -0.7265 -0.6458 -0.2348
vn -0.4315 -0.6489 -0.6267
vn -0.1731 -0.9810 -0.0878
vn 0.0255 -0.9942 0.1048
vn 0.0884 -0.9960 -0.0158
vn -0.2736 -0.8741 -0.4014
vn -0.0619 -0.8391 -0.5404
vn -0.0697 -0.7322 -0.6775
vn -0.0987 -0.9403 -0.3258
vn -0.1181 -0.9444 -0.3068
vn -0.2607 -0.7513 -0.6063
vn -0.1934 -0.9493 -0.2480
vn -0.4369 -0.7470 -0.5011
vn -0.2935 -0.8922 -0.3433
vn 0.1016 -0.9922 0.0720
vn 0.0033 -0.9989 0.0463
vn -0.1094 -0.8712 -0.4785
vn 0.0489 -0.9195 -0.3900
vn 0.0598 -0.9979 0.0235
vn 0.1381 -0.6312 -0.7632
vn -0.0938 -0.7754 -0.6245
vn 0.0877 -0.9957 0.0301
vn 0.0339 -0.8964 -0.4420
vn -0.2747 -0.9000 -0.3385
vn -0.6080 -0.7162 -0.3425
vn -0.0234 -0.9991 -0.0359
vn -0.6044 -0.7336 -0.3107
vn -0.4302 -0.8973 -0.0990
vn -0.4436 -0.8478 0.2905
vn -0.3836 -0.9057 0.1803
vn -0.2491 -0.8272 0.5036
vn 0.1041 -0.8485 0.5189
vn -0.0602 -0.9962 -0.0633
vn 0.1059 -0.9938 0.0327
vn 0.1717 -0.9778 0.1200
vn 0.2203 -0.9723 0.0779
vn 0.3701 -0.7966 0.4779
vn -0.0306 -0.9967 -0.0750
vn 0.6695 -0.6047 0.4314
vn -0.0154 -0.9921 -0.1244
vn 0.2092 -0.9511 0.2274
vn 0.2614 -0.7220 0.6406
vn 0.3313 -0.7578 0.5620
vn 0.3128 -0.9285 0.2001
vn -0.1507 -0.9843 -0.0915
vn -0.1166 -0.9906 -0.0721
vn 0.5292 -0.8270 0.1899
vn 0.4661 -0.5403 0.7006
vn -0.5101 -0.6816 0.5247
vn -0.9247 -0.3553 0.1365
vn -0.6486 -0.6453 -0.4036
vn -0.0807 -0.6620 -0.7452
vn -0.5008 -0.8576 -0.1170
vn -0.7480 -0.5553 -0.3635
vn -0.2647 -0.7693 -0.5815
vn -0.0624 -0.9069 -0.4166
vn -0.0424 -0.9183 -0.3937
vn -0.0438 -0.6749 -0.7366
vn 0.0248 -0.5954 -0.8030
vn 0.3868 -0.8778 -0.2826
vn 0.3498 -0.5938 -0.7246
vn 0.4092 -0.9094 -0.0741
vn 0.7484 -0.6573 -0.0888
vn 0.8297 -0.5475 -0.1088
vn 0.8623 -0.4972 -0.0963
vn 0.5014 -0.8217 0.2710
vn 0.6312 -0.6601 0.4071
vn 0.1094 -0.8971 0.4280
vn -0.1206 -0.8999 0.4191
vn 0.4593 -0.5813 0.6716
vn -0.1777 -0.7431 0.6452
vn 0.0847 -0.9545 0.2859
vn 0.1255 -0.9744 0.1866
vn 0.3211 -0.7036 0.6339
vn 0.0470 -0.8356 0.5473
vn -0.3754 -0.6845 0.6249
vn -0.3421 -0.8996 0.2713
vn -0.3641 -0.9164 0.1662
vn -0.6448 -0.7260 0.2392
vn -0.6721 -0.7311 0.1171
vn -0.6887 -0.7241 -0.0370
vn -0.3202 -0.9473 0.0115
vn -0.6762 -0.6766 0.2914
vn -0.4616 -0.8676 0.1847
vn -0.7307 -0.6802 0.0584
vn -0.3806 -0.8965 -0.2268
vn -0.6510 -0.5647 -0.5072
vn -0.3670 -0.8747 -0.3165
vn -0.5855 -0.6688 -0.4581
vn -0.0871 -0.8700 -0.4854
vn 0.1871 -0.8013 -0.5683
vn 0.0123 -0.9371 -0.3488
vn -0.0140 -0.9053 -0.4245
vn -0.2088 -0.7288 -0.6521
vn 0.0688 -0.8964 -0.4378
vn 0.3399 -0.5882 -0.7338
vn 0.4276 -0.9027 -0.0479
vn 0.3884 -0.9061 -0.1680
vn 0.3401 -0.8568 -0.3875
vn -0.1126 -0.9610 -0.2526
vn -0.3873 -0.9212 0.0358
vn -0.3979 -0.9174 0.0125
vn -0.2965 -0.9546 0.0278
vn -0.6715 -0.7237 -0.1590
vn -0.5041 -0.8368 0.2137
vn -0.3715 -0.9192 0.1305
vn -0.4137 -0.9039 0.1085
vn -0.4165 -0.9082 0.0416
vn -0.3928 -0.8484 0.3549
vn -0.0672 -0.9180 0.3908
vn -0.0994 -0.8796 0.4652
vn 0.0163 -0.9697 0.2437
vn -0.0020 -0.8956 0.4448
vn 0.2293 -0.9352 0.2699
vn 0.4394 -0.8114 0.3853
vn 0.3509 -0.9124 0.2107
vn 0.9422 -0.3036 0.1417
vn -0.5616 -0.1977 0.8035
vn -0.4748 -0.4017 0.7831
vn -0.5064 -0.1410 0.8507
vn 0.1773 -0.4963 0.8498
vn -0.1112 0.0054 -0.9938
vn -0.4132 -0.0057 -0.9106
vn -0.6504 -0.0113 -0.7595
vn -0.6234 -0.3591 -0.6946
vn -0.2841 -0.1080 -0.9527
vn -0.4096 -0.7900 -0.4563
vn -0.6452 -0.3153 -0.6959
vn -0.4925 -0.8042 -0.3328
vn -0.8427 -0.2910 -0.4530
vn -0.5370 -0.8036 -0.2566
vn -0.7064 -0.6908 -0.1542
vn -0.6179 -0.6977 0.3625
vn -0.4151 -0.1654 0.8946
vn 0.2624 -0.1356 0.9554
vn 0.6207 -0.6632 0.4182
vn 0.5575 -0.0163 0.8300
vn 0.3564 0.0593 0.9324
vn 0.4655 -0.0499 0.8836
vn 0.8056 -0.3329 0.4901
vn -0.6524 -0.3815 -0.6548
vn -0.4446 -0.1658 -0.8803
vn -0.1998 -0.3358 -0.9205
vn -0.0677 -0.0486 -0.9965
vn -0.1125 -0.3478 -0.9308
vn 0.9262 -0.3550 -0.1269
vn 0.9184 -0.3741 0.1291
vn 0.8744 -0.3660 0.3186
vn 0.8242 0.0011 0.5663
vn 0.7905 -0.3178 0.5235
vn -0.2718 -0.3582 0.8932
vn -0.2810 0.0195 0.9595
vn 0.2636 -0.3960 0.8796
vn 0.4131 -0.0042 0.9107
vn 0.0986 -0.4186 0.9028
vn 0.2144 -0.4302 0.8769
vn 0.3415 -0.4240 0.8388
vn -0.7124 -0.3759 0.5926
vn -0.8701 -0.2482 0.4258
vn -0.8547 -0.3736 0.3603
vn -0.9444 -0.0182 0.3283
vn -0.9824 -0.0284 0.1848
vn -0.9988 0.0082 -0.0476
vn -0.9485 -0.2606 -0.1804
vn -0.8974 -0.4185 0.1397
vn -0.9077 -0.0307 0.4186
vn -0.4643 -0.4112 -0.7845
vn -0.4997 -0.4031 -0.7666
vn -0.7646 -0.1441 -0.6282
vn -0.4463 -0.3477 -0.8246
vn 0.3078 -0.2792 -0.9096
vn 0.0110 -0.3693 -0.9292
vn -0.3475 -0.2631 -0.9000
vn -0.3090 -0.0044 -0.9511
vn -0.0441 -0.3366 -0.9406
vn 0.1619 -0.3274 -0.9309
vn 0.7824 0.0163 -0.6226
vn 0.8785 -0.3885 -0.2779
vn 0.9224 -0.3852 -0.0294
vn 0.9949 0.0823 -0.0575
vn 0.7477 -0.6638 0.0168
vn 0.6830 -0.7304 0.0003
vn 0.8350 -0.5294 -0.1501
vn 0.8805 0.0314 -0.4730
vn 0.5312 -0.6515 -0.5416
vn 0.6396 -0.0482 -0.7672
vn 0.5692 0.0986 -0.8163
vn 0.5096 -0.4176 -0.7523
vn 0.5088 -0.5818 -0.6346
vn 0.4752 0.1527 -0.8665
vn -0.7186 0.1814 -0.6713
vn -0.5102 -0.5970 -0.6191
vn -0.9973 -0.0652 0.0335
vn -0.9873 -0.0570 0.1482
vn -0.7928 -0.6086 -0.0324
vn -0.7585 -0.6387 0.1295
vn -0.8844 -0.0921 0.4575
vn -0.8989 0.0380 0.4366
vn -0.7869 -0.4982 0.3641
vn -0.7374 -0.6429 0.2072
vn -0.8284 -0.5033 0.2458
vn -0.9646 0.0635 0.2559
vn -0.8720 -0.4670 0.1467
vn -0.9973 -0.0401 0.0619
vn -0.9430 -0.3245 -0.0742
vn -0.8674 -0.4965 0.0321
vn -0.9992 0.0059 0.0396
vn -0.6475 -0.7613 -0.0324
vn -0.8046 -0.5918 -0.0496
vn -0.9068 -0.0285 0.4207
vn -0.2076 -0.9694 0.1312
vn -0.5789 -0.7983 0.1658
vn -0.5979 -0.2591 0.7586
vn -0.5940 -0.5171 0.6163
vn -0.6550 -0.0674 0.7526
vn -0.6193 0.0120 0.7851
vn -0.5433 -0.5161 0.6622
vn -0.3627 -0.0752 0.9289
vn -0.3288 -0.6469 0.6880
vn -0.0987 -0.5003 0.8602
vn -0.1831 -0.0864 0.9793
vn -0.1870 0.0115 0.9823
vn -0.1544 -0.5070 0.8480
vn 0.0757 -0.5094 0.8572
vn 0.0804 0.0218 0.9965
vn 0.2694 -0.7141 0.6461
vn 0.4160 -0.0077 0.9093
vn 0.4947 -0.6041 0.6248
vn 0.6288 -0.0619 0.7751
vn 0.7917 0.0368 0.6098
vn 0.6856 -0.4901 0.5383
vn 0.7434 0.0252 0.6684
vn -0.5207 0.0862 0.8494
vn -0.9774 -0.1383 -0.1601
vn -0.9739 -0.0528 0.2207
vn -0.6809 -0.1547 0.7158
vn -0.1303 -0.1594 0.9786
vt 0.110064 0.988350
vt 0.021905 0.873459
vt 0.050592 0.942715
vt 0.077324 0.969447
vt 0.146580 0.998134
vt 0.184385 0.998134
vt 0.220901 0.988350
vt 0.253641 0.969448
vt 0.280373 0.942715
vt 0.299275 0.909975
vt 0.309060 0.835654
vt 0.309060 0.873459
vt 0.299276 0.799138
vt 0.280373 0.766398
vt 0.253641 0.739666
vt 0.220901 0.720763
vt 0.184385 0.710979
vt 0.146580 0.710979
vt 0.077324 0.739666
vt 0.110064 0.720763
vt 0.050592 0.766398
vt 0.031689 0.799138
vt 0.021905 0.835654
vt 0.031689 0.909975
vt 0.028110 0.937061
vt 0.027953 0.933265
vt 0.027192 0.933815
vt 0.026717 0.925305
vt 0.028389 0.925305
vt 0.026740 0.922140
vt 0.028486 0.921637
vt 0.027569 0.912828
vt 0.028580 0.912023
vt 0.028047 0.906358
vt 0.027951 0.900630
vt 0.028595 0.890197
vt 0.027587 0.889764
vt 0.028477 0.884664
vt 0.026712 0.884664
vt 0.028436 0.877464
vt 0.027174 0.877464
vt 0.028162 0.871265
vt 0.026725 0.871265
vt 0.026731 0.866953
vt 0.028413 0.866953
vt 0.026706 0.862331
vt 0.028444 0.862331
vt 0.026690 0.857311
vt 0.028449 0.857311
vt 0.026705 0.853084
vt 0.028172 0.853084
vt 0.028663 0.851573
vt 0.027579 0.848552
vt 0.027586 0.844171
vt 0.028436 0.841882
vt 0.027584 0.839599
vt 0.028339 0.834578
vt 0.027188 0.834578
vt 0.028042 0.830040
vt 0.028061 0.821335
vt 0.027197 0.825565
vt 0.026711 0.821297
vt 0.027196 0.817999
vt 0.028166 0.818230
vt 0.029053 0.814780
vt 0.027716 0.812200
vt 0.028377 0.801610
vt 0.027201 0.801610
vt 0.026729 0.796397
vt 0.028431 0.796397
vt 0.027966 0.789171
vt 0.028442 0.782313
vt 0.026692 0.782313
vt 0.026703 0.777960
vt 0.028563 0.777960
vt 0.028436 0.773281
vt 0.027578 0.773281
vt 0.028079 0.769432
vt 0.027242 0.769243
vt 0.027585 0.762120
vt 0.028436 0.762120
vt 0.027395 0.757981
vt 0.028436 0.757981
vt 0.028000 0.752825
vt 0.026720 0.752825
vt 0.026729 0.747920
vt 0.028392 0.747920
vt 0.026725 0.742482
vt 0.028412 0.742482
vt 0.028593 0.736680
vt 0.027611 0.736680
vt 0.027611 0.731568
vt 0.028591 0.731568
vt 0.028069 0.726772
vt 0.028444 0.722675
vt 0.026705 0.722675
vt 0.028169 0.713553
vt 0.027182 0.717749
vt 0.026716 0.712543
vt 0.026714 0.708638
vt 0.028453 0.708638
vt 0.026706 0.704700
vt 0.028797 0.704700
vt 0.028023 0.700326
vt 0.028269 0.697209
vt 0.027192 0.697209
vt 0.028087 0.690960
vt 0.027415 0.693294
vt 0.027186 0.690346
vt 0.027245 0.687315
vt 0.028168 0.686905
vt 0.028075 0.676497
vt 0.027192 0.676136
vt 0.027202 0.670160
vt 0.028318 0.670160
vt 0.026711 0.666546
vt 0.028436 0.666546
vt 0.026702 0.661416
vt 0.028195 0.661416
vt 0.027181 0.654512
vt 0.028495 0.658225
vt 0.026969 0.642921
vt 0.028127 0.642898
vt 0.027400 0.630271
vt 0.028436 0.630193
vt 0.028118 0.617800
vt 0.027182 0.617836
vt 0.027190 0.612108
vt 0.028315 0.612108
vt 0.027186 0.607135
vt 0.028058 0.606782
vt 0.027254 0.600290
vt 0.028226 0.600240
vt 0.027196 0.596504
vt 0.028257 0.596504
vt 0.028611 0.594001
vt 0.027199 0.594001
vt 0.028184 0.590718
vt 0.027191 0.590424
vt 0.027867 0.581740
vt 0.028156 0.577842
vt 0.027196 0.577862
vt 0.027580 0.569887
vt 0.028630 0.577785
vt 0.028368 0.568959
vt 0.027187 0.566373
vt 0.027188 0.562808
vt 0.028257 0.563120
vt 0.027189 0.559138
vt 0.028131 0.555930
vt 0.026717 0.555586
vt 0.028077 0.551569
vt 0.028151 0.547128
vt 0.027187 0.547128
vt 0.027579 0.542876
vt 0.028087 0.540893
vt 0.027186 0.538037
vt 0.027521 0.530324
vt 0.028413 0.527375
vt 0.027580 0.525192
vt 0.027900 0.520047
vt 0.028236 0.510002
vt 0.027358 0.514811
vt 0.027190 0.509847
vt 0.027591 0.504927
vt 0.028732 0.509798
vt 0.028235 0.499518
vt 0.026719 0.499518
vt 0.026719 0.493750
vt 0.028333 0.493750
vt 0.026707 0.488951
vt 0.028424 0.488951
vt 0.027185 0.484312
vt 0.028178 0.484312
vt 0.027185 0.479191
vt 0.028285 0.479191
vt 0.027515 0.474137
vt 0.028408 0.474364
vt 0.026717 0.465722
vt 0.028286 0.465722
vt 0.027199 0.461732
vt 0.028162 0.461756
vt 0.027187 0.452079
vt 0.028191 0.452034
vt 0.027398 0.447187
vt 0.028722 0.451949
vt 0.027578 0.442053
vt 0.028275 0.439356
vt 0.027187 0.437097
vt 0.027190 0.427168
vt 0.028113 0.427076
vt 0.027195 0.422086
vt 0.028392 0.422086
vt 0.028069 0.416933
vt 0.028421 0.411667
vt 0.027188 0.411667
vt 0.027377 0.406643
vt 0.028252 0.405147
vt 0.027190 0.397208
vt 0.028321 0.396940
vt 0.027191 0.392036
vt 0.028261 0.392036
vt 0.027189 0.388793
vt 0.028169 0.388899
vt 0.028143 0.382805
vt 0.026745 0.382884
vt 0.028060 0.381365
vt 0.028145 0.375681
vt 0.028621 0.381342
vt 0.026692 0.375897
vt 0.027190 0.369951
vt 0.028172 0.369210
vt 0.027190 0.365890
vt 0.027959 0.357960
vt 0.027574 0.361662
vt 0.027187 0.357610
vt 0.028436 0.352682
vt 0.027579 0.352797
vt 0.028134 0.343612
vt 0.027190 0.343585
vt 0.027191 0.340810
vt 0.028247 0.340288
vt 0.027187 0.337972
vt 0.028293 0.330362
vt 0.027603 0.333214
vt 0.027189 0.329953
vt 0.027184 0.323167
vt 0.028093 0.320086
vt 0.027186 0.318399
vt 0.027191 0.313656
vt 0.028271 0.313656
vt 0.027191 0.309009
vt 0.028296 0.309009
vt 0.027186 0.304728
vt 0.027887 0.303205
vt 0.027660 0.298689
vt 0.028717 0.304469
vt 0.029416 0.937061
vt 0.029399 0.934941
vt 0.029423 0.906358
vt 0.028765 0.901346
vt 0.029418 0.877464
vt 0.029417 0.848552
vt 0.029417 0.844171
vt 0.029416 0.839599
vt 0.029417 0.834578
vt 0.029420 0.830039
vt 0.029397 0.825565
vt 0.028710 0.821297
vt 0.028779 0.818140
vt 0.029391 0.811364
vt 0.028683 0.789171
vt 0.029417 0.773281
vt 0.028719 0.769382
vt 0.029417 0.762120
vt 0.029417 0.757980
vt 0.029419 0.726772
vt 0.029416 0.717749
vt 0.028696 0.712543
vt 0.029417 0.700325
vt 0.029417 0.697209
vt 0.028765 0.692957
vt 0.028749 0.688570
vt 0.028831 0.675120
vt 0.029416 0.677958
vt 0.028730 0.654599
vt 0.028741 0.642872
vt 0.029415 0.630153
vt 0.028706 0.617787
vt 0.029417 0.612108
vt 0.028722 0.607135
vt 0.029416 0.603207
vt 0.028745 0.599734
vt 0.028792 0.590706
vt 0.028678 0.581771
vt 0.029418 0.569887
vt 0.029416 0.566373
vt 0.028741 0.562810
vt 0.028702 0.555996
vt 0.029417 0.551569
vt 0.028754 0.546400
vt 0.029417 0.538584
vt 0.028729 0.520105
vt 0.029417 0.525192
vt 0.029418 0.514811
vt 0.029412 0.504927
vt 0.028771 0.484312
vt 0.029417 0.479191
vt 0.029416 0.474916
vt 0.028776 0.470599
vt 0.028713 0.461772
vt 0.029414 0.447186
vt 0.029417 0.442053
vt 0.028730 0.436933
vt 0.028700 0.426939
vt 0.029417 0.416933
vt 0.029416 0.406643
vt 0.028800 0.396810
vt 0.029417 0.401447
vt 0.029417 0.392036
vt 0.028736 0.388936
vt 0.028689 0.382884
vt 0.029416 0.375897
vt 0.028787 0.369966
vt 0.029414 0.365890
vt 0.029417 0.361662
vt 0.029417 0.357610
vt 0.029008 0.352722
vt 0.028720 0.343564
vt 0.029417 0.340810
vt 0.028725 0.338337
vt 0.028785 0.330746
vt 0.029406 0.323214
vt 0.028722 0.318399
vt 0.029417 0.313656
vt 0.029416 0.309009
vt 0.029419 0.298689
vt 0.029416 0.301543
vt 0.022534 0.937061
vt 0.023197 0.933706
vt 0.022537 0.933866
vt 0.029417 0.931519
vt 0.029417 0.925305
vt 0.022533 0.925305
vt 0.029417 0.921215
vt 0.029417 0.911571
vt 0.022538 0.911915
vt 0.023188 0.906358
vt 0.022537 0.906358
vt 0.029417 0.901488
vt 0.022537 0.901692
vt 0.023705 0.901692
vt 0.022544 0.890655
vt 0.029417 0.890477
vt 0.029417 0.884664
vt 0.022539 0.884664
vt 0.023652 0.877464
vt 0.022537 0.877464
vt 0.029417 0.871265
vt 0.022537 0.871265
vt 0.023672 0.871265
vt 0.022537 0.866953
vt 0.023721 0.866953
vt 0.029417 0.866953
vt 0.029417 0.862331
vt 0.022538 0.862331
vt 0.029417 0.857311
vt 0.029417 0.853084
vt 0.022546 0.853084
vt 0.023184 0.848552
vt 0.022537 0.848552
vt 0.022537 0.844171
vt 0.023186 0.844171
vt 0.022537 0.839599
vt 0.023187 0.839599
vt 0.022537 0.834578
vt 0.023187 0.834578
vt 0.022537 0.830039
vt 0.023188 0.830040
vt 0.022537 0.825565
vt 0.023189 0.825565
vt 0.022537 0.821297
vt 0.023186 0.821297
vt 0.029417 0.821297
vt 0.029417 0.818230
vt 0.022538 0.818230
vt 0.029417 0.814851
vt 0.022540 0.814851
vt 0.023188 0.810433
vt 0.022537 0.810466
vt 0.029417 0.807184
vt 0.029417 0.801610
vt 0.022537 0.801610
vt 0.023440 0.801610
vt 0.022537 0.796397
vt 0.023711 0.796397
vt 0.029417 0.796397
vt 0.029417 0.789171
vt 0.022534 0.789171
vt 0.029417 0.782313
vt 0.029417 0.777960
vt 0.022544 0.777960
vt 0.023646 0.773281
vt 0.022537 0.773281
vt 0.029417 0.769713
vt 0.022537 0.769713
vt 0.023186 0.769350
vt 0.022537 0.766167
vt 0.029417 0.766167
vt 0.022537 0.762120
vt 0.023186 0.762120
vt 0.022540 0.757980
vt 0.029417 0.752825
vt 0.023667 0.752825
vt 0.022537 0.752825
vt 0.022536 0.747920
vt 0.029417 0.747920
vt 0.029417 0.742482
vt 0.029417 0.736680
vt 0.029417 0.731568
vt 0.029417 0.722675
vt 0.022539 0.722675
vt 0.023661 0.717749
vt 0.022537 0.717749
vt 0.029417 0.712543
vt 0.022537 0.712543
vt 0.023189 0.712543
vt 0.022542 0.708638
vt 0.029417 0.708638
vt 0.029417 0.704700
vt 0.022549 0.704700
vt 0.023651 0.700325
vt 0.022537 0.700325
vt 0.022537 0.697209
vt 0.023187 0.697209
vt 0.022537 0.692815
vt 0.023192 0.692804
vt 0.029417 0.692819
vt 0.022537 0.689672
vt 0.023186 0.689665
vt 0.029417 0.690346
vt 0.029417 0.688179
vt 0.022537 0.685391
vt 0.023193 0.685381
vt 0.029417 0.685390
vt 0.022537 0.677958
vt 0.023194 0.675960
vt 0.022537 0.674584
vt 0.029417 0.674584
vt 0.029417 0.670160
vt 0.022537 0.670160
vt 0.023445 0.670160
vt 0.022542 0.666546
vt 0.029417 0.666546
vt 0.029417 0.661416
vt 0.029417 0.654512
vt 0.029417 0.642978
vt 0.022538 0.654512
vt 0.023191 0.642858
vt 0.022537 0.642869
vt 0.022537 0.630291
vt 0.023152 0.630254
vt 0.022537 0.617758
vt 0.023238 0.617768
vt 0.029417 0.617758
vt 0.022537 0.612108
vt 0.023188 0.612108
vt 0.022537 0.607135
vt 0.029417 0.607135
vt 0.023595 0.606596
vt 0.022537 0.603207
vt 0.022537 0.599734
vt 0.023194 0.599734
vt 0.029417 0.599734
vt 0.029417 0.596506
vt 0.022537 0.596506
vt 0.023671 0.596504
vt 0.022541 0.594000
vt 0.029417 0.594000
vt 0.029417 0.590767
vt 0.029417 0.581787
vt 0.022542 0.590770
vt 0.023239 0.581823
vt 0.022537 0.581787
vt 0.022541 0.577977
vt 0.029417 0.577977
vt 0.029417 0.574009
vt 0.022555 0.574009
vt 0.023181 0.569887
vt 0.022537 0.569887
vt 0.022540 0.566373
vt 0.023189 0.562810
vt 0.022537 0.562808
vt 0.029417 0.562808
vt 0.029417 0.559138
vt 0.022537 0.559138
vt 0.023192 0.559138
vt 0.022537 0.555585
vt 0.023433 0.555585
vt 0.029417 0.555585
vt 0.022537 0.551569
vt 0.023186 0.551569
vt 0.022539 0.547128
vt 0.029417 0.547128
vt 0.029417 0.542876
vt 0.022540 0.538584
vt 0.023199 0.530647
vt 0.022537 0.530687
vt 0.029417 0.530683
vt 0.022537 0.525192
vt 0.023187 0.525192
vt 0.022537 0.520047
vt 0.023186 0.520047
vt 0.029417 0.520047
vt 0.022537 0.514811
vt 0.023186 0.514811
vt 0.022539 0.509849
vt 0.029417 0.509849
vt 0.023188 0.504927
vt 0.022537 0.504927
vt 0.022537 0.499518
vt 0.023194 0.499518
vt 0.029417 0.499518
vt 0.029417 0.493750
vt 0.022537 0.493750
vt 0.023683 0.493750
vt 0.022540 0.488951
vt 0.029417 0.488951
vt 0.029417 0.484312
vt 0.022538 0.479191
vt 0.023187 0.474916
vt 0.022537 0.474916
vt 0.022537 0.470599
vt 0.023193 0.470599
vt 0.029417 0.470599
vt 0.029417 0.465722
vt 0.022537 0.465722
vt 0.023675 0.465722
vt 0.022537 0.461784
vt 0.023186 0.461808
vt 0.029417 0.461808
vt 0.029417 0.457332
vt 0.022537 0.452081
vt 0.029417 0.452081
vt 0.022543 0.447186
vt 0.023183 0.442053
vt 0.022537 0.442053
vt 0.029417 0.436943
vt 0.022537 0.436945
vt 0.023392 0.437044
vt 0.029417 0.426939
vt 0.022537 0.426939
vt 0.023495 0.427011
vt 0.022537 0.422086
vt 0.023431 0.422086
vt 0.029417 0.422086
vt 0.022537 0.416933
vt 0.023187 0.416933
vt 0.022538 0.411667
vt 0.029417 0.411667
vt 0.022539 0.406643
vt 0.023188 0.401447
vt 0.022537 0.401447
vt 0.029417 0.396302
vt 0.022537 0.396302
vt 0.023188 0.396302
vt 0.022537 0.392036
vt 0.023185 0.392036
vt 0.029417 0.388887
vt 0.022537 0.388883
vt 0.023197 0.388864
vt 0.029417 0.382884
vt 0.022537 0.382884
vt 0.023525 0.382885
vt 0.022544 0.381383
vt 0.029417 0.381383
vt 0.029417 0.379614
vt 0.029417 0.372709
vt 0.029417 0.369672
vt 0.022546 0.365890
vt 0.023185 0.361662
vt 0.022537 0.361662
vt 0.022537 0.357610
vt 0.023419 0.357610
vt 0.022537 0.353849
vt 0.023186 0.352955
vt 0.029417 0.353849
vt 0.029417 0.350286
vt 0.022537 0.350286
vt 0.022536 0.343674
vt 0.029417 0.343673
vt 0.029417 0.338339
vt 0.029417 0.335663
vt 0.029417 0.332927
vt 0.022535 0.335663
vt 0.023186 0.332927
vt 0.022537 0.332927
vt 0.022539 0.330214
vt 0.029417 0.330214
vt 0.029417 0.327101
vt 0.029417 0.318402
vt 0.022536 0.323167
vt 0.023187 0.318399
vt 0.022537 0.318402
vt 0.022537 0.313656
vt 0.023188 0.313656
vt 0.022539 0.309009
vt 0.029417 0.304728
vt 0.022539 0.304728
vt 0.023184 0.301543
vt 0.022537 0.301543
vt 0.022537 0.298689
vt 0.023678 0.298689
vt 0.024031 0.937061
vt 0.024070 0.933686
vt 0.024118 0.925305
vt 0.024204 0.921607
vt 0.022545 0.921514
vt 0.024433 0.912123
vt 0.024512 0.906358
vt 0.024475 0.890425
vt 0.023675 0.884664
vt 0.023690 0.862331
vt 0.022542 0.857311
vt 0.024149 0.857311
vt 0.023653 0.853084
vt 0.024074 0.848552
vt 0.024081 0.844171
vt 0.024079 0.839599
vt 0.024072 0.834578
vt 0.024086 0.830040
vt 0.024082 0.821216
vt 0.024118 0.818230
vt 0.023657 0.814851
vt 0.024090 0.810286
vt 0.024581 0.789171
vt 0.023668 0.782313
vt 0.022541 0.782313
vt 0.024113 0.777960
vt 0.024080 0.769277
vt 0.024080 0.762120
vt 0.023669 0.757981
vt 0.024099 0.747920
vt 0.022532 0.742482
vt 0.024119 0.742482
vt 0.022536 0.736680
vt 0.024542 0.736680
vt 0.022534 0.731568
vt 0.024542 0.731568
vt 0.022537 0.726772
vt 0.024529 0.726772
vt 0.024125 0.722675
vt 0.024079 0.712543
vt 0.023676 0.708638
vt 0.024140 0.704700
vt 0.024085 0.697209
vt 0.024075 0.691692
vt 0.023865 0.686940
vt 0.024088 0.675876
vt 0.023685 0.666546
vt 0.022550 0.661416
vt 0.023660 0.661416
vt 0.023654 0.654512
vt 0.024076 0.642866
vt 0.024066 0.630269
vt 0.024071 0.617774
vt 0.024078 0.612108
vt 0.024444 0.606513
vt 0.024360 0.599715
vt 0.024526 0.594001
vt 0.024154 0.590718
vt 0.024074 0.581803
vt 0.024110 0.577977
vt 0.023893 0.574009
vt 0.024075 0.569887
vt 0.023661 0.566373
vt 0.024078 0.562810
vt 0.024494 0.560978
vt 0.024535 0.551569
vt 0.023660 0.547128
vt 0.022539 0.542876
vt 0.023656 0.542876
vt 0.023858 0.538584
vt 0.024076 0.530622
vt 0.024075 0.525192
vt 0.024309 0.520047
vt 0.024067 0.514811
vt 0.023663 0.509849
vt 0.024086 0.504927
vt 0.024428 0.500263
vt 0.023671 0.488951
vt 0.022543 0.484312
vt 0.023658 0.484312
vt 0.023658 0.479191
vt 0.024081 0.474916
vt 0.024090 0.470599
vt 0.024350 0.461795
vt 0.023660 0.452024
vt 0.023665 0.447188
vt 0.024072 0.442053
vt 0.024520 0.416933
vt 0.023661 0.411667
vt 0.023657 0.406643
vt 0.024075 0.401447
vt 0.024088 0.396315
vt 0.024082 0.392036
vt 0.024121 0.388904
vt 0.023702 0.381381
vt 0.022565 0.379101
vt 0.023658 0.379101
vt 0.022536 0.375897
vt 0.023648 0.375897
vt 0.022536 0.372709
vt 0.023854 0.372709
vt 0.022539 0.369672
vt 0.023664 0.369674
vt 0.023664 0.365890
vt 0.024324 0.359270
vt 0.024073 0.352834
vt 0.023653 0.343662
vt 0.022539 0.340810
vt 0.023664 0.340810
vt 0.022541 0.338339
vt 0.023661 0.338274
vt 0.024352 0.331038
vt 0.023662 0.329904
vt 0.022546 0.327101
vt 0.024000 0.323700
vt 0.024073 0.318399
vt 0.024081 0.313656
vt 0.023664 0.309009
vt 0.023659 0.304728
vt 0.024238 0.302673
vt 0.024838 0.937061
vt 0.025037 0.925305
vt 0.024960 0.901035
vt 0.024947 0.884664
vt 0.024862 0.877464
vt 0.025020 0.871265
vt 0.025053 0.866953
vt 0.024908 0.862331
vt 0.024546 0.853084
vt 0.024851 0.846485
vt 0.024875 0.838359
vt 0.024899 0.829748
vt 0.025048 0.821297
vt 0.024503 0.813404
vt 0.024509 0.801610
vt 0.025066 0.796397
vt 0.024895 0.782313
vt 0.024821 0.773281
vt 0.025379 0.769619
vt 0.024861 0.762120
vt 0.024950 0.757981
vt 0.025052 0.747999
vt 0.025053 0.742482
vt 0.025252 0.722281
vt 0.025030 0.712543
vt 0.024907 0.708638
vt 0.024925 0.701146
vt 0.025039 0.697209
vt 0.024888 0.692394
vt 0.024488 0.686892
vt 0.024697 0.676231
vt 0.024498 0.670160
vt 0.024904 0.666546
vt 0.025267 0.661416
vt 0.024519 0.654512
vt 0.024902 0.642871
vt 0.024786 0.630234
vt 0.024837 0.617797
vt 0.024970 0.612108
vt 0.025113 0.598739
vt 0.024835 0.581763
vt 0.024993 0.569674
vt 0.024514 0.555585
vt 0.024476 0.546118
vt 0.024845 0.527019
vt 0.024490 0.509957
vt 0.025035 0.493750
vt 0.024886 0.488951
vt 0.024546 0.484312
vt 0.024723 0.479191
vt 0.024788 0.473666
vt 0.025020 0.465722
vt 0.024559 0.452042
vt 0.024561 0.447188
vt 0.025034 0.444126
vt 0.024515 0.437097
vt 0.024504 0.427063
vt 0.024856 0.422086
vt 0.024880 0.411667
vt 0.024822 0.406643
vt 0.025055 0.392036
vt 0.025283 0.388933
vt 0.024498 0.382884
vt 0.024724 0.381353
vt 0.024511 0.375897
vt 0.024490 0.369427
vt 0.025244 0.364925
vt 0.024894 0.352671
vt 0.024510 0.343619
vt 0.024723 0.340810
vt 0.024530 0.337505
vt 0.024837 0.323167
vt 0.024867 0.318399
vt 0.025048 0.313656
vt 0.024930 0.309009
vt 0.024909 0.298715
vt 0.026159 0.937061
vt 0.025487 0.933913
vt 0.025269 0.922075
vt 0.026150 0.912964
vt 0.026210 0.906358
vt 0.026201 0.900473
vt 0.026167 0.889764
vt 0.025710 0.877464
vt 0.025277 0.857311
vt 0.025317 0.853084
vt 0.025707 0.848552
vt 0.025705 0.844171
vt 0.025714 0.839599
vt 0.025975 0.834578
vt 0.025705 0.830040
vt 0.025729 0.825565
vt 0.025224 0.818096
vt 0.025157 0.812389
vt 0.025709 0.801610
vt 0.026127 0.789171
vt 0.025316 0.777960
vt 0.026206 0.773281
vt 0.026215 0.769439
vt 0.025704 0.762120
vt 0.025251 0.752825
vt 0.026147 0.736680
vt 0.026147 0.731568
vt 0.026164 0.726772
vt 0.025711 0.717750
vt 0.026201 0.700326
vt 0.025703 0.692711
vt 0.025357 0.689383
vt 0.025349 0.676259
vt 0.025704 0.685361
vt 0.025697 0.670160
vt 0.025295 0.654604
vt 0.025705 0.642877
vt 0.025966 0.630183
vt 0.026038 0.617812
vt 0.025488 0.605910
vt 0.025715 0.596504
vt 0.025687 0.594001
vt 0.025296 0.590609
vt 0.025700 0.581787
vt 0.025246 0.577910
vt 0.025698 0.569776
vt 0.025999 0.562810
vt 0.025270 0.556024
vt 0.026193 0.551569
vt 0.025282 0.547128
vt 0.025297 0.542424
vt 0.025706 0.530151
vt 0.025704 0.525192
vt 0.025465 0.520095
vt 0.025301 0.510142
vt 0.025726 0.504927
vt 0.025264 0.499518
vt 0.025314 0.484312
vt 0.025989 0.479191
vt 0.025713 0.474916
vt 0.026010 0.470599
vt 0.025239 0.461737
vt 0.025285 0.452079
vt 0.025289 0.436855
vt 0.025706 0.442053
vt 0.025269 0.426939
vt 0.026200 0.416933
vt 0.025996 0.406643
vt 0.025250 0.397415
vt 0.025236 0.382887
vt 0.025605 0.381369
vt 0.025213 0.375944
vt 0.025312 0.369984
vt 0.025564 0.360619
vt 0.025709 0.352912
vt 0.025297 0.343585
vt 0.025983 0.340810
vt 0.025221 0.338318
vt 0.025475 0.332927
vt 0.025290 0.330001
vt 0.025295 0.304728
vt 0.025717 0.301543
vt 0.026086 0.298689
vt 0.026271 0.933874
vt 0.026723 0.848552
vt 0.026725 0.844171
vt 0.026726 0.839599
vt 0.026727 0.830040
vt 0.026248 0.818024
vt 0.026723 0.810609
vt 0.026726 0.766167
vt 0.026725 0.762120
vt 0.026263 0.757981
vt 0.026254 0.697209
vt 0.026591 0.692934
vt 0.026261 0.689674
vt 0.026717 0.685335
vt 0.026270 0.676193
vt 0.026278 0.654638
vt 0.026257 0.612108
vt 0.026257 0.607135
vt 0.026725 0.603207
vt 0.026270 0.599734
vt 0.026246 0.590445
vt 0.026725 0.581787
vt 0.026253 0.577864
vt 0.026720 0.569887
vt 0.026263 0.566373
vt 0.026262 0.559138
vt 0.026251 0.547128
vt 0.026488 0.542876
vt 0.026263 0.538188
vt 0.026727 0.530151
vt 0.026726 0.525192
vt 0.026725 0.520047
vt 0.026261 0.514811
vt 0.026259 0.509849
vt 0.026726 0.504927
vt 0.026256 0.484312
vt 0.026726 0.474916
vt 0.026244 0.461728
vt 0.026256 0.452079
vt 0.026259 0.447188
vt 0.026722 0.442053
vt 0.026261 0.436743
vt 0.026262 0.426939
vt 0.026258 0.422086
vt 0.026252 0.411667
vt 0.026260 0.397300
vt 0.026254 0.392036
vt 0.026261 0.388881
vt 0.026695 0.381391
vt 0.026259 0.369978
vt 0.026258 0.365890
vt 0.026723 0.361662
vt 0.026260 0.357610
vt 0.026725 0.352845
vt 0.026263 0.343580
vt 0.026256 0.338042
vt 0.026725 0.332927
vt 0.026259 0.329982
vt 0.026260 0.323167
vt 0.026264 0.318399
vt 0.026259 0.313656
vt 0.026254 0.309009
vt 0.026256 0.304728
vt 0.026722 0.301543
vt 0.020428 0.948355
vt 0.020272 0.944559
vt 0.019510 0.945109
vt 0.019035 0.936599
vt 0.020708 0.936599
vt 0.019059 0.933434
vt 0.020805 0.932931
vt 0.019887 0.924122
vt 0.020899 0.923317
vt 0.020365 0.917652
vt 0.020270 0.911924
vt 0.020914 0.901492
vt 0.019906 0.901058
vt 0.020796 0.895958
vt 0.019030 0.895958
vt 0.020755 0.888758
vt 0.019492 0.888758
vt 0.020481 0.882559
vt 0.019043 0.882559
vt 0.019050 0.878247
vt 0.020732 0.878247
vt 0.019024 0.873625
vt 0.020763 0.873625
vt 0.019009 0.868605
vt 0.020768 0.868605
vt 0.019023 0.864378
vt 0.020491 0.864378
vt 0.020982 0.862867
vt 0.019897 0.859846
vt 0.019905 0.855465
vt 0.020755 0.853176
vt 0.019902 0.850893
vt 0.020658 0.845872
vt 0.019506 0.845872
vt 0.020361 0.841334
vt 0.020380 0.832629
vt 0.019516 0.836859
vt 0.019030 0.832591
vt 0.019514 0.829293
vt 0.020485 0.829524
vt 0.021372 0.826073
vt 0.020034 0.823494
vt 0.020696 0.812904
vt 0.019519 0.812904
vt 0.019048 0.807691
vt 0.020750 0.807691
vt 0.020285 0.800465
vt 0.020761 0.793607
vt 0.019010 0.793607
vt 0.019022 0.789254
vt 0.020882 0.789254
vt 0.020755 0.784575
vt 0.019897 0.784575
vt 0.019903 0.780436
vt 0.020927 0.780533
vt 0.019903 0.773414
vt 0.020755 0.773414
vt 0.019714 0.769275
vt 0.020755 0.769275
vt 0.020319 0.764119
vt 0.019039 0.764119
vt 0.019048 0.759214
vt 0.020711 0.759214
vt 0.019043 0.753776
vt 0.020731 0.753776
vt 0.020912 0.747974
vt 0.019929 0.747974
vt 0.019930 0.742862
vt 0.020910 0.742862
vt 0.020388 0.738066
vt 0.020763 0.733969
vt 0.019024 0.733969
vt 0.020488 0.724847
vt 0.019500 0.729043
vt 0.019034 0.723837
vt 0.019032 0.719932
vt 0.020772 0.719932
vt 0.019025 0.715994
vt 0.021115 0.715994
vt 0.020342 0.711620
vt 0.020588 0.708503
vt 0.019510 0.708503
vt 0.020406 0.702253
vt 0.019733 0.704588
vt 0.019504 0.701640
vt 0.019563 0.698609
vt 0.020487 0.698199
vt 0.020395 0.687791
vt 0.019510 0.687429
vt 0.019520 0.681454
vt 0.020637 0.681454
vt 0.019029 0.677840
vt 0.020755 0.677840
vt 0.019021 0.672710
vt 0.020514 0.672710
vt 0.019499 0.665806
vt 0.020814 0.669519
vt 0.019287 0.654215
vt 0.020446 0.654192
vt 0.019718 0.641565
vt 0.020755 0.641487
vt 0.020437 0.629094
vt 0.019500 0.629130
vt 0.019508 0.623402
vt 0.020634 0.623402
vt 0.019504 0.618429
vt 0.020377 0.618076
vt 0.019572 0.611584
vt 0.020545 0.611534
vt 0.019514 0.607798
vt 0.020576 0.607798
vt 0.020930 0.605295
vt 0.019518 0.605295
vt 0.020503 0.602012
vt 0.019509 0.601718
vt 0.020186 0.593034
vt 0.020475 0.589136
vt 0.019513 0.589156
vt 0.019898 0.581181
vt 0.020949 0.589079
vt 0.020687 0.580252
vt 0.019505 0.577667
vt 0.019506 0.574102
vt 0.020576 0.574414
vt 0.019507 0.570432
vt 0.020450 0.567225
vt 0.019036 0.566880
vt 0.020396 0.562863
vt 0.020470 0.558422
vt 0.019505 0.558422
vt 0.019501 0.554171
vt 0.020452 0.553382
vt 0.019504 0.549331
vt 0.019839 0.541618
vt 0.020732 0.538670
vt 0.019898 0.536486
vt 0.020218 0.531341
vt 0.020555 0.521296
vt 0.019676 0.526105
vt 0.019508 0.521141
vt 0.019909 0.516221
vt 0.021050 0.521092
vt 0.020554 0.510812
vt 0.019038 0.510812
vt 0.019520 0.505044
vt 0.020652 0.505044
vt 0.019026 0.500245
vt 0.020742 0.500245
vt 0.019503 0.495606
vt 0.020497 0.495606
vt 0.019503 0.490485
vt 0.020604 0.490485
vt 0.019834 0.485432
vt 0.020727 0.485658
vt 0.019035 0.477017
vt 0.020605 0.477017
vt 0.019517 0.473026
vt 0.020481 0.473049
vt 0.019505 0.463373
vt 0.020510 0.463328
vt 0.019717 0.458481
vt 0.021040 0.463243
vt 0.019896 0.453347
vt 0.020594 0.450650
vt 0.019505 0.448391
vt 0.019508 0.438462
vt 0.020432 0.438370
vt 0.019513 0.433380
vt 0.020710 0.433380
vt 0.020388 0.428227
vt 0.020740 0.422961
vt 0.019506 0.422961
vt 0.019695 0.417937
vt 0.020571 0.416441
vt 0.019508 0.408502
vt 0.020640 0.408234
vt 0.019509 0.403331
vt 0.020580 0.403331
vt 0.019507 0.400087
vt 0.020488 0.400193
vt 0.020462 0.394099
vt 0.019064 0.394178
vt 0.020379 0.392659
vt 0.020463 0.386974
vt 0.020939 0.392636
vt 0.019010 0.387191
vt 0.019508 0.381245
vt 0.020491 0.380504
vt 0.019508 0.377184
vt 0.020278 0.369254
vt 0.019893 0.372956
vt 0.019505 0.368904
vt 0.020755 0.363976
vt 0.019897 0.364091
vt 0.020453 0.354906
vt 0.019508 0.354879
vt 0.019509 0.352104
vt 0.020566 0.351582
vt 0.019505 0.349266
vt 0.020612 0.341656
vt 0.019922 0.344508
vt 0.019507 0.341247
vt 0.019502 0.334461
vt 0.020412 0.331380
vt 0.019504 0.329693
vt 0.019509 0.324950
vt 0.020590 0.324950
vt 0.019509 0.320303
vt 0.020615 0.320303
vt 0.019504 0.316022
vt 0.020205 0.314500
vt 0.019978 0.309983
vt 0.021035 0.315763
vt 0.021735 0.948355
vt 0.021718 0.946235
vt 0.021742 0.917652
vt 0.021084 0.912640
vt 0.021736 0.888758
vt 0.021735 0.859846
vt 0.021735 0.855465
vt 0.021734 0.850893
vt 0.021735 0.845872
vt 0.021738 0.841333
vt 0.021715 0.836859
vt 0.021029 0.832591
vt 0.021098 0.829434
vt 0.021709 0.822658
vt 0.021002 0.800465
vt 0.021735 0.784575
vt 0.021735 0.773414
vt 0.021735 0.769274
vt 0.021737 0.738066
vt 0.021734 0.729043
vt 0.021015 0.723837
vt 0.021735 0.711619
vt 0.021735 0.708503
vt 0.021084 0.704251
vt 0.021068 0.699865
vt 0.021150 0.686414
vt 0.021734 0.689252
vt 0.021049 0.665893
vt 0.021060 0.654166
vt 0.021733 0.641447
vt 0.021025 0.629081
vt 0.021735 0.623402
vt 0.021041 0.618429
vt 0.021734 0.614501
vt 0.021064 0.611028
vt 0.021111 0.602000
vt 0.020997 0.593065
vt 0.021736 0.581181
vt 0.021734 0.577667
vt 0.021060 0.574104
vt 0.021021 0.567290
vt 0.021735 0.562863
vt 0.021073 0.557694
vt 0.021735 0.549878
vt 0.021048 0.531399
vt 0.021735 0.536486
vt 0.021736 0.526105
vt 0.021730 0.516221
vt 0.021090 0.495606
vt 0.021735 0.490485
vt 0.021734 0.486210
vt 0.021094 0.481894
vt 0.021031 0.473066
vt 0.021732 0.458480
vt 0.021735 0.453347
vt 0.021049 0.448227
vt 0.021018 0.438233
vt 0.021735 0.428227
vt 0.021734 0.417937
vt 0.021118 0.408104
vt 0.021735 0.412741
vt 0.021735 0.403331
vt 0.021054 0.400230
vt 0.021008 0.394178
vt 0.021734 0.387191
vt 0.021106 0.381260
vt 0.021732 0.377184
vt 0.021735 0.372956
vt 0.021735 0.368904
vt 0.021326 0.364016
vt 0.021038 0.354858
vt 0.021735 0.352104
vt 0.021043 0.349631
vt 0.021103 0.342040
vt 0.021724 0.334508
vt 0.021040 0.329693
vt 0.021735 0.324950
vt 0.021734 0.320303
vt 0.021738 0.309983
vt 0.021734 0.312838
vt 0.014853 0.948355
vt 0.015516 0.945000
vt 0.014856 0.945160
vt 0.021736 0.942813
vt 0.021736 0.936599
vt 0.014852 0.936599
vt 0.021736 0.932509
vt 0.021736 0.922865
vt 0.014857 0.923209
vt 0.015507 0.917652
vt 0.014856 0.917652
vt 0.021736 0.912782
vt 0.014856 0.912986
vt 0.016024 0.912986
vt 0.014863 0.901949
vt 0.021735 0.901771
vt 0.021735 0.895958
vt 0.014858 0.895958
vt 0.015971 0.888758
vt 0.014856 0.888758
vt 0.021735 0.882559
vt 0.014856 0.882559
vt 0.015991 0.882559
vt 0.014856 0.878247
vt 0.016040 0.878247
vt 0.021735 0.878247
vt 0.021735 0.873625
vt 0.014857 0.873625
vt 0.021735 0.868605
vt 0.021735 0.864378
vt 0.014865 0.864378
vt 0.015503 0.859846
vt 0.014856 0.859846
vt 0.014856 0.855465
vt 0.015505 0.855465
vt 0.014856 0.850893
vt 0.015506 0.850893
vt 0.014856 0.845872
vt 0.015506 0.845872
vt 0.014856 0.841333
vt 0.015507 0.841334
vt 0.014856 0.836859
vt 0.015508 0.836859
vt 0.014856 0.832591
vt 0.015505 0.832591
vt 0.021735 0.832591
vt 0.021735 0.829524
vt 0.014857 0.829524
vt 0.021735 0.826145
vt 0.014859 0.826145
vt 0.015507 0.821727
vt 0.014856 0.821759
vt 0.021735 0.818478
vt 0.021735 0.812904
vt 0.014856 0.812904
vt 0.015759 0.812904
vt 0.014856 0.807691
vt 0.016030 0.807691
vt 0.021735 0.807691
vt 0.021735 0.800465
vt 0.014853 0.800465
vt 0.021735 0.793607
vt 0.021735 0.789254
vt 0.014863 0.789254
vt 0.015965 0.784575
vt 0.014856 0.784575
vt 0.021735 0.781007
vt 0.014856 0.781007
vt 0.015505 0.780644
vt 0.014856 0.777461
vt 0.021735 0.777461
vt 0.014856 0.773414
vt 0.015505 0.773414
vt 0.014859 0.769274
vt 0.021735 0.764119
vt 0.015986 0.764119
vt 0.014856 0.764119
vt 0.014855 0.759214
vt 0.021735 0.759214
vt 0.021735 0.753776
vt 0.021735 0.747974
vt 0.021735 0.742862
vt 0.021735 0.733969
vt 0.014858 0.733969
vt 0.015980 0.729043
vt 0.014856 0.729043
vt 0.021735 0.723837
vt 0.014856 0.723837
vt 0.015508 0.723837
vt 0.014861 0.719932
vt 0.021735 0.719932
vt 0.021735 0.715994
vt 0.014868 0.715994
vt 0.015970 0.711620
vt 0.014856 0.711619
vt 0.014856 0.708503
vt 0.015506 0.708503
vt 0.014856 0.704108
vt 0.015511 0.704098
vt 0.021735 0.704112
vt 0.014856 0.700967
vt 0.015505 0.700959
vt 0.021735 0.701640
vt 0.021735 0.699473
vt 0.014856 0.696687
vt 0.015512 0.696673
vt 0.021735 0.696685
vt 0.014856 0.689252
vt 0.015513 0.687254
vt 0.014856 0.685878
vt 0.021735 0.685878
vt 0.021735 0.681454
vt 0.014856 0.681454
vt 0.015764 0.681454
vt 0.014861 0.677840
vt 0.021735 0.677840
vt 0.021735 0.672710
vt 0.021735 0.665806
vt 0.021735 0.654272
vt 0.014857 0.665806
vt 0.015510 0.654152
vt 0.014856 0.654163
vt 0.014856 0.641585
vt 0.015471 0.641548
vt 0.014856 0.629052
vt 0.015557 0.629062
vt 0.021735 0.629052
vt 0.014856 0.623402
vt 0.015507 0.623402
vt 0.014856 0.618429
vt 0.021735 0.618429
vt 0.015914 0.617890
vt 0.014856 0.614501
vt 0.014856 0.611028
vt 0.015513 0.611028
vt 0.021735 0.611028
vt 0.021735 0.607800
vt 0.014856 0.607800
vt 0.015990 0.607798
vt 0.014860 0.605294
vt 0.021735 0.605294
vt 0.021735 0.602061
vt 0.021735 0.593081
vt 0.014861 0.602064
vt 0.015558 0.593117
vt 0.014856 0.593081
vt 0.014860 0.589271
vt 0.021735 0.589271
vt 0.021735 0.585303
vt 0.014874 0.585303
vt 0.015500 0.581181
vt 0.014856 0.581181
vt 0.014859 0.577667
vt 0.015508 0.574104
vt 0.014856 0.574102
vt 0.021735 0.574102
vt 0.021735 0.570432
vt 0.014856 0.570432
vt 0.015511 0.570432
vt 0.014856 0.566879
vt 0.015752 0.566879
vt 0.021735 0.566879
vt 0.014856 0.562863
vt 0.015506 0.562863
vt 0.014858 0.558422
vt 0.021735 0.558422
vt 0.021735 0.554171
vt 0.015502 0.554171
vt 0.014856 0.554171
vt 0.014859 0.549878
vt 0.015518 0.541941
vt 0.014856 0.541982
vt 0.021735 0.541977
vt 0.014856 0.536486
vt 0.015506 0.536486
vt 0.014856 0.531341
vt 0.015505 0.531341
vt 0.021735 0.531341
vt 0.014856 0.526105
vt 0.015505 0.526105
vt 0.014858 0.521143
vt 0.021735 0.521143
vt 0.015507 0.516221
vt 0.014856 0.516221
vt 0.014856 0.510812
vt 0.015513 0.510812
vt 0.021735 0.510812
vt 0.021735 0.505044
vt 0.014856 0.505044
vt 0.015761 0.505044
vt 0.014859 0.500245
vt 0.021735 0.500245
vt 0.021735 0.495606
vt 0.014857 0.490485
vt 0.015506 0.486210
vt 0.014856 0.486210
vt 0.014856 0.481894
vt 0.015512 0.481894
vt 0.021735 0.481894
vt 0.021735 0.477017
vt 0.014856 0.477017
vt 0.015994 0.477017
vt 0.014856 0.473078
vt 0.015504 0.473102
vt 0.021735 0.473102
vt 0.021735 0.468626
vt 0.014856 0.463375
vt 0.021735 0.463375
vt 0.014862 0.458480
vt 0.015502 0.453347
vt 0.014856 0.453347
vt 0.021735 0.448237
vt 0.014856 0.448239
vt 0.015711 0.448338
vt 0.021735 0.438233
vt 0.014856 0.438233
vt 0.015814 0.438305
vt 0.014856 0.433380
vt 0.015750 0.433380
vt 0.021735 0.433380
vt 0.014856 0.428227
vt 0.015506 0.428227
vt 0.014857 0.422961
vt 0.021735 0.422961
vt 0.014858 0.417937
vt 0.015507 0.412741
vt 0.014856 0.412741
vt 0.021735 0.407596
vt 0.014856 0.407596
vt 0.015507 0.407596
vt 0.014856 0.403331
vt 0.015504 0.403331
vt 0.021735 0.400181
vt 0.014856 0.400177
vt 0.015516 0.400158
vt 0.021735 0.394178
vt 0.014856 0.394178
vt 0.015844 0.394179
vt 0.014863 0.392677
vt 0.021735 0.392677
vt 0.021735 0.390908
vt 0.021735 0.384003
vt 0.021735 0.380966
vt 0.014865 0.377184
vt 0.015504 0.372956
vt 0.014856 0.372956
vt 0.014856 0.368904
vt 0.015739 0.368904
vt 0.014856 0.365143
vt 0.015505 0.364249
vt 0.021735 0.365143
vt 0.021735 0.361580
vt 0.014856 0.361580
vt 0.014856 0.354968
vt 0.021735 0.354967
vt 0.021735 0.349633
vt 0.021735 0.346957
vt 0.021735 0.344221
vt 0.014854 0.346957
vt 0.015505 0.344221
vt 0.014856 0.344221
vt 0.014858 0.341508
vt 0.021735 0.341508
vt 0.021735 0.338395
vt 0.021735 0.329696
vt 0.014855 0.334461
vt 0.015506 0.329693
vt 0.014856 0.329696
vt 0.014856 0.324950
vt 0.015507 0.324950
vt 0.014858 0.320303
vt 0.021735 0.316022
vt 0.014858 0.316022
vt 0.015503 0.312838
vt 0.014856 0.312838
vt 0.014856 0.309983
vt 0.015997 0.309983
vt 0.016350 0.948355
vt 0.016389 0.944980
vt 0.016437 0.936599
vt 0.016523 0.932902
vt 0.014864 0.932808
vt 0.016752 0.923417
vt 0.016832 0.917652
vt 0.016794 0.901719
vt 0.015994 0.895958
vt 0.016009 0.873625
vt 0.014861 0.868605
vt 0.016468 0.868605
vt 0.015972 0.864378
vt 0.016393 0.859846
vt 0.016400 0.855465
vt 0.016398 0.850893
vt 0.016391 0.845872
vt 0.016405 0.841334
vt 0.016401 0.832510
vt 0.016437 0.829524
vt 0.015976 0.826145
vt 0.016409 0.821580
vt 0.016900 0.800465
vt 0.015987 0.793607
vt 0.014860 0.793607
vt 0.016432 0.789254
vt 0.016399 0.780571
vt 0.016399 0.773414
vt 0.015988 0.769275
vt 0.016418 0.759214
vt 0.014851 0.753776
vt 0.016438 0.753776
vt 0.014855 0.747974
vt 0.016861 0.747974
vt 0.014853 0.742862
vt 0.016861 0.742862
vt 0.014856 0.738066
vt 0.016848 0.738066
vt 0.016444 0.733969
vt 0.016398 0.723837
vt 0.015995 0.719932
vt 0.016459 0.715994
vt 0.016404 0.708503
vt 0.016394 0.702986
vt 0.016184 0.698234
vt 0.016407 0.687170
vt 0.016004 0.677840
vt 0.014869 0.672710
vt 0.015979 0.672710
vt 0.015973 0.665806
vt 0.016395 0.654160
vt 0.016385 0.641563
vt 0.016390 0.629068
vt 0.016397 0.623402
vt 0.016763 0.617807
vt 0.016679 0.611009
vt 0.016845 0.605295
vt 0.016473 0.602012
vt 0.016393 0.593097
vt 0.016429 0.589271
vt 0.016212 0.585303
vt 0.016394 0.581181
vt 0.015980 0.577667
vt 0.016397 0.574104
vt 0.016813 0.572272
vt 0.016854 0.562863
vt 0.015979 0.558422
vt 0.016417 0.554015
vt 0.015979 0.549878
vt 0.016395 0.541916
vt 0.016394 0.536486
vt 0.016628 0.531341
vt 0.016386 0.526105
vt 0.015982 0.521143
vt 0.016405 0.516221
vt 0.016747 0.511557
vt 0.015990 0.500245
vt 0.014862 0.495606
vt 0.015977 0.495606
vt 0.015977 0.490485
vt 0.016400 0.486210
vt 0.016409 0.481894
vt 0.016669 0.473089
vt 0.015979 0.463318
vt 0.015984 0.458482
vt 0.016391 0.453347
vt 0.016839 0.428227
vt 0.015980 0.422961
vt 0.015976 0.417937
vt 0.016394 0.412741
vt 0.016407 0.407609
vt 0.016401 0.403331
vt 0.016440 0.400198
vt 0.016021 0.392675
vt 0.014884 0.390395
vt 0.015977 0.390395
vt 0.014855 0.387191
vt 0.015967 0.387191
vt 0.014855 0.384003
vt 0.016173 0.384003
vt 0.014858 0.380966
vt 0.015983 0.380968
vt 0.015983 0.377184
vt 0.016643 0.370564
vt 0.016392 0.364128
vt 0.015972 0.354956
vt 0.014858 0.352104
vt 0.015983 0.352104
vt 0.014860 0.349633
vt 0.015980 0.349568
vt 0.016671 0.342332
vt 0.015981 0.341198
vt 0.014865 0.338395
vt 0.016319 0.334994
vt 0.016392 0.329693
vt 0.016400 0.324950
vt 0.015983 0.320303
vt 0.015978 0.316022
vt 0.016557 0.313968
vt 0.017157 0.948355
vt 0.017356 0.936599
vt 0.017279 0.912329
vt 0.017266 0.895958
vt 0.017181 0.888758
vt 0.017339 0.882559
vt 0.017373 0.878247
vt 0.017227 0.873625
vt 0.016865 0.864378
vt 0.017170 0.857779
vt 0.017194 0.849654
vt 0.017218 0.841042
vt 0.017367 0.832591
vt 0.016822 0.824698
vt 0.016828 0.812904
vt 0.017385 0.807691
vt 0.017214 0.793607
vt 0.017139 0.784575
vt 0.017260 0.780582
vt 0.017180 0.773414
vt 0.017269 0.769275
vt 0.017371 0.759293
vt 0.017372 0.753776
vt 0.017571 0.733575
vt 0.017349 0.723837
vt 0.017226 0.719932
vt 0.017244 0.712440
vt 0.017358 0.708503
vt 0.017207 0.703688
vt 0.016807 0.698187
vt 0.017016 0.687525
vt 0.016817 0.681454
vt 0.017223 0.677840
vt 0.017586 0.672710
vt 0.016838 0.665806
vt 0.017221 0.654165
vt 0.017105 0.641528
vt 0.017156 0.629091
vt 0.017289 0.623402
vt 0.017432 0.610033
vt 0.017154 0.593057
vt 0.017312 0.580968
vt 0.016833 0.566879
vt 0.017205 0.558422
vt 0.017164 0.538313
vt 0.016809 0.521251
vt 0.016824 0.505044
vt 0.017205 0.500245
vt 0.017375 0.495606
vt 0.017042 0.490485
vt 0.017107 0.484960
vt 0.017339 0.477017
vt 0.016878 0.463336
vt 0.016880 0.458482
vt 0.017353 0.455420
vt 0.016834 0.448391
vt 0.016823 0.438357
vt 0.017175 0.433380
vt 0.017199 0.422961
vt 0.017141 0.417937
vt 0.017374 0.403331
vt 0.017602 0.400227
vt 0.016817 0.394178
vt 0.017043 0.392647
vt 0.016831 0.387191
vt 0.016809 0.380721
vt 0.017563 0.376219
vt 0.017213 0.363965
vt 0.016829 0.354913
vt 0.017042 0.352104
vt 0.016849 0.348799
vt 0.017156 0.334461
vt 0.017186 0.329693
vt 0.017367 0.324950
vt 0.017249 0.320303
vt 0.017228 0.310009
vt 0.018477 0.948355
vt 0.017806 0.945207
vt 0.017588 0.933369
vt 0.018468 0.924258
vt 0.018529 0.917652
vt 0.018519 0.911767
vt 0.018486 0.901058
vt 0.018029 0.888758
vt 0.017596 0.868605
vt 0.017636 0.864378
vt 0.018026 0.859846
vt 0.018024 0.855465
vt 0.018033 0.850893
vt 0.018294 0.845872
vt 0.018024 0.841334
vt 0.018048 0.836859
vt 0.017543 0.829390
vt 0.017476 0.823684
vt 0.018028 0.812904
vt 0.018446 0.800465
vt 0.017635 0.789254
vt 0.018525 0.784575
vt 0.018025 0.780507
vt 0.018023 0.773414
vt 0.017570 0.764119
vt 0.018466 0.747974
vt 0.018465 0.742862
vt 0.018483 0.738066
vt 0.018030 0.729043
vt 0.018520 0.711620
vt 0.018022 0.704005
vt 0.017676 0.700677
vt 0.017668 0.687552
vt 0.018023 0.696655
vt 0.018016 0.681454
vt 0.017614 0.665898
vt 0.018024 0.654171
vt 0.018285 0.641477
vt 0.018357 0.629106
vt 0.017807 0.617204
vt 0.018034 0.607798
vt 0.018006 0.605295
vt 0.017615 0.601903
vt 0.018019 0.593081
vt 0.017565 0.589204
vt 0.018017 0.581070
vt 0.018318 0.574104
vt 0.017589 0.567318
vt 0.018512 0.562863
vt 0.017616 0.553719
vt 0.018025 0.541445
vt 0.018023 0.536486
vt 0.017784 0.531389
vt 0.017620 0.521436
vt 0.018045 0.516221
vt 0.017583 0.510812
vt 0.018010 0.505044
vt 0.018308 0.490485
vt 0.018032 0.486210
vt 0.018330 0.481894
vt 0.017558 0.473031
vt 0.017604 0.463373
vt 0.017608 0.448149
vt 0.018025 0.453347
vt 0.017588 0.438233
vt 0.018518 0.428227
vt 0.018315 0.417937
vt 0.017569 0.408709
vt 0.017555 0.394181
vt 0.017924 0.392663
vt 0.017532 0.387238
vt 0.017631 0.381278
vt 0.017883 0.371913
vt 0.018028 0.364206
vt 0.017616 0.354879
vt 0.018302 0.352104
vt 0.017540 0.349612
vt 0.017794 0.344221
vt 0.017609 0.341295
vt 0.017614 0.316022
vt 0.018036 0.312838
vt 0.018405 0.309983
vt 0.018589 0.945168
vt 0.019042 0.859846
vt 0.019044 0.855465
vt 0.019045 0.850893
vt 0.019046 0.841334
vt 0.018567 0.829318
vt 0.019041 0.821903
vt 0.019044 0.781007
vt 0.019044 0.777461
vt 0.019043 0.773414
vt 0.018582 0.769275
vt 0.018573 0.708503
vt 0.018910 0.704228
vt 0.018580 0.700969
vt 0.019036 0.696630
vt 0.018589 0.687486
vt 0.018597 0.665932
vt 0.018576 0.623402
vt 0.018576 0.618429
vt 0.019044 0.614501
vt 0.018589 0.611028
vt 0.018565 0.601739
vt 0.019043 0.593081
vt 0.018571 0.589158
vt 0.019039 0.581181
vt 0.018581 0.577667
vt 0.018581 0.570432
vt 0.018570 0.558422
vt 0.018579 0.554171
vt 0.018582 0.549482
vt 0.019046 0.541445
vt 0.019044 0.536486
vt 0.019043 0.531341
vt 0.018580 0.526105
vt 0.018578 0.521143
vt 0.019045 0.516221
vt 0.018575 0.495606
vt 0.019045 0.486210
vt 0.018563 0.473022
vt 0.018575 0.463373
vt 0.018578 0.458482
vt 0.019041 0.453347
vt 0.018580 0.448037
vt 0.018581 0.438233
vt 0.018577 0.433380
vt 0.018571 0.422961
vt 0.018579 0.408594
vt 0.018573 0.403331
vt 0.018580 0.400175
vt 0.019014 0.392685
vt 0.018578 0.381272
vt 0.018577 0.377184
vt 0.019042 0.372956
vt 0.018579 0.368904
vt 0.019044 0.364139
vt 0.018582 0.354874
vt 0.018575 0.349336
vt 0.019044 0.344221
vt 0.018578 0.341276
vt 0.018579 0.334461
vt 0.018582 0.329693
vt 0.018578 0.324950
vt 0.018573 0.320303
vt 0.018575 0.316022
vt 0.019041 0.312838
vt 0.012747 0.959649
vt 0.012591 0.955853
vt 0.011829 0.956404
vt 0.011354 0.947893
vt 0.013027 0.947893
vt 0.011378 0.944729
vt 0.013124 0.944225
vt 0.012206 0.935416
vt 0.013218 0.934611
vt 0.012684 0.928946
vt 0.012589 0.923219
vt 0.013232 0.912786
vt 0.012225 0.912352
vt 0.013114 0.907252
vt 0.011349 0.907252
vt 0.013073 0.900052
vt 0.011811 0.900052
vt 0.012800 0.893853
vt 0.011362 0.893853
vt 0.011369 0.889541
vt 0.013050 0.889541
vt 0.011343 0.884919
vt 0.013081 0.884919
vt 0.011328 0.879899
vt 0.013087 0.879899
vt 0.011342 0.875672
vt 0.012809 0.875672
vt 0.013300 0.874161
vt 0.012216 0.871140
vt 0.012224 0.866759
vt 0.013073 0.864470
vt 0.012222 0.862187
vt 0.012976 0.857166
vt 0.011825 0.857166
vt 0.012679 0.852628
vt 0.012699 0.843924
vt 0.011835 0.848153
vt 0.011349 0.843886
vt 0.011833 0.840587
vt 0.012804 0.840818
vt 0.013690 0.837368
vt 0.012353 0.834788
vt 0.013015 0.824198
vt 0.011838 0.824198
vt 0.011367 0.818985
vt 0.013068 0.818985
vt 0.012604 0.811759
vt 0.013080 0.804901
vt 0.011329 0.804901
vt 0.011341 0.800548
vt 0.013200 0.800548
vt 0.013073 0.795869
vt 0.012216 0.795869
vt 0.012222 0.791730
vt 0.013245 0.791827
vt 0.012222 0.784709
vt 0.013073 0.784709
vt 0.012033 0.780569
vt 0.013073 0.780569
vt 0.012638 0.775413
vt 0.011358 0.775413
vt 0.011367 0.770508
vt 0.013029 0.770508
vt 0.011362 0.765070
vt 0.013049 0.765070
vt 0.013230 0.759268
vt 0.012248 0.759268
vt 0.012249 0.754156
vt 0.013228 0.754156
vt 0.012706 0.749360
vt 0.013081 0.745263
vt 0.011343 0.745263
vt 0.012806 0.736141
vt 0.011819 0.740337
vt 0.011353 0.735131
vt 0.011351 0.731226
vt 0.013090 0.731226
vt 0.011344 0.727288
vt 0.013434 0.727288
vt 0.012660 0.722914
vt 0.012906 0.719797
vt 0.011829 0.719797
vt 0.011822 0.715519
vt 0.012603 0.714342
vt 0.011823 0.712934
vt 0.011882 0.709903
vt 0.012806 0.709492
vt 0.012713 0.699085
vt 0.011829 0.698724
vt 0.011839 0.692748
vt 0.012956 0.692748
vt 0.011348 0.689135
vt 0.013073 0.689135
vt 0.011339 0.684004
vt 0.012832 0.684004
vt 0.011818 0.677100
vt 0.013133 0.680813
vt 0.011606 0.665509
vt 0.012765 0.665486
vt 0.012037 0.652859
vt 0.013073 0.652781
vt 0.012756 0.640388
vt 0.011819 0.640425
vt 0.011827 0.634696
vt 0.012953 0.634696
vt 0.011823 0.629723
vt 0.012696 0.629370
vt 0.011891 0.622878
vt 0.012864 0.622828
vt 0.011833 0.619092
vt 0.012894 0.619093
vt 0.013248 0.616589
vt 0.011837 0.616589
vt 0.012821 0.613306
vt 0.011828 0.613012
vt 0.012504 0.604328
vt 0.012794 0.600431
vt 0.011833 0.600451
vt 0.012217 0.592475
vt 0.013267 0.600374
vt 0.013005 0.591546
vt 0.011824 0.588961
vt 0.011825 0.585396
vt 0.012894 0.585708
vt 0.011826 0.581726
vt 0.012768 0.578519
vt 0.011355 0.578174
vt 0.012714 0.574157
vt 0.012789 0.569716
vt 0.011824 0.569716
vt 0.011820 0.565465
vt 0.012771 0.564676
vt 0.011823 0.560625
vt 0.012158 0.552912
vt 0.013050 0.549963
vt 0.012217 0.547780
vt 0.012537 0.542635
vt 0.012873 0.532590
vt 0.011996 0.537399
vt 0.011827 0.532435
vt 0.012228 0.527516
vt 0.013369 0.532385
vt 0.012872 0.522106
vt 0.011357 0.522106
vt 0.011356 0.516339
vt 0.012970 0.516339
vt 0.011345 0.511539
vt 0.013061 0.511539
vt 0.011822 0.506901
vt 0.012815 0.506901
vt 0.011822 0.501779
vt 0.012922 0.501779
vt 0.012153 0.496726
vt 0.013045 0.496952
vt 0.011354 0.488311
vt 0.012924 0.488311
vt 0.011836 0.484320
vt 0.012800 0.484343
vt 0.011824 0.474667
vt 0.012828 0.474622
vt 0.012036 0.469775
vt 0.013358 0.474537
vt 0.012215 0.464641
vt 0.012912 0.461944
vt 0.011824 0.459685
vt 0.011827 0.449757
vt 0.012750 0.449665
vt 0.011832 0.444674
vt 0.013029 0.444674
vt 0.012707 0.439521
vt 0.013058 0.434255
vt 0.011825 0.434255
vt 0.012014 0.429231
vt 0.012890 0.427736
vt 0.011827 0.419796
vt 0.012958 0.419528
vt 0.011828 0.414625
vt 0.012899 0.414625
vt 0.011826 0.411381
vt 0.012806 0.411487
vt 0.012781 0.405394
vt 0.011383 0.405473
vt 0.012697 0.403953
vt 0.012782 0.398268
vt 0.013258 0.403931
vt 0.011329 0.398485
vt 0.011827 0.392539
vt 0.012809 0.391799
vt 0.011827 0.388478
vt 0.012597 0.380548
vt 0.012212 0.384250
vt 0.011823 0.380198
vt 0.013073 0.375270
vt 0.012216 0.375385
vt 0.012772 0.366200
vt 0.011827 0.366173
vt 0.011828 0.363399
vt 0.012885 0.362877
vt 0.011824 0.360561
vt 0.012930 0.352950
vt 0.012241 0.355802
vt 0.011826 0.352541
vt 0.011821 0.345755
vt 0.012731 0.342674
vt 0.011823 0.340987
vt 0.011828 0.336244
vt 0.012908 0.336244
vt 0.011828 0.331597
vt 0.012934 0.331597
vt 0.011823 0.327316
vt 0.012524 0.325794
vt 0.012297 0.321277
vt 0.013354 0.327058
vt 0.014053 0.959649
vt 0.014036 0.957530
vt 0.014060 0.928946
vt 0.013403 0.923934
vt 0.014055 0.900052
vt 0.014054 0.871140
vt 0.014054 0.866759
vt 0.014053 0.862187
vt 0.014054 0.857166
vt 0.014057 0.852627
vt 0.014034 0.848153
vt 0.013347 0.843886
vt 0.013416 0.840728
vt 0.014028 0.833952
vt 0.013320 0.811759
vt 0.014054 0.795869
vt 0.014054 0.784709
vt 0.014054 0.780568
vt 0.014056 0.749360
vt 0.014053 0.740337
vt 0.013333 0.735131
vt 0.014054 0.722913
vt 0.014054 0.719797
vt 0.013402 0.715545
vt 0.013386 0.711159
vt 0.013468 0.697708
vt 0.014053 0.700547
vt 0.013367 0.677187
vt 0.013378 0.665460
vt 0.014052 0.652741
vt 0.013343 0.640375
vt 0.014054 0.634696
vt 0.013359 0.629723
vt 0.014053 0.625796
vt 0.013382 0.622322
vt 0.013429 0.613294
vt 0.013315 0.604359
vt 0.014055 0.592475
vt 0.014053 0.588961
vt 0.013378 0.585398
vt 0.013339 0.578584
vt 0.014054 0.574157
vt 0.013391 0.568988
vt 0.014054 0.561172
vt 0.013366 0.542693
vt 0.014054 0.547780
vt 0.014055 0.537399
vt 0.014049 0.527516
vt 0.013408 0.506901
vt 0.014054 0.501779
vt 0.014053 0.497504
vt 0.013413 0.493188
vt 0.013349 0.484360
vt 0.014051 0.469774
vt 0.014054 0.464641
vt 0.013367 0.459521
vt 0.013337 0.449528
vt 0.014054 0.439521
vt 0.014053 0.429231
vt 0.013437 0.419398
vt 0.014054 0.424036
vt 0.014054 0.414625
vt 0.013373 0.411524
vt 0.013326 0.405473
vt 0.014053 0.398485
vt 0.013424 0.392555
vt 0.014051 0.388478
vt 0.014054 0.384250
vt 0.014054 0.380198
vt 0.013645 0.375310
vt 0.013357 0.366152
vt 0.014054 0.363399
vt 0.013362 0.360926
vt 0.013422 0.353334
vt 0.014043 0.345802
vt 0.013359 0.340988
vt 0.014054 0.336244
vt 0.014053 0.331597
vt 0.014057 0.321277
vt 0.014053 0.324132
vt 0.007172 0.959649
vt 0.007835 0.956295
vt 0.007175 0.956455
vt 0.014054 0.954107
vt 0.014054 0.947893
vt 0.007171 0.947893
vt 0.014054 0.943803
vt 0.014054 0.934159
vt 0.007176 0.934503
vt 0.007826 0.928946
vt 0.007175 0.928946
vt 0.014054 0.924076
vt 0.007175 0.924280
vt 0.008343 0.924280
vt 0.007182 0.913243
vt 0.014054 0.913065
vt 0.014054 0.907252
vt 0.007177 0.907252
vt 0.008290 0.900052
vt 0.007175 0.900052
vt 0.014054 0.893853
vt 0.007175 0.893853
vt 0.008310 0.893853
vt 0.007175 0.889541
vt 0.008358 0.889541
vt 0.014054 0.889541
vt 0.014054 0.884919
vt 0.007176 0.884919
vt 0.014054 0.879899
vt 0.014054 0.875672
vt 0.007184 0.875672
vt 0.007822 0.871140
vt 0.007175 0.871140
vt 0.007175 0.866759
vt 0.007824 0.866759
vt 0.007175 0.862187
vt 0.007825 0.862187
vt 0.007175 0.857166
vt 0.007825 0.857166
vt 0.007175 0.852627
vt 0.007826 0.852628
vt 0.007175 0.848153
vt 0.007827 0.848153
vt 0.007175 0.843886
vt 0.007824 0.843886
vt 0.014054 0.843886
vt 0.014054 0.840818
vt 0.007176 0.840818
vt 0.014054 0.837440
vt 0.007178 0.837440
vt 0.007826 0.833021
vt 0.007175 0.833054
vt 0.014054 0.829772
vt 0.014054 0.824198
vt 0.007175 0.824198
vt 0.008078 0.824198
vt 0.007175 0.818985
vt 0.008349 0.818985
vt 0.014054 0.818985
vt 0.014054 0.811759
vt 0.007172 0.811759
vt 0.014054 0.804901
vt 0.014054 0.800548
vt 0.007182 0.800548
vt 0.008284 0.795869
vt 0.007175 0.795869
vt 0.014054 0.792301
vt 0.007175 0.792301
vt 0.007824 0.791938
vt 0.007175 0.788756
vt 0.014054 0.788756
vt 0.007175 0.784709
vt 0.007824 0.784709
vt 0.007178 0.780568
vt 0.014054 0.775413
vt 0.008305 0.775413
vt 0.007175 0.775413
vt 0.007174 0.770508
vt 0.014054 0.770508
vt 0.014054 0.765070
vt 0.014054 0.759268
vt 0.014054 0.754156
vt 0.014054 0.745263
vt 0.007177 0.745263
vt 0.008299 0.740338
vt 0.007175 0.740337
vt 0.014054 0.735131
vt 0.007175 0.735131
vt 0.007827 0.735131
vt 0.007180 0.731226
vt 0.014054 0.731226
vt 0.014054 0.727288
vt 0.007187 0.727288
vt 0.008289 0.722914
vt 0.007175 0.722913
vt 0.007175 0.719797
vt 0.007825 0.719797
vt 0.007175 0.715403
vt 0.007830 0.715393
vt 0.014054 0.715407
vt 0.007175 0.712261
vt 0.007824 0.712253
vt 0.014054 0.712934
vt 0.014054 0.710767
vt 0.007175 0.707982
vt 0.007831 0.707968
vt 0.014054 0.707979
vt 0.007175 0.700547
vt 0.007832 0.698549
vt 0.007175 0.697172
vt 0.014054 0.697172
vt 0.014054 0.692748
vt 0.007175 0.692748
vt 0.008083 0.692748
vt 0.007180 0.689135
vt 0.014054 0.689135
vt 0.014054 0.684004
vt 0.014054 0.677100
vt 0.014054 0.665567
vt 0.007176 0.677100
vt 0.007829 0.665446
vt 0.007175 0.665457
vt 0.007175 0.652879
vt 0.007790 0.652842
vt 0.007175 0.640346
vt 0.007876 0.640356
vt 0.014054 0.640346
vt 0.007175 0.634696
vt 0.007826 0.634696
vt 0.007175 0.629723
vt 0.014054 0.629723
vt 0.008232 0.629184
vt 0.007175 0.625796
vt 0.007175 0.622322
vt 0.007832 0.622322
vt 0.014054 0.622322
vt 0.014054 0.619094
vt 0.007175 0.619094
vt 0.008309 0.619092
vt 0.007179 0.616588
vt 0.014054 0.616588
vt 0.014054 0.613355
vt 0.014054 0.604375
vt 0.007180 0.613358
vt 0.007877 0.604411
vt 0.007175 0.604375
vt 0.007179 0.600566
vt 0.014054 0.600566
vt 0.014054 0.596597
vt 0.007193 0.596597
vt 0.007819 0.592475
vt 0.007175 0.592475
vt 0.007178 0.588961
vt 0.007827 0.585398
vt 0.007175 0.585396
vt 0.014054 0.585396
vt 0.014054 0.581726
vt 0.007175 0.581726
vt 0.007830 0.581726
vt 0.007175 0.578173
vt 0.008071 0.578173
vt 0.014054 0.578173
vt 0.007175 0.574157
vt 0.007824 0.574157
vt 0.007177 0.569716
vt 0.014054 0.569716
vt 0.014054 0.565465
vt 0.007178 0.561172
vt 0.007837 0.553235
vt 0.007175 0.553276
vt 0.014054 0.553271
vt 0.007175 0.547780
vt 0.007825 0.547780
vt 0.007175 0.542635
vt 0.007824 0.542635
vt 0.014054 0.542635
vt 0.007175 0.537399
vt 0.007824 0.537399
vt 0.007177 0.532437
vt 0.014054 0.532437
vt 0.007826 0.527516
vt 0.007175 0.527516
vt 0.007175 0.522106
vt 0.007832 0.522106
vt 0.014054 0.522106
vt 0.014054 0.516339
vt 0.007175 0.516339
vt 0.008320 0.516339
vt 0.007178 0.511539
vt 0.014054 0.511539
vt 0.014054 0.506901
vt 0.007176 0.501779
vt 0.007825 0.497504
vt 0.007175 0.497504
vt 0.007175 0.493188
vt 0.007831 0.493188
vt 0.014054 0.493188
vt 0.014054 0.488311
vt 0.007175 0.488311
vt 0.008312 0.488311
vt 0.007175 0.484372
vt 0.007823 0.484396
vt 0.014054 0.484396
vt 0.014054 0.479920
vt 0.007175 0.474669
vt 0.014054 0.474669
vt 0.007181 0.469774
vt 0.007821 0.464641
vt 0.007175 0.464641
vt 0.014054 0.459532
vt 0.007175 0.459533
vt 0.008030 0.459632
vt 0.014054 0.449528
vt 0.007175 0.449528
vt 0.008132 0.449600
vt 0.007175 0.444674
vt 0.008069 0.444674
vt 0.014054 0.444674
vt 0.007175 0.439521
vt 0.007825 0.439521
vt 0.007176 0.434255
vt 0.014054 0.434255
vt 0.007177 0.429231
vt 0.007826 0.424036
vt 0.007175 0.424036
vt 0.014054 0.418890
vt 0.007175 0.418890
vt 0.007826 0.418890
vt 0.007175 0.414625
vt 0.007823 0.414625
vt 0.014054 0.411475
vt 0.007175 0.411471
vt 0.007835 0.411452
vt 0.014054 0.405473
vt 0.007175 0.405473
vt 0.008162 0.405474
vt 0.007182 0.403972
vt 0.014054 0.403972
vt 0.014054 0.402202
vt 0.014054 0.395297
vt 0.014054 0.392260
vt 0.007184 0.388478
vt 0.007823 0.384250
vt 0.007175 0.384250
vt 0.007175 0.380198
vt 0.008057 0.380198
vt 0.007175 0.376437
vt 0.007824 0.375543
vt 0.014054 0.376437
vt 0.014054 0.372874
vt 0.007175 0.372874
vt 0.007175 0.366262
vt 0.014054 0.366261
vt 0.014054 0.360928
vt 0.014054 0.358251
vt 0.014054 0.355515
vt 0.007173 0.358251
vt 0.007824 0.355515
vt 0.007175 0.355515
vt 0.007177 0.352802
vt 0.014054 0.352802
vt 0.014054 0.349689
vt 0.014054 0.340990
vt 0.007174 0.345755
vt 0.007825 0.340987
vt 0.007175 0.340990
vt 0.007175 0.336244
vt 0.007826 0.336244
vt 0.007177 0.331597
vt 0.014054 0.327316
vt 0.007177 0.327316
vt 0.007822 0.324132
vt 0.007175 0.324132
vt 0.007175 0.321277
vt 0.008316 0.321277
vt 0.008669 0.959649
vt 0.008708 0.956275
vt 0.008756 0.947893
vt 0.008842 0.944196
vt 0.007183 0.944102
vt 0.009071 0.934711
vt 0.009151 0.928946
vt 0.009112 0.913013
vt 0.008312 0.907252
vt 0.008327 0.884919
vt 0.007180 0.879899
vt 0.008786 0.879899
vt 0.008291 0.875672
vt 0.008711 0.871140
vt 0.008719 0.866759
vt 0.008717 0.862187
vt 0.008709 0.857166
vt 0.008723 0.852628
vt 0.008719 0.843805
vt 0.008755 0.840818
vt 0.008294 0.837440
vt 0.008728 0.832874
vt 0.009219 0.811759
vt 0.008306 0.804901
vt 0.007179 0.804901
vt 0.008751 0.800548
vt 0.008718 0.791865
vt 0.008717 0.784709
vt 0.008306 0.780569
vt 0.008737 0.770508
vt 0.007170 0.765070
vt 0.008756 0.765070
vt 0.007174 0.759268
vt 0.009180 0.759268
vt 0.007172 0.754156
vt 0.009180 0.754156
vt 0.007175 0.749360
vt 0.009167 0.749360
vt 0.008763 0.745263
vt 0.008716 0.735131
vt 0.008313 0.731226
vt 0.008778 0.727288
vt 0.008722 0.719797
vt 0.008712 0.714280
vt 0.008502 0.709528
vt 0.008726 0.698464
vt 0.008322 0.689135
vt 0.007188 0.684004
vt 0.008297 0.684004
vt 0.008291 0.677100
vt 0.008713 0.665454
vt 0.008704 0.652857
vt 0.008709 0.640362
vt 0.008715 0.634696
vt 0.009082 0.629101
vt 0.008998 0.622303
vt 0.009164 0.616589
vt 0.008792 0.613306
vt 0.008712 0.604391
vt 0.008747 0.600566
vt 0.008531 0.596597
vt 0.008712 0.592475
vt 0.008298 0.588961
vt 0.008715 0.585398
vt 0.009132 0.583566
vt 0.009173 0.574157
vt 0.008297 0.569716
vt 0.007177 0.565465
vt 0.008294 0.565465
vt 0.008495 0.561172
vt 0.008714 0.553210
vt 0.008712 0.547780
vt 0.008946 0.542635
vt 0.008704 0.537399
vt 0.008300 0.532437
vt 0.008724 0.527516
vt 0.009066 0.522851
vt 0.008308 0.511539
vt 0.007181 0.506901
vt 0.008296 0.506901
vt 0.008295 0.501779
vt 0.008719 0.497504
vt 0.008728 0.493188
vt 0.008987 0.484383
vt 0.008297 0.474612
vt 0.008303 0.469776
vt 0.008710 0.464641
vt 0.009158 0.439521
vt 0.008299 0.434255
vt 0.008295 0.429231
vt 0.008712 0.424036
vt 0.008726 0.418903
vt 0.008720 0.414625
vt 0.008758 0.411492
vt 0.008340 0.403969
vt 0.007203 0.401689
vt 0.008296 0.401689
vt 0.007174 0.398485
vt 0.008285 0.398485
vt 0.007174 0.395297
vt 0.008492 0.395297
vt 0.007177 0.392260
vt 0.008301 0.392262
vt 0.008301 0.388478
vt 0.008962 0.381858
vt 0.008711 0.375422
vt 0.008291 0.366250
vt 0.007177 0.363399
vt 0.008301 0.363399
vt 0.007179 0.360928
vt 0.008298 0.360863
vt 0.008990 0.353626
vt 0.008300 0.352492
vt 0.007184 0.349689
vt 0.008638 0.346288
vt 0.008711 0.340987
vt 0.008719 0.336244
vt 0.008302 0.331597
vt 0.008297 0.327316
vt 0.008875 0.325262
vt 0.009476 0.959649
vt 0.009675 0.947893
vt 0.009598 0.923623
vt 0.009585 0.907252
vt 0.009500 0.900052
vt 0.009658 0.893853
vt 0.009691 0.889541
vt 0.009546 0.884919
vt 0.009184 0.875672
vt 0.009489 0.869073
vt 0.009513 0.860948
vt 0.009537 0.852336
vt 0.009686 0.843886
vt 0.009141 0.835993
vt 0.009147 0.824198
vt 0.009704 0.818985
vt 0.009533 0.804901
vt 0.009458 0.795869
vt 0.009579 0.791876
vt 0.009499 0.784709
vt 0.009588 0.780569
vt 0.009690 0.770587
vt 0.009691 0.765070
vt 0.009890 0.744870
vt 0.009668 0.735131
vt 0.009545 0.731226
vt 0.009563 0.723734
vt 0.009677 0.719797
vt 0.009892 0.715625
vt 0.009126 0.709480
vt 0.009335 0.698819
vt 0.009136 0.692748
vt 0.009542 0.689135
vt 0.009906 0.684004
vt 0.009157 0.677100
vt 0.009540 0.665459
vt 0.009424 0.652822
vt 0.009475 0.640385
vt 0.009608 0.634696
vt 0.009751 0.621327
vt 0.009473 0.604351
vt 0.009631 0.592262
vt 0.009152 0.578173
vt 0.009114 0.568706
vt 0.009483 0.549607
vt 0.009128 0.532545
vt 0.009673 0.516339
vt 0.009524 0.511539
vt 0.009694 0.506901
vt 0.009361 0.501779
vt 0.009426 0.496254
vt 0.009658 0.488311
vt 0.009197 0.474630
vt 0.009199 0.469776
vt 0.009672 0.466714
vt 0.009153 0.459685
vt 0.009142 0.449652
vt 0.009494 0.444674
vt 0.009518 0.434255
vt 0.009460 0.429231
vt 0.009693 0.414625
vt 0.009921 0.411521
vt 0.009136 0.405473
vt 0.009362 0.403942
vt 0.009150 0.398485
vt 0.009128 0.392016
vt 0.009882 0.387513
vt 0.009532 0.375259
vt 0.009148 0.366207
vt 0.009361 0.363399
vt 0.009168 0.360094
vt 0.009475 0.345755
vt 0.009505 0.340987
vt 0.009686 0.336244
vt 0.009568 0.331597
vt 0.009547 0.321303
vt 0.010796 0.959649
vt 0.010125 0.956502
vt 0.009907 0.944664
vt 0.010787 0.935552
vt 0.010848 0.928946
vt 0.010838 0.923062
vt 0.010805 0.912352
vt 0.010348 0.900052
vt 0.009915 0.879899
vt 0.009955 0.875672
vt 0.010345 0.871140
vt 0.010343 0.866759
vt 0.010352 0.862187
vt 0.010613 0.857166
vt 0.010343 0.852628
vt 0.010367 0.848153
vt 0.009862 0.840684
vt 0.009795 0.834978
vt 0.010347 0.824198
vt 0.010765 0.811759
vt 0.009954 0.800548
vt 0.010844 0.795869
vt 0.010344 0.791801
vt 0.010342 0.784709
vt 0.009889 0.775413
vt 0.010785 0.759268
vt 0.010784 0.754156
vt 0.010802 0.749360
vt 0.010349 0.740337
vt 0.010839 0.722914
vt 0.009995 0.711971
vt 0.009987 0.698847
vt 0.010342 0.707949
vt 0.010335 0.692748
vt 0.009933 0.677192
vt 0.010343 0.665465
vt 0.010604 0.652771
vt 0.010676 0.640400
vt 0.010126 0.628498
vt 0.010353 0.619093
vt 0.010325 0.616589
vt 0.009934 0.613197
vt 0.010338 0.604375
vt 0.009884 0.600499
vt 0.010336 0.592364
vt 0.010637 0.585398
vt 0.009909 0.578612
vt 0.010831 0.574157
vt 0.009920 0.569716
vt 0.009935 0.565013
vt 0.010344 0.552739
vt 0.010342 0.547780
vt 0.010103 0.542683
vt 0.009939 0.532730
vt 0.010363 0.527516
vt 0.009902 0.522106
vt 0.010627 0.501779
vt 0.010351 0.497504
vt 0.010649 0.493188
vt 0.009877 0.484325
vt 0.009923 0.474667
vt 0.009927 0.459443
vt 0.010344 0.464641
vt 0.009907 0.449528
vt 0.010837 0.439521
vt 0.010634 0.429231
vt 0.009888 0.420003
vt 0.009874 0.405476
vt 0.010243 0.403957
vt 0.009851 0.398532
vt 0.009950 0.392572
vt 0.010202 0.383207
vt 0.010347 0.375500
vt 0.009935 0.366173
vt 0.010621 0.363399
vt 0.009859 0.360908
vt 0.010113 0.355515
vt 0.009928 0.352589
vt 0.009933 0.327316
vt 0.010355 0.324132
vt 0.010724 0.321277
vt 0.010909 0.956463
vt 0.011361 0.871140
vt 0.011363 0.866759
vt 0.011364 0.862187
vt 0.011365 0.852628
vt 0.010886 0.840612
vt 0.011360 0.833197
vt 0.011363 0.792301
vt 0.011363 0.788756
vt 0.011362 0.784709
vt 0.010901 0.780569
vt 0.010892 0.719797
vt 0.010898 0.715548
vt 0.010899 0.712262
vt 0.011355 0.707923
vt 0.010908 0.698781
vt 0.010916 0.677226
vt 0.010895 0.634696
vt 0.010895 0.629723
vt 0.011363 0.625796
vt 0.010908 0.622322
vt 0.010884 0.613033
vt 0.011362 0.604375
vt 0.010891 0.600453
vt 0.011358 0.592475
vt 0.010900 0.588961
vt 0.010900 0.581726
vt 0.010889 0.569716
vt 0.010898 0.565465
vt 0.010901 0.560777
vt 0.011365 0.552739
vt 0.011363 0.547780
vt 0.011363 0.542635
vt 0.010899 0.537399
vt 0.010897 0.532437
vt 0.011364 0.527516
vt 0.010894 0.506901
vt 0.011364 0.497504
vt 0.010882 0.484316
vt 0.010894 0.474667
vt 0.010897 0.469776
vt 0.011360 0.464641
vt 0.010899 0.459332
vt 0.010900 0.449528
vt 0.010896 0.444674
vt 0.010890 0.434255
vt 0.010898 0.419888
vt 0.010892 0.414625
vt 0.010899 0.411469
vt 0.011333 0.403979
vt 0.010897 0.392567
vt 0.010897 0.388478
vt 0.011361 0.384250
vt 0.010898 0.380198
vt 0.011363 0.375433
vt 0.010901 0.366168
vt 0.010894 0.360631
vt 0.011363 0.355515
vt 0.010897 0.352570
vt 0.010898 0.345755
vt 0.010901 0.340987
vt 0.010897 0.336244
vt 0.010892 0.331597
vt 0.010894 0.327316
vt 0.011360 0.324132
vt 0.001099 0.290896
vt 0.003729 0.290919
vt 0.003231 0.290098
vt 0.006925 0.290916
vt 0.009584 0.291307
vt 0.010433 0.290588
vt 0.012463 0.291321
vt 0.021824 0.290583
vt 0.019117 0.291505
vt 0.022331 0.291308
vt 0.028732 0.290846
vt 0.035016 0.290752
vt 0.037052 0.291316
vt 0.037227 0.290463
vt 0.043241 0.290373
vt 0.040916 0.291408
vt 0.043333 0.291460
vt 0.050976 0.291326
vt 0.051045 0.290497
vt 0.054605 0.290591
vt 0.054580 0.291274
vt 0.061792 0.290562
vt 0.061873 0.291327
vt 0.065585 0.290903
vt 0.068985 0.290737
vt 0.071289 0.291348
vt 0.071293 0.290588
vt 0.075343 0.290572
vt 0.077165 0.290665
vt 0.077753 0.291215
vt 0.083606 0.291526
vt 0.083527 0.290583
vt 0.090931 0.290922
vt 0.091157 0.290122
vt 0.096380 0.291146
vt 0.105657 0.290935
vt 0.108433 0.291291
vt 0.108545 0.290601
vt 0.117377 0.290878
vt 0.117657 0.290245
vt 0.123974 0.290234
vt 0.123127 0.291171
vt 0.133309 0.290734
vt 0.148069 0.290737
vt 0.152253 0.291271
vt 0.152174 0.290247
vt 0.158862 0.290593
vt 0.158696 0.291302
vt 0.162193 0.291013
vt 0.162111 0.290227
vt 0.169435 0.290825
vt 0.172630 0.290768
vt 0.176114 0.291330
vt 0.175248 0.290619
vt 0.180825 0.290643
vt 0.180269 0.291289
vt 0.198274 0.290431
vt 0.192922 0.290258
vt 0.201527 0.290804
vt 0.204750 0.291318
vt 0.204943 0.290464
vt 0.211897 0.290585
vt 0.209479 0.290029
vt 0.211954 0.291507
vt 0.215026 0.291345
vt 0.222428 0.290592
vt 0.215035 0.290046
vt 0.222906 0.291304
vt 0.226942 0.291101
vt 0.226942 0.290033
vt 0.233582 0.290161
vt 0.233362 0.291219
vt 0.238603 0.290859
vt 0.242460 0.290919
vt 0.245193 0.291301
vt 0.246108 0.290594
vt 0.248265 0.291313
vt 0.252329 0.290479
vt 0.252014 0.291277
vt 0.259558 0.290578
vt 0.259443 0.291331
vt 0.262475 0.291412
vt 0.263858 0.290230
vt 0.273324 0.290452
vt 0.265595 0.291310
vt 0.271828 0.291334
vt 0.279552 0.290498
vt 0.277060 0.291359
vt 0.280632 0.291310
vt 0.289010 0.290237
vt 0.282274 0.290226
vt 0.293716 0.290891
vt 0.300744 0.290944
vt 0.304696 0.291312
vt 0.306568 0.290598
vt 0.309202 0.291325
vt 0.318299 0.290581
vt 0.318411 0.291308
vt 0.324786 0.291175
vt 0.325318 0.290238
vt 0.338205 0.290339
vt 0.337394 0.290916
vt 0.345693 0.290227
vt 0.347443 0.290616
vt 0.350646 0.290915
vt 0.353427 0.291304
vt 0.353997 0.290594
vt 0.356345 0.291311
vt 0.363299 0.290583
vt 0.363593 0.291302
vt 0.367247 0.290585
vt 0.367277 0.291242
vt 0.371157 0.289869
vt 0.379334 0.290331
vt 0.371105 0.291323
vt 0.383002 0.291105
vt 0.383002 0.290035
vt 0.386660 0.290037
vt 0.386659 0.291106
vt 0.390264 0.291316
vt 0.390279 0.290611
vt 0.399170 0.290748
vt 0.399001 0.291310
vt 0.397341 0.290229
vt 0.409393 0.290764
vt 0.413713 0.291492
vt 0.413777 0.290606
vt 0.422746 0.290823
vt 0.416847 0.290062
vt 0.431473 0.291324
vt 0.431448 0.290566
vt 0.435283 0.290265
vt 0.435123 0.291309
vt 0.448047 0.291109
vt 0.443548 0.291354
vt 0.446485 0.290292
vt 0.452161 0.290231
vt 0.461612 0.290230
vt 0.467097 0.291219
vt 0.467372 0.290497
vt 0.474535 0.290817
vt 0.477301 0.290804
vt 0.481826 0.291318
vt 0.482088 0.290599
vt 0.492093 0.290985
vt 0.491671 0.290236
vt 0.495521 0.290199
vt 0.506133 0.290958
vt 0.495671 0.291506
vt 0.504764 0.290154
vt 0.509368 0.290238
vt 0.519736 0.290469
vt 0.519255 0.291214
vt 0.525384 0.291092
vt 0.525384 0.290036
vt 0.529918 0.291312
vt 0.529680 0.290529
vt 0.539108 0.291085
vt 0.536434 0.291486
vt 0.537815 0.290233
vt 0.545882 0.290455
vt 0.545482 0.291225
vt 0.550174 0.290864
vt 0.554126 0.290813
vt 0.563855 0.291486
vt 0.567485 0.290960
vt 0.565145 0.290234
vt 0.582339 0.290206
vt 0.588301 0.291005
vt 0.587905 0.291647
vt 0.589045 0.290041
vt 0.595733 0.290840
vt 0.605981 0.290952
vt 0.610233 0.291311
vt 0.612498 0.290585
vt 0.613739 0.291270
vt 0.620048 0.291351
vt 0.620205 0.290237
vt 0.624885 0.290118
vt 0.630006 0.291234
vt 0.622958 0.291493
vt 0.627153 0.291560
vt 0.629702 0.290192
vt 0.636394 0.290564
vt 0.636728 0.291301
vt 0.643273 0.291304
vt 0.646557 0.290387
vt 0.647476 0.291310
vt 0.652937 0.290571
vt 0.652836 0.291268
vt 0.658248 0.290565
vt 0.658556 0.291329
vt 0.664025 0.290678
vt 0.660975 0.290043
vt 0.665957 0.291309
vt 0.667928 0.290628
vt 0.666477 0.290231
vt 0.003680 0.291711
vt 0.001903 0.292426
vt 0.006925 0.292072
vt 0.009584 0.292069
vt 0.012461 0.292035
vt 0.022510 0.292074
vt 0.028812 0.291715
vt 0.032195 0.290790
vt 0.032195 0.292077
vt 0.035016 0.292073
vt 0.037052 0.292069
vt 0.039237 0.291894
vt 0.041301 0.292075
vt 0.046098 0.291665
vt 0.050720 0.292073
vt 0.054605 0.292073
vt 0.061879 0.292081
vt 0.065585 0.292503
vt 0.068985 0.292076
vt 0.071280 0.292028
vt 0.075370 0.291707
vt 0.077433 0.292075
vt 0.080664 0.291705
vt 0.090883 0.291710
vt 0.094503 0.292292
vt 0.098470 0.291715
vt 0.101924 0.290815
vt 0.101924 0.292086
vt 0.105657 0.292497
vt 0.108500 0.292067
vt 0.117411 0.291714
vt 0.120975 0.292283
vt 0.124538 0.291679
vt 0.133257 0.291727
vt 0.138665 0.290819
vt 0.138665 0.292086
vt 0.143539 0.292504
vt 0.143539 0.290919
vt 0.148069 0.292065
vt 0.152289 0.292055
vt 0.158696 0.292073
vt 0.162094 0.291699
vt 0.169494 0.292074
vt 0.172630 0.291700
vt 0.176538 0.292070
vt 0.179945 0.292072
vt 0.183654 0.291984
vt 0.190578 0.291844
vt 0.198343 0.291707
vt 0.201527 0.291707
vt 0.204196 0.292075
vt 0.206874 0.292077
vt 0.209479 0.291708
vt 0.215035 0.292072
vt 0.222123 0.292075
vt 0.226942 0.292075
vt 0.230908 0.291711
vt 0.235006 0.292079
vt 0.238603 0.292088
vt 0.242460 0.292502
vt 0.245193 0.292497
vt 0.248265 0.292067
vt 0.252051 0.292074
vt 0.259430 0.292076
vt 0.262654 0.292291
vt 0.265664 0.292082
vt 0.271914 0.292076
vt 0.277141 0.292187
vt 0.280081 0.292073
vt 0.282293 0.292094
vt 0.289025 0.291719
vt 0.293822 0.291714
vt 0.297560 0.290834
vt 0.297560 0.291709
vt 0.300744 0.292074
vt 0.304696 0.292069
vt 0.309048 0.292049
vt 0.318235 0.292069
vt 0.325131 0.291713
vt 0.336482 0.291544
vt 0.340492 0.291713
vt 0.336696 0.292120
vt 0.345725 0.291714
vt 0.347893 0.291708
vt 0.350646 0.292499
vt 0.353427 0.292492
vt 0.356366 0.292071
vt 0.363110 0.292026
vt 0.367249 0.292073
vt 0.371105 0.292075
vt 0.378313 0.291710
vt 0.383002 0.292075
vt 0.386660 0.292073
vt 0.390257 0.292035
vt 0.397292 0.292335
vt 0.401554 0.292292
vt 0.409393 0.292079
vt 0.413824 0.292492
vt 0.422730 0.291710
vt 0.431467 0.292295
vt 0.435283 0.292069
vt 0.442915 0.292074
vt 0.448076 0.292292
vt 0.451935 0.291695
vt 0.461545 0.291707
vt 0.466601 0.292075
vt 0.469081 0.291724
vt 0.474535 0.291707
vt 0.477301 0.291704
vt 0.480662 0.292069
vt 0.484320 0.292049
vt 0.491575 0.291878
vt 0.504399 0.291670
vt 0.509377 0.291671
vt 0.505942 0.292283
vt 0.517062 0.292244
vt 0.521150 0.291710
vt 0.525384 0.292074
vt 0.529417 0.292073
vt 0.533055 0.292076
vt 0.539410 0.291897
vt 0.545972 0.291835
vt 0.550174 0.291708
vt 0.554071 0.291703
vt 0.569763 0.291695
vt 0.582419 0.292306
vt 0.595733 0.292084
vt 0.601653 0.292507
vt 0.601653 0.290911
vt 0.605981 0.292499
vt 0.610233 0.292485
vt 0.613702 0.292074
vt 0.620059 0.292076
vt 0.625502 0.292291
vt 0.630931 0.292076
vt 0.636699 0.292043
vt 0.641773 0.292148
vt 0.644930 0.292075
vt 0.647477 0.292067
vt 0.652879 0.292076
vt 0.658375 0.292074
vt 0.660975 0.292075
vt 0.664504 0.291907
vt 0.667053 0.292077
vt 0.668836 0.292157
vt 0.003749 0.292502
vt 0.006925 0.292889
vt 0.009584 0.292887
vt 0.012508 0.292881
vt 0.018973 0.292489
vt 0.022517 0.292883
vt 0.028732 0.292506
vt 0.037052 0.292884
vt 0.039236 0.292877
vt 0.040871 0.293211
vt 0.043479 0.292500
vt 0.050764 0.292884
vt 0.054593 0.292875
vt 0.061869 0.293161
vt 0.071293 0.292882
vt 0.075397 0.292493
vt 0.077433 0.293109
vt 0.080664 0.292497
vt 0.083619 0.292499
vt 0.090883 0.292498
vt 0.098470 0.292502
vt 0.108580 0.292888
vt 0.112706 0.292793
vt 0.117576 0.292959
vt 0.124592 0.292499
vt 0.133244 0.292522
vt 0.152296 0.292873
vt 0.158732 0.292883
vt 0.162384 0.292547
vt 0.169466 0.293152
vt 0.172630 0.292926
vt 0.176538 0.292884
vt 0.179945 0.292877
vt 0.184182 0.292880
vt 0.192568 0.292498
vt 0.198343 0.292501
vt 0.201527 0.292499
vt 0.204320 0.292955
vt 0.206874 0.292881
vt 0.209479 0.292501
vt 0.211954 0.292501
vt 0.215035 0.293118
vt 0.222177 0.292879
vt 0.226942 0.292882
vt 0.230908 0.292499
vt 0.235006 0.292884
vt 0.248265 0.292880
vt 0.251096 0.292879
vt 0.252965 0.293232
vt 0.259453 0.292881
vt 0.265555 0.292986
vt 0.271951 0.292896
vt 0.277782 0.292884
vt 0.280350 0.293143
vt 0.282294 0.292898
vt 0.289053 0.292501
vt 0.293853 0.292500
vt 0.297560 0.292501
vt 0.300744 0.292888
vt 0.304696 0.292888
vt 0.309283 0.292880
vt 0.318299 0.292903
vt 0.325231 0.292499
vt 0.340492 0.292499
vt 0.336858 0.292895
vt 0.345730 0.292501
vt 0.347893 0.292505
vt 0.356889 0.292824
vt 0.363393 0.293015
vt 0.367249 0.292884
vt 0.371105 0.292882
vt 0.378417 0.292500
vt 0.383002 0.292883
vt 0.386660 0.293105
vt 0.390281 0.292881
vt 0.422730 0.292497
vt 0.413861 0.293326
vt 0.435283 0.292889
vt 0.442997 0.292878
vt 0.451962 0.292498
vt 0.461589 0.292684
vt 0.466631 0.292881
vt 0.469101 0.292514
vt 0.474535 0.292502
vt 0.477301 0.292502
vt 0.480662 0.292887
vt 0.484519 0.292880
vt 0.491664 0.292912
vt 0.495753 0.292499
vt 0.502487 0.292879
vt 0.509369 0.292498
vt 0.521150 0.292501
vt 0.525384 0.292884
vt 0.529417 0.292882
vt 0.533055 0.292881
vt 0.536434 0.292498
vt 0.539439 0.292885
vt 0.546145 0.292606
vt 0.550174 0.292499
vt 0.554067 0.292486
vt 0.564932 0.292498
vt 0.589045 0.292505
vt 0.613749 0.292879
vt 0.620084 0.292881
vt 0.622958 0.292499
vt 0.629480 0.292681
vt 0.636462 0.292881
vt 0.643544 0.292880
vt 0.647464 0.293053
vt 0.652853 0.292884
vt 0.658375 0.292883
vt 0.660975 0.292883
vt 0.663505 0.292498
vt 0.666328 0.292770
vt 0.003821 0.293321
vt 0.001903 0.294080
vt 0.006925 0.293999
vt 0.010022 0.293906
vt 0.019030 0.293314
vt 0.021837 0.293776
vt 0.028762 0.293354
vt 0.032195 0.293327
vt 0.035016 0.293749
vt 0.037206 0.294009
vt 0.043542 0.293326
vt 0.051038 0.293756
vt 0.054605 0.293727
vt 0.065585 0.293976
vt 0.068985 0.293754
vt 0.071302 0.293992
vt 0.075375 0.293317
vt 0.080664 0.293304
vt 0.083460 0.293452
vt 0.090977 0.293299
vt 0.097934 0.293326
vt 0.102374 0.293312
vt 0.105657 0.293950
vt 0.108554 0.294042
vt 0.117337 0.293663
vt 0.123918 0.293321
vt 0.133335 0.293385
vt 0.138665 0.293325
vt 0.143539 0.293955
vt 0.148069 0.293766
vt 0.152174 0.293731
vt 0.158736 0.293881
vt 0.161936 0.293332
vt 0.173150 0.294128
vt 0.181030 0.293579
vt 0.197287 0.293305
vt 0.201527 0.293324
vt 0.209479 0.293317
vt 0.211954 0.293329
vt 0.222492 0.293862
vt 0.226942 0.294047
vt 0.231894 0.293410
vt 0.239032 0.293309
vt 0.242460 0.293936
vt 0.245193 0.293943
vt 0.248265 0.293828
vt 0.259540 0.293699
vt 0.262839 0.293442
vt 0.273294 0.293433
vt 0.277280 0.293879
vt 0.289059 0.293318
vt 0.293931 0.293312
vt 0.297560 0.293314
vt 0.300744 0.293972
vt 0.304696 0.293909
vt 0.309283 0.293740
vt 0.318264 0.293710
vt 0.325294 0.293325
vt 0.337967 0.293451
vt 0.346937 0.293321
vt 0.350646 0.293978
vt 0.353427 0.293940
vt 0.356323 0.294009
vt 0.367249 0.293990
vt 0.372713 0.293950
vt 0.379202 0.293318
vt 0.383002 0.294010
vt 0.386796 0.294511
vt 0.397524 0.293411
vt 0.401568 0.293333
vt 0.409393 0.293323
vt 0.422797 0.293318
vt 0.431458 0.293331
vt 0.435283 0.293956
vt 0.443282 0.293920
vt 0.448176 0.293378
vt 0.452099 0.293307
vt 0.461632 0.293703
vt 0.466950 0.293719
vt 0.474573 0.293310
vt 0.477301 0.293331
vt 0.482207 0.293743
vt 0.491892 0.293642
vt 0.495686 0.293179
vt 0.505230 0.293360
vt 0.509382 0.293321
vt 0.520221 0.293319
vt 0.525384 0.294042
vt 0.530127 0.293782
vt 0.536967 0.293366
vt 0.546047 0.293383
vt 0.550174 0.293327
vt 0.554100 0.293315
vt 0.565236 0.293407
vt 0.586927 0.293332
vt 0.596430 0.293306
vt 0.602300 0.293923
vt 0.605981 0.293944
vt 0.612458 0.293594
vt 0.620516 0.293658
vt 0.624192 0.293323
vt 0.628938 0.293438
vt 0.636871 0.293488
vt 0.643609 0.293630
vt 0.653016 0.293499
vt 0.658645 0.293512
vt 0.664106 0.293339
vt 0.667103 0.293320
vt 0.668839 0.293942
vt 0.003645 0.294243
vt 0.012507 0.294603
vt 0.030613 0.294122
vt 0.022353 0.294554
vt 0.043286 0.294280
vt 0.054575 0.294736
vt 0.061853 0.294124
vt 0.076087 0.294367
vt 0.092105 0.294278
vt 0.083631 0.294552
vt 0.101726 0.294167
vt 0.118584 0.294558
vt 0.124133 0.294056
vt 0.133364 0.294157
vt 0.138665 0.294526
vt 0.152243 0.294729
vt 0.162049 0.294219
vt 0.169473 0.294125
vt 0.180507 0.294604
vt 0.200767 0.294278
vt 0.192443 0.294527
vt 0.209011 0.294214
vt 0.205235 0.294742
vt 0.212470 0.294267
vt 0.231407 0.294726
vt 0.236751 0.294671
vt 0.252114 0.294359
vt 0.259802 0.294554
vt 0.263726 0.294561
vt 0.271837 0.294137
vt 0.277482 0.294790
vt 0.280726 0.294321
vt 0.294817 0.294082
vt 0.309206 0.294560
vt 0.318411 0.294556
vt 0.325211 0.294067
vt 0.337513 0.294228
vt 0.346130 0.294442
vt 0.363414 0.294123
vt 0.378057 0.294334
vt 0.390283 0.294564
vt 0.398465 0.294498
vt 0.410629 0.294507
vt 0.413835 0.294258
vt 0.422691 0.294207
vt 0.431467 0.294120
vt 0.449046 0.294553
vt 0.461728 0.294560
vt 0.467197 0.294362
vt 0.476399 0.294148
vt 0.482141 0.294362
vt 0.491720 0.294578
vt 0.495606 0.294565
vt 0.505346 0.294206
vt 0.519732 0.294209
vt 0.509411 0.294565
vt 0.530041 0.294561
vt 0.537786 0.294557
vt 0.545840 0.294135
vt 0.552682 0.294194
vt 0.565077 0.294567
vt 0.587392 0.293960
vt 0.596853 0.294044
vt 0.611637 0.294408
vt 0.621131 0.294441
vt 0.626826 0.294104
vt 0.630930 0.294747
vt 0.636943 0.294335
vt 0.643310 0.294553
vt 0.647415 0.294293
vt 0.652840 0.294237
vt 0.659163 0.294370
vt 0.664472 0.294092
vt 0.003666 0.295014
vt 0.001903 0.295648
vt 0.006925 0.295006
vt 0.009584 0.295006
vt 0.012508 0.295640
vt 0.019117 0.295010
vt 0.022325 0.295648
vt 0.028732 0.295013
vt 0.032195 0.294999
vt 0.035016 0.294997
vt 0.037052 0.295009
vt 0.040718 0.295012
vt 0.043246 0.295649
vt 0.045843 0.295016
vt 0.051268 0.295007
vt 0.061760 0.295008
vt 0.065585 0.294998
vt 0.068985 0.295002
vt 0.071317 0.294963
vt 0.075284 0.295648
vt 0.077433 0.295013
vt 0.080664 0.295007
vt 0.083651 0.295646
vt 0.090883 0.295013
vt 0.094503 0.295645
vt 0.098470 0.295017
vt 0.103504 0.295008
vt 0.105657 0.294999
vt 0.108580 0.295007
vt 0.114343 0.295034
vt 0.117277 0.295648
vt 0.120975 0.295650
vt 0.124466 0.295015
vt 0.133478 0.295013
vt 0.143539 0.295002
vt 0.148069 0.294991
vt 0.155914 0.295022
vt 0.158696 0.295007
vt 0.162070 0.295000
vt 0.169435 0.295006
vt 0.172630 0.295002
vt 0.176538 0.295012
vt 0.184097 0.295017
vt 0.192750 0.295666
vt 0.198343 0.295010
vt 0.201527 0.295010
vt 0.204196 0.295647
vt 0.209479 0.295011
vt 0.211954 0.295009
vt 0.215035 0.295014
vt 0.222401 0.295028
vt 0.226942 0.295013
vt 0.240260 0.295010
vt 0.242460 0.294998
vt 0.245193 0.294998
vt 0.248265 0.295007
vt 0.251096 0.295013
vt 0.253993 0.295016
vt 0.259800 0.295649
vt 0.262654 0.295648
vt 0.265554 0.295645
vt 0.271934 0.295013
vt 0.275350 0.295014
vt 0.280081 0.295010
vt 0.282257 0.295004
vt 0.288925 0.295012
vt 0.293734 0.295016
vt 0.297560 0.295012
vt 0.300744 0.295008
vt 0.304697 0.295007
vt 0.309284 0.295655
vt 0.318348 0.295658
vt 0.324947 0.295016
vt 0.336622 0.295013
vt 0.340492 0.295015
vt 0.345668 0.295649
vt 0.347893 0.295011
vt 0.350646 0.295001
vt 0.353427 0.295002
vt 0.356366 0.295012
vt 0.363292 0.295010
vt 0.367249 0.295010
vt 0.371105 0.295016
vt 0.378178 0.295012
vt 0.383002 0.295012
vt 0.386658 0.295648
vt 0.390281 0.295641
vt 0.397360 0.295645
vt 0.401046 0.295015
vt 0.413713 0.294999
vt 0.418480 0.295020
vt 0.422730 0.295013
vt 0.431443 0.294996
vt 0.435283 0.295008
vt 0.443367 0.295030
vt 0.448076 0.295648
vt 0.452065 0.295642
vt 0.461570 0.295645
vt 0.466561 0.295013
vt 0.469132 0.295017
vt 0.474535 0.295010
vt 0.477301 0.295006
vt 0.480662 0.295007
vt 0.484519 0.295013
vt 0.491689 0.295649
vt 0.495647 0.295642
vt 0.505144 0.295014
vt 0.509448 0.295650
vt 0.517063 0.295014
vt 0.521150 0.295013
vt 0.525384 0.295010
vt 0.529417 0.295648
vt 0.533055 0.295646
vt 0.536434 0.295649
vt 0.539341 0.295646
vt 0.545947 0.295014
vt 0.550174 0.295010
vt 0.554130 0.295031
vt 0.563855 0.295649
vt 0.569847 0.295642
vt 0.582259 0.295650
vt 0.589045 0.295019
vt 0.597441 0.295009
vt 0.603115 0.294991
vt 0.605981 0.294992
vt 0.610233 0.295005
vt 0.613705 0.295014
vt 0.620143 0.295025
vt 0.622958 0.295648
vt 0.626756 0.295014
vt 0.636748 0.295014
vt 0.641619 0.295649
vt 0.644930 0.295651
vt 0.647491 0.295025
vt 0.652879 0.295015
vt 0.658205 0.295011
vt 0.660975 0.295646
vt 0.664468 0.295012
vt 0.667033 0.295014
vt 0.668836 0.295652
vt 0.003696 0.295649
vt -0.000002 0.289274
vt 0.003597 0.289277
vt 0.004479 0.289841
vt 0.006925 0.295649
vt 0.006925 0.289277
vt 0.006925 0.289844
vt 0.009584 0.289277
vt 0.009584 0.289841
vt 0.009584 0.295649
vt 0.012541 0.289277
vt 0.012508 0.289837
vt 0.019132 0.289834
vt 0.019147 0.295649
vt 0.019117 0.289277
vt 0.022315 0.289277
vt 0.022330 0.289826
vt 0.028732 0.289277
vt 0.028732 0.289843
vt 0.028732 0.295649
vt 0.032195 0.295649
vt 0.032195 0.289277
vt 0.032195 0.289851
vt 0.035016 0.289277
vt 0.035016 0.289846
vt 0.035016 0.295649
vt 0.037052 0.295649
vt 0.037052 0.289277
vt 0.037052 0.289839
vt 0.040735 0.289277
vt 0.040841 0.289835
vt 0.040910 0.295649
vt 0.043496 0.289277
vt 0.045442 0.295649
vt 0.045442 0.289838
vt 0.050973 0.289841
vt 0.050968 0.295649
vt 0.051268 0.289277
vt 0.054530 0.289277
vt 0.054605 0.289840
vt 0.054605 0.295649
vt 0.061748 0.295649
vt 0.061692 0.289845
vt 0.061890 0.289277
vt 0.065585 0.295649
vt 0.065585 0.289277
vt 0.065585 0.289851
vt 0.068985 0.289277
vt 0.068985 0.289842
vt 0.068985 0.295649
vt 0.071293 0.295649
vt 0.071355 0.289277
vt 0.071293 0.289838
vt 0.075300 0.289829
vt 0.075370 0.289277
vt 0.077403 0.289277
vt 0.077433 0.289840
vt 0.077433 0.295649
vt 0.080664 0.295649
vt 0.079302 0.289833
vt 0.083597 0.289277
vt 0.083613 0.289839
vt 0.091300 0.289277
vt 0.090883 0.295649
vt 0.094503 0.289838
vt 0.098470 0.289277
vt 0.098470 0.289838
vt 0.098470 0.295649
vt 0.103504 0.295649
vt 0.101924 0.289277
vt 0.101924 0.289843
vt 0.105657 0.289277
vt 0.105657 0.289848
vt 0.105657 0.295649
vt 0.108580 0.295649
vt 0.108580 0.289277
vt 0.108580 0.289842
vt 0.117515 0.289277
vt 0.114473 0.289833
vt 0.124592 0.295649
vt 0.133088 0.295649
vt 0.124592 0.289277
vt 0.133123 0.289840
vt 0.133035 0.289277
vt 0.138665 0.295649
vt 0.138665 0.289277
vt 0.138665 0.289846
vt 0.143539 0.289277
vt 0.143539 0.289850
vt 0.143539 0.295649
vt 0.148069 0.295649
vt 0.148069 0.289277
vt 0.148069 0.289852
vt 0.152357 0.289277
vt 0.152174 0.295649
vt 0.155914 0.295649
vt 0.154544 0.289837
vt 0.158697 0.289277
vt 0.158696 0.289841
vt 0.158697 0.295649
vt 0.162045 0.295649
vt 0.162030 0.289277
vt 0.169435 0.295649
vt 0.169435 0.289842
vt 0.169435 0.289277
vt 0.172630 0.289277
vt 0.172630 0.289846
vt 0.172630 0.295649
vt 0.176538 0.295649
vt 0.174968 0.289277
vt 0.174968 0.289839
vt 0.180903 0.289277
vt 0.179945 0.289833
vt 0.179945 0.295649
vt 0.184300 0.295649
vt 0.184314 0.289836
vt 0.192521 0.289243
vt 0.198343 0.295649
vt 0.198343 0.289839
vt 0.198343 0.289277
vt 0.201527 0.289277
vt 0.201527 0.289839
vt 0.201527 0.295649
vt 0.204461 0.289277
vt 0.204668 0.289837
vt 0.206875 0.295649
vt 0.209479 0.295649
vt 0.209479 0.289277
vt 0.211953 0.289277
vt 0.211954 0.289842
vt 0.211953 0.295649
vt 0.215035 0.295649
vt 0.215035 0.289277
vt 0.222391 0.289277
vt 0.222455 0.289844
vt 0.222471 0.295649
vt 0.226942 0.289277
vt 0.226942 0.295649
vt 0.230908 0.295649
vt 0.232023 0.289277
vt 0.230908 0.289838
vt 0.235006 0.295649
vt 0.240260 0.295649
vt 0.238603 0.289277
vt 0.238603 0.289842
vt 0.242460 0.289277
vt 0.242460 0.289850
vt 0.242460 0.295649
vt 0.245193 0.295649
vt 0.245193 0.289277
vt 0.245193 0.289848
vt 0.248265 0.289277
vt 0.248265 0.289837
vt 0.248265 0.295649
vt 0.251096 0.295649
vt 0.251942 0.289277
vt 0.252078 0.289836
vt 0.254003 0.295649
vt 0.259506 0.289277
vt 0.259561 0.289837
vt 0.262654 0.289277
vt 0.265528 0.289282
vt 0.272024 0.289836
vt 0.271896 0.289277
vt 0.272027 0.295649
vt 0.276913 0.289277
vt 0.277058 0.289839
vt 0.275350 0.295649
vt 0.277782 0.295649
vt 0.280081 0.289277
vt 0.280081 0.289839
vt 0.280081 0.295649
vt 0.282254 0.295649
vt 0.282256 0.289274
vt 0.288952 0.295649
vt 0.293804 0.295649
vt 0.288892 0.289254
vt 0.293842 0.289837
vt 0.293697 0.289277
vt 0.297560 0.295649
vt 0.297560 0.289277
vt 0.297560 0.289838
vt 0.300744 0.289277
vt 0.300744 0.289843
vt 0.300744 0.295649
vt 0.304698 0.295649
vt 0.304698 0.289277
vt 0.304696 0.289842
vt 0.309238 0.289277
vt 0.309283 0.289836
vt 0.318338 0.289839
vt 0.318411 0.289277
vt 0.325125 0.295649
vt 0.324893 0.289277
vt 0.336656 0.295649
vt 0.336660 0.289836
vt 0.336567 0.289277
vt 0.340492 0.295649
vt 0.340492 0.289277
vt 0.345658 0.289276
vt 0.347893 0.289843
vt 0.347893 0.289277
vt 0.347893 0.295649
vt 0.350646 0.295649
vt 0.350646 0.289277
vt 0.350646 0.289847
vt 0.353427 0.289277
vt 0.353427 0.289843
vt 0.353427 0.295649
vt 0.356366 0.295649
vt 0.356366 0.289277
vt 0.356366 0.289837
vt 0.363309 0.289277
vt 0.363343 0.289838
vt 0.363350 0.295649
vt 0.367756 0.289277
vt 0.367249 0.289840
vt 0.367249 0.295649
vt 0.371105 0.295649
vt 0.378090 0.289277
vt 0.378270 0.289837
vt 0.375180 0.295649
vt 0.379202 0.295649
vt 0.383002 0.289277
vt 0.383002 0.295649
vt 0.386658 0.289277
vt 0.390313 0.289277
vt 0.390281 0.289836
vt 0.397332 0.289286
vt 0.400994 0.295649
vt 0.401019 0.289833
vt 0.400987 0.289277
vt 0.410779 0.295649
vt 0.409393 0.289277
vt 0.409393 0.289847
vt 0.413808 0.289277
vt 0.413713 0.289849
vt 0.413713 0.295649
vt 0.418480 0.295649
vt 0.422674 0.289277
vt 0.422730 0.289835
vt 0.422732 0.295649
vt 0.431439 0.295649
vt 0.431418 0.289844
vt 0.431483 0.289277
vt 0.435283 0.295649
vt 0.435283 0.289277
vt 0.443371 0.289277
vt 0.443444 0.289834
vt 0.443492 0.295649
vt 0.448076 0.289278
vt 0.466578 0.295649
vt 0.461510 0.289303
vt 0.466579 0.289837
vt 0.466524 0.289277
vt 0.469151 0.295649
vt 0.469150 0.289277
vt 0.469143 0.289836
vt 0.474535 0.295649
vt 0.474535 0.289277
vt 0.474535 0.289840
vt 0.477301 0.289277
vt 0.477301 0.289844
vt 0.477301 0.295649
vt 0.480662 0.295649
vt 0.480662 0.289277
vt 0.480662 0.289842
vt 0.484519 0.289277
vt 0.484519 0.289836
vt 0.484519 0.295649
vt 0.491675 0.289280
vt 0.502487 0.295649
vt 0.495594 0.289286
vt 0.505390 0.289278
vt 0.505942 0.295649
vt 0.517063 0.295649
vt 0.509437 0.289275
vt 0.517032 0.289860
vt 0.519837 0.289277
vt 0.521150 0.289838
vt 0.521150 0.295649
vt 0.525384 0.295649
vt 0.525384 0.289277
vt 0.530032 0.289277
vt 0.529417 0.289838
vt 0.533055 0.289837
vt 0.536434 0.289278
vt 0.544183 0.295649
vt 0.539319 0.289281
vt 0.546027 0.289838
vt 0.545864 0.289277
vt 0.546896 0.295649
vt 0.550174 0.295649
vt 0.550174 0.289277
vt 0.550174 0.289840
vt 0.554141 0.289277
vt 0.554162 0.289838
vt 0.554176 0.295649
vt 0.563855 0.289278
vt 0.582260 0.289296
vt 0.589045 0.289277
vt 0.589045 0.295649
vt 0.597590 0.295649
vt 0.595733 0.289277
vt 0.595733 0.289847
vt 0.601653 0.289277
vt 0.601653 0.289855
vt 0.603115 0.295649
vt 0.605981 0.295649
vt 0.605981 0.289277
vt 0.605981 0.289852
vt 0.610233 0.289277
vt 0.610233 0.289836
vt 0.610233 0.295649
vt 0.613750 0.295649
vt 0.613675 0.289277
vt 0.613742 0.289835
vt 0.620186 0.295649
vt 0.620129 0.289292
vt 0.622958 0.289838
vt 0.623959 0.289277
vt 0.626893 0.295649
vt 0.629220 0.289277
vt 0.630931 0.295649
vt 0.636400 0.295649
vt 0.636346 0.289277
vt 0.636400 0.289836
vt 0.640810 0.289276
vt 0.644930 0.289280
vt 0.641383 0.289962
vt 0.647501 0.289844
vt 0.647492 0.289277
vt 0.647505 0.295649
vt 0.652879 0.289277
vt 0.652879 0.289836
vt 0.652879 0.295649
vt 0.658213 0.295649
vt 0.658181 0.289277
vt 0.658213 0.289838
vt 0.660975 0.289277
vt 0.664535 0.289278
vt 0.663505 0.289835
vt 0.664579 0.295649
vt 0.667074 0.295649
vt 0.120975 0.289279
vt 0.451965 0.289326
vt 0.569747 0.289320
vt 0.667022 0.289287
vt 0.667120 0.289278
vt 0.001619 0.974290
vt 0.001643 0.971660
vt 0.000822 0.972158
vt 0.001640 0.968464
vt 0.002031 0.965806
vt 0.001312 0.964957
vt 0.002045 0.962925
vt 0.001307 0.953565
vt 0.002229 0.956272
vt 0.002032 0.953058
vt 0.001570 0.946657
vt 0.001475 0.940373
vt 0.002040 0.938337
vt 0.001187 0.938161
vt 0.001612 0.932116
vt 0.002132 0.934473
vt 0.001127 0.932113
vt 0.001220 0.924344
vt 0.002050 0.924413
vt 0.001314 0.920784
vt 0.001998 0.920809
vt 0.001285 0.913597
vt 0.002051 0.913516
vt 0.001627 0.909804
vt 0.001461 0.906404
vt 0.002072 0.904100
vt 0.001312 0.904096
vt 0.001296 0.900046
vt 0.001388 0.898225
vt 0.001939 0.897637
vt 0.002250 0.891783
vt 0.001306 0.891862
vt 0.001646 0.884458
vt 0.000845 0.884232
vt 0.001870 0.879010
vt 0.001659 0.869732
vt 0.002015 0.866956
vt 0.001325 0.866844
vt 0.001602 0.858012
vt 0.000968 0.857732
vt 0.000958 0.851416
vt 0.001895 0.852262
vt 0.001457 0.842080
vt 0.001461 0.827320
vt 0.001995 0.823136
vt 0.000971 0.823215
vt 0.001317 0.816527
vt 0.002026 0.816693
vt 0.001737 0.813197
vt 0.000950 0.813278
vt 0.001549 0.805954
vt 0.001492 0.802759
vt 0.002054 0.799275
vt 0.001343 0.800141
vt 0.001366 0.794564
vt 0.002013 0.795120
vt 0.001154 0.777116
vt 0.000981 0.782468
vt 0.001527 0.773862
vt 0.002042 0.770639
vt 0.001187 0.770446
vt 0.001309 0.763492
vt 0.000753 0.765910
vt 0.002231 0.763435
vt 0.002069 0.760363
vt 0.001315 0.752961
vt 0.000769 0.760354
vt 0.002028 0.752483
vt 0.001825 0.748447
vt 0.000756 0.748447
vt 0.000885 0.741807
vt 0.001943 0.742027
vt 0.001583 0.736786
vt 0.001643 0.732929
vt 0.002025 0.730196
vt 0.001318 0.729281
vt 0.002037 0.727124
vt 0.001202 0.723060
vt 0.002001 0.723375
vt 0.001302 0.715831
vt 0.002055 0.715946
vt 0.002135 0.712914
vt 0.000954 0.711531
vt 0.001175 0.702065
vt 0.002034 0.709794
vt 0.002058 0.703561
vt 0.001221 0.695837
vt 0.002083 0.698329
vt 0.002034 0.694757
vt 0.000961 0.686379
vt 0.000950 0.693115
vt 0.001615 0.681673
vt 0.001667 0.674645
vt 0.002036 0.670693
vt 0.001321 0.668821
vt 0.002049 0.666187
vt 0.001305 0.657090
vt 0.002032 0.656978
vt 0.001898 0.650603
vt 0.000962 0.650071
vt 0.001062 0.637184
vt 0.001640 0.637995
vt 0.000951 0.629697
vt 0.001340 0.627947
vt 0.001638 0.624743
vt 0.002028 0.621962
vt 0.001317 0.621392
vt 0.002034 0.619044
vt 0.001306 0.612090
vt 0.002025 0.611796
vt 0.001309 0.608142
vt 0.001966 0.608113
vt 0.000593 0.604232
vt 0.001054 0.596056
vt 0.002047 0.604284
vt 0.001829 0.592387
vt 0.000759 0.592387
vt 0.000761 0.588729
vt 0.001830 0.588730
vt 0.002040 0.585125
vt 0.001334 0.585110
vt 0.001472 0.576219
vt 0.002033 0.576388
vt 0.000953 0.578048
vt 0.001487 0.565996
vt 0.002216 0.561676
vt 0.001330 0.561612
vt 0.001546 0.552643
vt 0.000786 0.558542
vt 0.002047 0.543916
vt 0.001289 0.543941
vt 0.000989 0.540106
vt 0.002033 0.540266
vt 0.001832 0.527342
vt 0.002078 0.531841
vt 0.001016 0.528904
vt 0.000954 0.523228
vt 0.000953 0.513777
vt 0.001942 0.508292
vt 0.001220 0.508017
vt 0.001541 0.500854
vt 0.001527 0.498088
vt 0.002041 0.493563
vt 0.001322 0.493301
vt 0.001709 0.483296
vt 0.000959 0.483718
vt 0.000923 0.479868
vt 0.001682 0.469257
vt 0.002230 0.479717
vt 0.000878 0.470625
vt 0.000961 0.466021
vt 0.001192 0.455653
vt 0.001937 0.456134
vt 0.001815 0.450005
vt 0.000759 0.450005
vt 0.002035 0.445471
vt 0.001252 0.445709
vt 0.001808 0.436281
vt 0.002209 0.438955
vt 0.000956 0.437574
vt 0.001178 0.429507
vt 0.001948 0.429907
vt 0.001588 0.425215
vt 0.001536 0.421263
vt 0.002209 0.411534
vt 0.001683 0.407904
vt 0.000957 0.410244
vt 0.000930 0.393051
vt 0.001728 0.387088
vt 0.002371 0.387484
vt 0.000765 0.386344
vt 0.001564 0.379656
vt 0.001675 0.369408
vt 0.002034 0.365156
vt 0.001309 0.362891
vt 0.001994 0.361651
vt 0.002075 0.355341
vt 0.000960 0.355184
vt 0.000841 0.350504
vt 0.001957 0.345383
vt 0.002217 0.352431
vt 0.002284 0.348236
vt 0.000915 0.345687
vt 0.001287 0.338996
vt 0.002025 0.338661
vt 0.002028 0.332116
vt 0.001110 0.328832
vt 0.002033 0.327913
vt 0.001294 0.322452
vt 0.001991 0.322553
vt 0.001288 0.317142
vt 0.002052 0.316833
vt 0.001401 0.311364
vt 0.000766 0.314414
vt 0.002032 0.309432
vt 0.001351 0.307461
vt 0.000954 0.308912
vt 0.002435 0.971709
vt 0.003150 0.973486
vt 0.002796 0.968464
vt 0.002793 0.965806
vt 0.002759 0.962928
vt 0.002798 0.952879
vt 0.002439 0.946577
vt 0.001514 0.943194
vt 0.002801 0.943194
vt 0.002797 0.940373
vt 0.002793 0.938337
vt 0.002618 0.936152
vt 0.002500 0.932498
vt 0.002389 0.929291
vt 0.002798 0.924669
vt 0.002797 0.920784
vt 0.002805 0.913510
vt 0.003227 0.909804
vt 0.002800 0.906404
vt 0.002751 0.904109
vt 0.002431 0.900019
vt 0.002799 0.897957
vt 0.002429 0.894725
vt 0.002434 0.884506
vt 0.003016 0.880886
vt 0.002439 0.876920
vt 0.001539 0.873465
vt 0.002810 0.873465
vt 0.003221 0.869732
vt 0.002791 0.866889
vt 0.002438 0.857978
vt 0.003007 0.854414
vt 0.002403 0.850852
vt 0.002451 0.842132
vt 0.001543 0.836724
vt 0.002810 0.836724
vt 0.003228 0.831850
vt 0.001643 0.831850
vt 0.002789 0.827320
vt 0.002779 0.823100
vt 0.002797 0.816693
vt 0.002423 0.813295
vt 0.002798 0.805895
vt 0.002424 0.802759
vt 0.002794 0.798851
vt 0.002796 0.795444
vt 0.002709 0.791735
vt 0.002568 0.784812
vt 0.002431 0.777047
vt 0.002431 0.773862
vt 0.002799 0.771193
vt 0.002801 0.768515
vt 0.002432 0.765910
vt 0.002796 0.760354
vt 0.002799 0.753266
vt 0.002799 0.748447
vt 0.002435 0.744481
vt 0.002803 0.740383
vt 0.002812 0.736786
vt 0.003226 0.732929
vt 0.003220 0.730196
vt 0.002791 0.727124
vt 0.002798 0.723338
vt 0.002799 0.715959
vt 0.003015 0.712735
vt 0.002806 0.709725
vt 0.002800 0.703475
vt 0.002911 0.698248
vt 0.002797 0.695308
vt 0.002818 0.693096
vt 0.002443 0.686364
vt 0.002438 0.681567
vt 0.001558 0.677829
vt 0.002433 0.677829
vt 0.002797 0.674645
vt 0.002793 0.670693
vt 0.002773 0.666341
vt 0.002792 0.657154
vt 0.002437 0.650258
vt 0.002434 0.638740
vt 0.002437 0.634897
vt 0.002438 0.629664
vt 0.002432 0.627497
vt 0.003223 0.624743
vt 0.003215 0.621962
vt 0.002794 0.619023
vt 0.002750 0.612279
vt 0.002797 0.608141
vt 0.002798 0.604284
vt 0.002434 0.597077
vt 0.002798 0.592387
vt 0.002797 0.588729
vt 0.002759 0.585132
vt 0.003058 0.578097
vt 0.003016 0.573836
vt 0.002803 0.565996
vt 0.003216 0.561565
vt 0.002434 0.552659
vt 0.003019 0.543922
vt 0.002793 0.540106
vt 0.002798 0.532474
vt 0.003016 0.527313
vt 0.002419 0.523454
vt 0.002430 0.513844
vt 0.002799 0.508788
vt 0.002448 0.506307
vt 0.002431 0.500854
vt 0.002428 0.498088
vt 0.002792 0.494727
vt 0.002772 0.491069
vt 0.002602 0.483814
vt 0.002394 0.470990
vt 0.002395 0.466012
vt 0.003007 0.469448
vt 0.002968 0.458327
vt 0.002434 0.454239
vt 0.002797 0.450005
vt 0.002797 0.445972
vt 0.002799 0.442334
vt 0.002620 0.435979
vt 0.002559 0.429418
vt 0.002432 0.425215
vt 0.002427 0.421318
vt 0.002419 0.405626
vt 0.003030 0.392972
vt 0.002808 0.379656
vt 0.003231 0.373736
vt 0.001635 0.373736
vt 0.003223 0.369408
vt 0.003208 0.365156
vt 0.002797 0.361687
vt 0.002799 0.355330
vt 0.003015 0.349887
vt 0.002799 0.344458
vt 0.002767 0.338690
vt 0.002872 0.333616
vt 0.002799 0.330459
vt 0.002791 0.327912
vt 0.002800 0.322510
vt 0.002798 0.317015
vt 0.002799 0.314414
vt 0.002631 0.310886
vt 0.002801 0.308336
vt 0.002881 0.306553
vt 0.003226 0.971640
vt 0.003613 0.968464
vt 0.003610 0.965806
vt 0.003605 0.962881
vt 0.003213 0.956416
vt 0.003606 0.952872
vt 0.003230 0.946657
vt 0.003608 0.938337
vt 0.003601 0.936152
vt 0.003935 0.934518
vt 0.003223 0.931910
vt 0.003608 0.924625
vt 0.003598 0.920796
vt 0.003885 0.913520
vt 0.003606 0.904096
vt 0.003217 0.899992
vt 0.003833 0.897957
vt 0.003221 0.894725
vt 0.003223 0.891770
vt 0.003222 0.884506
vt 0.003226 0.876920
vt 0.003611 0.866809
vt 0.003517 0.862683
vt 0.003683 0.857813
vt 0.003223 0.850798
vt 0.003246 0.842145
vt 0.003597 0.823093
vt 0.003606 0.816657
vt 0.003271 0.813005
vt 0.003875 0.805923
vt 0.003650 0.802759
vt 0.003607 0.798851
vt 0.003601 0.795444
vt 0.003604 0.791207
vt 0.003222 0.782822
vt 0.003225 0.777047
vt 0.003223 0.773862
vt 0.003678 0.771069
vt 0.003604 0.768515
vt 0.003225 0.765910
vt 0.003225 0.763435
vt 0.003842 0.760354
vt 0.003603 0.753212
vt 0.003605 0.748447
vt 0.003223 0.744481
vt 0.003608 0.740383
vt 0.003604 0.727124
vt 0.003603 0.724293
vt 0.003956 0.722424
vt 0.003605 0.715937
vt 0.003709 0.709834
vt 0.003619 0.703438
vt 0.003608 0.697607
vt 0.003866 0.695039
vt 0.003621 0.693095
vt 0.003225 0.686336
vt 0.003224 0.681536
vt 0.003225 0.677829
vt 0.003612 0.674645
vt 0.003611 0.670693
vt 0.003604 0.666106
vt 0.003627 0.657090
vt 0.003222 0.650158
vt 0.003222 0.638677
vt 0.003222 0.634897
vt 0.003224 0.629659
vt 0.003229 0.627497
vt 0.003548 0.618499
vt 0.003739 0.611996
vt 0.003607 0.608141
vt 0.003605 0.604284
vt 0.003223 0.596973
vt 0.003607 0.592387
vt 0.003828 0.588729
vt 0.003604 0.585108
vt 0.003221 0.552659
vt 0.004049 0.561528
vt 0.003612 0.540106
vt 0.003601 0.532392
vt 0.003222 0.523427
vt 0.003407 0.513799
vt 0.003605 0.508758
vt 0.003237 0.506288
vt 0.003226 0.500854
vt 0.003226 0.498088
vt 0.003610 0.494727
vt 0.003604 0.490870
vt 0.003635 0.483725
vt 0.003222 0.479636
vt 0.003602 0.472902
vt 0.003222 0.466020
vt 0.003224 0.454239
vt 0.003608 0.450005
vt 0.003606 0.445972
vt 0.003604 0.442334
vt 0.003221 0.438955
vt 0.003608 0.435950
vt 0.003329 0.429244
vt 0.003223 0.425215
vt 0.003210 0.421322
vt 0.003222 0.410457
vt 0.003228 0.386344
vt 0.003602 0.361640
vt 0.003604 0.355305
vt 0.003223 0.352431
vt 0.003405 0.345909
vt 0.003604 0.338927
vt 0.003603 0.331845
vt 0.003777 0.327925
vt 0.003607 0.322536
vt 0.003606 0.317015
vt 0.003607 0.314414
vt 0.003221 0.311884
vt 0.003494 0.309061
vt 0.004045 0.971568
vt 0.004803 0.973486
vt 0.004722 0.968464
vt 0.004629 0.965368
vt 0.004037 0.956359
vt 0.004500 0.953552
vt 0.004078 0.946627
vt 0.004051 0.943194
vt 0.004473 0.940373
vt 0.004733 0.938183
vt 0.004049 0.931847
vt 0.004480 0.924351
vt 0.004451 0.920784
vt 0.004700 0.909804
vt 0.004477 0.906404
vt 0.004716 0.904087
vt 0.004041 0.900014
vt 0.004028 0.894725
vt 0.004175 0.891929
vt 0.004022 0.884412
vt 0.004049 0.877456
vt 0.004035 0.873015
vt 0.004673 0.869732
vt 0.004766 0.866835
vt 0.004387 0.858052
vt 0.004044 0.851471
vt 0.004109 0.842054
vt 0.004049 0.836724
vt 0.004678 0.831850
vt 0.004490 0.827320
vt 0.004455 0.823215
vt 0.004604 0.816653
vt 0.004056 0.813453
vt 0.004852 0.802239
vt 0.004303 0.794359
vt 0.004029 0.778103
vt 0.004048 0.773862
vt 0.004040 0.765910
vt 0.004052 0.763435
vt 0.004586 0.752897
vt 0.004771 0.748447
vt 0.004133 0.743495
vt 0.004032 0.736357
vt 0.004660 0.732929
vt 0.004667 0.730196
vt 0.004552 0.727124
vt 0.004423 0.715849
vt 0.004166 0.712550
vt 0.004156 0.702096
vt 0.004603 0.698109
vt 0.004041 0.686330
vt 0.004036 0.681458
vt 0.004038 0.677829
vt 0.004696 0.674645
vt 0.004633 0.670693
vt 0.004464 0.666106
vt 0.004434 0.657125
vt 0.004049 0.650095
vt 0.004051 0.638637
vt 0.004048 0.634897
vt 0.004045 0.628453
vt 0.004702 0.624743
vt 0.004664 0.621962
vt 0.004732 0.619066
vt 0.004714 0.608141
vt 0.004673 0.602676
vt 0.004041 0.596188
vt 0.004733 0.592387
vt 0.005234 0.588593
vt 0.004135 0.577865
vt 0.004057 0.573821
vt 0.004046 0.565996
vt 0.004041 0.552592
vt 0.004055 0.543931
vt 0.004679 0.540106
vt 0.004644 0.532107
vt 0.004101 0.527213
vt 0.004030 0.523291
vt 0.004427 0.513758
vt 0.004443 0.508439
vt 0.004034 0.500816
vt 0.004054 0.498088
vt 0.004467 0.493182
vt 0.004366 0.483497
vt 0.003902 0.479703
vt 0.004084 0.470160
vt 0.004044 0.466007
vt 0.004042 0.455168
vt 0.004766 0.450005
vt 0.004506 0.445262
vt 0.004090 0.438422
vt 0.004106 0.429342
vt 0.004050 0.425215
vt 0.004039 0.421289
vt 0.004131 0.410153
vt 0.004055 0.388463
vt 0.004030 0.378959
vt 0.004647 0.373089
vt 0.004668 0.369408
vt 0.004318 0.362932
vt 0.004382 0.354873
vt 0.004047 0.351197
vt 0.004161 0.346451
vt 0.004212 0.338518
vt 0.004354 0.331780
vt 0.004223 0.322373
vt 0.004236 0.316745
vt 0.004063 0.311283
vt 0.004044 0.308286
vt 0.004665 0.306550
vt 0.004966 0.971744
vt 0.005326 0.962882
vt 0.004845 0.944776
vt 0.005277 0.953036
vt 0.005004 0.932103
vt 0.005459 0.920814
vt 0.004847 0.913536
vt 0.005090 0.899302
vt 0.005002 0.883283
vt 0.005275 0.891757
vt 0.004891 0.873664
vt 0.005282 0.856805
vt 0.004779 0.851256
vt 0.004880 0.842025
vt 0.005250 0.836724
vt 0.005452 0.823146
vt 0.004943 0.813340
vt 0.004848 0.805916
vt 0.005327 0.794882
vt 0.005002 0.774622
vt 0.005251 0.782946
vt 0.004938 0.766378
vt 0.005465 0.770154
vt 0.004990 0.762919
vt 0.005450 0.743982
vt 0.005395 0.738637
vt 0.005082 0.723275
vt 0.005277 0.715588
vt 0.005285 0.711663
vt 0.004861 0.703552
vt 0.005513 0.697907
vt 0.005044 0.694663
vt 0.004805 0.680572
vt 0.005283 0.666183
vt 0.005280 0.656978
vt 0.004791 0.650178
vt 0.004951 0.637876
vt 0.005165 0.629259
vt 0.004847 0.611975
vt 0.005057 0.597333
vt 0.005288 0.585106
vt 0.005221 0.576924
vt 0.005230 0.564760
vt 0.004981 0.561553
vt 0.004930 0.552698
vt 0.004843 0.543922
vt 0.005276 0.526343
vt 0.005284 0.513661
vt 0.005085 0.508192
vt 0.004871 0.498990
vt 0.005085 0.493248
vt 0.005301 0.483669
vt 0.005288 0.479783
vt 0.004929 0.470044
vt 0.004932 0.455657
vt 0.005288 0.465978
vt 0.005284 0.445348
vt 0.005281 0.437603
vt 0.004858 0.429549
vt 0.004917 0.422707
vt 0.005290 0.410313
vt 0.004684 0.387997
vt 0.004768 0.378536
vt 0.005131 0.363752
vt 0.005165 0.354258
vt 0.004828 0.348563
vt 0.005470 0.344459
vt 0.005058 0.338446
vt 0.005276 0.332079
vt 0.005016 0.327974
vt 0.004960 0.322548
vt 0.005094 0.316226
vt 0.004816 0.310917
vt 0.005738 0.971723
vt 0.006372 0.973486
vt 0.005729 0.968464
vt 0.005730 0.965806
vt 0.006364 0.962881
vt 0.005734 0.956272
vt 0.006372 0.953064
vt 0.005737 0.946657
vt 0.005723 0.943194
vt 0.005721 0.940373
vt 0.005733 0.938337
vt 0.005736 0.934671
vt 0.006373 0.932143
vt 0.005740 0.929546
vt 0.005731 0.924121
vt 0.005732 0.913629
vt 0.005721 0.909804
vt 0.005725 0.906404
vt 0.005687 0.904072
vt 0.006372 0.900105
vt 0.005737 0.897957
vt 0.005731 0.894725
vt 0.006370 0.891738
vt 0.005736 0.884506
vt 0.006369 0.880886
vt 0.005741 0.876920
vt 0.005731 0.871885
vt 0.005723 0.869732
vt 0.005730 0.866809
vt 0.005757 0.861046
vt 0.006372 0.858112
vt 0.006374 0.854414
vt 0.005739 0.850924
vt 0.005736 0.841911
vt 0.005725 0.831850
vt 0.005715 0.827320
vt 0.005746 0.819475
vt 0.005731 0.816693
vt 0.005724 0.813319
vt 0.005730 0.805954
vt 0.005726 0.802759
vt 0.005736 0.798851
vt 0.005740 0.791292
vt 0.006390 0.782641
vt 0.005733 0.777047
vt 0.005733 0.773862
vt 0.006371 0.771193
vt 0.005734 0.765910
vt 0.005733 0.763436
vt 0.005737 0.760354
vt 0.005752 0.752988
vt 0.005736 0.748447
vt 0.005734 0.735129
vt 0.005722 0.732929
vt 0.005721 0.730196
vt 0.005730 0.727124
vt 0.005736 0.724293
vt 0.005739 0.721396
vt 0.006373 0.715590
vt 0.006372 0.712735
vt 0.006369 0.709835
vt 0.005736 0.703455
vt 0.005737 0.700039
vt 0.005734 0.695308
vt 0.005727 0.693132
vt 0.005736 0.686464
vt 0.005740 0.681655
vt 0.005736 0.677829
vt 0.005731 0.674645
vt 0.005730 0.670693
vt 0.006379 0.666105
vt 0.006382 0.657040
vt 0.005739 0.650442
vt 0.005737 0.638767
vt 0.005739 0.634897
vt 0.006373 0.629721
vt 0.005735 0.627497
vt 0.005724 0.624743
vt 0.005726 0.621962
vt 0.005736 0.619023
vt 0.005734 0.612097
vt 0.005734 0.608141
vt 0.005740 0.604284
vt 0.005736 0.597211
vt 0.005735 0.592387
vt 0.006372 0.588731
vt 0.006365 0.585108
vt 0.006369 0.578029
vt 0.005739 0.574343
vt 0.005723 0.561676
vt 0.005743 0.556909
vt 0.005737 0.552659
vt 0.005720 0.543946
vt 0.005731 0.540106
vt 0.005753 0.532022
vt 0.006372 0.527313
vt 0.006366 0.523323
vt 0.006369 0.513819
vt 0.005737 0.508828
vt 0.005740 0.506257
vt 0.005734 0.500854
vt 0.005730 0.498088
vt 0.005730 0.494727
vt 0.005736 0.490870
vt 0.006373 0.483700
vt 0.006366 0.479742
vt 0.005737 0.470246
vt 0.006374 0.465941
vt 0.005738 0.458326
vt 0.005737 0.454239
vt 0.005733 0.450005
vt 0.006372 0.445972
vt 0.006370 0.442334
vt 0.006373 0.438955
vt 0.006370 0.436048
vt 0.005737 0.429442
vt 0.005733 0.425215
vt 0.005754 0.421259
vt 0.006373 0.411534
vt 0.006366 0.405543
vt 0.006374 0.393131
vt 0.005743 0.386344
vt 0.005733 0.377948
vt 0.005715 0.372274
vt 0.005715 0.369408
vt 0.005728 0.365156
vt 0.005737 0.361684
vt 0.005748 0.355246
vt 0.006372 0.352431
vt 0.005737 0.348633
vt 0.005737 0.338641
vt 0.006373 0.333770
vt 0.006375 0.330459
vt 0.005748 0.327898
vt 0.005739 0.322510
vt 0.005735 0.317185
vt 0.006370 0.314414
vt 0.005736 0.310921
vt 0.005738 0.308356
vt 0.006376 0.306553
vt 0.006373 0.971692
vt -0.000003 0.975391
vt 0.000000 0.971792
vt 0.000565 0.970910
vt 0.006373 0.968464
vt 0.000000 0.968464
vt 0.000568 0.968464
vt 0.000000 0.965806
vt 0.000565 0.965806
vt 0.006373 0.965806
vt 0.000000 0.962848
vt 0.000561 0.962881
vt 0.000558 0.956257
vt 0.006373 0.956242
vt 0.000000 0.956272
vt 0.000000 0.953074
vt 0.000550 0.953059
vt 0.000000 0.946657
vt 0.000567 0.946657
vt 0.006373 0.946657
vt 0.006373 0.943194
vt 0.000000 0.943194
vt 0.000575 0.943194
vt 0.000000 0.940373
vt 0.000570 0.940373
vt 0.006373 0.940373
vt 0.006373 0.938337
vt 0.000000 0.938337
vt 0.000563 0.938337
vt 0.000000 0.934654
vt 0.000559 0.934548
vt 0.006373 0.934479
vt 0.000000 0.931790
vt 0.000563 0.931819
vt 0.006373 0.929947
vt 0.000564 0.924416
vt 0.006373 0.924421
vt 0.000000 0.924121
vt 0.000000 0.920859
vt 0.000564 0.920784
vt 0.006373 0.920784
vt 0.006373 0.913641
vt 0.000569 0.913697
vt 0.000000 0.913499
vt 0.006373 0.909804
vt 0.000000 0.909804
vt 0.000575 0.909804
vt 0.000000 0.906404
vt 0.000566 0.906404
vt 0.006373 0.906404
vt 0.006373 0.904096
vt 0.000000 0.904034
vt 0.000562 0.904096
vt 0.000553 0.900089
vt 0.000000 0.900019
vt 0.000000 0.897986
vt 0.000564 0.897957
vt 0.006373 0.897957
vt 0.006373 0.894725
vt 0.000557 0.896087
vt 0.000000 0.891792
vt 0.000563 0.891776
vt 0.000000 0.884089
vt 0.006373 0.884506
vt 0.000562 0.880886
vt 0.000000 0.876920
vt 0.000562 0.876920
vt 0.006373 0.876920
vt 0.006373 0.871885
vt 0.000000 0.873465
vt 0.000567 0.873465
vt 0.000000 0.869732
vt 0.000572 0.869732
vt 0.006373 0.869732
vt 0.006373 0.866809
vt 0.000000 0.866809
vt 0.000566 0.866809
vt 0.000000 0.857874
vt 0.000557 0.860916
vt 0.006373 0.850798
vt 0.006373 0.842301
vt 0.000000 0.850798
vt 0.000564 0.842266
vt 0.000000 0.842354
vt 0.006373 0.836724
vt 0.000000 0.836724
vt 0.000570 0.836724
vt 0.000000 0.831850
vt 0.000574 0.831850
vt 0.006373 0.831850
vt 0.006373 0.827320
vt 0.000000 0.827320
vt 0.000576 0.827320
vt 0.000000 0.823032
vt 0.006373 0.823215
vt 0.006373 0.819475
vt 0.000561 0.820845
vt 0.000000 0.816692
vt 0.000565 0.816693
vt 0.006373 0.816692
vt 0.006373 0.813344
vt 0.000000 0.813359
vt 0.006373 0.805954
vt 0.000566 0.805954
vt 0.000000 0.805954
vt 0.000000 0.802759
vt 0.000570 0.802759
vt 0.006373 0.802759
vt 0.006373 0.798851
vt 0.000000 0.800421
vt 0.000563 0.800421
vt 0.000000 0.794486
vt 0.000557 0.795444
vt 0.006373 0.795444
vt 0.006373 0.791089
vt 0.000560 0.791075
vt -0.000034 0.782869
vt 0.006373 0.777047
vt 0.000563 0.777047
vt 0.000000 0.777047
vt 0.000000 0.773862
vt 0.000563 0.773862
vt 0.006373 0.773862
vt 0.000000 0.770928
vt 0.000561 0.770721
vt 0.006373 0.768514
vt 0.006373 0.765910
vt 0.000000 0.765910
vt 0.000000 0.763436
vt 0.000566 0.763435
vt 0.006373 0.763436
vt 0.006373 0.760354
vt 0.000000 0.760354
vt 0.000000 0.752997
vt 0.000568 0.752934
vt 0.006373 0.752918
vt 0.000000 0.748447
vt 0.006373 0.748447
vt 0.006373 0.744481
vt 0.000000 0.743366
vt 0.000562 0.744481
vt 0.006373 0.740383
vt 0.006373 0.735129
vt 0.000000 0.736786
vt 0.000566 0.736786
vt 0.000000 0.732929
vt 0.000574 0.732929
vt 0.006373 0.732929
vt 0.006373 0.730196
vt 0.000000 0.730196
vt 0.000572 0.730196
vt 0.000000 0.727124
vt 0.000561 0.727124
vt 0.006373 0.727124
vt 0.006373 0.724293
vt 0.000000 0.723447
vt 0.000560 0.723311
vt 0.006373 0.721386
vt 0.000000 0.715884
vt 0.000561 0.715829
vt 0.000000 0.712735
vt 0.000005 0.709861
vt 0.000560 0.703364
vt 0.000000 0.703493
vt 0.006373 0.703362
vt 0.000000 0.698476
vt 0.000563 0.698331
vt 0.006373 0.700039
vt 0.006373 0.697607
vt 0.000000 0.695308
vt 0.000563 0.695308
vt 0.006373 0.695308
vt 0.006373 0.693135
vt -0.000003 0.693133
vt 0.006373 0.686437
vt 0.006373 0.681585
vt -0.000023 0.686497
vt 0.000561 0.681547
vt 0.000000 0.681692
vt 0.006373 0.677829
vt 0.000000 0.677829
vt 0.000562 0.677829
vt 0.000000 0.674645
vt 0.000567 0.674645
vt 0.006373 0.674645
vt 0.006373 0.670691
vt 0.000000 0.670691
vt 0.000566 0.670693
vt 0.000000 0.666151
vt 0.000560 0.666106
vt 0.000563 0.657051
vt 0.000000 0.656978
vt 0.006373 0.650264
vt -0.000000 0.650496
vt 0.006373 0.638733
vt 0.000560 0.638729
vt 0.000000 0.638822
vt 0.006373 0.634897
vt -0.000000 0.634897
vt -0.000001 0.629731
vt 0.000567 0.627497
vt 0.000000 0.627497
vt 0.006373 0.627497
vt 0.006373 0.624743
vt 0.000000 0.624743
vt 0.000572 0.624743
vt 0.000000 0.621962
vt 0.000567 0.621962
vt 0.006373 0.621962
vt 0.006373 0.619023
vt 0.000000 0.619023
vt 0.000561 0.619023
vt 0.000000 0.612080
vt 0.000562 0.612046
vt 0.006373 0.612038
vt 0.000000 0.607633
vt 0.000564 0.608141
vt 0.006373 0.608141
vt 0.006373 0.604284
vt 0.000000 0.597300
vt 0.000561 0.597120
vt 0.006373 0.600209
vt 0.006373 0.596188
vt 0.000000 0.592387
vt 0.006373 0.592387
vt 0.000000 0.588731
vt 0.000000 0.585076
vt 0.000560 0.585108
vt 0.000009 0.578057
vt 0.006373 0.574395
vt 0.000557 0.574371
vt 0.000000 0.574402
vt 0.006373 0.564610
vt 0.000000 0.565996
vt 0.000571 0.565996
vt 0.000000 0.561581
vt 0.000572 0.561676
vt 0.006373 0.561676
vt 0.006373 0.556909
vt 0.000000 0.552715
vt 0.000559 0.552659
vt 0.006373 0.552657
vt 0.006373 0.543950
vt 0.000568 0.543971
vt 0.000000 0.543906
vt 0.006373 0.540106
vt 0.000000 0.540106
vt 0.000000 0.532018
vt 0.000558 0.531944
vt 0.006373 0.531897
vt 0.000001 0.527313
vt 0.006373 0.508811
vt 0.000026 0.513879
vt 0.000561 0.508811
vt 0.000000 0.508865
vt 0.006373 0.506238
vt 0.000000 0.506238
vt 0.000560 0.506246
vt 0.006373 0.500854
vt 0.000000 0.500854
vt 0.000564 0.500854
vt 0.000000 0.498088
vt 0.000568 0.498088
vt 0.006373 0.498088
vt 0.006373 0.494727
vt 0.000000 0.494727
vt 0.000565 0.494727
vt 0.000000 0.490870
vt 0.000560 0.490870
vt 0.006373 0.490870
vt 0.000003 0.483714
vt 0.006373 0.472902
vt 0.000009 0.479795
vt 0.000001 0.469999
vt 0.006373 0.469448
vt 0.006373 0.458326
vt -0.000002 0.465952
vt 0.000584 0.458357
vt 0.000000 0.455552
vt 0.000562 0.454239
vt 0.006373 0.454239
vt 0.006373 0.450005
vt 0.000000 0.450005
vt 0.000000 0.445356
vt 0.000562 0.445972
vt 0.000561 0.442334
vt 0.000001 0.438955
vt 0.006373 0.431206
vt 0.000004 0.436070
vt 0.000562 0.429362
vt 0.000000 0.429524
vt 0.006373 0.428493
vt 0.006373 0.425215
vt 0.000000 0.425215
vt 0.000564 0.425215
vt 0.000000 0.421248
vt 0.000562 0.421227
vt 0.006373 0.421213
vt 0.000001 0.411534
vt 0.000019 0.393130
vt 0.000000 0.386344
vt 0.006373 0.386344
vt 0.006373 0.377799
vt 0.000000 0.379656
vt 0.000571 0.379656
vt 0.000000 0.373736
vt 0.000579 0.373736
vt 0.006373 0.372274
vt 0.006373 0.369408
vt 0.000000 0.369408
vt 0.000576 0.369408
vt 0.000000 0.365156
vt 0.000560 0.365156
vt 0.006373 0.365156
vt 0.006373 0.361639
vt 0.000000 0.361714
vt 0.000559 0.361647
vt 0.006373 0.355203
vt 0.000015 0.355260
vt 0.000562 0.352431
vt 0.000000 0.351430
vt 0.006373 0.348496
vt 0.000000 0.346169
vt 0.006373 0.344458
vt 0.006373 0.338989
vt 0.000000 0.339044
vt 0.000560 0.338989
vt -0.000001 0.334579
vt 0.000003 0.330459
vt 0.000686 0.334006
vt 0.000568 0.327888
vt 0.000000 0.327897
vt 0.006373 0.327884
vt 0.000000 0.322510
vt 0.000560 0.322510
vt 0.006373 0.322510
vt 0.006373 0.317177
vt 0.000000 0.317209
vt 0.000562 0.317177
vt 0.000000 0.314414
vt 0.000001 0.310854
vt 0.000559 0.311884
vt 0.006373 0.310810
vt 0.006373 0.308315
vt 0.000002 0.854414
vt 0.000049 0.523424
vt 0.000043 0.405642
vt 0.000010 0.308368
vt 0.000001 0.308269
vt 0.929504 0.028154
vt 0.926762 0.034369
vt 0.928404 0.033980
vt 0.921576 0.048938
vt 0.919996 0.048010
vt 0.916743 0.054654
vt 0.919283 0.055555
vt 0.902554 0.065695
vt 0.892273 0.073295
vt 0.885427 0.080822
vt 0.886859 0.083877
vt 0.875435 0.102097
vt 0.866700 0.109392
vt 0.868786 0.110671
vt 0.857419 0.120660
vt 0.859482 0.122205
vt 0.850143 0.130945
vt 0.852179 0.132829
vt 0.846110 0.138866
vt 0.844384 0.137525
vt 0.840511 0.146922
vt 0.838055 0.145059
vt 0.833081 0.154787
vt 0.826131 0.159977
vt 0.828138 0.161741
vt 0.822749 0.161343
vt 0.820072 0.167186
vt 0.813696 0.173790
vt 0.809250 0.176162
vt 0.807483 0.180974
vt 0.799987 0.188186
vt 0.801554 0.189735
vt 0.794848 0.195956
vt 0.783706 0.210167
vt 0.790377 0.203692
vt 0.785976 0.211629
vt 0.780432 0.216350
vt 0.772060 0.225008
vt 0.773676 0.225624
vt 0.757701 0.242574
vt 0.755181 0.240311
vt 0.748723 0.250207
vt 0.746405 0.247677
vt 0.737270 0.260358
vt 0.735456 0.258439
vt 0.724071 0.267697
vt 0.725534 0.269298
vt 0.718599 0.277063
vt 0.716596 0.273701
vt 0.708692 0.280208
vt 0.709884 0.282488
vt 0.702526 0.285851
vt 0.688876 0.294131
vt 0.689896 0.295650
vt 0.682983 0.301766
vt 0.681632 0.299277
vt 0.673719 0.308151
vt 0.674947 0.310413
vt 0.665524 0.314774
vt 0.654729 0.320019
vt 0.656600 0.322506
vt 0.646362 0.329965
vt 0.636877 0.335829
vt 0.637946 0.337187
vt 0.631784 0.345667
vt 0.623903 0.350435
vt 0.625940 0.352733
vt 0.609587 0.363618
vt 0.617592 0.359004
vt 0.610160 0.367005
vt 0.603443 0.373041
vt 0.600487 0.369938
vt 0.597521 0.380016
vt 0.595494 0.377085
vt 0.589861 0.385086
vt 0.591134 0.386909
vt 0.584765 0.389744
vt 0.586171 0.391460
vt 0.574896 0.399578
vt 0.579393 0.396977
vt 0.575067 0.401975
vt 0.570208 0.406577
vt 0.568399 0.405763
vt 0.552386 0.422284
vt 0.553083 0.424212
vt 0.543811 0.433759
vt 0.538341 0.439643
vt 0.540038 0.441195
vt 0.531021 0.448453
vt 0.528585 0.446202
vt 0.518698 0.457868
vt 0.517125 0.456039
vt 0.500700 0.475788
vt 0.499119 0.474083
vt 0.480096 0.494200
vt 0.478370 0.492422
vt 0.459698 0.512364
vt 0.460895 0.513776
vt 0.451906 0.522527
vt 0.450417 0.520648
vt 0.444195 0.530127
vt 0.442475 0.529344
vt 0.433431 0.540580
vt 0.431863 0.539197
vt 0.427778 0.547335
vt 0.426310 0.545666
vt 0.424539 0.552186
vt 0.422885 0.550416
vt 0.417491 0.556485
vt 0.416765 0.554705
vt 0.401532 0.567791
vt 0.394583 0.573338
vt 0.395888 0.574881
vt 0.382984 0.586933
vt 0.393447 0.571533
vt 0.380579 0.587081
vt 0.378166 0.592690
vt 0.372384 0.598225
vt 0.371353 0.596069
vt 0.366660 0.604151
vt 0.360819 0.607970
vt 0.362181 0.610362
vt 0.355952 0.616629
vt 0.354229 0.614811
vt 0.348194 0.622580
vt 0.346797 0.620930
vt 0.340800 0.628151
vt 0.337284 0.629825
vt 0.333816 0.636136
vt 0.321454 0.647491
vt 0.315906 0.650721
vt 0.313481 0.655259
vt 0.305240 0.662585
vt 0.288845 0.676948
vt 0.297783 0.670896
vt 0.289996 0.678765
vt 0.281684 0.685813
vt 0.273030 0.691047
vt 0.273001 0.693497
vt 0.274762 0.695524
vt 0.265407 0.703922
vt 0.264017 0.702087
vt 0.258791 0.712222
vt 0.257334 0.710373
vt 0.250248 0.717229
vt 0.248709 0.715563
vt 0.241556 0.724024
vt 0.239970 0.722189
vt 0.233104 0.730896
vt 0.232211 0.729012
vt 0.221208 0.744697
vt 0.219883 0.742960
vt 0.216111 0.751656
vt 0.214875 0.750245
vt 0.198837 0.763713
vt 0.197455 0.762218
vt 0.190708 0.770639
vt 0.196069 0.760523
vt 0.182906 0.777810
vt 0.178103 0.780674
vt 0.176148 0.785573
vt 0.161081 0.800151
vt 0.159876 0.798899
vt 0.153816 0.808130
vt 0.152201 0.805849
vt 0.143560 0.812099
vt 0.134871 0.818617
vt 0.136205 0.820182
vt 0.129171 0.827229
vt 0.127346 0.825659
vt 0.116112 0.842189
vt 0.118420 0.842973
vt 0.111312 0.851052
vt 0.112987 0.852487
vt 0.108501 0.857802
vt 0.107352 0.856467
vt 0.096688 0.864413
vt 0.098162 0.865582
vt 0.094776 0.867554
vt 0.093355 0.866512
vt 0.089882 0.878759
vt 0.091505 0.879551
vt 0.084474 0.889429
vt 0.082249 0.889455
vt 0.079591 0.896026
vt 0.069954 0.904679
vt 0.071265 0.905425
vt 0.063006 0.915333
vt 0.061630 0.914211
vt 0.050747 0.928001
vt 0.046668 0.930042
vt 0.047564 0.932387
vt 0.044800 0.937194
vt 0.043807 0.935428
vt 0.035500 0.948098
vt 0.039472 0.944244
vt 0.036429 0.949902
vt 0.029342 0.960175
vt 0.025463 0.961827
vt 0.023609 0.966486
vt 0.018489 0.973597
vt 0.016763 0.972602
vt 0.014480 0.981045
vt 0.016331 0.981950
vt 0.013754 0.989293
vt 0.011643 0.991378
vt 0.008961 0.998838
vt 0.010839 0.988443
vt 0.927171 0.026989
vt 0.924579 0.032298
vt 0.899656 0.064578
vt 0.890571 0.071476
vt 0.873918 0.099825
vt 0.856068 0.119643
vt 0.831289 0.153166
vt 0.817376 0.164932
vt 0.811089 0.171447
vt 0.804910 0.178516
vt 0.798199 0.186292
vt 0.792732 0.194417
vt 0.782118 0.209420
vt 0.778376 0.214982
vt 0.769968 0.223191
vt 0.722258 0.265627
vt 0.707325 0.277582
vt 0.701366 0.284101
vt 0.700034 0.282589
vt 0.687752 0.292663
vt 0.664041 0.312152
vt 0.644757 0.327660
vt 0.629908 0.343500
vt 0.622512 0.348936
vt 0.614518 0.355937
vt 0.606153 0.363560
vt 0.594035 0.374884
vt 0.588157 0.382732
vt 0.583106 0.387734
vt 0.576900 0.394837
vt 0.570453 0.401638
vt 0.550527 0.420969
vt 0.564301 0.405825
vt 0.541777 0.431171
vt 0.536069 0.437545
vt 0.526321 0.444403
vt 0.515761 0.454464
vt 0.497689 0.472480
vt 0.477174 0.490964
vt 0.458601 0.510887
vt 0.448789 0.518510
vt 0.441482 0.526930
vt 0.430760 0.537771
vt 0.420639 0.548051
vt 0.415463 0.553529
vt 0.400043 0.566155
vt 0.386680 0.576532
vt 0.380805 0.584049
vt 0.370399 0.594527
vt 0.359798 0.606575
vt 0.352144 0.612515
vt 0.345353 0.619213
vt 0.337382 0.626222
vt 0.303534 0.660509
vt 0.311217 0.652307
vt 0.287183 0.675529
vt 0.294339 0.667608
vt 0.279548 0.682750
vt 0.255327 0.707849
vt 0.247172 0.714052
vt 0.238519 0.720562
vt 0.231288 0.727426
vt 0.213476 0.748681
vt 0.188558 0.767164
vt 0.180767 0.774940
vt 0.173479 0.783091
vt 0.158678 0.797655
vt 0.141902 0.809798
vt 0.133485 0.816966
vt 0.125483 0.824852
vt 0.109770 0.849805
vt 0.106360 0.855159
vt 0.091788 0.865317
vt 0.087780 0.876635
vt 0.081924 0.887097
vt 0.076346 0.892583
vt 0.071573 0.899516
vt 0.066277 0.905337
vt 0.060536 0.912892
vt 0.048011 0.925380
vt 0.044434 0.930269
vt 0.036966 0.943073
vt 0.041671 0.933657
vt 0.034121 0.947488
vt 0.025847 0.956882
vt 0.021601 0.965153
vt 0.012536 0.980140
vt 0.006066 0.997500
vt 0.008171 0.992992
vt 0.917612 0.046342
vt 0.914062 0.052965
vt 0.888972 0.069840
vt 0.883148 0.078715
vt 0.871434 0.097723
vt 0.864110 0.107572
vt 0.854116 0.118009
vt 0.847315 0.128005
vt 0.841705 0.135375
vt 0.835753 0.143138
vt 0.829298 0.151279
vt 0.822842 0.157256
vt 0.816095 0.163732
vt 0.809809 0.170265
vt 0.803596 0.177328
vt 0.791144 0.193208
vt 0.784791 0.201023
vt 0.779862 0.208208
vt 0.777314 0.213866
vt 0.772582 0.218975
vt 0.765432 0.224631
vt 0.753448 0.238232
vt 0.744758 0.245812
vt 0.733059 0.255717
vt 0.714979 0.271068
vt 0.698894 0.280957
vt 0.686627 0.291198
vt 0.679886 0.296635
vt 0.671715 0.303844
vt 0.653377 0.318126
vt 0.635633 0.334178
vt 0.627217 0.340690
vt 0.621238 0.347571
vt 0.613240 0.354587
vt 0.598276 0.367562
vt 0.575585 0.393545
vt 0.570534 0.398369
vt 0.563031 0.404324
vt 0.549092 0.420066
vt 0.514343 0.453025
vt 0.495929 0.470548
vt 0.476086 0.489639
vt 0.457408 0.509340
vt 0.439843 0.525168
vt 0.428802 0.537243
vt 0.424320 0.543114
vt 0.414108 0.551986
vt 0.398734 0.564697
vt 0.391870 0.569549
vt 0.379490 0.582614
vt 0.373449 0.588102
vt 0.368521 0.593843
vt 0.363295 0.599661
vt 0.357952 0.605836
vt 0.344084 0.617785
vt 0.337027 0.623985
vt 0.330354 0.630274
vt 0.318897 0.643044
vt 0.309953 0.650833
vt 0.301844 0.658774
vt 0.285603 0.673805
vt 0.278293 0.681349
vt 0.270766 0.690552
vt 0.262366 0.699757
vt 0.245954 0.712662
vt 0.237306 0.719178
vt 0.230609 0.725314
vt 0.224853 0.732563
vt 0.218180 0.740526
vt 0.211840 0.746789
vt 0.194618 0.758792
vt 0.187382 0.765746
vt 0.179522 0.773547
vt 0.172102 0.781416
vt 0.157542 0.796159
vt 0.150476 0.803463
vt 0.132252 0.815593
vt 0.124423 0.823141
vt 0.118332 0.832662
vt 0.113886 0.842180
vt 0.108469 0.848784
vt 0.104834 0.853724
vt 0.095425 0.862698
vt 0.092247 0.862542
vt 0.089634 0.869497
vt 0.090031 0.865915
vt 0.083850 0.881840
vt 0.080418 0.886565
vt 0.070248 0.898350
vt 0.059494 0.911392
vt 0.043534 0.928943
vt 0.035692 0.941465
vt 0.032738 0.946905
vt 0.020245 0.964241
vt 0.014795 0.971519
vt 0.009560 0.987387
vt 0.006759 0.992384
vt 0.922824 0.031392
vt 0.924320 0.025006
vt 0.898623 0.061310
vt 0.888770 0.068515
vt 0.887819 0.069687
vt 0.814923 0.162405
vt 0.808501 0.169044
vt 0.802168 0.176242
vt 0.796364 0.184841
vt 0.789374 0.192278
vt 0.776059 0.212804
vt 0.771262 0.217716
vt 0.765955 0.221319
vt 0.751932 0.237198
vt 0.743116 0.244066
vt 0.720225 0.263124
vt 0.705619 0.275061
vt 0.685406 0.289750
vt 0.662247 0.309244
vt 0.651966 0.316306
vt 0.642530 0.325089
vt 0.633938 0.332610
vt 0.620347 0.346416
vt 0.612355 0.353426
vt 0.604083 0.361005
vt 0.597503 0.365895
vt 0.597412 0.367160
vt 0.596611 0.366897
vt 0.592120 0.373591
vt 0.586246 0.381152
vt 0.581129 0.385627
vt 0.573954 0.391862
vt 0.569893 0.395854
vt 0.564525 0.400827
vt 0.550193 0.415198
vt 0.545176 0.420904
vt 0.539193 0.428960
vt 0.534334 0.435595
vt 0.524878 0.442447
vt 0.513393 0.451898
vt 0.494926 0.469481
vt 0.475042 0.488515
vt 0.455587 0.507780
vt 0.446672 0.516484
vt 0.438748 0.524154
vt 0.432282 0.530313
vt 0.426846 0.535941
vt 0.422363 0.541783
vt 0.418861 0.546087
vt 0.413037 0.550250
vt 0.397231 0.562846
vt 0.390807 0.568533
vt 0.384855 0.574943
vt 0.378371 0.581623
vt 0.372521 0.586967
vt 0.366846 0.592224
vt 0.361461 0.598218
vt 0.356162 0.604287
vt 0.350432 0.610692
vt 0.343128 0.616657
vt 0.336100 0.622843
vt 0.329351 0.629223
vt 0.317215 0.641411
vt 0.308869 0.649857
vt 0.300854 0.657699
vt 0.292446 0.665461
vt 0.284577 0.672779
vt 0.277165 0.680433
vt 0.269006 0.689051
vt 0.260593 0.698264
vt 0.253683 0.705950
vt 0.245199 0.711447
vt 0.236396 0.718063
vt 0.229558 0.724329
vt 0.223083 0.731073
vt 0.216381 0.739120
vt 0.210895 0.745660
vt 0.193695 0.757700
vt 0.186297 0.764816
vt 0.178450 0.772588
vt 0.170628 0.780062
vt 0.155896 0.794604
vt 0.148890 0.801716
vt 0.140089 0.807662
vt 0.131279 0.814572
vt 0.123356 0.822175
vt 0.116002 0.831558
vt 0.112384 0.841226
vt 0.107165 0.847778
vt 0.103263 0.852258
vt 0.094762 0.860824
vt 0.091554 0.861327
vt 0.088959 0.865496
vt 0.085719 0.875590
vt 0.082149 0.880738
vt 0.079128 0.885625
vt 0.074707 0.891271
vt 0.066095 0.901622
vt 0.057993 0.910495
vt 0.046724 0.923902
vt 0.041498 0.927706
vt 0.039796 0.932742
vt 0.033927 0.941074
vt 0.031427 0.946042
vt 0.024195 0.954981
vt 0.018962 0.963282
vt 0.012683 0.970619
vt 0.010618 0.979494
vt 0.008092 0.986851
vt 0.005760 0.989916
vt 0.003630 0.996533
vt 0.922208 0.028155
vt 0.915371 0.045361
vt 0.919418 0.034212
vt 0.912456 0.050663
vt 0.888584 0.067097
vt 0.886365 0.069609
vt 0.881292 0.078633
vt 0.869491 0.097023
vt 0.862217 0.105427
vt 0.852581 0.116610
vt 0.844775 0.126625
vt 0.839442 0.133574
vt 0.833767 0.141308
vt 0.827053 0.149153
vt 0.821022 0.154755
vt 0.814091 0.161351
vt 0.807512 0.168114
vt 0.801062 0.175474
vt 0.794423 0.183810
vt 0.788613 0.191088
vt 0.782588 0.198609
vt 0.777249 0.206500
vt 0.774579 0.211646
vt 0.750774 0.235608
vt 0.742418 0.242271
vt 0.741773 0.243756
vt 0.731843 0.254202
vt 0.720546 0.261673
vt 0.713061 0.269326
vt 0.704644 0.273859
vt 0.698112 0.278498
vt 0.691910 0.283097
vt 0.684686 0.288509
vt 0.677492 0.294579
vt 0.669120 0.302137
vt 0.660920 0.308569
vt 0.668828 0.321070
vt 0.658606 0.324897
vt 0.659702 0.326153
vt 0.668476 0.319578
vt 0.652271 0.333632
vt 0.651413 0.333249
vt 0.642918 0.341171
vt 0.649897 0.335774
vt 0.649153 0.334277
vt 0.641559 0.340247
vt 0.637540 0.348066
vt 0.638504 0.348222
vt 0.635445 0.352267
vt 0.628465 0.355910
vt 0.629254 0.356894
vt 0.634643 0.350077
vt 0.626974 0.355331
vt 0.621790 0.364052
vt 0.612573 0.370142
vt 0.613510 0.371626
vt 0.608067 0.377170
vt 0.606471 0.375705
vt 0.602659 0.382022
vt 0.600273 0.381248
vt 0.597636 0.388744
vt 0.596674 0.388534
vt 0.590382 0.396170
vt 0.595165 0.393039
vt 0.594103 0.391473
vt 0.588758 0.394460
vt 0.582201 0.402022
vt 0.584392 0.402664
vt 0.580694 0.406557
vt 0.574178 0.411213
vt 0.577347 0.410065
vt 0.573002 0.414437
vt 0.561502 0.425911
vt 0.557520 0.428482
vt 0.556586 0.430842
vt 0.550174 0.437199
vt 0.549009 0.436679
vt 0.546396 0.442985
vt 0.545389 0.442828
vt 0.541620 0.447366
vt 0.532395 0.450778
vt 0.533615 0.453378
vt 0.541456 0.445410
vt 0.523470 0.463033
vt 0.522563 0.462016
vt 0.505464 0.480379
vt 0.503648 0.478756
vt 0.485739 0.499533
vt 0.484102 0.498200
vt 0.466153 0.518480
vt 0.464463 0.517042
vt 0.457206 0.527232
vt 0.455268 0.525611
vt 0.448273 0.533933
vt 0.449338 0.534963
vt 0.443163 0.541241
vt 0.437021 0.545306
vt 0.438218 0.546290
vt 0.433567 0.550508
vt 0.433532 0.548040
vt 0.430846 0.554189
vt 0.429865 0.553962
vt 0.426185 0.558583
vt 0.420450 0.560615
vt 0.421192 0.561746
vt 0.425980 0.556610
vt 0.405695 0.572487
vt 0.407103 0.574089
vt 0.400529 0.578771
vt 0.401619 0.579708
vt 0.395538 0.585193
vt 0.386828 0.591745
vt 0.388691 0.591921
vt 0.382917 0.597977
vt 0.375789 0.601468
vt 0.377853 0.603272
vt 0.365852 0.612494
vt 0.372260 0.608273
vt 0.366541 0.613580
vt 0.362006 0.619733
vt 0.360942 0.619246
vt 0.350120 0.627995
vt 0.358947 0.622579
vt 0.358210 0.620878
vt 0.352451 0.627349
vt 0.346301 0.633703
vt 0.339995 0.640087
vt 0.327146 0.651637
vt 0.333863 0.646225
vt 0.320460 0.656381
vt 0.327207 0.652922
vt 0.319443 0.660553
vt 0.309696 0.667055
vt 0.311070 0.668514
vt 0.302706 0.676521
vt 0.294442 0.682774
vt 0.295286 0.683838
vt 0.287800 0.690848
vt 0.279306 0.697096
vt 0.279418 0.699034
vt 0.270693 0.707455
vt 0.269615 0.706814
vt 0.264900 0.714663
vt 0.263906 0.714359
vt 0.260586 0.718567
vt 0.252195 0.720713
vt 0.253186 0.722878
vt 0.260278 0.716633
vt 0.244398 0.727443
vt 0.245883 0.729303
vt 0.236918 0.735759
vt 0.239747 0.734857
vt 0.233630 0.740867
vt 0.226707 0.747640
vt 0.225643 0.747124
vt 0.222407 0.753627
vt 0.221416 0.753387
vt 0.210564 0.762350
vt 0.217639 0.757828
vt 0.217479 0.756877
vt 0.203370 0.769009
vt 0.202411 0.768011
vt 0.196276 0.775104
vt 0.195119 0.774326
vt 0.189575 0.778237
vt 0.188467 0.782649
vt 0.179957 0.789390
vt 0.180713 0.790502
vt 0.164926 0.803528
vt 0.165775 0.804409
vt 0.159699 0.811243
vt 0.158702 0.810799
vt 0.147857 0.818523
vt 0.156104 0.814541
vt 0.155620 0.812672
vt 0.146479 0.816381
vt 0.138986 0.823243
vt 0.140317 0.824691
vt 0.133843 0.831464
vt 0.132262 0.829979
vt 0.126624 0.837711
vt 0.128217 0.839067
vt 0.113966 0.831111
vt 0.110453 0.840150
vt 0.105883 0.846848
vt 0.101354 0.850872
vt 0.094240 0.859263
vt 0.091500 0.860013
vt 0.087949 0.865659
vt 0.084132 0.874982
vt 0.077516 0.885200
vt 0.065174 0.900223
vt 0.056417 0.909721
vt 0.045663 0.922757
vt 0.041536 0.925984
vt 0.037539 0.933497
vt 0.039184 0.927768
vt 0.030133 0.945457
vt 0.028648 0.944639
vt 0.012088 0.969249
vt 0.008341 0.979058
vt 0.010456 0.970778
vt 0.001811 0.995833
vt 0.934816 0.030258
vt 0.931384 0.034969
vt 0.933338 0.033799
vt 0.932435 0.029345
vt 0.930432 0.039314
vt 0.925563 0.049231
vt 0.924106 0.049302
vt 0.925233 0.055467
vt 0.923881 0.056002
vt 0.905107 0.070349
vt 0.919380 0.059341
vt 0.920066 0.058119
vt 0.904803 0.067768
vt 0.896873 0.077585
vt 0.894776 0.075681
vt 0.891155 0.084843
vt 0.889162 0.085045
vt 0.878810 0.103640
vt 0.880252 0.103017
vt 0.871780 0.113916
vt 0.879157 0.106223
vt 0.878416 0.105198
vt 0.870660 0.112439
vt 0.861668 0.123935
vt 0.863140 0.125224
vt 0.854376 0.134178
vt 0.855450 0.134640
vt 0.849394 0.141651
vt 0.848142 0.140553
vt 0.843093 0.148826
vt 0.836039 0.156917
vt 0.838201 0.157106
vt 0.830211 0.164807
vt 0.836158 0.159403
vt 0.835794 0.158185
vt 0.829586 0.163677
vt 0.822697 0.169756
vt 0.823978 0.171364
vt 0.817975 0.177660
vt 0.816482 0.176277
vt 0.812063 0.184505
vt 0.810350 0.183310
vt 0.804501 0.191710
vt 0.805589 0.192194
vt 0.800339 0.199463
vt 0.798924 0.199291
vt 0.793381 0.207267
vt 0.799252 0.200596
vt 0.792349 0.205483
vt 0.787906 0.213061
vt 0.788674 0.214423
vt 0.775979 0.205697
vt 0.773722 0.210720
vt 0.768661 0.214752
vt 0.763541 0.219774
vt 0.757630 0.225933
vt 0.749927 0.234287
vt 0.742080 0.241196
vt 0.740286 0.243346
vt 0.731256 0.253451
vt 0.720459 0.260548
vt 0.717830 0.262524
vt 0.711470 0.268277
vt 0.703437 0.272848
vt 0.712756 0.286424
vt 0.705338 0.289201
vt 0.706728 0.290482
vt 0.711820 0.285087
vt 0.700559 0.295263
vt 0.693717 0.300484
vt 0.699194 0.293472
vt 0.692347 0.298711
vt 0.685992 0.305018
vt 0.687157 0.305830
vt 0.678300 0.312951
vt 0.677113 0.312311
vt 0.667448 0.317918
vt 0.648948 0.332646
vt 0.639889 0.339053
vt 0.634894 0.347982
vt 0.619452 0.361078
vt 0.594484 0.388553
vt 0.593320 0.388802
vt 0.580883 0.400391
vt 0.576258 0.406008
vt 0.556187 0.426379
vt 0.569426 0.411792
vt 0.546804 0.435906
vt 0.543213 0.442797
vt 0.541627 0.443264
vt 0.521453 0.460556
vt 0.502325 0.477546
vt 0.482068 0.496518
vt 0.462482 0.515457
vt 0.444700 0.534276
vt 0.430181 0.548897
vt 0.427711 0.553856
vt 0.419636 0.559341
vt 0.426138 0.554293
vt 0.404533 0.570991
vt 0.399070 0.577781
vt 0.386242 0.590459
vt 0.385306 0.589618
vt 0.364847 0.611275
vt 0.358043 0.618701
vt 0.350463 0.625232
vt 0.343268 0.632192
vt 0.323784 0.650401
vt 0.316111 0.657992
vt 0.308076 0.665613
vt 0.293279 0.681151
vt 0.284356 0.688507
vt 0.276892 0.697290
vt 0.267616 0.705709
vt 0.261788 0.714037
vt 0.260304 0.714287
vt 0.236288 0.734008
vt 0.223488 0.746270
vt 0.219276 0.753204
vt 0.217521 0.754768
vt 0.201399 0.766737
vt 0.178316 0.788557
vt 0.185365 0.780400
vt 0.163381 0.802821
vt 0.155752 0.810203
vt 0.108476 0.839160
vt 0.104203 0.845687
vt 0.096654 0.853895
vt 0.091498 0.858396
vt 0.086638 0.866494
vt 0.082801 0.874413
vt 0.076375 0.884042
vt 0.078748 0.878462
vt 0.070720 0.889249
vt 0.063032 0.900575
vt 0.065639 0.895452
vt 0.056198 0.906931
vt 0.033337 0.935239
vt 0.020444 0.953730
vt 0.015667 0.960509
vt 0.010310 0.967132
vt 0.008346 0.970869
vt 0.005174 0.985968
vt 0.001960 0.990846
vt 0.000001 0.995245
vt 0.929887 0.034492
vt 0.922309 0.056277
vt 0.920146 0.057329
vt 0.919964 0.056568
vt 0.877893 0.103790
vt 0.821459 0.168427
vt 0.815103 0.175031
vt 0.808893 0.182203
vt 0.802971 0.190836
vt 0.797314 0.197853
vt 0.783841 0.218744
vt 0.782707 0.217994
vt 0.779178 0.224419
vt 0.775108 0.226755
vt 0.772908 0.231190
vt 0.759145 0.244363
vt 0.750379 0.251819
vt 0.739375 0.262722
vt 0.727560 0.271890
vt 0.720325 0.278599
vt 0.704208 0.287438
vt 0.698126 0.291939
vt 0.691164 0.297145
vt 0.684499 0.303777
vt 0.587315 0.392819
vt 0.579996 0.398917
vt 0.575330 0.404430
vt 0.567903 0.410530
vt 0.554632 0.425430
vt 0.520193 0.459093
vt 0.453241 0.523930
vt 0.445500 0.531450
vt 0.438914 0.536722
vt 0.434202 0.542905
vt 0.418621 0.558020
vt 0.403298 0.569466
vt 0.397392 0.576461
vt 0.384154 0.588266
vt 0.379531 0.594034
vt 0.373865 0.599699
vt 0.368027 0.605473
vt 0.349375 0.623950
vt 0.342380 0.629842
vt 0.335407 0.637323
vt 0.322356 0.649108
vt 0.314715 0.656698
vt 0.306825 0.664319
vt 0.299392 0.672534
vt 0.291418 0.680238
vt 0.282918 0.687299
vt 0.251270 0.718710
vt 0.242803 0.725520
vt 0.234571 0.732088
vt 0.217786 0.753293
vt 0.209011 0.757993
vt 0.200139 0.765281
vt 0.192240 0.772440
vt 0.184058 0.779190
vt 0.176874 0.787449
vt 0.161990 0.801798
vt 0.145090 0.814298
vt 0.137332 0.821458
vt 0.130502 0.828372
vt 0.120047 0.843801
vt 0.125186 0.836576
vt 0.111832 0.830571
vt 0.120284 0.846354
vt 0.114748 0.853996
vt 0.100286 0.850235
vt 0.110175 0.859297
vt 0.104601 0.862969
vt 0.105488 0.863896
vt 0.093451 0.857246
vt 0.100262 0.867858
vt 0.096903 0.869118
vt 0.098098 0.869840
vt 0.093342 0.880694
vt 0.085867 0.866625
vt 0.081540 0.873954
vt 0.075340 0.883421
vt 0.081398 0.897334
vt 0.075342 0.903172
vt 0.076377 0.903934
vt 0.060840 0.901395
vt 0.071379 0.910084
vt 0.070389 0.909283
vt 0.066547 0.915811
vt 0.064295 0.916458
vt 0.061845 0.921037
vt 0.052809 0.930068
vt 0.051941 0.929199
vt 0.051884 0.911886
vt 0.043889 0.920711
vt 0.049317 0.933804
vt 0.040179 0.923668
vt 0.037127 0.927707
vt 0.035710 0.931587
vt 0.030889 0.939179
vt 0.044388 0.942183
vt 0.040515 0.945707
vt 0.041464 0.946437
vt 0.038429 0.950700
vt 0.028019 0.943478
vt 0.024536 0.948229
vt 0.030981 0.961385
vt 0.024926 0.967409
vt 0.025872 0.968117
vt 0.021012 0.974985
vt 0.019944 0.974416
vt 0.006540 0.978766
vt 0.018210 0.982708
vt 0.004094 0.985646
vt 0.015602 0.990058
vt 0.012339 0.995087
vt 0.013400 0.995537
vt 0.011392 0.999998
vt 0.919531 0.055912
vt 0.089801 0.886132
vt 0.085950 0.891253
vt 0.046908 0.937761
vt 0.035055 0.955577
s 0
usemtl lambert5SG
f 1/1/1 23/2/1 2/3/1
f 2/3/1 3/4/1 1/1/1
f 1/1/1 4/5/1 5/6/1
f 5/6/1 6/7/1 7/8/1
f 5/6/1 7/8/1 1/1/1
f 7/8/1 8/9/1 9/10/1
f 7/8/1 9/10/1 10/11/1
f 7/8/1 10/11/1 1/1/1
f 23/2/1 1/1/1 10/11/1
f 9/10/1 11/12/1 10/11/1
f 10/11/1 12/13/1 13/14/1
f 13/14/1 14/15/1 15/16/1
f 13/14/1 15/16/1 10/11/1
f 15/16/1 16/17/1 17/18/1
f 18/19/1 10/11/1 15/16/1
f 15/16/1 17/18/1 18/19/1
f 17/18/1 19/20/1 18/19/1
f 23/2/1 10/11/1 18/19/1
f 18/19/1 20/21/1 21/22/1
f 21/22/1 22/23/1 23/2/1
f 23/2/1 18/19/1 21/22/1
f 23/2/1 24/24/1 2/3/1
s 1
usemtl initialShadingGroup
f 25/25/2 26/26/3 27/27/4
f 837/28/5 27/27/4 26/26/3
f 26/26/3 28/29/6 837/28/5
f 838/30/7 837/28/5 28/29/6
f 28/29/6 29/31/8 838/30/7
f 30/32/9 838/30/7 29/31/8
f 29/31/8 31/33/10 30/32/9
f 32/34/11 30/32/9 31/33/10
f 33/35/12 34/36/13 35/37/14
f 35/37/14 36/38/15 841/39/16
f 36/38/15 35/37/14 34/36/13
f 36/38/15 37/40/17 38/41/18
f 38/41/18 841/39/16 36/38/15
f 38/41/18 39/42/19 842/43/20
f 39/42/19 38/41/18 37/40/17
f 843/44/21 842/43/20 39/42/19
f 39/42/19 40/45/22 843/44/21
f 844/46/23 843/44/21 40/45/22
f 40/45/22 41/47/24 844/46/23
f 845/48/25 844/46/23 41/47/24
f 41/47/24 42/49/26 845/48/25
f 846/50/27 845/48/25 42/49/26
f 42/49/26 43/51/28 846/50/27
f 43/51/28 44/52/29 45/53/30
f 45/53/30 846/50/27 43/51/28
f 46/54/31 45/53/30 44/52/29
f 44/52/29 47/55/32 46/54/31
f 48/56/33 46/54/31 47/55/32
f 48/56/33 49/57/34 50/58/35
f 49/57/34 48/56/33 47/55/32
f 51/59/36 50/58/35 49/57/34
f 51/59/36 53/60/37 52/61/38
f 52/61/38 53/60/37 851/62/39
f 55/63/40 851/62/39 53/60/37
f 53/60/37 54/64/41 55/63/40
f 54/64/41 56/65/42 57/66/43
f 54/64/41 57/66/43 55/63/40
f 57/66/43 58/67/44 59/68/45
f 58/67/44 57/66/43 56/65/42
f 854/69/46 59/68/45 58/67/44
f 58/67/44 60/70/47 854/69/46
f 61/71/48 854/69/46 60/70/47
f 61/71/48 62/72/49 855/73/50
f 856/74/51 855/73/50 62/72/49
f 62/72/49 63/75/52 856/74/51
f 63/75/52 64/76/53 65/77/54
f 65/77/54 856/74/51 63/75/52
f 65/77/54 66/78/55 67/79/56
f 66/78/55 65/77/54 64/76/53
f 68/80/57 67/79/56 66/78/55
f 66/78/55 69/81/58 68/80/57
f 71/82/59 68/80/57 69/81/58
f 69/81/58 70/83/60 71/82/59
f 71/82/59 72/84/61 861/85/62
f 72/84/61 71/82/59 70/83/60
f 862/86/63 861/85/62 72/84/61
f 72/84/61 73/87/64 862/86/63
f 863/88/65 862/86/63 73/87/64
f 73/87/64 74/89/66 863/88/65
f 74/89/66 75/90/67 76/91/68
f 76/91/68 863/88/65 74/89/66
f 77/92/69 76/91/68 75/90/67
f 75/90/67 78/93/70 77/92/69
f 79/94/71 77/92/69 78/93/70
f 79/94/71 80/95/72 866/96/73
f 80/95/72 81/97/74 82/98/75
f 82/98/75 866/96/73 80/95/72
f 82/98/75 81/97/74 867/99/76
f 868/100/77 867/99/76 81/97/74
f 81/97/74 83/101/78 868/100/77
f 869/102/79 868/100/77 83/101/78
f 83/101/78 84/103/80 869/102/79
f 85/104/81 869/102/79 84/103/80
f 85/104/81 86/105/82 87/106/83
f 86/105/82 88/107/84 89/108/85
f 89/108/85 87/106/83 86/105/82
f 89/108/85 88/107/84 90/109/86
f 92/110/87 90/109/86 88/107/84
f 88/107/84 91/111/88 92/110/87
f 91/111/88 93/112/89 92/110/87
f 94/113/90 92/110/87 93/112/89
f 96/114/91 94/113/90 93/112/89
f 93/112/89 95/115/92 96/114/91
f 876/116/93 96/114/91 95/115/92
f 95/115/92 97/117/94 876/116/93
f 877/118/95 876/116/93 97/117/94
f 97/117/94 98/119/96 877/118/95
f 100/120/97 877/118/95 98/119/96
f 98/119/96 99/121/98 100/120/97
f 879/122/99 100/120/97 99/121/98
f 99/121/98 101/123/100 879/122/99
f 102/124/101 879/122/99 101/123/100
f 101/123/100 103/125/102 102/124/101
f 102/124/101 104/126/103 105/127/104
f 104/126/103 102/124/101 103/125/102
f 107/128/105 105/127/104 104/126/103
f 104/126/103 106/129/106 107/128/105
f 109/130/107 107/128/105 106/129/106
f 106/129/106 108/131/108 109/130/107
f 110/132/109 109/130/107 108/131/108
f 111/133/110 110/132/109 108/131/108
f 113/134/111 110/132/109 111/133/110
f 111/133/110 112/135/112 113/134/111
f 112/135/112 114/136/113 115/137/114
f 115/137/114 113/134/111 112/135/112
f 115/137/114 116/138/115 117/139/116
f 116/138/115 115/137/114 114/136/113
f 116/138/115 118/140/117 117/139/116
f 118/140/117 119/141/118 120/142/119
f 122/143/120 119/141/118 242/144/121
f 242/144/121 121/145/122 122/143/120
f 122/143/120 120/142/119 119/141/118
f 122/143/120 121/145/122 123/146/123
f 125/147/124 123/146/123 121/145/122
f 121/145/122 124/148/125 125/147/124
f 127/149/126 125/147/124 124/148/125
f 124/148/125 126/150/127 127/149/126
f 891/151/128 127/149/126 126/150/127
f 128/152/129 891/151/128 126/150/127
f 128/152/129 129/153/130 130/154/131
f 131/155/132 130/154/131 129/153/130
f 129/153/130 132/156/133 131/155/132
f 131/155/132 132/156/133 133/157/134
f 132/156/133 134/158/135 133/157/134
f 132/156/133 135/159/136 134/158/135
f 136/160/137 134/158/135 135/159/136
f 137/161/138 136/160/137 135/159/136
f 137/161/138 139/162/139 138/163/140
f 138/163/140 139/162/139 140/164/141
f 141/165/142 140/164/141 139/162/139
f 139/162/139 253/166/143 141/165/142
f 142/167/144 141/165/142 253/166/143
f 141/165/142 142/167/144 901/168/145
f 902/169/146 901/168/145 142/167/144
f 142/167/144 143/170/147 902/169/146
f 903/171/148 902/169/146 143/170/147
f 143/170/147 144/172/149 903/171/148
f 146/173/150 903/171/148 144/172/149
f 144/172/149 145/174/151 146/173/150
f 148/175/152 146/173/150 145/174/151
f 145/174/151 147/176/153 148/175/152
f 149/177/154 148/175/152 147/176/153
f 147/176/153 150/178/155 149/177/154
f 906/179/156 149/177/154 150/178/155
f 150/178/155 151/180/157 906/179/156
f 153/181/158 906/179/156 151/180/157
f 151/180/157 152/182/159 153/181/158
f 155/183/160 153/181/158 152/182/159
f 152/182/159 154/184/161 155/183/160
f 156/185/162 155/183/160 154/184/161
f 154/184/161 260/186/163 156/185/162
f 158/187/164 156/185/162 260/186/163
f 260/186/163 157/188/165 158/187/164
f 158/187/164 157/188/165 159/189/166
f 161/190/167 159/189/166 157/188/165
f 157/188/165 160/191/168 161/190/167
f 163/192/169 161/190/167 160/191/168
f 160/191/168 162/193/170 163/192/169
f 164/194/171 163/192/169 162/193/170
f 164/194/171 165/195/172 166/196/173
f 167/197/174 166/196/173 165/195/172
f 165/195/172 168/198/175 167/197/174
f 167/197/174 168/198/175 170/199/176
f 168/198/175 169/200/177 170/199/176
f 172/201/178 170/199/176 169/200/177
f 169/200/177 171/202/179 172/201/178
f 174/203/180 172/201/178 171/202/179
f 171/202/179 173/204/181 174/203/180
f 173/204/181 175/205/182 174/203/180
f 918/206/183 174/203/180 175/205/182
f 176/207/184 918/206/183 175/205/182
f 177/208/185 176/207/184 272/209/186
f 176/207/184 177/208/185 920/210/187
f 178/211/188 920/210/187 177/208/185
f 177/208/185 179/212/189 178/211/188
f 180/213/190 178/211/188 179/212/189
f 179/212/189 181/214/191 182/215/192
f 182/215/192 180/213/190 179/212/189
f 182/215/192 181/214/191 183/216/193
f 181/214/191 184/217/194 185/218/195
f 185/218/195 183/216/193 181/214/191
f 186/219/196 185/218/195 184/217/194
f 185/218/195 186/219/196 187/220/197
f 189/221/198 187/220/197 186/219/196
f 186/219/196 188/222/199 189/221/198
f 190/223/200 189/221/198 188/222/199
f 188/222/199 191/224/201 192/225/202
f 188/222/199 192/225/202 190/223/200
f 192/225/202 191/224/201 193/226/203
f 195/227/204 193/226/203 191/224/201
f 191/224/201 194/228/205 195/227/204
f 196/229/206 195/227/204 194/228/205
f 198/230/207 196/229/206 194/228/205
f 194/228/205 197/231/208 198/230/207
f 200/232/209 198/230/207 197/231/208
f 197/231/208 199/233/210 200/232/209
f 202/234/211 200/232/209 199/233/210
f 199/233/210 201/235/212 202/234/211
f 203/236/213 201/235/212 287/237/214
f 204/238/215 205/239/216 25/25/2
f 28/29/6 26/26/3 25/25/2
f 28/29/6 25/25/2 205/239/216
f 31/33/10 206/240/217 32/34/11
f 32/34/11 207/241/218 33/35/12
f 207/241/218 32/34/11 206/240/217
f 34/36/13 33/35/12 207/241/218
f 36/38/15 208/242/219 37/40/17
f 39/42/19 37/40/17 208/242/219
f 42/49/26 44/52/29 43/51/28
f 47/55/32 44/52/29 209/243/220
f 209/243/220 210/244/221 47/55/32
f 210/244/221 211/245/222 47/55/32
f 49/57/34 47/55/32 211/245/222
f 211/245/222 212/246/223 49/57/34
f 51/59/36 49/57/34 212/246/223
f 212/246/223 213/247/224 51/59/36
f 53/60/37 51/59/36 213/247/224
f 213/247/224 214/248/225 53/60/37
f 215/249/226 53/60/37 214/248/225
f 54/64/41 53/60/37 215/249/226
f 215/249/226 216/250/227 54/64/41
f 56/65/42 54/64/41 216/250/227
f 58/67/44 56/65/42 217/251/228
f 60/70/47 218/252/229 61/71/48
f 62/72/49 61/71/48 218/252/229
f 63/75/52 219/253/230 64/76/53
f 64/76/53 220/254/231 66/78/55
f 220/254/231 64/76/53 219/253/230
f 69/81/58 66/78/55 220/254/231
f 220/254/231 221/255/232 69/81/58
f 70/83/60 69/81/58 221/255/232
f 221/255/232 222/256/233 70/83/60
f 72/84/61 70/83/60 222/256/233
f 78/93/70 223/257/234 79/94/71
f 80/95/72 79/94/71 223/257/234
f 80/95/72 224/258/235 81/97/74
f 225/259/236 81/97/74 224/258/235
f 83/101/78 81/97/74 225/259/236
f 84/103/80 226/260/237 85/104/81
f 86/105/82 85/104/81 226/260/237
f 226/260/237 227/261/238 86/105/82
f 228/262/239 86/105/82 227/261/238
f 86/105/82 228/262/239 88/107/84
f 228/262/239 229/263/240 88/107/84
f 91/111/88 88/107/84 229/263/240
f 93/112/89 91/111/88 229/263/240
f 229/263/240 231/264/241 93/112/89
f 229/263/240 230/265/242 231/264/241
f 95/115/92 93/112/89 231/264/241
f 97/117/94 99/121/98 98/119/96
f 101/123/100 99/121/98 232/266/243
f 232/266/243 233/267/244 101/123/100
f 103/125/102 101/123/100 233/267/244
f 233/267/244 234/268/245 103/125/102
f 235/269/246 103/125/102 234/268/245
f 103/125/102 235/269/246 104/126/103
f 106/129/106 104/126/103 235/269/246
f 235/269/246 236/270/247 106/129/106
f 237/271/248 106/129/106 236/270/247
f 106/129/106 237/271/248 108/131/108
f 237/271/248 111/133/110 108/131/108
f 237/271/248 238/272/249 111/133/110
f 239/273/250 111/133/110 238/272/249
f 112/135/112 111/133/110 239/273/250
f 114/136/113 240/274/251 116/138/115
f 118/140/117 116/138/115 240/274/251
f 240/274/251 241/275/252 118/140/117
f 119/141/118 118/140/117 241/275/252
f 241/275/252 242/144/121 119/141/118
f 242/144/121 243/276/253 121/145/122
f 124/148/125 121/145/122 243/276/253
f 243/276/253 244/277/254 124/148/125
f 245/278/255 124/148/125 244/277/254
f 126/150/127 124/148/125 245/278/255
f 245/278/255 246/279/256 126/150/127
f 128/152/129 126/150/127 246/279/256
f 246/279/256 247/280/257 128/152/129
f 248/281/258 128/152/129 247/280/257
f 128/152/129 248/281/258 129/153/130
f 132/156/133 129/153/130 248/281/258
f 135/159/136 132/156/133 248/281/258
f 135/159/136 248/281/258 249/282/259
f 251/283/260 135/159/136 250/284/261
f 135/159/136 251/283/260 137/161/138
f 139/162/139 137/161/138 251/283/260
f 253/166/143 251/283/260 252/285/262
f 251/283/260 253/166/143 139/162/139
f 142/167/144 253/166/143 254/286/263
f 144/172/149 255/287/264 145/174/151
f 255/287/264 256/288/265 147/176/153
f 147/176/153 145/174/151 255/287/264
f 150/178/155 147/176/153 256/288/265
f 256/288/265 257/289/266 150/178/155
f 258/290/267 150/178/155 257/289/266
f 151/180/157 150/178/155 258/290/267
f 151/180/157 259/291/268 152/182/159
f 154/184/161 152/182/159 259/291/268
f 259/291/268 260/186/163 154/184/161
f 157/188/165 260/186/163 261/292/269
f 261/292/269 262/293/270 157/188/165
f 263/294/271 157/188/165 262/293/270
f 160/191/168 157/188/165 263/294/271
f 263/294/271 264/295/272 160/191/168
f 162/193/170 160/191/168 264/295/272
f 162/193/170 265/296/273 164/194/171
f 165/195/172 164/194/171 265/296/273
f 165/195/172 266/297/274 168/198/175
f 268/298/275 168/198/175 266/297/274
f 266/297/274 267/299/276 268/298/275
f 168/198/175 268/298/275 169/200/177
f 268/298/275 269/300/277 171/202/179
f 171/202/179 169/200/177 268/298/275
f 171/202/179 270/301/278 173/204/181
f 270/301/278 171/202/179 269/300/277
f 175/205/182 173/204/181 270/301/278
f 270/301/278 271/302/279 175/205/182
f 176/207/184 175/205/182 271/302/279
f 271/302/279 272/209/186 176/207/184
f 272/209/186 273/303/280 177/208/185
f 274/304/281 177/208/185 273/303/280
f 179/212/189 177/208/185 274/304/281
f 181/214/191 274/304/281 275/305/282
f 275/305/282 276/306/283 181/214/191
f 181/214/191 179/212/189 274/304/281
f 276/306/283 277/307/284 181/214/191
f 184/217/194 181/214/191 277/307/284
f 277/307/284 278/308/285 184/217/194
f 184/217/194 279/309/286 186/219/196
f 279/309/286 184/217/194 278/308/285
f 279/309/286 280/310/287 188/222/199
f 188/222/199 186/219/196 279/309/286
f 281/311/288 188/222/199 280/310/287
f 191/224/201 188/222/199 281/311/288
f 281/311/288 282/312/289 191/224/201
f 194/228/205 282/312/289 283/313/290
f 194/228/205 191/224/201 282/312/289
f 284/314/291 194/228/205 283/313/290
f 284/314/291 285/315/292 197/231/208
f 197/231/208 194/228/205 284/314/291
f 199/233/210 197/231/208 285/315/292
f 285/315/292 286/316/293 199/233/210
f 287/237/214 199/233/210 286/316/293
f 199/233/210 287/237/214 201/235/212
f 289/317/294 287/237/214 288/318/295
f 287/237/214 289/317/294 203/236/213
f 290/319/296 291/320/297 292/321/298
f 28/29/6 205/239/216 293/322/299
f 293/322/299 294/323/300 28/29/6
f 295/324/301 292/321/298 291/320/297
f 29/31/8 28/29/6 294/323/300
f 294/323/300 297/325/302 29/31/8
f 31/33/10 29/31/8 297/325/302
f 297/325/302 298/326/303 31/33/10
f 299/327/304 300/328/305 301/329/306
f 206/240/217 31/33/10 298/326/303
f 206/240/217 302/330/307 207/241/218
f 304/331/308 301/329/306 300/328/305
f 300/328/305 303/332/309 304/331/308
f 305/333/310 304/331/308 303/332/309
f 34/36/13 207/241/218 302/330/307
f 302/330/307 306/334/311 34/36/13
f 36/38/15 34/36/13 306/334/311
f 306/334/311 307/335/312 36/38/15
f 308/336/313 577/337/314 309/338/315
f 208/242/219 36/38/15 307/335/312
f 208/242/219 310/339/316 39/42/19
f 312/340/317 309/338/315 577/337/314
f 577/337/314 311/341/318 312/340/317
f 313/342/319 312/340/317 311/341/318
f 311/341/318 578/343/320 313/342/319
f 40/45/22 39/42/19 310/339/316
f 310/339/316 314/344/321 40/45/22
f 41/47/24 40/45/22 314/344/321
f 314/344/321 315/345/322 41/47/24
f 316/346/323 313/342/319 578/343/320
f 42/49/26 41/47/24 315/345/322
f 315/345/322 318/347/324 42/49/26
f 44/52/29 42/49/26 318/347/324
f 318/347/324 319/348/325 44/52/29
f 320/349/326 321/350/327 322/351/328
f 209/243/220 44/52/29 319/348/325
f 324/352/329 322/351/328 321/350/327
f 321/350/327 323/353/330 324/352/329
f 326/354/331 324/352/329 323/353/330
f 323/353/330 325/355/332 326/354/331
f 328/356/333 326/354/331 325/355/332
f 325/355/332 327/357/334 328/356/333
f 330/358/335 328/356/333 327/357/334
f 327/357/334 329/359/336 330/358/335
f 332/360/337 330/358/335 329/359/336
f 329/359/336 331/361/338 332/360/337
f 334/362/339 332/360/337 331/361/338
f 331/361/338 333/363/340 334/362/339
f 214/248/225 335/364/341 215/249/226
f 216/250/227 215/249/226 335/364/341
f 335/364/341 336/365/342 216/250/227
f 337/366/343 334/362/339 333/363/340
f 56/65/42 216/250/227 336/365/342
f 336/365/342 339/367/344 56/65/42
f 217/251/228 56/65/42 339/367/344
f 338/368/345 340/369/346 341/370/347
f 58/67/44 217/251/228 342/371/348
f 342/371/348 343/372/349 58/67/44
f 345/373/350 341/370/347 340/369/346
f 340/369/346 344/374/351 345/373/350
f 346/375/352 345/373/350 344/374/351
f 344/374/351 591/376/353 346/375/352
f 60/70/47 58/67/44 343/372/349
f 343/372/349 347/377/354 60/70/47
f 218/252/229 60/70/47 347/377/354
f 347/377/354 348/378/355 218/252/229
f 349/379/356 346/375/352 591/376/353
f 62/72/49 218/252/229 348/378/355
f 348/378/355 351/380/357 62/72/49
f 63/75/52 62/72/49 351/380/357
f 351/380/357 352/381/358 63/75/52
f 353/382/359 595/383/360 354/384/361
f 219/253/230 63/75/52 352/381/358
f 219/253/230 355/385/362 220/254/231
f 357/386/363 354/384/361 595/383/360
f 595/383/360 356/387/364 357/386/363
f 358/388/365 357/386/363 356/387/364
f 355/385/362 359/389/366 220/254/231
f 221/255/232 220/254/231 359/389/366
f 361/390/367 358/388/365 356/387/364
f 356/387/364 360/391/368 361/390/367
f 362/392/369 361/390/367 360/391/368
f 222/256/233 363/393/370 72/84/61
f 362/392/369 364/394/371 365/395/372
f 366/396/373 365/395/372 364/394/371
f 73/87/64 72/84/61 363/393/370
f 363/393/370 367/397/374 73/87/64
f 74/89/66 73/87/64 367/397/374
f 367/397/374 368/398/375 74/89/66
f 75/90/67 74/89/66 368/398/375
f 368/398/375 371/399/376 75/90/67
f 78/93/70 75/90/67 371/399/376
f 371/399/376 372/400/377 78/93/70
f 223/257/234 78/93/70 372/400/377
f 223/257/234 375/401/378 80/95/72
f 376/402/379 603/403/380 377/404/381
f 224/258/235 80/95/72 375/401/378
f 224/258/235 378/405/382 225/259/236
f 380/406/383 377/404/381 603/403/380
f 603/403/380 379/407/384 380/406/383
f 381/408/385 380/406/383 379/407/384
f 83/101/78 225/259/236 378/405/382
f 378/405/382 382/409/386 83/101/78
f 84/103/80 83/101/78 382/409/386
f 382/409/386 383/410/387 84/103/80
f 384/411/388 607/412/389 385/413/390
f 226/260/237 84/103/80 383/410/387
f 387/414/391 385/413/390 607/412/389
f 607/412/389 386/415/392 387/414/391
f 389/416/393 387/414/391 386/415/392
f 386/415/392 388/417/394 389/416/393
f 227/261/238 390/418/395 228/262/239
f 392/419/396 389/416/393 388/417/394
f 388/417/394 391/420/397 392/419/396
f 229/263/240 228/262/239 390/418/395
f 390/418/395 393/421/398 229/263/240
f 393/421/398 394/422/399 229/263/240
f 396/423/400 392/419/396 391/420/397
f 391/420/397 395/424/401 396/423/400
f 394/422/399 397/425/402 229/263/240
f 230/265/242 229/263/240 397/425/402
f 399/426/403 396/423/400 395/424/401
f 395/424/401 398/427/404 399/426/403
f 400/428/405 399/426/403 398/427/404
f 230/265/242 401/429/406 231/264/241
f 95/115/92 231/264/241 401/429/406
f 401/429/406 402/430/407 95/115/92
f 404/431/408 400/428/405 398/427/404
f 398/427/404 403/432/409 404/431/408
f 405/433/410 404/431/408 403/432/409
f 97/117/94 95/115/92 402/430/407
f 402/430/407 406/434/411 97/117/94
f 99/121/98 97/117/94 406/434/411
f 406/434/411 407/435/412 99/121/98
f 232/266/243 99/121/98 407/435/412
f 407/435/412 410/436/413 232/266/243
f 410/436/413 411/437/414 232/266/243
f 409/438/415 412/439/416 413/440/417
f 233/267/244 232/266/243 411/437/414
f 415/441/418 413/440/417 412/439/416
f 412/439/416 414/442/419 415/441/418
f 234/268/245 233/267/244 411/437/414
f 417/443/420 415/441/418 414/442/419
f 414/442/419 418/444/421 417/443/420
f 235/269/246 234/268/245 416/445/422
f 236/270/247 235/269/246 416/445/422
f 420/446/423 417/443/420 418/444/421
f 418/444/421 419/447/424 420/446/423
f 421/448/425 420/446/423 419/447/424
f 236/270/247 422/449/426 237/271/248
f 238/272/249 237/271/248 422/449/426
f 421/448/425 423/450/427 424/451/428
f 426/452/429 424/451/428 423/450/427
f 423/450/427 425/453/430 426/452/429
f 238/272/249 427/454/431 239/273/250
f 112/135/112 239/273/250 427/454/431
f 427/454/431 428/455/432 112/135/112
f 430/456/433 426/452/429 425/453/430
f 425/453/430 429/457/434 430/456/433
f 431/458/435 430/456/433 429/457/434
f 114/136/113 112/135/112 428/455/432
f 428/455/432 432/459/436 114/136/113
f 240/274/251 114/136/113 432/459/436
f 432/459/436 433/460/437 240/274/251
f 241/275/252 240/274/251 433/460/437
f 433/460/437 435/461/438 241/275/252
f 434/462/439 436/463/440 437/464/441
f 438/465/442 437/464/441 436/463/440
f 242/144/121 241/275/252 435/461/438
f 435/461/438 439/466/443 242/144/121
f 439/466/443 440/467/444 242/144/121
f 441/468/445 442/469/446 443/470/447
f 243/276/253 242/144/121 440/467/444
f 444/471/448 443/470/447 442/469/446
f 444/471/448 445/472/449 446/473/450
f 244/277/254 447/474/451 245/278/255
f 246/279/256 245/278/255 447/474/451
f 447/474/451 448/475/452 246/279/256
f 450/476/453 446/473/450 445/472/449
f 445/472/449 449/477/454 450/476/453
f 451/478/455 450/476/453 449/477/454
f 449/477/454 627/479/456 451/478/455
f 448/475/452 452/480/457 246/279/256
f 247/280/257 246/279/256 452/480/457
f 454/481/458 451/478/455 627/479/456
f 627/479/456 453/482/459 454/481/458
f 455/483/460 454/481/458 453/482/459
f 247/280/257 456/484/461 248/281/258
f 456/484/461 457/485/462 248/281/258
f 249/282/259 248/281/258 457/485/462
f 459/486/463 461/487/464 462/488/465
f 135/159/136 249/282/259 460/489/466
f 250/284/261 135/159/136 460/489/466
f 464/490/467 462/488/465 461/487/464
f 461/487/464 463/491/468 464/490/467
f 466/492/469 464/490/467 463/491/468
f 463/491/468 465/493/470 466/492/469
f 250/284/261 467/494/471 251/283/260
f 252/285/262 251/283/260 467/494/471
f 469/495/472 466/492/469 465/493/470
f 465/493/470 468/496/473 469/495/472
f 470/497/474 469/495/472 468/496/473
f 252/285/262 471/498/475 253/166/143
f 254/286/263 253/166/143 471/498/475
f 470/497/474 472/499/476 473/500/477
f 475/501/478 473/500/477 472/499/476
f 472/499/476 474/502/479 475/501/478
f 254/286/263 476/503/480 142/167/144
f 143/170/147 142/167/144 476/503/480
f 476/503/480 477/504/481 143/170/147
f 479/505/482 475/501/478 474/502/479
f 474/502/479 478/506/483 479/505/482
f 480/507/484 479/505/482 478/506/483
f 144/172/149 143/170/147 477/504/481
f 477/504/481 481/508/485 144/172/149
f 255/287/264 144/172/149 481/508/485
f 481/508/485 482/509/486 255/287/264
f 256/288/265 255/287/264 482/509/486
f 484/510/487 485/511/488 486/512/489
f 488/513/490 486/512/489 485/511/488
f 485/511/488 487/514/491 488/513/490
f 257/289/266 489/515/492 258/290/267
f 151/180/157 258/290/267 489/515/492
f 489/515/492 490/516/493 151/180/157
f 492/517/494 488/513/490 487/514/491
f 487/514/491 491/518/495 492/517/494
f 494/519/496 492/517/494 491/518/495
f 491/518/495 493/520/497 494/519/496
f 259/291/268 151/180/157 490/516/493
f 490/516/493 495/521/498 259/291/268
f 495/521/498 496/522/499 259/291/268
f 493/520/497 497/523/500 494/519/496
f 260/186/163 259/291/268 496/522/499
f 496/522/499 498/524/501 260/186/163
f 261/292/269 260/186/163 498/524/501
f 499/525/502 500/526/503 501/527/504
f 262/293/270 502/528/505 263/294/271
f 504/529/506 501/527/504 500/526/503
f 500/526/503 503/530/507 504/529/506
f 264/295/272 263/294/271 502/528/505
f 502/528/505 505/531/508 264/295/272
f 506/532/509 504/529/506 503/530/507
f 503/530/507 646/533/510 506/532/509
f 507/534/511 506/532/509 646/533/510
f 646/533/510 647/535/512 507/534/511
f 162/193/170 264/295/272 505/531/508
f 505/531/508 508/536/513 162/193/170
f 265/296/273 162/193/170 508/536/513
f 510/537/514 507/534/511 647/535/512
f 647/535/512 509/538/515 510/537/514
f 511/539/516 510/537/514 509/538/515
f 265/296/273 512/540/517 165/195/172
f 266/297/274 165/195/172 512/540/517
f 513/541/518 514/542/519 515/543/520
f 267/299/276 516/544/521 268/298/275
f 518/545/522 515/543/520 514/542/519
f 514/542/519 517/546/523 518/545/522
f 520/547/524 518/545/522 517/546/523
f 517/546/523 519/548/525 520/547/524
f 269/300/277 268/298/275 516/544/521
f 269/300/277 521/549/526 270/301/278
f 523/550/527 520/547/524 519/548/525
f 519/548/525 522/551/528 523/550/527
f 271/302/279 270/301/278 521/549/526
f 521/549/526 524/552/529 271/302/279
f 525/553/530 523/550/527 522/551/528
f 522/551/528 654/554/531 525/553/530
f 526/555/532 525/553/530 654/554/531
f 272/209/186 271/302/279 524/552/529
f 524/552/529 527/556/533 272/209/186
f 527/556/533 528/557/534 272/209/186
f 273/303/280 272/209/186 528/557/534
f 273/303/280 531/558/535 274/304/281
f 531/558/535 534/559/536 274/304/281
f 275/305/282 274/304/281 534/559/536
f 535/560/537 536/561/538 537/562/539
f 539/563/540 537/562/539 536/561/538
f 536/561/538 538/564/541 539/563/540
f 541/565/542 539/563/540 538/564/541
f 538/564/541 540/566/543 541/565/542
f 277/307/284 542/567/544 278/308/285
f 542/567/544 543/568/545 278/308/285
f 544/569/546 541/565/542 540/566/543
f 545/570/547 544/569/546 540/566/543
f 543/568/545 546/571/548 278/308/285
f 279/309/286 278/308/285 546/571/548
f 280/310/287 279/309/286 546/571/548
f 280/310/287 548/572/549 281/311/288
f 548/572/549 551/573/550 281/311/288
f 282/312/289 281/311/288 551/573/550
f 551/573/550 552/574/551 282/312/289
f 550/575/552 553/576/553 554/577/554
f 555/578/555 554/577/554 553/576/553
f 552/574/551 556/579/556 282/312/289
f 283/313/290 282/312/289 556/579/556
f 556/579/556 557/580/557 283/313/290
f 283/313/290 560/581/558 284/314/291
f 559/582/559 561/583/560 562/584/561
f 564/585/562 562/584/561 561/583/560
f 561/583/560 563/586/563 564/585/562
f 285/315/292 284/314/291 560/581/558
f 565/587/564 564/585/562 563/586/563
f 286/316/293 567/588/565 287/237/214
f 288/318/295 287/237/214 567/588/565
f 566/589/566 568/590/567 569/591/568
f 570/592/569 569/591/568 568/590/567
f 568/590/567 674/593/570 570/592/569
f 291/320/297 290/319/296 571/594/571
f 571/594/571 572/595/572 291/320/297
f 295/324/301 291/320/297 572/595/572
f 572/595/572 573/596/573 295/324/301
f 574/597/574 295/324/301 573/596/573
f 295/324/301 574/597/574 296/598/575
f 299/327/304 296/598/575 574/597/574
f 574/597/574 575/599/576 299/327/304
f 300/328/305 299/327/304 575/599/576
f 575/599/576 677/600/577 300/328/305
f 303/332/309 300/328/305 677/600/577
f 303/332/309 679/601/578 305/333/310
f 305/333/310 576/602/579 308/336/313
f 576/602/579 305/333/310 679/601/578
f 577/337/314 308/336/313 576/602/579
f 578/343/320 579/603/580 316/346/323
f 317/604/581 316/346/323 579/603/580
f 579/603/580 580/605/582 317/604/581
f 320/349/326 317/604/581 580/605/582
f 580/605/582 581/606/583 320/349/326
f 581/606/583 582/607/584 321/350/327
f 321/350/327 320/349/326 581/606/583
f 323/353/330 321/350/327 582/607/584
f 582/607/584 583/608/585 323/353/330
f 325/355/332 323/353/330 583/608/585
f 583/608/585 584/609/586 325/355/332
f 327/357/334 325/355/332 584/609/586
f 584/609/586 585/610/587 327/357/334
f 329/359/336 327/357/334 585/610/587
f 585/610/587 586/611/588 329/359/336
f 331/361/338 329/359/336 586/611/588
f 586/611/588 587/612/589 331/361/338
f 333/363/340 331/361/338 587/612/589
f 333/363/340 588/613/590 337/366/343
f 588/613/590 333/363/340 587/612/589
f 338/368/345 337/366/343 588/613/590
f 588/613/590 589/614/591 338/368/345
f 340/369/346 338/368/345 589/614/591
f 589/614/591 590/615/592 340/369/346
f 344/374/351 340/369/346 590/615/592
f 591/376/353 592/616/593 349/379/356
f 593/617/594 349/379/356 592/616/593
f 349/379/356 593/617/594 350/618/595
f 353/382/359 350/618/595 593/617/594
f 593/617/594 594/619/596 353/382/359
f 595/383/360 353/382/359 594/619/596
f 595/383/360 596/620/597 356/387/364
f 360/391/368 356/387/364 596/620/597
f 596/620/597 597/621/598 360/391/368
f 598/622/599 360/391/368 597/621/598
f 360/391/368 598/622/599 362/392/369
f 364/394/371 362/392/369 598/622/599
f 364/394/371 599/623/600 366/396/373
f 369/624/601 366/396/373 599/623/600
f 599/623/600 600/625/602 369/624/601
f 370/626/603 369/624/601 600/625/602
f 600/625/602 700/627/604 370/626/603
f 373/628/605 370/626/603 700/627/604
f 700/627/604 601/629/606 373/628/605
f 374/630/607 373/628/605 601/629/606
f 601/629/606 701/631/608 374/630/607
f 374/630/607 602/632/609 376/402/379
f 602/632/609 374/630/607 701/631/608
f 603/403/380 376/402/379 602/632/609
f 603/403/380 604/633/610 379/407/384
f 605/634/611 379/407/384 604/633/610
f 379/407/384 605/634/611 381/408/385
f 384/411/388 381/408/385 605/634/611
f 605/634/611 606/635/612 384/411/388
f 607/412/389 384/411/388 606/635/612
f 607/412/389 608/636/613 386/415/392
f 388/417/394 386/415/392 608/636/613
f 608/636/613 609/637/614 388/417/394
f 391/420/397 388/417/394 609/637/614
f 609/637/614 610/638/615 391/420/397
f 395/424/401 391/420/397 610/638/615
f 398/427/404 395/424/401 610/638/615
f 610/638/615 611/639/616 398/427/404
f 403/432/409 398/427/404 611/639/616
f 403/432/409 612/640/617 405/433/410
f 408/641/618 405/433/410 612/640/617
f 612/640/617 613/642/619 408/641/618
f 409/438/415 408/641/618 613/642/619
f 613/642/619 614/643/620 409/438/415
f 412/439/416 409/438/415 614/643/620
f 614/643/620 615/644/621 412/439/416
f 414/442/419 412/439/416 615/644/621
f 615/644/621 616/645/622 414/442/419
f 418/444/421 414/442/419 616/645/622
f 616/645/622 617/646/623 418/444/421
f 419/447/424 418/444/421 617/646/623
f 617/646/623 618/647/624 419/447/424
f 423/450/427 419/447/424 618/647/624
f 419/447/424 423/450/427 421/448/425
f 425/453/430 423/450/427 619/648/625
f 619/648/625 718/649/626 425/453/430
f 429/457/434 425/453/430 718/649/626
f 429/457/434 720/650/627 431/458/435
f 431/458/435 620/651/628 434/462/439
f 620/651/628 431/458/435 720/650/627
f 620/651/628 621/652/629 436/463/440
f 620/651/628 436/463/440 434/462/439
f 622/653/630 436/463/440 621/652/629
f 436/463/440 622/653/630 438/465/442
f 441/468/445 438/465/442 622/653/630
f 622/653/630 623/654/631 441/468/445
f 623/654/631 624/655/632 442/469/446
f 442/469/446 441/468/445 623/654/631
f 442/469/446 625/656/633 444/471/448
f 625/656/633 442/469/446 624/655/632
f 625/656/633 626/657/634 445/472/449
f 445/472/449 444/471/448 625/656/633
f 449/477/454 445/472/449 626/657/634
f 626/657/634 723/658/635 449/477/454
f 627/479/456 449/477/454 723/658/635
f 627/479/456 628/659/636 453/482/459
f 629/660/637 453/482/459 628/659/636
f 453/482/459 629/660/637 455/483/460
f 458/661/638 455/483/460 629/660/637
f 629/660/637 630/662/639 458/661/638
f 459/486/463 458/661/638 630/662/639
f 630/662/639 631/663/640 459/486/463
f 461/487/464 459/486/463 631/663/640
f 631/663/640 632/664/641 461/487/464
f 463/491/468 461/487/464 632/664/641
f 632/664/641 633/665/642 463/491/468
f 465/493/470 463/491/468 633/665/642
f 633/665/642 634/666/643 465/493/470
f 468/496/473 465/493/470 634/666/643
f 634/666/643 635/667/644 468/496/473
f 636/668/645 468/496/473 635/667/644
f 468/496/473 636/668/645 470/497/474
f 472/499/476 470/497/474 636/668/645
f 636/668/645 637/669/646 472/499/476
f 474/502/479 472/499/476 637/669/646
f 637/669/646 728/670/647 474/502/479
f 478/506/483 474/502/479 728/670/647
f 478/506/483 638/671/648 480/507/484
f 483/672/649 480/507/484 638/671/648
f 638/671/648 639/673/650 483/672/649
f 484/510/487 483/672/649 639/673/650
f 639/673/650 640/674/651 484/510/487
f 485/511/488 484/510/487 640/674/651
f 640/674/651 641/675/652 485/511/488
f 487/514/491 485/511/488 641/675/652
f 641/675/652 642/676/653 487/514/491
f 491/518/495 487/514/491 642/676/653
f 491/518/495 735/677/654 493/520/497
f 493/520/497 643/678/655 497/523/500
f 643/678/655 493/520/497 735/677/654
f 499/525/502 497/523/500 643/678/655
f 643/678/655 644/679/656 499/525/502
f 644/679/656 645/680/657 500/526/503
f 500/526/503 499/525/502 644/679/656
f 503/530/507 500/526/503 645/680/657
f 647/535/512 648/681/658 509/538/515
f 649/682/659 509/538/515 648/681/658
f 509/538/515 649/682/659 511/539/516
f 513/541/518 511/539/516 649/682/659
f 649/682/659 650/683/660 513/541/518
f 650/683/660 651/684/661 514/542/519
f 514/542/519 513/541/518 650/683/660
f 517/546/523 514/542/519 651/684/661
f 651/684/661 744/685/662 517/546/523
f 519/548/525 517/546/523 744/685/662
f 744/685/662 652/686/663 519/548/525
f 522/551/528 519/548/525 652/686/663
f 652/686/663 653/687/664 522/551/528
f 653/687/664 654/554/531 522/551/528
f 654/554/531 655/688/665 526/555/532
f 529/689/666 526/555/532 655/688/665
f 655/688/665 656/690/667 529/689/666
f 530/691/668 529/689/666 656/690/667
f 656/690/667 657/692/669 530/691/668
f 532/693/670 530/691/668 657/692/669
f 657/692/669 658/694/671 532/693/670
f 533/695/672 532/693/670 658/694/671
f 658/694/671 659/696/673 533/695/672
f 535/560/537 533/695/672 659/696/673
f 659/696/673 660/697/674 535/560/537
f 660/697/674 661/698/675 536/561/538
f 536/561/538 535/560/537 660/697/674
f 538/564/541 536/561/538 661/698/675
f 538/564/541 662/699/676 540/566/543
f 663/700/677 540/566/543 662/699/676
f 540/566/543 663/700/677 545/570/547
f 547/701/678 545/570/547 663/700/677
f 663/700/677 664/702/679 547/701/678
f 549/703/680 547/701/678 664/702/679
f 664/702/679 665/704/681 549/703/680
f 550/575/552 549/703/680 665/704/681
f 553/576/553 550/575/552 665/704/681
f 665/704/681 666/705/682 553/576/553
f 667/706/683 553/576/553 666/705/682
f 553/576/553 667/706/683 555/578/555
f 558/707/684 555/578/555 667/706/683
f 559/582/559 558/707/684 667/706/683
f 667/706/683 668/708/685 559/582/559
f 561/583/560 559/582/559 668/708/685
f 668/708/685 669/709/686 561/583/560
f 563/586/563 561/583/560 669/709/686
f 669/709/686 670/710/687 563/586/563
f 563/586/563 671/711/688 565/587/564
f 671/711/688 563/586/563 670/710/687
f 566/589/566 565/587/564 671/711/688
f 671/711/688 672/712/689 566/589/566
f 568/590/567 566/589/566 672/712/689
f 672/712/689 673/713/690 568/590/567
f 674/593/570 568/590/567 673/713/690
f 572/595/572 571/594/571 675/714/691
f 573/596/573 572/595/572 675/714/691
f 675/714/691 676/715/692 573/596/573
f 574/597/574 573/596/573 676/715/692
f 677/600/577 678/716/693 303/332/309
f 679/601/578 303/332/309 678/716/693
f 679/601/578 680/717/694 576/602/579
f 680/717/694 681/718/695 577/337/314
f 577/337/314 576/602/579 680/717/694
f 311/341/318 577/337/314 681/718/695
f 681/718/695 682/719/696 311/341/318
f 578/343/320 311/341/318 682/719/696
f 682/719/696 683/720/697 578/343/320
f 578/343/320 684/721/698 579/603/580
f 684/721/698 578/343/320 683/720/697
f 580/605/582 579/603/580 684/721/698
f 580/605/582 685/722/699 581/606/583
f 685/722/699 686/723/700 582/607/584
f 582/607/584 581/606/583 685/722/699
f 583/608/585 582/607/584 686/723/700
f 584/609/586 583/608/585 686/723/700
f 686/723/700 687/724/701 584/609/586
f 585/610/587 584/609/586 687/724/701
f 586/611/588 585/610/587 687/724/701
f 687/724/701 688/725/702 586/611/588
f 587/612/589 586/611/588 688/725/702
f 688/725/702 689/726/703 587/612/589
f 588/613/590 587/612/589 689/726/703
f 588/613/590 690/727/704 589/614/591
f 590/615/592 589/614/591 690/727/704
f 590/615/592 691/728/705 344/374/351
f 691/728/705 590/615/592 690/727/704
f 691/728/705 692/729/706 591/376/353
f 591/376/353 344/374/351 691/728/705
f 592/616/593 591/376/353 692/729/706
f 592/616/593 693/730/707 593/617/594
f 594/619/596 593/617/594 693/730/707
f 594/619/596 694/731/708 595/383/360
f 596/620/597 595/383/360 694/731/708
f 694/731/708 695/732/709 596/620/597
f 597/621/598 596/620/597 695/732/709
f 695/732/709 696/733/710 597/621/598
f 697/734/711 597/621/598 696/733/710
f 597/621/598 697/734/711 598/622/599
f 364/394/371 598/622/599 697/734/711
f 697/734/711 698/735/712 364/394/371
f 599/623/600 364/394/371 698/735/712
f 600/625/602 599/623/600 698/735/712
f 698/735/712 699/736/713 600/625/602
f 700/627/604 600/625/602 699/736/713
f 602/632/609 702/737/714 603/403/380
f 604/633/610 603/403/380 702/737/714
f 702/737/714 703/738/715 604/633/610
f 704/739/716 604/633/610 703/738/715
f 604/633/610 704/739/716 605/634/611
f 606/635/612 605/634/611 704/739/716
f 606/635/612 705/740/717 607/412/389
f 608/636/613 607/412/389 705/740/717
f 705/740/717 706/741/718 608/636/613
f 609/637/614 608/636/613 706/741/718
f 706/741/718 707/742/719 609/637/614
f 609/637/614 708/743/720 610/638/615
f 708/743/720 609/637/614 707/742/719
f 611/639/616 610/638/615 708/743/720
f 611/639/616 708/743/720 709/744/721
f 611/639/616 710/745/722 403/432/409
f 710/745/722 611/639/616 709/744/721
f 612/640/617 403/432/409 710/745/722
f 710/745/722 711/746/723 612/640/617
f 613/642/619 612/640/617 711/746/723
f 711/746/723 712/747/724 613/642/619
f 614/643/620 613/642/619 712/747/724
f 712/747/724 713/748/725 614/643/620
f 615/644/621 614/643/620 713/748/725
f 713/748/725 714/749/726 615/644/621
f 616/645/622 615/644/621 714/749/726
f 714/749/726 715/750/727 616/645/622
f 617/646/623 616/645/622 715/750/727
f 715/750/727 716/751/728 617/646/623
f 618/647/624 617/646/623 716/751/728
f 716/751/728 717/752/729 618/647/624
f 619/648/625 618/647/624 717/752/729
f 618/647/624 619/648/625 423/450/427
f 718/649/626 719/753/730 429/457/434
f 720/650/627 429/457/434 719/753/730
f 620/651/628 721/754/731 621/652/629
f 622/653/630 621/652/629 721/754/731
f 622/653/630 722/755/732 623/654/631
f 624/655/632 623/654/631 722/755/732
f 624/655/632 722/755/732 625/656/633
f 722/755/732 723/658/635 626/657/634
f 626/657/634 625/656/633 722/755/732
f 723/658/635 724/756/733 627/479/456
f 628/659/636 627/479/456 724/756/733
f 628/659/636 725/757/734 629/660/637
f 630/662/639 629/660/637 725/757/734
f 631/663/640 630/662/639 725/757/734
f 632/664/641 631/663/640 725/757/734
f 725/757/734 726/758/735 632/664/641
f 633/665/642 632/664/641 726/758/735
f 634/666/643 633/665/642 726/758/735
f 634/666/643 727/759/736 635/667/644
f 635/667/644 727/759/736 636/668/645
f 637/669/646 636/668/645 727/759/736
f 727/759/736 728/670/647 637/669/646
f 728/670/647 729/760/737 478/506/483
f 730/761/738 478/506/483 729/760/737
f 478/506/483 730/761/738 638/671/648
f 639/673/650 638/671/648 730/761/738
f 730/761/738 731/762/739 639/673/650
f 640/674/651 639/673/650 731/762/739
f 731/762/739 732/763/740 640/674/651
f 641/675/652 640/674/651 732/763/740
f 732/763/740 733/764/741 641/675/652
f 642/676/653 641/675/652 733/764/741
f 491/518/495 642/676/653 733/764/741
f 733/764/741 734/765/742 491/518/495
f 735/677/654 491/518/495 734/765/742
f 735/677/654 736/766/743 643/678/655
f 644/679/656 643/678/655 736/766/743
f 736/766/743 737/767/744 644/679/656
f 737/767/744 738/768/745 645/680/657
f 645/680/657 644/679/656 737/767/744
f 645/680/657 739/769/746 503/530/507
f 739/769/746 645/680/657 738/768/745
f 646/533/510 503/530/507 739/769/746
f 739/769/746 740/770/747 646/533/510
f 647/535/512 646/533/510 740/770/747
f 740/770/747 741/771/748 647/535/512
f 648/681/658 647/535/512 741/771/748
f 648/681/658 742/772/749 649/682/659
f 650/683/660 649/682/659 742/772/749
f 742/772/749 743/773/750 650/683/660
f 743/773/750 744/685/662 651/684/661
f 651/684/661 650/683/660 743/773/750
f 744/685/662 820/774/751 652/686/663
f 653/687/664 652/686/663 820/774/751
f 820/774/751 745/775/752 653/687/664
f 653/687/664 746/776/753 654/554/531
f 746/776/753 653/687/664 745/775/752
f 655/688/665 654/554/531 746/776/753
f 746/776/753 747/777/754 655/688/665
f 656/690/667 655/688/665 747/777/754
f 657/692/669 656/690/667 747/777/754
f 747/777/754 748/778/755 657/692/669
f 658/694/671 657/692/669 748/778/755
f 748/778/755 749/779/756 658/694/671
f 658/694/671 749/779/756 659/696/673
f 660/697/674 659/696/673 749/779/756
f 749/779/756 750/780/757 661/698/675
f 661/698/675 660/697/674 749/779/756
f 661/698/675 751/781/758 662/699/676
f 662/699/676 538/564/541 661/698/675
f 752/782/759 662/699/676 751/781/758
f 662/699/676 752/782/759 663/700/677
f 664/702/679 663/700/677 752/782/759
f 752/782/759 753/783/760 664/702/679
f 665/704/681 664/702/679 753/783/760
f 753/783/760 754/784/761 665/704/681
f 666/705/682 665/704/681 754/784/761
f 666/705/682 668/708/685 667/706/683
f 666/705/682 832/785/762 668/708/685
f 669/709/686 668/708/685 832/785/762
f 832/785/762 755/786/763 669/709/686
f 670/710/687 669/709/686 755/786/763
f 755/786/763 833/787/764 670/710/687
f 670/710/687 756/788/765 671/711/688
f 756/788/765 670/710/687 833/787/764
f 672/712/689 671/711/688 756/788/765
f 756/788/765 673/713/690 672/712/689
f 674/593/570 673/713/690 757/789/766
f 758/790/767 759/791/768 675/714/691
f 676/715/692 675/714/691 759/791/768
f 676/715/692 760/792/769 574/597/574
f 575/599/576 574/597/574 760/792/769
f 760/792/769 761/793/770 575/599/576
f 677/600/577 575/599/576 761/793/770
f 761/793/770 839/794/771 677/600/577
f 678/716/693 677/600/577 839/794/771
f 839/794/771 762/795/772 678/716/693
f 679/601/578 678/716/693 762/795/772
f 762/795/772 840/796/773 679/601/578
f 680/717/694 679/601/578 840/796/773
f 680/717/694 763/797/774 681/718/695
f 682/719/696 681/718/695 763/797/774
f 684/721/698 764/798/775 580/605/582
f 685/722/699 580/605/582 764/798/775
f 764/798/775 765/799/776 685/722/699
f 765/799/776 766/800/777 686/723/700
f 686/723/700 685/722/699 765/799/776
f 766/800/777 767/801/778 686/723/700
f 687/724/701 686/723/700 767/801/778
f 767/801/778 768/802/779 687/724/701
f 768/802/779 769/803/780 687/724/701
f 688/725/702 687/724/701 769/803/780
f 769/803/780 770/804/781 688/725/702
f 770/804/781 771/805/782 688/725/702
f 689/726/703 688/725/702 771/805/782
f 689/726/703 772/806/783 588/613/590
f 690/727/704 588/613/590 772/806/783
f 772/806/783 773/807/784 690/727/704
f 691/728/705 690/727/704 773/807/784
f 773/807/784 774/808/785 691/728/705
f 692/729/706 691/728/705 774/808/785
f 692/729/706 775/809/786 592/616/593
f 693/730/707 592/616/593 775/809/786
f 693/730/707 776/810/787 594/619/596
f 776/810/787 857/811/788 694/731/708
f 694/731/708 594/619/596 776/810/787
f 695/732/709 694/731/708 857/811/788
f 696/733/710 695/732/709 777/812/789
f 777/812/789 778/813/790 696/733/710
f 697/734/711 696/733/710 778/813/790
f 697/734/711 779/814/791 698/735/712
f 699/736/713 864/815/792 700/627/604
f 601/629/606 700/627/604 864/815/792
f 864/815/792 780/816/793 601/629/606
f 701/631/608 601/629/606 780/816/793
f 780/816/793 865/817/794 701/631/608
f 701/631/608 702/737/714 602/632/609
f 702/737/714 701/631/608 865/817/794
f 703/738/715 702/737/714 781/818/795
f 704/739/716 705/740/717 606/635/612
f 706/741/718 705/740/717 870/819/796
f 706/741/718 782/820/797 707/742/719
f 783/821/798 707/742/719 782/820/797
f 708/743/720 707/742/719 783/821/798
f 709/744/721 708/743/720 783/821/798
f 783/821/798 785/822/799 709/744/721
f 785/822/799 783/821/798 784/823/800
f 710/745/722 709/744/721 785/822/799
f 785/822/799 786/824/801 710/745/722
f 711/746/723 710/745/722 786/824/801
f 712/747/724 787/825/802 713/748/725
f 714/749/726 713/748/725 787/825/802
f 787/825/802 788/826/803 714/749/726
f 715/750/727 714/749/726 788/826/803
f 788/826/803 789/827/804 715/750/727
f 716/751/728 715/750/727 789/827/804
f 789/827/804 880/828/805 716/751/728
f 717/752/729 716/751/728 880/828/805
f 717/752/729 790/829/806 619/648/625
f 718/649/626 619/648/625 790/829/806
f 790/829/806 719/753/730 718/649/626
f 791/830/807 792/831/808 720/650/627
f 720/650/627 719/753/730 791/830/807
f 720/650/627 793/832/809 620/651/628
f 793/832/809 720/650/627 792/831/808
f 721/754/731 620/651/628 793/832/809
f 793/832/809 794/833/810 721/754/731
f 795/834/811 721/754/731 794/833/810
f 721/754/731 795/834/811 622/653/630
f 722/755/732 622/653/630 795/834/811
f 723/658/635 722/755/732 796/835/812
f 796/835/812 797/836/813 723/658/635
f 798/837/814 723/658/635 797/836/813
f 724/756/733 723/658/635 798/837/814
f 628/659/636 724/756/733 798/837/814
f 798/837/814 799/838/815 628/659/636
f 800/839/816 628/659/636 799/838/815
f 628/659/636 800/839/816 725/757/734
f 800/839/816 801/840/817 725/757/734
f 726/758/735 725/757/734 801/840/817
f 801/840/817 802/841/818 726/758/735
f 802/841/818 803/842/819 726/758/735
f 804/843/820 726/758/735 803/842/819
f 726/758/735 804/843/820 634/666/643
f 727/759/736 634/666/643 804/843/820
f 804/843/820 805/844/821 727/759/736
f 728/670/647 727/759/736 805/844/821
f 805/844/821 806/845/822 728/670/647
f 807/846/823 728/670/647 806/845/822
f 729/760/737 728/670/647 807/846/823
f 730/761/738 808/847/824 731/762/739
f 808/847/824 809/848/825 732/763/740
f 732/763/740 731/762/739 808/847/824
f 733/764/741 732/763/740 809/848/825
f 809/848/825 810/849/826 733/764/741
f 810/849/826 811/850/827 733/764/741
f 734/765/742 733/764/741 811/850/827
f 734/765/742 812/851/828 735/677/654
f 736/766/743 735/677/654 812/851/828
f 812/851/828 813/852/829 736/766/743
f 737/767/744 736/766/743 813/852/829
f 813/852/829 738/768/745 737/767/744
f 738/768/745 815/853/830 739/769/746
f 815/853/830 738/768/745 814/854/831
f 740/770/747 739/769/746 815/853/830
f 815/853/830 816/855/832 740/770/747
f 741/771/748 740/770/747 816/855/832
f 741/771/748 817/856/833 648/681/658
f 742/772/749 648/681/658 817/856/833
f 742/772/749 818/857/834 743/773/750
f 819/858/835 743/773/750 818/857/834
f 743/773/750 819/858/835 744/685/662
f 820/774/751 744/685/662 819/858/835
f 745/775/752 821/859/836 746/776/753
f 821/859/836 822/860/837 747/777/754
f 747/777/754 746/776/753 821/859/836
f 823/861/838 747/777/754 822/860/837
f 747/777/754 823/861/838 748/778/755
f 749/779/756 748/778/755 823/861/838
f 823/861/838 824/862/839 749/779/756
f 824/862/839 750/780/757 749/779/756
f 661/698/675 750/780/757 825/863/840
f 825/863/840 826/864/841 751/781/758
f 751/781/758 661/698/675 825/863/840
f 826/864/841 827/865/842 751/781/758
f 751/781/758 827/865/842 752/782/759
f 827/865/842 828/866/843 753/783/760
f 753/783/760 752/782/759 827/865/842
f 753/783/760 829/867/844 754/784/761
f 829/867/844 753/783/760 828/866/843
f 829/867/844 830/868/845 754/784/761
f 666/705/682 754/784/761 830/868/845
f 830/868/845 831/869/846 666/705/682
f 832/785/762 666/705/682 831/869/846
f 756/788/765 834/870/847 673/713/690
f 757/789/766 673/713/690 834/870/847
f 834/870/847 835/871/848 757/789/766
f 835/871/848 936/872/849 757/789/766
f 758/790/767 836/873/850 759/791/768
f 676/715/692 759/791/768 836/873/850
f 836/873/850 837/28/5 676/715/692
f 760/792/769 676/715/692 837/28/5
f 837/28/5 838/30/7 760/792/769
f 761/793/770 760/792/769 838/30/7
f 840/796/773 841/39/16 680/717/694
f 841/39/16 38/41/18 763/797/774
f 763/797/774 680/717/694 841/39/16
f 763/797/774 842/43/20 682/719/696
f 842/43/20 763/797/774 38/41/18
f 683/720/697 682/719/696 842/43/20
f 842/43/20 843/44/21 683/720/697
f 684/721/698 683/720/697 843/44/21
f 843/44/21 844/46/23 684/721/698
f 764/798/775 684/721/698 844/46/23
f 844/46/23 845/48/25 764/798/775
f 765/799/776 764/798/775 845/48/25
f 845/48/25 846/50/27 765/799/776
f 846/50/27 847/874/851 766/800/777
f 766/800/777 765/799/776 846/50/27
f 767/801/778 766/800/777 847/874/851
f 847/874/851 848/875/852 767/801/778
f 768/802/779 767/801/778 848/875/852
f 848/875/852 849/876/853 768/802/779
f 769/803/780 768/802/779 849/876/853
f 769/803/780 850/877/854 770/804/781
f 771/805/782 770/804/781 850/877/854
f 850/877/854 52/61/38 771/805/782
f 851/62/39 771/805/782 52/61/38
f 771/805/782 851/62/39 689/726/703
f 772/806/783 689/726/703 851/62/39
f 851/62/39 852/878/855 772/806/783
f 773/807/784 772/806/783 852/878/855
f 852/878/855 853/879/856 773/807/784
f 774/808/785 773/807/784 853/879/856
f 774/808/785 854/69/46 692/729/706
f 775/809/786 692/729/706 854/69/46
f 775/809/786 855/73/50 693/730/707
f 776/810/787 693/730/707 855/73/50
f 855/73/50 856/74/51 776/810/787
f 857/811/788 776/810/787 856/74/51
f 857/811/788 777/812/789 695/732/709
f 778/813/790 777/812/789 858/880/857
f 858/880/857 859/881/858 778/813/790
f 860/882/859 778/813/790 859/881/858
f 778/813/790 860/882/859 697/734/711
f 779/814/791 697/734/711 860/882/859
f 860/882/859 861/85/62 779/814/791
f 698/735/712 779/814/791 861/85/62
f 861/85/62 862/86/63 698/735/712
f 699/736/713 698/735/712 862/86/63
f 862/86/63 863/88/65 699/736/713
f 864/815/792 699/736/713 863/88/65
f 865/817/794 866/96/73 702/737/714
f 866/96/73 82/98/75 781/818/795
f 781/818/795 702/737/714 866/96/73
f 781/818/795 867/99/76 703/738/715
f 867/99/76 781/818/795 82/98/75
f 704/739/716 703/738/715 867/99/76
f 867/99/76 868/100/77 704/739/716
f 705/740/717 704/739/716 868/100/77
f 868/100/77 869/102/79 705/740/717
f 870/819/796 705/740/717 869/102/79
f 870/819/796 871/883/860 706/741/718
f 782/820/797 706/741/718 871/883/860
f 871/883/860 872/884/861 782/820/797
f 873/885/862 782/820/797 872/884/861
f 782/820/797 873/885/862 783/821/798
f 873/885/862 874/886/863 784/823/800
f 784/823/800 783/821/798 873/885/862
f 784/823/800 875/887/864 785/822/799
f 875/887/864 784/823/800 874/886/863
f 786/824/801 785/822/799 875/887/864
f 786/824/801 876/116/93 711/746/723
f 712/747/724 711/746/723 876/116/93
f 876/116/93 877/118/95 712/747/724
f 787/825/802 712/747/724 877/118/95
f 877/118/95 878/888/865 787/825/802
f 878/888/865 879/122/99 788/826/803
f 788/826/803 787/825/802 878/888/865
f 789/827/804 788/826/803 879/122/99
f 880/828/805 881/889/866 717/752/729
f 790/829/806 717/752/729 881/889/866
f 881/889/866 882/890/867 790/829/806
f 882/890/867 883/891/868 790/829/806
f 884/892/869 790/829/806 883/891/868
f 790/829/806 884/892/869 719/753/730
f 791/830/807 719/753/730 884/892/869
f 791/830/807 115/137/114 792/831/808
f 792/831/808 885/893/870 793/832/809
f 885/893/870 792/831/808 115/137/114
f 794/833/810 793/832/809 885/893/870
f 885/893/870 886/894/871 794/833/810
f 887/895/872 794/833/810 886/894/871
f 794/833/810 887/895/872 795/834/811
f 722/755/732 795/834/811 887/895/872
f 887/895/872 888/896/873 796/835/812
f 796/835/812 722/755/732 887/895/872
f 889/897/874 796/835/812 888/896/873
f 797/836/813 796/835/812 889/897/874
f 797/836/813 890/898/875 798/837/814
f 890/898/875 891/151/128 798/837/814
f 799/838/815 798/837/814 891/151/128
f 799/838/815 892/899/876 800/839/816
f 801/840/817 800/839/816 892/899/876
f 892/899/876 893/900/877 801/840/817
f 893/900/877 894/901/878 801/840/817
f 894/901/878 895/902/879 802/841/818
f 802/841/818 801/840/817 894/901/878
f 803/842/819 802/841/818 895/902/879
f 895/902/879 896/903/880 803/842/819
f 804/843/820 803/842/819 896/903/880
f 896/903/880 897/904/881 804/843/820
f 804/843/820 898/905/882 805/844/821
f 898/905/882 804/843/820 897/904/881
f 898/905/882 899/906/883 805/844/821
f 806/845/822 805/844/821 899/906/883
f 899/906/883 900/907/884 806/845/822
f 901/168/145 806/845/822 900/907/884
f 806/845/822 901/168/145 807/846/823
f 729/760/737 807/846/823 901/168/145
f 901/168/145 902/169/146 729/760/737
f 730/761/738 729/760/737 902/169/146
f 902/169/146 903/171/148 730/761/738
f 808/847/824 730/761/738 903/171/148
f 903/171/148 904/908/885 808/847/824
f 809/848/825 808/847/824 904/908/885
f 809/848/825 905/909/886 810/849/826
f 811/850/827 810/849/826 905/909/886
f 811/850/827 906/179/156 734/765/742
f 812/851/828 734/765/742 906/179/156
f 906/179/156 907/910/887 812/851/828
f 813/852/829 812/851/828 907/910/887
f 907/910/887 908/911/888 813/852/829
f 738/768/745 813/852/829 908/911/888
f 908/911/888 909/912/889 738/768/745
f 909/912/889 910/913/890 814/854/831
f 814/854/831 738/768/745 909/912/889
f 814/854/831 911/914/891 815/853/830
f 911/914/891 814/854/831 910/913/890
f 816/855/832 815/853/830 911/914/891
f 911/914/891 912/915/892 816/855/832
f 741/771/748 816/855/832 912/915/892
f 912/915/892 913/916/893 741/771/748
f 817/856/833 741/771/748 913/916/893
f 817/856/833 914/917/894 742/772/749
f 818/857/834 742/772/749 914/917/894
f 818/857/834 915/918/895 819/858/835
f 820/774/751 819/858/835 915/918/895
f 915/918/895 916/919/896 820/774/751
f 745/775/752 820/774/751 916/919/896
f 916/919/896 917/920/897 745/775/752
f 821/859/836 745/775/752 917/920/897
f 917/920/897 918/206/183 821/859/836
f 918/206/183 919/921/898 822/860/837
f 822/860/837 821/859/836 918/206/183
f 920/210/187 822/860/837 919/921/898
f 822/860/837 920/210/187 823/861/838
f 824/862/839 823/861/838 920/210/187
f 920/210/187 921/922/899 824/862/839
f 750/780/757 824/862/839 921/922/899
f 921/922/899 922/923/900 750/780/757
f 922/923/900 923/924/901 825/863/840
f 825/863/840 750/780/757 922/923/900
f 924/925/902 825/863/840 923/924/901
f 924/925/902 925/926/903 826/864/841
f 826/864/841 825/863/840 924/925/902
f 926/927/904 826/864/841 925/926/903
f 826/864/841 926/927/904 827/865/842
f 828/866/843 827/865/842 926/927/904
f 828/866/843 927/928/905 829/867/844
f 830/868/845 829/867/844 927/928/905
f 927/928/905 928/929/906 830/868/845
f 929/930/907 830/868/845 928/929/906
f 830/868/845 929/930/907 831/869/846
f 832/785/762 831/869/846 929/930/907
f 929/930/907 930/931/908 832/785/762
f 755/786/763 832/785/762 930/931/908
f 930/931/908 931/932/909 755/786/763
f 833/787/764 755/786/763 931/932/909
f 931/932/909 932/933/910 833/787/764
f 756/788/765 833/787/764 932/933/910
f 932/933/910 933/934/911 756/788/765
f 834/870/847 756/788/765 933/934/911
f 933/934/911 934/935/912 834/870/847
f 835/871/848 834/870/847 934/935/912
f 934/935/912 935/936/913 835/871/848
f 936/872/849 835/871/848 935/936/913
f 758/790/767 27/27/4 836/873/850
f 27/27/4 758/790/767 25/25/2
f 837/28/5 836/873/850 27/27/4
f 838/30/7 30/32/9 761/793/770
f 839/794/771 761/793/770 30/32/9
f 30/32/9 32/34/11 839/794/771
f 762/795/772 839/794/771 32/34/11
f 32/34/11 33/35/12 762/795/772
f 840/796/773 762/795/772 33/35/12
f 33/35/12 35/37/14 840/796/773
f 841/39/16 840/796/773 35/37/14
f 846/50/27 45/53/30 847/874/851
f 848/875/852 847/874/851 45/53/30
f 45/53/30 46/54/31 848/875/852
f 849/876/853 848/875/852 46/54/31
f 46/54/31 48/56/33 849/876/853
f 849/876/853 50/58/35 769/803/780
f 50/58/35 849/876/853 48/56/33
f 50/58/35 51/59/36 850/877/854
f 850/877/854 769/803/780 50/58/35
f 52/61/38 850/877/854 51/59/36
f 851/62/39 55/63/40 852/878/855
f 853/879/856 852/878/855 55/63/40
f 55/63/40 57/66/43 853/879/856
f 853/879/856 59/68/45 774/808/785
f 59/68/45 853/879/856 57/66/43
f 854/69/46 774/808/785 59/68/45
f 854/69/46 61/71/48 775/809/786
f 855/73/50 775/809/786 61/71/48
f 856/74/51 65/77/54 857/811/788
f 857/811/788 67/79/56 777/812/789
f 67/79/56 857/811/788 65/77/54
f 858/880/857 777/812/789 67/79/56
f 859/881/858 858/880/857 67/79/56
f 67/79/56 68/80/57 859/881/858
f 71/82/59 859/881/858 68/80/57
f 859/881/858 71/82/59 860/882/859
f 861/85/62 860/882/859 71/82/59
f 863/88/65 76/91/68 864/815/792
f 780/816/793 864/815/792 76/91/68
f 76/91/68 77/92/69 780/816/793
f 865/817/794 780/816/793 77/92/69
f 77/92/69 79/94/71 865/817/794
f 866/96/73 865/817/794 79/94/71
f 869/102/79 85/104/81 870/819/796
f 870/819/796 87/106/83 871/883/860
f 87/106/83 870/819/796 85/104/81
f 872/884/861 871/883/860 87/106/83
f 87/106/83 89/108/85 872/884/861
f 90/109/86 872/884/861 89/108/85
f 872/884/861 90/109/86 873/885/862
f 90/109/86 92/110/87 873/885/862
f 874/886/863 873/885/862 92/110/87
f 874/886/863 94/113/90 875/887/864
f 94/113/90 874/886/863 92/110/87
f 786/824/801 875/887/864 94/113/90
f 94/113/90 96/114/91 786/824/801
f 876/116/93 786/824/801 96/114/91
f 877/118/95 100/120/97 878/888/865
f 100/120/97 879/122/99 878/888/865
f 789/827/804 879/122/99 102/124/101
f 880/828/805 789/827/804 102/124/101
f 102/124/101 105/127/104 880/828/805
f 881/889/866 880/828/805 105/127/104
f 105/127/104 107/128/105 881/889/866
f 882/890/867 881/889/866 107/128/105
f 107/128/105 109/130/107 882/890/867
f 883/891/868 882/890/867 109/130/107
f 109/130/107 110/132/109 883/891/868
f 883/891/868 110/132/109 884/892/869
f 791/830/807 884/892/869 110/132/109
f 110/132/109 113/134/111 791/830/807
f 115/137/114 791/830/807 113/134/111
f 115/137/114 117/139/116 885/893/870
f 886/894/871 885/893/870 117/139/116
f 117/139/116 118/140/117 886/894/871
f 120/142/119 886/894/871 118/140/117
f 886/894/871 120/142/119 887/895/872
f 120/142/119 122/143/120 888/896/873
f 888/896/873 887/895/872 120/142/119
f 888/896/873 123/146/123 889/897/874
f 123/146/123 888/896/873 122/143/120
f 797/836/813 889/897/874 123/146/123
f 123/146/123 125/147/124 797/836/813
f 890/898/875 797/836/813 125/147/124
f 125/147/124 127/149/126 890/898/875
f 891/151/128 890/898/875 127/149/126
f 891/151/128 128/152/129 799/838/815
f 130/154/131 799/838/815 128/152/129
f 799/838/815 130/154/131 892/899/876
f 893/900/877 892/899/876 130/154/131
f 130/154/131 131/155/132 893/900/877
f 133/157/134 893/900/877 131/155/132
f 893/900/877 133/157/134 894/901/878
f 133/157/134 134/158/135 895/902/879
f 895/902/879 894/901/878 133/157/134
f 896/903/880 895/902/879 134/158/135
f 134/158/135 136/160/137 896/903/880
f 897/904/881 896/903/880 136/160/137
f 136/160/137 137/161/138 897/904/881
f 897/904/881 138/163/140 898/905/882
f 138/163/140 897/904/881 137/161/138
f 899/906/883 898/905/882 138/163/140
f 138/163/140 140/164/141 899/906/883
f 900/907/884 899/906/883 140/164/141
f 140/164/141 141/165/142 900/907/884
f 901/168/145 900/907/884 141/165/142
f 903/171/148 146/173/150 904/908/885
f 809/848/825 904/908/885 146/173/150
f 146/173/150 148/175/152 809/848/825
f 905/909/886 809/848/825 148/175/152
f 148/175/152 149/177/154 905/909/886
f 905/909/886 149/177/154 811/850/827
f 906/179/156 811/850/827 149/177/154
f 906/179/156 153/181/158 907/910/887
f 908/911/888 907/910/887 153/181/158
f 153/181/158 155/183/160 908/911/888
f 909/912/889 908/911/888 155/183/160
f 155/183/160 156/185/162 909/912/889
f 156/185/162 158/187/164 910/913/890
f 910/913/890 909/912/889 156/185/162
f 910/913/890 159/189/166 911/914/891
f 159/189/166 910/913/890 158/187/164
f 159/189/166 161/190/167 911/914/891
f 912/915/892 911/914/891 161/190/167
f 913/916/893 912/915/892 161/190/167
f 161/190/167 163/192/169 913/916/893
f 817/856/833 913/916/893 163/192/169
f 163/192/169 164/194/171 817/856/833
f 166/196/173 817/856/833 164/194/171
f 817/856/833 166/196/173 914/917/894
f 818/857/834 914/917/894 166/196/173
f 166/196/173 167/197/174 818/857/834
f 915/918/895 818/857/834 167/197/174
f 167/197/174 170/199/176 915/918/895
f 916/919/896 915/918/895 170/199/176
f 170/199/176 172/201/178 916/919/896
f 917/920/897 916/919/896 172/201/178
f 172/201/178 174/203/180 917/920/897
f 918/206/183 917/920/897 174/203/180
f 918/206/183 176/207/184 919/921/898
f 920/210/187 919/921/898 176/207/184
f 920/210/187 178/211/188 921/922/899
f 922/923/900 921/922/899 178/211/188
f 178/211/188 180/213/190 922/923/900
f 180/213/190 182/215/192 923/924/901
f 923/924/901 922/923/900 180/213/190
f 923/924/901 183/216/193 924/925/902
f 183/216/193 923/924/901 182/215/192
f 183/216/193 185/218/195 925/926/903
f 925/926/903 924/925/902 183/216/193
f 187/220/197 925/926/903 185/218/195
f 925/926/903 187/220/197 926/927/904
f 828/866/843 926/927/904 187/220/197
f 187/220/197 189/221/198 828/866/843
f 927/928/905 828/866/843 189/221/198
f 189/221/198 190/223/200 927/928/905
f 928/929/906 927/928/905 190/223/200
f 190/223/200 192/225/202 928/929/906
f 193/226/203 928/929/906 192/225/202
f 928/929/906 193/226/203 929/930/907
f 930/931/908 929/930/907 193/226/203
f 193/226/203 195/227/204 930/931/908
f 931/932/909 930/931/908 195/227/204
f 195/227/204 196/229/206 931/932/909
f 932/933/910 931/932/909 196/229/206
f 196/229/206 198/230/207 932/933/910
f 933/934/911 932/933/910 198/230/207
f 198/230/207 200/232/209 933/934/911
f 934/935/912 933/934/911 200/232/209
f 200/232/209 202/234/211 934/935/912
f 935/936/913 934/935/912 202/234/211
f 202/234/211 201/235/212 935/936/913
f 203/236/213 935/936/913 201/235/212
f 935/936/913 203/236/213 936/872/849
f 937/937/914 938/938/915 939/939/916
f 1749/940/917 939/939/916 938/938/915
f 938/938/915 940/941/918 1749/940/917
f 1750/942/919 1749/940/917 940/941/918
f 940/941/918 941/943/920 1750/942/919
f 942/944/921 1750/942/919 941/943/920
f 941/943/920 943/945/922 942/944/921
f 944/946/923 942/944/921 943/945/922
f 945/947/924 946/948/925 947/949/926
f 947/949/926 948/950/927 1753/951/928
f 948/950/927 947/949/926 946/948/925
f 948/950/927 949/952/929 950/953/930
f 950/953/930 1753/951/928 948/950/927
f 950/953/930 951/954/931 1754/955/932
f 951/954/931 950/953/930 949/952/929
f 1755/956/933 1754/955/932 951/954/931
f 951/954/931 952/957/934 1755/956/933
f 1756/958/935 1755/956/933 952/957/934
f 952/957/934 953/959/936 1756/958/935
f 1757/960/937 1756/958/935 953/959/936
f 953/959/936 954/961/938 1757/960/937
f 1758/962/939 1757/960/937 954/961/938
f 954/961/938 955/963/940 1758/962/939
f 955/963/940 956/964/941 957/965/942
f 957/965/942 1758/962/939 955/963/940
f 958/966/943 957/965/942 956/964/941
f 956/964/941 959/967/944 958/966/943
f 960/968/945 958/966/943 959/967/944
f 960/968/945 961/969/946 962/970/947
f 961/969/946 960/968/945 959/967/944
f 963/971/948 962/970/947 961/969/946
f 963/971/948 965/972/949 964/973/950
f 964/973/950 965/972/949 1763/974/951
f 967/975/952 1763/974/951 965/972/949
f 965/972/949 966/976/953 967/975/952
f 966/976/953 968/977/954 969/978/955
f 966/976/953 969/978/955 967/975/952
f 969/978/955 970/979/956 971/980/957
f 970/979/956 969/978/955 968/977/954
f 1766/981/958 971/980/957 970/979/956
f 970/979/956 972/982/959 1766/981/958
f 973/983/960 1766/981/958 972/982/959
f 973/983/960 974/984/961 1767/985/962
f 1768/986/963 1767/985/962 974/984/961
f 974/984/961 975/987/964 1768/986/963
f 975/987/964 976/988/965 977/989/966
f 977/989/966 1768/986/963 975/987/964
f 978/990/967 977/989/966 976/988/965
f 976/988/965 979/991/968 978/990/967
f 980/992/969 978/990/967 979/991/968
f 979/991/968 981/993/970 980/992/969
f 983/994/971 980/992/969 981/993/970
f 981/993/970 982/995/972 983/994/971
f 983/994/971 984/996/973 1774/997/974
f 984/996/973 983/994/971 982/995/972
f 1775/998/975 1774/997/974 984/996/973
f 984/996/973 985/999/976 1775/998/975
f 1776/1000/977 1775/998/975 985/999/976
f 985/999/976 986/1001/978 1776/1000/977
f 986/1001/978 987/1002/979 988/1003/980
f 988/1003/980 1776/1000/977 986/1001/978
f 989/1004/981 988/1003/980 987/1002/979
f 987/1002/979 990/1005/982 989/1004/981
f 991/1006/983 989/1004/981 990/1005/982
f 991/1006/983 992/1007/984 1779/1008/985
f 992/1007/984 993/1009/986 994/1010/987
f 994/1010/987 1779/1008/985 992/1007/984
f 994/1010/987 993/1009/986 1780/1011/988
f 1781/1012/989 1780/1011/988 993/1009/986
f 993/1009/986 995/1013/990 1781/1012/989
f 1782/1014/991 1781/1012/989 995/1013/990
f 995/1013/990 996/1015/992 1782/1014/991
f 997/1016/993 1782/1014/991 996/1015/992
f 997/1016/993 998/1017/994 999/1018/995
f 998/1017/994 1000/1019/996 1001/1020/997
f 1001/1020/997 999/1018/995 998/1017/994
f 1001/1020/997 1000/1019/996 1002/1021/998
f 1004/1022/999 1002/1021/998 1000/1019/996
f 1000/1019/996 1003/1023/1000 1004/1022/999
f 1003/1023/1000 1005/1024/1001 1004/1022/999
f 1006/1025/1002 1004/1022/999 1005/1024/1001
f 1008/1026/1003 1006/1025/1002 1005/1024/1001
f 1005/1024/1001 1007/1027/1004 1008/1026/1003
f 1789/1028/1005 1008/1026/1003 1007/1027/1004
f 1007/1027/1004 1009/1029/1006 1789/1028/1005
f 1790/1030/1007 1789/1028/1005 1009/1029/1006
f 1009/1029/1006 1010/1031/1008 1790/1030/1007
f 1012/1032/1009 1790/1030/1007 1010/1031/1008
f 1010/1031/1008 1011/1033/1010 1012/1032/1009
f 1792/1034/1011 1012/1032/1009 1011/1033/1010
f 1011/1033/1010 1013/1035/1012 1792/1034/1011
f 1014/1036/1013 1792/1034/1011 1013/1035/1012
f 1013/1035/1012 1015/1037/1014 1014/1036/1013
f 1014/1036/1013 1016/1038/1015 1017/1039/1016
f 1016/1038/1015 1014/1036/1013 1015/1037/1014
f 1019/1040/1017 1017/1039/1016 1016/1038/1015
f 1016/1038/1015 1018/1041/1018 1019/1040/1017
f 1021/1042/1019 1019/1040/1017 1018/1041/1018
f 1018/1041/1018 1020/1043/1020 1021/1042/1019
f 1022/1044/1021 1021/1042/1019 1020/1043/1020
f 1023/1045/1022 1022/1044/1021 1020/1043/1020
f 1025/1046/1023 1022/1044/1021 1023/1045/1022
f 1023/1045/1022 1024/1047/1024 1025/1046/1023
f 1024/1047/1024 1026/1048/1025 1027/1049/1026
f 1027/1049/1026 1025/1046/1023 1024/1047/1024
f 1027/1049/1026 1028/1050/1027 1029/1051/1028
f 1028/1050/1027 1027/1049/1026 1026/1048/1025
f 1028/1050/1027 1030/1052/1029 1029/1051/1028
f 1030/1052/1029 1031/1053/1030 1032/1054/1031
f 1034/1055/1032 1031/1053/1030 1154/1056/1033
f 1154/1056/1033 1033/1057/1034 1034/1055/1032
f 1034/1055/1032 1032/1054/1031 1031/1053/1030
f 1034/1055/1032 1033/1057/1034 1035/1058/1035
f 1037/1059/1036 1035/1058/1035 1033/1057/1034
f 1033/1057/1034 1036/1060/1037 1037/1059/1036
f 1039/1061/1038 1037/1059/1036 1036/1060/1037
f 1036/1060/1037 1038/1062/1039 1039/1061/1038
f 1804/1063/1040 1039/1061/1038 1038/1062/1039
f 1040/1064/1041 1804/1063/1040 1038/1062/1039
f 1040/1064/1041 1041/1065/1042 1042/1066/1043
f 1044/1067/1044 1042/1066/1043 1041/1065/1042
f 1041/1065/1042 1043/1068/1045 1044/1067/1044
f 1045/1069/1046 1044/1067/1044 1043/1068/1045
f 1043/1068/1045 1046/1070/1047 1045/1069/1046
f 1043/1068/1045 1047/1071/1048 1046/1070/1047
f 1048/1072/1049 1046/1070/1047 1047/1071/1048
f 1049/1073/1050 1048/1072/1049 1047/1071/1048
f 1049/1073/1050 1051/1074/1051 1050/1075/1052
f 1050/1075/1052 1051/1074/1051 1052/1076/1053
f 1053/1077/1054 1052/1076/1053 1051/1074/1051
f 1051/1074/1051 1165/1078/1055 1053/1077/1054
f 1054/1079/1056 1053/1077/1054 1165/1078/1055
f 1053/1077/1054 1054/1079/1056 1814/1080/1057
f 1056/1081/1058 1814/1080/1057 1054/1079/1056
f 1054/1079/1056 1055/1082/1059 1056/1081/1058
f 1815/1083/1060 1056/1081/1058 1055/1082/1059
f 1055/1082/1059 1057/1084/1061 1815/1083/1060
f 1059/1085/1062 1815/1083/1060 1057/1084/1061
f 1057/1084/1061 1058/1086/1063 1059/1085/1062
f 1061/1087/1064 1059/1085/1062 1058/1086/1063
f 1058/1086/1063 1060/1088/1065 1061/1087/1064
f 1062/1089/1066 1061/1087/1064 1060/1088/1065
f 1060/1088/1065 1063/1090/1067 1062/1089/1066
f 1818/1091/1068 1062/1089/1066 1063/1090/1067
f 1063/1090/1067 1064/1092/1069 1818/1091/1068
f 1066/1093/1070 1818/1091/1068 1064/1092/1069
f 1064/1092/1069 1065/1094/1071 1066/1093/1070
f 1068/1095/1072 1066/1093/1070 1065/1094/1071
f 1065/1094/1071 1067/1096/1073 1068/1095/1072
f 1069/1097/1074 1068/1095/1072 1067/1096/1073
f 1067/1096/1073 1172/1098/1075 1069/1097/1074
f 1071/1099/1076 1069/1097/1074 1172/1098/1075
f 1172/1098/1075 1070/1100/1077 1071/1099/1076
f 1071/1099/1076 1070/1100/1077 1072/1101/1078
f 1074/1102/1079 1072/1101/1078 1070/1100/1077
f 1070/1100/1077 1073/1103/1080 1074/1102/1079
f 1076/1104/1081 1074/1102/1079 1073/1103/1080
f 1073/1103/1080 1075/1105/1082 1076/1104/1081
f 1077/1106/1083 1076/1104/1081 1075/1105/1082
f 1077/1106/1083 1078/1107/1084 1079/1108/1085
f 1080/1109/1086 1079/1108/1085 1078/1107/1084
f 1078/1107/1084 1081/1110/1087 1080/1109/1086
f 1080/1109/1086 1081/1110/1087 1083/1111/1088
f 1081/1110/1087 1082/1112/1089 1083/1111/1088
f 1085/1113/1090 1083/1111/1088 1082/1112/1089
f 1082/1112/1089 1084/1114/1091 1085/1113/1090
f 1087/1115/1092 1085/1113/1090 1084/1114/1091
f 1084/1114/1091 1086/1116/1093 1087/1115/1092
f 1086/1116/1093 1088/1117/1094 1087/1115/1092
f 1830/1118/1095 1087/1115/1092 1088/1117/1094
f 1089/1119/1096 1830/1118/1095 1088/1117/1094
f 1090/1120/1097 1089/1119/1096 1184/1121/1098
f 1089/1119/1096 1090/1120/1097 1832/1122/1099
f 1091/1123/1100 1832/1122/1099 1090/1120/1097
f 1090/1120/1097 1092/1124/1101 1091/1123/1100
f 1093/1125/1102 1091/1123/1100 1092/1124/1101
f 1092/1124/1101 1094/1126/1103 1095/1127/1104
f 1095/1127/1104 1093/1125/1102 1092/1124/1101
f 1095/1127/1104 1094/1126/1103 1096/1128/1105
f 1094/1126/1103 1097/1129/1106 1098/1130/1107
f 1098/1130/1107 1096/1128/1105 1094/1126/1103
f 1099/1131/1108 1098/1130/1107 1097/1129/1106
f 1098/1130/1107 1099/1131/1108 1100/1132/1109
f 1102/1133/1110 1100/1132/1109 1099/1131/1108
f 1099/1131/1108 1101/1134/1111 1102/1133/1110
f 1103/1135/1112 1102/1133/1110 1101/1134/1111
f 1101/1134/1111 1104/1136/1113 1105/1137/1114
f 1101/1134/1111 1105/1137/1114 1103/1135/1112
f 1105/1137/1114 1104/1136/1113 1106/1138/1115
f 1108/1139/1116 1106/1138/1115 1104/1136/1113
f 1104/1136/1113 1107/1140/1117 1108/1139/1116
f 1109/1141/1118 1108/1139/1116 1107/1140/1117
f 1111/1142/1119 1109/1141/1118 1107/1140/1117
f 1107/1140/1117 1110/1143/1120 1111/1142/1119
f 1113/1144/1121 1111/1142/1119 1110/1143/1120
f 1110/1143/1120 1112/1145/1122 1113/1144/1121
f 1115/1146/1123 1113/1144/1121 1112/1145/1122
f 1112/1145/1122 1114/1147/1124 1115/1146/1123
f 1116/1148/1125 1114/1147/1124 1199/1149/1126
f 1117/1150/1127 1118/1151/1128 937/937/914
f 940/941/918 938/938/915 937/937/914
f 940/941/918 937/937/914 1118/1151/1128
f 943/945/922 1119/1152/1129 944/946/923
f 944/946/923 1120/1153/1130 945/947/924
f 1120/1153/1130 944/946/923 1119/1152/1129
f 946/948/925 945/947/924 1120/1153/1130
f 948/950/927 1121/1154/1131 949/952/929
f 951/954/931 949/952/929 1121/1154/1131
f 954/961/938 956/964/941 955/963/940
f 959/967/944 956/964/941 1122/1155/1132
f 1122/1155/1132 1123/1156/1133 959/967/944
f 1123/1156/1133 1124/1157/1134 959/967/944
f 961/969/946 959/967/944 1124/1157/1134
f 1124/1157/1134 1125/1158/1135 961/969/946
f 963/971/948 961/969/946 1125/1158/1135
f 1125/1158/1135 1126/1159/1136 963/971/948
f 965/972/949 963/971/948 1126/1159/1136
f 1126/1159/1136 1127/1160/1137 965/972/949
f 1128/1161/1138 965/972/949 1127/1160/1137
f 966/976/953 965/972/949 1128/1161/1138
f 1128/1161/1138 1129/1162/1139 966/976/953
f 968/977/954 966/976/953 1129/1162/1139
f 970/979/956 968/977/954 1130/1163/1140
f 972/982/959 1131/1164/1141 973/983/960
f 974/984/961 973/983/960 1131/1164/1141
f 975/987/964 1132/1165/1142 976/988/965
f 979/991/968 976/988/965 1132/1165/1142
f 979/991/968 1133/1166/1143 981/993/970
f 982/995/972 981/993/970 1133/1166/1143
f 1133/1166/1143 1134/1167/1144 982/995/972
f 984/996/973 982/995/972 1134/1167/1144
f 990/1005/982 1135/1168/1145 991/1006/983
f 992/1007/984 991/1006/983 1135/1168/1145
f 992/1007/984 1136/1169/1146 993/1009/986
f 1137/1170/1147 993/1009/986 1136/1169/1146
f 995/1013/990 993/1009/986 1137/1170/1147
f 996/1015/992 1138/1171/1148 997/1016/993
f 998/1017/994 997/1016/993 1138/1171/1148
f 1138/1171/1148 1139/1172/1149 998/1017/994
f 1140/1173/1150 998/1017/994 1139/1172/1149
f 998/1017/994 1140/1173/1150 1000/1019/996
f 1140/1173/1150 1141/1174/1151 1000/1019/996
f 1003/1023/1000 1000/1019/996 1141/1174/1151
f 1005/1024/1001 1003/1023/1000 1141/1174/1151
f 1141/1174/1151 1143/1175/1152 1005/1024/1001
f 1141/1174/1151 1142/1176/1153 1143/1175/1152
f 1007/1027/1004 1005/1024/1001 1143/1175/1152
f 1009/1029/1006 1011/1033/1010 1010/1031/1008
f 1013/1035/1012 1011/1033/1010 1144/1177/1154
f 1144/1177/1154 1145/1178/1155 1013/1035/1012
f 1015/1037/1014 1013/1035/1012 1145/1178/1155
f 1145/1178/1155 1146/1179/1156 1015/1037/1014
f 1147/1180/1157 1015/1037/1014 1146/1179/1156
f 1015/1037/1014 1147/1180/1157 1016/1038/1015
f 1018/1041/1018 1016/1038/1015 1147/1180/1157
f 1147/1180/1157 1148/1181/1158 1018/1041/1018
f 1149/1182/1159 1018/1041/1018 1148/1181/1158
f 1018/1041/1018 1149/1182/1159 1020/1043/1020
f 1149/1182/1159 1023/1045/1022 1020/1043/1020
f 1149/1182/1159 1150/1183/1160 1023/1045/1022
f 1151/1184/1161 1023/1045/1022 1150/1183/1160
f 1024/1047/1024 1023/1045/1022 1151/1184/1161
f 1026/1048/1025 1152/1185/1162 1028/1050/1027
f 1030/1052/1029 1028/1050/1027 1152/1185/1162
f 1152/1185/1162 1153/1186/1163 1030/1052/1029
f 1031/1053/1030 1030/1052/1029 1153/1186/1163
f 1153/1186/1163 1154/1056/1033 1031/1053/1030
f 1154/1056/1033 1155/1187/1164 1033/1057/1034
f 1036/1060/1037 1033/1057/1034 1155/1187/1164
f 1155/1187/1164 1156/1188/1165 1036/1060/1037
f 1157/1189/1166 1036/1060/1037 1156/1188/1165
f 1038/1062/1039 1036/1060/1037 1157/1189/1166
f 1157/1189/1166 1158/1190/1167 1038/1062/1039
f 1040/1064/1041 1038/1062/1039 1158/1190/1167
f 1158/1190/1167 1159/1191/1168 1040/1064/1041
f 1160/1192/1169 1040/1064/1041 1159/1191/1168
f 1040/1064/1041 1160/1192/1169 1041/1065/1042
f 1043/1068/1045 1041/1065/1042 1160/1192/1169
f 1047/1071/1048 1043/1068/1045 1160/1192/1169
f 1047/1071/1048 1160/1192/1169 1161/1193/1170
f 1163/1194/1171 1047/1071/1048 1162/1195/1172
f 1047/1071/1048 1163/1194/1171 1049/1073/1050
f 1051/1074/1051 1049/1073/1050 1163/1194/1171
f 1165/1078/1055 1163/1194/1171 1164/1196/1173
f 1163/1194/1171 1165/1078/1055 1051/1074/1051
f 1054/1079/1056 1165/1078/1055 1166/1197/1174
f 1057/1084/1061 1167/1198/1175 1058/1086/1063
f 1167/1198/1175 1168/1199/1176 1060/1088/1065
f 1060/1088/1065 1058/1086/1063 1167/1198/1175
f 1063/1090/1067 1060/1088/1065 1168/1199/1176
f 1168/1199/1176 1169/1200/1177 1063/1090/1067
f 1170/1201/1178 1063/1090/1067 1169/1200/1177
f 1064/1092/1069 1063/1090/1067 1170/1201/1178
f 1064/1092/1069 1171/1202/1179 1065/1094/1071
f 1067/1096/1073 1065/1094/1071 1171/1202/1179
f 1171/1202/1179 1172/1098/1075 1067/1096/1073
f 1070/1100/1077 1172/1098/1075 1173/1203/1180
f 1173/1203/1180 1174/1204/1181 1070/1100/1077
f 1175/1205/1182 1070/1100/1077 1174/1204/1181
f 1073/1103/1080 1070/1100/1077 1175/1205/1182
f 1175/1205/1182 1176/1206/1183 1073/1103/1080
f 1075/1105/1082 1073/1103/1080 1176/1206/1183
f 1075/1105/1082 1177/1207/1184 1077/1106/1083
f 1078/1107/1084 1077/1106/1083 1177/1207/1184
f 1078/1107/1084 1178/1208/1185 1081/1110/1087
f 1180/1209/1186 1081/1110/1087 1178/1208/1185
f 1178/1208/1185 1179/1210/1187 1180/1209/1186
f 1081/1110/1087 1180/1209/1186 1082/1112/1089
f 1180/1209/1186 1181/1211/1188 1084/1114/1091
f 1084/1114/1091 1082/1112/1089 1180/1209/1186
f 1084/1114/1091 1182/1212/1189 1086/1116/1093
f 1182/1212/1189 1084/1114/1091 1181/1211/1188
f 1088/1117/1094 1086/1116/1093 1182/1212/1189
f 1182/1212/1189 1183/1213/1190 1088/1117/1094
f 1089/1119/1096 1088/1117/1094 1183/1213/1190
f 1183/1213/1190 1184/1121/1098 1089/1119/1096
f 1184/1121/1098 1185/1214/1191 1090/1120/1097
f 1186/1215/1192 1090/1120/1097 1185/1214/1191
f 1092/1124/1101 1090/1120/1097 1186/1215/1192
f 1094/1126/1103 1186/1215/1192 1187/1216/1193
f 1187/1216/1193 1188/1217/1194 1094/1126/1103
f 1094/1126/1103 1092/1124/1101 1186/1215/1192
f 1188/1217/1194 1189/1218/1195 1094/1126/1103
f 1097/1129/1106 1094/1126/1103 1189/1218/1195
f 1189/1218/1195 1190/1219/1196 1097/1129/1106
f 1097/1129/1106 1191/1220/1197 1099/1131/1108
f 1191/1220/1197 1097/1129/1106 1190/1219/1196
f 1191/1220/1197 1192/1221/1198 1101/1134/1111
f 1101/1134/1111 1099/1131/1108 1191/1220/1197
f 1193/1222/1199 1101/1134/1111 1192/1221/1198
f 1104/1136/1113 1101/1134/1111 1193/1222/1199
f 1193/1222/1199 1194/1223/1200 1104/1136/1113
f 1107/1140/1117 1194/1223/1200 1195/1224/1201
f 1107/1140/1117 1104/1136/1113 1194/1223/1200
f 1196/1225/1202 1107/1140/1117 1195/1224/1201
f 1196/1225/1202 1197/1226/1203 1110/1143/1120
f 1110/1143/1120 1107/1140/1117 1196/1225/1202
f 1112/1145/1122 1110/1143/1120 1197/1226/1203
f 1197/1226/1203 1198/1227/1204 1112/1145/1122
f 1199/1149/1126 1112/1145/1122 1198/1227/1204
f 1112/1145/1122 1199/1149/1126 1114/1147/1124
f 1201/1228/1205 1199/1149/1126 1200/1229/1206
f 1199/1149/1126 1201/1228/1205 1116/1148/1125
f 1202/1230/1207 1203/1231/1208 1204/1232/1209
f 940/941/918 1118/1151/1128 1205/1233/1210
f 1205/1233/1210 1206/1234/1211 940/941/918
f 1207/1235/1212 1204/1232/1209 1203/1231/1208
f 941/943/920 940/941/918 1206/1234/1211
f 1206/1234/1211 1209/1236/1213 941/943/920
f 943/945/922 941/943/920 1209/1236/1213
f 1209/1236/1213 1210/1237/1214 943/945/922
f 1211/1238/1215 1212/1239/1216 1213/1240/1217
f 1119/1152/1129 943/945/922 1210/1237/1214
f 1119/1152/1129 1214/1241/1218 1120/1153/1130
f 1216/1242/1219 1213/1240/1217 1212/1239/1216
f 1212/1239/1216 1215/1243/1220 1216/1242/1219
f 1217/1244/1221 1216/1242/1219 1215/1243/1220
f 946/948/925 1120/1153/1130 1214/1241/1218
f 1214/1241/1218 1218/1245/1222 946/948/925
f 948/950/927 946/948/925 1218/1245/1222
f 1218/1245/1222 1219/1246/1223 948/950/927
f 1220/1247/1224 1490/1248/1225 1221/1249/1226
f 1121/1154/1131 948/950/927 1219/1246/1223
f 1121/1154/1131 1222/1250/1227 951/954/931
f 1224/1251/1228 1221/1249/1226 1490/1248/1225
f 1490/1248/1225 1223/1252/1229 1224/1251/1228
f 1225/1253/1230 1224/1251/1228 1223/1252/1229
f 1223/1252/1229 1491/1254/1231 1225/1253/1230
f 952/957/934 951/954/931 1222/1250/1227
f 1222/1250/1227 1226/1255/1232 952/957/934
f 953/959/936 952/957/934 1226/1255/1232
f 1226/1255/1232 1227/1256/1233 953/959/936
f 1228/1257/1234 1225/1253/1230 1491/1254/1231
f 954/961/938 953/959/936 1227/1256/1233
f 1227/1256/1233 1230/1258/1235 954/961/938
f 956/964/941 954/961/938 1230/1258/1235
f 1230/1258/1235 1231/1259/1236 956/964/941
f 1232/1260/1237 1233/1261/1238 1234/1262/1239
f 1122/1155/1132 956/964/941 1231/1259/1236
f 1236/1263/1240 1234/1262/1239 1233/1261/1238
f 1233/1261/1238 1235/1264/1241 1236/1263/1240
f 1238/1265/1242 1236/1263/1240 1235/1264/1241
f 1235/1264/1241 1237/1266/1243 1238/1265/1242
f 1240/1267/1244 1238/1265/1242 1237/1266/1243
f 1237/1266/1243 1239/1268/1245 1240/1267/1244
f 1242/1269/1246 1240/1267/1244 1239/1268/1245
f 1239/1268/1245 1241/1270/1247 1242/1269/1246
f 1244/1271/1248 1242/1269/1246 1241/1270/1247
f 1241/1270/1247 1243/1272/1249 1244/1271/1248
f 1246/1273/1250 1244/1271/1248 1243/1272/1249
f 1243/1272/1249 1245/1274/1251 1246/1273/1250
f 1127/1160/1137 1247/1275/1252 1128/1161/1138
f 1129/1162/1139 1128/1161/1138 1247/1275/1252
f 1247/1275/1252 1248/1276/1253 1129/1162/1139
f 1249/1277/1254 1246/1273/1250 1245/1274/1251
f 968/977/954 1129/1162/1139 1248/1276/1253
f 1248/1276/1253 1251/1278/1255 968/977/954
f 1130/1163/1140 968/977/954 1251/1278/1255
f 1250/1279/1256 1252/1280/1257 1253/1281/1258
f 970/979/956 1130/1163/1140 1254/1282/1259
f 1254/1282/1259 1255/1283/1260 970/979/956
f 1257/1284/1261 1253/1281/1258 1252/1280/1257
f 1252/1280/1257 1256/1285/1262 1257/1284/1261
f 1258/1286/1263 1257/1284/1261 1256/1285/1262
f 1256/1285/1262 1504/1287/1264 1258/1286/1263
f 972/982/959 970/979/956 1255/1283/1260
f 1255/1283/1260 1259/1288/1265 972/982/959
f 1131/1164/1141 972/982/959 1259/1288/1265
f 1259/1288/1265 1260/1289/1266 1131/1164/1141
f 1261/1290/1267 1258/1286/1263 1504/1287/1264
f 974/984/961 1131/1164/1141 1260/1289/1266
f 1260/1289/1266 1263/1291/1268 974/984/961
f 975/987/964 974/984/961 1263/1291/1268
f 1263/1291/1268 1264/1292/1269 975/987/964
f 1265/1293/1270 1508/1294/1271 1266/1295/1272
f 1132/1165/1142 975/987/964 1264/1292/1269
f 1132/1165/1142 1267/1296/1273 979/991/968
f 1269/1297/1274 1266/1295/1272 1508/1294/1271
f 1508/1294/1271 1268/1298/1275 1269/1297/1274
f 1270/1299/1276 1269/1297/1274 1268/1298/1275
f 1267/1296/1273 1271/1300/1277 979/991/968
f 1133/1166/1143 979/991/968 1271/1300/1277
f 1273/1301/1278 1270/1299/1276 1268/1298/1275
f 1268/1298/1275 1272/1302/1279 1273/1301/1278
f 1274/1303/1280 1273/1301/1278 1272/1302/1279
f 1134/1167/1144 1275/1304/1281 984/996/973
f 1274/1303/1280 1276/1305/1282 1277/1306/1283
f 1278/1307/1284 1277/1306/1283 1276/1305/1282
f 985/999/976 984/996/973 1275/1304/1281
f 1275/1304/1281 1279/1308/1285 985/999/976
f 986/1001/978 985/999/976 1279/1308/1285
f 1279/1308/1285 1280/1309/1286 986/1001/978
f 987/1002/979 986/1001/978 1280/1309/1286
f 1280/1309/1286 1283/1310/1287 987/1002/979
f 990/1005/982 987/1002/979 1283/1310/1287
f 1283/1310/1287 1284/1311/1288 990/1005/982
f 1135/1168/1145 990/1005/982 1284/1311/1288
f 1135/1168/1145 1287/1312/1289 992/1007/984
f 1288/1313/1290 1516/1314/1291 1289/1315/1292
f 1136/1169/1146 992/1007/984 1287/1312/1289
f 1136/1169/1146 1290/1316/1293 1137/1170/1147
f 1292/1317/1294 1289/1315/1292 1516/1314/1291
f 1516/1314/1291 1291/1318/1295 1292/1317/1294
f 1293/1319/1296 1292/1317/1294 1291/1318/1295
f 995/1013/990 1137/1170/1147 1290/1316/1293
f 1290/1316/1293 1294/1320/1297 995/1013/990
f 996/1015/992 995/1013/990 1294/1320/1297
f 1294/1320/1297 1295/1321/1298 996/1015/992
f 1296/1322/1299 1520/1323/1300 1297/1324/1301
f 1138/1171/1148 996/1015/992 1295/1321/1298
f 1299/1325/1302 1297/1324/1301 1520/1323/1300
f 1520/1323/1300 1298/1326/1303 1299/1325/1302
f 1301/1327/1304 1299/1325/1302 1298/1326/1303
f 1298/1326/1303 1300/1328/1305 1301/1327/1304
f 1139/1172/1149 1302/1329/1306 1140/1173/1150
f 1304/1330/1307 1301/1327/1304 1300/1328/1305
f 1300/1328/1305 1303/1331/1308 1304/1330/1307
f 1141/1174/1151 1140/1173/1150 1302/1329/1306
f 1302/1329/1306 1305/1332/1309 1141/1174/1151
f 1305/1332/1309 1306/1333/1310 1141/1174/1151
f 1308/1334/1311 1304/1330/1307 1303/1331/1308
f 1303/1331/1308 1307/1335/1312 1308/1334/1311
f 1306/1333/1310 1309/1336/1313 1141/1174/1151
f 1142/1176/1153 1141/1174/1151 1309/1336/1313
f 1311/1337/1314 1308/1334/1311 1307/1335/1312
f 1307/1335/1312 1310/1338/1315 1311/1337/1314
f 1312/1339/1316 1311/1337/1314 1310/1338/1315
f 1142/1176/1153 1313/1340/1317 1143/1175/1152
f 1007/1027/1004 1143/1175/1152 1313/1340/1317
f 1313/1340/1317 1314/1341/1318 1007/1027/1004
f 1316/1342/1319 1312/1339/1316 1310/1338/1315
f 1310/1338/1315 1315/1343/1320 1316/1342/1319
f 1317/1344/1321 1316/1342/1319 1315/1343/1320
f 1009/1029/1006 1007/1027/1004 1314/1341/1318
f 1314/1341/1318 1318/1345/1322 1009/1029/1006
f 1011/1033/1010 1009/1029/1006 1318/1345/1322
f 1318/1345/1322 1319/1346/1323 1011/1033/1010
f 1144/1177/1154 1011/1033/1010 1319/1346/1323
f 1319/1346/1323 1322/1347/1324 1144/1177/1154
f 1322/1347/1324 1323/1348/1325 1144/1177/1154
f 1321/1349/1326 1324/1350/1327 1325/1351/1328
f 1145/1178/1155 1144/1177/1154 1323/1348/1325
f 1327/1352/1329 1325/1351/1328 1324/1350/1327
f 1324/1350/1327 1326/1353/1330 1327/1352/1329
f 1146/1179/1156 1145/1178/1155 1323/1348/1325
f 1329/1354/1331 1327/1352/1329 1326/1353/1330
f 1326/1353/1330 1330/1355/1332 1329/1354/1331
f 1147/1180/1157 1146/1179/1156 1328/1356/1333
f 1148/1181/1158 1147/1180/1157 1328/1356/1333
f 1332/1357/1334 1329/1354/1331 1330/1355/1332
f 1330/1355/1332 1331/1358/1335 1332/1357/1334
f 1333/1359/1336 1332/1357/1334 1331/1358/1335
f 1148/1181/1158 1334/1360/1337 1149/1182/1159
f 1150/1183/1160 1149/1182/1159 1334/1360/1337
f 1333/1359/1336 1335/1361/1338 1336/1362/1339
f 1338/1363/1340 1336/1362/1339 1335/1361/1338
f 1335/1361/1338 1337/1364/1341 1338/1363/1340
f 1150/1183/1160 1339/1365/1342 1151/1184/1161
f 1024/1047/1024 1151/1184/1161 1339/1365/1342
f 1339/1365/1342 1340/1366/1343 1024/1047/1024
f 1342/1367/1344 1338/1363/1340 1337/1364/1341
f 1337/1364/1341 1341/1368/1345 1342/1367/1344
f 1343/1369/1346 1342/1367/1344 1341/1368/1345
f 1026/1048/1025 1024/1047/1024 1340/1366/1343
f 1340/1366/1343 1344/1370/1347 1026/1048/1025
f 1152/1185/1162 1026/1048/1025 1344/1370/1347
f 1344/1370/1347 1345/1371/1348 1152/1185/1162
f 1153/1186/1163 1152/1185/1162 1345/1371/1348
f 1345/1371/1348 1347/1372/1349 1153/1186/1163
f 1346/1373/1350 1348/1374/1351 1349/1375/1352
f 1350/1376/1353 1349/1375/1352 1348/1374/1351
f 1154/1056/1033 1153/1186/1163 1347/1372/1349
f 1347/1372/1349 1351/1377/1354 1154/1056/1033
f 1351/1377/1354 1352/1378/1355 1154/1056/1033
f 1353/1379/1356 1354/1380/1357 1355/1381/1358
f 1155/1187/1164 1154/1056/1033 1352/1378/1355
f 1356/1382/1359 1355/1381/1358 1354/1380/1357
f 1356/1382/1359 1357/1383/1360 1358/1384/1361
f 1156/1188/1165 1359/1385/1362 1157/1189/1166
f 1158/1190/1167 1157/1189/1166 1359/1385/1362
f 1359/1385/1362 1360/1386/1363 1158/1190/1167
f 1362/1387/1364 1358/1384/1361 1357/1383/1360
f 1357/1383/1360 1361/1388/1365 1362/1387/1364
f 1363/1389/1366 1362/1387/1364 1361/1388/1365
f 1361/1388/1365 1540/1390/1367 1363/1389/1366
f 1360/1386/1363 1364/1391/1368 1158/1190/1167
f 1159/1191/1168 1158/1190/1167 1364/1391/1368
f 1366/1392/1369 1363/1389/1366 1540/1390/1367
f 1540/1390/1367 1365/1393/1370 1366/1392/1369
f 1367/1394/1371 1366/1392/1369 1365/1393/1370
f 1159/1191/1168 1368/1395/1372 1160/1192/1169
f 1368/1395/1372 1369/1396/1373 1160/1192/1169
f 1367/1394/1371 1370/1397/1374 1371/1398/1375
f 1372/1399/1376 1371/1398/1375 1370/1397/1374
f 1161/1193/1170 1160/1192/1169 1369/1396/1373
f 1372/1399/1376 1374/1400/1377 1375/1401/1378
f 1047/1071/1048 1161/1193/1170 1373/1402/1379
f 1162/1195/1172 1047/1071/1048 1373/1402/1379
f 1377/1403/1380 1375/1401/1378 1374/1400/1377
f 1374/1400/1377 1376/1404/1381 1377/1403/1380
f 1379/1405/1382 1377/1403/1380 1376/1404/1381
f 1376/1404/1381 1378/1406/1383 1379/1405/1382
f 1162/1195/1172 1380/1407/1384 1163/1194/1171
f 1164/1196/1173 1163/1194/1171 1380/1407/1384
f 1382/1408/1385 1379/1405/1382 1378/1406/1383
f 1378/1406/1383 1381/1409/1386 1382/1408/1385
f 1383/1410/1387 1382/1408/1385 1381/1409/1386
f 1164/1196/1173 1384/1411/1388 1165/1078/1055
f 1166/1197/1174 1165/1078/1055 1384/1411/1388
f 1383/1410/1387 1385/1412/1389 1386/1413/1390
f 1388/1414/1391 1386/1413/1390 1385/1412/1389
f 1385/1412/1389 1387/1415/1392 1388/1414/1391
f 1166/1197/1174 1389/1416/1393 1054/1079/1056
f 1055/1082/1059 1054/1079/1056 1389/1416/1393
f 1389/1416/1393 1390/1417/1394 1055/1082/1059
f 1392/1418/1395 1388/1414/1391 1387/1415/1392
f 1387/1415/1392 1391/1419/1396 1392/1418/1395
f 1393/1420/1397 1392/1418/1395 1391/1419/1396
f 1057/1084/1061 1055/1082/1059 1390/1417/1394
f 1390/1417/1394 1394/1421/1398 1057/1084/1061
f 1167/1198/1175 1057/1084/1061 1394/1421/1398
f 1394/1421/1398 1395/1422/1399 1167/1198/1175
f 1168/1199/1176 1167/1198/1175 1395/1422/1399
f 1397/1423/1400 1398/1424/1401 1399/1425/1402
f 1401/1426/1403 1399/1425/1402 1398/1424/1401
f 1398/1424/1401 1400/1427/1404 1401/1426/1403
f 1169/1200/1177 1402/1428/1405 1170/1201/1178
f 1064/1092/1069 1170/1201/1178 1402/1428/1405
f 1402/1428/1405 1403/1429/1406 1064/1092/1069
f 1405/1430/1407 1401/1426/1403 1400/1427/1404
f 1400/1427/1404 1404/1431/1408 1405/1430/1407
f 1407/1432/1409 1405/1430/1407 1404/1431/1408
f 1404/1431/1408 1406/1433/1410 1407/1432/1409
f 1171/1202/1179 1064/1092/1069 1403/1429/1406
f 1403/1429/1406 1408/1434/1411 1171/1202/1179
f 1408/1434/1411 1409/1435/1412 1171/1202/1179
f 1406/1433/1410 1410/1436/1413 1407/1432/1409
f 1172/1098/1075 1171/1202/1179 1409/1435/1412
f 1409/1435/1412 1411/1437/1414 1172/1098/1075
f 1173/1203/1180 1172/1098/1075 1411/1437/1414
f 1412/1438/1415 1413/1439/1416 1414/1440/1417
f 1174/1204/1181 1415/1441/1418 1175/1205/1182
f 1417/1442/1419 1414/1440/1417 1413/1439/1416
f 1413/1439/1416 1416/1443/1420 1417/1442/1419
f 1176/1206/1183 1175/1205/1182 1415/1441/1418
f 1415/1441/1418 1418/1444/1421 1176/1206/1183
f 1419/1445/1422 1417/1442/1419 1416/1443/1420
f 1416/1443/1420 1559/1446/1423 1419/1445/1422
f 1420/1447/1424 1419/1445/1422 1559/1446/1423
f 1559/1446/1423 1560/1448/1425 1420/1447/1424
f 1075/1105/1082 1176/1206/1183 1418/1444/1421
f 1418/1444/1421 1421/1449/1426 1075/1105/1082
f 1177/1207/1184 1075/1105/1082 1421/1449/1426
f 1423/1450/1427 1420/1447/1424 1560/1448/1425
f 1560/1448/1425 1422/1451/1428 1423/1450/1427
f 1424/1452/1429 1423/1450/1427 1422/1451/1428
f 1177/1207/1184 1425/1453/1430 1078/1107/1084
f 1178/1208/1185 1078/1107/1084 1425/1453/1430
f 1426/1454/1431 1427/1455/1432 1428/1456/1433
f 1179/1210/1187 1429/1457/1434 1180/1209/1186
f 1431/1458/1435 1428/1456/1433 1427/1455/1432
f 1427/1455/1432 1430/1459/1436 1431/1458/1435
f 1433/1460/1437 1431/1458/1435 1430/1459/1436
f 1430/1459/1436 1432/1461/1438 1433/1460/1437
f 1181/1211/1188 1180/1209/1186 1429/1457/1434
f 1181/1211/1188 1434/1462/1439 1182/1212/1189
f 1436/1463/1440 1433/1460/1437 1432/1461/1438
f 1432/1461/1438 1435/1464/1441 1436/1463/1440
f 1183/1213/1190 1182/1212/1189 1434/1462/1439
f 1434/1462/1439 1437/1465/1442 1183/1213/1190
f 1438/1466/1443 1436/1463/1440 1435/1464/1441
f 1435/1464/1441 1567/1467/1444 1438/1466/1443
f 1439/1468/1445 1438/1466/1443 1567/1467/1444
f 1184/1121/1098 1183/1213/1190 1437/1465/1442
f 1437/1465/1442 1440/1469/1446 1184/1121/1098
f 1440/1469/1446 1441/1470/1447 1184/1121/1098
f 1185/1214/1191 1184/1121/1098 1441/1470/1447
f 1185/1214/1191 1444/1471/1448 1186/1215/1192
f 1444/1471/1448 1447/1472/1449 1186/1215/1192
f 1187/1216/1193 1186/1215/1192 1447/1472/1449
f 1448/1473/1450 1449/1474/1451 1450/1475/1452
f 1452/1476/1453 1450/1475/1452 1449/1474/1451
f 1449/1474/1451 1451/1477/1454 1452/1476/1453
f 1454/1478/1455 1452/1476/1453 1451/1477/1454
f 1451/1477/1454 1453/1479/1456 1454/1478/1455
f 1189/1218/1195 1455/1480/1457 1190/1219/1196
f 1455/1480/1457 1456/1481/1458 1190/1219/1196
f 1457/1482/1459 1454/1478/1455 1453/1479/1456
f 1458/1483/1460 1457/1482/1459 1453/1479/1456
f 1456/1481/1458 1459/1484/1461 1190/1219/1196
f 1191/1220/1197 1190/1219/1196 1459/1484/1461
f 1192/1221/1198 1191/1220/1197 1459/1484/1461
f 1192/1221/1198 1461/1485/1462 1193/1222/1199
f 1461/1485/1462 1464/1486/1463 1193/1222/1199
f 1194/1223/1200 1193/1222/1199 1464/1486/1463
f 1464/1486/1463 1465/1487/1464 1194/1223/1200
f 1463/1488/1465 1466/1489/1466 1467/1490/1467
f 1468/1491/1468 1467/1490/1467 1466/1489/1466
f 1465/1487/1464 1469/1492/1469 1194/1223/1200
f 1195/1224/1201 1194/1223/1200 1469/1492/1469
f 1469/1492/1469 1470/1493/1470 1195/1224/1201
f 1195/1224/1201 1473/1494/1471 1196/1225/1202
f 1472/1495/1472 1474/1496/1473 1475/1497/1474
f 1477/1498/1475 1475/1497/1474 1474/1496/1473
f 1474/1496/1473 1476/1499/1476 1477/1498/1475
f 1197/1226/1203 1196/1225/1202 1473/1494/1471
f 1478/1500/1477 1477/1498/1475 1476/1499/1476
f 1198/1227/1204 1480/1501/1478 1199/1149/1126
f 1200/1229/1206 1199/1149/1126 1480/1501/1478
f 1479/1502/1479 1481/1503/1480 1482/1504/1481
f 1483/1505/1482 1482/1504/1481 1481/1503/1480
f 1481/1503/1480 1587/1506/1483 1483/1505/1482
f 1203/1231/1208 1202/1230/1207 1484/1507/1484
f 1484/1507/1484 1485/1508/1485 1203/1231/1208
f 1207/1235/1212 1203/1231/1208 1485/1508/1485
f 1485/1508/1485 1486/1509/1486 1207/1235/1212
f 1487/1510/1487 1207/1235/1212 1486/1509/1486
f 1207/1235/1212 1487/1510/1487 1208/1511/1488
f 1211/1238/1215 1208/1511/1488 1487/1510/1487
f 1487/1510/1487 1488/1512/1489 1211/1238/1215
f 1212/1239/1216 1211/1238/1215 1488/1512/1489
f 1488/1512/1489 1590/1513/1490 1212/1239/1216
f 1215/1243/1220 1212/1239/1216 1590/1513/1490
f 1215/1243/1220 1592/1514/1491 1217/1244/1221
f 1217/1244/1221 1489/1515/1492 1220/1247/1224
f 1489/1515/1492 1217/1244/1221 1592/1514/1491
f 1490/1248/1225 1220/1247/1224 1489/1515/1492
f 1491/1254/1231 1492/1516/1493 1228/1257/1234
f 1229/1517/1494 1228/1257/1234 1492/1516/1493
f 1492/1516/1493 1493/1518/1495 1229/1517/1494
f 1232/1260/1237 1229/1517/1494 1493/1518/1495
f 1493/1518/1495 1494/1519/1496 1232/1260/1237
f 1494/1519/1496 1495/1520/1497 1233/1261/1238
f 1233/1261/1238 1232/1260/1237 1494/1519/1496
f 1235/1264/1241 1233/1261/1238 1495/1520/1497
f 1495/1520/1497 1496/1521/1498 1235/1264/1241
f 1237/1266/1243 1235/1264/1241 1496/1521/1498
f 1496/1521/1498 1497/1522/1499 1237/1266/1243
f 1239/1268/1245 1237/1266/1243 1497/1522/1499
f 1497/1522/1499 1498/1523/1500 1239/1268/1245
f 1241/1270/1247 1239/1268/1245 1498/1523/1500
f 1498/1523/1500 1499/1524/1501 1241/1270/1247
f 1243/1272/1249 1241/1270/1247 1499/1524/1501
f 1499/1524/1501 1500/1525/1502 1243/1272/1249
f 1245/1274/1251 1243/1272/1249 1500/1525/1502
f 1245/1274/1251 1501/1526/1503 1249/1277/1254
f 1501/1526/1503 1245/1274/1251 1500/1525/1502
f 1250/1279/1256 1249/1277/1254 1501/1526/1503
f 1501/1526/1503 1502/1527/1504 1250/1279/1256
f 1252/1280/1257 1250/1279/1256 1502/1527/1504
f 1502/1527/1504 1503/1528/1505 1252/1280/1257
f 1256/1285/1262 1252/1280/1257 1503/1528/1505
f 1504/1287/1264 1505/1529/1506 1261/1290/1267
f 1506/1530/1507 1261/1290/1267 1505/1529/1506
f 1261/1290/1267 1506/1530/1507 1262/1531/1508
f 1265/1293/1270 1262/1531/1508 1506/1530/1507
f 1506/1530/1507 1507/1532/1509 1265/1293/1270
f 1508/1294/1271 1265/1293/1270 1507/1532/1509
f 1508/1294/1271 1509/1533/1510 1268/1298/1275
f 1272/1302/1279 1268/1298/1275 1509/1533/1510
f 1509/1533/1510 1510/1534/1511 1272/1302/1279
f 1511/1535/1512 1272/1302/1279 1510/1534/1511
f 1272/1302/1279 1511/1535/1512 1274/1303/1280
f 1276/1305/1282 1274/1303/1280 1511/1535/1512
f 1276/1305/1282 1512/1536/1513 1278/1307/1284
f 1281/1537/1514 1278/1307/1284 1512/1536/1513
f 1512/1536/1513 1513/1538/1515 1281/1537/1514
f 1282/1539/1516 1281/1537/1514 1513/1538/1515
f 1513/1538/1515 1613/1540/1517 1282/1539/1516
f 1285/1541/1518 1282/1539/1516 1613/1540/1517
f 1613/1540/1517 1514/1542/1519 1285/1541/1518
f 1286/1543/1520 1285/1541/1518 1514/1542/1519
f 1514/1542/1519 1614/1544/1521 1286/1543/1520
f 1286/1543/1520 1515/1545/1522 1288/1313/1290
f 1515/1545/1522 1286/1543/1520 1614/1544/1521
f 1516/1314/1291 1288/1313/1290 1515/1545/1522
f 1516/1314/1291 1517/1546/1523 1291/1318/1295
f 1518/1547/1524 1291/1318/1295 1517/1546/1523
f 1291/1318/1295 1518/1547/1524 1293/1319/1296
f 1296/1322/1299 1293/1319/1296 1518/1547/1524
f 1518/1547/1524 1519/1548/1525 1296/1322/1299
f 1520/1323/1300 1296/1322/1299 1519/1548/1525
f 1520/1323/1300 1521/1549/1526 1298/1326/1303
f 1300/1328/1305 1298/1326/1303 1521/1549/1526
f 1521/1549/1526 1522/1550/1527 1300/1328/1305
f 1303/1331/1308 1300/1328/1305 1522/1550/1527
f 1522/1550/1527 1523/1551/1528 1303/1331/1308
f 1307/1335/1312 1303/1331/1308 1523/1551/1528
f 1310/1338/1315 1307/1335/1312 1523/1551/1528
f 1523/1551/1528 1524/1552/1529 1310/1338/1315
f 1315/1343/1320 1310/1338/1315 1524/1552/1529
f 1315/1343/1320 1525/1553/1530 1317/1344/1321
f 1320/1554/1531 1317/1344/1321 1525/1553/1530
f 1525/1553/1530 1526/1555/1532 1320/1554/1531
f 1321/1349/1326 1320/1554/1531 1526/1555/1532
f 1526/1555/1532 1527/1556/1533 1321/1349/1326
f 1324/1350/1327 1321/1349/1326 1527/1556/1533
f 1527/1556/1533 1528/1557/1534 1324/1350/1327
f 1326/1353/1330 1324/1350/1327 1528/1557/1534
f 1528/1557/1534 1529/1558/1535 1326/1353/1330
f 1330/1355/1332 1326/1353/1330 1529/1558/1535
f 1529/1558/1535 1530/1559/1536 1330/1355/1332
f 1331/1358/1335 1330/1355/1332 1530/1559/1536
f 1530/1559/1536 1531/1560/1537 1331/1358/1335
f 1335/1361/1338 1331/1358/1335 1531/1560/1537
f 1331/1358/1335 1335/1361/1338 1333/1359/1336
f 1337/1364/1341 1335/1361/1338 1532/1561/1538
f 1532/1561/1538 1631/1562/1539 1337/1364/1341
f 1341/1368/1345 1337/1364/1341 1631/1562/1539
f 1341/1368/1345 1633/1563/1540 1343/1369/1346
f 1343/1369/1346 1533/1564/1541 1346/1373/1350
f 1533/1564/1541 1343/1369/1346 1633/1563/1540
f 1533/1564/1541 1534/1565/1542 1348/1374/1351
f 1533/1564/1541 1348/1374/1351 1346/1373/1350
f 1535/1566/1543 1348/1374/1351 1534/1565/1542
f 1348/1374/1351 1535/1566/1543 1350/1376/1353
f 1353/1379/1356 1350/1376/1353 1535/1566/1543
f 1535/1566/1543 1536/1567/1544 1353/1379/1356
f 1536/1567/1544 1537/1568/1545 1354/1380/1357
f 1354/1380/1357 1353/1379/1356 1536/1567/1544
f 1354/1380/1357 1538/1569/1546 1356/1382/1359
f 1538/1569/1546 1354/1380/1357 1537/1568/1545
f 1538/1569/1546 1539/1570/1547 1357/1383/1360
f 1357/1383/1360 1356/1382/1359 1538/1569/1546
f 1361/1388/1365 1357/1383/1360 1539/1570/1547
f 1539/1570/1547 1636/1571/1548 1361/1388/1365
f 1540/1390/1367 1361/1388/1365 1636/1571/1548
f 1540/1390/1367 1541/1572/1549 1365/1393/1370
f 1542/1573/1550 1365/1393/1370 1541/1572/1549
f 1365/1393/1370 1542/1573/1550 1367/1394/1371
f 1370/1397/1374 1367/1394/1371 1542/1573/1550
f 1542/1573/1550 1543/1574/1551 1370/1397/1374
f 1544/1575/1552 1370/1397/1374 1543/1574/1551
f 1370/1397/1374 1544/1575/1552 1372/1399/1376
f 1374/1400/1377 1372/1399/1376 1544/1575/1552
f 1544/1575/1552 1545/1576/1553 1374/1400/1377
f 1376/1404/1381 1374/1400/1377 1545/1576/1553
f 1545/1576/1553 1546/1577/1554 1376/1404/1381
f 1378/1406/1383 1376/1404/1381 1546/1577/1554
f 1546/1577/1554 1547/1578/1555 1378/1406/1383
f 1381/1409/1386 1378/1406/1383 1547/1578/1555
f 1547/1578/1555 1548/1579/1556 1381/1409/1386
f 1549/1580/1557 1381/1409/1386 1548/1579/1556
f 1381/1409/1386 1549/1580/1557 1383/1410/1387
f 1385/1412/1389 1383/1410/1387 1549/1580/1557
f 1549/1580/1557 1550/1581/1558 1385/1412/1389
f 1387/1415/1392 1385/1412/1389 1550/1581/1558
f 1550/1581/1558 1641/1582/1559 1387/1415/1392
f 1391/1419/1396 1387/1415/1392 1641/1582/1559
f 1391/1419/1396 1551/1583/1560 1393/1420/1397
f 1396/1584/1561 1393/1420/1397 1551/1583/1560
f 1551/1583/1560 1552/1585/1562 1396/1584/1561
f 1397/1423/1400 1396/1584/1561 1552/1585/1562
f 1552/1585/1562 1553/1586/1563 1397/1423/1400
f 1398/1424/1401 1397/1423/1400 1553/1586/1563
f 1553/1586/1563 1554/1587/1564 1398/1424/1401
f 1400/1427/1404 1398/1424/1401 1554/1587/1564
f 1554/1587/1564 1555/1588/1565 1400/1427/1404
f 1404/1431/1408 1400/1427/1404 1555/1588/1565
f 1404/1431/1408 1648/1589/1566 1406/1433/1410
f 1406/1433/1410 1556/1590/1567 1410/1436/1413
f 1556/1590/1567 1406/1433/1410 1648/1589/1566
f 1412/1438/1415 1410/1436/1413 1556/1590/1567
f 1556/1590/1567 1557/1591/1568 1412/1438/1415
f 1557/1591/1568 1558/1592/1569 1413/1439/1416
f 1413/1439/1416 1412/1438/1415 1557/1591/1568
f 1416/1443/1420 1413/1439/1416 1558/1592/1569
f 1560/1448/1425 1561/1593/1570 1422/1451/1428
f 1562/1594/1571 1422/1451/1428 1561/1593/1570
f 1422/1451/1428 1562/1594/1571 1424/1452/1429
f 1426/1454/1431 1424/1452/1429 1562/1594/1571
f 1562/1594/1571 1563/1595/1572 1426/1454/1431
f 1563/1595/1572 1564/1596/1573 1427/1455/1432
f 1427/1455/1432 1426/1454/1431 1563/1595/1572
f 1430/1459/1436 1427/1455/1432 1564/1596/1573
f 1564/1596/1573 1657/1597/1574 1430/1459/1436
f 1432/1461/1438 1430/1459/1436 1657/1597/1574
f 1657/1597/1574 1565/1598/1575 1432/1461/1438
f 1435/1464/1441 1432/1461/1438 1565/1598/1575
f 1565/1598/1575 1566/1599/1576 1435/1464/1441
f 1566/1599/1576 1567/1467/1444 1435/1464/1441
f 1567/1467/1444 1568/1600/1577 1439/1468/1445
f 1442/1601/1578 1439/1468/1445 1568/1600/1577
f 1568/1600/1577 1569/1602/1579 1442/1601/1578
f 1443/1603/1580 1442/1601/1578 1569/1602/1579
f 1569/1602/1579 1570/1604/1581 1443/1603/1580
f 1445/1605/1582 1443/1603/1580 1570/1604/1581
f 1570/1604/1581 1571/1606/1583 1445/1605/1582
f 1446/1607/1584 1445/1605/1582 1571/1606/1583
f 1571/1606/1583 1572/1608/1585 1446/1607/1584
f 1448/1473/1450 1446/1607/1584 1572/1608/1585
f 1572/1608/1585 1573/1609/1586 1448/1473/1450
f 1573/1609/1586 1574/1610/1587 1449/1474/1451
f 1449/1474/1451 1448/1473/1450 1573/1609/1586
f 1451/1477/1454 1449/1474/1451 1574/1610/1587
f 1451/1477/1454 1575/1611/1588 1453/1479/1456
f 1576/1612/1589 1453/1479/1456 1575/1611/1588
f 1453/1479/1456 1576/1612/1589 1458/1483/1460
f 1460/1613/1590 1458/1483/1460 1576/1612/1589
f 1576/1612/1589 1577/1614/1591 1460/1613/1590
f 1462/1615/1592 1460/1613/1590 1577/1614/1591
f 1577/1614/1591 1578/1616/1593 1462/1615/1592
f 1463/1488/1465 1462/1615/1592 1578/1616/1593
f 1466/1489/1466 1463/1488/1465 1578/1616/1593
f 1578/1616/1593 1579/1617/1594 1466/1489/1466
f 1580/1618/1595 1466/1489/1466 1579/1617/1594
f 1466/1489/1466 1580/1618/1595 1468/1491/1468
f 1471/1619/1596 1468/1491/1468 1580/1618/1595
f 1472/1495/1472 1471/1619/1596 1580/1618/1595
f 1580/1618/1595 1581/1620/1597 1472/1495/1472
f 1474/1496/1473 1472/1495/1472 1581/1620/1597
f 1581/1620/1597 1582/1621/1598 1474/1496/1473
f 1476/1499/1476 1474/1496/1473 1582/1621/1598
f 1582/1621/1598 1583/1622/1599 1476/1499/1476
f 1476/1499/1476 1584/1623/1600 1478/1500/1477
f 1584/1623/1600 1476/1499/1476 1583/1622/1599
f 1479/1502/1479 1478/1500/1477 1584/1623/1600
f 1584/1623/1600 1585/1624/1601 1479/1502/1479
f 1481/1503/1480 1479/1502/1479 1585/1624/1601
f 1585/1624/1601 1586/1625/1602 1481/1503/1480
f 1587/1506/1483 1481/1503/1480 1586/1625/1602
f 1485/1508/1485 1484/1507/1484 1588/1626/1603
f 1486/1509/1486 1485/1508/1485 1588/1626/1603
f 1588/1626/1603 1589/1627/1604 1486/1509/1486
f 1487/1510/1487 1486/1509/1486 1589/1627/1604
f 1590/1513/1490 1591/1628/1605 1215/1243/1220
f 1592/1514/1491 1215/1243/1220 1591/1628/1605
f 1592/1514/1491 1593/1629/1606 1489/1515/1492
f 1593/1629/1606 1594/1630/1607 1490/1248/1225
f 1490/1248/1225 1489/1515/1492 1593/1629/1606
f 1223/1252/1229 1490/1248/1225 1594/1630/1607
f 1594/1630/1607 1595/1631/1608 1223/1252/1229
f 1491/1254/1231 1223/1252/1229 1595/1631/1608
f 1595/1631/1608 1596/1632/1609 1491/1254/1231
f 1491/1254/1231 1597/1633/1610 1492/1516/1493
f 1597/1633/1610 1491/1254/1231 1596/1632/1609
f 1493/1518/1495 1492/1516/1493 1597/1633/1610
f 1493/1518/1495 1598/1634/1611 1494/1519/1496
f 1598/1634/1611 1599/1635/1612 1495/1520/1497
f 1495/1520/1497 1494/1519/1496 1598/1634/1611
f 1496/1521/1498 1495/1520/1497 1599/1635/1612
f 1497/1522/1499 1496/1521/1498 1599/1635/1612
f 1599/1635/1612 1600/1636/1613 1497/1522/1499
f 1498/1523/1500 1497/1522/1499 1600/1636/1613
f 1499/1524/1501 1498/1523/1500 1600/1636/1613
f 1600/1636/1613 1601/1637/1614 1499/1524/1501
f 1500/1525/1502 1499/1524/1501 1601/1637/1614
f 1601/1637/1614 1602/1638/1615 1500/1525/1502
f 1501/1526/1503 1500/1525/1502 1602/1638/1615
f 1501/1526/1503 1603/1639/1616 1502/1527/1504
f 1503/1528/1505 1502/1527/1504 1603/1639/1616
f 1503/1528/1505 1604/1640/1617 1256/1285/1262
f 1604/1640/1617 1503/1528/1505 1603/1639/1616
f 1604/1640/1617 1605/1641/1618 1504/1287/1264
f 1504/1287/1264 1256/1285/1262 1604/1640/1617
f 1505/1529/1506 1504/1287/1264 1605/1641/1618
f 1505/1529/1506 1606/1642/1619 1506/1530/1507
f 1507/1532/1509 1506/1530/1507 1606/1642/1619
f 1507/1532/1509 1607/1643/1620 1508/1294/1271
f 1509/1533/1510 1508/1294/1271 1607/1643/1620
f 1607/1643/1620 1608/1644/1621 1509/1533/1510
f 1510/1534/1511 1509/1533/1510 1608/1644/1621
f 1608/1644/1621 1609/1645/1622 1510/1534/1511
f 1610/1646/1623 1510/1534/1511 1609/1645/1622
f 1510/1534/1511 1610/1646/1623 1511/1535/1512
f 1276/1305/1282 1511/1535/1512 1610/1646/1623
f 1610/1646/1623 1611/1647/1624 1276/1305/1282
f 1512/1536/1513 1276/1305/1282 1611/1647/1624
f 1513/1538/1515 1512/1536/1513 1611/1647/1624
f 1611/1647/1624 1612/1648/1625 1513/1538/1515
f 1613/1540/1517 1513/1538/1515 1612/1648/1625
f 1515/1545/1522 1615/1649/1626 1516/1314/1291
f 1517/1546/1523 1516/1314/1291 1615/1649/1626
f 1615/1649/1626 1616/1650/1627 1517/1546/1523
f 1617/1651/1628 1517/1546/1523 1616/1650/1627
f 1517/1546/1523 1617/1651/1628 1518/1547/1524
f 1519/1548/1525 1518/1547/1524 1617/1651/1628
f 1519/1548/1525 1618/1652/1629 1520/1323/1300
f 1521/1549/1526 1520/1323/1300 1618/1652/1629
f 1618/1652/1629 1619/1653/1630 1521/1549/1526
f 1522/1550/1527 1521/1549/1526 1619/1653/1630
f 1619/1653/1630 1620/1654/1631 1522/1550/1527
f 1522/1550/1527 1621/1655/1632 1523/1551/1528
f 1621/1655/1632 1522/1550/1527 1620/1654/1631
f 1524/1552/1529 1523/1551/1528 1621/1655/1632
f 1524/1552/1529 1621/1655/1632 1622/1656/1633
f 1524/1552/1529 1623/1657/1634 1315/1343/1320
f 1623/1657/1634 1524/1552/1529 1622/1656/1633
f 1525/1553/1530 1315/1343/1320 1623/1657/1634
f 1623/1657/1634 1624/1658/1635 1525/1553/1530
f 1526/1555/1532 1525/1553/1530 1624/1658/1635
f 1624/1658/1635 1625/1659/1636 1526/1555/1532
f 1527/1556/1533 1526/1555/1532 1625/1659/1636
f 1625/1659/1636 1626/1660/1637 1527/1556/1533
f 1528/1557/1534 1527/1556/1533 1626/1660/1637
f 1626/1660/1637 1627/1661/1638 1528/1557/1534
f 1529/1558/1535 1528/1557/1534 1627/1661/1638
f 1627/1661/1638 1628/1662/1639 1529/1558/1535
f 1530/1559/1536 1529/1558/1535 1628/1662/1639
f 1628/1662/1639 1629/1663/1640 1530/1559/1536
f 1531/1560/1537 1530/1559/1536 1629/1663/1640
f 1629/1663/1640 1630/1664/1641 1531/1560/1537
f 1532/1561/1538 1531/1560/1537 1630/1664/1641
f 1531/1560/1537 1532/1561/1538 1335/1361/1338
f 1631/1562/1539 1632/1665/1642 1341/1368/1345
f 1633/1563/1540 1341/1368/1345 1632/1665/1642
f 1533/1564/1541 1634/1666/1643 1534/1565/1542
f 1535/1566/1543 1534/1565/1542 1634/1666/1643
f 1535/1566/1543 1635/1667/1644 1536/1567/1544
f 1537/1568/1545 1536/1567/1544 1635/1667/1644
f 1537/1568/1545 1635/1667/1644 1538/1569/1546
f 1635/1667/1644 1636/1571/1548 1539/1570/1547
f 1539/1570/1547 1538/1569/1546 1635/1667/1644
f 1636/1571/1548 1637/1668/1645 1540/1390/1367
f 1541/1572/1549 1540/1390/1367 1637/1668/1645
f 1541/1572/1549 1638/1669/1646 1542/1573/1550
f 1543/1574/1551 1542/1573/1550 1638/1669/1646
f 1545/1576/1553 1544/1575/1552 1543/1574/1551
f 1543/1574/1551 1639/1670/1647 1545/1576/1553
f 1546/1577/1554 1545/1576/1553 1639/1670/1647
f 1547/1578/1555 1546/1577/1554 1639/1670/1647
f 1547/1578/1555 1640/1671/1648 1548/1579/1556
f 1548/1579/1556 1640/1671/1648 1549/1580/1557
f 1550/1581/1558 1549/1580/1557 1640/1671/1648
f 1640/1671/1648 1641/1582/1559 1550/1581/1558
f 1641/1582/1559 1642/1672/1649 1391/1419/1396
f 1551/1583/1560 1391/1419/1396 1642/1672/1649
f 1642/1672/1649 1643/1673/1650 1551/1583/1560
f 1552/1585/1562 1551/1583/1560 1643/1673/1650
f 1643/1673/1650 1644/1674/1651 1552/1585/1562
f 1553/1586/1563 1552/1585/1562 1644/1674/1651
f 1644/1674/1651 1645/1675/1652 1553/1586/1563
f 1554/1587/1564 1553/1586/1563 1645/1675/1652
f 1645/1675/1652 1646/1676/1653 1554/1587/1564
f 1555/1588/1565 1554/1587/1564 1646/1676/1653
f 1404/1431/1408 1555/1588/1565 1646/1676/1653
f 1646/1676/1653 1647/1677/1654 1404/1431/1408
f 1648/1589/1566 1404/1431/1408 1647/1677/1654
f 1648/1589/1566 1649/1678/1655 1556/1590/1567
f 1557/1591/1568 1556/1590/1567 1649/1678/1655
f 1649/1678/1655 1650/1679/1656 1557/1591/1568
f 1650/1679/1656 1651/1680/1657 1558/1592/1569
f 1558/1592/1569 1557/1591/1568 1650/1679/1656
f 1558/1592/1569 1652/1681/1658 1416/1443/1420
f 1652/1681/1658 1558/1592/1569 1651/1680/1657
f 1559/1446/1423 1416/1443/1420 1652/1681/1658
f 1652/1681/1658 1653/1682/1659 1559/1446/1423
f 1560/1448/1425 1559/1446/1423 1653/1682/1659
f 1653/1682/1659 1654/1683/1660 1560/1448/1425
f 1561/1593/1570 1560/1448/1425 1654/1683/1660
f 1561/1593/1570 1655/1684/1661 1562/1594/1571
f 1563/1595/1572 1562/1594/1571 1655/1684/1661
f 1655/1684/1661 1656/1685/1662 1563/1595/1572
f 1656/1685/1662 1657/1597/1574 1564/1596/1573
f 1564/1596/1573 1563/1595/1572 1656/1685/1662
f 1657/1597/1574 1732/1686/1663 1565/1598/1575
f 1566/1599/1576 1565/1598/1575 1732/1686/1663
f 1732/1686/1663 1658/1687/1664 1566/1599/1576
f 1566/1599/1576 1659/1688/1665 1567/1467/1444
f 1659/1688/1665 1566/1599/1576 1658/1687/1664
f 1568/1600/1577 1567/1467/1444 1659/1688/1665
f 1659/1688/1665 1660/1689/1666 1568/1600/1577
f 1569/1602/1579 1568/1600/1577 1660/1689/1666
f 1570/1604/1581 1569/1602/1579 1660/1689/1666
f 1660/1689/1666 1661/1690/1667 1570/1604/1581
f 1571/1606/1583 1570/1604/1581 1661/1690/1667
f 1661/1690/1667 1662/1691/1668 1571/1606/1583
f 1571/1606/1583 1662/1691/1668 1572/1608/1585
f 1573/1609/1586 1572/1608/1585 1662/1691/1668
f 1662/1691/1668 1663/1692/1669 1574/1610/1587
f 1574/1610/1587 1573/1609/1586 1662/1691/1668
f 1574/1610/1587 1664/1693/1670 1575/1611/1588
f 1575/1611/1588 1451/1477/1454 1574/1610/1587
f 1665/1694/1671 1575/1611/1588 1664/1693/1670
f 1575/1611/1588 1665/1694/1671 1576/1612/1589
f 1577/1614/1591 1576/1612/1589 1665/1694/1671
f 1665/1694/1671 1666/1695/1672 1577/1614/1591
f 1578/1616/1593 1577/1614/1591 1666/1695/1672
f 1666/1695/1672 1667/1696/1673 1578/1616/1593
f 1579/1617/1594 1578/1616/1593 1667/1696/1673
f 1579/1617/1594 1581/1620/1597 1580/1618/1595
f 1579/1617/1594 1744/1697/1674 1581/1620/1597
f 1582/1621/1598 1581/1620/1597 1744/1697/1674
f 1744/1697/1674 1668/1698/1675 1582/1621/1598
f 1583/1622/1599 1582/1621/1598 1668/1698/1675
f 1668/1698/1675 1745/1699/1676 1583/1622/1599
f 1583/1622/1599 1669/1700/1677 1584/1623/1600
f 1669/1700/1677 1583/1622/1599 1745/1699/1676
f 1585/1624/1601 1584/1623/1600 1669/1700/1677
f 1669/1700/1677 1586/1625/1602 1585/1624/1601
f 1587/1506/1483 1586/1625/1602 1670/1701/1678
f 1671/1702/1679 1672/1703/1680 1588/1626/1603
f 1589/1627/1604 1588/1626/1603 1672/1703/1680
f 1589/1627/1604 1673/1704/1681 1487/1510/1487
f 1488/1512/1489 1487/1510/1487 1673/1704/1681
f 1673/1704/1681 1674/1705/1682 1488/1512/1489
f 1590/1513/1490 1488/1512/1489 1674/1705/1682
f 1674/1705/1682 1751/1706/1683 1590/1513/1490
f 1591/1628/1605 1590/1513/1490 1751/1706/1683
f 1751/1706/1683 1675/1707/1684 1591/1628/1605
f 1592/1514/1491 1591/1628/1605 1675/1707/1684
f 1675/1707/1684 1752/1708/1685 1592/1514/1491
f 1593/1629/1606 1592/1514/1491 1752/1708/1685
f 1593/1629/1606 1676/1709/1686 1594/1630/1607
f 1595/1631/1608 1594/1630/1607 1676/1709/1686
f 1597/1633/1610 1677/1710/1687 1493/1518/1495
f 1598/1634/1611 1493/1518/1495 1677/1710/1687
f 1677/1710/1687 1678/1711/1688 1598/1634/1611
f 1678/1711/1688 1679/1712/1689 1599/1635/1612
f 1599/1635/1612 1598/1634/1611 1678/1711/1688
f 1679/1712/1689 1680/1713/1690 1599/1635/1612
f 1600/1636/1613 1599/1635/1612 1680/1713/1690
f 1680/1713/1690 1681/1714/1691 1600/1636/1613
f 1681/1714/1691 1682/1715/1692 1600/1636/1613
f 1601/1637/1614 1600/1636/1613 1682/1715/1692
f 1682/1715/1692 1683/1716/1693 1601/1637/1614
f 1683/1716/1693 1684/1717/1694 1601/1637/1614
f 1602/1638/1615 1601/1637/1614 1684/1717/1694
f 1602/1638/1615 1685/1718/1695 1501/1526/1503
f 1603/1639/1616 1501/1526/1503 1685/1718/1695
f 1685/1718/1695 1686/1719/1696 1603/1639/1616
f 1604/1640/1617 1603/1639/1616 1686/1719/1696
f 1686/1719/1696 1687/1720/1697 1604/1640/1617
f 1605/1641/1618 1604/1640/1617 1687/1720/1697
f 1605/1641/1618 1688/1721/1698 1505/1529/1506
f 1606/1642/1619 1505/1529/1506 1688/1721/1698
f 1606/1642/1619 1689/1722/1699 1507/1532/1509
f 1689/1722/1699 1769/1723/1700 1607/1643/1620
f 1607/1643/1620 1507/1532/1509 1689/1722/1699
f 1608/1644/1621 1607/1643/1620 1769/1723/1700
f 1769/1723/1700 1690/1724/1701 1608/1644/1621
f 1609/1645/1622 1608/1644/1621 1690/1724/1701
f 1690/1724/1701 1691/1725/1702 1609/1645/1622
f 1610/1646/1623 1609/1645/1622 1691/1725/1702
f 1610/1646/1623 1692/1726/1703 1611/1647/1624
f 1612/1648/1625 1777/1727/1704 1613/1540/1517
f 1514/1542/1519 1613/1540/1517 1777/1727/1704
f 1777/1727/1704 1693/1728/1705 1514/1542/1519
f 1614/1544/1521 1514/1542/1519 1693/1728/1705
f 1693/1728/1705 1778/1729/1706 1614/1544/1521
f 1614/1544/1521 1615/1649/1626 1515/1545/1522
f 1615/1649/1626 1614/1544/1521 1778/1729/1706
f 1616/1650/1627 1615/1649/1626 1694/1730/1707
f 1617/1651/1628 1618/1652/1629 1519/1548/1525
f 1619/1653/1630 1618/1652/1629 1783/1731/1708
f 1619/1653/1630 1695/1732/1709 1620/1654/1631
f 1696/1733/1710 1620/1654/1631 1695/1732/1709
f 1621/1655/1632 1620/1654/1631 1696/1733/1710
f 1622/1656/1633 1621/1655/1632 1696/1733/1710
f 1696/1733/1710 1698/1734/1711 1622/1656/1633
f 1698/1734/1711 1696/1733/1710 1697/1735/1712
f 1623/1657/1634 1622/1656/1633 1698/1734/1711
f 1698/1734/1711 1699/1736/1713 1623/1657/1634
f 1624/1658/1635 1623/1657/1634 1699/1736/1713
f 1625/1659/1636 1700/1737/1714 1626/1660/1637
f 1627/1661/1638 1626/1660/1637 1700/1737/1714
f 1700/1737/1714 1701/1738/1715 1627/1661/1638
f 1628/1662/1639 1627/1661/1638 1701/1738/1715
f 1701/1738/1715 1702/1739/1716 1628/1662/1639
f 1629/1663/1640 1628/1662/1639 1702/1739/1716
f 1702/1739/1716 1793/1740/1717 1629/1663/1640
f 1630/1664/1641 1629/1663/1640 1793/1740/1717
f 1630/1664/1641 1703/1741/1718 1532/1561/1538
f 1631/1562/1539 1532/1561/1538 1703/1741/1718
f 1703/1741/1718 1632/1665/1642 1631/1562/1539
f 1704/1742/1719 1705/1743/1720 1633/1563/1540
f 1633/1563/1540 1632/1665/1642 1704/1742/1719
f 1633/1563/1540 1706/1744/1721 1533/1564/1541
f 1706/1744/1721 1633/1563/1540 1705/1743/1720
f 1634/1666/1643 1533/1564/1541 1706/1744/1721
f 1706/1744/1721 1707/1745/1722 1634/1666/1643
f 1708/1746/1723 1634/1666/1643 1707/1745/1722
f 1634/1666/1643 1708/1746/1723 1535/1566/1543
f 1635/1667/1644 1535/1566/1543 1708/1746/1723
f 1636/1571/1548 1635/1667/1644 1709/1747/1724
f 1709/1747/1724 1710/1748/1725 1636/1571/1548
f 1711/1749/1726 1636/1571/1548 1710/1748/1725
f 1637/1668/1645 1636/1571/1548 1711/1749/1726
f 1541/1572/1549 1637/1668/1645 1711/1749/1726
f 1711/1749/1726 1712/1750/1727 1541/1572/1549
f 1638/1669/1646 1541/1572/1549 1712/1750/1727
f 1638/1669/1646 1713/1751/1728 1543/1574/1551
f 1639/1670/1647 1543/1574/1551 1713/1751/1728
f 1713/1751/1728 1714/1752/1729 1639/1670/1647
f 1714/1752/1729 1715/1753/1730 1639/1670/1647
f 1716/1754/1731 1639/1670/1647 1715/1753/1730
f 1639/1670/1647 1716/1754/1731 1547/1578/1555
f 1640/1671/1648 1547/1578/1555 1716/1754/1731
f 1716/1754/1731 1717/1755/1732 1640/1671/1648
f 1641/1582/1559 1640/1671/1648 1717/1755/1732
f 1717/1755/1732 1718/1756/1733 1641/1582/1559
f 1719/1757/1734 1641/1582/1559 1718/1756/1733
f 1642/1672/1649 1641/1582/1559 1719/1757/1734
f 1719/1757/1734 1720/1758/1735 1642/1672/1649
f 1643/1673/1650 1642/1672/1649 1720/1758/1735
f 1644/1674/1651 1721/1759/1736 1645/1675/1652
f 1646/1676/1653 1645/1675/1652 1721/1759/1736
f 1721/1759/1736 1722/1760/1737 1646/1676/1653
f 1722/1760/1737 1723/1761/1738 1646/1676/1653
f 1647/1677/1654 1646/1676/1653 1723/1761/1738
f 1647/1677/1654 1724/1762/1739 1648/1589/1566
f 1649/1678/1655 1648/1589/1566 1724/1762/1739
f 1724/1762/1739 1725/1763/1740 1649/1678/1655
f 1650/1679/1656 1649/1678/1655 1725/1763/1740
f 1725/1763/1740 1651/1680/1657 1650/1679/1656
f 1651/1680/1657 1727/1764/1741 1652/1681/1658
f 1727/1764/1741 1651/1680/1657 1726/1765/1742
f 1653/1682/1659 1652/1681/1658 1727/1764/1741
f 1727/1764/1741 1728/1766/1743 1653/1682/1659
f 1654/1683/1660 1653/1682/1659 1728/1766/1743
f 1654/1683/1660 1729/1767/1744 1561/1593/1570
f 1655/1684/1661 1561/1593/1570 1729/1767/1744
f 1655/1684/1661 1730/1768/1745 1656/1685/1662
f 1731/1769/1746 1656/1685/1662 1730/1768/1745
f 1656/1685/1662 1731/1769/1746 1657/1597/1574
f 1732/1686/1663 1657/1597/1574 1731/1769/1746
f 1658/1687/1664 1733/1770/1747 1659/1688/1665
f 1733/1770/1747 1734/1771/1748 1660/1689/1666
f 1660/1689/1666 1659/1688/1665 1733/1770/1747
f 1735/1772/1749 1660/1689/1666 1734/1771/1748
f 1660/1689/1666 1735/1772/1749 1661/1690/1667
f 1662/1691/1668 1661/1690/1667 1735/1772/1749
f 1735/1772/1749 1736/1773/1750 1662/1691/1668
f 1736/1773/1750 1663/1692/1669 1662/1691/1668
f 1574/1610/1587 1663/1692/1669 1737/1774/1751
f 1737/1774/1751 1738/1775/1752 1664/1693/1670
f 1664/1693/1670 1574/1610/1587 1737/1774/1751
f 1738/1775/1752 1739/1776/1753 1664/1693/1670
f 1664/1693/1670 1739/1776/1753 1665/1694/1671
f 1739/1776/1753 1740/1777/1754 1666/1695/1672
f 1666/1695/1672 1665/1694/1671 1739/1776/1753
f 1666/1695/1672 1741/1778/1755 1667/1696/1673
f 1741/1778/1755 1666/1695/1672 1740/1777/1754
f 1741/1778/1755 1742/1779/1756 1667/1696/1673
f 1579/1617/1594 1667/1696/1673 1742/1779/1756
f 1742/1779/1756 1743/1780/1757 1579/1617/1594
f 1744/1697/1674 1579/1617/1594 1743/1780/1757
f 1669/1700/1677 1746/1781/1758 1586/1625/1602
f 1670/1701/1678 1586/1625/1602 1746/1781/1758
f 1746/1781/1758 1747/1782/1759 1670/1701/1678
f 1747/1782/1759 1848/1783/1760 1670/1701/1678
f 1671/1702/1679 1748/1784/1761 1672/1703/1680
f 1589/1627/1604 1672/1703/1680 1748/1784/1761
f 1748/1784/1761 1749/940/917 1589/1627/1604
f 1673/1704/1681 1589/1627/1604 1749/940/917
f 1749/940/917 1750/942/919 1673/1704/1681
f 1674/1705/1682 1673/1704/1681 1750/942/919
f 1752/1708/1685 1753/951/928 1593/1629/1606
f 1753/951/928 950/953/930 1676/1709/1686
f 1676/1709/1686 1593/1629/1606 1753/951/928
f 1676/1709/1686 1754/955/932 1595/1631/1608
f 1754/955/932 1676/1709/1686 950/953/930
f 1596/1632/1609 1595/1631/1608 1754/955/932
f 1754/955/932 1755/956/933 1596/1632/1609
f 1597/1633/1610 1596/1632/1609 1755/956/933
f 1755/956/933 1756/958/935 1597/1633/1610
f 1677/1710/1687 1597/1633/1610 1756/958/935
f 1756/958/935 1757/960/937 1677/1710/1687
f 1678/1711/1688 1677/1710/1687 1757/960/937
f 1757/960/937 1758/962/939 1678/1711/1688
f 1758/962/939 1759/1785/1762 1679/1712/1689
f 1679/1712/1689 1678/1711/1688 1758/962/939
f 1680/1713/1690 1679/1712/1689 1759/1785/1762
f 1759/1785/1762 1760/1786/1763 1680/1713/1690
f 1681/1714/1691 1680/1713/1690 1760/1786/1763
f 1760/1786/1763 1761/1787/1764 1681/1714/1691
f 1682/1715/1692 1681/1714/1691 1761/1787/1764
f 1682/1715/1692 1762/1788/1765 1683/1716/1693
f 1684/1717/1694 1683/1716/1693 1762/1788/1765
f 1762/1788/1765 964/973/950 1684/1717/1694
f 1763/974/951 1684/1717/1694 964/973/950
f 1684/1717/1694 1763/974/951 1602/1638/1615
f 1685/1718/1695 1602/1638/1615 1763/974/951
f 1763/974/951 1764/1789/1766 1685/1718/1695
f 1686/1719/1696 1685/1718/1695 1764/1789/1766
f 1764/1789/1766 1765/1790/1767 1686/1719/1696
f 1687/1720/1697 1686/1719/1696 1765/1790/1767
f 1687/1720/1697 1766/981/958 1605/1641/1618
f 1688/1721/1698 1605/1641/1618 1766/981/958
f 1688/1721/1698 1767/985/962 1606/1642/1619
f 1689/1722/1699 1606/1642/1619 1767/985/962
f 1767/985/962 1768/986/963 1689/1722/1699
f 1769/1723/1700 1689/1722/1699 1768/986/963
f 1769/1723/1700 1770/1791/1768 1690/1724/1701
f 1770/1791/1768 1771/1792/1769 1690/1724/1701
f 1691/1725/1702 1690/1724/1701 1771/1792/1769
f 1771/1792/1769 1772/1793/1770 1691/1725/1702
f 1773/1794/1771 1691/1725/1702 1772/1793/1770
f 1691/1725/1702 1773/1794/1771 1610/1646/1623
f 1692/1726/1703 1610/1646/1623 1773/1794/1771
f 1773/1794/1771 1774/997/974 1692/1726/1703
f 1611/1647/1624 1692/1726/1703 1774/997/974
f 1774/997/974 1775/998/975 1611/1647/1624
f 1612/1648/1625 1611/1647/1624 1775/998/975
f 1775/998/975 1776/1000/977 1612/1648/1625
f 1777/1727/1704 1612/1648/1625 1776/1000/977
f 1778/1729/1706 1779/1008/985 1615/1649/1626
f 1779/1008/985 994/1010/987 1694/1730/1707
f 1694/1730/1707 1615/1649/1626 1779/1008/985
f 1694/1730/1707 1780/1011/988 1616/1650/1627
f 1780/1011/988 1694/1730/1707 994/1010/987
f 1617/1651/1628 1616/1650/1627 1780/1011/988
f 1780/1011/988 1781/1012/989 1617/1651/1628
f 1618/1652/1629 1617/1651/1628 1781/1012/989
f 1781/1012/989 1782/1014/991 1618/1652/1629
f 1783/1731/1708 1618/1652/1629 1782/1014/991
f 1783/1731/1708 1784/1795/1772 1619/1653/1630
f 1695/1732/1709 1619/1653/1630 1784/1795/1772
f 1784/1795/1772 1785/1796/1773 1695/1732/1709
f 1786/1797/1774 1695/1732/1709 1785/1796/1773
f 1695/1732/1709 1786/1797/1774 1696/1733/1710
f 1786/1797/1774 1787/1798/1775 1697/1735/1712
f 1697/1735/1712 1696/1733/1710 1786/1797/1774
f 1697/1735/1712 1788/1799/1776 1698/1734/1711
f 1788/1799/1776 1697/1735/1712 1787/1798/1775
f 1699/1736/1713 1698/1734/1711 1788/1799/1776
f 1699/1736/1713 1789/1028/1005 1624/1658/1635
f 1625/1659/1636 1624/1658/1635 1789/1028/1005
f 1789/1028/1005 1790/1030/1007 1625/1659/1636
f 1700/1737/1714 1625/1659/1636 1790/1030/1007
f 1790/1030/1007 1791/1800/1777 1700/1737/1714
f 1791/1800/1777 1792/1034/1011 1701/1738/1715
f 1701/1738/1715 1700/1737/1714 1791/1800/1777
f 1702/1739/1716 1701/1738/1715 1792/1034/1011
f 1793/1740/1717 1794/1801/1778 1630/1664/1641
f 1703/1741/1718 1630/1664/1641 1794/1801/1778
f 1794/1801/1778 1795/1802/1779 1703/1741/1718
f 1795/1802/1779 1796/1803/1780 1703/1741/1718
f 1797/1804/1781 1703/1741/1718 1796/1803/1780
f 1703/1741/1718 1797/1804/1781 1632/1665/1642
f 1704/1742/1719 1632/1665/1642 1797/1804/1781
f 1704/1742/1719 1027/1049/1026 1705/1743/1720
f 1705/1743/1720 1798/1805/1782 1706/1744/1721
f 1798/1805/1782 1705/1743/1720 1027/1049/1026
f 1707/1745/1722 1706/1744/1721 1798/1805/1782
f 1798/1805/1782 1799/1806/1783 1707/1745/1722
f 1800/1807/1784 1707/1745/1722 1799/1806/1783
f 1707/1745/1722 1800/1807/1784 1708/1746/1723
f 1635/1667/1644 1708/1746/1723 1800/1807/1784
f 1800/1807/1784 1801/1808/1785 1709/1747/1724
f 1709/1747/1724 1635/1667/1644 1800/1807/1784
f 1802/1809/1786 1709/1747/1724 1801/1808/1785
f 1710/1748/1725 1709/1747/1724 1802/1809/1786
f 1710/1748/1725 1803/1810/1787 1711/1749/1726
f 1803/1810/1787 1804/1063/1040 1711/1749/1726
f 1712/1750/1727 1711/1749/1726 1804/1063/1040
f 1712/1750/1727 1805/1811/1788 1638/1669/1646
f 1713/1751/1728 1638/1669/1646 1805/1811/1788
f 1805/1811/1788 1806/1812/1789 1713/1751/1728
f 1806/1812/1789 1807/1813/1790 1713/1751/1728
f 1807/1813/1790 1808/1814/1791 1714/1752/1729
f 1714/1752/1729 1713/1751/1728 1807/1813/1790
f 1715/1753/1730 1714/1752/1729 1808/1814/1791
f 1808/1814/1791 1809/1815/1792 1715/1753/1730
f 1716/1754/1731 1715/1753/1730 1809/1815/1792
f 1809/1815/1792 1810/1816/1793 1716/1754/1731
f 1716/1754/1731 1811/1817/1794 1717/1755/1732
f 1811/1817/1794 1716/1754/1731 1810/1816/1793
f 1811/1817/1794 1812/1818/1795 1717/1755/1732
f 1718/1756/1733 1717/1755/1732 1812/1818/1795
f 1812/1818/1795 1813/1819/1796 1718/1756/1733
f 1814/1080/1057 1718/1756/1733 1813/1819/1796
f 1718/1756/1733 1814/1080/1057 1719/1757/1734
f 1720/1758/1735 1719/1757/1734 1814/1080/1057
f 1720/1758/1735 1815/1083/1060 1643/1673/1650
f 1644/1674/1651 1643/1673/1650 1815/1083/1060
f 1815/1083/1060 1816/1820/1797 1644/1674/1651
f 1721/1759/1736 1644/1674/1651 1816/1820/1797
f 1721/1759/1736 1817/1821/1798 1722/1760/1737
f 1723/1761/1738 1722/1760/1737 1817/1821/1798
f 1723/1761/1738 1818/1091/1068 1647/1677/1654
f 1724/1762/1739 1647/1677/1654 1818/1091/1068
f 1818/1091/1068 1819/1822/1799 1724/1762/1739
f 1725/1763/1740 1724/1762/1739 1819/1822/1799
f 1819/1822/1799 1820/1823/1800 1725/1763/1740
f 1651/1680/1657 1725/1763/1740 1820/1823/1800
f 1820/1823/1800 1821/1824/1801 1651/1680/1657
f 1821/1824/1801 1822/1825/1802 1726/1765/1742
f 1726/1765/1742 1651/1680/1657 1821/1824/1801
f 1726/1765/1742 1823/1826/1803 1727/1764/1741
f 1823/1826/1803 1726/1765/1742 1822/1825/1802
f 1728/1766/1743 1727/1764/1741 1823/1826/1803
f 1823/1826/1803 1824/1827/1804 1728/1766/1743
f 1654/1683/1660 1728/1766/1743 1824/1827/1804
f 1824/1827/1804 1825/1828/1805 1654/1683/1660
f 1729/1767/1744 1654/1683/1660 1825/1828/1805
f 1729/1767/1744 1826/1829/1806 1655/1684/1661
f 1730/1768/1745 1655/1684/1661 1826/1829/1806
f 1730/1768/1745 1827/1830/1807 1731/1769/1746
f 1732/1686/1663 1731/1769/1746 1827/1830/1807
f 1827/1830/1807 1828/1831/1808 1732/1686/1663
f 1658/1687/1664 1732/1686/1663 1828/1831/1808
f 1828/1831/1808 1829/1832/1809 1658/1687/1664
f 1733/1770/1747 1658/1687/1664 1829/1832/1809
f 1829/1832/1809 1830/1118/1095 1733/1770/1747
f 1830/1118/1095 1831/1833/1810 1734/1771/1748
f 1734/1771/1748 1733/1770/1747 1830/1118/1095
f 1832/1122/1099 1734/1771/1748 1831/1833/1810
f 1734/1771/1748 1832/1122/1099 1735/1772/1749
f 1736/1773/1750 1735/1772/1749 1832/1122/1099
f 1832/1122/1099 1833/1834/1811 1736/1773/1750
f 1663/1692/1669 1736/1773/1750 1833/1834/1811
f 1833/1834/1811 1834/1835/1812 1663/1692/1669
f 1834/1835/1812 1835/1836/1813 1737/1774/1751
f 1737/1774/1751 1663/1692/1669 1834/1835/1812
f 1836/1837/1814 1737/1774/1751 1835/1836/1813
f 1836/1837/1814 1837/1838/1815 1738/1775/1752
f 1738/1775/1752 1737/1774/1751 1836/1837/1814
f 1838/1839/1816 1738/1775/1752 1837/1838/1815
f 1738/1775/1752 1838/1839/1816 1739/1776/1753
f 1740/1777/1754 1739/1776/1753 1838/1839/1816
f 1740/1777/1754 1839/1840/1817 1741/1778/1755
f 1742/1779/1756 1741/1778/1755 1839/1840/1817
f 1839/1840/1817 1840/1841/1818 1742/1779/1756
f 1841/1842/1819 1742/1779/1756 1840/1841/1818
f 1742/1779/1756 1841/1842/1819 1743/1780/1757
f 1744/1697/1674 1743/1780/1757 1841/1842/1819
f 1841/1842/1819 1842/1843/1820 1744/1697/1674
f 1668/1698/1675 1744/1697/1674 1842/1843/1820
f 1842/1843/1820 1843/1844/1821 1668/1698/1675
f 1745/1699/1676 1668/1698/1675 1843/1844/1821
f 1843/1844/1821 1844/1845/1822 1745/1699/1676
f 1669/1700/1677 1745/1699/1676 1844/1845/1822
f 1844/1845/1822 1845/1846/1823 1669/1700/1677
f 1746/1781/1758 1669/1700/1677 1845/1846/1823
f 1845/1846/1823 1846/1847/1824 1746/1781/1758
f 1747/1782/1759 1746/1781/1758 1846/1847/1824
f 1846/1847/1824 1847/1848/1825 1747/1782/1759
f 1848/1783/1760 1747/1782/1759 1847/1848/1825
f 1671/1702/1679 939/939/916 1748/1784/1761
f 939/939/916 1671/1702/1679 937/937/914
f 1749/940/917 1748/1784/1761 939/939/916
f 1750/942/919 942/944/921 1674/1705/1682
f 1751/1706/1683 1674/1705/1682 942/944/921
f 942/944/921 944/946/923 1751/1706/1683
f 1675/1707/1684 1751/1706/1683 944/946/923
f 944/946/923 945/947/924 1675/1707/1684
f 1752/1708/1685 1675/1707/1684 945/947/924
f 945/947/924 947/949/926 1752/1708/1685
f 1753/951/928 1752/1708/1685 947/949/926
f 1758/962/939 957/965/942 1759/1785/1762
f 1760/1786/1763 1759/1785/1762 957/965/942
f 957/965/942 958/966/943 1760/1786/1763
f 1761/1787/1764 1760/1786/1763 958/966/943
f 958/966/943 960/968/945 1761/1787/1764
f 1761/1787/1764 962/970/947 1682/1715/1692
f 962/970/947 1761/1787/1764 960/968/945
f 962/970/947 963/971/948 1762/1788/1765
f 1762/1788/1765 1682/1715/1692 962/970/947
f 964/973/950 1762/1788/1765 963/971/948
f 1763/974/951 967/975/952 1764/1789/1766
f 1765/1790/1767 1764/1789/1766 967/975/952
f 967/975/952 969/978/955 1765/1790/1767
f 1765/1790/1767 971/980/957 1687/1720/1697
f 971/980/957 1765/1790/1767 969/978/955
f 1766/981/958 1687/1720/1697 971/980/957
f 1766/981/958 973/983/960 1688/1721/1698
f 1767/985/962 1688/1721/1698 973/983/960
f 1768/986/963 977/989/966 1769/1723/1700
f 1770/1791/1768 1769/1723/1700 977/989/966
f 977/989/966 978/990/967 1770/1791/1768
f 1771/1792/1769 1770/1791/1768 978/990/967
f 1772/1793/1770 1771/1792/1769 978/990/967
f 978/990/967 980/992/969 1772/1793/1770
f 983/994/971 1772/1793/1770 980/992/969
f 1772/1793/1770 983/994/971 1773/1794/1771
f 1774/997/974 1773/1794/1771 983/994/971
f 1776/1000/977 988/1003/980 1777/1727/1704
f 1693/1728/1705 1777/1727/1704 988/1003/980
f 988/1003/980 989/1004/981 1693/1728/1705
f 1778/1729/1706 1693/1728/1705 989/1004/981
f 989/1004/981 991/1006/983 1778/1729/1706
f 1779/1008/985 1778/1729/1706 991/1006/983
f 1782/1014/991 997/1016/993 1783/1731/1708
f 1783/1731/1708 999/1018/995 1784/1795/1772
f 999/1018/995 1783/1731/1708 997/1016/993
f 1785/1796/1773 1784/1795/1772 999/1018/995
f 999/1018/995 1001/1020/997 1785/1796/1773
f 1002/1021/998 1785/1796/1773 1001/1020/997
f 1785/1796/1773 1002/1021/998 1786/1797/1774
f 1002/1021/998 1004/1022/999 1786/1797/1774
f 1787/1798/1775 1786/1797/1774 1004/1022/999
f 1787/1798/1775 1006/1025/1002 1788/1799/1776
f 1006/1025/1002 1787/1798/1775 1004/1022/999
f 1699/1736/1713 1788/1799/1776 1006/1025/1002
f 1006/1025/1002 1008/1026/1003 1699/1736/1713
f 1789/1028/1005 1699/1736/1713 1008/1026/1003
f 1790/1030/1007 1012/1032/1009 1791/1800/1777
f 1012/1032/1009 1792/1034/1011 1791/1800/1777
f 1702/1739/1716 1792/1034/1011 1014/1036/1013
f 1793/1740/1717 1702/1739/1716 1014/1036/1013
f 1014/1036/1013 1017/1039/1016 1793/1740/1717
f 1794/1801/1778 1793/1740/1717 1017/1039/1016
f 1017/1039/1016 1019/1040/1017 1794/1801/1778
f 1795/1802/1779 1794/1801/1778 1019/1040/1017
f 1019/1040/1017 1021/1042/1019 1795/1802/1779
f 1796/1803/1780 1795/1802/1779 1021/1042/1019
f 1021/1042/1019 1022/1044/1021 1796/1803/1780
f 1796/1803/1780 1022/1044/1021 1797/1804/1781
f 1704/1742/1719 1797/1804/1781 1022/1044/1021
f 1022/1044/1021 1025/1046/1023 1704/1742/1719
f 1027/1049/1026 1704/1742/1719 1025/1046/1023
f 1027/1049/1026 1029/1051/1028 1798/1805/1782
f 1799/1806/1783 1798/1805/1782 1029/1051/1028
f 1029/1051/1028 1030/1052/1029 1799/1806/1783
f 1032/1054/1031 1799/1806/1783 1030/1052/1029
f 1799/1806/1783 1032/1054/1031 1800/1807/1784
f 1032/1054/1031 1034/1055/1032 1801/1808/1785
f 1801/1808/1785 1800/1807/1784 1032/1054/1031
f 1801/1808/1785 1035/1058/1035 1802/1809/1786
f 1035/1058/1035 1801/1808/1785 1034/1055/1032
f 1710/1748/1725 1802/1809/1786 1035/1058/1035
f 1035/1058/1035 1037/1059/1036 1710/1748/1725
f 1803/1810/1787 1710/1748/1725 1037/1059/1036
f 1037/1059/1036 1039/1061/1038 1803/1810/1787
f 1804/1063/1040 1803/1810/1787 1039/1061/1038
f 1804/1063/1040 1040/1064/1041 1712/1750/1727
f 1042/1066/1043 1712/1750/1727 1040/1064/1041
f 1712/1750/1727 1042/1066/1043 1805/1811/1788
f 1806/1812/1789 1805/1811/1788 1042/1066/1043
f 1042/1066/1043 1044/1067/1044 1806/1812/1789
f 1807/1813/1790 1806/1812/1789 1044/1067/1044
f 1044/1067/1044 1045/1069/1046 1807/1813/1790
f 1045/1069/1046 1046/1070/1047 1808/1814/1791
f 1808/1814/1791 1807/1813/1790 1045/1069/1046
f 1809/1815/1792 1808/1814/1791 1046/1070/1047
f 1046/1070/1047 1048/1072/1049 1809/1815/1792
f 1810/1816/1793 1809/1815/1792 1048/1072/1049
f 1048/1072/1049 1049/1073/1050 1810/1816/1793
f 1810/1816/1793 1050/1075/1052 1811/1817/1794
f 1050/1075/1052 1810/1816/1793 1049/1073/1050
f 1812/1818/1795 1811/1817/1794 1050/1075/1052
f 1050/1075/1052 1052/1076/1053 1812/1818/1795
f 1813/1819/1796 1812/1818/1795 1052/1076/1053
f 1052/1076/1053 1053/1077/1054 1813/1819/1796
f 1814/1080/1057 1813/1819/1796 1053/1077/1054
f 1814/1080/1057 1056/1081/1058 1720/1758/1735
f 1815/1083/1060 1720/1758/1735 1056/1081/1058
f 1815/1083/1060 1059/1085/1062 1816/1820/1797
f 1721/1759/1736 1816/1820/1797 1059/1085/1062
f 1059/1085/1062 1061/1087/1064 1721/1759/1736
f 1817/1821/1798 1721/1759/1736 1061/1087/1064
f 1061/1087/1064 1062/1089/1066 1817/1821/1798
f 1817/1821/1798 1062/1089/1066 1723/1761/1738
f 1818/1091/1068 1723/1761/1738 1062/1089/1066
f 1818/1091/1068 1066/1093/1070 1819/1822/1799
f 1820/1823/1800 1819/1822/1799 1066/1093/1070
f 1066/1093/1070 1068/1095/1072 1820/1823/1800
f 1821/1824/1801 1820/1823/1800 1068/1095/1072
f 1068/1095/1072 1069/1097/1074 1821/1824/1801
f 1069/1097/1074 1071/1099/1076 1822/1825/1802
f 1822/1825/1802 1821/1824/1801 1069/1097/1074
f 1822/1825/1802 1072/1101/1078 1823/1826/1803
f 1072/1101/1078 1822/1825/1802 1071/1099/1076
f 1072/1101/1078 1074/1102/1079 1823/1826/1803
f 1824/1827/1804 1823/1826/1803 1074/1102/1079
f 1825/1828/1805 1824/1827/1804 1074/1102/1079
f 1074/1102/1079 1076/1104/1081 1825/1828/1805
f 1729/1767/1744 1825/1828/1805 1076/1104/1081
f 1076/1104/1081 1077/1106/1083 1729/1767/1744
f 1079/1108/1085 1729/1767/1744 1077/1106/1083
f 1729/1767/1744 1079/1108/1085 1826/1829/1806
f 1730/1768/1745 1826/1829/1806 1079/1108/1085
f 1079/1108/1085 1080/1109/1086 1730/1768/1745
f 1827/1830/1807 1730/1768/1745 1080/1109/1086
f 1080/1109/1086 1083/1111/1088 1827/1830/1807
f 1828/1831/1808 1827/1830/1807 1083/1111/1088
f 1083/1111/1088 1085/1113/1090 1828/1831/1808
f 1829/1832/1809 1828/1831/1808 1085/1113/1090
f 1085/1113/1090 1087/1115/1092 1829/1832/1809
f 1830/1118/1095 1829/1832/1809 1087/1115/1092
f 1830/1118/1095 1089/1119/1096 1831/1833/1810
f 1832/1122/1099 1831/1833/1810 1089/1119/1096
f 1832/1122/1099 1091/1123/1100 1833/1834/1811
f 1834/1835/1812 1833/1834/1811 1091/1123/1100
f 1091/1123/1100 1093/1125/1102 1834/1835/1812
f 1093/1125/1102 1095/1127/1104 1835/1836/1813
f 1835/1836/1813 1834/1835/1812 1093/1125/1102
f 1835/1836/1813 1096/1128/1105 1836/1837/1814
f 1096/1128/1105 1835/1836/1813 1095/1127/1104
f 1096/1128/1105 1098/1130/1107 1837/1838/1815
f 1837/1838/1815 1836/1837/1814 1096/1128/1105
f 1100/1132/1109 1837/1838/1815 1098/1130/1107
f 1837/1838/1815 1100/1132/1109 1838/1839/1816
f 1740/1777/1754 1838/1839/1816 1100/1132/1109
f 1100/1132/1109 1102/1133/1110 1740/1777/1754
f 1839/1840/1817 1740/1777/1754 1102/1133/1110
f 1102/1133/1110 1103/1135/1112 1839/1840/1817
f 1840/1841/1818 1839/1840/1817 1103/1135/1112
f 1103/1135/1112 1105/1137/1114 1840/1841/1818
f 1106/1138/1115 1840/1841/1818 1105/1137/1114
f 1840/1841/1818 1106/1138/1115 1841/1842/1819
f 1842/1843/1820 1841/1842/1819 1106/1138/1115
f 1106/1138/1115 1108/1139/1116 1842/1843/1820
f 1843/1844/1821 1842/1843/1820 1108/1139/1116
f 1108/1139/1116 1109/1141/1118 1843/1844/1821
f 1844/1845/1822 1843/1844/1821 1109/1141/1118
f 1109/1141/1118 1111/1142/1119 1844/1845/1822
f 1845/1846/1823 1844/1845/1822 1111/1142/1119
f 1111/1142/1119 1113/1144/1121 1845/1846/1823
f 1846/1847/1824 1845/1846/1823 1113/1144/1121
f 1113/1144/1121 1115/1146/1123 1846/1847/1824
f 1847/1848/1825 1846/1847/1824 1115/1146/1123
f 1115/1146/1123 1114/1147/1124 1847/1848/1825
f 1116/1148/1125 1847/1848/1825 1114/1147/1124
f 1847/1848/1825 1116/1148/1125 1848/1783/1760
f 1849/1849/1826 1850/1850/1827 1851/1851/1828
f 2658/1852/1829 1851/1851/1828 1850/1850/1827
f 1850/1850/1827 1852/1853/1830 2658/1852/1829
f 2659/1854/1831 2658/1852/1829 1852/1853/1830
f 1852/1853/1830 1853/1855/1832 2659/1854/1831
f 1854/1856/1833 2659/1854/1831 1853/1855/1832
f 1853/1855/1832 1855/1857/1834 1854/1856/1833
f 1856/1858/1835 1854/1856/1833 1855/1857/1834
f 1857/1859/1836 1858/1860/1837 1859/1861/1838
f 1859/1861/1838 1860/1862/1839 2662/1863/1840
f 1860/1862/1839 1859/1861/1838 1858/1860/1837
f 1860/1862/1839 1861/1864/1841 1862/1865/1842
f 1862/1865/1842 2662/1863/1840 1860/1862/1839
f 1862/1865/1842 1863/1866/1843 2663/1867/1844
f 1863/1866/1843 1862/1865/1842 1861/1864/1841
f 2664/1868/1845 2663/1867/1844 1863/1866/1843
f 1863/1866/1843 1864/1869/1846 2664/1868/1845
f 2665/1870/1847 2664/1868/1845 1864/1869/1846
f 1864/1869/1846 1865/1871/1848 2665/1870/1847
f 2666/1872/1849 2665/1870/1847 1865/1871/1848
f 1865/1871/1848 1866/1873/1850 2666/1872/1849
f 2667/1874/1851 2666/1872/1849 1866/1873/1850
f 1866/1873/1850 1867/1875/1852 2667/1874/1851
f 1867/1875/1852 1868/1876/1853 1869/1877/1854
f 1869/1877/1854 2667/1874/1851 1867/1875/1852
f 1870/1878/1855 1869/1877/1854 1868/1876/1853
f 1868/1876/1853 1871/1879/1856 1870/1878/1855
f 1872/1880/1857 1870/1878/1855 1871/1879/1856
f 1872/1880/1857 1873/1881/1858 1874/1882/1859
f 1873/1881/1858 1872/1880/1857 1871/1879/1856
f 1875/1883/1860 1874/1882/1859 1873/1881/1858
f 1875/1883/1860 1877/1884/1861 1876/1885/1862
f 1876/1885/1862 1877/1884/1861 2672/1886/1863
f 1879/1887/1864 2672/1886/1863 1877/1884/1861
f 1877/1884/1861 1878/1888/1865 1879/1887/1864
f 1878/1888/1865 1880/1889/1866 1881/1890/1867
f 1878/1888/1865 1881/1890/1867 1879/1887/1864
f 1881/1890/1867 1882/1891/1868 1883/1892/1869
f 1882/1891/1868 1881/1890/1867 1880/1889/1866
f 2675/1893/1870 1883/1892/1869 1882/1891/1868
f 1882/1891/1868 1884/1894/1871 2675/1893/1870
f 1885/1895/1872 2675/1893/1870 1884/1894/1871
f 1885/1895/1872 1886/1896/1873 2676/1897/1874
f 2677/1898/1875 2676/1897/1874 1886/1896/1873
f 1886/1896/1873 1887/1899/1876 2677/1898/1875
f 1887/1899/1876 1888/1900/1877 1889/1901/1878
f 1889/1901/1878 2677/1898/1875 1887/1899/1876
f 1890/1902/1879 1889/1901/1878 1888/1900/1877
f 1888/1900/1877 1891/1903/1880 1890/1902/1879
f 1892/1904/1881 1890/1902/1879 1891/1903/1880
f 1891/1903/1880 1893/1905/1882 1892/1904/1881
f 1895/1906/1883 1892/1904/1881 1893/1905/1882
f 1893/1905/1882 1894/1907/1884 1895/1906/1883
f 1895/1906/1883 1896/1908/1885 2683/1909/1886
f 1896/1908/1885 1895/1906/1883 1894/1907/1884
f 2684/1910/1887 2683/1909/1886 1896/1908/1885
f 1896/1908/1885 1897/1911/1888 2684/1910/1887
f 2685/1912/1889 2684/1910/1887 1897/1911/1888
f 1897/1911/1888 1898/1913/1890 2685/1912/1889
f 1898/1913/1890 1899/1914/1891 1900/1915/1892
f 1900/1915/1892 2685/1912/1889 1898/1913/1890
f 1901/1916/1893 1900/1915/1892 1899/1914/1891
f 1899/1914/1891 1902/1917/1894 1901/1916/1893
f 1903/1918/1895 1901/1916/1893 1902/1917/1894
f 1903/1918/1895 1904/1919/1896 2688/1920/1897
f 1904/1919/1896 1905/1921/1898 1906/1922/1899
f 1906/1922/1899 2688/1920/1897 1904/1919/1896
f 1906/1922/1899 1905/1921/1898 2689/1923/1900
f 2690/1924/1901 2689/1923/1900 1905/1921/1898
f 1905/1921/1898 1907/1925/1902 2690/1924/1901
f 2691/1926/1903 2690/1924/1901 1907/1925/1902
f 1907/1925/1902 1908/1927/1904 2691/1926/1903
f 1909/1928/1905 2691/1926/1903 1908/1927/1904
f 1909/1928/1905 1910/1929/1906 1911/1930/1907
f 1913/1931/1908 1911/1930/1907 1910/1929/1906
f 1910/1929/1906 1912/1932/1909 1913/1931/1908
f 1914/1933/1910 1913/1931/1908 1912/1932/1909
f 1916/1934/1911 1914/1933/1910 1912/1932/1909
f 1912/1932/1909 1915/1935/1912 1916/1934/1911
f 1915/1935/1912 1917/1936/1913 1916/1934/1911
f 1918/1937/1914 1916/1934/1911 1917/1936/1913
f 1920/1938/1915 1918/1937/1914 1917/1936/1913
f 1917/1936/1913 1919/1939/1916 1920/1938/1915
f 2698/1940/1917 1920/1938/1915 1919/1939/1916
f 1919/1939/1916 1921/1941/1918 2698/1940/1917
f 2699/1942/1919 2698/1940/1917 1921/1941/1918
f 1921/1941/1918 1922/1943/1920 2699/1942/1919
f 1924/1944/1921 2699/1942/1919 1922/1943/1920
f 1922/1943/1920 1923/1945/1922 1924/1944/1921
f 2701/1946/1923 1924/1944/1921 1923/1945/1922
f 1923/1945/1922 1925/1947/1924 2701/1946/1923
f 1926/1948/1925 2701/1946/1923 1925/1947/1924
f 1925/1947/1924 1927/1949/1926 1926/1948/1925
f 1926/1948/1925 1928/1950/1927 1929/1951/1928
f 1928/1950/1927 1926/1948/1925 1927/1949/1926
f 1931/1952/1929 1929/1951/1928 1928/1950/1927
f 1928/1950/1927 1930/1953/1930 1931/1952/1929
f 1933/1954/1931 1931/1952/1929 1930/1953/1930
f 1930/1953/1930 1932/1955/1932 1933/1954/1931
f 1934/1956/1933 1933/1954/1931 1932/1955/1932
f 1935/1957/1934 1934/1956/1933 1932/1955/1932
f 1937/1958/1935 1934/1956/1933 1935/1957/1934
f 1935/1957/1934 1936/1959/1936 1937/1958/1935
f 1936/1959/1936 1938/1960/1937 1939/1961/1938
f 1939/1961/1938 1937/1958/1935 1936/1959/1936
f 1939/1961/1938 1940/1962/1939 1941/1963/1940
f 1940/1962/1939 1939/1961/1938 1938/1960/1937
f 1940/1962/1939 1942/1964/1941 1941/1963/1940
f 1942/1964/1941 1943/1965/1942 1944/1966/1943
f 1946/1967/1944 1943/1965/1942 2065/1968/1945
f 2065/1968/1945 1945/1969/1946 1946/1967/1944
f 1946/1967/1944 1944/1966/1943 1943/1965/1942
f 1946/1967/1944 1945/1969/1946 1947/1970/1947
f 1949/1971/1948 1947/1970/1947 1945/1969/1946
f 1945/1969/1946 1948/1972/1949 1949/1971/1948
f 1951/1973/1950 1949/1971/1948 1948/1972/1949
f 1948/1972/1949 1950/1974/1951 1951/1973/1950
f 2713/1975/1952 1951/1973/1950 1950/1974/1951
f 1952/1976/1953 2713/1975/1952 1950/1974/1951
f 1952/1976/1953 1953/1977/1954 1954/1978/1955
f 1956/1979/1956 1954/1978/1955 1953/1977/1954
f 1953/1977/1954 1955/1980/1957 1956/1979/1956
f 1957/1981/1958 1956/1979/1956 1955/1980/1957
f 1955/1980/1957 1958/1982/1959 1957/1981/1958
f 1955/1980/1957 1959/1983/1960 1958/1982/1959
f 1960/1984/1961 1958/1982/1959 1959/1983/1960
f 1961/1985/1962 1960/1984/1961 1959/1983/1960
f 1961/1985/1962 1963/1986/1963 1962/1987/1964
f 1962/1987/1964 1963/1986/1963 1964/1988/1965
f 1965/1989/1966 1964/1988/1965 1963/1986/1963
f 1963/1986/1963 2076/1990/1967 1965/1989/1966
f 1966/1991/1968 1965/1989/1966 2076/1990/1967
f 1965/1989/1966 1966/1991/1968 2723/1992/1969
f 2724/1993/1970 2723/1992/1969 1966/1991/1968
f 1966/1991/1968 1967/1994/1971 2724/1993/1970
f 2725/1995/1972 2724/1993/1970 1967/1994/1971
f 1967/1994/1971 1968/1996/1973 2725/1995/1972
f 1970/1997/1974 2725/1995/1972 1968/1996/1973
f 1968/1996/1973 1969/1998/1975 1970/1997/1974
f 1972/1999/1976 1970/1997/1974 1969/1998/1975
f 1969/1998/1975 1971/2000/1977 1972/1999/1976
f 1973/2001/1978 1972/1999/1976 1971/2000/1977
f 1971/2000/1977 1974/2002/1979 1973/2001/1978
f 2728/2003/1980 1973/2001/1978 1974/2002/1979
f 1974/2002/1979 1975/2004/1981 2728/2003/1980
f 1977/2005/1982 2728/2003/1980 1975/2004/1981
f 1975/2004/1981 1976/2006/1983 1977/2005/1982
f 1979/2007/1984 1977/2005/1982 1976/2006/1983
f 1976/2006/1983 1978/2008/1985 1979/2007/1984
f 1980/2009/1986 1979/2007/1984 1978/2008/1985
f 1978/2008/1985 2083/2010/1987 1980/2009/1986
f 1982/2011/1988 1980/2009/1986 2083/2010/1987
f 2083/2010/1987 1981/2012/1989 1982/2011/1988
f 1982/2011/1988 1981/2012/1989 1983/2013/1990
f 1985/2014/1991 1983/2013/1990 1981/2012/1989
f 1981/2012/1989 1984/2015/1992 1985/2014/1991
f 1987/2016/1993 1985/2014/1991 1984/2015/1992
f 1984/2015/1992 1986/2017/1994 1987/2016/1993
f 1988/2018/1995 1987/2016/1993 1986/2017/1994
f 1988/2018/1995 1989/2019/1996 1990/2020/1997
f 1991/2021/1998 1990/2020/1997 1989/2019/1996
f 1989/2019/1996 1992/2022/1999 1991/2021/1998
f 1991/2021/1998 1992/2022/1999 1994/2023/2000
f 1992/2022/1999 1993/2024/2001 1994/2023/2000
f 1996/2025/2002 1994/2023/2000 1993/2024/2001
f 1993/2024/2001 1995/2026/2003 1996/2025/2002
f 1998/2027/2004 1996/2025/2002 1995/2026/2003
f 1995/2026/2003 1997/2028/2005 1998/2027/2004
f 1997/2028/2005 1999/2029/2006 1998/2027/2004
f 2740/2030/2007 1998/2027/2004 1999/2029/2006
f 2000/2031/2008 2740/2030/2007 1999/2029/2006
f 2001/2032/2009 2000/2031/2008 2095/2033/2010
f 2000/2031/2008 2001/2032/2009 2742/2034/2011
f 2002/2035/2012 2742/2034/2011 2001/2032/2009
f 2001/2032/2009 2003/2036/2013 2002/2035/2012
f 2004/2037/2014 2002/2035/2012 2003/2036/2013
f 2003/2036/2013 2005/2038/2015 2006/2039/2016
f 2006/2039/2016 2004/2037/2014 2003/2036/2013
f 2006/2039/2016 2005/2038/2015 2007/2040/2017
f 2005/2038/2015 2008/2041/2018 2009/2042/2019
f 2009/2042/2019 2007/2040/2017 2005/2038/2015
f 2010/2043/2020 2009/2042/2019 2008/2041/2018
f 2009/2042/2019 2010/2043/2020 2011/2044/2021
f 2013/2045/2022 2011/2044/2021 2010/2043/2020
f 2010/2043/2020 2012/2046/2023 2013/2045/2022
f 2014/2047/2024 2013/2045/2022 2012/2046/2023
f 2012/2046/2023 2015/2048/2025 2016/2049/2026
f 2012/2046/2023 2016/2049/2026 2014/2047/2024
f 2016/2049/2026 2015/2048/2025 2017/2050/2027
f 2019/2051/2028 2017/2050/2027 2015/2048/2025
f 2015/2048/2025 2018/2052/2029 2019/2051/2028
f 2020/2053/2030 2019/2051/2028 2018/2052/2029
f 2022/2054/2031 2020/2053/2030 2018/2052/2029
f 2018/2052/2029 2021/2055/2032 2022/2054/2031
f 2024/2056/2033 2022/2054/2031 2021/2055/2032
f 2021/2055/2032 2023/2057/2034 2024/2056/2033
f 2026/2058/2035 2024/2056/2033 2023/2057/2034
f 2023/2057/2034 2025/2059/2036 2026/2058/2035
f 2027/2060/2037 2025/2059/2036 2110/2061/2038
f 2028/2062/2039 2029/2063/2040 1849/1849/1826
f 1852/1853/1830 1850/1850/1827 1849/1849/1826
f 1852/1853/1830 1849/1849/1826 2029/2063/2040
f 1855/1857/1834 2030/2064/2041 1856/1858/1835
f 1856/1858/1835 2031/2065/2042 1857/1859/1836
f 2031/2065/2042 1856/1858/1835 2030/2064/2041
f 1858/1860/1837 1857/1859/1836 2031/2065/2042
f 1860/1862/1839 2032/2066/2043 1861/1864/1841
f 1863/1866/1843 1861/1864/1841 2032/2066/2043
f 1866/1873/1850 1868/1876/1853 1867/1875/1852
f 1871/1879/1856 1868/1876/1853 2033/2067/2044
f 2033/2067/2044 2034/2068/2045 1871/1879/1856
f 2034/2068/2045 2035/2069/2046 1871/1879/1856
f 1873/1881/1858 1871/1879/1856 2035/2069/2046
f 2035/2069/2046 2036/2070/2047 1873/1881/1858
f 1875/1883/1860 1873/1881/1858 2036/2070/2047
f 2036/2070/2047 2037/2071/2048 1875/1883/1860
f 1877/1884/1861 1875/1883/1860 2037/2071/2048
f 2037/2071/2048 2038/2072/2049 1877/1884/1861
f 2039/2073/2050 1877/1884/1861 2038/2072/2049
f 1878/1888/1865 1877/1884/1861 2039/2073/2050
f 2039/2073/2050 2040/2074/2051 1878/1888/1865
f 1880/1889/1866 1878/1888/1865 2040/2074/2051
f 1882/1891/1868 1880/1889/1866 2041/2075/2052
f 1884/1894/1871 2042/2076/2053 1885/1895/1872
f 1886/1896/1873 1885/1895/1872 2042/2076/2053
f 1887/1899/1876 2043/2077/2054 1888/1900/1877
f 1891/1903/1880 1888/1900/1877 2043/2077/2054
f 1891/1903/1880 2044/2078/2055 1893/1905/1882
f 1894/1907/1884 1893/1905/1882 2044/2078/2055
f 2044/2078/2055 2045/2079/2056 1894/1907/1884
f 1896/1908/1885 1894/1907/1884 2045/2079/2056
f 1902/1917/1894 2046/2080/2057 1903/1918/1895
f 1904/1919/1896 1903/1918/1895 2046/2080/2057
f 1904/1919/1896 2047/2081/2058 1905/1921/1898
f 2048/2082/2059 1905/1921/1898 2047/2081/2058
f 1907/1925/1902 1905/1921/1898 2048/2082/2059
f 1908/1927/1904 2049/2083/2060 1909/1928/1905
f 1910/1929/1906 1909/1928/1905 2049/2083/2060
f 2049/2083/2060 2050/2084/2061 1910/1929/1906
f 2051/2085/2062 1910/1929/1906 2050/2084/2061
f 1910/1929/1906 2051/2085/2062 1912/1932/1909
f 2051/2085/2062 2052/2086/2063 1912/1932/1909
f 1915/1935/1912 1912/1932/1909 2052/2086/2063
f 1917/1936/1913 1915/1935/1912 2052/2086/2063
f 2052/2086/2063 2054/2087/2064 1917/1936/1913
f 2052/2086/2063 2053/2088/2065 2054/2087/2064
f 1919/1939/1916 1917/1936/1913 2054/2087/2064
f 1921/1941/1918 1923/1945/1922 1922/1943/1920
f 1925/1947/1924 1923/1945/1922 2055/2089/2066
f 2055/2089/2066 2056/2090/2067 1925/1947/1924
f 1927/1949/1926 1925/1947/1924 2056/2090/2067
f 2056/2090/2067 2057/2091/2068 1927/1949/1926
f 2058/2092/2069 1927/1949/1926 2057/2091/2068
f 1927/1949/1926 2058/2092/2069 1928/1950/1927
f 1930/1953/1930 1928/1950/1927 2058/2092/2069
f 2058/2092/2069 2059/2093/2070 1930/1953/1930
f 2060/2094/2071 1930/1953/1930 2059/2093/2070
f 1930/1953/1930 2060/2094/2071 1932/1955/1932
f 2060/2094/2071 1935/1957/1934 1932/1955/1932
f 2060/2094/2071 2061/2095/2072 1935/1957/1934
f 2062/2096/2073 1935/1957/1934 2061/2095/2072
f 1936/1959/1936 1935/1957/1934 2062/2096/2073
f 1938/1960/1937 2063/2097/2074 1940/1962/1939
f 1942/1964/1941 1940/1962/1939 2063/2097/2074
f 2063/2097/2074 2064/2098/2075 1942/1964/1941
f 1943/1965/1942 1942/1964/1941 2064/2098/2075
f 2064/2098/2075 2065/1968/1945 1943/1965/1942
f 2065/1968/1945 2066/2099/2076 1945/1969/1946
f 1948/1972/1949 1945/1969/1946 2066/2099/2076
f 2066/2099/2076 2067/2100/2077 1948/1972/1949
f 2068/2101/2078 1948/1972/1949 2067/2100/2077
f 1950/1974/1951 1948/1972/1949 2068/2101/2078
f 2068/2101/2078 2069/2102/2079 1950/1974/1951
f 1952/1976/1953 1950/1974/1951 2069/2102/2079
f 2069/2102/2079 2070/2103/2080 1952/1976/1953
f 2071/2104/2081 1952/1976/1953 2070/2103/2080
f 1952/1976/1953 2071/2104/2081 1953/1977/1954
f 1955/1980/1957 1953/1977/1954 2071/2104/2081
f 1959/1983/1960 1955/1980/1957 2071/2104/2081
f 1959/1983/1960 2071/2104/2081 2072/2105/2082
f 2074/2106/2083 1959/1983/1960 2073/2107/2084
f 1959/1983/1960 2074/2106/2083 1961/1985/1962
f 1963/1986/1963 1961/1985/1962 2074/2106/2083
f 2076/1990/1967 2074/2106/2083 2075/2108/2085
f 2074/2106/2083 2076/1990/1967 1963/1986/1963
f 1966/1991/1968 2076/1990/1967 2077/2109/2086
f 1968/1996/1973 2078/2110/2087 1969/1998/1975
f 2078/2110/2087 2079/2111/2088 1971/2000/1977
f 1971/2000/1977 1969/1998/1975 2078/2110/2087
f 1974/2002/1979 1971/2000/1977 2079/2111/2088
f 2079/2111/2088 2080/2112/2089 1974/2002/1979
f 2081/2113/2090 1974/2002/1979 2080/2112/2089
f 1975/2004/1981 1974/2002/1979 2081/2113/2090
f 1975/2004/1981 2082/2114/2091 1976/2006/1983
f 1978/2008/1985 1976/2006/1983 2082/2114/2091
f 2082/2114/2091 2083/2010/1987 1978/2008/1985
f 1981/2012/1989 2083/2010/1987 2084/2115/2092
f 2084/2115/2092 2085/2116/2093 1981/2012/1989
f 2086/2117/2094 1981/2012/1989 2085/2116/2093
f 1984/2015/1992 1981/2012/1989 2086/2117/2094
f 2086/2117/2094 2087/2118/2095 1984/2015/1992
f 1986/2017/1994 1984/2015/1992 2087/2118/2095
f 1986/2017/1994 2088/2119/2096 1988/2018/1995
f 1989/2019/1996 1988/2018/1995 2088/2119/2096
f 1989/2019/1996 2089/2120/2097 1992/2022/1999
f 2091/2121/2098 1992/2022/1999 2089/2120/2097
f 2089/2120/2097 2090/2122/2099 2091/2121/2098
f 1992/2022/1999 2091/2121/2098 1993/2024/2001
f 2091/2121/2098 2092/2123/2100 1995/2026/2003
f 1995/2026/2003 1993/2024/2001 2091/2121/2098
f 1995/2026/2003 2093/2124/2101 1997/2028/2005
f 2093/2124/2101 1995/2026/2003 2092/2123/2100
f 1999/2029/2006 1997/2028/2005 2093/2124/2101
f 2093/2124/2101 2094/2125/2102 1999/2029/2006
f 2000/2031/2008 1999/2029/2006 2094/2125/2102
f 2094/2125/2102 2095/2033/2010 2000/2031/2008
f 2095/2033/2010 2096/2126/2103 2001/2032/2009
f 2097/2127/2104 2001/2032/2009 2096/2126/2103
f 2003/2036/2013 2001/2032/2009 2097/2127/2104
f 2005/2038/2015 2097/2127/2104 2098/2128/2105
f 2098/2128/2105 2099/2129/2106 2005/2038/2015
f 2005/2038/2015 2003/2036/2013 2097/2127/2104
f 2099/2129/2106 2100/2130/2107 2005/2038/2015
f 2008/2041/2018 2005/2038/2015 2100/2130/2107
f 2100/2130/2107 2101/2131/2108 2008/2041/2018
f 2008/2041/2018 2102/2132/2109 2010/2043/2020
f 2102/2132/2109 2008/2041/2018 2101/2131/2108
f 2102/2132/2109 2103/2133/2110 2012/2046/2023
f 2012/2046/2023 2010/2043/2020 2102/2132/2109
f 2104/2134/2111 2012/2046/2023 2103/2133/2110
f 2015/2048/2025 2012/2046/2023 2104/2134/2111
f 2104/2134/2111 2105/2135/2112 2015/2048/2025
f 2018/2052/2029 2105/2135/2112 2106/2136/2113
f 2018/2052/2029 2015/2048/2025 2105/2135/2112
f 2107/2137/2114 2018/2052/2029 2106/2136/2113
f 2107/2137/2114 2108/2138/2115 2021/2055/2032
f 2021/2055/2032 2018/2052/2029 2107/2137/2114
f 2023/2057/2034 2021/2055/2032 2108/2138/2115
f 2108/2138/2115 2109/2139/2116 2023/2057/2034
f 2110/2061/2038 2023/2057/2034 2109/2139/2116
f 2023/2057/2034 2110/2061/2038 2025/2059/2036
f 2112/2140/2117 2110/2061/2038 2111/2141/2118
f 2110/2061/2038 2112/2140/2117 2027/2060/2037
f 2113/2142/2119 2114/2143/2120 2115/2144/2121
f 1852/1853/1830 2029/2063/2040 2116/2145/2122
f 2116/2145/2122 2117/2146/2123 1852/1853/1830
f 2118/2147/2124 2115/2144/2121 2114/2143/2120
f 1853/1855/1832 1852/1853/1830 2117/2146/2123
f 2117/2146/2123 2120/2148/2125 1853/1855/1832
f 1855/1857/1834 1853/1855/1832 2120/2148/2125
f 2120/2148/2125 2121/2149/2126 1855/1857/1834
f 2122/2150/2127 2123/2151/2128 2124/2152/2129
f 2030/2064/2041 1855/1857/1834 2121/2149/2126
f 2030/2064/2041 2125/2153/2130 2031/2065/2042
f 2127/2154/2131 2124/2152/2129 2123/2151/2128
f 2123/2151/2128 2126/2155/2132 2127/2154/2131
f 2128/2156/2133 2127/2154/2131 2126/2155/2132
f 1858/1860/1837 2031/2065/2042 2125/2153/2130
f 2125/2153/2130 2129/2157/2134 1858/1860/1837
f 1860/1862/1839 1858/1860/1837 2129/2157/2134
f 2129/2157/2134 2130/2158/2135 1860/1862/1839
f 2131/2159/2136 2400/2160/2137 2132/2161/2138
f 2032/2066/2043 1860/1862/1839 2130/2158/2135
f 2032/2066/2043 2133/2162/2139 1863/1866/1843
f 2135/2163/2140 2132/2161/2138 2400/2160/2137
f 2400/2160/2137 2134/2164/2141 2135/2163/2140
f 2136/2165/2142 2135/2163/2140 2134/2164/2141
f 2134/2164/2141 2401/2166/2143 2136/2165/2142
f 1864/1869/1846 1863/1866/1843 2133/2162/2139
f 2133/2162/2139 2137/2167/2144 1864/1869/1846
f 1865/1871/1848 1864/1869/1846 2137/2167/2144
f 2137/2167/2144 2138/2168/2145 1865/1871/1848
f 2139/2169/2146 2136/2165/2142 2401/2166/2143
f 1866/1873/1850 1865/1871/1848 2138/2168/2145
f 2138/2168/2145 2141/2170/2147 1866/1873/1850
f 1868/1876/1853 1866/1873/1850 2141/2170/2147
f 2141/2170/2147 2142/2171/2148 1868/1876/1853
f 2143/2172/2149 2144/2173/2150 2145/2174/2151
f 2033/2067/2044 1868/1876/1853 2142/2171/2148
f 2147/2175/2152 2145/2174/2151 2144/2173/2150
f 2144/2173/2150 2146/2176/2153 2147/2175/2152
f 2149/2177/2154 2147/2175/2152 2146/2176/2153
f 2146/2176/2153 2148/2178/2155 2149/2177/2154
f 2151/2179/2156 2149/2177/2154 2148/2178/2155
f 2148/2178/2155 2150/2180/2157 2151/2179/2156
f 2153/2181/2158 2151/2179/2156 2150/2180/2157
f 2150/2180/2157 2152/2182/2159 2153/2181/2158
f 2155/2183/2160 2153/2181/2158 2152/2182/2159
f 2152/2182/2159 2154/2184/2161 2155/2183/2160
f 2157/2185/2162 2155/2183/2160 2154/2184/2161
f 2154/2184/2161 2156/2186/2163 2157/2185/2162
f 2038/2072/2049 2158/2187/2164 2039/2073/2050
f 2040/2074/2051 2039/2073/2050 2158/2187/2164
f 2158/2187/2164 2159/2188/2165 2040/2074/2051
f 2160/2189/2166 2157/2185/2162 2156/2186/2163
f 1880/1889/1866 2040/2074/2051 2159/2188/2165
f 2159/2188/2165 2162/2190/2167 1880/1889/1866
f 2041/2075/2052 1880/1889/1866 2162/2190/2167
f 2161/2191/2168 2163/2192/2169 2164/2193/2170
f 1882/1891/1868 2041/2075/2052 2165/2194/2171
f 2165/2194/2171 2166/2195/2172 1882/1891/1868
f 2168/2196/2173 2164/2193/2170 2163/2192/2169
f 2163/2192/2169 2167/2197/2174 2168/2196/2173
f 2169/2198/2175 2168/2196/2173 2167/2197/2174
f 2167/2197/2174 2414/2199/2176 2169/2198/2175
f 1884/1894/1871 1882/1891/1868 2166/2195/2172
f 2166/2195/2172 2170/2200/2177 1884/1894/1871
f 2042/2076/2053 1884/1894/1871 2170/2200/2177
f 2170/2200/2177 2171/2201/2178 2042/2076/2053
f 2172/2202/2179 2169/2198/2175 2414/2199/2176
f 1886/1896/1873 2042/2076/2053 2171/2201/2178
f 2171/2201/2178 2174/2203/2180 1886/1896/1873
f 1887/1899/1876 1886/1896/1873 2174/2203/2180
f 2174/2203/2180 2175/2204/2181 1887/1899/1876
f 2176/2205/2182 2418/2206/2183 2177/2207/2184
f 2043/2077/2054 1887/1899/1876 2175/2204/2181
f 2043/2077/2054 2178/2208/2185 1891/1903/1880
f 2180/2209/2186 2177/2207/2184 2418/2206/2183
f 2418/2206/2183 2179/2210/2187 2180/2209/2186
f 2181/2211/2188 2180/2209/2186 2179/2210/2187
f 2178/2208/2185 2182/2212/2189 1891/1903/1880
f 2044/2078/2055 1891/1903/1880 2182/2212/2189
f 2184/2213/2190 2181/2211/2188 2179/2210/2187
f 2179/2210/2187 2183/2214/2191 2184/2213/2190
f 2185/2215/2192 2184/2213/2190 2183/2214/2191
f 2045/2079/2056 2186/2216/2193 1896/1908/1885
f 2185/2215/2192 2187/2217/2194 2188/2218/2195
f 2189/2219/2196 2188/2218/2195 2187/2217/2194
f 1897/1911/1888 1896/1908/1885 2186/2216/2193
f 2186/2216/2193 2190/2220/2197 1897/1911/1888
f 1898/1913/1890 1897/1911/1888 2190/2220/2197
f 2190/2220/2197 2191/2221/2198 1898/1913/1890
f 1899/1914/1891 1898/1913/1890 2191/2221/2198
f 2191/2221/2198 2194/2222/2199 1899/1914/1891
f 1902/1917/1894 1899/1914/1891 2194/2222/2199
f 2194/2222/2199 2195/2223/2200 1902/1917/1894
f 2046/2080/2057 1902/1917/1894 2195/2223/2200
f 2046/2080/2057 2198/2224/2201 1904/1919/1896
f 2199/2225/2202 2426/2226/2203 2200/2227/2204
f 2047/2081/2058 1904/1919/1896 2198/2224/2201
f 2047/2081/2058 2201/2228/2205 2048/2082/2059
f 2203/2229/2206 2200/2227/2204 2426/2226/2203
f 2426/2226/2203 2202/2230/2207 2203/2229/2206
f 2204/2231/2208 2203/2229/2206 2202/2230/2207
f 1907/1925/1902 2048/2082/2059 2201/2228/2205
f 2201/2228/2205 2205/2232/2209 1907/1925/1902
f 1908/1927/1904 1907/1925/1902 2205/2232/2209
f 2205/2232/2209 2206/2233/2210 1908/1927/1904
f 2207/2234/2211 2430/2235/2212 2208/2236/2213
f 2049/2083/2060 1908/1927/1904 2206/2233/2210
f 2210/2237/2214 2208/2236/2213 2430/2235/2212
f 2430/2235/2212 2209/2238/2215 2210/2237/2214
f 2212/2239/2216 2210/2237/2214 2209/2238/2215
f 2209/2238/2215 2211/2240/2217 2212/2239/2216
f 2050/2084/2061 2213/2241/2218 2051/2085/2062
f 2215/2242/2219 2212/2239/2216 2211/2240/2217
f 2211/2240/2217 2214/2243/2220 2215/2242/2219
f 2052/2086/2063 2051/2085/2062 2213/2241/2218
f 2213/2241/2218 2216/2244/2221 2052/2086/2063
f 2216/2244/2221 2217/2245/2222 2052/2086/2063
f 2219/2246/2223 2215/2242/2219 2214/2243/2220
f 2214/2243/2220 2218/2247/2224 2219/2246/2223
f 2217/2245/2222 2220/2248/2225 2052/2086/2063
f 2053/2088/2065 2052/2086/2063 2220/2248/2225
f 2222/2249/2226 2219/2246/2223 2218/2247/2224
f 2218/2247/2224 2221/2250/2227 2222/2249/2226
f 2223/2251/2228 2222/2249/2226 2221/2250/2227
f 2053/2088/2065 2224/2252/2229 2054/2087/2064
f 1919/1939/1916 2054/2087/2064 2224/2252/2229
f 2224/2252/2229 2225/2253/2230 1919/1939/1916
f 2227/2254/2231 2223/2251/2228 2221/2250/2227
f 2221/2250/2227 2226/2255/2232 2227/2254/2231
f 2228/2256/2233 2227/2254/2231 2226/2255/2232
f 1921/1941/1918 1919/1939/1916 2225/2253/2230
f 2225/2253/2230 2229/2257/2234 1921/1941/1918
f 1923/1945/1922 1921/1941/1918 2229/2257/2234
f 2229/2257/2234 2230/2258/2235 1923/1945/1922
f 2055/2089/2066 1923/1945/1922 2230/2258/2235
f 2230/2258/2235 2233/2259/2236 2055/2089/2066
f 2233/2259/2236 2234/2260/2237 2055/2089/2066
f 2232/2261/2238 2235/2262/2239 2236/2263/2240
f 2056/2090/2067 2055/2089/2066 2234/2260/2237
f 2238/2264/2241 2236/2263/2240 2235/2262/2239
f 2235/2262/2239 2237/2265/2242 2238/2264/2241
f 2057/2091/2068 2056/2090/2067 2234/2260/2237
f 2240/2266/2243 2238/2264/2241 2237/2265/2242
f 2237/2265/2242 2241/2267/2244 2240/2266/2243
f 2058/2092/2069 2057/2091/2068 2239/2268/2245
f 2059/2093/2070 2058/2092/2069 2239/2268/2245
f 2243/2269/2246 2240/2266/2243 2241/2267/2244
f 2241/2267/2244 2242/2270/2247 2243/2269/2246
f 2244/2271/2248 2243/2269/2246 2242/2270/2247
f 2059/2093/2070 2245/2272/2249 2060/2094/2071
f 2061/2095/2072 2060/2094/2071 2245/2272/2249
f 2244/2271/2248 2246/2273/2250 2247/2274/2251
f 2249/2275/2252 2247/2274/2251 2246/2273/2250
f 2246/2273/2250 2248/2276/2253 2249/2275/2252
f 2061/2095/2072 2250/2277/2254 2062/2096/2073
f 1936/1959/1936 2062/2096/2073 2250/2277/2254
f 2250/2277/2254 2251/2278/2255 1936/1959/1936
f 2253/2279/2256 2249/2275/2252 2248/2276/2253
f 2248/2276/2253 2252/2280/2257 2253/2279/2256
f 2254/2281/2258 2253/2279/2256 2252/2280/2257
f 1938/1960/1937 1936/1959/1936 2251/2278/2255
f 2251/2278/2255 2255/2282/2259 1938/1960/1937
f 2063/2097/2074 1938/1960/1937 2255/2282/2259
f 2255/2282/2259 2256/2283/2260 2063/2097/2074
f 2064/2098/2075 2063/2097/2074 2256/2283/2260
f 2256/2283/2260 2258/2284/2261 2064/2098/2075
f 2257/2285/2262 2259/2286/2263 2260/2287/2264
f 2261/2288/2265 2260/2287/2264 2259/2286/2263
f 2065/1968/1945 2064/2098/2075 2258/2284/2261
f 2258/2284/2261 2262/2289/2266 2065/1968/1945
f 2262/2289/2266 2263/2290/2267 2065/1968/1945
f 2264/2291/2268 2265/2292/2269 2266/2293/2270
f 2066/2099/2076 2065/1968/1945 2263/2290/2267
f 2267/2294/2271 2266/2293/2270 2265/2292/2269
f 2267/2294/2271 2268/2295/2272 2269/2296/2273
f 2067/2100/2077 2270/2297/2274 2068/2101/2078
f 2069/2102/2079 2068/2101/2078 2270/2297/2274
f 2270/2297/2274 2271/2298/2275 2069/2102/2079
f 2273/2299/2276 2269/2296/2273 2268/2295/2272
f 2268/2295/2272 2272/2300/2277 2273/2299/2276
f 2274/2301/2278 2273/2299/2276 2272/2300/2277
f 2272/2300/2277 2450/2302/2279 2274/2301/2278
f 2271/2298/2275 2275/2303/2280 2069/2102/2079
f 2070/2103/2080 2069/2102/2079 2275/2303/2280
f 2277/2304/2281 2274/2301/2278 2450/2302/2279
f 2450/2302/2279 2276/2305/2282 2277/2304/2281
f 2278/2306/2283 2277/2304/2281 2276/2305/2282
f 2070/2103/2080 2279/2307/2284 2071/2104/2081
f 2279/2307/2284 2280/2308/2285 2071/2104/2081
f 2072/2105/2082 2071/2104/2081 2280/2308/2285
f 2282/2309/2286 2284/2310/2287 2285/2311/2288
f 1959/1983/1960 2072/2105/2082 2283/2312/2289
f 2073/2107/2084 1959/1983/1960 2283/2312/2289
f 2287/2313/2290 2285/2311/2288 2284/2310/2287
f 2284/2310/2287 2286/2314/2291 2287/2313/2290
f 2289/2315/2292 2287/2313/2290 2286/2314/2291
f 2286/2314/2291 2288/2316/2293 2289/2315/2292
f 2073/2107/2084 2290/2317/2294 2074/2106/2083
f 2075/2108/2085 2074/2106/2083 2290/2317/2294
f 2292/2318/2295 2289/2315/2292 2288/2316/2293
f 2288/2316/2293 2291/2319/2296 2292/2318/2295
f 2293/2320/2297 2292/2318/2295 2291/2319/2296
f 2075/2108/2085 2294/2321/2298 2076/1990/1967
f 2077/2109/2086 2076/1990/1967 2294/2321/2298
f 2293/2320/2297 2295/2322/2299 2296/2323/2300
f 2298/2324/2301 2296/2323/2300 2295/2322/2299
f 2295/2322/2299 2297/2325/2302 2298/2324/2301
f 2077/2109/2086 2299/2326/2303 1966/1991/1968
f 1967/1994/1971 1966/1991/1968 2299/2326/2303
f 2299/2326/2303 2300/2327/2304 1967/1994/1971
f 2302/2328/2305 2298/2324/2301 2297/2325/2302
f 2297/2325/2302 2301/2329/2306 2302/2328/2305
f 2303/2330/2307 2302/2328/2305 2301/2329/2306
f 1968/1996/1973 1967/1994/1971 2300/2327/2304
f 2300/2327/2304 2304/2331/2308 1968/1996/1973
f 2078/2110/2087 1968/1996/1973 2304/2331/2308
f 2304/2331/2308 2305/2332/2309 2078/2110/2087
f 2079/2111/2088 2078/2110/2087 2305/2332/2309
f 2307/2333/2310 2308/2334/2311 2309/2335/2312
f 2311/2336/2313 2309/2335/2312 2308/2334/2311
f 2308/2334/2311 2310/2337/2314 2311/2336/2313
f 2080/2112/2089 2312/2338/2315 2081/2113/2090
f 1975/2004/1981 2081/2113/2090 2312/2338/2315
f 2312/2338/2315 2313/2339/2316 1975/2004/1981
f 2315/2340/2317 2311/2336/2313 2310/2337/2314
f 2310/2337/2314 2314/2341/2318 2315/2340/2317
f 2317/2342/2319 2315/2340/2317 2314/2341/2318
f 2314/2341/2318 2316/2343/2320 2317/2342/2319
f 2082/2114/2091 1975/2004/1981 2313/2339/2316
f 2313/2339/2316 2318/2344/2321 2082/2114/2091
f 2318/2344/2321 2319/2345/2322 2082/2114/2091
f 2316/2343/2320 2320/2346/2323 2317/2342/2319
f 2083/2010/1987 2082/2114/2091 2319/2345/2322
f 2319/2345/2322 2321/2347/2324 2083/2010/1987
f 2084/2115/2092 2083/2010/1987 2321/2347/2324
f 2322/2348/2325 2323/2349/2326 2324/2350/2327
f 2085/2116/2093 2325/2351/2328 2086/2117/2094
f 2327/2352/2329 2324/2350/2327 2323/2349/2326
f 2323/2349/2326 2326/2353/2330 2327/2352/2329
f 2087/2118/2095 2086/2117/2094 2325/2351/2328
f 2325/2351/2328 2328/2354/2331 2087/2118/2095
f 2329/2355/2332 2327/2352/2329 2326/2353/2330
f 2326/2353/2330 2469/2356/2333 2329/2355/2332
f 2330/2357/2334 2329/2355/2332 2469/2356/2333
f 2469/2356/2333 2470/2358/2335 2330/2357/2334
f 1986/2017/1994 2087/2118/2095 2328/2354/2331
f 2328/2354/2331 2331/2359/2336 1986/2017/1994
f 2088/2119/2096 1986/2017/1994 2331/2359/2336
f 2333/2360/2337 2330/2357/2334 2470/2358/2335
f 2470/2358/2335 2332/2361/2338 2333/2360/2337
f 2334/2362/2339 2333/2360/2337 2332/2361/2338
f 2088/2119/2096 2335/2363/2340 1989/2019/1996
f 2089/2120/2097 1989/2019/1996 2335/2363/2340
f 2336/2364/2341 2337/2365/2342 2338/2366/2343
f 2090/2122/2099 2339/2367/2344 2091/2121/2098
f 2341/2368/2345 2338/2366/2343 2337/2365/2342
f 2337/2365/2342 2340/2369/2346 2341/2368/2345
f 2343/2370/2347 2341/2368/2345 2340/2369/2346
f 2340/2369/2346 2342/2371/2348 2343/2370/2347
f 2092/2123/2100 2091/2121/2098 2339/2367/2344
f 2092/2123/2100 2344/2372/2349 2093/2124/2101
f 2346/2373/2350 2343/2370/2347 2342/2371/2348
f 2342/2371/2348 2345/2374/2351 2346/2373/2350
f 2094/2125/2102 2093/2124/2101 2344/2372/2349
f 2344/2372/2349 2347/2375/2352 2094/2125/2102
f 2348/2376/2353 2346/2373/2350 2345/2374/2351
f 2345/2374/2351 2477/2377/2354 2348/2376/2353
f 2349/2378/2355 2348/2376/2353 2477/2377/2354
f 2095/2033/2010 2094/2125/2102 2347/2375/2352
f 2347/2375/2352 2350/2379/2356 2095/2033/2010
f 2350/2379/2356 2351/2380/2357 2095/2033/2010
f 2096/2126/2103 2095/2033/2010 2351/2380/2357
f 2096/2126/2103 2354/2381/2358 2097/2127/2104
f 2354/2381/2358 2357/2382/2359 2097/2127/2104
f 2098/2128/2105 2097/2127/2104 2357/2382/2359
f 2358/2383/2360 2359/2384/2361 2360/2385/2362
f 2362/2386/2363 2360/2385/2362 2359/2384/2361
f 2359/2384/2361 2361/2387/2364 2362/2386/2363
f 2364/2388/2365 2362/2386/2363 2361/2387/2364
f 2361/2387/2364 2363/2389/2366 2364/2388/2365
f 2100/2130/2107 2365/2390/2367 2101/2131/2108
f 2365/2390/2367 2366/2391/2368 2101/2131/2108
f 2367/2392/2369 2364/2388/2365 2363/2389/2366
f 2368/2393/2370 2367/2392/2369 2363/2389/2366
f 2366/2391/2368 2369/2394/2371 2101/2131/2108
f 2102/2132/2109 2101/2131/2108 2369/2394/2371
f 2103/2133/2110 2102/2132/2109 2369/2394/2371
f 2103/2133/2110 2371/2395/2372 2104/2134/2111
f 2371/2395/2372 2374/2396/2373 2104/2134/2111
f 2105/2135/2112 2104/2134/2111 2374/2396/2373
f 2374/2396/2373 2375/2397/2374 2105/2135/2112
f 2373/2398/2375 2376/2399/2376 2377/2400/2377
f 2378/2401/2378 2377/2400/2377 2376/2399/2376
f 2375/2397/2374 2379/2402/2379 2105/2135/2112
f 2106/2136/2113 2105/2135/2112 2379/2402/2379
f 2379/2402/2379 2380/2403/2380 2106/2136/2113
f 2106/2136/2113 2383/2404/2381 2107/2137/2114
f 2382/2405/2382 2384/2406/2383 2385/2407/2384
f 2387/2408/2385 2385/2407/2384 2384/2406/2383
f 2384/2406/2383 2386/2409/2386 2387/2408/2385
f 2108/2138/2115 2107/2137/2114 2383/2404/2381
f 2388/2410/2387 2387/2408/2385 2386/2409/2386
f 2109/2139/2116 2390/2411/2388 2110/2061/2038
f 2111/2141/2118 2110/2061/2038 2390/2411/2388
f 2389/2412/2389 2391/2413/2390 2392/2414/2391
f 2393/2415/2392 2392/2414/2391 2391/2413/2390
f 2391/2413/2390 2497/2416/2393 2393/2415/2392
f 2114/2143/2120 2113/2142/2119 2394/2417/2394
f 2394/2417/2394 2395/2418/2395 2114/2143/2120
f 2118/2147/2124 2114/2143/2120 2395/2418/2395
f 2395/2418/2395 2396/2419/2396 2118/2147/2124
f 2397/2420/2397 2118/2147/2124 2396/2419/2396
f 2118/2147/2124 2397/2420/2397 2119/2421/2398
f 2122/2150/2127 2119/2421/2398 2397/2420/2397
f 2397/2420/2397 2398/2422/2399 2122/2150/2127
f 2123/2151/2128 2122/2150/2127 2398/2422/2399
f 2398/2422/2399 2500/2423/2400 2123/2151/2128
f 2126/2155/2132 2123/2151/2128 2500/2423/2400
f 2126/2155/2132 2502/2424/2401 2128/2156/2133
f 2128/2156/2133 2399/2425/2402 2131/2159/2136
f 2399/2425/2402 2128/2156/2133 2502/2424/2401
f 2400/2160/2137 2131/2159/2136 2399/2425/2402
f 2401/2166/2143 2402/2426/2403 2139/2169/2146
f 2140/2427/2404 2139/2169/2146 2402/2426/2403
f 2402/2426/2403 2403/2428/2405 2140/2427/2404
f 2143/2172/2149 2140/2427/2404 2403/2428/2405
f 2403/2428/2405 2404/2429/2406 2143/2172/2149
f 2404/2429/2406 2405/2430/2407 2144/2173/2150
f 2144/2173/2150 2143/2172/2149 2404/2429/2406
f 2146/2176/2153 2144/2173/2150 2405/2430/2407
f 2405/2430/2407 2406/2431/2408 2146/2176/2153
f 2148/2178/2155 2146/2176/2153 2406/2431/2408
f 2406/2431/2408 2407/2432/2409 2148/2178/2155
f 2150/2180/2157 2148/2178/2155 2407/2432/2409
f 2407/2432/2409 2408/2433/2410 2150/2180/2157
f 2152/2182/2159 2150/2180/2157 2408/2433/2410
f 2408/2433/2410 2409/2434/2411 2152/2182/2159
f 2154/2184/2161 2152/2182/2159 2409/2434/2411
f 2409/2434/2411 2410/2435/2412 2154/2184/2161
f 2156/2186/2163 2154/2184/2161 2410/2435/2412
f 2156/2186/2163 2411/2436/2413 2160/2189/2166
f 2411/2436/2413 2156/2186/2163 2410/2435/2412
f 2161/2191/2168 2160/2189/2166 2411/2436/2413
f 2411/2436/2413 2412/2437/2414 2161/2191/2168
f 2163/2192/2169 2161/2191/2168 2412/2437/2414
f 2412/2437/2414 2413/2438/2415 2163/2192/2169
f 2167/2197/2174 2163/2192/2169 2413/2438/2415
f 2414/2199/2176 2415/2439/2416 2172/2202/2179
f 2416/2440/2417 2172/2202/2179 2415/2439/2416
f 2172/2202/2179 2416/2440/2417 2173/2441/2418
f 2176/2205/2182 2173/2441/2418 2416/2440/2417
f 2416/2440/2417 2417/2442/2419 2176/2205/2182
f 2418/2206/2183 2176/2205/2182 2417/2442/2419
f 2418/2206/2183 2419/2443/2420 2179/2210/2187
f 2183/2214/2191 2179/2210/2187 2419/2443/2420
f 2419/2443/2420 2420/2444/2421 2183/2214/2191
f 2421/2445/2422 2183/2214/2191 2420/2444/2421
f 2183/2214/2191 2421/2445/2422 2185/2215/2192
f 2187/2217/2194 2185/2215/2192 2421/2445/2422
f 2187/2217/2194 2422/2446/2423 2189/2219/2196
f 2192/2447/2424 2189/2219/2196 2422/2446/2423
f 2422/2446/2423 2423/2448/2425 2192/2447/2424
f 2193/2449/2426 2192/2447/2424 2423/2448/2425
f 2423/2448/2425 2523/2450/2427 2193/2449/2426
f 2196/2451/2428 2193/2449/2426 2523/2450/2427
f 2523/2450/2427 2424/2452/2429 2196/2451/2428
f 2197/2453/2430 2196/2451/2428 2424/2452/2429
f 2424/2452/2429 2524/2454/2431 2197/2453/2430
f 2197/2453/2430 2425/2455/2432 2199/2225/2202
f 2425/2455/2432 2197/2453/2430 2524/2454/2431
f 2426/2226/2203 2199/2225/2202 2425/2455/2432
f 2426/2226/2203 2427/2456/2433 2202/2230/2207
f 2428/2457/2434 2202/2230/2207 2427/2456/2433
f 2202/2230/2207 2428/2457/2434 2204/2231/2208
f 2207/2234/2211 2204/2231/2208 2428/2457/2434
f 2428/2457/2434 2429/2458/2435 2207/2234/2211
f 2430/2235/2212 2207/2234/2211 2429/2458/2435
f 2430/2235/2212 2431/2459/2436 2209/2238/2215
f 2211/2240/2217 2209/2238/2215 2431/2459/2436
f 2431/2459/2436 2432/2460/2437 2211/2240/2217
f 2214/2243/2220 2211/2240/2217 2432/2460/2437
f 2432/2460/2437 2433/2461/2438 2214/2243/2220
f 2218/2247/2224 2214/2243/2220 2433/2461/2438
f 2221/2250/2227 2218/2247/2224 2433/2461/2438
f 2433/2461/2438 2434/2462/2439 2221/2250/2227
f 2226/2255/2232 2221/2250/2227 2434/2462/2439
f 2226/2255/2232 2435/2463/2440 2228/2256/2233
f 2231/2464/2441 2228/2256/2233 2435/2463/2440
f 2435/2463/2440 2436/2465/2442 2231/2464/2441
f 2232/2261/2238 2231/2464/2441 2436/2465/2442
f 2436/2465/2442 2437/2466/2443 2232/2261/2238
f 2235/2262/2239 2232/2261/2238 2437/2466/2443
f 2437/2466/2443 2438/2467/2444 2235/2262/2239
f 2237/2265/2242 2235/2262/2239 2438/2467/2444
f 2438/2467/2444 2439/2468/2445 2237/2265/2242
f 2241/2267/2244 2237/2265/2242 2439/2468/2445
f 2439/2468/2445 2440/2469/2446 2241/2267/2244
f 2242/2270/2247 2241/2267/2244 2440/2469/2446
f 2440/2469/2446 2441/2470/2447 2242/2270/2247
f 2246/2273/2250 2242/2270/2247 2441/2470/2447
f 2242/2270/2247 2246/2273/2250 2244/2271/2248
f 2248/2276/2253 2246/2273/2250 2442/2471/2448
f 2442/2471/2448 2541/2472/2449 2248/2276/2253
f 2252/2280/2257 2248/2276/2253 2541/2472/2449
f 2252/2280/2257 2543/2473/2450 2254/2281/2258
f 2254/2281/2258 2443/2474/2451 2257/2285/2262
f 2443/2474/2451 2254/2281/2258 2543/2473/2450
f 2443/2474/2451 2444/2475/2452 2259/2286/2263
f 2443/2474/2451 2259/2286/2263 2257/2285/2262
f 2445/2476/2453 2259/2286/2263 2444/2475/2452
f 2259/2286/2263 2445/2476/2453 2261/2288/2265
f 2264/2291/2268 2261/2288/2265 2445/2476/2453
f 2445/2476/2453 2446/2477/2454 2264/2291/2268
f 2446/2477/2454 2447/2478/2455 2265/2292/2269
f 2265/2292/2269 2264/2291/2268 2446/2477/2454
f 2265/2292/2269 2448/2479/2456 2267/2294/2271
f 2448/2479/2456 2265/2292/2269 2447/2478/2455
f 2448/2479/2456 2449/2480/2457 2268/2295/2272
f 2268/2295/2272 2267/2294/2271 2448/2479/2456
f 2272/2300/2277 2268/2295/2272 2449/2480/2457
f 2449/2480/2457 2546/2481/2458 2272/2300/2277
f 2450/2302/2279 2272/2300/2277 2546/2481/2458
f 2450/2302/2279 2451/2482/2459 2276/2305/2282
f 2452/2483/2460 2276/2305/2282 2451/2482/2459
f 2276/2305/2282 2452/2483/2460 2278/2306/2283
f 2281/2484/2461 2278/2306/2283 2452/2483/2460
f 2452/2483/2460 2453/2485/2462 2281/2484/2461
f 2282/2309/2286 2281/2484/2461 2453/2485/2462
f 2453/2485/2462 2454/2486/2463 2282/2309/2286
f 2284/2310/2287 2282/2309/2286 2454/2486/2463
f 2454/2486/2463 2455/2487/2464 2284/2310/2287
f 2286/2314/2291 2284/2310/2287 2455/2487/2464
f 2455/2487/2464 2456/2488/2465 2286/2314/2291
f 2288/2316/2293 2286/2314/2291 2456/2488/2465
f 2456/2488/2465 2457/2489/2466 2288/2316/2293
f 2291/2319/2296 2288/2316/2293 2457/2489/2466
f 2457/2489/2466 2458/2490/2467 2291/2319/2296
f 2459/2491/2468 2291/2319/2296 2458/2490/2467
f 2291/2319/2296 2459/2491/2468 2293/2320/2297
f 2295/2322/2299 2293/2320/2297 2459/2491/2468
f 2459/2491/2468 2460/2492/2469 2295/2322/2299
f 2297/2325/2302 2295/2322/2299 2460/2492/2469
f 2460/2492/2469 2551/2493/2470 2297/2325/2302
f 2301/2329/2306 2297/2325/2302 2551/2493/2470
f 2301/2329/2306 2461/2494/2471 2303/2330/2307
f 2306/2495/2472 2303/2330/2307 2461/2494/2471
f 2461/2494/2471 2462/2496/2473 2306/2495/2472
f 2307/2333/2310 2306/2495/2472 2462/2496/2473
f 2462/2496/2473 2463/2497/2474 2307/2333/2310
f 2308/2334/2311 2307/2333/2310 2463/2497/2474
f 2463/2497/2474 2464/2498/2475 2308/2334/2311
f 2310/2337/2314 2308/2334/2311 2464/2498/2475
f 2464/2498/2475 2465/2499/2476 2310/2337/2314
f 2314/2341/2318 2310/2337/2314 2465/2499/2476
f 2314/2341/2318 2558/2500/2477 2316/2343/2320
f 2316/2343/2320 2466/2501/2478 2320/2346/2323
f 2466/2501/2478 2316/2343/2320 2558/2500/2477
f 2322/2348/2325 2320/2346/2323 2466/2501/2478
f 2466/2501/2478 2467/2502/2479 2322/2348/2325
f 2467/2502/2479 2468/2503/2480 2323/2349/2326
f 2323/2349/2326 2322/2348/2325 2467/2502/2479
f 2326/2353/2330 2323/2349/2326 2468/2503/2480
f 2470/2358/2335 2471/2504/2481 2332/2361/2338
f 2472/2505/2482 2332/2361/2338 2471/2504/2481
f 2332/2361/2338 2472/2505/2482 2334/2362/2339
f 2336/2364/2341 2334/2362/2339 2472/2505/2482
f 2472/2505/2482 2473/2506/2483 2336/2364/2341
f 2473/2506/2483 2474/2507/2484 2337/2365/2342
f 2337/2365/2342 2336/2364/2341 2473/2506/2483
f 2340/2369/2346 2337/2365/2342 2474/2507/2484
f 2474/2507/2484 2567/2508/2485 2340/2369/2346
f 2342/2371/2348 2340/2369/2346 2567/2508/2485
f 2567/2508/2485 2475/2509/2486 2342/2371/2348
f 2345/2374/2351 2342/2371/2348 2475/2509/2486
f 2475/2509/2486 2476/2510/2487 2345/2374/2351
f 2476/2510/2487 2477/2377/2354 2345/2374/2351
f 2477/2377/2354 2478/2511/2488 2349/2378/2355
f 2352/2512/2489 2349/2378/2355 2478/2511/2488
f 2478/2511/2488 2479/2513/2490 2352/2512/2489
f 2353/2514/2491 2352/2512/2489 2479/2513/2490
f 2479/2513/2490 2480/2515/2492 2353/2514/2491
f 2355/2516/2493 2353/2514/2491 2480/2515/2492
f 2480/2515/2492 2481/2517/2494 2355/2516/2493
f 2356/2518/2495 2355/2516/2493 2481/2517/2494
f 2481/2517/2494 2482/2519/2496 2356/2518/2495
f 2358/2383/2360 2356/2518/2495 2482/2519/2496
f 2482/2519/2496 2483/2520/2497 2358/2383/2360
f 2483/2520/2497 2484/2521/2498 2359/2384/2361
f 2359/2384/2361 2358/2383/2360 2483/2520/2497
f 2361/2387/2364 2359/2384/2361 2484/2521/2498
f 2361/2387/2364 2485/2522/2499 2363/2389/2366
f 2486/2523/2500 2363/2389/2366 2485/2522/2499
f 2363/2389/2366 2486/2523/2500 2368/2393/2370
f 2370/2524/2501 2368/2393/2370 2486/2523/2500
f 2486/2523/2500 2487/2525/2502 2370/2524/2501
f 2372/2526/2503 2370/2524/2501 2487/2525/2502
f 2487/2525/2502 2488/2527/2504 2372/2526/2503
f 2373/2398/2375 2372/2526/2503 2488/2527/2504
f 2376/2399/2376 2373/2398/2375 2488/2527/2504
f 2488/2527/2504 2489/2528/2505 2376/2399/2376
f 2490/2529/2506 2376/2399/2376 2489/2528/2505
f 2376/2399/2376 2490/2529/2506 2378/2401/2378
f 2381/2530/2507 2378/2401/2378 2490/2529/2506
f 2382/2405/2382 2381/2530/2507 2490/2529/2506
f 2490/2529/2506 2491/2531/2508 2382/2405/2382
f 2384/2406/2383 2382/2405/2382 2491/2531/2508
f 2491/2531/2508 2492/2532/2509 2384/2406/2383
f 2386/2409/2386 2384/2406/2383 2492/2532/2509
f 2492/2532/2509 2493/2533/2510 2386/2409/2386
f 2386/2409/2386 2494/2534/2511 2388/2410/2387
f 2494/2534/2511 2386/2409/2386 2493/2533/2510
f 2389/2412/2389 2388/2410/2387 2494/2534/2511
f 2494/2534/2511 2495/2535/2512 2389/2412/2389
f 2391/2413/2390 2389/2412/2389 2495/2535/2512
f 2495/2535/2512 2496/2536/2513 2391/2413/2390
f 2497/2416/2393 2391/2413/2390 2496/2536/2513
f 2395/2418/2395 2394/2417/2394 2498/2537/2514
f 2396/2419/2396 2395/2418/2395 2498/2537/2514
f 2498/2537/2514 2499/2538/2515 2396/2419/2396
f 2397/2420/2397 2396/2419/2396 2499/2538/2515
f 2500/2423/2400 2501/2539/2516 2126/2155/2132
f 2502/2424/2401 2126/2155/2132 2501/2539/2516
f 2502/2424/2401 2503/2540/2517 2399/2425/2402
f 2503/2540/2517 2504/2541/2518 2400/2160/2137
f 2400/2160/2137 2399/2425/2402 2503/2540/2517
f 2134/2164/2141 2400/2160/2137 2504/2541/2518
f 2504/2541/2518 2505/2542/2519 2134/2164/2141
f 2401/2166/2143 2134/2164/2141 2505/2542/2519
f 2505/2542/2519 2506/2543/2520 2401/2166/2143
f 2401/2166/2143 2507/2544/2521 2402/2426/2403
f 2507/2544/2521 2401/2166/2143 2506/2543/2520
f 2403/2428/2405 2402/2426/2403 2507/2544/2521
f 2403/2428/2405 2508/2545/2522 2404/2429/2406
f 2508/2545/2522 2509/2546/2523 2405/2430/2407
f 2405/2430/2407 2404/2429/2406 2508/2545/2522
f 2406/2431/2408 2405/2430/2407 2509/2546/2523
f 2407/2432/2409 2406/2431/2408 2509/2546/2523
f 2509/2546/2523 2510/2547/2524 2407/2432/2409
f 2408/2433/2410 2407/2432/2409 2510/2547/2524
f 2409/2434/2411 2408/2433/2410 2510/2547/2524
f 2510/2547/2524 2511/2548/2525 2409/2434/2411
f 2410/2435/2412 2409/2434/2411 2511/2548/2525
f 2511/2548/2525 2512/2549/2526 2410/2435/2412
f 2411/2436/2413 2410/2435/2412 2512/2549/2526
f 2411/2436/2413 2513/2550/2527 2412/2437/2414
f 2413/2438/2415 2412/2437/2414 2513/2550/2527
f 2413/2438/2415 2514/2551/2528 2167/2197/2174
f 2514/2551/2528 2413/2438/2415 2513/2550/2527
f 2514/2551/2528 2515/2552/2529 2414/2199/2176
f 2414/2199/2176 2167/2197/2174 2514/2551/2528
f 2415/2439/2416 2414/2199/2176 2515/2552/2529
f 2415/2439/2416 2516/2553/2530 2416/2440/2417
f 2417/2442/2419 2416/2440/2417 2516/2553/2530
f 2417/2442/2419 2517/2554/2531 2418/2206/2183
f 2419/2443/2420 2418/2206/2183 2517/2554/2531
f 2517/2554/2531 2518/2555/2532 2419/2443/2420
f 2420/2444/2421 2419/2443/2420 2518/2555/2532
f 2518/2555/2532 2519/2556/2533 2420/2444/2421
f 2520/2557/2534 2420/2444/2421 2519/2556/2533
f 2420/2444/2421 2520/2557/2534 2421/2445/2422
f 2187/2217/2194 2421/2445/2422 2520/2557/2534
f 2520/2557/2534 2521/2558/2535 2187/2217/2194
f 2422/2446/2423 2187/2217/2194 2521/2558/2535
f 2423/2448/2425 2422/2446/2423 2521/2558/2535
f 2521/2558/2535 2522/2559/2536 2423/2448/2425
f 2523/2450/2427 2423/2448/2425 2522/2559/2536
f 2425/2455/2432 2525/2560/2537 2426/2226/2203
f 2427/2456/2433 2426/2226/2203 2525/2560/2537
f 2525/2560/2537 2526/2561/2538 2427/2456/2433
f 2527/2562/2539 2427/2456/2433 2526/2561/2538
f 2427/2456/2433 2527/2562/2539 2428/2457/2434
f 2429/2458/2435 2428/2457/2434 2527/2562/2539
f 2429/2458/2435 2528/2563/2540 2430/2235/2212
f 2431/2459/2436 2430/2235/2212 2528/2563/2540
f 2528/2563/2540 2529/2564/2541 2431/2459/2436
f 2432/2460/2437 2431/2459/2436 2529/2564/2541
f 2529/2564/2541 2530/2565/2542 2432/2460/2437
f 2432/2460/2437 2531/2566/2543 2433/2461/2438
f 2531/2566/2543 2432/2460/2437 2530/2565/2542
f 2434/2462/2439 2433/2461/2438 2531/2566/2543
f 2434/2462/2439 2531/2566/2543 2532/2567/2544
f 2434/2462/2439 2533/2568/2545 2226/2255/2232
f 2533/2568/2545 2434/2462/2439 2532/2567/2544
f 2435/2463/2440 2226/2255/2232 2533/2568/2545
f 2533/2568/2545 2534/2569/2546 2435/2463/2440
f 2436/2465/2442 2435/2463/2440 2534/2569/2546
f 2534/2569/2546 2535/2570/2547 2436/2465/2442
f 2437/2466/2443 2436/2465/2442 2535/2570/2547
f 2535/2570/2547 2536/2571/2548 2437/2466/2443
f 2438/2467/2444 2437/2466/2443 2536/2571/2548
f 2536/2571/2548 2537/2572/2549 2438/2467/2444
f 2439/2468/2445 2438/2467/2444 2537/2572/2549
f 2537/2572/2549 2538/2573/2550 2439/2468/2445
f 2440/2469/2446 2439/2468/2445 2538/2573/2550
f 2538/2573/2550 2539/2574/2551 2440/2469/2446
f 2441/2470/2447 2440/2469/2446 2539/2574/2551
f 2539/2574/2551 2540/2575/2552 2441/2470/2447
f 2442/2471/2448 2441/2470/2447 2540/2575/2552
f 2441/2470/2447 2442/2471/2448 2246/2273/2250
f 2541/2472/2449 2542/2576/2553 2252/2280/2257
f 2543/2473/2450 2252/2280/2257 2542/2576/2553
f 2443/2474/2451 2544/2577/2554 2444/2475/2452
f 2445/2476/2453 2444/2475/2452 2544/2577/2554
f 2445/2476/2453 2545/2578/2555 2446/2477/2454
f 2447/2478/2455 2446/2477/2454 2545/2578/2555
f 2447/2478/2455 2545/2578/2555 2448/2479/2456
f 2545/2578/2555 2546/2481/2458 2449/2480/2457
f 2449/2480/2457 2448/2479/2456 2545/2578/2555
f 2546/2481/2458 2547/2579/2556 2450/2302/2279
f 2451/2482/2459 2450/2302/2279 2547/2579/2556
f 2451/2482/2459 2548/2580/2557 2452/2483/2460
f 2453/2485/2462 2452/2483/2460 2548/2580/2557
f 2454/2486/2463 2453/2485/2462 2548/2580/2557
f 2455/2487/2464 2454/2486/2463 2548/2580/2557
f 2548/2580/2557 2549/2581/2558 2455/2487/2464
f 2456/2488/2465 2455/2487/2464 2549/2581/2558
f 2457/2489/2466 2456/2488/2465 2549/2581/2558
f 2457/2489/2466 2550/2582/2559 2458/2490/2467
f 2458/2490/2467 2550/2582/2559 2459/2491/2468
f 2460/2492/2469 2459/2491/2468 2550/2582/2559
f 2550/2582/2559 2551/2493/2470 2460/2492/2469
f 2551/2493/2470 2552/2583/2560 2301/2329/2306
f 2553/2584/2561 2301/2329/2306 2552/2583/2560
f 2301/2329/2306 2553/2584/2561 2461/2494/2471
f 2462/2496/2473 2461/2494/2471 2553/2584/2561
f 2553/2584/2561 2554/2585/2562 2462/2496/2473
f 2463/2497/2474 2462/2496/2473 2554/2585/2562
f 2554/2585/2562 2555/2586/2563 2463/2497/2474
f 2464/2498/2475 2463/2497/2474 2555/2586/2563
f 2555/2586/2563 2556/2587/2564 2464/2498/2475
f 2465/2499/2476 2464/2498/2475 2556/2587/2564
f 2314/2341/2318 2465/2499/2476 2556/2587/2564
f 2556/2587/2564 2557/2588/2565 2314/2341/2318
f 2558/2500/2477 2314/2341/2318 2557/2588/2565
f 2558/2500/2477 2559/2589/2566 2466/2501/2478
f 2467/2502/2479 2466/2501/2478 2559/2589/2566
f 2559/2589/2566 2560/2590/2567 2467/2502/2479
f 2560/2590/2567 2561/2591/2568 2468/2503/2480
f 2468/2503/2480 2467/2502/2479 2560/2590/2567
f 2468/2503/2480 2562/2592/2569 2326/2353/2330
f 2562/2592/2569 2468/2503/2480 2561/2591/2568
f 2469/2356/2333 2326/2353/2330 2562/2592/2569
f 2562/2592/2569 2563/2593/2570 2469/2356/2333
f 2470/2358/2335 2469/2356/2333 2563/2593/2570
f 2563/2593/2570 2564/2594/2571 2470/2358/2335
f 2471/2504/2481 2470/2358/2335 2564/2594/2571
f 2471/2504/2481 2565/2595/2572 2472/2505/2482
f 2473/2506/2483 2472/2505/2482 2565/2595/2572
f 2565/2595/2572 2566/2596/2573 2473/2506/2483
f 2566/2596/2573 2567/2508/2485 2474/2507/2484
f 2474/2507/2484 2473/2506/2483 2566/2596/2573
f 2567/2508/2485 2641/2597/2574 2475/2509/2486
f 2476/2510/2487 2475/2509/2486 2641/2597/2574
f 2641/2597/2574 2568/2598/2575 2476/2510/2487
f 2476/2510/2487 2569/2599/2576 2477/2377/2354
f 2569/2599/2576 2476/2510/2487 2568/2598/2575
f 2478/2511/2488 2477/2377/2354 2569/2599/2576
f 2569/2599/2576 2570/2600/2577 2478/2511/2488
f 2479/2513/2490 2478/2511/2488 2570/2600/2577
f 2480/2515/2492 2479/2513/2490 2570/2600/2577
f 2570/2600/2577 2571/2601/2578 2480/2515/2492
f 2481/2517/2494 2480/2515/2492 2571/2601/2578
f 2571/2601/2578 2572/2602/2579 2481/2517/2494
f 2481/2517/2494 2572/2602/2579 2482/2519/2496
f 2483/2520/2497 2482/2519/2496 2572/2602/2579
f 2572/2602/2579 2573/2603/2580 2484/2521/2498
f 2484/2521/2498 2483/2520/2497 2572/2602/2579
f 2484/2521/2498 2574/2604/2581 2485/2522/2499
f 2485/2522/2499 2361/2387/2364 2484/2521/2498
f 2575/2605/2582 2485/2522/2499 2574/2604/2581
f 2485/2522/2499 2575/2605/2582 2486/2523/2500
f 2487/2525/2502 2486/2523/2500 2575/2605/2582
f 2575/2605/2582 2576/2606/2583 2487/2525/2502
f 2488/2527/2504 2487/2525/2502 2576/2606/2583
f 2576/2606/2583 2577/2607/2584 2488/2527/2504
f 2489/2528/2505 2488/2527/2504 2577/2607/2584
f 2489/2528/2505 2491/2531/2508 2490/2529/2506
f 2489/2528/2505 2653/2608/2585 2491/2531/2508
f 2492/2532/2509 2491/2531/2508 2653/2608/2585
f 2653/2608/2585 2578/2609/2586 2492/2532/2509
f 2493/2533/2510 2492/2532/2509 2578/2609/2586
f 2578/2609/2586 2654/2610/2587 2493/2533/2510
f 2493/2533/2510 2579/2611/2588 2494/2534/2511
f 2579/2611/2588 2493/2533/2510 2654/2610/2587
f 2495/2535/2512 2494/2534/2511 2579/2611/2588
f 2579/2611/2588 2496/2536/2513 2495/2535/2512
f 2497/2416/2393 2496/2536/2513 2580/2612/2589
f 2581/2613/2590 2582/2614/2591 2498/2537/2514
f 2499/2538/2515 2498/2537/2514 2582/2614/2591
f 2499/2538/2515 2583/2615/2592 2397/2420/2397
f 2398/2422/2399 2397/2420/2397 2583/2615/2592
f 2583/2615/2592 2584/2616/2593 2398/2422/2399
f 2500/2423/2400 2398/2422/2399 2584/2616/2593
f 2584/2616/2593 2660/2617/2594 2500/2423/2400
f 2501/2539/2516 2500/2423/2400 2660/2617/2594
f 2660/2617/2594 2585/2618/2595 2501/2539/2516
f 2502/2424/2401 2501/2539/2516 2585/2618/2595
f 2585/2618/2595 2661/2619/2596 2502/2424/2401
f 2503/2540/2517 2502/2424/2401 2661/2619/2596
f 2503/2540/2517 2586/2620/2597 2504/2541/2518
f 2505/2542/2519 2504/2541/2518 2586/2620/2597
f 2507/2544/2521 2587/2621/2598 2403/2428/2405
f 2508/2545/2522 2403/2428/2405 2587/2621/2598
f 2587/2621/2598 2588/2622/2599 2508/2545/2522
f 2588/2622/2599 2589/2623/2600 2509/2546/2523
f 2509/2546/2523 2508/2545/2522 2588/2622/2599
f 2589/2623/2600 2590/2624/2601 2509/2546/2523
f 2510/2547/2524 2509/2546/2523 2590/2624/2601
f 2590/2624/2601 2591/2625/2602 2510/2547/2524
f 2591/2625/2602 2592/2626/2603 2510/2547/2524
f 2511/2548/2525 2510/2547/2524 2592/2626/2603
f 2592/2626/2603 2593/2627/2604 2511/2548/2525
f 2593/2627/2604 2594/2628/2605 2511/2548/2525
f 2512/2549/2526 2511/2548/2525 2594/2628/2605
f 2512/2549/2526 2595/2629/2606 2411/2436/2413
f 2513/2550/2527 2411/2436/2413 2595/2629/2606
f 2595/2629/2606 2596/2630/2607 2513/2550/2527
f 2514/2551/2528 2513/2550/2527 2596/2630/2607
f 2596/2630/2607 2597/2631/2608 2514/2551/2528
f 2515/2552/2529 2514/2551/2528 2597/2631/2608
f 2515/2552/2529 2598/2632/2609 2415/2439/2416
f 2516/2553/2530 2415/2439/2416 2598/2632/2609
f 2516/2553/2530 2599/2633/2610 2417/2442/2419
f 2599/2633/2610 2678/2634/2611 2517/2554/2531
f 2517/2554/2531 2417/2442/2419 2599/2633/2610
f 2518/2555/2532 2517/2554/2531 2678/2634/2611
f 2678/2634/2611 2600/2635/2612 2518/2555/2532
f 2519/2556/2533 2518/2555/2532 2600/2635/2612
f 2600/2635/2612 2601/2636/2613 2519/2556/2533
f 2520/2557/2534 2519/2556/2533 2601/2636/2613
f 2520/2557/2534 2602/2637/2614 2521/2558/2535
f 2522/2559/2536 2686/2638/2615 2523/2450/2427
f 2424/2452/2429 2523/2450/2427 2686/2638/2615
f 2686/2638/2615 2603/2639/2616 2424/2452/2429
f 2524/2454/2431 2424/2452/2429 2603/2639/2616
f 2603/2639/2616 2687/2640/2617 2524/2454/2431
f 2524/2454/2431 2525/2560/2537 2425/2455/2432
f 2525/2560/2537 2524/2454/2431 2687/2640/2617
f 2526/2561/2538 2525/2560/2537 2604/2641/2618
f 2527/2562/2539 2528/2563/2540 2429/2458/2435
f 2529/2564/2541 2528/2563/2540 2692/2642/2619
f 2531/2566/2543 2530/2565/2542 2605/2643/2620
f 2532/2567/2544 2531/2566/2543 2605/2643/2620
f 2605/2643/2620 2607/2644/2621 2532/2567/2544
f 2607/2644/2621 2605/2643/2620 2606/2645/2622
f 2533/2568/2545 2532/2567/2544 2607/2644/2621
f 2607/2644/2621 2608/2646/2623 2533/2568/2545
f 2534/2569/2546 2533/2568/2545 2608/2646/2623
f 2535/2570/2547 2609/2647/2624 2536/2571/2548
f 2537/2572/2549 2536/2571/2548 2609/2647/2624
f 2609/2647/2624 2610/2648/2625 2537/2572/2549
f 2538/2573/2550 2537/2572/2549 2610/2648/2625
f 2610/2648/2625 2611/2649/2626 2538/2573/2550
f 2539/2574/2551 2538/2573/2550 2611/2649/2626
f 2611/2649/2626 2702/2650/2627 2539/2574/2551
f 2540/2575/2552 2539/2574/2551 2702/2650/2627
f 2540/2575/2552 2612/2651/2628 2442/2471/2448
f 2541/2472/2449 2442/2471/2448 2612/2651/2628
f 2612/2651/2628 2542/2576/2553 2541/2472/2449
f 2613/2652/2629 2614/2653/2630 2543/2473/2450
f 2543/2473/2450 2542/2576/2553 2613/2652/2629
f 2543/2473/2450 2615/2654/2631 2443/2474/2451
f 2615/2654/2631 2543/2473/2450 2614/2653/2630
f 2544/2577/2554 2443/2474/2451 2615/2654/2631
f 2615/2654/2631 2616/2655/2632 2544/2577/2554
f 2617/2656/2633 2544/2577/2554 2616/2655/2632
f 2544/2577/2554 2617/2656/2633 2445/2476/2453
f 2545/2578/2555 2445/2476/2453 2617/2656/2633
f 2546/2481/2458 2545/2578/2555 2618/2657/2634
f 2618/2657/2634 2619/2658/2635 2546/2481/2458
f 2620/2659/2636 2546/2481/2458 2619/2658/2635
f 2547/2579/2556 2546/2481/2458 2620/2659/2636
f 2451/2482/2459 2547/2579/2556 2620/2659/2636
f 2620/2659/2636 2621/2660/2637 2451/2482/2459
f 2622/2661/2638 2451/2482/2459 2621/2660/2637
f 2451/2482/2459 2622/2661/2638 2548/2580/2557
f 2622/2661/2638 2623/2662/2639 2548/2580/2557
f 2549/2581/2558 2548/2580/2557 2623/2662/2639
f 2623/2662/2639 2624/2663/2640 2549/2581/2558
f 2624/2663/2640 2625/2664/2641 2549/2581/2558
f 2626/2665/2642 2549/2581/2558 2625/2664/2641
f 2549/2581/2558 2626/2665/2642 2457/2489/2466
f 2550/2582/2559 2457/2489/2466 2626/2665/2642
f 2626/2665/2642 2627/2666/2643 2550/2582/2559
f 2551/2493/2470 2550/2582/2559 2627/2666/2643
f 2627/2666/2643 2628/2667/2644 2551/2493/2470
f 2629/2668/2645 2551/2493/2470 2628/2667/2644
f 2552/2583/2560 2551/2493/2470 2629/2668/2645
f 2554/2585/2562 2630/2669/2646 2555/2586/2563
f 2556/2587/2564 2555/2586/2563 2630/2669/2646
f 2630/2669/2646 2631/2670/2647 2556/2587/2564
f 2631/2670/2647 2632/2671/2648 2556/2587/2564
f 2557/2588/2565 2556/2587/2564 2632/2671/2648
f 2557/2588/2565 2633/2672/2649 2558/2500/2477
f 2559/2589/2566 2558/2500/2477 2633/2672/2649
f 2633/2672/2649 2634/2673/2650 2559/2589/2566
f 2560/2590/2567 2559/2589/2566 2634/2673/2650
f 2634/2673/2650 2561/2591/2568 2560/2590/2567
f 2561/2591/2568 2636/2674/2651 2562/2592/2569
f 2636/2674/2651 2561/2591/2568 2635/2675/2652
f 2563/2593/2570 2562/2592/2569 2636/2674/2651
f 2636/2674/2651 2637/2676/2653 2563/2593/2570
f 2564/2594/2571 2563/2593/2570 2637/2676/2653
f 2564/2594/2571 2638/2677/2654 2471/2504/2481
f 2565/2595/2572 2471/2504/2481 2638/2677/2654
f 2565/2595/2572 2639/2678/2655 2566/2596/2573
f 2640/2679/2656 2566/2596/2573 2639/2678/2655
f 2566/2596/2573 2640/2679/2656 2567/2508/2485
f 2641/2597/2574 2567/2508/2485 2640/2679/2656
f 2568/2598/2575 2642/2680/2657 2569/2599/2576
f 2642/2680/2657 2643/2681/2658 2570/2600/2577
f 2570/2600/2577 2569/2599/2576 2642/2680/2657
f 2644/2682/2659 2570/2600/2577 2643/2681/2658
f 2570/2600/2577 2644/2682/2659 2571/2601/2578
f 2572/2602/2579 2571/2601/2578 2644/2682/2659
f 2644/2682/2659 2645/2683/2660 2572/2602/2579
f 2645/2683/2660 2573/2603/2580 2572/2602/2579
f 2484/2521/2498 2573/2603/2580 2646/2684/2661
f 2646/2684/2661 2647/2685/2662 2574/2604/2581
f 2574/2604/2581 2484/2521/2498 2646/2684/2661
f 2647/2685/2662 2648/2686/2663 2574/2604/2581
f 2574/2604/2581 2648/2686/2663 2575/2605/2582
f 2648/2686/2663 2649/2687/2664 2576/2606/2583
f 2576/2606/2583 2575/2605/2582 2648/2686/2663
f 2576/2606/2583 2650/2688/2665 2577/2607/2584
f 2650/2688/2665 2576/2606/2583 2649/2687/2664
f 2650/2688/2665 2651/2689/2666 2577/2607/2584
f 2489/2528/2505 2577/2607/2584 2651/2689/2666
f 2651/2689/2666 2652/2690/2667 2489/2528/2505
f 2653/2608/2585 2489/2528/2505 2652/2690/2667
f 2579/2611/2588 2655/2691/2668 2496/2536/2513
f 2580/2612/2589 2496/2536/2513 2655/2691/2668
f 2655/2691/2668 2656/2692/2669 2580/2612/2589
f 2656/2692/2669 2758/2693/2670 2580/2612/2589
f 2581/2613/2590 2657/2694/2671 2582/2614/2591
f 2499/2538/2515 2582/2614/2591 2657/2694/2671
f 2657/2694/2671 2658/1852/1829 2499/2538/2515
f 2583/2615/2592 2499/2538/2515 2658/1852/1829
f 2658/1852/1829 2659/1854/1831 2583/2615/2592
f 2584/2616/2593 2583/2615/2592 2659/1854/1831
f 2661/2619/2596 2662/1863/1840 2503/2540/2517
f 2662/1863/1840 1862/1865/1842 2586/2620/2597
f 2586/2620/2597 2503/2540/2517 2662/1863/1840
f 2586/2620/2597 2663/1867/1844 2505/2542/2519
f 2663/1867/1844 2586/2620/2597 1862/1865/1842
f 2506/2543/2520 2505/2542/2519 2663/1867/1844
f 2663/1867/1844 2664/1868/1845 2506/2543/2520
f 2507/2544/2521 2506/2543/2520 2664/1868/1845
f 2664/1868/1845 2665/1870/1847 2507/2544/2521
f 2587/2621/2598 2507/2544/2521 2665/1870/1847
f 2665/1870/1847 2666/1872/1849 2587/2621/2598
f 2588/2622/2599 2587/2621/2598 2666/1872/1849
f 2666/1872/1849 2667/1874/1851 2588/2622/2599
f 2667/1874/1851 2668/2695/2672 2589/2623/2600
f 2589/2623/2600 2588/2622/2599 2667/1874/1851
f 2590/2624/2601 2589/2623/2600 2668/2695/2672
f 2668/2695/2672 2669/2696/2673 2590/2624/2601
f 2591/2625/2602 2590/2624/2601 2669/2696/2673
f 2669/2696/2673 2670/2697/2674 2591/2625/2602
f 2592/2626/2603 2591/2625/2602 2670/2697/2674
f 2592/2626/2603 2671/2698/2675 2593/2627/2604
f 2594/2628/2605 2593/2627/2604 2671/2698/2675
f 2671/2698/2675 1876/1885/1862 2594/2628/2605
f 2672/1886/1863 2594/2628/2605 1876/1885/1862
f 2594/2628/2605 2672/1886/1863 2512/2549/2526
f 2595/2629/2606 2512/2549/2526 2672/1886/1863
f 2672/1886/1863 2673/2699/2676 2595/2629/2606
f 2596/2630/2607 2595/2629/2606 2673/2699/2676
f 2673/2699/2676 2674/2700/2677 2596/2630/2607
f 2597/2631/2608 2596/2630/2607 2674/2700/2677
f 2597/2631/2608 2675/1893/1870 2515/2552/2529
f 2598/2632/2609 2515/2552/2529 2675/1893/1870
f 2598/2632/2609 2676/1897/1874 2516/2553/2530
f 2599/2633/2610 2516/2553/2530 2676/1897/1874
f 2676/1897/1874 2677/1898/1875 2599/2633/2610
f 2678/2634/2611 2599/2633/2610 2677/1898/1875
f 2678/2634/2611 2679/2701/2678 2600/2635/2612
f 2679/2701/2678 2680/2702/2679 2600/2635/2612
f 2601/2636/2613 2600/2635/2612 2680/2702/2679
f 2680/2702/2679 2681/2703/2680 2601/2636/2613
f 2682/2704/2681 2601/2636/2613 2681/2703/2680
f 2601/2636/2613 2682/2704/2681 2520/2557/2534
f 2602/2637/2614 2520/2557/2534 2682/2704/2681
f 2682/2704/2681 2683/1909/1886 2602/2637/2614
f 2521/2558/2535 2602/2637/2614 2683/1909/1886
f 2683/1909/1886 2684/1910/1887 2521/2558/2535
f 2522/2559/2536 2521/2558/2535 2684/1910/1887
f 2684/1910/1887 2685/1912/1889 2522/2559/2536
f 2686/2638/2615 2522/2559/2536 2685/1912/1889
f 2687/2640/2617 2688/1920/1897 2525/2560/2537
f 2688/1920/1897 1906/1922/1899 2604/2641/2618
f 2604/2641/2618 2525/2560/2537 2688/1920/1897
f 2604/2641/2618 2689/1923/1900 2526/2561/2538
f 2689/1923/1900 2604/2641/2618 1906/1922/1899
f 2527/2562/2539 2526/2561/2538 2689/1923/1900
f 2689/1923/1900 2690/1924/1901 2527/2562/2539
f 2528/2563/2540 2527/2562/2539 2690/1924/1901
f 2690/1924/1901 2691/1926/1903 2528/2563/2540
f 2692/2642/2619 2528/2563/2540 2691/1926/1903
f 2692/2642/2619 2693/2705/2682 2529/2564/2541
f 2530/2565/2542 2529/2564/2541 2693/2705/2682
f 2693/2705/2682 2694/2706/2683 2530/2565/2542
f 2605/2643/2620 2530/2565/2542 2694/2706/2683
f 2694/2706/2683 2695/2707/2684 2605/2643/2620
f 2695/2707/2684 2696/2708/2685 2606/2645/2622
f 2606/2645/2622 2605/2643/2620 2695/2707/2684
f 2606/2645/2622 2697/2709/2686 2607/2644/2621
f 2697/2709/2686 2606/2645/2622 2696/2708/2685
f 2608/2646/2623 2607/2644/2621 2697/2709/2686
f 2608/2646/2623 2698/1940/1917 2534/2569/2546
f 2535/2570/2547 2534/2569/2546 2698/1940/1917
f 2698/1940/1917 2699/1942/1919 2535/2570/2547
f 2609/2647/2624 2535/2570/2547 2699/1942/1919
f 2699/1942/1919 2700/2710/2687 2609/2647/2624
f 2700/2710/2687 2701/1946/1923 2610/2648/2625
f 2610/2648/2625 2609/2647/2624 2700/2710/2687
f 2611/2649/2626 2610/2648/2625 2701/1946/1923
f 2702/2650/2627 2703/2711/2688 2540/2575/2552
f 2612/2651/2628 2540/2575/2552 2703/2711/2688
f 2703/2711/2688 2704/2712/2689 2612/2651/2628
f 2704/2712/2689 2705/2713/2690 2612/2651/2628
f 2706/2714/2691 2612/2651/2628 2705/2713/2690
f 2612/2651/2628 2706/2714/2691 2542/2576/2553
f 2613/2652/2629 2542/2576/2553 2706/2714/2691
f 2613/2652/2629 1939/1961/1938 2614/2653/2630
f 2614/2653/2630 2707/2715/2692 2615/2654/2631
f 2707/2715/2692 2614/2653/2630 1939/1961/1938
f 2616/2655/2632 2615/2654/2631 2707/2715/2692
f 2707/2715/2692 2708/2716/2693 2616/2655/2632
f 2709/2717/2694 2616/2655/2632 2708/2716/2693
f 2616/2655/2632 2709/2717/2694 2617/2656/2633
f 2545/2578/2555 2617/2656/2633 2709/2717/2694
f 2709/2717/2694 2710/2718/2695 2618/2657/2634
f 2618/2657/2634 2545/2578/2555 2709/2717/2694
f 2711/2719/2696 2618/2657/2634 2710/2718/2695
f 2619/2658/2635 2618/2657/2634 2711/2719/2696
f 2619/2658/2635 2712/2720/2697 2620/2659/2636
f 2712/2720/2697 2713/1975/1952 2620/2659/2636
f 2621/2660/2637 2620/2659/2636 2713/1975/1952
f 2621/2660/2637 2714/2721/2698 2622/2661/2638
f 2623/2662/2639 2622/2661/2638 2714/2721/2698
f 2714/2721/2698 2715/2722/2699 2623/2662/2639
f 2715/2722/2699 2716/2723/2700 2623/2662/2639
f 2716/2723/2700 2717/2724/2701 2624/2663/2640
f 2624/2663/2640 2623/2662/2639 2716/2723/2700
f 2625/2664/2641 2624/2663/2640 2717/2724/2701
f 2717/2724/2701 2718/2725/2702 2625/2664/2641
f 2626/2665/2642 2625/2664/2641 2718/2725/2702
f 2718/2725/2702 2719/2726/2703 2626/2665/2642
f 2626/2665/2642 2720/2727/2704 2627/2666/2643
f 2720/2727/2704 2626/2665/2642 2719/2726/2703
f 2720/2727/2704 2721/2728/2705 2627/2666/2643
f 2628/2667/2644 2627/2666/2643 2721/2728/2705
f 2721/2728/2705 2722/2729/2706 2628/2667/2644
f 2723/1992/1969 2628/2667/2644 2722/2729/2706
f 2628/2667/2644 2723/1992/1969 2629/2668/2645
f 2552/2583/2560 2629/2668/2645 2723/1992/1969
f 2723/1992/1969 2724/1993/1970 2552/2583/2560
f 2553/2584/2561 2552/2583/2560 2724/1993/1970
f 2724/1993/1970 2725/1995/1972 2553/2584/2561
f 2554/2585/2562 2553/2584/2561 2725/1995/1972
f 2725/1995/1972 2726/2730/2707 2554/2585/2562
f 2630/2669/2646 2554/2585/2562 2726/2730/2707
f 2630/2669/2646 2727/2731/2708 2631/2670/2647
f 2632/2671/2648 2631/2670/2647 2727/2731/2708
f 2632/2671/2648 2728/2003/1980 2557/2588/2565
f 2633/2672/2649 2557/2588/2565 2728/2003/1980
f 2728/2003/1980 2729/2732/2709 2633/2672/2649
f 2634/2673/2650 2633/2672/2649 2729/2732/2709
f 2729/2732/2709 2730/2733/2710 2634/2673/2650
f 2561/2591/2568 2634/2673/2650 2730/2733/2710
f 2730/2733/2710 2731/2734/2711 2561/2591/2568
f 2731/2734/2711 2732/2735/2712 2635/2675/2652
f 2635/2675/2652 2561/2591/2568 2731/2734/2711
f 2635/2675/2652 2733/2736/2713 2636/2674/2651
f 2733/2736/2713 2635/2675/2652 2732/2735/2712
f 2637/2676/2653 2636/2674/2651 2733/2736/2713
f 2733/2736/2713 2734/2737/2714 2637/2676/2653
f 2564/2594/2571 2637/2676/2653 2734/2737/2714
f 2734/2737/2714 2735/2738/2715 2564/2594/2571
f 2638/2677/2654 2564/2594/2571 2735/2738/2715
f 2638/2677/2654 2736/2739/2716 2565/2595/2572
f 2639/2678/2655 2565/2595/2572 2736/2739/2716
f 2639/2678/2655 2737/2740/2717 2640/2679/2656
f 2641/2597/2574 2640/2679/2656 2737/2740/2717
f 2737/2740/2717 2738/2741/2718 2641/2597/2574
f 2568/2598/2575 2641/2597/2574 2738/2741/2718
f 2738/2741/2718 2739/2742/2719 2568/2598/2575
f 2642/2680/2657 2568/2598/2575 2739/2742/2719
f 2739/2742/2719 2740/2030/2007 2642/2680/2657
f 2740/2030/2007 2741/2743/2720 2643/2681/2658
f 2643/2681/2658 2642/2680/2657 2740/2030/2007
f 2742/2034/2011 2643/2681/2658 2741/2743/2720
f 2643/2681/2658 2742/2034/2011 2644/2682/2659
f 2645/2683/2660 2644/2682/2659 2742/2034/2011
f 2742/2034/2011 2743/2744/2721 2645/2683/2660
f 2573/2603/2580 2645/2683/2660 2743/2744/2721
f 2743/2744/2721 2744/2745/2722 2573/2603/2580
f 2744/2745/2722 2745/2746/2723 2646/2684/2661
f 2646/2684/2661 2573/2603/2580 2744/2745/2722
f 2746/2747/2724 2646/2684/2661 2745/2746/2723
f 2746/2747/2724 2747/2748/2725 2647/2685/2662
f 2647/2685/2662 2646/2684/2661 2746/2747/2724
f 2748/2749/2726 2647/2685/2662 2747/2748/2725
f 2647/2685/2662 2748/2749/2726 2648/2686/2663
f 2649/2687/2664 2648/2686/2663 2748/2749/2726
f 2649/2687/2664 2749/2750/2727 2650/2688/2665
f 2651/2689/2666 2650/2688/2665 2749/2750/2727
f 2749/2750/2727 2750/2751/2728 2651/2689/2666
f 2751/2752/2729 2651/2689/2666 2750/2751/2728
f 2651/2689/2666 2751/2752/2729 2652/2690/2667
f 2653/2608/2585 2652/2690/2667 2751/2752/2729
f 2751/2752/2729 2752/2753/2730 2653/2608/2585
f 2578/2609/2586 2653/2608/2585 2752/2753/2730
f 2752/2753/2730 2753/2754/2731 2578/2609/2586
f 2654/2610/2587 2578/2609/2586 2753/2754/2731
f 2753/2754/2731 2754/2755/2732 2654/2610/2587
f 2579/2611/2588 2654/2610/2587 2754/2755/2732
f 2754/2755/2732 2755/2756/2733 2579/2611/2588
f 2655/2691/2668 2579/2611/2588 2755/2756/2733
f 2755/2756/2733 2756/2757/2734 2655/2691/2668
f 2656/2692/2669 2655/2691/2668 2756/2757/2734
f 2756/2757/2734 2757/2758/2735 2656/2692/2669
f 2758/2693/2670 2656/2692/2669 2757/2758/2735
f 2581/2613/2590 1851/1851/1828 2657/2694/2671
f 1851/1851/1828 2581/2613/2590 1849/1849/1826
f 2658/1852/1829 2657/2694/2671 1851/1851/1828
f 2659/1854/1831 1854/1856/1833 2584/2616/2593
f 2660/2617/2594 2584/2616/2593 1854/1856/1833
f 1854/1856/1833 1856/1858/1835 2660/2617/2594
f 2585/2618/2595 2660/2617/2594 1856/1858/1835
f 1856/1858/1835 1857/1859/1836 2585/2618/2595
f 2661/2619/2596 2585/2618/2595 1857/1859/1836
f 1857/1859/1836 1859/1861/1838 2661/2619/2596
f 2662/1863/1840 2661/2619/2596 1859/1861/1838
f 2667/1874/1851 1869/1877/1854 2668/2695/2672
f 2669/2696/2673 2668/2695/2672 1869/1877/1854
f 1869/1877/1854 1870/1878/1855 2669/2696/2673
f 2670/2697/2674 2669/2696/2673 1870/1878/1855
f 1870/1878/1855 1872/1880/1857 2670/2697/2674
f 2670/2697/2674 1874/1882/1859 2592/2626/2603
f 1874/1882/1859 2670/2697/2674 1872/1880/1857
f 1874/1882/1859 1875/1883/1860 2671/2698/2675
f 2671/2698/2675 2592/2626/2603 1874/1882/1859
f 1876/1885/1862 2671/2698/2675 1875/1883/1860
f 2672/1886/1863 1879/1887/1864 2673/2699/2676
f 2674/2700/2677 2673/2699/2676 1879/1887/1864
f 1879/1887/1864 1881/1890/1867 2674/2700/2677
f 2674/2700/2677 1883/1892/1869 2597/2631/2608
f 1883/1892/1869 2674/2700/2677 1881/1890/1867
f 2675/1893/1870 2597/2631/2608 1883/1892/1869
f 2675/1893/1870 1885/1895/1872 2598/2632/2609
f 2676/1897/1874 2598/2632/2609 1885/1895/1872
f 2677/1898/1875 1889/1901/1878 2678/2634/2611
f 2679/2701/2678 2678/2634/2611 1889/1901/1878
f 1889/1901/1878 1890/1902/1879 2679/2701/2678
f 2680/2702/2679 2679/2701/2678 1890/1902/1879
f 2681/2703/2680 2680/2702/2679 1890/1902/1879
f 1890/1902/1879 1892/1904/1881 2681/2703/2680
f 1895/1906/1883 2681/2703/2680 1892/1904/1881
f 2681/2703/2680 1895/1906/1883 2682/2704/2681
f 2683/1909/1886 2682/2704/2681 1895/1906/1883
f 2685/1912/1889 1900/1915/1892 2686/2638/2615
f 2603/2639/2616 2686/2638/2615 1900/1915/1892
f 1900/1915/1892 1901/1916/1893 2603/2639/2616
f 2687/2640/2617 2603/2639/2616 1901/1916/1893
f 1901/1916/1893 1903/1918/1895 2687/2640/2617
f 2688/1920/1897 2687/2640/2617 1903/1918/1895
f 2691/1926/1903 1909/1928/1905 2692/2642/2619
f 2692/2642/2619 1911/1930/1907 2693/2705/2682
f 1911/1930/1907 2692/2642/2619 1909/1928/1905
f 2694/2706/2683 2693/2705/2682 1911/1930/1907
f 1911/1930/1907 1913/1931/1908 2694/2706/2683
f 2695/2707/2684 2694/2706/2683 1913/1931/1908
f 1913/1931/1908 1914/1933/1910 2695/2707/2684
f 1914/1933/1910 1916/1934/1911 2695/2707/2684
f 2696/2708/2685 2695/2707/2684 1916/1934/1911
f 2696/2708/2685 1918/1937/1914 2697/2709/2686
f 1918/1937/1914 2696/2708/2685 1916/1934/1911
f 2608/2646/2623 2697/2709/2686 1918/1937/1914
f 1918/1937/1914 1920/1938/1915 2608/2646/2623
f 2698/1940/1917 2608/2646/2623 1920/1938/1915
f 2699/1942/1919 1924/1944/1921 2700/2710/2687
f 1924/1944/1921 2701/1946/1923 2700/2710/2687
f 2611/2649/2626 2701/1946/1923 1926/1948/1925
f 2702/2650/2627 2611/2649/2626 1926/1948/1925
f 1926/1948/1925 1929/1951/1928 2702/2650/2627
f 2703/2711/2688 2702/2650/2627 1929/1951/1928
f 1929/1951/1928 1931/1952/1929 2703/2711/2688
f 2704/2712/2689 2703/2711/2688 1931/1952/1929
f 1931/1952/1929 1933/1954/1931 2704/2712/2689
f 2705/2713/2690 2704/2712/2689 1933/1954/1931
f 1933/1954/1931 1934/1956/1933 2705/2713/2690
f 2705/2713/2690 1934/1956/1933 2706/2714/2691
f 2613/2652/2629 2706/2714/2691 1934/1956/1933
f 1934/1956/1933 1937/1958/1935 2613/2652/2629
f 1939/1961/1938 2613/2652/2629 1937/1958/1935
f 1939/1961/1938 1941/1963/1940 2707/2715/2692
f 2708/2716/2693 2707/2715/2692 1941/1963/1940
f 1941/1963/1940 1942/1964/1941 2708/2716/2693
f 1944/1966/1943 2708/2716/2693 1942/1964/1941
f 2708/2716/2693 1944/1966/1943 2709/2717/2694
f 1944/1966/1943 1946/1967/1944 2710/2718/2695
f 2710/2718/2695 2709/2717/2694 1944/1966/1943
f 2710/2718/2695 1947/1970/1947 2711/2719/2696
f 1947/1970/1947 2710/2718/2695 1946/1967/1944
f 2619/2658/2635 2711/2719/2696 1947/1970/1947
f 1947/1970/1947 1949/1971/1948 2619/2658/2635
f 2712/2720/2697 2619/2658/2635 1949/1971/1948
f 1949/1971/1948 1951/1973/1950 2712/2720/2697
f 2713/1975/1952 2712/2720/2697 1951/1973/1950
f 2713/1975/1952 1952/1976/1953 2621/2660/2637
f 1954/1978/1955 2621/2660/2637 1952/1976/1953
f 2621/2660/2637 1954/1978/1955 2714/2721/2698
f 2715/2722/2699 2714/2721/2698 1954/1978/1955
f 1954/1978/1955 1956/1979/1956 2715/2722/2699
f 2716/2723/2700 2715/2722/2699 1956/1979/1956
f 1956/1979/1956 1957/1981/1958 2716/2723/2700
f 1957/1981/1958 1958/1982/1959 2717/2724/2701
f 2717/2724/2701 2716/2723/2700 1957/1981/1958
f 2718/2725/2702 2717/2724/2701 1958/1982/1959
f 1958/1982/1959 1960/1984/1961 2718/2725/2702
f 2719/2726/2703 2718/2725/2702 1960/1984/1961
f 1960/1984/1961 1961/1985/1962 2719/2726/2703
f 2719/2726/2703 1962/1987/1964 2720/2727/2704
f 1962/1987/1964 2719/2726/2703 1961/1985/1962
f 2721/2728/2705 2720/2727/2704 1962/1987/1964
f 1962/1987/1964 1964/1988/1965 2721/2728/2705
f 2722/2729/2706 2721/2728/2705 1964/1988/1965
f 1964/1988/1965 1965/1989/1966 2722/2729/2706
f 2723/1992/1969 2722/2729/2706 1965/1989/1966
f 2725/1995/1972 1970/1997/1974 2726/2730/2707
f 2630/2669/2646 2726/2730/2707 1970/1997/1974
f 1970/1997/1974 1972/1999/1976 2630/2669/2646
f 2727/2731/2708 2630/2669/2646 1972/1999/1976
f 1972/1999/1976 1973/2001/1978 2727/2731/2708
f 2727/2731/2708 1973/2001/1978 2632/2671/2648
f 2728/2003/1980 2632/2671/2648 1973/2001/1978
f 2728/2003/1980 1977/2005/1982 2729/2732/2709
f 2730/2733/2710 2729/2732/2709 1977/2005/1982
f 1977/2005/1982 1979/2007/1984 2730/2733/2710
f 2731/2734/2711 2730/2733/2710 1979/2007/1984
f 1979/2007/1984 1980/2009/1986 2731/2734/2711
f 1980/2009/1986 1982/2011/1988 2732/2735/2712
f 2732/2735/2712 2731/2734/2711 1980/2009/1986
f 2732/2735/2712 1983/2013/1990 2733/2736/2713
f 1983/2013/1990 2732/2735/2712 1982/2011/1988
f 1983/2013/1990 1985/2014/1991 2733/2736/2713
f 2734/2737/2714 2733/2736/2713 1985/2014/1991
f 2735/2738/2715 2734/2737/2714 1985/2014/1991
f 1985/2014/1991 1987/2016/1993 2735/2738/2715
f 2638/2677/2654 2735/2738/2715 1987/2016/1993
f 1987/2016/1993 1988/2018/1995 2638/2677/2654
f 1990/2020/1997 2638/2677/2654 1988/2018/1995
f 2638/2677/2654 1990/2020/1997 2736/2739/2716
f 2639/2678/2655 2736/2739/2716 1990/2020/1997
f 1990/2020/1997 1991/2021/1998 2639/2678/2655
f 2737/2740/2717 2639/2678/2655 1991/2021/1998
f 1991/2021/1998 1994/2023/2000 2737/2740/2717
f 2738/2741/2718 2737/2740/2717 1994/2023/2000
f 1994/2023/2000 1996/2025/2002 2738/2741/2718
f 2739/2742/2719 2738/2741/2718 1996/2025/2002
f 1996/2025/2002 1998/2027/2004 2739/2742/2719
f 2740/2030/2007 2739/2742/2719 1998/2027/2004
f 2740/2030/2007 2000/2031/2008 2741/2743/2720
f 2742/2034/2011 2741/2743/2720 2000/2031/2008
f 2742/2034/2011 2002/2035/2012 2743/2744/2721
f 2744/2745/2722 2743/2744/2721 2002/2035/2012
f 2002/2035/2012 2004/2037/2014 2744/2745/2722
f 2004/2037/2014 2006/2039/2016 2745/2746/2723
f 2745/2746/2723 2744/2745/2722 2004/2037/2014
f 2745/2746/2723 2007/2040/2017 2746/2747/2724
f 2007/2040/2017 2745/2746/2723 2006/2039/2016
f 2007/2040/2017 2009/2042/2019 2747/2748/2725
f 2747/2748/2725 2746/2747/2724 2007/2040/2017
f 2011/2044/2021 2747/2748/2725 2009/2042/2019
f 2747/2748/2725 2011/2044/2021 2748/2749/2726
f 2649/2687/2664 2748/2749/2726 2011/2044/2021
f 2011/2044/2021 2013/2045/2022 2649/2687/2664
f 2749/2750/2727 2649/2687/2664 2013/2045/2022
f 2013/2045/2022 2014/2047/2024 2749/2750/2727
f 2750/2751/2728 2749/2750/2727 2014/2047/2024
f 2014/2047/2024 2016/2049/2026 2750/2751/2728
f 2017/2050/2027 2750/2751/2728 2016/2049/2026
f 2750/2751/2728 2017/2050/2027 2751/2752/2729
f 2752/2753/2730 2751/2752/2729 2017/2050/2027
f 2017/2050/2027 2019/2051/2028 2752/2753/2730
f 2753/2754/2731 2752/2753/2730 2019/2051/2028
f 2019/2051/2028 2020/2053/2030 2753/2754/2731
f 2754/2755/2732 2753/2754/2731 2020/2053/2030
f 2020/2053/2030 2022/2054/2031 2754/2755/2732
f 2755/2756/2733 2754/2755/2732 2022/2054/2031
f 2022/2054/2031 2024/2056/2033 2755/2756/2733
f 2756/2757/2734 2755/2756/2733 2024/2056/2033
f 2024/2056/2033 2026/2058/2035 2756/2757/2734
f 2757/2758/2735 2756/2757/2734 2026/2058/2035
f 2026/2058/2035 2025/2059/2036 2757/2758/2735
f 2027/2060/2037 2757/2758/2735 2025/2059/2036
f 2757/2758/2735 2027/2060/2037 2758/2693/2670
f 2759/2759/2736 2760/2760/2737 2761/2761/2738
f 2762/2762/2739 2761/2761/2738 2760/2760/2737
f 2762/2762/2739 2763/2763/2740 2764/2764/2741
f 2763/2763/2740 2765/2765/2742 2764/2764/2741
f 2766/2766/2743 2764/2764/2741 2765/2765/2742
f 2765/2765/2742 2767/2767/2744 2766/2766/2743
f 2767/2767/2744 2768/2768/2745 2766/2766/2743
f 2769/2769/2746 2766/2766/2743 2768/2768/2745
f 2771/2770/2747 2773/2771/2748 2772/2772/2749
f 2775/2773/2750 2772/2772/2749 2773/2771/2748
f 2773/2771/2748 2774/2774/2751 2775/2773/2750
f 2774/2774/2751 2776/2775/2752 2775/2773/2750
f 2776/2775/2752 2777/2776/2753 2775/2773/2750
f 2778/2777/2754 2775/2773/2750 2777/2776/2753
f 2780/2778/2755 2778/2777/2754 2777/2776/2753
f 2777/2776/2753 2779/2779/2756 2780/2778/2755
f 2781/2780/2757 2780/2778/2755 2779/2779/2756
f 2779/2779/2756 2782/2781/2758 2781/2780/2757
f 2783/2782/2759 2781/2780/2757 2782/2781/2758
f 2784/2783/2760 2786/2784/2761 2785/2785/2762
f 2788/2786/2763 2785/2785/2762 2786/2784/2761
f 2786/2784/2761 2787/2787/2764 2788/2786/2763
f 2789/2788/2765 2980/2789/2766 2790/2790/2767
f 2790/2790/2767 2792/2791/2768 2791/2792/2769
f 2792/2791/2768 2790/2790/2767 2980/2789/2766
f 2792/2791/2768 2793/2793/2770 2791/2792/2769
f 2795/2794/2771 2797/2795/2772 2796/2796/2773
f 2796/2796/2773 2799/2797/2774 2798/2798/2775
f 2799/2797/2774 2796/2796/2773 2797/2795/2772
f 2800/2799/2776 2798/2798/2775 2799/2797/2774
f 2799/2797/2774 2801/2800/2777 2800/2799/2776
f 2802/2801/2778 2800/2799/2776 2801/2800/2777
f 2805/2802/2779 2806/2803/2780 2807/2804/2781
f 2808/2805/2782 2807/2804/2781 2806/2803/2780
f 2806/2803/2780 2809/2806/2783 2808/2805/2782
f 2808/2805/2782 2810/2807/2784 2811/2808/2785
f 2810/2807/2784 2808/2805/2782 2809/2806/2783
f 2812/2809/2786 2811/2808/2785 2810/2807/2784
f 2813/2810/2787 2815/2811/2788 2814/2812/2789
f 2817/2813/2790 2814/2812/2789 2815/2811/2788
f 2815/2811/2788 2816/2814/2791 2817/2813/2790
f 2817/2813/2790 2818/2815/2792 2819/2816/2793
f 2818/2815/2792 2817/2813/2790 2816/2814/2791
f 2820/2817/2794 2822/2818/2795 2821/2819/2796
f 2823/2820/2797 2821/2819/2796 2822/2818/2795
f 2824/2821/2798 2821/2819/2796 2823/2820/2797
f 2825/2822/2799 2827/2823/2800 2823/2820/2797
f 2828/2824/2801 2823/2820/2797 2827/2823/2800
f 2828/2824/2801 2826/2825/2802 2823/2820/2797
f 2827/2823/2800 2829/2826/2803 2828/2824/2801
f 2830/2827/2804 2828/2824/2801 2829/2826/2803
f 2828/2824/2801 2830/2827/2804 2831/2828/2805
f 2832/2829/2806 2831/2828/2805 2830/2827/2804
f 2830/2827/2804 2833/2830/2807 2832/2829/2806
f 2834/2831/2808 2832/2829/2806 2833/2830/2807
f 2835/2832/2809 2837/2833/2810 2836/2834/2811
f 2837/2833/2810 2838/2835/2812 2836/2834/2811
f 2839/2836/2813 2836/2834/2811 2838/2835/2812
f 2838/2835/2812 2840/2837/2814 2839/2836/2813
f 2841/2838/2815 2839/2836/2813 2840/2837/2814
f 2840/2837/2814 2842/2839/2816 2841/2838/2815
f 2841/2838/2815 2843/2840/2817 2844/2841/2818
f 2843/2840/2817 2841/2838/2815 2842/2839/2816
f 2846/2842/2819 2844/2841/2818 2843/2840/2817
f 2846/2842/2819 2843/2840/2817 2845/2843/2820
f 2845/2843/2820 2847/2844/2821 2846/2842/2819
f 2849/2845/2822 2846/2842/2819 2847/2844/2821
f 2847/2844/2821 2848/2846/2823 2849/2845/2822
f 2848/2846/2823 2850/2847/2824 2849/2845/2822
f 2852/2848/2825 2851/2849/2826 2849/2845/2822
f 2849/2845/2822 2853/2850/2827 2852/2848/2825
f 2853/2850/2827 2849/2845/2822 2850/2847/2824
f 2855/2851/2828 2857/2852/2829 2856/2853/2830
f 2857/2852/2829 2858/2854/2831 2856/2853/2830
f 2859/2855/2832 2856/2853/2830 2858/2854/2831
f 2858/2854/2831 2860/2856/2833 2859/2855/2832
f 2859/2855/2832 2861/2857/2834 2862/2858/2835
f 2861/2857/2834 2859/2855/2832 2860/2856/2833
f 2864/2859/2836 2862/2858/2835 2861/2857/2834
f 2861/2857/2834 2863/2860/2837 2864/2859/2836
f 2866/2861/2838 2864/2859/2836 2863/2860/2837
f 2863/2860/2837 2865/2862/2839 2866/2861/2838
f 2867/2863/2840 2868/2864/2841 2869/2865/2842
f 2868/2864/2841 2870/2866/2843 2869/2865/2842
f 2871/2867/2844 2869/2865/2842 2870/2866/2843
f 2870/2866/2843 2872/2868/2845 2871/2867/2844
f 2874/2869/2846 2871/2867/2844 2872/2868/2845
f 2872/2868/2845 2873/2870/2847 2874/2869/2846
f 2874/2869/2846 2873/2870/2847 2875/2871/2848
f 2877/2872/2849 2873/2870/2847 2876/2873/2850
f 2873/2870/2847 2877/2872/2849 2875/2871/2848
f 2877/2872/2849 2878/2874/2851 2879/2875/2852
f 2881/2876/2853 2879/2875/2852 2878/2874/2851
f 2878/2874/2851 2880/2877/2854 2881/2876/2853
f 2880/2877/2854 2882/2878/2855 2883/2879/2856
f 2883/2879/2856 2881/2876/2853 2880/2877/2854
f 2886/2880/2857 2883/2879/2856 2882/2878/2855
f 2882/2878/2855 2885/2881/2858 2886/2880/2857
f 2883/2879/2856 2886/2880/2857 2884/2882/2859
f 2887/2883/2860 2886/2880/2857 2885/2881/2858
f 2887/2883/2860 2888/2884/2861 2889/2885/2862
f 2888/2884/2861 2891/2886/2863 2889/2885/2862
f 2891/2886/2863 2890/2887/2864 2889/2885/2862
f 2891/2886/2863 2893/2888/2865 2892/2889/2866
f 2894/2890/2867 2892/2889/2866 2893/2888/2865
f 2893/2888/2865 2895/2891/2868 2894/2890/2867
f 2898/2892/2869 2894/2890/2867 2895/2891/2868
f 2895/2891/2868 2896/2893/2870 2898/2892/2869
f 2894/2890/2867 2898/2892/2869 2897/2894/2871
f 2899/2895/2872 2897/2894/2871 2898/2892/2869
f 2900/2896/2873 2899/2895/2872 2898/2892/2869
f 2898/2892/2869 2901/2897/2874 2900/2896/2873
f 2902/2898/2875 2900/2896/2873 2901/2897/2874
f 2903/2899/2876 2902/2898/2875 2901/2897/2874
f 2904/2900/2877 2906/2901/2878 2905/2902/2879
f 2905/2902/2879 2908/2903/2880 2907/2904/2881
f 2908/2903/2880 2905/2902/2879 2906/2901/2878
f 2909/2905/2882 2907/2904/2881 2908/2903/2880
f 2911/2906/2883 2908/2903/2880 2910/2907/2884
f 2912/2908/2885 2909/2905/2882 2908/2903/2880
f 2908/2903/2880 2911/2906/2883 2912/2908/2885
f 2913/2909/2886 2912/2908/2885 2911/2906/2883
f 2914/2910/2887 2913/2909/2886 2911/2906/2883
f 2911/2906/2883 2915/2911/2888 2914/2910/2887
f 2914/2910/2887 2916/2912/2889 2917/2913/2890
f 2916/2912/2889 2914/2910/2887 2915/2911/2888
f 2916/2912/2889 2918/2914/2891 2919/2915/2892
f 2919/2915/2892 2917/2913/2890 2916/2912/2889
f 2921/2916/2893 2919/2915/2892 2918/2914/2891
f 2918/2914/2891 3068/2917/2894 2921/2916/2893
f 2919/2915/2892 2921/2916/2893 2920/2918/2895
f 2922/2919/2896 2920/2918/2895 2921/2916/2893
f 2921/2916/2893 2923/2920/2897 2922/2919/2896
f 2924/2921/2898 2922/2919/2896 2923/2920/2897
f 2925/2922/2899 3073/2923/2900 2926/2924/2901
f 2925/2922/2899 2926/2924/2901 2927/2925/2902
f 2928/2926/2903 2927/2925/2902 2926/2924/2901
f 2926/2924/2901 2930/2927/2904 2928/2926/2903
f 2926/2924/2901 2929/2928/2905 2930/2927/2904
f 2931/2929/2906 2928/2926/2903 2930/2927/2904
f 2932/2930/2907 2931/2929/2906 2930/2927/2904
f 2934/2931/2908 2935/2932/2909 2936/2933/2910
f 2935/2932/2909 2937/2934/2911 2936/2933/2910
f 2936/2933/2910 2939/2935/2912 2938/2936/2913
f 2939/2935/2912 2936/2933/2910 2937/2934/2911
f 2940/2937/2914 2938/2936/2913 2939/2935/2912
f 2943/2938/2915 2939/2935/2912 2941/2939/2916
f 2941/2939/2916 2942/2940/2917 2943/2938/2915
f 2939/2935/2912 2943/2938/2915 2940/2937/2914
f 3862/2941/2918 2940/2937/2914 2943/2938/2915
f 2944/2942/2919 3862/2941/2918 2943/2938/2915
f 2943/2938/2915 2945/2943/2920 2944/2942/2919
f 2945/2943/2920 2946/2944/2921 2944/2942/2919
f 2947/2945/2922 2944/2942/2919 2946/2944/2921
f 2946/2944/2921 2948/2946/2923 2947/2945/2922
f 2949/2947/2924 2947/2945/2922 2948/2946/2923
f 2948/2946/2923 2950/2948/2925 2949/2947/2924
f 2951/2949/2926 2949/2947/2924 2950/2948/2925
f 2950/2948/2925 2952/2950/2927 2951/2949/2926
f 2951/2949/2926 2953/2951/2928 2954/2952/2929
f 2953/2951/2928 2951/2949/2926 2952/2950/2927
f 2952/2950/2927 2955/2953/2930 2953/2951/2928
f 2957/2954/2931 2953/2951/2928 2955/2953/2930
f 2953/2951/2928 2957/2954/2931 2956/2955/2932
f 2759/2759/2736 2958/2956/2933 2760/2760/2737
f 2958/2956/2933 2759/2759/2736 2959/2957/2934
f 2762/2762/2739 2760/2760/2737 2958/2956/2933
f 2958/2956/2933 2960/2958/2935 2762/2762/2739
f 2763/2763/2740 2762/2762/2739 2960/2958/2935
f 2960/2958/2935 2961/2959/2936 2763/2763/2740
f 2765/2765/2742 2763/2763/2740 2961/2959/2936
f 2961/2959/2936 2962/2960/2937 2765/2765/2742
f 2767/2767/2744 2765/2765/2742 2962/2960/2937
f 2767/2767/2744 2963/2961/2938 2768/2768/2745
f 2964/2962/2939 2768/2768/2745 2963/2961/2938
f 2769/2769/2746 2768/2768/2745 2964/2962/2939
f 2770/2963/2940 2769/2769/2746 2964/2962/2939
f 2964/2962/2939 2965/2964/2941 2770/2963/2940
f 2771/2770/2747 2770/2963/2940 2965/2964/2941
f 2965/2964/2941 2966/2965/2942 2771/2770/2747
f 2773/2771/2748 2771/2770/2747 2966/2965/2942
f 2966/2965/2942 2967/2966/2943 2773/2771/2748
f 2968/2967/2944 2773/2771/2748 2967/2966/2943
f 2773/2771/2748 2968/2967/2944 2774/2774/2751
f 2968/2967/2944 2969/2968/2945 2774/2774/2751
f 2776/2775/2752 2774/2774/2751 2969/2968/2945
f 2777/2776/2753 2776/2775/2752 2970/2969/2946
f 2777/2776/2753 2970/2969/2946 2971/2970/2947
f 2779/2779/2756 2777/2776/2753 2971/2970/2947
f 2971/2970/2947 2972/2971/2948 2779/2779/2756
f 2782/2781/2758 2779/2779/2756 2972/2971/2948
f 2972/2971/2948 2973/2972/2949 2782/2781/2758
f 2783/2782/2759 2782/2781/2758 2973/2972/2949
f 2973/2972/2949 2974/2973/2950 2783/2782/2759
f 2975/2974/2951 2783/2782/2759 2974/2973/2950
f 2783/2782/2759 2975/2974/2951 2784/2783/2760
f 2786/2784/2761 2784/2783/2760 2975/2974/2951
f 2975/2974/2951 2976/2975/2952 2786/2784/2761
f 2786/2784/2761 2977/2976/2953 2787/2787/2764
f 2977/2976/2953 2786/2784/2761 2976/2975/2952
f 2977/2976/2953 2978/2977/2954 2789/2788/2765
f 2789/2788/2765 2787/2787/2764 2977/2976/2953
f 2979/2978/2955 2789/2788/2765 2978/2977/2954
f 2980/2789/2766 2789/2788/2765 2979/2978/2955
f 2980/2789/2766 2981/2979/2956 2792/2791/2768
f 2793/2793/2770 2792/2791/2768 2981/2979/2956
f 2981/2979/2956 2982/2980/2957 2793/2793/2770
f 2983/2981/2958 2793/2793/2770 2982/2980/2957
f 2794/2982/2959 2793/2793/2770 2983/2981/2958
f 2983/2981/2958 2984/2983/2960 2794/2982/2959
f 2984/2983/2960 3109/2984/2961 2795/2794/2771
f 2795/2794/2771 2794/2982/2959 2984/2983/2960
f 2797/2795/2772 2795/2794/2771 3109/2984/2961
f 3109/2984/2961 2985/2985/2962 2797/2795/2772
f 2797/2795/2772 2986/2986/2963 2799/2797/2774
f 2986/2986/2963 2797/2795/2772 2985/2985/2962
f 2801/2800/2777 2799/2797/2774 2986/2986/2963
f 2986/2986/2963 2987/2987/2964 2801/2800/2777
f 2988/2988/2965 2801/2800/2777 2987/2987/2964
f 2802/2801/2778 2801/2800/2777 2988/2988/2965
f 2988/2988/2965 2989/2989/2966 2802/2801/2778
f 2803/2990/2967 2802/2801/2778 2989/2989/2966
f 2989/2989/2966 2990/2991/2968 2803/2990/2967
f 2990/2991/2968 3115/2992/2969 2804/2993/2970
f 2804/2993/2970 2803/2990/2967 2990/2991/2968
f 2804/2993/2970 2991/2994/2971 2805/2802/2779
f 2991/2994/2971 2804/2993/2970 3115/2992/2969
f 2991/2994/2971 2992/2995/2972 2806/2803/2780
f 2806/2803/2780 2805/2802/2779 2991/2994/2971
f 2992/2995/2972 2993/2996/2973 2809/2806/2783
f 2809/2806/2783 2806/2803/2780 2992/2995/2972
f 2809/2806/2783 2994/2997/2974 2810/2807/2784
f 2994/2997/2974 2809/2806/2783 2993/2996/2973
f 2812/2809/2786 2810/2807/2784 2994/2997/2974
f 2812/2809/2786 2994/2997/2974 2995/2998/2975
f 2996/2999/2976 2812/2809/2786 2995/2998/2975
f 2812/2809/2786 2996/2999/2976 2813/2810/2787
f 2815/2811/2788 2813/2810/2787 2996/2999/2976
f 2996/2999/2976 2997/3000/2977 2815/2811/2788
f 2816/2814/2791 2815/2811/2788 2997/3000/2977
f 2997/3000/2977 2998/3001/2978 2816/2814/2791
f 2999/3002/2979 2816/2814/2791 2998/3001/2978
f 2818/2815/2792 2816/2814/2791 2999/3002/2979
f 2999/3002/2979 3000/3003/2980 2818/2815/2792
f 3000/3003/2980 3001/3004/2981 2818/2815/2792
f 2820/2817/2794 2818/2815/2792 3001/3004/2981
f 3001/3004/2981 3002/3005/2982 2820/2817/2794
f 2822/2818/2795 2820/2817/2794 3002/3005/2982
f 3002/3005/2982 3003/3006/2983 2822/2818/2795
f 3003/3006/2983 3004/3007/2984 2822/2818/2795
f 2822/2818/2795 3005/3008/2985 2823/2820/2797
f 3005/3008/2985 2822/2818/2795 3004/3007/2984
f 2825/2822/2799 2823/2820/2797 3005/3008/2985
f 2825/2822/2799 3006/3009/2986 2827/2823/2800
f 3006/3009/2986 3007/3010/2987 2827/2823/2800
f 2829/2826/2803 2827/2823/2800 3007/3010/2987
f 2830/2827/2804 2829/2826/2803 3007/3010/2987
f 3007/3010/2987 3008/3011/2988 2830/2827/2804
f 2830/2827/2804 3009/3012/2989 2833/2830/2807
f 3009/3012/2989 2830/2827/2804 3008/3011/2988
f 3009/3012/2989 3010/3013/2990 2833/2830/2807
f 2833/2830/2807 3011/3014/2991 2834/2831/2808
f 3011/3014/2991 2833/2830/2807 3010/3013/2990
f 3011/3014/2991 3135/3015/2992 2835/2832/2809
f 2835/2832/2809 2834/2831/2808 3011/3014/2991
f 2837/2833/2810 2835/2832/2809 3135/3015/2992
f 3135/3015/2992 3012/3016/2993 2837/2833/2810
f 2838/2835/2812 2837/2833/2810 3012/3016/2993
f 3012/3016/2993 3013/3017/2994 2838/2835/2812
f 2840/2837/2814 2838/2835/2812 3013/3017/2994
f 3013/3017/2994 3014/3018/2995 2840/2837/2814
f 2842/2839/2816 2840/2837/2814 3014/3018/2995
f 3014/3018/2995 3015/3019/2996 2842/2839/2816
f 2843/2840/2817 2842/2839/2816 3015/3019/2996
f 3015/3019/2996 3016/3020/2997 2843/2840/2817
f 2845/2843/2820 2843/2840/2817 3016/3020/2997
f 3016/3020/2997 3017/3021/2998 2845/2843/2820
f 2847/2844/2821 2845/2843/2820 3017/3021/2998
f 3017/3021/2998 3018/3022/2999 2847/2844/2821
f 2848/2846/2823 2847/2844/2821 3018/3022/2999
f 2850/2847/2824 2848/2846/2823 3141/3023/3000
f 3141/3023/3000 3019/3024/3001 2850/2847/2824
f 3019/3024/3001 3020/3025/3002 2850/2847/2824
f 3021/3026/3003 2850/2847/2824 3020/3025/3002
f 2853/2850/2827 2850/2847/2824 3021/3026/3003
f 3021/3026/3003 3022/3027/3004 2853/2850/2827
f 2854/3028/3005 2853/2850/2827 3022/3027/3004
f 3022/3027/3004 3023/3029/3006 2854/3028/3005
f 3023/3029/3006 3024/3030/3007 2855/2851/2828
f 2855/2851/2828 2854/3028/3005 3023/3029/3006
f 2857/2852/2829 2855/2851/2828 3024/3030/3007
f 3024/3030/3007 3025/3031/3008 2857/2852/2829
f 2858/2854/2831 2857/2852/2829 3025/3031/3008
f 3025/3031/3008 3026/3032/3009 2858/2854/2831
f 3026/3032/3009 3027/3033/3010 2858/2854/2831
f 2860/2856/2833 2858/2854/2831 3027/3033/3010
f 2860/2856/2833 3028/3034/3011 2861/2857/2834
f 3028/3034/3011 2860/2856/2833 3027/3033/3010
f 2863/2860/2837 2861/2857/2834 3028/3034/3011
f 3028/3034/3011 3029/3035/3012 2863/2860/2837
f 3029/3035/3012 3031/3036/3013 2863/2860/2837
f 3031/3036/3013 3029/3035/3012 3030/3037/3014
f 2865/2862/2839 2863/2860/2837 3031/3036/3013
f 3031/3036/3013 3032/3038/3015 2865/2862/2839
f 3032/3038/3015 3033/3039/3016 2865/2862/2839
f 2867/2863/2840 2865/2862/2839 3033/3039/3016
f 3033/3039/3016 3034/3040/3017 2867/2863/2840
f 2868/2864/2841 2867/2863/2840 3034/3040/3017
f 3034/3040/3017 3156/3041/3018 2868/2864/2841
f 2870/2866/2843 2868/2864/2841 3156/3041/3018
f 3156/3041/3018 3035/3042/3019 2870/2866/2843
f 3036/3043/3020 2870/2866/2843 3035/3042/3019
f 2872/2868/2845 2870/2866/2843 3036/3043/3020
f 2873/2870/2847 2872/2868/2845 3036/3043/3020
f 3036/3043/3020 3037/3044/3021 2873/2870/2847
f 2876/2873/2850 2873/2870/2847 3037/3044/3021
f 3037/3044/3021 3038/3045/3022 2876/2873/2850
f 3039/3046/3023 2876/2873/2850 3038/3045/3022
f 2876/2873/2850 3039/3046/3023 2877/2872/2849
f 3039/3046/3023 3040/3047/3024 2878/2874/2851
f 2878/2874/2851 2877/2872/2849 3039/3046/3023
f 2880/2877/2854 2878/2874/2851 3040/3047/3024
f 3040/3047/3024 3041/3048/3025 2880/2877/2854
f 2882/2878/2855 2880/2877/2854 3041/3048/3025
f 3041/3048/3025 3042/3049/3026 2882/2878/2855
f 2885/2881/2858 2882/2878/2855 3042/3049/3026
f 3042/3049/3026 3043/3050/3027 2885/2881/2858
f 3043/3050/3027 3044/3051/3028 2885/2881/2858
f 2885/2881/2858 3045/3052/3029 2887/2883/2860
f 3045/3052/3029 2885/2881/2858 3044/3051/3028
f 2888/2884/2861 2887/2883/2860 3045/3052/3029
f 2888/2884/2861 3046/3053/3030 2891/2886/2863
f 3047/3054/3031 2891/2886/2863 3046/3053/3030
f 3047/3054/3031 2893/2888/2865 2891/2886/2863
f 3047/3054/3031 3048/3055/3032 2893/2888/2865
f 2895/2891/2868 2893/2888/2865 3048/3055/3032
f 3048/3055/3032 3049/3056/3033 2895/2891/2868
f 3049/3056/3033 3050/3057/3034 2895/2891/2868
f 2896/2893/2870 2895/2891/2868 3050/3057/3034
f 2898/2892/2869 2896/2893/2870 3050/3057/3034
f 3050/3057/3034 3051/3058/3035 2898/2892/2869
f 3052/3059/3036 2898/2892/2869 3051/3058/3035
f 3052/3059/3036 3053/3060/3037 2898/2892/2869
f 2901/2897/2874 2898/2892/2869 3053/3060/3037
f 3053/3060/3037 3054/3061/3038 2901/2897/2874
f 3055/3062/3039 2901/2897/2874 3054/3061/3038
f 2903/2899/2876 2901/2897/2874 3055/3062/3039
f 3055/3062/3039 3056/3063/3040 2903/2899/2876
f 2904/2900/2877 2903/2899/2876 3056/3063/3040
f 3056/3063/3040 3057/3064/3041 2904/2900/2877
f 2906/2901/2878 2904/2900/2877 3057/3064/3041
f 3057/3064/3041 3058/3065/3042 2906/2901/2878
f 3058/3065/3042 3059/3066/3043 2906/2901/2878
f 3060/3067/3044 2906/2901/2878 3059/3066/3043
f 2908/2903/2880 2906/2901/2878 3060/3067/3044
f 2910/2907/2884 2908/2903/2880 3060/3067/3044
f 2910/2907/2884 3061/3068/3045 2911/2906/2883
f 3061/3068/3045 3062/3069/3046 2911/2906/2883
f 3062/3069/3046 3061/3068/3045 3178/3070/3047
f 2915/2911/2888 2911/2906/2883 3062/3069/3046
f 2915/2911/2888 3062/3069/3046 3063/3071/3048
f 3064/3072/3049 2915/2911/2888 3063/3071/3048
f 2916/2912/2889 2915/2911/2888 3064/3072/3049
f 3064/3072/3049 3065/3073/3050 2916/2912/2889
f 2918/2914/2891 2916/2912/2889 3065/3073/3050
f 3065/3073/3050 3066/3074/3051 2918/2914/2891
f 3066/3074/3051 3067/3075/3052 2918/2914/2891
f 3068/2917/2894 2918/2914/2891 3067/3075/3052
f 3068/2917/2894 3069/3076/3053 2921/2916/2893
f 2923/2920/2897 2921/2916/2893 3069/3076/3053
f 3069/3076/3053 3070/3077/3054 2923/2920/2897
f 2924/2921/2898 2923/2920/2897 3070/3077/3054
f 3070/3077/3054 3071/3078/3055 2924/2921/2898
f 2925/2922/2899 2924/2921/2898 3071/3078/3055
f 3071/3078/3055 3072/3079/3056 2925/2922/2899
f 3073/2923/2900 2925/2922/2899 3072/3079/3056
f 3073/2923/2900 3074/3080/3057 2926/2924/2901
f 2929/2928/2905 2926/2924/2901 3074/3080/3057
f 3074/3080/3057 3190/3081/3058 2929/2928/2905
f 2932/2930/2907 2930/2927/2904 2929/2928/2905
f 2929/2928/2905 3075/3082/3059 2932/2930/2907
f 3075/3082/3059 3192/3083/3060 2933/3084/3061
f 2933/3084/3061 2932/2930/2907 3075/3082/3059
f 2934/2931/2908 2933/3084/3061 3192/3083/3060
f 3192/3083/3060 3076/3085/3062 2934/2931/2908
f 2935/2932/2909 2934/2931/2908 3076/3085/3062
f 3076/3085/3062 3193/3086/3063 2935/2932/2909
f 2937/2934/2911 2935/2932/2909 3193/3086/3063
f 3193/3086/3063 3077/3087/3064 2937/2934/2911
f 2939/2935/2912 2937/2934/2911 3077/3087/3064
f 3077/3087/3064 3078/3088/3065 2939/2935/2912
f 2941/2939/2916 2939/2935/2912 3078/3088/3065
f 2941/2939/2916 3079/3089/3066 2942/2940/2917
f 2942/2940/2917 3080/3090/3067 2943/2938/2915
f 2945/2943/2920 2943/2938/2915 3080/3090/3067
f 3080/3090/3067 3081/3091/3068 2945/2943/2920
f 3081/3091/3068 3082/3092/3069 2946/2944/2921
f 2946/2944/2921 2945/2943/2920 3081/3091/3068
f 3082/3092/3069 3083/3093/3070 2946/2944/2921
f 2948/2946/2923 2946/2944/2921 3083/3093/3070
f 3083/3093/3070 3084/3094/3071 2948/2946/2923
f 2950/2948/2925 2948/2946/2923 3084/3094/3071
f 3084/3094/3071 3085/3095/3072 2950/2948/2925
f 2952/2950/2927 2950/2948/2925 3085/3095/3072
f 3086/3096/3073 3087/3097/3074 2952/2950/2927
f 3088/3098/3075 2952/2950/2927 3087/3097/3074
f 2952/2950/2927 3088/3098/3075 2955/2953/2930
f 3088/3098/3075 3089/3099/3076 2955/2953/2930
f 3090/3100/3077 2955/2953/2930 3089/3099/3076
f 2955/2953/2930 3090/3100/3077 2957/2954/2931
f 2959/2957/2934 3091/3101/3078 2958/2956/2933
f 2960/2958/2935 2958/2956/2933 3091/3101/3078
f 3091/3101/3078 3092/3102/3079 2960/2958/2935
f 2961/2959/2936 2960/2958/2935 3092/3102/3079
f 3092/3102/3079 3093/3103/3080 2961/2959/2936
f 2962/2960/2937 2961/2959/2936 3093/3103/3080
f 3093/3103/3080 3094/3104/3081 2962/2960/2937
f 3095/3105/3082 2962/2960/2937 3094/3104/3081
f 2767/2767/2744 2962/2960/2937 3095/3105/3082
f 3095/3105/3082 3096/3106/3083 2963/2961/2938
f 2963/2961/2938 2767/2767/2744 3095/3105/3082
f 3097/3107/3084 2963/2961/2938 3096/3106/3083
f 2963/2961/2938 3097/3107/3084 2964/2962/2939
f 2965/2964/2941 2964/2962/2939 3097/3107/3084
f 2966/2965/2942 3098/3108/3085 2967/2966/2943
f 2968/2967/2944 2967/2966/2943 3098/3108/3085
f 3098/3108/3085 3099/3109/3086 2968/2967/2944
f 2969/2968/2945 2968/2967/2944 3099/3109/3086
f 3099/3109/3086 3214/3110/3087 2969/2968/2945
f 3100/3111/3088 2969/2968/2945 3214/3110/3087
f 2969/2968/2945 3100/3111/3088 2776/2775/2752
f 2970/2969/2946 2776/2775/2752 3100/3111/3088
f 3100/3111/3088 3101/3112/3089 2971/2970/2947
f 2971/2970/2947 2970/2969/2946 3100/3111/3088
f 2972/2971/2948 2971/2970/2947 3101/3112/3089
f 3101/3112/3089 3102/3113/3090 2972/2971/2948
f 2973/2972/2949 2972/2971/2948 3102/3113/3090
f 3102/3113/3090 3218/3114/3091 2973/2972/2949
f 2974/2973/2950 2973/2972/2949 3218/3114/3091
f 2975/2974/2951 3103/3115/3092 2976/2975/2952
f 3104/3116/3093 2976/2975/2952 3103/3115/3092
f 2977/2976/2953 2976/2975/2952 3104/3116/3093
f 3104/3116/3093 3223/3117/3094 2978/2977/2954
f 2978/2977/2954 2977/2976/2953 3104/3116/3093
f 2978/2977/2954 3105/3118/3095 2979/2978/2955
f 3105/3118/3095 2978/2977/2954 3223/3117/3094
f 2980/2789/2766 2979/2978/2955 3105/3118/3095
f 3105/3118/3095 3106/3119/3096 2980/2789/2766
f 2981/2979/2956 2980/2789/2766 3106/3119/3096
f 3106/3119/3096 3107/3120/3097 2981/2979/2956
f 2982/2980/2957 2981/2979/2956 3107/3120/3097
f 2982/2980/2957 3108/3121/3098 2983/2981/2958
f 2984/2983/2960 2983/2981/2958 3108/3121/3098
f 3109/2984/2961 3110/3122/3099 2985/2985/2962
f 3110/3122/3099 3111/3123/3100 2985/2985/2962
f 2985/2985/2962 3111/3123/3100 2986/2986/2963
f 3111/3123/3100 3112/3124/3101 2986/2986/2963
f 2987/2987/2964 2986/2986/2963 3112/3124/3101
f 2987/2987/2964 3113/3125/3102 2988/2988/2965
f 2989/2989/2966 2988/2988/2965 3113/3125/3102
f 3113/3125/3102 3114/3126/3103 2989/2989/2966
f 2990/2991/2968 2989/2989/2966 3114/3126/3103
f 2991/2994/2971 3116/3127/3104 2992/2995/2972
f 3116/3127/3104 3117/3128/3105 2993/2996/2973
f 2993/2996/2973 2992/2995/2972 3116/3127/3104
f 2993/2996/2973 3118/3129/3106 2994/2997/2974
f 3118/3129/3106 2993/2996/2973 3117/3128/3105
f 2995/2998/2975 2994/2997/2974 3118/3129/3106
f 3118/3129/3106 3240/3130/3107 2995/2998/2975
f 3119/3131/3108 2995/2998/2975 3240/3130/3107
f 2995/2998/2975 3119/3131/3108 2996/2999/2976
f 2997/3000/2977 2996/2999/2976 3119/3131/3108
f 3119/3131/3108 3120/3132/3109 2997/3000/2977
f 2998/3001/2978 2997/3000/2977 3120/3132/3109
f 3120/3132/3109 3121/3133/3110 2998/3001/2978
f 2999/3002/2979 2998/3001/2978 3121/3133/3110
f 3121/3133/3110 3122/3134/3111 2999/3002/2979
f 3000/3003/2980 2999/3002/2979 3122/3134/3111
f 3123/3135/3112 3000/3003/2980 3122/3134/3111
f 3001/3004/2981 3000/3003/2980 3123/3135/3112
f 3123/3135/3112 3124/3136/3113 3001/3004/2981
f 3002/3005/2982 3001/3004/2981 3124/3136/3113
f 3124/3136/3113 3125/3137/3114 3002/3005/2982
f 3003/3006/2983 3002/3005/2982 3125/3137/3114
f 3125/3137/3114 3126/3138/3115 3003/3006/2983
f 3004/3007/2984 3003/3006/2983 3126/3138/3115
f 3126/3138/3115 3127/3139/3116 3004/3007/2984
f 3004/3007/2984 3128/3140/3117 3005/3008/2985
f 3128/3140/3117 3004/3007/2984 3127/3139/3116
f 2825/2822/2799 3005/3008/2985 3128/3140/3117
f 3128/3140/3117 3129/3141/3118 2825/2822/2799
f 3006/3009/2986 2825/2822/2799 3129/3141/3118
f 3129/3141/3118 3130/3142/3119 3006/3009/2986
f 3007/3010/2987 3006/3009/2986 3130/3142/3119
f 3130/3142/3119 3131/3143/3120 3007/3010/2987
f 3008/3011/2988 3007/3010/2987 3131/3143/3120
f 3131/3143/3120 3132/3144/3121 3008/3011/2988
f 3008/3011/2988 3133/3145/3122 3009/3012/2989
f 3133/3145/3122 3008/3011/2988 3132/3144/3121
f 3133/3145/3122 3134/3146/3123 3010/3013/2990
f 3010/3013/2990 3009/3012/2989 3133/3145/3122
f 3011/3014/2991 3010/3013/2990 3134/3146/3123
f 3012/3016/2993 3136/3147/3124 3013/3017/2994
f 3014/3018/2995 3013/3017/2994 3136/3147/3124
f 3136/3147/3124 3137/3148/3125 3014/3018/2995
f 3137/3148/3125 3252/3149/3126 3014/3018/2995
f 3015/3019/2996 3014/3018/2995 3252/3149/3126
f 3252/3149/3126 3138/3150/3127 3015/3019/2996
f 3016/3020/2997 3015/3019/2996 3138/3150/3127
f 3016/3020/2997 3139/3151/3128 3017/3021/2998
f 3018/3022/2999 3017/3021/2998 3139/3151/3128
f 3139/3151/3128 3140/3152/3129 3018/3022/2999
f 3141/3023/3000 3018/3022/2999 3140/3152/3129
f 3018/3022/2999 3141/3023/3000 2848/2846/2823
f 3019/3024/3001 3141/3023/3000 3142/3153/3130
f 3142/3153/3130 3257/3154/3131 3019/3024/3001
f 3020/3025/3002 3019/3024/3001 3257/3154/3131
f 3257/3154/3131 3143/3155/3132 3020/3025/3002
f 3020/3025/3002 3144/3156/3133 3021/3026/3003
f 3144/3156/3133 3020/3025/3002 3143/3155/3132
f 3022/3027/3004 3021/3026/3003 3144/3156/3133
f 3144/3156/3133 3145/3157/3134 3022/3027/3004
f 3023/3029/3006 3022/3027/3004 3145/3157/3134
f 3145/3157/3134 3146/3158/3135 3023/3029/3006
f 3146/3158/3135 3147/3159/3136 3024/3030/3007
f 3024/3030/3007 3023/3029/3006 3146/3158/3135
f 3025/3031/3008 3024/3030/3007 3147/3159/3136
f 3147/3159/3136 3148/3160/3137 3025/3031/3008
f 3026/3032/3009 3025/3031/3008 3148/3160/3137
f 3148/3160/3137 3149/3161/3138 3026/3032/3009
f 3026/3032/3009 3150/3162/3139 3027/3033/3010
f 3027/3033/3010 3151/3163/3140 3028/3034/3011
f 3151/3163/3140 3027/3033/3010 3150/3162/3139
f 3029/3035/3012 3028/3034/3011 3151/3163/3140
f 3151/3163/3140 3030/3037/3014 3029/3035/3012
f 3030/3037/3014 3153/3164/3141 3031/3036/3013
f 3153/3164/3141 3030/3037/3014 3152/3165/3142
f 3032/3038/3015 3031/3036/3013 3153/3164/3141
f 3153/3164/3141 3154/3166/3143 3032/3038/3015
f 3033/3039/3016 3032/3038/3015 3154/3166/3143
f 3154/3166/3143 3155/3167/3144 3033/3039/3016
f 3034/3040/3017 3033/3039/3016 3155/3167/3144
f 3156/3041/3018 3157/3168/3145 3035/3042/3019
f 3035/3042/3019 3157/3168/3145 3036/3043/3020
f 3157/3168/3145 3270/3169/3146 3036/3043/3020
f 3037/3044/3021 3036/3043/3020 3270/3169/3146
f 3270/3169/3146 3158/3170/3147 3037/3044/3021
f 3038/3045/3022 3037/3044/3021 3158/3170/3147
f 3158/3170/3147 3159/3171/3148 3038/3045/3022
f 3160/3172/3149 3038/3045/3022 3159/3171/3148
f 3038/3045/3022 3160/3172/3149 3039/3046/3023
f 3160/3172/3149 3161/3173/3150 3040/3047/3024
f 3040/3047/3024 3039/3046/3023 3160/3172/3149
f 3041/3048/3025 3040/3047/3024 3161/3173/3150
f 3161/3173/3150 3162/3174/3151 3041/3048/3025
f 3042/3049/3026 3041/3048/3025 3162/3174/3151
f 3162/3174/3151 3163/3175/3152 3042/3049/3026
f 3043/3050/3027 3042/3049/3026 3163/3175/3152
f 3045/3052/3029 3046/3053/3030 2888/2884/2861
f 3164/3176/3153 3046/3053/3030 3279/3177/3154
f 3046/3053/3030 3164/3176/3153 3047/3054/3031
f 3048/3055/3032 3047/3054/3031 3164/3176/3153
f 3048/3055/3032 3165/3178/3155 3049/3056/3033
f 3050/3057/3034 3049/3056/3033 3165/3178/3155
f 3165/3178/3155 3166/3179/3156 3050/3057/3034
f 3051/3058/3035 3050/3057/3034 3166/3179/3156
f 3051/3058/3035 3167/3180/3157 3052/3059/3036
f 3053/3060/3037 3052/3059/3036 3167/3180/3157
f 3167/3180/3157 3168/3181/3158 3053/3060/3037
f 3054/3061/3038 3053/3060/3037 3168/3181/3158
f 3168/3181/3158 3169/3182/3159 3054/3061/3038
f 3054/3061/3038 3170/3183/3160 3055/3062/3039
f 3170/3183/3160 3054/3061/3038 3169/3182/3159
f 3056/3063/3040 3055/3062/3039 3170/3183/3160
f 3170/3183/3160 3171/3184/3161 3056/3063/3040
f 3057/3064/3041 3056/3063/3040 3171/3184/3161
f 3171/3184/3161 3172/3185/3162 3057/3064/3041
f 3058/3065/3042 3057/3064/3041 3172/3185/3162
f 3172/3185/3162 3173/3186/3163 3058/3065/3042
f 3059/3066/3043 3058/3065/3042 3173/3186/3163
f 3173/3186/3163 3174/3187/3164 3059/3066/3043
f 3059/3066/3043 3175/3188/3165 3060/3067/3044
f 3060/3067/3044 3176/3189/3166 2910/2907/2884
f 3176/3189/3166 3060/3067/3044 3175/3188/3165
f 3061/3068/3045 2910/2907/2884 3176/3189/3166
f 3176/3189/3166 3177/3190/3167 3061/3068/3045
f 3178/3070/3047 3061/3068/3045 3177/3190/3167
f 3178/3070/3047 3179/3191/3168 3062/3069/3046
f 3063/3071/3048 3062/3069/3046 3179/3191/3168
f 3063/3071/3048 3180/3192/3169 3064/3072/3049
f 3065/3073/3050 3064/3072/3049 3180/3192/3169
f 3180/3192/3169 3181/3193/3170 3065/3073/3050
f 3066/3074/3051 3065/3073/3050 3181/3193/3170
f 3181/3193/3170 3182/3194/3171 3066/3074/3051
f 3067/3075/3052 3066/3074/3051 3182/3194/3171
f 3182/3194/3171 3183/3195/3172 3067/3075/3052
f 3184/3196/3173 3067/3075/3052 3183/3195/3172
f 3067/3075/3052 3184/3196/3173 3068/2917/2894
f 3069/3076/3053 3068/2917/2894 3184/3196/3173
f 3184/3196/3173 3185/3197/3174 3069/3076/3053
f 3070/3077/3054 3069/3076/3053 3185/3197/3174
f 3185/3197/3174 3186/3198/3175 3070/3077/3054
f 3071/3078/3055 3070/3077/3054 3186/3198/3175
f 3186/3198/3175 3187/3199/3176 3071/3078/3055
f 3072/3079/3056 3071/3078/3055 3187/3199/3176
f 3187/3199/3176 3188/3200/3177 3072/3079/3056
f 3073/2923/2900 3072/3079/3056 3188/3200/3177
f 3188/3200/3177 3189/3201/3178 3073/2923/2900
f 3074/3080/3057 3073/2923/2900 3189/3201/3178
f 3189/3201/3178 3190/3081/3058 3074/3080/3057
f 3190/3081/3058 3191/3202/3179 2929/2928/2905
f 3075/3082/3059 2929/2928/2905 3191/3202/3179
f 3193/3086/3063 3194/3203/3180 3077/3087/3064
f 3078/3088/3065 3077/3087/3064 3194/3203/3180
f 3194/3203/3180 3195/3204/3181 3078/3088/3065
f 3078/3088/3065 3196/3205/3182 2941/2939/2916
f 3196/3205/3182 3078/3088/3065 3195/3204/3181
f 3079/3089/3066 2941/2939/2916 3196/3205/3182
f 3079/3089/3066 3197/3206/3183 2942/2940/2917
f 3080/3090/3067 2942/2940/2917 3197/3206/3183
f 3081/3091/3068 3080/3090/3067 3197/3206/3183
f 3197/3206/3183 3198/3207/3184 3081/3091/3068
f 3082/3092/3069 3081/3091/3068 3198/3207/3184
f 3083/3093/3070 3082/3092/3069 3199/3208/3185
f 3084/3094/3071 3083/3093/3070 3199/3208/3185
f 3199/3208/3185 3200/3209/3186 3084/3094/3071
f 3085/3095/3072 3084/3094/3071 3200/3209/3186
f 3200/3209/3186 3201/3210/3187 3085/3095/3072
f 3085/3095/3072 3201/3210/3187 2952/2950/2927
f 3201/3210/3187 3202/3211/3188 3086/3096/3073
f 3086/3096/3073 2952/2950/2927 3201/3210/3187
f 3087/3097/3074 3086/3096/3073 3202/3211/3188
f 3202/3211/3188 3203/3212/3189 3087/3097/3074
f 3204/3213/3190 3087/3097/3074 3203/3212/3189
f 3087/3097/3074 3204/3213/3190 3088/3098/3075
f 3204/3213/3190 3205/3214/3191 3088/3098/3075
f 3089/3099/3076 3088/3098/3075 3205/3214/3191
f 3090/3100/3077 3089/3099/3076 3205/3214/3191
f 2959/2957/2934 3206/3215/3192 3091/3101/3078
f 3206/3215/3192 2959/2957/2934 3207/3216/3193
f 3092/3102/3079 3091/3101/3078 3206/3215/3192
f 3206/3215/3192 3208/3217/3194 3092/3102/3079
f 3093/3103/3080 3092/3102/3079 3208/3217/3194
f 3208/3217/3194 3318/3218/3195 3093/3103/3080
f 3094/3104/3081 3093/3103/3080 3318/3218/3195
f 3209/3219/3196 3094/3104/3081 3318/3218/3195
f 3094/3104/3081 3209/3219/3196 3095/3105/3082
f 3209/3219/3196 3320/3220/3197 3096/3106/3083
f 3096/3106/3083 3095/3105/3082 3209/3219/3196
f 3320/3220/3197 3210/3221/3198 3096/3106/3083
f 3096/3106/3083 3210/3221/3198 3097/3107/3084
f 2965/2964/2941 3097/3107/3084 3210/3221/3198
f 3210/3221/3198 3211/3222/3199 2965/2964/2941
f 2966/2965/2942 2965/2964/2941 3211/3222/3199
f 3211/3222/3199 3212/3223/3200 2966/2965/2942
f 3098/3108/3085 2966/2965/2942 3212/3223/3200
f 3212/3223/3200 3213/3224/3201 3098/3108/3085
f 3099/3109/3086 3098/3108/3085 3213/3224/3201
f 3213/3224/3201 3214/3110/3087 3099/3109/3086
f 3214/3110/3087 3215/3225/3202 3100/3111/3088
f 3215/3225/3202 3216/3226/3203 3101/3112/3089
f 3101/3112/3089 3100/3111/3088 3215/3225/3202
f 3102/3113/3090 3101/3112/3089 3216/3226/3203
f 3216/3226/3203 3217/3227/3204 3102/3113/3090
f 3217/3227/3204 3218/3114/3091 3102/3113/3090
f 3218/3114/3091 3219/3228/3205 2974/2973/2950
f 3220/3229/3206 2974/2973/2950 3219/3228/3205
f 2974/2973/2950 3220/3229/3206 2975/2974/2951
f 3103/3115/3092 2975/2974/2951 3220/3229/3206
f 3220/3229/3206 3221/3230/3207 3103/3115/3092
f 3222/3231/3208 3103/3115/3092 3221/3230/3207
f 3103/3115/3092 3222/3231/3208 3104/3116/3093
f 3223/3117/3094 3104/3116/3093 3222/3231/3208
f 3223/3117/3094 3224/3232/3209 3105/3118/3095
f 3106/3119/3096 3105/3118/3095 3224/3232/3209
f 3224/3232/3209 3225/3233/3210 3106/3119/3096
f 3225/3233/3210 3226/3234/3211 3106/3119/3096
f 3107/3120/3097 3106/3119/3096 3226/3234/3211
f 2982/2980/2957 3107/3120/3097 3226/3234/3211
f 3226/3234/3211 3227/3235/3212 2982/2980/2957
f 3108/3121/3098 2982/2980/2957 3227/3235/3212
f 2984/2983/2960 3108/3121/3098 3227/3235/3212
f 3227/3235/3212 3228/3236/3213 2984/2983/2960
f 3228/3236/3213 3229/3237/3214 3109/2984/2961
f 3109/2984/2961 2984/2983/2960 3228/3236/3213
f 3110/3122/3099 3109/2984/2961 3229/3237/3214
f 3229/3237/3214 3230/3238/3215 3110/3122/3099
f 3111/3123/3100 3110/3122/3099 3230/3238/3215
f 3230/3238/3215 3231/3239/3216 3111/3123/3100
f 3112/3124/3101 3111/3123/3100 3231/3239/3216
f 3112/3124/3101 3232/3240/3217 2987/2987/2964
f 3232/3240/3217 3112/3124/3101 3231/3239/3216
f 3113/3125/3102 2987/2987/2964 3232/3240/3217
f 3114/3126/3103 3113/3125/3102 3232/3240/3217
f 3232/3240/3217 3233/3241/3218 3114/3126/3103
f 2990/2991/2968 3114/3126/3103 3233/3241/3218
f 3233/3241/3218 3234/3242/3219 2990/2991/2968
f 3234/3242/3219 3235/3243/3220 3115/2992/2969
f 3115/2992/2969 2990/2991/2968 3234/3242/3219
f 3115/2992/2969 3236/3244/3221 2991/2994/2971
f 3236/3244/3221 3115/2992/2969 3235/3243/3220
f 3236/3244/3221 3237/3245/3222 3116/3127/3104
f 3116/3127/3104 2991/2994/2971 3236/3244/3221
f 3117/3128/3105 3116/3127/3104 3237/3245/3222
f 3237/3245/3222 3238/3246/3223 3117/3128/3105
f 3117/3128/3105 3239/3247/3224 3118/3129/3106
f 3239/3247/3224 3117/3128/3105 3238/3246/3223
f 3239/3247/3224 3240/3130/3107 3118/3129/3106
f 3119/3131/3108 3337/3248/3225 3120/3132/3109
f 3121/3133/3110 3120/3132/3109 3337/3248/3225
f 3337/3248/3225 3241/3249/3226 3121/3133/3110
f 3122/3134/3111 3121/3133/3110 3241/3249/3226
f 3122/3134/3111 3242/3250/3227 3123/3135/3112
f 3242/3250/3227 3122/3134/3111 3241/3249/3226
f 3124/3136/3113 3123/3135/3112 3242/3250/3227
f 3125/3137/3114 3124/3136/3113 3242/3250/3227
f 3242/3250/3227 3243/3251/3228 3125/3137/3114
f 3126/3138/3115 3125/3137/3114 3243/3251/3228
f 3127/3139/3116 3244/3252/3229 3128/3140/3117
f 3244/3252/3229 3127/3139/3116 3126/3138/3115
f 3129/3141/3118 3128/3140/3117 3244/3252/3229
f 3244/3252/3229 3245/3253/3230 3129/3141/3118
f 3130/3142/3119 3129/3141/3118 3245/3253/3230
f 3130/3142/3119 3246/3254/3231 3131/3143/3120
f 3132/3144/3121 3131/3143/3120 3246/3254/3231
f 3246/3254/3231 3247/3255/3232 3132/3144/3121
f 3132/3144/3121 3248/3256/3233 3133/3145/3122
f 3248/3256/3233 3132/3144/3121 3247/3255/3232
f 3134/3146/3123 3133/3145/3122 3248/3256/3233
f 3134/3146/3123 3249/3257/3234 3011/3014/2991
f 3249/3257/3234 3134/3146/3123 3248/3256/3233
f 3249/3257/3234 3250/3258/3235 3135/3015/2992
f 3135/3015/2992 3011/3014/2991 3249/3257/3234
f 3012/3016/2993 3135/3015/2992 3250/3258/3235
f 3250/3258/3235 3251/3259/3236 3012/3016/2993
f 3136/3147/3124 3012/3016/2993 3251/3259/3236
f 3251/3259/3236 3346/3260/3237 3136/3147/3124
f 3137/3148/3125 3136/3147/3124 3346/3260/3237
f 3346/3260/3237 3252/3149/3126 3137/3148/3125
f 3252/3149/3126 3253/3261/3238 3138/3150/3127
f 3138/3150/3127 3254/3262/3239 3016/3020/2997
f 3254/3262/3239 3138/3150/3127 3253/3261/3238
f 3139/3151/3128 3016/3020/2997 3254/3262/3239
f 3139/3151/3128 3255/3263/3240 3140/3152/3129
f 3140/3152/3129 3255/3263/3240 3141/3023/3000
f 3142/3153/3130 3141/3023/3000 3255/3263/3240
f 3255/3263/3240 3256/3264/3241 3142/3153/3130
f 3257/3154/3131 3142/3153/3130 3256/3264/3241
f 3143/3155/3132 3258/3265/3242 3144/3156/3133
f 3258/3265/3242 3143/3155/3132 3257/3154/3131
f 3145/3157/3134 3144/3156/3133 3258/3265/3242
f 3258/3265/3242 3259/3266/3243 3145/3157/3134
f 3146/3158/3135 3145/3157/3134 3259/3266/3243
f 3259/3266/3243 3260/3267/3244 3146/3158/3135
f 3260/3267/3244 3261/3268/3245 3147/3159/3136
f 3147/3159/3136 3146/3158/3135 3260/3267/3244
f 3148/3160/3137 3147/3159/3136 3261/3268/3245
f 3261/3268/3245 3262/3269/3246 3148/3160/3137
f 3149/3161/3138 3148/3160/3137 3262/3269/3246
f 3262/3269/3246 3263/3270/3247 3149/3161/3138
f 3149/3161/3138 3150/3162/3139 3026/3032/3009
f 3150/3162/3139 3149/3161/3138 3263/3270/3247
f 3263/3270/3247 3264/3271/3248 3150/3162/3139
f 3150/3162/3139 3265/3272/3249 3151/3163/3140
f 3265/3272/3249 3150/3162/3139 3264/3271/3248
f 3030/3037/3014 3151/3163/3140 3265/3272/3249
f 3265/3272/3249 3152/3165/3142 3030/3037/3014
f 3265/3272/3249 3266/3273/3250 3152/3165/3142
f 3152/3165/3142 3266/3273/3250 3153/3164/3141
f 3154/3166/3143 3153/3164/3141 3266/3273/3250
f 3266/3273/3250 3267/3274/3251 3154/3166/3143
f 3155/3167/3144 3154/3166/3143 3267/3274/3251
f 3034/3040/3017 3155/3167/3144 3267/3274/3251
f 3267/3274/3251 3268/3275/3252 3034/3040/3017
f 3156/3041/3018 3034/3040/3017 3268/3275/3252
f 3268/3275/3252 3359/3276/3253 3156/3041/3018
f 3157/3168/3145 3156/3041/3018 3359/3276/3253
f 3359/3276/3253 3269/3277/3254 3157/3168/3145
f 3270/3169/3146 3157/3168/3145 3269/3277/3254
f 3270/3169/3146 3271/3278/3255 3158/3170/3147
f 3159/3171/3148 3158/3170/3147 3271/3278/3255
f 3271/3278/3255 3272/3279/3256 3159/3171/3148
f 3159/3171/3148 3272/3279/3256 3160/3172/3149
f 3272/3279/3256 3273/3280/3257 3160/3172/3149
f 3273/3280/3257 3274/3281/3258 3161/3173/3150
f 3161/3173/3150 3160/3172/3149 3273/3280/3257
f 3162/3174/3151 3161/3173/3150 3274/3281/3258
f 3162/3174/3151 3275/3282/3259 3163/3175/3152
f 3163/3175/3152 3276/3283/3260 3043/3050/3027
f 3276/3283/3260 3163/3175/3152 3275/3282/3259
f 3044/3051/3028 3043/3050/3027 3276/3283/3260
f 3276/3283/3260 3277/3284/3261 3044/3051/3028
f 3045/3052/3029 3044/3051/3028 3277/3284/3261
f 3277/3284/3261 3278/3285/3262 3045/3052/3029
f 3046/3053/3030 3045/3052/3029 3278/3285/3262
f 3278/3285/3262 3279/3177/3154 3046/3053/3030
f 3279/3177/3154 3280/3286/3263 3164/3176/3153
f 3048/3055/3032 3164/3176/3153 3280/3286/3263
f 3280/3286/3263 3281/3287/3264 3048/3055/3032
f 3165/3178/3155 3048/3055/3032 3281/3287/3264
f 3281/3287/3264 3282/3288/3265 3165/3178/3155
f 3166/3179/3156 3165/3178/3155 3282/3288/3265
f 3282/3288/3265 3283/3289/3266 3166/3179/3156
f 3284/3290/3267 3166/3179/3156 3283/3289/3266
f 3166/3179/3156 3284/3290/3267 3051/3058/3035
f 3167/3180/3157 3051/3058/3035 3284/3290/3267
f 3284/3290/3267 3285/3291/3268 3167/3180/3157
f 3168/3181/3158 3167/3180/3157 3285/3291/3268
f 3285/3291/3268 3286/3292/3269 3168/3181/3158
f 3169/3182/3159 3168/3181/3158 3286/3292/3269
f 3286/3292/3269 3287/3293/3270 3169/3182/3159
f 3169/3182/3159 3287/3293/3270 3170/3183/3160
f 3287/3293/3270 3288/3294/3271 3170/3183/3160
f 3171/3184/3161 3170/3183/3160 3288/3294/3271
f 3172/3185/3162 3171/3184/3161 3288/3294/3271
f 3288/3294/3271 3289/3295/3272 3172/3185/3162
f 3173/3186/3163 3172/3185/3162 3289/3295/3272
f 3289/3295/3272 3290/3296/3273 3173/3186/3163
f 3174/3187/3164 3173/3186/3163 3290/3296/3273
f 3174/3187/3164 3175/3188/3165 3059/3066/3043
f 3175/3188/3165 3174/3187/3164 3290/3296/3273
f 3290/3296/3273 3291/3297/3274 3175/3188/3165
f 3175/3188/3165 3292/3298/3275 3176/3189/3166
f 3292/3298/3275 3175/3188/3165 3291/3297/3274
f 3177/3190/3167 3176/3189/3166 3292/3298/3275
f 3177/3190/3167 3292/3298/3275 3293/3299/3276
f 3177/3190/3167 3293/3299/3276 3178/3070/3047
f 3179/3191/3168 3178/3070/3047 3293/3299/3276
f 3293/3299/3276 3294/3300/3277 3179/3191/3168
f 3063/3071/3048 3179/3191/3168 3294/3300/3277
f 3294/3300/3277 3295/3301/3278 3063/3071/3048
f 3180/3192/3169 3063/3071/3048 3295/3301/3278
f 3181/3193/3170 3180/3192/3169 3295/3301/3278
f 3295/3301/3278 3296/3302/3279 3181/3193/3170
f 3182/3194/3171 3181/3193/3170 3296/3302/3279
f 3296/3302/3279 3297/3303/3280 3182/3194/3171
f 3183/3195/3172 3182/3194/3171 3297/3303/3280
f 3298/3304/3281 3183/3195/3172 3297/3303/3280
f 3183/3195/3172 3298/3304/3281 3184/3196/3173
f 3185/3197/3174 3184/3196/3173 3298/3304/3281
f 3298/3304/3281 3299/3305/3282 3185/3197/3174
f 3186/3198/3175 3185/3197/3174 3299/3305/3282
f 3187/3199/3176 3186/3198/3175 3299/3305/3282
f 3299/3305/3282 3300/3306/3283 3187/3199/3176
f 3188/3200/3177 3187/3199/3176 3300/3306/3283
f 3300/3306/3283 3301/3307/3284 3188/3200/3177
f 3189/3201/3178 3188/3200/3177 3301/3307/3284
f 3301/3307/3284 3302/3308/3285 3189/3201/3178
f 3190/3081/3058 3189/3201/3178 3302/3308/3285
f 3302/3308/3285 3303/3309/3286 3190/3081/3058
f 3191/3202/3179 3190/3081/3058 3303/3309/3286
f 3075/3082/3059 3191/3202/3179 3303/3309/3286
f 3303/3309/3286 3304/3310/3287 3075/3082/3059
f 3304/3310/3287 3305/3311/3288 3192/3083/3060
f 3192/3083/3060 3075/3082/3059 3304/3310/3287
f 3076/3085/3062 3192/3083/3060 3305/3311/3288
f 3305/3311/3288 3306/3312/3289 3076/3085/3062
f 3193/3086/3063 3076/3085/3062 3306/3312/3289
f 3306/3312/3289 3307/3313/3290 3193/3086/3063
f 3194/3203/3180 3193/3086/3063 3307/3313/3290
f 3195/3204/3181 3194/3203/3180 3307/3313/3290
f 3307/3313/3290 3308/3314/3291 3195/3204/3181
f 3195/3204/3181 3309/3315/3292 3196/3205/3182
f 3309/3315/3292 3195/3204/3181 3308/3314/3291
f 3079/3089/3066 3196/3205/3182 3309/3315/3292
f 3197/3206/3183 3079/3089/3066 3309/3315/3292
f 3309/3315/3292 3310/3316/3293 3197/3206/3183
f 3198/3207/3184 3197/3206/3183 3310/3316/3293
f 3310/3316/3293 3311/3317/3294 3198/3207/3184
f 3198/3207/3184 3311/3317/3294 3082/3092/3069
f 3311/3317/3294 3312/3318/3295 3199/3208/3185
f 3199/3208/3185 3082/3092/3069 3311/3317/3294
f 3200/3209/3186 3199/3208/3185 3312/3318/3295
f 3201/3210/3187 3200/3209/3186 3313/3319/3296
f 3202/3211/3188 3313/3319/3296 3314/3320/3297
f 3202/3211/3188 3201/3210/3187 3313/3319/3296
f 3203/3212/3189 3202/3211/3188 3314/3320/3297
f 3315/3321/3298 3203/3212/3189 3314/3320/3297
f 3203/3212/3189 3315/3321/3298 3204/3213/3190
f 3205/3214/3191 3204/3213/3190 3315/3321/3298
f 3316/3322/3299 3205/3214/3191 3315/3321/3298
f 3090/3100/3077 3205/3214/3191 3316/3322/3299
f 3316/3322/3299 3395/3323/3300 3090/3100/3077
f 3207/3216/3193 3317/3324/3301 3206/3215/3192
f 3208/3217/3194 3206/3215/3192 3317/3324/3301
f 3320/3220/3197 3318/3218/3195 3319/3325/3302
f 3318/3218/3195 3320/3220/3197 3209/3219/3196
f 3320/3220/3197 3322/3326/3303 3210/3221/3198
f 3322/3326/3303 3320/3220/3197 3321/3327/3304
f 3211/3222/3199 3210/3221/3198 3322/3326/3303
f 3212/3223/3200 3211/3222/3199 3322/3326/3303
f 3213/3224/3201 3323/3328/3305 3214/3110/3087
f 3215/3225/3202 3214/3110/3087 3323/3328/3305
f 3216/3226/3203 3215/3225/3202 3323/3328/3305
f 3216/3226/3203 3324/3329/3306 3217/3227/3204
f 3217/3227/3204 3325/3330/3307 3218/3114/3091
f 3325/3330/3307 3217/3227/3204 3324/3329/3306
f 3219/3228/3205 3218/3114/3091 3325/3330/3307
f 3221/3230/3207 3326/3331/3308 3222/3231/3208
f 3223/3117/3094 3222/3231/3208 3326/3331/3308
f 3224/3232/3209 3223/3117/3094 3326/3331/3308
f 3326/3331/3308 3225/3233/3210 3224/3232/3209
f 3225/3233/3210 3328/3332/3309 3226/3234/3211
f 3328/3332/3309 3225/3233/3210 3327/3333/3310
f 3227/3235/3212 3226/3234/3211 3328/3332/3309
f 3328/3332/3309 3329/3334/3311 3227/3235/3212
f 3228/3236/3213 3227/3235/3212 3329/3334/3311
f 3229/3237/3214 3228/3236/3213 3329/3334/3311
f 3230/3238/3215 3330/3335/3312 3231/3239/3216
f 3231/3239/3216 3331/3336/3313 3232/3240/3217
f 3331/3336/3313 3231/3239/3216 3330/3335/3312
f 3233/3241/3218 3232/3240/3217 3331/3336/3313
f 3331/3336/3313 3332/3337/3314 3233/3241/3218
f 3234/3242/3219 3233/3241/3218 3332/3337/3314
f 3332/3337/3314 3333/3338/3315 3234/3242/3219
f 3235/3243/3220 3234/3242/3219 3333/3338/3315
f 3236/3244/3221 3334/3339/3316 3237/3245/3222
f 3238/3246/3223 3237/3245/3222 3334/3339/3316
f 3238/3246/3223 3335/3340/3317 3239/3247/3224
f 3240/3130/3107 3239/3247/3224 3335/3340/3317
f 3335/3340/3317 3336/3341/3318 3240/3130/3107
f 3119/3131/3108 3240/3130/3107 3336/3341/3318
f 3336/3341/3318 3337/3248/3225 3119/3131/3108
f 3337/3248/3225 3338/3342/3319 3241/3249/3226
f 3241/3249/3226 3339/3343/3320 3242/3250/3227
f 3339/3343/3320 3241/3249/3226 3338/3342/3319
f 3338/3342/3319 3340/3344/3321 3339/3343/3320
f 3243/3251/3228 3242/3250/3227 3339/3343/3320
f 3126/3138/3115 3243/3251/3228 3339/3343/3320
f 3342/3345/3322 3339/3343/3320 3341/3346/3323
f 3339/3343/3320 3342/3345/3322 3126/3138/3115
f 3244/3252/3229 3126/3138/3115 3342/3345/3322
f 3245/3253/3230 3244/3252/3229 3342/3345/3322
f 3342/3345/3322 3343/3347/3324 3245/3253/3230
f 3130/3142/3119 3245/3253/3230 3343/3347/3324
f 3246/3254/3231 3130/3142/3119 3343/3347/3324
f 3247/3255/3232 3344/3348/3325 3248/3256/3233
f 3248/3256/3233 3345/3349/3326 3249/3257/3234
f 3345/3349/3326 3248/3256/3233 3344/3348/3325
f 3250/3258/3235 3249/3257/3234 3345/3349/3326
f 3346/3260/3237 3347/3350/3327 3252/3149/3126
f 3253/3261/3238 3252/3149/3126 3347/3350/3327
f 3347/3350/3327 3348/3351/3328 3253/3261/3238
f 3254/3262/3239 3253/3261/3238 3348/3351/3328
f 3348/3351/3328 3349/3352/3329 3254/3262/3239
f 3255/3263/3240 3139/3151/3128 3254/3262/3239
f 3254/3262/3239 3350/3353/3330 3255/3263/3240
f 3350/3353/3330 3254/3262/3239 3349/3352/3329
f 3350/3353/3330 3351/3354/3331 3256/3264/3241
f 3350/3353/3330 3256/3264/3241 3255/3263/3240
f 3352/3355/3332 3256/3264/3241 3351/3354/3331
f 3256/3264/3241 3352/3355/3332 3257/3154/3131
f 3258/3265/3242 3257/3154/3131 3352/3355/3332
f 3352/3355/3332 3353/3356/3333 3258/3265/3242
f 3259/3266/3243 3258/3265/3242 3353/3356/3333
f 3260/3267/3244 3259/3266/3243 3353/3356/3333
f 3261/3268/3245 3260/3267/3244 3353/3356/3333
f 3262/3269/3246 3354/3357/3334 3263/3270/3247
f 3264/3271/3248 3263/3270/3247 3354/3357/3334
f 3354/3357/3334 3355/3358/3335 3264/3271/3248
f 3264/3271/3248 3356/3359/3336 3265/3272/3249
f 3356/3359/3336 3264/3271/3248 3355/3358/3335
f 3266/3273/3250 3265/3272/3249 3356/3359/3336
f 3356/3359/3336 3357/3360/3337 3266/3273/3250
f 3267/3274/3251 3266/3273/3250 3357/3360/3337
f 3357/3360/3337 3358/3361/3338 3267/3274/3251
f 3268/3275/3252 3267/3274/3251 3358/3361/3338
f 3269/3277/3254 3360/3362/3339 3270/3169/3146
f 3271/3278/3255 3270/3169/3146 3360/3362/3339
f 3273/3280/3257 3272/3279/3256 3361/3363/3340
f 3274/3281/3258 3273/3280/3257 3361/3363/3340
f 3274/3281/3258 3275/3282/3259 3162/3174/3151
f 3276/3283/3260 3275/3282/3259 3362/3364/3341
f 3362/3364/3341 3363/3365/3342 3276/3283/3260
f 3278/3285/3262 3277/3284/3261 3276/3283/3260
f 3276/3283/3260 3364/3366/3343 3278/3285/3262
f 3364/3366/3343 3276/3283/3260 3363/3365/3342
f 3279/3177/3154 3278/3285/3262 3364/3366/3343
f 3364/3366/3343 3365/3367/3344 3279/3177/3154
f 3280/3286/3263 3279/3177/3154 3365/3367/3344
f 3365/3367/3344 3366/3368/3345 3280/3286/3263
f 3281/3287/3264 3280/3286/3263 3366/3368/3345
f 3366/3368/3345 3367/3369/3346 3281/3287/3264
f 3282/3288/3265 3281/3287/3264 3367/3369/3346
f 3283/3289/3266 3368/3370/3347 3284/3290/3267
f 3286/3292/3269 3285/3291/3268 3284/3290/3267
f 3286/3292/3269 3284/3290/3267 3368/3370/3347
f 3368/3370/3347 3369/3371/3348 3286/3292/3269
f 3287/3293/3270 3286/3292/3269 3369/3371/3348
f 3369/3371/3348 3370/3372/3349 3287/3293/3270
f 3371/3373/3350 3287/3293/3270 3370/3372/3349
f 3287/3293/3270 3371/3373/3350 3288/3294/3271
f 3289/3295/3272 3288/3294/3271 3371/3373/3350
f 3290/3296/3273 3289/3295/3272 3371/3373/3350
f 3371/3373/3350 3372/3374/3351 3290/3296/3273
f 3291/3297/3274 3290/3296/3273 3372/3374/3351
f 3372/3374/3351 3373/3375/3352 3291/3297/3274
f 3373/3375/3352 3374/3376/3353 3291/3297/3274
f 3375/3377/3354 3291/3297/3274 3374/3376/3353
f 3293/3299/3276 3292/3298/3275 3291/3297/3274
f 3291/3297/3274 3375/3377/3354 3293/3299/3276
f 3294/3300/3277 3293/3299/3276 3375/3377/3354
f 3377/3378/3355 3375/3377/3354 3376/3379/3356
f 3375/3377/3354 3377/3378/3355 3294/3300/3277
f 3295/3301/3278 3294/3300/3277 3377/3378/3355
f 3296/3302/3279 3295/3301/3278 3377/3378/3355
f 3296/3302/3279 3378/3380/3357 3297/3303/3280
f 3298/3304/3281 3297/3303/3280 3378/3380/3357
f 3378/3380/3357 3379/3381/3358 3298/3304/3281
f 3380/3382/3359 3298/3304/3281 3379/3381/3358
f 3298/3304/3281 3380/3382/3359 3299/3305/3282
f 3300/3306/3283 3299/3305/3282 3380/3382/3359
f 3380/3382/3359 3381/3383/3360 3300/3306/3283
f 3301/3307/3284 3300/3306/3283 3381/3383/3360
f 3381/3383/3360 3382/3384/3361 3302/3308/3285
f 3302/3308/3285 3301/3307/3284 3381/3383/3360
f 3383/3385/3362 3302/3308/3285 3382/3384/3361
f 3302/3308/3285 3383/3385/3362 3303/3309/3286
f 3304/3310/3287 3303/3309/3286 3383/3385/3362
f 3383/3385/3362 3384/3386/3363 3304/3310/3287
f 3305/3311/3288 3304/3310/3287 3384/3386/3363
f 3306/3312/3289 3385/3387/3364 3307/3313/3290
f 3308/3314/3291 3307/3313/3290 3385/3387/3364
f 3308/3314/3291 3385/3387/3364 3386/3388/3365
f 3387/3389/3366 3308/3314/3291 3386/3388/3365
f 3308/3314/3291 3387/3389/3366 3309/3315/3292
f 3310/3316/3293 3309/3315/3292 3387/3389/3366
f 3387/3389/3366 3388/3390/3367 3310/3316/3293
f 3310/3316/3293 3389/3391/3368 3311/3317/3294
f 3389/3391/3368 3310/3316/3293 3388/3390/3367
f 3389/3391/3368 3312/3318/3295 3311/3317/3294
f 3389/3391/3368 3390/3392/3369 3312/3318/3295
f 3391/3393/3370 3312/3318/3295 3390/3392/3369
f 3200/3209/3186 3312/3318/3295 3391/3393/3370
f 3313/3319/3296 3200/3209/3186 3391/3393/3370
f 3391/3393/3370 3392/3394/3371 3313/3319/3296
f 3314/3320/3297 3313/3319/3296 3392/3394/3371
f 3392/3394/3371 3393/3395/3372 3314/3320/3297
f 3315/3321/3298 3314/3320/3297 3393/3395/3372
f 3393/3395/3372 3394/3396/3373 3315/3321/3298
f 3316/3322/3299 3315/3321/3298 3394/3396/3373
f 3394/3396/3373 3395/3323/3300 3316/3322/3299
f 3207/3216/3193 3396/3397/3374 3317/3324/3301
f 3396/3397/3374 3207/3216/3193 3397/3398/3375
f 3208/3217/3194 3317/3324/3301 3396/3397/3374
f 3396/3397/3374 3398/3399/3376 3208/3217/3194
f 3318/3218/3195 3208/3217/3194 3398/3399/3376
f 3398/3399/3376 3399/3400/3377 3318/3218/3195
f 3319/3325/3302 3318/3218/3195 3399/3400/3377
f 3399/3400/3377 3400/3401/3378 3319/3325/3302
f 3319/3325/3302 3401/3402/3379 3320/3220/3197
f 3401/3402/3379 3319/3325/3302 3400/3401/3378
f 3401/3402/3379 3402/3403/3380 3321/3327/3304
f 3321/3327/3304 3320/3220/3197 3401/3402/3379
f 3403/3404/3381 3321/3327/3304 3402/3403/3380
f 3321/3327/3304 3403/3404/3381 3322/3326/3303
f 3403/3404/3381 3404/3405/3382 3322/3326/3303
f 3212/3223/3200 3322/3326/3303 3404/3405/3382
f 3404/3405/3382 3405/3406/3383 3212/3223/3200
f 3213/3224/3201 3212/3223/3200 3405/3406/3383
f 3405/3406/3383 3406/3407/3384 3213/3224/3201
f 3406/3407/3384 3407/3408/3385 3213/3224/3201
f 3407/3408/3385 3408/3409/3386 3323/3328/3305
f 3323/3328/3305 3213/3224/3201 3407/3408/3385
f 3409/3410/3387 3323/3328/3305 3408/3409/3386
f 3216/3226/3203 3323/3328/3305 3409/3410/3387
f 3409/3410/3387 3410/3411/3388 3216/3226/3203
f 3324/3329/3306 3216/3226/3203 3410/3411/3388
f 3325/3330/3307 3324/3329/3306 3411/3412/3389
f 3219/3228/3205 3325/3330/3307 3411/3412/3389
f 3411/3412/3389 3412/3413/3390 3219/3228/3205
f 3220/3229/3206 3219/3228/3205 3412/3413/3390
f 3412/3413/3390 3413/3414/3391 3220/3229/3206
f 3221/3230/3207 3220/3229/3206 3413/3414/3391
f 3413/3414/3391 3414/3415/3392 3221/3230/3207
f 3326/3331/3308 3221/3230/3207 3414/3415/3392
f 3326/3331/3308 3414/3415/3392 3415/3416/3393
f 3416/3417/3394 3326/3331/3308 3415/3416/3393
f 3225/3233/3210 3326/3331/3308 3416/3417/3394
f 3416/3417/3394 3417/3418/3395 3225/3233/3210
f 3417/3418/3395 3418/3419/3396 3327/3333/3310
f 3327/3333/3310 3225/3233/3210 3417/3418/3395
f 3419/3420/3397 3327/3333/3310 3418/3419/3396
f 3327/3333/3310 3419/3420/3397 3328/3332/3309
f 3419/3420/3397 3420/3421/3398 3328/3332/3309
f 3421/3422/3399 3328/3332/3309 3420/3421/3398
f 3328/3332/3309 3421/3422/3399 3329/3334/3311
f 3421/3422/3399 3422/3423/3400 3329/3334/3311
f 3229/3237/3214 3329/3334/3311 3422/3423/3400
f 3422/3423/3400 3423/3424/3401 3229/3237/3214
f 3230/3238/3215 3229/3237/3214 3423/3424/3401
f 3423/3424/3401 3424/3425/3402 3230/3238/3215
f 3424/3425/3402 3425/3426/3403 3230/3238/3215
f 3425/3426/3403 3426/3427/3404 3330/3335/3312
f 3330/3335/3312 3230/3238/3215 3425/3426/3403
f 3426/3427/3404 3427/3428/3405 3330/3335/3312
f 3428/3429/3406 3330/3335/3312 3427/3428/3405
f 3330/3335/3312 3428/3429/3406 3331/3336/3313
f 3332/3337/3314 3331/3336/3313 3428/3429/3406
f 3428/3429/3406 3429/3430/3407 3332/3337/3314
f 3333/3338/3315 3332/3337/3314 3429/3430/3407
f 3333/3338/3315 3430/3431/3408 3235/3243/3220
f 3236/3244/3221 3235/3243/3220 3430/3431/3408
f 3430/3431/3408 3431/3432/3409 3236/3244/3221
f 3334/3339/3316 3236/3244/3221 3431/3432/3409
f 3238/3246/3223 3334/3339/3316 3432/3433/3410
f 3432/3433/3410 3433/3434/3411 3238/3246/3223
f 3335/3340/3317 3238/3246/3223 3433/3434/3411
f 3433/3434/3411 3434/3435/3412 3335/3340/3317
f 3336/3341/3318 3335/3340/3317 3434/3435/3412
f 3434/3435/3412 3435/3436/3413 3336/3341/3318
f 3337/3248/3225 3336/3341/3318 3435/3436/3413
f 3435/3436/3413 3436/3437/3414 3337/3248/3225
f 3436/3437/3414 3437/3438/3415 3337/3248/3225
f 3338/3342/3319 3337/3248/3225 3437/3438/3415
f 3340/3344/3321 3338/3342/3319 3438/3439/3416
f 3438/3439/3416 3439/3440/3417 3340/3344/3321
f 3340/3344/3321 3440/3441/3418 3339/3343/3320
f 3440/3441/3418 3340/3344/3321 3439/3440/3417
f 3440/3441/3418 3441/3442/3419 3339/3343/3320
f 3341/3346/3323 3339/3343/3320 3441/3442/3419
f 3441/3442/3419 3442/3443/3420 3341/3346/3323
f 3341/3346/3323 3443/3444/3421 3342/3345/3322
f 3343/3347/3324 3342/3345/3322 3443/3444/3421
f 3443/3444/3421 3444/3445/3422 3343/3347/3324
f 3444/3445/3422 3445/3446/3423 3343/3347/3324
f 3445/3446/3423 3446/3447/3424 3343/3347/3324
f 3246/3254/3231 3343/3347/3324 3446/3447/3424
f 3247/3255/3232 3246/3254/3231 3446/3447/3424
f 3446/3447/3424 3447/3448/3425 3247/3255/3232
f 3344/3348/3325 3247/3255/3232 3447/3448/3425
f 3250/3258/3235 3345/3349/3326 3448/3449/3426
f 3448/3449/3426 3449/3450/3427 3250/3258/3235
f 3251/3259/3236 3250/3258/3235 3449/3450/3427
f 3449/3450/3427 3450/3451/3428 3251/3259/3236
f 3346/3260/3237 3251/3259/3236 3450/3451/3428
f 3450/3451/3428 3451/3452/3429 3346/3260/3237
f 3347/3350/3327 3346/3260/3237 3451/3452/3429
f 3451/3452/3429 3452/3453/3430 3347/3350/3327
f 3452/3453/3430 3453/3454/3431 3347/3350/3327
f 3453/3454/3431 3454/3455/3432 3348/3351/3328
f 3348/3351/3328 3347/3350/3327 3453/3454/3431
f 3349/3352/3329 3348/3351/3328 3454/3455/3432
f 3454/3455/3432 3455/3456/3433 3349/3352/3329
f 3455/3456/3433 3456/3457/3434 3349/3352/3329
f 3457/3458/3435 3349/3352/3329 3456/3457/3434
f 3349/3352/3329 3457/3458/3435 3350/3353/3330
f 3351/3354/3331 3350/3353/3330 3457/3458/3435
f 3457/3458/3435 3458/3459/3436 3351/3354/3331
f 3351/3354/3331 3459/3460/3437 3352/3355/3332
f 3459/3460/3437 3460/3461/3438 3352/3355/3332
f 3460/3461/3438 3461/3462/3439 3352/3355/3332
f 3353/3356/3333 3352/3355/3332 3461/3462/3439
f 3461/3462/3439 3462/3463/3440 3353/3356/3333
f 3462/3463/3440 3463/3464/3441 3353/3356/3333
f 3261/3268/3245 3353/3356/3333 3463/3464/3441
f 3463/3464/3441 3464/3465/3442 3261/3268/3245
f 3262/3269/3246 3261/3268/3245 3464/3465/3442
f 3464/3465/3442 3465/3466/3443 3262/3269/3246
f 3465/3466/3443 3466/3467/3444 3354/3357/3334
f 3354/3357/3334 3262/3269/3246 3465/3466/3443
f 3355/3358/3335 3354/3357/3334 3466/3467/3444
f 3466/3467/3444 3467/3468/3445 3355/3358/3335
f 3355/3358/3335 3468/3469/3446 3356/3359/3336
f 3468/3469/3446 3355/3358/3335 3467/3468/3445
f 3357/3360/3337 3356/3359/3336 3468/3469/3446
f 3468/3469/3446 3469/3470/3447 3357/3360/3337
f 3469/3470/3447 3470/3471/3448 3357/3360/3337
f 3470/3471/3448 3471/3472/3449 3358/3361/3338
f 3358/3361/3338 3357/3360/3337 3470/3471/3448
f 3472/3473/3450 3358/3361/3338 3471/3472/3449
f 3268/3275/3252 3358/3361/3338 3472/3473/3450
f 3472/3473/3450 3473/3474/3451 3268/3275/3252
f 3359/3276/3253 3268/3275/3252 3473/3474/3451
f 3473/3474/3451 3474/3475/3452 3359/3276/3253
f 3269/3277/3254 3359/3276/3253 3474/3475/3452
f 3474/3475/3452 3475/3476/3453 3269/3277/3254
f 3475/3476/3453 3476/3477/3454 3269/3277/3254
f 3360/3362/3339 3269/3277/3254 3476/3477/3454
f 3271/3278/3255 3360/3362/3339 3476/3477/3454
f 3476/3477/3454 3477/3478/3455 3271/3278/3255
f 3272/3279/3256 3271/3278/3255 3477/3478/3455
f 3477/3478/3455 3478/3479/3456 3272/3279/3256
f 3361/3363/3340 3272/3279/3256 3478/3479/3456
f 3478/3479/3456 3479/3480/3457 3361/3363/3340
f 3274/3281/3258 3361/3363/3340 3479/3480/3457
f 3479/3480/3457 3480/3481/3458 3274/3281/3258
f 3275/3282/3259 3274/3281/3258 3480/3481/3458
f 3480/3481/3458 3481/3482/3459 3275/3282/3259
f 3362/3364/3341 3275/3282/3259 3481/3482/3459
f 3481/3482/3459 3482/3483/3460 3362/3364/3341
f 3363/3365/3342 3362/3364/3341 3482/3483/3460
f 3482/3483/3460 3483/3484/3461 3363/3365/3342
f 3484/3485/3462 3363/3365/3342 3483/3484/3461
f 3364/3366/3343 3363/3365/3342 3484/3485/3462
f 3364/3366/3343 3485/3486/3463 3365/3367/3344
f 3485/3486/3463 3486/3487/3464 3365/3367/3344
f 3366/3368/3345 3365/3367/3344 3486/3487/3464
f 3486/3487/3464 3487/3488/3465 3366/3368/3345
f 3487/3488/3465 3488/3489/3466 3366/3368/3345
f 3367/3369/3346 3366/3368/3345 3488/3489/3466
f 3282/3288/3265 3367/3369/3346 3488/3489/3466
f 3488/3489/3466 3489/3490/3467 3282/3288/3265
f 3283/3289/3266 3282/3288/3265 3489/3490/3467
f 3489/3490/3467 3490/3491/3468 3283/3289/3266
f 3490/3491/3468 3491/3492/3469 3368/3370/3347
f 3368/3370/3347 3283/3289/3266 3490/3491/3468
f 3491/3492/3469 3492/3493/3470 3368/3370/3347
f 3369/3371/3348 3368/3370/3347 3492/3493/3470
f 3492/3493/3470 3493/3494/3471 3369/3371/3348
f 3369/3371/3348 3494/3495/3472 3370/3372/3349
f 3494/3495/3472 3369/3371/3348 3493/3494/3471
f 3494/3495/3472 3495/3496/3473 3370/3372/3349
f 3371/3373/3350 3370/3372/3349 3495/3496/3473
f 3495/3496/3473 3496/3497/3474 3371/3373/3350
f 3496/3497/3474 3497/3498/3475 3371/3373/3350
f 3372/3374/3351 3371/3373/3350 3497/3498/3475
f 3497/3498/3475 3498/3499/3476 3372/3374/3351
f 3498/3499/3476 3499/3500/3477 3372/3374/3351
f 3499/3500/3477 3373/3375/3352 3372/3374/3351
f 3499/3500/3477 3500/3501/3478 3373/3375/3352
f 3374/3376/3353 3373/3375/3352 3500/3501/3478
f 3500/3501/3478 3501/3502/3479 3374/3376/3353
f 3374/3376/3353 3502/3503/3480 3375/3377/3354
f 3502/3503/3480 3374/3376/3353 3501/3502/3479
f 3376/3379/3356 3375/3377/3354 3502/3503/3480
f 3502/3503/3480 3503/3504/3481 3376/3379/3356
f 3376/3379/3356 3504/3505/3482 3377/3378/3355
f 3504/3505/3482 3376/3379/3356 3503/3504/3481
f 3504/3505/3482 3505/3506/3483 3377/3378/3355
f 3296/3302/3279 3377/3378/3355 3505/3506/3483
f 3505/3506/3483 3506/3507/3484 3296/3302/3279
f 3506/3507/3484 3507/3508/3485 3378/3380/3357
f 3378/3380/3357 3296/3302/3279 3506/3507/3484
f 3507/3508/3485 3508/3509/3486 3378/3380/3357
f 3379/3381/3358 3378/3380/3357 3508/3509/3486
f 3508/3509/3486 3509/3510/3487 3379/3381/3358
f 3509/3510/3487 3510/3511/3488 3379/3381/3358
f 3379/3381/3358 3511/3512/3489 3380/3382/3359
f 3511/3512/3489 3379/3381/3358 3510/3511/3488
f 3381/3383/3360 3380/3382/3359 3511/3512/3489
f 3511/3512/3489 3512/3513/3490 3381/3383/3360
f 3512/3513/3490 3513/3514/3491 3381/3383/3360
f 3513/3514/3491 3514/3515/3492 3382/3384/3361
f 3382/3384/3361 3381/3383/3360 3513/3514/3491
f 3514/3515/3492 3515/3516/3493 3382/3384/3361
f 3383/3385/3362 3382/3384/3361 3515/3516/3493
f 3515/3516/3493 3516/3517/3494 3383/3385/3362
f 3517/3518/3495 3383/3385/3362 3516/3517/3494
f 3384/3386/3363 3383/3385/3362 3517/3518/3495
f 3517/3518/3495 3518/3519/3496 3384/3386/3363
f 3305/3311/3288 3384/3386/3363 3518/3519/3496
f 3518/3519/3496 3519/3520/3497 3305/3311/3288
f 3306/3312/3289 3305/3311/3288 3519/3520/3497
f 3519/3520/3497 3520/3521/3498 3306/3312/3289
f 3385/3387/3364 3306/3312/3289 3520/3521/3498
f 3520/3521/3498 3521/3522/3499 3385/3387/3364
f 3521/3522/3499 3522/3523/3500 3385/3387/3364
f 3386/3388/3365 3385/3387/3364 3522/3523/3500
f 3522/3523/3500 3523/3524/3501 3386/3388/3365
f 3523/3524/3501 3524/3525/3502 3386/3388/3365
f 3525/3526/3503 3386/3388/3365 3524/3525/3502
f 3386/3388/3365 3525/3526/3503 3387/3389/3366
f 3388/3390/3367 3387/3389/3366 3525/3526/3503
f 3389/3391/3368 3388/3390/3367 3526/3527/3504
f 3526/3527/3504 3527/3528/3505 3390/3392/3369
f 3390/3392/3369 3389/3391/3368 3526/3527/3504
f 3527/3528/3505 3528/3529/3506 3390/3392/3369
f 3529/3530/3507 3390/3392/3369 3528/3529/3506
f 3390/3392/3369 3529/3530/3507 3391/3393/3370
f 3392/3394/3371 3391/3393/3370 3529/3530/3507
f 3529/3530/3507 3530/3531/3508 3392/3394/3371
f 3530/3531/3508 3531/3532/3509 3392/3394/3371
f 3393/3395/3372 3392/3394/3371 3531/3532/3509
f 3531/3532/3509 3532/3533/3510 3393/3395/3372
f 3533/3534/3511 3393/3395/3372 3532/3533/3510
f 3393/3395/3372 3533/3534/3511 3394/3396/3373
f 3395/3323/3300 3394/3396/3373 3533/3534/3511
f 3533/3534/3511 3534/3535/3512 3395/3323/3300
f 3534/3535/3512 3535/3536/3513 3395/3323/3300
f 3397/3398/3375 3536/3537/3514 3396/3397/3374
f 3537/3538/3515 2761/2761/2738 3538/3539/3516
f 2761/2761/2738 3539/3540/3517 3538/3539/3516
f 3398/3399/3376 3396/3397/3374 3536/3537/3514
f 3536/3537/3514 3540/3541/3518 3398/3399/3376
f 3542/3542/3519 3538/3539/3516 3539/3540/3517
f 3539/3540/3517 3541/3543/3520 3542/3542/3519
f 3544/3544/3521 3542/3542/3519 3541/3543/3520
f 3541/3543/3520 3543/3545/3522 3544/3544/3521
f 3399/3400/3377 3398/3399/3376 3540/3541/3518
f 3540/3541/3518 3545/3546/3523 3399/3400/3377
f 3400/3401/3378 3399/3400/3377 3545/3546/3523
f 3547/3547/3524 3544/3544/3521 3543/3545/3522
f 3543/3545/3522 3546/3548/3525 3547/3547/3524
f 3546/3548/3525 3548/3549/3526 3547/3547/3524
f 3401/3402/3379 3400/3401/3378 3549/3550/3527
f 3550/3551/3528 3547/3547/3524 3548/3549/3526
f 3552/3552/3529 3550/3551/3528 3548/3549/3526
f 3548/3549/3526 3551/3553/3530 3552/3552/3529
f 3402/3403/3380 3401/3402/3379 3549/3550/3527
f 3554/3554/3531 3552/3552/3529 3551/3553/3530
f 3551/3553/3530 3553/3555/3532 3554/3554/3531
f 3402/3403/3380 3555/3556/3533 3403/3404/3381
f 3404/3405/3382 3403/3404/3381 3555/3556/3533
f 3555/3556/3533 3556/3557/3534 3404/3405/3382
f 3558/3558/3535 3554/3554/3531 3553/3555/3532
f 3553/3555/3532 3557/3559/3536 3558/3558/3535
f 3560/3560/3537 3558/3558/3535 3557/3559/3536
f 3557/3559/3536 3559/3561/3538 3560/3560/3537
f 3405/3406/3383 3404/3405/3382 3556/3557/3534
f 3556/3557/3534 3561/3562/3539 3405/3406/3383
f 3406/3407/3384 3405/3406/3383 3561/3562/3539
f 3561/3562/3539 3562/3563/3540 3406/3407/3384
f 3564/3564/3541 3560/3560/3537 3559/3561/3538
f 3559/3561/3538 3563/3565/3542 3564/3564/3541
f 3566/3566/3543 3564/3564/3541 3563/3565/3542
f 3563/3565/3542 3565/3567/3544 3566/3566/3543
f 3407/3408/3385 3406/3407/3384 3562/3563/3540
f 3562/3563/3540 3567/3568/3545 3407/3408/3385
f 3568/3569/3546 3566/3566/3543 3565/3567/3544
f 3408/3409/3386 3407/3408/3385 3567/3568/3545
f 3408/3409/3386 3569/3570/3547 3409/3410/3387
f 3570/3571/3548 3571/3572/3549 3568/3569/3546
f 3569/3570/3547 3572/3573/3550 3409/3410/3387
f 3410/3411/3388 3409/3410/3387 3572/3573/3550
f 3573/3574/3551 3568/3569/3546 3571/3572/3549
f 3575/3575/3552 3573/3574/3551 3571/3572/3549
f 3571/3572/3549 3574/3576/3553 3575/3575/3552
f 3324/3329/3306 3410/3411/3388 3572/3573/3550
f 3572/3573/3550 3576/3577/3554 3324/3329/3306
f 3411/3412/3389 3324/3329/3306 3576/3577/3554
f 3576/3577/3554 3577/3578/3555 3411/3412/3389
f 3574/3576/3553 3578/3579/3556 3575/3575/3552
f 3579/3580/3557 3575/3575/3552 3578/3579/3556
f 3412/3413/3390 3411/3412/3389 3577/3578/3555
f 3577/3578/3555 3580/3581/3558 3412/3413/3390
f 3582/3582/3559 3579/3580/3557 3578/3579/3556
f 3578/3579/3556 3581/3583/3560 3582/3582/3559
f 3584/3584/3561 3582/3582/3559 3581/3583/3560
f 3581/3583/3560 3583/3585/3562 3584/3584/3561
f 3413/3414/3391 3412/3413/3390 3580/3581/3558
f 3580/3581/3558 3585/3586/3563 3413/3414/3391
f 3414/3415/3392 3413/3414/3391 3585/3586/3563
f 3585/3586/3563 3586/3587/3564 3414/3415/3392
f 3588/3588/3565 3584/3584/3561 3583/3585/3562
f 3583/3585/3562 3587/3589/3566 3588/3588/3565
f 3587/3589/3566 3589/3590/3567 3588/3588/3565
f 3415/3416/3393 3414/3415/3392 3586/3587/3564
f 3590/3591/3568 3588/3588/3565 3589/3590/3567
f 3592/3592/3569 3590/3591/3568 3589/3590/3567
f 3589/3590/3567 3591/3593/3570 3592/3592/3569
f 3415/3416/3393 3593/3594/3571 3416/3417/3394
f 3417/3418/3395 3416/3417/3394 3593/3594/3571
f 3593/3594/3571 3594/3595/3572 3417/3418/3395
f 3591/3593/3570 3595/3596/3573 3592/3592/3569
f 3597/3597/3574 3592/3592/3569 3595/3596/3573
f 3595/3596/3573 3596/3598/3575 3597/3597/3574
f 3418/3419/3396 3417/3418/3395 3594/3595/3572
f 3598/3599/3576 3597/3597/3574 3596/3598/3575
f 3596/3598/3575 2791/2792/2769 3598/3599/3576
f 3418/3419/3396 3599/3600/3577 3419/3420/3397
f 3420/3421/3398 3419/3420/3397 3599/3600/3577
f 2791/2792/2769 3600/3601/3578 3598/3599/3576
f 3602/3602/3579 3598/3599/3576 3600/3601/3578
f 3600/3601/3578 3601/3603/3580 3602/3602/3579
f 3420/3421/3398 3603/3604/3581 3421/3422/3399
f 3422/3423/3400 3421/3422/3399 3603/3604/3581
f 3603/3604/3581 3604/3605/3582 3422/3423/3400
f 3606/3606/3583 3602/3602/3579 3601/3603/3580
f 3601/3603/3580 3605/3607/3584 3606/3606/3583
f 3608/3608/3585 3606/3606/3583 3605/3607/3584
f 3605/3607/3584 3607/3609/3586 3608/3608/3585
f 3423/3424/3401 3422/3423/3400 3604/3605/3582
f 3604/3605/3582 3609/3610/3587 3423/3424/3401
f 3424/3425/3402 3423/3424/3401 3609/3610/3587
f 3609/3610/3587 3610/3611/3588 3424/3425/3402
f 3612/3612/3589 3608/3608/3585 3607/3609/3586
f 3607/3609/3586 3611/3613/3590 3612/3612/3589
f 3614/3614/3591 3612/3612/3589 3611/3613/3590
f 3611/3613/3590 3613/3615/3592 3614/3614/3591
f 3425/3426/3403 3424/3425/3402 3610/3611/3588
f 3610/3611/3588 3426/3427/3404 3425/3426/3403
f 3427/3428/3405 3617/3616/3593 3428/3429/3406
f 3617/3616/3593 3618/3617/3594 3428/3429/3406
f 3616/3618/3595 3619/3619/3596 3620/3620/3597
f 3429/3430/3407 3428/3429/3406 3618/3617/3594
f 3333/3338/3315 3429/3430/3407 3618/3617/3594
f 3618/3617/3594 3621/3621/3598 3333/3338/3315
f 3623/3622/3599 3620/3620/3597 3619/3619/3596
f 3619/3619/3596 3622/3623/3600 3623/3622/3599
f 3625/3624/3601 3623/3622/3599 3622/3623/3600
f 3622/3623/3600 3624/3625/3602 3625/3624/3601
f 3430/3431/3408 3333/3338/3315 3621/3621/3598
f 3621/3621/3598 3626/3626/3603 3430/3431/3408
f 3431/3432/3409 3430/3431/3408 3626/3626/3603
f 3626/3626/3603 3627/3627/3604 3431/3432/3409
f 3629/3628/3605 3625/3624/3601 3624/3625/3602
f 3624/3625/3602 3628/3629/3606 3629/3628/3605
f 3630/3630/3607 3629/3628/3605 3628/3629/3606
f 3628/3629/3606 2807/2804/2781 3630/3630/3607
f 3334/3339/3316 3431/3432/3409 3627/3627/3604
f 3627/3627/3604 3631/3631/3608 3334/3339/3316
f 3432/3433/3410 3334/3339/3316 3631/3631/3608
f 3631/3631/3608 3632/3632/3609 3432/3433/3410
f 2807/2804/2781 3633/3633/3610 3630/3630/3607
f 3635/3634/3611 3630/3630/3607 3633/3633/3610
f 3633/3633/3610 3634/3635/3612 3635/3634/3611
f 3433/3434/3411 3432/3433/3410 3632/3632/3609
f 3632/3632/3609 3636/3636/3613 3433/3434/3411
f 3434/3435/3412 3433/3434/3411 3636/3636/3613
f 3636/3636/3613 3637/3637/3614 3434/3435/3412
f 3638/3638/3615 3635/3634/3611 3634/3635/3612
f 3435/3436/3413 3434/3435/3412 3637/3637/3614
f 3637/3637/3614 3639/3639/3616 3435/3436/3413
f 3638/3638/3615 3640/3640/3617 3641/3641/3618
f 3643/3642/3619 3641/3641/3618 3640/3640/3617
f 3640/3640/3617 3642/3643/3620 3643/3642/3619
f 3436/3437/3414 3435/3436/3413 3639/3639/3616
f 3639/3639/3616 3644/3644/3621 3436/3437/3414
f 3437/3438/3415 3436/3437/3414 3644/3644/3621
f 3644/3644/3621 3645/3645/3622 3437/3438/3415
f 3647/3646/3623 3643/3642/3619 3642/3643/3620
f 3642/3643/3620 3646/3647/3624 3647/3646/3623
f 3649/3648/3625 3647/3646/3623 3646/3647/3624
f 3646/3647/3624 3648/3649/3626 3649/3648/3625
f 3338/3342/3319 3437/3438/3415 3645/3645/3622
f 3645/3645/3622 3650/3650/3627 3338/3342/3319
f 3438/3439/3416 3338/3342/3319 3650/3650/3627
f 3650/3650/3627 3651/3651/3628 3438/3439/3416
f 3648/3649/3626 3652/3652/3629 3649/3648/3625
f 3439/3440/3417 3438/3439/3416 3651/3651/3628
f 3653/3653/3630 3649/3648/3625 3652/3652/3629
f 3439/3440/3417 3654/3654/3631 3440/3441/3418
f 3653/3653/3630 3655/3655/3632 3656/3656/3633
f 3658/3657/3634 3656/3656/3633 3655/3655/3632
f 3655/3655/3632 3657/3658/3635 3658/3657/3634
f 3441/3442/3419 3440/3441/3418 3654/3654/3631
f 3654/3654/3631 3659/3659/3636 3441/3442/3419
f 3442/3443/3420 3441/3442/3419 3659/3659/3636
f 3661/3660/3637 3658/3657/3634 3657/3658/3635
f 3657/3658/3635 3660/3661/3638 3661/3660/3637
f 3442/3443/3420 3662/3662/3639 3341/3346/3323
f 3443/3444/3421 3341/3346/3323 3662/3662/3639
f 3662/3662/3639 3663/3663/3640 3443/3444/3421
f 3664/3664/3641 3661/3660/3637 3660/3661/3638
f 3660/3661/3638 2824/2821/2798 3664/3664/3641
f 3666/3665/3642 3664/3664/3641 2824/2821/2798
f 2824/2821/2798 3665/3666/3643 3666/3665/3642
f 3444/3445/3422 3443/3444/3421 3663/3663/3640
f 3663/3663/3640 3667/3667/3644 3444/3445/3422
f 3445/3446/3423 3444/3445/3422 3667/3667/3644
f 3667/3667/3644 3668/3668/3645 3445/3446/3423
f 3669/3669/3646 3666/3665/3642 3665/3666/3643
f 3665/3666/3643 2826/2825/2802 3669/3669/3646
f 3671/3670/3647 3669/3669/3646 2826/2825/2802
f 2826/2825/2802 3670/3671/3648 3671/3670/3647
f 3446/3447/3424 3445/3446/3423 3668/3668/3645
f 3668/3668/3645 3672/3672/3649 3446/3447/3424
f 3673/3673/3650 3671/3670/3647 3670/3671/3648
f 3670/3671/3648 2831/2828/2805 3673/3673/3650
f 3447/3448/3425 3446/3447/3424 3672/3672/3649
f 3672/3672/3649 3674/3674/3651 3447/3448/3425
f 3344/3348/3325 3447/3448/3425 3674/3674/3651
f 3674/3674/3651 3675/3675/3652 3344/3348/3325
f 3677/3676/3653 3673/3673/3650 2831/2828/2805
f 2831/2828/2805 3676/3677/3654 3677/3676/3653
f 3676/3677/3654 2832/2829/2806 3677/3676/3653
f 3345/3349/3326 3344/3348/3325 3675/3675/3652
f 3675/3675/3652 3678/3678/3655 3345/3349/3326
f 3448/3449/3426 3345/3349/3326 3678/3678/3655
f 3678/3678/3655 3679/3679/3656 3448/3449/3426
f 3681/3680/3657 3677/3676/3653 2832/2829/2806
f 2832/2829/2806 3680/3681/3658 3681/3680/3657
f 3683/3682/3659 3681/3680/3657 3680/3681/3658
f 3680/3681/3658 3682/3683/3660 3683/3682/3659
f 3449/3450/3427 3448/3449/3426 3679/3679/3656
f 3679/3679/3656 3684/3684/3661 3449/3450/3427
f 3450/3451/3428 3449/3450/3427 3684/3684/3661
f 3684/3684/3661 3685/3685/3662 3450/3451/3428
f 3687/3686/3663 3683/3682/3659 3682/3683/3660
f 3682/3683/3660 3686/3687/3664 3687/3686/3663
f 3689/3688/3665 3687/3686/3663 3686/3687/3664
f 3686/3687/3664 3688/3689/3666 3689/3688/3665
f 3451/3452/3429 3450/3451/3428 3685/3685/3662
f 3685/3685/3662 3690/3690/3667 3451/3452/3429
f 3452/3453/3430 3451/3452/3429 3690/3690/3667
f 3690/3690/3667 3691/3691/3668 3452/3453/3430
f 3693/3692/3669 3689/3688/3665 3688/3689/3666
f 3688/3689/3666 3692/3693/3670 3693/3692/3669
f 3453/3454/3431 3452/3453/3430 3691/3691/3668
f 3691/3691/3668 3694/3694/3671 3453/3454/3431
f 3696/3695/3672 3693/3692/3669 3692/3693/3670
f 3692/3693/3670 3695/3696/3673 3696/3695/3672
f 3454/3455/3432 3453/3454/3431 3694/3694/3671
f 3697/3697/3674 3696/3695/3672 3695/3696/3673
f 3698/3698/3675 3699/3699/3676 3700/3700/3677
f 3456/3457/3434 3701/3701/3678 3457/3458/3435
f 3703/3702/3679 3700/3700/3677 3699/3699/3676
f 3699/3699/3676 3702/3703/3680 3703/3702/3679
f 3458/3459/3436 3457/3458/3435 3701/3701/3678
f 3701/3701/3678 3704/3704/3681 3458/3459/3436
f 3351/3354/3331 3458/3459/3436 3704/3704/3681
f 3704/3704/3681 3705/3705/3682 3351/3354/3331
f 3707/3706/3683 3703/3702/3679 3702/3703/3680
f 3702/3703/3680 3706/3707/3684 3707/3706/3683
f 3459/3460/3437 3351/3354/3331 3705/3705/3682
f 3705/3705/3682 3708/3708/3685 3459/3460/3437
f 3460/3461/3438 3459/3460/3437 3708/3708/3685
f 3708/3708/3685 3709/3709/3686 3460/3461/3438
f 3710/3710/3687 3707/3706/3683 3706/3707/3684
f 3461/3462/3439 3460/3461/3438 3709/3709/3686
f 3709/3709/3686 3711/3711/3688 3461/3462/3439
f 3462/3463/3440 3461/3462/3439 3711/3711/3688
f 3711/3711/3688 3713/3712/3689 3462/3463/3440
f 3712/3713/3690 3714/3714/3691 3715/3715/3692
f 3463/3464/3441 3462/3463/3440 3713/3712/3689
f 3713/3712/3689 3716/3716/3693 3463/3464/3441
f 3718/3717/3694 3715/3715/3692 3714/3714/3691
f 3714/3714/3691 3717/3718/3695 3718/3717/3694
f 3720/3719/3696 3718/3717/3694 3717/3718/3695
f 3717/3718/3695 3719/3720/3697 3720/3719/3696
f 3464/3465/3442 3463/3464/3441 3716/3716/3693
f 3716/3716/3693 3721/3721/3698 3464/3465/3442
f 3465/3466/3443 3464/3465/3442 3721/3721/3698
f 3721/3721/3698 3722/3722/3699 3465/3466/3443
f 3724/3723/3700 3720/3719/3696 3719/3720/3697
f 3719/3720/3697 3723/3724/3701 3724/3723/3700
f 3726/3725/3702 3724/3723/3700 3723/3724/3701
f 3723/3724/3701 3725/3726/3703 3726/3725/3702
f 3466/3467/3444 3465/3466/3443 3722/3722/3699
f 3725/3726/3703 3727/3727/3704 3726/3725/3702
f 3728/3728/3705 3726/3725/3702 3727/3727/3704
f 3467/3468/3445 3729/3729/3706 3468/3469/3446
f 3730/3730/3707 3728/3728/3705 3727/3727/3704
f 3469/3470/3447 3468/3469/3446 3729/3729/3706
f 3729/3729/3706 3731/3731/3708 3469/3470/3447
f 3730/3730/3707 3732/3732/3709 3733/3733/3710
f 3470/3471/3448 3469/3470/3447 3731/3731/3708
f 3731/3731/3708 3734/3734/3711 3470/3471/3448
f 3735/3735/3712 3733/3733/3710 3732/3732/3709
f 3471/3472/3449 3470/3471/3448 3734/3734/3711
f 3736/3736/3713 3737/3737/3714 3738/3738/3715
f 3471/3472/3449 3739/3739/3716 3472/3473/3450
f 3473/3474/3451 3472/3473/3450 3739/3739/3716
f 3739/3739/3716 3740/3740/3717 3473/3474/3451
f 3742/3741/3718 3738/3738/3715 3737/3737/3714
f 3737/3737/3714 3741/3742/3719 3742/3741/3718
f 3744/3743/3720 3742/3741/3718 3741/3742/3719
f 3741/3742/3719 3743/3744/3721 3744/3743/3720
f 3474/3475/3452 3473/3474/3451 3740/3740/3717
f 3740/3740/3717 3745/3745/3722 3474/3475/3452
f 3475/3476/3453 3474/3475/3452 3745/3745/3722
f 3745/3745/3722 3746/3746/3723 3475/3476/3453
f 3748/3747/3724 3744/3743/3720 3743/3744/3721
f 3743/3744/3721 3747/3748/3725 3748/3747/3724
f 3750/3749/3726 3748/3747/3724 3747/3748/3725
f 3747/3748/3725 3749/3750/3727 3750/3749/3726
f 3476/3477/3454 3475/3476/3453 3746/3746/3723
f 3746/3746/3723 3751/3751/3728 3476/3477/3454
f 3753/3752/3729 3750/3749/3726 3749/3750/3727
f 3749/3750/3727 3752/3753/3730 3753/3752/3729
f 3477/3478/3455 3476/3477/3454 3751/3751/3728
f 3751/3751/3728 3754/3754/3731 3477/3478/3455
f 3478/3479/3456 3477/3478/3455 3754/3754/3731
f 3754/3754/3731 3755/3755/3732 3478/3479/3456
f 3752/3753/3730 2875/2871/2848 3753/3752/3729
f 3757/3756/3733 3753/3752/3729 2875/2871/2848
f 2875/2871/2848 3756/3757/3734 3757/3756/3733
f 3479/3480/3457 3478/3479/3456 3755/3755/3732
f 3755/3755/3732 3758/3758/3735 3479/3480/3457
f 3758/3758/3735 3759/3759/3736 3479/3480/3457
f 3760/3760/3737 3757/3756/3733 3756/3757/3734
f 3756/3757/3734 2879/2875/2852 3760/3760/3737
f 3480/3481/3458 3479/3480/3457 3759/3759/3736
f 3759/3759/3736 3761/3761/3738 3480/3481/3458
f 3481/3482/3459 3480/3481/3458 3761/3761/3738
f 3762/3762/3739 3760/3760/3737 2879/2875/2852
f 2879/2875/2852 2881/2876/2853 3762/3762/3739
f 3764/3763/3740 3762/3762/3739 2881/2876/2853
f 2881/2876/2853 3763/3764/3741 3764/3763/3740
f 3763/3764/3741 3765/3765/3742 3764/3763/3740
f 3483/3484/3461 3766/3766/3743 3484/3485/3462
f 3765/3765/3742 3767/3767/3744 3768/3768/3745
f 3364/3366/3343 3484/3485/3462 3766/3766/3743
f 3766/3766/3743 3769/3769/3746 3364/3366/3343
f 3771/3770/3747 3768/3768/3745 3767/3767/3744
f 3767/3767/3744 3770/3771/3748 3771/3770/3747
f 3773/3772/3749 3771/3770/3747 3770/3771/3748
f 3770/3771/3748 3772/3773/3750 3773/3772/3749
f 3485/3486/3463 3364/3366/3343 3769/3769/3746
f 3769/3769/3746 3774/3774/3751 3485/3486/3463
f 3486/3487/3464 3485/3486/3463 3774/3774/3751
f 3774/3774/3751 3775/3775/3752 3486/3487/3464
f 3772/3773/3750 2890/2887/2864 3773/3772/3749
f 3777/3776/3753 3773/3772/3749 2890/2887/2864
f 2890/2887/2864 3776/3777/3754 3777/3776/3753
f 3487/3488/3465 3486/3487/3464 3775/3775/3752
f 3775/3775/3752 3778/3778/3755 3487/3488/3465
f 3488/3489/3466 3487/3488/3465 3778/3778/3755
f 3778/3778/3755 3779/3779/3756 3488/3489/3466
f 3776/3777/3754 3780/3780/3757 3777/3776/3753
f 3781/3781/3758 3777/3776/3753 3780/3780/3757
f 3489/3490/3467 3488/3489/3466 3779/3779/3756
f 3779/3779/3756 3782/3782/3759 3489/3490/3467
f 3783/3783/3760 3781/3781/3758 3780/3780/3757
f 3780/3780/3757 2894/2890/2867 3783/3783/3760
f 3785/3784/3761 3783/3783/3760 2894/2890/2867
f 2894/2890/2867 3784/3785/3762 3785/3784/3761
f 3490/3491/3468 3489/3490/3467 3782/3782/3759
f 3782/3782/3759 3786/3786/3763 3490/3491/3468
f 3787/3787/3764 3785/3784/3761 3784/3785/3762
f 3491/3492/3469 3490/3491/3468 3786/3786/3763
f 3493/3494/3471 3790/3788/3765 3494/3495/3472
f 3789/3789/3766 3791/3790/3767 3792/3791/3768
f 3495/3496/3473 3494/3495/3472 3790/3788/3765
f 3790/3788/3765 3793/3792/3769 3495/3496/3473
f 3795/3793/3770 3792/3791/3768 3791/3790/3767
f 3791/3790/3767 3794/3794/3771 3795/3793/3770
f 3496/3497/3474 3495/3496/3473 3793/3792/3769
f 3793/3792/3769 3796/3795/3772 3496/3497/3474
f 3798/3796/3773 3795/3793/3770 3794/3794/3771
f 3794/3794/3771 3797/3797/3774 3798/3796/3773
f 3800/3798/3775 3798/3796/3773 3797/3797/3774
f 3797/3797/3774 3799/3799/3776 3800/3798/3775
f 3497/3498/3475 3496/3497/3474 3796/3795/3772
f 3796/3795/3772 3801/3800/3777 3497/3498/3475
f 3498/3499/3476 3497/3498/3475 3801/3800/3777
f 3801/3800/3777 3802/3801/3778 3498/3499/3476
f 3804/3802/3779 3800/3798/3775 3799/3799/3776
f 3799/3799/3776 3803/3803/3780 3804/3802/3779
f 3806/3804/3781 3804/3802/3779 3803/3803/3780
f 3803/3803/3780 3805/3805/3782 3806/3804/3781
f 3499/3500/3477 3498/3499/3476 3802/3801/3778
f 3802/3801/3778 3807/3806/3783 3499/3500/3477
f 3500/3501/3478 3499/3500/3477 3807/3806/3783
f 3808/3807/3784 3806/3804/3781 3805/3805/3782
f 3501/3502/3479 3810/3808/3785 3502/3503/3480
f 3809/3809/3786 2912/2908/2885 3811/3810/3787
f 3810/3808/3785 3812/3811/3788 3502/3503/3480
f 3503/3504/3481 3502/3503/3480 3812/3811/3788
f 3503/3504/3481 3814/3812/3789 3504/3505/3482
f 3813/3813/3790 3815/3814/3791 3816/3815/3792
f 3815/3814/3791 3817/3816/3793 3816/3815/3792
f 3505/3506/3483 3504/3505/3482 3814/3812/3789
f 3814/3812/3789 3818/3817/3794 3505/3506/3483
f 3506/3507/3484 3505/3506/3483 3818/3817/3794
f 3818/3817/3794 3819/3818/3795 3506/3507/3484
f 3820/3819/3796 3816/3815/3792 3817/3816/3793
f 3817/3816/3793 2917/2913/2890 3820/3819/3796
f 3822/3820/3797 3820/3819/3796 2917/2913/2890
f 2917/2913/2890 3821/3821/3798 3822/3820/3797
f 3507/3508/3485 3506/3507/3484 3819/3818/3795
f 3821/3821/3798 3823/3822/3799 3822/3820/3797
f 3824/3823/3800 3822/3820/3797 3823/3822/3799
f 3510/3511/3488 3826/3824/3801 3511/3512/3489
f 3825/3825/3802 3827/3826/3803 3828/3827/3804
f 3826/3824/3801 3829/3828/3805 3511/3512/3489
f 3512/3513/3490 3511/3512/3489 3829/3828/3805
f 3829/3828/3805 3830/3829/3806 3512/3513/3490
f 3832/3830/3807 3828/3827/3804 3827/3826/3803
f 3827/3826/3803 3831/3831/3808 3832/3830/3807
f 3834/3832/3809 3832/3830/3807 3831/3831/3808
f 3831/3831/3808 3833/3833/3810 3834/3832/3809
f 3513/3514/3491 3512/3513/3490 3830/3829/3806
f 3830/3829/3806 3835/3834/3811 3513/3514/3491
f 3836/3835/3812 3834/3832/3809 3833/3833/3810
f 3514/3515/3492 3513/3514/3491 3835/3834/3811
f 3838/3836/3813 2931/2929/2906 3839/3837/3814
f 3516/3517/3494 3840/3838/3815 3517/3518/3495
f 3518/3519/3496 3517/3518/3495 3840/3838/3815
f 3840/3838/3815 3841/3839/3816 3518/3519/3496
f 3843/3840/3817 3839/3837/3814 2931/2929/2906
f 2931/2929/2906 3842/3841/3818 3843/3840/3817
f 3845/3842/3819 3843/3840/3817 3842/3841/3818
f 3842/3841/3818 3844/3843/3820 3845/3842/3819
f 3519/3520/3497 3518/3519/3496 3841/3839/3816
f 3841/3839/3816 3846/3844/3821 3519/3520/3497
f 3520/3521/3498 3519/3520/3497 3846/3844/3821
f 3846/3844/3821 3847/3845/3822 3520/3521/3498
f 3849/3846/3823 3845/3842/3819 3844/3843/3820
f 3844/3843/3820 3848/3847/3824 3849/3846/3823
f 3851/3848/3825 3849/3846/3823 3848/3847/3824
f 3848/3847/3824 3850/3849/3826 3851/3848/3825
f 3521/3522/3499 3520/3521/3498 3847/3845/3822
f 3847/3845/3822 3852/3850/3827 3521/3522/3499
f 3522/3523/3500 3521/3522/3499 3852/3850/3827
f 3852/3850/3827 3853/3851/3828 3522/3523/3500
f 3855/3852/3829 3851/3848/3825 3850/3849/3826
f 3850/3849/3826 3854/3853/3830 3855/3852/3829
f 3523/3524/3501 3522/3523/3500 3853/3851/3828
f 3853/3851/3828 3856/3854/3831 3523/3524/3501
f 3857/3855/3832 3855/3852/3829 3854/3853/3830
f 3524/3525/3502 3523/3524/3501 3856/3854/3831
f 3857/3855/3832 3858/3856/3833 3859/3857/3834
f 3858/3856/3833 2940/2937/2914 3859/3857/3834
f 3524/3525/3502 3860/3858/3835 3525/3526/3503
f 3861/3859/3836 3859/3857/3834 2940/2937/2914
f 3388/3390/3367 3525/3526/3503 3860/3858/3835
f 3860/3858/3835 3863/3860/3837 3388/3390/3367
f 3526/3527/3504 3388/3390/3367 3863/3860/3837
f 3863/3860/3837 3864/3861/3838 3526/3527/3504
f 3866/3862/3839 3861/3859/3836 3862/2941/2918
f 3862/2941/2918 3865/3863/3840 3866/3862/3839
f 3864/3861/3838 3527/3528/3505 3526/3527/3504
f 3867/3864/3841 3866/3862/3839 3865/3863/3840
f 3869/3865/3842 3867/3864/3841 3868/3866/3843
f 3869/3865/3842 3870/3867/3844 3871/3868/3845
f 3528/3529/3506 3872/3869/3846 3529/3530/3507
f 3874/3870/3847 3871/3868/3845 3870/3867/3844
f 3870/3867/3844 3873/3871/3848 3874/3870/3847
f 3530/3531/3508 3529/3530/3507 3872/3869/3846
f 3872/3869/3846 3875/3872/3849 3530/3531/3508
f 3531/3532/3509 3530/3531/3508 3875/3872/3849
f 3875/3872/3849 3876/3873/3850 3531/3532/3509
f 3878/3874/3851 3874/3870/3847 3873/3871/3848
f 3873/3871/3848 3877/3875/3852 3878/3874/3851
f 3532/3533/3510 3531/3532/3509 3876/3873/3850
f 3879/3876/3853 3878/3874/3851 3877/3875/3852
f 3877/3875/3852 2954/2952/2929 3879/3876/3853
f 3881/3877/3854 3879/3876/3853 2954/2952/2929
f 2954/2952/2929 3880/3878/3855 3881/3877/3854
f 3532/3533/3510 3882/3879/3856 3533/3534/3511
f 3534/3535/3512 3533/3534/3511 3882/3879/3856
f 3882/3879/3856 3884/3880/3857 3534/3535/3512
f 3535/3536/3513 3534/3535/3512 3884/3880/3857
f 2761/2761/2738 3537/3538/3515 2759/2759/2736
f 3541/3543/3520 3539/3540/3517 2761/2761/2738
f 2761/2761/2738 2762/2762/2739 3541/3543/3520
f 3543/3545/3522 3541/3543/3520 2762/2762/2739
f 2762/2762/2739 2764/2764/2741 3543/3545/3522
f 3546/3548/3525 3543/3545/3522 2764/2764/2741
f 3548/3549/3526 3546/3548/3525 2764/2764/2741
f 2764/2764/2741 2766/2766/2743 3548/3549/3526
f 3551/3553/3530 3548/3549/3526 2766/2766/2743
f 3553/3555/3532 3551/3553/3530 2766/2766/2743
f 2766/2766/2743 2769/2769/2746 3553/3555/3532
f 3557/3559/3536 3553/3555/3532 2769/2769/2746
f 2769/2769/2746 2770/2963/2940 3557/3559/3536
f 3559/3561/3538 3557/3559/3536 2770/2963/2940
f 2770/2963/2940 2771/2770/2747 3559/3561/3538
f 3563/3565/3542 3559/3561/3538 2771/2770/2747
f 2771/2770/2747 2772/2772/2749 3563/3565/3542
f 3565/3567/3544 3563/3565/3542 2772/2772/2749
f 2772/2772/2749 2775/2773/2750 3565/3567/3544
f 3565/3567/3544 2775/2773/2750 3568/3569/3546
f 3570/3571/3548 3568/3569/3546 2775/2773/2750
f 3571/3572/3549 3570/3571/3548 2775/2773/2750
f 2775/2773/2750 2778/2777/2754 3571/3572/3549
f 3574/3576/3553 3571/3572/3549 2778/2777/2754
f 2778/2777/2754 2780/2778/2755 3574/3576/3553
f 3578/3579/3556 3574/3576/3553 2780/2778/2755
f 2780/2778/2755 2781/2780/2757 3578/3579/3556
f 3581/3583/3560 3578/3579/3556 2781/2780/2757
f 2781/2780/2757 2783/2782/2759 3581/3583/3560
f 3583/3585/3562 3581/3583/3560 2783/2782/2759
f 2783/2782/2759 2784/2783/2760 3583/3585/3562
f 3587/3589/3566 3583/3585/3562 2784/2783/2760
f 2784/2783/2760 2785/2785/2762 3587/3589/3566
f 3589/3590/3567 3587/3589/3566 2785/2785/2762
f 2785/2785/2762 2788/2786/2763 3589/3590/3567
f 3591/3593/3570 3589/3590/3567 2788/2786/2763
f 2788/2786/2763 2787/2787/2764 3591/3593/3570
f 3595/3596/3573 3591/3593/3570 2787/2787/2764
f 2787/2787/2764 2789/2788/2765 3595/3596/3573
f 3596/3598/3575 3595/3596/3573 2789/2788/2765
f 2789/2788/2765 2790/2790/2767 3596/3598/3575
f 2790/2790/2767 2791/2792/2769 3596/3598/3575
f 3601/3603/3580 3600/3601/3578 2791/2792/2769
f 2791/2792/2769 2793/2793/2770 3601/3603/3580
f 3605/3607/3584 3601/3603/3580 2793/2793/2770
f 2793/2793/2770 2794/2982/2959 3605/3607/3584
f 3607/3609/3586 3605/3607/3584 2794/2982/2959
f 2794/2982/2959 2795/2794/2771 3607/3609/3586
f 3611/3613/3590 3607/3609/3586 2795/2794/2771
f 2795/2794/2771 2796/2796/2773 3611/3613/3590
f 3613/3615/3592 3611/3613/3590 2796/2796/2773
f 2796/2796/2773 2798/2798/2775 3613/3615/3592
f 3613/3615/3592 2798/2798/2775 3614/3614/3591
f 3615/3881/3858 3614/3614/3591 2798/2798/2775
f 2798/2798/2775 2800/2799/2776 3615/3881/3858
f 3616/3618/3595 3615/3881/3858 2800/2799/2776
f 3619/3619/3596 3616/3618/3595 2800/2799/2776
f 2800/2799/2776 2802/2801/2778 3619/3619/3596
f 3622/3623/3600 3619/3619/3596 2802/2801/2778
f 2802/2801/2778 2803/2990/2967 3622/3623/3600
f 3624/3625/3602 3622/3623/3600 2803/2990/2967
f 2803/2990/2967 2804/2993/2970 3624/3625/3602
f 3628/3629/3606 3624/3625/3602 2804/2993/2970
f 2804/2993/2970 2805/2802/2779 3628/3629/3606
f 2807/2804/2781 3628/3629/3606 2805/2802/2779
f 2807/2804/2781 2808/2805/2782 3633/3633/3610
f 3634/3635/3612 3633/3633/3610 2808/2805/2782
f 3634/3635/3612 2811/2808/2785 3638/3638/3615
f 2811/2808/2785 3634/3635/3612 2808/2805/2782
f 3640/3640/3617 3638/3638/3615 2811/2808/2785
f 2811/2808/2785 2812/2809/2786 3640/3640/3617
f 3642/3643/3620 3640/3640/3617 2812/2809/2786
f 2812/2809/2786 2813/2810/2787 3642/3643/3620
f 3646/3647/3624 3642/3643/3620 2813/2810/2787
f 2813/2810/2787 2814/2812/2789 3646/3647/3624
f 3648/3649/3626 3646/3647/3624 2814/2812/2789
f 2814/2812/2789 2817/2813/2790 3648/3649/3626
f 3652/3652/3629 3648/3649/3626 2817/2813/2790
f 3652/3652/3629 2819/2816/2793 3653/3653/3630
f 2819/2816/2793 3652/3652/3629 2817/2813/2790
f 3655/3655/3632 3653/3653/3630 2819/2816/2793
f 2819/2816/2793 2818/2815/2792 3655/3655/3632
f 3657/3658/3635 3655/3655/3632 2818/2815/2792
f 2818/2815/2792 2820/2817/2794 3657/3658/3635
f 3660/3661/3638 3657/3658/3635 2820/2817/2794
f 2820/2817/2794 2821/2819/2796 3660/3661/3638
f 2824/2821/2798 3660/3661/3638 2821/2819/2796
f 2824/2821/2798 2823/2820/2797 3665/3666/3643
f 2826/2825/2802 3665/3666/3643 2823/2820/2797
f 2826/2825/2802 2828/2824/2801 3670/3671/3648
f 2831/2828/2805 3670/3671/3648 2828/2824/2801
f 2831/2828/2805 2832/2829/2806 3676/3677/3654
f 2832/2829/2806 2834/2831/2808 3680/3681/3658
f 3682/3683/3660 3680/3681/3658 2834/2831/2808
f 2834/2831/2808 2835/2832/2809 3682/3683/3660
f 3686/3687/3664 3682/3683/3660 2835/2832/2809
f 2835/2832/2809 2836/2834/2811 3686/3687/3664
f 3688/3689/3666 3686/3687/3664 2836/2834/2811
f 3692/3693/3670 3688/3689/3666 2836/2834/2811
f 2836/2834/2811 2839/2836/2813 3692/3693/3670
f 3695/3696/3673 3692/3693/3670 2839/2836/2813
f 2839/2836/2813 2841/2838/2815 3695/3696/3673
f 3695/3696/3673 2844/2841/2818 3697/3697/3674
f 2844/2841/2818 3695/3696/3673 2841/2838/2815
f 3698/3698/3675 3697/3697/3674 2844/2841/2818
f 3699/3699/3676 2844/2841/2818 2846/2842/2819
f 3699/3699/3676 3698/3698/3675 2844/2841/2818
f 3702/3703/3680 3699/3699/3676 2846/2842/2819
f 2846/2842/2819 2849/2845/2822 3702/3703/3680
f 3706/3707/3684 3702/3703/3680 2849/2845/2822
f 3706/3707/3684 2851/2849/2826 3710/3710/3687
f 2851/2849/2826 3706/3707/3684 2849/2845/2822
f 3712/3713/3690 3710/3710/3687 2851/2849/2826
f 2851/2849/2826 2852/2848/2825 3712/3713/3690
f 3714/3714/3691 3712/3713/3690 2852/2848/2825
f 2852/2848/2825 2853/2850/2827 3714/3714/3691
f 3717/3718/3695 3714/3714/3691 2853/2850/2827
f 2853/2850/2827 2854/3028/3005 3717/3718/3695
f 3719/3720/3697 3717/3718/3695 2854/3028/3005
f 2854/3028/3005 2855/2851/2828 3719/3720/3697
f 3723/3724/3701 3719/3720/3697 2855/2851/2828
f 2855/2851/2828 2856/2853/2830 3723/3724/3701
f 3725/3726/3703 3723/3724/3701 2856/2853/2830
f 3727/3727/3704 3725/3726/3703 2856/2853/2830
f 2856/2853/2830 2859/2855/2832 3727/3727/3704
f 3727/3727/3704 2862/2858/2835 3730/3730/3707
f 2862/2858/2835 3727/3727/3704 2859/2855/2832
f 3732/3732/3709 3730/3730/3707 2862/2858/2835
f 2862/2858/2835 2864/2859/2836 3732/3732/3709
f 3732/3732/3709 2864/2859/2836 3735/3735/3712
f 3736/3736/3713 3735/3735/3712 2864/2859/2836
f 2864/2859/2836 2866/2861/2838 3736/3736/3713
f 2866/2861/2838 2865/2862/2839 3737/3737/3714
f 3737/3737/3714 3736/3736/3713 2866/2861/2838
f 3741/3742/3719 3737/3737/3714 2865/2862/2839
f 2865/2862/2839 2867/2863/2840 3741/3742/3719
f 3743/3744/3721 3741/3742/3719 2867/2863/2840
f 2867/2863/2840 2869/2865/2842 3743/3744/3721
f 3747/3748/3725 3743/3744/3721 2869/2865/2842
f 3749/3750/3727 3747/3748/3725 2869/2865/2842
f 2869/2865/2842 2871/2867/2844 3749/3750/3727
f 3752/3753/3730 3749/3750/3727 2871/2867/2844
f 2871/2867/2844 2874/2869/2846 3752/3753/3730
f 2875/2871/2848 3752/3753/3730 2874/2869/2846
f 2875/2871/2848 2877/2872/2849 3756/3757/3734
f 2879/2875/2852 3756/3757/3734 2877/2872/2849
f 2881/2876/2853 2883/2879/2856 3763/3764/3741
f 3763/3764/3741 2884/2882/2859 3765/3765/3742
f 2884/2882/2859 3763/3764/3741 2883/2879/2856
f 3767/3767/3744 3765/3765/3742 2884/2882/2859
f 2884/2882/2859 2886/2880/2857 3767/3767/3744
f 3770/3771/3748 3767/3767/3744 2886/2880/2857
f 2886/2880/2857 2887/2883/2860 3770/3771/3748
f 3772/3773/3750 3770/3771/3748 2887/2883/2860
f 2887/2883/2860 2889/2885/2862 3772/3773/3750
f 2890/2887/2864 3772/3773/3750 2889/2885/2862
f 2890/2887/2864 2891/2886/2863 3776/3777/3754
f 3780/3780/3757 3776/3777/3754 2891/2886/2863
f 2891/2886/2863 2892/2889/2866 3780/3780/3757
f 2894/2890/2867 3780/3780/3757 2892/2889/2866
f 2894/2890/2867 2897/2894/2871 3784/3785/3762
f 3784/3785/3762 2897/2894/2871 3787/3787/3764
f 3788/3882/3859 3787/3787/3764 2897/2894/2871
f 2897/2894/2871 2899/2895/2872 3788/3882/3859
f 3789/3789/3766 3788/3882/3859 2899/2895/2872
f 2899/2895/2872 2900/2896/2873 3789/3789/3766
f 3791/3790/3767 3789/3789/3766 2900/2896/2873
f 2900/2896/2873 2902/2898/2875 3791/3790/3767
f 3794/3794/3771 3791/3790/3767 2902/2898/2875
f 3797/3797/3774 3794/3794/3771 2902/2898/2875
f 2902/2898/2875 2903/2899/2876 3797/3797/3774
f 3799/3799/3776 3797/3797/3774 2903/2899/2876
f 2903/2899/2876 2904/2900/2877 3799/3799/3776
f 3803/3803/3780 3799/3799/3776 2904/2900/2877
f 2904/2900/2877 2905/2902/2879 3803/3803/3780
f 3805/3805/3782 3803/3803/3780 2905/2902/2879
f 3805/3805/3782 2907/2904/2881 3808/3807/3784
f 2907/2904/2881 3805/3805/3782 2905/2902/2879
f 3809/3809/3786 3808/3807/3784 2907/2904/2881
f 2907/2904/2881 2909/2905/2882 3809/3809/3786
f 2912/2908/2885 3809/3809/3786 2909/2905/2882
f 3813/3813/3790 3811/3810/3787 2912/2908/2885
f 2912/2908/2885 2913/2909/2886 3813/3813/3790
f 2913/2909/2886 2914/2910/2887 3815/3814/3791
f 2913/2909/2886 3815/3814/3791 3813/3813/3790
f 3817/3816/3793 3815/3814/3791 2914/2910/2887
f 2917/2913/2890 3817/3816/3793 2914/2910/2887
f 2917/2913/2890 2919/2915/2892 3821/3821/3798
f 3823/3822/3799 3821/3821/3798 2919/2915/2892
f 2919/2915/2892 2920/2918/2895 3823/3822/3799
f 3823/3822/3799 2920/2918/2895 3824/3823/3800
f 3825/3825/3802 3824/3823/3800 2920/2918/2895
f 3827/3826/3803 3825/3825/3802 2920/2918/2895
f 3827/3826/3803 2920/2918/2895 2922/2919/2896
f 3831/3831/3808 3827/3826/3803 2922/2919/2896
f 2922/2919/2896 2924/2921/2898 3831/3831/3808
f 3833/3833/3810 3831/3831/3808 2924/2921/2898
f 2924/2921/2898 2925/2922/2899 3833/3833/3810
f 2927/2925/2902 3833/3833/3810 2925/2922/2899
f 3833/3833/3810 2927/2925/2902 3836/3835/3812
f 3837/3883/3860 3836/3835/3812 2927/2925/2902
f 3838/3836/3813 3837/3883/3860 2927/2925/2902
f 2927/2925/2902 2928/2926/2903 3838/3836/3813
f 2931/2929/2906 3838/3836/3813 2928/2926/2903
f 2931/2929/2906 2932/2930/2907 3842/3841/3818
f 3844/3843/3820 3842/3841/3818 2932/2930/2907
f 2932/2930/2907 2933/3084/3061 3844/3843/3820
f 3848/3847/3824 3844/3843/3820 2933/3084/3061
f 2933/3084/3061 2934/2931/2908 3848/3847/3824
f 3850/3849/3826 3848/3847/3824 2934/2931/2908
f 2934/2931/2908 2936/2933/2910 3850/3849/3826
f 3854/3853/3830 3850/3849/3826 2936/2933/2910
f 3854/3853/3830 2938/2936/2913 3857/3855/3832
f 2938/2936/2913 3854/3853/3830 2936/2933/2910
f 3858/3856/3833 3857/3855/3832 2938/2936/2913
f 2938/2936/2913 2940/2937/2914 3858/3856/3833
f 2940/2937/2914 3862/2941/2918 3861/3859/3836
f 3862/2941/2918 2944/2942/2919 3865/3863/3840
f 3865/3863/3840 3868/3866/3843 3867/3864/3841
f 3868/3866/3843 3865/3863/3840 2944/2942/2919
f 3868/3866/3843 2947/2945/2922 3869/3865/3842
f 2947/2945/2922 3868/3866/3843 2944/2942/2919
f 3870/3867/3844 3869/3865/3842 2947/2945/2922
f 2947/2945/2922 2949/2947/2924 3870/3867/3844
f 3873/3871/3848 3870/3867/3844 2949/2947/2924
f 3877/3875/3852 3873/3871/3848 2949/2947/2924
f 2949/2947/2924 2951/2949/2926 3877/3875/3852
f 2954/2952/2929 3877/3875/3852 2951/2949/2926
f 2954/2952/2929 2953/2951/2928 3880/3878/3855
f 3880/3878/3855 2956/2955/2932 3881/3877/3854
f 2956/2955/2932 3880/3878/3855 2953/2951/2928
f 3883/3884/3861 3881/3877/3854 2956/2955/2932
f 3885/3885/3862 3883/3884/3861 2956/2955/2932
f 2956/2955/2932 2957/2954/2931 3885/3885/3862
f 3886/3886/3863 3887/3887/2737 3888/3888/2738
f 3889/3889/3864 3888/3888/2738 3887/3887/2737
f 3889/3889/3864 3890/3890/2740 3891/3891/2741
f 3890/3890/2740 3892/3892/3865 3891/3891/2741
f 3893/3893/2743 3891/3891/2741 3892/3892/3865
f 3892/3892/3865 3894/3894/3866 3893/3893/2743
f 3894/3894/3866 3895/3895/3867 3893/3893/2743
f 3896/3896/3868 3893/3893/2743 3895/3895/3867
f 3898/3897/2747 3900/3898/3869 3899/3899/3870
f 3903/3900/3871 3899/3899/3870 3900/3898/3869
f 3900/3898/3869 3901/3901/3872 3903/3900/3871
f 3902/3902/3873 3899/3899/3870 3903/3900/3871
f 3905/3903/3874 3902/3902/3873 3903/3900/3871
f 3905/3903/3874 3903/3900/3871 3904/3904/3875
f 3907/3905/2755 3905/3903/3874 3904/3904/3875
f 3904/3904/3875 3906/3906/2756 3907/3905/2755
f 3908/3907/2757 3907/3905/2755 3906/3906/2756
f 3906/3906/2756 3909/3908/3876 3908/3907/2757
f 3910/3909/2759 3908/3907/2757 3909/3908/3876
f 3911/3910/2760 3913/3911/2761 3912/3912/2762
f 3915/3913/3877 3912/3912/2762 3913/3911/2761
f 3913/3911/2761 3914/3914/3878 3915/3913/3877
f 3916/3915/3879 4107/3916/3880 3917/3917/2767
f 3917/3917/2767 3919/3918/3881 3918/3919/2769
f 3919/3918/3881 3917/3917/2767 4107/3916/3880
f 3919/3918/3881 3920/3920/2770 3918/3919/2769
f 3922/3921/2771 3924/3922/2772 3923/3923/3882
f 3923/3923/3882 3926/3924/3883 3925/3925/3884
f 3926/3924/3883 3923/3923/3882 3924/3922/2772
f 3927/3926/2776 3925/3925/3884 3926/3924/3883
f 3926/3924/3883 3928/3927/2777 3927/3926/2776
f 3929/3928/2778 3927/3926/2776 3928/3927/2777
f 3932/3929/3885 3933/3930/2780 3934/3931/2781
f 3935/3932/2782 3934/3931/2781 3933/3930/2780
f 3933/3930/2780 3936/3933/2783 3935/3932/2782
f 3935/3932/2782 3937/3934/3886 3938/3935/3887
f 3937/3934/3886 3935/3932/2782 3936/3933/2783
f 3939/3936/2786 3938/3935/3887 3937/3934/3886
f 3940/3937/3888 3942/3938/2788 3941/3939/2789
f 3944/3940/3889 3941/3939/2789 3942/3938/2788
f 3942/3938/2788 3943/3941/2791 3944/3940/3889
f 3944/3940/3889 3945/3942/2792 3946/3943/3890
f 3945/3942/2792 3944/3940/3889 3943/3941/2791
f 3947/3944/2794 3949/3945/2795 3948/3946/3891
f 3950/3947/2797 3948/3946/3891 3949/3945/2795
f 3951/3948/3892 3948/3946/3891 3950/3947/2797
f 3952/3949/3893 3954/3950/2800 3950/3947/2797
f 3955/3951/2801 3950/3947/2797 3954/3950/2800
f 3955/3951/2801 3953/3952/3894 3950/3947/2797
f 3954/3950/2800 3956/3953/2803 3955/3951/2801
f 3957/3954/3895 3955/3951/2801 3956/3953/2803
f 3955/3951/2801 3957/3954/3895 3958/3955/2805
f 3959/3956/2806 3958/3955/2805 3957/3954/3895
f 3957/3954/3895 3960/3957/3896 3959/3956/2806
f 3961/3958/2808 3959/3956/2806 3960/3957/3896
f 3962/3959/3897 3964/3960/2810 3963/3961/2811
f 3964/3960/2810 3965/3962/2812 3963/3961/2811
f 3966/3963/3898 3963/3961/2811 3965/3962/2812
f 3965/3962/2812 3967/3964/3899 3966/3963/3898
f 3968/3965/2815 3966/3963/3898 3967/3964/3899
f 3967/3964/3899 3969/3966/3900 3968/3965/2815
f 3968/3965/2815 3970/3967/3901 3971/3968/2818
f 3970/3967/3901 3968/3965/2815 3969/3966/3900
f 3973/3969/2819 3971/3968/2818 3970/3967/3901
f 3973/3969/2819 3970/3967/3901 3972/3970/2820
f 3972/3970/2820 3974/3971/2821 3973/3969/2819
f 3976/3972/2822 3973/3969/2819 3974/3971/2821
f 3974/3971/2821 3975/3973/3902 3976/3972/2822
f 3975/3973/3902 3977/3974/3903 3976/3972/2822
f 3979/3975/2825 3978/3976/2826 3976/3972/2822
f 3976/3972/2822 3980/3977/2827 3979/3975/2825
f 3980/3977/2827 3976/3972/2822 3977/3974/3903
f 3982/3978/2828 3984/3979/2829 3983/3980/2830
f 3984/3979/2829 3985/3981/2831 3983/3980/2830
f 3986/3982/3904 3983/3980/2830 3985/3981/2831
f 3985/3981/2831 3987/3983/2833 3986/3982/3904
f 3986/3982/3904 3988/3984/2834 3989/3985/3905
f 3988/3984/2834 3986/3982/3904 3987/3983/2833
f 3991/3986/3906 3989/3985/3905 3988/3984/2834
f 3988/3984/2834 3990/3987/3907 3991/3986/3906
f 3993/3988/3908 3991/3986/3906 3990/3987/3907
f 3990/3987/3907 3992/3989/2839 3993/3988/3908
f 3994/3990/3909 3995/3991/2841 3996/3992/2842
f 3995/3991/2841 3997/3993/2843 3996/3992/2842
f 3998/3994/2844 3996/3992/2842 3997/3993/2843
f 3997/3993/2843 3999/3995/3910 3998/3994/2844
f 4001/3996/2846 3998/3994/2844 3999/3995/3910
f 3999/3995/3910 4000/3997/2847 4001/3996/2846
f 4001/3996/2846 4000/3997/2847 4002/3998/2848
f 4004/3999/3911 4000/3997/2847 4003/4000/2850
f 4000/3997/2847 4004/3999/3911 4002/3998/2848
f 4004/3999/3911 4005/4001/2851 4006/4002/3912
f 4008/4003/2853 4006/4002/3912 4005/4001/2851
f 4005/4001/2851 4007/4004/2854 4008/4003/2853
f 4007/4004/2854 4009/4005/2855 4010/4006/3913
f 4010/4006/3913 4008/4003/2853 4007/4004/2854
f 4013/4007/2857 4010/4006/3913 4009/4005/2855
f 4009/4005/2855 4012/4008/2858 4013/4007/2857
f 4010/4006/3913 4013/4007/2857 4011/4009/2859
f 4014/4010/2860 4013/4007/2857 4012/4008/2858
f 4014/4010/2860 4015/4011/2861 4016/4012/2862
f 4015/4011/2861 4018/4013/2863 4016/4012/2862
f 4018/4013/2863 4017/4014/2864 4016/4012/2862
f 4018/4013/2863 4020/4015/2865 4019/4016/2866
f 4021/4017/2867 4019/4016/2866 4020/4015/2865
f 4020/4015/2865 4022/4018/2868 4021/4017/2867
f 4025/4019/2869 4021/4017/2867 4022/4018/2868
f 4022/4018/2868 4023/4020/2870 4025/4019/2869
f 4021/4017/2867 4025/4019/2869 4024/4021/2871
f 4026/4022/3914 4024/4021/2871 4025/4019/2869
f 4027/4023/2873 4026/4022/3914 4025/4019/2869
f 4025/4019/2869 4028/4024/2874 4027/4023/2873
f 4029/4025/3915 4027/4023/2873 4028/4024/2874
f 4030/4026/3916 4029/4025/3915 4028/4024/2874
f 4031/4027/2877 4033/4028/3917 4032/4029/3918
f 4032/4029/3918 4035/4030/3919 4034/4031/2881
f 4035/4030/3919 4032/4029/3918 4033/4028/3917
f 4036/4032/2882 4034/4031/2881 4035/4030/3919
f 4038/4033/2883 4035/4030/3919 4037/4034/2884
f 4039/4035/3920 4036/4032/2882 4035/4030/3919
f 4035/4030/3919 4038/4033/2883 4039/4035/3920
f 4040/4036/2886 4039/4035/3920 4038/4033/2883
f 4041/4037/2887 4040/4036/2886 4038/4033/2883
f 4038/4033/2883 4042/4038/2888 4041/4037/2887
f 4041/4037/2887 4043/4039/3921 4044/4040/3922
f 4043/4039/3921 4041/4037/2887 4042/4038/2888
f 4043/4039/3921 4045/4041/2891 4046/4042/2892
f 4046/4042/2892 4044/4040/3922 4043/4039/3921
f 4048/4043/3923 4046/4042/2892 4045/4041/2891
f 4045/4041/2891 4194/4044/3924 4048/4043/3923
f 4046/4042/2892 4048/4043/3923 4047/4045/3925
f 4049/4046/3926 4047/4045/3925 4048/4043/3923
f 4048/4043/3923 4050/4047/2897 4049/4046/3926
f 4051/4048/2898 4049/4046/3926 4050/4047/2897
f 4052/4049/3927 4199/4050/3928 4053/4051/2901
f 4052/4049/3927 4053/4051/2901 4054/4052/2902
f 4055/4053/3929 4054/4052/2902 4053/4051/2901
f 4053/4051/2901 4057/4054/2904 4055/4053/3929
f 4053/4051/2901 4056/4055/2905 4057/4054/2904
f 4058/4056/2906 4055/4053/3929 4057/4054/2904
f 4059/4057/2907 4058/4056/2906 4057/4054/2904
f 4061/4058/2908 4062/4059/2909 4063/4060/3930
f 4062/4059/2909 4064/4061/3931 4063/4060/3930
f 4063/4060/3930 4066/4062/3932 4065/4063/3933
f 4066/4062/3932 4063/4060/3930 4064/4061/3931
f 4067/4064/2914 4065/4063/3933 4066/4062/3932
f 4070/4065/3934 4066/4062/3932 4068/4066/3935
f 4068/4066/3935 4069/4067/3936 4070/4065/3934
f 4066/4062/3932 4070/4065/3934 4067/4064/2914
f 4989/4068/2918 4067/4064/2914 4070/4065/3934
f 4071/4069/2919 4989/4068/2918 4070/4065/3934
f 4070/4065/3934 4072/4070/2920 4071/4069/2919
f 4072/4070/2920 4073/4071/2921 4071/4069/2919
f 4074/4072/2922 4071/4069/2919 4073/4071/2921
f 4073/4071/2921 4075/4073/3937 4074/4072/2922
f 4076/4074/2924 4074/4072/2922 4075/4073/3937
f 4075/4073/3937 4077/4075/3938 4076/4074/2924
f 4078/4076/3939 4076/4074/2924 4077/4075/3938
f 4077/4075/3938 4079/4077/2927 4078/4076/3939
f 4078/4076/3939 4080/4078/3940 4081/4079/3941
f 4080/4078/3940 4078/4076/3939 4079/4077/2927
f 4079/4077/2927 4082/4080/3942 4080/4078/3940
f 4084/4081/3943 4080/4078/3940 4082/4080/3942
f 4080/4078/3940 4084/4081/3943 4083/4082/3944
f 3886/3886/3863 4085/4083/2933 3887/3887/2737
f 4085/4083/2933 3886/3886/3863 4086/4084/3945
f 3889/3889/3864 3887/3887/2737 4085/4083/2933
f 4085/4083/2933 4087/4085/3946 3889/3889/3864
f 3890/3890/2740 3889/3889/3864 4087/4085/3946
f 4087/4085/3946 4088/4086/3947 3890/3890/2740
f 3892/3892/3865 3890/3890/2740 4088/4086/3947
f 4088/4086/3947 4089/4087/2937 3892/3892/3865
f 3894/3894/3866 3892/3892/3865 4089/4087/2937
f 3894/3894/3866 4090/4088/2938 3895/3895/3867
f 4091/4089/3948 3895/3895/3867 4090/4088/2938
f 3896/3896/3868 3895/3895/3867 4091/4089/3948
f 3897/4090/2940 3896/3896/3868 4091/4089/3948
f 4091/4089/3948 4092/4091/2941 3897/4090/2940
f 3898/3897/2747 3897/4090/2940 4092/4091/2941
f 4092/4091/2941 4093/4092/2942 3898/3897/2747
f 3900/3898/3869 3898/3897/2747 4093/4092/2942
f 4093/4092/2942 4094/4093/2943 3900/3898/3869
f 4095/4094/3949 3900/3898/3869 4094/4093/2943
f 3900/3898/3869 4095/4094/3949 3901/3901/3872
f 4095/4094/3949 4096/4095/3950 3901/3901/3872
f 3901/3901/3872 4096/4095/3950 3903/3900/3871
f 4096/4095/3950 4097/4096/3951 3903/3900/3871
f 3904/3904/3875 3903/3900/3871 4097/4096/3951
f 3904/3904/3875 4097/4096/3951 4098/4097/3952
f 3906/3906/2756 3904/3904/3875 4098/4097/3952
f 4098/4097/3952 4099/4098/3953 3906/3906/2756
f 3909/3908/3876 3906/3906/2756 4099/4098/3953
f 4099/4098/3953 4100/4099/3954 3909/3908/3876
f 3910/3909/2759 3909/3908/3876 4100/4099/3954
f 4100/4099/3954 4101/4100/3955 3910/3909/2759
f 4102/4101/3956 3910/3909/2759 4101/4100/3955
f 3910/3909/2759 4102/4101/3956 3911/3910/2760
f 3913/3911/2761 3911/3910/2760 4102/4101/3956
f 4102/4101/3956 4103/4102/3957 3913/3911/2761
f 3913/3911/2761 4104/4103/3958 3914/3914/3878
f 4104/4103/3958 3913/3911/2761 4103/4102/3957
f 4104/4103/3958 4105/4104/2954 3916/3915/3879
f 3916/3915/3879 3914/3914/3878 4104/4103/3958
f 4106/4105/2955 3916/3915/3879 4105/4104/2954
f 4107/3916/3880 3916/3915/3879 4106/4105/2955
f 4107/3916/3880 4108/4106/3959 3919/3918/3881
f 3920/3920/2770 3919/3918/3881 4108/4106/3959
f 4108/4106/3959 4109/4107/3960 3920/3920/2770
f 4110/4108/3961 3920/3920/2770 4109/4107/3960
f 3921/4109/2959 3920/3920/2770 4110/4108/3961
f 4110/4108/3961 4111/4110/3962 3921/4109/2959
f 4111/4110/3962 4235/4111/2961 3922/3921/2771
f 3922/3921/2771 3921/4109/2959 4111/4110/3962
f 3924/3922/2772 3922/3921/2771 4235/4111/2961
f 4235/4111/2961 4112/4112/3963 3924/3922/2772
f 3924/3922/2772 4113/4113/3964 3926/3924/3883
f 4113/4113/3964 3924/3922/2772 4112/4112/3963
f 3928/3927/2777 3926/3924/3883 4113/4113/3964
f 4113/4113/3964 4114/4114/3965 3928/3927/2777
f 4115/4115/2965 3928/3927/2777 4114/4114/3965
f 3929/3928/2778 3928/3927/2777 4115/4115/2965
f 4115/4115/2965 4116/4116/2966 3929/3928/2778
f 3930/4117/2967 3929/3928/2778 4116/4116/2966
f 4116/4116/2966 4117/4118/2968 3930/4117/2967
f 4117/4118/2968 4241/4119/2969 3931/4120/2970
f 3931/4120/2970 3930/4117/2967 4117/4118/2968
f 3931/4120/2970 4118/4121/2971 3932/3929/3885
f 4118/4121/2971 3931/4120/2970 4241/4119/2969
f 4118/4121/2971 4119/4122/2972 3933/3930/2780
f 3933/3930/2780 3932/3929/3885 4118/4121/2971
f 4119/4122/2972 4120/4123/3966 3936/3933/2783
f 3936/3933/2783 3933/3930/2780 4119/4122/2972
f 3936/3933/2783 4121/4124/2974 3937/3934/3886
f 4121/4124/2974 3936/3933/2783 4120/4123/3966
f 3939/3936/2786 3937/3934/3886 4121/4124/2974
f 3939/3936/2786 4121/4124/2974 4122/4125/2975
f 4123/4126/2976 3939/3936/2786 4122/4125/2975
f 3939/3936/2786 4123/4126/2976 3940/3937/3888
f 3942/3938/2788 3940/3937/3888 4123/4126/2976
f 4123/4126/2976 4124/4127/2977 3942/3938/2788
f 3943/3941/2791 3942/3938/2788 4124/4127/2977
f 4124/4127/2977 4125/4128/2978 3943/3941/2791
f 4126/4129/3967 3943/3941/2791 4125/4128/2978
f 3945/3942/2792 3943/3941/2791 4126/4129/3967
f 4126/4129/3967 4127/4130/3968 3945/3942/2792
f 4127/4130/3968 4128/4131/2981 3945/3942/2792
f 3947/3944/2794 3945/3942/2792 4128/4131/2981
f 4128/4131/2981 4129/4132/2982 3947/3944/2794
f 3949/3945/2795 3947/3944/2794 4129/4132/2982
f 4129/4132/2982 4130/4133/3969 3949/3945/2795
f 4130/4133/3969 4131/4134/3970 3949/3945/2795
f 3949/3945/2795 4132/4135/3971 3950/3947/2797
f 4132/4135/3971 3949/3945/2795 4131/4134/3970
f 3952/3949/3893 3950/3947/2797 4132/4135/3971
f 3952/3949/3893 4133/4136/2986 3954/3950/2800
f 4133/4136/2986 4134/4137/2987 3954/3950/2800
f 3956/3953/2803 3954/3950/2800 4134/4137/2987
f 3957/3954/3895 3956/3953/2803 4134/4137/2987
f 4134/4137/2987 4135/4138/3972 3957/3954/3895
f 3957/3954/3895 4136/4139/2989 3960/3957/3896
f 4136/4139/2989 3957/3954/3895 4135/4138/3972
f 4136/4139/2989 4137/4140/2990 3960/3957/3896
f 3960/3957/3896 4138/4141/2991 3961/3958/2808
f 4138/4141/2991 3960/3957/3896 4137/4140/2990
f 4138/4141/2991 4261/4142/2992 3962/3959/3897
f 3962/3959/3897 3961/3958/2808 4138/4141/2991
f 3964/3960/2810 3962/3959/3897 4261/4142/2992
f 4261/4142/2992 4139/4143/2993 3964/3960/2810
f 3965/3962/2812 3964/3960/2810 4139/4143/2993
f 4139/4143/2993 4140/4144/2994 3965/3962/2812
f 3967/3964/3899 3965/3962/2812 4140/4144/2994
f 4140/4144/2994 4141/4145/3973 3967/3964/3899
f 3969/3966/3900 3967/3964/3899 4141/4145/3973
f 4141/4145/3973 4142/4146/3974 3969/3966/3900
f 3970/3967/3901 3969/3966/3900 4142/4146/3974
f 4142/4146/3974 4143/4147/2997 3970/3967/3901
f 3972/3970/2820 3970/3967/3901 4143/4147/2997
f 4143/4147/2997 4144/4148/3975 3972/3970/2820
f 3974/3971/2821 3972/3970/2820 4144/4148/3975
f 4144/4148/3975 4145/4149/2999 3974/3971/2821
f 3975/3973/3902 3974/3971/2821 4145/4149/2999
f 3977/3974/3903 3975/3973/3902 4267/4150/3976
f 4267/4150/3976 4146/4151/3001 3977/3974/3903
f 4146/4151/3001 4147/4152/3002 3977/3974/3903
f 4148/4153/3977 3977/3974/3903 4147/4152/3002
f 3980/3977/2827 3977/3974/3903 4148/4153/3977
f 4148/4153/3977 4149/4154/3004 3980/3977/2827
f 3981/4155/3005 3980/3977/2827 4149/4154/3004
f 4149/4154/3004 4150/4156/3006 3981/4155/3005
f 4150/4156/3006 4151/4157/3978 3982/3978/2828
f 3982/3978/2828 3981/4155/3005 4150/4156/3006
f 3984/3979/2829 3982/3978/2828 4151/4157/3978
f 4151/4157/3978 4152/4158/3979 3984/3979/2829
f 3985/3981/2831 3984/3979/2829 4152/4158/3979
f 4152/4158/3979 4153/4159/3980 3985/3981/2831
f 4153/4159/3980 4154/4160/3981 3985/3981/2831
f 3987/3983/2833 3985/3981/2831 4154/4160/3981
f 3987/3983/2833 4155/4161/3982 3988/3984/2834
f 4155/4161/3982 3987/3983/2833 4154/4160/3981
f 3990/3987/3907 3988/3984/2834 4155/4161/3982
f 4155/4161/3982 4156/4162/3983 3990/3987/3907
f 4156/4162/3983 4157/4163/3984 3990/3987/3907
f 3992/3989/2839 3990/3987/3907 4157/4163/3984
f 4157/4163/3984 4158/4164/3985 3992/3989/2839
f 4158/4164/3985 4159/4165/3016 3992/3989/2839
f 3994/3990/3909 3992/3989/2839 4159/4165/3016
f 4159/4165/3016 4160/4166/3017 3994/3990/3909
f 3995/3991/2841 3994/3990/3909 4160/4166/3017
f 4160/4166/3017 4282/4167/3986 3995/3991/2841
f 3997/3993/2843 3995/3991/2841 4282/4167/3986
f 4282/4167/3986 4161/4168/3019 3997/3993/2843
f 4162/4169/3987 3997/3993/2843 4161/4168/3019
f 3999/3995/3910 3997/3993/2843 4162/4169/3987
f 4000/3997/2847 3999/3995/3910 4162/4169/3987
f 4162/4169/3987 4163/4170/3988 4000/3997/2847
f 4003/4000/2850 4000/3997/2847 4163/4170/3988
f 4163/4170/3988 4164/4171/3022 4003/4000/2850
f 4165/4172/3023 4003/4000/2850 4164/4171/3022
f 4003/4000/2850 4165/4172/3023 4004/3999/3911
f 4165/4172/3023 4166/4173/3024 4005/4001/2851
f 4005/4001/2851 4004/3999/3911 4165/4172/3023
f 4007/4004/2854 4005/4001/2851 4166/4173/3024
f 4166/4173/3024 4167/4174/3025 4007/4004/2854
f 4009/4005/2855 4007/4004/2854 4167/4174/3025
f 4167/4174/3025 4168/4175/3989 4009/4005/2855
f 4012/4008/2858 4009/4005/2855 4168/4175/3989
f 4168/4175/3989 4169/4176/3990 4012/4008/2858
f 4169/4176/3990 4170/4177/3028 4012/4008/2858
f 4012/4008/2858 4171/4178/3029 4014/4010/2860
f 4171/4178/3029 4012/4008/2858 4170/4177/3028
f 4015/4011/2861 4014/4010/2860 4171/4178/3029
f 4015/4011/2861 4172/4179/3030 4018/4013/2863
f 4173/4180/3991 4018/4013/2863 4172/4179/3030
f 4173/4180/3991 4020/4015/2865 4018/4013/2863
f 4173/4180/3991 4174/4181/3032 4020/4015/2865
f 4022/4018/2868 4020/4015/2865 4174/4181/3032
f 4174/4181/3032 4175/4182/3033 4022/4018/2868
f 4175/4182/3033 4176/4183/3992 4022/4018/2868
f 4023/4020/2870 4022/4018/2868 4176/4183/3992
f 4025/4019/2869 4023/4020/2870 4176/4183/3992
f 4176/4183/3992 4177/4184/3035 4025/4019/2869
f 4178/4185/3036 4025/4019/2869 4177/4184/3035
f 4178/4185/3036 4179/4186/3993 4025/4019/2869
f 4028/4024/2874 4025/4019/2869 4179/4186/3993
f 4179/4186/3993 4180/4187/3994 4028/4024/2874
f 4181/4188/3995 4028/4024/2874 4180/4187/3994
f 4030/4026/3916 4028/4024/2874 4181/4188/3995
f 4181/4188/3995 4182/4189/3040 4030/4026/3916
f 4031/4027/2877 4030/4026/3916 4182/4189/3040
f 4182/4189/3040 4183/4190/3041 4031/4027/2877
f 4033/4028/3917 4031/4027/2877 4183/4190/3041
f 4183/4190/3041 4184/4191/3042 4033/4028/3917
f 4184/4191/3042 4185/4192/3996 4033/4028/3917
f 4186/4193/3044 4033/4028/3917 4185/4192/3996
f 4035/4030/3919 4033/4028/3917 4186/4193/3044
f 4037/4034/2884 4035/4030/3919 4186/4193/3044
f 4037/4034/2884 4187/4194/3045 4038/4033/2883
f 4187/4194/3045 4188/4195/3997 4038/4033/2883
f 4188/4195/3997 4187/4194/3045 4304/4196/3998
f 4042/4038/2888 4038/4033/2883 4188/4195/3997
f 4042/4038/2888 4188/4195/3997 4189/4197/3999
f 4190/4198/3049 4042/4038/2888 4189/4197/3999
f 4043/4039/3921 4042/4038/2888 4190/4198/3049
f 4190/4198/3049 4191/4199/4000 4043/4039/3921
f 4045/4041/2891 4043/4039/3921 4191/4199/4000
f 4191/4199/4000 4192/4200/4001 4045/4041/2891
f 4192/4200/4001 4193/4201/3052 4045/4041/2891
f 4194/4044/3924 4045/4041/2891 4193/4201/3052
f 4194/4044/3924 4195/4202/4002 4048/4043/3923
f 4050/4047/2897 4048/4043/3923 4195/4202/4002
f 4195/4202/4002 4196/4203/4003 4050/4047/2897
f 4051/4048/2898 4050/4047/2897 4196/4203/4003
f 4196/4203/4003 4197/4204/4004 4051/4048/2898
f 4052/4049/3927 4051/4048/2898 4197/4204/4004
f 4197/4204/4004 4198/4205/3056 4052/4049/3927
f 4199/4050/3928 4052/4049/3927 4198/4205/3056
f 4199/4050/3928 4200/4206/3057 4053/4051/2901
f 4056/4055/2905 4053/4051/2901 4200/4206/3057
f 4200/4206/3057 4316/4207/4005 4056/4055/2905
f 4059/4057/2907 4057/4054/2904 4056/4055/2905
f 4056/4055/2905 4201/4208/3059 4059/4057/2907
f 4201/4208/3059 4318/4209/3060 4060/4210/3061
f 4060/4210/3061 4059/4057/2907 4201/4208/3059
f 4061/4058/2908 4060/4210/3061 4318/4209/3060
f 4318/4209/3060 4202/4211/3062 4061/4058/2908
f 4062/4059/2909 4061/4058/2908 4202/4211/3062
f 4202/4211/3062 4319/4212/3063 4062/4059/2909
f 4064/4061/3931 4062/4059/2909 4319/4212/3063
f 4319/4212/3063 4203/4213/3064 4064/4061/3931
f 4066/4062/3932 4064/4061/3931 4203/4213/3064
f 4203/4213/3064 4204/4214/4006 4066/4062/3932
f 4068/4066/3935 4066/4062/3932 4204/4214/4006
f 4068/4066/3935 4205/4215/3066 4069/4067/3936
f 4069/4067/3936 4206/4216/4007 4070/4065/3934
f 4072/4070/2920 4070/4065/3934 4206/4216/4007
f 4206/4216/4007 4207/4217/4008 4072/4070/2920
f 4207/4217/4008 4208/4218/4009 4073/4071/2921
f 4073/4071/2921 4072/4070/2920 4207/4217/4008
f 4208/4218/4009 4209/4219/4010 4073/4071/2921
f 4075/4073/3937 4073/4071/2921 4209/4219/4010
f 4209/4219/4010 4210/4220/4011 4075/4073/3937
f 4077/4075/3938 4075/4073/3937 4210/4220/4011
f 4210/4220/4011 4211/4221/3072 4077/4075/3938
f 4079/4077/2927 4077/4075/3938 4211/4221/3072
f 4212/4222/4012 4213/4223/3074 4079/4077/2927
f 4214/4224/3075 4079/4077/2927 4213/4223/3074
f 4079/4077/2927 4214/4224/3075 4082/4080/3942
f 4214/4224/3075 4215/4225/4013 4082/4080/3942
f 4216/4226/4014 4082/4080/3942 4215/4225/4013
f 4082/4080/3942 4216/4226/4014 4084/4081/3943
f 4086/4084/3945 4217/4227/4015 4085/4083/2933
f 4087/4085/3946 4085/4083/2933 4217/4227/4015
f 4217/4227/4015 4218/4228/4016 4087/4085/3946
f 4088/4086/3947 4087/4085/3946 4218/4228/4016
f 4218/4228/4016 4219/4229/4017 4088/4086/3947
f 4089/4087/2937 4088/4086/3947 4219/4229/4017
f 4219/4229/4017 4220/4230/4018 4089/4087/2937
f 4221/4231/4019 4089/4087/2937 4220/4230/4018
f 3894/3894/3866 4089/4087/2937 4221/4231/4019
f 4221/4231/4019 4222/4232/3083 4090/4088/2938
f 4090/4088/2938 3894/3894/3866 4221/4231/4019
f 4223/4233/3084 4090/4088/2938 4222/4232/3083
f 4090/4088/2938 4223/4233/3084 4091/4089/3948
f 4092/4091/2941 4091/4089/3948 4223/4233/3084
f 4093/4092/2942 4224/4234/3085 4094/4093/2943
f 4095/4094/3949 4094/4093/2943 4224/4234/3085
f 4224/4234/3085 4225/4235/4020 4095/4094/3949
f 4096/4095/3950 4095/4094/3949 4225/4235/4020
f 4225/4235/4020 4340/4236/4021 4096/4095/3950
f 4226/4237/4022 4096/4095/3950 4340/4236/4021
f 4097/4096/3951 4096/4095/3950 4226/4237/4022
f 4226/4237/4022 4227/4238/4023 4098/4097/3952
f 4098/4097/3952 4097/4096/3951 4226/4237/4022
f 4099/4098/3953 4098/4097/3952 4227/4238/4023
f 4227/4238/4023 4228/4239/4024 4099/4098/3953
f 4100/4099/3954 4099/4098/3953 4228/4239/4024
f 4228/4239/4024 4344/4240/3091 4100/4099/3954
f 4101/4100/3955 4100/4099/3954 4344/4240/3091
f 4102/4101/3956 4229/4241/3092 4103/4102/3957
f 4230/4242/4025 4103/4102/3957 4229/4241/3092
f 4104/4103/3958 4103/4102/3957 4230/4242/4025
f 4230/4242/4025 4349/4243/3094 4105/4104/2954
f 4105/4104/2954 4104/4103/3958 4230/4242/4025
f 4105/4104/2954 4231/4244/3095 4106/4105/2955
f 4231/4244/3095 4105/4104/2954 4349/4243/3094
f 4107/3916/3880 4106/4105/2955 4231/4244/3095
f 4231/4244/3095 4232/4245/4026 4107/3916/3880
f 4108/4106/3959 4107/3916/3880 4232/4245/4026
f 4232/4245/4026 4233/4246/3097 4108/4106/3959
f 4109/4107/3960 4108/4106/3959 4233/4246/3097
f 4109/4107/3960 4234/4247/3098 4110/4108/3961
f 4111/4110/3962 4110/4108/3961 4234/4247/3098
f 4235/4111/2961 4236/4248/4027 4112/4112/3963
f 4236/4248/4027 4237/4249/3100 4112/4112/3963
f 4112/4112/3963 4237/4249/3100 4113/4113/3964
f 4237/4249/3100 4238/4250/3101 4113/4113/3964
f 4114/4114/3965 4113/4113/3964 4238/4250/3101
f 4114/4114/3965 4239/4251/3102 4115/4115/2965
f 4116/4116/2966 4115/4115/2965 4239/4251/3102
f 4239/4251/3102 4240/4252/3103 4116/4116/2966
f 4117/4118/2968 4116/4116/2966 4240/4252/3103
f 4118/4121/2971 4242/4253/4028 4119/4122/2972
f 4242/4253/4028 4243/4254/3105 4120/4123/3966
f 4120/4123/3966 4119/4122/2972 4242/4253/4028
f 4120/4123/3966 4244/4255/4029 4121/4124/2974
f 4244/4255/4029 4120/4123/3966 4243/4254/3105
f 4122/4125/2975 4121/4124/2974 4244/4255/4029
f 4244/4255/4029 4366/4256/4030 4122/4125/2975
f 4245/4257/3108 4122/4125/2975 4366/4256/4030
f 4122/4125/2975 4245/4257/3108 4123/4126/2976
f 4124/4127/2977 4123/4126/2976 4245/4257/3108
f 4245/4257/3108 4246/4258/3109 4124/4127/2977
f 4125/4128/2978 4124/4127/2977 4246/4258/3109
f 4246/4258/3109 4247/4259/3110 4125/4128/2978
f 4126/4129/3967 4125/4128/2978 4247/4259/3110
f 4247/4259/3110 4248/4260/3111 4126/4129/3967
f 4127/4130/3968 4126/4129/3967 4248/4260/3111
f 4249/4261/3112 4127/4130/3968 4248/4260/3111
f 4128/4131/2981 4127/4130/3968 4249/4261/3112
f 4249/4261/3112 4250/4262/3113 4128/4131/2981
f 4129/4132/2982 4128/4131/2981 4250/4262/3113
f 4250/4262/3113 4251/4263/3114 4129/4132/2982
f 4130/4133/3969 4129/4132/2982 4251/4263/3114
f 4251/4263/3114 4252/4264/4031 4130/4133/3969
f 4131/4134/3970 4130/4133/3969 4252/4264/4031
f 4252/4264/4031 4253/4265/4032 4131/4134/3970
f 4131/4134/3970 4254/4266/3117 4132/4135/3971
f 4254/4266/3117 4131/4134/3970 4253/4265/4032
f 3952/3949/3893 4132/4135/3971 4254/4266/3117
f 4254/4266/3117 4255/4267/3118 3952/3949/3893
f 4133/4136/2986 3952/3949/3893 4255/4267/3118
f 4255/4267/3118 4256/4268/4033 4133/4136/2986
f 4134/4137/2987 4133/4136/2986 4256/4268/4033
f 4256/4268/4033 4257/4269/4034 4134/4137/2987
f 4135/4138/3972 4134/4137/2987 4257/4269/4034
f 4257/4269/4034 4258/4270/3121 4135/4138/3972
f 4135/4138/3972 4259/4271/4035 4136/4139/2989
f 4259/4271/4035 4135/4138/3972 4258/4270/3121
f 4259/4271/4035 4260/4272/3123 4137/4140/2990
f 4137/4140/2990 4136/4139/2989 4259/4271/4035
f 4138/4141/2991 4137/4140/2990 4260/4272/3123
f 4139/4143/2993 4262/4273/4036 4140/4144/2994
f 4141/4145/3973 4140/4144/2994 4262/4273/4036
f 4262/4273/4036 4263/4274/4037 4141/4145/3973
f 4263/4274/4037 4378/4275/3126 4141/4145/3973
f 4142/4146/3974 4141/4145/3973 4378/4275/3126
f 4378/4275/3126 4264/4276/4038 4142/4146/3974
f 4143/4147/2997 4142/4146/3974 4264/4276/4038
f 4143/4147/2997 4265/4277/3128 4144/4148/3975
f 4145/4149/2999 4144/4148/3975 4265/4277/3128
f 4265/4277/3128 4266/4278/4039 4145/4149/2999
f 4267/4150/3976 4145/4149/2999 4266/4278/4039
f 4145/4149/2999 4267/4150/3976 3975/3973/3902
f 4146/4151/3001 4267/4150/3976 4268/4279/4040
f 4268/4279/4040 4383/4280/3131 4146/4151/3001
f 4147/4152/3002 4146/4151/3001 4383/4280/3131
f 4383/4280/3131 4269/4281/4041 4147/4152/3002
f 4147/4152/3002 4270/4282/3133 4148/4153/3977
f 4270/4282/3133 4147/4152/3002 4269/4281/4041
f 4149/4154/3004 4148/4153/3977 4270/4282/3133
f 4270/4282/3133 4271/4283/4042 4149/4154/3004
f 4150/4156/3006 4149/4154/3004 4271/4283/4042
f 4271/4283/4042 4272/4284/3135 4150/4156/3006
f 4272/4284/3135 4273/4285/3136 4151/4157/3978
f 4151/4157/3978 4150/4156/3006 4272/4284/3135
f 4152/4158/3979 4151/4157/3978 4273/4285/3136
f 4273/4285/3136 4274/4286/3137 4152/4158/3979
f 4153/4159/3980 4152/4158/3979 4274/4286/3137
f 4274/4286/3137 4275/4287/4043 4153/4159/3980
f 4153/4159/3980 4276/4288/3139 4154/4160/3981
f 4154/4160/3981 4277/4289/4044 4155/4161/3982
f 4277/4289/4044 4154/4160/3981 4276/4288/3139
f 4156/4162/3983 4155/4161/3982 4277/4289/4044
f 4277/4289/4044 4278/4290/4045 4156/4162/3983
f 4157/4163/3984 4156/4162/3983 4278/4290/4045
f 4278/4290/4045 4279/4291/4046 4157/4163/3984
f 4158/4164/3985 4157/4163/3984 4279/4291/4046
f 4279/4291/4046 4280/4292/4047 4158/4164/3985
f 4159/4165/3016 4158/4164/3985 4280/4292/4047
f 4280/4292/4047 4281/4293/4048 4159/4165/3016
f 4160/4166/3017 4159/4165/3016 4281/4293/4048
f 4282/4167/3986 4283/4294/4049 4161/4168/3019
f 4161/4168/3019 4283/4294/4049 4162/4169/3987
f 4283/4294/4049 4397/4295/4050 4162/4169/3987
f 4163/4170/3988 4162/4169/3987 4397/4295/4050
f 4397/4295/4050 4284/4296/4051 4163/4170/3988
f 4164/4171/3022 4163/4170/3988 4284/4296/4051
f 4284/4296/4051 4285/4297/3148 4164/4171/3022
f 4286/4298/4052 4164/4171/3022 4285/4297/3148
f 4164/4171/3022 4286/4298/4052 4165/4172/3023
f 4286/4298/4052 4287/4299/3150 4166/4173/3024
f 4166/4173/3024 4165/4172/3023 4286/4298/4052
f 4167/4174/3025 4166/4173/3024 4287/4299/3150
f 4287/4299/3150 4288/4300/3151 4167/4174/3025
f 4168/4175/3989 4167/4174/3025 4288/4300/3151
f 4288/4300/3151 4289/4301/4053 4168/4175/3989
f 4169/4176/3990 4168/4175/3989 4289/4301/4053
f 4171/4178/3029 4172/4179/3030 4015/4011/2861
f 4290/4302/3153 4172/4179/3030 4406/4303/3154
f 4172/4179/3030 4290/4302/3153 4173/4180/3991
f 4174/4181/3032 4173/4180/3991 4290/4302/3153
f 4174/4181/3032 4291/4304/4054 4175/4182/3033
f 4176/4183/3992 4175/4182/3033 4291/4304/4054
f 4291/4304/4054 4292/4305/4055 4176/4183/3992
f 4177/4184/3035 4176/4183/3992 4292/4305/4055
f 4177/4184/3035 4293/4306/4056 4178/4185/3036
f 4179/4186/3993 4178/4185/3036 4293/4306/4056
f 4293/4306/4056 4294/4307/4057 4179/4186/3993
f 4180/4187/3994 4179/4186/3993 4294/4307/4057
f 4294/4307/4057 4295/4308/3159 4180/4187/3994
f 4180/4187/3994 4296/4309/4058 4181/4188/3995
f 4296/4309/4058 4180/4187/3994 4295/4308/3159
f 4182/4189/3040 4181/4188/3995 4296/4309/4058
f 4296/4309/4058 4297/4310/4059 4182/4189/3040
f 4183/4190/3041 4182/4189/3040 4297/4310/4059
f 4297/4310/4059 4298/4311/4060 4183/4190/3041
f 4184/4191/3042 4183/4190/3041 4298/4311/4060
f 4298/4311/4060 4299/4312/3163 4184/4191/3042
f 4185/4192/3996 4184/4191/3042 4299/4312/3163
f 4299/4312/3163 4300/4313/3164 4185/4192/3996
f 4185/4192/3996 4301/4314/4061 4186/4193/3044
f 4186/4193/3044 4302/4315/4062 4037/4034/2884
f 4302/4315/4062 4186/4193/3044 4301/4314/4061
f 4187/4194/3045 4037/4034/2884 4302/4315/4062
f 4302/4315/4062 4303/4316/3167 4187/4194/3045
f 4304/4196/3998 4187/4194/3045 4303/4316/3167
f 4304/4196/3998 4305/4317/3168 4188/4195/3997
f 4189/4197/3999 4188/4195/3997 4305/4317/3168
f 4189/4197/3999 4306/4318/3169 4190/4198/3049
f 4191/4199/4000 4190/4198/3049 4306/4318/3169
f 4306/4318/3169 4307/4319/3170 4191/4199/4000
f 4192/4200/4001 4191/4199/4000 4307/4319/3170
f 4307/4319/3170 4308/4320/3171 4192/4200/4001
f 4193/4201/3052 4192/4200/4001 4308/4320/3171
f 4308/4320/3171 4309/4321/4063 4193/4201/3052
f 4310/4322/3173 4193/4201/3052 4309/4321/4063
f 4193/4201/3052 4310/4322/3173 4194/4044/3924
f 4195/4202/4002 4194/4044/3924 4310/4322/3173
f 4310/4322/3173 4311/4323/3174 4195/4202/4002
f 4196/4203/4003 4195/4202/4002 4311/4323/3174
f 4311/4323/3174 4312/4324/4064 4196/4203/4003
f 4197/4204/4004 4196/4203/4003 4312/4324/4064
f 4312/4324/4064 4313/4325/3176 4197/4204/4004
f 4198/4205/3056 4197/4204/4004 4313/4325/3176
f 4313/4325/3176 4314/4326/4065 4198/4205/3056
f 4199/4050/3928 4198/4205/3056 4314/4326/4065
f 4314/4326/4065 4315/4327/4066 4199/4050/3928
f 4200/4206/3057 4199/4050/3928 4315/4327/4066
f 4315/4327/4066 4316/4207/4005 4200/4206/3057
f 4316/4207/4005 4317/4328/3179 4056/4055/2905
f 4201/4208/3059 4056/4055/2905 4317/4328/3179
f 4319/4212/3063 4320/4329/3180 4203/4213/3064
f 4204/4214/4006 4203/4213/3064 4320/4329/3180
f 4320/4329/3180 4321/4330/4067 4204/4214/4006
f 4204/4214/4006 4322/4331/3182 4068/4066/3935
f 4322/4331/3182 4204/4214/4006 4321/4330/4067
f 4205/4215/3066 4068/4066/3935 4322/4331/3182
f 4205/4215/3066 4323/4332/4068 4069/4067/3936
f 4206/4216/4007 4069/4067/3936 4323/4332/4068
f 4207/4217/4008 4206/4216/4007 4323/4332/4068
f 4323/4332/4068 4324/4333/3184 4207/4217/4008
f 4208/4218/4009 4207/4217/4008 4324/4333/3184
f 4209/4219/4010 4208/4218/4009 4325/4334/3185
f 4210/4220/4011 4209/4219/4010 4325/4334/3185
f 4325/4334/3185 4326/4335/3186 4210/4220/4011
f 4211/4221/3072 4210/4220/4011 4326/4335/3186
f 4326/4335/3186 4327/4336/4069 4211/4221/3072
f 4211/4221/3072 4327/4336/4069 4079/4077/2927
f 4327/4336/4069 4328/4337/4070 4212/4222/4012
f 4212/4222/4012 4079/4077/2927 4327/4336/4069
f 4213/4223/3074 4212/4222/4012 4328/4337/4070
f 4328/4337/4070 4329/4338/4071 4213/4223/3074
f 4330/4339/3190 4213/4223/3074 4329/4338/4071
f 4213/4223/3074 4330/4339/3190 4214/4224/3075
f 4330/4339/3190 4331/4340/3191 4214/4224/3075
f 4215/4225/4013 4214/4224/3075 4331/4340/3191
f 4216/4226/4014 4215/4225/4013 4331/4340/3191
f 4086/4084/3945 4332/4341/3192 4217/4227/4015
f 4332/4341/3192 4086/4084/3945 4333/4342/3193
f 4218/4228/4016 4217/4227/4015 4332/4341/3192
f 4332/4341/3192 4334/4343/4072 4218/4228/4016
f 4219/4229/4017 4218/4228/4016 4334/4343/4072
f 4334/4343/4072 4445/4344/3195 4219/4229/4017
f 4220/4230/4018 4219/4229/4017 4445/4344/3195
f 4335/4345/4073 4220/4230/4018 4445/4344/3195
f 4220/4230/4018 4335/4345/4073 4221/4231/4019
f 4335/4345/4073 4447/4346/4074 4222/4232/3083
f 4222/4232/3083 4221/4231/4019 4335/4345/4073
f 4447/4346/4074 4336/4347/4075 4222/4232/3083
f 4222/4232/3083 4336/4347/4075 4223/4233/3084
f 4092/4091/2941 4223/4233/3084 4336/4347/4075
f 4336/4347/4075 4337/4348/3199 4092/4091/2941
f 4093/4092/2942 4092/4091/2941 4337/4348/3199
f 4337/4348/3199 4338/4349/3200 4093/4092/2942
f 4224/4234/3085 4093/4092/2942 4338/4349/3200
f 4338/4349/3200 4339/4350/3201 4224/4234/3085
f 4225/4235/4020 4224/4234/3085 4339/4350/3201
f 4339/4350/3201 4340/4236/4021 4225/4235/4020
f 4340/4236/4021 4341/4351/4076 4226/4237/4022
f 4341/4351/4076 4342/4352/3203 4227/4238/4023
f 4227/4238/4023 4226/4237/4022 4341/4351/4076
f 4228/4239/4024 4227/4238/4023 4342/4352/3203
f 4342/4352/3203 4343/4353/4077 4228/4239/4024
f 4343/4353/4077 4344/4240/3091 4228/4239/4024
f 4344/4240/3091 4345/4354/4078 4101/4100/3955
f 4346/4355/3206 4101/4100/3955 4345/4354/4078
f 4101/4100/3955 4346/4355/3206 4102/4101/3956
f 4229/4241/3092 4102/4101/3956 4346/4355/3206
f 4346/4355/3206 4347/4356/3207 4229/4241/3092
f 4348/4357/3208 4229/4241/3092 4347/4356/3207
f 4229/4241/3092 4348/4357/3208 4230/4242/4025
f 4349/4243/3094 4230/4242/4025 4348/4357/3208
f 4349/4243/3094 4350/4358/3209 4231/4244/3095
f 4232/4245/4026 4231/4244/3095 4350/4358/3209
f 4350/4358/3209 4351/4359/3210 4232/4245/4026
f 4351/4359/3210 4352/4360/3211 4232/4245/4026
f 4233/4246/3097 4232/4245/4026 4352/4360/3211
f 4109/4107/3960 4233/4246/3097 4352/4360/3211
f 4352/4360/3211 4353/4361/4079 4109/4107/3960
f 4234/4247/3098 4109/4107/3960 4353/4361/4079
f 4111/4110/3962 4234/4247/3098 4353/4361/4079
f 4353/4361/4079 4354/4362/3213 4111/4110/3962
f 4354/4362/3213 4355/4363/4080 4235/4111/2961
f 4235/4111/2961 4111/4110/3962 4354/4362/3213
f 4236/4248/4027 4235/4111/2961 4355/4363/4080
f 4355/4363/4080 4356/4364/4081 4236/4248/4027
f 4237/4249/3100 4236/4248/4027 4356/4364/4081
f 4356/4364/4081 4357/4365/4082 4237/4249/3100
f 4238/4250/3101 4237/4249/3100 4357/4365/4082
f 4238/4250/3101 4358/4366/3217 4114/4114/3965
f 4358/4366/3217 4238/4250/3101 4357/4365/4082
f 4239/4251/3102 4114/4114/3965 4358/4366/3217
f 4240/4252/3103 4239/4251/3102 4358/4366/3217
f 4358/4366/3217 4359/4367/4083 4240/4252/3103
f 4117/4118/2968 4240/4252/3103 4359/4367/4083
f 4359/4367/4083 4360/4368/3219 4117/4118/2968
f 4360/4368/3219 4361/4369/3220 4241/4119/2969
f 4241/4119/2969 4117/4118/2968 4360/4368/3219
f 4241/4119/2969 4362/4370/3221 4118/4121/2971
f 4362/4370/3221 4241/4119/2969 4361/4369/3220
f 4362/4370/3221 4363/4371/3222 4242/4253/4028
f 4242/4253/4028 4118/4121/2971 4362/4370/3221
f 4243/4254/3105 4242/4253/4028 4363/4371/3222
f 4363/4371/3222 4364/4372/3223 4243/4254/3105
f 4243/4254/3105 4365/4373/3224 4244/4255/4029
f 4365/4373/3224 4243/4254/3105 4364/4372/3223
f 4365/4373/3224 4366/4256/4030 4244/4255/4029
f 4245/4257/3108 4464/4374/3225 4246/4258/3109
f 4247/4259/3110 4246/4258/3109 4464/4374/3225
f 4464/4374/3225 4367/4375/3226 4247/4259/3110
f 4248/4260/3111 4247/4259/3110 4367/4375/3226
f 4248/4260/3111 4368/4376/3227 4249/4261/3112
f 4368/4376/3227 4248/4260/3111 4367/4375/3226
f 4250/4262/3113 4249/4261/3112 4368/4376/3227
f 4251/4263/3114 4250/4262/3113 4368/4376/3227
f 4368/4376/3227 4369/4377/3228 4251/4263/3114
f 4252/4264/4031 4251/4263/3114 4369/4377/3228
f 4253/4265/4032 4370/4378/3229 4254/4266/3117
f 4370/4378/3229 4253/4265/4032 4252/4264/4031
f 4255/4267/3118 4254/4266/3117 4370/4378/3229
f 4370/4378/3229 4371/4379/4084 4255/4267/3118
f 4256/4268/4033 4255/4267/3118 4371/4379/4084
f 4256/4268/4033 4372/4380/4085 4257/4269/4034
f 4258/4270/3121 4257/4269/4034 4372/4380/4085
f 4372/4380/4085 4373/4381/3232 4258/4270/3121
f 4258/4270/3121 4374/4382/3233 4259/4271/4035
f 4374/4382/3233 4258/4270/3121 4373/4381/3232
f 4260/4272/3123 4259/4271/4035 4374/4382/3233
f 4260/4272/3123 4375/4383/3234 4138/4141/2991
f 4375/4383/3234 4260/4272/3123 4374/4382/3233
f 4375/4383/3234 4376/4384/3235 4261/4142/2992
f 4261/4142/2992 4138/4141/2991 4375/4383/3234
f 4139/4143/2993 4261/4142/2992 4376/4384/3235
f 4376/4384/3235 4377/4385/4086 4139/4143/2993
f 4262/4273/4036 4139/4143/2993 4377/4385/4086
f 4377/4385/4086 4473/4386/3237 4262/4273/4036
f 4263/4274/4037 4262/4273/4036 4473/4386/3237
f 4473/4386/3237 4378/4275/3126 4263/4274/4037
f 4378/4275/3126 4379/4387/3238 4264/4276/4038
f 4264/4276/4038 4380/4388/4087 4143/4147/2997
f 4380/4388/4087 4264/4276/4038 4379/4387/3238
f 4265/4277/3128 4143/4147/2997 4380/4388/4087
f 4265/4277/3128 4381/4389/3240 4266/4278/4039
f 4266/4278/4039 4381/4389/3240 4267/4150/3976
f 4268/4279/4040 4267/4150/3976 4381/4389/3240
f 4381/4389/3240 4382/4390/4088 4268/4279/4040
f 4383/4280/3131 4268/4279/4040 4382/4390/4088
f 4269/4281/4041 4384/4391/3242 4270/4282/3133
f 4384/4391/3242 4269/4281/4041 4383/4280/3131
f 4271/4283/4042 4270/4282/3133 4384/4391/3242
f 4384/4391/3242 4385/4392/3243 4271/4283/4042
f 4272/4284/3135 4271/4283/4042 4385/4392/3243
f 4385/4392/3243 4386/4393/4089 4272/4284/3135
f 4386/4393/4089 4387/4394/4090 4273/4285/3136
f 4273/4285/3136 4272/4284/3135 4386/4393/4089
f 4274/4286/3137 4273/4285/3136 4387/4394/4090
f 4387/4394/4090 4388/4395/4091 4274/4286/3137
f 4275/4287/4043 4274/4286/3137 4388/4395/4091
f 4388/4395/4091 4389/4396/3247 4275/4287/4043
f 4275/4287/4043 4276/4288/3139 4153/4159/3980
f 4276/4288/3139 4275/4287/4043 4389/4396/3247
f 4389/4396/3247 4390/4397/4092 4276/4288/3139
f 4276/4288/3139 4391/4398/4093 4277/4289/4044
f 4391/4398/4093 4276/4288/3139 4390/4397/4092
f 4278/4290/4045 4277/4289/4044 4391/4398/4093
f 4391/4398/4093 4392/4399/4094 4278/4290/4045
f 4279/4291/4046 4278/4290/4045 4392/4399/4094
f 4392/4399/4094 4393/4400/4095 4279/4291/4046
f 4280/4292/4047 4279/4291/4046 4393/4400/4095
f 4393/4400/4095 4394/4401/4096 4280/4292/4047
f 4281/4293/4048 4280/4292/4047 4394/4401/4096
f 4160/4166/3017 4281/4293/4048 4394/4401/4096
f 4394/4401/4096 4395/4402/4097 4160/4166/3017
f 4282/4167/3986 4160/4166/3017 4395/4402/4097
f 4395/4402/4097 4486/4403/3253 4282/4167/3986
f 4283/4294/4049 4282/4167/3986 4486/4403/3253
f 4486/4403/3253 4396/4404/3254 4283/4294/4049
f 4397/4295/4050 4283/4294/4049 4396/4404/3254
f 4397/4295/4050 4398/4405/4098 4284/4296/4051
f 4285/4297/3148 4284/4296/4051 4398/4405/4098
f 4398/4405/4098 4399/4406/4099 4285/4297/3148
f 4285/4297/3148 4399/4406/4099 4286/4298/4052
f 4399/4406/4099 4400/4407/4100 4286/4298/4052
f 4400/4407/4100 4401/4408/3258 4287/4299/3150
f 4287/4299/3150 4286/4298/4052 4400/4407/4100
f 4288/4300/3151 4287/4299/3150 4401/4408/3258
f 4288/4300/3151 4402/4409/3259 4289/4301/4053
f 4289/4301/4053 4403/4410/4101 4169/4176/3990
f 4403/4410/4101 4289/4301/4053 4402/4409/3259
f 4170/4177/3028 4169/4176/3990 4403/4410/4101
f 4403/4410/4101 4404/4411/3261 4170/4177/3028
f 4171/4178/3029 4170/4177/3028 4404/4411/3261
f 4404/4411/3261 4405/4412/3262 4171/4178/3029
f 4172/4179/3030 4171/4178/3029 4405/4412/3262
f 4405/4412/3262 4406/4303/3154 4172/4179/3030
f 4406/4303/3154 4407/4413/3263 4290/4302/3153
f 4174/4181/3032 4290/4302/3153 4407/4413/3263
f 4407/4413/3263 4408/4414/4102 4174/4181/3032
f 4291/4304/4054 4174/4181/3032 4408/4414/4102
f 4408/4414/4102 4409/4415/3265 4291/4304/4054
f 4292/4305/4055 4291/4304/4054 4409/4415/3265
f 4409/4415/3265 4410/4416/4103 4292/4305/4055
f 4411/4417/3267 4292/4305/4055 4410/4416/4103
f 4292/4305/4055 4411/4417/3267 4177/4184/3035
f 4293/4306/4056 4177/4184/3035 4411/4417/3267
f 4411/4417/3267 4412/4418/3268 4293/4306/4056
f 4294/4307/4057 4293/4306/4056 4412/4418/3268
f 4412/4418/3268 4413/4419/4104 4294/4307/4057
f 4295/4308/3159 4294/4307/4057 4413/4419/4104
f 4413/4419/4104 4414/4420/3270 4295/4308/3159
f 4295/4308/3159 4414/4420/3270 4296/4309/4058
f 4414/4420/3270 4415/4421/4105 4296/4309/4058
f 4297/4310/4059 4296/4309/4058 4415/4421/4105
f 4298/4311/4060 4297/4310/4059 4415/4421/4105
f 4415/4421/4105 4416/4422/3272 4298/4311/4060
f 4299/4312/3163 4298/4311/4060 4416/4422/3272
f 4416/4422/3272 4417/4423/3273 4299/4312/3163
f 4300/4313/3164 4299/4312/3163 4417/4423/3273
f 4300/4313/3164 4301/4314/4061 4185/4192/3996
f 4301/4314/4061 4300/4313/3164 4417/4423/3273
f 4417/4423/3273 4418/4424/4106 4301/4314/4061
f 4301/4314/4061 4419/4425/3275 4302/4315/4062
f 4419/4425/3275 4301/4314/4061 4418/4424/4106
f 4303/4316/3167 4302/4315/4062 4419/4425/3275
f 4303/4316/3167 4419/4425/3275 4420/4426/3276
f 4303/4316/3167 4420/4426/3276 4304/4196/3998
f 4305/4317/3168 4304/4196/3998 4420/4426/3276
f 4420/4426/3276 4421/4427/4107 4305/4317/3168
f 4189/4197/3999 4305/4317/3168 4421/4427/4107
f 4421/4427/4107 4422/4428/3278 4189/4197/3999
f 4306/4318/3169 4189/4197/3999 4422/4428/3278
f 4307/4319/3170 4306/4318/3169 4422/4428/3278
f 4422/4428/3278 4423/4429/3279 4307/4319/3170
f 4308/4320/3171 4307/4319/3170 4423/4429/3279
f 4423/4429/3279 4424/4430/3280 4308/4320/3171
f 4309/4321/4063 4308/4320/3171 4424/4430/3280
f 4425/4431/4108 4309/4321/4063 4424/4430/3280
f 4309/4321/4063 4425/4431/4108 4310/4322/3173
f 4311/4323/3174 4310/4322/3173 4425/4431/4108
f 4425/4431/4108 4426/4432/3282 4311/4323/3174
f 4312/4324/4064 4311/4323/3174 4426/4432/3282
f 4313/4325/3176 4312/4324/4064 4426/4432/3282
f 4426/4432/3282 4427/4433/3283 4313/4325/3176
f 4314/4326/4065 4313/4325/3176 4427/4433/3283
f 4427/4433/3283 4428/4434/4109 4314/4326/4065
f 4315/4327/4066 4314/4326/4065 4428/4434/4109
f 4428/4434/4109 4429/4435/4110 4315/4327/4066
f 4316/4207/4005 4315/4327/4066 4429/4435/4110
f 4429/4435/4110 4430/4436/4111 4316/4207/4005
f 4317/4328/3179 4316/4207/4005 4430/4436/4111
f 4201/4208/3059 4317/4328/3179 4430/4436/4111
f 4430/4436/4111 4431/4437/4112 4201/4208/3059
f 4431/4437/4112 4432/4438/3288 4318/4209/3060
f 4318/4209/3060 4201/4208/3059 4431/4437/4112
f 4202/4211/3062 4318/4209/3060 4432/4438/3288
f 4432/4438/3288 4433/4439/3289 4202/4211/3062
f 4319/4212/3063 4202/4211/3062 4433/4439/3289
f 4433/4439/3289 4434/4440/4113 4319/4212/3063
f 4320/4329/3180 4319/4212/3063 4434/4440/4113
f 4321/4330/4067 4320/4329/3180 4434/4440/4113
f 4434/4440/4113 4435/4441/3291 4321/4330/4067
f 4321/4330/4067 4436/4442/3292 4322/4331/3182
f 4436/4442/3292 4321/4330/4067 4435/4441/3291
f 4205/4215/3066 4322/4331/3182 4436/4442/3292
f 4323/4332/4068 4205/4215/3066 4436/4442/3292
f 4436/4442/3292 4437/4443/3293 4323/4332/4068
f 4324/4333/3184 4323/4332/4068 4437/4443/3293
f 4437/4443/3293 4438/4444/4114 4324/4333/3184
f 4324/4333/3184 4438/4444/4114 4208/4218/4009
f 4438/4444/4114 4439/4445/3295 4325/4334/3185
f 4325/4334/3185 4208/4218/4009 4438/4444/4114
f 4326/4335/3186 4325/4334/3185 4439/4445/3295
f 4327/4336/4069 4326/4335/3186 4440/4446/4115
f 4328/4337/4070 4440/4446/4115 4441/4447/4116
f 4328/4337/4070 4327/4336/4069 4440/4446/4115
f 4329/4338/4071 4328/4337/4070 4441/4447/4116
f 4442/4448/3298 4329/4338/4071 4441/4447/4116
f 4329/4338/4071 4442/4448/3298 4330/4339/3190
f 4331/4340/3191 4330/4339/3190 4442/4448/3298
f 4443/4449/3299 4331/4340/3191 4442/4448/3298
f 4216/4226/4014 4331/4340/3191 4443/4449/3299
f 4443/4449/3299 4522/4450/3300 4216/4226/4014
f 4333/4342/3193 4444/4451/4117 4332/4341/3192
f 4334/4343/4072 4332/4341/3192 4444/4451/4117
f 4447/4346/4074 4445/4344/3195 4446/4452/3302
f 4445/4344/3195 4447/4346/4074 4335/4345/4073
f 4447/4346/4074 4449/4453/3303 4336/4347/4075
f 4449/4453/3303 4447/4346/4074 4448/4454/3304
f 4337/4348/3199 4336/4347/4075 4449/4453/3303
f 4338/4349/3200 4337/4348/3199 4449/4453/3303
f 4339/4350/3201 4450/4455/3305 4340/4236/4021
f 4341/4351/4076 4340/4236/4021 4450/4455/3305
f 4342/4352/3203 4341/4351/4076 4450/4455/3305
f 4342/4352/3203 4451/4456/3306 4343/4353/4077
f 4343/4353/4077 4452/4457/3307 4344/4240/3091
f 4452/4457/3307 4343/4353/4077 4451/4456/3306
f 4345/4354/4078 4344/4240/3091 4452/4457/3307
f 4347/4356/3207 4453/4458/3308 4348/4357/3208
f 4349/4243/3094 4348/4357/3208 4453/4458/3308
f 4350/4358/3209 4349/4243/3094 4453/4458/3308
f 4453/4458/3308 4351/4359/3210 4350/4358/3209
f 4351/4359/3210 4455/4459/3309 4352/4360/3211
f 4455/4459/3309 4351/4359/3210 4454/4460/3310
f 4353/4361/4079 4352/4360/3211 4455/4459/3309
f 4455/4459/3309 4456/4461/3311 4353/4361/4079
f 4354/4362/3213 4353/4361/4079 4456/4461/3311
f 4355/4363/4080 4354/4362/3213 4456/4461/3311
f 4356/4364/4081 4457/4462/4118 4357/4365/4082
f 4357/4365/4082 4458/4463/4119 4358/4366/3217
f 4458/4463/4119 4357/4365/4082 4457/4462/4118
f 4359/4367/4083 4358/4366/3217 4458/4463/4119
f 4458/4463/4119 4459/4464/3314 4359/4367/4083
f 4360/4368/3219 4359/4367/4083 4459/4464/3314
f 4459/4464/3314 4460/4465/3315 4360/4368/3219
f 4361/4369/3220 4360/4368/3219 4460/4465/3315
f 4362/4370/3221 4461/4466/3316 4363/4371/3222
f 4364/4372/3223 4363/4371/3222 4461/4466/3316
f 4364/4372/3223 4462/4467/3317 4365/4373/3224
f 4366/4256/4030 4365/4373/3224 4462/4467/3317
f 4462/4467/3317 4463/4468/3318 4366/4256/4030
f 4245/4257/3108 4366/4256/4030 4463/4468/3318
f 4463/4468/3318 4464/4374/3225 4245/4257/3108
f 4464/4374/3225 4465/4469/4120 4367/4375/3226
f 4367/4375/3226 4466/4470/3320 4368/4376/3227
f 4466/4470/3320 4367/4375/3226 4465/4469/4120
f 4465/4469/4120 4467/4471/3321 4466/4470/3320
f 4369/4377/3228 4368/4376/3227 4466/4470/3320
f 4252/4264/4031 4369/4377/3228 4466/4470/3320
f 4469/4472/3322 4466/4470/3320 4468/4473/4121
f 4466/4470/3320 4469/4472/3322 4252/4264/4031
f 4370/4378/3229 4252/4264/4031 4469/4472/3322
f 4371/4379/4084 4370/4378/3229 4469/4472/3322
f 4469/4472/3322 4470/4474/4122 4371/4379/4084
f 4256/4268/4033 4371/4379/4084 4470/4474/4122
f 4372/4380/4085 4256/4268/4033 4470/4474/4122
f 4373/4381/3232 4471/4475/3325 4374/4382/3233
f 4374/4382/3233 4472/4476/3326 4375/4383/3234
f 4472/4476/3326 4374/4382/3233 4471/4475/3325
f 4376/4384/3235 4375/4383/3234 4472/4476/3326
f 4473/4386/3237 4474/4477/3327 4378/4275/3126
f 4379/4387/3238 4378/4275/3126 4474/4477/3327
f 4474/4477/3327 4475/4478/3328 4379/4387/3238
f 4380/4388/4087 4379/4387/3238 4475/4478/3328
f 4475/4478/3328 4476/4479/4123 4380/4388/4087
f 4381/4389/3240 4265/4277/3128 4380/4388/4087
f 4380/4388/4087 4477/4480/4124 4381/4389/3240
f 4477/4480/4124 4380/4388/4087 4476/4479/4123
f 4477/4480/4124 4478/4481/3331 4382/4390/4088
f 4477/4480/4124 4382/4390/4088 4381/4389/3240
f 4479/4482/3332 4382/4390/4088 4478/4481/3331
f 4382/4390/4088 4479/4482/3332 4383/4280/3131
f 4384/4391/3242 4383/4280/3131 4479/4482/3332
f 4479/4482/3332 4480/4483/3333 4384/4391/3242
f 4385/4392/3243 4384/4391/3242 4480/4483/3333
f 4386/4393/4089 4385/4392/3243 4480/4483/3333
f 4387/4394/4090 4386/4393/4089 4480/4483/3333
f 4388/4395/4091 4481/4484/3334 4389/4396/3247
f 4390/4397/4092 4389/4396/3247 4481/4484/3334
f 4481/4484/3334 4482/4485/3335 4390/4397/4092
f 4390/4397/4092 4483/4486/4125 4391/4398/4093
f 4483/4486/4125 4390/4397/4092 4482/4485/3335
f 4392/4399/4094 4391/4398/4093 4483/4486/4125
f 4483/4486/4125 4484/4487/4126 4392/4399/4094
f 4393/4400/4095 4392/4399/4094 4484/4487/4126
f 4394/4401/4096 4393/4400/4095 4484/4487/4126
f 4484/4487/4126 4485/4488/3338 4394/4401/4096
f 4395/4402/4097 4394/4401/4096 4485/4488/3338
f 4396/4404/3254 4487/4489/3339 4397/4295/4050
f 4398/4405/4098 4397/4295/4050 4487/4489/3339
f 4400/4407/4100 4399/4406/4099 4488/4490/3340
f 4401/4408/3258 4400/4407/4100 4488/4490/3340
f 4401/4408/3258 4402/4409/3259 4288/4300/3151
f 4403/4410/4101 4402/4409/3259 4489/4491/4127
f 4489/4491/4127 4490/4492/3342 4403/4410/4101
f 4405/4412/3262 4404/4411/3261 4403/4410/4101
f 4403/4410/4101 4491/4493/3343 4405/4412/3262
f 4491/4493/3343 4403/4410/4101 4490/4492/3342
f 4406/4303/3154 4405/4412/3262 4491/4493/3343
f 4491/4493/3343 4492/4494/3344 4406/4303/3154
f 4407/4413/3263 4406/4303/3154 4492/4494/3344
f 4492/4494/3344 4493/4495/3345 4407/4413/3263
f 4408/4414/4102 4407/4413/3263 4493/4495/3345
f 4493/4495/3345 4494/4496/3346 4408/4414/4102
f 4409/4415/3265 4408/4414/4102 4494/4496/3346
f 4410/4416/4103 4495/4497/3347 4411/4417/3267
f 4413/4419/4104 4412/4418/3268 4411/4417/3267
f 4413/4419/4104 4411/4417/3267 4495/4497/3347
f 4495/4497/3347 4496/4498/4128 4413/4419/4104
f 4414/4420/3270 4413/4419/4104 4496/4498/4128
f 4496/4498/4128 4497/4499/3349 4414/4420/3270
f 4498/4500/3350 4414/4420/3270 4497/4499/3349
f 4414/4420/3270 4498/4500/3350 4415/4421/4105
f 4416/4422/3272 4415/4421/4105 4498/4500/3350
f 4417/4423/3273 4416/4422/3272 4498/4500/3350
f 4498/4500/3350 4499/4501/3351 4417/4423/3273
f 4418/4424/4106 4417/4423/3273 4499/4501/3351
f 4499/4501/3351 4500/4502/4129 4418/4424/4106
f 4500/4502/4129 4501/4503/3353 4418/4424/4106
f 4502/4504/4130 4418/4424/4106 4501/4503/3353
f 4420/4426/3276 4419/4425/3275 4418/4424/4106
f 4418/4424/4106 4502/4504/4130 4420/4426/3276
f 4421/4427/4107 4420/4426/3276 4502/4504/4130
f 4504/4505/3355 4502/4504/4130 4503/4506/4131
f 4502/4504/4130 4504/4505/3355 4421/4427/4107
f 4422/4428/3278 4421/4427/4107 4504/4505/3355
f 4423/4429/3279 4422/4428/3278 4504/4505/3355
f 4423/4429/3279 4505/4507/4132 4424/4430/3280
f 4425/4431/4108 4424/4430/3280 4505/4507/4132
f 4505/4507/4132 4506/4508/3358 4425/4431/4108
f 4507/4509/3359 4425/4431/4108 4506/4508/3358
f 4425/4431/4108 4507/4509/3359 4426/4432/3282
f 4427/4433/3283 4426/4432/3282 4507/4509/3359
f 4507/4509/3359 4508/4510/3360 4427/4433/3283
f 4428/4434/4109 4427/4433/3283 4508/4510/3360
f 4508/4510/3360 4509/4511/4133 4429/4435/4110
f 4429/4435/4110 4428/4434/4109 4508/4510/3360
f 4510/4512/4134 4429/4435/4110 4509/4511/4133
f 4429/4435/4110 4510/4512/4134 4430/4436/4111
f 4431/4437/4112 4430/4436/4111 4510/4512/4134
f 4510/4512/4134 4511/4513/3363 4431/4437/4112
f 4432/4438/3288 4431/4437/4112 4511/4513/3363
f 4433/4439/3289 4512/4514/3364 4434/4440/4113
f 4435/4441/3291 4434/4440/4113 4512/4514/3364
f 4435/4441/3291 4512/4514/3364 4513/4515/4135
f 4514/4516/3366 4435/4441/3291 4513/4515/4135
f 4435/4441/3291 4514/4516/3366 4436/4442/3292
f 4437/4443/3293 4436/4442/3292 4514/4516/3366
f 4514/4516/3366 4515/4517/4136 4437/4443/3293
f 4437/4443/3293 4516/4518/3368 4438/4444/4114
f 4516/4518/3368 4437/4443/3293 4515/4517/4136
f 4516/4518/3368 4439/4445/3295 4438/4444/4114
f 4516/4518/3368 4517/4519/4137 4439/4445/3295
f 4518/4520/3370 4439/4445/3295 4517/4519/4137
f 4326/4335/3186 4439/4445/3295 4518/4520/3370
f 4440/4446/4115 4326/4335/3186 4518/4520/3370
f 4518/4520/3370 4519/4521/3371 4440/4446/4115
f 4441/4447/4116 4440/4446/4115 4519/4521/3371
f 4519/4521/3371 4520/4522/4138 4441/4447/4116
f 4442/4448/3298 4441/4447/4116 4520/4522/4138
f 4520/4522/4138 4521/4523/4139 4442/4448/3298
f 4443/4449/3299 4442/4448/3298 4521/4523/4139
f 4521/4523/4139 4522/4450/3300 4443/4449/3299
f 4333/4342/3193 4523/4524/3374 4444/4451/4117
f 4523/4524/3374 4333/4342/3193 4524/4525/3375
f 4334/4343/4072 4444/4451/4117 4523/4524/3374
f 4523/4524/3374 4525/4526/3376 4334/4343/4072
f 4445/4344/3195 4334/4343/4072 4525/4526/3376
f 4525/4526/3376 4526/4527/4140 4445/4344/3195
f 4446/4452/3302 4445/4344/3195 4526/4527/4140
f 4526/4527/4140 4527/4528/3378 4446/4452/3302
f 4446/4452/3302 4528/4529/3379 4447/4346/4074
f 4528/4529/3379 4446/4452/3302 4527/4528/3378
f 4528/4529/3379 4529/4530/3380 4448/4454/3304
f 4448/4454/3304 4447/4346/4074 4528/4529/3379
f 4530/4531/4141 4448/4454/3304 4529/4530/3380
f 4448/4454/3304 4530/4531/4141 4449/4453/3303
f 4530/4531/4141 4531/4532/3382 4449/4453/3303
f 4338/4349/3200 4449/4453/3303 4531/4532/3382
f 4531/4532/3382 4532/4533/3383 4338/4349/3200
f 4339/4350/3201 4338/4349/3200 4532/4533/3383
f 4532/4533/3383 4533/4534/3384 4339/4350/3201
f 4533/4534/3384 4534/4535/3385 4339/4350/3201
f 4534/4535/3385 4535/4536/3386 4450/4455/3305
f 4450/4455/3305 4339/4350/3201 4534/4535/3385
f 4536/4537/3387 4450/4455/3305 4535/4536/3386
f 4342/4352/3203 4450/4455/3305 4536/4537/3387
f 4536/4537/3387 4537/4538/4142 4342/4352/3203
f 4451/4456/3306 4342/4352/3203 4537/4538/4142
f 4452/4457/3307 4451/4456/3306 4538/4539/3389
f 4345/4354/4078 4452/4457/3307 4538/4539/3389
f 4538/4539/3389 4539/4540/3390 4345/4354/4078
f 4346/4355/3206 4345/4354/4078 4539/4540/3390
f 4539/4540/3390 4540/4541/4143 4346/4355/3206
f 4347/4356/3207 4346/4355/3206 4540/4541/4143
f 4540/4541/4143 4541/4542/3392 4347/4356/3207
f 4453/4458/3308 4347/4356/3207 4541/4542/3392
f 4453/4458/3308 4541/4542/3392 4542/4543/3393
f 4543/4544/3394 4453/4458/3308 4542/4543/3393
f 4351/4359/3210 4453/4458/3308 4543/4544/3394
f 4543/4544/3394 4544/4545/4144 4351/4359/3210
f 4544/4545/4144 4545/4546/4145 4454/4460/3310
f 4454/4460/3310 4351/4359/3210 4544/4545/4144
f 4546/4547/4146 4454/4460/3310 4545/4546/4145
f 4454/4460/3310 4546/4547/4146 4455/4459/3309
f 4546/4547/4146 4547/4548/4147 4455/4459/3309
f 4548/4549/3399 4455/4459/3309 4547/4548/4147
f 4455/4459/3309 4548/4549/3399 4456/4461/3311
f 4548/4549/3399 4549/4550/4148 4456/4461/3311
f 4355/4363/4080 4456/4461/3311 4549/4550/4148
f 4549/4550/4148 4550/4551/3401 4355/4363/4080
f 4356/4364/4081 4355/4363/4080 4550/4551/3401
f 4550/4551/3401 4551/4552/4149 4356/4364/4081
f 4551/4552/4149 4552/4553/3403 4356/4364/4081
f 4552/4553/3403 4553/4554/4150 4457/4462/4118
f 4457/4462/4118 4356/4364/4081 4552/4553/3403
f 4553/4554/4150 4554/4555/3405 4457/4462/4118
f 4555/4556/4151 4457/4462/4118 4554/4555/3405
f 4457/4462/4118 4555/4556/4151 4458/4463/4119
f 4459/4464/3314 4458/4463/4119 4555/4556/4151
f 4555/4556/4151 4556/4557/3407 4459/4464/3314
f 4460/4465/3315 4459/4464/3314 4556/4557/3407
f 4460/4465/3315 4557/4558/4152 4361/4369/3220
f 4362/4370/3221 4361/4369/3220 4557/4558/4152
f 4557/4558/4152 4558/4559/4153 4362/4370/3221
f 4461/4466/3316 4362/4370/3221 4558/4559/4153
f 4364/4372/3223 4461/4466/3316 4559/4560/3410
f 4559/4560/3410 4560/4561/3411 4364/4372/3223
f 4462/4467/3317 4364/4372/3223 4560/4561/3411
f 4560/4561/3411 4561/4562/3412 4462/4467/3317
f 4463/4468/3318 4462/4467/3317 4561/4562/3412
f 4561/4562/3412 4562/4563/3413 4463/4468/3318
f 4464/4374/3225 4463/4468/3318 4562/4563/3413
f 4562/4563/3413 4563/4564/3414 4464/4374/3225
f 4563/4564/3414 4564/4565/3415 4464/4374/3225
f 4465/4469/4120 4464/4374/3225 4564/4565/3415
f 4467/4471/3321 4465/4469/4120 4565/4566/3416
f 4565/4566/3416 4566/4567/4154 4467/4471/3321
f 4467/4471/3321 4567/4568/4155 4466/4470/3320
f 4567/4568/4155 4467/4471/3321 4566/4567/4154
f 4567/4568/4155 4568/4569/3419 4466/4470/3320
f 4468/4473/4121 4466/4470/3320 4568/4569/3419
f 4568/4569/3419 4569/4570/4156 4468/4473/4121
f 4468/4473/4121 4570/4571/4157 4469/4472/3322
f 4470/4474/4122 4469/4472/3322 4570/4571/4157
f 4570/4571/4157 4571/4572/4158 4470/4474/4122
f 4571/4572/4158 4572/4573/3423 4470/4474/4122
f 4572/4573/3423 4573/4574/3424 4470/4474/4122
f 4372/4380/4085 4470/4474/4122 4573/4574/3424
f 4373/4381/3232 4372/4380/4085 4573/4574/3424
f 4573/4574/3424 4574/4575/4159 4373/4381/3232
f 4471/4475/3325 4373/4381/3232 4574/4575/4159
f 4376/4384/3235 4472/4476/3326 4575/4576/3426
f 4575/4576/3426 4576/4577/3427 4376/4384/3235
f 4377/4385/4086 4376/4384/3235 4576/4577/3427
f 4576/4577/3427 4577/4578/3428 4377/4385/4086
f 4473/4386/3237 4377/4385/4086 4577/4578/3428
f 4577/4578/3428 4578/4579/3429 4473/4386/3237
f 4474/4477/3327 4473/4386/3237 4578/4579/3429
f 4578/4579/3429 4579/4580/3430 4474/4477/3327
f 4579/4580/3430 4580/4581/3431 4474/4477/3327
f 4580/4581/3431 4581/4582/3432 4475/4478/3328
f 4475/4478/3328 4474/4477/3327 4580/4581/3431
f 4476/4479/4123 4475/4478/3328 4581/4582/3432
f 4581/4582/3432 4582/4583/3433 4476/4479/4123
f 4582/4583/3433 4583/4584/4160 4476/4479/4123
f 4584/4585/4161 4476/4479/4123 4583/4584/4160
f 4476/4479/4123 4584/4585/4161 4477/4480/4124
f 4478/4481/3331 4477/4480/4124 4584/4585/4161
f 4584/4585/4161 4585/4586/4162 4478/4481/3331
f 4478/4481/3331 4586/4587/3437 4479/4482/3332
f 4586/4587/3437 4587/4588/4163 4479/4482/3332
f 4587/4588/4163 4588/4589/3439 4479/4482/3332
f 4480/4483/3333 4479/4482/3332 4588/4589/3439
f 4588/4589/3439 4589/4590/4164 4480/4483/3333
f 4589/4590/4164 4590/4591/4165 4480/4483/3333
f 4387/4394/4090 4480/4483/3333 4590/4591/4165
f 4590/4591/4165 4591/4592/3442 4387/4394/4090
f 4388/4395/4091 4387/4394/4090 4591/4592/3442
f 4591/4592/3442 4592/4593/3443 4388/4395/4091
f 4592/4593/3443 4593/4594/4166 4481/4484/3334
f 4481/4484/3334 4388/4395/4091 4592/4593/3443
f 4482/4485/3335 4481/4484/3334 4593/4594/4166
f 4593/4594/4166 4594/4595/4167 4482/4485/3335
f 4482/4485/3335 4595/4596/4168 4483/4486/4125
f 4595/4596/4168 4482/4485/3335 4594/4595/4167
f 4484/4487/4126 4483/4486/4125 4595/4596/4168
f 4595/4596/4168 4596/4597/3447 4484/4487/4126
f 4596/4597/3447 4597/4598/3448 4484/4487/4126
f 4597/4598/3448 4598/4599/4169 4485/4488/3338
f 4485/4488/3338 4484/4487/4126 4597/4598/3448
f 4599/4600/3450 4485/4488/3338 4598/4599/4169
f 4395/4402/4097 4485/4488/3338 4599/4600/3450
f 4599/4600/3450 4600/4601/3451 4395/4402/4097
f 4486/4403/3253 4395/4402/4097 4600/4601/3451
f 4600/4601/3451 4601/4602/3452 4486/4403/3253
f 4396/4404/3254 4486/4403/3253 4601/4602/3452
f 4601/4602/3452 4602/4603/3453 4396/4404/3254
f 4602/4603/3453 4603/4604/3454 4396/4404/3254
f 4487/4489/3339 4396/4404/3254 4603/4604/3454
f 4398/4405/4098 4487/4489/3339 4603/4604/3454
f 4603/4604/3454 4604/4605/3455 4398/4405/4098
f 4399/4406/4099 4398/4405/4098 4604/4605/3455
f 4604/4605/3455 4605/4606/3456 4399/4406/4099
f 4488/4490/3340 4399/4406/4099 4605/4606/3456
f 4605/4606/3456 4606/4607/4170 4488/4490/3340
f 4401/4408/3258 4488/4490/3340 4606/4607/4170
f 4606/4607/4170 4607/4608/3458 4401/4408/3258
f 4402/4409/3259 4401/4408/3258 4607/4608/3458
f 4607/4608/3458 4608/4609/4171 4402/4409/3259
f 4489/4491/4127 4402/4409/3259 4608/4609/4171
f 4608/4609/4171 4609/4610/4172 4489/4491/4127
f 4490/4492/3342 4489/4491/4127 4609/4610/4172
f 4609/4610/4172 4610/4611/4173 4490/4492/3342
f 4611/4612/3462 4490/4492/3342 4610/4611/4173
f 4491/4493/3343 4490/4492/3342 4611/4612/3462
f 4491/4493/3343 4612/4613/3463 4492/4494/3344
f 4612/4613/3463 4613/4614/3464 4492/4494/3344
f 4493/4495/3345 4492/4494/3344 4613/4614/3464
f 4613/4614/3464 4614/4615/4174 4493/4495/3345
f 4614/4615/4174 4615/4616/3466 4493/4495/3345
f 4494/4496/3346 4493/4495/3345 4615/4616/3466
f 4409/4415/3265 4494/4496/3346 4615/4616/3466
f 4615/4616/3466 4616/4617/4175 4409/4415/3265
f 4410/4416/4103 4409/4415/3265 4616/4617/4175
f 4616/4617/4175 4617/4618/4176 4410/4416/4103
f 4617/4618/4176 4618/4619/3469 4495/4497/3347
f 4495/4497/3347 4410/4416/4103 4617/4618/4176
f 4618/4619/3469 4619/4620/4177 4495/4497/3347
f 4496/4498/4128 4495/4497/3347 4619/4620/4177
f 4619/4620/4177 4620/4621/4178 4496/4498/4128
f 4496/4498/4128 4621/4622/4179 4497/4499/3349
f 4621/4622/4179 4496/4498/4128 4620/4621/4178
f 4621/4622/4179 4622/4623/4180 4497/4499/3349
f 4498/4500/3350 4497/4499/3349 4622/4623/4180
f 4622/4623/4180 4623/4624/3474 4498/4500/3350
f 4623/4624/3474 4624/4625/3475 4498/4500/3350
f 4499/4501/3351 4498/4500/3350 4624/4625/3475
f 4624/4625/3475 4625/4626/3476 4499/4501/3351
f 4625/4626/3476 4626/4627/3477 4499/4501/3351
f 4626/4627/3477 4500/4502/4129 4499/4501/3351
f 4626/4627/3477 4627/4628/3478 4500/4502/4129
f 4501/4503/3353 4500/4502/4129 4627/4628/3478
f 4627/4628/3478 4628/4629/4181 4501/4503/3353
f 4501/4503/3353 4629/4630/4182 4502/4504/4130
f 4629/4630/4182 4501/4503/3353 4628/4629/4181
f 4503/4506/4131 4502/4504/4130 4629/4630/4182
f 4629/4630/4182 4630/4631/4183 4503/4506/4131
f 4503/4506/4131 4631/4632/3482 4504/4505/3355
f 4631/4632/3482 4503/4506/4131 4630/4631/4183
f 4631/4632/3482 4632/4633/4184 4504/4505/3355
f 4423/4429/3279 4504/4505/3355 4632/4633/4184
f 4632/4633/4184 4633/4634/3484 4423/4429/3279
f 4633/4634/3484 4634/4635/3485 4505/4507/4132
f 4505/4507/4132 4423/4429/3279 4633/4634/3484
f 4634/4635/3485 4635/4636/3486 4505/4507/4132
f 4506/4508/3358 4505/4507/4132 4635/4636/3486
f 4635/4636/3486 4636/4637/4185 4506/4508/3358
f 4636/4637/4185 4637/4638/4186 4506/4508/3358
f 4506/4508/3358 4638/4639/3489 4507/4509/3359
f 4638/4639/3489 4506/4508/3358 4637/4638/4186
f 4508/4510/3360 4507/4509/3359 4638/4639/3489
f 4638/4639/3489 4639/4640/3490 4508/4510/3360
f 4639/4640/3490 4640/4641/3491 4508/4510/3360
f 4640/4641/3491 4641/4642/4187 4509/4511/4133
f 4509/4511/4133 4508/4510/3360 4640/4641/3491
f 4641/4642/4187 4642/4643/4188 4509/4511/4133
f 4510/4512/4134 4509/4511/4133 4642/4643/4188
f 4642/4643/4188 4643/4644/4189 4510/4512/4134
f 4644/4645/4190 4510/4512/4134 4643/4644/4189
f 4511/4513/3363 4510/4512/4134 4644/4645/4190
f 4644/4645/4190 4645/4646/3496 4511/4513/3363
f 4432/4438/3288 4511/4513/3363 4645/4646/3496
f 4645/4646/3496 4646/4647/4191 4432/4438/3288
f 4433/4439/3289 4432/4438/3288 4646/4647/4191
f 4646/4647/4191 4647/4648/3498 4433/4439/3289
f 4512/4514/3364 4433/4439/3289 4647/4648/3498
f 4647/4648/3498 4648/4649/3499 4512/4514/3364
f 4648/4649/3499 4649/4650/3500 4512/4514/3364
f 4513/4515/4135 4512/4514/3364 4649/4650/3500
f 4649/4650/3500 4650/4651/3501 4513/4515/4135
f 4650/4651/3501 4651/4652/4192 4513/4515/4135
f 4652/4653/3503 4513/4515/4135 4651/4652/4192
f 4513/4515/4135 4652/4653/3503 4514/4516/3366
f 4515/4517/4136 4514/4516/3366 4652/4653/3503
f 4516/4518/3368 4515/4517/4136 4653/4654/4193
f 4653/4654/4193 4654/4655/4194 4517/4519/4137
f 4517/4519/4137 4516/4518/3368 4653/4654/4193
f 4654/4655/4194 4655/4656/4195 4517/4519/4137
f 4656/4657/3507 4517/4519/4137 4655/4656/4195
f 4517/4519/4137 4656/4657/3507 4518/4520/3370
f 4519/4521/3371 4518/4520/3370 4656/4657/3507
f 4656/4657/3507 4657/4658/4196 4519/4521/3371
f 4657/4658/4196 4658/4659/3509 4519/4521/3371
f 4520/4522/4138 4519/4521/3371 4658/4659/3509
f 4658/4659/3509 4659/4660/3510 4520/4522/4138
f 4660/4661/4197 4520/4522/4138 4659/4660/3510
f 4520/4522/4138 4660/4661/4197 4521/4523/4139
f 4522/4450/3300 4521/4523/4139 4660/4661/4197
f 4660/4661/4197 4661/4662/4198 4522/4450/3300
f 4661/4662/4198 4662/4663/3513 4522/4450/3300
f 4524/4525/3375 4663/4664/3514 4523/4524/3374
f 4664/4665/4199 3888/3888/2738 4665/4666/3516
f 3888/3888/2738 4666/4667/4200 4665/4666/3516
f 4525/4526/3376 4523/4524/3374 4663/4664/3514
f 4663/4664/3514 4667/4668/3518 4525/4526/3376
f 4669/4669/3519 4665/4666/3516 4666/4667/4200
f 4666/4667/4200 4668/4670/4201 4669/4669/3519
f 4671/4671/3521 4669/4669/3519 4668/4670/4201
f 4668/4670/4201 4670/4672/3522 4671/4671/3521
f 4526/4527/4140 4525/4526/3376 4667/4668/3518
f 4667/4668/3518 4672/4673/4202 4526/4527/4140
f 4527/4528/3378 4526/4527/4140 4672/4673/4202
f 4674/4674/4203 4671/4671/3521 4670/4672/3522
f 4670/4672/3522 4673/4675/3525 4674/4674/4203
f 4673/4675/3525 4675/4676/3526 4674/4674/4203
f 4528/4529/3379 4527/4528/3378 4676/4677/3527
f 4677/4678/3528 4674/4674/4203 4675/4676/3526
f 4679/4679/4204 4677/4678/3528 4675/4676/3526
f 4675/4676/3526 4678/4680/3530 4679/4679/4204
f 4529/4530/3380 4528/4529/3379 4676/4677/3527
f 4681/4681/3531 4679/4679/4204 4678/4680/3530
f 4678/4680/3530 4680/4682/3532 4681/4681/3531
f 4529/4530/3380 4682/4683/3533 4530/4531/4141
f 4531/4532/3382 4530/4531/4141 4682/4683/3533
f 4682/4683/3533 4683/4684/3534 4531/4532/3382
f 4685/4685/3535 4681/4681/3531 4680/4682/3532
f 4680/4682/3532 4684/4686/3536 4685/4685/3535
f 4687/4687/3537 4685/4685/3535 4684/4686/3536
f 4684/4686/3536 4686/4688/3538 4687/4687/3537
f 4532/4533/3383 4531/4532/3382 4683/4684/3534
f 4683/4684/3534 4688/4689/3539 4532/4533/3383
f 4533/4534/3384 4532/4533/3383 4688/4689/3539
f 4688/4689/3539 4689/4690/4205 4533/4534/3384
f 4691/4691/4206 4687/4687/3537 4686/4688/3538
f 4686/4688/3538 4690/4692/4207 4691/4691/4206
f 4693/4693/4208 4691/4691/4206 4690/4692/4207
f 4690/4692/4207 4692/4694/4209 4693/4693/4208
f 4534/4535/3385 4533/4534/3384 4689/4690/4205
f 4689/4690/4205 4694/4695/4210 4534/4535/3385
f 4696/4696/4211 4693/4693/4208 4692/4694/4209
f 4692/4694/4209 4695/4697/4212 4696/4696/4211
f 4535/4536/3386 4534/4535/3385 4694/4695/4210
f 4535/4536/3386 4697/4698/4213 4536/4537/3387
f 4695/4697/4212 4698/4699/4214 4696/4696/4211
f 4697/4698/4213 4699/4700/3550 4536/4537/3387
f 4537/4538/4142 4536/4537/3387 4699/4700/3550
f 4700/4701/4215 4696/4696/4211 4698/4699/4214
f 4702/4702/3552 4700/4701/4215 4698/4699/4214
f 4698/4699/4214 4701/4703/4216 4702/4702/3552
f 4451/4456/3306 4537/4538/4142 4699/4700/3550
f 4699/4700/3550 4703/4704/4217 4451/4456/3306
f 4538/4539/3389 4451/4456/3306 4703/4704/4217
f 4703/4704/4217 4704/4705/4218 4538/4539/3389
f 4701/4703/4216 4705/4706/4219 4702/4702/3552
f 4706/4707/3557 4702/4702/3552 4705/4706/4219
f 4539/4540/3390 4538/4539/3389 4704/4705/4218
f 4704/4705/4218 4707/4708/3558 4539/4540/3390
f 4709/4709/3559 4706/4707/3557 4705/4706/4219
f 4705/4706/4219 4708/4710/4220 4709/4709/3559
f 4711/4711/4221 4709/4709/3559 4708/4710/4220
f 4708/4710/4220 4710/4712/4222 4711/4711/4221
f 4540/4541/4143 4539/4540/3390 4707/4708/3558
f 4707/4708/3558 4712/4713/4223 4540/4541/4143
f 4541/4542/3392 4540/4541/4143 4712/4713/4223
f 4712/4713/4223 4713/4714/3564 4541/4542/3392
f 4715/4715/4224 4711/4711/4221 4710/4712/4222
f 4710/4712/4222 4714/4716/3566 4715/4715/4224
f 4714/4716/3566 4716/4717/4225 4715/4715/4224
f 4542/4543/3393 4541/4542/3392 4713/4714/3564
f 4717/4718/4226 4715/4715/4224 4716/4717/4225
f 4719/4719/3569 4717/4718/4226 4716/4717/4225
f 4716/4717/4225 4718/4720/3570 4719/4719/3569
f 4542/4543/3393 4720/4721/3571 4543/4544/3394
f 4544/4545/4144 4543/4544/3394 4720/4721/3571
f 4720/4721/3571 4721/4722/3572 4544/4545/4144
f 4718/4720/3570 4722/4723/4227 4719/4719/3569
f 4724/4724/3574 4719/4719/3569 4722/4723/4227
f 4722/4723/4227 4723/4725/3575 4724/4724/3574
f 4545/4546/4145 4544/4545/4144 4721/4722/3572
f 4725/4726/4228 4724/4724/3574 4723/4725/3575
f 4723/4725/3575 3918/3919/2769 4725/4726/4228
f 4545/4546/4145 4726/4727/3577 4546/4547/4146
f 4547/4548/4147 4546/4547/4146 4726/4727/3577
f 3918/3919/2769 4727/4728/4229 4725/4726/4228
f 4729/4729/3579 4725/4726/4228 4727/4728/4229
f 4727/4728/4229 4728/4730/3580 4729/4729/3579
f 4547/4548/4147 4730/4731/3581 4548/4549/3399
f 4549/4550/4148 4548/4549/3399 4730/4731/3581
f 4730/4731/3581 4731/4732/3582 4549/4550/4148
f 4733/4733/3583 4729/4729/3579 4728/4730/3580
f 4728/4730/3580 4732/4734/3584 4733/4733/3583
f 4735/4735/4230 4733/4733/3583 4732/4734/3584
f 4732/4734/3584 4734/4736/3586 4735/4735/4230
f 4550/4551/3401 4549/4550/4148 4731/4732/3582
f 4731/4732/3582 4736/4737/3587 4550/4551/3401
f 4551/4552/4149 4550/4551/3401 4736/4737/3587
f 4736/4737/3587 4737/4738/4231 4551/4552/4149
f 4739/4739/3589 4735/4735/4230 4734/4736/3586
f 4734/4736/3586 4738/4740/3590 4739/4739/3589
f 4741/4741/4232 4739/4739/3589 4738/4740/3590
f 4738/4740/3590 4740/4742/3592 4741/4741/4232
f 4552/4553/3403 4551/4552/4149 4737/4738/4231
f 4737/4738/4231 4553/4554/4150 4552/4553/3403
f 4554/4555/3405 4744/4743/3593 4555/4556/4151
f 4744/4743/3593 4745/4744/3594 4555/4556/4151
f 4743/4745/3595 4746/4746/3596 4747/4747/3597
f 4556/4557/3407 4555/4556/4151 4745/4744/3594
f 4460/4465/3315 4556/4557/3407 4745/4744/3594
f 4745/4744/3594 4748/4748/3598 4460/4465/3315
f 4750/4749/3599 4747/4747/3597 4746/4746/3596
f 4746/4746/3596 4749/4750/3600 4750/4749/3599
f 4752/4751/4233 4750/4749/3599 4749/4750/3600
f 4749/4750/3600 4751/4752/3602 4752/4751/4233
f 4557/4558/4152 4460/4465/3315 4748/4748/3598
f 4748/4748/3598 4753/4753/4234 4557/4558/4152
f 4558/4559/4153 4557/4558/4152 4753/4753/4234
f 4753/4753/4234 4754/4754/3604 4558/4559/4153
f 4756/4755/3605 4752/4751/4233 4751/4752/3602
f 4751/4752/3602 4755/4756/4235 4756/4755/3605
f 4757/4757/3607 4756/4755/3605 4755/4756/4235
f 4755/4756/4235 3934/3931/2781 4757/4757/3607
f 4461/4466/3316 4558/4559/4153 4754/4754/3604
f 4754/4754/3604 4758/4758/3608 4461/4466/3316
f 4559/4560/3410 4461/4466/3316 4758/4758/3608
f 4758/4758/3608 4759/4759/4236 4559/4560/3410
f 3934/3931/2781 4760/4760/4237 4757/4757/3607
f 4762/4761/3611 4757/4757/3607 4760/4760/4237
f 4760/4760/4237 4761/4762/4238 4762/4761/3611
f 4560/4561/3411 4559/4560/3410 4759/4759/4236
f 4759/4759/4236 4763/4763/3613 4560/4561/3411
f 4561/4562/3412 4560/4561/3411 4763/4763/3613
f 4763/4763/3613 4764/4764/4239 4561/4562/3412
f 4765/4765/4240 4762/4761/3611 4761/4762/4238
f 4562/4563/3413 4561/4562/3412 4764/4764/4239
f 4764/4764/4239 4766/4766/3616 4562/4563/3413
f 4765/4765/4240 4767/4767/4241 4768/4768/3618
f 4770/4769/3619 4768/4768/3618 4767/4767/4241
f 4767/4767/4241 4769/4770/4242 4770/4769/3619
f 4563/4564/3414 4562/4563/3413 4766/4766/3616
f 4766/4766/3616 4771/4771/4243 4563/4564/3414
f 4564/4565/3415 4563/4564/3414 4771/4771/4243
f 4771/4771/4243 4772/4772/3622 4564/4565/3415
f 4774/4773/4244 4770/4769/3619 4769/4770/4242
f 4769/4770/4242 4773/4774/3624 4774/4773/4244
f 4776/4775/3625 4774/4773/4244 4773/4774/3624
f 4773/4774/3624 4775/4776/4245 4776/4775/3625
f 4465/4469/4120 4564/4565/3415 4772/4772/3622
f 4772/4772/3622 4777/4777/4246 4465/4469/4120
f 4565/4566/3416 4465/4469/4120 4777/4777/4246
f 4777/4777/4246 4778/4778/3628 4565/4566/3416
f 4775/4776/4245 4779/4779/4247 4776/4775/3625
f 4566/4567/4154 4565/4566/3416 4778/4778/3628
f 4780/4780/4248 4776/4775/3625 4779/4779/4247
f 4566/4567/4154 4781/4781/4249 4567/4568/4155
f 4780/4780/4248 4782/4782/4250 4783/4783/3633
f 4785/4784/3634 4783/4783/3633 4782/4782/4250
f 4782/4782/4250 4784/4785/4251 4785/4784/3634
f 4568/4569/3419 4567/4568/4155 4781/4781/4249
f 4781/4781/4249 4786/4786/3636 4568/4569/3419
f 4569/4570/4156 4568/4569/3419 4786/4786/3636
f 4788/4787/3637 4785/4784/3634 4784/4785/4251
f 4784/4785/4251 4787/4788/4252 4788/4787/3637
f 4569/4570/4156 4789/4789/4253 4468/4473/4121
f 4570/4571/4157 4468/4473/4121 4789/4789/4253
f 4789/4789/4253 4790/4790/3640 4570/4571/4157
f 4791/4791/3641 4788/4787/3637 4787/4788/4252
f 4787/4788/4252 3951/3948/3892 4791/4791/3641
f 4793/4792/3642 4791/4791/3641 3951/3948/3892
f 3951/3948/3892 4792/4793/3643 4793/4792/3642
f 4571/4572/4158 4570/4571/4157 4790/4790/3640
f 4790/4790/3640 4794/4794/3644 4571/4572/4158
f 4572/4573/3423 4571/4572/4158 4794/4794/3644
f 4794/4794/3644 4795/4795/3645 4572/4573/3423
f 4796/4796/4254 4793/4792/3642 4792/4793/3643
f 4792/4793/3643 3953/3952/3894 4796/4796/4254
f 4798/4797/4255 4796/4796/4254 3953/3952/3894
f 3953/3952/3894 4797/4798/4256 4798/4797/4255
f 4573/4574/3424 4572/4573/3423 4795/4795/3645
f 4795/4795/3645 4799/4799/4257 4573/4574/3424
f 4800/4800/3650 4798/4797/4255 4797/4798/4256
f 4797/4798/4256 3958/3955/2805 4800/4800/3650
f 4574/4575/4159 4573/4574/3424 4799/4799/4257
f 4799/4799/4257 4801/4801/3651 4574/4575/4159
f 4471/4475/3325 4574/4575/4159 4801/4801/3651
f 4801/4801/3651 4802/4802/3652 4471/4475/3325
f 4804/4803/3653 4800/4800/3650 3958/3955/2805
f 3958/3955/2805 4803/4804/4258 4804/4803/3653
f 4803/4804/4258 3959/3956/2806 4804/4803/3653
f 4472/4476/3326 4471/4475/3325 4802/4802/3652
f 4802/4802/3652 4805/4805/3655 4472/4476/3326
f 4575/4576/3426 4472/4476/3326 4805/4805/3655
f 4805/4805/3655 4806/4806/3656 4575/4576/3426
f 4808/4807/3657 4804/4803/3653 3959/3956/2806
f 3959/3956/2806 4807/4808/4259 4808/4807/3657
f 4810/4809/3659 4808/4807/3657 4807/4808/4259
f 4807/4808/4259 4809/4810/3660 4810/4809/3659
f 4576/4577/3427 4575/4576/3426 4806/4806/3656
f 4806/4806/3656 4811/4811/3661 4576/4577/3427
f 4577/4578/3428 4576/4577/3427 4811/4811/3661
f 4811/4811/3661 4812/4812/3662 4577/4578/3428
f 4814/4813/4260 4810/4809/3659 4809/4810/3660
f 4809/4810/3660 4813/4814/3664 4814/4813/4260
f 4816/4815/3665 4814/4813/4260 4813/4814/3664
f 4813/4814/3664 4815/4816/4261 4816/4815/3665
f 4578/4579/3429 4577/4578/3428 4812/4812/3662
f 4812/4812/3662 4817/4817/3667 4578/4579/3429
f 4579/4580/3430 4578/4579/3429 4817/4817/3667
f 4817/4817/3667 4818/4818/3668 4579/4580/3430
f 4820/4819/4262 4816/4815/3665 4815/4816/4261
f 4815/4816/4261 4819/4820/4263 4820/4819/4262
f 4580/4581/3431 4579/4580/3430 4818/4818/3668
f 4818/4818/3668 4821/4821/3671 4580/4581/3431
f 4823/4822/4264 4820/4819/4262 4819/4820/4263
f 4819/4820/4263 4822/4823/3673 4823/4822/4264
f 4581/4582/3432 4580/4581/3431 4821/4821/3671
f 4824/4824/4265 4823/4822/4264 4822/4823/3673
f 4825/4825/3675 4826/4826/4266 4827/4827/4267
f 4583/4584/4160 4828/4828/3678 4584/4585/4161
f 4830/4829/4268 4827/4827/4267 4826/4826/4266
f 4826/4826/4266 4829/4830/3680 4830/4829/4268
f 4585/4586/4162 4584/4585/4161 4828/4828/3678
f 4828/4828/3678 4831/4831/3681 4585/4586/4162
f 4478/4481/3331 4585/4586/4162 4831/4831/3681
f 4831/4831/3681 4832/4832/3682 4478/4481/3331
f 4834/4833/3683 4830/4829/4268 4829/4830/3680
f 4829/4830/3680 4833/4834/3684 4834/4833/3683
f 4586/4587/3437 4478/4481/3331 4832/4832/3682
f 4832/4832/3682 4835/4835/3685 4586/4587/3437
f 4587/4588/4163 4586/4587/3437 4835/4835/3685
f 4835/4835/3685 4836/4836/4269 4587/4588/4163
f 4837/4837/4270 4834/4833/3683 4833/4834/3684
f 4588/4589/3439 4587/4588/4163 4836/4836/4269
f 4836/4836/4269 4838/4838/4271 4588/4589/3439
f 4589/4590/4164 4588/4589/3439 4838/4838/4271
f 4838/4838/4271 4840/4839/3689 4589/4590/4164
f 4839/4840/4272 4841/4841/4273 4842/4842/4274
f 4590/4591/4165 4589/4590/4164 4840/4839/3689
f 4840/4839/3689 4843/4843/3693 4590/4591/4165
f 4845/4844/3694 4842/4842/4274 4841/4841/4273
f 4841/4841/4273 4844/4845/3695 4845/4844/3694
f 4847/4846/3696 4845/4844/3694 4844/4845/3695
f 4844/4845/3695 4846/4847/4275 4847/4846/3696
f 4591/4592/3442 4590/4591/4165 4843/4843/3693
f 4843/4843/3693 4848/4848/3698 4591/4592/3442
f 4592/4593/3443 4591/4592/3442 4848/4848/3698
f 4848/4848/3698 4849/4849/3699 4592/4593/3443
f 4851/4850/3700 4847/4846/3696 4846/4847/4275
f 4846/4847/4275 4850/4851/3701 4851/4850/3700
f 4853/4852/4276 4851/4850/3700 4850/4851/3701
f 4850/4851/3701 4852/4853/3703 4853/4852/4276
f 4593/4594/4166 4592/4593/3443 4849/4849/3699
f 4852/4853/3703 4854/4854/4277 4853/4852/4276
f 4855/4855/4278 4853/4852/4276 4854/4854/4277
f 4594/4595/4167 4856/4856/3706 4595/4596/4168
f 4857/4857/3707 4855/4855/4278 4854/4854/4277
f 4596/4597/3447 4595/4596/4168 4856/4856/3706
f 4856/4856/3706 4858/4858/4279 4596/4597/3447
f 4857/4857/3707 4859/4859/4280 4860/4860/3710
f 4597/4598/3448 4596/4597/3447 4858/4858/4279
f 4858/4858/4279 4861/4861/4281 4597/4598/3448
f 4862/4862/4282 4860/4860/3710 4859/4859/4280
f 4598/4599/4169 4597/4598/3448 4861/4861/4281
f 4863/4863/4283 4864/4864/4284 4865/4865/4285
f 4598/4599/4169 4866/4866/3716 4599/4600/3450
f 4600/4601/3451 4599/4600/3450 4866/4866/3716
f 4866/4866/3716 4867/4867/3717 4600/4601/3451
f 4869/4868/3718 4865/4865/4285 4864/4864/4284
f 4864/4864/4284 4868/4869/3719 4869/4868/3718
f 4871/4870/4286 4869/4868/3718 4868/4869/3719
f 4868/4869/3719 4870/4871/3721 4871/4870/4286
f 4601/4602/3452 4600/4601/3451 4867/4867/3717
f 4867/4867/3717 4872/4872/3722 4601/4602/3452
f 4602/4603/3453 4601/4602/3452 4872/4872/3722
f 4872/4872/3722 4873/4873/3723 4602/4603/3453
f 4875/4874/3724 4871/4870/4286 4870/4871/3721
f 4870/4871/3721 4874/4875/3725 4875/4874/3724
f 4877/4876/3726 4875/4874/3724 4874/4875/3725
f 4874/4875/3725 4876/4877/3727 4877/4876/3726
f 4603/4604/3454 4602/4603/3453 4873/4873/3723
f 4873/4873/3723 4878/4878/3728 4603/4604/3454
f 4880/4879/4287 4877/4876/3726 4876/4877/3727
f 4876/4877/3727 4879/4880/3730 4880/4879/4287
f 4604/4605/3455 4603/4604/3454 4878/4878/3728
f 4878/4878/3728 4881/4881/3731 4604/4605/3455
f 4605/4606/3456 4604/4605/3455 4881/4881/3731
f 4881/4881/3731 4882/4882/3732 4605/4606/3456
f 4879/4880/3730 4002/3998/2848 4880/4879/4287
f 4884/4883/3733 4880/4879/4287 4002/3998/2848
f 4002/3998/2848 4883/4884/4288 4884/4883/3733
f 4606/4607/4170 4605/4606/3456 4882/4882/3732
f 4882/4882/3732 4885/4885/4289 4606/4607/4170
f 4885/4885/4289 4886/4886/3736 4606/4607/4170
f 4887/4887/3737 4884/4883/3733 4883/4884/4288
f 4883/4884/4288 4006/4002/3912 4887/4887/3737
f 4607/4608/3458 4606/4607/4170 4886/4886/3736
f 4886/4886/3736 4888/4888/3738 4607/4608/3458
f 4608/4609/4171 4607/4608/3458 4888/4888/3738
f 4889/4889/3739 4887/4887/3737 4006/4002/3912
f 4006/4002/3912 4008/4003/2853 4889/4889/3739
f 4891/4890/4290 4889/4889/3739 4008/4003/2853
f 4008/4003/2853 4890/4891/3741 4891/4890/4290
f 4890/4891/3741 4892/4892/4291 4891/4890/4290
f 4610/4611/4173 4893/4893/4292 4611/4612/3462
f 4892/4892/4291 4894/4894/3744 4895/4895/4293
f 4491/4493/3343 4611/4612/3462 4893/4893/4292
f 4893/4893/4292 4896/4896/3746 4491/4493/3343
f 4898/4897/3747 4895/4895/4293 4894/4894/3744
f 4894/4894/3744 4897/4898/3748 4898/4897/3747
f 4900/4899/3749 4898/4897/3747 4897/4898/3748
f 4897/4898/3748 4899/4900/3750 4900/4899/3749
f 4612/4613/3463 4491/4493/3343 4896/4896/3746
f 4896/4896/3746 4901/4901/3751 4612/4613/3463
f 4613/4614/3464 4612/4613/3463 4901/4901/3751
f 4901/4901/3751 4902/4902/3752 4613/4614/3464
f 4899/4900/3750 4017/4014/2864 4900/4899/3749
f 4904/4903/3753 4900/4899/3749 4017/4014/2864
f 4017/4014/2864 4903/4904/3754 4904/4903/3753
f 4614/4615/4174 4613/4614/3464 4902/4902/3752
f 4902/4902/3752 4905/4905/3755 4614/4615/4174
f 4615/4616/3466 4614/4615/4174 4905/4905/3755
f 4905/4905/3755 4906/4906/4294 4615/4616/3466
f 4903/4904/3754 4907/4907/4295 4904/4903/3753
f 4908/4908/4296 4904/4903/3753 4907/4907/4295
f 4616/4617/4175 4615/4616/3466 4906/4906/4294
f 4906/4906/4294 4909/4909/3759 4616/4617/4175
f 4910/4910/4297 4908/4908/4296 4907/4907/4295
f 4907/4907/4295 4021/4017/2867 4910/4910/4297
f 4912/4911/4298 4910/4910/4297 4021/4017/2867
f 4021/4017/2867 4911/4912/3762 4912/4911/4298
f 4617/4618/4176 4616/4617/4175 4909/4909/3759
f 4909/4909/3759 4913/4913/3763 4617/4618/4176
f 4914/4914/4299 4912/4911/4298 4911/4912/3762
f 4618/4619/3469 4617/4618/4176 4913/4913/3763
f 4620/4621/4178 4917/4915/3765 4621/4622/4179
f 4916/4916/4300 4918/4917/3767 4919/4918/3768
f 4622/4623/4180 4621/4622/4179 4917/4915/3765
f 4917/4915/3765 4920/4919/4301 4622/4623/4180
f 4922/4920/3770 4919/4918/3768 4918/4917/3767
f 4918/4917/3767 4921/4921/3771 4922/4920/3770
f 4623/4624/3474 4622/4623/4180 4920/4919/4301
f 4920/4919/4301 4923/4922/3772 4623/4624/3474
f 4925/4923/3773 4922/4920/3770 4921/4921/3771
f 4921/4921/3771 4924/4924/3774 4925/4923/3773
f 4927/4925/4302 4925/4923/3773 4924/4924/3774
f 4924/4924/3774 4926/4926/3776 4927/4925/4302
f 4624/4625/3475 4623/4624/3474 4923/4922/3772
f 4923/4922/3772 4928/4927/3777 4624/4625/3475
f 4625/4626/3476 4624/4625/3475 4928/4927/3777
f 4928/4927/3777 4929/4928/4303 4625/4626/3476
f 4931/4929/3779 4927/4925/4302 4926/4926/3776
f 4926/4926/3776 4930/4930/3780 4931/4929/3779
f 4933/4931/3781 4931/4929/3779 4930/4930/3780
f 4930/4930/3780 4932/4932/3782 4933/4931/3781
f 4626/4627/3477 4625/4626/3476 4929/4928/4303
f 4929/4928/4303 4934/4933/3783 4626/4627/3477
f 4627/4628/3478 4626/4627/3477 4934/4933/3783
f 4935/4934/4304 4933/4931/3781 4932/4932/3782
f 4628/4629/4181 4937/4935/3785 4629/4630/4182
f 4936/4936/4305 4039/4035/3920 4938/4937/3787
f 4937/4935/3785 4939/4938/4306 4629/4630/4182
f 4630/4631/4183 4629/4630/4182 4939/4938/4306
f 4630/4631/4183 4941/4939/4307 4631/4632/3482
f 4940/4940/4308 4942/4941/3791 4943/4942/4309
f 4942/4941/3791 4944/4943/3793 4943/4942/4309
f 4632/4633/4184 4631/4632/3482 4941/4939/4307
f 4941/4939/4307 4945/4944/3794 4632/4633/4184
f 4633/4634/3484 4632/4633/4184 4945/4944/3794
f 4945/4944/3794 4946/4945/4310 4633/4634/3484
f 4947/4946/3796 4943/4942/4309 4944/4943/3793
f 4944/4943/3793 4044/4040/3922 4947/4946/3796
f 4949/4947/4311 4947/4946/3796 4044/4040/3922
f 4044/4040/3922 4948/4948/3798 4949/4947/4311
f 4634/4635/3485 4633/4634/3484 4946/4945/4310
f 4948/4948/3798 4950/4949/3799 4949/4947/4311
f 4951/4950/4312 4949/4947/4311 4950/4949/3799
f 4637/4638/4186 4953/4951/3801 4638/4639/3489
f 4952/4952/4313 4954/4953/4314 4955/4954/4315
f 4953/4951/3801 4956/4955/4316 4638/4639/3489
f 4639/4640/3490 4638/4639/3489 4956/4955/4316
f 4956/4955/4316 4957/4956/3806 4639/4640/3490
f 4959/4957/4317 4955/4954/4315 4954/4953/4314
f 4954/4953/4314 4958/4958/3808 4959/4957/4317
f 4961/4959/4318 4959/4957/4317 4958/4958/3808
f 4958/4958/3808 4960/4960/3810 4961/4959/4318
f 4640/4641/3491 4639/4640/3490 4957/4956/3806
f 4957/4956/3806 4962/4961/3811 4640/4641/3491
f 4963/4962/3812 4961/4959/4318 4960/4960/3810
f 4641/4642/4187 4640/4641/3491 4962/4961/3811
f 4965/4963/3813 4058/4056/2906 4966/4964/3814
f 4643/4644/4189 4967/4965/3815 4644/4645/4190
f 4645/4646/3496 4644/4645/4190 4967/4965/3815
f 4967/4965/3815 4968/4966/4319 4645/4646/3496
f 4970/4967/3817 4966/4964/3814 4058/4056/2906
f 4058/4056/2906 4969/4968/3818 4970/4967/3817
f 4972/4969/3819 4970/4967/3817 4969/4968/3818
f 4969/4968/3818 4971/4970/3820 4972/4969/3819
f 4646/4647/4191 4645/4646/3496 4968/4966/4319
f 4968/4966/4319 4973/4971/3821 4646/4647/4191
f 4647/4648/3498 4646/4647/4191 4973/4971/3821
f 4973/4971/3821 4974/4972/4320 4647/4648/3498
f 4976/4973/3823 4972/4969/3819 4971/4970/3820
f 4971/4970/3820 4975/4974/4321 4976/4973/3823
f 4978/4975/3825 4976/4973/3823 4975/4974/4321
f 4975/4974/4321 4977/4976/3826 4978/4975/3825
f 4648/4649/3499 4647/4648/3498 4974/4972/4320
f 4974/4972/4320 4979/4977/4322 4648/4649/3499
f 4649/4650/3500 4648/4649/3499 4979/4977/4322
f 4979/4977/4322 4980/4978/3828 4649/4650/3500
f 4982/4979/4323 4978/4975/3825 4977/4976/3826
f 4977/4976/3826 4981/4980/3830 4982/4979/4323
f 4650/4651/3501 4649/4650/3500 4980/4978/3828
f 4980/4978/3828 4983/4981/4324 4650/4651/3501
f 4984/4982/4325 4982/4979/4323 4981/4980/3830
f 4651/4652/4192 4650/4651/3501 4983/4981/4324
f 4984/4982/4325 4985/4983/3833 4986/4984/4326
f 4985/4983/3833 4067/4064/2914 4986/4984/4326
f 4651/4652/4192 4987/4985/3835 4652/4653/3503
f 4988/4986/4327 4986/4984/4326 4067/4064/2914
f 4515/4517/4136 4652/4653/3503 4987/4985/3835
f 4987/4985/3835 4990/4987/3837 4515/4517/4136
f 4653/4654/4193 4515/4517/4136 4990/4987/3837
f 4990/4987/3837 4991/4988/3838 4653/4654/4193
f 4993/4989/4328 4988/4986/4327 4989/4068/2918
f 4989/4068/2918 4992/4990/4329 4993/4989/4328
f 4991/4988/3838 4654/4655/4194 4653/4654/4193
f 4994/4991/4330 4993/4989/4328 4992/4990/4329
f 4996/4992/4331 4994/4991/4330 4995/4993/3843
f 4996/4992/4331 4997/4994/3844 4998/4995/4332
f 4655/4656/4195 4999/4996/3846 4656/4657/3507
f 5001/4997/3847 4998/4995/4332 4997/4994/3844
f 4997/4994/3844 5000/4998/3848 5001/4997/3847
f 4657/4658/4196 4656/4657/3507 4999/4996/3846
f 4999/4996/3846 5002/4999/3849 4657/4658/4196
f 4658/4659/3509 4657/4658/4196 5002/4999/3849
f 5002/4999/3849 5003/5000/4333 4658/4659/3509
f 5005/5001/4334 5001/4997/3847 5000/4998/3848
f 5000/4998/3848 5004/5002/4335 5005/5001/4334
f 4659/4660/3510 4658/4659/3509 5003/5000/4333
f 5006/5003/4336 5005/5001/4334 5004/5002/4335
f 5004/5002/4335 4081/4079/3941 5006/5003/4336
f 5008/5004/3854 5006/5003/4336 4081/4079/3941
f 4081/4079/3941 5007/5005/3855 5008/5004/3854
f 4659/4660/3510 5009/5006/3856 4660/4661/4197
f 4661/4662/4198 4660/4661/4197 5009/5006/3856
f 5009/5006/3856 5011/5007/3857 4661/4662/4198
f 4662/4663/3513 4661/4662/4198 5011/5007/3857
f 3888/3888/2738 4664/4665/4199 3886/3886/3863
f 4668/4670/4201 4666/4667/4200 3888/3888/2738
f 3888/3888/2738 3889/3889/3864 4668/4670/4201
f 4670/4672/3522 4668/4670/4201 3889/3889/3864
f 3889/3889/3864 3891/3891/2741 4670/4672/3522
f 4673/4675/3525 4670/4672/3522 3891/3891/2741
f 4675/4676/3526 4673/4675/3525 3891/3891/2741
f 3891/3891/2741 3893/3893/2743 4675/4676/3526
f 4678/4680/3530 4675/4676/3526 3893/3893/2743
f 4680/4682/3532 4678/4680/3530 3893/3893/2743
f 3893/3893/2743 3896/3896/3868 4680/4682/3532
f 4684/4686/3536 4680/4682/3532 3896/3896/3868
f 3896/3896/3868 3897/4090/2940 4684/4686/3536
f 4686/4688/3538 4684/4686/3536 3897/4090/2940
f 3897/4090/2940 3898/3897/2747 4686/4688/3538
f 4690/4692/4207 4686/4688/3538 3898/3897/2747
f 3898/3897/2747 3899/3899/3870 4690/4692/4207
f 4692/4694/4209 4690/4692/4207 3899/3899/3870
f 3899/3899/3870 3902/3902/3873 4692/4694/4209
f 4695/4697/4212 4692/4694/4209 3902/3902/3873
f 4698/4699/4214 4695/4697/4212 3902/3902/3873
f 3902/3902/3873 3905/3903/3874 4698/4699/4214
f 4701/4703/4216 4698/4699/4214 3905/3903/3874
f 3905/3903/3874 3907/3905/2755 4701/4703/4216
f 4705/4706/4219 4701/4703/4216 3907/3905/2755
f 3907/3905/2755 3908/3907/2757 4705/4706/4219
f 4708/4710/4220 4705/4706/4219 3908/3907/2757
f 3908/3907/2757 3910/3909/2759 4708/4710/4220
f 4710/4712/4222 4708/4710/4220 3910/3909/2759
f 3910/3909/2759 3911/3910/2760 4710/4712/4222
f 4714/4716/3566 4710/4712/4222 3911/3910/2760
f 3911/3910/2760 3912/3912/2762 4714/4716/3566
f 4716/4717/4225 4714/4716/3566 3912/3912/2762
f 3912/3912/2762 3915/3913/3877 4716/4717/4225
f 4718/4720/3570 4716/4717/4225 3915/3913/3877
f 3915/3913/3877 3914/3914/3878 4718/4720/3570
f 4722/4723/4227 4718/4720/3570 3914/3914/3878
f 3914/3914/3878 3916/3915/3879 4722/4723/4227
f 4723/4725/3575 4722/4723/4227 3916/3915/3879
f 3916/3915/3879 3917/3917/2767 4723/4725/3575
f 3917/3917/2767 3918/3919/2769 4723/4725/3575
f 4728/4730/3580 4727/4728/4229 3918/3919/2769
f 3918/3919/2769 3920/3920/2770 4728/4730/3580
f 4732/4734/3584 4728/4730/3580 3920/3920/2770
f 3920/3920/2770 3921/4109/2959 4732/4734/3584
f 4734/4736/3586 4732/4734/3584 3921/4109/2959
f 3921/4109/2959 3922/3921/2771 4734/4736/3586
f 4738/4740/3590 4734/4736/3586 3922/3921/2771
f 3922/3921/2771 3923/3923/3882 4738/4740/3590
f 4740/4742/3592 4738/4740/3590 3923/3923/3882
f 3923/3923/3882 3925/3925/3884 4740/4742/3592
f 4740/4742/3592 3925/3925/3884 4741/4741/4232
f 4742/5008/4337 4741/4741/4232 3925/3925/3884
f 3925/3925/3884 3927/3926/2776 4742/5008/4337
f 4743/4745/3595 4742/5008/4337 3927/3926/2776
f 4746/4746/3596 4743/4745/3595 3927/3926/2776
f 3927/3926/2776 3929/3928/2778 4746/4746/3596
f 4749/4750/3600 4746/4746/3596 3929/3928/2778
f 3929/3928/2778 3930/4117/2967 4749/4750/3600
f 4751/4752/3602 4749/4750/3600 3930/4117/2967
f 3930/4117/2967 3931/4120/2970 4751/4752/3602
f 4755/4756/4235 4751/4752/3602 3931/4120/2970
f 3931/4120/2970 3932/3929/3885 4755/4756/4235
f 3934/3931/2781 4755/4756/4235 3932/3929/3885
f 3934/3931/2781 3935/3932/2782 4760/4760/4237
f 4761/4762/4238 4760/4760/4237 3935/3932/2782
f 4761/4762/4238 3938/3935/3887 4765/4765/4240
f 3938/3935/3887 4761/4762/4238 3935/3932/2782
f 4767/4767/4241 4765/4765/4240 3938/3935/3887
f 3938/3935/3887 3939/3936/2786 4767/4767/4241
f 4769/4770/4242 4767/4767/4241 3939/3936/2786
f 3939/3936/2786 3940/3937/3888 4769/4770/4242
f 4773/4774/3624 4769/4770/4242 3940/3937/3888
f 3940/3937/3888 3941/3939/2789 4773/4774/3624
f 4775/4776/4245 4773/4774/3624 3941/3939/2789
f 3941/3939/2789 3944/3940/3889 4775/4776/4245
f 4779/4779/4247 4775/4776/4245 3944/3940/3889
f 4779/4779/4247 3946/3943/3890 4780/4780/4248
f 3946/3943/3890 4779/4779/4247 3944/3940/3889
f 4782/4782/4250 4780/4780/4248 3946/3943/3890
f 3946/3943/3890 3945/3942/2792 4782/4782/4250
f 4784/4785/4251 4782/4782/4250 3945/3942/2792
f 3945/3942/2792 3947/3944/2794 4784/4785/4251
f 4787/4788/4252 4784/4785/4251 3947/3944/2794
f 3947/3944/2794 3948/3946/3891 4787/4788/4252
f 3951/3948/3892 4787/4788/4252 3948/3946/3891
f 3951/3948/3892 3950/3947/2797 4792/4793/3643
f 3953/3952/3894 4792/4793/3643 3950/3947/2797
f 3953/3952/3894 3955/3951/2801 4797/4798/4256
f 3958/3955/2805 4797/4798/4256 3955/3951/2801
f 3958/3955/2805 3959/3956/2806 4803/4804/4258
f 3959/3956/2806 3961/3958/2808 4807/4808/4259
f 4809/4810/3660 4807/4808/4259 3961/3958/2808
f 3961/3958/2808 3962/3959/3897 4809/4810/3660
f 4813/4814/3664 4809/4810/3660 3962/3959/3897
f 3962/3959/3897 3963/3961/2811 4813/4814/3664
f 4815/4816/4261 4813/4814/3664 3963/3961/2811
f 4819/4820/4263 4815/4816/4261 3963/3961/2811
f 3963/3961/2811 3966/3963/3898 4819/4820/4263
f 4822/4823/3673 4819/4820/4263 3966/3963/3898
f 3966/3963/3898 3968/3965/2815 4822/4823/3673
f 4822/4823/3673 3971/3968/2818 4824/4824/4265
f 3971/3968/2818 4822/4823/3673 3968/3965/2815
f 4825/4825/3675 4824/4824/4265 3971/3968/2818
f 4826/4826/4266 3971/3968/2818 3973/3969/2819
f 4826/4826/4266 4825/4825/3675 3971/3968/2818
f 4829/4830/3680 4826/4826/4266 3973/3969/2819
f 3973/3969/2819 3976/3972/2822 4829/4830/3680
f 4833/4834/3684 4829/4830/3680 3976/3972/2822
f 4833/4834/3684 3978/3976/2826 4837/4837/4270
f 3978/3976/2826 4833/4834/3684 3976/3972/2822
f 4839/4840/4272 4837/4837/4270 3978/3976/2826
f 3978/3976/2826 3979/3975/2825 4839/4840/4272
f 4841/4841/4273 4839/4840/4272 3979/3975/2825
f 3979/3975/2825 3980/3977/2827 4841/4841/4273
f 4844/4845/3695 4841/4841/4273 3980/3977/2827
f 3980/3977/2827 3981/4155/3005 4844/4845/3695
f 4846/4847/4275 4844/4845/3695 3981/4155/3005
f 3981/4155/3005 3982/3978/2828 4846/4847/4275
f 4850/4851/3701 4846/4847/4275 3982/3978/2828
f 3982/3978/2828 3983/3980/2830 4850/4851/3701
f 4852/4853/3703 4850/4851/3701 3983/3980/2830
f 4854/4854/4277 4852/4853/3703 3983/3980/2830
f 3983/3980/2830 3986/3982/3904 4854/4854/4277
f 4854/4854/4277 3989/3985/3905 4857/4857/3707
f 3989/3985/3905 4854/4854/4277 3986/3982/3904
f 4859/4859/4280 4857/4857/3707 3989/3985/3905
f 3989/3985/3905 3991/3986/3906 4859/4859/4280
f 4859/4859/4280 3991/3986/3906 4862/4862/4282
f 4863/4863/4283 4862/4862/4282 3991/3986/3906
f 3991/3986/3906 3993/3988/3908 4863/4863/4283
f 3993/3988/3908 3992/3989/2839 4864/4864/4284
f 4864/4864/4284 4863/4863/4283 3993/3988/3908
f 4868/4869/3719 4864/4864/4284 3992/3989/2839
f 3992/3989/2839 3994/3990/3909 4868/4869/3719
f 4870/4871/3721 4868/4869/3719 3994/3990/3909
f 3994/3990/3909 3996/3992/2842 4870/4871/3721
f 4874/4875/3725 4870/4871/3721 3996/3992/2842
f 4876/4877/3727 4874/4875/3725 3996/3992/2842
f 3996/3992/2842 3998/3994/2844 4876/4877/3727
f 4879/4880/3730 4876/4877/3727 3998/3994/2844
f 3998/3994/2844 4001/3996/2846 4879/4880/3730
f 4002/3998/2848 4879/4880/3730 4001/3996/2846
f 4002/3998/2848 4004/3999/3911 4883/4884/4288
f 4006/4002/3912 4883/4884/4288 4004/3999/3911
f 4008/4003/2853 4010/4006/3913 4890/4891/3741
f 4890/4891/3741 4011/4009/2859 4892/4892/4291
f 4011/4009/2859 4890/4891/3741 4010/4006/3913
f 4894/4894/3744 4892/4892/4291 4011/4009/2859
f 4011/4009/2859 4013/4007/2857 4894/4894/3744
f 4897/4898/3748 4894/4894/3744 4013/4007/2857
f 4013/4007/2857 4014/4010/2860 4897/4898/3748
f 4899/4900/3750 4897/4898/3748 4014/4010/2860
f 4014/4010/2860 4016/4012/2862 4899/4900/3750
f 4017/4014/2864 4899/4900/3750 4016/4012/2862
f 4017/4014/2864 4018/4013/2863 4903/4904/3754
f 4907/4907/4295 4903/4904/3754 4018/4013/2863
f 4018/4013/2863 4019/4016/2866 4907/4907/4295
f 4021/4017/2867 4907/4907/4295 4019/4016/2866
f 4021/4017/2867 4024/4021/2871 4911/4912/3762
f 4911/4912/3762 4024/4021/2871 4914/4914/4299
f 4915/5009/4338 4914/4914/4299 4024/4021/2871
f 4024/4021/2871 4026/4022/3914 4915/5009/4338
f 4916/4916/4300 4915/5009/4338 4026/4022/3914
f 4026/4022/3914 4027/4023/2873 4916/4916/4300
f 4918/4917/3767 4916/4916/4300 4027/4023/2873
f 4027/4023/2873 4029/4025/3915 4918/4917/3767
f 4921/4921/3771 4918/4917/3767 4029/4025/3915
f 4924/4924/3774 4921/4921/3771 4029/4025/3915
f 4029/4025/3915 4030/4026/3916 4924/4924/3774
f 4926/4926/3776 4924/4924/3774 4030/4026/3916
f 4030/4026/3916 4031/4027/2877 4926/4926/3776
f 4930/4930/3780 4926/4926/3776 4031/4027/2877
f 4031/4027/2877 4032/4029/3918 4930/4930/3780
f 4932/4932/3782 4930/4930/3780 4032/4029/3918
f 4932/4932/3782 4034/4031/2881 4935/4934/4304
f 4034/4031/2881 4932/4932/3782 4032/4029/3918
f 4936/4936/4305 4935/4934/4304 4034/4031/2881
f 4034/4031/2881 4036/4032/2882 4936/4936/4305
f 4039/4035/3920 4936/4936/4305 4036/4032/2882
f 4940/4940/4308 4938/4937/3787 4039/4035/3920
f 4039/4035/3920 4040/4036/2886 4940/4940/4308
f 4040/4036/2886 4041/4037/2887 4942/4941/3791
f 4040/4036/2886 4942/4941/3791 4940/4940/4308
f 4944/4943/3793 4942/4941/3791 4041/4037/2887
f 4044/4040/3922 4944/4943/3793 4041/4037/2887
f 4044/4040/3922 4046/4042/2892 4948/4948/3798
f 4950/4949/3799 4948/4948/3798 4046/4042/2892
f 4046/4042/2892 4047/4045/3925 4950/4949/3799
f 4950/4949/3799 4047/4045/3925 4951/4950/4312
f 4952/4952/4313 4951/4950/4312 4047/4045/3925
f 4954/4953/4314 4952/4952/4313 4047/4045/3925
f 4954/4953/4314 4047/4045/3925 4049/4046/3926
f 4958/4958/3808 4954/4953/4314 4049/4046/3926
f 4049/4046/3926 4051/4048/2898 4958/4958/3808
f 4960/4960/3810 4958/4958/3808 4051/4048/2898
f 4051/4048/2898 4052/4049/3927 4960/4960/3810
f 4054/4052/2902 4960/4960/3810 4052/4049/3927
f 4960/4960/3810 4054/4052/2902 4963/4962/3812
f 4964/5010/4339 4963/4962/3812 4054/4052/2902
f 4965/4963/3813 4964/5010/4339 4054/4052/2902
f 4054/4052/2902 4055/4053/3929 4965/4963/3813
f 4058/4056/2906 4965/4963/3813 4055/4053/3929
f 4058/4056/2906 4059/4057/2907 4969/4968/3818
f 4971/4970/3820 4969/4968/3818 4059/4057/2907
f 4059/4057/2907 4060/4210/3061 4971/4970/3820
f 4975/4974/4321 4971/4970/3820 4060/4210/3061
f 4060/4210/3061 4061/4058/2908 4975/4974/4321
f 4977/4976/3826 4975/4974/4321 4061/4058/2908
f 4061/4058/2908 4063/4060/3930 4977/4976/3826
f 4981/4980/3830 4977/4976/3826 4063/4060/3930
f 4981/4980/3830 4065/4063/3933 4984/4982/4325
f 4065/4063/3933 4981/4980/3830 4063/4060/3930
f 4985/4983/3833 4984/4982/4325 4065/4063/3933
f 4065/4063/3933 4067/4064/2914 4985/4983/3833
f 4067/4064/2914 4989/4068/2918 4988/4986/4327
f 4989/4068/2918 4071/4069/2919 4992/4990/4329
f 4992/4990/4329 4995/4993/3843 4994/4991/4330
f 4995/4993/3843 4992/4990/4329 4071/4069/2919
f 4995/4993/3843 4074/4072/2922 4996/4992/4331
f 4074/4072/2922 4995/4993/3843 4071/4069/2919
f 4997/4994/3844 4996/4992/4331 4074/4072/2922
f 4074/4072/2922 4076/4074/2924 4997/4994/3844
f 5000/4998/3848 4997/4994/3844 4076/4074/2924
f 5004/5002/4335 5000/4998/3848 4076/4074/2924
f 4076/4074/2924 4078/4076/3939 5004/5002/4335
f 4081/4079/3941 5004/5002/4335 4078/4076/3939
f 4081/4079/3941 4080/4078/3940 5007/5005/3855
f 5007/5005/3855 4083/4082/3944 5008/5004/3854
f 4083/4082/3944 5007/5005/3855 4080/4078/3940
f 5010/5011/3861 5008/5004/3854 4083/4082/3944
f 5012/5012/3862 5010/5011/3861 4083/4082/3944
f 4083/4082/3944 4084/4081/3943 5012/5012/3862
f 5013/5013/4340 5014/5014/4341 5015/5015/4342
f 5017/5016/4343 5015/5015/4342 5014/5014/4341
f 5014/5014/4341 5016/5017/4344 5017/5016/4343
f 5016/5017/4344 5200/5018/4345 5018/5019/4346
f 5018/5019/4346 5017/5016/4343 5016/5017/4344
f 5019/5020/4347 5018/5019/4346 5200/5018/4345
f 5020/5021/4348 5022/5022/4349 5021/5023/4350
f 5023/5024/4351 5021/5023/4350 5022/5022/4349
f 5023/5024/4351 5024/5025/4352 5025/5026/4353
f 5024/5025/4352 5026/5027/4354 5027/5028/4355
f 5027/5028/4355 5025/5026/4353 5024/5025/4352
f 5027/5028/4355 5028/5029/4356 5854/5030/4357
f 5028/5029/4356 5027/5028/4355 5026/5027/4354
f 5030/5031/4358 5854/5030/4357 5028/5029/4356
f 5028/5029/4356 5029/5032/4359 5030/5031/4358
f 5855/5033/4360 5030/5031/4358 5029/5032/4359
f 5029/5032/4359 5031/5034/4361 5855/5033/4360
f 5032/5035/4362 5855/5033/4360 5031/5034/4361
f 5032/5035/4362 5033/5036/4363 5856/5037/4364
f 5033/5036/4363 5034/5038/4365 5035/5039/4366
f 5035/5039/4366 5856/5037/4364 5033/5036/4363
f 5036/5040/4367 5035/5039/4366 5034/5038/4365
f 5034/5038/4365 5037/5041/4368 5036/5040/4367
f 5038/5042/4369 5036/5040/4367 5037/5041/4368
f 5038/5042/4369 5039/5043/4370 5040/5044/4371
f 5039/5043/4370 5038/5042/4369 5037/5041/4368
f 5041/5045/4372 5040/5044/4371 5039/5043/4370
f 5041/5045/4372 5043/5046/4373 5042/5047/4374
f 5042/5047/4374 5043/5046/4373 5862/5048/4375
f 5044/5049/4376 5862/5048/4375 5043/5046/4373
f 5044/5049/4376 5045/5050/4377 5046/5051/4378
f 5868/5052/4379 5046/5051/4378 5045/5050/4377
f 5045/5050/4377 5047/5053/4380 5868/5052/4379
f 5870/5054/4381 5868/5052/4379 5047/5053/4380
f 5047/5053/4380 5048/5055/4382 5870/5054/4381
f 5049/5056/4383 5870/5054/4381 5048/5055/4382
f 5048/5055/4382 5050/5057/4384 5049/5056/4383
f 5051/5058/4385 5049/5056/4383 5050/5057/4384
f 5049/5056/4383 5051/5058/4385 5052/5059/4386
f 5874/5060/4387 5052/5059/4386 5051/5058/4385
f 5051/5058/4385 5053/5061/4388 5874/5060/4387
f 5053/5061/4388 5054/5062/4389 5055/5063/4390
f 5055/5063/4390 5874/5060/4387 5053/5061/4388
f 5056/5064/4391 5055/5063/4390 5054/5062/4389
f 5056/5064/4391 5058/5065/4392 5057/5066/4393
f 5059/5067/4394 5057/5066/4393 5058/5065/4392
f 5058/5065/4392 5217/5068/4395 5059/5067/4394
f 5059/5067/4394 5060/5069/4396 5880/5070/4397
f 5060/5069/4396 5059/5067/4394 5217/5068/4395
f 5061/5071/4398 5880/5070/4397 5060/5069/4396
f 5061/5071/4398 5062/5072/4399 5881/5073/4400
f 5063/5074/4401 5881/5073/4400 5062/5072/4399
f 5063/5074/4401 5065/5075/4402 5064/5076/4403
f 5066/5077/4404 5064/5076/4403 5065/5075/4402
f 5066/5077/4404 5067/5078/4405 5882/5079/4406
f 5067/5078/4405 5068/5080/4407 5069/5081/4408
f 5069/5081/4408 5882/5079/4406 5067/5078/4405
f 5069/5081/4408 5068/5080/4407 5883/5082/4409
f 5884/5083/4410 5883/5082/4409 5068/5080/4407
f 5068/5080/4407 5070/5084/4411 5884/5083/4410
f 5885/5085/4412 5884/5083/4410 5070/5084/4411
f 5070/5084/4411 5071/5086/4413 5885/5085/4412
f 5071/5086/4413 5072/5087/4414 5073/5088/4415
f 5073/5088/4415 5885/5085/4412 5071/5086/4413
f 5073/5088/4415 5074/5089/4416 5075/5090/4417
f 5074/5089/4416 5073/5088/4415 5072/5087/4414
f 5074/5089/4416 5076/5091/4418 5077/5092/4419
f 5077/5092/4419 5075/5090/4417 5074/5089/4416
f 5077/5092/4419 5076/5091/4418 5078/5093/4420
f 5080/5094/4421 5078/5093/4420 5076/5091/4418
f 5076/5091/4418 5079/5095/4422 5080/5094/4421
f 5079/5095/4422 5081/5096/4423 5080/5094/4421
f 5082/5097/4424 5080/5094/4421 5081/5096/4423
f 5083/5098/4425 5082/5097/4424 5081/5096/4423
f 5083/5098/4425 5084/5099/4426 5085/5100/4427
f 5892/5101/4428 5085/5100/4427 5084/5099/4426
f 5084/5099/4426 5086/5102/4429 5892/5101/4428
f 5088/5103/4430 5892/5101/4428 5086/5102/4429
f 5086/5102/4429 5087/5104/4431 5088/5103/4430
f 5894/5105/4432 5088/5103/4430 5087/5104/4431
f 5087/5104/4431 5089/5106/4433 5894/5105/4432
f 5090/5107/4434 5894/5105/4432 5089/5106/4433
f 5089/5106/4433 5091/5108/4435 5090/5107/4434
f 5090/5107/4434 5092/5109/4436 5093/5110/4437
f 5092/5109/4436 5090/5107/4434 5091/5108/4435
f 5095/5111/4438 5093/5110/4437 5092/5109/4436
f 5092/5109/4436 5094/5112/4439 5095/5111/4438
f 5097/5113/4440 5095/5111/4438 5094/5112/4439
f 5094/5112/4439 5096/5114/4441 5097/5113/4440
f 5098/5115/4442 5097/5113/4440 5096/5114/4441
f 5099/5116/4443 5098/5115/4442 5096/5114/4441
f 5101/5117/4444 5098/5115/4442 5099/5116/4443
f 5099/5116/4443 5100/5118/4445 5101/5117/4444
f 5103/5119/4446 5101/5117/4444 5100/5118/4445
f 5100/5118/4445 5102/5120/4447 5103/5119/4446
f 5105/5121/4448 5103/5119/4446 5102/5120/4447
f 5102/5120/4447 5104/5122/4449 5105/5121/4448
f 5104/5122/4449 5106/5123/4450 5105/5121/4448
f 5106/5123/4450 5107/5124/4451 5108/5125/4452
f 5110/5126/4453 5107/5124/4451 5241/5127/4454
f 5241/5127/4454 5109/5128/4455 5110/5126/4453
f 5110/5126/4453 5108/5125/4452 5107/5124/4451
f 5110/5126/4453 5109/5128/4455 5111/5129/4456
f 5113/5130/4457 5111/5129/4456 5109/5128/4455
f 5109/5128/4455 5112/5131/4458 5113/5130/4457
f 5115/5132/4459 5113/5130/4457 5112/5131/4458
f 5112/5131/4458 5114/5133/4460 5115/5132/4459
f 5907/5134/4461 5115/5132/4459 5114/5133/4460
f 5117/5135/4462 5907/5134/4461 5114/5133/4460
f 5114/5133/4460 5116/5136/4463 5117/5135/4462
f 5119/5137/4464 5117/5135/4462 5116/5136/4463
f 5116/5136/4463 5118/5138/4465 5119/5137/4464
f 5120/5139/4466 5119/5137/4464 5118/5138/4465
f 5118/5138/4465 5121/5140/4467 5120/5139/4466
f 5120/5139/4466 5121/5140/4467 5122/5141/4468
f 5121/5140/4467 5123/5142/4469 5122/5141/4468
f 5121/5140/4467 5124/5143/4470 5123/5142/4469
f 5125/5144/4471 5123/5142/4469 5124/5143/4470
f 5126/5145/4472 5125/5144/4471 5124/5143/4470
f 5126/5145/4472 5128/5146/4473 5127/5147/4474
f 5127/5147/4474 5128/5146/4473 5129/5148/4475
f 5130/5149/4476 5129/5148/4475 5128/5146/4473
f 5128/5146/4473 5131/5150/4477 5130/5149/4476
f 5132/5151/4478 5130/5149/4476 5131/5150/4477
f 5130/5149/4476 5132/5151/4478 5917/5152/4479
f 5134/5153/4480 5917/5152/4479 5132/5151/4478
f 5132/5151/4478 5133/5154/4481 5134/5153/4480
f 5136/5155/4482 5134/5153/4480 5133/5154/4481
f 5133/5154/4481 5135/5156/4483 5136/5155/4482
f 5138/5157/4484 5136/5155/4482 5135/5156/4483
f 5135/5156/4483 5137/5158/4485 5138/5157/4484
f 5140/5159/4486 5138/5157/4484 5137/5158/4485
f 5137/5158/4485 5139/5160/4487 5140/5159/4486
f 5141/5161/4488 5140/5159/4486 5139/5160/4487
f 5139/5160/4487 5142/5162/4489 5141/5161/4488
f 5144/5163/4490 5141/5161/4488 5142/5162/4489
f 5142/5162/4489 5143/5164/4491 5144/5163/4490
f 5146/5165/4492 5144/5163/4490 5143/5164/4491
f 5143/5164/4491 5145/5166/4493 5146/5165/4492
f 5148/5167/4494 5146/5165/4492 5145/5166/4493
f 5145/5166/4493 5147/5168/4495 5148/5167/4494
f 5149/5169/4496 5148/5167/4494 5147/5168/4495
f 5147/5168/4495 5258/5170/4497 5149/5169/4496
f 5151/5171/4498 5149/5169/4496 5258/5170/4497
f 5258/5170/4497 5150/5172/4499 5151/5171/4498
f 5151/5171/4498 5150/5172/4499 5152/5173/4500
f 5154/5174/4501 5152/5173/4500 5150/5172/4499
f 5150/5172/4499 5153/5175/4502 5154/5174/4501
f 5156/5176/4503 5154/5174/4501 5153/5175/4502
f 5153/5175/4502 5155/5177/4504 5156/5176/4503
f 5157/5178/4505 5156/5176/4503 5155/5177/4504
f 5157/5178/4505 5158/5179/4506 5159/5180/4507
f 5161/5181/4508 5159/5180/4507 5158/5179/4506
f 5158/5179/4506 5160/5182/4509 5161/5181/4508
f 5160/5182/4509 5162/5183/4510 5163/5184/4511
f 5163/5184/4511 5161/5181/4508 5160/5182/4509
f 5164/5185/4512 5163/5184/4511 5162/5183/4510
f 5163/5184/4511 5164/5185/4512 5165/5186/4513
f 5167/5187/4514 5165/5186/4513 5164/5185/4512
f 5164/5185/4512 5166/5188/4515 5167/5187/4514
f 5166/5188/4515 5168/5189/4516 5169/5190/4517
f 5169/5190/4517 5167/5187/4514 5166/5188/4515
f 5171/5191/4518 5169/5190/4517 5168/5189/4516
f 5168/5189/4516 5170/5192/4519 5171/5191/4518
f 5172/5193/4520 5171/5191/4518 5170/5192/4519
f 5171/5191/4518 5172/5193/4520 5173/5194/4521
f 5174/5195/4522 5173/5194/4521 5172/5193/4520
f 5172/5193/4520 5175/5196/4523 5174/5195/4522
f 5176/5197/4524 5174/5195/4522 5175/5196/4523
f 5175/5196/4523 5177/5198/4525 5178/5199/4526
f 5178/5199/4526 5176/5197/4524 5175/5196/4523
f 5180/5200/4527 5178/5199/4526 5177/5198/4525
f 5177/5198/4525 5179/5201/4528 5180/5200/4527
f 5182/5202/4529 5180/5200/4527 5179/5201/4528
f 5179/5201/4528 5181/5203/4530 5182/5202/4529
f 5182/5202/4529 5181/5203/4530 5183/5204/4531
f 5185/5205/4532 5183/5204/4531 5181/5203/4530
f 5181/5203/4530 5184/5206/4533 5185/5205/4532
f 5184/5206/4533 5186/5207/4534 5187/5208/4535
f 5184/5206/4533 5187/5208/4535 5185/5205/4532
f 5187/5208/4535 5186/5207/4534 5188/5209/4536
f 5190/5210/4537 5188/5209/4536 5186/5207/4534
f 5186/5207/4534 5189/5211/4538 5190/5210/4537
f 5191/5212/4539 5190/5210/4537 5189/5211/4538
f 5192/5213/4540 5191/5212/4539 5189/5211/4538
f 5189/5211/4538 5281/5214/4541 5192/5213/4540
f 5192/5213/4540 5193/5215/4542 5194/5216/4543
f 5193/5215/4542 5192/5213/4540 5281/5214/4541
f 5196/5217/4544 5194/5216/4543 5193/5215/4542
f 5193/5215/4542 5195/5218/4545 5196/5217/4544
f 5197/5219/4546 5195/5218/4545 5283/5220/4547
f 5198/5221/4548 5199/5222/4549 5013/5013/4340
f 5016/5017/4344 5014/5014/4341 5013/5013/4340
f 5016/5017/4344 5013/5013/4340 5199/5222/4549
f 5200/5018/4345 5201/5223/4550 5019/5020/4347
f 5020/5021/4348 5019/5020/4347 5201/5223/4550
f 5201/5223/4550 5202/5224/4551 5020/5021/4348
f 5022/5022/4349 5020/5021/4348 5202/5224/4551
f 5022/5022/4349 5203/5225/4552 5023/5024/4351
f 5024/5025/4352 5023/5024/4351 5203/5225/4552
f 5024/5025/4352 5204/5226/4553 5026/5027/4354
f 5028/5029/4356 5026/5027/4354 5204/5226/4553
f 5031/5034/4361 5205/5227/4554 5032/5035/4362
f 5033/5036/4363 5032/5035/4362 5205/5227/4554
f 5205/5227/4554 5034/5038/4365 5033/5036/4363
f 5037/5041/4368 5034/5038/4365 5206/5228/4555
f 5206/5228/4555 5207/5229/4556 5037/5041/4368
f 5207/5229/4556 5208/5230/4557 5037/5041/4368
f 5039/5043/4370 5037/5041/4368 5208/5230/4557
f 5208/5230/4557 5209/5231/4558 5039/5043/4370
f 5041/5045/4372 5039/5043/4370 5209/5231/4558
f 5209/5231/4558 5210/5232/4559 5041/5045/4372
f 5043/5046/4373 5041/5045/4372 5210/5232/4559
f 5210/5232/4559 5211/5233/4560 5043/5046/4373
f 5044/5049/4376 5043/5046/4373 5211/5233/4560
f 5211/5233/4560 5212/5234/4561 5044/5049/4376
f 5045/5050/4377 5044/5049/4376 5212/5234/4561
f 5212/5234/4561 5213/5235/4562 5045/5050/4377
f 5047/5053/4380 5045/5050/4377 5213/5235/4562
f 5050/5057/4384 5308/5236/4563 5051/5058/4385
f 5053/5061/4388 5051/5058/4385 5308/5236/4563
f 5053/5061/4388 5310/5237/4564 5054/5062/4389
f 5054/5062/4389 5214/5238/4565 5056/5064/4391
f 5214/5238/4565 5054/5062/4389 5310/5237/4564
f 5058/5065/4392 5056/5064/4391 5214/5238/4565
f 5058/5065/4392 5214/5238/4565 5215/5239/4566
f 5215/5239/4566 5216/5240/4567 5058/5065/4392
f 5217/5068/4395 5058/5065/4392 5216/5240/4567
f 5060/5069/4396 5218/5241/4568 5061/5071/4398
f 5062/5072/4399 5061/5071/4398 5218/5241/4568
f 5062/5072/4399 5219/5242/4569 5063/5074/4401
f 5065/5075/4402 5063/5074/4401 5219/5242/4569
f 5065/5075/4402 5220/5243/4570 5066/5077/4404
f 5067/5078/4405 5066/5077/4404 5220/5243/4570
f 5220/5243/4570 5221/5244/4571 5067/5078/4405
f 5068/5080/4407 5067/5078/4405 5221/5244/4571
f 5221/5244/4571 5222/5245/4572 5068/5080/4407
f 5223/5246/4573 5068/5080/4407 5222/5245/4572
f 5070/5084/4411 5068/5080/4407 5223/5246/4573
f 5070/5084/4411 5224/5247/4574 5071/5086/4413
f 5072/5087/4414 5071/5086/4413 5224/5247/4574
f 5224/5247/4574 5320/5248/4575 5072/5087/4414
f 5074/5089/4416 5072/5087/4414 5320/5248/4575
f 5320/5248/4575 5225/5249/4576 5074/5089/4416
f 5226/5250/4577 5074/5089/4416 5225/5249/4576
f 5074/5089/4416 5226/5250/4577 5076/5091/4418
f 5226/5250/4577 5227/5251/4578 5076/5091/4418
f 5079/5095/4422 5076/5091/4418 5227/5251/4578
f 5081/5096/4423 5079/5095/4422 5227/5251/4578
f 5227/5251/4578 5229/5252/4579 5081/5096/4423
f 5229/5252/4579 5227/5251/4578 5228/5253/4580
f 5083/5098/4425 5081/5096/4423 5229/5252/4579
f 5229/5252/4579 5230/5254/4581 5083/5098/4425
f 5230/5254/4581 5325/5255/4582 5084/5099/4426
f 5084/5099/4426 5083/5098/4425 5230/5254/4581
f 5086/5102/4429 5084/5099/4426 5325/5255/4582
f 5325/5255/4582 5231/5256/4583 5086/5102/4429
f 5087/5104/4431 5086/5102/4429 5231/5256/4583
f 5231/5256/4583 5232/5257/4584 5087/5104/4431
f 5233/5258/4585 5087/5104/4431 5232/5257/4584
f 5087/5104/4431 5233/5258/4585 5089/5106/4433
f 5091/5108/4435 5089/5106/4433 5233/5258/4585
f 5233/5258/4585 5234/5259/4586 5091/5108/4435
f 5235/5260/4587 5091/5108/4435 5234/5259/4586
f 5091/5108/4435 5235/5260/4587 5092/5109/4436
f 5094/5112/4439 5092/5109/4436 5235/5260/4587
f 5235/5260/4587 5236/5261/4588 5094/5112/4439
f 5237/5262/4589 5094/5112/4439 5236/5261/4588
f 5094/5112/4439 5237/5262/4589 5096/5114/4441
f 5237/5262/4589 5099/5116/4443 5096/5114/4441
f 5237/5262/4589 5238/5263/4590 5099/5116/4443
f 5100/5118/4445 5099/5116/4443 5238/5263/4590
f 5100/5118/4445 5333/5264/4591 5102/5120/4447
f 5102/5120/4447 5239/5265/4592 5104/5122/4449
f 5239/5265/4592 5102/5120/4447 5333/5264/4591
f 5106/5123/4450 5104/5122/4449 5239/5265/4592
f 5239/5265/4592 5240/5266/4593 5106/5123/4450
f 5107/5124/4451 5106/5123/4450 5240/5266/4593
f 5240/5266/4593 5241/5127/4454 5107/5124/4451
f 5109/5128/4455 5241/5127/4454 5242/5267/4594
f 5242/5267/4594 5243/5268/4595 5109/5128/4455
f 5112/5131/4458 5109/5128/4455 5243/5268/4595
f 5243/5268/4595 5244/5269/4596 5112/5131/4458
f 5114/5133/4460 5112/5131/4458 5244/5269/4596
f 5244/5269/4596 5245/5270/4597 5114/5133/4460
f 5116/5136/4463 5114/5133/4460 5245/5270/4597
f 5245/5270/4597 5246/5271/4598 5116/5136/4463
f 5118/5138/4465 5116/5136/4463 5246/5271/4598
f 5246/5271/4598 5247/5272/4599 5118/5138/4465
f 5121/5140/4467 5118/5138/4465 5247/5272/4599
f 5247/5272/4599 5248/5273/4600 5121/5140/4467
f 5124/5143/4470 5121/5140/4467 5248/5273/4600
f 5250/5274/4601 5124/5143/4470 5249/5275/4602
f 5124/5143/4470 5250/5274/4601 5126/5145/4472
f 5128/5146/4473 5126/5145/4472 5250/5274/4601
f 5252/5276/4603 5250/5274/4601 5251/5277/4604
f 5250/5274/4601 5252/5276/4603 5128/5146/4473
f 5131/5150/4477 5128/5146/4473 5252/5276/4603
f 5252/5276/4603 5253/5278/4605 5131/5150/4477
f 5133/5154/4481 5132/5151/4478 5131/5150/4477
f 5133/5154/4481 5352/5279/4606 5135/5156/4483
f 5137/5158/4485 5135/5156/4483 5352/5279/4606
f 5352/5279/4606 5254/5280/4607 5137/5158/4485
f 5139/5160/4487 5137/5158/4485 5254/5280/4607
f 5254/5280/4607 5255/5281/4608 5139/5160/4487
f 5142/5162/4489 5139/5160/4487 5255/5281/4608
f 5255/5281/4608 5256/5282/4609 5142/5162/4489
f 5143/5164/4491 5142/5162/4489 5256/5282/4609
f 5143/5164/4491 5257/5283/4610 5145/5166/4493
f 5147/5168/4495 5145/5166/4493 5257/5283/4610
f 5257/5283/4610 5258/5170/4497 5147/5168/4495
f 5150/5172/4499 5258/5170/4497 5259/5284/4611
f 5259/5284/4611 5260/5285/4612 5150/5172/4499
f 5261/5286/4613 5150/5172/4499 5260/5285/4612
f 5153/5175/4502 5150/5172/4499 5261/5286/4613
f 5261/5286/4613 5262/5287/4614 5153/5175/4502
f 5155/5177/4504 5153/5175/4502 5262/5287/4614
f 5155/5177/4504 5263/5288/4615 5157/5178/4505
f 5158/5179/4506 5157/5178/4505 5263/5288/4615
f 5263/5288/4615 5264/5289/4616 5158/5179/4506
f 5160/5182/4509 5158/5179/4506 5264/5289/4616
f 5264/5289/4616 5265/5290/4617 5160/5182/4509
f 5162/5183/4510 5160/5182/4509 5265/5290/4617
f 5162/5183/4510 5266/5291/4618 5164/5185/4512
f 5164/5185/4512 5267/5292/4619 5166/5188/4515
f 5267/5292/4619 5164/5185/4512 5266/5291/4618
f 5168/5189/4516 5166/5188/4515 5267/5292/4619
f 5168/5189/4516 5268/5293/4620 5170/5192/4519
f 5170/5192/4519 5269/5294/4621 5172/5193/4520
f 5270/5295/4622 5172/5193/4520 5269/5294/4621
f 5175/5196/4523 5172/5193/4520 5270/5295/4622
f 5177/5198/4525 5270/5295/4622 5271/5296/4623
f 5271/5296/4623 5272/5297/4624 5177/5198/4525
f 5177/5198/4525 5175/5196/4523 5270/5295/4622
f 5272/5297/4624 5273/5298/4625 5177/5198/4525
f 5179/5201/4528 5177/5198/4525 5273/5298/4625
f 5273/5298/4625 5274/5299/4626 5179/5201/4528
f 5181/5203/4530 5179/5201/4528 5274/5299/4626
f 5274/5299/4626 5379/5300/4627 5181/5203/4530
f 5379/5300/4627 5275/5301/4628 5181/5203/4530
f 5181/5203/4530 5275/5301/4628 5184/5206/4533
f 5186/5207/4534 5184/5206/4533 5275/5301/4628
f 5275/5301/4628 5277/5302/4629 5186/5207/4534
f 5277/5302/4629 5275/5301/4628 5276/5303/4630
f 5277/5302/4629 5278/5304/4631 5186/5207/4534
f 5189/5211/4538 5278/5304/4631 5279/5305/4632
f 5189/5211/4538 5186/5207/4534 5278/5304/4631
f 5280/5306/4633 5189/5211/4538 5279/5305/4632
f 5281/5214/4541 5189/5211/4538 5280/5306/4633
f 5281/5214/4541 5282/5307/4634 5193/5215/4542
f 5283/5220/4547 5193/5215/4542 5282/5307/4634
f 5193/5215/4542 5283/5220/4547 5195/5218/4545
f 5285/5308/4635 5283/5220/4547 5284/5309/4636
f 5283/5220/4547 5285/5308/4635 5197/5219/4546
f 5199/5222/4549 5286/5310/4637 5016/5017/4344
f 5200/5018/4345 5016/5017/4344 5286/5310/4637
f 5286/5310/4637 5287/5311/4638 5200/5018/4345
f 5201/5223/4550 5200/5018/4345 5287/5311/4638
f 5201/5223/4550 5288/5312/4639 5202/5224/4551
f 5022/5022/4349 5202/5224/4551 5288/5312/4639
f 5288/5312/4639 5289/5313/4640 5022/5022/4349
f 5203/5225/4552 5022/5022/4349 5289/5313/4640
f 5289/5313/4640 5392/5314/4641 5203/5225/4552
f 5203/5225/4552 5290/5315/4642 5024/5025/4352
f 5290/5315/4642 5203/5225/4552 5392/5314/4641
f 5290/5315/4642 5393/5316/4643 5204/5226/4553
f 5204/5226/4553 5024/5025/4352 5290/5315/4642
f 5204/5226/4553 5291/5317/4644 5028/5029/4356
f 5291/5317/4644 5204/5226/4553 5393/5316/4643
f 5029/5032/4359 5028/5029/4356 5291/5317/4644
f 5291/5317/4644 5292/5318/4645 5029/5032/4359
f 5031/5034/4361 5029/5032/4359 5292/5318/4645
f 5292/5318/4645 5293/5319/4646 5031/5034/4361
f 5205/5227/4554 5031/5034/4361 5293/5319/4646
f 5293/5319/4646 5294/5320/4647 5205/5227/4554
f 5034/5038/4365 5205/5227/4554 5294/5320/4647
f 5294/5320/4647 5295/5321/4648 5034/5038/4365
f 5295/5321/4648 5296/5322/4649 5206/5228/4555
f 5206/5228/4555 5034/5038/4365 5295/5321/4648
f 5207/5229/4556 5206/5228/4555 5296/5322/4649
f 5296/5322/4649 5297/5323/4650 5207/5229/4556
f 5208/5230/4557 5207/5229/4556 5297/5323/4650
f 5297/5323/4650 5298/5324/4651 5208/5230/4557
f 5209/5231/4558 5208/5230/4557 5298/5324/4651
f 5209/5231/4558 5299/5325/4652 5210/5232/4559
f 5211/5233/4560 5210/5232/4559 5299/5325/4652
f 5299/5325/4652 5300/5326/4653 5211/5233/4560
f 5301/5327/4654 5211/5233/4560 5300/5326/4653
f 5212/5234/4561 5211/5233/4560 5301/5327/4654
f 5301/5327/4654 5302/5328/4655 5212/5234/4561
f 5213/5235/4562 5212/5234/4561 5302/5328/4655
f 5302/5328/4655 5303/5329/4656 5213/5235/4562
f 5303/5329/4656 5304/5330/4657 5213/5235/4562
f 5305/5331/4658 5213/5235/4562 5304/5330/4657
f 5047/5053/4380 5213/5235/4562 5305/5331/4658
f 5048/5055/4382 5047/5053/4380 5305/5331/4658
f 5305/5331/4658 5306/5332/4659 5048/5055/4382
f 5050/5057/4384 5048/5055/4382 5306/5332/4659
f 5306/5332/4659 5307/5333/4660 5050/5057/4384
f 5308/5236/4563 5050/5057/4384 5307/5333/4660
f 5308/5236/4563 5309/5334/4661 5053/5061/4388
f 5310/5237/4564 5053/5061/4388 5309/5334/4661
f 5310/5237/4564 5215/5239/4566 5214/5238/4565
f 5216/5240/4567 5215/5239/4566 5311/5335/4662
f 5311/5335/4662 5312/5336/4663 5216/5240/4567
f 5313/5337/4664 5216/5240/4567 5312/5336/4663
f 5216/5240/4567 5313/5337/4664 5217/5068/4395
f 5060/5069/4396 5217/5068/4395 5313/5337/4664
f 5313/5337/4664 5314/5338/4665 5060/5069/4396
f 5218/5241/4568 5060/5069/4396 5314/5338/4665
f 5218/5241/4568 5315/5339/4666 5062/5072/4399
f 5219/5242/4569 5062/5072/4399 5315/5339/4666
f 5219/5242/4569 5316/5340/4667 5065/5075/4402
f 5316/5340/4667 5410/5341/4668 5220/5243/4570
f 5220/5243/4570 5065/5075/4402 5316/5340/4667
f 5221/5244/4571 5220/5243/4570 5410/5341/4668
f 5410/5341/4668 5317/5342/4669 5221/5244/4571
f 5222/5245/4572 5221/5244/4571 5317/5342/4669
f 5317/5342/4669 5318/5343/4670 5222/5245/4572
f 5223/5246/4573 5222/5245/4572 5318/5343/4670
f 5223/5246/4573 5319/5344/4671 5070/5084/4411
f 5224/5247/4574 5070/5084/4411 5319/5344/4671
f 5225/5249/4576 5321/5345/4672 5226/5250/4577
f 5227/5251/4578 5226/5250/4577 5321/5345/4672
f 5321/5345/4672 5322/5346/4673 5227/5251/4578
f 5322/5346/4673 5323/5347/4674 5228/5253/4580
f 5228/5253/4580 5227/5251/4578 5322/5346/4673
f 5228/5253/4580 5324/5348/4675 5229/5252/4579
f 5324/5348/4675 5228/5253/4580 5323/5347/4674
f 5230/5254/4581 5229/5252/4579 5324/5348/4675
f 5231/5256/4583 5326/5349/4676 5232/5257/4584
f 5233/5258/4585 5232/5257/4584 5326/5349/4676
f 5326/5349/4676 5327/5350/4677 5233/5258/4585
f 5234/5259/4586 5233/5258/4585 5327/5350/4677
f 5327/5350/4677 5328/5351/4678 5234/5259/4586
f 5329/5352/4679 5234/5259/4586 5328/5351/4678
f 5234/5259/4586 5329/5352/4679 5235/5260/4587
f 5236/5261/4588 5235/5260/4587 5329/5352/4679
f 5236/5261/4588 5330/5353/4680 5237/5262/4589
f 5238/5263/4590 5237/5262/4589 5330/5353/4680
f 5330/5353/4680 5331/5354/4681 5238/5263/4590
f 5100/5118/4445 5238/5263/4590 5331/5354/4681
f 5331/5354/4681 5332/5355/4682 5100/5118/4445
f 5333/5264/4591 5100/5118/4445 5332/5355/4682
f 5333/5264/4591 5334/5356/4683 5239/5265/4592
f 5240/5266/4593 5239/5265/4592 5334/5356/4683
f 5334/5356/4683 5335/5357/4684 5240/5266/4593
f 5335/5357/4684 5336/5358/4685 5241/5127/4454
f 5241/5127/4454 5240/5266/4593 5335/5357/4684
f 5242/5267/4594 5241/5127/4454 5336/5358/4685
f 5242/5267/4594 5337/5359/4686 5243/5268/4595
f 5244/5269/4596 5243/5268/4595 5337/5359/4686
f 5337/5359/4686 5338/5360/4687 5244/5269/4596
f 5339/5361/4688 5244/5269/4596 5338/5360/4687
f 5245/5270/4597 5244/5269/4596 5339/5361/4688
f 5339/5361/4688 5340/5362/4689 5245/5270/4597
f 5340/5362/4689 5341/5363/4690 5245/5270/4597
f 5246/5271/4598 5245/5270/4597 5341/5363/4690
f 5246/5271/4598 5342/5364/4691 5247/5272/4599
f 5248/5273/4600 5247/5272/4599 5342/5364/4691
f 5342/5364/4691 5343/5365/4692 5248/5273/4600
f 5343/5365/4692 5344/5366/4693 5248/5273/4600
f 5345/5367/4694 5248/5273/4600 5344/5366/4693
f 5124/5143/4470 5248/5273/4600 5345/5367/4694
f 5249/5275/4602 5124/5143/4470 5345/5367/4694
f 5345/5367/4694 5346/5368/4695 5249/5275/4602
f 5250/5274/4601 5249/5275/4602 5346/5368/4695
f 5346/5368/4695 5347/5369/4696 5250/5274/4601
f 5251/5277/4604 5250/5274/4601 5347/5369/4696
f 5251/5277/4604 5348/5370/4697 5252/5276/4603
f 5253/5278/4605 5252/5276/4603 5348/5370/4697
f 5348/5370/4697 5349/5371/4698 5253/5278/4605
f 5350/5372/4699 5253/5278/4605 5349/5371/4698
f 5253/5278/4605 5350/5372/4699 5131/5150/4477
f 5133/5154/4481 5131/5150/4477 5350/5372/4699
f 5350/5372/4699 5351/5373/4700 5133/5154/4481
f 5352/5279/4606 5133/5154/4481 5351/5373/4700
f 5352/5279/4606 5353/5374/4701 5254/5280/4607
f 5255/5281/4608 5254/5280/4607 5353/5374/4701
f 5353/5374/4701 5354/5375/4702 5255/5281/4608
f 5256/5282/4609 5255/5281/4608 5354/5375/4702
f 5354/5375/4702 5355/5376/4703 5256/5282/4609
f 5356/5377/4704 5256/5282/4609 5355/5376/4703
f 5143/5164/4491 5256/5282/4609 5356/5377/4704
f 5356/5377/4704 5357/5378/4705 5143/5164/4491
f 5357/5378/4705 5358/5379/4706 5257/5283/4610
f 5257/5283/4610 5143/5164/4491 5357/5378/4705
f 5258/5170/4497 5257/5283/4610 5358/5379/4706
f 5358/5379/4706 5359/5380/4707 5258/5170/4497
f 5259/5284/4611 5258/5170/4497 5359/5380/4707
f 5359/5380/4707 5360/5381/4708 5259/5284/4611
f 5260/5285/4612 5259/5284/4611 5360/5381/4708
f 5360/5381/4708 5361/5382/4709 5260/5285/4612
f 5260/5285/4612 5362/5383/4710 5261/5286/4613
f 5362/5383/4710 5260/5285/4612 5361/5382/4709
f 5262/5287/4614 5261/5286/4613 5362/5383/4710
f 5362/5383/4710 5363/5384/4711 5262/5287/4614
f 5155/5177/4504 5262/5287/4614 5363/5384/4711
f 5363/5384/4711 5364/5385/4712 5155/5177/4504
f 5263/5288/4615 5155/5177/4504 5364/5385/4712
f 5263/5288/4615 5365/5386/4713 5264/5289/4616
f 5265/5290/4617 5264/5289/4616 5365/5386/4713
f 5365/5386/4713 5366/5387/4714 5265/5290/4617
f 5367/5388/4715 5265/5290/4617 5366/5387/4714
f 5162/5183/4510 5265/5290/4617 5367/5388/4715
f 5367/5388/4715 5368/5389/4716 5162/5183/4510
f 5368/5389/4716 5369/5390/4717 5266/5291/4618
f 5266/5291/4618 5162/5183/4510 5368/5389/4716
f 5266/5291/4618 5370/5391/4718 5267/5292/4619
f 5370/5391/4718 5266/5291/4618 5369/5390/4717
f 5168/5189/4516 5267/5292/4619 5370/5391/4718
f 5370/5391/4718 5371/5392/4719 5168/5189/4516
f 5371/5392/4719 5372/5393/4720 5268/5293/4620
f 5268/5293/4620 5168/5189/4516 5371/5392/4719
f 5268/5293/4620 5373/5394/4721 5170/5192/4519
f 5373/5394/4721 5268/5293/4620 5374/5395/4722
f 5269/5294/4621 5170/5192/4519 5373/5394/4721
f 5269/5294/4621 5375/5396/4723 5270/5295/4622
f 5375/5396/4723 5376/5397/4724 5270/5295/4622
f 5271/5296/4623 5270/5295/4622 5376/5397/4724
f 5271/5296/4623 5377/5398/4725 5272/5297/4624
f 5273/5298/4625 5272/5297/4624 5377/5398/4725
f 5273/5298/4625 5378/5399/4726 5274/5299/4626
f 5378/5399/4726 5379/5300/4627 5274/5299/4626
f 5379/5300/4627 5380/5400/4727 5275/5301/4628
f 5276/5303/4630 5275/5301/4628 5380/5400/4727
f 5277/5302/4629 5276/5303/4630 5381/5401/4728
f 5382/5402/4729 5277/5302/4629 5381/5401/4728
f 5277/5302/4629 5382/5402/4729 5278/5304/4631
f 5279/5305/4632 5278/5304/4631 5382/5402/4729
f 5279/5305/4632 5383/5403/4730 5280/5306/4633
f 5281/5214/4541 5280/5306/4633 5383/5403/4730
f 5383/5403/4730 5384/5404/4731 5281/5214/4541
f 5282/5307/4634 5281/5214/4541 5384/5404/4731
f 5282/5307/4634 5385/5405/4732 5283/5220/4547
f 5284/5309/4636 5283/5220/4547 5385/5405/4732
f 5385/5405/4732 5386/5406/4733 5284/5309/4636
f 5285/5308/4635 5284/5309/4636 5386/5406/4733
f 5198/5221/4548 5387/5407/4734 5199/5222/4549
f 5387/5407/4734 5198/5221/4548 5388/5408/4735
f 5286/5310/4637 5199/5222/4549 5387/5407/4734
f 5287/5311/4638 5389/5409/4736 5201/5223/4550
f 5288/5312/4639 5201/5223/4550 5389/5409/4736
f 5389/5409/4736 5390/5410/4737 5288/5312/4639
f 5289/5313/4640 5288/5312/4639 5391/5411/4738
f 5295/5321/4648 5394/5412/4739 5296/5322/4649
f 5297/5323/4650 5296/5322/4649 5394/5412/4739
f 5394/5412/4739 5395/5413/4740 5297/5323/4650
f 5298/5324/4651 5297/5323/4650 5395/5413/4740
f 5395/5413/4740 5396/5414/4741 5298/5324/4651
f 5298/5324/4651 5397/5415/4742 5209/5231/4558
f 5397/5415/4742 5298/5324/4651 5396/5414/4741
f 5397/5415/4742 5398/5416/4743 5299/5325/4652
f 5299/5325/4652 5209/5231/4558 5397/5415/4742
f 5300/5326/4653 5299/5325/4652 5398/5416/4743
f 5301/5327/4654 5300/5326/4653 5398/5416/4743
f 5301/5327/4654 5399/5417/4744 5302/5328/4655
f 5303/5329/4656 5302/5328/4655 5399/5417/4744
f 5399/5417/4744 5400/5418/4745 5303/5329/4656
f 5304/5330/4657 5303/5329/4656 5400/5418/4745
f 5400/5418/4745 5523/5419/4746 5304/5330/4657
f 5304/5330/4657 5401/5420/4747 5305/5331/4658
f 5306/5332/4659 5305/5331/4658 5401/5420/4747
f 5401/5420/4747 5402/5421/4748 5306/5332/4659
f 5307/5333/4660 5306/5332/4659 5402/5421/4748
f 5307/5333/4660 5403/5422/4749 5308/5236/4563
f 5309/5334/4661 5308/5236/4563 5403/5422/4749
f 5309/5334/4661 5404/5423/4750 5310/5237/4564
f 5310/5237/4564 5311/5335/4662 5215/5239/4566
f 5311/5335/4662 5310/5237/4564 5404/5423/4750
f 5312/5336/4663 5311/5335/4662 5405/5424/4751
f 5313/5337/4664 5312/5336/4663 5405/5424/4751
f 5314/5338/4665 5406/5425/4752 5218/5241/4568
f 5315/5339/4666 5218/5241/4568 5406/5425/4752
f 5406/5425/4752 5407/5426/4753 5315/5339/4666
f 5219/5242/4569 5315/5339/4666 5407/5426/4753
f 5407/5426/4753 5408/5427/4754 5219/5242/4569
f 5316/5340/4667 5219/5242/4569 5408/5427/4754
f 5408/5427/4754 5409/5428/4755 5316/5340/4667
f 5410/5341/4668 5316/5340/4667 5409/5428/4755
f 5410/5341/4668 5411/5429/4756 5317/5342/4669
f 5318/5343/4670 5317/5342/4669 5411/5429/4756
f 5411/5429/4756 5412/5430/4757 5318/5343/4670
f 5318/5343/4670 5413/5431/4758 5223/5246/4573
f 5413/5431/4758 5318/5343/4670 5412/5430/4757
f 5319/5344/4671 5223/5246/4573 5413/5431/4758
f 5413/5431/4758 5414/5432/4759 5319/5344/4671
f 5224/5247/4574 5319/5344/4671 5415/5433/4760
f 5224/5247/4574 5415/5433/4760 5416/5434/4761
f 5416/5434/4761 5417/5435/4762 5224/5247/4574
f 5320/5248/4575 5224/5247/4574 5417/5435/4762
f 5417/5435/4762 5418/5436/4763 5320/5248/4575
f 5320/5248/4575 5419/5437/4764 5225/5249/4576
f 5419/5437/4764 5320/5248/4575 5418/5436/4763
f 5321/5345/4672 5225/5249/4576 5419/5437/4764
f 5419/5437/4764 5420/5438/4765 5321/5345/4672
f 5322/5346/4673 5321/5345/4672 5420/5438/4765
f 5420/5438/4765 5421/5439/4766 5322/5346/4673
f 5323/5347/4674 5421/5439/4766 5422/5440/4767
f 5323/5347/4674 5322/5346/4673 5421/5439/4766
f 5323/5347/4674 5423/5441/4768 5324/5348/4675
f 5423/5441/4768 5323/5347/4674 5422/5440/4767
f 5423/5441/4768 5424/5442/4769 5324/5348/4675
f 5230/5254/4581 5324/5348/4675 5424/5442/4769
f 5424/5442/4769 5425/5443/4770 5230/5254/4581
f 5425/5443/4770 5426/5444/4771 5325/5255/4582
f 5325/5255/4582 5230/5254/4581 5425/5443/4770
f 5231/5256/4583 5325/5255/4582 5426/5444/4771
f 5426/5444/4771 5427/5445/4772 5231/5256/4583
f 5326/5349/4676 5231/5256/4583 5427/5445/4772
f 5427/5445/4772 5428/5446/4773 5326/5349/4676
f 5327/5350/4677 5326/5349/4676 5428/5446/4773
f 5428/5446/4773 5429/5447/4774 5327/5350/4677
f 5328/5351/4678 5327/5350/4677 5429/5447/4774
f 5429/5447/4774 5430/5448/4775 5328/5351/4678
f 5431/5449/4776 5328/5351/4678 5430/5448/4775
f 5329/5352/4679 5328/5351/4678 5431/5449/4776
f 5236/5261/4588 5329/5352/4679 5431/5449/4776
f 5431/5449/4776 5432/5450/4777 5236/5261/4588
f 5432/5450/4777 5433/5451/4778 5330/5353/4680
f 5330/5353/4680 5236/5261/4588 5432/5450/4777
f 5331/5354/4681 5330/5353/4680 5433/5451/4778
f 5433/5451/4778 5434/5452/4779 5331/5354/4681
f 5435/5453/4780 5331/5354/4681 5434/5452/4779
f 5332/5355/4682 5331/5354/4681 5435/5453/4780
f 5435/5453/4780 5436/5454/4781 5332/5355/4682
f 5436/5454/4781 5437/5455/4782 5333/5264/4591
f 5333/5264/4591 5332/5355/4682 5436/5454/4781
f 5334/5356/4683 5333/5264/4591 5437/5455/4782
f 5437/5455/4782 5438/5456/4783 5334/5356/4683
f 5439/5457/4784 5334/5356/4683 5438/5456/4783
f 5335/5357/4684 5334/5356/4683 5439/5457/4784
f 5439/5457/4784 5440/5458/4785 5336/5358/4685
f 5336/5358/4685 5335/5357/4684 5439/5457/4784
f 5242/5267/4594 5336/5358/4685 5440/5458/4785
f 5440/5458/4785 5441/5459/4786 5242/5267/4594
f 5337/5359/4686 5242/5267/4594 5441/5459/4786
f 5441/5459/4786 5442/5460/4787 5337/5359/4686
f 5338/5360/4687 5337/5359/4686 5442/5460/4787
f 5442/5460/4787 5443/5461/4788 5338/5360/4687
f 5444/5462/4789 5338/5360/4687 5443/5461/4788
f 5338/5360/4687 5444/5462/4789 5339/5361/4688
f 5340/5362/4689 5339/5361/4688 5444/5462/4789
f 5444/5462/4789 5445/5463/4790 5340/5362/4689
f 5341/5363/4690 5340/5362/4689 5445/5463/4790
f 5445/5463/4790 5446/5464/4791 5341/5363/4690
f 5246/5271/4598 5341/5363/4690 5446/5464/4791
f 5446/5464/4791 5447/5465/4792 5246/5271/4598
f 5342/5364/4691 5246/5271/4598 5447/5465/4792
f 5447/5465/4792 5448/5466/4793 5342/5364/4691
f 5343/5365/4692 5342/5364/4691 5448/5466/4793
f 5448/5466/4793 5449/5467/4794 5343/5365/4692
f 5344/5366/4693 5343/5365/4692 5449/5467/4794
f 5449/5467/4794 5450/5468/4795 5344/5366/4693
f 5344/5366/4693 5451/5469/4796 5345/5367/4694
f 5451/5469/4796 5344/5366/4693 5450/5468/4795
f 5346/5368/4695 5345/5367/4694 5451/5469/4796
f 5451/5469/4796 5452/5470/4797 5346/5368/4695
f 5347/5369/4696 5346/5368/4695 5452/5470/4797
f 5452/5470/4797 5453/5471/4798 5347/5369/4696
f 5347/5369/4696 5454/5472/4799 5251/5277/4604
f 5454/5472/4799 5347/5369/4696 5453/5471/4798
f 5454/5472/4799 5455/5473/4800 5348/5370/4697
f 5348/5370/4697 5251/5277/4604 5454/5472/4799
f 5349/5371/4698 5348/5370/4697 5455/5473/4800
f 5455/5473/4800 5456/5474/4801 5349/5371/4698
f 5457/5475/4802 5349/5371/4698 5456/5474/4801
f 5349/5371/4698 5457/5475/4802 5350/5372/4699
f 5351/5373/4700 5350/5372/4699 5457/5475/4802
f 5457/5475/4802 5458/5476/4803 5351/5373/4700
f 5458/5476/4803 5459/5477/4804 5352/5279/4606
f 5352/5279/4606 5351/5373/4700 5458/5476/4803
f 5353/5374/4701 5352/5279/4606 5459/5477/4804
f 5459/5477/4804 5460/5478/4805 5353/5374/4701
f 5354/5375/4702 5353/5374/4701 5460/5478/4805
f 5460/5478/4805 5461/5479/4806 5354/5375/4702
f 5355/5376/4703 5354/5375/4702 5461/5479/4806
f 5461/5479/4806 5462/5480/4807 5355/5376/4703
f 5463/5481/4808 5355/5376/4703 5462/5480/4807
f 5355/5376/4703 5463/5481/4808 5356/5377/4704
f 5357/5378/4705 5356/5377/4704 5463/5481/4808
f 5463/5481/4808 5464/5482/4809 5357/5378/4705
f 5464/5482/4809 5465/5483/4810 5358/5379/4706
f 5358/5379/4706 5357/5378/4705 5464/5482/4809
f 5359/5380/4707 5358/5379/4706 5465/5483/4810
f 5465/5483/4810 5466/5484/4811 5359/5380/4707
f 5360/5381/4708 5359/5380/4707 5466/5484/4811
f 5466/5484/4811 5467/5485/4812 5360/5381/4708
f 5361/5382/4709 5360/5381/4708 5467/5485/4812
f 5467/5485/4812 5468/5486/4813 5361/5382/4709
f 5362/5383/4710 5361/5382/4709 5468/5486/4813
f 5468/5486/4813 5469/5487/4814 5362/5383/4710
f 5470/5488/4815 5362/5383/4710 5469/5487/4814
f 5363/5384/4711 5362/5383/4710 5470/5488/4815
f 5364/5385/4712 5363/5384/4711 5470/5488/4815
f 5470/5488/4815 5471/5489/4816 5364/5385/4712
f 5263/5288/4615 5364/5385/4712 5471/5489/4816
f 5471/5489/4816 5472/5490/4817 5263/5288/4615
f 5472/5490/4817 5473/5491/4818 5365/5386/4713
f 5365/5386/4713 5263/5288/4615 5472/5490/4817
f 5366/5387/4714 5365/5386/4713 5473/5491/4818
f 5473/5491/4818 5474/5492/4819 5366/5387/4714
f 5475/5493/4820 5366/5387/4714 5474/5492/4819
f 5366/5387/4714 5475/5493/4820 5367/5388/4715
f 5368/5389/4716 5367/5388/4715 5475/5493/4820
f 5475/5493/4820 5476/5494/4821 5368/5389/4716
f 5476/5494/4821 5477/5495/4822 5369/5390/4717
f 5369/5390/4717 5368/5389/4716 5476/5494/4821
f 5370/5391/4718 5369/5390/4717 5477/5495/4822
f 5477/5495/4822 5478/5496/4823 5370/5391/4718
f 5478/5496/4823 5479/5497/4824 5370/5391/4718
f 5370/5391/4718 5479/5497/4824 5371/5392/4719
f 5479/5497/4824 5480/5498/4825 5372/5393/4720
f 5372/5393/4720 5371/5392/4719 5479/5497/4824
f 5373/5394/4721 5374/5395/4722 5481/5499/4826
f 5373/5394/4721 5482/5500/4827 5269/5294/4621
f 5375/5396/4723 5269/5294/4621 5482/5500/4827
f 5482/5500/4827 5483/5501/4828 5375/5396/4723
f 5376/5397/4724 5375/5396/4723 5483/5501/4828
f 5483/5501/4828 5484/5502/4829 5376/5397/4724
f 5271/5296/4623 5376/5397/4724 5484/5502/4829
f 5484/5502/4829 5485/5503/4830 5271/5296/4623
f 5485/5503/4830 5486/5504/4831 5377/5398/4725
f 5377/5398/4725 5271/5296/4623 5485/5503/4830
f 5377/5398/4725 5486/5504/4831 5273/5298/4625
f 5486/5504/4831 5487/5505/4832 5378/5399/4726
f 5378/5399/4726 5273/5298/4625 5486/5504/4831
f 5488/5506/4833 5378/5399/4726 5487/5505/4832
f 5378/5399/4726 5488/5506/4833 5379/5300/4627
f 5380/5400/4727 5379/5300/4627 5488/5506/4833
f 5488/5506/4833 5489/5507/4834 5380/5400/4727
f 5276/5303/4630 5380/5400/4727 5489/5507/4834
f 5489/5507/4834 5490/5508/4835 5276/5303/4630
f 5381/5401/4728 5276/5303/4630 5490/5508/4835
f 5490/5508/4835 5491/5509/4836 5381/5401/4728
f 5492/5510/4837 5381/5401/4728 5491/5509/4836
f 5381/5401/4728 5492/5510/4837 5382/5402/4729
f 5279/5305/4632 5382/5402/4729 5492/5510/4837
f 5492/5510/4837 5493/5511/4838 5279/5305/4632
f 5383/5403/4730 5279/5305/4632 5493/5511/4838
f 5493/5511/4838 5494/5512/4839 5383/5403/4730
f 5384/5404/4731 5383/5403/4730 5494/5512/4839
f 5494/5512/4839 5495/5513/4840 5384/5404/4731
f 5282/5307/4634 5384/5404/4731 5495/5513/4840
f 5495/5513/4840 5496/5514/4841 5282/5307/4634
f 5385/5405/4732 5282/5307/4634 5496/5514/4841
f 5496/5514/4841 5497/5515/4842 5385/5405/4732
f 5386/5406/4733 5385/5405/4732 5497/5515/4842
f 5497/5515/4842 5498/5516/4843 5386/5406/4733
f 5499/5517/4844 5386/5406/4733 5498/5516/4843
f 5386/5406/4733 5499/5517/4844 5285/5308/4635
f 5388/5408/4735 5500/5518/4845 5387/5407/4734
f 5286/5310/4637 5387/5407/4734 5500/5518/4845
f 5500/5518/4845 5502/5519/4846 5286/5310/4637
f 5502/5519/4846 5500/5518/4845 5501/5520/4847
f 5287/5311/4638 5286/5310/4637 5502/5519/4846
f 5502/5519/4846 5503/5521/4848 5287/5311/4638
f 5389/5409/4736 5287/5311/4638 5503/5521/4848
f 5389/5409/4736 5504/5522/4849 5390/5410/4737
f 5289/5313/4640 5391/5411/4738 5505/5523/4850
f 5505/5523/4850 5506/5524/4851 5289/5313/4640
f 5392/5314/4641 5289/5313/4640 5506/5524/4851
f 5506/5524/4851 5507/5525/4852 5392/5314/4641
f 5392/5314/4641 5508/5526/4853 5290/5315/4642
f 5508/5526/4853 5392/5314/4641 5507/5525/4852
f 5508/5526/4853 5509/5527/4854 5393/5316/4643
f 5393/5316/4643 5290/5315/4642 5508/5526/4853
f 5393/5316/4643 5510/5528/4855 5291/5317/4644
f 5510/5528/4855 5393/5316/4643 5509/5527/4854
f 5292/5318/4645 5291/5317/4644 5510/5528/4855
f 5510/5528/4855 5511/5529/4856 5292/5318/4645
f 5293/5319/4646 5292/5318/4645 5511/5529/4856
f 5511/5529/4856 5512/5530/4857 5293/5319/4646
f 5294/5320/4647 5293/5319/4646 5512/5530/4857
f 5512/5530/4857 5513/5531/4858 5294/5320/4647
f 5295/5321/4648 5294/5320/4647 5513/5531/4858
f 5513/5531/4858 5514/5532/4859 5295/5321/4648
f 5514/5532/4859 5515/5533/4860 5394/5412/4739
f 5394/5412/4739 5295/5321/4648 5514/5532/4859
f 5395/5413/4740 5394/5412/4739 5515/5533/4860
f 5515/5533/4860 5516/5534/4861 5395/5413/4740
f 5396/5414/4741 5395/5413/4740 5516/5534/4861
f 5516/5534/4861 5517/5535/4862 5396/5414/4741
f 5396/5414/4741 5518/5536/4863 5397/5415/4742
f 5518/5536/4863 5396/5414/4741 5517/5535/4862
f 5518/5536/4863 5519/5537/4864 5398/5416/4743
f 5398/5416/4743 5397/5415/4742 5518/5536/4863
f 5519/5537/4864 5520/5538/4865 5398/5416/4743
f 5521/5539/4866 5398/5416/4743 5520/5538/4865
f 5398/5416/4743 5521/5539/4866 5301/5327/4654
f 5399/5417/4744 5301/5327/4654 5521/5539/4866
f 5521/5539/4866 5522/5540/4867 5399/5417/4744
f 5400/5418/4745 5399/5417/4744 5522/5540/4867
f 5522/5540/4867 5523/5419/4746 5400/5418/4745
f 5401/5420/4747 5304/5330/4657 5523/5419/4746
f 5523/5419/4746 5524/5541/4868 5401/5420/4747
f 5524/5541/4868 5525/5542/4869 5402/5421/4748
f 5402/5421/4748 5401/5420/4747 5524/5541/4868
f 5307/5333/4660 5402/5421/4748 5526/5543/4870
f 5526/5543/4870 5527/5544/4871 5307/5333/4660
f 5403/5422/4749 5307/5333/4660 5527/5544/4871
f 5527/5544/4871 5528/5545/4872 5403/5422/4749
f 5403/5422/4749 5529/5546/4873 5309/5334/4661
f 5529/5546/4873 5530/5547/4874 5404/5423/4750
f 5404/5423/4750 5309/5334/4661 5529/5546/4873
f 5404/5423/4750 5531/5548/4875 5311/5335/4662
f 5531/5548/4875 5404/5423/4750 5530/5547/4874
f 5531/5548/4875 5532/5549/4876 5405/5424/4751
f 5405/5424/4751 5311/5335/4662 5531/5548/4875
f 5532/5549/4876 5533/5550/4877 5405/5424/4751
f 5534/5551/4878 5405/5424/4751 5533/5550/4877
f 5405/5424/4751 5534/5551/4878 5313/5337/4664
f 5314/5338/4665 5313/5337/4664 5534/5551/4878
f 5534/5551/4878 5535/5552/4879 5314/5338/4665
f 5406/5425/4752 5314/5338/4665 5535/5552/4879
f 5535/5552/4879 5536/5553/4880 5406/5425/4752
f 5537/5554/4881 5538/5555/4882 5539/5556/4883
f 5538/5555/4882 5537/5554/4881 5540/5557/4884
f 5542/5558/4885 5539/5556/4883 5538/5555/4882
f 5538/5555/4882 5541/5559/4886 5542/5558/4885
f 5544/5560/4887 5543/5561/4888 5545/5562/4889
f 5545/5562/4889 5546/5563/4890 5544/5560/4887
f 5547/5564/4891 5544/5560/4887 5546/5563/4890
f 5544/5560/4887 5547/5564/4891 5548/5565/4892
f 5549/5566/4893 5550/5567/4894 5551/5568/4895
f 5550/5567/4894 5549/5566/4893 5552/5569/4896
f 5550/5567/4894 5553/5570/4897 5554/5571/4898
f 5554/5571/4898 5551/5568/4895 5550/5567/4894
f 5554/5571/4898 5555/5572/4899 5556/5573/4900
f 5555/5572/4899 5554/5571/4898 5553/5570/4897
f 5558/5574/4901 5556/5573/4900 5555/5572/4899
f 5555/5572/4899 5557/5575/4902 5558/5574/4901
f 5560/5576/4903 5558/5574/4901 5557/5575/4902
f 5557/5575/4902 5559/5577/4904 5560/5576/4903
f 5562/5578/4905 5560/5576/4903 5559/5577/4904
f 5559/5577/4904 5561/5579/4906 5562/5578/4905
f 5564/5580/4907 5563/5581/4908 5565/5582/4909
f 5565/5582/4909 5566/5583/4910 5564/5580/4907
f 5567/5584/4911 5564/5580/4907 5566/5583/4910
f 5564/5580/4907 5567/5584/4911 5568/5585/4912
f 5569/5586/4913 5568/5585/4912 5567/5584/4911
f 5569/5586/4913 5570/5587/4914 5571/5588/4915
f 5570/5587/4914 5569/5586/4913 5567/5584/4911
f 5572/5589/4916 5571/5588/4915 5570/5587/4914
f 5574/5590/4917 5572/5589/4916 5570/5587/4914
f 5570/5587/4914 5573/5591/4918 5574/5590/4917
f 5575/5592/4919 5574/5590/4917 5573/5591/4918
f 5577/5593/4920 5575/5592/4919 5573/5591/4918
f 5573/5591/4918 5576/5594/4921 5577/5593/4920
f 5579/5595/4922 5577/5593/4920 5576/5594/4921
f 5576/5594/4921 5578/5596/4923 5579/5595/4922
f 5580/5597/4924 5581/5598/4925 5582/5599/4926
f 5581/5598/4925 5580/5597/4924 5583/5600/4927
f 5585/5601/4928 5582/5599/4926 5581/5598/4925
f 5581/5598/4925 5584/5602/4929 5585/5601/4928
f 5586/5603/4930 5585/5601/4928 5584/5602/4929
f 5584/5602/4929 5587/5604/4931 5586/5603/4930
f 5588/5605/4932 5586/5603/4930 5587/5604/4931
f 5587/5604/4931 5589/5606/4933 5588/5605/4932
f 5590/5607/4934 5588/5605/4932 5589/5606/4933
f 5589/5606/4933 5591/5608/4935 5590/5607/4934
f 5592/5609/4936 5590/5607/4934 5591/5608/4935
f 5591/5608/4935 5593/5610/4937 5592/5609/4936
f 5594/5611/4938 5592/5609/4936 5593/5610/4937
f 5592/5609/4936 5594/5611/4938 5595/5612/4939
f 5596/5613/4940 5595/5612/4939 5594/5611/4938
f 5594/5611/4938 5597/5614/4941 5596/5613/4940
f 5596/5613/4940 5597/5614/4941 5598/5615/4942
f 5600/5616/4943 5598/5615/4942 5597/5614/4941
f 5597/5614/4941 5599/5617/4944 5600/5616/4943
f 5602/5618/4945 5600/5616/4943 5599/5617/4944
f 5599/5617/4944 5601/5619/4946 5602/5618/4945
f 5603/5620/4947 5604/5621/4948 5605/5622/4949
f 5604/5621/4948 5603/5620/4947 5606/5623/4950
f 5604/5621/4948 5607/5624/4951 5608/5625/4952
f 5604/5621/4948 5608/5625/4952 5605/5622/4949
f 5609/5626/4953 5608/5625/4952 5607/5624/4951
f 5608/5625/4952 5609/5626/4953 5610/5627/4954
f 5611/5628/4955 5610/5627/4954 5609/5626/4953
f 5609/5626/4953 5612/5629/4956 5611/5628/4955
f 5611/5628/4955 5612/5629/4956 5613/5630/4957
f 5614/5631/4958 5613/5630/4957 5612/5629/4956
f 5612/5629/4956 5801/5632/4959 5615/5633/4960
f 5615/5633/4960 5614/5631/4958 5612/5629/4956
f 5615/5633/4960 5616/5634/4961 5617/5635/4962
f 5616/5634/4961 5615/5633/4960 5801/5632/4959
f 5618/5636/4963 5617/5635/4962 5616/5634/4961
f 5620/5637/4964 5618/5636/4963 5616/5634/4961
f 5616/5634/4961 5619/5638/4965 5620/5637/4964
f 5623/5639/4966 5621/5640/4967 5622/5641/4968
f 5621/5640/4967 5623/5639/4966 5624/5642/4969
f 5625/5643/4970 5624/5642/4969 5623/5639/4966
f 5626/5644/4971 5625/5643/4970 5623/5639/4966
f 5626/5644/4971 5627/5645/4972 5628/5646/4973
f 5627/5645/4972 5626/5644/4971 5623/5639/4966
f 5623/5639/4966 5629/5647/4974 5627/5645/4972
f 5630/5648/4975 5628/5646/4973 5627/5645/4972
f 5631/5649/4976 5630/5648/4975 5627/5645/4972
f 5631/5649/4976 5627/5645/4972 5629/5647/4974
f 5632/5650/4977 5631/5649/4976 5629/5647/4974
f 5631/5649/4976 5632/5650/4977 5633/5651/4978
f 5634/5652/4979 5633/5651/4978 5632/5650/4977
f 5632/5650/4977 5635/5653/4980 5634/5652/4979
f 5634/5652/4979 5635/5653/4980 5636/5654/4981
f 5637/5655/4982 5636/5654/4981 5635/5653/4980
f 5635/5653/4980 5638/5656/4983 5637/5655/4982
f 5637/5655/4982 5638/5656/4983 5639/5657/4984
f 5641/5658/4985 5639/5657/4984 5638/5656/4983
f 5638/5656/4983 5640/5659/4986 5641/5658/4985
f 5643/5660/4987 5641/5658/4985 5640/5659/4986
f 5640/5659/4986 5642/5661/4988 5643/5660/4987
f 5644/5662/4989 5645/5663/4990 5646/5664/4991
f 5645/5663/4990 5644/5662/4989 5647/5665/4992
f 5645/5663/4990 5815/5666/4993 5648/5667/4994
f 5648/5667/4994 5646/5664/4991 5645/5663/4990
f 5648/5667/4994 5649/5668/4995 5650/5669/4996
f 5649/5668/4995 5648/5667/4994 5815/5666/4993
f 5651/5670/4997 5650/5669/4996 5649/5668/4995
f 5653/5671/4998 5651/5670/4997 5649/5668/4995
f 5649/5668/4995 5652/5672/4999 5653/5671/4998
f 5655/5673/5000 5653/5671/4998 5652/5672/4999
f 5652/5672/4999 5654/5674/5001 5655/5673/5000
f 5658/5675/5002 5656/5676/5003 5657/5677/5004
f 5660/5678/5005 5658/5675/5002 5657/5677/5004
f 5657/5677/5004 5659/5679/5006 5660/5678/5005
f 5662/5680/5007 5660/5678/5005 5659/5679/5006
f 5659/5679/5006 5661/5681/5008 5662/5680/5007
f 5661/5681/5008 5663/5682/5009 5664/5683/5010
f 5664/5683/5010 5662/5680/5007 5661/5681/5008
f 5664/5683/5010 5665/5684/5011 5666/5685/5012
f 5665/5684/5011 5664/5683/5010 5663/5682/5009
f 5665/5684/5011 5667/5686/5013 5666/5685/5012
f 5668/5687/5014 5666/5685/5012 5667/5686/5013
f 5670/5688/5015 5668/5687/5014 5667/5686/5013
f 5667/5686/5013 5669/5689/5016 5670/5688/5015
f 5672/5690/5017 5671/5691/5018 5673/5692/5019
f 5673/5692/5019 5674/5693/5020 5672/5690/5017
f 5675/5694/5021 5672/5690/5017 5674/5693/5020
f 5672/5690/5017 5675/5694/5021 5676/5695/5022
f 5677/5696/5023 5676/5695/5022 5675/5694/5021
f 5675/5694/5021 5678/5697/5024 5677/5696/5023
f 5679/5698/5025 5677/5696/5023 5678/5697/5024
f 5677/5696/5023 5679/5698/5025 5680/5699/5026
f 5476/5494/4821 5475/5493/4820 5681/5700/5027
f 5681/5700/5027 5682/5701/5028 5476/5494/4821
f 5682/5701/5028 5683/5702/5029 5477/5495/4822
f 5477/5495/4822 5476/5494/4821 5682/5701/5028
f 5478/5496/4823 5477/5495/4822 5683/5702/5029
f 5683/5702/5029 5684/5703/5030 5478/5496/4823
f 5478/5496/4823 5685/5704/5031 5479/5497/4824
f 5685/5704/5031 5478/5496/4823 5684/5703/5030
f 5685/5704/5031 5686/5705/5032 5480/5498/4825
f 5480/5498/4825 5479/5497/4824 5685/5704/5031
f 5373/5394/4721 5481/5499/4826 5687/5706/5033
f 5482/5500/4827 5373/5394/4721 5687/5706/5033
f 5687/5706/5033 5688/5707/5034 5482/5500/4827
f 5483/5501/4828 5482/5500/4827 5688/5707/5034
f 5688/5707/5034 5689/5708/5035 5483/5501/4828
f 5483/5501/4828 5689/5708/5035 5484/5502/4829
f 5485/5503/4830 5484/5502/4829 5689/5708/5035
f 5689/5708/5035 5690/5709/5036 5486/5504/4831
f 5486/5504/4831 5485/5503/4830 5689/5708/5035
f 5690/5709/5036 5691/5710/5037 5487/5505/4832
f 5487/5505/4832 5486/5504/4831 5690/5709/5036
f 5692/5711/5038 5487/5505/4832 5691/5710/5037
f 5487/5505/4832 5692/5711/5038 5488/5506/4833
f 5489/5507/4834 5488/5506/4833 5692/5711/5038
f 5692/5711/5038 5693/5712/5039 5489/5507/4834
f 5489/5507/4834 5694/5713/5040 5490/5508/4835
f 5694/5713/5040 5489/5507/4834 5695/5714/5041
f 5491/5509/4836 5490/5508/4835 5694/5713/5040
f 5696/5715/5042 5491/5509/4836 5694/5713/5040
f 5491/5509/4836 5696/5715/5042 5492/5510/4837
f 5696/5715/5042 5493/5511/4838 5492/5510/4837
f 5696/5715/5042 5840/5716/5043 5493/5511/4838
f 5493/5511/4838 5697/5717/5044 5494/5512/4839
f 5697/5717/5044 5493/5511/4838 5840/5716/5043
f 5495/5513/4840 5494/5512/4839 5697/5717/5044
f 5495/5513/4840 5698/5718/5045 5496/5514/4841
f 5698/5718/5045 5495/5513/4840 5699/5719/5046
f 5497/5515/4842 5496/5514/4841 5698/5718/5045
f 5698/5718/5045 5498/5516/4843 5497/5515/4842
f 5499/5517/4844 5498/5516/4843 5700/5720/5047
f 5701/5721/5048 5702/5722/5049 5703/5723/5050
f 5702/5722/5049 5701/5721/5048 5704/5724/5051
f 5705/5725/5052 5703/5723/5050 5702/5722/5049
f 5707/5726/5053 5705/5725/5052 5702/5722/5049
f 5702/5722/5049 5706/5727/5054 5707/5726/5053
f 5709/5728/5055 5707/5726/5053 5706/5727/5054
f 5706/5727/5054 5708/5729/5056 5709/5728/5055
f 5712/5730/5057 5710/5731/5058 5711/5732/5059
f 5711/5732/5059 5713/5733/5060 5712/5730/5057
f 5714/5734/5061 5712/5730/5057 5713/5733/5060
f 5713/5733/5060 5852/5735/5062 5714/5734/5061
f 5715/5736/5063 5714/5734/5061 5852/5735/5062
f 5852/5735/5062 5716/5737/5064 5715/5736/5063
f 5717/5738/5065 5715/5736/5063 5716/5737/5064
f 5715/5736/5063 5717/5738/5065 5718/5739/5066
f 5722/5740/5067 5719/5741/5068 5720/5742/5069
f 5720/5742/5069 5721/5743/5070 5722/5740/5067
f 5721/5743/5070 5723/5744/5071 5724/5745/5072
f 5724/5745/5072 5722/5740/5067 5721/5743/5070
f 5724/5745/5072 5725/5746/5073 5726/5747/5074
f 5725/5746/5073 5724/5745/5072 5723/5744/5071
f 5728/5748/5075 5726/5747/5074 5725/5746/5073
f 5725/5746/5073 5727/5749/5076 5728/5748/5075
f 5729/5750/5077 5728/5748/5075 5727/5749/5076
f 5729/5750/5077 5730/5751/5078 5731/5752/5079
f 5735/5753/5080 5732/5754/5081 5733/5755/5082
f 5733/5755/5082 5734/5756/5083 5735/5753/5080
f 5734/5756/5083 5736/5757/5084 5737/5758/5085
f 5737/5758/5085 5735/5753/5080 5734/5756/5083
f 5738/5759/5086 5737/5758/5085 5736/5757/5084
f 5736/5757/5084 5739/5760/5087 5738/5759/5086
f 5741/5761/5088 5738/5759/5086 5739/5760/5087
f 5739/5760/5087 5740/5762/5089 5741/5761/5088
f 5741/5761/5088 5742/5763/5090 5743/5764/5091
f 5742/5763/5090 5741/5761/5088 5740/5762/5089
f 5745/5765/5092 5743/5764/5091 5742/5763/5090
f 5742/5763/5090 5744/5766/5093 5745/5765/5092
f 5747/5767/5094 5746/5768/5095 5744/5766/5093
f 5744/5766/5093 5748/5769/5096 5747/5767/5094
f 5749/5770/5097 5747/5767/5094 5748/5769/5096
f 5747/5767/5094 5749/5770/5097 5750/5771/5098
f 5522/5540/4867 5521/5539/4866 5751/5772/5099
f 5751/5772/5099 5752/5773/5100 5522/5540/4867
f 5752/5773/5100 5753/5774/5101 5522/5540/4867
f 5522/5540/4867 5754/5775/5102 5523/5419/4746
f 5754/5775/5102 5522/5540/4867 5753/5774/5101
f 5524/5541/4868 5523/5419/4746 5754/5775/5102
f 5524/5541/4868 5754/5775/5102 5755/5776/5103
f 5755/5776/5103 5756/5777/5104 5524/5541/4868
f 5525/5542/4869 5524/5541/4868 5756/5777/5104
f 5756/5777/5104 5757/5778/5105 5525/5542/4869
f 5527/5544/4871 5526/5543/4870 5758/5779/5106
f 5758/5779/5106 5759/5780/5107 5527/5544/4871
f 5528/5545/4872 5527/5544/4871 5759/5780/5107
f 5759/5780/5107 5760/5781/5108 5528/5545/4872
f 5529/5546/4873 5403/5422/4749 5761/5782/5109
f 5761/5782/5109 5762/5783/5110 5529/5546/4873
f 5530/5547/4874 5529/5546/4873 5762/5783/5110
f 5762/5783/5110 5763/5784/5111 5530/5547/4874
f 5764/5785/5112 5765/5786/5113 5766/5787/5114
f 5765/5786/5113 5764/5785/5112 5767/5788/5115
f 5769/5789/5116 5766/5787/5114 5765/5786/5113
f 5770/5790/5117 5769/5789/5116 5765/5786/5113
f 5770/5790/5117 5765/5786/5113 5768/5791/5118
f 5768/5791/5118 5771/5792/5119 5770/5790/5117
f 5772/5793/5120 5770/5790/5117 5771/5792/5119
f 5770/5790/5117 5772/5793/5120 5773/5794/5121
f 5775/5795/5122 5773/5794/5121 5772/5793/5120
f 5772/5793/5120 5774/5796/5123 5775/5795/5122
f 5540/5557/4884 5775/5795/5122 5774/5796/5123
f 5774/5796/5123 5776/5797/5124 5540/5557/4884
f 5538/5555/4882 5540/5557/4884 5776/5797/5124
f 5538/5555/4882 5777/5798/5125 5541/5559/4886
f 5546/5563/4890 5545/5562/4889 5777/5798/5125
f 5777/5798/5125 5778/5799/5126 5546/5563/4890
f 5779/5800/5127 5546/5563/4890 5778/5799/5126
f 5546/5563/4890 5779/5800/5127 5547/5564/4891
f 5552/5569/4896 5553/5570/4897 5550/5567/4894
f 5555/5572/4899 5553/5570/4897 5780/5801/5128
f 5559/5577/4904 5781/5802/5129 5561/5579/4906
f 5566/5583/4910 5565/5582/4909 5886/5803/5130
f 5566/5583/4910 5782/5804/5131 5567/5584/4911
f 5783/5805/5132 5567/5584/4911 5782/5804/5131
f 5570/5587/4914 5567/5584/4911 5783/5805/5132
f 5573/5591/4918 5570/5587/4914 5783/5805/5132
f 5783/5805/5132 5785/5806/5133 5573/5591/4918
f 5785/5806/5133 5783/5805/5132 5784/5807/5134
f 5576/5594/4921 5573/5591/4918 5785/5806/5133
f 5785/5806/5133 5786/5808/5135 5576/5594/4921
f 5578/5596/4923 5576/5594/4921 5786/5808/5135
f 5786/5808/5135 5787/5809/5136 5578/5596/4923
f 5581/5598/4925 5583/5600/4927 5788/5810/5137
f 5581/5598/4925 5789/5811/5138 5584/5602/4929
f 5587/5604/4931 5584/5602/4929 5789/5811/5138
f 5789/5811/5138 5790/5812/5139 5587/5604/4931
f 5589/5606/4933 5587/5604/4931 5790/5812/5139
f 5790/5812/5139 5791/5813/5140 5589/5606/4933
f 5591/5608/4935 5589/5606/4933 5791/5813/5140
f 5791/5813/5140 5895/5814/5141 5591/5608/4935
f 5593/5610/4937 5591/5608/4935 5895/5814/5141
f 5593/5610/4937 5792/5815/5142 5594/5611/4938
f 5597/5614/4941 5594/5611/4938 5792/5815/5142
f 5792/5815/5142 5599/5617/4944 5597/5614/4941
f 5601/5619/4946 5599/5617/4944 5793/5816/5143
f 5793/5816/5143 5794/5817/5144 5601/5619/4946
f 5606/5623/4950 5795/5818/5145 5604/5621/4948
f 5795/5818/5145 5606/5623/4950 5796/5819/5146
f 5607/5624/4951 5604/5621/4948 5795/5818/5145
f 5795/5818/5145 5797/5820/5147 5607/5624/4951
f 5798/5821/5148 5607/5624/4951 5797/5820/5147
f 5607/5624/4951 5798/5821/5148 5609/5626/4953
f 5612/5629/4956 5609/5626/4953 5798/5821/5148
f 5798/5821/5148 5799/5822/5149 5612/5629/4956
f 5801/5632/4959 5799/5822/5149 5800/5823/5150
f 5801/5632/4959 5612/5629/4956 5799/5822/5149
f 5801/5632/4959 5802/5824/5151 5616/5634/4961
f 5619/5638/4965 5616/5634/4961 5802/5824/5151
f 5802/5824/5151 5803/5825/5152 5619/5638/4965
f 5804/5826/5153 5622/5641/4968 5803/5825/5152
f 5622/5641/4968 5804/5826/5153 5623/5639/4966
f 5804/5826/5153 5805/5827/5154 5623/5639/4966
f 5629/5647/4974 5623/5639/4966 5805/5827/5154
f 5805/5827/5154 5806/5828/5155 5629/5647/4974
f 5806/5828/5155 5807/5829/5156 5629/5647/4974
f 5632/5650/4977 5629/5647/4974 5807/5829/5156
f 5807/5829/5156 5808/5830/5157 5632/5650/4977
f 5808/5830/5157 5809/5831/5158 5632/5650/4977
f 5632/5650/4977 5809/5831/5158 5635/5653/4980
f 5638/5656/4983 5635/5653/4980 5809/5831/5158
f 5809/5831/5158 5810/5832/5159 5638/5656/4983
f 5811/5833/5160 5638/5656/4983 5810/5832/5159
f 5640/5659/4986 5638/5656/4983 5811/5833/5160
f 5811/5833/5160 5812/5834/5161 5640/5659/4986
f 5642/5661/4988 5640/5659/4986 5812/5834/5161
f 5812/5834/5161 5813/5835/5162 5642/5661/4988
f 5645/5663/4990 5647/5665/4992 5814/5836/5163
f 5815/5666/4993 5816/5837/5164 5649/5668/4995
f 5652/5672/4999 5649/5668/4995 5816/5837/5164
f 5816/5837/5164 5817/5838/5165 5652/5672/4999
f 5654/5674/5001 5652/5672/4999 5817/5838/5165
f 5817/5838/5165 5818/5839/5166 5654/5674/5001
f 5659/5679/5006 5657/5677/5004 5819/5840/5167
f 5819/5840/5167 5820/5841/5168 5659/5679/5006
f 5661/5681/5008 5659/5679/5006 5820/5841/5168
f 5820/5841/5168 5663/5682/5009 5661/5681/5008
f 5663/5682/5009 5822/5842/5169 5665/5684/5011
f 5822/5842/5169 5663/5682/5009 5821/5843/5170
f 5667/5686/5013 5665/5684/5011 5822/5842/5169
f 5822/5842/5169 5823/5844/5171 5667/5686/5013
f 5669/5689/5016 5667/5686/5013 5823/5844/5171
f 5823/5844/5171 5824/5845/5172 5669/5689/5016
f 5674/5693/5020 5673/5692/5019 5824/5845/5172
f 5681/5700/5027 5825/5846/5173 5682/5701/5028
f 5683/5702/5029 5682/5701/5028 5825/5846/5173
f 5825/5846/5173 5826/5847/5174 5683/5702/5029
f 5684/5703/5030 5683/5702/5029 5826/5847/5174
f 5685/5704/5031 5684/5703/5030 5827/5848/5175
f 5685/5704/5031 5828/5849/5176 5686/5705/5032
f 5688/5707/5034 5687/5706/5033 5829/5850/5177
f 5829/5850/5177 5830/5851/5178 5688/5707/5034
f 5689/5708/5035 5688/5707/5034 5830/5851/5178
f 5832/5852/5179 5830/5851/5178 5831/5853/5180
f 5830/5851/5178 5832/5852/5179 5689/5708/5035
f 5832/5852/5179 5690/5709/5036 5689/5708/5035
f 5832/5852/5179 5833/5854/5181 5690/5709/5036
f 5835/5855/5182 5690/5709/5036 5833/5854/5181
f 5833/5854/5181 5834/5856/5183 5835/5855/5182
f 5835/5855/5182 5836/5857/5184 5691/5710/5037
f 5691/5710/5037 5690/5709/5036 5835/5855/5182
f 5836/5857/5184 5693/5712/5039 5691/5710/5037
f 5691/5710/5037 5693/5712/5039 5692/5711/5038
f 5695/5714/5041 5696/5715/5042 5694/5713/5040
f 5696/5715/5042 5695/5714/5041 5839/5858/5185
f 5697/5717/5044 5840/5716/5043 5841/5859/5186
f 5841/5859/5186 5842/5860/5187 5697/5717/5044
f 5843/5861/5188 5697/5717/5044 5842/5860/5187
f 5698/5718/5045 5699/5719/5046 5844/5862/5189
f 5698/5718/5045 5845/5863/5190 5498/5516/4843
f 5700/5720/5047 5498/5516/4843 5845/5863/5190
f 5845/5863/5190 5846/5864/5191 5700/5720/5047
f 5846/5864/5191 5847/5865/5192 5700/5720/5047
f 5704/5724/5051 5848/5866/5193 5702/5722/5049
f 5706/5727/5054 5702/5722/5049 5848/5866/5193
f 5706/5727/5054 5849/5867/5194 5708/5729/5056
f 5713/5733/5060 5711/5732/5059 5850/5868/5195
f 5713/5733/5060 5850/5868/5195 5851/5869/5196
f 5852/5735/5062 5021/5023/4350 5716/5737/5064
f 5853/5870/5197 5716/5737/5064 5021/5023/4350
f 5716/5737/5064 5853/5870/5197 5717/5738/5065
f 5721/5743/5070 5720/5742/5069 5853/5870/5197
f 5721/5743/5070 5027/5028/4355 5723/5744/5071
f 5723/5744/5071 5854/5030/4357 5725/5746/5073
f 5854/5030/4357 5723/5744/5071 5027/5028/4355
f 5727/5749/5076 5725/5746/5073 5854/5030/4357
f 5727/5749/5076 5855/5033/4360 5729/5750/5077
f 5730/5751/5078 5729/5750/5077 5855/5033/4360
f 5734/5756/5083 5733/5755/5082 5730/5751/5078
f 5730/5751/5078 5856/5037/4364 5734/5756/5083
f 5856/5037/4364 5857/5871/5198 5736/5757/5084
f 5736/5757/5084 5734/5756/5083 5856/5037/4364
f 5739/5760/5087 5736/5757/5084 5857/5871/5198
f 5857/5871/5198 5858/5872/5199 5739/5760/5087
f 5740/5762/5089 5739/5760/5087 5858/5872/5199
f 5858/5872/5199 5859/5873/5200 5740/5762/5089
f 5740/5762/5089 5860/5874/5201 5742/5763/5090
f 5860/5874/5201 5740/5762/5089 5859/5873/5200
f 5744/5766/5093 5742/5763/5090 5860/5874/5201
f 5860/5874/5201 5861/5875/5202 5744/5766/5093
f 5748/5769/5096 5744/5766/5093 5861/5875/5202
f 5861/5875/5202 5042/5047/4374 5748/5769/5096
f 5862/5048/4375 5748/5769/5096 5042/5047/4374
f 5748/5769/5096 5862/5048/4375 5749/5770/5097
f 5864/5876/5203 5749/5770/5097 5862/5048/4375
f 5862/5048/4375 5863/5877/5204 5864/5876/5203
f 5866/5878/5205 5864/5876/5203 5863/5877/5204
f 5863/5877/5204 5865/5879/5206 5866/5878/5205
f 5867/5880/5207 5866/5878/5205 5865/5879/5206
f 5869/5881/5208 5867/5880/5207 5865/5879/5206
f 5865/5879/5206 5868/5052/4379 5869/5881/5208
f 5871/5882/5209 5869/5881/5208 5868/5052/4379
f 5868/5052/4379 5870/5054/4381 5871/5882/5209
f 5872/5883/5210 5871/5882/5209 5870/5054/4381
f 5870/5054/4381 5049/5056/4383 5872/5883/5210
f 5873/5884/5211 5872/5883/5210 5049/5056/4383
f 5873/5884/5211 5874/5060/4387 5875/5885/5212
f 5874/5060/4387 5055/5063/4390 5767/5788/5115
f 5767/5788/5115 5875/5885/5212 5874/5060/4387
f 5765/5786/5113 5767/5788/5115 5055/5063/4390
f 5055/5063/4390 5876/5886/5213 5765/5786/5113
f 5768/5791/5118 5765/5786/5113 5876/5886/5213
f 5876/5886/5213 5877/5887/5214 5768/5791/5118
f 5771/5792/5119 5768/5791/5118 5877/5887/5214
f 5877/5887/5214 5878/5888/5215 5771/5792/5119
f 5879/5889/5216 5771/5792/5119 5878/5888/5215
f 5771/5792/5119 5879/5889/5216 5772/5793/5120
f 5774/5796/5123 5772/5793/5120 5879/5889/5216
f 5879/5889/5216 5880/5070/4397 5774/5796/5123
f 5776/5797/5124 5774/5796/5123 5880/5070/4397
f 5776/5797/5124 5881/5073/4400 5538/5555/4882
f 5777/5798/5125 5538/5555/4882 5881/5073/4400
f 5553/5570/4897 5552/5569/4896 5779/5800/5127
f 5779/5800/5127 5882/5079/4406 5553/5570/4897
f 5882/5079/4406 5069/5081/4408 5780/5801/5128
f 5780/5801/5128 5553/5570/4897 5882/5079/4406
f 5780/5801/5128 5883/5082/4409 5555/5572/4899
f 5883/5082/4409 5780/5801/5128 5069/5081/4408
f 5557/5575/4902 5555/5572/4899 5883/5082/4409
f 5883/5082/4409 5884/5083/4410 5557/5575/4902
f 5559/5577/4904 5557/5575/4902 5884/5083/4410
f 5884/5083/4410 5885/5085/4412 5559/5577/4904
f 5781/5802/5129 5559/5577/4904 5885/5085/4412
f 5885/5085/4412 5886/5803/5130 5781/5802/5129
f 5886/5803/5130 5887/5890/5217 5566/5583/4910
f 5782/5804/5131 5566/5583/4910 5887/5890/5217
f 5887/5890/5217 5888/5891/5218 5782/5804/5131
f 5889/5892/5219 5782/5804/5131 5888/5891/5218
f 5782/5804/5131 5889/5892/5219 5783/5805/5132
f 5889/5892/5219 5890/5893/5220 5784/5807/5134
f 5784/5807/5134 5783/5805/5132 5889/5892/5219
f 5784/5807/5134 5891/5894/5221 5785/5806/5133
f 5891/5894/5221 5784/5807/5134 5890/5893/5220
f 5786/5808/5135 5785/5806/5133 5891/5894/5221
f 5786/5808/5135 5788/5810/5137 5787/5809/5136
f 5788/5810/5137 5892/5101/4428 5581/5598/4925
f 5789/5811/5138 5581/5598/4925 5892/5101/4428
f 5892/5101/4428 5893/5895/5222 5789/5811/5138
f 5893/5895/5222 5894/5105/4432 5790/5812/5139
f 5790/5812/5139 5789/5811/5138 5893/5895/5222
f 5791/5813/5140 5790/5812/5139 5894/5105/4432
f 5895/5814/5141 5896/5896/5223 5593/5610/4937
f 5792/5815/5142 5593/5610/4937 5896/5896/5223
f 5896/5896/5223 5897/5897/5224 5792/5815/5142
f 5897/5897/5224 5898/5898/5225 5792/5815/5142
f 5899/5899/5226 5792/5815/5142 5898/5898/5225
f 5792/5815/5142 5899/5899/5226 5599/5617/4944
f 5793/5816/5143 5599/5617/4944 5899/5899/5226
f 5793/5816/5143 5796/5819/5146 5794/5817/5144
f 5796/5819/5146 5900/5900/5227 5795/5818/5145
f 5797/5820/5147 5795/5818/5145 5900/5900/5227
f 5900/5900/5227 5901/5901/5228 5797/5820/5147
f 5902/5902/5229 5797/5820/5147 5901/5901/5228
f 5797/5820/5147 5902/5902/5229 5798/5821/5148
f 5799/5822/5149 5798/5821/5148 5902/5902/5229
f 5902/5902/5229 5903/5903/5230 5800/5823/5150
f 5800/5823/5150 5799/5822/5149 5902/5902/5229
f 5904/5904/5231 5800/5823/5150 5903/5903/5230
f 5801/5632/4959 5800/5823/5150 5904/5904/5231
f 5904/5904/5231 5905/5905/5232 5801/5632/4959
f 5802/5824/5151 5801/5632/4959 5905/5905/5232
f 5905/5905/5232 5906/5906/5233 5802/5824/5151
f 5906/5906/5233 5907/5134/4461 5802/5824/5151
f 5803/5825/5152 5802/5824/5151 5907/5134/4461
f 5803/5825/5152 5908/5907/5234 5804/5826/5153
f 5805/5827/5154 5804/5826/5153 5908/5907/5234
f 5908/5907/5234 5909/5908/5235 5805/5827/5154
f 5909/5908/5235 5910/5909/5236 5805/5827/5154
f 5910/5909/5236 5911/5910/5237 5806/5828/5155
f 5806/5828/5155 5805/5827/5154 5910/5909/5236
f 5807/5829/5156 5806/5828/5155 5911/5910/5237
f 5911/5910/5237 5912/5911/5238 5807/5829/5156
f 5808/5830/5157 5807/5829/5156 5912/5911/5238
f 5912/5911/5238 5913/5912/5239 5808/5830/5157
f 5808/5830/5157 5914/5913/5240 5809/5831/5158
f 5914/5913/5240 5808/5830/5157 5913/5912/5239
f 5914/5913/5240 5915/5914/5241 5809/5831/5158
f 5810/5832/5159 5809/5831/5158 5915/5914/5241
f 5915/5914/5241 5916/5915/5242 5810/5832/5159
f 5917/5152/4479 5810/5832/5159 5916/5915/5242
f 5810/5832/5159 5917/5152/4479 5811/5833/5160
f 5812/5834/5161 5811/5833/5160 5917/5152/4479
f 5812/5834/5161 5814/5836/5163 5813/5835/5162
f 5814/5836/5163 5918/5916/5243 5645/5663/4990
f 5815/5666/4993 5645/5663/4990 5918/5916/5243
f 5918/5916/5243 5919/5917/5244 5815/5666/4993
f 5816/5837/5164 5815/5666/4993 5919/5917/5244
f 5919/5917/5244 5920/5918/5245 5816/5837/5164
f 5817/5838/5165 5816/5837/5164 5920/5918/5245
f 5817/5838/5165 5921/5919/5246 5818/5839/5166
f 5921/5919/5246 5922/5920/5247 5819/5840/5167
f 5820/5841/5168 5819/5840/5167 5922/5920/5247
f 5922/5920/5247 5923/5921/5248 5820/5841/5168
f 5663/5682/5009 5820/5841/5168 5923/5921/5248
f 5923/5921/5248 5924/5922/5249 5663/5682/5009
f 5924/5922/5249 5925/5923/5250 5821/5843/5170
f 5821/5843/5170 5663/5682/5009 5924/5922/5249
f 5821/5843/5170 5926/5924/5251 5822/5842/5169
f 5926/5924/5251 5821/5843/5170 5925/5923/5250
f 5823/5844/5171 5822/5842/5169 5926/5924/5251
f 5926/5924/5251 5927/5925/5252 5823/5844/5171
f 5824/5845/5172 5823/5844/5171 5927/5925/5252
f 5824/5845/5172 5928/5926/5253 5674/5693/5020
f 5929/5927/5254 5674/5693/5020 5928/5926/5253
f 5674/5693/5020 5929/5927/5254 5675/5694/5021
f 5678/5697/5024 5675/5694/5021 5929/5927/5254
f 5929/5927/5254 5930/5928/5255 5678/5697/5024
f 5930/5928/5255 5931/5929/5256 5932/5930/5257
f 5679/5698/5025 5678/5697/5024 5930/5928/5255
f 5930/5928/5255 5932/5930/5257 5679/5698/5025
f 5825/5846/5173 5681/5700/5027 5933/5931/5258
f 5934/5932/5259 5932/5930/5257 5931/5929/5256
f 5935/5933/5260 5934/5932/5259 5931/5929/5256
f 5826/5847/5174 5936/5934/5261 5684/5703/5030
f 5937/5935/5262 5938/5936/5263 5939/5937/5264
f 5827/5848/5175 5684/5703/5030 5936/5934/5261
f 5827/5848/5175 5940/5938/5265 5685/5704/5031
f 5941/5939/5266 5939/5937/5264 5938/5936/5263
f 5941/5939/5266 5942/5940/5267 5943/5941/5268
f 5828/5849/5176 5685/5704/5031 5940/5938/5265
f 5945/5942/5269 5943/5941/5268 5942/5940/5267
f 5830/5851/5178 5829/5850/5177 5944/5943/5270
f 5944/5943/5270 5946/5944/5271 5830/5851/5178
f 5831/5853/5180 5830/5851/5178 5946/5944/5271
f 5831/5853/5180 5949/5945/5272 5832/5852/5179
f 5833/5854/5181 5832/5852/5179 5949/5945/5272
f 5950/5946/5273 5951/5947/5274 5952/5948/5275
f 5834/5856/5183 5953/5949/5276 5835/5855/5182
f 5955/5950/5277 5952/5948/5275 5951/5947/5274
f 5951/5947/5274 5954/5951/5278 5955/5950/5277
f 5957/5952/5279 5955/5950/5277 5954/5951/5278
f 5954/5951/5278 5956/5953/5280 5957/5952/5279
f 5836/5857/5184 5835/5855/5182 5953/5949/5276
f 5959/5954/5281 5957/5952/5279 5956/5953/5280
f 5961/5955/5282 5959/5954/5281 5956/5953/5280
f 5956/5953/5280 5960/5956/5283 5961/5955/5282
f 5693/5712/5039 5836/5857/5184 5958/5957/5284
f 5958/5957/5284 5962/5958/5285 5693/5712/5039
f 5963/5959/5286 5961/5955/5282 5960/5956/5283
f 5837/5960/5287 5693/5712/5039 5962/5958/5285
f 5838/5961/5288 5964/5962/5289 5695/5714/5041
f 5839/5858/5185 5695/5714/5041 5964/5962/5289
f 5839/5858/5185 5967/5963/5290 5696/5715/5042
f 5966/5964/5291 5968/5965/5292 5969/5966/5293
f 5970/5967/5294 5969/5966/5293 5968/5965/5292
f 5840/5716/5043 5696/5715/5042 5967/5963/5290
f 5967/5963/5290 5971/5968/5295 5840/5716/5043
f 5971/5968/5295 5972/5969/5296 5840/5716/5043
f 5841/5859/5186 5840/5716/5043 5972/5969/5296
f 5974/5970/5297 5975/5971/5298 5976/5972/5299
f 5978/5973/5300 5976/5972/5299 5975/5971/5298
f 5975/5971/5298 5977/5974/5301 5978/5973/5300
f 5844/5862/5189 5979/5975/5302 5698/5718/5045
f 5980/5976/5303 5978/5973/5300 5977/5974/5301
f 5845/5863/5190 5698/5718/5045 5979/5975/5302
f 5979/5975/5302 5982/5977/5304 5845/5863/5190
f 5846/5864/5191 5845/5863/5190 5982/5977/5304
f 5981/5978/5305 5983/5979/5306 5984/5980/5307
f 5985/5981/5308 5984/5980/5307 5983/5979/5306
f 5704/5724/5051 5015/5015/4342 5848/5866/5193
f 5015/5015/4342 5704/5724/5051 5013/5013/4340
f 5706/5727/5054 5848/5866/5193 5015/5015/4342
f 5015/5015/4342 5017/5016/4343 5706/5727/5054
f 5849/5867/5194 5706/5727/5054 5017/5016/4343
f 5017/5016/4343 5018/5019/4346 5849/5867/5194
f 5713/5733/5060 5851/5869/5196 5986/5982/5309
f 5713/5733/5060 5986/5982/5309 5018/5019/4346
f 5018/5019/4346 5019/5020/4347 5713/5733/5060
f 5852/5735/5062 5713/5733/5060 5019/5020/4347
f 5019/5020/4347 5020/5021/4348 5852/5735/5062
f 5021/5023/4350 5852/5735/5062 5020/5021/4348
f 5021/5023/4350 5023/5024/4351 5853/5870/5197
f 5721/5743/5070 5853/5870/5197 5023/5024/4351
f 5023/5024/4351 5025/5026/4353 5721/5743/5070
f 5027/5028/4355 5721/5743/5070 5025/5026/4353
f 5854/5030/4357 5030/5031/4358 5727/5749/5076
f 5855/5033/4360 5727/5749/5076 5030/5031/4358
f 5855/5033/4360 5032/5035/4362 5730/5751/5078
f 5856/5037/4364 5730/5751/5078 5032/5035/4362
f 5856/5037/4364 5035/5039/4366 5857/5871/5198
f 5858/5872/5199 5857/5871/5198 5035/5039/4366
f 5035/5039/4366 5036/5040/4367 5858/5872/5199
f 5859/5873/5200 5858/5872/5199 5036/5040/4367
f 5036/5040/4367 5038/5042/4369 5859/5873/5200
f 5859/5873/5200 5040/5044/4371 5860/5874/5201
f 5040/5044/4371 5859/5873/5200 5038/5042/4369
f 5040/5044/4371 5041/5045/4372 5861/5875/5202
f 5861/5875/5202 5860/5874/5201 5040/5044/4371
f 5042/5047/4374 5861/5875/5202 5041/5045/4372
f 5862/5048/4375 5044/5049/4376 5863/5877/5204
f 5865/5879/5206 5863/5877/5204 5044/5049/4376
f 5044/5049/4376 5046/5051/4378 5865/5879/5206
f 5868/5052/4379 5865/5879/5206 5046/5051/4378
f 5049/5056/4383 5052/5059/4386 5873/5884/5211
f 5874/5060/4387 5873/5884/5211 5052/5059/4386
f 5055/5063/4390 5056/5064/4391 5876/5886/5213
f 5877/5887/5214 5876/5886/5213 5056/5064/4391
f 5056/5064/4391 5057/5066/4393 5877/5887/5214
f 5878/5888/5215 5877/5887/5214 5057/5066/4393
f 5059/5067/4394 5878/5888/5215 5057/5066/4393
f 5878/5888/5215 5059/5067/4394 5879/5889/5216
f 5880/5070/4397 5879/5889/5216 5059/5067/4394
f 5880/5070/4397 5061/5071/4398 5776/5797/5124
f 5881/5073/4400 5776/5797/5124 5061/5071/4398
f 5881/5073/4400 5063/5074/4401 5777/5798/5125
f 5778/5799/5126 5777/5798/5125 5063/5074/4401
f 5063/5074/4401 5064/5076/4403 5778/5799/5126
f 5066/5077/4404 5778/5799/5126 5064/5076/4403
f 5778/5799/5126 5066/5077/4404 5779/5800/5127
f 5882/5079/4406 5779/5800/5127 5066/5077/4404
f 5885/5085/4412 5073/5088/4415 5886/5803/5130
f 5887/5890/5217 5886/5803/5130 5073/5088/4415
f 5073/5088/4415 5075/5090/4417 5887/5890/5217
f 5888/5891/5218 5887/5890/5217 5075/5090/4417
f 5075/5090/4417 5077/5092/4419 5888/5891/5218
f 5078/5093/4420 5888/5891/5218 5077/5092/4419
f 5888/5891/5218 5078/5093/4420 5889/5892/5219
f 5078/5093/4420 5080/5094/4421 5889/5892/5219
f 5890/5893/5220 5889/5892/5219 5080/5094/4421
f 5890/5893/5220 5082/5097/4424 5891/5894/5221
f 5082/5097/4424 5890/5893/5220 5080/5094/4421
f 5786/5808/5135 5891/5894/5221 5082/5097/4424
f 5082/5097/4424 5083/5098/4425 5786/5808/5135
f 5788/5810/5137 5786/5808/5135 5083/5098/4425
f 5083/5098/4425 5085/5100/4427 5788/5810/5137
f 5892/5101/4428 5788/5810/5137 5085/5100/4427
f 5892/5101/4428 5088/5103/4430 5893/5895/5222
f 5088/5103/4430 5894/5105/4432 5893/5895/5222
f 5791/5813/5140 5894/5105/4432 5090/5107/4434
f 5895/5814/5141 5791/5813/5140 5090/5107/4434
f 5090/5107/4434 5093/5110/4437 5895/5814/5141
f 5896/5896/5223 5895/5814/5141 5093/5110/4437
f 5093/5110/4437 5095/5111/4438 5896/5896/5223
f 5897/5897/5224 5896/5896/5223 5095/5111/4438
f 5095/5111/4438 5097/5113/4440 5897/5897/5224
f 5898/5898/5225 5897/5897/5224 5097/5113/4440
f 5097/5113/4440 5098/5115/4442 5898/5898/5225
f 5898/5898/5225 5098/5115/4442 5899/5899/5226
f 5793/5816/5143 5899/5899/5226 5098/5115/4442
f 5098/5115/4442 5101/5117/4444 5793/5816/5143
f 5796/5819/5146 5793/5816/5143 5101/5117/4444
f 5101/5117/4444 5103/5119/4446 5796/5819/5146
f 5900/5900/5227 5796/5819/5146 5103/5119/4446
f 5103/5119/4446 5105/5121/4448 5900/5900/5227
f 5901/5901/5228 5900/5900/5227 5105/5121/4448
f 5105/5121/4448 5106/5123/4450 5901/5901/5228
f 5108/5125/4452 5901/5901/5228 5106/5123/4450
f 5901/5901/5228 5108/5125/4452 5902/5902/5229
f 5108/5125/4452 5110/5126/4453 5903/5903/5230
f 5903/5903/5230 5902/5902/5229 5108/5125/4452
f 5903/5903/5230 5111/5129/4456 5904/5904/5231
f 5111/5129/4456 5903/5903/5230 5110/5126/4453
f 5905/5905/5232 5904/5904/5231 5111/5129/4456
f 5111/5129/4456 5113/5130/4457 5905/5905/5232
f 5906/5906/5233 5905/5905/5232 5113/5130/4457
f 5113/5130/4457 5115/5132/4459 5906/5906/5233
f 5907/5134/4461 5906/5906/5233 5115/5132/4459
f 5907/5134/4461 5117/5135/4462 5803/5825/5152
f 5908/5907/5234 5803/5825/5152 5117/5135/4462
f 5117/5135/4462 5119/5137/4464 5908/5907/5234
f 5909/5908/5235 5908/5907/5234 5119/5137/4464
f 5119/5137/4464 5120/5139/4466 5909/5908/5235
f 5122/5141/4468 5909/5908/5235 5120/5139/4466
f 5909/5908/5235 5122/5141/4468 5910/5909/5236
f 5122/5141/4468 5123/5142/4469 5911/5910/5237
f 5911/5910/5237 5910/5909/5236 5122/5141/4468
f 5912/5911/5238 5911/5910/5237 5123/5142/4469
f 5123/5142/4469 5125/5144/4471 5912/5911/5238
f 5913/5912/5239 5912/5911/5238 5125/5144/4471
f 5125/5144/4471 5126/5145/4472 5913/5912/5239
f 5913/5912/5239 5127/5147/4474 5914/5913/5240
f 5127/5147/4474 5913/5912/5239 5126/5145/4472
f 5915/5914/5241 5914/5913/5240 5127/5147/4474
f 5127/5147/4474 5129/5148/4475 5915/5914/5241
f 5916/5915/5242 5915/5914/5241 5129/5148/4475
f 5129/5148/4475 5130/5149/4476 5916/5915/5242
f 5917/5152/4479 5916/5915/5242 5130/5149/4476
f 5917/5152/4479 5134/5153/4480 5812/5834/5161
f 5814/5836/5163 5812/5834/5161 5134/5153/4480
f 5134/5153/4480 5136/5155/4482 5814/5836/5163
f 5918/5916/5243 5814/5836/5163 5136/5155/4482
f 5136/5155/4482 5138/5157/4484 5918/5916/5243
f 5919/5917/5244 5918/5916/5243 5138/5157/4484
f 5138/5157/4484 5140/5159/4486 5919/5917/5244
f 5920/5918/5245 5919/5917/5244 5140/5159/4486
f 5140/5159/4486 5141/5161/4488 5920/5918/5245
f 5817/5838/5165 5920/5918/5245 5141/5161/4488
f 5141/5161/4488 5144/5163/4490 5817/5838/5165
f 5921/5919/5246 5817/5838/5165 5144/5163/4490
f 5144/5163/4490 5146/5165/4492 5921/5919/5246
f 5922/5920/5247 5921/5919/5246 5146/5165/4492
f 5923/5921/5248 5922/5920/5247 5146/5165/4492
f 5146/5165/4492 5148/5167/4494 5923/5921/5248
f 5924/5922/5249 5923/5921/5248 5148/5167/4494
f 5148/5167/4494 5149/5169/4496 5924/5922/5249
f 5149/5169/4496 5151/5171/4498 5925/5923/5250
f 5925/5923/5250 5924/5922/5249 5149/5169/4496
f 5925/5923/5250 5152/5173/4500 5926/5924/5251
f 5152/5173/4500 5925/5923/5250 5151/5171/4498
f 5152/5173/4500 5154/5174/4501 5926/5924/5251
f 5927/5925/5252 5926/5924/5251 5154/5174/4501
f 5824/5845/5172 5927/5925/5252 5154/5174/4501
f 5154/5174/4501 5156/5176/4503 5824/5845/5172
f 5928/5926/5253 5824/5845/5172 5156/5176/4503
f 5156/5176/4503 5157/5178/4505 5928/5926/5253
f 5159/5180/4507 5928/5926/5253 5157/5178/4505
f 5928/5926/5253 5159/5180/4507 5929/5927/5254
f 5930/5928/5255 5929/5927/5254 5159/5180/4507
f 5159/5180/4507 5161/5181/4508 5930/5928/5255
f 5161/5181/4508 5163/5184/4511 5931/5929/5256
f 5931/5929/5256 5930/5928/5255 5161/5181/4508
f 5165/5186/4513 5931/5929/5256 5163/5184/4511
f 5931/5929/5256 5165/5186/4513 5935/5933/5260
f 5937/5935/5262 5935/5933/5260 5165/5186/4513
f 5165/5186/4513 5167/5187/4514 5937/5935/5262
f 5167/5187/4514 5169/5190/4517 5938/5936/5263
f 5938/5936/5263 5937/5935/5262 5167/5187/4514
f 5941/5939/5266 5938/5936/5263 5169/5190/4517
f 5942/5940/5267 5941/5939/5266 5169/5190/4517
f 5169/5190/4517 5171/5191/4518 5942/5940/5267
f 5173/5194/4521 5942/5940/5267 5171/5191/4518
f 5942/5940/5267 5173/5194/4521 5945/5942/5269
f 5947/5983/5310 5945/5942/5269 5173/5194/4521
f 5173/5194/4521 5174/5195/4522 5947/5983/5310
f 5948/5984/5311 5947/5983/5310 5174/5195/4522
f 5950/5946/5273 5948/5984/5311 5174/5195/4522
f 5174/5195/4522 5176/5197/4524 5950/5946/5273
f 5176/5197/4524 5178/5199/4526 5951/5947/5274
f 5951/5947/5274 5950/5946/5273 5176/5197/4524
f 5954/5951/5278 5951/5947/5274 5178/5199/4526
f 5956/5953/5280 5954/5951/5278 5178/5199/4526
f 5178/5199/4526 5180/5200/4527 5956/5953/5280
f 5960/5956/5283 5956/5953/5280 5180/5200/4527
f 5180/5200/4527 5182/5202/4529 5960/5956/5283
f 5183/5204/4531 5960/5956/5283 5182/5202/4529
f 5960/5956/5283 5183/5204/4531 5963/5959/5286
f 5965/5985/5312 5963/5959/5286 5183/5204/4531
f 5183/5204/4531 5185/5205/4532 5965/5985/5312
f 5966/5964/5291 5965/5985/5312 5185/5205/4532
f 5968/5965/5292 5966/5964/5291 5185/5205/4532
f 5185/5205/4532 5187/5208/4535 5968/5965/5292
f 5188/5209/4536 5968/5965/5292 5187/5208/4535
f 5968/5965/5292 5188/5209/4536 5970/5967/5294
f 5973/5986/5313 5970/5967/5294 5188/5209/4536
f 5974/5970/5297 5973/5986/5313 5188/5209/4536
f 5188/5209/4536 5190/5210/4537 5974/5970/5297
f 5975/5971/5298 5974/5970/5297 5190/5210/4537
f 5190/5210/4537 5191/5212/4539 5975/5971/5298
f 5977/5974/5301 5975/5971/5298 5191/5212/4539
f 5191/5212/4539 5192/5213/4540 5977/5974/5301
f 5977/5974/5301 5194/5216/4543 5980/5976/5303
f 5194/5216/4543 5977/5974/5301 5192/5213/4540
f 5981/5978/5305 5980/5976/5303 5194/5216/4543
f 5194/5216/4543 5196/5217/4544 5981/5978/5305
f 5983/5979/5306 5981/5978/5305 5196/5217/4544
f 5196/5217/4544 5195/5218/4545 5983/5979/5306
f 5197/5219/4546 5983/5979/5306 5195/5218/4545
f 5983/5979/5306 5197/5219/4546 5985/5981/5308
